run_id,depth,schedule,epoch,step,train_loss,val_loss,test_loss,train_acc,val_acc,test_acc,best_val_acc_so_far,learning_rate,weight_decay,elapsed_time_seconds
depth2_bal_MAAM,2,MAAM,1,12,4.7345854838689165,4.733321189880371,4.734009170532227,0.011096605744125326,0.006527415143603133,0.007159637543349368,0.006527415143603133,0.0003,1.0,0.8695049285888672
depth2_bal_MAAM,2,MAAM,25,300,4.381288091341655,5.209061940511067,5.2222374779837475,0.04210182767624021,0.0039164490861618795,0.003915426781519186,0.006527415143603133,0.0003,1.0,5.449662923812866
depth2_bal_MAAM,2,MAAM,50,600,3.5786017378171286,6.2911631266276045,6.359355708530971,0.14556135770234988,0.0026109660574412533,0.002684864078756013,0.006527415143603133,0.0003,1.0,10.142264127731323
depth2_bal_MAAM,2,MAAM,75,900,2.495390156904856,8.077715714772543,8.256118079594204,0.35052219321148825,0.006527415143603133,0.0030204720886005147,0.006527415143603133,0.0003,1.0,14.551207065582275
depth2_bal_MAAM,2,MAAM,100,1200,1.5354521373907726,10.268732070922852,10.518817220415388,0.6054177545691906,0.006527415143603133,0.003356080098445016,0.006527415143603133,0.0003,1.0,18.147671222686768
depth2_bal_MAAM,2,MAAM,125,1500,0.8157562365134557,12.491917928059896,12.927961131504604,0.8518276762402088,0.009138381201044387,0.003691688108289518,0.009138381201044387,0.0003,1.0,21.841532945632935
depth2_bal_MAAM,2,MAAM,150,1800,0.4669171596566836,13.711520830790201,14.24692028590611,0.9536553524804178,0.005221932114882507,0.003915426781519186,0.009138381201044387,0.0003,1.0,25.66544532775879
depth2_bal_MAAM,2,MAAM,175,2100,0.4405403758088748,14.601755142211914,15.06007055555071,0.9477806788511749,0.0039164490861618795,0.0045866428012081885,0.009138381201044387,0.0003,1.0,29.28285264968872
depth2_bal_MAAM,2,MAAM,200,2400,0.2902994441489379,14.982452074686686,15.46797934940883,0.9742167101827677,0.007832898172323759,0.005593466830741693,0.009138381201044387,0.0003,1.0,33.01057267189026
depth2_bal_MAAM,2,MAAM,225,2700,0.16095338016748428,15.1712646484375,15.696439906529017,0.9970626631853786,0.007832898172323759,0.0045866428012081885,0.009138381201044387,0.0003,1.0,37.43522572517395
depth2_bal_MAAM,2,MAAM,250,3000,0.14617044602831206,14.840141932169596,15.315484591892787,0.9983681462140992,0.005221932114882507,0.004474773464593355,0.009138381201044387,0.0003,1.0,41.45798110961914
depth2_bal_MAAM,2,MAAM,275,3300,0.34985098242759705,14.454588890075684,14.988650240216936,0.9595300261096605,0.009138381201044387,0.00402729611813402,0.009138381201044387,0.0003,1.0,44.95188045501709
depth2_bal_MAAM,2,MAAM,300,3600,0.1172132541735967,14.831219991048178,15.349201202392578,0.9986945169712794,0.006527415143603133,0.004474773464593355,0.009138381201044387,0.0003,1.0,48.77985191345215
depth2_bal_MAAM,2,MAAM,325,3900,0.10468979366123676,14.832409540812174,15.336878831045968,0.9986945169712794,0.005221932114882507,0.00402729611813402,0.009138381201044387,0.0003,1.0,52.26172709465027
depth2_bal_MAAM,2,MAAM,350,4200,0.3348938375711441,14.515547434488932,14.922157205854143,0.950065274151436,0.006527415143603133,0.004251034791363687,0.009138381201044387,0.0003,1.0,55.673229694366455
depth2_bal_MAAM,2,MAAM,375,4500,0.09024310360352199,14.870139757792154,15.370963587079729,0.9996736292428199,0.005221932114882507,0.004362904127978521,0.009138381201044387,0.0003,1.0,59.14272165298462
depth2_bal_MAAM,2,MAAM,400,4800,0.49868064373731613,15.013932228088379,15.378011512756348,0.8838120104438643,0.006527415143603133,0.004698512137823023,0.009138381201044387,0.0003,1.0,63.2391402721405
depth2_bal_MAAM,2,MAAM,425,5100,0.08336269234617551,14.375607172648111,14.889013726370676,1.0,0.006527415143603133,0.004251034791363687,0.009138381201044387,0.0003,1.0,66.80549097061157
depth2_bal_MAAM,2,MAAM,450,5400,0.08124931094547112,14.899169286092123,15.405087280273438,0.9986945169712794,0.0039164490861618795,0.005145989484282358,0.009138381201044387,0.0003,1.0,70.34530377388
depth2_bal_MAAM,2,MAAM,475,5700,0.0711003290489316,14.499164899190268,15.000265584673201,1.0,0.0039164490861618795,0.004362904127978521,0.009138381201044387,0.0003,1.0,74.27501773834229
depth2_bal_MAAM,2,MAAM,500,6000,0.07250820224483807,14.820120493570963,15.29043835231236,0.9993472584856397,0.0039164490861618795,0.004810381474437857,0.009138381201044387,0.0003,1.0,78.5114541053772
depth2_bal_MAAM,2,MAAM,525,6300,0.061796605897446476,14.657995541890463,15.189841679164342,0.9996736292428199,0.005221932114882507,0.005145989484282358,0.009138381201044387,0.0003,1.0,82.19111061096191
depth2_bal_MAAM,2,MAAM,550,6600,0.06484154611825943,14.60629908243815,15.090553692408971,1.0,0.0039164490861618795,0.004922250811052691,0.009138381201044387,0.0003,1.0,85.77626967430115
depth2_bal_MAAM,2,MAAM,575,6900,0.7763690849145254,15.262686093648275,15.659662546430315,0.825065274151436,0.013054830287206266,0.004922250811052691,0.013054830287206266,0.0003,1.0,89.26269125938416
depth2_bal_MAAM,2,MAAM,600,7200,0.06773033458739519,14.042250951131185,14.565292358398438,1.0,0.0039164490861618795,0.004251034791363687,0.013054830287206266,0.0003,1.0,93.60424041748047
depth2_bal_MAAM,2,MAAM,625,7500,0.059817727034290634,14.610395431518555,15.097974041530064,1.0,0.0039164490861618795,0.004251034791363687,0.013054830287206266,0.0003,1.0,97.94403004646301
depth2_bal_MAAM,2,MAAM,650,7800,0.0572392704586188,14.253719647725424,14.753066744123187,0.9996736292428199,0.0039164490861618795,0.004698512137823023,0.013054830287206266,0.0003,1.0,102.28588247299194
depth2_bal_MAAM,2,MAAM,675,8100,0.06067347868035237,14.322751681009928,14.789064162118095,1.0,0.005221932114882507,0.004698512137823023,0.013054830287206266,0.0003,1.0,106.79101729393005
depth2_bal_MAAM,2,MAAM,700,8400,0.5823572923739752,13.677340825398764,14.026308059692383,0.85411227154047,0.009138381201044387,0.0045866428012081885,0.013054830287206266,0.0003,1.0,111.00412344932556
depth2_bal_MAAM,2,MAAM,725,8700,0.06176535412669182,13.999505678812662,14.431502314976283,1.0,0.005221932114882507,0.004474773464593355,0.013054830287206266,0.0003,1.0,115.22323274612427
depth2_bal_MAAM,2,MAAM,750,9000,0.05538480573644241,14.522530237833658,14.980424227033343,1.0,0.0039164490861618795,0.0045866428012081885,0.013054830287206266,0.0003,1.0,119.41221356391907
depth2_bal_MAAM,2,MAAM,775,9300,0.04903672821819782,15.097622235616049,15.555034364972796,1.0,0.006527415143603133,0.005817205503971362,0.013054830287206266,0.0003,1.0,123.44328618049622
depth2_bal_MAAM,2,MAAM,800,9600,0.06032709963619709,13.84741179148356,14.29094374520438,1.0,0.005221932114882507,0.0050341201476675245,0.013054830287206266,0.0003,1.0,127.09679627418518
depth2_bal_MAAM,2,MAAM,825,9900,0.05675498644510905,14.350479125976562,14.765739522661482,0.9996736292428199,0.005221932114882507,0.004698512137823023,0.013054830287206266,0.0003,1.0,130.59757590293884
depth2_bal_MAAM,2,MAAM,850,10200,0.055674816481769085,13.842508951822916,14.27407147543771,1.0,0.005221932114882507,0.004810381474437857,0.013054830287206266,0.0003,1.0,134.1395766735077
depth2_bal_MAAM,2,MAAM,875,10500,0.05519472497204939,14.121047655741373,14.516192381722586,1.0,0.005221932114882507,0.0045866428012081885,0.013054830287206266,0.0003,1.0,138.08776998519897
depth2_bal_MAAM,2,MAAM,900,10800,0.08389931544661522,14.74432341257731,15.118039866856167,0.9964099216710183,0.0039164490861618795,0.005145989484282358,0.013054830287206266,0.0003,1.0,142.34421491622925
depth2_bal_MAAM,2,MAAM,925,11100,0.05109370437761148,13.968817075093588,14.351193646022251,1.0,0.006527415143603133,0.0045866428012081885,0.013054830287206266,0.0003,1.0,146.42686581611633
depth2_bal_MAAM,2,MAAM,950,11400,0.04828994162380695,14.32358201344808,14.715256827218193,1.0,0.006527415143603133,0.004922250811052691,0.013054830287206266,0.0003,1.0,150.75948476791382
depth2_bal_MAAM,2,MAAM,975,11700,0.8304934004942576,12.596834818522135,12.942548751831055,0.7712140992167101,0.006527415143603133,0.0045866428012081885,0.013054830287206266,0.0003,1.0,154.65884113311768
depth2_bal_MAAM,2,MAAM,1000,12000,0.054905375465750694,13.617735226949057,14.034516716003418,1.0,0.005221932114882507,0.005257858820897192,0.013054830287206266,0.0003,1.0,158.1249327659607
depth2_bal_MAAM,2,MAAM,1025,12300,0.05165299369643132,14.163368225097656,14.608449745178223,1.0,0.0026109660574412533,0.0050341201476675245,0.013054830287206266,0.0003,1.0,164.3514895439148
depth2_bal_MAAM,2,MAAM,1050,12600,0.05305118610461553,13.527582168579102,14.004012107849121,1.0,0.006527415143603133,0.0050341201476675245,0.013054830287206266,0.0003,1.0,168.8048870563507
depth2_bal_MAAM,2,MAAM,1075,12900,0.05374455638229847,13.659427960713705,14.098740877423968,1.0,0.005221932114882507,0.005593466830741693,0.013054830287206266,0.0003,1.0,172.65595364570618
depth2_bal_MAAM,2,MAAM,1100,13200,0.046626972034573555,14.206631978352865,14.627700069972446,1.0,0.005221932114882507,0.005145989484282358,0.013054830287206266,0.0003,1.0,176.56939888000488
depth2_bal_MAAM,2,MAAM,1125,13500,0.30293720215559006,12.960091590881348,13.290246146065849,0.9552872062663186,0.006527415143603133,0.003356080098445016,0.013054830287206266,0.0003,1.0,180.0289750099182
depth2_bal_MAAM,2,MAAM,1150,13800,0.0560199481745561,13.395648002624512,13.807859992980957,1.0,0.005221932114882507,0.004698512137823023,0.013054830287206266,0.0003,1.0,183.76157784461975
depth2_bal_MAAM,2,MAAM,1175,14100,0.24296353633205095,14.218046506245932,14.665364646911621,0.9539817232375979,0.006527415143603133,0.003915426781519186,0.013054830287206266,0.0003,1.0,187.45091247558594
depth2_bal_MAAM,2,MAAM,1200,14400,0.051339333256085716,13.439867973327637,13.827174513680594,1.0,0.005221932114882507,0.005369728157512026,0.013054830287206266,0.0003,1.0,190.83537936210632
depth2_bal_MAAM,2,MAAM,1225,14700,0.04803831223398447,13.79375139872233,14.190594209943498,1.0,0.005221932114882507,0.004922250811052691,0.013054830287206266,0.0003,1.0,194.34883952140808
depth2_bal_MAAM,2,MAAM,1250,15000,0.041881379671394825,14.345188776652018,14.728784452165876,1.0,0.006527415143603133,0.0050341201476675245,0.013054830287206266,0.0003,1.0,198.01764631271362
depth2_bal_MAAM,2,MAAM,1275,15300,0.05517346256723007,13.269588152567545,13.690333993094308,1.0,0.006527415143603133,0.004698512137823023,0.013054830287206266,0.0003,1.0,201.45970034599304
depth2_bal_MAAM,2,MAAM,1300,15600,0.05198875442147255,13.39063549041748,13.801339258466449,1.0,0.005221932114882507,0.00548159749412686,0.013054830287206266,0.0003,1.0,205.0180196762085
depth2_bal_MAAM,2,MAAM,1325,15900,0.722303623954455,13.135933876037598,13.522269821166992,0.8048302872062664,0.0013054830287206266,0.005145989484282358,0.013054830287206266,0.0003,1.0,208.85175395011902
depth2_bal_MAAM,2,MAAM,1350,16200,0.0523721557110548,13.189325014750162,13.578491728646414,1.0,0.005221932114882507,0.005369728157512026,0.013054830287206266,0.0003,1.0,212.59883856773376
depth2_bal_MAAM,2,MAAM,1375,16500,0.04918453904489676,13.525918324788412,13.91314217703683,1.0,0.005221932114882507,0.005369728157512026,0.013054830287206266,0.0003,1.0,216.10539865493774
depth2_bal_MAAM,2,MAAM,1400,16800,0.043550215661525726,14.064889907836914,14.43505483354841,1.0,0.005221932114882507,0.005257858820897192,0.013054830287206266,0.0003,1.0,220.15108370780945
depth2_bal_MAAM,2,MAAM,1425,17100,0.05635031685233116,13.477788925170898,13.848169789995467,1.0,0.0039164490861618795,0.005257858820897192,0.013054830287206266,0.0003,1.0,224.63750290870667
depth2_bal_MAAM,2,MAAM,1450,17400,0.05124399531632662,13.27930768330892,13.679820687430245,1.0,0.0039164490861618795,0.005369728157512026,0.013054830287206266,0.0003,1.0,228.62183737754822
depth2_bal_MAAM,2,MAAM,1475,17700,0.34015707423289615,13.83942953745524,14.170580210004534,0.9428851174934726,0.0039164490861618795,0.00548159749412686,0.013054830287206266,0.0003,1.0,233.0819022655487
depth2_bal_MAAM,2,MAAM,1500,18000,0.05170434154570103,13.069344520568848,13.457900592258998,1.0,0.0039164490861618795,0.004922250811052691,0.013054830287206266,0.0003,1.0,237.48414134979248
depth2_bal_MAAM,2,MAAM,1525,18300,0.052725436786810555,13.133752822875977,13.55893451145717,1.0,0.005221932114882507,0.005705336167356527,0.013054830287206266,0.0003,1.0,242.25020360946655
depth2_bal_MAAM,2,MAAM,1550,18600,0.7537112981081009,13.656954129536947,14.1330995287214,0.7950391644908616,0.006527415143603133,0.005929074840586196,0.013054830287206266,0.0003,1.0,246.13522458076477
depth2_bal_MAAM,2,MAAM,1575,18900,0.055809492555757366,12.76387850443522,13.16446647644043,1.0,0.0039164490861618795,0.004698512137823023,0.013054830287206266,0.0003,1.0,251.0880103111267
depth2_bal_MAAM,2,MAAM,1600,19200,0.05130049213767052,13.045974413553873,13.490504428318568,1.0,0.005221932114882507,0.005593466830741693,0.013054830287206266,0.0003,1.0,254.72827243804932
depth2_bal_MAAM,2,MAAM,1625,19500,0.04489772549519936,13.528290112813314,13.983886010306222,1.0,0.005221932114882507,0.005929074840586196,0.013054830287206266,0.0003,1.0,259.7434358596802
depth2_bal_MAAM,2,MAAM,1650,19800,0.04501947605361541,13.333746910095215,13.779788071768625,1.0,0.0039164490861618795,0.005593466830741693,0.013054830287206266,0.0003,1.0,264.26728200912476
depth2_bal_MAAM,2,MAAM,1675,20100,0.049860795649389424,12.995001792907715,13.456154905046736,1.0,0.0039164490861618795,0.0050341201476675245,0.013054830287206266,0.0003,1.0,269.3832938671112
depth2_bal_MAAM,2,MAAM,1700,20400,0.043298291973769665,13.465076764424643,13.946284539358956,1.0,0.0039164490861618795,0.0050341201476675245,0.013054830287206266,0.0003,1.0,274.13893485069275
depth2_bal_MAAM,2,MAAM,1725,20700,0.03829278703778982,13.98962688446045,14.449012538364956,1.0,0.005221932114882507,0.005369728157512026,0.013054830287206266,0.0003,1.0,279.0012032985687
depth2_bal_MAAM,2,MAAM,1750,21000,0.22320144002636275,12.668947219848633,12.941859899248396,0.9761749347258486,0.0039164490861618795,0.005369728157512026,0.013054830287206266,0.0003,1.0,283.34872794151306
depth2_bal_MAAM,2,MAAM,1775,21300,0.0493267976368467,12.997801780700684,13.392210033961705,1.0,0.0039164490861618795,0.004474773464593355,0.013054830287206266,0.0003,1.0,287.9712460041046
depth2_bal_MAAM,2,MAAM,1800,21600,0.04615612265964349,13.364994366963705,13.76470159803118,1.0,0.0039164490861618795,0.0045866428012081885,0.013054830287206266,0.0003,1.0,292.41451120376587
depth2_bal_MAAM,2,MAAM,1825,21900,0.038492931673924126,13.809738159179688,14.283154460362026,1.0,0.0039164490861618795,0.004474773464593355,0.013054830287206266,0.0003,1.0,297.3386323451996
depth2_bal_MAAM,2,MAAM,1850,22200,0.055288027971982956,13.099006017049154,13.47432221003941,0.9996736292428199,0.0026109660574412533,0.005145989484282358,0.013054830287206266,0.0003,1.0,302.0834970474243
depth2_bal_MAAM,2,MAAM,1875,22500,0.04882179449001948,12.971552213033041,13.360547692435128,1.0,0.005221932114882507,0.004922250811052691,0.013054830287206266,0.0003,1.0,306.84756565093994
depth2_bal_MAAM,2,MAAM,1900,22800,0.04382368208219608,13.386942863464355,13.816468865530831,1.0,0.005221932114882507,0.005145989484282358,0.013054830287206266,0.0003,1.0,310.3748095035553
depth2_bal_MAAM,2,MAAM,1925,23100,0.4032421410083771,12.687322616577148,12.941570908682687,0.914490861618799,0.0026109660574412533,0.004139165454748853,0.013054830287206266,0.0003,1.0,313.7607877254486
depth2_bal_MAAM,2,MAAM,1950,23400,0.04807532113045454,12.902134577433268,13.275498935154506,1.0,0.005221932114882507,0.004139165454748853,0.013054830287206266,0.0003,1.0,317.13368010520935
depth2_bal_MAAM,2,MAAM,1975,23700,0.04666140085707108,13.03866958618164,13.451007434300013,1.0,0.005221932114882507,0.004251034791363687,0.013054830287206266,0.0003,1.0,320.7892577648163
depth2_bal_MAAM,2,MAAM,2000,24000,0.2516498888532321,13.770594914754232,14.0880008152553,0.9556135770234987,0.0026109660574412533,0.004810381474437857,0.013054830287206266,0.0003,1.0,324.41261172294617
depth2_bal_MAAM,2,MAAM,2025,24300,0.04920279824485382,12.69556999206543,13.061565153939384,1.0,0.0026109660574412533,0.004698512137823023,0.013054830287206266,0.0003,1.0,331.1061227321625
depth2_bal_MAAM,2,MAAM,2050,24600,0.04879155382514,12.78611977895101,13.209388296944754,1.0,0.0039164490861618795,0.004474773464593355,0.013054830287206266,0.0003,1.0,334.89491605758667
depth2_bal_MAAM,2,MAAM,2075,24900,0.20520727957288423,13.447290420532227,13.96805534362793,0.9689947780678851,0.0039164490861618795,0.0050341201476675245,0.013054830287206266,0.0003,1.0,338.3555805683136
depth2_bal_MAAM,2,MAAM,2100,25200,0.04841026136030754,12.70424747467041,13.09835480281285,1.0,0.0039164490861618795,0.003691688108289518,0.013054830287206266,0.0003,1.0,344.11609077453613
depth2_bal_MAAM,2,MAAM,2125,25500,0.04418368389209112,13.04669189453125,13.451648603166852,1.0,0.0039164490861618795,0.004139165454748853,0.013054830287206266,0.0003,1.0,347.4426701068878
depth2_bal_MAAM,2,MAAM,2150,25800,0.03996300511062145,13.461771011352539,13.905124419076103,1.0,0.005221932114882507,0.003691688108289518,0.013054830287206266,0.0003,1.0,350.845828294754
depth2_bal_MAAM,2,MAAM,2175,26100,0.0480213804791371,12.653872807820639,13.042326191493443,1.0,0.0026109660574412533,0.004251034791363687,0.013054830287206266,0.0003,1.0,354.1173825263977
depth2_bal_MAAM,2,MAAM,2200,26400,0.047406384721398354,12.758390426635742,13.17121113368443,1.0,0.0026109660574412533,0.004251034791363687,0.013054830287206266,0.0003,1.0,357.8366503715515
depth2_bal_MAAM,2,MAAM,2225,26700,0.28974879905581474,13.736565907796225,14.167705971854074,0.9392950391644909,0.005221932114882507,0.0045866428012081885,0.013054830287206266,0.0003,1.0,361.6231744289398
depth2_bal_MAAM,2,MAAM,2250,27000,0.04668742697685957,12.666841189066568,13.01409228188651,1.0,0.0039164490861618795,0.004698512137823023,0.013054830287206266,0.0003,1.0,365.5642821788788
depth2_bal_MAAM,2,MAAM,2275,27300,0.04607350969066223,12.771825154622396,13.168259702410017,1.0,0.0039164490861618795,0.00402729611813402,0.013054830287206266,0.0003,1.0,369.5160303115845
depth2_bal_MAAM,2,MAAM,2300,27600,0.21785227209329605,14.129090309143066,14.524726486206054,0.9588772845953003,0.0026109660574412533,0.005929074840586196,0.013054830287206266,0.0003,1.0,373.67856550216675
depth2_bal_MAAM,2,MAAM,2325,27900,0.045530365159114204,12.606100082397461,12.997698974609374,1.0,0.005221932114882507,0.003915426781519186,0.013054830287206266,0.0003,1.0,378.98243379592896
depth2_bal_MAAM,2,MAAM,2350,28200,0.04272113709400097,12.884210268656412,13.282164219447544,1.0,0.0039164490861618795,0.003915426781519186,0.013054830287206266,0.0003,1.0,384.09521198272705
depth2_bal_MAAM,2,MAAM,2375,28500,0.03658783187468847,13.324632008870443,13.737854439871652,1.0,0.0039164490861618795,0.004251034791363687,0.013054830287206266,0.0003,1.0,389.1281898021698
depth2_bal_MAAM,2,MAAM,2400,28800,0.07260267126063506,13.068315188090006,13.415412248883928,0.9951044386422977,0.0039164490861618795,0.00402729611813402,0.013054830287206266,0.0003,1.0,393.596803188324
depth2_bal_MAAM,2,MAAM,2425,29100,0.04539711152513822,12.651283264160156,13.056307302202498,1.0,0.0039164490861618795,0.003915426781519186,0.013054830287206266,0.0003,1.0,397.72327876091003
depth2_bal_MAAM,2,MAAM,2450,29400,0.03948945334802071,13.001468022664389,13.44807265145438,1.0,0.0039164490861618795,0.004139165454748853,0.013054830287206266,0.0003,1.0,401.3585069179535
depth2_bal_MAAM,2,MAAM,2475,29700,0.4604690248767535,13.123703002929688,13.547964559282576,0.8968668407310705,0.0039164490861618795,0.005145989484282358,0.013054830287206266,0.0003,1.0,406.00004625320435
depth2_bal_MAAM,2,MAAM,2500,30000,0.04363779568423828,12.578472137451172,12.94326114654541,1.0,0.0039164490861618795,0.00402729611813402,0.013054830287206266,0.0003,1.0,410.23335099220276
depth2_bal_MAAM,2,MAAM,2525,30300,0.043743488689263664,12.684151967366537,13.077228600638254,1.0,0.005221932114882507,0.003915426781519186,0.013054830287206266,0.0003,1.0,413.83029294013977
depth2_bal_MAAM,2,MAAM,2550,30600,0.03854901622980833,13.084169069925943,13.536405917576381,0.9996736292428199,0.005221932114882507,0.00402729611813402,0.013054830287206266,0.0003,1.0,417.9142837524414
depth2_bal_MAAM,2,MAAM,2575,30900,0.03757180615017811,13.127607345581055,13.446056066240583,1.0,0.0039164490861618795,0.004139165454748853,0.013054830287206266,0.0003,1.0,421.49476408958435
depth2_bal_MAAM,2,MAAM,2600,31200,0.04414637169490258,12.652833938598633,13.000938415527344,1.0,0.005221932114882507,0.00402729611813402,0.013054830287206266,0.0003,1.0,424.99949169158936
depth2_bal_MAAM,2,MAAM,2625,31500,0.03884146890292565,13.02689011891683,13.423308753967286,1.0,0.005221932114882507,0.00402729611813402,0.013054830287206266,0.0003,1.0,428.7548749446869
depth2_bal_MAAM,2,MAAM,2650,31800,0.03330970136448741,13.457760492960611,13.864939553397042,1.0,0.005221932114882507,0.004362904127978521,0.013054830287206266,0.0003,1.0,433.56535959243774
depth2_bal_MAAM,2,MAAM,2675,32100,0.057932721761365734,13.107234636942545,13.481211362566267,0.9983681462140992,0.0026109660574412533,0.004698512137823023,0.013054830287206266,0.0003,1.0,438.00179529190063
depth2_bal_MAAM,2,MAAM,2700,32400,0.04536046242962281,12.642273585001627,13.017492130824499,1.0,0.0026109660574412533,0.005257858820897192,0.013054830287206266,0.0003,1.0,441.33841013908386
depth2_bal_MAAM,2,MAAM,2725,32700,0.03948857852568229,13.010242144266764,13.388708414350237,1.0,0.0039164490861618795,0.0045866428012081885,0.013054830287206266,0.0003,1.0,444.6796383857727
depth2_bal_MAAM,2,MAAM,2750,33000,0.0338965238382419,13.420506795247396,13.827516746520995,1.0,0.0039164490861618795,0.004698512137823023,0.013054830287206266,0.0003,1.0,448.35429334640503
depth2_bal_MAAM,2,MAAM,2775,33300,0.07107601749400298,13.097243626912435,13.420488003322056,0.9986945169712794,0.0026109660574412533,0.004362904127978521,0.013054830287206266,0.0003,1.0,452.0743145942688
depth2_bal_MAAM,2,MAAM,2800,33600,0.04611104105909666,12.610753695170084,12.932156181335449,1.0,0.0039164490861618795,0.0045866428012081885,0.013054830287206266,0.0003,1.0,455.5128445625305
depth2_bal_MAAM,2,MAAM,2825,33900,0.040081155796845756,12.966286659240723,13.303842190333775,1.0,0.0039164490861618795,0.004362904127978521,0.013054830287206266,0.0003,1.0,458.9448254108429
depth2_bal_MAAM,2,MAAM,2850,34200,0.09360083503027757,13.10549513498942,13.523561613900322,0.9947780678851175,0.005221932114882507,0.004362904127978521,0.013054830287206266,0.0003,1.0,462.5420515537262
depth2_bal_MAAM,2,MAAM,2875,34500,0.047923390132685505,12.368471145629883,12.719195365905762,1.0,0.0039164490861618795,0.004810381474437857,0.013054830287206266,0.0003,1.0,465.94361543655396
depth2_bal_MAAM,2,MAAM,2900,34800,0.04245048761367798,12.662795384724935,13.031213896615165,1.0,0.0026109660574412533,0.004922250811052691,0.013054830287206266,0.0003,1.0,469.4923644065857
depth2_bal_MAAM,2,MAAM,2925,35100,0.24200134227673212,13.144248644510904,13.3721985408238,0.95822454308094,0.0039164490861618795,0.0064884215236603645,0.013054830287206266,0.0003,1.0,472.85635447502136
depth2_bal_MAAM,2,MAAM,2950,35400,0.04721405170857906,12.384072303771973,12.690480586460659,1.0,0.0013054830287206266,0.0045866428012081885,0.013054830287206266,0.0003,1.0,476.5176386833191
depth2_bal_MAAM,2,MAAM,2975,35700,0.04284907535960277,12.673115730285645,12.991567066737584,1.0,0.0026109660574412533,0.004922250811052691,0.013054830287206266,0.0003,1.0,480.377876996994
depth2_bal_MAAM,2,MAAM,3000,36000,0.13224164644877115,13.275153160095215,13.689497566223144,0.985313315926893,0.005221932114882507,0.005705336167356527,0.013054830287206266,0.0003,1.0,483.93582224845886
depth2_bal_MAAM,2,MAAM,3025,36300,0.044515216102202736,12.370986938476562,12.747921316964286,1.0,0.0039164490861618795,0.004362904127978521,0.013054830287206266,0.0003,1.0,489.0594973564148
depth2_bal_MAAM,2,MAAM,3050,36600,0.03998952607313792,12.725681940714518,13.099142919267926,1.0,0.0039164490861618795,0.004362904127978521,0.013054830287206266,0.0003,1.0,492.45034193992615
depth2_bal_MAAM,2,MAAM,3075,36900,0.03476493060588837,13.152405738830566,13.536983626229423,1.0,0.005221932114882507,0.004698512137823023,0.013054830287206266,0.0003,1.0,496.0412335395813
depth2_bal_MAAM,2,MAAM,3100,37200,0.9331677655378977,12.197248776753744,12.43825580051967,0.7284595300261096,0.0039164490861618795,0.0050341201476675245,0.013054830287206266,0.0003,1.0,499.47693729400635
depth2_bal_MAAM,2,MAAM,3125,37500,0.04445065464824438,12.42198657989502,12.784693145751953,1.0,0.0039164490861618795,0.004251034791363687,0.013054830287206266,0.0003,1.0,503.01653838157654
depth2_bal_MAAM,2,MAAM,3150,37800,0.040535702680548034,12.711406071980795,13.068813623700823,1.0,0.0039164490861618795,0.004251034791363687,0.013054830287206266,0.0003,1.0,506.4333791732788
depth2_bal_MAAM,2,MAAM,3175,38100,0.3805365525186062,13.953192710876465,14.300987761361258,0.9095953002610966,0.0026109660574412533,0.0050341201476675245,0.013054830287206266,0.0003,1.0,510.4487307071686
depth2_bal_MAAM,2,MAAM,3200,38400,0.043134866592784725,12.441825230916342,12.837521035330637,1.0,0.0039164490861618795,0.0038035574449043516,0.013054830287206266,0.0003,1.0,513.944004535675
depth2_bal_MAAM,2,MAAM,3225,38700,0.043061697855591774,12.476092020670572,12.85027392251151,1.0,0.0039164490861618795,0.0031323414252153485,0.013054830287206266,0.0003,1.0,517.6503188610077
depth2_bal_MAAM,2,MAAM,3250,39000,0.2202016624311606,13.855250358581543,14.216641807556153,0.9552872062663186,0.006527415143603133,0.004362904127978521,0.013054830287206266,0.0003,1.0,522.3496768474579
depth2_bal_MAAM,2,MAAM,3275,39300,0.04122504902382692,12.516580581665039,12.773285457066127,1.0,0.006527415143603133,0.00402729611813402,0.013054830287206266,0.0003,1.0,526.7601542472839
depth2_bal_MAAM,2,MAAM,3300,39600,0.038237132132053375,12.775614102681478,13.055547659737723,1.0,0.0039164490861618795,0.003915426781519186,0.013054830287206266,0.0003,1.0,531.1664891242981
depth2_bal_MAAM,2,MAAM,3325,39900,0.8371781905492147,12.789178212483725,13.060306331089565,0.758485639686684,0.005221932114882507,0.005145989484282358,0.013054830287206266,0.0003,1.0,535.3101522922516
depth2_bal_MAAM,2,MAAM,3350,40200,0.0436973807712396,12.289091428120932,12.690409851074218,1.0,0.0039164490861618795,0.004139165454748853,0.013054830287206266,0.0003,1.0,538.8509421348572
depth2_bal_MAAM,2,MAAM,3375,40500,0.041829246717194714,12.457443555196127,12.848689024788992,1.0,0.005221932114882507,0.00402729611813402,0.013054830287206266,0.0003,1.0,542.8478436470032
depth2_bal_MAAM,2,MAAM,3400,40800,0.036082539396981396,12.840104103088379,13.248806435721262,1.0,0.006527415143603133,0.004251034791363687,0.013054830287206266,0.0003,1.0,546.2263298034668
depth2_bal_MAAM,2,MAAM,3425,41100,0.10432739680012067,13.494819323221842,13.776064382280623,0.9941253263707572,0.0039164490861618795,0.004251034791363687,0.013054830287206266,0.0003,1.0,549.8500311374664
depth2_bal_MAAM,2,MAAM,3450,41400,0.04132555021593968,12.498960494995117,12.81362874167306,1.0,0.0039164490861618795,0.0038035574449043516,0.013054830287206266,0.0003,1.0,553.3165416717529
depth2_bal_MAAM,2,MAAM,3475,41700,0.0374949099496007,12.787541389465332,13.098666163853236,1.0,0.0039164490861618795,0.0038035574449043516,0.013054830287206266,0.0003,1.0,556.8192899227142
depth2_bal_MAAM,2,MAAM,3500,42000,0.25842367857694626,13.223382949829102,13.565254674639021,0.9484334203655352,0.0039164490861618795,0.005257858820897192,0.013054830287206266,0.0003,1.0,561.294685125351
depth2_bal_MAAM,2,MAAM,3525,42300,0.03893174696713686,12.500134150187174,12.866538511003768,1.0,0.0039164490861618795,0.00402729611813402,0.013054830287206266,0.0003,1.0,565.3710353374481
depth2_bal_MAAM,2,MAAM,3550,42600,0.040821025458474956,12.476158142089844,12.841786193847657,1.0,0.0039164490861618795,0.003915426781519186,0.013054830287206266,0.0003,1.0,569.6590151786804
depth2_bal_MAAM,2,MAAM,3575,42900,0.05396093614399433,12.963091214497885,13.306799507141113,0.9983681462140992,0.005221932114882507,0.004362904127978521,0.013054830287206266,0.0003,1.0,574.1487205028534
depth2_bal_MAAM,2,MAAM,3600,43200,0.03770059936990341,13.091974258422852,13.387446621486118,1.0,0.0039164490861618795,0.0050341201476675245,0.013054830287206266,0.0003,1.0,579.2845785617828
depth2_bal_MAAM,2,MAAM,3625,43500,0.042573519671956696,12.323906898498535,12.62860837663923,1.0,0.0026109660574412533,0.004251034791363687,0.013054830287206266,0.0003,1.0,583.3580594062805
depth2_bal_MAAM,2,MAAM,3650,43800,0.039134759766360126,12.675203323364258,12.995011820111955,1.0,0.005221932114882507,0.004251034791363687,0.013054830287206266,0.0003,1.0,586.9001851081848
depth2_bal_MAAM,2,MAAM,3675,44100,0.03420433293407162,13.298692067464193,13.617903355189732,1.0,0.005221932114882507,0.004922250811052691,0.013054830287206266,0.0003,1.0,590.2621183395386
depth2_bal_MAAM,2,MAAM,3700,44400,0.0386976134032011,12.453001340230307,12.78670711517334,1.0,0.0039164490861618795,0.004362904127978521,0.013054830287206266,0.0003,1.0,593.9300277233124
depth2_bal_MAAM,2,MAAM,3725,44700,0.0350808926547567,12.816921552022299,13.164532961164202,1.0,0.0039164490861618795,0.0038035574449043516,0.013054830287206266,0.0003,1.0,598.2613987922668
depth2_bal_MAAM,2,MAAM,3750,45000,0.029880440793931484,13.112013498942057,13.484249823434013,1.0,0.005221932114882507,0.004362904127978521,0.013054830287206266,0.0003,1.0,601.5912177562714
depth2_bal_MAAM,2,MAAM,3775,45300,0.039224233167866863,12.40017573038737,12.777514512198312,1.0,0.006527415143603133,0.003691688108289518,0.013054830287206266,0.0003,1.0,605.0988199710846
depth2_bal_MAAM,2,MAAM,3800,45600,0.034701356664299965,12.766413370768229,13.139188739231654,1.0,0.005221932114882507,0.004251034791363687,0.013054830287206266,0.0003,1.0,609.2857308387756
depth2_bal_MAAM,2,MAAM,3825,45900,0.7552430033683777,13.957441329956055,14.344315774100167,0.7901436031331592,0.006527415143603133,0.005817205503971362,0.013054830287206266,0.0003,1.0,613.5446774959564
depth2_bal_MAAM,2,MAAM,3850,46200,0.038066355201105274,12.595914204915365,12.940936524527414,1.0,0.0026109660574412533,0.004251034791363687,0.013054830287206266,0.0003,1.0,616.8992614746094
depth2_bal_MAAM,2,MAAM,3875,46500,0.04044988503058752,12.496453603108725,12.850916154044015,1.0,0.006527415143603133,0.004251034791363687,0.013054830287206266,0.0003,1.0,620.4281814098358
depth2_bal_MAAM,2,MAAM,3900,46800,0.03454011647651593,12.876761436462402,13.21103823525565,1.0,0.005221932114882507,0.004251034791363687,0.013054830287206266,0.0003,1.0,623.8547191619873
depth2_bal_MAAM,2,MAAM,3925,47100,0.0304391182338198,13.254903793334961,13.601330484662737,1.0,0.0039164490861618795,0.0045866428012081885,0.013054830287206266,0.0003,1.0,628.2786056995392
depth2_bal_MAAM,2,MAAM,3950,47400,0.03911975305527449,12.480398178100586,12.81315187726702,1.0,0.0026109660574412533,0.004810381474437857,0.013054830287206266,0.0003,1.0,632.2719111442566
depth2_bal_MAAM,2,MAAM,3975,47700,0.04323148727416992,12.2466402053833,12.581871005467006,1.0,0.005221932114882507,0.004251034791363687,0.013054830287206266,0.0003,1.0,636.2548592090607
depth2_bal_MAAM,2,MAAM,4000,48000,0.03879307862371206,12.610710461934408,12.97037582397461,1.0,0.0039164490861618795,0.003691688108289518,0.013054830287206266,0.0003,1.0,639.8918161392212
depth2_bal_MAAM,2,MAAM,4025,48300,0.032034829879800476,13.043746630350748,13.370080975123814,1.0,0.006527415143603133,0.00402729611813402,0.013054830287206266,0.0003,1.0,644.1801307201385
depth2_bal_MAAM,2,MAAM,4050,48600,0.3103814075390498,12.390048344930014,12.865213775634766,0.9366840731070496,0.0039164490861618795,0.006264682850430697,0.013054830287206266,0.0003,1.0,647.699788570404
depth2_bal_MAAM,2,MAAM,4075,48900,0.04155607956151167,12.339738527933756,12.723590442112513,1.0,0.006527415143603133,0.0045866428012081885,0.013054830287206266,0.0003,1.0,651.4174015522003
depth2_bal_MAAM,2,MAAM,4100,49200,0.1498321977754434,13.069887161254883,13.437640026637487,0.9830287206266318,0.007832898172323759,0.004139165454748853,0.013054830287206266,0.0003,1.0,654.8956978321075
depth2_bal_MAAM,2,MAAM,4125,49500,0.04697648777316014,13.849158922831217,14.2576050894601,0.9970626631853786,0.0013054830287206266,0.004139165454748853,0.013054830287206266,0.0003,1.0,658.3382709026337
depth2_bal_MAAM,2,MAAM,4150,49800,0.03776861447840929,12.541848182678223,12.851274844578334,1.0,0.005221932114882507,0.004139165454748853,0.013054830287206266,0.0003,1.0,662.0130004882812
depth2_bal_MAAM,2,MAAM,4175,50100,0.034514643251895905,12.771404584248861,13.127812031337193,1.0,0.005221932114882507,0.004362904127978521,0.013054830287206266,0.0003,1.0,665.7859337329865
depth2_bal_MAAM,2,MAAM,4200,50400,0.7178172096610069,13.376962661743164,13.632005637032645,0.8005874673629243,0.005221932114882507,0.006040944177201029,0.013054830287206266,0.0003,1.0,670.5302212238312
depth2_bal_MAAM,2,MAAM,4225,50700,0.04020170805354913,12.362117131551107,12.636507252284458,1.0,0.005221932114882507,0.004362904127978521,0.013054830287206266,0.0003,1.0,674.0719850063324
depth2_bal_MAAM,2,MAAM,4250,51000,0.03788558083275954,12.531998952229818,12.816289220537458,1.0,0.005221932114882507,0.003691688108289518,0.013054830287206266,0.0003,1.0,677.6542644500732
depth2_bal_MAAM,2,MAAM,4275,51300,0.4586329013109207,13.170536359151205,13.42913796561105,0.9053524804177546,0.005221932114882507,0.005593466830741693,0.013054830287206266,0.0003,1.0,680.9606955051422
depth2_bal_MAAM,2,MAAM,4300,51600,0.037194334591428437,12.482038497924805,12.780287906101771,1.0,0.0039164490861618795,0.004251034791363687,0.013054830287206266,0.0003,1.0,684.4255847930908
depth2_bal_MAAM,2,MAAM,4325,51900,0.03968410659581423,12.417789777119955,12.69578560420445,1.0,0.005221932114882507,0.00402729611813402,0.013054830287206266,0.0003,1.0,687.8115940093994
depth2_bal_MAAM,2,MAAM,4350,52200,0.03464977815747261,12.795823733011881,13.071266501290458,1.0,0.005221932114882507,0.0038035574449043516,0.013054830287206266,0.0003,1.0,691.2855076789856
depth2_bal_MAAM,2,MAAM,4375,52500,0.029259818295637768,13.201484362284342,13.482824080330985,1.0,0.005221932114882507,0.0038035574449043516,0.013054830287206266,0.0003,1.0,694.6029553413391
depth2_bal_MAAM,2,MAAM,4400,52800,1.012018010020256,12.104557037353516,12.402723339625767,0.7170365535248042,0.006527415143603133,0.0045866428012081885,0.013054830287206266,0.0003,1.0,698.1085250377655
depth2_bal_MAAM,2,MAAM,4425,53100,0.04160192174216112,12.36705239613851,12.690793255397251,1.0,0.0039164490861618795,0.003915426781519186,0.013054830287206266,0.0003,1.0,701.8476693630219
depth2_bal_MAAM,2,MAAM,4450,53400,0.038759455705682434,12.512198448181152,12.843242182050432,1.0,0.0039164490861618795,0.0032442107618301822,0.013054830287206266,0.0003,1.0,705.5884745121002
depth2_bal_MAAM,2,MAAM,4475,53700,0.07136636693030596,13.914783159891764,14.246881267002651,0.9957571801566579,0.0039164490861618795,0.005369728157512026,0.013054830287206266,0.0003,1.0,709.4773700237274
depth2_bal_MAAM,2,MAAM,4500,54000,0.03852529047677914,12.389226277669271,12.692774609157018,1.0,0.006527415143603133,0.003579818771674684,0.013054830287206266,0.0003,1.0,712.9233412742615
depth2_bal_MAAM,2,MAAM,4525,54300,0.3302036002278328,14.36837895711263,14.72722361428397,0.9197127937336814,0.0026109660574412533,0.004362904127978521,0.013054830287206266,0.0003,1.0,716.5328035354614
depth2_bal_MAAM,2,MAAM,4550,54600,0.0345105134571592,12.473708788553873,12.804404204232352,1.0,0.0039164490861618795,0.0038035574449043516,0.013054830287206266,0.0003,1.0,720.1722590923309
depth2_bal_MAAM,2,MAAM,4575,54900,0.033421897795051336,12.68140697479248,12.988510813031878,1.0,0.005221932114882507,0.003691688108289518,0.013054830287206266,0.0003,1.0,723.5402331352234
depth2_bal_MAAM,2,MAAM,4600,55200,0.02903627309327324,13.083575884501139,13.381224850245884,1.0,0.006527415143603133,0.00402729611813402,0.013054830287206266,0.0003,1.0,726.9084107875824
depth2_bal_MAAM,2,MAAM,4625,55500,0.7918734947840372,12.663025856018066,13.034230940682548,0.7777415143603134,0.0026109660574412533,0.005593466830741693,0.013054830287206266,0.0003,1.0,730.5299954414368
depth2_bal_MAAM,2,MAAM,4650,55800,0.037067756367226444,12.371055603027344,12.710715430123466,1.0,0.0039164490861618795,0.004139165454748853,0.013054830287206266,0.0003,1.0,733.9323914051056
depth2_bal_MAAM,2,MAAM,4675,56100,0.07434037576119105,12.767484029134115,13.091239874703543,0.991514360313316,0.006527415143603133,0.004251034791363687,0.013054830287206266,0.0003,1.0,737.436190366745
depth2_bal_MAAM,2,MAAM,4700,56400,0.024604199764629204,13.215064684549967,13.5628262928554,1.0,0.005221932114882507,0.004251034791363687,0.013054830287206266,0.0003,1.0,741.222439289093
depth2_bal_MAAM,2,MAAM,4725,56700,0.03342798290153345,12.643521308898926,12.972867665972029,1.0,0.005221932114882507,0.004139165454748853,0.013054830287206266,0.0003,1.0,745.621325969696
depth2_bal_MAAM,2,MAAM,4750,57000,0.41977593302726746,14.14237117767334,14.357928357805525,0.8877284595300261,0.007832898172323759,0.004251034791363687,0.013054830287206266,0.0003,1.0,749.4994313716888
depth2_bal_MAAM,2,MAAM,4775,57300,0.045796582785745464,13.361726760864258,13.668381064278739,0.9996736292428199,0.005221932114882507,0.004251034791363687,0.013054830287206266,0.0003,1.0,753.1917016506195
depth2_bal_MAAM,2,MAAM,4800,57600,0.041016485542058945,12.255423545837402,12.561259623936245,1.0,0.006527415143603133,0.004251034791363687,0.013054830287206266,0.0003,1.0,757.9345703125
depth2_bal_MAAM,2,MAAM,4825,57900,0.03185371231908599,12.844985961914062,13.11537835257394,1.0,0.005221932114882507,0.0045866428012081885,0.013054830287206266,0.0003,1.0,762.8586151599884
depth2_bal_MAAM,2,MAAM,4850,58200,0.03168772285183271,12.833506266276041,13.12942853655134,1.0,0.007832898172323759,0.0038035574449043516,0.013054830287206266,0.0003,1.0,766.9530484676361
depth2_bal_MAAM,2,MAAM,4875,58500,0.027246312393496435,13.261738459269205,13.518499592372349,1.0,0.007832898172323759,0.003691688108289518,0.013054830287206266,0.0003,1.0,770.4378275871277
depth2_bal_MAAM,2,MAAM,4900,58800,0.06236675630013148,12.932407061258951,13.069382095336914,0.9983681462140992,0.009138381201044387,0.004362904127978521,0.013054830287206266,0.0003,1.0,774.0289077758789
depth2_bal_MAAM,2,MAAM,4925,59100,0.04034041458119949,12.480950037638346,12.675060081481934,1.0,0.01174934725848564,0.0038035574449043516,0.013054830287206266,0.0003,1.0,777.9659759998322
depth2_bal_MAAM,2,MAAM,4950,59400,0.035436367305616535,12.77956517537435,13.01839438847133,1.0,0.007832898172323759,0.003691688108289518,0.013054830287206266,0.0003,1.0,781.6779100894928
depth2_bal_MAAM,2,MAAM,4975,59700,0.030977515503764153,13.146858851114908,13.409493964059012,1.0,0.007832898172323759,0.0034679494350598502,0.013054830287206266,0.0003,1.0,785.228191614151
depth2_bal_MAAM,2,MAAM,5000,60000,0.06490956929822762,12.950469652811686,13.183765247889928,0.9951044386422977,0.006527415143603133,0.005369728157512026,0.013054830287206266,0.0003,1.0,789.2183763980865
depth2_bal_MAAM,2,MAAM,5025,60300,0.03891236583391825,12.407779693603516,12.668748528616769,1.0,0.006527415143603133,0.004139165454748853,0.013054830287206266,0.0003,1.0,793.6917970180511
depth2_bal_MAAM,2,MAAM,5050,60600,0.03238811142121752,12.871341069539389,13.141874367850168,1.0,0.007832898172323759,0.00402729611813402,0.013054830287206266,0.0003,1.0,797.1487925052643
depth2_bal_MAAM,2,MAAM,5075,60900,0.030097006509701412,13.084005991617838,13.36700278690883,1.0,0.009138381201044387,0.0034679494350598502,0.013054830287206266,0.0003,1.0,800.8622572422028
depth2_bal_MAAM,2,MAAM,5100,61200,0.03805743049209317,12.995683987935385,13.14221545628139,0.9993472584856397,0.005221932114882507,0.004810381474437857,0.013054830287206266,0.0003,1.0,804.517258644104
depth2_bal_MAAM,2,MAAM,5125,61500,0.03887410927563906,12.437601407368978,12.585818563188825,1.0,0.007832898172323759,0.004474773464593355,0.013054830287206266,0.0003,1.0,808.1199779510498
depth2_bal_MAAM,2,MAAM,5150,61800,0.03400511698176464,12.75156307220459,12.905449731009346,1.0,0.006527415143603133,0.00402729611813402,0.013054830287206266,0.0003,1.0,811.5584695339203
depth2_bal_MAAM,2,MAAM,5175,62100,0.028822881169617176,13.128946940104166,13.338265773228237,1.0,0.007832898172323759,0.004362904127978521,0.013054830287206266,0.0003,1.0,814.9903621673584
depth2_bal_MAAM,2,MAAM,5200,62400,0.024993362215658028,13.535535176595053,13.724977711268833,1.0,0.009138381201044387,0.003691688108289518,0.013054830287206266,0.0003,1.0,818.6580030918121
depth2_bal_MAAM,2,MAAM,5225,62700,0.11949190186957519,12.531153996785482,12.665278244018555,0.9934725848563969,0.005221932114882507,0.004810381474437857,0.013054830287206266,0.0003,1.0,822.3338408470154
depth2_bal_MAAM,2,MAAM,5250,63000,0.053012847900390625,12.658649762471518,12.82921404157366,0.9980417754569191,0.007832898172323759,0.0045866428012081885,0.013054830287206266,0.0003,1.0,825.7379438877106
depth2_bal_MAAM,2,MAAM,5275,63300,0.03408966461817423,13.699586868286133,13.887885802132743,1.0,0.006527415143603133,0.004922250811052691,0.013054830287206266,0.0003,1.0,829.0713365077972
depth2_bal_MAAM,2,MAAM,5300,63600,0.038757847622036934,12.466926256815592,12.61310634613037,1.0,0.007832898172323759,0.004698512137823023,0.013054830287206266,0.0003,1.0,832.5801694393158
depth2_bal_MAAM,2,MAAM,5325,63900,0.03372512680167953,12.725405057271322,12.944195747375488,1.0,0.005221932114882507,0.003915426781519186,0.013054830287206266,0.0003,1.0,835.8738784790039
depth2_bal_MAAM,2,MAAM,5350,64200,0.03471839458992084,13.080605824788412,13.30551357269287,0.9993472584856397,0.006527415143603133,0.003579818771674684,0.013054830287206266,0.0003,1.0,839.3366885185242
depth2_bal_MAAM,2,MAAM,5375,64500,0.043884241953492165,13.553281784057617,13.682458196367536,0.9996736292428199,0.0039164490861618795,0.0050341201476675245,0.013054830287206266,0.0003,1.0,842.7005276679993
depth2_bal_MAAM,2,MAAM,5400,64800,0.04093306449552377,12.486721674601236,12.681397029331752,1.0,0.006527415143603133,0.005369728157512026,0.013054830287206266,0.0003,1.0,846.1866092681885
depth2_bal_MAAM,2,MAAM,5425,65100,0.03628517780452967,12.6832644144694,12.893353843688965,1.0,0.007832898172323759,0.004698512137823023,0.013054830287206266,0.0003,1.0,849.5302784442902
depth2_bal_MAAM,2,MAAM,5450,65400,0.02869143057614565,13.082771301269531,13.334583582196917,1.0,0.0039164490861618795,0.004139165454748853,0.013054830287206266,0.0003,1.0,852.9511580467224
depth2_bal_MAAM,2,MAAM,5475,65700,0.027604108210653067,13.251910845438639,13.517593601771763,1.0,0.0039164490861618795,0.0038035574449043516,0.013054830287206266,0.0003,1.0,856.4488861560822
depth2_bal_MAAM,2,MAAM,5500,66000,0.29516033455729485,12.365194320678711,12.489655140468052,0.9468015665796344,0.007832898172323759,0.004251034791363687,0.013054830287206266,0.0003,1.0,859.7808380126953
depth2_bal_MAAM,2,MAAM,5525,66300,0.04010563995689154,12.382879892985025,12.616292027064732,1.0,0.006527415143603133,0.004139165454748853,0.013054830287206266,0.0003,1.0,863.8738150596619
depth2_bal_MAAM,2,MAAM,5550,66600,0.03586389745275179,12.628202438354492,12.851730728149414,1.0,0.006527415143603133,0.004474773464593355,0.013054830287206266,0.0003,1.0,867.6925225257874
depth2_bal_MAAM,2,MAAM,5575,66900,0.1035052544126908,13.256898880004883,13.425059018816267,0.9898825065274152,0.005221932114882507,0.004139165454748853,0.013054830287206266,0.0003,1.0,871.1625010967255
depth2_bal_MAAM,2,MAAM,5600,67200,0.03542443675299486,12.829962730407715,13.12695849282401,1.0,0.009138381201044387,0.004139165454748853,0.013054830287206266,0.0003,1.0,874.8962757587433
depth2_bal_MAAM,2,MAAM,5625,67500,0.038956609865029655,12.419482549031576,12.638392175946917,1.0,0.009138381201044387,0.004362904127978521,0.013054830287206266,0.0003,1.0,878.8165397644043
depth2_bal_MAAM,2,MAAM,5650,67800,0.03478843408326308,12.868331909179688,13.111568995884486,1.0,0.007832898172323759,0.00402729611813402,0.013054830287206266,0.0003,1.0,882.6626942157745
depth2_bal_MAAM,2,MAAM,5675,68100,0.0507758886863788,13.457774798075357,13.65871982574463,0.9990208877284595,0.009138381201044387,0.0045866428012081885,0.013054830287206266,0.0003,1.0,886.5115740299225
depth2_bal_MAAM,2,MAAM,5700,68400,0.025761959453423817,13.393872578938803,13.602075740269251,1.0,0.007832898172323759,0.004251034791363687,0.013054830287206266,0.0003,1.0,890.1812345981598
depth2_bal_MAAM,2,MAAM,5725,68700,1.3232045769691467,12.390227635701498,12.632335499354772,0.6289164490861618,0.009138381201044387,0.005817205503971362,0.013054830287206266,0.0003,1.0,893.8829741477966
depth2_bal_MAAM,2,MAAM,5750,69000,0.03572087921202183,12.506538391113281,12.708856746128626,1.0,0.007832898172323759,0.0045866428012081885,0.013054830287206266,0.0003,1.0,898.0036659240723
depth2_bal_MAAM,2,MAAM,5775,69300,0.03421938264121612,12.685124715169271,12.862405613490514,1.0,0.006527415143603133,0.0045866428012081885,0.013054830287206266,0.0003,1.0,901.8319020271301
depth2_bal_MAAM,2,MAAM,5800,69600,0.6408479337890943,14.116570790608725,14.404918670654297,0.8218015665796344,0.006527415143603133,0.005705336167356527,0.013054830287206266,0.0003,1.0,905.5619943141937
depth2_bal_MAAM,2,MAAM,5825,69900,0.03540326654911041,12.40649668375651,12.588386235918318,1.0,0.005221932114882507,0.004474773464593355,0.013054830287206266,0.0003,1.0,909.4309840202332
depth2_bal_MAAM,2,MAAM,5850,70200,0.035110201065739,12.466755549112955,12.668154008047921,1.0,0.005221932114882507,0.004139165454748853,0.013054830287206266,0.0003,1.0,913.1318199634552
depth2_bal_MAAM,2,MAAM,5875,70500,0.032477160915732384,12.965729077657064,13.127900178091867,0.9996736292428199,0.006527415143603133,0.0034679494350598502,0.013054830287206266,0.0003,1.0,916.477502822876
depth2_bal_MAAM,2,MAAM,5900,70800,0.026049046621968348,13.243815104166666,13.47070222582136,1.0,0.005221932114882507,0.003915426781519186,0.013054830287206266,0.0003,1.0,919.7541525363922
depth2_bal_MAAM,2,MAAM,5925,71100,0.0896368995308876,13.2991091410319,13.516151482718332,0.9924934725848564,0.01174934725848564,0.004474773464593355,0.013054830287206266,0.0003,1.0,923.1021990776062
depth2_bal_MAAM,2,MAAM,5950,71400,0.037827388383448124,12.360968589782715,12.605821364266532,1.0,0.009138381201044387,0.004922250811052691,0.013054830287206266,0.0003,1.0,927.9176149368286
depth2_bal_MAAM,2,MAAM,5975,71700,0.032826549684007965,12.666261990865072,12.900367546081544,1.0,0.009138381201044387,0.004139165454748853,0.013054830287206266,0.0003,1.0,931.3176770210266
depth2_bal_MAAM,2,MAAM,6000,72000,0.33262517924110097,13.66378084818522,13.770834623064314,0.9301566579634465,0.006527415143603133,0.005369728157512026,0.013054830287206266,0.0003,1.0,934.6310687065125
depth2_bal_MAAM,2,MAAM,6025,72300,0.04262046826382478,12.156230290730795,12.406704739161901,1.0,0.01174934725848564,0.0045866428012081885,0.013054830287206266,0.0003,1.0,938.8926248550415
depth2_bal_MAAM,2,MAAM,6050,72600,0.04033241141587496,12.317108472188314,12.581053297860281,1.0,0.006527415143603133,0.0050341201476675245,0.013054830287206266,0.0003,1.0,942.6184411048889
depth2_bal_MAAM,2,MAAM,6075,72900,0.03375073755159974,12.66739813486735,12.898671177455357,1.0,0.006527415143603133,0.004810381474437857,0.013054830287206266,0.0003,1.0,946.1546854972839
depth2_bal_MAAM,2,MAAM,6100,73200,0.026811725770433743,13.121248881022135,13.352377946036203,1.0,0.007832898172323759,0.004922250811052691,0.013054830287206266,0.0003,1.0,950.3608057498932
depth2_bal_MAAM,2,MAAM,6125,73500,0.02453842417647441,13.359777450561523,13.581419372558594,1.0,0.006527415143603133,0.004474773464593355,0.013054830287206266,0.0003,1.0,953.9041874408722
depth2_bal_MAAM,2,MAAM,6150,73800,0.03681995254009962,12.864453315734863,13.031939452035086,1.0,0.007832898172323759,0.004474773464593355,0.013054830287206266,0.0003,1.0,957.5894787311554
depth2_bal_MAAM,2,MAAM,6175,74100,0.04884924398114284,13.588629086812338,13.699429648263115,0.9980417754569191,0.006527415143603133,0.0045866428012081885,0.013054830287206266,0.0003,1.0,960.9689276218414
depth2_bal_MAAM,2,MAAM,6200,74400,0.03364208495865265,12.596541086832682,12.775272233145577,1.0,0.005221932114882507,0.0038035574449043516,0.013054830287206266,0.0003,1.0,964.4360580444336
depth2_bal_MAAM,2,MAAM,6225,74700,0.048280357693632446,13.837668418884277,13.916105951581683,0.9977154046997389,0.005221932114882507,0.003915426781519186,0.013054830287206266,0.0003,1.0,968.2141771316528
depth2_bal_MAAM,2,MAAM,6250,75000,0.028045103419572115,12.761833508809408,13.021774509974888,1.0,0.007832898172323759,0.004810381474437857,0.013054830287206266,0.0003,1.0,971.6488358974457
depth2_bal_MAAM,2,MAAM,6275,75300,0.033476540663590036,12.429560979207357,12.659163120814732,1.0,0.007832898172323759,0.005257858820897192,0.013054830287206266,0.0003,1.0,975.0140581130981
depth2_bal_MAAM,2,MAAM,6300,75600,0.02907589015861352,12.788669268290201,13.019900158473424,1.0,0.006527415143603133,0.004474773464593355,0.013054830287206266,0.0003,1.0,978.4039106369019
depth2_bal_MAAM,2,MAAM,6325,75900,0.09125398751348257,13.401216824849447,13.572065435137068,0.9866187989556136,0.010443864229765013,0.004922250811052691,0.013054830287206266,0.0003,1.0,982.0546352863312
depth2_bal_MAAM,2,MAAM,6350,76200,0.03379886317998171,12.54513931274414,12.743173054286412,1.0,0.007832898172323759,0.0045866428012081885,0.013054830287206266,0.0003,1.0,985.4309682846069
depth2_bal_MAAM,2,MAAM,6375,76500,0.03493436146527529,12.564480463663736,12.730265017918178,1.0,0.007832898172323759,0.0045866428012081885,0.013054830287206266,0.0003,1.0,988.8234701156616
depth2_bal_MAAM,2,MAAM,6400,76800,0.3773270944754283,14.176641146341959,14.41340195792062,0.8994778067885117,0.007832898172323759,0.006600290860275198,0.013054830287206266,0.0003,1.0,992.1954643726349
depth2_bal_MAAM,2,MAAM,6425,77100,0.04126766386131445,12.43210220336914,12.445678683689662,1.0,0.006527415143603133,0.004362904127978521,0.013054830287206266,0.0003,1.0,995.8772237300873
depth2_bal_MAAM,2,MAAM,6450,77400,0.04146825304875771,12.312081019083658,12.326538794381278,1.0,0.0026109660574412533,0.004698512137823023,0.013054830287206266,0.0003,1.0,999.7726993560791
depth2_bal_MAAM,2,MAAM,6475,77700,0.03784726280719042,12.58124860127767,12.630890764508928,1.0,0.0039164490861618795,0.004922250811052691,0.013054830287206266,0.0003,1.0,1003.8358237743378
depth2_bal_MAAM,2,MAAM,6500,78000,0.030486466518292826,12.949472745259603,13.010033089773996,1.0,0.006527415143603133,0.004810381474437857,0.013054830287206266,0.0003,1.0,1007.9298853874207
depth2_bal_MAAM,2,MAAM,6525,78300,0.04399040139590701,13.299097379048666,13.367271287100655,0.9960835509138382,0.0039164490861618795,0.004810381474437857,0.013054830287206266,0.0003,1.0,1012.2089929580688
depth2_bal_MAAM,2,MAAM,6550,78600,0.031097705631206434,12.570857683817545,12.741530990600586,1.0,0.006527415143603133,0.004698512137823023,0.013054830287206266,0.0003,1.0,1015.6812107563019
depth2_bal_MAAM,2,MAAM,6575,78900,0.032416029988477625,12.52347501118978,12.691172572544643,1.0,0.005221932114882507,0.004139165454748853,0.013054830287206266,0.0003,1.0,1019.2473247051239
depth2_bal_MAAM,2,MAAM,6600,79200,0.027580983005464077,12.935491243998209,13.102414430890764,1.0,0.005221932114882507,0.003915426781519186,0.013054830287206266,0.0003,1.0,1022.8155219554901
depth2_bal_MAAM,2,MAAM,6625,79500,0.024506702708701294,13.296438535054525,13.453092411586217,1.0,0.005221932114882507,0.004139165454748853,0.013054830287206266,0.0003,1.0,1026.671246767044
depth2_bal_MAAM,2,MAAM,6650,79800,0.03276727131257454,12.656622568766275,12.725499425615583,1.0,0.006527415143603133,0.004810381474437857,0.013054830287206266,0.0003,1.0,1030.015658378601
depth2_bal_MAAM,2,MAAM,6675,80100,0.035818654112517834,12.394145329793295,12.480380058288574,1.0,0.005221932114882507,0.0050341201476675245,0.013054830287206266,0.0003,1.0,1033.2387447357178
depth2_bal_MAAM,2,MAAM,6700,80400,0.03176017617806792,12.686715126037598,12.846991402762276,1.0,0.005221932114882507,0.0045866428012081885,0.013054830287206266,0.0003,1.0,1037.340895652771
depth2_bal_MAAM,2,MAAM,6725,80700,0.31511733929316205,13.730571428934732,13.85477398463658,0.9206919060052219,0.005221932114882507,0.004922250811052691,0.013054830287206266,0.0003,1.0,1040.9881534576416
depth2_bal_MAAM,2,MAAM,6750,81000,0.03665970483173927,12.19225025177002,12.314291409083776,1.0,0.009138381201044387,0.003691688108289518,0.013054830287206266,0.0003,1.0,1044.3989765644073
depth2_bal_MAAM,2,MAAM,6775,81300,0.0345220131178697,12.411327997843424,12.505381093706404,1.0,0.006527415143603133,0.0038035574449043516,0.013054830287206266,0.0003,1.0,1047.8311419487
depth2_bal_MAAM,2,MAAM,6800,81600,0.10472603763143222,12.939404805501303,13.072794532775879,0.9866187989556136,0.007832898172323759,0.004251034791363687,0.013054830287206266,0.0003,1.0,1051.3944306373596
depth2_bal_MAAM,2,MAAM,6825,81900,0.02864583783472578,12.780765215555826,12.821583638872418,1.0,0.009138381201044387,0.004698512137823023,0.013054830287206266,0.0003,1.0,1054.850786447525
depth2_bal_MAAM,2,MAAM,6850,82200,0.03480027491847674,12.351510683695475,12.433670098440988,1.0,0.007832898172323759,0.004474773464593355,0.013054830287206266,0.0003,1.0,1058.5149264335632
depth2_bal_MAAM,2,MAAM,6875,82500,0.11908719564477603,14.044209798177084,14.14680974142892,0.9830287206266318,0.009138381201044387,0.004362904127978521,0.013054830287206266,0.0003,1.0,1062.20938539505
depth2_bal_MAAM,2,MAAM,6900,82800,0.02742312243208289,12.849188804626465,12.933759662083217,1.0,0.0039164490861618795,0.004698512137823023,0.013054830287206266,0.0003,1.0,1065.8837537765503
depth2_bal_MAAM,2,MAAM,6925,83100,0.026769384431342285,13.493882179260254,13.519391713823591,1.0,0.005221932114882507,0.004474773464593355,0.013054830287206266,0.0003,1.0,1069.4255056381226
depth2_bal_MAAM,2,MAAM,6950,83400,0.021280964681257803,13.592791875203451,13.642556599208287,1.0,0.0039164490861618795,0.004922250811052691,0.013054830287206266,0.0003,1.0,1073.163854598999
depth2_bal_MAAM,2,MAAM,6975,83700,0.018371971944967907,13.988986333211264,14.05026250566755,1.0,0.006527415143603133,0.00402729611813402,0.013054830287206266,0.0003,1.0,1076.95423412323
depth2_bal_MAAM,2,MAAM,7000,84000,0.03520685154944658,12.667550404866537,12.723755182538714,1.0,0.005221932114882507,0.005145989484282358,0.013054830287206266,0.0003,1.0,1080.5905592441559
depth2_bal_MAAM,2,MAAM,7025,84300,0.03354595756779114,12.630085627237955,12.700013187953404,1.0,0.005221932114882507,0.004474773464593355,0.013054830287206266,0.0003,1.0,1085.2381608486176
depth2_bal_MAAM,2,MAAM,7050,84600,0.050071652668217816,13.305317560831705,13.354792077200754,0.9977154046997389,0.0039164490861618795,0.004922250811052691,0.013054830287206266,0.0003,1.0,1088.7365777492523
depth2_bal_MAAM,2,MAAM,7075,84900,0.03241257819657525,13.130260785420736,13.171958569117955,0.9996736292428199,0.006527415143603133,0.004474773464593355,0.013054830287206266,0.0003,1.0,1092.3290276527405
depth2_bal_MAAM,2,MAAM,7100,85200,0.04003238802154859,12.21960163116455,12.244434029715402,1.0,0.0039164490861618795,0.004474773464593355,0.013054830287206266,0.0003,1.0,1095.9846756458282
depth2_bal_MAAM,2,MAAM,7125,85500,0.03557099277774493,12.54562759399414,12.572460774012974,1.0,0.005221932114882507,0.004474773464593355,0.013054830287206266,0.0003,1.0,1099.7523987293243
depth2_bal_MAAM,2,MAAM,7150,85800,0.03451391030102968,13.11921501159668,13.131411988394602,1.0,0.0026109660574412533,0.0045866428012081885,0.013054830287206266,0.0003,1.0,1103.7368001937866
depth2_bal_MAAM,2,MAAM,7175,86100,0.026101721140245598,13.301882108052572,13.322170230320522,1.0,0.005221932114882507,0.004139165454748853,0.013054830287206266,0.0003,1.0,1107.3233406543732
depth2_bal_MAAM,2,MAAM,7200,86400,0.03359810325006644,12.779647509256998,12.783964892796108,1.0,0.007832898172323759,0.005369728157512026,0.013054830287206266,0.0003,1.0,1110.8242428302765
depth2_bal_MAAM,2,MAAM,7225,86700,0.035398438572883606,12.495330492655436,12.514510645185197,1.0,0.006527415143603133,0.0050341201476675245,0.013054830287206266,0.0003,1.0,1114.2831580638885
depth2_bal_MAAM,2,MAAM,7250,87000,0.030820248648524284,12.865251223246256,12.863756370544433,1.0,0.007832898172323759,0.004362904127978521,0.013054830287206266,0.0003,1.0,1118.0095698833466
depth2_bal_MAAM,2,MAAM,7275,87300,0.03160310257226229,13.281010627746582,13.342054203578405,1.0,0.005221932114882507,0.00402729611813402,0.013054830287206266,0.0003,1.0,1122.751821756363
depth2_bal_MAAM,2,MAAM,7300,87600,0.03429611151417097,12.494120279947916,12.525593893868583,1.0,0.006527415143603133,0.004362904127978521,0.013054830287206266,0.0003,1.0,1126.6518552303314
depth2_bal_MAAM,2,MAAM,7325,87900,0.031206933160622913,12.847204526265463,12.887640462602889,1.0,0.0039164490861618795,0.004922250811052691,0.013054830287206266,0.0003,1.0,1130.5288562774658
depth2_bal_MAAM,2,MAAM,7350,88200,0.025613477919250727,13.180662473042807,13.251259885515486,1.0,0.007832898172323759,0.0050341201476675245,0.013054830287206266,0.0003,1.0,1134.4119174480438
depth2_bal_MAAM,2,MAAM,7375,88500,0.29313047726949054,12.801746686299643,12.916995429992676,0.9370104438642297,0.005221932114882507,0.005817205503971362,0.013054830287206266,0.0003,1.0,1138.6386275291443
depth2_bal_MAAM,2,MAAM,7400,88800,0.032755580730736256,12.44871997833252,12.548332841055734,1.0,0.009138381201044387,0.004810381474437857,0.013054830287206266,0.0003,1.0,1142.653883934021
depth2_bal_MAAM,2,MAAM,7425,89100,0.029965518973767757,12.72575569152832,12.824985776628766,1.0,0.007832898172323759,0.004698512137823023,0.013054830287206266,0.0003,1.0,1146.9004981517792
depth2_bal_MAAM,2,MAAM,7450,89400,0.32553265740474063,13.983554204305014,14.084415190560478,0.9184073107049608,0.007832898172323759,0.0050341201476675245,0.013054830287206266,0.0003,1.0,1151.9777178764343
depth2_bal_MAAM,2,MAAM,7475,89700,0.0367862523222963,12.58956241607666,12.784415517534528,1.0,0.006527415143603133,0.00402729611813402,0.013054830287206266,0.0003,1.0,1156.9468803405762
depth2_bal_MAAM,2,MAAM,7500,90000,0.036490307499965034,12.224000612894693,12.39009987967355,1.0,0.006527415143603133,0.0050341201476675245,0.013054830287206266,0.0003,1.0,1161.6199650764465
depth2_bal_MAAM,2,MAAM,7525,90300,0.0737195083250602,13.032075881958008,13.17490599496024,0.9967362924281984,0.0039164490861618795,0.004474773464593355,0.013054830287206266,0.0003,1.0,1166.401264667511
depth2_bal_MAAM,2,MAAM,7550,90600,0.02843592595309019,12.869693120320639,13.00229355948312,1.0,0.006527415143603133,0.004810381474437857,0.013054830287206266,0.0003,1.0,1171.6833827495575
depth2_bal_MAAM,2,MAAM,7575,90900,0.025815123536934454,13.048139572143555,13.081603758675712,1.0,0.006527415143603133,0.005145989484282358,0.013054830287206266,0.0003,1.0,1176.4713044166565
depth2_bal_MAAM,2,MAAM,7600,91200,0.03379644484569629,12.293666203816732,12.38830738067627,1.0,0.007832898172323759,0.004698512137823023,0.013054830287206266,0.0003,1.0,1180.8772547245026
depth2_bal_MAAM,2,MAAM,7625,91500,0.037393453530967236,12.667178789774576,12.754090200151715,0.9993472584856397,0.005221932114882507,0.0045866428012081885,0.013054830287206266,0.0003,1.0,1186.1348330974579
depth2_bal_MAAM,2,MAAM,7650,91800,0.025496309157460928,13.01700496673584,13.133790806361608,1.0,0.007832898172323759,0.004810381474437857,0.013054830287206266,0.0003,1.0,1191.185358285904
depth2_bal_MAAM,2,MAAM,7675,92100,0.025512951891869307,13.165017127990723,13.313156018938336,1.0,0.0039164490861618795,0.0050341201476675245,0.013054830287206266,0.0003,1.0,1195.217584848404
depth2_bal_MAAM,2,MAAM,7700,92400,0.03222877252846956,12.396257082621256,12.526855741228376,1.0,0.006527415143603133,0.005145989484282358,0.013054830287206266,0.0003,1.0,1198.7508602142334
depth2_bal_MAAM,2,MAAM,7725,92700,0.09160087599108617,13.147263209025065,13.241091646466936,0.991514360313316,0.0039164490861618795,0.006152813513815863,0.013054830287206266,0.0003,1.0,1202.2313437461853
depth2_bal_MAAM,2,MAAM,7750,93000,0.022652534147103626,12.999775568644205,13.109307643345424,1.0,0.006527415143603133,0.004810381474437857,0.013054830287206266,0.0003,1.0,1206.021074295044
depth2_bal_MAAM,2,MAAM,7775,93300,0.03196961712092161,12.340734481811523,12.446116202218192,1.0,0.005221932114882507,0.005369728157512026,0.013054830287206266,0.0003,1.0,1209.555263519287
depth2_bal_MAAM,2,MAAM,7800,93600,0.02775592015435298,12.727143287658691,12.812280709402902,1.0,0.006527415143603133,0.005257858820897192,0.013054830287206266,0.0003,1.0,1213.3381147384644
depth2_bal_MAAM,2,MAAM,7825,93900,0.14764059210817018,13.247289975484213,13.389583042689733,0.9794386422976501,0.006527415143603133,0.006152813513815863,0.013054830287206266,0.0003,1.0,1217.0683827400208
depth2_bal_MAAM,2,MAAM,7850,94200,0.034031022960940994,12.218432108561197,12.339559146336146,1.0,0.0039164490861618795,0.004810381474437857,0.013054830287206266,0.0003,1.0,1220.9558608531952
depth2_bal_MAAM,2,MAAM,7875,94500,0.034451269855101906,12.48944123586019,12.596121869768416,0.9996736292428199,0.005221932114882507,0.00548159749412686,0.013054830287206266,0.0003,1.0,1224.3206577301025
depth2_bal_MAAM,2,MAAM,7900,94800,0.02605639894803365,12.843986829121908,12.971118518284388,1.0,0.0026109660574412533,0.005369728157512026,0.013054830287206266,0.0003,1.0,1228.1037907600403
depth2_bal_MAAM,2,MAAM,7925,95100,0.3722412884235382,12.45824940999349,12.50204723903111,0.9151436031331592,0.006527415143603133,0.006824029533504867,0.013054830287206266,0.0003,1.0,1231.7269978523254
depth2_bal_MAAM,2,MAAM,7950,95400,0.03872881146768729,11.9880584081014,12.121860912867955,1.0,0.007832898172323759,0.004922250811052691,0.013054830287206266,0.0003,1.0,1236.3563704490662
depth2_bal_MAAM,2,MAAM,7975,95700,0.04912945503989855,12.452914873758951,12.568076678684779,0.9973890339425587,0.007832898172323759,0.005145989484282358,0.013054830287206266,0.0003,1.0,1241.8682579994202
depth2_bal_MAAM,2,MAAM,8000,96000,0.030839515073845785,12.519085884094238,12.606360271998815,1.0,0.005221932114882507,0.00548159749412686,0.013054830287206266,0.0003,1.0,1246.461106300354
depth2_bal_MAAM,2,MAAM,8025,96300,0.05647294751058022,13.44720427195231,13.59808327811105,0.9983681462140992,0.007832898172323759,0.005257858820897192,0.013054830287206266,0.0003,1.0,1251.6812238693237
depth2_bal_MAAM,2,MAAM,8050,96600,0.034541294910013676,12.3263308207194,12.352971594674246,1.0,0.0026109660574412533,0.00548159749412686,0.013054830287206266,0.0003,1.0,1255.199060678482
depth2_bal_MAAM,2,MAAM,8075,96900,0.03479165801157554,12.291321436564127,12.329273550851005,1.0,0.005221932114882507,0.005369728157512026,0.013054830287206266,0.0003,1.0,1258.6023180484772
depth2_bal_MAAM,2,MAAM,8100,97200,0.03023170866072178,12.643987655639648,12.68281705038888,1.0,0.006527415143603133,0.005593466830741693,0.013054830287206266,0.0003,1.0,1261.9813950061798
depth2_bal_MAAM,2,MAAM,8125,97500,0.03252256025249759,13.073241233825684,13.217784227643694,0.9996736292428199,0.0039164490861618795,0.005593466830741693,0.013054830287206266,0.0003,1.0,1265.7258372306824
depth2_bal_MAAM,2,MAAM,8150,97800,0.03490497016658386,12.154326438903809,12.244751031058176,1.0,0.006527415143603133,0.005929074840586196,0.013054830287206266,0.0003,1.0,1270.651109457016
depth2_bal_MAAM,2,MAAM,8175,98100,0.030702628350506227,12.498859723409018,12.55427987234933,1.0,0.005221932114882507,0.005929074840586196,0.013054830287206266,0.0003,1.0,1274.6737551689148
depth2_bal_MAAM,2,MAAM,8200,98400,0.14012876401344934,14.424578984578451,14.435538182939801,0.9742167101827677,0.009138381201044387,0.007159637543349368,0.013054830287206266,0.0003,1.0,1278.9268391132355
depth2_bal_MAAM,2,MAAM,8225,98700,0.03184992757936319,12.286603609720865,12.406404985700334,1.0,0.005221932114882507,0.005929074840586196,0.013054830287206266,0.0003,1.0,1283.176253080368
depth2_bal_MAAM,2,MAAM,8250,99000,0.03402966974924008,12.194881121317545,12.26830234527588,1.0,0.006527415143603133,0.005817205503971362,0.013054830287206266,0.0003,1.0,1286.8242156505585
depth2_bal_MAAM,2,MAAM,8275,99300,0.02969097439199686,12.484272321065268,12.560200936453683,1.0,0.005221932114882507,0.005817205503971362,0.013054830287206266,0.0003,1.0,1290.5450637340546
depth2_bal_MAAM,2,MAAM,8300,99600,0.02545676783969005,12.852769533793131,12.935257911682129,1.0,0.0039164490861618795,0.005369728157512026,0.013054830287206266,0.0003,1.0,1294.5208492279053
depth2_bal_MAAM,2,MAAM,8325,99900,0.04481434946258863,13.179792086283365,13.221980912344796,0.9986945169712794,0.007832898172323759,0.005593466830741693,0.013054830287206266,0.0003,1.0,1298.0270030498505
depth2_bal_MAAM,2,MAAM,8350,100200,0.03616777497033278,12.165728569030762,12.206354985918317,1.0,0.005221932114882507,0.004922250811052691,0.013054830287206266,0.0003,1.0,1301.6111648082733
depth2_bal_MAAM,2,MAAM,8375,100500,0.03204658223936955,12.435675303141275,12.481030927385603,1.0,0.0026109660574412533,0.004922250811052691,0.013054830287206266,0.0003,1.0,1305.0732231140137
depth2_bal_MAAM,2,MAAM,8400,100800,0.03318626588831345,12.808626492818197,12.855045781816756,0.9990208877284595,0.005221932114882507,0.005257858820897192,0.013054830287206266,0.0003,1.0,1308.5996732711792
depth2_bal_MAAM,2,MAAM,8425,101100,0.03634244746839007,13.346612612406412,13.436386571611678,0.9993472584856397,0.006527415143603133,0.007047768206734534,0.013054830287206266,0.0003,1.0,1312.0909144878387
depth2_bal_MAAM,2,MAAM,8450,101400,0.03415213370074829,12.160424868265787,12.22697535923549,1.0,0.006527415143603133,0.0064884215236603645,0.013054830287206266,0.0003,1.0,1315.6816506385803
depth2_bal_MAAM,2,MAAM,8475,101700,0.030934781456987064,12.39880116780599,12.48189056941441,1.0,0.006527415143603133,0.005929074840586196,0.013054830287206266,0.0003,1.0,1319.330293416977
depth2_bal_MAAM,2,MAAM,8500,102000,0.027114047668874264,12.803546587626139,12.89078927721296,1.0,0.005221932114882507,0.006040944177201029,0.013054830287206266,0.0003,1.0,1323.269459247589
depth2_bal_MAAM,2,MAAM,8525,102300,0.1341297421604395,13.542229652404785,13.670789091927665,0.983355091383812,0.005221932114882507,0.007047768206734534,0.013054830287206266,0.0003,1.0,1327.4418296813965
depth2_bal_MAAM,2,MAAM,8550,102600,0.04100446620335182,12.081985791524252,12.126757621765137,1.0,0.0039164490861618795,0.005593466830741693,0.013054830287206266,0.0003,1.0,1331.718067407608
depth2_bal_MAAM,2,MAAM,8575,102900,0.037129542169471584,12.202127774556478,12.226258986336845,1.0,0.0026109660574412533,0.005817205503971362,0.013054830287206266,0.0003,1.0,1336.5013754367828
depth2_bal_MAAM,2,MAAM,8600,103200,0.03225900946805874,12.503849983215332,12.533884130205427,1.0,0.0039164490861618795,0.005817205503971362,0.013054830287206266,0.0003,1.0,1340.742948770523
depth2_bal_MAAM,2,MAAM,8625,103500,0.027114983337620895,12.768121719360352,12.81132572719029,1.0,0.0026109660574412533,0.005369728157512026,0.013054830287206266,0.0003,1.0,1344.543359041214
depth2_bal_MAAM,2,MAAM,8650,103800,0.029422687211384375,12.531816482543945,12.665505055018834,1.0,0.0026109660574412533,0.004922250811052691,0.013054830287206266,0.0003,1.0,1348.857064962387
depth2_bal_MAAM,2,MAAM,8675,104100,0.032875521729389824,12.169140815734863,12.269215638296945,1.0,0.0026109660574412533,0.006152813513815863,0.013054830287206266,0.0003,1.0,1352.9612584114075
depth2_bal_MAAM,2,MAAM,8700,104400,0.028741575156648953,12.535105069478353,12.608500671386718,1.0,0.005221932114882507,0.0064884215236603645,0.013054830287206266,0.0003,1.0,1357.1585688591003
depth2_bal_MAAM,2,MAAM,8725,104700,0.02283286613722642,13.091349283854166,13.11295062473842,1.0,0.0039164490861618795,0.005929074840586196,0.013054830287206266,0.0003,1.0,1361.4325742721558
depth2_bal_MAAM,2,MAAM,8750,105000,0.22691679621736208,13.548728942871094,13.623409679957799,0.9468015665796344,0.010443864229765013,0.007607114889808703,0.013054830287206266,0.0003,1.0,1364.9512774944305
depth2_bal_MAAM,2,MAAM,8775,105300,0.031131420905391376,12.160386403401693,12.252297265189034,1.0,0.006527415143603133,0.005929074840586196,0.013054830287206266,0.0003,1.0,1368.7139275074005
depth2_bal_MAAM,2,MAAM,8800,105600,0.02829945848012964,12.510538419087728,12.54308329990932,1.0,0.007832898172323759,0.006264682850430697,0.013054830287206266,0.0003,1.0,1372.1877846717834
depth2_bal_MAAM,2,MAAM,8825,105900,0.024986508768051863,12.85578473409017,12.888471603393555,1.0,0.005221932114882507,0.006264682850430697,0.013054830287206266,0.0003,1.0,1375.605741262436
depth2_bal_MAAM,2,MAAM,8850,106200,0.42212609698375064,12.982439676920572,13.07720170702253,0.8808746736292428,0.0039164490861618795,0.0064884215236603645,0.013054830287206266,0.0003,1.0,1379.0558376312256
depth2_bal_MAAM,2,MAAM,8875,106500,0.03324500285089016,12.11516284942627,12.23648155757359,1.0,0.007832898172323759,0.0064884215236603645,0.013054830287206266,0.0003,1.0,1382.9462530612946
depth2_bal_MAAM,2,MAAM,8900,106800,0.03030318891008695,12.348179817199707,12.463639695303781,1.0,0.006527415143603133,0.0069358988701197005,0.013054830287206266,0.0003,1.0,1387.2964866161346
depth2_bal_MAAM,2,MAAM,8925,107100,0.22522581617037454,14.345685640970865,14.416201618739537,0.9471279373368147,0.013054830287206266,0.0064884215236603645,0.013054830287206266,0.0003,1.0,1390.8316752910614
depth2_bal_MAAM,2,MAAM,8950,107400,0.04257123296459516,12.184186935424805,12.22353687286377,0.9996736292428199,0.007832898172323759,0.006824029533504867,0.013054830287206266,0.0003,1.0,1394.904286623001
depth2_bal_MAAM,2,MAAM,8975,107700,0.04599481417487065,11.800324440002441,11.845992388044085,1.0,0.0026109660574412533,0.0064884215236603645,0.013054830287206266,0.0003,1.0,1400.945081949234
depth2_bal_MAAM,2,MAAM,9000,108000,0.03823465388268232,12.137539545694986,12.166059058053152,1.0,0.005221932114882507,0.006152813513815863,0.013054830287206266,0.0003,1.0,1406.190263748169
depth2_bal_MAAM,2,MAAM,9025,108300,0.033842236114044986,12.365876197814941,12.419120189121791,1.0,0.007832898172323759,0.006152813513815863,0.013054830287206266,0.0003,1.0,1413.2038655281067
depth2_bal_MAAM,2,MAAM,9050,108600,0.11772919073700905,13.78886349995931,13.821191678728376,0.9840078328981723,0.0039164490861618795,0.007271506879964202,0.013054830287206266,0.0003,1.0,1418.4918310642242
depth2_bal_MAAM,2,MAAM,9075,108900,0.033831093460321426,12.024978637695312,12.068589510236468,1.0,0.005221932114882507,0.006152813513815863,0.013054830287206266,0.0003,1.0,1422.0642125606537
depth2_bal_MAAM,2,MAAM,9100,109200,0.030471280838052433,12.398255030314127,12.441862433297294,1.0,0.006527415143603133,0.006040944177201029,0.013054830287206266,0.0003,1.0,1426.1236641407013
depth2_bal_MAAM,2,MAAM,9125,109500,0.025992142036557198,12.763930002848307,12.837360082353864,1.0,0.006527415143603133,0.006264682850430697,0.013054830287206266,0.0003,1.0,1430.1284878253937
depth2_bal_MAAM,2,MAAM,9150,109800,0.02212908584624529,13.090882619222006,13.173983928135463,1.0,0.005221932114882507,0.006264682850430697,0.013054830287206266,0.0003,1.0,1434.1860282421112
depth2_bal_MAAM,2,MAAM,9175,110100,0.0285189605007569,12.485200564066568,12.516468238830566,1.0,0.0026109660574412533,0.006712160196890032,0.013054830287206266,0.0003,1.0,1438.103461265564
depth2_bal_MAAM,2,MAAM,9200,110400,0.03380502791454395,12.009740511576334,12.06739101409912,1.0,0.005221932114882507,0.006040944177201029,0.013054830287206266,0.0003,1.0,1442.7142612934113
depth2_bal_MAAM,2,MAAM,9225,110700,0.03216078085824847,12.346569061279297,12.405632237025669,0.9996736292428199,0.0039164490861618795,0.005705336167356527,0.013054830287206266,0.0003,1.0,1446.4901332855225
depth2_bal_MAAM,2,MAAM,9250,111000,0.022530007020880777,13.029314676920572,13.055517142159598,1.0,0.007832898172323759,0.006824029533504867,0.013054830287206266,0.0003,1.0,1450.1118156909943
depth2_bal_MAAM,2,MAAM,9275,111300,0.2903508630891641,13.781881968180338,13.807959011622838,0.9285248041775457,0.005221932114882507,0.007047768206734534,0.013054830287206266,0.0003,1.0,1454.5771510601044
depth2_bal_MAAM,2,MAAM,9300,111600,0.02988451812416315,12.10508664449056,12.198904309953962,1.0,0.006527415143603133,0.005929074840586196,0.013054830287206266,0.0003,1.0,1458.5111675262451
depth2_bal_MAAM,2,MAAM,9325,111900,0.04069994514187177,12.47615655263265,12.597064454214914,0.9986945169712794,0.006527415143603133,0.005817205503971362,0.013054830287206266,0.0003,1.0,1462.7561762332916
depth2_bal_MAAM,2,MAAM,9350,112200,0.02426957618445158,12.683037122090658,12.749786376953125,1.0,0.006527415143603133,0.006152813513815863,0.013054830287206266,0.0003,1.0,1467.2840549945831
depth2_bal_MAAM,2,MAAM,9375,112500,0.27497974783182144,13.62413247426351,13.658839552743094,0.941579634464752,0.0013054830287206266,0.005929074840586196,0.013054830287206266,0.0003,1.0,1471.1244876384735
depth2_bal_MAAM,2,MAAM,9400,112800,0.030071045272052288,12.075499216715494,12.114592906406948,1.0,0.0026109660574412533,0.006600290860275198,0.013054830287206266,0.0003,1.0,1476.0261759757996
depth2_bal_MAAM,2,MAAM,9425,113100,0.033547925452391304,12.394822438557943,12.44199608394078,0.9996736292428199,0.006527415143603133,0.006264682850430697,0.013054830287206266,0.0003,1.0,1480.6695544719696
depth2_bal_MAAM,2,MAAM,9450,113400,0.024489732614407938,12.668613115946451,12.727107429504395,1.0,0.005221932114882507,0.006264682850430697,0.013054830287206266,0.0003,1.0,1484.6055881977081
depth2_bal_MAAM,2,MAAM,9475,113700,0.029171427711844444,13.200736999511719,13.17817587171282,1.0,0.005221932114882507,0.007159637543349368,0.013054830287206266,0.0003,1.0,1489.0907452106476
depth2_bal_MAAM,2,MAAM,9500,114000,0.03197721562658747,11.995107332865397,12.017124720982142,1.0,0.006527415143603133,0.006712160196890032,0.013054830287206266,0.0003,1.0,1493.0122406482697
depth2_bal_MAAM,2,MAAM,9525,114300,0.03338089228297273,12.587714831034342,12.586107172284807,1.0,0.009138381201044387,0.006600290860275198,0.013054830287206266,0.0003,1.0,1496.7423508167267
depth2_bal_MAAM,2,MAAM,9550,114600,0.024362847519417603,12.632235527038574,12.713166863577706,1.0,0.006527415143603133,0.006152813513815863,0.013054830287206266,0.0003,1.0,1500.440161705017
depth2_bal_MAAM,2,MAAM,9575,114900,0.0997604721536239,12.547572453816732,12.661610003880092,0.991514360313316,0.009138381201044387,0.00805459223626804,0.013054830287206266,0.0003,1.0,1503.9393637180328
depth2_bal_MAAM,2,MAAM,9600,115200,0.033384911405543484,11.798724174499512,11.865845135280065,1.0,0.010443864229765013,0.007159637543349368,0.013054830287206266,0.0003,1.0,1508.2505843639374
depth2_bal_MAAM,2,MAAM,9625,115500,0.02989159415786465,12.085959752400717,12.140133694240026,1.0,0.007832898172323759,0.007271506879964202,0.013054830287206266,0.0003,1.0,1512.8762311935425
depth2_bal_MAAM,2,MAAM,9650,115800,0.025800134676198166,12.450003623962402,12.492598261151995,1.0,0.006527415143603133,0.007271506879964202,0.013054830287206266,0.0003,1.0,1517.719496011734
depth2_bal_MAAM,2,MAAM,9675,116100,0.05422566179186106,13.454625765482584,13.555585397992814,0.9960835509138382,0.006527415143603133,0.00805459223626804,0.013054830287206266,0.0003,1.0,1521.811408996582
depth2_bal_MAAM,2,MAAM,9700,116400,0.032803389709442854,11.854359944661459,11.814707865033832,1.0,0.009138381201044387,0.006712160196890032,0.013054830287206266,0.0003,1.0,1526.2253346443176
depth2_bal_MAAM,2,MAAM,9725,116700,0.03199705295264721,11.939106305440268,11.887207330976214,1.0,0.007832898172323759,0.006264682850430697,0.013054830287206266,0.0003,1.0,1529.8886034488678
depth2_bal_MAAM,2,MAAM,9750,117000,0.027475260353336733,12.268658320109049,12.269690568106515,1.0,0.005221932114882507,0.0064884215236603645,0.013054830287206266,0.0003,1.0,1533.4933149814606
depth2_bal_MAAM,2,MAAM,9775,117300,0.023964025856306154,12.606681823730469,12.600712149483817,1.0,0.005221932114882507,0.0064884215236603645,0.013054830287206266,0.0003,1.0,1537.1955235004425
depth2_bal_MAAM,2,MAAM,9800,117600,0.03676273704816898,12.614797592163086,12.661441802978516,1.0,0.0039164490861618795,0.007383376216579036,0.013054830287206266,0.0003,1.0,1540.8845105171204
depth2_bal_MAAM,2,MAAM,9825,117900,0.03523706582685312,11.658643086751303,11.649546350751605,1.0,0.010443864229765013,0.007159637543349368,0.013054830287206266,0.0003,1.0,1545.6945314407349
depth2_bal_MAAM,2,MAAM,9850,118200,0.03901203814893961,12.28914992014567,12.335509300231934,0.9980417754569191,0.006527415143603133,0.007607114889808703,0.013054830287206266,0.0003,1.0,1550.1604092121124
depth2_bal_MAAM,2,MAAM,9875,118500,0.027147395225862663,12.209673245747885,12.260714694431849,1.0,0.010443864229765013,0.007047768206734534,0.013054830287206266,0.0003,1.0,1554.830308675766
depth2_bal_MAAM,2,MAAM,9900,118800,0.6719324514269829,14.703444480895996,14.551018469674247,0.7940600522193212,0.006527415143603133,0.007607114889808703,0.013054830287206266,0.0003,1.0,1559.1032614707947
depth2_bal_MAAM,2,MAAM,9925,119100,0.037249027751386166,11.443377176920572,11.433936391557966,1.0,0.01174934725848564,0.007830853563038372,0.013054830287206266,0.0003,1.0,1562.9844539165497
depth2_bal_MAAM,2,MAAM,9950,119400,0.03551394244035085,11.522647221883139,11.55249707358224,1.0,0.007832898172323759,0.007607114889808703,0.013054830287206266,0.0003,1.0,1567.237176656723
depth2_bal_MAAM,2,MAAM,9975,119700,0.03108885216837128,11.842233975728353,11.865803664071219,1.0,0.009138381201044387,0.0069358988701197005,0.013054830287206266,0.0003,1.0,1571.4889390468597
depth2_bal_MAAM,2,MAAM,10000,120000,0.02195805109416445,12.275712013244629,12.31435217176165,1.0,0.007832898172323759,0.007383376216579036,0.013054830287206266,0.0003,1.0,1577.5140390396118
depth2_bal_MAAM,2,MAAM,10025,120300,0.027006046225627262,11.957424481709799,12.03100038255964,1.0,0.006527415143603133,0.007383376216579036,0.013054830287206266,0.0003,1.0,1583.606859922409
depth2_bal_MAAM,2,MAAM,10050,120600,0.02307878915841381,12.350418090820312,12.424689401899066,1.0,0.006527415143603133,0.006712160196890032,0.013054830287206266,0.0003,1.0,1587.8543615341187
depth2_bal_MAAM,2,MAAM,10075,120900,0.34470048546791077,12.868563334147135,12.73720223563058,0.9099216710182768,0.006527415143603133,0.007383376216579036,0.013054830287206266,0.0003,1.0,1592.2223165035248
depth2_bal_MAAM,2,MAAM,10100,121200,0.031197562037656706,11.520689010620117,11.604892213003977,1.0,0.005221932114882507,0.007383376216579036,0.013054830287206266,0.0003,1.0,1597.6034755706787
depth2_bal_MAAM,2,MAAM,10125,121500,0.02872156413892905,11.844467480977377,11.885119002205984,1.0,0.005221932114882507,0.007607114889808703,0.013054830287206266,0.0003,1.0,1601.2754685878754
depth2_bal_MAAM,2,MAAM,10150,121800,0.02478946667785446,12.13303248087565,12.173697171892439,1.0,0.007832898172323759,0.007495245553193869,0.013054830287206266,0.0003,1.0,1606.0909299850464
depth2_bal_MAAM,2,MAAM,10175,122100,0.021293273350844782,12.48442808787028,12.55499461037772,1.0,0.009138381201044387,0.007942722899653205,0.013054830287206266,0.0003,1.0,1611.7477407455444
depth2_bal_MAAM,2,MAAM,10200,122400,0.05768821978320678,12.238922119140625,12.227286856515066,0.9964099216710183,0.009138381201044387,0.00839020024611254,0.013054830287206266,0.0003,1.0,1616.2891545295715
depth2_bal_MAAM,2,MAAM,10225,122700,0.03144509360815088,11.51400883992513,11.533710152762277,1.0,0.009138381201044387,0.007830853563038372,0.013054830287206266,0.0003,1.0,1619.9876737594604
depth2_bal_MAAM,2,MAAM,10250,123000,0.028379795762399834,11.81369145711263,11.863627733503069,1.0,0.006527415143603133,0.00805459223626804,0.013054830287206266,0.0003,1.0,1624.3121078014374
depth2_bal_MAAM,2,MAAM,10275,123300,0.48804982999960583,14.043355305989584,14.182177243913923,0.860313315926893,0.009138381201044387,0.010180109631949883,0.013054830287206266,0.0003,1.0,1628.4261274337769
depth2_bal_MAAM,2,MAAM,10300,123600,0.03679622026781241,11.184588750203451,11.213152258736747,1.0,0.007832898172323759,0.010068240295335049,0.013054830287206266,0.0003,1.0,1632.3780598640442
depth2_bal_MAAM,2,MAAM,10325,123900,0.03441685655464729,11.287038167317709,11.329927335466657,1.0,0.010443864229765013,0.00950889361226088,0.013054830287206266,0.0003,1.0,1636.341166973114
depth2_bal_MAAM,2,MAAM,10350,124200,0.03000207229827841,11.634660720825195,11.704608835492815,1.0,0.007832898172323759,0.008725808255957042,0.013054830287206266,0.0003,1.0,1640.6847627162933
depth2_bal_MAAM,2,MAAM,10375,124500,0.02502277089903752,11.932352701822916,12.031782286507744,1.0,0.009138381201044387,0.008725808255957042,0.013054830287206266,0.0003,1.0,1645.7588512897491
depth2_bal_MAAM,2,MAAM,10400,124800,0.020091253798455,12.50268268585205,12.53027891431536,1.0,0.010443864229765013,0.008837677592571876,0.013054830287206266,0.0003,1.0,1650.9392817020416
depth2_bal_MAAM,2,MAAM,10425,125100,1.527858555316925,12.954719543457031,12.998434230259486,0.6018276762402088,0.013054830287206266,0.010851325651638885,0.013054830287206266,0.0003,1.0,1655.3278620243073
depth2_bal_MAAM,2,MAAM,10450,125400,0.031789731389532484,11.249329249064127,11.252180671691894,1.0,0.010443864229765013,0.00894954692918671,0.013054830287206266,0.0003,1.0,1659.7349462509155
depth2_bal_MAAM,2,MAAM,10475,125700,0.03229385862747828,11.763971328735352,11.849230657305036,1.0,0.016971279373368148,0.00839020024611254,0.016971279373368148,0.0003,1.0,1663.6005859375
depth2_bal_MAAM,2,MAAM,10500,126000,0.025008761944870155,11.737923304239908,11.852718734741211,1.0,0.013054830287206266,0.008725808255957042,0.016971279373368148,0.0003,1.0,1667.20645570755
depth2_bal_MAAM,2,MAAM,10525,126300,0.03503737226128578,12.107213020324707,12.156186430794852,0.9993472584856397,0.010443864229765013,0.011634411007942724,0.016971279373368148,0.0003,1.0,1670.91836476326
depth2_bal_MAAM,2,MAAM,10550,126600,0.03195555228739977,11.085732777913412,11.132905578613281,1.0,0.013054830287206266,0.01096319498825372,0.016971279373368148,0.0003,1.0,1674.6987397670746
depth2_bal_MAAM,2,MAAM,10575,126900,0.027924961565683287,11.408669153849283,11.481380408150809,1.0,0.01174934725848564,0.010515717641794384,0.016971279373368148,0.0003,1.0,1678.6506035327911
depth2_bal_MAAM,2,MAAM,10600,127200,0.06074792705476284,11.98915926615397,11.95556035723005,0.9951044386422977,0.010443864229765013,0.010291978968564717,0.016971279373368148,0.0003,1.0,1682.7373361587524
depth2_bal_MAAM,2,MAAM,10625,127500,0.02643014770001173,11.338964780171713,11.326928383963448,1.0,0.013054830287206266,0.009844501622105381,0.016971279373368148,0.0003,1.0,1687.3491115570068
depth2_bal_MAAM,2,MAAM,10650,127800,0.028243744901070993,11.428382873535156,11.406692968096053,1.0,0.006527415143603133,0.010291978968564717,0.016971279373368148,0.0003,1.0,1691.5882964134216
depth2_bal_MAAM,2,MAAM,10675,128100,0.026725592867781717,11.409345626831055,11.432693372453961,1.0,0.01174934725848564,0.010068240295335049,0.016971279373368148,0.0003,1.0,1695.1628730297089
depth2_bal_MAAM,2,MAAM,10700,128400,0.014772826495269934,12.6379763285319,12.729545865740095,1.0,0.01174934725848564,0.010739456315024052,0.016971279373368148,0.0003,1.0,1699.2806544303894
depth2_bal_MAAM,2,MAAM,10725,128700,0.025586380157619715,11.197967847188314,11.261660957336426,1.0,0.015665796344647518,0.010851325651638885,0.016971279373368148,0.0003,1.0,1703.4283030033112
depth2_bal_MAAM,2,MAAM,10750,129000,0.025375933852046728,12.02008088429769,12.068433461870466,1.0,0.006527415143603133,0.011634411007942724,0.016971279373368148,0.0003,1.0,1707.487756729126
depth2_bal_MAAM,2,MAAM,10775,129300,0.0197224086150527,11.84793758392334,11.922367640904017,1.0,0.009138381201044387,0.01129880299809822,0.016971279373368148,0.0003,1.0,1711.172059059143
depth2_bal_MAAM,2,MAAM,10800,129600,0.02750264573842287,11.274303754170736,11.188493347167968,1.0,0.007832898172323759,0.011075064324868553,0.016971279373368148,0.0003,1.0,1714.9292562007904
depth2_bal_MAAM,2,MAAM,10825,129900,0.03165953715021411,10.838534673055014,10.781824520656041,1.0,0.009138381201044387,0.010627586978409218,0.016971279373368148,0.0003,1.0,1719.349336385727
depth2_bal_MAAM,2,MAAM,10850,130200,0.02818832794825236,11.117183367411295,11.10101590837751,1.0,0.01174934725848564,0.011410672334713054,0.016971279373368148,0.0003,1.0,1723.688841342926
depth2_bal_MAAM,2,MAAM,10875,130500,0.023577650853743155,11.442301432291666,11.418894522530692,1.0,0.010443864229765013,0.010627586978409218,0.016971279373368148,0.0003,1.0,1728.3006830215454
depth2_bal_MAAM,2,MAAM,10900,130800,0.09949016446868579,11.680506706237793,11.613349287850516,0.9908616187989556,0.013054830287206266,0.012976843047320729,0.016971279373368148,0.0003,1.0,1731.9638459682465
depth2_bal_MAAM,2,MAAM,10925,131100,0.033439644146710634,10.670153935750326,10.564010293143136,1.0,0.005221932114882507,0.013759928403624567,0.016971279373368148,0.0003,1.0,1736.436978340149
depth2_bal_MAAM,2,MAAM,10950,131400,0.03182746904591719,10.940877278645834,10.823455047607421,0.9996736292428199,0.007832898172323759,0.013424320393780064,0.016971279373368148,0.0003,1.0,1740.1847252845764
depth2_bal_MAAM,2,MAAM,10975,131700,0.02771691434706251,11.143811225891113,11.030103737967355,0.9996736292428199,0.010443864229765013,0.012976843047320729,0.016971279373368148,0.0003,1.0,1743.8321917057037
depth2_bal_MAAM,2,MAAM,11000,132000,0.03563246689736843,11.811197916666666,11.787498773847307,0.9977154046997389,0.014360313315926894,0.014319275086698736,0.016971279373368148,0.0003,1.0,1747.4298758506775
depth2_bal_MAAM,2,MAAM,11025,132300,0.031667714938521385,10.467878023783365,10.366891888209752,1.0,0.010443864229765013,0.015102360443002573,0.016971279373368148,0.0003,1.0,1752.9349420070648
depth2_bal_MAAM,2,MAAM,11050,132600,0.028810418987025816,10.693576494852701,10.614068848746163,1.0,0.01174934725848564,0.014654883096543237,0.016971279373368148,0.0003,1.0,1757.095766544342
depth2_bal_MAAM,2,MAAM,11075,132900,0.024872483996053536,10.992215474446615,10.922568184988839,1.0,0.014360313315926894,0.014207405750083902,0.016971279373368148,0.0003,1.0,1761.5271742343903
depth2_bal_MAAM,2,MAAM,11100,133200,0.022590862431873877,11.044037818908691,10.968383652823311,1.0,0.016971279373368148,0.01610918447253608,0.016971279373368148,0.0003,1.0,1765.0483229160309
depth2_bal_MAAM,2,MAAM,11125,133500,0.029631286083410185,10.284686724344889,10.197075162615095,1.0,0.015665796344647518,0.01644479248238058,0.016971279373368148,0.0003,1.0,1769.168181180954
depth2_bal_MAAM,2,MAAM,11150,133800,0.025954180397093296,10.572164535522461,10.49221384865897,1.0,0.016971279373368148,0.01644479248238058,0.016971279373368148,0.0003,1.0,1774.0430278778076
depth2_bal_MAAM,2,MAAM,11175,134100,0.1098157986998558,12.206754048665365,12.097676604134696,0.9800913838120104,0.009138381201044387,0.016221053809150912,0.016971279373368148,0.0003,1.0,1778.0747828483582
depth2_bal_MAAM,2,MAAM,11200,134400,0.020506891266753275,10.688099225362143,10.55482736315046,1.0,0.016971279373368148,0.016332923145765746,0.016971279373368148,0.0003,1.0,1781.8317730426788
depth2_bal_MAAM,2,MAAM,11225,134700,0.02461155690252781,10.399782180786133,10.316275487627301,1.0,0.016971279373368148,0.015997315135921245,0.016971279373368148,0.0003,1.0,1786.6544506549835
depth2_bal_MAAM,2,MAAM,11250,135000,0.021118374696622293,10.742817878723145,10.661970928737096,1.0,0.016971279373368148,0.016221053809150912,0.016971279373368148,0.0003,1.0,1790.8121421337128
depth2_bal_MAAM,2,MAAM,11275,135300,0.01814675486336152,11.047770182291666,10.994406155177526,1.0,0.018276762402088774,0.016221053809150912,0.018276762402088774,0.0003,1.0,1795.7174580097198
depth2_bal_MAAM,2,MAAM,11300,135600,0.024450958395997684,10.161757151285807,10.047048214503697,1.0,0.020887728459530026,0.020024611254055264,0.020887728459530026,0.0003,1.0,1800.435438156128
depth2_bal_MAAM,2,MAAM,11325,135900,0.029998671108235914,10.06756337483724,9.982828548976354,1.0,0.018276762402088774,0.020360219263899765,0.020887728459530026,0.0003,1.0,1805.4281187057495
depth2_bal_MAAM,2,MAAM,11350,136200,0.02303295365224282,10.3803923924764,10.30161647796631,1.0,0.020887728459530026,0.018794048551292093,0.020887728459530026,0.0003,1.0,1809.823227405548
depth2_bal_MAAM,2,MAAM,11375,136500,0.03275755668679873,10.890535990397135,10.784949384416853,0.9983681462140992,0.010443864229765013,0.018682179214677255,0.020887728459530026,0.0003,1.0,1813.8438293933868
depth2_bal_MAAM,2,MAAM,11400,136800,0.027478892511377733,9.808810234069824,9.703194264003209,1.0,0.024804177545691905,0.022038259313122272,0.024804177545691905,0.0003,1.0,1819.033088684082
depth2_bal_MAAM,2,MAAM,11425,137100,0.027676218499739964,9.861198425292969,9.747008568899972,1.0,0.02349869451697128,0.020583957937129433,0.024804177545691905,0.0003,1.0,1823.91272854805
depth2_bal_MAAM,2,MAAM,11450,137400,0.0494863037019968,10.343774795532227,10.187407929556711,0.9960835509138382,0.022193211488250653,0.0208076966103591,0.024804177545691905,0.0003,1.0,1828.1683239936829
depth2_bal_MAAM,2,MAAM,11475,137700,0.020384862863769133,10.448637008666992,10.328849492754255,1.0,0.020887728459530026,0.021255173956818436,0.024804177545691905,0.0003,1.0,1831.6889939308167
depth2_bal_MAAM,2,MAAM,11500,138000,0.017492003738880157,10.695310592651367,10.605893598284041,1.0,0.0195822454308094,0.02170265130327777,0.024804177545691905,0.0003,1.0,1835.8752562999725
depth2_bal_MAAM,2,MAAM,11525,138300,0.025205633758256834,9.675445238749186,9.60028201511928,1.0,0.02349869451697128,0.021814520639892605,0.024804177545691905,0.0003,1.0,1839.8242650032043
depth2_bal_MAAM,2,MAAM,11550,138600,0.026030757154027622,9.62289555867513,9.548371641976493,1.0,0.024804177545691905,0.02136704329343327,0.024804177545691905,0.0003,1.0,1843.3871855735779
depth2_bal_MAAM,2,MAAM,11575,138900,0.022530972647170227,9.913320223490397,9.852305221557618,1.0,0.022193211488250653,0.022150128649737106,0.024804177545691905,0.0003,1.0,1847.0637962818146
depth2_bal_MAAM,2,MAAM,11600,139200,0.5676267519593239,11.125649452209473,10.951706695556641,0.8204960835509139,0.02349869451697128,0.020919565946973934,0.024804177545691905,0.0003,1.0,1851.0610959529877
depth2_bal_MAAM,2,MAAM,11625,139500,0.0358986301968495,9.148627599080404,9.00903366633824,1.0,0.022193211488250653,0.027743595480478802,0.024804177545691905,0.0003,1.0,1855.1042311191559
depth2_bal_MAAM,2,MAAM,11650,139800,0.03371922795971235,9.173567454020182,9.041298566545759,1.0,0.024804177545691905,0.02572994742141179,0.024804177545691905,0.0003,1.0,1859.212679386139
depth2_bal_MAAM,2,MAAM,11675,140100,0.029572367512931425,9.367200215657553,9.268774686540876,1.0,0.028720626631853787,0.02572994742141179,0.028720626631853787,0.0003,1.0,1862.8010387420654
depth2_bal_MAAM,2,MAAM,11700,140400,0.0247787741633753,9.589840571085611,9.533525930132186,1.0,0.031331592689295036,0.026513032777715627,0.031331592689295036,0.0003,1.0,1867.2515461444855
depth2_bal_MAAM,2,MAAM,11725,140700,0.04911357288559278,10.216696421305338,10.115312494550432,0.9973890339425587,0.02741514360313316,0.02628929410448596,0.031331592689295036,0.0003,1.0,1872.3300104141235
depth2_bal_MAAM,2,MAAM,11750,141000,0.027352713514119387,9.08084487915039,9.013306181771414,1.0,0.031331592689295036,0.026736771450945294,0.031331592689295036,0.0003,1.0,1876.8252894878387
depth2_bal_MAAM,2,MAAM,11775,141300,0.02125148878743251,9.617968877156576,9.58649172101702,1.0,0.02741514360313316,0.02830294216355297,0.031331592689295036,0.0003,1.0,1881.55659532547
depth2_bal_MAAM,2,MAAM,11800,141600,0.021173637825995684,9.540445327758789,9.477417646135603,1.0,0.030026109660574413,0.027743595480478802,0.031331592689295036,0.0003,1.0,1885.5635573863983
depth2_bal_MAAM,2,MAAM,11825,141900,0.5523385852575302,11.07286802927653,10.819258553641182,0.8286553524804178,0.0195822454308094,0.027631726143863968,0.031331592689295036,0.0003,1.0,1889.3679723739624
depth2_bal_MAAM,2,MAAM,11850,142200,0.027591910989334185,8.783363024393717,8.672927406855992,1.0,0.030026109660574413,0.03165902226199799,0.031331592689295036,0.0003,1.0,1893.462655544281
depth2_bal_MAAM,2,MAAM,11875,142500,0.026585424629350502,8.870695114135742,8.760756329127721,1.0,0.031331592689295036,0.03065219823246448,0.031331592689295036,0.0003,1.0,1897.621859550476
depth2_bal_MAAM,2,MAAM,11900,142800,0.02281853479022781,9.12929662068685,9.0335294178554,1.0,0.030026109660574413,0.029980982212775478,0.031331592689295036,0.0003,1.0,1901.561716556549
depth2_bal_MAAM,2,MAAM,11925,143100,0.018844044922540586,9.42502212524414,9.34845643724714,1.0,0.030026109660574413,0.030764067569079314,0.031331592689295036,0.0003,1.0,1905.5972623825073
depth2_bal_MAAM,2,MAAM,11950,143400,0.0162830981425941,9.707366307576498,9.609607587541852,1.0,0.028720626631853787,0.029533504866316142,0.031331592689295036,0.0003,1.0,1910.3298120498657
depth2_bal_MAAM,2,MAAM,11975,143700,0.026406198584785063,8.877809206644693,8.804202938079834,1.0,0.02610966057441253,0.03356080098445016,0.031331592689295036,0.0003,1.0,1914.8659250736237
depth2_bal_MAAM,2,MAAM,12000,144000,0.026696210882316034,8.541080792744955,8.502166952405657,1.0,0.03263707571801567,0.033672670321064996,0.03263707571801567,0.0003,1.0,1920.0065088272095
depth2_bal_MAAM,2,MAAM,12025,144300,0.02315061182404558,8.786000887552897,8.758205713544573,1.0,0.031331592689295036,0.0340082783309095,0.03263707571801567,0.0003,1.0,1926.1126427650452
depth2_bal_MAAM,2,MAAM,12050,144600,0.020713902544230223,9.144702275594076,9.08828637259347,0.9996736292428199,0.031331592689295036,0.0340082783309095,0.03263707571801567,0.0003,1.0,1930.337990283966
depth2_bal_MAAM,2,MAAM,12075,144900,0.017029392533004284,9.338314056396484,9.262463896615165,1.0,0.033942558746736295,0.032442107618301824,0.033942558746736295,0.0003,1.0,1934.323518037796
depth2_bal_MAAM,2,MAAM,12100,145200,0.08115941596527894,9.11441739400228,8.996444947378976,0.9905352480417755,0.03263707571801567,0.03646940373643584,0.033942558746736295,0.0003,1.0,1938.5071291923523
depth2_bal_MAAM,2,MAAM,12125,145500,0.025543706491589546,8.344615936279297,8.300977161952428,1.0,0.031331592689295036,0.03635753439982101,0.033942558746736295,0.0003,1.0,1942.081992149353
depth2_bal_MAAM,2,MAAM,12150,145800,0.022268608988573153,8.585718472798666,8.53442715236119,1.0,0.03263707571801567,0.03635753439982101,0.033942558746736295,0.0003,1.0,1946.5303111076355
depth2_bal_MAAM,2,MAAM,12175,146100,0.02078182886665066,8.849260648091635,8.79167355128697,1.0,0.03263707571801567,0.03523884103367267,0.033942558746736295,0.0003,1.0,1951.4322245121002
depth2_bal_MAAM,2,MAAM,12200,146400,0.023306786625956494,9.234471321105957,9.161105292184013,0.9986945169712794,0.0391644908616188,0.03557444904351717,0.0391644908616188,0.0003,1.0,1955.540288925171
depth2_bal_MAAM,2,MAAM,12225,146700,0.024936941762765247,8.255505084991455,8.23030868257795,1.0,0.033942558746736295,0.037923705112428686,0.0391644908616188,0.0003,1.0,1960.117828130722
depth2_bal_MAAM,2,MAAM,12250,147000,0.024717049828420084,8.243008136749268,8.250625038146973,1.0,0.03655352480417755,0.03725248909273968,0.0391644908616188,0.0003,1.0,1964.2911028862
depth2_bal_MAAM,2,MAAM,12275,147300,0.021261501746873062,8.488011678059896,8.496568979535784,1.0,0.03263707571801567,0.03714061975612484,0.0391644908616188,0.0003,1.0,1967.7899222373962
depth2_bal_MAAM,2,MAAM,12300,147600,0.01800766959786415,8.751399040222168,8.766296904427664,1.0,0.0391644908616188,0.037476227765969344,0.0391644908616188,0.0003,1.0,1971.361010313034
depth2_bal_MAAM,2,MAAM,12325,147900,0.17103642039000988,9.08603572845459,9.09940310886928,0.95822454308094,0.037859007832898174,0.0419510012305627,0.0391644908616188,0.0003,1.0,1974.852840423584
depth2_bal_MAAM,2,MAAM,12350,148200,0.02547923708334565,8.155013084411621,8.074248436519078,1.0,0.033942558746736295,0.0419510012305627,0.0391644908616188,0.0003,1.0,1979.5251624584198
depth2_bal_MAAM,2,MAAM,12375,148500,0.02296516780431072,8.294390678405762,8.203262615203858,1.0,0.04177545691906005,0.0419510012305627,0.04177545691906005,0.0003,1.0,1983.1148269176483
depth2_bal_MAAM,2,MAAM,12400,148800,0.023736858274787664,8.684579531351725,8.602988570077079,1.0,0.037859007832898174,0.03960174516165119,0.04177545691906005,0.0003,1.0,1987.1207911968231
depth2_bal_MAAM,2,MAAM,12425,149100,0.016765252298985917,8.789955139160156,8.699407482147217,1.0,0.0391644908616188,0.041167915874258866,0.04177545691906005,0.0003,1.0,1991.5544476509094
depth2_bal_MAAM,2,MAAM,12450,149400,0.05212008316690723,9.622361501057943,9.528285762241909,0.9924934725848564,0.044386422976501305,0.041391654547488534,0.044386422976501305,0.0003,1.0,1997.360784292221
depth2_bal_MAAM,2,MAAM,12475,149700,0.02636638019854824,7.961249192555745,7.86647231238229,1.0,0.048302872062663184,0.04698512137823023,0.048302872062663184,0.0003,1.0,2001.3523387908936
depth2_bal_MAAM,2,MAAM,12500,150000,0.024930506944656372,8.055697123209635,7.9619631086077005,1.0,0.04569190600522193,0.04418838796285938,0.048302872062663184,0.0003,1.0,2005.1180851459503
depth2_bal_MAAM,2,MAAM,12525,150300,0.020794893925388653,8.245294570922852,8.1940050806318,1.0,0.044386422976501305,0.044412126636089046,0.048302872062663184,0.0003,1.0,2008.7453558444977
depth2_bal_MAAM,2,MAAM,12550,150600,0.017717407550662756,8.521867116292318,8.449265643528529,1.0,0.044386422976501305,0.04418838796285938,0.048302872062663184,0.0003,1.0,2012.6808259487152
depth2_bal_MAAM,2,MAAM,12575,150900,0.4674416333436966,8.24143123626709,8.226206534249442,0.8495430809399478,0.04177545691906005,0.0475444680613044,0.048302872062663184,0.0003,1.0,2016.7069222927094
depth2_bal_MAAM,2,MAAM,12600,151200,0.029151538542161386,7.687321821848552,7.582972826276507,1.0,0.0391644908616188,0.05034120147667524,0.048302872062663184,0.0003,1.0,2020.5508008003235
depth2_bal_MAAM,2,MAAM,12625,151500,0.026667744386941195,7.766946315765381,7.6838589259556365,1.0,0.04177545691906005,0.04933437744714174,0.048302872062663184,0.0003,1.0,2024.577338218689
depth2_bal_MAAM,2,MAAM,12650,151800,0.021241783009221155,8.15128787358602,8.075183323451451,1.0,0.04569190600522193,0.0482156840809934,0.048302872062663184,0.0003,1.0,2030.6637184619904
depth2_bal_MAAM,2,MAAM,12675,152100,0.019788250792771578,8.163048108418783,8.086044638497489,1.0,0.04177545691906005,0.04843942275422307,0.048302872062663184,0.0003,1.0,2035.510243177414
depth2_bal_MAAM,2,MAAM,12700,152400,0.01667291399401923,8.334957440694174,8.281517996106828,1.0,0.044386422976501305,0.04765633739791923,0.048302872062663184,0.0003,1.0,2039.3254933357239
depth2_bal_MAAM,2,MAAM,12725,152700,0.02972521601865689,8.936816215515137,8.835153198242187,0.9990208877284595,0.04699738903394256,0.04810381474437857,0.048302872062663184,0.0003,1.0,2043.2391710281372
depth2_bal_MAAM,2,MAAM,12750,153000,0.022359431100388367,7.6097259521484375,7.5334687914167136,1.0,0.044386422976501305,0.053921020248349924,0.048302872062663184,0.0003,1.0,2047.087504863739
depth2_bal_MAAM,2,MAAM,12775,153300,0.0219935638209184,7.674644788106282,7.605303532736642,1.0,0.048302872062663184,0.05324980422866092,0.048302872062663184,0.0003,1.0,2051.0643286705017
depth2_bal_MAAM,2,MAAM,12800,153600,0.01833638750637571,7.894304434458415,7.829276861463274,1.0,0.057441253263707574,0.05324980422866092,0.057441253263707574,0.0003,1.0,2055.388973236084
depth2_bal_MAAM,2,MAAM,12825,153900,0.016263467259705067,8.137691020965576,8.077470111846925,1.0,0.05221932114882506,0.05347354290189059,0.057441253263707574,0.0003,1.0,2060.13822722435
depth2_bal_MAAM,2,MAAM,12850,154200,0.02650899455572168,7.857800324757894,7.735280758993966,1.0,0.0731070496083551,0.059402617742476786,0.0731070496083551,0.0003,1.0,2064.878831386566
depth2_bal_MAAM,2,MAAM,12875,154500,0.02419107003758351,7.34043534596761,7.220650264195034,1.0,0.06919060052219321,0.059961964425550955,0.0731070496083551,0.0003,1.0,2068.761115550995
depth2_bal_MAAM,2,MAAM,12900,154800,0.021314474909255903,7.5071109135945635,7.385573550633022,1.0,0.06788511749347259,0.060521311108625124,0.0731070496083551,0.0003,1.0,2072.615401029587
depth2_bal_MAAM,2,MAAM,12925,155100,0.017861915131409962,7.71899429957072,7.610637283325195,1.0,0.06919060052219321,0.05973822575232129,0.0731070496083551,0.0003,1.0,2077.511708498001
depth2_bal_MAAM,2,MAAM,12950,155400,0.015576536068692803,7.915671189626058,7.792980589185443,1.0,0.06788511749347259,0.06130439646492896,0.0731070496083551,0.0003,1.0,2081.7310869693756
depth2_bal_MAAM,2,MAAM,12975,155700,0.49111353357632953,9.438313166300455,9.307124819074359,0.85411227154047,0.0639686684073107,0.060297572435395456,0.0731070496083551,0.0003,1.0,2085.5098440647125
depth2_bal_MAAM,2,MAAM,13000,156000,0.022998856225361426,7.042224407196045,7.034359523228237,1.0,0.07441253263707572,0.068016556661819,0.07441253263707572,0.0003,1.0,2089.5214700698853
depth2_bal_MAAM,2,MAAM,13025,156300,0.0210118832377096,7.179057916005452,7.13335542678833,1.0,0.0731070496083551,0.06700973263228549,0.07441253263707572,0.0003,1.0,2095.613201856613
depth2_bal_MAAM,2,MAAM,13050,156600,0.01798301748931408,7.420055071512858,7.366175474439348,1.0,0.07571801566579635,0.06846403400827833,0.07571801566579635,0.0003,1.0,2099.6836001873016
depth2_bal_MAAM,2,MAAM,13075,156900,0.01650105882436037,7.635187307993571,7.578712626865932,1.0,0.06919060052219321,0.06812842599843383,0.07571801566579635,0.0003,1.0,2103.457852602005
depth2_bal_MAAM,2,MAAM,13100,157200,0.01830548948297898,7.326777935028076,7.2921851566859655,1.0,0.0731070496083551,0.07349815415594585,0.07571801566579635,0.0003,1.0,2108.2145993709564
depth2_bal_MAAM,2,MAAM,13125,157500,0.023672526236623526,6.934905370076497,6.860115923200335,1.0,0.07180156657963446,0.07372189282917552,0.07571801566579635,0.0003,1.0,2114.422972202301
depth2_bal_MAAM,2,MAAM,13150,157800,0.02059825447698434,7.034412225087483,6.9807451111929755,1.0,0.07049608355091384,0.07640675690793154,0.07571801566579635,0.0003,1.0,2118.5348954200745
depth2_bal_MAAM,2,MAAM,13175,158100,0.01766670774668455,7.213380177815755,7.162771579197475,1.0,0.07702349869451697,0.07663049558116121,0.07702349869451697,0.0003,1.0,2123.517078399658
depth2_bal_MAAM,2,MAAM,13200,158400,0.4227752834558487,8.8453369140625,8.838901683262415,0.8740208877284595,0.07049608355091384,0.07372189282917552,0.07702349869451697,0.0003,1.0,2128.0819556713104
depth2_bal_MAAM,2,MAAM,13225,158700,0.021795571316033602,6.61743958791097,6.531823716844831,1.0,0.0783289817232376,0.08792929857925942,0.0783289817232376,0.0003,1.0,2131.8452553749084
depth2_bal_MAAM,2,MAAM,13250,159000,0.023777325327197712,6.549824237823486,6.4716030257088795,1.0,0.09007832898172324,0.08759369056941492,0.09007832898172324,0.0003,1.0,2136.1133375167847
depth2_bal_MAAM,2,MAAM,13275,159300,0.019447806912163895,6.682902495066325,6.6079206466674805,1.0,0.097911227154047,0.08815303725248909,0.097911227154047,0.0003,1.0,2140.0416724681854
depth2_bal_MAAM,2,MAAM,13300,159600,0.016317757312208414,6.845621744791667,6.778532586778913,1.0,0.09530026109660575,0.09039042398478576,0.097911227154047,0.0003,1.0,2144.1960275173187
depth2_bal_MAAM,2,MAAM,13325,159900,0.014167790223533908,6.978337287902832,6.897623443603516,1.0,0.0926892950391645,0.09318715740015662,0.097911227154047,0.0003,1.0,2148.098849773407
depth2_bal_MAAM,2,MAAM,13350,160200,0.1233116661508878,6.687508900960286,6.590878582000732,0.9794386422976501,0.09921671018276762,0.11041503523884104,0.09921671018276762,0.0003,1.0,2151.5586075782776
depth2_bal_MAAM,2,MAAM,13375,160500,0.027044449467211962,5.805951118469238,5.691273130689349,1.0,0.1122715404699739,0.11466607003020472,0.1122715404699739,0.0003,1.0,2155.119267463684
depth2_bal_MAAM,2,MAAM,13400,160800,0.0247625516106685,5.799729188283284,5.713959489549909,1.0,0.10966057441253264,0.11567289405973823,0.1122715404699739,0.0003,1.0,2159.1471853256226
depth2_bal_MAAM,2,MAAM,13425,161100,0.02093678154051304,5.853567123413086,5.793593093327114,1.0,0.12140992167101827,0.12137823022709475,0.12140992167101827,0.0003,1.0,2163.0803937911987
depth2_bal_MAAM,2,MAAM,13450,161400,0.01807086557770769,5.929453214009603,5.880500071389335,1.0,0.1174934725848564,0.12350374762277659,0.12140992167101827,0.0003,1.0,2166.713196992874
depth2_bal_MAAM,2,MAAM,13475,161700,0.01508830146243175,6.025422890981038,5.98642624446324,1.0,0.12663185378590078,0.12663608904799195,0.12663185378590078,0.0003,1.0,2170.609966278076
depth2_bal_MAAM,2,MAAM,13500,162000,0.012587327898169557,6.099270661671956,6.055575220925467,1.0,0.12663185378590078,0.1297684304732073,0.12663185378590078,0.0003,1.0,2174.3121662139893
depth2_bal_MAAM,2,MAAM,13525,162300,0.09946858199934165,5.656500180562337,5.629362228938511,0.9787859007832899,0.15274151436031333,0.15695267927061193,0.15274151436031333,0.0003,1.0,2178.1164462566376
depth2_bal_MAAM,2,MAAM,13550,162600,0.020678974998493988,4.869175434112549,4.888851724352155,1.0,0.16971279373368145,0.1681396129320953,0.16971279373368145,0.0003,1.0,2181.8209986686707
depth2_bal_MAAM,2,MAAM,13575,162900,0.018506315536797047,4.8551866213480634,4.889920439038958,1.0,0.17754569190600522,0.17194317037699966,0.17754569190600522,0.0003,1.0,2185.818161725998
depth2_bal_MAAM,2,MAAM,13600,163200,0.01576356279353301,4.902774016062419,4.924275602613177,1.0,0.17885117493472585,0.17843159190066002,0.17885117493472585,0.0003,1.0,2189.6180324554443
depth2_bal_MAAM,2,MAAM,13625,163500,0.028385907722016174,5.157968203226726,5.1751467296055385,0.9986945169712794,0.1671018276762402,0.1813401946526457,0.17885117493472585,0.0003,1.0,2193.3650891780853
depth2_bal_MAAM,2,MAAM,13650,163800,0.01144412726474305,4.866102536519368,4.924672617231097,1.0,0.19321148825065274,0.1918559122944401,0.19321148825065274,0.0003,1.0,2197.152184486389
depth2_bal_MAAM,2,MAAM,13675,164100,0.009771023721744617,4.855976263682048,4.907958780016218,1.0,0.19712793733681463,0.2021478912630048,0.19712793733681463,0.0003,1.0,2201.842260837555
depth2_bal_MAAM,2,MAAM,13700,164400,0.00829762767534703,4.828256766001384,4.897429207393102,1.0,0.2206266318537859,0.20986687548942834,0.2206266318537859,0.0003,1.0,2207.531037092209
depth2_bal_MAAM,2,MAAM,13725,164700,0.13026286909977594,3.0315261681874595,3.103007159914289,0.9748694516971279,0.34986945169712796,0.3196106947085804,0.34986945169712796,0.0003,1.0,2211.5740537643433
depth2_bal_MAAM,2,MAAM,13750,165000,0.024276756681501865,2.4750850200653076,2.545164510181972,1.0,0.39556135770234985,0.3863966886676362,0.39556135770234985,0.0003,1.0,2215.526303768158
depth2_bal_MAAM,2,MAAM,13775,165300,0.02105898472170035,2.2127416928609214,2.284306103842599,1.0,0.43733681462140994,0.42555095648282804,0.43733681462140994,0.0003,1.0,2219.351993560791
depth2_bal_MAAM,2,MAAM,13800,165600,0.017564804448435705,1.9811255534489949,2.0646521159580775,1.0,0.489556135770235,0.46750195771339076,0.489556135770235,0.0003,1.0,2223.0232651233673
depth2_bal_MAAM,2,MAAM,13825,165900,0.014720617095008492,1.776200532913208,1.8573183366230557,1.0,0.5339425587467362,0.5091173509341089,0.5339425587467362,0.0003,1.0,2227.020679950714
depth2_bal_MAAM,2,MAAM,13850,166200,0.01193007011897862,1.5643696387608845,1.6432297127587454,1.0,0.566579634464752,0.5571092963418727,0.566579634464752,0.0003,1.0,2230.9564332962036
depth2_bal_MAAM,2,MAAM,13875,166500,0.0102589075298359,1.3672464688618977,1.44253420148577,1.0,0.6201044386422977,0.5992840362456651,0.6201044386422977,0.0003,1.0,2235.6663687229156
depth2_bal_MAAM,2,MAAM,13900,166800,0.008489811249698201,1.203123966852824,1.2575043167386737,1.0,0.664490861618799,0.6451504642577469,0.664490861618799,0.0003,1.0,2239.197263240814
depth2_bal_MAAM,2,MAAM,13925,167100,0.007113053191763659,1.0403470993041992,1.0886658259800501,1.0,0.7154046997389034,0.6840809933997092,0.7154046997389034,0.0003,1.0,2244.065337896347
depth2_bal_MAAM,2,MAAM,13950,167400,0.005792645504698157,0.884880801041921,0.9117270129067557,1.0,0.7532637075718016,0.7321848081440877,0.7532637075718016,0.0003,1.0,2248.4351222515106
depth2_bal_MAAM,2,MAAM,13975,167700,0.004725128451051812,0.7194446325302124,0.7222721917288644,1.0,0.7885117493472585,0.7817429242644591,0.7885117493472585,0.0003,1.0,2252.4134340286255
depth2_bal_MAAM,2,MAAM,14000,168000,0.0038741416259047887,0.5395182371139526,0.5239885875156948,1.0,0.8302872062663186,0.8334265577805123,0.8302872062663186,0.0003,1.0,2256.9254059791565
depth2_bal_MAAM,2,MAAM,14025,168300,0.0031185168966961405,0.35670698682467145,0.33625223551477706,1.0,0.8903394255874674,0.8927173061863743,0.8903394255874674,0.0003,1.0,2261.3912296295166
depth2_bal_MAAM,2,MAAM,14050,168600,0.0024927535365956524,0.1978129893541336,0.1834389043705804,1.0,0.9347258485639687,0.9437297236827386,0.9347258485639687,0.0003,1.0,2265.1147594451904
depth2_bal_MAAM,2,MAAM,14075,168900,0.0020433363873356334,0.09499459216992061,0.09279417129499572,1.0,0.9751958224543081,0.9761718313010403,0.9751958224543081,0.0003,1.0,2268.884505748749
depth2_bal_MAAM,2,MAAM,14100,169200,0.0016730481875129044,0.045725494623184204,0.050064317243439814,1.0,0.9934725848563969,0.9907148450609687,0.9934725848563969,0.0003,1.0,2272.802145719528
depth2_bal_MAAM,2,MAAM,14125,169500,0.0014013356315748144,0.02458503594001134,0.029121430910059382,1.0,1.0,0.9956370958720214,1.0,0.0003,1.0,2276.6487958431244
depth2_bal_MAAM,2,MAAM,14150,169800,0.0011811881558969617,0.014793867866198221,0.01828666606119701,1.0,1.0,0.9982100906141627,1.0,0.0003,1.0,2280.7051095962524
depth2_bal_MAAM,2,MAAM,14175,170100,0.0009653160474651182,0.010163954459130764,0.012345361922468458,1.0,1.0,0.9989931759704664,1.0,0.0003,1.0,2284.7726349830627
depth2_bal_MAAM,2,MAAM,14200,170400,0.05432521389836135,0.3327716290950775,0.3164973727294377,0.983355091383812,0.8955613577023499,0.9007718984226424,1.0,0.0003,1.0,2288.911057949066
depth2_bal_MAAM,2,MAAM,14225,170700,0.003951485191161434,0.014390913459161917,0.015103635165308204,1.0,1.0,0.9996643919901554,1.0,0.0003,1.0,2295.6542506217957
depth2_bal_MAAM,2,MAAM,14250,171000,0.004081119589197139,0.011442306761940321,0.012517661015902246,1.0,1.0,0.9997762613267703,1.0,0.0003,1.0,2299.659155368805
depth2_bal_MAAM,2,MAAM,14275,171300,0.0035053237418954573,0.00900335485736529,0.01008991160030876,1.0,1.0,0.9998881306633851,1.0,0.0003,1.0,2303.2386927604675
depth2_bal_MAAM,2,MAAM,14300,171600,0.0029543223014722266,0.0072304545901715755,0.008170531410723925,1.0,1.0,0.9997762613267703,1.0,0.0003,1.0,2307.027047395706
depth2_bal_MAAM,2,MAAM,14325,171900,0.002476760904149463,0.005824528479327758,0.006639381365052291,1.0,1.0,0.9998881306633851,1.0,0.0003,1.0,2311.0487580299377
depth2_bal_MAAM,2,MAAM,14350,172200,0.0020750751136802137,0.00474607137342294,0.005424881114491395,1.0,1.0,1.0,1.0,0.0003,1.0,2314.647998571396
depth2_bal_MAAM,2,MAAM,14375,172500,0.0017387716119022418,0.003872702674319347,0.004439986683428288,1.0,1.0,1.0,1.0,0.0003,1.0,2318.45862364769
depth2_bal_MAAM,2,MAAM,14400,172800,0.0014532806332378339,0.0031926342441389957,0.0036483665595629386,1.0,1.0,1.0,1.0,0.0003,1.0,2322.0632405281067
depth2_bal_MAAM,2,MAAM,14425,173100,0.0012177870570061107,0.002653333513687054,0.003030341983373676,1.0,1.0,1.0,1.0,0.0003,1.0,2325.906373500824
depth2_bal_MAAM,2,MAAM,14450,173400,0.0010186063882429153,0.0022100390245517096,0.0025056382907288413,1.0,1.0,1.0,1.0,0.0003,1.0,2329.3134984970093
depth2_bal_MAAM,2,MAAM,14475,173700,0.0008529338956577703,0.0018485496984794736,0.0020813213561528495,1.0,1.0,1.0,1.0,0.0003,1.0,2333.0536530017853
depth2_bal_MAAM,2,MAAM,14500,174000,0.0007158029766287655,0.001560760506739219,0.0017437019252351353,1.0,1.0,1.0,1.0,0.0003,1.0,2336.6185207366943
depth2_bal_MAAM,2,MAAM,14525,174300,0.0006001685736312842,0.001317380500646929,0.0014597369557512658,1.0,1.0,1.0,1.0,0.0003,1.0,2340.5256254673004
depth2_bal_MAAM,2,MAAM,14550,174600,0.0005036128908007717,0.0011218247818760574,0.001240385598170438,1.0,1.0,1.0,1.0,0.0003,1.0,2343.9552223682404
depth2_bal_MAAM,2,MAAM,14575,174900,0.00042277599034908536,0.000962468582050254,0.0010574651632591018,1.0,1.0,1.0,1.0,0.0003,1.0,2347.498216867447
depth2_bal_MAAM,2,MAAM,14600,175200,0.00035498259239830077,0.0008304221749616166,0.0009039661165193788,1.0,1.0,1.0,1.0,0.0003,1.0,2351.23565864563
depth2_bal_MAAM,2,MAAM,14625,175500,0.000297846080987559,0.0007164926112939914,0.0007810051486428295,1.0,1.0,1.0,1.0,0.0003,1.0,2356.65118265152
depth2_bal_MAAM,2,MAAM,14650,175800,0.0002505143117256618,0.0006274323483618597,0.0006839130240093384,1.0,1.0,1.0,1.0,0.0003,1.0,2360.8406205177307
depth2_bal_MAAM,2,MAAM,14675,176100,0.00021128585891953358,0.0005445028364192694,0.0006039157468226871,1.0,1.0,1.0,1.0,0.0003,1.0,2365.4193110466003
depth2_bal_MAAM,2,MAAM,14700,176400,0.00017798801854951307,0.00046848520287312567,0.0005330742918886244,1.0,1.0,1.0,1.0,0.0003,1.0,2375.235473871231
depth2_bal_MAAM,2,MAAM,14725,176700,0.00014986147046632445,0.0004078456258866936,0.0004800925771373191,1.0,1.0,1.0,1.0,0.0003,1.0,2380.6643359661102
depth2_bal_MAAM,2,MAAM,14750,177000,0.00012636499013751745,0.00034742871260580915,0.00043563824604331915,1.0,1.0,1.0,1.0,0.0003,1.0,2385.2913780212402
depth2_bal_MAAM,2,MAAM,14775,177300,0.00010704160801348432,0.00030108732850446057,0.000394843885442242,1.0,1.0,1.0,1.0,0.0003,1.0,2389.0389716625214
depth2_bal_MAAM,2,MAAM,14800,177600,9.023863033993014e-05,0.0002700292437414949,0.0003801658242342195,1.0,1.0,1.0,1.0,0.0003,1.0,2393.0745844841003
depth2_bal_MAAM,2,MAAM,14825,177900,7.647350988312003e-05,0.00023959725028059134,0.0003597876580897719,1.0,1.0,1.0,1.0,0.0003,1.0,2396.6056096553802
depth2_bal_MAAM,2,MAAM,14850,178200,6.455263671038362e-05,0.00020942223879198232,0.0003293378174670839,1.0,1.0,1.0,1.0,0.0003,1.0,2401.0877006053925
depth2_bal_MAAM,2,MAAM,14875,178500,5.4737343513503824e-05,0.00019116021091273674,0.00031732168842739026,1.0,1.0,1.0,1.0,0.0003,1.0,2404.605636358261
depth2_bal_MAAM,2,MAAM,14900,178800,4.632541549653979e-05,0.0001686077036235171,0.0003072683917707764,1.0,1.0,1.0,1.0,0.0003,1.0,2408.5882704257965
depth2_bal_MAAM,2,MAAM,14925,179100,3.928471718002887e-05,0.00015675415731190392,0.0002954158196059455,1.0,1.0,1.0,1.0,0.0003,1.0,2412.77721619606
depth2_bal_MAAM,2,MAAM,14950,179400,3.336301233503036e-05,0.0001446309058034482,0.00029244164782409954,1.0,1.0,1.0,1.0,0.0003,1.0,2416.3292615413666
depth2_bal_MAAM,2,MAAM,14975,179700,2.8249008664715802e-05,0.0001316467605647631,0.0002741329638021333,1.0,1.0,1.0,1.0,0.0003,1.0,2420.3153290748596
depth2_bal_MAAM,2,MAAM,15000,180000,2.403112133227599e-05,0.00011871466025089224,0.00025475927603630614,1.0,1.0,1.0,1.0,0.0003,1.0,2424.761384010315
depth2_bal_MAAM,2,MAAM,15025,180300,2.0469191895244876e-05,0.00011385987697091575,0.00023756414188288286,1.0,1.0,1.0,1.0,0.0003,1.0,2430.2517223358154
depth2_bal_MAAM,2,MAAM,15050,180600,1.7378550182911567e-05,0.00010599702121301864,0.00023797726503939234,1.0,1.0,1.0,1.0,0.0003,1.0,2434.3937940597534
depth2_bal_MAAM,2,MAAM,15075,180900,1.481027129557333e-05,9.690180741017684e-05,0.00024225583381069424,1.0,1.0,1.0,1.0,0.0003,1.0,2438.3650448322296
depth2_bal_MAAM,2,MAAM,15100,181200,1.2640355407711468e-05,9.398290664345647e-05,0.00021967879978806843,1.0,1.0,1.0,1.0,0.0003,1.0,2441.991696357727
depth2_bal_MAAM,2,MAAM,15125,181500,1.0731808743003057e-05,8.468581715230054e-05,0.00020850411882357937,1.0,1.0,1.0,1.0,0.0003,1.0,2445.795470714569
depth2_bal_MAAM,2,MAAM,15150,181800,9.102419956737625e-06,7.806976039622289e-05,0.0001857217006285542,1.0,1.0,1.0,1.0,0.0003,1.0,2449.730705976486
depth2_bal_MAAM,2,MAAM,15175,182100,7.819122515684285e-06,7.140297505732936e-05,0.00017528819922258014,1.0,1.0,1.0,1.0,0.0003,1.0,2453.9599471092224
depth2_bal_MAAM,2,MAAM,15200,182400,6.664025628803453e-06,5.981346475891769e-05,0.0001562255972593058,1.0,1.0,1.0,1.0,0.0003,1.0,2457.8919117450714
depth2_bal_MAAM,2,MAAM,15225,182700,5.706533139952323e-06,4.991422823271326e-05,0.00012846312347392086,1.0,1.0,1.0,1.0,0.0003,1.0,2461.939641714096
depth2_bal_MAAM,2,MAAM,15250,183000,4.870235481272782e-06,4.569158500089543e-05,0.00011416677524331525,1.0,1.0,1.0,1.0,0.0003,1.0,2466.9370279312134
depth2_bal_MAAM,2,MAAM,15275,183300,4.156516486849189e-06,4.167855756046871e-05,0.00011089476933453365,1.0,1.0,1.0,1.0,0.0003,1.0,2471.0537164211273
depth2_bal_MAAM,2,MAAM,15300,183600,3.552124117807883e-06,3.0672312580766935e-05,8.47329841885117e-05,1.0,1.0,1.0,1.0,0.0003,1.0,2474.5173604488373
depth2_bal_MAAM,2,MAAM,15325,183900,3.0320731146578814e-06,2.4630794238570768e-05,7.511006658335515e-05,1.0,1.0,1.0,1.0,0.0003,1.0,2477.979338169098
depth2_bal_MAAM,2,MAAM,15350,184200,2.625171797869067e-06,2.1365807090963546e-05,6.175109787623764e-05,1.0,1.0,1.0,1.0,0.0003,1.0,2481.402120113373
depth2_bal_MAAM,2,MAAM,15375,184500,2.222147164350948e-06,1.592625039847917e-05,4.570134745206035e-05,1.0,1.0,1.0,1.0,0.0003,1.0,2485.0673978328705
depth2_bal_MAAM,2,MAAM,15400,184800,1.9015728582871816e-06,1.4267380114082092e-05,3.909693720873163e-05,1.0,1.0,1.0,1.0,0.0003,1.0,2489.0783705711365
depth2_bal_MAAM,2,MAAM,15425,185100,1.6399206875424472e-06,1.136330592999002e-05,2.981783793854577e-05,1.0,1.0,1.0,1.0,0.0003,1.0,2493.2602689266205
depth2_bal_MAAM,2,MAAM,15450,185400,1.4054357203955685e-06,9.593531406911401e-06,2.147891243242027e-05,1.0,1.0,1.0,1.0,0.0003,1.0,2497.0892894268036
depth2_bal_MAAM,2,MAAM,15475,185700,0.0065485365921631455,0.024616959194342296,0.020066740177571773,1.0,0.9960835509138382,0.9975388745944737,1.0,0.0003,1.0,2502.1045336723328
depth2_bal_MAAM,2,MAAM,15500,186000,0.007324964079695444,0.02016875147819519,0.018143660069576333,1.0,0.9973890339425587,0.9980982212775478,1.0,0.0003,1.0,2505.9892840385437
depth2_bal_MAAM,2,MAAM,15525,186300,0.005897873779758811,0.016370927914977074,0.01462303554373128,1.0,0.9973890339425587,0.9987694372972368,1.0,0.0003,1.0,2510.026567697525
depth2_bal_MAAM,2,MAAM,15550,186600,0.004514037126985689,0.013216846622526646,0.01163673395557063,1.0,0.9986945169712794,0.9988813066338517,1.0,0.0003,1.0,2514.009240627289
depth2_bal_MAAM,2,MAAM,15575,186900,0.003417494590394199,0.010489855272074541,0.009225878651653018,1.0,0.9986945169712794,0.9989931759704664,1.0,0.0003,1.0,2517.528247356415
depth2_bal_MAAM,2,MAAM,15600,187200,0.0026054925207669535,0.008207838361461958,0.007383148478610175,1.0,0.9986945169712794,0.999328783980311,1.0,0.0003,1.0,2521.0916283130646
depth2_bal_MAAM,2,MAAM,15625,187500,0.0019913928990717977,0.006420692273726066,0.005977867064731462,1.0,1.0,0.9994406533169258,1.0,0.0003,1.0,2525.6296515464783
depth2_bal_MAAM,2,MAAM,15650,187800,0.0015317654178943485,0.0049737996111313505,0.004859564360231161,1.0,1.0,0.9995525226535407,1.0,0.0003,1.0,2529.9570293426514
depth2_bal_MAAM,2,MAAM,15675,188100,0.001194649744623651,0.003907477405543129,0.003965206244694335,1.0,1.0,0.9996643919901554,1.0,0.0003,1.0,2534.3566732406616
depth2_bal_MAAM,2,MAAM,15700,188400,0.0009438651177333668,0.0032013454474508762,0.0033242153602519205,1.0,1.0,0.9996643919901554,1.0,0.0003,1.0,2538.0519835948944
depth2_bal_MAAM,2,MAAM,15725,188700,0.0007582194472585494,0.002643716366340717,0.0028779891718711172,1.0,1.0,0.9996643919901554,1.0,0.0003,1.0,2542.0270245075226
depth2_bal_MAAM,2,MAAM,15750,189000,0.0006137971698384111,0.002213947164515654,0.002525596916010337,1.0,1.0,0.9997762613267703,1.0,0.0003,1.0,2546.420745611191
depth2_bal_MAAM,2,MAAM,15775,189300,0.0005001130703021772,0.0018855176555613677,0.0022992916704554643,1.0,1.0,0.9997762613267703,1.0,0.0003,1.0,2550.1014316082
depth2_bal_MAAM,2,MAAM,15800,189600,0.0004098826029803604,0.001672200489944468,0.0021421505554047016,1.0,1.0,0.9996643919901554,1.0,0.0003,1.0,2553.369205713272
depth2_bal_MAAM,2,MAAM,15825,189900,0.00033684047230053693,0.0015062664945920308,0.001994305180518755,1.0,1.0,0.9997762613267703,1.0,0.0003,1.0,2557.448810338974
depth2_bal_MAAM,2,MAAM,15850,190200,0.0002783747816768785,0.001359718987563004,0.0018642028328031302,1.0,1.0,0.9997762613267703,1.0,0.0003,1.0,2561.6391756534576
depth2_bal_MAAM,2,MAAM,15875,190500,0.00023103751300368458,0.0012407599133439362,0.0017225558944379113,1.0,1.0,0.9997762613267703,1.0,0.0003,1.0,2565.3640642166138
depth2_bal_MAAM,2,MAAM,15900,190800,0.00019214628264307976,0.0012195780388234805,0.0016369518333314253,1.0,1.0,0.9997762613267703,1.0,0.0003,1.0,2568.8329887390137
depth2_bal_MAAM,2,MAAM,15925,191100,0.00016027200035750866,0.0011809739420035232,0.001533651099141155,1.0,1.0,0.9997762613267703,1.0,0.0003,1.0,2572.6717822551727
depth2_bal_MAAM,2,MAAM,15950,191400,0.00013373872207012028,0.0011018816245875012,0.0013853781623765827,1.0,1.0,0.9997762613267703,1.0,0.0003,1.0,2576.666158914566
depth2_bal_MAAM,2,MAAM,15975,191700,0.00011215586224958922,0.0010743019035241257,0.0012858100634600435,1.0,1.0,0.9998881306633851,1.0,0.0003,1.0,2580.8588378429413
depth2_bal_MAAM,2,MAAM,16000,192000,9.439955708027507e-05,0.0010490958714702476,0.0011697271493695943,1.0,1.0,0.9998881306633851,1.0,0.0003,1.0,2584.7912657260895
depth2_bal_MAAM,2,MAAM,16025,192300,7.941609086022557e-05,0.0009975365731709946,0.0010482018031845136,1.0,1.0,0.9998881306633851,1.0,0.0003,1.0,2590.302926301956
depth2_bal_MAAM,2,MAAM,16050,192600,6.702011705783661e-05,0.0010244936662881325,0.0009424926430386092,1.0,1.0,0.9998881306633851,1.0,0.0003,1.0,2594.444941520691
depth2_bal_MAAM,2,MAAM,16075,192900,5.657523373277703e-05,0.0011255939025431871,0.0008892122117686085,1.0,1.0,0.9998881306633851,1.0,0.0003,1.0,2597.933507204056
depth2_bal_MAAM,2,MAAM,16100,193200,4.7909194715127036e-05,0.0011931037030687246,0.0007923214866813006,1.0,1.0,0.9998881306633851,1.0,0.0003,1.0,2601.7342619895935
depth2_bal_MAAM,2,MAAM,16125,193500,4.0509407275142926e-05,0.0011671142880610812,0.0006735647340454827,1.0,1.0,0.9998881306633851,1.0,0.0003,1.0,2605.6712758541107
depth2_bal_MAAM,2,MAAM,16150,193800,3.445299080340192e-05,0.0012077008407989827,0.0005838561152423998,1.0,0.9986945169712794,0.9998881306633851,1.0,0.0003,1.0,2609.26460146904
depth2_bal_MAAM,2,MAAM,16175,194100,2.9242472616412368e-05,0.0013207218895937938,0.000483556958871694,1.0,0.9986945169712794,0.9998881306633851,1.0,0.0003,1.0,2613.029763698578
depth2_bal_MAAM,2,MAAM,16200,194400,2.484057146527145e-05,0.0011532154203450773,0.0003646440167878089,1.0,0.9986945169712794,1.0,1.0,0.0003,1.0,2616.5331869125366
depth2_bal_MAAM,2,MAAM,16225,194700,2.1145046654661808e-05,0.0012834652334277052,0.00032602402955360176,1.0,0.9986945169712794,1.0,1.0,0.0003,1.0,2620.1562063694
depth2_bal_MAAM,2,MAAM,16250,195000,1.800682593966485e-05,0.0012810898030390188,0.00026269555507626915,1.0,0.9986945169712794,1.0,1.0,0.0003,1.0,2623.5452053546906
depth2_bal_MAAM,2,MAAM,16275,195300,1.53687365885465e-05,0.001101502733945381,0.00021895576314169115,1.0,0.9986945169712794,1.0,1.0,0.0003,1.0,2627.755136013031
depth2_bal_MAAM,2,MAAM,16300,195600,1.3124868928571232e-05,0.0010763409785189044,0.00018905438737419898,1.0,0.9986945169712794,1.0,1.0,0.0003,1.0,2631.6428558826447
depth2_bal_MAAM,2,MAAM,16325,195900,1.1184911803259942e-05,0.0009203126076802922,0.0001606193979179287,1.0,1.0,1.0,1.0,0.0003,1.0,2635.1119332313538
depth2_bal_MAAM,2,MAAM,16350,196200,9.59963548060235e-06,0.0008542418442326986,0.00012197276851761022,1.0,1.0,1.0,1.0,0.0003,1.0,2638.83026266098
depth2_bal_MAAM,2,MAAM,16375,196500,8.215995270196194e-06,0.0008130370897561079,0.00010937661338955098,1.0,1.0,1.0,1.0,0.0003,1.0,2642.6533217430115
depth2_bal_MAAM,2,MAAM,16400,196800,7.032345024526876e-06,0.0006956811054503002,9.376733027498371e-05,1.0,1.0,1.0,1.0,0.0003,1.0,2646.3304858207703
depth2_bal_MAAM,2,MAAM,16425,197100,6.01727549565112e-06,0.0005083293972347747,7.593109977668583e-05,1.0,1.0,1.0,1.0,0.0003,1.0,2649.927856206894
depth2_bal_MAAM,2,MAAM,16450,197400,5.156410982939026e-06,0.0003842225924017839,6.127700328631494e-05,1.0,1.0,1.0,1.0,0.0003,1.0,2653.7021021842957
depth2_bal_MAAM,2,MAAM,16475,197700,4.427192910346396e-06,0.00030887421902055695,5.081390920947472e-05,1.0,1.0,1.0,1.0,0.0003,1.0,2657.431650161743
depth2_bal_MAAM,2,MAAM,16500,198000,3.8024319148159216e-06,0.00025975016948602086,4.143527868499015e-05,1.0,1.0,1.0,1.0,0.0003,1.0,2661.8723499774933
depth2_bal_MAAM,2,MAAM,16525,198300,3.272831330984142e-06,0.0001931057389204701,3.182753184124262e-05,1.0,1.0,1.0,1.0,0.0003,1.0,2665.4723596572876
depth2_bal_MAAM,2,MAAM,16550,198600,2.8042090889357496e-06,0.00012876806658823625,2.7208972018602903e-05,1.0,1.0,1.0,1.0,0.0003,1.0,2669.70446228981
depth2_bal_MAAM,2,MAAM,16575,198900,2.3974867720729285e-06,0.00010191127269839247,2.1496848174657704e-05,1.0,1.0,1.0,1.0,0.0003,1.0,2676.5369176864624
depth2_bal_MAAM,2,MAAM,16600,199200,2.066676794735637e-06,7.685136885508352e-05,1.7665179400085307e-05,1.0,1.0,1.0,1.0,0.0003,1.0,2682.3139605522156
depth2_bal_MAAM,2,MAAM,16625,199500,1.781364905658241e-06,6.73284434924426e-05,1.513002058085736e-05,1.0,1.0,1.0,1.0,0.0003,1.0,2686.2437620162964
depth2_bal_MAAM,2,MAAM,16650,199800,1.5282223178777106e-06,5.074093868036774e-05,1.2293894315007492e-05,1.0,1.0,1.0,1.0,0.0003,1.0,2690.0508358478546
depth2_bal_MAAM,2,MAAM,16675,200100,1.3221863923718047e-06,3.4920313889112244e-05,1.0150358678272045e-05,1.0,1.0,1.0,1.0,0.0003,1.0,2694.298260450363
depth2_bal_MAAM,2,MAAM,16700,200400,1.1456484874846258e-06,2.8094801791667123e-05,8.155050695027707e-06,1.0,1.0,1.0,1.0,0.0003,1.0,2698.576360464096
depth2_bal_MAAM,2,MAAM,16725,200700,9.859369498599335e-07,2.4937307368115096e-05,6.293618103622326e-06,1.0,1.0,1.0,1.0,0.0003,1.0,2702.349696159363
depth2_bal_MAAM,2,MAAM,16750,201000,8.588003055365334e-07,1.943325135774406e-05,5.160719735743312e-06,1.0,1.0,1.0,1.0,0.0003,1.0,2706.0054094791412
depth2_bal_MAAM,2,MAAM,16775,201300,7.420997386968035e-07,1.5982692427011596e-05,4.202236027595063e-06,1.0,1.0,1.0,1.0,0.0003,1.0,2710.262230157852
depth2_bal_MAAM,2,MAAM,16800,201600,6.518316363705404e-07,1.235265294023217e-05,3.412483835875589e-06,1.0,1.0,1.0,1.0,0.0003,1.0,2714.0148215293884
depth2_bal_MAAM,2,MAAM,16825,201900,5.681966636454187e-07,1.0587940475185556e-05,2.8850027742269697e-06,1.0,1.0,1.0,1.0,0.0003,1.0,2717.5774705410004
depth2_bal_MAAM,2,MAAM,16850,202200,5.046164256820399e-07,9.77810297323837e-06,2.4413589991516867e-06,1.0,1.0,1.0,1.0,0.0003,1.0,2720.6781873703003
depth2_bal_MAAM,2,MAAM,16875,202500,4.5096654825253307e-07,8.026992683577797e-06,2.083817688409389e-06,1.0,1.0,1.0,1.0,0.0003,1.0,2724.075407266617
depth2_bal_MAAM,2,MAAM,16900,202800,4.017028511308733e-07,7.105726770835948e-06,1.791609292922658e-06,1.0,1.0,1.0,1.0,0.0003,1.0,2727.61731505394
depth2_bal_MAAM,2,MAAM,16925,203100,3.632219810848862e-07,6.21687502189161e-06,1.5618378142789879e-06,1.0,1.0,1.0,1.0,0.0003,1.0,2731.2991185188293
depth2_bal_MAAM,2,MAAM,16950,203400,3.2541831984644887e-07,5.4294734847341415e-06,1.321010605741841e-06,1.0,1.0,1.0,1.0,0.0003,1.0,2735.3202114105225
depth2_bal_MAAM,2,MAAM,16975,203700,2.926580483138726e-07,4.7197482331284846e-06,1.1454426482617107e-06,1.0,1.0,1.0,1.0,0.0003,1.0,2739.1568846702576
depth2_bal_MAAM,2,MAAM,17000,204000,2.680781416112647e-07,4.323081933913879e-06,1.0134015984216862e-06,1.0,1.0,1.0,1.0,0.0003,1.0,2742.688018798828
depth2_bal_MAAM,2,MAAM,17025,204300,2.4202114090599025e-07,3.7763986142635986e-06,8.723330162346039e-07,1.0,1.0,1.0,1.0,0.0003,1.0,2747.3394401073456
depth2_bal_MAAM,2,MAAM,17050,204600,2.181435026689845e-07,3.0318368544612895e-06,7.677192359421627e-07,1.0,1.0,1.0,1.0,0.0003,1.0,2750.9700667858124
depth2_bal_MAAM,2,MAAM,17075,204900,1.9002858190712382e-07,2.4119790964505228e-06,6.599336172387536e-07,1.0,1.0,1.0,1.0,0.0003,1.0,2754.444249391556
depth2_bal_MAAM,2,MAAM,17100,205200,1.5472219298355108e-07,2.195604092018281e-06,5.516505528443564e-07,1.0,1.0,1.0,1.0,0.0003,1.0,2757.912729740143
depth2_bal_MAAM,2,MAAM,17125,205500,8.532240218054692e-08,1.5390219137619472e-06,3.6875539178384184e-07,1.0,1.0,1.0,1.0,0.0003,1.0,2761.5687339305878
depth2_bal_MAAM,2,MAAM,17150,205800,0.007852349275102219,0.014016536685327688,0.01462929288723639,1.0,1.0,1.0,1.0,0.0003,1.0,2765.3096714019775
depth2_bal_MAAM,2,MAAM,17175,206100,0.009778956727435192,0.014014134804407755,0.014474369638732502,1.0,1.0,1.0,1.0,0.0003,1.0,2768.919924736023
depth2_bal_MAAM,2,MAAM,17200,206400,0.0036575173920330903,0.0055440012365579605,0.005737389690641846,1.0,1.0,1.0,1.0,0.0003,1.0,2772.61350274086
depth2_bal_MAAM,2,MAAM,17225,206700,0.001776808804910009,0.002978398697450757,0.003065198440370815,1.0,1.0,1.0,1.0,0.0003,1.0,2776.3876814842224
depth2_bal_MAAM,2,MAAM,17250,207000,0.0010659800027497113,0.0019428868933270376,0.002019180347477751,1.0,1.0,1.0,1.0,0.0003,1.0,2780.211451292038
depth2_bal_MAAM,2,MAAM,17275,207300,0.000731324185229217,0.0014172242566322286,0.0015105288542274918,1.0,1.0,1.0,1.0,0.0003,1.0,2783.589797973633
depth2_bal_MAAM,2,MAAM,17300,207600,0.0005336895701475441,0.0011133720399811864,0.0011932731439758624,1.0,1.0,1.0,1.0,0.0003,1.0,2787.2801129817963
depth2_bal_MAAM,2,MAAM,17325,207900,0.00040191457568046946,0.0009027351431238154,0.0009913301195151039,1.0,1.0,1.0,1.0,0.0003,1.0,2790.855259180069
depth2_bal_MAAM,2,MAAM,17350,208200,0.00030830783119502786,0.0007299493493822714,0.000831691559869796,1.0,1.0,1.0,1.0,0.0003,1.0,2794.85906791687
depth2_bal_MAAM,2,MAAM,17375,208500,0.00023988036142933802,0.000599474529735744,0.0006826436878847224,1.0,1.0,1.0,1.0,0.0003,1.0,2798.2522554397583
depth2_bal_MAAM,2,MAAM,17400,208800,0.00018736228230409324,0.0004940096696373075,0.0005565752316865005,1.0,1.0,1.0,1.0,0.0003,1.0,2801.885316133499
depth2_bal_MAAM,2,MAAM,17425,209100,0.0001480557160296788,0.00041823213299115497,0.0004598736571746745,1.0,1.0,1.0,1.0,0.0003,1.0,2805.1871263980865
depth2_bal_MAAM,2,MAAM,17450,209400,0.00011858629477501381,0.00034105977586780983,0.0003847946113507662,1.0,1.0,1.0,1.0,0.0003,1.0,2809.027191400528
depth2_bal_MAAM,2,MAAM,17475,209700,9.59402865798135e-05,0.00027660572474511963,0.0003265406541426533,1.0,1.0,1.0,1.0,0.0003,1.0,2812.6155490875244
depth2_bal_MAAM,2,MAAM,17500,210000,7.84436851972714e-05,0.000234086939599365,0.00026557941122778826,1.0,1.0,1.0,1.0,0.0003,1.0,2816.453229904175
depth2_bal_MAAM,2,MAAM,17525,210300,6.435400488650582e-05,0.0001881261462888991,0.00022480857691594533,1.0,1.0,1.0,1.0,0.0003,1.0,2820.284622192383
depth2_bal_MAAM,2,MAAM,17550,210600,5.3166382106913566e-05,0.0001604890179199477,0.0001913307055864217,1.0,1.0,1.0,1.0,0.0003,1.0,2823.7319374084473
depth2_bal_MAAM,2,MAAM,17575,210900,4.4476295139853996e-05,0.00013488349213730544,0.00015547000117034518,1.0,1.0,1.0,1.0,0.0003,1.0,2827.4082362651825
depth2_bal_MAAM,2,MAAM,17600,211200,3.7295774139541514e-05,0.0001158740560640581,0.00013531054553043629,1.0,1.0,1.0,1.0,0.0003,1.0,2830.8346621990204
depth2_bal_MAAM,2,MAAM,17625,211500,3.153585824596424e-05,9.808213993286093e-05,0.00011196212248510814,1.0,1.0,1.0,1.0,0.0003,1.0,2834.544773340225
depth2_bal_MAAM,2,MAAM,17650,211800,2.659021690002798e-05,8.559916022932157e-05,9.623552967760979e-05,1.0,1.0,1.0,1.0,0.0003,1.0,2838.251629590988
depth2_bal_MAAM,2,MAAM,17675,212100,2.27278730259665e-05,7.15086158985893e-05,8.157157135428861e-05,1.0,1.0,1.0,1.0,0.0003,1.0,2841.4667892456055
depth2_bal_MAAM,2,MAAM,17700,212400,1.9062034880334977e-05,6.13943472368798e-05,6.927835701000211e-05,1.0,1.0,1.0,1.0,0.0003,1.0,2845.0111734867096
depth2_bal_MAAM,2,MAAM,17725,212700,1.6240082989800914e-05,5.305249578668736e-05,5.967841747665911e-05,1.0,1.0,1.0,1.0,0.0003,1.0,2848.8224289417267
depth2_bal_MAAM,2,MAAM,17750,213000,1.383425850084071e-05,4.6363552731539435e-05,5.257483395065979e-05,1.0,1.0,1.0,1.0,0.0003,1.0,2852.373780965805
depth2_bal_MAAM,2,MAAM,17775,213300,1.1798319746958441e-05,4.049806132873831e-05,4.497004005575686e-05,1.0,1.0,1.0,1.0,0.0003,1.0,2856.0357937812805
depth2_bal_MAAM,2,MAAM,17800,213600,1.0102716184216357e-05,3.467070807043152e-05,3.920678775882282e-05,1.0,1.0,1.0,1.0,0.0003,1.0,2859.58366894722
depth2_bal_MAAM,2,MAAM,17825,213900,8.681966467823562e-06,2.929734485708953e-05,3.37370851671689e-05,1.0,1.0,1.0,1.0,0.0003,1.0,2863.6473026275635
depth2_bal_MAAM,2,MAAM,17850,214200,7.457681893659658e-06,2.5892885484305832e-05,2.876851769022843e-05,1.0,1.0,1.0,1.0,0.0003,1.0,2867.4080398082733
depth2_bal_MAAM,2,MAAM,17875,214500,6.3946511090762215e-06,2.1851484537667904e-05,2.54389712478899e-05,1.0,1.0,1.0,1.0,0.0003,1.0,2871.5839216709137
depth2_bal_MAAM,2,MAAM,17900,214800,5.514468436255508e-06,1.868631200826106e-05,2.225746060763153e-05,1.0,1.0,1.0,1.0,0.0003,1.0,2875.7918560504913
depth2_bal_MAAM,2,MAAM,17925,215100,4.715798051317203e-06,1.6809529370220844e-05,1.9883994355041068e-05,1.0,1.0,1.0,1.0,0.0003,1.0,2879.685141801834
depth2_bal_MAAM,2,MAAM,17950,215400,4.071208081768418e-06,1.4466457893528665e-05,1.752665328759966e-05,1.0,1.0,1.0,1.0,0.0003,1.0,2883.00892496109
depth2_bal_MAAM,2,MAAM,17975,215700,3.5144818374040674e-06,1.2759177176728068e-05,1.79738161802691e-05,1.0,1.0,1.0,1.0,0.0003,1.0,2886.437178134918
depth2_bal_MAAM,2,MAAM,18000,216000,3.0173832972953583e-06,1.080325455404818e-05,1.3142982788849622e-05,1.0,1.0,1.0,1.0,0.0003,1.0,2890.0975217819214
depth2_bal_MAAM,2,MAAM,18025,216300,2.598779322700769e-06,9.184769623971079e-06,1.1157751915951459e-05,1.0,1.0,1.0,1.0,0.0003,1.0,2895.632695913315
depth2_bal_MAAM,2,MAAM,18050,216600,2.2411539930544677e-06,8.009199821875276e-06,9.944337398337666e-06,1.0,1.0,1.0,1.0,0.0003,1.0,2899.2401337623596
depth2_bal_MAAM,2,MAAM,18075,216900,1.9461421724524066e-06,6.944851217364582e-06,8.19327923246809e-06,1.0,1.0,1.0,1.0,0.0003,1.0,2903.0787148475647
depth2_bal_MAAM,2,MAAM,18100,217200,1.6787294233229961e-06,6.118396868259879e-06,7.148917471308128e-06,1.0,1.0,1.0,1.0,0.0003,1.0,2907.030380010605
depth2_bal_MAAM,2,MAAM,18125,217500,1.4389544560344802e-06,5.390963603228253e-06,6.319136238224538e-06,1.0,1.0,1.0,1.0,0.0003,1.0,2910.3409521579742
depth2_bal_MAAM,2,MAAM,18150,217800,1.2645358348587858e-06,4.849703145737294e-06,6.275113394492239e-06,1.0,1.0,1.0,1.0,0.0003,1.0,2913.672781229019
depth2_bal_MAAM,2,MAAM,18175,218100,1.0986993856931804e-06,4.252066294914887e-06,5.2945181063738085e-06,1.0,1.0,1.0,1.0,0.0003,1.0,2917.0011656284332
depth2_bal_MAAM,2,MAAM,18200,218400,9.508071012002498e-07,3.5846367154590553e-06,4.131426931053284e-06,1.0,1.0,1.0,1.0,0.0003,1.0,2920.6820981502533
depth2_bal_MAAM,2,MAAM,18225,218700,8.328973090480455e-07,3.161200766044203e-06,3.7342644580868573e-06,1.0,1.0,1.0,1.0,0.0003,1.0,2924.311867952347
depth2_bal_MAAM,2,MAAM,18250,219000,7.313356983710643e-07,2.7778710318671074e-06,3.4684705172237175e-06,1.0,1.0,1.0,1.0,0.0003,1.0,2927.7672748565674
depth2_bal_MAAM,2,MAAM,18275,219300,6.436850365313754e-07,2.54806824765789e-06,3.141756191585695e-06,1.0,1.0,1.0,1.0,0.0003,1.0,2931.373677968979
depth2_bal_MAAM,2,MAAM,18300,219600,5.635901250874061e-07,2.145689525908286e-06,2.472328891859174e-06,1.0,1.0,1.0,1.0,0.0003,1.0,2935.057181119919
depth2_bal_MAAM,2,MAAM,18325,219900,5.031743720943874e-07,1.960772048429741e-06,2.1503622747331976e-06,1.0,1.0,1.0,1.0,0.0003,1.0,2938.866312980652
depth2_bal_MAAM,2,MAAM,18350,220200,0.0010918473077860351,0.005877043508614103,0.00777764563182635,1.0,1.0,0.997986351940933,1.0,0.0003,1.0,2942.3541305065155
depth2_bal_MAAM,2,MAAM,18375,220500,0.009338450152426958,0.016095022360483806,0.017136253975331785,1.0,1.0,1.0,1.0,0.0003,1.0,2946.148634672165
depth2_bal_MAAM,2,MAAM,18400,220800,0.007663831890871127,0.011570453022917112,0.012775758307959352,1.0,1.0,1.0,1.0,0.0003,1.0,2949.7658388614655
depth2_bal_MAAM,2,MAAM,18425,221100,0.002969575192158421,0.005014780287941297,0.005462017642068011,1.0,1.0,1.0,1.0,0.0003,1.0,2953.4056837558746
depth2_bal_MAAM,2,MAAM,18450,221400,0.0012062482225398223,0.0022730082273483276,0.0025058740683432134,1.0,1.0,1.0,1.0,0.0003,1.0,2957.223737716675
depth2_bal_MAAM,2,MAAM,18475,221700,0.0006489046694089969,0.0013171437506874402,0.001509695769553738,1.0,1.0,1.0,1.0,0.0003,1.0,2961.6312544345856
depth2_bal_MAAM,2,MAAM,18500,222000,0.003919891314581037,0.011630266594390074,0.012268132343888283,1.0,0.9986945169712794,0.999328783980311,1.0,0.0003,1.0,2965.593145132065
depth2_bal_MAAM,2,MAAM,18525,222300,0.0073422708082944155,0.014701707909504572,0.015207205180610929,1.0,1.0,0.9997762613267703,1.0,0.0003,1.0,2969.424437046051
depth2_bal_MAAM,2,MAAM,18550,222600,0.006319291967277725,0.011897142666081587,0.012452988539423261,1.0,1.0,1.0,1.0,0.0003,1.0,2973.0065689086914
depth2_bal_MAAM,2,MAAM,18575,222900,0.0051033607839296264,0.009253642211357752,0.0099129301362804,1.0,1.0,1.0,1.0,0.0003,1.0,2976.472231388092
depth2_bal_MAAM,2,MAAM,18600,223200,0.004084688863561799,0.007212464231997728,0.007844977506569454,1.0,1.0,1.0,1.0,0.0003,1.0,2979.877809524536
depth2_bal_MAAM,2,MAAM,18625,223500,0.003250295160493503,0.0056739758389691515,0.006193292300615992,1.0,1.0,1.0,1.0,0.0003,1.0,2983.2682695388794
depth2_bal_MAAM,2,MAAM,18650,223800,0.002576675770493845,0.004531617742031813,0.0049301054860864365,1.0,1.0,1.0,1.0,0.0003,1.0,2987.055730819702
depth2_bal_MAAM,2,MAAM,18675,224100,0.0020507026735382774,0.0036745519222070775,0.00399191309697926,1.0,1.0,1.0,1.0,0.0003,1.0,2990.9350004196167
depth2_bal_MAAM,2,MAAM,18700,224400,0.0016387949193206925,0.0030126317869871855,0.0032747765271259207,1.0,1.0,1.0,1.0,0.0003,1.0,2995.003226041794
depth2_bal_MAAM,2,MAAM,18725,224700,0.0013205706297109525,0.0024970160642017922,0.0027266663565699545,1.0,1.0,1.0,1.0,0.0003,1.0,2998.636220932007
depth2_bal_MAAM,2,MAAM,18750,225000,0.0010703402319146942,0.002090134114647905,0.0022896660092685903,1.0,1.0,1.0,1.0,0.0003,1.0,3002.185570001602
depth2_bal_MAAM,2,MAAM,18775,225300,0.000869737661560066,0.001779477228410542,0.001939734281040728,1.0,1.0,1.0,1.0,0.0003,1.0,3006.3925218582153
depth2_bal_MAAM,2,MAAM,18800,225600,0.0007111418623632441,0.001501126796938479,0.0016406988525497063,1.0,1.0,1.0,1.0,0.0003,1.0,3009.757818222046
depth2_bal_MAAM,2,MAAM,18825,225900,0.0005815484570727373,0.001275006216019392,0.0013916870213246772,1.0,1.0,1.0,1.0,0.0003,1.0,3013.486695766449
depth2_bal_MAAM,2,MAAM,18850,226200,0.0004780983823972444,0.001069621571029226,0.0011785787496981876,1.0,1.0,1.0,1.0,0.0003,1.0,3016.963968038559
depth2_bal_MAAM,2,MAAM,18875,226500,0.0003934731673022422,0.0008941771617780129,0.0009928846332643714,1.0,1.0,1.0,1.0,0.0003,1.0,3020.6184096336365
depth2_bal_MAAM,2,MAAM,18900,226800,0.00032552423848149675,0.000762668865111967,0.0008532028811584626,1.0,1.0,1.0,1.0,0.0003,1.0,3024.1380655765533
depth2_bal_MAAM,2,MAAM,18925,227100,0.0002689735047169961,0.0006438352478047212,0.0007232740937199976,1.0,1.0,1.0,1.0,0.0003,1.0,3027.6013045310974
depth2_bal_MAAM,2,MAAM,18950,227400,0.00022355348119162954,0.0005455894085268179,0.0006133517724395331,1.0,1.0,1.0,1.0,0.0003,1.0,3031.363067626953
depth2_bal_MAAM,2,MAAM,18975,227700,0.0001860814227256924,0.0004596459330059588,0.000520224791918216,1.0,1.0,1.0,1.0,0.0003,1.0,3034.7463145256042
depth2_bal_MAAM,2,MAAM,19000,228000,0.00015485508144289875,0.0003920078355198105,0.0004422894263240908,1.0,1.0,1.0,1.0,0.0003,1.0,3038.1301074028015
depth2_bal_MAAM,2,MAAM,19025,228300,0.000129674355169603,0.0003292285934245835,0.0003722622533262308,1.0,1.0,1.0,1.0,0.0003,1.0,3042.7694544792175
depth2_bal_MAAM,2,MAAM,19050,228600,0.00010895099148910958,0.0002786775294225663,0.00031630474591760763,1.0,1.0,1.0,1.0,0.0003,1.0,3046.1952555179596
depth2_bal_MAAM,2,MAAM,19075,228900,9.113483793043997e-05,0.00022949400590732694,0.0002635182692236932,1.0,1.0,1.0,1.0,0.0003,1.0,3050.0443789958954
depth2_bal_MAAM,2,MAAM,19100,229200,7.680037621563922e-05,0.00019417275325395167,0.00022230766023442682,1.0,1.0,1.0,1.0,0.0003,1.0,3053.7031614780426
depth2_bal_MAAM,2,MAAM,19125,229500,6.480890624516178e-05,0.00016275107918772846,0.00018709939530318868,1.0,1.0,1.0,1.0,0.0003,1.0,3057.496902704239
depth2_bal_MAAM,2,MAAM,19150,229800,5.485376368596917e-05,0.0001375802191129575,0.00015859501831333285,1.0,1.0,1.0,1.0,0.0003,1.0,3060.909681081772
depth2_bal_MAAM,2,MAAM,19175,230100,4.610844340883583e-05,0.00011527820849247898,0.00013475101482721843,1.0,1.0,1.0,1.0,0.0003,1.0,3064.415192127228
depth2_bal_MAAM,2,MAAM,19200,230400,3.922675568901468e-05,9.78510773469073e-05,0.00011472711609842788,1.0,1.0,1.0,1.0,0.0003,1.0,3067.7815177440643
