run_id,depth,schedule,epoch,step,train_loss,val_loss,test_loss,train_acc,val_acc,test_acc,best_val_acc_so_far,learning_rate,weight_decay,elapsed_time_seconds
depth2_bal_AAMM,2,AAMM,1,12,4.734377503395081,4.735537528991699,4.733409895215716,0.011422976501305483,0.0026109660574412533,0.00839020024611254,0.0026109660574412533,0.0003,1.0,0.9294025897979736
depth2_bal_AAMM,2,AAMM,25,300,4.383790850639343,5.262350400288899,5.239203820909773,0.044712793733681463,0.0,0.004139165454748853,0.0026109660574412533,0.0003,1.0,5.595968723297119
depth2_bal_AAMM,2,AAMM,50,600,3.666468381881714,6.475929260253906,6.422953305925642,0.12369451697127937,0.0026109660574412533,0.0023492560689115116,0.0026109660574412533,0.0003,1.0,9.251337051391602
depth2_bal_AAMM,2,AAMM,75,900,2.6095351775487265,8.332349141438803,8.479327637808664,0.3276762402088773,0.0013054830287206266,0.0045866428012081885,0.0026109660574412533,0.0003,1.0,13.076375007629395
depth2_bal_AAMM,2,AAMM,100,1200,1.6252773602803547,10.91912873586019,11.182440212794713,0.5796344647519582,0.0026109660574412533,0.006152813513815863,0.0026109660574412533,0.0003,1.0,16.986526250839233
depth2_bal_AAMM,2,AAMM,125,1500,0.9373425543308258,13.592761357625326,13.922582353864398,0.785574412532637,0.0039164490861618795,0.00548159749412686,0.0039164490861618795,0.0003,1.0,21.130176305770874
depth2_bal_AAMM,2,AAMM,150,1800,0.5181456357240677,15.752152442932129,16.21485456739153,0.9180809399477807,0.0039164490861618795,0.004251034791363687,0.0039164490861618795,0.0003,1.0,24.944804906845093
depth2_bal_AAMM,2,AAMM,175,2100,0.31335364033778507,16.93281618754069,17.473082896641323,0.9784595300261096,0.0026109660574412533,0.005929074840586196,0.0039164490861618795,0.0003,1.0,28.475430250167847
depth2_bal_AAMM,2,AAMM,200,2400,0.22703728700677553,17.438937505086262,17.95943750653948,0.9947780678851175,0.005221932114882507,0.006040944177201029,0.005221932114882507,0.0003,1.0,32.24916195869446
depth2_bal_AAMM,2,AAMM,225,2700,0.23614957059423128,17.547047932942707,18.104886518205916,0.9856396866840731,0.005221932114882507,0.007159637543349368,0.005221932114882507,0.0003,1.0,37.92045593261719
depth2_bal_AAMM,2,AAMM,250,3000,0.16477701688806215,17.47321955362956,18.038545935494557,0.9983681462140992,0.0039164490861618795,0.006600290860275198,0.005221932114882507,0.0003,1.0,42.068894386291504
depth2_bal_AAMM,2,AAMM,275,3300,0.14876695101459822,17.689673741658527,18.251734106881276,0.9973890339425587,0.006527415143603133,0.006152813513815863,0.006527415143603133,0.0003,1.0,45.52791404724121
depth2_bal_AAMM,2,AAMM,300,3600,0.11866253614425659,17.533315658569336,18.099583871023995,0.9993472584856397,0.005221932114882507,0.007383376216579036,0.006527415143603133,0.0003,1.0,50.74579572677612
depth2_bal_AAMM,2,AAMM,325,3900,0.12365973368287086,17.674013137817383,18.28185544695173,0.9990208877284595,0.0039164490861618795,0.007047768206734534,0.006527415143603133,0.0003,1.0,55.700135707855225
depth2_bal_AAMM,2,AAMM,350,4200,0.11191910753647487,17.910120010375977,18.442527280535018,0.9980417754569191,0.006527415143603133,0.007383376216579036,0.006527415143603133,0.0003,1.0,60.165942907333374
depth2_bal_AAMM,2,AAMM,375,4500,0.30585478742917377,17.10824203491211,17.59568808419364,0.943864229765013,0.005221932114882507,0.00839020024611254,0.006527415143603133,0.0003,1.0,63.82742476463318
depth2_bal_AAMM,2,AAMM,400,4800,0.09944425026575725,16.582321802775066,17.086184883117674,1.0,0.005221932114882507,0.007830853563038372,0.006527415143603133,0.0003,1.0,68.69511866569519
depth2_bal_AAMM,2,AAMM,425,5100,0.09286617860198021,17.060460408528645,17.557151303972518,1.0,0.01174934725848564,0.008278330909497707,0.01174934725848564,0.0003,1.0,73.68194246292114
depth2_bal_AAMM,2,AAMM,450,5400,0.347118412454923,16.4046532313029,16.89889259338379,0.9242819843342036,0.005221932114882507,0.009732632285490548,0.01174934725848564,0.0003,1.0,78.37916421890259
depth2_bal_AAMM,2,AAMM,475,5700,0.09306778448323409,16.070177396138508,16.539539228166852,1.0,0.0039164490861618795,0.007495245553193869,0.01174934725848564,0.0003,1.0,83.06781935691833
depth2_bal_AAMM,2,AAMM,500,6000,0.08686720207333565,16.60745366414388,17.05982723236084,1.0,0.0026109660574412533,0.007047768206734534,0.01174934725848564,0.0003,1.0,88.22508430480957
depth2_bal_AAMM,2,AAMM,525,6300,0.08781470047930877,17.186615626017254,17.72535002572196,0.9990208877284595,0.0039164490861618795,0.009397024275646046,0.01174934725848564,0.0003,1.0,93.50985288619995
depth2_bal_AAMM,2,AAMM,550,6600,0.06235455380131801,16.328237533569336,16.801535660879953,1.0,0.006527415143603133,0.00928515493903121,0.01174934725848564,0.0003,1.0,98.5968496799469
depth2_bal_AAMM,2,AAMM,575,6900,0.07843822178741296,15.967634518941244,16.453442519051688,1.0,0.006527415143603133,0.00928515493903121,0.01174934725848564,0.0003,1.0,103.47966957092285
depth2_bal_AAMM,2,AAMM,600,7200,0.07406957447528839,16.624248504638672,17.109338896615164,0.9996736292428199,0.007832898172323759,0.009061416265801543,0.01174934725848564,0.0003,1.0,108.30326414108276
depth2_bal_AAMM,2,AAMM,625,7500,0.16325255731741586,15.897332827250162,16.438217762538365,0.9872715404699739,0.0026109660574412533,0.01096319498825372,0.01174934725848564,0.0003,1.0,112.38234400749207
depth2_bal_AAMM,2,AAMM,650,7800,0.0790482417990764,15.363247553507486,15.78777117047991,1.0,0.006527415143603133,0.00928515493903121,0.01174934725848564,0.0003,1.0,117.60529780387878
depth2_bal_AAMM,2,AAMM,675,8100,0.07424794137477875,15.911170641581217,16.375647735595702,0.9996736292428199,0.006527415143603133,0.00894954692918671,0.01174934725848564,0.0003,1.0,122.67655539512634
depth2_bal_AAMM,2,AAMM,700,8400,0.18572928508122763,15.806869188944498,16.26338073185512,0.9778067885117493,0.007832898172323759,0.009397024275646046,0.01174934725848564,0.0003,1.0,127.59207701683044
depth2_bal_AAMM,2,AAMM,725,8700,0.07607515839238961,15.115325291951498,15.560336085728236,1.0,0.005221932114882507,0.009732632285490548,0.01174934725848564,0.0003,1.0,131.53627634048462
depth2_bal_AAMM,2,AAMM,750,9000,0.06991962250322104,15.76494566599528,16.17531942640032,1.0,0.007832898172323759,0.009173285602416377,0.01174934725848564,0.0003,1.0,135.73357796669006
depth2_bal_AAMM,2,AAMM,775,9300,0.06150894953558842,16.34950574239095,16.830011776515416,1.0,0.006527415143603133,0.010739456315024052,0.01174934725848564,0.0003,1.0,140.31160473823547
depth2_bal_AAMM,2,AAMM,800,9600,0.07304914854466915,14.832775751749674,15.238524000985281,1.0,0.009138381201044387,0.010739456315024052,0.01174934725848564,0.0003,1.0,144.47368240356445
depth2_bal_AAMM,2,AAMM,825,9900,0.0767039122680823,14.797219594319662,15.180204336983817,1.0,0.009138381201044387,0.009397024275646046,0.01174934725848564,0.0003,1.0,148.76833128929138
depth2_bal_AAMM,2,AAMM,850,10200,0.06953316740691662,15.403885841369629,15.81248013632638,1.0,0.007832898172323759,0.009844501622105381,0.01174934725848564,0.0003,1.0,152.56830716133118
depth2_bal_AAMM,2,AAMM,875,10500,0.7908352836966515,16.171319643656414,16.74917553492955,0.77088772845953,0.0195822454308094,0.01152254167132789,0.0195822454308094,0.0003,1.0,156.45989108085632
depth2_bal_AAMM,2,AAMM,900,10800,0.06980367936193943,14.536408424377441,14.875306674412318,1.0,0.009138381201044387,0.009844501622105381,0.0195822454308094,0.0003,1.0,162.74472188949585
depth2_bal_AAMM,2,AAMM,925,11100,0.06873156502842903,15.033357302347818,15.390194184439522,1.0,0.01174934725848564,0.009732632285490548,0.0195822454308094,0.0003,1.0,168.7062051296234
depth2_bal_AAMM,2,AAMM,950,11400,0.06089033248523871,15.593104044596354,15.955343546186175,1.0,0.010443864229765013,0.010627586978409218,0.0195822454308094,0.0003,1.0,172.65938019752502
depth2_bal_AAMM,2,AAMM,975,11700,0.30859911690155667,14.477871576944986,14.892408534458704,0.9422323759791122,0.006527415143603133,0.011186933661483387,0.0195822454308094,0.0003,1.0,177.0884029865265
depth2_bal_AAMM,2,AAMM,1000,12000,0.07065195217728615,14.335240681966146,14.644595554896764,1.0,0.009138381201044387,0.01040384830517955,0.0195822454308094,0.0003,1.0,181.4125759601593
depth2_bal_AAMM,2,AAMM,1025,12300,0.06633314800759156,14.858500480651855,15.177213205610002,1.0,0.01174934725848564,0.01096319498825372,0.0195822454308094,0.0003,1.0,186.63101959228516
depth2_bal_AAMM,2,AAMM,1050,12600,0.05805195930103461,15.521465301513672,15.81319522857666,1.0,0.010443864229765013,0.010851325651638885,0.0195822454308094,0.0003,1.0,190.52940225601196
depth2_bal_AAMM,2,AAMM,1075,12900,0.8168544520934423,14.628692309061686,15.06515759059361,0.7565274151436031,0.014360313315926894,0.011186933661483387,0.0195822454308094,0.0003,1.0,194.94818878173828
depth2_bal_AAMM,2,AAMM,1100,13200,0.0691204834729433,14.071956316630045,14.352763366699218,1.0,0.01174934725848564,0.011075064324868553,0.0195822454308094,0.0003,1.0,198.97355389595032
depth2_bal_AAMM,2,AAMM,1125,13500,0.06383046166350444,14.589394569396973,14.890889058794293,1.0,0.010443864229765013,0.011075064324868553,0.0195822454308094,0.0003,1.0,202.74502062797546
depth2_bal_AAMM,2,AAMM,1150,13800,0.05571603930244843,15.137663841247559,15.430249323163714,1.0,0.009138381201044387,0.01129880299809822,0.0195822454308094,0.0003,1.0,206.5924654006958
depth2_bal_AAMM,2,AAMM,1175,14100,0.06266456842422485,14.508984565734863,14.746734837123325,1.0,0.015665796344647518,0.011634411007942724,0.0195822454308094,0.0003,1.0,210.3278603553772
depth2_bal_AAMM,2,AAMM,1200,14400,0.06482065344850223,14.204033533732096,14.46683864593506,1.0,0.007832898172323759,0.011075064324868553,0.0195822454308094,0.0003,1.0,214.60783004760742
depth2_bal_AAMM,2,AAMM,1225,14700,0.05618173691133658,14.805593808492025,15.05154732295445,1.0,0.007832898172323759,0.011970019017787225,0.0195822454308094,0.0003,1.0,219.06902718544006
depth2_bal_AAMM,2,AAMM,1250,15000,0.05099588570495447,15.356120427449545,15.608942331586565,1.0,0.010443864229765013,0.011075064324868553,0.0195822454308094,0.0003,1.0,223.90163922309875
depth2_bal_AAMM,2,AAMM,1275,15300,0.14093322741488615,13.875896453857422,14.172361591884068,0.9941253263707572,0.007832898172323759,0.012976843047320729,0.0195822454308094,0.0003,1.0,228.03076720237732
depth2_bal_AAMM,2,AAMM,1300,15600,0.06593444229414065,13.870761235555014,14.104073197501046,1.0,0.007832898172323759,0.012529365700861394,0.0195822454308094,0.0003,1.0,232.12016320228577
depth2_bal_AAMM,2,AAMM,1325,15900,0.05776275973767042,14.36635939280192,14.623878615243095,1.0,0.010443864229765013,0.011075064324868553,0.0195822454308094,0.0003,1.0,236.34152817726135
depth2_bal_AAMM,2,AAMM,1350,16200,0.05402858524272839,14.973591804504395,15.213467924935477,1.0,0.007832898172323759,0.01241749636424656,0.0195822454308094,0.0003,1.0,241.02644038200378
depth2_bal_AAMM,2,AAMM,1375,16500,0.7922425419092178,13.978110313415527,14.260766274588448,0.758485639686684,0.015665796344647518,0.012193757691016893,0.0195822454308094,0.0003,1.0,245.29952239990234
depth2_bal_AAMM,2,AAMM,1400,16800,0.06334291771054268,13.718697547912598,13.917141805376325,1.0,0.009138381201044387,0.013759928403624567,0.0195822454308094,0.0003,1.0,249.71686387062073
depth2_bal_AAMM,2,AAMM,1425,17100,0.0584023908401529,14.190388361612955,14.39094044821603,1.0,0.010443864229765013,0.01331245105716523,0.0195822454308094,0.0003,1.0,254.80809497833252
depth2_bal_AAMM,2,AAMM,1450,17400,0.05133760037521521,14.730267524719238,14.919713919503348,1.0,0.005221932114882507,0.013648059067009733,0.0195822454308094,0.0003,1.0,259.3631925582886
depth2_bal_AAMM,2,AAMM,1475,17700,0.05973716266453266,15.369805335998535,15.560017694745746,0.9986945169712794,0.007832898172323759,0.012193757691016893,0.0195822454308094,0.0003,1.0,263.1872010231018
depth2_bal_AAMM,2,AAMM,1500,18000,0.05739892087876797,13.69167677561442,13.883433096749442,1.0,0.009138381201044387,0.013983667076854235,0.0195822454308094,0.0003,1.0,267.67454290390015
depth2_bal_AAMM,2,AAMM,1525,18300,0.056928020591537155,13.968522389729818,14.183178165980747,1.0,0.006527415143603133,0.012976843047320729,0.0195822454308094,0.0003,1.0,272.5605537891388
depth2_bal_AAMM,2,AAMM,1550,18600,0.05196997678528229,14.53797976175944,14.712597383771623,1.0,0.009138381201044387,0.014095536413469069,0.0195822454308094,0.0003,1.0,277.01786494255066
depth2_bal_AAMM,2,AAMM,1575,18900,0.08763342723250389,15.38351821899414,15.432050813947406,0.9941253263707572,0.01174934725848564,0.013536189730394898,0.0195822454308094,0.0003,1.0,281.2530572414398
depth2_bal_AAMM,2,AAMM,1600,19200,0.05897906515747309,13.567636807759603,13.710979924883162,1.0,0.009138381201044387,0.013648059067009733,0.0195822454308094,0.0003,1.0,286.058810710907
depth2_bal_AAMM,2,AAMM,1625,19500,0.055513009118537106,13.951760292053223,14.103682490757533,1.0,0.007832898172323759,0.01331245105716523,0.0195822454308094,0.0003,1.0,290.7524275779724
depth2_bal_AAMM,2,AAMM,1650,19800,0.04927506111562252,14.514044125874838,14.658193016052246,1.0,0.007832898172323759,0.01331245105716523,0.0195822454308094,0.0003,1.0,294.92806816101074
depth2_bal_AAMM,2,AAMM,1675,20100,0.07648848928511143,14.02453645070394,14.172178431919642,0.9993472584856397,0.013054830287206266,0.014766752433158071,0.0195822454308094,0.0003,1.0,299.55206513404846
depth2_bal_AAMM,2,AAMM,1700,20400,0.05731225603570541,13.525691668192545,13.670321137564523,1.0,0.01174934725848564,0.014095536413469069,0.0195822454308094,0.0003,1.0,304.0549898147583
depth2_bal_AAMM,2,AAMM,1725,20700,0.05201629921793938,14.032346725463867,14.180645315987723,1.0,0.01174934725848564,0.014990491106387739,0.0195822454308094,0.0003,1.0,309.22542667388916
depth2_bal_AAMM,2,AAMM,1750,21000,0.04546875630815824,14.562950452168783,14.673969486781528,1.0,0.010443864229765013,0.013983667076854235,0.0195822454308094,0.0003,1.0,314.2002782821655
depth2_bal_AAMM,2,AAMM,1775,21300,1.4149717092514038,14.745243072509766,15.097097860063826,0.6184725848563969,0.010443864229765013,0.014319275086698736,0.0195822454308094,0.0003,1.0,318.1992290019989
depth2_bal_AAMM,2,AAMM,1800,21600,0.055344025293986,13.409711519877115,13.528089359828405,1.0,0.015665796344647518,0.015102360443002573,0.0195822454308094,0.0003,1.0,322.27934193611145
depth2_bal_AAMM,2,AAMM,1825,21900,0.051042892349263035,13.79863452911377,13.925792176382883,1.0,0.013054830287206266,0.013983667076854235,0.0195822454308094,0.0003,1.0,328.4820969104767
depth2_bal_AAMM,2,AAMM,1850,22200,0.04707115236669779,14.378591537475586,14.492852892194476,1.0,0.013054830287206266,0.014543013759928404,0.0195822454308094,0.0003,1.0,332.71800231933594
depth2_bal_AAMM,2,AAMM,1875,22500,0.05129121523350477,15.041922569274902,15.151400593348912,0.9993472584856397,0.01174934725848564,0.015214229779617406,0.0195822454308094,0.0003,1.0,336.9371738433838
depth2_bal_AAMM,2,AAMM,1900,22800,0.05563089561959108,13.260332743326822,13.37799391065325,1.0,0.014360313315926894,0.015997315135921245,0.0195822454308094,0.0003,1.0,343.39623165130615
depth2_bal_AAMM,2,AAMM,1925,23100,0.05191317666321993,13.615322430928549,13.720745413643973,1.0,0.010443864229765013,0.014990491106387739,0.0195822454308094,0.0003,1.0,347.7042078971863
depth2_bal_AAMM,2,AAMM,1950,23400,0.04529972312351068,14.109174728393555,14.226604788643973,1.0,0.018276762402088774,0.015437968452847074,0.0195822454308094,0.0003,1.0,351.924458026886
depth2_bal_AAMM,2,AAMM,1975,23700,1.1223689516385396,15.163959821065268,15.290049525669643,0.6814621409921671,0.013054830287206266,0.017116008502069582,0.0195822454308094,0.0003,1.0,355.62741565704346
depth2_bal_AAMM,2,AAMM,2000,24000,0.051430294600625835,13.294992129007975,13.398357936314174,1.0,0.013054830287206266,0.015773576462691577,0.0195822454308094,0.0003,1.0,359.92578887939453
depth2_bal_AAMM,2,AAMM,2025,24300,0.0496021369472146,13.684469223022461,13.77579882485526,1.0,0.016971279373368148,0.01644479248238058,0.0195822454308094,0.0003,1.0,365.46293091773987
depth2_bal_AAMM,2,AAMM,2050,24600,0.04368252928058306,14.207692782084147,14.28712523324149,1.0,0.014360313315926894,0.015214229779617406,0.0195822454308094,0.0003,1.0,369.37624430656433
depth2_bal_AAMM,2,AAMM,2075,24900,1.6790514190991719,14.893524487813314,15.158250536237444,0.564621409921671,0.01174934725848564,0.015549837789461908,0.0195822454308094,0.0003,1.0,373.6026384830475
depth2_bal_AAMM,2,AAMM,2100,25200,0.05449388331423203,13.046042442321777,13.159261866978236,1.0,0.020887728459530026,0.01678040049222508,0.020887728459530026,0.0003,1.0,377.92719650268555
depth2_bal_AAMM,2,AAMM,2125,25500,0.05001396841059128,13.475372950236002,13.570676340375627,1.0,0.016971279373368148,0.015997315135921245,0.020887728459530026,0.0003,1.0,382.47837829589844
depth2_bal_AAMM,2,AAMM,2150,25800,0.04347964624563853,13.923178354899088,14.017440359933035,1.0,0.018276762402088774,0.015102360443002573,0.020887728459530026,0.0003,1.0,386.8976500034332
depth2_bal_AAMM,2,AAMM,2175,26100,0.035525972644488014,14.402454376220703,14.514713668823243,1.0,0.015665796344647518,0.01588544579930641,0.020887728459530026,0.0003,1.0,390.67498898506165
depth2_bal_AAMM,2,AAMM,2200,26400,0.4925050288438797,12.180928548177084,12.204592841012138,0.8759791122715405,0.022193211488250653,0.018682179214677255,0.022193211488250653,0.0003,1.0,394.8418185710907
depth2_bal_AAMM,2,AAMM,2225,26700,0.05454594548791647,13.04791291554769,13.143655504499163,1.0,0.018276762402088774,0.01700413916545475,0.022193211488250653,0.0003,1.0,399.31302309036255
depth2_bal_AAMM,2,AAMM,2250,27000,0.049933409318327904,13.481183687845865,13.584814589364187,1.0,0.022193211488250653,0.016332923145765746,0.022193211488250653,0.0003,1.0,403.387455701828
depth2_bal_AAMM,2,AAMM,2275,27300,0.042621535869936146,13.929587999979654,14.029741886683873,1.0,0.018276762402088774,0.015437968452847074,0.022193211488250653,0.0003,1.0,407.53826546669006
depth2_bal_AAMM,2,AAMM,2300,27600,0.03683521645143628,14.316995620727539,14.454479108537946,1.0,0.016971279373368148,0.017116008502069582,0.022193211488250653,0.0003,1.0,411.54201197624207
depth2_bal_AAMM,2,AAMM,2325,27900,0.09273742667088906,15.597689310709635,15.78930971963065,0.987597911227154,0.020887728459530026,0.014654883096543237,0.022193211488250653,0.0003,1.0,416.1378264427185
depth2_bal_AAMM,2,AAMM,2350,28200,0.05395356069008509,12.815671920776367,12.968541063581194,1.0,0.018276762402088774,0.018122832531603086,0.022193211488250653,0.0003,1.0,420.20927572250366
depth2_bal_AAMM,2,AAMM,2375,28500,0.0497683168699344,13.181493441263834,13.327137402125768,1.0,0.016971279373368148,0.017563485848528917,0.022193211488250653,0.0003,1.0,424.2980134487152
depth2_bal_AAMM,2,AAMM,2400,28800,0.04235704398403565,13.661281903584799,13.810775484357562,1.0,0.0195822454308094,0.01767535518514375,0.022193211488250653,0.0003,1.0,428.4374384880066
depth2_bal_AAMM,2,AAMM,2425,29100,0.03602944159259399,14.09709644317627,14.228160313197545,1.0,0.016971279373368148,0.01733974717529925,0.022193211488250653,0.0003,1.0,432.2398211956024
depth2_bal_AAMM,2,AAMM,2450,29400,0.03311446122825146,14.589314778645834,14.734228570120676,1.0,0.018276762402088774,0.017451616511914084,0.022193211488250653,0.0003,1.0,435.9338631629944
depth2_bal_AAMM,2,AAMM,2475,29700,0.04904124606400728,12.792417208353678,12.988592856270927,1.0,0.022193211488250653,0.01823470186821792,0.022193211488250653,0.0003,1.0,440.075825214386
depth2_bal_AAMM,2,AAMM,2500,30000,0.04999272835751375,12.938918749491373,13.132216044834681,1.0,0.018276762402088774,0.01700413916545475,0.022193211488250653,0.0003,1.0,443.88447070121765
depth2_bal_AAMM,2,AAMM,2525,30300,0.043190909239153065,13.38238525390625,13.535670362200056,1.0,0.0195822454308094,0.016221053809150912,0.022193211488250653,0.0003,1.0,447.7976326942444
depth2_bal_AAMM,2,AAMM,2550,30600,0.03855721124758323,13.764153480529785,13.99388918195452,1.0,0.015665796344647518,0.017451616511914084,0.022193211488250653,0.0003,1.0,452.4417145252228
depth2_bal_AAMM,2,AAMM,2575,30900,0.032084669141719736,14.309224446614584,14.516985239301409,1.0,0.018276762402088774,0.017116008502069582,0.022193211488250653,0.0003,1.0,456.44507217407227
depth2_bal_AAMM,2,AAMM,2600,31200,0.24260270595550537,11.651006380716959,11.819884545462472,0.9794386422976501,0.022193211488250653,0.019689003244210763,0.022193211488250653,0.0003,1.0,461.1730351448059
depth2_bal_AAMM,2,AAMM,2625,31500,0.051641203463077545,12.744345664978027,12.911141395568848,1.0,0.018276762402088774,0.01823470186821792,0.022193211488250653,0.0003,1.0,465.45428943634033
depth2_bal_AAMM,2,AAMM,2650,31800,0.04400888613114754,13.143482526143393,13.310007885524206,1.0,0.020887728459530026,0.018122832531603086,0.022193211488250653,0.0003,1.0,470.34801745414734
depth2_bal_AAMM,2,AAMM,2675,32100,0.03866109624505043,13.580626805623373,13.73570556640625,1.0,0.020887728459530026,0.018458440541447588,0.022193211488250653,0.0003,1.0,474.978636264801
depth2_bal_AAMM,2,AAMM,2700,32400,0.034512876222531,14.019158045450846,14.22792911529541,1.0,0.016971279373368148,0.017116008502069582,0.022193211488250653,0.0003,1.0,478.66447019577026
depth2_bal_AAMM,2,AAMM,2725,32700,0.33479858189821243,11.732274691263834,11.862725612095424,0.9481070496083551,0.030026109660574413,0.021031435283588768,0.030026109660574413,0.0003,1.0,483.1155996322632
depth2_bal_AAMM,2,AAMM,2750,33000,0.04957373533397913,12.57309087117513,12.758320563180106,1.0,0.018276762402088774,0.01935339523436626,0.030026109660574413,0.0003,1.0,487.70669531822205
depth2_bal_AAMM,2,AAMM,2775,33300,0.04485255635033051,12.95907974243164,13.150729206630162,1.0,0.015665796344647518,0.018682179214677255,0.030026109660574413,0.0003,1.0,491.3996548652649
depth2_bal_AAMM,2,AAMM,2800,33600,0.03846548000971476,13.383173624674479,13.563737269810268,1.0,0.018276762402088774,0.018010963194988253,0.030026109660574413,0.0003,1.0,495.40136790275574
depth2_bal_AAMM,2,AAMM,2825,33900,0.03297668897236387,13.829114278157553,14.033610561915806,1.0,0.016971279373368148,0.017787224521758585,0.030026109660574413,0.0003,1.0,499.47342348098755
depth2_bal_AAMM,2,AAMM,2850,34200,0.09231221582740545,14.580281257629395,14.85175631386893,0.9895561357702349,0.022193211488250653,0.018010963194988253,0.030026109660574413,0.0003,1.0,503.97461462020874
depth2_bal_AAMM,2,AAMM,2875,34500,0.04614847619086504,12.499908765157064,12.691714423043388,1.0,0.020887728459530026,0.018122832531603086,0.030026109660574413,0.0003,1.0,508.6518449783325
depth2_bal_AAMM,2,AAMM,2900,34800,0.04362714383751154,12.808559735616049,12.990765299115862,1.0,0.022193211488250653,0.01823470186821792,0.030026109660574413,0.0003,1.0,512.8838849067688
depth2_bal_AAMM,2,AAMM,2925,35100,0.03818298255403837,13.241646766662598,13.43989704677037,1.0,0.022193211488250653,0.01857030987806242,0.030026109660574413,0.0003,1.0,516.7461941242218
depth2_bal_AAMM,2,AAMM,2950,35400,0.033706442918628454,13.658304214477539,13.855677822657993,1.0,0.016971279373368148,0.019129656561136594,0.030026109660574413,0.0003,1.0,520.7813012599945
depth2_bal_AAMM,2,AAMM,2975,35700,0.033528896203885473,14.189104715983072,14.397613334655762,1.0,0.024804177545691905,0.01991274191744043,0.030026109660574413,0.0003,1.0,524.6267516613007
depth2_bal_AAMM,2,AAMM,3000,36000,0.04850704129785299,12.299938519795736,12.47988327571324,1.0,0.020887728459530026,0.02024834992728493,0.030026109660574413,0.0003,1.0,528.9054224491119
depth2_bal_AAMM,2,AAMM,3025,36300,0.04455093884219726,12.642008463541666,12.829128783089773,1.0,0.018276762402088774,0.019465264570981095,0.030026109660574413,0.0003,1.0,535.7331030368805
depth2_bal_AAMM,2,AAMM,3050,36600,0.03782013741632303,13.097071011861166,13.278002112252372,1.0,0.018276762402088774,0.018682179214677255,0.030026109660574413,0.0003,1.0,539.759717464447
depth2_bal_AAMM,2,AAMM,3075,36900,0.0332229807972908,13.481194814046225,13.649376978193011,1.0,0.022193211488250653,0.019689003244210763,0.030026109660574413,0.0003,1.0,543.7588362693787
depth2_bal_AAMM,2,AAMM,3100,37200,0.3816749130686124,12.064837773640951,12.24692508152553,0.9122062663185379,0.02741514360313316,0.02170265130327777,0.030026109660574413,0.0003,1.0,547.5855221748352
depth2_bal_AAMM,2,AAMM,3125,37500,0.04523495708902677,12.265649477640787,12.452982003348215,1.0,0.02610966057441253,0.020024611254055264,0.030026109660574413,0.0003,1.0,551.6867048740387
depth2_bal_AAMM,2,AAMM,3150,37800,0.04078462782005469,12.645001729329428,12.833497973850795,1.0,0.024804177545691905,0.01935339523436626,0.030026109660574413,0.0003,1.0,556.0334858894348
depth2_bal_AAMM,2,AAMM,3175,38100,0.03544387842218081,13.069669405619303,13.27327676500593,1.0,0.022193211488250653,0.01901778722452176,0.030026109660574413,0.0003,1.0,560.014407157898
depth2_bal_AAMM,2,AAMM,3200,38400,0.032162518395731844,13.500197728474935,13.701252147129603,1.0,0.024804177545691905,0.02024834992728493,0.030026109660574413,0.0003,1.0,564.4752111434937
depth2_bal_AAMM,2,AAMM,3225,38700,0.030233710538595915,13.982434272766113,14.247949736458915,1.0,0.020887728459530026,0.020583957937129433,0.030026109660574413,0.0003,1.0,569.3956997394562
depth2_bal_AAMM,2,AAMM,3250,39000,0.044300926849246025,12.083853085835775,12.314414651053292,1.0,0.024804177545691905,0.02192638997650744,0.030026109660574413,0.0003,1.0,573.9879779815674
depth2_bal_AAMM,2,AAMM,3275,39300,0.043373405622939266,12.334377606709799,12.588050297328405,1.0,0.024804177545691905,0.021590781966662937,0.030026109660574413,0.0003,1.0,578.296314239502
depth2_bal_AAMM,2,AAMM,3300,39600,0.037877011112868786,12.740615844726562,12.966421127319336,1.0,0.02610966057441253,0.021031435283588768,0.030026109660574413,0.0003,1.0,583.0807354450226
depth2_bal_AAMM,2,AAMM,3325,39900,0.0323850413163503,13.21674887339274,13.421038791111537,1.0,0.02610966057441253,0.020583957937129433,0.030026109660574413,0.0003,1.0,588.054083108902
depth2_bal_AAMM,2,AAMM,3350,40200,0.026960342346380155,13.550376574198404,13.77921096256801,1.0,0.02349869451697128,0.02226199798635194,0.030026109660574413,0.0003,1.0,591.9479148387909
depth2_bal_AAMM,2,AAMM,3375,40500,0.3841230322917302,9.838583628336588,10.019399043491909,0.9611618798955613,0.030026109660574413,0.02886228884662714,0.030026109660574413,0.0003,1.0,596.5361995697021
depth2_bal_AAMM,2,AAMM,3400,40800,0.04883463370303313,11.798453013102213,12.053215163094658,1.0,0.03524804177545692,0.026513032777715627,0.03524804177545692,0.0003,1.0,601.1978945732117
depth2_bal_AAMM,2,AAMM,3425,41100,0.042541208366552986,12.139094352722168,12.399948746817453,1.0,0.03263707571801567,0.025058731401722788,0.03524804177545692,0.0003,1.0,605.6816868782043
depth2_bal_AAMM,2,AAMM,3450,41400,0.0368172787129879,12.519573529561361,12.780639048985073,1.0,0.033942558746736295,0.023716299362344782,0.03524804177545692,0.0003,1.0,609.9200427532196
depth2_bal_AAMM,2,AAMM,3475,41700,0.03847461969902118,13.059327125549316,13.28382249559675,0.9993472584856397,0.024804177545691905,0.024387515382033785,0.03524804177545692,0.0003,1.0,614.6618604660034
depth2_bal_AAMM,2,AAMM,3500,42000,0.02820945344865322,13.267149925231934,13.501223754882812,1.0,0.03263707571801567,0.02427564604541895,0.03524804177545692,0.0003,1.0,619.6498975753784
depth2_bal_AAMM,2,AAMM,3525,42300,0.025215113069862127,13.749637285868326,14.010268020629884,1.0,0.02741514360313316,0.024611254055263453,0.03524804177545692,0.0003,1.0,624.1451933383942
depth2_bal_AAMM,2,AAMM,3550,42600,0.04937310144305229,11.669307390848795,11.841215133666992,1.0,0.03524804177545692,0.02830294216355297,0.03524804177545692,0.0003,1.0,628.9713296890259
depth2_bal_AAMM,2,AAMM,3575,42900,0.04352831840515137,11.877296129862467,12.046233667646135,1.0,0.028720626631853787,0.025953686094641458,0.03524804177545692,0.0003,1.0,632.9654295444489
depth2_bal_AAMM,2,AAMM,3600,43200,0.03691491857171059,12.250452041625977,12.41881697518485,1.0,0.028720626631853787,0.02662490211433046,0.03524804177545692,0.0003,1.0,638.2728023529053
depth2_bal_AAMM,2,AAMM,3625,43500,0.033285246696323156,12.642178535461426,12.816247395106725,1.0,0.030026109660574413,0.026848640787560128,0.03524804177545692,0.0003,1.0,642.4558427333832
depth2_bal_AAMM,2,AAMM,3650,43800,0.02859805819268028,12.975658416748047,13.151640619550433,1.0,0.030026109660574413,0.02628929410448596,0.03524804177545692,0.0003,1.0,647.2386429309845
depth2_bal_AAMM,2,AAMM,3675,44100,0.03794014950593313,11.545783360799154,11.81900588444301,1.0,0.037859007832898174,0.029980982212775478,0.037859007832898174,0.0003,1.0,651.6434886455536
depth2_bal_AAMM,2,AAMM,3700,44400,0.04080284728358189,11.631500244140625,11.852035413469586,1.0,0.028720626631853787,0.028750419510012306,0.037859007832898174,0.0003,1.0,655.8603267669678
depth2_bal_AAMM,2,AAMM,3725,44700,0.03612605668604374,12.045929908752441,12.239534160069057,1.0,0.03263707571801567,0.028079203490323303,0.037859007832898174,0.0003,1.0,660.2805869579315
depth2_bal_AAMM,2,AAMM,3750,45000,0.03155628095070521,12.43189557393392,12.630252892630441,1.0,0.03524804177545692,0.028191072826938137,0.037859007832898174,0.0003,1.0,664.6575171947479
depth2_bal_AAMM,2,AAMM,3775,45300,0.028958394657820463,12.779825210571289,12.994959013802665,1.0,0.033942558746736295,0.027519856807249134,0.037859007832898174,0.0003,1.0,669.1237852573395
depth2_bal_AAMM,2,AAMM,3800,45600,0.04972587525844574,11.110201835632324,11.303266034807478,1.0,0.04308093994778068,0.0353507103702875,0.04308093994778068,0.0003,1.0,673.5481863021851
depth2_bal_AAMM,2,AAMM,3825,45900,0.043864079751074314,11.317213376363119,11.509956196376256,1.0,0.033942558746736295,0.034232017004139165,0.04308093994778068,0.0003,1.0,677.8304359912872
depth2_bal_AAMM,2,AAMM,3850,46200,0.03776887493828932,11.596755663553873,11.792332703726633,1.0,0.03263707571801567,0.034791363687213334,0.04308093994778068,0.0003,1.0,682.0814418792725
depth2_bal_AAMM,2,AAMM,3875,46500,0.03284597350284457,11.914897918701172,12.110333796909877,1.0,0.033942558746736295,0.0346794943505985,0.04308093994778068,0.0003,1.0,686.1542227268219
depth2_bal_AAMM,2,AAMM,3900,46800,0.02693328804646929,12.236597379048666,12.44155638558524,1.0,0.03524804177545692,0.034791363687213334,0.04308093994778068,0.0003,1.0,690.1899833679199
depth2_bal_AAMM,2,AAMM,3925,47100,0.02408480861534675,12.567120869954428,12.805747032165527,1.0,0.03263707571801567,0.03490323302382817,0.04308093994778068,0.0003,1.0,694.0544047355652
depth2_bal_AAMM,2,AAMM,3950,47400,0.03966405180593332,10.82124932607015,10.98227642604283,1.0,0.03655352480417755,0.04049669985456986,0.04308093994778068,0.0003,1.0,698.1238858699799
depth2_bal_AAMM,2,AAMM,3975,47700,0.0391006867090861,10.922970136006674,11.067815044948032,1.0,0.03263707571801567,0.037923705112428686,0.04308093994778068,0.0003,1.0,702.3263556957245
depth2_bal_AAMM,2,AAMM,4000,48000,0.03449913362661997,11.290494918823242,11.4257965360369,1.0,0.0391644908616188,0.03870679046873252,0.04308093994778068,0.0003,1.0,706.9691462516785
depth2_bal_AAMM,2,AAMM,4025,48300,0.029653710157920916,11.606144587198893,11.773558507646833,1.0,0.037859007832898174,0.036581273073050674,0.04308093994778068,0.0003,1.0,712.6058566570282
depth2_bal_AAMM,2,AAMM,4050,48600,0.027365196341027815,11.995941480000814,12.147982597351074,1.0,0.03524804177545692,0.03893052914196219,0.04308093994778068,0.0003,1.0,716.620320558548
depth2_bal_AAMM,2,AAMM,4075,48900,0.02275494548181693,12.335213343302408,12.456508418491909,1.0,0.04177545691906005,0.04049669985456986,0.04308093994778068,0.0003,1.0,721.7042491436005
depth2_bal_AAMM,2,AAMM,4100,49200,0.0931747518479824,9.74763011932373,9.857140486580985,0.9996736292428199,0.04569190600522193,0.04966998545698624,0.04569190600522193,0.0003,1.0,725.9717416763306
depth2_bal_AAMM,2,AAMM,4125,49500,0.04093794121096531,10.393708864847818,10.49304597037179,1.0,0.04960835509138381,0.04732072938807473,0.04960835509138381,0.0003,1.0,729.7905180454254
depth2_bal_AAMM,2,AAMM,4150,49800,0.037283618934452534,10.74570337931315,10.838209506443569,1.0,0.04308093994778068,0.04631390535854123,0.04960835509138381,0.0003,1.0,734.0206637382507
depth2_bal_AAMM,2,AAMM,4175,50100,0.031698774080723524,11.038044611612955,11.146502113342285,1.0,0.04569190600522193,0.04485960398254838,0.04960835509138381,0.0003,1.0,738.4917855262756
depth2_bal_AAMM,2,AAMM,4200,50400,0.027526354106764,11.387314796447754,11.47689699445452,1.0,0.04960835509138381,0.045307081329007716,0.04960835509138381,0.0003,1.0,742.8211934566498
depth2_bal_AAMM,2,AAMM,4225,50700,0.023235042889912922,11.645687739054361,11.773100417000906,1.0,0.04699738903394256,0.04519521199239288,0.04960835509138381,0.0003,1.0,747.2818880081177
depth2_bal_AAMM,2,AAMM,4250,51000,0.16346842795610428,8.87433656056722,8.921155684334892,0.9931462140992167,0.06527415143603134,0.058507663049558116,0.06527415143603134,0.0003,1.0,752.596878528595
depth2_bal_AAMM,2,AAMM,4275,51300,0.0410627049083511,9.84864870707194,9.918810626438686,1.0,0.06527415143603134,0.05425662825819443,0.06527415143603134,0.0003,1.0,757.1367440223694
depth2_bal_AAMM,2,AAMM,4300,51600,0.03602426623304685,10.168685913085938,10.237168666294643,1.0,0.06135770234986945,0.05324980422866092,0.06527415143603134,0.0003,1.0,761.5905163288116
depth2_bal_AAMM,2,AAMM,4325,51900,0.031050806399434805,10.446162859598795,10.553637967790877,1.0,0.06527415143603134,0.054927844277883435,0.06527415143603134,0.0003,1.0,766.4790291786194
depth2_bal_AAMM,2,AAMM,4350,52200,0.02633722297226389,10.734827995300293,10.868783841814313,1.0,0.06005221932114883,0.05414475892157959,0.06527415143603134,0.0003,1.0,771.4237008094788
depth2_bal_AAMM,2,AAMM,4375,52500,0.022208983078598976,11.015233039855957,11.14318893977574,1.0,0.06266318537859007,0.053697281575120256,0.06527415143603134,0.0003,1.0,776.0345242023468
depth2_bal_AAMM,2,AAMM,4400,52800,0.019206920949121315,11.305947303771973,11.44903381892613,1.0,0.06135770234986945,0.05224298019912742,0.06527415143603134,0.0003,1.0,780.5028278827667
depth2_bal_AAMM,2,AAMM,4425,53100,0.03330450085923076,9.39135487874349,9.574986130850656,1.0,0.0783289817232376,0.06678599395905582,0.0783289817232376,0.0003,1.0,785.1807324886322
depth2_bal_AAMM,2,AAMM,4450,53400,0.03439375882347425,9.522146860758463,9.65610831124442,1.0,0.0731070496083551,0.06533169258306298,0.0783289817232376,0.0003,1.0,790.4977931976318
depth2_bal_AAMM,2,AAMM,4475,53700,0.02995169706021746,9.869152069091797,9.989268357413156,1.0,0.07049608355091384,0.06298243651415147,0.0783289817232376,0.0003,1.0,795.0277674198151
depth2_bal_AAMM,2,AAMM,4500,54000,0.026054383721202612,10.161831855773926,10.312586729867117,1.0,0.0783289817232376,0.06108065779169929,0.0783289817232376,0.0003,1.0,799.1029379367828
depth2_bal_AAMM,2,AAMM,4525,54300,0.022261825545380514,10.47768465677897,10.60568346296038,1.0,0.06919060052219321,0.06197561248461796,0.0783289817232376,0.0003,1.0,803.0059521198273
depth2_bal_AAMM,2,AAMM,4550,54600,0.018914043282469113,10.831981341044107,10.915164511544363,1.0,0.06135770234986945,0.0627586978409218,0.0783289817232376,0.0003,1.0,807.2711172103882
depth2_bal_AAMM,2,AAMM,4575,54900,0.01666929922066629,11.008901596069336,11.151240621294294,1.0,0.06788511749347259,0.06007383376216579,0.0783289817232376,0.0003,1.0,811.8993654251099
depth2_bal_AAMM,2,AAMM,4600,55200,0.040874771463374295,8.719567934672037,8.781407451629638,1.0,0.07571801566579635,0.07953909833314689,0.0783289817232376,0.0003,1.0,816.9759066104889
depth2_bal_AAMM,2,AAMM,4625,55500,0.03640258777886629,8.909564971923828,8.965497861589704,1.0,0.0783289817232376,0.07752545027407988,0.0783289817232376,0.0003,1.0,821.3318340778351
depth2_bal_AAMM,2,AAMM,4650,55800,0.031094284262508154,9.167231241861979,9.206380925859724,1.0,0.07571801566579635,0.07730171160085021,0.0783289817232376,0.0003,1.0,825.1369392871857
depth2_bal_AAMM,2,AAMM,4675,56100,0.026336114387959242,9.401070594787598,9.451810537065779,1.0,0.0783289817232376,0.07718984226423538,0.0783289817232376,0.0003,1.0,829.3844270706177
depth2_bal_AAMM,2,AAMM,4700,56400,0.022920789041866858,9.63166077931722,9.66506017957415,1.0,0.07571801566579635,0.08021031435283589,0.0783289817232376,0.0003,1.0,833.3204941749573
depth2_bal_AAMM,2,AAMM,4725,56700,0.019753755691150825,9.942498524983725,9.9569212777274,1.0,0.06919060052219321,0.07842040496699855,0.0783289817232376,0.0003,1.0,837.3524079322815
depth2_bal_AAMM,2,AAMM,4750,57000,0.017332220760484535,10.099207878112793,10.123949977329799,1.0,0.07441253263707572,0.07976283700637656,0.0783289817232376,0.0003,1.0,841.2967660427094
depth2_bal_AAMM,2,AAMM,4775,57300,0.014882482821121812,10.357873598734537,10.390471894400461,1.0,0.07571801566579635,0.08043405302606556,0.0783289817232376,0.0003,1.0,844.8212156295776
depth2_bal_AAMM,2,AAMM,4800,57600,0.040052746112147965,7.917484760284424,7.930140440804617,1.0,0.09921671018276762,0.10168922698288399,0.09921671018276762,0.0003,1.0,848.3257343769073
depth2_bal_AAMM,2,AAMM,4825,57900,0.036115311396618686,8.073376496632894,8.064824431283133,1.0,0.09530026109660575,0.09911623224074281,0.09921671018276762,0.0003,1.0,852.5792570114136
depth2_bal_AAMM,2,AAMM,4850,58200,0.03146894524494807,8.302481651306152,8.26664902823312,1.0,0.09921671018276762,0.09889249356751315,0.09921671018276762,0.0003,1.0,856.310909986496
depth2_bal_AAMM,2,AAMM,4875,58500,0.02699689691265424,8.51303768157959,8.471572480882918,1.0,0.097911227154047,0.09922810157735765,0.09921671018276762,0.0003,1.0,860.4324493408203
depth2_bal_AAMM,2,AAMM,4900,58800,0.02291880485912164,8.769662857055664,8.708553668430874,1.0,0.09138381201044386,0.09945184025058731,0.09921671018276762,0.0003,1.0,864.0780980587006
depth2_bal_AAMM,2,AAMM,4925,59100,0.01983705007781585,8.958474159240723,8.895430755615234,1.0,0.0926892950391645,0.10124174963642465,0.09921671018276762,0.0003,1.0,867.9717593193054
depth2_bal_AAMM,2,AAMM,4950,59400,0.14683177135884762,7.645424842834473,7.558403260367257,0.9761749347258486,0.09660574412532637,0.11332363799082672,0.09921671018276762,0.0003,1.0,871.4499988555908
depth2_bal_AAMM,2,AAMM,4975,59700,0.030079183479150135,7.543955008188884,7.454312406267438,1.0,0.11096605744125326,0.11735093410896073,0.11096605744125326,0.0003,1.0,875.3933072090149
depth2_bal_AAMM,2,AAMM,5000,60000,0.028017486290385325,7.719923814137776,7.612590244838169,1.0,0.10443864229765012,0.11813401946526457,0.11096605744125326,0.0003,1.0,880.0290160179138
depth2_bal_AAMM,2,AAMM,5025,60300,0.023701831698417664,7.941162904103597,7.798199381147112,1.0,0.09660574412532637,0.11645597941604206,0.11096605744125326,0.0003,1.0,885.6378729343414
depth2_bal_AAMM,2,AAMM,5050,60600,0.020638539766271908,8.160055160522461,7.981124918801444,1.0,0.10704960835509138,0.1179102807920349,0.11096605744125326,0.0003,1.0,890.8076441287994
depth2_bal_AAMM,2,AAMM,5075,60900,0.0173750853476425,8.306061426798502,8.151752785273962,1.0,0.11096605744125326,0.11981205951448708,0.11096605744125326,0.0003,1.0,896.1900961399078
depth2_bal_AAMM,2,AAMM,5100,61200,0.014793212137495479,8.515561739603678,8.323836285727365,1.0,0.10574412532637076,0.12227318492001342,0.11096605744125326,0.0003,1.0,900.6945114135742
depth2_bal_AAMM,2,AAMM,5125,61500,0.4704173654317856,5.046242872873942,4.821380233764648,0.9177545691906005,0.14882506527415143,0.16791587425886564,0.14882506527415143,0.0003,1.0,905.279111623764
depth2_bal_AAMM,2,AAMM,5150,61800,0.04166740116973718,6.201341311136882,5.964025184086391,1.0,0.16057441253263707,0.17462803445575567,0.16057441253263707,0.0003,1.0,909.848922252655
depth2_bal_AAMM,2,AAMM,5175,62100,0.037493737104038395,6.125915050506592,5.896628815787179,1.0,0.16449086161879894,0.1810045866428012,0.16449086161879894,0.0003,1.0,914.5879282951355
depth2_bal_AAMM,2,AAMM,5200,62400,0.032213189328710236,6.152569611867269,5.912176091330392,1.0,0.1671018276762402,0.18536749077077974,0.1671018276762402,0.0003,1.0,919.2965998649597
depth2_bal_AAMM,2,AAMM,5225,62700,0.027697572639832895,6.191598256429036,5.943221351078578,1.0,0.17754569190600522,0.19096095760152143,0.17754569190600522,0.0003,1.0,923.2161076068878
depth2_bal_AAMM,2,AAMM,5250,63000,0.022562557986627024,6.215711752573649,5.968094784872872,1.0,0.1814621409921671,0.19521199239288511,0.1814621409921671,0.0003,1.0,928.7131853103638
depth2_bal_AAMM,2,AAMM,5275,63300,0.019852595093349617,6.236314455668132,5.986552647181919,1.0,0.1919060052219321,0.20024611254055263,0.1919060052219321,0.0003,1.0,932.854701757431
depth2_bal_AAMM,2,AAMM,5300,63600,0.020983337424695492,5.717234134674072,5.47971237727574,1.0,0.20365535248041775,0.21355856359771785,0.20365535248041775,0.0003,1.0,937.4052052497864
depth2_bal_AAMM,2,AAMM,5325,63900,0.02572367542112867,5.475828329722087,5.232346752711705,1.0,0.19973890339425587,0.21646716634970353,0.20365535248041775,0.0003,1.0,942.1624050140381
depth2_bal_AAMM,2,AAMM,5350,64200,0.02248637704178691,5.499086697896321,5.264380264282226,1.0,0.206266318537859,0.2231793265465936,0.206266318537859,0.0003,1.0,946.2975211143494
depth2_bal_AAMM,2,AAMM,5375,64500,0.019116762404640514,5.540949662526448,5.299823529379708,1.0,0.21671018276762402,0.22810157735764627,0.21671018276762402,0.0003,1.0,950.7927887439728
depth2_bal_AAMM,2,AAMM,5400,64800,0.01619948702864349,5.5776473681132,5.347472722189767,1.0,0.21148825065274152,0.23324756684192863,0.21671018276762402,0.0003,1.0,956.0093476772308
depth2_bal_AAMM,2,AAMM,5425,65100,0.013705028221011162,5.591238657633464,5.366384383610317,1.0,0.2258485639686684,0.2400715963754335,0.2258485639686684,0.0003,1.0,960.6917102336884
depth2_bal_AAMM,2,AAMM,5450,65400,0.01178015380476912,5.601910909016927,5.366027137211391,1.0,0.22715404699738903,0.24264459111757467,0.22715404699738903,0.0003,1.0,965.4869949817657
depth2_bal_AAMM,2,AAMM,5475,65700,0.010646500857546926,5.643525123596191,5.417851570674351,1.0,0.24281984334203655,0.2545027407987471,0.24281984334203655,0.0003,1.0,970.1559841632843
depth2_bal_AAMM,2,AAMM,5500,66000,0.03709092643111944,4.519845167795817,4.382559170041765,1.0,0.24934725848563968,0.27128314129097214,0.24934725848563968,0.0003,1.0,974.3751618862152
depth2_bal_AAMM,2,AAMM,5525,66300,0.03055230698858698,4.351648012797038,4.208336475917271,1.0,0.2545691906005222,0.27788343215124733,0.2545691906005222,0.0003,1.0,978.8079791069031
depth2_bal_AAMM,2,AAMM,5550,66600,0.027565774818261463,4.294552167256673,4.143781396320888,1.0,0.26631853785900783,0.2889584964761159,0.26631853785900783,0.0003,1.0,983.095312833786
depth2_bal_AAMM,2,AAMM,5575,66900,0.0234634963174661,4.263961315155029,4.1262879507882255,1.0,0.27676240208877284,0.3014878621769773,0.27676240208877284,0.0003,1.0,987.6909852027893
depth2_bal_AAMM,2,AAMM,5600,67200,0.019866241607815027,4.258595943450928,4.115367358071463,1.0,0.2819843342036554,0.3083118917104822,0.2819843342036554,0.0003,1.0,992.0574727058411
depth2_bal_AAMM,2,AAMM,5625,67500,0.016524986441557605,4.2568278312683105,4.102255732672555,1.0,0.29112271540469975,0.31513592124398704,0.29112271540469975,0.0003,1.0,996.5866384506226
depth2_bal_AAMM,2,AAMM,5650,67800,0.014023341548939547,4.236227830251058,4.090002822875976,1.0,0.2989556135770235,0.3266584629153149,0.2989556135770235,0.0003,1.0,1001.7362706661224
depth2_bal_AAMM,2,AAMM,5675,68100,0.012002380099147558,4.227833112080892,4.070729896000453,1.0,0.3028720626631854,0.33471305515158295,0.3028720626631854,0.0003,1.0,1006.0494651794434
depth2_bal_AAMM,2,AAMM,5700,68400,0.010137778706848621,4.204422473907471,4.042346511568342,1.0,0.31462140992167104,0.3455643808032218,0.31462140992167104,0.0003,1.0,1010.3173882961273
depth2_bal_AAMM,2,AAMM,5725,68700,0.008699289833505949,4.1594594319661455,4.000122812816075,1.0,0.3276762402088773,0.3573106611477794,0.3276762402088773,0.0003,1.0,1014.7984578609467
depth2_bal_AAMM,2,AAMM,5750,69000,0.007693909457884729,4.0986612637837725,3.9689614500318253,1.0,0.3328981723237598,0.371070589551404,0.3328981723237598,0.0003,1.0,1019.2969720363617
depth2_bal_AAMM,2,AAMM,5775,69300,0.061282728177805744,3.004977226257324,2.9204494340079172,1.0,0.3838120104438642,0.4048551292090838,0.3838120104438642,0.0003,1.0,1024.1710946559906
depth2_bal_AAMM,2,AAMM,5800,69600,0.0361517071723938,2.7660771210988364,2.6650609152657645,1.0,0.42428198433420367,0.4371853674907708,0.42428198433420367,0.0003,1.0,1028.7353801727295
depth2_bal_AAMM,2,AAMM,5825,69900,0.03323743989070257,2.566760857899984,2.4680365698678153,1.0,0.4347258485639687,0.4645933549614051,0.4347258485639687,0.0003,1.0,1033.1848423480988
depth2_bal_AAMM,2,AAMM,5850,70200,0.02838158079733451,2.4022884368896484,2.295729160308838,1.0,0.4660574412532637,0.49524555319386954,0.4660574412532637,0.0003,1.0,1038.1267368793488
depth2_bal_AAMM,2,AAMM,5875,70500,0.023921195107201736,2.2230467001597085,2.1252754960741314,1.0,0.5169712793733682,0.5274639221389417,0.5169712793733682,0.0003,1.0,1042.660805940628
depth2_bal_AAMM,2,AAMM,5900,70800,0.020309715997427702,2.0497857332229614,1.9476460218429565,1.0,0.5391644908616188,0.5641570645486073,0.5391644908616188,0.0003,1.0,1046.8042650222778
depth2_bal_AAMM,2,AAMM,5925,71100,0.01691143688124915,1.8848347266515095,1.786560239110674,1.0,0.5861618798955613,0.5961516948204497,0.5861618798955613,0.0003,1.0,1051.7979865074158
depth2_bal_AAMM,2,AAMM,5950,71400,0.009116281367217502,1.8416980504989624,1.7462138720921108,1.0,0.6018276762402088,0.6190849088264907,0.6018276762402088,0.0003,1.0,1056.745088815689
depth2_bal_AAMM,2,AAMM,5975,71700,0.015755894516284268,1.4842464129130046,1.393995213508606,1.0,0.6514360313315927,0.6617071260767423,0.6514360313315927,0.0003,1.0,1061.006996870041
depth2_bal_AAMM,2,AAMM,6000,72000,0.013892483431845903,1.3061505158742268,1.226435341153826,1.0,0.6892950391644909,0.7018682179214677,0.6892950391644909,0.0003,1.0,1065.260451555252
depth2_bal_AAMM,2,AAMM,6025,72300,0.011866944764430324,1.1618419885635376,1.0737266199929374,1.0,0.7193211488250653,0.7386732296677481,0.7193211488250653,0.0003,1.0,1071.5295159816742
depth2_bal_AAMM,2,AAMM,6050,72600,0.010072929474214712,1.0205270648002625,0.9394952178001403,1.0,0.7610966057441253,0.7723458999888131,0.7610966057441253,0.0003,1.0,1075.855571269989
depth2_bal_AAMM,2,AAMM,6075,72900,0.008342462979877988,0.8922737042109171,0.8246071219444275,1.0,0.7911227154046997,0.8025506208748182,0.7911227154046997,0.0003,1.0,1080.4627766609192
depth2_bal_AAMM,2,AAMM,6100,73200,0.00723308022134006,0.7752978205680847,0.7267579742840358,1.0,0.825065274151436,0.8308535630383712,0.825065274151436,0.0003,1.0,1085.4256691932678
depth2_bal_AAMM,2,AAMM,6125,73500,0.04730178943524758,0.7203708291053772,0.6798302633421761,1.0,0.7885117493472585,0.8064660476563374,0.825065274151436,0.0003,1.0,1089.6900215148926
depth2_bal_AAMM,2,AAMM,6150,73800,0.02750487361724178,0.5580128133296967,0.5060729954923903,1.0,0.8485639686684073,0.8609464145877614,0.8485639686684073,0.0003,1.0,1094.7402336597443
depth2_bal_AAMM,2,AAMM,6175,74100,0.025240859327216942,0.4744809667269389,0.4138131618499756,1.0,0.8798955613577023,0.8910392661371518,0.8798955613577023,0.0003,1.0,1099.389415025711
depth2_bal_AAMM,2,AAMM,6200,74400,0.02188002426798145,0.4147319694360097,0.3477325520345143,1.0,0.9007832898172323,0.9137487414699631,0.9007832898172323,0.0003,1.0,1103.8303468227386
depth2_bal_AAMM,2,AAMM,6225,74700,0.018025667251398165,0.3609380026658376,0.2969158445085798,1.0,0.9151436031331592,0.9277324085468173,0.9151436031331592,0.0003,1.0,1108.7363846302032
depth2_bal_AAMM,2,AAMM,6250,75000,0.015332247596234083,0.31586071848869324,0.2585091075726918,1.0,0.9255874673629243,0.9391430808815304,0.9255874673629243,0.0003,1.0,1113.1087083816528
depth2_bal_AAMM,2,AAMM,6275,75300,0.012609839128951231,0.28312067190806073,0.23162417305367333,1.0,0.9321148825065274,0.9448484170488869,0.9321148825065274,0.0003,1.0,1117.812252998352
depth2_bal_AAMM,2,AAMM,6300,75600,0.010646478738635778,0.2530527710914612,0.20830578697579247,1.0,0.9412532637075718,0.9514487079091621,0.9412532637075718,0.0003,1.0,1123.012347459793
depth2_bal_AAMM,2,AAMM,6325,75900,0.01374260832866033,0.19649730126063028,0.16543842511517662,1.0,0.9503916449086162,0.9592795614722005,0.9503916449086162,0.0003,1.0,1127.4646441936493
depth2_bal_AAMM,2,AAMM,6350,76200,0.015449038318668803,0.1857860485712687,0.15673490869147436,1.0,0.95822454308094,0.96297124958049,0.95822454308094,0.0003,1.0,1131.8432784080505
depth2_bal_AAMM,2,AAMM,6375,76500,0.013186423728863398,0.1670679102341334,0.14387402193886892,1.0,0.9634464751958225,0.966327329678935,0.9634464751958225,0.0003,1.0,1136.57310962677
depth2_bal_AAMM,2,AAMM,6400,76800,0.010781712752456466,0.15928125381469727,0.13627341049058098,1.0,0.9608355091383812,0.9666629376887795,0.9634464751958225,0.0003,1.0,1141.1135683059692
depth2_bal_AAMM,2,AAMM,6425,77100,0.009240325850745043,0.1498047113418579,0.12743795535394123,1.0,0.9660574412532638,0.971025841816758,0.9660574412532638,0.0003,1.0,1145.1758580207825
depth2_bal_AAMM,2,AAMM,6450,77400,0.0071962974810351925,0.1336111674706141,0.11734553799033165,1.0,0.9699738903394256,0.9728157512025953,0.9699738903394256,0.0003,1.0,1149.5611248016357
depth2_bal_AAMM,2,AAMM,6475,77700,0.005901312339119613,0.12684120734532675,0.11209096099649157,1.0,0.9751958224543081,0.975724353954581,0.9751958224543081,0.0003,1.0,1153.6888728141785
depth2_bal_AAMM,2,AAMM,6500,78000,0.013700458686798811,0.11143451432387035,0.10194168410130909,1.0,0.97911227154047,0.9812059514487079,0.97911227154047,0.0003,1.0,1157.6190292835236
depth2_bal_AAMM,2,AAMM,6525,78300,0.014597023604437709,0.10844522714614868,0.10224657260945864,1.0,0.9817232375979112,0.981765298131782,0.9817232375979112,0.0003,1.0,1162.4803130626678
depth2_bal_AAMM,2,AAMM,6550,78600,0.012467473046854138,0.10367124776045482,0.09918756101812636,1.0,0.9830287206266318,0.9834433381810046,0.9830287206266318,0.0003,1.0,1166.5549113750458
depth2_bal_AAMM,2,AAMM,6575,78900,0.010545665165409446,0.100521519780159,0.09528906356011119,1.0,0.9843342036553525,0.9840026848640787,0.9843342036553525,0.0003,1.0,1170.4837110042572
depth2_bal_AAMM,2,AAMM,6600,79200,0.008688287499050299,0.09243967632452647,0.09010027285133089,1.0,0.97911227154047,0.9846739008837677,0.9843342036553525,0.0003,1.0,1174.5602729320526
depth2_bal_AAMM,2,AAMM,6625,79500,0.007390973468621572,0.09490179518858592,0.08792302321110453,1.0,0.9817232375979112,0.9853451169034567,0.9843342036553525,0.0003,1.0,1178.7589695453644
depth2_bal_AAMM,2,AAMM,6650,79800,0.006022179188827674,0.08492933834592502,0.08123561729277884,1.0,0.9817232375979112,0.9881418503188276,0.9843342036553525,0.0003,1.0,1182.860354423523
depth2_bal_AAMM,2,AAMM,6675,80100,0.004894379409961402,0.08580083027482033,0.08034912938518184,1.0,0.9804177545691906,0.9867994182794496,0.9843342036553525,0.0003,1.0,1187.2310733795166
depth2_bal_AAMM,2,AAMM,6700,80400,0.004058892586423705,0.08261911943554878,0.07740515694022179,1.0,0.9843342036553525,0.98657567960622,0.9843342036553525,0.0003,1.0,1191.6942558288574
depth2_bal_AAMM,2,AAMM,6725,80700,0.003443005552981049,0.08200813084840775,0.0765877828001976,1.0,0.9817232375979112,0.9862400715963754,0.9843342036553525,0.0003,1.0,1196.0027821063995
depth2_bal_AAMM,2,AAMM,6750,81000,0.07257446584602197,0.18192820250988007,0.17395985169070108,0.9993472584856397,0.9621409921671018,0.9692359324309207,0.9843342036553525,0.0003,1.0,1200.1611905097961
depth2_bal_AAMM,2,AAMM,6775,81300,0.028172874823212624,0.12619537860155106,0.11774717037166868,1.0,0.9817232375979112,0.9808703434388634,0.9843342036553525,0.0003,1.0,1203.9919919967651
depth2_bal_AAMM,2,AAMM,6800,81600,0.02443720664208134,0.11762454112370808,0.1108438851577895,1.0,0.9830287206266318,0.9842264235373084,0.9843342036553525,0.0003,1.0,1209.1850073337555
depth2_bal_AAMM,2,AAMM,6825,81900,0.02091330025965969,0.1113240694006284,0.10664001937423434,1.0,0.9856396866840731,0.9840026848640787,0.9856396866840731,0.0003,1.0,1213.7499828338623
depth2_bal_AAMM,2,AAMM,6850,82200,0.017821960461636383,0.10625485330820084,0.10100586808153561,1.0,0.9856396866840731,0.9852332475668419,0.9856396866840731,0.0003,1.0,1218.355443239212
depth2_bal_AAMM,2,AAMM,6875,82500,0.015095089096575975,0.09881019343932469,0.09617454186081886,1.0,0.9882506527415144,0.9846739008837677,0.9882506527415144,0.0003,1.0,1222.2469055652618
depth2_bal_AAMM,2,AAMM,6900,82800,0.012591432935247818,0.09703282515207927,0.09325497107846396,1.0,0.9869451697127938,0.9853451169034567,0.9882506527415144,0.0003,1.0,1227.4123573303223
depth2_bal_AAMM,2,AAMM,6925,83100,0.010426898254081607,0.0905248187482357,0.08856116852590017,1.0,0.9882506527415144,0.9854569862400716,0.9882506527415144,0.0003,1.0,1232.2692403793335
depth2_bal_AAMM,2,AAMM,6950,83400,0.008678169067328175,0.08511612191796303,0.08667602336832456,1.0,0.9882506527415144,0.9855688555766864,0.9882506527415144,0.0003,1.0,1237.1846189498901
depth2_bal_AAMM,2,AAMM,6975,83700,0.007468559235955278,0.08283453186353047,0.08438047436731202,1.0,0.9882506527415144,0.9852332475668419,0.9882506527415144,0.0003,1.0,1241.7450635433197
depth2_bal_AAMM,2,AAMM,7000,84000,0.006194770413761337,0.07891704266270001,0.0840045836355005,1.0,0.9869451697127938,0.9861282022597606,0.9882506527415144,0.0003,1.0,1247.1835012435913
depth2_bal_AAMM,2,AAMM,7025,84300,0.0051481866200144095,0.07840413227677345,0.08205393201538495,1.0,0.9869451697127938,0.984450162210538,0.9882506527415144,0.0003,1.0,1252.0115897655487
depth2_bal_AAMM,2,AAMM,7050,84600,0.004470485534208517,0.07564775769909222,0.07959773423416273,1.0,0.9856396866840731,0.9867994182794496,0.9882506527415144,0.0003,1.0,1256.5573420524597
depth2_bal_AAMM,2,AAMM,7075,84900,0.003856497467495501,0.07418145487705867,0.08154647211943354,1.0,0.9869451697127938,0.9846739008837677,0.9882506527415144,0.0003,1.0,1261.7519600391388
depth2_bal_AAMM,2,AAMM,7100,85200,0.0032108082668855786,0.07057082777221997,0.07954430899449758,1.0,0.9869451697127938,0.9854569862400716,0.9882506527415144,0.0003,1.0,1266.6345844268799
depth2_bal_AAMM,2,AAMM,7125,85500,0.023253075468043487,0.10445007185141246,0.10462306290864945,1.0,0.9830287206266318,0.9818771674683969,0.9882506527415144,0.0003,1.0,1271.7473120689392
depth2_bal_AAMM,2,AAMM,7150,85800,0.02085958405708273,0.09933039049307506,0.10222163860286985,1.0,0.9804177545691906,0.9833314688443897,0.9882506527415144,0.0003,1.0,1276.7427434921265
depth2_bal_AAMM,2,AAMM,7175,86100,0.0180691823673745,0.09507877007126808,0.09945135318807193,1.0,0.9830287206266318,0.9834433381810046,0.9882506527415144,0.0003,1.0,1281.5522365570068
depth2_bal_AAMM,2,AAMM,7200,86400,0.015322620437170068,0.0927230753004551,0.09803575319903238,1.0,0.9804177545691906,0.9825483834880859,0.9882506527415144,0.0003,1.0,1286.601263999939
depth2_bal_AAMM,2,AAMM,7225,86700,0.012881558388471603,0.08882581939299901,0.09534806651728493,1.0,0.9817232375979112,0.982436514151471,0.9882506527415144,0.0003,1.0,1290.831815481186
depth2_bal_AAMM,2,AAMM,7250,87000,0.010818275933464369,0.08732978999614716,0.09348547703453473,1.0,0.9817232375979112,0.9821009061416266,0.9882506527415144,0.0003,1.0,1294.76482629776
depth2_bal_AAMM,2,AAMM,7275,87300,0.009025971482818326,0.08241470282276471,0.09089264635528838,1.0,0.9817232375979112,0.9815415594585524,0.9882506527415144,0.0003,1.0,1298.6102178096771
depth2_bal_AAMM,2,AAMM,7300,87600,0.00749254443993171,0.07964081813891728,0.0890824227460793,1.0,0.9817232375979112,0.9821009061416266,0.9882506527415144,0.0003,1.0,1302.8493473529816
depth2_bal_AAMM,2,AAMM,7325,87900,0.006413370332059761,0.07597557082772255,0.08771673579301154,1.0,0.9817232375979112,0.9806466047656337,0.9882506527415144,0.0003,1.0,1307.3088562488556
depth2_bal_AAMM,2,AAMM,7350,88200,0.005561246730697651,0.07468596970041592,0.08660043807966368,1.0,0.9778067885117493,0.9805347354290189,0.9882506527415144,0.0003,1.0,1311.690486907959
depth2_bal_AAMM,2,AAMM,7375,88500,0.004773588249615083,0.07203742985924085,0.08461557089218072,1.0,0.9817232375979112,0.9821009061416266,0.9882506527415144,0.0003,1.0,1316.4795060157776
depth2_bal_AAMM,2,AAMM,7400,88800,1.3529727309942245,0.8866847356160482,0.9305702294622149,0.6067232375979112,0.695822454308094,0.6957154044076519,0.9882506527415144,0.0003,1.0,1321.2991151809692
depth2_bal_AAMM,2,AAMM,7425,89100,0.019872588260720175,0.12138629704713821,0.11388791905982154,1.0,0.9686684073107049,0.9748293992616623,0.9882506527415144,0.0003,1.0,1325.5823903083801
depth2_bal_AAMM,2,AAMM,7450,89400,0.017545255677153666,0.11397698769966762,0.10732336565852166,1.0,0.9751958224543081,0.9769549166573442,0.9882506527415144,0.0003,1.0,1330.3954241275787
depth2_bal_AAMM,2,AAMM,7475,89700,0.015282469413553676,0.10830218593279521,0.1035839275590011,1.0,0.9751958224543081,0.977738002013648,0.9882506527415144,0.0003,1.0,1334.1591579914093
depth2_bal_AAMM,2,AAMM,7500,90000,0.013101733600099882,0.10434740781784058,0.10174641609191895,1.0,0.9778067885117493,0.978409218033337,0.9882506527415144,0.0003,1.0,1337.7782175540924
depth2_bal_AAMM,2,AAMM,7525,90300,0.011097289699440202,0.09836864471435547,0.09907252107347761,1.0,0.9804177545691906,0.9771786553305739,0.9882506527415144,0.0003,1.0,1341.578558921814
depth2_bal_AAMM,2,AAMM,7550,90600,0.009316280755835274,0.09591091672579448,0.09635522354926382,1.0,0.9778067885117493,0.978409218033337,0.9882506527415144,0.0003,1.0,1345.5384843349457
depth2_bal_AAMM,2,AAMM,7575,90900,0.00799642705048124,0.09517422318458557,0.09587627234203475,1.0,0.9804177545691906,0.9776261326770332,0.9882506527415144,0.0003,1.0,1349.968144416809
depth2_bal_AAMM,2,AAMM,7600,91200,0.006976434029638767,0.10178099075953166,0.099783379478114,1.0,0.9751958224543081,0.9760599619644256,0.9882506527415144,0.0003,1.0,1353.601004600525
depth2_bal_AAMM,2,AAMM,7625,91500,0.005449922289699316,0.09116490185260773,0.09296780196683747,1.0,0.9778067885117493,0.9766193086474997,0.9882506527415144,0.0003,1.0,1357.5155715942383
depth2_bal_AAMM,2,AAMM,7650,91800,0.13142778600255647,0.2730456391970317,0.25356321547712596,0.9954308093994778,0.9386422976501305,0.9518961852556215,0.9882506527415144,0.0003,1.0,1361.5105204582214
depth2_bal_AAMM,2,AAMM,7675,92100,0.03099971202512582,0.14359725018342337,0.13479222037962504,1.0,0.9686684073107049,0.9713614498266026,0.9882506527415144,0.0003,1.0,1365.8999407291412
depth2_bal_AAMM,2,AAMM,7700,92400,0.025483931414783,0.12615777303775152,0.12038467590297972,1.0,0.9686684073107049,0.975724353954581,0.9882506527415144,0.0003,1.0,1370.2759459018707
depth2_bal_AAMM,2,AAMM,7725,92700,0.02154145964110891,0.11488297333319981,0.11033872557537897,1.0,0.9699738903394256,0.9786329567065667,0.9882506527415144,0.0003,1.0,1374.1536712646484
depth2_bal_AAMM,2,AAMM,7750,93000,0.01810788456350565,0.0988345518708229,0.1003159221793924,1.0,0.9778067885117493,0.9814296901219376,0.9882506527415144,0.0003,1.0,1378.267501592636
depth2_bal_AAMM,2,AAMM,7775,93300,0.015446911410739025,0.0877927914261818,0.09216047355106899,1.0,0.9804177545691906,0.982436514151471,0.9882506527415144,0.0003,1.0,1381.8309519290924
depth2_bal_AAMM,2,AAMM,7800,93600,0.012973033279801408,0.08181061347325642,0.08862985936658722,1.0,0.9817232375979112,0.983778946190849,0.9882506527415144,0.0003,1.0,1385.4050896167755
depth2_bal_AAMM,2,AAMM,7825,93900,0.01090952397013704,0.07568482309579849,0.0833126156457833,1.0,0.9817232375979112,0.9840026848640787,0.9882506527415144,0.0003,1.0,1389.3229925632477
depth2_bal_AAMM,2,AAMM,7850,94200,0.009121357928961515,0.07195859650770824,0.08126609378627368,1.0,0.9856396866840731,0.9838908155274639,0.9882506527415144,0.0003,1.0,1394.3850581645966
depth2_bal_AAMM,2,AAMM,7875,94500,0.007711047151436408,0.06960775206486385,0.07699676528573036,1.0,0.9843342036553525,0.9848976395569974,0.9882506527415144,0.0003,1.0,1399.3132371902466
depth2_bal_AAMM,2,AAMM,7900,94800,0.006923001725226641,0.06878140568733215,0.0756361223757267,1.0,0.9843342036553525,0.9841145542006936,0.9882506527415144,0.0003,1.0,1403.9262561798096
depth2_bal_AAMM,2,AAMM,7925,95100,0.0053789319936186075,0.06700185810526212,0.07280419617891312,1.0,0.9843342036553525,0.9848976395569974,0.9882506527415144,0.0003,1.0,1409.3011457920074
depth2_bal_AAMM,2,AAMM,7950,95400,0.00471204911203434,0.06617492934068044,0.07334714542542185,1.0,0.9830287206266318,0.9836670768542343,0.9882506527415144,0.0003,1.0,1413.1540002822876
depth2_bal_AAMM,2,AAMM,7975,95700,0.0039216831016043825,0.06013785426815351,0.06873340063861438,1.0,0.9869451697127938,0.9854569862400716,0.9882506527415144,0.0003,1.0,1416.9009988307953
depth2_bal_AAMM,2,AAMM,8000,96000,0.0033711058204062283,0.060155448814233146,0.06788959449955395,1.0,0.9843342036553525,0.9847857702203826,0.9882506527415144,0.0003,1.0,1421.4043292999268
depth2_bal_AAMM,2,AAMM,8025,96300,0.002965327371687939,0.05936137462655703,0.06928731128573418,1.0,0.9856396866840731,0.9838908155274639,0.9882506527415144,0.0003,1.0,1426.0194263458252
depth2_bal_AAMM,2,AAMM,8050,96600,0.002444427208198855,0.0610667976240317,0.06589379299964224,1.0,0.9869451697127938,0.9850095088936123,0.9882506527415144,0.0003,1.0,1431.9730978012085
depth2_bal_AAMM,2,AAMM,8075,96900,0.00204114203612941,0.05959772318601608,0.06645830944180489,1.0,0.9869451697127938,0.9845620315471529,0.9882506527415144,0.0003,1.0,1435.9607532024384
depth2_bal_AAMM,2,AAMM,8100,97200,0.027632527984678745,0.13297573228677115,0.12656986670834677,1.0,0.9738903394255874,0.9720326658462916,0.9882506527415144,0.0003,1.0,1439.685796737671
depth2_bal_AAMM,2,AAMM,8125,97500,0.019275081654389698,0.11002656817436218,0.10899663950715746,1.0,0.9751958224543081,0.9789685647164112,0.9882506527415144,0.0003,1.0,1443.5540511608124
depth2_bal_AAMM,2,AAMM,8150,97800,0.016928202006965876,0.09839863330125809,0.10332056901284627,1.0,0.97911227154047,0.980422866092404,0.9882506527415144,0.0003,1.0,1447.502773284912
depth2_bal_AAMM,2,AAMM,8175,98100,0.01443507537866632,0.09281652420759201,0.09932532949107034,1.0,0.9804177545691906,0.9822127754782414,0.9882506527415144,0.0003,1.0,1451.0619461536407
depth2_bal_AAMM,2,AAMM,8200,98400,0.012408967362716794,0.08835313469171524,0.09640095861894744,1.0,0.9843342036553525,0.9818771674683969,0.9882506527415144,0.0003,1.0,1455.489063501358
depth2_bal_AAMM,2,AAMM,8225,98700,0.010453661515687903,0.08256560191512108,0.09536189309188298,1.0,0.9843342036553525,0.9812059514487079,0.9882506527415144,0.0003,1.0,1460.342723608017
depth2_bal_AAMM,2,AAMM,8250,99000,0.008823513945875069,0.08136518423755963,0.09336447651897158,1.0,0.9856396866840731,0.9813178207853227,0.9882506527415144,0.0003,1.0,1464.4690866470337
depth2_bal_AAMM,2,AAMM,8275,99300,0.007377277438839276,0.07845527430375417,0.0919382281601429,1.0,0.9856396866840731,0.9809822127754783,0.9882506527415144,0.0003,1.0,1470.0646390914917
depth2_bal_AAMM,2,AAMM,8300,99600,0.06189063455288609,0.5283329784870148,0.526570543221065,0.9849869451697127,0.8668407310704961,0.8644143640228213,0.9882506527415144,0.0003,1.0,1474.8217298984528
depth2_bal_AAMM,2,AAMM,8325,99900,0.014195804949849844,0.08642922590176265,0.09502014443278313,1.0,0.9778067885117493,0.9774023940038036,0.9882506527415144,0.0003,1.0,1479.4688210487366
depth2_bal_AAMM,2,AAMM,8350,100200,0.013105240650475025,0.07813441256682079,0.08852689798389163,1.0,0.9856396866840731,0.9818771674683969,0.9882506527415144,0.0003,1.0,1484.1395165920258
depth2_bal_AAMM,2,AAMM,8375,100500,0.011496904616554579,0.072127020607392,0.08484552300402097,1.0,0.9856396866840731,0.9833314688443897,0.9882506527415144,0.0003,1.0,1488.2559900283813
depth2_bal_AAMM,2,AAMM,8400,100800,0.009634544529641667,0.07011088604728381,0.08308808633259364,1.0,0.9843342036553525,0.9840026848640787,0.9882506527415144,0.0003,1.0,1492.0364172458649
depth2_bal_AAMM,2,AAMM,8425,101100,0.008211409207433462,0.06810296575228374,0.0822731257549354,1.0,0.9856396866840731,0.9836670768542343,0.9882506527415144,0.0003,1.0,1495.7596147060394
depth2_bal_AAMM,2,AAMM,8450,101400,0.007118469725052516,0.0675566444794337,0.08202545797186238,1.0,0.9843342036553525,0.9835552075176194,0.9882506527415144,0.0003,1.0,1499.3841996192932
depth2_bal_AAMM,2,AAMM,8475,101700,0.006297752765628199,0.07206287235021591,0.08536771567804473,1.0,0.9830287206266318,0.9806466047656337,0.9882506527415144,0.0003,1.0,1503.29532122612
depth2_bal_AAMM,2,AAMM,8500,102000,0.03186914573113123,0.13209440807501474,0.13507842676980156,1.0,0.9673629242819843,0.9724801431927509,0.9882506527415144,0.0003,1.0,1508.3845312595367
depth2_bal_AAMM,2,AAMM,8525,102300,0.021042371013512213,0.10327803840239842,0.11349220999649592,1.0,0.97911227154047,0.9774023940038036,0.9882506527415144,0.0003,1.0,1512.4161586761475
depth2_bal_AAMM,2,AAMM,8550,102600,0.017951499825964373,0.09466095765431722,0.10566160465989793,1.0,0.9817232375979112,0.9796397807361003,0.9882506527415144,0.0003,1.0,1516.109633922577
depth2_bal_AAMM,2,AAMM,8575,102900,0.015500768087804317,0.08883111923933029,0.10148186108895711,1.0,0.9830287206266318,0.9791923033896409,0.9882506527415144,0.0003,1.0,1520.2287397384644
depth2_bal_AAMM,2,AAMM,8600,103200,0.013182006621112427,0.08150063703457515,0.09755728638597898,1.0,0.9856396866840731,0.9801991274191744,0.9882506527415144,0.0003,1.0,1524.146270275116
depth2_bal_AAMM,2,AAMM,8625,103500,0.011154569530238708,0.07981761544942856,0.09556561240128109,1.0,0.9856396866840731,0.9800872580825596,0.9882506527415144,0.0003,1.0,1527.5932762622833
depth2_bal_AAMM,2,AAMM,8650,103800,0.009425466414541006,0.07680641363064449,0.09293381859149252,1.0,0.9869451697127938,0.9801991274191744,0.9882506527415144,0.0003,1.0,1531.2981989383698
depth2_bal_AAMM,2,AAMM,8675,104100,0.008236303343437612,0.07545337826013565,0.09023801343781608,1.0,0.9830287206266318,0.9798635194093299,0.9882506527415144,0.0003,1.0,1535.541277885437
depth2_bal_AAMM,2,AAMM,8700,104400,0.006778734425703685,0.07142006233334541,0.08837594645363944,1.0,0.9830287206266318,0.9807584741022486,0.9882506527415144,0.0003,1.0,1539.4582614898682
depth2_bal_AAMM,2,AAMM,8725,104700,0.005723009700886905,0.07134641582767169,0.08706311328070504,1.0,0.9843342036553525,0.9788566953797964,0.9882506527415144,0.0003,1.0,1543.3978278636932
depth2_bal_AAMM,2,AAMM,8750,105000,0.004813751516242822,0.06642322118083636,0.08773670090096337,1.0,0.9817232375979112,0.9794160420628706,0.9882506527415144,0.0003,1.0,1547.1179399490356
depth2_bal_AAMM,2,AAMM,8775,105300,0.004044252583601822,0.06635999182860057,0.08494079847420966,1.0,0.9856396866840731,0.9799753887459447,0.9882506527415144,0.0003,1.0,1551.8323593139648
depth2_bal_AAMM,2,AAMM,8800,105600,0.0035084042077263198,0.06338053693373998,0.0848280767244952,1.0,0.9843342036553525,0.9799753887459447,0.9882506527415144,0.0003,1.0,1555.9735808372498
depth2_bal_AAMM,2,AAMM,8825,105900,0.003436448964445541,0.07084475209315617,0.08823879733681679,1.0,0.9843342036553525,0.9796397807361003,0.9882506527415144,0.0003,1.0,1560.3504753112793
depth2_bal_AAMM,2,AAMM,8850,106200,0.02142168317611019,0.10212196161349614,0.1031192570924759,1.0,0.9738903394255874,0.9787448260431816,0.9882506527415144,0.0003,1.0,1564.0536348819733
depth2_bal_AAMM,2,AAMM,8875,106500,0.017964136476318043,0.08855522920687993,0.09487426759941238,1.0,0.9804177545691906,0.9812059514487079,0.9882506527415144,0.0003,1.0,1568.0047256946564
depth2_bal_AAMM,2,AAMM,8900,106800,0.015748309204354882,0.08142961810032527,0.08808269341077124,1.0,0.9817232375979112,0.9840026848640787,0.9882506527415144,0.0003,1.0,1571.6221373081207
depth2_bal_AAMM,2,AAMM,8925,107100,0.013544665494312843,0.07533378526568413,0.08384812687124525,1.0,0.9817232375979112,0.9842264235373084,0.9882506527415144,0.0003,1.0,1575.4991075992584
depth2_bal_AAMM,2,AAMM,8950,107400,0.01179210857177774,0.06858292470375697,0.08210199964897973,1.0,0.9843342036553525,0.9846739008837677,0.9882506527415144,0.0003,1.0,1580.3162245750427
depth2_bal_AAMM,2,AAMM,8975,107700,0.00986610259860754,0.06029228369394938,0.07595148161053658,1.0,0.9869451697127938,0.9850095088936123,0.9882506527415144,0.0003,1.0,1584.2760109901428
depth2_bal_AAMM,2,AAMM,9000,108000,0.008264355671902498,0.059118575106064476,0.07361864798835345,1.0,0.9856396866840731,0.9855688555766864,0.9882506527415144,0.0003,1.0,1588.2890892028809
depth2_bal_AAMM,2,AAMM,9025,108300,0.007200330728664994,0.05455483744541804,0.0733510604926518,1.0,0.9856396866840731,0.9848976395569974,0.9882506527415144,0.0003,1.0,1593.041715145111
depth2_bal_AAMM,2,AAMM,9050,108600,0.005955988657660782,0.05630503594875336,0.06954695050205503,1.0,0.9817232375979112,0.9850095088936123,0.9882506527415144,0.0003,1.0,1598.162099123001
depth2_bal_AAMM,2,AAMM,9075,108900,0.06873072776943445,0.21411721408367157,0.1884762052978788,0.9990208877284595,0.9386422976501305,0.9597270388186598,0.9882506527415144,0.0003,1.0,1602.4113492965698
depth2_bal_AAMM,2,AAMM,9100,109200,0.02419155991325776,0.12894572814305624,0.12115664205380848,1.0,0.9634464751958225,0.9746056605884327,0.9882506527415144,0.0003,1.0,1606.497058391571
depth2_bal_AAMM,2,AAMM,9125,109500,0.019689586168775957,0.1128310039639473,0.10955729335546494,1.0,0.9751958224543081,0.977066785993959,0.9882506527415144,0.0003,1.0,1610.1386239528656
depth2_bal_AAMM,2,AAMM,9150,109800,0.016887430877735216,0.10530077417691548,0.10395578465291432,1.0,0.9738903394255874,0.9793041727262557,0.9882506527415144,0.0003,1.0,1614.3176293373108
depth2_bal_AAMM,2,AAMM,9175,110100,0.014311768192177018,0.09846701597174008,0.09950423389673232,1.0,0.9751958224543081,0.9800872580825596,0.9882506527415144,0.0003,1.0,1618.3837127685547
depth2_bal_AAMM,2,AAMM,9200,110400,0.012155101634562016,0.0946326454480489,0.09736407409821238,1.0,0.9778067885117493,0.9803109967557893,0.9882506527415144,0.0003,1.0,1622.6076107025146
depth2_bal_AAMM,2,AAMM,9225,110700,0.010371999737496177,0.08998422573010127,0.09433237186500004,1.0,0.97911227154047,0.9806466047656337,0.9882506527415144,0.0003,1.0,1626.945358991623
depth2_bal_AAMM,2,AAMM,9250,111000,0.00881481938995421,0.08812920873363812,0.09209969873939242,1.0,0.97911227154047,0.9801991274191744,0.9882506527415144,0.0003,1.0,1631.0897085666656
depth2_bal_AAMM,2,AAMM,9275,111300,0.007535553692529599,0.08700103561083476,0.09084800428577831,1.0,0.9778067885117493,0.9799753887459447,0.9882506527415144,0.0003,1.0,1634.9092679023743
depth2_bal_AAMM,2,AAMM,9300,111600,0.006276706660476823,0.08436344812313716,0.08940632737108639,1.0,0.97911227154047,0.980422866092404,0.9882506527415144,0.0003,1.0,1638.4644804000854
depth2_bal_AAMM,2,AAMM,9325,111900,0.005360784203124543,0.08394424617290497,0.08790079631975718,1.0,0.9751958224543081,0.9809822127754783,0.9882506527415144,0.0003,1.0,1642.2414634227753
depth2_bal_AAMM,2,AAMM,9350,112200,0.0045462463749572635,0.0829102173447609,0.08748351175870214,1.0,0.9804177545691906,0.981094082112093,0.9882506527415144,0.0003,1.0,1646.1340086460114
depth2_bal_AAMM,2,AAMM,9375,112500,0.003827907843515277,0.08066820229093234,0.08618121242948941,1.0,0.9804177545691906,0.9815415594585524,0.9882506527415144,0.0003,1.0,1649.7918910980225
depth2_bal_AAMM,2,AAMM,9400,112800,0.003291413983485351,0.08173812553286552,0.08801342270203999,1.0,0.97911227154047,0.981094082112093,0.9882506527415144,0.0003,1.0,1653.9333906173706
depth2_bal_AAMM,2,AAMM,9425,113100,0.002778241876512766,0.08106110865871112,0.08680258435862405,1.0,0.9804177545691906,0.9819890368050117,0.9882506527415144,0.0003,1.0,1658.5316636562347
depth2_bal_AAMM,2,AAMM,9450,113400,0.0024753029186589024,0.08093994359175365,0.087274747554745,1.0,0.9830287206266318,0.9812059514487079,0.9882506527415144,0.0003,1.0,1662.5604395866394
depth2_bal_AAMM,2,AAMM,9475,113700,0.0019582310342229903,0.08268403758605321,0.088204703692879,1.0,0.9804177545691906,0.9807584741022486,0.9882506527415144,0.0003,1.0,1666.8583602905273
depth2_bal_AAMM,2,AAMM,9500,114000,0.030082315982629854,0.1285341555873553,0.1256950699857303,1.0,0.9738903394255874,0.9740463139053586,0.9882506527415144,0.0003,1.0,1671.0100972652435
depth2_bal_AAMM,2,AAMM,9525,114300,0.020266171389569838,0.1013827919960022,0.10186031929084233,1.0,0.9778067885117493,0.979751650072715,0.9882506527415144,0.0003,1.0,1674.979121208191
depth2_bal_AAMM,2,AAMM,9550,114600,0.017685674286137026,0.0948540170987447,0.09639228422726903,1.0,0.9830287206266318,0.9808703434388634,0.9882506527415144,0.0003,1.0,1679.6392486095428
depth2_bal_AAMM,2,AAMM,9575,114900,0.01536049988741676,0.09140349552035332,0.0934886417218617,1.0,0.9804177545691906,0.9807584741022486,0.9882506527415144,0.0003,1.0,1683.9974429607391
depth2_bal_AAMM,2,AAMM,9600,115200,0.013251004740595818,0.08856789767742157,0.09034643290298326,1.0,0.9804177545691906,0.9814296901219376,0.9882506527415144,0.0003,1.0,1688.1089022159576
depth2_bal_AAMM,2,AAMM,9625,115500,0.011295274288083116,0.08781655381123225,0.08952402280909674,1.0,0.9830287206266318,0.9799753887459447,0.9882506527415144,0.0003,1.0,1691.949952363968
depth2_bal_AAMM,2,AAMM,9650,115800,0.00935930060222745,0.08524843926231067,0.08830737397074699,1.0,0.9804177545691906,0.980422866092404,0.9882506527415144,0.0003,1.0,1695.6355121135712
depth2_bal_AAMM,2,AAMM,9675,116100,0.007980814203619957,0.08749453350901604,0.08727587557264736,1.0,0.97911227154047,0.9798635194093299,0.9882506527415144,0.0003,1.0,1699.3004162311554
depth2_bal_AAMM,2,AAMM,9700,116400,0.006877509372619291,0.08747265736262004,0.08692930542996952,1.0,0.97911227154047,0.9798635194093299,0.9882506527415144,0.0003,1.0,1703.3611052036285
depth2_bal_AAMM,2,AAMM,9725,116700,0.005987434376341601,0.0859288548429807,0.08928896114230156,1.0,0.9817232375979112,0.9772905246671887,0.9882506527415144,0.0003,1.0,1707.1359300613403
depth2_bal_AAMM,2,AAMM,9750,117000,0.02473037534703811,0.12464199711879094,0.1079144218138286,1.0,0.9647519582245431,0.9769549166573442,0.9882506527415144,0.0003,1.0,1711.1403172016144
depth2_bal_AAMM,2,AAMM,9775,117300,0.018114258690426748,0.0978819727897644,0.09477366485766002,1.0,0.9765013054830287,0.9799753887459447,0.9882506527415144,0.0003,1.0,1714.594467163086
depth2_bal_AAMM,2,AAMM,9800,117600,0.015700791186342638,0.09023158624768257,0.09090401423828942,1.0,0.9751958224543081,0.9815415594585524,0.9882506527415144,0.0003,1.0,1718.1873545646667
depth2_bal_AAMM,2,AAMM,9825,117900,0.01362558656061689,0.08709666132926941,0.08793861163514001,1.0,0.9778067885117493,0.9815415594585524,0.9882506527415144,0.0003,1.0,1722.6155672073364
depth2_bal_AAMM,2,AAMM,9850,118200,0.011536821722984314,0.08468687285979588,0.08626681002123016,1.0,0.9778067885117493,0.9823246448148563,0.9882506527415144,0.0003,1.0,1726.3662078380585
depth2_bal_AAMM,2,AAMM,9875,118500,0.009886066429316998,0.0805155336856842,0.08153837344476154,1.0,0.9804177545691906,0.9832195995077749,0.9882506527415144,0.0003,1.0,1730.4174206256866
depth2_bal_AAMM,2,AAMM,9900,118800,0.008380898158065975,0.07796237245202065,0.08170558959245681,1.0,0.9830287206266318,0.9819890368050117,0.9882506527415144,0.0003,1.0,1734.8454947471619
depth2_bal_AAMM,2,AAMM,9925,119100,0.007355868156688909,0.07832366103927295,0.08005978518298694,1.0,0.9856396866840731,0.981765298131782,0.9882506527415144,0.0003,1.0,1738.6867311000824
depth2_bal_AAMM,2,AAMM,9950,119400,0.11824756488204002,0.20798924565315247,0.1929917914526803,0.9738903394255874,0.9425587467362925,0.9474214117910281,0.9882506527415144,0.0003,1.0,1742.6515638828278
depth2_bal_AAMM,2,AAMM,9975,119700,0.014096803109471997,0.09689509868621826,0.09647848361304828,1.0,0.9738903394255874,0.9781854793601074,0.9882506527415144,0.0003,1.0,1746.6745789051056
depth2_bal_AAMM,2,AAMM,10000,120000,0.012843344050149122,0.09203664461771648,0.09395263152463096,1.0,0.97911227154047,0.9787448260431816,0.9882506527415144,0.0003,1.0,1751.8600182533264
depth2_bal_AAMM,2,AAMM,10025,120300,0.011087721058477959,0.08928876246015231,0.0924539789557457,1.0,0.9751958224543081,0.9793041727262557,0.9882506527415144,0.0003,1.0,1757.0748083591461
depth2_bal_AAMM,2,AAMM,10050,120600,0.009537742395574847,0.08792636916041374,0.0910714470914432,1.0,0.97911227154047,0.9795279113994854,0.9882506527415144,0.0003,1.0,1762.698124885559
depth2_bal_AAMM,2,AAMM,10075,120900,0.00836492752811561,0.08915712932745616,0.09015319677335876,1.0,0.9712793733681462,0.977738002013648,0.9882506527415144,0.0003,1.0,1766.5863227844238
depth2_bal_AAMM,2,AAMM,10100,121200,0.006797231966629624,0.08333774159351985,0.08864750968558448,1.0,0.9765013054830287,0.9785210873699519,0.9882506527415144,0.0003,1.0,1770.952674150467
depth2_bal_AAMM,2,AAMM,10125,121500,0.0057482013168434305,0.08149894575277965,0.08818600294845445,1.0,0.9778067885117493,0.9788566953797964,0.9882506527415144,0.0003,1.0,1775.676796913147
depth2_bal_AAMM,2,AAMM,10150,121800,0.0051005037579064565,0.08599254737297694,0.09071960129908153,1.0,0.9686684073107049,0.9768430473207294,0.9882506527415144,0.0003,1.0,1780.0777189731598
depth2_bal_AAMM,2,AAMM,10175,122100,0.3855256487925847,0.5043753385543823,0.49565305539539883,0.9585509138381201,0.8981723237597912,0.9036805011746281,0.9882506527415144,0.0003,1.0,1784.1597619056702
depth2_bal_AAMM,2,AAMM,10200,122400,0.04488697617004315,0.17125738163789114,0.1572424733213016,1.0,0.9647519582245431,0.9681172390647723,0.9882506527415144,0.0003,1.0,1788.452558040619
depth2_bal_AAMM,2,AAMM,10225,122700,0.03215655917301774,0.14066851139068604,0.12722014508077076,1.0,0.9699738903394256,0.974381921915203,0.9882506527415144,0.0003,1.0,1792.7031254768372
depth2_bal_AAMM,2,AAMM,10250,123000,0.02586696467672785,0.1226866568128268,0.1121579178742,1.0,0.9778067885117493,0.979080434053026,0.9882506527415144,0.0003,1.0,1797.6009550094604
depth2_bal_AAMM,2,AAMM,10275,123300,0.021282649288574856,0.11175799121459325,0.10213668463485581,1.0,0.9765013054830287,0.981765298131782,0.9882506527415144,0.0003,1.0,1801.637567281723
depth2_bal_AAMM,2,AAMM,10300,123600,0.01771362234527866,0.10370231668154399,0.09568481211151396,1.0,0.9778067885117493,0.9827721221613156,0.9882506527415144,0.0003,1.0,1805.2684779167175
depth2_bal_AAMM,2,AAMM,10325,123900,0.014861809089779854,0.09537603209416072,0.08916497858507293,1.0,0.97911227154047,0.9850095088936123,0.9882506527415144,0.0003,1.0,1809.2402658462524
depth2_bal_AAMM,2,AAMM,10350,124200,0.01248861818263928,0.08948073536157608,0.08500115009290832,1.0,0.9778067885117493,0.985121378230227,0.9882506527415144,0.0003,1.0,1812.8459839820862
depth2_bal_AAMM,2,AAMM,10375,124500,0.01049472438171506,0.08425021916627884,0.08097279518842697,1.0,0.9817232375979112,0.9863519409329903,0.9882506527415144,0.0003,1.0,1817.1553695201874
depth2_bal_AAMM,2,AAMM,10400,124800,0.008857210089142123,0.08052039394776027,0.07943033086402075,1.0,0.9804177545691906,0.9860163329231457,0.9882506527415144,0.0003,1.0,1821.0041971206665
depth2_bal_AAMM,2,AAMM,10425,125100,0.007465571087474625,0.07729023322463036,0.074944199940988,1.0,0.9778067885117493,0.9870231569526793,0.9882506527415144,0.0003,1.0,1824.5794067382812
depth2_bal_AAMM,2,AAMM,10450,125400,0.00630263479736944,0.07348048438628514,0.072670159808227,1.0,0.9804177545691906,0.987918111645598,0.9882506527415144,0.0003,1.0,1828.1585257053375
depth2_bal_AAMM,2,AAMM,10475,125700,0.005311210950215657,0.07240836570660274,0.07088094241917134,1.0,0.9804177545691906,0.9874706342991386,0.9882506527415144,0.0003,1.0,1832.0725555419922
depth2_bal_AAMM,2,AAMM,10500,126000,0.004485664054906617,0.06983630234996478,0.06974313535860606,1.0,0.9804177545691906,0.9876943729723683,0.9882506527415144,0.0003,1.0,1835.9097166061401
depth2_bal_AAMM,2,AAMM,10525,126300,0.0037648527262111506,0.06949380536874135,0.06795357364628996,1.0,0.9778067885117493,0.987918111645598,0.9882506527415144,0.0003,1.0,1839.685409784317
depth2_bal_AAMM,2,AAMM,10550,126600,0.003198131686076522,0.06493935113151868,0.06699498303766761,1.0,0.9817232375979112,0.9876943729723683,0.9882506527415144,0.0003,1.0,1843.6678092479706
depth2_bal_AAMM,2,AAMM,10575,126900,0.0027333366645810506,0.06720059116681416,0.06705406015472752,1.0,0.97911227154047,0.987918111645598,0.9882506527415144,0.0003,1.0,1847.6112031936646
depth2_bal_AAMM,2,AAMM,10600,127200,0.002274925723516693,0.06405822932720184,0.06483188183712107,1.0,0.9804177545691906,0.9884774583286721,0.9882506527415144,0.0003,1.0,1851.504983663559
depth2_bal_AAMM,2,AAMM,10625,127500,0.0019368455299021055,0.06344618896643321,0.06435831159885441,1.0,0.9778067885117493,0.9881418503188276,0.9882506527415144,0.0003,1.0,1855.0327579975128
depth2_bal_AAMM,2,AAMM,10650,127800,0.0016599351171559344,0.06247039635976156,0.06391303898500544,1.0,0.9817232375979112,0.9881418503188276,0.9882506527415144,0.0003,1.0,1859.7969653606415
depth2_bal_AAMM,2,AAMM,10675,128100,0.0014210212199638288,0.06336226190129916,0.063976689667574,1.0,0.9804177545691906,0.9880299809822127,0.9882506527415144,0.0003,1.0,1864.7400963306427
depth2_bal_AAMM,2,AAMM,10700,128400,0.02256003674119711,0.11008969197670619,0.10965157513107572,1.0,0.9673629242819843,0.9709139724801432,0.9882506527415144,0.0003,1.0,1868.7578098773956
depth2_bal_AAMM,2,AAMM,10725,128700,0.018071358557790518,0.10115756591161092,0.09482028697218214,1.0,0.9751958224543081,0.9803109967557893,0.9882506527415144,0.0003,1.0,1872.5814204216003
depth2_bal_AAMM,2,AAMM,10750,129000,0.015543665348862609,0.09707600871721904,0.08991389029792377,1.0,0.9751958224543081,0.9819890368050117,0.9882506527415144,0.0003,1.0,1877.3863530158997
depth2_bal_AAMM,2,AAMM,10775,129300,0.013164299540221691,0.08964370439449947,0.08395316803029605,1.0,0.9738903394255874,0.9843382928739233,0.9882506527415144,0.0003,1.0,1881.1554749011993
depth2_bal_AAMM,2,AAMM,10800,129600,0.011021266768996915,0.0835971012711525,0.07897297356809889,1.0,0.9765013054830287,0.9855688555766864,0.9882506527415144,0.0003,1.0,1884.7243478298187
depth2_bal_AAMM,2,AAMM,10825,129900,0.009011100589608153,0.07523671040932338,0.07527014485427312,1.0,0.9817232375979112,0.9860163329231457,0.9882506527415144,0.0003,1.0,1888.5964481830597
depth2_bal_AAMM,2,AAMM,10850,130200,0.007590465674487253,0.07191383093595505,0.0718686870698418,1.0,0.9804177545691906,0.98657567960622,0.9882506527415144,0.0003,1.0,1892.3118453025818
depth2_bal_AAMM,2,AAMM,10875,130500,0.006387162410343687,0.07253439724445343,0.06935958851661,1.0,0.9804177545691906,0.985792594249916,0.9882506527415144,0.0003,1.0,1895.9950847625732
depth2_bal_AAMM,2,AAMM,10900,130800,0.005291711150979002,0.06546724711855252,0.0667819722954716,1.0,0.9830287206266318,0.9862400715963754,0.9882506527415144,0.0003,1.0,1899.7292716503143
depth2_bal_AAMM,2,AAMM,10925,131100,0.004485880335172017,0.06542865931987762,0.06752558781632355,1.0,0.9804177545691906,0.985121378230227,0.9882506527415144,0.0003,1.0,1903.434930562973
depth2_bal_AAMM,2,AAMM,10950,131400,0.0036483987933024764,0.061327929298082985,0.06284977500992162,1.0,0.9817232375979112,0.9863519409329903,0.9882506527415144,0.0003,1.0,1907.4461023807526
depth2_bal_AAMM,2,AAMM,10975,131700,0.017305965069681406,0.09494892507791519,0.09918760976621083,1.0,0.9751958224543081,0.9744937912518179,0.9882506527415144,0.0003,1.0,1912.4245972633362
depth2_bal_AAMM,2,AAMM,11000,132000,0.014545387976492444,0.08837559322516124,0.09212024275745664,1.0,0.97911227154047,0.9772905246671887,0.9882506527415144,0.0003,1.0,1916.0334479808807
depth2_bal_AAMM,2,AAMM,11025,132300,0.01288724783807993,0.08658241977294286,0.09014439742480006,1.0,0.9843342036553525,0.979080434053026,0.9882506527415144,0.0003,1.0,1922.5068233013153
depth2_bal_AAMM,2,AAMM,11050,132600,0.01102491266404589,0.08288393666346867,0.0877904003219945,1.0,0.9830287206266318,0.9793041727262557,0.9882506527415144,0.0003,1.0,1926.4737572669983
depth2_bal_AAMM,2,AAMM,11075,132900,0.009391051949933171,0.08085447053114574,0.08655173682740756,1.0,0.9830287206266318,0.9794160420628706,0.9882506527415144,0.0003,1.0,1930.4318063259125
depth2_bal_AAMM,2,AAMM,11100,133200,0.008112592933078608,0.07863640536864598,0.08522543609142304,1.0,0.9830287206266318,0.9795279113994854,0.9882506527415144,0.0003,1.0,1935.657977104187
depth2_bal_AAMM,2,AAMM,11125,133500,0.006852660017708938,0.0752633089820544,0.08475839814969471,1.0,0.9830287206266318,0.9794160420628706,0.9882506527415144,0.0003,1.0,1940.2026205062866
depth2_bal_AAMM,2,AAMM,11150,133800,0.005633212625980377,0.06975624337792397,0.08107102726187025,1.0,0.9843342036553525,0.9818771674683969,0.9882506527415144,0.0003,1.0,1944.2021701335907
depth2_bal_AAMM,2,AAMM,11175,134100,0.06778646741683285,0.5355391502380371,0.5360379389354161,0.983355091383812,0.8407310704960835,0.8459559234813737,0.9882506527415144,0.0003,1.0,1948.0797061920166
depth2_bal_AAMM,2,AAMM,11200,134400,0.013148066820576787,0.08818386122584343,0.0938504593712943,1.0,0.9673629242819843,0.9765074393108849,0.9882506527415144,0.0003,1.0,1951.6690640449524
depth2_bal_AAMM,2,AAMM,11225,134700,0.011575773435955247,0.08570649350682895,0.08934106922575406,1.0,0.9751958224543081,0.9787448260431816,0.9882506527415144,0.0003,1.0,1955.533414363861
depth2_bal_AAMM,2,AAMM,11250,135000,0.009967683698050678,0.08336574087540309,0.08756790629455022,1.0,0.9751958224543081,0.979080434053026,0.9882506527415144,0.0003,1.0,1959.271074771881
depth2_bal_AAMM,2,AAMM,11275,135300,0.008783027296885848,0.08074478680888812,0.08527286606175559,1.0,0.9751958224543081,0.979751650072715,0.9882506527415144,0.0003,1.0,1963.6332087516785
depth2_bal_AAMM,2,AAMM,11300,135600,0.007331889355555177,0.08011276026566823,0.08472642398306302,1.0,0.9738903394255874,0.9781854793601074,0.9882506527415144,0.0003,1.0,1967.2718017101288
depth2_bal_AAMM,2,AAMM,11325,135900,0.0065695551844934625,0.07531966020663579,0.08580604738422802,1.0,0.9751958224543081,0.977738002013648,0.9882506527415144,0.0003,1.0,1971.8009634017944
depth2_bal_AAMM,2,AAMM,11350,136200,0.0056434728515644865,0.07755785683790843,0.0858816915324756,1.0,0.9725848563968669,0.9767311779841146,0.9882506527415144,0.0003,1.0,1975.9288129806519
depth2_bal_AAMM,2,AAMM,11375,136500,0.004550576442852616,0.07677879432837169,0.08911841256277901,1.0,0.9765013054830287,0.9760599619644256,0.9882506527415144,0.0003,1.0,1980.827832698822
depth2_bal_AAMM,2,AAMM,11400,136800,0.003918023566560199,0.07925090938806534,0.08765033675091607,1.0,0.9738903394255874,0.9761718313010403,0.9882506527415144,0.0003,1.0,1985.278492450714
depth2_bal_AAMM,2,AAMM,11425,137100,0.04571254054705302,0.1864711195230484,0.15863398760557174,1.0,0.9464751958224543,0.9657679829958609,0.9882506527415144,0.0003,1.0,1989.4403886795044
depth2_bal_AAMM,2,AAMM,11450,137400,0.026802928963055212,0.142485481997331,0.11968725153378078,1.0,0.9608355091383812,0.9746056605884327,0.9882506527415144,0.0003,1.0,1993.4296596050262
depth2_bal_AAMM,2,AAMM,11475,137700,0.021131777049352724,0.12293719997008641,0.1066487403852599,1.0,0.9673629242819843,0.97639556997427,0.9882506527415144,0.0003,1.0,1997.0439116954803
depth2_bal_AAMM,2,AAMM,11500,138000,0.017337499962498743,0.1100566138823827,0.09927147818463189,1.0,0.9712793733681462,0.9776261326770332,0.9882506527415144,0.0003,1.0,2000.8332087993622
depth2_bal_AAMM,2,AAMM,11525,138300,0.014573372046773633,0.10285702844460805,0.09651158207229206,1.0,0.9699738903394256,0.9767311779841146,0.9882506527415144,0.0003,1.0,2004.3613619804382
depth2_bal_AAMM,2,AAMM,11550,138600,0.012132457845533887,0.09348548452059428,0.09105403146573475,1.0,0.9712793733681462,0.9781854793601074,0.9882506527415144,0.0003,1.0,2008.1603298187256
depth2_bal_AAMM,2,AAMM,11575,138900,0.010299733451878032,0.08874180912971497,0.0879047552389758,1.0,0.9712793733681462,0.9782973486967222,0.9882506527415144,0.0003,1.0,2011.9885468482971
depth2_bal_AAMM,2,AAMM,11600,139200,0.008690089879867932,0.0839813028772672,0.08567085904734476,1.0,0.9712793733681462,0.9782973486967222,0.9882506527415144,0.0003,1.0,2015.855637550354
depth2_bal_AAMM,2,AAMM,11625,139500,0.0071796444632733864,0.07825477421283722,0.08171703655804907,1.0,0.9765013054830287,0.9798635194093299,0.9882506527415144,0.0003,1.0,2019.7662272453308
depth2_bal_AAMM,2,AAMM,11650,139800,0.006358571311769386,0.07525822644432385,0.08127376117876597,1.0,0.9751958224543081,0.979080434053026,0.9882506527415144,0.0003,1.0,2024.0984992980957
depth2_bal_AAMM,2,AAMM,11675,140100,0.005192114505916834,0.0731851023932298,0.07841063216328621,1.0,0.9738903394255874,0.9793041727262557,0.9882506527415144,0.0003,1.0,2028.178840637207
depth2_bal_AAMM,2,AAMM,11700,140400,0.004413512613003452,0.06852679575483005,0.0760934951049941,1.0,0.9778067885117493,0.9805347354290189,0.9882506527415144,0.0003,1.0,2032.1046056747437
depth2_bal_AAMM,2,AAMM,11725,140700,0.0037174575651685395,0.06663397078712781,0.07589327128870146,1.0,0.9778067885117493,0.9799753887459447,0.9882506527415144,0.0003,1.0,2035.8442378044128
depth2_bal_AAMM,2,AAMM,11750,141000,0.014890837483108044,0.09788685540358226,0.09900598589863097,1.0,0.9725848563968669,0.9735988365588992,0.9882506527415144,0.0003,1.0,2039.9207932949066
depth2_bal_AAMM,2,AAMM,11775,141300,0.012164451259498795,0.08146768560012181,0.08827657071607453,1.0,0.9804177545691906,0.981094082112093,0.9882506527415144,0.0003,1.0,2043.8499608039856
depth2_bal_AAMM,2,AAMM,11800,141600,0.0107510961436977,0.07851369182268779,0.08781975518379892,1.0,0.9817232375979112,0.9821009061416266,0.9882506527415144,0.0003,1.0,2047.6611869335175
depth2_bal_AAMM,2,AAMM,11825,141900,0.009155445732176304,0.07405009244879086,0.08545726580279214,1.0,0.9817232375979112,0.9821009061416266,0.9882506527415144,0.0003,1.0,2052.0704782009125
depth2_bal_AAMM,2,AAMM,11850,142200,0.007642933012296756,0.06938370068868001,0.08323347845247814,1.0,0.9843342036553525,0.982436514151471,0.9882506527415144,0.0003,1.0,2055.962244749069
depth2_bal_AAMM,2,AAMM,11875,142500,0.006586492449666063,0.06748983636498451,0.08206752677048956,1.0,0.9843342036553525,0.9806466047656337,0.9882506527415144,0.0003,1.0,2059.840976715088
depth2_bal_AAMM,2,AAMM,11900,142800,0.005510998540557921,0.06467694416642189,0.08015421607664654,1.0,0.9830287206266318,0.9808703434388634,0.9882506527415144,0.0003,1.0,2063.284919500351
depth2_bal_AAMM,2,AAMM,11925,143100,0.004511761789520581,0.060709999253352485,0.07879949999707085,1.0,0.9843342036553525,0.980422866092404,0.9882506527415144,0.0003,1.0,2066.8658485412598
depth2_bal_AAMM,2,AAMM,11950,143400,0.003868298740902295,0.061405000587304435,0.07924750127962657,1.0,0.9843342036553525,0.9791923033896409,0.9882506527415144,0.0003,1.0,2070.3232238292694
depth2_bal_AAMM,2,AAMM,11975,143700,0.003175192376753936,0.06417024880647659,0.08397437397922788,1.0,0.9804177545691906,0.9779617406868777,0.9882506527415144,0.0003,1.0,2074.3781650066376
depth2_bal_AAMM,2,AAMM,12000,144000,0.14062083512544632,0.2687248984972636,0.2593319961002895,0.9934725848563969,0.9386422976501305,0.9504418838796286,0.9882506527415144,0.0003,1.0,2077.993698835373
depth2_bal_AAMM,2,AAMM,12025,144300,0.03313070939232906,0.13974953691164652,0.1326582908630371,1.0,0.9660574412532638,0.9706902338069135,0.9882506527415144,0.0003,1.0,2082.431449651718
depth2_bal_AAMM,2,AAMM,12050,144600,0.026005266699939966,0.12032450487216313,0.11668901166745595,1.0,0.9686684073107049,0.9748293992616623,0.9882506527415144,0.0003,1.0,2085.9941804409027
depth2_bal_AAMM,2,AAMM,12075,144900,0.02154467177266876,0.11114436388015747,0.10989262951271875,1.0,0.9712793733681462,0.9765074393108849,0.9882506527415144,0.0003,1.0,2090.670109987259
depth2_bal_AAMM,2,AAMM,12100,145200,0.018117226815472048,0.1023900955915451,0.10453692440475737,1.0,0.9751958224543081,0.9760599619644256,0.9882506527415144,0.0003,1.0,2094.491780757904
depth2_bal_AAMM,2,AAMM,12125,145500,0.015129290598755082,0.09629229704538982,0.10052628261702401,1.0,0.97911227154047,0.975724353954581,0.9882506527415144,0.0003,1.0,2098.3171977996826
depth2_bal_AAMM,2,AAMM,12150,145800,0.012673874851316214,0.0905248373746872,0.09649644728217806,1.0,0.97911227154047,0.9762837006376552,0.9882506527415144,0.0003,1.0,2101.9488496780396
depth2_bal_AAMM,2,AAMM,12175,146100,0.010812547989189625,0.08590927471717198,0.09334766439029149,1.0,0.9765013054830287,0.9767311779841146,0.9882506527415144,0.0003,1.0,2105.925015449524
depth2_bal_AAMM,2,AAMM,12200,146400,0.008959245790416995,0.0805058516561985,0.08912680936711175,1.0,0.9804177545691906,0.9772905246671887,0.9882506527415144,0.0003,1.0,2109.673507452011
depth2_bal_AAMM,2,AAMM,12225,146700,0.007692183561933537,0.07572485879063606,0.08739381751843861,1.0,0.97911227154047,0.9768430473207294,0.9882506527415144,0.0003,1.0,2114.245802640915
depth2_bal_AAMM,2,AAMM,12250,147000,0.006643117327863972,0.07326645404100418,0.08432266414165497,1.0,0.97911227154047,0.9771786553305739,0.9882506527415144,0.0003,1.0,2118.361011505127
depth2_bal_AAMM,2,AAMM,12275,147300,0.005578441312536597,0.06953764955202739,0.08185726968305451,1.0,0.9817232375979112,0.978409218033337,0.9882506527415144,0.0003,1.0,2122.21728014946
depth2_bal_AAMM,2,AAMM,12300,147600,0.004701625633363922,0.06530457610885303,0.08271436872226852,1.0,0.9804177545691906,0.9779617406868777,0.9882506527415144,0.0003,1.0,2125.777204990387
depth2_bal_AAMM,2,AAMM,12325,147900,0.003933571667099993,0.06277590617537498,0.07947186327406339,1.0,0.9817232375979112,0.9778498713502629,0.9882506527415144,0.0003,1.0,2129.843623638153
depth2_bal_AAMM,2,AAMM,12350,148200,0.0033459990712193153,0.0589334803322951,0.07762873768806458,1.0,0.9817232375979112,0.9786329567065667,0.9882506527415144,0.0003,1.0,2133.8489651679993
depth2_bal_AAMM,2,AAMM,12375,148500,0.00287613901309669,0.05820982406536738,0.07778080840195928,1.0,0.9817232375979112,0.9787448260431816,0.9882506527415144,0.0003,1.0,2137.906268119812
depth2_bal_AAMM,2,AAMM,12400,148800,0.00242983652666832,0.055001026640335716,0.075390614303095,1.0,0.9843342036553525,0.9787448260431816,0.9882506527415144,0.0003,1.0,2141.622649669647
depth2_bal_AAMM,2,AAMM,12425,149100,0.33642263398117694,4.037455081939697,3.986970581327166,0.9200391644908616,0.3237597911227154,0.33269940709251594,0.9882506527415144,0.0003,1.0,2145.2779157161713
depth2_bal_AAMM,2,AAMM,12450,149400,0.018828260401884716,0.10479554285605748,0.1078103876539639,1.0,0.97911227154047,0.9749412685982772,0.9882506527415144,0.0003,1.0,2148.879112482071
depth2_bal_AAMM,2,AAMM,12475,149700,0.016157804057002068,0.10087486853202184,0.10325935131737164,1.0,0.9725848563968669,0.9744937912518179,0.9882506527415144,0.0003,1.0,2152.480787754059
depth2_bal_AAMM,2,AAMM,12500,150000,0.01390362298116088,0.09309861312309901,0.09851160123944283,1.0,0.9778067885117493,0.9765074393108849,0.9882506527415144,0.0003,1.0,2156.2241654396057
depth2_bal_AAMM,2,AAMM,12525,150300,0.011979737939933935,0.0897035151720047,0.0957053213247231,1.0,0.9765013054830287,0.9760599619644256,0.9882506527415144,0.0003,1.0,2160.0468199253082
depth2_bal_AAMM,2,AAMM,12550,150600,0.010112220033382377,0.08549110343058904,0.09153969713619776,1.0,0.97911227154047,0.9762837006376552,0.9882506527415144,0.0003,1.0,2163.884607076645
depth2_bal_AAMM,2,AAMM,12575,150900,0.008428629720583558,0.0779324546456337,0.08820914594190461,1.0,0.9830287206266318,0.977738002013648,0.9882506527415144,0.0003,1.0,2167.4496846199036
depth2_bal_AAMM,2,AAMM,12600,151200,0.007120802261245747,0.07147341718276341,0.08422949239611625,1.0,0.9843342036553525,0.9781854793601074,0.9882506527415144,0.0003,1.0,2171.060198068619
depth2_bal_AAMM,2,AAMM,12625,151500,0.005954282474704087,0.0695943683385849,0.08215663880109787,1.0,0.9778067885117493,0.9787448260431816,0.9882506527415144,0.0003,1.0,2174.802699804306
depth2_bal_AAMM,2,AAMM,12650,151800,0.008143498523471257,0.07810375839471817,0.09537005371281079,0.9996736292428199,0.97911227154047,0.9727038818659806,0.9882506527415144,0.0003,1.0,2178.6488037109375
depth2_bal_AAMM,2,AAMM,12675,152100,0.009124961060782274,0.07376956442991893,0.08564924704177039,1.0,0.9804177545691906,0.9767311779841146,0.9882506527415144,0.0003,1.0,2182.059937477112
depth2_bal_AAMM,2,AAMM,12700,152400,0.009283727267757058,0.06868961205085118,0.0839276658637183,1.0,0.9843342036553525,0.9780736100234926,0.9882506527415144,0.0003,1.0,2185.647314310074
depth2_bal_AAMM,2,AAMM,12725,152700,0.008232573086085418,0.06579580903053284,0.0823170868413789,1.0,0.9830287206266318,0.9782973486967222,0.9882506527415144,0.0003,1.0,2189.575216770172
depth2_bal_AAMM,2,AAMM,12750,153000,0.007112886135776837,0.0636199526488781,0.08028462380170823,1.0,0.9843342036553525,0.9788566953797964,0.9882506527415144,0.0003,1.0,2193.338327407837
depth2_bal_AAMM,2,AAMM,12775,153300,0.0059680848304803176,0.06094236671924591,0.07932288710560118,1.0,0.9856396866840731,0.9796397807361003,0.9882506527415144,0.0003,1.0,2196.851856470108
depth2_bal_AAMM,2,AAMM,12800,153600,0.005016589459652702,0.05802453806002935,0.07825610642986638,1.0,0.9856396866840731,0.9800872580825596,0.9882506527415144,0.0003,1.0,2200.8064620494843
depth2_bal_AAMM,2,AAMM,12825,153900,0.004308961293039222,0.061863494416077934,0.08081075144665582,1.0,0.9856396866840731,0.978409218033337,0.9882506527415144,0.0003,1.0,2206.499993085861
depth2_bal_AAMM,2,AAMM,12850,154200,0.003863973698268334,0.06043299535910288,0.07932477790330138,1.0,0.9817232375979112,0.9793041727262557,0.9882506527415144,0.0003,1.0,2210.4298655986786
depth2_bal_AAMM,2,AAMM,12875,154500,0.0031906310468912125,0.05634285012880961,0.08063594241227423,1.0,0.9856396866840731,0.9785210873699519,0.9882506527415144,0.0003,1.0,2214.219176530838
depth2_bal_AAMM,2,AAMM,12900,154800,0.12246532738208771,0.2730297197898229,0.2538295567035675,0.9973890339425587,0.9373368146214099,0.9480926278107171,0.9882506527415144,0.0003,1.0,2217.7647337913513
depth2_bal_AAMM,2,AAMM,12925,155100,0.050925697200000286,0.18244961897532144,0.1642343716961997,1.0,0.9556135770234987,0.9647611589663273,0.9882506527415144,0.0003,1.0,2221.5873761177063
depth2_bal_AAMM,2,AAMM,12950,155400,0.03846787506093582,0.15371342996756235,0.14002744002001627,1.0,0.9608355091383812,0.9694596711041503,0.9882506527415144,0.0003,1.0,2225.1545255184174
depth2_bal_AAMM,2,AAMM,12975,155700,0.029981332675864298,0.13360675424337387,0.12337059080600739,1.0,0.9673629242819843,0.9732632285490547,0.9882506527415144,0.0003,1.0,2228.891286611557
depth2_bal_AAMM,2,AAMM,13000,156000,0.023739895162483055,0.1159350648522377,0.10875059281076704,1.0,0.9712793733681462,0.977066785993959,0.9882506527415144,0.0003,1.0,2232.5220499038696
depth2_bal_AAMM,2,AAMM,13025,156300,0.019161653860161703,0.10224465280771255,0.09836771232741219,1.0,0.9751958224543081,0.979080434053026,0.9882506527415144,0.0003,1.0,2237.8648793697357
depth2_bal_AAMM,2,AAMM,13050,156600,0.0157061661593616,0.09115020682414372,0.08979537604110581,1.0,0.97911227154047,0.981094082112093,0.9882506527415144,0.0003,1.0,2241.581531763077
depth2_bal_AAMM,2,AAMM,13075,156900,0.01299256916778783,0.08083731681108475,0.08285415193864278,1.0,0.9817232375979112,0.98310773017116,0.9882506527415144,0.0003,1.0,2246.2429711818695
depth2_bal_AAMM,2,AAMM,13100,157200,0.01077250111848116,0.0724000558257103,0.07673872272883142,1.0,0.9843342036553525,0.9847857702203826,0.9882506527415144,0.0003,1.0,2250.7400937080383
depth2_bal_AAMM,2,AAMM,13125,157500,0.009048365289345384,0.0662278135617574,0.07250168089355741,1.0,0.9856396866840731,0.9852332475668419,0.9882506527415144,0.0003,1.0,2253.3530762195587
depth2_bal_AAMM,2,AAMM,13150,157800,0.007544425859426458,0.06317699576417606,0.06846460476517677,1.0,0.9843342036553525,0.9864638102696051,0.9882506527415144,0.0003,1.0,2257.292710542679
depth2_bal_AAMM,2,AAMM,13175,158100,0.006345642730593681,0.05736625318725904,0.06601471773215703,1.0,0.9882506527415144,0.9866875489428347,0.9882506527415144,0.0003,1.0,2260.5126390457153
depth2_bal_AAMM,2,AAMM,13200,158400,0.005319802517381807,0.052847558011611305,0.06289158048374312,1.0,0.9882506527415144,0.9876943729723683,0.9882506527415144,0.0003,1.0,2264.0606327056885
depth2_bal_AAMM,2,AAMM,13225,158700,0.0045141672405103845,0.04806607154508432,0.06089693478175572,1.0,0.9895561357702349,0.9876943729723683,0.9895561357702349,0.0003,1.0,2267.566160440445
depth2_bal_AAMM,2,AAMM,13250,159000,0.0038456947853167853,0.04644553114970525,0.05806235447525978,1.0,0.9908616187989556,0.9880299809822127,0.9908616187989556,0.0003,1.0,2271.4002306461334
depth2_bal_AAMM,2,AAMM,13275,159300,0.0031885653152130544,0.043045718843738236,0.056410155285681995,1.0,0.9895561357702349,0.9888130663385166,0.9908616187989556,0.0003,1.0,2274.9369513988495
depth2_bal_AAMM,2,AAMM,13300,159600,0.002697812238087257,0.04187478621800741,0.05524890201964549,1.0,0.9908616187989556,0.9888130663385166,0.9908616187989556,0.0003,1.0,2279.0781331062317
depth2_bal_AAMM,2,AAMM,13325,159900,0.0023300454971225313,0.038369679202636085,0.05313259411071028,1.0,0.9895561357702349,0.9894842823582056,0.9908616187989556,0.0003,1.0,2283.0763602256775
depth2_bal_AAMM,2,AAMM,13350,160200,0.0019404982449486852,0.03832860539356867,0.05218597711729152,1.0,0.9895561357702349,0.9900436290412797,0.9908616187989556,0.0003,1.0,2286.744221687317
depth2_bal_AAMM,2,AAMM,13375,160500,0.00163684911482657,0.035922100146611534,0.05134437211922237,1.0,0.9895561357702349,0.989931759704665,0.9908616187989556,0.0003,1.0,2292.2277750968933
depth2_bal_AAMM,2,AAMM,13400,160800,0.0013926256506238133,0.03482006366054217,0.050144982018641066,1.0,0.9895561357702349,0.9900436290412797,0.9908616187989556,0.0003,1.0,2297.6335632801056
depth2_bal_AAMM,2,AAMM,13425,161100,0.0011915660531182464,0.03456134752680858,0.050800699847085136,1.0,0.9908616187989556,0.989931759704665,0.9908616187989556,0.0003,1.0,2301.1742475032806
depth2_bal_AAMM,2,AAMM,13450,161400,0.0009830181224970147,0.03404729533940554,0.04939395623015506,1.0,0.9895561357702349,0.9901554983778946,0.9908616187989556,0.0003,1.0,2304.8743150234222
depth2_bal_AAMM,2,AAMM,13475,161700,0.9219032277663549,0.9528280099232992,0.8327810372625079,0.7610966057441253,0.7362924281984334,0.7790580601857031,0.9908616187989556,0.0003,1.0,2308.6800997257233
depth2_bal_AAMM,2,AAMM,13500,162000,0.015514124184846878,0.10530631989240646,0.09774154350161553,1.0,0.9699738903394256,0.9746056605884327,0.9908616187989556,0.0003,1.0,2312.4238402843475
depth2_bal_AAMM,2,AAMM,13525,162300,0.014537045732140541,0.09903255601723988,0.09198029158370835,1.0,0.9738903394255874,0.9805347354290189,0.9908616187989556,0.0003,1.0,2316.032309770584
depth2_bal_AAMM,2,AAMM,13550,162600,0.011974205107738575,0.08933345973491669,0.08648268952965736,1.0,0.9804177545691906,0.981765298131782,0.9908616187989556,0.0003,1.0,2319.7837636470795
depth2_bal_AAMM,2,AAMM,13575,162900,0.009950757569943866,0.08320638785759608,0.08077579523835864,1.0,0.9817232375979112,0.9828839914979304,0.9908616187989556,0.0003,1.0,2323.4487693309784
depth2_bal_AAMM,2,AAMM,13600,163200,0.008409035469715795,0.07651872312029202,0.07768513368708747,1.0,0.9830287206266318,0.98310773017116,0.9908616187989556,0.0003,1.0,2327.0323510169983
depth2_bal_AAMM,2,AAMM,13625,163500,0.006846611543248097,0.07404600083827972,0.07413404637149403,1.0,0.9843342036553525,0.9832195995077749,0.9908616187989556,0.0003,1.0,2330.521041870117
depth2_bal_AAMM,2,AAMM,13650,163800,0.006317173868107299,0.07155253365635872,0.07410987349493163,1.0,0.9882506527415144,0.9832195995077749,0.9908616187989556,0.0003,1.0,2334.006203651428
depth2_bal_AAMM,2,AAMM,13675,164100,0.004652012372389436,0.06839632615447044,0.0695597939725433,1.0,0.9830287206266318,0.9833314688443897,0.9908616187989556,0.0003,1.0,2337.589903116226
depth2_bal_AAMM,2,AAMM,13700,164400,0.004026099030549328,0.06607827544212341,0.07247111669608525,1.0,0.9869451697127938,0.9821009061416266,0.9908616187989556,0.0003,1.0,2341.260219335556
depth2_bal_AAMM,2,AAMM,13725,164700,0.004055366676766425,0.07392116636037827,0.09190439134836197,1.0,0.9817232375979112,0.9744937912518179,0.9908616187989556,0.0003,1.0,2344.7653679847717
depth2_bal_AAMM,2,AAMM,13750,165000,0.026122272480279207,0.1137151966492335,0.11671142535550254,1.0,0.9778067885117493,0.9713614498266026,0.9908616187989556,0.0003,1.0,2348.360193490982
depth2_bal_AAMM,2,AAMM,13775,165300,0.02046576701104641,0.0995127409696579,0.10426842336143766,1.0,0.9830287206266318,0.97639556997427,0.9908616187989556,0.0003,1.0,2352.418470144272
depth2_bal_AAMM,2,AAMM,13800,165600,0.01739493276303013,0.09469169129927953,0.09781987816095353,1.0,0.9830287206266318,0.979080434053026,0.9908616187989556,0.0003,1.0,2357.243334531784
depth2_bal_AAMM,2,AAMM,13825,165900,0.014745925397922596,0.08807315677404404,0.09247966100062643,1.0,0.9843342036553525,0.9791923033896409,0.9908616187989556,0.0003,1.0,2361.008287668228
depth2_bal_AAMM,2,AAMM,13850,166200,0.012623828835785389,0.08459896221756935,0.08939307140452521,1.0,0.9830287206266318,0.9801991274191744,0.9908616187989556,0.0003,1.0,2365.9544899463654
depth2_bal_AAMM,2,AAMM,13875,166500,0.010542165798445543,0.0772986002266407,0.0836139698113714,1.0,0.9856396866840731,0.9822127754782414,0.9908616187989556,0.0003,1.0,2374.8308494091034
depth2_bal_AAMM,2,AAMM,13900,166800,0.008864614840907356,0.07280951490004857,0.07870795492615018,1.0,0.9830287206266318,0.9840026848640787,0.9908616187989556,0.0003,1.0,2383.856635093689
depth2_bal_AAMM,2,AAMM,13925,167100,0.007551952730864286,0.06984669963518779,0.0765477785042354,1.0,0.9869451697127938,0.9847857702203826,0.9908616187989556,0.0003,1.0,2387.7913403511047
depth2_bal_AAMM,2,AAMM,13950,167400,0.0062759401043877006,0.06807376941045125,0.07531707105892045,1.0,0.9856396866840731,0.9845620315471529,0.9908616187989556,0.0003,1.0,2391.8376190662384
depth2_bal_AAMM,2,AAMM,13975,167700,0.03609162398303548,0.13422024001677832,0.13055176458188467,0.9947780678851175,0.9543080939947781,0.9631949882537196,0.9908616187989556,0.0003,1.0,2395.526752471924
depth2_bal_AAMM,2,AAMM,14000,168000,0.009544376206273833,0.07740581159790356,0.07975735792091915,1.0,0.9804177545691906,0.9827721221613156,0.9908616187989556,0.0003,1.0,2399.0124111175537
depth2_bal_AAMM,2,AAMM,14025,168300,0.008553670331214866,0.0719160611430804,0.07564092980963844,1.0,0.9817232375979112,0.9835552075176194,0.9908616187989556,0.0003,1.0,2403.918837785721
depth2_bal_AAMM,2,AAMM,14050,168600,0.007212410680949688,0.06712397560477257,0.07199031604187829,1.0,0.9843342036553525,0.9850095088936123,0.9908616187989556,0.0003,1.0,2407.8878910541534
depth2_bal_AAMM,2,AAMM,14075,168900,0.005993877770379186,0.06273819754521053,0.06895057867680277,1.0,0.9830287206266318,0.9854569862400716,0.9908616187989556,0.0003,1.0,2411.5999388694763
depth2_bal_AAMM,2,AAMM,14100,169200,0.00512115207190315,0.059775362412134804,0.06776572274310248,1.0,0.9843342036553525,0.9854569862400716,0.9908616187989556,0.0003,1.0,2415.613954782486
depth2_bal_AAMM,2,AAMM,14125,169500,0.004489438608288765,0.05877695853511492,0.06728786746306079,1.0,0.9869451697127938,0.9853451169034567,0.9908616187989556,0.0003,1.0,2419.4984929561615
depth2_bal_AAMM,2,AAMM,14150,169800,0.0036759618669748306,0.05438262720902761,0.06628229708543845,1.0,0.9869451697127938,0.9848976395569974,0.9908616187989556,0.0003,1.0,2424.0054636001587
depth2_bal_AAMM,2,AAMM,14175,170100,0.20049608747164407,0.3075949052969615,0.3070807227066585,0.9843342036553525,0.9360313315926893,0.9342208300704777,0.9908616187989556,0.0003,1.0,2429.4107236862183
depth2_bal_AAMM,2,AAMM,14200,170400,0.02919150625045101,0.11941702167193095,0.12435455386127744,1.0,0.9765013054830287,0.9711377111533729,0.9908616187989556,0.0003,1.0,2433.2168436050415
depth2_bal_AAMM,2,AAMM,14225,170700,0.022516158254196245,0.10087858885526657,0.10415429217474802,1.0,0.9778067885117493,0.9766193086474997,0.9908616187989556,0.0003,1.0,2437.0845177173615
depth2_bal_AAMM,2,AAMM,14250,171000,0.01868189638480544,0.0874161571264267,0.09421400768416269,1.0,0.9817232375979112,0.9796397807361003,0.9908616187989556,0.0003,1.0,2441.385218858719
depth2_bal_AAMM,2,AAMM,14275,171300,0.015657800948247313,0.08139961461226146,0.08821772454040391,1.0,0.9830287206266318,0.980422866092404,0.9908616187989556,0.0003,1.0,2445.4729602336884
depth2_bal_AAMM,2,AAMM,14300,171600,0.013150443322956562,0.0738796778023243,0.08256691481385912,1.0,0.9856396866840731,0.9818771674683969,0.9908616187989556,0.0003,1.0,2449.0477752685547
depth2_bal_AAMM,2,AAMM,14325,171900,0.011100181067983309,0.0697321022550265,0.07892015842454773,1.0,0.9843342036553525,0.9822127754782414,0.9908616187989556,0.0003,1.0,2452.841300010681
depth2_bal_AAMM,2,AAMM,14350,172200,0.009335121295104424,0.06611546749869983,0.07546211204358509,1.0,0.9843342036553525,0.9821009061416266,0.9908616187989556,0.0003,1.0,2456.657464027405
depth2_bal_AAMM,2,AAMM,14375,172500,0.00783551821950823,0.060838195184866585,0.07245056895273072,1.0,0.9843342036553525,0.9825483834880859,0.9908616187989556,0.0003,1.0,2460.5804855823517
depth2_bal_AAMM,2,AAMM,14400,172800,0.0066167948534712195,0.05725359792510668,0.06993094214371272,1.0,0.9843342036553525,0.9828839914979304,0.9908616187989556,0.0003,1.0,2465.675264120102
depth2_bal_AAMM,2,AAMM,14425,173100,0.005700955516658723,0.06024749701221784,0.07005345714943749,1.0,0.9843342036553525,0.9821009061416266,0.9908616187989556,0.0003,1.0,2469.313638687134
depth2_bal_AAMM,2,AAMM,14450,173400,0.004769269842654467,0.05347404877344767,0.06588211570467267,1.0,0.9830287206266318,0.9834433381810046,0.9908616187989556,0.0003,1.0,2472.896898508072
depth2_bal_AAMM,2,AAMM,14475,173700,0.00401444067635263,0.05021587386727333,0.06446669080427715,1.0,0.9856396866840731,0.9834433381810046,0.9908616187989556,0.0003,1.0,2476.3018074035645
depth2_bal_AAMM,2,AAMM,14500,174000,0.003359202644787729,0.048258970181147255,0.06315810297216688,1.0,0.9830287206266318,0.9835552075176194,0.9908616187989556,0.0003,1.0,2479.71675157547
depth2_bal_AAMM,2,AAMM,14525,174300,0.0029200802091509104,0.04818974435329437,0.06177878560764449,1.0,0.9843342036553525,0.9836670768542343,0.9908616187989556,0.0003,1.0,2483.36318898201
depth2_bal_AAMM,2,AAMM,14550,174600,0.0024301219770374396,0.04602873449524244,0.061990174438272205,1.0,0.9843342036553525,0.9835552075176194,0.9908616187989556,0.0003,1.0,2487.082046508789
depth2_bal_AAMM,2,AAMM,14575,174900,0.012883768028890094,0.08453072731693585,0.09412094908101218,1.0,0.9778067885117493,0.9762837006376552,0.9908616187989556,0.0003,1.0,2491.2745776176453
depth2_bal_AAMM,2,AAMM,14600,175200,0.011487296239162484,0.0839783785243829,0.09241499038679259,1.0,0.9765013054830287,0.9751650072715069,0.9908616187989556,0.0003,1.0,2495.25612616539
depth2_bal_AAMM,2,AAMM,14625,175500,0.010263638570904732,0.07843609278400739,0.09032858439854213,1.0,0.9751958224543081,0.9758362232911959,0.9908616187989556,0.0003,1.0,2499.6169822216034
depth2_bal_AAMM,2,AAMM,14650,175800,0.008995948863836626,0.0788744588692983,0.08965362768088068,1.0,0.9751958224543081,0.975724353954581,0.9908616187989556,0.0003,1.0,2503.6429562568665
depth2_bal_AAMM,2,AAMM,14675,176100,0.007442698503533999,0.07233540962139766,0.08777523093989917,1.0,0.97911227154047,0.9755006152813513,0.9908616187989556,0.0003,1.0,2507.424253463745
depth2_bal_AAMM,2,AAMM,14700,176400,0.00649440362273405,0.0766775980591774,0.08641025626233646,1.0,0.9725848563968669,0.975053137934892,0.9908616187989556,0.0003,1.0,2511.483044862747
depth2_bal_AAMM,2,AAMM,14725,176700,0.005553742249806722,0.0748224953810374,0.08417627332465989,1.0,0.9778067885117493,0.9746056605884327,0.9908616187989556,0.0003,1.0,2515.236652135849
depth2_bal_AAMM,2,AAMM,14750,177000,0.004609485389664769,0.0776718258857727,0.08620076466883932,1.0,0.9751958224543081,0.972368273856136,0.9908616187989556,0.0003,1.0,2519.2755103111267
depth2_bal_AAMM,2,AAMM,14775,177300,0.003823111745684097,0.0769919107357661,0.08588638114077704,1.0,0.9725848563968669,0.9722564045195212,0.9908616187989556,0.0003,1.0,2523.2066254615784
depth2_bal_AAMM,2,AAMM,14800,177600,0.0034000387337679663,0.07995087405045827,0.08856813119990485,1.0,0.9751958224543081,0.9720326658462916,0.9908616187989556,0.0003,1.0,2527.2714936733246
depth2_bal_AAMM,2,AAMM,14825,177900,0.18669616182645163,0.32064323623975116,0.31117072105407717,0.9866187989556136,0.9399477806788512,0.9342208300704777,0.9908616187989556,0.0003,1.0,2531.026402235031
depth2_bal_AAMM,2,AAMM,14850,178200,0.04611404395351807,0.16770881414413452,0.16363502783434733,1.0,0.9660574412532638,0.9628593802438752,0.9908616187989556,0.0003,1.0,2535.0360913276672
depth2_bal_AAMM,2,AAMM,14875,178500,0.03374518143634001,0.1355710874001185,0.13438010747943605,1.0,0.9725848563968669,0.9682291084013872,0.9908616187989556,0.0003,1.0,2538.2119426727295
depth2_bal_AAMM,2,AAMM,14900,178800,0.026373805788656075,0.11911577483018239,0.11761020485843932,1.0,0.9712793733681462,0.972368273856136,0.9908616187989556,0.0003,1.0,2542.498331785202
depth2_bal_AAMM,2,AAMM,14925,179100,0.021452265791594982,0.11109961320956548,0.10731804605041231,1.0,0.9699738903394256,0.9748293992616623,0.9908616187989556,0.0003,1.0,2546.306119441986
depth2_bal_AAMM,2,AAMM,14950,179400,0.0177828596594433,0.09971985717614491,0.09855254696948187,1.0,0.9699738903394256,0.9766193086474997,0.9908616187989556,0.0003,1.0,2550.430718421936
depth2_bal_AAMM,2,AAMM,14975,179700,0.014749077303955952,0.09374215702215831,0.09404110312461852,1.0,0.9712793733681462,0.9768430473207294,0.9908616187989556,0.0003,1.0,2553.402225971222
depth2_bal_AAMM,2,AAMM,15000,180000,0.012294289035101732,0.08947882304588954,0.08862728476524354,1.0,0.9686684073107049,0.9785210873699519,0.9908616187989556,0.0003,1.0,2557.196836233139
depth2_bal_AAMM,2,AAMM,15025,180300,0.010366166088109216,0.08222257345914841,0.08366245233586857,1.0,0.9738903394255874,0.9796397807361003,0.9908616187989556,0.0003,1.0,2561.653260231018
depth2_bal_AAMM,2,AAMM,15050,180600,0.008613951659450928,0.07728191589315732,0.0779074421950749,1.0,0.9738903394255874,0.9809822127754783,0.9908616187989556,0.0003,1.0,2565.1866126060486
depth2_bal_AAMM,2,AAMM,15075,180900,0.007351513059499363,0.07118246331810951,0.07527714286531721,1.0,0.9751958224543081,0.9801991274191744,0.9908616187989556,0.0003,1.0,2568.7664453983307
depth2_bal_AAMM,2,AAMM,15100,181200,0.006177368457429111,0.0692388688524564,0.07285838701895304,1.0,0.9751958224543081,0.981765298131782,0.9908616187989556,0.0003,1.0,2572.3353078365326
depth2_bal_AAMM,2,AAMM,15125,181500,0.00514977549513181,0.06734130159020424,0.0706059604883194,1.0,0.9778067885117493,0.9825483834880859,0.9908616187989556,0.0003,1.0,2576.0220024585724
depth2_bal_AAMM,2,AAMM,15150,181800,0.004404913498243938,0.06303259978691737,0.06878216117620468,1.0,0.97911227154047,0.9832195995077749,0.9908616187989556,0.0003,1.0,2580.378078699112
depth2_bal_AAMM,2,AAMM,15175,182100,0.0037357231873708465,0.060433136920134224,0.06664963114474501,1.0,0.97911227154047,0.9834433381810046,0.9908616187989556,0.0003,1.0,2584.233835220337
depth2_bal_AAMM,2,AAMM,15200,182400,0.003098396041120092,0.05671140303214391,0.06522442400455475,1.0,0.9830287206266318,0.9833314688443897,0.9908616187989556,0.0003,1.0,2589.1841740608215
depth2_bal_AAMM,2,AAMM,15225,182700,0.0026987785240635276,0.058602446069320045,0.06623442816947188,1.0,0.9817232375979112,0.9840026848640787,0.9908616187989556,0.0003,1.0,2592.703017473221
depth2_bal_AAMM,2,AAMM,15250,183000,0.002224439570757871,0.057517144829034805,0.06499081631856306,1.0,0.97911227154047,0.9835552075176194,0.9908616187989556,0.0003,1.0,2596.6032304763794
depth2_bal_AAMM,2,AAMM,15275,183300,0.001913387900761639,0.05131596326828003,0.06328221288110529,1.0,0.9843342036553525,0.983778946190849,0.9908616187989556,0.0003,1.0,2600.238881111145
depth2_bal_AAMM,2,AAMM,15300,183600,0.0018237182521261275,0.04875591148932775,0.06678641465093409,1.0,0.9843342036553525,0.9827721221613156,0.9908616187989556,0.0003,1.0,2604.0384509563446
depth2_bal_AAMM,2,AAMM,15325,183900,0.012367058545351028,0.08104602992534637,0.09632071693028722,1.0,0.97911227154047,0.9753887459447366,0.9908616187989556,0.0003,1.0,2607.485999584198
depth2_bal_AAMM,2,AAMM,15350,184200,0.012379744943852225,0.0814649115006129,0.09619293681212834,1.0,0.9765013054830287,0.9774023940038036,0.9908616187989556,0.0003,1.0,2611.4216299057007
depth2_bal_AAMM,2,AAMM,15375,184500,0.010549635160714388,0.07833125938971837,0.09405082762241364,1.0,0.9778067885117493,0.9771786553305739,0.9908616187989556,0.0003,1.0,2615.662657260895
depth2_bal_AAMM,2,AAMM,15400,184800,0.008898861279400686,0.0726598786811034,0.08991141803562641,1.0,0.9843342036553525,0.979080434053026,0.9908616187989556,0.0003,1.0,2619.367678165436
depth2_bal_AAMM,2,AAMM,15425,185100,0.007743319186071555,0.07372484107812245,0.08979392913835389,1.0,0.9830287206266318,0.9794160420628706,0.9908616187989556,0.0003,1.0,2622.7436730861664
depth2_bal_AAMM,2,AAMM,15450,185400,0.006283899846797188,0.0736159769197305,0.08510490528174809,1.0,0.9843342036553525,0.9788566953797964,0.9908616187989556,0.0003,1.0,2626.8369262218475
depth2_bal_AAMM,2,AAMM,15475,185700,0.005316928339501222,0.0718259612719218,0.08553444030029433,1.0,0.9843342036553525,0.9787448260431816,0.9908616187989556,0.0003,1.0,2630.7733097076416
depth2_bal_AAMM,2,AAMM,15500,186000,0.004193836745495598,0.06980348626772563,0.08301416348133768,1.0,0.9830287206266318,0.9782973486967222,0.9908616187989556,0.0003,1.0,2634.095239877701
depth2_bal_AAMM,2,AAMM,15525,186300,0.004104347007038693,0.07427742580572765,0.0915473712342126,1.0,0.9817232375979112,0.9752768766081217,0.9908616187989556,0.0003,1.0,2637.632916212082
depth2_bal_AAMM,2,AAMM,15550,186600,0.07451702374964952,0.19487394392490387,0.1917686607156481,0.9977154046997389,0.9556135770234987,0.9559234813737555,0.9908616187989556,0.0003,1.0,2641.235770702362
depth2_bal_AAMM,2,AAMM,15575,186900,0.02540708255643646,0.12084643046061198,0.12004926023738725,1.0,0.9699738903394256,0.971697057836447,0.9908616187989556,0.0003,1.0,2644.952988386154
depth2_bal_AAMM,2,AAMM,15600,187200,0.02030292774240176,0.10601185758908589,0.10547712232385363,1.0,0.9778067885117493,0.9747175299250476,0.9908616187989556,0.0003,1.0,2648.437388420105
depth2_bal_AAMM,2,AAMM,15625,187500,0.01697428881501158,0.09426366041103999,0.09929716267756053,1.0,0.9804177545691906,0.97639556997427,0.9908616187989556,0.0003,1.0,2651.780680179596
depth2_bal_AAMM,2,AAMM,15650,187800,0.01440655409048001,0.08528448889652888,0.09465563424995967,1.0,0.9856396866840731,0.977738002013648,0.9908616187989556,0.0003,1.0,2655.419093132019
depth2_bal_AAMM,2,AAMM,15675,188100,0.012185001901040474,0.07778016477823257,0.08704020327755384,1.0,0.9830287206266318,0.9798635194093299,0.9908616187989556,0.0003,1.0,2658.8459441661835
depth2_bal_AAMM,2,AAMM,15700,188400,0.009958843079706034,0.06776092201471329,0.07900745549372264,1.0,0.9869451697127938,0.9813178207853227,0.9908616187989556,0.0003,1.0,2662.0985884666443
depth2_bal_AAMM,2,AAMM,15725,188700,0.008537424922299882,0.06456732874115308,0.0746652615921838,1.0,0.9869451697127938,0.9829958608345453,0.9908616187989556,0.0003,1.0,2665.635889530182
depth2_bal_AAMM,2,AAMM,15750,189000,0.007267555842796962,0.0584899348517259,0.071109942187156,1.0,0.9895561357702349,0.9838908155274639,0.9908616187989556,0.0003,1.0,2669.0576696395874
depth2_bal_AAMM,2,AAMM,15775,189300,0.006082368199713528,0.0585943895081679,0.0696008175611496,1.0,0.9869451697127938,0.9838908155274639,0.9908616187989556,0.0003,1.0,2674.074102640152
depth2_bal_AAMM,2,AAMM,15800,189600,0.005136130455260475,0.05417587732275327,0.06684022370193686,1.0,0.9908616187989556,0.9841145542006936,0.9908616187989556,0.0003,1.0,2677.465658426285
depth2_bal_AAMM,2,AAMM,15825,189900,0.0043162428191863,0.0522523894906044,0.06519519393997533,1.0,0.9895561357702349,0.9848976395569974,0.9908616187989556,0.0003,1.0,2680.9512000083923
depth2_bal_AAMM,2,AAMM,15850,190200,0.003642240810828904,0.05075443536043167,0.06315360904804297,1.0,0.9895561357702349,0.9848976395569974,0.9908616187989556,0.0003,1.0,2684.847340106964
depth2_bal_AAMM,2,AAMM,15875,190500,0.003202873068706443,0.049093253910541534,0.062455017199473724,1.0,0.9895561357702349,0.9852332475668419,0.9908616187989556,0.0003,1.0,2688.7152297496796
depth2_bal_AAMM,2,AAMM,15900,190800,0.002676744421478361,0.046101232369740806,0.05951079609138625,1.0,0.9895561357702349,0.9869112876160644,0.9908616187989556,0.0003,1.0,2692.286912202835
depth2_bal_AAMM,2,AAMM,15925,191100,0.0022242456616368145,0.047312818467617035,0.059863593642200744,1.0,0.9869451697127938,0.9860163329231457,0.9908616187989556,0.0003,1.0,2696.2585406303406
depth2_bal_AAMM,2,AAMM,15950,191400,0.001922088898330306,0.04842094828685125,0.060871130068387305,1.0,0.9856396866840731,0.985792594249916,0.9908616187989556,0.0003,1.0,2700.5900509357452
depth2_bal_AAMM,2,AAMM,15975,191700,0.0015740043600089848,0.04508624039590359,0.057979547099343366,1.0,0.9908616187989556,0.9871350262892941,0.9908616187989556,0.0003,1.0,2703.985333442688
depth2_bal_AAMM,2,AAMM,16000,192000,0.0013669214871091147,0.045059073716402054,0.057934232934245045,1.0,0.9908616187989556,0.9862400715963754,0.9908616187989556,0.0003,1.0,2707.523493528366
depth2_bal_AAMM,2,AAMM,16025,192300,0.0011612979093721758,0.0429092471798261,0.05717265554038542,1.0,0.9895561357702349,0.9864638102696051,0.9908616187989556,0.0003,1.0,2712.212737798691
depth2_bal_AAMM,2,AAMM,16050,192600,0.0009962944313883781,0.04403505598505338,0.057238138227590496,1.0,0.9908616187989556,0.9870231569526793,0.9908616187989556,0.0003,1.0,2715.9801206588745
depth2_bal_AAMM,2,AAMM,16075,192900,0.0008340178076953938,0.043950184558828674,0.057156077053930075,1.0,0.9908616187989556,0.9869112876160644,0.9908616187989556,0.0003,1.0,2719.3769731521606
depth2_bal_AAMM,2,AAMM,16100,193200,0.014154601531724135,0.09076098601023357,0.1036184280046395,1.0,0.9751958224543081,0.9732632285490547,0.9908616187989556,0.0003,1.0,2722.670907020569
depth2_bal_AAMM,2,AAMM,16125,193500,0.016471945991118748,0.08651512116193771,0.10212921436343875,1.0,0.9830287206266318,0.9741581832419733,0.9908616187989556,0.0003,1.0,2726.096894979477
depth2_bal_AAMM,2,AAMM,16150,193800,0.014461013100420436,0.08523515611886978,0.09721046207206589,1.0,0.9817232375979112,0.9752768766081217,0.9908616187989556,0.0003,1.0,2729.522307872772
depth2_bal_AAMM,2,AAMM,16175,194100,0.01233204958649973,0.07990207523107529,0.09138237365654536,1.0,0.9817232375979112,0.9761718313010403,0.9908616187989556,0.0003,1.0,2733.0223321914673
depth2_bal_AAMM,2,AAMM,16200,194400,0.010537633439525962,0.0753715584675471,0.08732043930462428,1.0,0.9804177545691906,0.9772905246671887,0.9908616187989556,0.0003,1.0,2736.345754623413
depth2_bal_AAMM,2,AAMM,16225,194700,0.008907537286480268,0.07421332101027171,0.08410012956176485,1.0,0.9778067885117493,0.977738002013648,0.9908616187989556,0.0003,1.0,2739.958770275116
depth2_bal_AAMM,2,AAMM,16250,195000,0.007368933758698404,0.06808691471815109,0.07688440339905875,1.0,0.9817232375979112,0.980422866092404,0.9908616187989556,0.0003,1.0,2744.1649515628815
depth2_bal_AAMM,2,AAMM,16275,195300,0.006260589036780099,0.06369456400473912,0.07477450211133276,1.0,0.9843342036553525,0.9798635194093299,0.9908616187989556,0.0003,1.0,2747.9244227409363
depth2_bal_AAMM,2,AAMM,16300,195600,0.005328610500631233,0.06263103460272153,0.0723086643431868,1.0,0.9843342036553525,0.9805347354290189,0.9908616187989556,0.0003,1.0,2751.9248130321503
depth2_bal_AAMM,2,AAMM,16325,195900,0.004517147259321064,0.0612216480076313,0.07018405960074493,1.0,0.9856396866840731,0.9815415594585524,0.9908616187989556,0.0003,1.0,2755.6239137649536
depth2_bal_AAMM,2,AAMM,16350,196200,0.0037045382584134736,0.05571210632721583,0.06782280094921589,1.0,0.9869451697127938,0.9823246448148563,0.9908616187989556,0.0003,1.0,2759.2568633556366
depth2_bal_AAMM,2,AAMM,16375,196500,0.003253500113108506,0.06140368307630221,0.06942132833812918,1.0,0.9830287206266318,0.9821009061416266,0.9908616187989556,0.0003,1.0,2763.1609904766083
depth2_bal_AAMM,2,AAMM,16400,196800,0.021151289033393066,0.1016811951994896,0.11695773665394102,1.0,0.9725848563968669,0.9699071484506097,0.9908616187989556,0.0003,1.0,2767.061432361603
depth2_bal_AAMM,2,AAMM,16425,197100,0.016940825541193288,0.08404350404938062,0.10141419342585972,1.0,0.9804177545691906,0.9748293992616623,0.9908616187989556,0.0003,1.0,2770.5749928951263
depth2_bal_AAMM,2,AAMM,16450,197400,0.014726599911227822,0.07820207998156548,0.09561008012720516,1.0,0.9830287206266318,0.9771786553305739,0.9908616187989556,0.0003,1.0,2774.1638782024384
depth2_bal_AAMM,2,AAMM,16475,197700,0.012572349980473518,0.07360731313625972,0.09042454106467111,1.0,0.9830287206266318,0.9791923033896409,0.9908616187989556,0.0003,1.0,2777.720097541809
depth2_bal_AAMM,2,AAMM,16500,198000,0.010762416136761507,0.07051324471831322,0.08664035669394902,1.0,0.9817232375979112,0.979751650072715,0.9908616187989556,0.0003,1.0,2781.5219786167145
depth2_bal_AAMM,2,AAMM,16525,198300,0.008987206305998066,0.06773118178049724,0.08331807277032308,1.0,0.9830287206266318,0.979080434053026,0.9908616187989556,0.0003,1.0,2785.034854412079
depth2_bal_AAMM,2,AAMM,16550,198600,0.00761661915263782,0.06437266618013382,0.07880298175982066,1.0,0.9856396866840731,0.9809822127754783,0.9908616187989556,0.0003,1.0,2789.168138027191
depth2_bal_AAMM,2,AAMM,16575,198900,0.006595914252102375,0.06159136568506559,0.07572606365595545,1.0,0.9856396866840731,0.9815415594585524,0.9908616187989556,0.0003,1.0,2792.5509181022644
depth2_bal_AAMM,2,AAMM,16600,199200,0.0055523943932106095,0.061873661975065865,0.07445283830165864,1.0,0.9843342036553525,0.9819890368050117,0.9908616187989556,0.0003,1.0,2796.401312828064
depth2_bal_AAMM,2,AAMM,16625,199500,0.004771437922803064,0.06327682236830394,0.07321499149714197,1.0,0.9830287206266318,0.9807584741022486,0.9908616187989556,0.0003,1.0,2799.684507369995
depth2_bal_AAMM,2,AAMM,16650,199800,0.003980644338298589,0.057959100852409996,0.0713889516890049,1.0,0.9830287206266318,0.9818771674683969,0.9908616187989556,0.0003,1.0,2803.098744869232
depth2_bal_AAMM,2,AAMM,16675,200100,0.003462599474005401,0.05670935039718946,0.06957984140941074,1.0,0.9843342036553525,0.9819890368050117,0.9908616187989556,0.0003,1.0,2806.6410093307495
depth2_bal_AAMM,2,AAMM,16700,200400,0.0029704502085223794,0.05803015952308973,0.07064206600189209,1.0,0.9843342036553525,0.982436514151471,0.9908616187989556,0.0003,1.0,2810.5099482536316
depth2_bal_AAMM,2,AAMM,16725,200700,0.0024195187531101205,0.057486142963171005,0.06839533299207687,1.0,0.9817232375979112,0.982436514151471,0.9908616187989556,0.0003,1.0,2813.75133228302
depth2_bal_AAMM,2,AAMM,16750,201000,0.002077462694918116,0.05561608821153641,0.06872164521898542,1.0,0.9830287206266318,0.9823246448148563,0.9908616187989556,0.0003,1.0,2818.17543053627
depth2_bal_AAMM,2,AAMM,16775,201300,0.0017886718075412016,0.05321968471010526,0.06775251100105899,1.0,0.9843342036553525,0.9822127754782414,0.9908616187989556,0.0003,1.0,2821.917758703232
depth2_bal_AAMM,2,AAMM,16800,201600,0.0015835285982272278,0.05438190698623657,0.06834643871656486,1.0,0.9856396866840731,0.98310773017116,0.9908616187989556,0.0003,1.0,2825.451328754425
depth2_bal_AAMM,2,AAMM,16825,201900,2.035022387901942,1.524668574333191,1.5044469356536865,0.549934725848564,0.6018276762402088,0.602751985680725,0.9908616187989556,0.0003,1.0,2828.9237608909607
depth2_bal_AAMM,2,AAMM,16850,202200,0.01726771572915216,0.09038498128453891,0.09724860063620976,1.0,0.9804177545691906,0.9775142633404184,0.9908616187989556,0.0003,1.0,2832.2661826610565
depth2_bal_AAMM,2,AAMM,16875,202500,0.015098847293605408,0.0806877538561821,0.0924393746469702,1.0,0.9817232375979112,0.9795279113994854,0.9908616187989556,0.0003,1.0,2836.0999059677124
depth2_bal_AAMM,2,AAMM,16900,202800,0.013060715359946093,0.07510843376318614,0.0880916816847665,1.0,0.9843342036553525,0.9814296901219376,0.9908616187989556,0.0003,1.0,2839.564911842346
depth2_bal_AAMM,2,AAMM,16925,203100,0.011242809162164727,0.07151031121611595,0.08648629742009299,1.0,0.9856396866840731,0.9818771674683969,0.9908616187989556,0.0003,1.0,2843.150796890259
depth2_bal_AAMM,2,AAMM,16950,203400,0.009520135819911957,0.06780849893887837,0.08266454328383718,1.0,0.9869451697127938,0.982436514151471,0.9908616187989556,0.0003,1.0,2848.1849689483643
depth2_bal_AAMM,2,AAMM,16975,203700,0.00800442680095633,0.06415941938757896,0.077290412570749,1.0,0.9856396866840731,0.9842264235373084,0.9908616187989556,0.0003,1.0,2852.001613855362
depth2_bal_AAMM,2,AAMM,17000,204000,0.007078589483474691,0.05998171865940094,0.07569618294281619,1.0,0.9895561357702349,0.984450162210538,0.9908616187989556,0.0003,1.0,2855.7051844596863
depth2_bal_AAMM,2,AAMM,17025,204300,0.005799159873276949,0.05676350990931193,0.0719179963959115,1.0,0.9882506527415144,0.9840026848640787,0.9908616187989556,0.0003,1.0,2860.3348405361176
depth2_bal_AAMM,2,AAMM,17050,204600,0.004931338597089052,0.05235279475649198,0.06884445303252765,1.0,0.9934725848563969,0.9856807249133013,0.9934725848563969,0.0003,1.0,2863.815049648285
depth2_bal_AAMM,2,AAMM,17075,204900,0.004125678659571956,0.05226834863424301,0.06659600362181664,1.0,0.9921671018276762,0.9860163329231457,0.9934725848563969,0.0003,1.0,2867.9474551677704
depth2_bal_AAMM,2,AAMM,17100,205200,0.0034542348973142603,0.050393976271152496,0.06730396231370313,1.0,0.9921671018276762,0.9843382928739233,0.9934725848563969,0.0003,1.0,2872.1200137138367
depth2_bal_AAMM,2,AAMM,17125,205500,0.027115107358743746,0.11457938452561696,0.10687568336725235,1.0,0.9673629242819843,0.9722564045195212,0.9934725848563969,0.0003,1.0,2876.1125478744507
depth2_bal_AAMM,2,AAMM,17150,205800,0.015833924524486065,0.08241506665945053,0.0802650871021407,1.0,0.9804177545691906,0.9834433381810046,0.9934725848563969,0.0003,1.0,2880.5076339244843
depth2_bal_AAMM,2,AAMM,17175,206100,0.014225513441488147,0.07727525134881337,0.07536059394478797,1.0,0.9843342036553525,0.9852332475668419,0.9934725848563969,0.0003,1.0,2883.968294620514
depth2_bal_AAMM,2,AAMM,17200,206400,0.012314111615220705,0.07195547595620155,0.07269656062126159,1.0,0.9869451697127938,0.9855688555766864,0.9934725848563969,0.0003,1.0,2887.588794708252
depth2_bal_AAMM,2,AAMM,17225,206700,0.010455188263828555,0.06835748751958211,0.07023167833685875,1.0,0.9869451697127938,0.9856807249133013,0.9934725848563969,0.0003,1.0,2892.078147649765
depth2_bal_AAMM,2,AAMM,17250,207000,0.008877715095877647,0.06453247740864754,0.06744327821901866,1.0,0.9869451697127938,0.9855688555766864,0.9934725848563969,0.0003,1.0,2896.6271073818207
depth2_bal_AAMM,2,AAMM,17275,207300,0.007625709404237568,0.06119622538487116,0.06590646728873253,1.0,0.9882506527415144,0.985121378230227,0.9934725848563969,0.0003,1.0,2900.272909641266
depth2_bal_AAMM,2,AAMM,17300,207600,0.006499433307908475,0.058949921280145645,0.06237303843455655,1.0,0.9882506527415144,0.9859044635865309,0.9934725848563969,0.0003,1.0,2904.3935582637787
depth2_bal_AAMM,2,AAMM,17325,207900,0.0054058463623126345,0.05690160021185875,0.06001121407108648,1.0,0.9856396866840731,0.9862400715963754,0.9934725848563969,0.0003,1.0,2908.1136486530304
depth2_bal_AAMM,2,AAMM,17350,208200,0.004639860475435853,0.054957677920659385,0.05892362972455365,1.0,0.9882506527415144,0.9862400715963754,0.9934725848563969,0.0003,1.0,2911.5436024665833
depth2_bal_AAMM,2,AAMM,17375,208500,0.0038940218122055135,0.05424740786353747,0.05738141733620848,1.0,0.9856396866840731,0.9860163329231457,0.9934725848563969,0.0003,1.0,2914.8120090961456
depth2_bal_AAMM,2,AAMM,17400,208800,0.0033720413145298758,0.05222327386339506,0.05557282982128007,1.0,0.9856396866840731,0.9867994182794496,0.9934725848563969,0.0003,1.0,2918.150459289551
depth2_bal_AAMM,2,AAMM,17425,209100,0.002896150496477882,0.05275382846593857,0.05532762557268143,1.0,0.9817232375979112,0.9861282022597606,0.9934725848563969,0.0003,1.0,2921.496833086014
depth2_bal_AAMM,2,AAMM,17450,209400,0.00244992624114578,0.05022833372155825,0.05385656838438341,1.0,0.9856396866840731,0.9873587649625237,0.9934725848563969,0.0003,1.0,2925.1288602352142
depth2_bal_AAMM,2,AAMM,17475,209700,0.002111880409453685,0.048996315648158394,0.05333456631217684,1.0,0.9843342036553525,0.9871350262892941,0.9934725848563969,0.0003,1.0,2928.5122134685516
depth2_bal_AAMM,2,AAMM,17500,210000,0.0018079834020075698,0.04999557510018349,0.053172664237873896,1.0,0.9856396866840731,0.98657567960622,0.9934725848563969,0.0003,1.0,2931.6657531261444
depth2_bal_AAMM,2,AAMM,17525,210300,3.180138021707535,2.1146828333536782,2.0524265425545827,0.4148172323759791,0.47389033942558745,0.4851773128985345,0.9934725848563969,0.0003,1.0,2935.0943162441254
depth2_bal_AAMM,2,AAMM,17550,210600,0.03443763994922241,0.1341652994354566,0.12971385908978325,1.0,0.9712793733681462,0.9701308871238393,0.9934725848563969,0.0003,1.0,2938.3934047222137
depth2_bal_AAMM,2,AAMM,17575,210900,0.025237450065712135,0.11047062277793884,0.10945750113044467,1.0,0.97911227154047,0.975053137934892,0.9934725848563969,0.0003,1.0,2941.806138753891
depth2_bal_AAMM,2,AAMM,17600,211200,0.021106159624954064,0.10311270381013553,0.10222830304077693,1.0,0.9804177545691906,0.97639556997427,0.9934725848563969,0.0003,1.0,2945.5246121883392
depth2_bal_AAMM,2,AAMM,17625,211500,0.01780967926606536,0.09589612980683644,0.09754758083394595,1.0,0.9765013054830287,0.9762837006376552,0.9934725848563969,0.0003,1.0,2948.924237012863
depth2_bal_AAMM,2,AAMM,17650,211800,0.014992870312804977,0.0914874201019605,0.09297824342335974,1.0,0.9778067885117493,0.9779617406868777,0.9934725848563969,0.0003,1.0,2952.455807209015
depth2_bal_AAMM,2,AAMM,17675,212100,0.012762482355659207,0.087775985399882,0.09060164796454566,1.0,0.9778067885117493,0.9778498713502629,0.9934725848563969,0.0003,1.0,2956.153074026108
depth2_bal_AAMM,2,AAMM,17700,212400,0.01069212177147468,0.0854983168343703,0.0877963829253401,1.0,0.97911227154047,0.9785210873699519,0.9934725848563969,0.0003,1.0,2959.6812965869904
depth2_bal_AAMM,2,AAMM,17725,212700,0.009006848636393746,0.07965464393297832,0.08520179901804242,1.0,0.9751958224543081,0.978409218033337,0.9934725848563969,0.0003,1.0,2964.387157201767
depth2_bal_AAMM,2,AAMM,17750,213000,0.007734982646070421,0.07969581335783005,0.08227537125349045,1.0,0.97911227154047,0.9800872580825596,0.9934725848563969,0.0003,1.0,2967.974653482437
depth2_bal_AAMM,2,AAMM,17775,213300,0.006408696450913946,0.074610718836387,0.07962347551115921,1.0,0.97911227154047,0.9786329567065667,0.9934725848563969,0.0003,1.0,2971.3684713840485
depth2_bal_AAMM,2,AAMM,17800,213600,0.00554965374370416,0.07397284855445226,0.07919919171503612,1.0,0.9765013054830287,0.9793041727262557,0.9934725848563969,0.0003,1.0,2974.609876871109
depth2_bal_AAMM,2,AAMM,17825,213900,0.00458503778403004,0.07107329616943996,0.07654248752764294,1.0,0.9778067885117493,0.981094082112093,0.9934725848563969,0.0003,1.0,2978.0256617069244
depth2_bal_AAMM,2,AAMM,17850,214200,0.004012408608105034,0.07021258647243182,0.07710617860513073,1.0,0.9765013054830287,0.979751650072715,0.9934725848563969,0.0003,1.0,2981.5455601215363
depth2_bal_AAMM,2,AAMM,17875,214500,0.003214960393961519,0.06923475737373035,0.07727269838963235,1.0,0.9751958224543081,0.979080434053026,0.9934725848563969,0.0003,1.0,2985.1828548908234
depth2_bal_AAMM,2,AAMM,17900,214800,0.002802232454996556,0.07277723339696725,0.07763614771621567,1.0,0.9751958224543081,0.9800872580825596,0.9934725848563969,0.0003,1.0,2989.2361917495728
depth2_bal_AAMM,2,AAMM,17925,215100,0.3947245006759961,0.4192451039950053,0.39071747064590456,0.8684725848563969,0.860313315926893,0.8731401722787784,0.9934725848563969,0.0003,1.0,2993.050071001053
depth2_bal_AAMM,2,AAMM,17950,215400,0.009452055984487137,0.08076815431316693,0.08571899746145521,1.0,0.9830287206266318,0.9774023940038036,0.9934725848563969,0.0003,1.0,2996.714467048645
depth2_bal_AAMM,2,AAMM,17975,215700,0.00889947071361045,0.07887897019584973,0.08309671708515712,1.0,0.9817232375979112,0.9775142633404184,0.9934725848563969,0.0003,1.0,3000.200737476349
depth2_bal_AAMM,2,AAMM,18000,216000,0.007952248794026673,0.07774461929996808,0.08181419298052788,1.0,0.97911227154047,0.9782973486967222,0.9934725848563969,0.0003,1.0,3003.6798856258392
depth2_bal_AAMM,2,AAMM,18025,216300,0.006717229727655649,0.08158260087172191,0.08054353914090566,1.0,0.9738903394255874,0.9781854793601074,0.9934725848563969,0.0003,1.0,3008.2036373615265
depth2_bal_AAMM,2,AAMM,18050,216600,0.005713559842358033,0.07667133957147598,0.07672123009605067,1.0,0.9738903394255874,0.9793041727262557,0.9934725848563969,0.0003,1.0,3011.6734008789062
depth2_bal_AAMM,2,AAMM,18075,216900,0.004827589029446244,0.07273006687561671,0.07319719919136593,1.0,0.9778067885117493,0.9796397807361003,0.9934725848563969,0.0003,1.0,3015.0308935642242
depth2_bal_AAMM,2,AAMM,18100,217200,0.004101975820958614,0.07942400376001994,0.07513890873108592,1.0,0.9778067885117493,0.9798635194093299,0.9934725848563969,0.0003,1.0,3018.748663187027
depth2_bal_AAMM,2,AAMM,18125,217500,0.0035425546229816973,0.08130598689119022,0.07400359309145382,1.0,0.9765013054830287,0.9785210873699519,0.9934725848563969,0.0003,1.0,3022.0658202171326
depth2_bal_AAMM,2,AAMM,18150,217800,0.0028604785329662263,0.07389696190754573,0.07076401513602053,1.0,0.97911227154047,0.9801991274191744,0.9934725848563969,0.0003,1.0,3025.4912209510803
depth2_bal_AAMM,2,AAMM,18175,218100,0.0024601295978451767,0.07267849395672481,0.06862847304769924,1.0,0.9725848563968669,0.9819890368050117,0.9934725848563969,0.0003,1.0,3028.9902646541595
depth2_bal_AAMM,2,AAMM,18200,218400,0.002158485808953022,0.07236509894331296,0.07050884610840252,1.0,0.97911227154047,0.980422866092404,0.9934725848563969,0.0003,1.0,3032.7936680316925
depth2_bal_AAMM,2,AAMM,18225,218700,0.08011675905436277,0.20524799823760986,0.19833647566182272,0.9977154046997389,0.9477806788511749,0.9563709587202148,0.9934725848563969,0.0003,1.0,3036.2151007652283
depth2_bal_AAMM,2,AAMM,18250,219000,0.029150225998212893,0.12636211017767587,0.12824802590268,1.0,0.9647519582245431,0.9672222843718536,0.9934725848563969,0.0003,1.0,3040.1026108264923
depth2_bal_AAMM,2,AAMM,18275,219300,0.02303269427890579,0.10975458224614461,0.11157852751868112,1.0,0.9712793733681462,0.9706902338069135,0.9934725848563969,0.0003,1.0,3043.866774082184
depth2_bal_AAMM,2,AAMM,18300,219600,0.018608740996569395,0.09971825530131657,0.1015317616718156,1.0,0.9751958224543081,0.9731513592124399,0.9934725848563969,0.0003,1.0,3046.935288667679
depth2_bal_AAMM,2,AAMM,18325,219900,0.015455681132152677,0.09264669939875603,0.09370009728840419,1.0,0.97911227154047,0.9752768766081217,0.9934725848563969,0.0003,1.0,3051.1429481506348
depth2_bal_AAMM,2,AAMM,18350,220200,0.013088957018529376,0.0841039555768172,0.08969926557370594,1.0,0.97911227154047,0.9752768766081217,0.9934725848563969,0.0003,1.0,3054.733336210251
depth2_bal_AAMM,2,AAMM,18375,220500,0.01090570337449511,0.08144586533308029,0.08641104762043272,1.0,0.9817232375979112,0.9767311779841146,0.9934725848563969,0.0003,1.0,3058.2124094963074
depth2_bal_AAMM,2,AAMM,18400,220800,0.009055631623292962,0.07783058906594913,0.08346151496682848,1.0,0.9804177545691906,0.9768430473207294,0.9934725848563969,0.0003,1.0,3061.773538351059
depth2_bal_AAMM,2,AAMM,18425,221100,0.007677113559717934,0.07328758016228676,0.08020250669547489,1.0,0.9804177545691906,0.9772905246671887,0.9934725848563969,0.0003,1.0,3065.279652118683
depth2_bal_AAMM,2,AAMM,18450,221400,0.006485094781965017,0.07119473690787952,0.07902877660734313,1.0,0.97911227154047,0.9776261326770332,0.9934725848563969,0.0003,1.0,3069.655118227005
depth2_bal_AAMM,2,AAMM,18475,221700,0.005535737650158505,0.06848249584436417,0.0751577652990818,1.0,0.9765013054830287,0.9780736100234926,0.9934725848563969,0.0003,1.0,3078.5615208148956
depth2_bal_AAMM,2,AAMM,18500,222000,0.004638674552552402,0.06753609205285709,0.07463134931666511,1.0,0.9778067885117493,0.977738002013648,0.9934725848563969,0.0003,1.0,3087.155313014984
depth2_bal_AAMM,2,AAMM,18525,222300,0.0038724830956198275,0.06814998264114062,0.07200730011931487,1.0,0.97911227154047,0.9789685647164112,0.9934725848563969,0.0003,1.0,3090.866907596588
depth2_bal_AAMM,2,AAMM,18550,222600,0.0033198296053645513,0.06572715565562248,0.07069763307060514,1.0,0.97911227154047,0.980422866092404,0.9934725848563969,0.0003,1.0,3094.7501068115234
depth2_bal_AAMM,2,AAMM,18575,222900,0.004567513125948608,0.06772753099600475,0.08464770625744547,0.9996736292428199,0.9804177545691906,0.9778498713502629,0.9934725848563969,0.0003,1.0,3098.63414311409
depth2_bal_AAMM,2,AAMM,18600,223200,0.009966870381807288,0.08497212082147598,0.08651249280997685,1.0,0.9765013054830287,0.9774023940038036,0.9934725848563969,0.0003,1.0,3102.3346564769745
depth2_bal_AAMM,2,AAMM,18625,223500,0.010019382772346338,0.0800598996380965,0.08525291915450778,1.0,0.9778067885117493,0.9778498713502629,0.9934725848563969,0.0003,1.0,3105.9591166973114
depth2_bal_AAMM,2,AAMM,18650,223800,0.0087598452422147,0.07968209187189738,0.08472341224551201,1.0,0.9751958224543081,0.9778498713502629,0.9934725848563969,0.0003,1.0,3109.795875310898
depth2_bal_AAMM,2,AAMM,18675,224100,0.007419541128911078,0.07671582822998364,0.08345507734588214,1.0,0.9778067885117493,0.979080434053026,0.9934725848563969,0.0003,1.0,3113.440613746643
depth2_bal_AAMM,2,AAMM,18700,224400,0.0062863426671052975,0.06907290468613307,0.07859465149896486,1.0,0.97911227154047,0.9794160420628706,0.9934725848563969,0.0003,1.0,3116.7642805576324
depth2_bal_AAMM,2,AAMM,18725,224700,0.005375989984410505,0.0678316814204057,0.07639336671148028,1.0,0.9804177545691906,0.9796397807361003,0.9934725848563969,0.0003,1.0,3122.5332231521606
depth2_bal_AAMM,2,AAMM,18750,225000,0.004597239836584777,0.06663816670576732,0.07724386208823748,1.0,0.9804177545691906,0.9795279113994854,0.9934725848563969,0.0003,1.0,3125.8206791877747
depth2_bal_AAMM,2,AAMM,18775,225300,0.0038694876517790058,0.06274245431025822,0.07523588506238801,1.0,0.9804177545691906,0.979751650072715,0.9934725848563969,0.0003,1.0,3129.022529363632
depth2_bal_AAMM,2,AAMM,18800,225600,0.0032990138861350715,0.06170031552513441,0.07459007373877934,1.0,0.9804177545691906,0.9800872580825596,0.9934725848563969,0.0003,1.0,3132.6974563598633
depth2_bal_AAMM,2,AAMM,18825,225900,0.003392190517236789,0.06734548633297284,0.07747580339866025,1.0,0.9778067885117493,0.9791923033896409,0.9934725848563969,0.0003,1.0,3135.989819288254
depth2_bal_AAMM,2,AAMM,18850,226200,0.02602495051299532,0.12010377397139867,0.12123573550156184,1.0,0.9673629242819843,0.9685647164112317,0.9934725848563969,0.0003,1.0,3139.3698782920837
depth2_bal_AAMM,2,AAMM,18875,226500,0.01970214070752263,0.10509978483120601,0.10557448651109423,1.0,0.9738903394255874,0.9727038818659806,0.9934725848563969,0.0003,1.0,3142.8398077487946
depth2_bal_AAMM,2,AAMM,18900,226800,0.0165970209830751,0.10056926558415095,0.0994633249938488,1.0,0.9765013054830287,0.9741581832419733,0.9934725848563969,0.0003,1.0,3146.703288793564
depth2_bal_AAMM,2,AAMM,18925,227100,0.014080100615198413,0.09291454032063484,0.0951248787343502,1.0,0.9765013054830287,0.9761718313010403,0.9934725848563969,0.0003,1.0,3150.415924310684
depth2_bal_AAMM,2,AAMM,18950,227400,0.011900765588507056,0.08689481392502785,0.08998646384903362,1.0,0.9765013054830287,0.9782973486967222,0.9934725848563969,0.0003,1.0,3154.1485221385956
depth2_bal_AAMM,2,AAMM,18975,227700,0.010138874407857656,0.0784608523050944,0.08514043869716781,1.0,0.9817232375979112,0.9796397807361003,0.9934725848563969,0.0003,1.0,3157.8261198997498
depth2_bal_AAMM,2,AAMM,19000,228000,0.008524490520358086,0.0731416679918766,0.08205172259892736,1.0,0.9817232375979112,0.9806466047656337,0.9934725848563969,0.0003,1.0,3161.5134999752045
depth2_bal_AAMM,2,AAMM,19025,228300,0.007230574148707092,0.0683579904337724,0.07797241626041276,1.0,0.9843342036553525,0.9806466047656337,0.9934725848563969,0.0003,1.0,3166.255413532257
depth2_bal_AAMM,2,AAMM,19050,228600,0.006098629053061207,0.06365212798118591,0.07655083856412342,1.0,0.9869451697127938,0.9819890368050117,0.9934725848563969,0.0003,1.0,3170.3985438346863
depth2_bal_AAMM,2,AAMM,19075,228900,0.005172565036142866,0.06126354386409124,0.07342519547258104,1.0,0.9869451697127938,0.98310773017116,0.9934725848563969,0.0003,1.0,3173.9157915115356
depth2_bal_AAMM,2,AAMM,19100,229200,0.004376019079548617,0.055859425415595375,0.07048132004482406,1.0,0.9869451697127938,0.9821009061416266,0.9934725848563969,0.0003,1.0,3177.0982208251953
depth2_bal_AAMM,2,AAMM,19125,229500,0.0037021900643594563,0.04958542808890343,0.06673333096717085,1.0,0.9882506527415144,0.9835552075176194,0.9934725848563969,0.0003,1.0,3181.1600773334503
depth2_bal_AAMM,2,AAMM,19150,229800,0.003187574776044736,0.04892607405781746,0.06588948810739177,1.0,0.9869451697127938,0.9841145542006936,0.9934725848563969,0.0003,1.0,3185.796021938324
depth2_bal_AAMM,2,AAMM,19175,230100,0.002689632606537392,0.04741007710496584,0.06381369456648826,1.0,0.9882506527415144,0.9847857702203826,0.9934725848563969,0.0003,1.0,3189.2483973503113
depth2_bal_AAMM,2,AAMM,19200,230400,0.002234384543650473,0.0460261075447003,0.06306719561772688,1.0,0.9869451697127938,0.9833314688443897,0.9934725848563969,0.0003,1.0,3192.900548219681
depth2_bal_AAMM,2,AAMM,19225,230700,0.0019256328329599153,0.04405789077281952,0.061484722952757566,1.0,0.9869451697127938,0.9842264235373084,0.9934725848563969,0.0003,1.0,3197.2578995227814
depth2_bal_AAMM,2,AAMM,19250,231000,0.0016836710371232282,0.04177022663255533,0.061859482846089775,1.0,0.9908616187989556,0.9848976395569974,0.9934725848563969,0.0003,1.0,3200.547032356262
depth2_bal_AAMM,2,AAMM,19275,231300,0.0013545523591650028,0.03965833783149719,0.0569565941712686,1.0,0.9921671018276762,0.9860163329231457,0.9934725848563969,0.0003,1.0,3204.0156235694885
depth2_bal_AAMM,2,AAMM,19300,231600,0.0011995766399195418,0.036931987230976425,0.05737091066049678,1.0,0.9895561357702349,0.985792594249916,0.9934725848563969,0.0003,1.0,3207.5808579921722
depth2_bal_AAMM,2,AAMM,19325,231900,0.0010079338486927252,0.03501027822494507,0.0561893248132297,1.0,0.9908616187989556,0.9859044635865309,0.9934725848563969,0.0003,1.0,3211.3694314956665
depth2_bal_AAMM,2,AAMM,19350,232200,0.0008577088544067616,0.034875381737947464,0.057661310556743825,1.0,0.9908616187989556,0.9859044635865309,0.9934725848563969,0.0003,1.0,3215.437865972519
depth2_bal_AAMM,2,AAMM,19375,232500,0.014051547662044564,0.09325768053531647,0.09770220645836421,1.0,0.9686684073107049,0.9727038818659806,0.9934725848563969,0.0003,1.0,3219.325934410095
depth2_bal_AAMM,2,AAMM,19400,232800,0.015442703540126482,0.09488796318570773,0.0996623347912516,1.0,0.9699738903394256,0.9732632285490547,0.9934725848563969,0.0003,1.0,3223.032256126404
depth2_bal_AAMM,2,AAMM,19425,233100,0.013908141603072485,0.08864961564540863,0.09663046800664493,1.0,0.9778067885117493,0.9742700525785882,0.9934725848563969,0.0003,1.0,3226.989833831787
depth2_bal_AAMM,2,AAMM,19450,233400,0.011784817247341076,0.08586254095037778,0.09350224850433213,1.0,0.9751958224543081,0.9742700525785882,0.9934725848563969,0.0003,1.0,3230.3025171756744
depth2_bal_AAMM,2,AAMM,19475,233700,0.010044251025343934,0.08086202666163445,0.09094116379107747,1.0,0.97911227154047,0.973710705895514,0.9934725848563969,0.0003,1.0,3233.4673368930817
depth2_bal_AAMM,2,AAMM,19500,234000,0.008444464998319745,0.07612576584021251,0.08849915340542794,1.0,0.9778067885117493,0.9753887459447366,0.9934725848563969,0.0003,1.0,3237.2411637306213
depth2_bal_AAMM,2,AAMM,19525,234300,0.007377737046529849,0.07569148018956184,0.08811127884047372,1.0,0.9804177545691906,0.9751650072715069,0.9934725848563969,0.0003,1.0,3240.9773709774017
depth2_bal_AAMM,2,AAMM,19550,234600,0.006161072989925742,0.07457394401232402,0.08589330480567046,1.0,0.97911227154047,0.9762837006376552,0.9934725848563969,0.0003,1.0,3244.464665412903
depth2_bal_AAMM,2,AAMM,19575,234900,0.0050757722347043455,0.07533115893602371,0.08590980246663094,1.0,0.9751958224543081,0.9752768766081217,0.9934725848563969,0.0003,1.0,3247.7449786663055
depth2_bal_AAMM,2,AAMM,19600,235200,0.0043776949363139766,0.07405810182293256,0.08497822609330927,1.0,0.9765013054830287,0.9760599619644256,0.9934725848563969,0.0003,1.0,3251.0696637630463
depth2_bal_AAMM,2,AAMM,19625,235500,0.003551997127942741,0.07644517968098323,0.08844117165676185,1.0,0.9738903394255874,0.975053137934892,0.9934725848563969,0.0003,1.0,3254.580882549286
depth2_bal_AAMM,2,AAMM,19650,235800,0.39296407997608185,0.3998507459958394,0.3935951062611171,0.8785900783289817,0.860313315926893,0.8799642018122833,0.9934725848563969,0.0003,1.0,3258.2746002674103
depth2_bal_AAMM,2,AAMM,19675,236100,0.016763645301883418,0.10560861105720203,0.10723729878664016,1.0,0.9725848563968669,0.973039489875825,0.9934725848563969,0.0003,1.0,3261.679752111435
depth2_bal_AAMM,2,AAMM,19700,236400,0.014565458133195838,0.09498026718695958,0.10193561060088022,1.0,0.9712793733681462,0.9740463139053586,0.9934725848563969,0.0003,1.0,3265.048346757889
depth2_bal_AAMM,2,AAMM,19725,236700,0.012422315698737899,0.08919692287842433,0.09860311171838215,1.0,0.9725848563968669,0.974381921915203,0.9934725848563969,0.0003,1.0,3268.347570180893
depth2_bal_AAMM,2,AAMM,19750,237000,0.010730179958045483,0.0821983702480793,0.09808670601674489,1.0,0.9765013054830287,0.973710705895514,0.9934725848563969,0.0003,1.0,3271.9339270591736
depth2_bal_AAMM,2,AAMM,19775,237300,0.009223317494615912,0.0817411703368028,0.09607206284999847,1.0,0.9778067885117493,0.9755006152813513,0.9934725848563969,0.0003,1.0,3275.741628885269
depth2_bal_AAMM,2,AAMM,19800,237600,0.0077257289085537195,0.07968317593137424,0.09446692509310586,1.0,0.9765013054830287,0.9748293992616623,0.9934725848563969,0.0003,1.0,3280.978091955185
depth2_bal_AAMM,2,AAMM,19825,237900,0.006690661772154272,0.07628483449419339,0.09039139087711062,1.0,0.9804177545691906,0.9758362232911959,0.9934725848563969,0.0003,1.0,3285.468731403351
depth2_bal_AAMM,2,AAMM,19850,238200,0.005599418072961271,0.07636412605643272,0.09055750721267292,1.0,0.9778067885117493,0.975724353954581,0.9934725848563969,0.0003,1.0,3290.0305745601654
depth2_bal_AAMM,2,AAMM,19875,238500,0.004938193247653544,0.07113843411207199,0.08787197513239724,1.0,0.9804177545691906,0.9762837006376552,0.9934725848563969,0.0003,1.0,3294.37207198143
depth2_bal_AAMM,2,AAMM,19900,238800,0.004252499047045906,0.0778672993183136,0.09000440325055803,1.0,0.9804177545691906,0.974381921915203,0.9934725848563969,0.0003,1.0,3298.189525604248
depth2_bal_AAMM,2,AAMM,19925,239100,0.008213755791075528,0.09211656699577968,0.09167880596859114,0.9996736292428199,0.9660574412532638,0.973710705895514,0.9934725848563969,0.0003,1.0,3301.760098695755
depth2_bal_AAMM,2,AAMM,19950,239400,0.009263420477509499,0.08037891983985901,0.08537364580801556,1.0,0.9804177545691906,0.9780736100234926,0.9934725848563969,0.0003,1.0,3305.3461260795593
depth2_bal_AAMM,2,AAMM,19975,239700,0.008500995269666115,0.07713805635770161,0.08530036030071123,1.0,0.97911227154047,0.9774023940038036,0.9934725848563969,0.0003,1.0,3309.136200428009
depth2_bal_AAMM,2,AAMM,20000,240000,0.007187623026159902,0.07493903363744418,0.08384949224335807,1.0,0.97911227154047,0.9775142633404184,0.9934725848563969,0.0003,1.0,3312.4994411468506
depth2_bal_AAMM,2,AAMM,20025,240300,0.006285110721364617,0.07345662266016006,0.08392810523509979,1.0,0.97911227154047,0.9772905246671887,0.9934725848563969,0.0003,1.0,3317.2089698314667
depth2_bal_AAMM,2,AAMM,20050,240600,0.005345004494301975,0.07130831728378932,0.0810178390038865,1.0,0.97911227154047,0.9795279113994854,0.9934725848563969,0.0003,1.0,3320.4947271347046
depth2_bal_AAMM,2,AAMM,20075,240900,0.004497434129007161,0.06987662116686504,0.08095955098313945,1.0,0.9778067885117493,0.9780736100234926,0.9934725848563969,0.0003,1.0,3324.007301092148
depth2_bal_AAMM,2,AAMM,20100,241200,0.0038059434737078846,0.0694014107187589,0.08201982027718,1.0,0.97911227154047,0.9776261326770332,0.9934725848563969,0.0003,1.0,3327.4004604816437
depth2_bal_AAMM,2,AAMM,20125,241500,0.013197260598341623,0.09363343939185143,0.09865691597972598,1.0,0.9725848563968669,0.9742700525785882,0.9934725848563969,0.0003,1.0,3330.8228957653046
depth2_bal_AAMM,2,AAMM,20150,241800,0.010972956273083886,0.08223944405714671,0.09207941400153297,1.0,0.9804177545691906,0.9767311779841146,0.9934725848563969,0.0003,1.0,3334.8012664318085
depth2_bal_AAMM,2,AAMM,20175,242100,0.009661920834332705,0.08678387850522995,0.09188265364084924,1.0,0.9765013054830287,0.9768430473207294,0.9934725848563969,0.0003,1.0,3338.800005197525
depth2_bal_AAMM,2,AAMM,20200,242400,0.008396488187524179,0.0849852313597997,0.09032338346753802,1.0,0.9738903394255874,0.9769549166573442,0.9934725848563969,0.0003,1.0,3342.4819960594177
depth2_bal_AAMM,2,AAMM,20225,242700,0.007137611818810304,0.087102722376585,0.08875008523464203,1.0,0.9712793733681462,0.9768430473207294,0.9934725848563969,0.0003,1.0,3345.8469030857086
depth2_bal_AAMM,2,AAMM,20250,243000,0.006135719867112736,0.08627575139204662,0.08813891368252891,1.0,0.9712793733681462,0.9760599619644256,0.9934725848563969,0.0003,1.0,3349.2580032348633
depth2_bal_AAMM,2,AAMM,20275,243300,0.005284241943930586,0.08667869245012601,0.08849852713091033,1.0,0.9660574412532638,0.9753887459447366,0.9934725848563969,0.0003,1.0,3352.6884214878082
depth2_bal_AAMM,2,AAMM,20300,243600,0.004544510758326699,0.09207904835542043,0.09200495470847403,1.0,0.9660574412532638,0.9739344445687437,0.9934725848563969,0.0003,1.0,3356.253354549408
depth2_bal_AAMM,2,AAMM,20325,243900,0.004820556690295537,0.09090998272101085,0.09046403127057212,1.0,0.9686684073107049,0.9740463139053586,0.9934725848563969,0.0003,1.0,3359.622677087784
depth2_bal_AAMM,2,AAMM,20350,244200,0.014288480626419187,0.10064995909730594,0.10145090829048838,1.0,0.9751958224543081,0.9729276205392102,0.9934725848563969,0.0003,1.0,3363.211090564728
depth2_bal_AAMM,2,AAMM,20375,244500,0.013192472591375312,0.09675296147664388,0.09819461852312088,1.0,0.9686684073107049,0.9747175299250476,0.9934725848563969,0.0003,1.0,3366.400447368622
depth2_bal_AAMM,2,AAMM,20400,244800,0.011661613980929056,0.09475085884332657,0.09608881281954902,1.0,0.9686684073107049,0.9742700525785882,0.9934725848563969,0.0003,1.0,3369.8975875377655
depth2_bal_AAMM,2,AAMM,20425,245100,0.009862759771446386,0.08901950716972351,0.09418305850454739,1.0,0.9725848563968669,0.9742700525785882,0.9934725848563969,0.0003,1.0,3373.29975938797
depth2_bal_AAMM,2,AAMM,20450,245400,0.008420848947328826,0.08783087134361267,0.09424263398562159,1.0,0.9712793733681462,0.9725920125293657,0.9934725848563969,0.0003,1.0,3377.67773103714
depth2_bal_AAMM,2,AAMM,20475,245700,0.007185402365090947,0.0888605664173762,0.09052511772939137,1.0,0.9673629242819843,0.9739344445687437,0.9934725848563969,0.0003,1.0,3381.7220890522003
depth2_bal_AAMM,2,AAMM,20500,246000,0.006103848650430639,0.08334547157088916,0.09010379910469055,1.0,0.9751958224543081,0.9742700525785882,0.9934725848563969,0.0003,1.0,3385.288815975189
depth2_bal_AAMM,2,AAMM,20525,246300,0.005275162363735338,0.08469060560067494,0.08978910563247544,1.0,0.9699738903394256,0.9742700525785882,0.9934725848563969,0.0003,1.0,3389.068964958191
depth2_bal_AAMM,2,AAMM,20550,246600,0.0044358759575213,0.08236125608285268,0.0870923712849617,1.0,0.9673629242819843,0.9756124846179662,0.9934725848563969,0.0003,1.0,3392.8375980854034
depth2_bal_AAMM,2,AAMM,20575,246900,0.6641829709211985,0.6579576532046,0.6483906303133283,0.7930809399477807,0.8028720626631853,0.7980758474102249,0.9934725848563969,0.0003,1.0,3396.6619074344635
depth2_bal_AAMM,2,AAMM,20600,247200,0.010158633968482414,0.10094515730937322,0.09794233004961694,1.0,0.9673629242819843,0.9718089271730619,0.9934725848563969,0.0003,1.0,3400.165449142456
depth2_bal_AAMM,2,AAMM,20625,247500,0.009702530379096666,0.0983528842528661,0.09833050125411578,1.0,0.9686684073107049,0.973039489875825,0.9934725848563969,0.0003,1.0,3404.0610568523407
depth2_bal_AAMM,2,AAMM,20650,247800,0.00840035080909729,0.09726122270027797,0.09817042946815491,1.0,0.9712793733681462,0.973039489875825,0.9934725848563969,0.0003,1.0,3407.492832660675
depth2_bal_AAMM,2,AAMM,20675,248100,0.007229474334356685,0.09901343286037445,0.09911846167274883,1.0,0.9673629242819843,0.9722564045195212,0.9934725848563969,0.0003,1.0,3411.754030227661
depth2_bal_AAMM,2,AAMM,20700,248400,0.006277337243470053,0.099337304631869,0.0979040841971125,1.0,0.9673629242819843,0.971697057836447,0.9934725848563969,0.0003,1.0,3415.288517475128
depth2_bal_AAMM,2,AAMM,20725,248700,0.005279975361190736,0.10085194806257884,0.09773193342345102,1.0,0.9699738903394256,0.9729276205392102,0.9934725848563969,0.0003,1.0,3419.3761763572693
depth2_bal_AAMM,2,AAMM,20750,249000,0.004710095177870244,0.1009361023704211,0.09925729930400848,1.0,0.9686684073107049,0.9714733191632173,0.9934725848563969,0.0003,1.0,3422.9718124866486
depth2_bal_AAMM,2,AAMM,20775,249300,0.0036730675880486765,0.10056350876887639,0.09774843156337738,1.0,0.9660574412532638,0.971025841816758,0.9934725848563969,0.0003,1.0,3426.772215127945
depth2_bal_AAMM,2,AAMM,20800,249600,0.0032912743433068195,0.10127564519643784,0.0995507215814931,1.0,0.9660574412532638,0.970354625797069,0.9934725848563969,0.0003,1.0,3430.4221363067627
depth2_bal_AAMM,2,AAMM,20825,249900,0.0028431992686819285,0.10831389079491298,0.0984782291310174,1.0,0.9634464751958225,0.9700190177872245,0.9934725848563969,0.0003,1.0,3435.2503249645233
depth2_bal_AAMM,2,AAMM,20850,250200,0.002608346772224953,0.12110801041126251,0.11442073264292309,1.0,0.9621409921671018,0.9659917216690905,0.9934725848563969,0.0003,1.0,3438.9170372486115
depth2_bal_AAMM,2,AAMM,20875,250500,0.046778991197546325,0.1536542351047198,0.1596549357686724,1.0,0.9660574412532638,0.9621881642241862,0.9934725848563969,0.0003,1.0,3442.280515909195
depth2_bal_AAMM,2,AAMM,20900,250800,0.031032223720103502,0.12121562908093135,0.12598629125526972,1.0,0.9738903394255874,0.9700190177872245,0.9934725848563969,0.0003,1.0,3445.7856154441833
depth2_bal_AAMM,2,AAMM,20925,251100,0.025092783539245527,0.10593413313229878,0.11305558213165828,1.0,0.9765013054830287,0.9740463139053586,0.9934725848563969,0.0003,1.0,3449.552350759506
depth2_bal_AAMM,2,AAMM,20950,251400,0.02096201137950023,0.09802936017513275,0.10380839918340956,1.0,0.97911227154047,0.9749412685982772,0.9934725848563969,0.0003,1.0,3452.8959772586823
depth2_bal_AAMM,2,AAMM,20975,251700,0.017271054986243446,0.08835424731175105,0.09718176914112908,1.0,0.9830287206266318,0.9760599619644256,0.9934725848563969,0.0003,1.0,3456.172621011734
depth2_bal_AAMM,2,AAMM,21000,252000,0.014476724977915486,0.08205500369270642,0.0907198048063687,1.0,0.9830287206266318,0.977066785993959,0.9934725848563969,0.0003,1.0,3459.53990316391
depth2_bal_AAMM,2,AAMM,21025,252300,0.011965055639545122,0.07853467886646588,0.08700997701713017,1.0,0.9843342036553525,0.9782973486967222,0.9934725848563969,0.0003,1.0,3464.089169740677
depth2_bal_AAMM,2,AAMM,21050,252600,0.009966524007419745,0.0735137549539407,0.08314831001417977,1.0,0.9830287206266318,0.977738002013648,0.9934725848563969,0.0003,1.0,3467.6579406261444
depth2_bal_AAMM,2,AAMM,21075,252900,0.008335223499064645,0.06873883431156476,0.07757685301559313,1.0,0.9843342036553525,0.9787448260431816,0.9934725848563969,0.0003,1.0,3471.2847833633423
depth2_bal_AAMM,2,AAMM,21100,253200,0.007075650384649634,0.06567846486965816,0.07642219183700426,1.0,0.9843342036553525,0.9787448260431816,0.9934725848563969,0.0003,1.0,3474.864317417145
depth2_bal_AAMM,2,AAMM,21125,253500,0.00598860466076682,0.06305806587139766,0.07311468294688633,1.0,0.9817232375979112,0.9796397807361003,0.9934725848563969,0.0003,1.0,3478.50403547287
depth2_bal_AAMM,2,AAMM,21150,253800,0.004997028891618053,0.06189930687348048,0.07174598670431546,1.0,0.9843342036553525,0.9795279113994854,0.9934725848563969,0.0003,1.0,3482.019777059555
depth2_bal_AAMM,2,AAMM,21175,254100,0.0044233293932241695,0.06066402792930603,0.06997562370129994,1.0,0.9856396866840731,0.9796397807361003,0.9934725848563969,0.0003,1.0,3485.564653158188
depth2_bal_AAMM,2,AAMM,21200,254400,0.003572436321216325,0.05607506260275841,0.06962148813264711,1.0,0.9882506527415144,0.9798635194093299,0.9934725848563969,0.0003,1.0,3489.4698321819305
depth2_bal_AAMM,2,AAMM,21225,254700,0.0030903673032298684,0.05685457835594813,0.0716904885002545,1.0,0.9895561357702349,0.980422866092404,0.9934725848563969,0.0003,1.0,3493.295809030533
depth2_bal_AAMM,2,AAMM,21250,255000,0.002756776249346634,0.053852260733644165,0.06847587946270194,1.0,0.9869451697127938,0.9800872580825596,0.9934725848563969,0.0003,1.0,3496.5883436203003
depth2_bal_AAMM,2,AAMM,21275,255300,0.010279896513869366,0.0838439514239629,0.08568273793373789,1.0,0.9778067885117493,0.9761718313010403,0.9934725848563969,0.0003,1.0,3500.2118067741394
depth2_bal_AAMM,2,AAMM,21300,255600,0.010529507572452227,0.08237225686510403,0.082260271693979,1.0,0.9765013054830287,0.9768430473207294,0.9934725848563969,0.0003,1.0,3504.0322256088257
depth2_bal_AAMM,2,AAMM,21325,255900,0.009092875251856944,0.07944755628705025,0.07850083080785615,1.0,0.9778067885117493,0.979080434053026,0.9934725848563969,0.0003,1.0,3507.5906825065613
depth2_bal_AAMM,2,AAMM,21350,256200,0.00770367441388468,0.07997853681445122,0.07912466355732509,1.0,0.9778067885117493,0.9780736100234926,0.9934725848563969,0.0003,1.0,3511.1447863578796
depth2_bal_AAMM,2,AAMM,21375,256500,0.0067741324892267585,0.07821714629729588,0.07642270007303782,1.0,0.9725848563968669,0.9795279113994854,0.9934725848563969,0.0003,1.0,3514.8164134025574
depth2_bal_AAMM,2,AAMM,21400,256800,0.005645948423383136,0.07685252899924915,0.07443414426275662,1.0,0.9765013054830287,0.9809822127754783,0.9934725848563969,0.0003,1.0,3518.865788936615
depth2_bal_AAMM,2,AAMM,21425,257100,0.004776415376303096,0.0808286542693774,0.07582977621683053,1.0,0.9712793733681462,0.9795279113994854,0.9934725848563969,0.0003,1.0,3522.5285217761993
depth2_bal_AAMM,2,AAMM,21450,257400,0.003951462509576231,0.0776589165131251,0.07165123650005885,1.0,0.9738903394255874,0.9796397807361003,0.9934725848563969,0.0003,1.0,3526.0659050941467
depth2_bal_AAMM,2,AAMM,21475,257700,0.003477944565626482,0.0748919111986955,0.07066676600703171,1.0,0.9686684073107049,0.981765298131782,0.9934725848563969,0.0003,1.0,3529.93151307106
depth2_bal_AAMM,2,AAMM,21500,258000,0.0028768478271861873,0.07164844870567322,0.0698697027351175,1.0,0.9765013054830287,0.9815415594585524,0.9934725848563969,0.0003,1.0,3533.4234595298767
depth2_bal_AAMM,2,AAMM,21525,258300,0.015140789172922572,0.10854714860518773,0.09874326405780656,1.0,0.95822454308094,0.9753887459447366,0.9934725848563969,0.0003,1.0,3536.970203399658
depth2_bal_AAMM,2,AAMM,21550,258600,0.013826848162959019,0.09748562673727672,0.092955068392413,1.0,0.9712793733681462,0.9767311779841146,0.9934725848563969,0.0003,1.0,3540.4119646549225
depth2_bal_AAMM,2,AAMM,21575,258900,0.01217576147367557,0.0910994013150533,0.09019652966942106,1.0,0.9712793733681462,0.9766193086474997,0.9934725848563969,0.0003,1.0,3544.045963525772
depth2_bal_AAMM,2,AAMM,21600,259200,0.010396085601920882,0.0811942753692468,0.08459038819585528,1.0,0.9738903394255874,0.9787448260431816,0.9934725848563969,0.0003,1.0,3548.2420711517334
depth2_bal_AAMM,2,AAMM,21625,259500,0.00893129330749313,0.07598811388015747,0.08197119331785611,1.0,0.97911227154047,0.979751650072715,0.9934725848563969,0.0003,1.0,3551.813312292099
depth2_bal_AAMM,2,AAMM,21650,259800,0.007617947141019006,0.0703413871427377,0.07925559261015483,1.0,0.9765013054830287,0.9808703434388634,0.9934725848563969,0.0003,1.0,3555.4309589862823
depth2_bal_AAMM,2,AAMM,21675,260100,0.006459212900760273,0.06769023711482684,0.07735047425542559,1.0,0.9778067885117493,0.981094082112093,0.9934725848563969,0.0003,1.0,3560.3686213493347
depth2_bal_AAMM,2,AAMM,21700,260400,0.005373295474176605,0.0642999807993571,0.07541871783988817,1.0,0.9804177545691906,0.9814296901219376,0.9934725848563969,0.0003,1.0,3563.4708046913147
depth2_bal_AAMM,2,AAMM,21725,260700,0.004582449987841149,0.06525471309820811,0.07580487648291247,1.0,0.9765013054830287,0.9809822127754783,0.9934725848563969,0.0003,1.0,3566.9075815677643
depth2_bal_AAMM,2,AAMM,21750,261000,0.003939829960775872,0.0604648527999719,0.0743557944893837,1.0,0.9778067885117493,0.9801991274191744,0.9934725848563969,0.0003,1.0,3570.9610245227814
depth2_bal_AAMM,2,AAMM,21775,261300,0.0035522153484635055,0.06272438416878383,0.07430141717195511,1.0,0.9751958224543081,0.980422866092404,0.9934725848563969,0.0003,1.0,3574.8221192359924
depth2_bal_AAMM,2,AAMM,21800,261600,0.0033759611930387714,0.05895468903084596,0.07569081847156797,1.0,0.9765013054830287,0.979751650072715,0.9934725848563969,0.0003,1.0,3578.4641993045807
depth2_bal_AAMM,2,AAMM,21825,261900,0.016046536155045033,0.09257053832213084,0.093986733683518,1.0,0.9751958224543081,0.9760599619644256,0.9934725848563969,0.0003,1.0,3581.72660279274
depth2_bal_AAMM,2,AAMM,21850,262200,0.01498540366689364,0.08687162647644679,0.09139031746557781,1.0,0.9765013054830287,0.9778498713502629,0.9934725848563969,0.0003,1.0,3585.1939182281494
depth2_bal_AAMM,2,AAMM,21875,262500,0.012969949748367071,0.07827059924602509,0.0864274511379855,1.0,0.9778067885117493,0.9788566953797964,0.9934725848563969,0.0003,1.0,3588.594525575638
depth2_bal_AAMM,2,AAMM,21900,262800,0.011060211108997464,0.07286960383256276,0.08308118869151387,1.0,0.9817232375979112,0.9798635194093299,0.9934725848563969,0.0003,1.0,3591.993902206421
depth2_bal_AAMM,2,AAMM,21925,263100,0.009616316063329577,0.07085748141010602,0.08184016879115785,1.0,0.97911227154047,0.9786329567065667,0.9934725848563969,0.0003,1.0,3595.61745429039
depth2_bal_AAMM,2,AAMM,21950,263400,0.008258311543613672,0.06778115034103394,0.07871763056942395,1.0,0.97911227154047,0.9801991274191744,0.9934725848563969,0.0003,1.0,3599.0258479118347
depth2_bal_AAMM,2,AAMM,21975,263700,0.0068776150001212955,0.06474477921923001,0.07716553126062665,1.0,0.9830287206266318,0.9807584741022486,0.9934725848563969,0.0003,1.0,3603.1159427165985
depth2_bal_AAMM,2,AAMM,22000,264000,0.005785771645605564,0.06292618686954181,0.07498849481344223,1.0,0.9778067885117493,0.9800872580825596,0.9934725848563969,0.0003,1.0,3606.9390761852264
depth2_bal_AAMM,2,AAMM,22025,264300,0.0049655328039079905,0.06059233099222183,0.07563637771776745,1.0,0.9804177545691906,0.9796397807361003,0.9934725848563969,0.0003,1.0,3611.6295952796936
depth2_bal_AAMM,2,AAMM,22050,264600,0.0041823987461005645,0.059530788411696754,0.07383017816713879,1.0,0.9778067885117493,0.979751650072715,0.9934725848563969,0.0003,1.0,3615.6795024871826
depth2_bal_AAMM,2,AAMM,22075,264900,0.003634581788598249,0.0561333584288756,0.07422744759491512,1.0,0.9830287206266318,0.9787448260431816,0.9934725848563969,0.0003,1.0,3619.0359358787537
depth2_bal_AAMM,2,AAMM,22100,265200,0.0029517332829224565,0.05774535362919172,0.07442767119833402,1.0,0.9765013054830287,0.9796397807361003,0.9934725848563969,0.0003,1.0,3622.2841033935547
depth2_bal_AAMM,2,AAMM,22125,265500,0.0025037434340144196,0.05430214727918307,0.07465664350560733,1.0,0.9778067885117493,0.979080434053026,0.9934725848563969,0.0003,1.0,3625.937334537506
depth2_bal_AAMM,2,AAMM,22150,265800,0.01598836147847275,0.09577674667040507,0.09637513671602521,1.0,0.9738903394255874,0.97639556997427,0.9934725848563969,0.0003,1.0,3629.9016423225403
depth2_bal_AAMM,2,AAMM,22175,266100,0.013921507323781649,0.08439713468154271,0.08990372153265136,1.0,0.97911227154047,0.9778498713502629,0.9934725848563969,0.0003,1.0,3633.317569255829
depth2_bal_AAMM,2,AAMM,22200,266400,0.012598687472442785,0.08468503504991531,0.08905215923275267,1.0,0.9765013054830287,0.9782973486967222,0.9934725848563969,0.0003,1.0,3636.889390230179
depth2_bal_AAMM,2,AAMM,22225,266700,0.01082035650809606,0.07877261936664581,0.08625259048172405,1.0,0.97911227154047,0.9788566953797964,0.9934725848563969,0.0003,1.0,3640.621553182602
depth2_bal_AAMM,2,AAMM,22250,267000,0.009522619075141847,0.07775152722994487,0.08583119000707354,1.0,0.97911227154047,0.9785210873699519,0.9934725848563969,0.0003,1.0,3644.294439792633
depth2_bal_AAMM,2,AAMM,22275,267300,0.007994829638240239,0.07522768030563991,0.08268089443445206,1.0,0.9778067885117493,0.9808703434388634,0.9934725848563969,0.0003,1.0,3647.7965953350067
depth2_bal_AAMM,2,AAMM,22300,267600,0.006694726296700537,0.07254567121466,0.08122564245547567,1.0,0.9804177545691906,0.979080434053026,0.9934725848563969,0.0003,1.0,3651.465129852295
depth2_bal_AAMM,2,AAMM,22325,267900,0.006065628103290995,0.07356802001595497,0.0820087470114231,1.0,0.9778067885117493,0.9794160420628706,0.9934725848563969,0.0003,1.0,3654.7790467739105
depth2_bal_AAMM,2,AAMM,22350,268200,0.008585554741633436,0.09034358461697896,0.09693686291575432,1.0,0.9647519582245431,0.9712495804899877,0.9934725848563969,0.0003,1.0,3658.1708195209503
depth2_bal_AAMM,2,AAMM,22375,268500,0.009176980354823172,0.07616391281286876,0.08430728656905039,1.0,0.9751958224543081,0.9765074393108849,0.9934725848563969,0.0003,1.0,3661.36821436882
depth2_bal_AAMM,2,AAMM,22400,268800,0.008450184327860674,0.07103798662622769,0.07818434312939644,1.0,0.9738903394255874,0.9800872580825596,0.9934725848563969,0.0003,1.0,3664.8119893074036
depth2_bal_AAMM,2,AAMM,22425,269100,0.007262261623206238,0.06929620479544003,0.07487261572054454,1.0,0.9804177545691906,0.981765298131782,0.9934725848563969,0.0003,1.0,3668.5031621456146
depth2_bal_AAMM,2,AAMM,22450,269400,0.00624546711333096,0.06982170045375824,0.07169911882707052,1.0,0.9778067885117493,0.9833314688443897,0.9934725848563969,0.0003,1.0,3671.9904446601868
depth2_bal_AAMM,2,AAMM,22475,269700,0.005358060589060187,0.06723593547940254,0.07148076178772109,1.0,0.9817232375979112,0.98310773017116,0.9934725848563969,0.0003,1.0,3675.321489095688
depth2_bal_AAMM,2,AAMM,22500,270000,0.00446956604719162,0.06625608106454213,0.06818384293998991,1.0,0.97911227154047,0.9826602528247007,0.9934725848563969,0.0003,1.0,3678.599884033203
depth2_bal_AAMM,2,AAMM,22525,270300,0.003760800250650694,0.06430154666304588,0.06774789265223911,1.0,0.97911227154047,0.9832195995077749,0.9934725848563969,0.0003,1.0,3682.27605843544
depth2_bal_AAMM,2,AAMM,22550,270600,0.003215391324677815,0.061096854507923126,0.06344165631702968,1.0,0.9804177545691906,0.9846739008837677,0.9934725848563969,0.0003,1.0,3685.78679728508
depth2_bal_AAMM,2,AAMM,22575,270900,0.002666736332078775,0.06390725200374921,0.05994479124035154,1.0,0.97911227154047,0.985792594249916,0.9934725848563969,0.0003,1.0,3689.347887992859
depth2_bal_AAMM,2,AAMM,22600,271200,0.002329980197828263,0.06192764018972715,0.05900989845395088,1.0,0.9830287206266318,0.9854569862400716,0.9934725848563969,0.0003,1.0,3692.7331285476685
depth2_bal_AAMM,2,AAMM,22625,271500,0.002206177916377783,0.0662812627851963,0.06282981974737985,1.0,0.9804177545691906,0.9838908155274639,0.9934725848563969,0.0003,1.0,3697.8802874088287
depth2_bal_AAMM,2,AAMM,22650,271800,0.0017414239894909163,0.05973084891835848,0.05551260198865618,1.0,0.9817232375979112,0.9861282022597606,0.9934725848563969,0.0003,1.0,3701.3451392650604
depth2_bal_AAMM,2,AAMM,22675,272100,0.026187692613651354,0.12060533960660298,0.11298269480466842,1.0,0.9660574412532638,0.972368273856136,0.9934725848563969,0.0003,1.0,3704.9711577892303
depth2_bal_AAMM,2,AAMM,22700,272400,0.019273835700005293,0.10181700438261032,0.09536577782460622,1.0,0.9751958224543081,0.9778498713502629,0.9934725848563969,0.0003,1.0,3708.8828296661377
depth2_bal_AAMM,2,AAMM,22725,272700,0.01634923981813093,0.09351216008265813,0.0890949866601399,1.0,0.9778067885117493,0.9794160420628706,0.9934725848563969,0.0003,1.0,3712.503490924835
depth2_bal_AAMM,2,AAMM,22750,273000,0.014022864711781343,0.08776872356732686,0.08481616931302206,1.0,0.9738903394255874,0.9800872580825596,0.9934725848563969,0.0003,1.0,3716.0095200538635
depth2_bal_AAMM,2,AAMM,22775,273300,0.011800967156887054,0.07887505367398262,0.07916686705180577,1.0,0.9778067885117493,0.9821009061416266,0.9934725848563969,0.0003,1.0,3719.580094099045
depth2_bal_AAMM,2,AAMM,22800,273600,0.009871694259345531,0.0733553630610307,0.07450392150453158,1.0,0.9830287206266318,0.9832195995077749,0.9934725848563969,0.0003,1.0,3723.176952123642
depth2_bal_AAMM,2,AAMM,22825,273900,0.008383307179125646,0.06380501762032509,0.0664941556751728,1.0,0.9856396866840731,0.9850095088936123,0.9934725848563969,0.0003,1.0,3726.821911096573
depth2_bal_AAMM,2,AAMM,22850,274200,0.007072505075484514,0.05990563084681829,0.06387558622019632,1.0,0.9843342036553525,0.985792594249916,0.9934725848563969,0.0003,1.0,3730.336203098297
depth2_bal_AAMM,2,AAMM,22875,274500,0.005937100271694362,0.05718634774287542,0.061040635353752544,1.0,0.9856396866840731,0.9862400715963754,0.9934725848563969,0.0003,1.0,3734.1104390621185
depth2_bal_AAMM,2,AAMM,22900,274800,0.005083749264789124,0.051870365937550865,0.0591200945100614,1.0,0.9882506527415144,0.9873587649625237,0.9934725848563969,0.0003,1.0,3737.8222188949585
depth2_bal_AAMM,2,AAMM,22925,275100,0.004286454951701065,0.050500420232613884,0.05702750304979937,1.0,0.9869451697127938,0.987246895625909,0.9934725848563969,0.0003,1.0,3741.7636308670044
depth2_bal_AAMM,2,AAMM,22950,275400,0.003613840148318559,0.048682718227307,0.05468251896756036,1.0,0.9869451697127938,0.9881418503188276,0.9934725848563969,0.0003,1.0,3745.0459282398224
depth2_bal_AAMM,2,AAMM,22975,275700,0.003190786150904993,0.045933084562420845,0.0532578275672027,1.0,0.9895561357702349,0.9874706342991386,0.9934725848563969,0.0003,1.0,3748.545748949051
depth2_bal_AAMM,2,AAMM,23000,276000,0.0026323882824120424,0.04547758338352045,0.053034361132553644,1.0,0.9869451697127938,0.9882537196554424,0.9934725848563969,0.0003,1.0,3752.7195806503296
depth2_bal_AAMM,2,AAMM,23025,276300,0.002234887389931828,0.04142415213088194,0.0518640259546893,1.0,0.9882506527415144,0.9882537196554424,0.9934725848563969,0.0003,1.0,3757.56449341774
depth2_bal_AAMM,2,AAMM,23050,276600,0.0018425079567047458,0.040277428925037384,0.04947737013655049,1.0,0.9882506527415144,0.989260543684976,0.9934725848563969,0.0003,1.0,3761.9650197029114
depth2_bal_AAMM,2,AAMM,23075,276900,0.0015929172125955422,0.04309128038585186,0.04933982310550553,1.0,0.9882506527415144,0.989260543684976,0.9934725848563969,0.0003,1.0,3765.9005420207977
depth2_bal_AAMM,2,AAMM,23100,277200,0.0013794611537984263,0.03815232403576374,0.0477337682885783,1.0,0.9895561357702349,0.9900436290412797,0.9934725848563969,0.0003,1.0,3769.8535475730896
depth2_bal_AAMM,2,AAMM,23125,277500,0.030166469359149534,0.1283764193455378,0.12402075848409108,1.0,0.9595300261096605,0.9655442443226312,0.9934725848563969,0.0003,1.0,3773.2111852169037
depth2_bal_AAMM,2,AAMM,23150,277800,0.016310401105632383,0.08843658616145451,0.09532222875526973,1.0,0.9765013054830287,0.9742700525785882,0.9934725848563969,0.0003,1.0,3776.7607505321503
depth2_bal_AAMM,2,AAMM,23175,278100,0.01447154573785762,0.08466101189454396,0.0908267933343138,1.0,0.9751958224543081,0.9768430473207294,0.9934725848563969,0.0003,1.0,3780.160944223404
depth2_bal_AAMM,2,AAMM,23200,278400,0.012402631109580398,0.07650895913441975,0.08620609609144074,1.0,0.9817232375979112,0.9785210873699519,0.9934725848563969,0.0003,1.0,3783.468540906906
depth2_bal_AAMM,2,AAMM,23225,278700,0.010510112702225646,0.07051170120636623,0.08111632508890969,1.0,0.97911227154047,0.9812059514487079,0.9934725848563969,0.0003,1.0,3786.8192217350006
depth2_bal_AAMM,2,AAMM,23250,279000,0.008936577243730426,0.06597783292333285,0.07774869150349072,1.0,0.9830287206266318,0.9816534287951673,0.9934725848563969,0.0003,1.0,3790.4719314575195
depth2_bal_AAMM,2,AAMM,23275,279300,0.007621791718217234,0.06378184010585149,0.07702604670609747,1.0,0.9817232375979112,0.9815415594585524,0.9934725848563969,0.0003,1.0,3794.218870162964
depth2_bal_AAMM,2,AAMM,23300,279600,0.006450995880489548,0.062232385079065956,0.07451774648257664,1.0,0.9817232375979112,0.9816534287951673,0.9934725848563969,0.0003,1.0,3797.8468685150146
depth2_bal_AAMM,2,AAMM,23325,279900,0.0054297679259131355,0.05611007163921992,0.07271075866052083,1.0,0.9830287206266318,0.9819890368050117,0.9934725848563969,0.0003,1.0,3801.3256783485413
depth2_bal_AAMM,2,AAMM,23350,280200,0.004593496676534414,0.05686452488104502,0.07040640669209616,1.0,0.9817232375979112,0.9825483834880859,0.9934725848563969,0.0003,1.0,3804.5384545326233
depth2_bal_AAMM,2,AAMM,23375,280500,0.003971890623991688,0.055102039128541946,0.07166870427983148,1.0,0.9817232375979112,0.9827721221613156,0.9934725848563969,0.0003,1.0,3808.185858488083
depth2_bal_AAMM,2,AAMM,23400,280800,0.0032656611292622983,0.05155097941557566,0.06775239860372884,1.0,0.9843342036553525,0.9826602528247007,0.9934725848563969,0.0003,1.0,3811.7496671676636
depth2_bal_AAMM,2,AAMM,23425,281100,0.002960025992554923,0.05123588815331459,0.06968821159430913,1.0,0.9817232375979112,0.981765298131782,0.9934725848563969,0.0003,1.0,3815.489008665085
depth2_bal_AAMM,2,AAMM,23450,281400,0.0023579217765169838,0.05039054031173388,0.06712401551859719,1.0,0.9804177545691906,0.9823246448148563,0.9934725848563969,0.0003,1.0,3819.125272512436
depth2_bal_AAMM,2,AAMM,23475,281700,0.018297053097436827,0.07895050197839737,0.09063775198800224,1.0,0.9882506527415144,0.9801991274191744,0.9934725848563969,0.0003,1.0,3822.76264667511
depth2_bal_AAMM,2,AAMM,23500,282000,0.014759288402274251,0.06895772740244865,0.08249795607158115,1.0,0.9895561357702349,0.9833314688443897,0.9934725848563969,0.0003,1.0,3826.2547442913055
depth2_bal_AAMM,2,AAMM,23525,282300,0.013003066958238682,0.06619183098276456,0.08014569931796618,1.0,0.9869451697127938,0.9828839914979304,0.9934725848563969,0.0003,1.0,3829.8366458415985
depth2_bal_AAMM,2,AAMM,23550,282600,0.011284543123717109,0.061165993412335716,0.07851756417325564,1.0,0.9869451697127938,0.9834433381810046,0.9934725848563969,0.0003,1.0,3833.244646549225
depth2_bal_AAMM,2,AAMM,23575,282900,0.009543470107018948,0.058511303116877876,0.07529945213879857,1.0,0.9843342036553525,0.9838908155274639,0.9934725848563969,0.0003,1.0,3836.870019674301
depth2_bal_AAMM,2,AAMM,23600,283200,0.008197304288235804,0.054821001986662544,0.07335960109319006,1.0,0.9895561357702349,0.983778946190849,0.9934725848563969,0.0003,1.0,3840.726580619812
depth2_bal_AAMM,2,AAMM,23625,283500,0.007147004323390623,0.05320120354493459,0.07258706976260458,1.0,0.9843342036553525,0.98310773017116,0.9934725848563969,0.0003,1.0,3845.0120639801025
depth2_bal_AAMM,2,AAMM,23650,283800,0.005828950515327354,0.05223542700211207,0.07094911773289952,1.0,0.9843342036553525,0.9834433381810046,0.9934725848563969,0.0003,1.0,3848.466810941696
depth2_bal_AAMM,2,AAMM,23675,284100,0.00713599919496725,0.07494744410117467,0.0827832188989435,1.0,0.9778067885117493,0.977066785993959,0.9934725848563969,0.0003,1.0,3851.7651648521423
depth2_bal_AAMM,2,AAMM,23700,284400,0.009728687582537532,0.07274233177304268,0.08123707015599524,1.0,0.9843342036553525,0.9808703434388634,0.9934725848563969,0.0003,1.0,3855.4407711029053
depth2_bal_AAMM,2,AAMM,23725,284700,0.008636900611842671,0.06771198411782582,0.0788606584072113,1.0,0.9856396866840731,0.9822127754782414,0.9934725848563969,0.0003,1.0,3859.026191711426
depth2_bal_AAMM,2,AAMM,23750,285000,0.007444025172541539,0.06473005687197049,0.0773126061473574,1.0,0.97911227154047,0.9832195995077749,0.9934725848563969,0.0003,1.0,3862.852505683899
depth2_bal_AAMM,2,AAMM,23775,285300,0.006411759881302714,0.0639898454149564,0.07542042349066053,1.0,0.9817232375979112,0.983778946190849,0.9934725848563969,0.0003,1.0,3866.457800388336
depth2_bal_AAMM,2,AAMM,23800,285600,0.005367446263941626,0.06299777080615361,0.07536664456129075,1.0,0.9804177545691906,0.982436514151471,0.9934725848563969,0.0003,1.0,3869.8180990219116
depth2_bal_AAMM,2,AAMM,23825,285900,0.004531096143182367,0.060746707022190094,0.07249903870480401,1.0,0.9804177545691906,0.984450162210538,0.9934725848563969,0.0003,1.0,3873.222421169281
depth2_bal_AAMM,2,AAMM,23850,286200,0.003878138571356734,0.057479288429021835,0.07062772251665592,1.0,0.9817232375979112,0.9840026848640787,0.9934725848563969,0.0003,1.0,3876.6398034095764
depth2_bal_AAMM,2,AAMM,23875,286500,0.003263565886300057,0.057572224487861,0.07004889303020069,1.0,0.9804177545691906,0.9827721221613156,0.9934725848563969,0.0003,1.0,3880.034371137619
depth2_bal_AAMM,2,AAMM,23900,286800,0.0029316804138943553,0.05562711382905642,0.0700486100677933,1.0,0.9778067885117493,0.9823246448148563,0.9934725848563969,0.0003,1.0,3883.605773448944
depth2_bal_AAMM,2,AAMM,23925,287100,0.0025885525780419507,0.05593391259511312,0.07085842868047101,1.0,0.9804177545691906,0.9825483834880859,0.9934725848563969,0.0003,1.0,3887.0071153640747
depth2_bal_AAMM,2,AAMM,23950,287400,0.9733772426843643,0.7845677137374878,0.7726277555738177,0.6919060052219321,0.7402088772845953,0.7462803445575568,0.9934725848563969,0.0003,1.0,3890.705519914627
depth2_bal_AAMM,2,AAMM,23975,287700,0.020552017105122406,0.09690788388252258,0.10300084065113749,1.0,0.9817232375979112,0.9752768766081217,0.9934725848563969,0.0003,1.0,3894.1296343803406
depth2_bal_AAMM,2,AAMM,24000,288000,0.017548840027302504,0.08700996388991673,0.09592839277216367,1.0,0.9804177545691906,0.977066785993959,0.9934725848563969,0.0003,1.0,3898.840538740158
depth2_bal_AAMM,2,AAMM,24025,288300,0.01533350138925016,0.08177786568800609,0.09402959666081838,1.0,0.9778067885117493,0.9778498713502629,0.9934725848563969,0.0003,1.0,3903.3627355098724
depth2_bal_AAMM,2,AAMM,24050,288600,0.013000803223500649,0.0756813995540142,0.09033130598919732,1.0,0.9765013054830287,0.978409218033337,0.9934725848563969,0.0003,1.0,3906.700611114502
depth2_bal_AAMM,2,AAMM,24075,288900,0.011120589605222145,0.07056004926562309,0.08616778488670077,1.0,0.9778067885117493,0.9793041727262557,0.9934725848563969,0.0003,1.0,3910.190910100937
depth2_bal_AAMM,2,AAMM,24100,289200,0.00933483576712509,0.06664206087589264,0.08287586399487086,1.0,0.9765013054830287,0.9788566953797964,0.9934725848563969,0.0003,1.0,3913.35315823555
depth2_bal_AAMM,2,AAMM,24125,289500,0.007921461792041859,0.06226034710804621,0.08069959634116718,1.0,0.9804177545691906,0.9796397807361003,0.9934725848563969,0.0003,1.0,3916.711432695389
depth2_bal_AAMM,2,AAMM,24150,289800,0.006733810955968996,0.057749900966882706,0.07803203303899084,1.0,0.9856396866840731,0.9796397807361003,0.9934725848563969,0.0003,1.0,3919.9498767852783
depth2_bal_AAMM,2,AAMM,24175,290100,0.005711707635782659,0.05498029664158821,0.07556990874665125,1.0,0.9817232375979112,0.9801991274191744,0.9934725848563969,0.0003,1.0,3923.9643523693085
depth2_bal_AAMM,2,AAMM,24200,290400,0.004814513764965038,0.052217643707990646,0.07281605101057462,1.0,0.9830287206266318,0.9808703434388634,0.9934725848563969,0.0003,1.0,3927.545996904373
depth2_bal_AAMM,2,AAMM,24225,290700,0.004083867204220344,0.048217177391052246,0.07230669632554054,1.0,0.9856396866840731,0.9805347354290189,0.9934725848563969,0.0003,1.0,3930.9847872257233
depth2_bal_AAMM,2,AAMM,24250,291000,0.003517989166236172,0.04811596063276132,0.06999062299728394,1.0,0.9830287206266318,0.981094082112093,0.9934725848563969,0.0003,1.0,3934.540951013565
depth2_bal_AAMM,2,AAMM,24275,291300,0.002909681100087861,0.04782522904376189,0.07185399356697286,1.0,0.9856396866840731,0.980422866092404,0.9934725848563969,0.0003,1.0,3938.088717699051
depth2_bal_AAMM,2,AAMM,24300,291600,0.011581456055864692,0.09305913622180621,0.08974671097738403,1.0,0.9751958224543081,0.9746056605884327,0.9934725848563969,0.0003,1.0,3941.9257714748383
depth2_bal_AAMM,2,AAMM,24325,291900,0.011015077431996664,0.09059332683682442,0.08551368032182965,1.0,0.9765013054830287,0.9779617406868777,0.9934725848563969,0.0003,1.0,3945.2370114326477
depth2_bal_AAMM,2,AAMM,24350,292200,0.009700254226724306,0.08622327695290248,0.08018995693751745,1.0,0.9765013054830287,0.9788566953797964,0.9934725848563969,0.0003,1.0,3949.5858108997345
depth2_bal_AAMM,2,AAMM,24375,292500,0.00838563385574768,0.08168892686565717,0.07728013832654272,1.0,0.9751958224543081,0.9807584741022486,0.9934725848563969,0.0003,1.0,3953.269875049591
depth2_bal_AAMM,2,AAMM,24400,292800,0.007190619207297762,0.08063725630442302,0.075695574177163,1.0,0.9765013054830287,0.9801991274191744,0.9934725848563969,0.0003,1.0,3957.0719785690308
depth2_bal_AAMM,2,AAMM,24425,293100,0.00604508223477751,0.07836424311002095,0.07301650206957544,1.0,0.9765013054830287,0.981094082112093,0.9934725848563969,0.0003,1.0,3960.458787202835
depth2_bal_AAMM,2,AAMM,24450,293400,0.005074427463114262,0.07725267981489499,0.07191077662365777,1.0,0.9725848563968669,0.981765298131782,0.9934725848563969,0.0003,1.0,3964.0867948532104
depth2_bal_AAMM,2,AAMM,24475,293700,0.004374162662619104,0.07578419024745624,0.07146982720920018,1.0,0.9738903394255874,0.980422866092404,0.9934725848563969,0.0003,1.0,3967.9839940071106
depth2_bal_AAMM,2,AAMM,24500,294000,0.003937603110292305,0.08144951611757278,0.07167423484580858,1.0,0.9751958224543081,0.9794160420628706,0.9934725848563969,0.0003,1.0,3971.6592638492584
depth2_bal_AAMM,2,AAMM,24525,294300,0.003258616450087478,0.07545750836531322,0.06897368196930204,1.0,0.9751958224543081,0.9805347354290189,0.9934725848563969,0.0003,1.0,3975.5248765945435
depth2_bal_AAMM,2,AAMM,24550,294600,0.0027165976352989674,0.07661838829517365,0.06967761772019522,1.0,0.9725848563968669,0.9787448260431816,0.9934725848563969,0.0003,1.0,3979.595191001892
depth2_bal_AAMM,2,AAMM,24575,294900,0.0026221598770158985,0.0734389213224252,0.07135006854576724,1.0,0.9712793733681462,0.980422866092404,0.9934725848563969,0.0003,1.0,3983.342503786087
depth2_bal_AAMM,2,AAMM,24600,295200,0.01898388083403309,0.08709583679835002,0.09555816182068416,1.0,0.9817232375979112,0.9767311779841146,0.9934725848563969,0.0003,1.0,3987.4368941783905
depth2_bal_AAMM,2,AAMM,24625,295500,0.015820402652025223,0.07955039168397586,0.08722276868564742,1.0,0.9804177545691906,0.9798635194093299,0.9934725848563969,0.0003,1.0,3991.126373529434
depth2_bal_AAMM,2,AAMM,24650,295800,0.01371828877987961,0.07435218493143718,0.08201848492026328,1.0,0.9817232375979112,0.9812059514487079,0.9934725848563969,0.0003,1.0,3994.7529714107513
depth2_bal_AAMM,2,AAMM,24675,296100,0.011853935585046807,0.07330995177229245,0.08110845099602426,1.0,0.9843342036553525,0.9812059514487079,0.9934725848563969,0.0003,1.0,3998.5708301067352
depth2_bal_AAMM,2,AAMM,24700,296400,0.01012214731114606,0.06943526491522789,0.07960331950868879,1.0,0.9817232375979112,0.9806466047656337,0.9934725848563969,0.0003,1.0,4002.361222267151
depth2_bal_AAMM,2,AAMM,24725,296700,0.008596097390788296,0.06606091807285945,0.07985707574657032,1.0,0.9830287206266318,0.9799753887459447,0.9934725848563969,0.0003,1.0,4005.8181953430176
depth2_bal_AAMM,2,AAMM,24750,297000,0.007436995627358556,0.06459222361445427,0.07652691836868014,1.0,0.97911227154047,0.9814296901219376,0.9934725848563969,0.0003,1.0,4009.354785680771
depth2_bal_AAMM,2,AAMM,24775,297300,0.006173516778896253,0.06326387325922649,0.07570255835141454,1.0,0.9830287206266318,0.9806466047656337,0.9934725848563969,0.0003,1.0,4012.994507074356
depth2_bal_AAMM,2,AAMM,24800,297600,0.005315124988555908,0.05912940204143524,0.07379548751882144,1.0,0.9856396866840731,0.9815415594585524,0.9934725848563969,0.0003,1.0,4016.282970428467
depth2_bal_AAMM,2,AAMM,24825,297900,0.0046492825883130235,0.06099850063522657,0.07373047854219164,1.0,0.9817232375979112,0.9798635194093299,0.9934725848563969,0.0003,1.0,4019.4585683345795
depth2_bal_AAMM,2,AAMM,24850,298200,0.0038300604792311788,0.05639062697688738,0.07347643513764654,1.0,0.9843342036553525,0.9793041727262557,0.9934725848563969,0.0003,1.0,4023.023556470871
depth2_bal_AAMM,2,AAMM,24875,298500,0.0032064131034227708,0.05598883951703707,0.07109451405704022,1.0,0.9843342036553525,0.9805347354290189,0.9934725848563969,0.0003,1.0,4026.6849257946014
depth2_bal_AAMM,2,AAMM,24900,298800,0.0033400499378331006,0.05858256916205088,0.07391015530696937,1.0,0.9830287206266318,0.9794160420628706,0.9934725848563969,0.0003,1.0,4029.9395241737366
depth2_bal_AAMM,2,AAMM,24925,299100,0.012363417850186428,0.08431506032745044,0.0880389321063246,1.0,0.9778067885117493,0.9776261326770332,0.9934725848563969,0.0003,1.0,4033.302442073822
depth2_bal_AAMM,2,AAMM,24950,299400,0.012047369731590152,0.08408959954977036,0.08613651043602398,1.0,0.97911227154047,0.979080434053026,0.9934725848563969,0.0003,1.0,4036.6896510124207
depth2_bal_AAMM,2,AAMM,24975,299700,0.010456581988061467,0.08012094224492709,0.08331154904195241,1.0,0.9751958224543081,0.9793041727262557,0.9934725848563969,0.0003,1.0,4040.2791435718536
depth2_bal_AAMM,2,AAMM,25000,300000,0.008929258212447166,0.07864649221301079,0.08240192883781024,1.0,0.9765013054830287,0.9809822127754783,0.9934725848563969,0.0003,1.0,4043.8103761672974
depth2_bal_AAMM,2,AAMM,25025,300300,0.007641429314389825,0.07536271338661511,0.08044594717877251,1.0,0.9765013054830287,0.9809822127754783,0.9934725848563969,0.0003,1.0,4048.2449536323547
depth2_bal_AAMM,2,AAMM,25050,300600,0.006516351015307009,0.07539600133895874,0.08216925795589175,1.0,0.9765013054830287,0.9780736100234926,0.9934725848563969,0.0003,1.0,4051.4697649478912
depth2_bal_AAMM,2,AAMM,25075,300900,0.00547666890391459,0.0732949289182822,0.0794960512646607,1.0,0.9765013054830287,0.9807584741022486,0.9934725848563969,0.0003,1.0,4054.9938452243805
depth2_bal_AAMM,2,AAMM,25100,301200,0.004560592817142606,0.07191458841164906,0.08055331025804792,1.0,0.9738903394255874,0.978409218033337,0.9934725848563969,0.0003,1.0,4058.1203088760376
depth2_bal_AAMM,2,AAMM,25125,301500,0.0038873502247345946,0.07062321404616038,0.0784550788147109,1.0,0.9778067885117493,0.9789685647164112,0.9934725848563969,0.0003,1.0,4061.355319261551
depth2_bal_AAMM,2,AAMM,25150,301800,0.0031823309448858104,0.0710121678809325,0.0764807539326804,1.0,0.9765013054830287,0.9794160420628706,0.9934725848563969,0.0003,1.0,4065.10067987442
depth2_bal_AAMM,2,AAMM,25175,302100,0.0027347734624830386,0.0738883192340533,0.0798142671585083,1.0,0.9738903394255874,0.9779617406868777,0.9934725848563969,0.0003,1.0,4068.785876750946
depth2_bal_AAMM,2,AAMM,25200,302400,0.0033793223168080053,0.08142804975310962,0.08816951172692435,1.0,0.9751958224543081,0.9746056605884327,0.9934725848563969,0.0003,1.0,4072.361269235611
depth2_bal_AAMM,2,AAMM,25225,302700,0.01947033777832985,0.09165581315755844,0.09701426923274994,1.0,0.9843342036553525,0.9761718313010403,0.9934725848563969,0.0003,1.0,4076.1656908988953
depth2_bal_AAMM,2,AAMM,25250,303000,0.016179311477268737,0.07847786694765091,0.08679865183574813,1.0,0.9817232375979112,0.980422866092404,0.9934725848563969,0.0003,1.0,4079.9425768852234
depth2_bal_AAMM,2,AAMM,25275,303300,0.013893823139369488,0.07170992841323216,0.08170212092144148,1.0,0.9817232375979112,0.9815415594585524,0.9934725848563969,0.0003,1.0,4083.553393602371
depth2_bal_AAMM,2,AAMM,25300,303600,0.011822099176545938,0.06843141218026479,0.07981893068977765,1.0,0.9856396866840731,0.9815415594585524,0.9934725848563969,0.0003,1.0,4087.3075194358826
depth2_bal_AAMM,2,AAMM,25325,303900,0.010272562348594269,0.06669262175758679,0.07761534207633564,1.0,0.9830287206266318,0.9826602528247007,0.9934725848563969,0.0003,1.0,4090.904439687729
depth2_bal_AAMM,2,AAMM,25350,304200,0.008594119106419384,0.06632790466149648,0.07707031560795648,1.0,0.9804177545691906,0.9809822127754783,0.9934725848563969,0.0003,1.0,4094.7445878982544
depth2_bal_AAMM,2,AAMM,25375,304500,0.007186004620355864,0.058131432781616844,0.07180392497352191,1.0,0.9856396866840731,0.9828839914979304,0.9934725848563969,0.0003,1.0,4099.076892852783
depth2_bal_AAMM,2,AAMM,25400,304800,0.006253310324003299,0.0574046845237414,0.0720160034086023,1.0,0.9817232375979112,0.9807584741022486,0.9934725848563969,0.0003,1.0,4102.783883810043
depth2_bal_AAMM,2,AAMM,25425,305100,0.0055160404881462455,0.05962203318874041,0.07294263770537716,1.0,0.9830287206266318,0.9805347354290189,0.9934725848563969,0.0003,1.0,4107.067958831787
depth2_bal_AAMM,2,AAMM,25450,305400,0.004355112828003864,0.056829627603292465,0.06981514362352235,1.0,0.97911227154047,0.9814296901219376,0.9934725848563969,0.0003,1.0,4110.648074388504
depth2_bal_AAMM,2,AAMM,25475,305700,0.0038329867723708353,0.053383837143580117,0.06949672693652766,1.0,0.9843342036553525,0.9809822127754783,0.9934725848563969,0.0003,1.0,4113.996635198593
depth2_bal_AAMM,2,AAMM,25500,306000,0.003307221399154514,0.04890350749095281,0.06731760916965349,1.0,0.9869451697127938,0.9815415594585524,0.9934725848563969,0.0003,1.0,4117.704469203949
depth2_bal_AAMM,2,AAMM,25525,306300,0.013895826259007057,0.09018528958161671,0.09258816880839212,1.0,0.9699738903394256,0.9755006152813513,0.9934725848563969,0.0003,1.0,4121.407220363617
depth2_bal_AAMM,2,AAMM,25550,306600,0.01441426551900804,0.09024626761674881,0.09326815232634544,1.0,0.9738903394255874,0.977738002013648,0.9934725848563969,0.0003,1.0,4124.9809374809265
depth2_bal_AAMM,2,AAMM,25575,306900,0.012916707433760166,0.08946931858857472,0.09183970838785172,1.0,0.9765013054830287,0.977738002013648,0.9934725848563969,0.0003,1.0,4128.416480302811
depth2_bal_AAMM,2,AAMM,25600,307200,0.010860680292050043,0.0882395679752032,0.08789874836802483,1.0,0.9725848563968669,0.9796397807361003,0.9934725848563969,0.0003,1.0,4131.67555475235
depth2_bal_AAMM,2,AAMM,25625,307500,0.009089230870207151,0.0836519921819369,0.08355563964162555,1.0,0.9738903394255874,0.9813178207853227,0.9934725848563969,0.0003,1.0,4135.12991309166
depth2_bal_AAMM,2,AAMM,25650,307800,0.007811903487890959,0.07957383990287781,0.07935714934553419,1.0,0.9738903394255874,0.9814296901219376,0.9934725848563969,0.0003,1.0,4138.58681344986
depth2_bal_AAMM,2,AAMM,25675,308100,0.006385879513497154,0.07782621930042903,0.0756497748196125,1.0,0.9751958224543081,0.9813178207853227,0.9934725848563969,0.0003,1.0,4142.10494017601
depth2_bal_AAMM,2,AAMM,25700,308400,0.005429938202723861,0.07194144775470097,0.07299005623374666,1.0,0.9738903394255874,0.98310773017116,0.9934725848563969,0.0003,1.0,4146.199431180954
depth2_bal_AAMM,2,AAMM,25725,308700,0.0045853108167648315,0.0743193191786607,0.07207940827522959,1.0,0.9765013054830287,0.9833314688443897,0.9934725848563969,0.0003,1.0,4149.736329317093
depth2_bal_AAMM,2,AAMM,25750,309000,0.003864279695941756,0.07147588953375816,0.07073124146887234,1.0,0.9765013054830287,0.9836670768542343,0.9934725848563969,0.0003,1.0,4153.166330575943
depth2_bal_AAMM,2,AAMM,25775,309300,0.0033433640104097626,0.07139967133601506,0.06990202165075711,1.0,0.9778067885117493,0.9842264235373084,0.9934725848563969,0.0003,1.0,4156.660949230194
depth2_bal_AAMM,2,AAMM,25800,309600,1.0951182891925175,1.013514240582784,0.9040828125817435,0.6840731070496083,0.695822454308094,0.7202147891263004,0.9934725848563969,0.0003,1.0,4160.127091169357
depth2_bal_AAMM,2,AAMM,25825,309900,0.016425127862021327,0.08059421181678772,0.08657613386000906,1.0,0.9830287206266318,0.9806466047656337,0.9934725848563969,0.0003,1.0,4163.495307922363
depth2_bal_AAMM,2,AAMM,25850,310200,0.014441141237815222,0.0783137617011865,0.08171761525528771,1.0,0.97911227154047,0.9818771674683969,0.9934725848563969,0.0003,1.0,4166.821963071823
depth2_bal_AAMM,2,AAMM,25875,310500,0.012510355251530806,0.07311580081780751,0.07859826481768063,1.0,0.9830287206266318,0.9834433381810046,0.9934725848563969,0.0003,1.0,4170.3913378715515
depth2_bal_AAMM,2,AAMM,25900,310800,0.01072220077427725,0.06858670711517334,0.07658422993762153,1.0,0.9817232375979112,0.9842264235373084,0.9934725848563969,0.0003,1.0,4173.956376314163
depth2_bal_AAMM,2,AAMM,25925,311100,0.009201507084071636,0.06397438546021779,0.07418917885848454,1.0,0.9804177545691906,0.9847857702203826,0.9934725848563969,0.0003,1.0,4177.551330804825
depth2_bal_AAMM,2,AAMM,25950,311400,0.007847482998234531,0.05870907877882322,0.07006947323679924,1.0,0.9843342036553525,0.985792594249916,0.9934725848563969,0.0003,1.0,4180.7790014743805
depth2_bal_AAMM,2,AAMM,25975,311700,0.006666894303634763,0.056747366984685264,0.06949606207864625,1.0,0.9817232375979112,0.9854569862400716,0.9934725848563969,0.0003,1.0,4184.511290073395
depth2_bal_AAMM,2,AAMM,26000,312000,0.0057171355389679475,0.05470471208294233,0.06809359826147557,1.0,0.9817232375979112,0.9850095088936123,0.9934725848563969,0.0003,1.0,4187.8637619018555
depth2_bal_AAMM,2,AAMM,26025,312300,0.004734470625407994,0.04933634772896767,0.06523952132889203,1.0,0.9869451697127938,0.985792594249916,0.9934725848563969,0.0003,1.0,4192.097176790237
depth2_bal_AAMM,2,AAMM,26050,312600,0.0040694452861013515,0.046899473294615746,0.06317351231617586,1.0,0.9856396866840731,0.9862400715963754,0.9934725848563969,0.0003,1.0,4195.53698348999
depth2_bal_AAMM,2,AAMM,26075,312900,0.0034586849117962024,0.04630245392521223,0.06390252842434815,1.0,0.9869451697127938,0.9859044635865309,0.9934725848563969,0.0003,1.0,4199.119610309601
depth2_bal_AAMM,2,AAMM,26100,313200,0.0028951658362833164,0.043197123954693474,0.06152983706976686,1.0,0.9895561357702349,0.9862400715963754,0.9934725848563969,0.0003,1.0,4202.848334789276
depth2_bal_AAMM,2,AAMM,26125,313500,0.135777298361063,0.18990172942479452,0.20830220069204058,0.9592036553524804,0.9412532637075718,0.9345564380803222,0.9934725848563969,0.0003,1.0,4206.5080943107605
depth2_bal_AAMM,2,AAMM,26150,313800,0.010961274849250913,0.07139779254794121,0.08921650584254946,1.0,0.9765013054830287,0.9751650072715069,0.9934725848563969,0.0003,1.0,4210.028826951981
depth2_bal_AAMM,2,AAMM,26175,314100,0.010146987546856204,0.07032207896312077,0.08860743631209646,1.0,0.9778067885117493,0.9761718313010403,0.9934725848563969,0.0003,1.0,4213.528399467468
depth2_bal_AAMM,2,AAMM,26200,314400,0.008765625612189373,0.0670486403008302,0.08303487566964966,1.0,0.9804177545691906,0.9791923033896409,0.9934725848563969,0.0003,1.0,4217.091491937637
depth2_bal_AAMM,2,AAMM,26225,314700,0.007533433148637414,0.06778666004538536,0.0794293296124254,1.0,0.97911227154047,0.9795279113994854,0.9934725848563969,0.0003,1.0,4220.337473869324
depth2_bal_AAMM,2,AAMM,26250,315000,0.006270408475150664,0.06664799898862839,0.07620869619505746,1.0,0.9778067885117493,0.9805347354290189,0.9934725848563969,0.0003,1.0,4223.551834344864
depth2_bal_AAMM,2,AAMM,26275,315300,0.005344456488577028,0.06500414138038953,0.07224752636892455,1.0,0.9778067885117493,0.9816534287951673,0.9934725848563969,0.0003,1.0,4227.434780359268
depth2_bal_AAMM,2,AAMM,26300,315600,0.004613624691652755,0.06755928074320157,0.0715047073151384,1.0,0.9765013054830287,0.9815415594585524,0.9934725848563969,0.0003,1.0,4230.835919141769
depth2_bal_AAMM,2,AAMM,26325,315900,0.003910662858591725,0.06366317967573802,0.06899248100817204,1.0,0.9778067885117493,0.9825483834880859,0.9934725848563969,0.0003,1.0,4234.016890048981
depth2_bal_AAMM,2,AAMM,26350,316200,0.0033600483244905868,0.05826068421204885,0.06694211411689009,1.0,0.9817232375979112,0.9827721221613156,0.9934725848563969,0.0003,1.0,4237.303031921387
depth2_bal_AAMM,2,AAMM,26375,316500,0.002869890129659325,0.058926052103439965,0.06625899864094598,1.0,0.97911227154047,0.9819890368050117,0.9934725848563969,0.0003,1.0,4240.942030668259
depth2_bal_AAMM,2,AAMM,26400,316800,0.002448545264390608,0.06191595767935117,0.0665806340851954,1.0,0.9765013054830287,0.9823246448148563,0.9934725848563969,0.0003,1.0,4244.281678199768
depth2_bal_AAMM,2,AAMM,26425,317100,0.024268764226386946,0.08787048608064651,0.1093615825687136,1.0,0.97911227154047,0.9714733191632173,0.9934725848563969,0.0003,1.0,4247.565850734711
depth2_bal_AAMM,2,AAMM,26450,317400,0.016318007760370772,0.07483891025185585,0.09081373778837068,1.0,0.9830287206266318,0.9759480926278107,0.9934725848563969,0.0003,1.0,4250.763897895813
depth2_bal_AAMM,2,AAMM,26475,317700,0.014353714728107056,0.07532462974389394,0.08594579664724214,1.0,0.97911227154047,0.977738002013648,0.9934725848563969,0.0003,1.0,4254.35181927681
depth2_bal_AAMM,2,AAMM,26500,318000,0.012557120683292547,0.07476916039983432,0.08431095193539347,1.0,0.9817232375979112,0.9779617406868777,0.9934725848563969,0.0003,1.0,4257.7506449222565
depth2_bal_AAMM,2,AAMM,26525,318300,0.010629877215251327,0.07013670355081558,0.08140941389969417,1.0,0.9856396866840731,0.9786329567065667,0.9934725848563969,0.0003,1.0,4261.277565002441
depth2_bal_AAMM,2,AAMM,26550,318600,0.009104846549841264,0.06878089532256126,0.0782360590994358,1.0,0.9817232375979112,0.9799753887459447,0.9934725848563969,0.0003,1.0,4264.642644166946
depth2_bal_AAMM,2,AAMM,26575,318900,0.007672383061920603,0.0659365567068259,0.07703292795589992,1.0,0.9830287206266318,0.9788566953797964,0.9934725848563969,0.0003,1.0,4269.183180093765
depth2_bal_AAMM,2,AAMM,26600,319200,0.006735358464842041,0.06413934876521428,0.07624703432832446,1.0,0.9830287206266318,0.9799753887459447,0.9934725848563969,0.0003,1.0,4272.79994058609
depth2_bal_AAMM,2,AAMM,26625,319500,0.005573660562125345,0.06126465772589048,0.07604080513119697,1.0,0.9830287206266318,0.9786329567065667,0.9934725848563969,0.0003,1.0,4276.40908408165
depth2_bal_AAMM,2,AAMM,26650,319800,0.004577947353633742,0.05888476719458898,0.07232542506286076,1.0,0.9856396866840731,0.9800872580825596,0.9934725848563969,0.0003,1.0,4279.903965473175
depth2_bal_AAMM,2,AAMM,26675,320100,0.009147795576912662,0.07848407824834187,0.08441163450479508,1.0,0.9817232375979112,0.9766193086474997,0.9934725848563969,0.0003,1.0,4283.349033355713
depth2_bal_AAMM,2,AAMM,26700,320400,0.010911024020363888,0.07929480696717899,0.08311303140861648,1.0,0.9817232375979112,0.9791923033896409,0.9934725848563969,0.0003,1.0,4286.997601747513
depth2_bal_AAMM,2,AAMM,26725,320700,0.010024954409648975,0.07873037209113438,0.08323086681110518,1.0,0.9817232375979112,0.979751650072715,0.9934725848563969,0.0003,1.0,4290.57426071167
depth2_bal_AAMM,2,AAMM,26750,321000,0.008533957491939267,0.07588787501056989,0.08217246883681842,1.0,0.97911227154047,0.9799753887459447,0.9934725848563969,0.0003,1.0,4294.307255744934
depth2_bal_AAMM,2,AAMM,26775,321300,0.007302595884539187,0.07301475356022517,0.08109317730580057,1.0,0.9804177545691906,0.9800872580825596,0.9934725848563969,0.0003,1.0,4297.735097646713
depth2_bal_AAMM,2,AAMM,26800,321600,0.006202170353693266,0.07039703180392583,0.07831834565315927,1.0,0.9804177545691906,0.9796397807361003,0.9934725848563969,0.0003,1.0,4300.959135293961
depth2_bal_AAMM,2,AAMM,26825,321900,0.005251423028918604,0.06720076128840446,0.07507933835898127,1.0,0.97911227154047,0.9799753887459447,0.9934725848563969,0.0003,1.0,4304.2215366363525
depth2_bal_AAMM,2,AAMM,26850,322200,0.00447933713439852,0.0681946873664856,0.07572725649390902,1.0,0.97911227154047,0.9796397807361003,0.9934725848563969,0.0003,1.0,4307.943013429642
depth2_bal_AAMM,2,AAMM,26875,322500,0.003939688516159852,0.06497310971220334,0.0748979240655899,1.0,0.9817232375979112,0.9787448260431816,0.9934725848563969,0.0003,1.0,4311.222985029221
depth2_bal_AAMM,2,AAMM,26900,322800,0.0034285913376758495,0.06464769877493382,0.07675999988402639,1.0,0.9843342036553525,0.9782973486967222,0.9934725848563969,0.0003,1.0,4314.370322704315
depth2_bal_AAMM,2,AAMM,26925,323100,0.002778357438122233,0.060671541218956314,0.07133836394974163,1.0,0.9830287206266318,0.9803109967557893,0.9934725848563969,0.0003,1.0,4317.96861076355
depth2_bal_AAMM,2,AAMM,26950,323400,0.0023009576640712717,0.06013753265142441,0.07034392383481775,1.0,0.9830287206266318,0.981765298131782,0.9934725848563969,0.0003,1.0,4321.794981956482
depth2_bal_AAMM,2,AAMM,26975,323700,0.002106854556283603,0.051092396179835,0.06785216741263866,1.0,0.9882506527415144,0.9812059514487079,0.9934725848563969,0.0003,1.0,4325.171312332153
depth2_bal_AAMM,2,AAMM,27000,324000,0.043275290789703526,0.1466048757235209,0.1523686768753188,1.0,0.9634464751958225,0.9655442443226312,0.9934725848563969,0.0003,1.0,4328.692866802216
depth2_bal_AAMM,2,AAMM,27025,324300,0.027159912666926782,0.11792579293251038,0.12087170439107077,1.0,0.9725848563968669,0.970354625797069,0.9934725848563969,0.0003,1.0,4332.787271022797
depth2_bal_AAMM,2,AAMM,27050,324600,0.02154017658904195,0.10438884298006694,0.10550782999822071,1.0,0.9765013054830287,0.9731513592124399,0.9934725848563969,0.0003,1.0,4336.519613027573
depth2_bal_AAMM,2,AAMM,27075,324900,0.018009587268655498,0.09559369583924611,0.09789619020053318,1.0,0.9817232375979112,0.9768430473207294,0.9934725848563969,0.0003,1.0,4340.493901491165
depth2_bal_AAMM,2,AAMM,27100,325200,0.015123597734297315,0.08880046258370082,0.09295236106429781,1.0,0.9830287206266318,0.9772905246671887,0.9934725848563969,0.0003,1.0,4344.465660333633
depth2_bal_AAMM,2,AAMM,27125,325500,0.012594374207158884,0.08235295861959457,0.08606861680746078,1.0,0.9843342036553525,0.9787448260431816,0.9934725848563969,0.0003,1.0,4348.069657325745
depth2_bal_AAMM,2,AAMM,27150,325800,0.010592173474530378,0.07440388451019923,0.0797487946493285,1.0,0.9843342036553525,0.9808703434388634,0.9934725848563969,0.0003,1.0,4351.3584768772125
depth2_bal_AAMM,2,AAMM,27175,326100,0.00887313582158337,0.06905105461676915,0.07469905998025622,1.0,0.9856396866840731,0.982436514151471,0.9934725848563969,0.0003,1.0,4354.579585075378
depth2_bal_AAMM,2,AAMM,27200,326400,0.007458159506010513,0.06700906654198964,0.07389152305466788,1.0,0.9804177545691906,0.9825483834880859,0.9934725848563969,0.0003,1.0,4357.868759870529
depth2_bal_AAMM,2,AAMM,27225,326700,0.0064741683114940924,0.06370614344875018,0.06923259432826723,1.0,0.9856396866840731,0.9845620315471529,0.9934725848563969,0.0003,1.0,4361.314641714096
depth2_bal_AAMM,2,AAMM,27250,327000,0.005360487033613026,0.058721330016851425,0.06697009972163609,1.0,0.9856396866840731,0.9850095088936123,0.9934725848563969,0.0003,1.0,4364.918145895004
depth2_bal_AAMM,2,AAMM,27275,327300,0.004502465599216521,0.05733003467321396,0.06562533783061164,1.0,0.9856396866840731,0.9854569862400716,0.9934725848563969,0.0003,1.0,4368.650117635727
depth2_bal_AAMM,2,AAMM,27300,327600,0.003803072904702276,0.05543787529071172,0.06504527580525193,1.0,0.9869451697127938,0.984450162210538,0.9934725848563969,0.0003,1.0,4372.308428525925
depth2_bal_AAMM,2,AAMM,27325,327900,0.0032449469824011126,0.05322319517532984,0.06262614003249577,1.0,0.9856396866840731,0.985121378230227,0.9934725848563969,0.0003,1.0,4376.003386259079
depth2_bal_AAMM,2,AAMM,27350,328200,0.0027043899754062295,0.05127826767663161,0.06170696467161178,1.0,0.9856396866840731,0.9855688555766864,0.9934725848563969,0.0003,1.0,4380.066843986511
depth2_bal_AAMM,2,AAMM,27375,328500,0.0023383521959961704,0.05251058749854565,0.06067899556032249,1.0,0.9843342036553525,0.9853451169034567,0.9934725848563969,0.0003,1.0,4383.4759912490845
depth2_bal_AAMM,2,AAMM,27400,328800,0.001959389812933902,0.050935509925087295,0.06124640852212906,1.0,0.9856396866840731,0.9854569862400716,0.9934725848563969,0.0003,1.0,4387.458567142487
depth2_bal_AAMM,2,AAMM,27425,329100,0.0016865545088270058,0.04911188408732414,0.0585224182211927,1.0,0.9843342036553525,0.9863519409329903,0.9934725848563969,0.0003,1.0,4391.390771389008
depth2_bal_AAMM,2,AAMM,27450,329400,0.0014218782404592882,0.04810751167436441,0.059209629307900156,1.0,0.9869451697127938,0.9863519409329903,0.9934725848563969,0.0003,1.0,4395.323883056641
depth2_bal_AAMM,2,AAMM,27475,329700,0.0012578395738576849,0.046430665999650955,0.058021991992635386,1.0,0.9843342036553525,0.9864638102696051,0.9934725848563969,0.0003,1.0,4399.025708913803
depth2_bal_AAMM,2,AAMM,27500,330000,0.0010149882291443646,0.04720934169987837,0.057400750847799435,1.0,0.9843342036553525,0.9855688555766864,0.9934725848563969,0.0003,1.0,4403.977980852127
depth2_bal_AAMM,2,AAMM,27525,330300,0.0008723397040739655,0.04613069755335649,0.05781574281198638,1.0,0.9882506527415144,0.9860163329231457,0.9934725848563969,0.0003,1.0,4408.274663209915
depth2_bal_AAMM,2,AAMM,27550,330600,0.017029613023623824,0.10689471413691838,0.11323667615652085,1.0,0.9647519582245431,0.9681172390647723,0.9934725848563969,0.0003,1.0,4412.356248855591
depth2_bal_AAMM,2,AAMM,27575,330900,0.015036054576436678,0.1042736346522967,0.1076726706964629,1.0,0.9660574412532638,0.9712495804899877,0.9934725848563969,0.0003,1.0,4416.204374074936
depth2_bal_AAMM,2,AAMM,27600,331200,0.013530330887685219,0.10478941972057025,0.10569634309836796,1.0,0.9647519582245431,0.970354625797069,0.9934725848563969,0.0003,1.0,4419.960005521774
depth2_bal_AAMM,2,AAMM,27625,331500,0.011600445800771316,0.10497876753409703,0.1040553222809519,1.0,0.9634464751958225,0.9712495804899877,0.9934725848563969,0.0003,1.0,4423.831205606461
depth2_bal_AAMM,2,AAMM,27650,331800,0.009747868947063884,0.10204372555017471,0.10126389009611947,1.0,0.9634464751958225,0.9704664951336839,0.9934725848563969,0.0003,1.0,4427.758273124695
depth2_bal_AAMM,2,AAMM,27675,332100,0.008154662675224245,0.10297907143831253,0.0995710551738739,1.0,0.9660574412532638,0.9708021031435283,0.9934725848563969,0.0003,1.0,4431.608201265335
depth2_bal_AAMM,2,AAMM,27700,332400,0.006955902130963902,0.09958541269103686,0.09808204972318241,1.0,0.9660574412532638,0.970354625797069,0.9934725848563969,0.0003,1.0,4435.425541162491
depth2_bal_AAMM,2,AAMM,27725,332700,0.005853061797097325,0.09943330784638722,0.09607243889144489,1.0,0.9647519582245431,0.9729276205392102,0.9934725848563969,0.0003,1.0,4439.303457736969
depth2_bal_AAMM,2,AAMM,27750,333000,0.005086069577373564,0.09704594065745671,0.09476811087557248,1.0,0.9712793733681462,0.973039489875825,0.9934725848563969,0.0003,1.0,4443.439123392105
depth2_bal_AAMM,2,AAMM,27775,333300,0.015828129602596164,0.09133548165361087,0.0965405496103423,1.0,0.9804177545691906,0.9769549166573442,0.9934725848563969,0.0003,1.0,4447.306636333466
depth2_bal_AAMM,2,AAMM,27800,333600,0.01480466367987295,0.08880206197500229,0.09396645043577467,1.0,0.9778067885117493,0.9785210873699519,0.9934725848563969,0.0003,1.0,4451.182631015778
depth2_bal_AAMM,2,AAMM,27825,333900,0.012677165136362115,0.08475560198227565,0.09133322803037507,1.0,0.9778067885117493,0.9789685647164112,0.9934725848563969,0.0003,1.0,4454.979377508163
depth2_bal_AAMM,2,AAMM,27850,334200,0.010902202300106486,0.08051882684230804,0.08833345100283622,1.0,0.9804177545691906,0.9793041727262557,0.9934725848563969,0.0003,1.0,4458.70786523819
depth2_bal_AAMM,2,AAMM,27875,334500,0.009165610264365872,0.07865561420718829,0.08695073457700865,1.0,0.9804177545691906,0.9785210873699519,0.9934725848563969,0.0003,1.0,4462.437232255936
depth2_bal_AAMM,2,AAMM,27900,334800,0.007762481730120878,0.07548268387715022,0.08354219634618078,1.0,0.9765013054830287,0.9796397807361003,0.9934725848563969,0.0003,1.0,4466.12490606308
depth2_bal_AAMM,2,AAMM,27925,335100,0.006670958866986136,0.07015134145816167,0.08104777389339038,1.0,0.9817232375979112,0.979751650072715,0.9934725848563969,0.0003,1.0,4469.844313144684
depth2_bal_AAMM,2,AAMM,27950,335400,0.005572221552332242,0.07067661235729854,0.07959027524505342,1.0,0.9817232375979112,0.9795279113994854,0.9934725848563969,0.0003,1.0,4473.408926963806
depth2_bal_AAMM,2,AAMM,27975,335700,0.004733214795123786,0.07125984008113544,0.07847735062241554,1.0,0.9778067885117493,0.9805347354290189,0.9934725848563969,0.0003,1.0,4477.249436616898
depth2_bal_AAMM,2,AAMM,28000,336000,0.004217284401723494,0.06984136005242665,0.07978030719927379,1.0,0.97911227154047,0.9789685647164112,0.9934725848563969,0.0003,1.0,4481.124962091446
depth2_bal_AAMM,2,AAMM,28025,336300,0.0034182909100006023,0.06881833200653394,0.07633189537695476,1.0,0.9751958224543081,0.9793041727262557,0.9934725848563969,0.0003,1.0,4485.715624809265
depth2_bal_AAMM,2,AAMM,28050,336600,0.08305087266489863,0.6098453104496002,0.5729205548763275,0.9745430809399478,0.8381201044386423,0.8400268486407876,0.9934725848563969,0.0003,1.0,4489.510627508163
depth2_bal_AAMM,2,AAMM,28075,336900,0.014104685746133327,0.0830429916580518,0.09255047536322049,1.0,0.9751958224543081,0.9771786553305739,0.9934725848563969,0.0003,1.0,4493.449693918228
depth2_bal_AAMM,2,AAMM,28100,337200,0.012758843057478467,0.07970300565163295,0.09050914826137679,1.0,0.9817232375979112,0.9772905246671887,0.9934725848563969,0.0003,1.0,4497.27982544899
depth2_bal_AAMM,2,AAMM,28125,337500,0.010902804244930545,0.07894606391588847,0.0894312012408461,1.0,0.9778067885117493,0.977738002013648,0.9934725848563969,0.0003,1.0,4501.038736820221
depth2_bal_AAMM,2,AAMM,28150,337800,0.009441989396388331,0.07537114123503368,0.08875725269317628,1.0,0.9817232375979112,0.9778498713502629,0.9934725848563969,0.0003,1.0,4506.550670146942
depth2_bal_AAMM,2,AAMM,28175,338100,0.007898038680044314,0.07678868000706036,0.08637074178883007,1.0,0.97911227154047,0.9771786553305739,0.9934725848563969,0.0003,1.0,4510.592523813248
depth2_bal_AAMM,2,AAMM,28200,338400,0.006887949459875624,0.07589322701096535,0.08572502742920603,1.0,0.9765013054830287,0.9771786553305739,0.9934725848563969,0.0003,1.0,4514.383279085159
depth2_bal_AAMM,2,AAMM,28225,338700,0.0059229962062090635,0.07230609407027562,0.08435510897210666,1.0,0.97911227154047,0.97639556997427,0.9934725848563969,0.0003,1.0,4518.0640189647675
depth2_bal_AAMM,2,AAMM,28250,339000,0.004939079595108827,0.06795178477962811,0.08132339428578104,1.0,0.9804177545691906,0.978409218033337,0.9934725848563969,0.0003,1.0,4521.833197593689
depth2_bal_AAMM,2,AAMM,28275,339300,0.004082353261765093,0.068281389772892,0.07806087051119123,1.0,0.9830287206266318,0.9795279113994854,0.9934725848563969,0.0003,1.0,4525.684720754623
depth2_bal_AAMM,2,AAMM,28300,339600,0.07185057364404202,0.14234240104754767,0.14441058891160147,0.9869451697127938,0.9516971279373369,0.9565946973934445,0.9934725848563969,0.0003,1.0,4529.371822357178
depth2_bal_AAMM,2,AAMM,28325,339900,0.011566724938650927,0.0832536406815052,0.08914587487067495,1.0,0.9778067885117493,0.9760599619644256,0.9934725848563969,0.0003,1.0,4533.235591888428
depth2_bal_AAMM,2,AAMM,28350,340200,0.01069824987401565,0.08412400757273038,0.08806045268263135,1.0,0.9778067885117493,0.9772905246671887,0.9934725848563969,0.0003,1.0,4538.239200353622
depth2_bal_AAMM,2,AAMM,28375,340500,0.009028060284132758,0.08238106096784274,0.08616676330566406,1.0,0.9765013054830287,0.9769549166573442,0.9934725848563969,0.0003,1.0,4541.996261358261
depth2_bal_AAMM,2,AAMM,28400,340800,0.007679420445735256,0.08257980147997539,0.08633835603083884,1.0,0.9765013054830287,0.9752768766081217,0.9934725848563969,0.0003,1.0,4545.831142663956
depth2_bal_AAMM,2,AAMM,28425,341100,0.00664812361355871,0.07913494606812795,0.08225087523460388,1.0,0.9765013054830287,0.9768430473207294,0.9934725848563969,0.0003,1.0,4549.34722328186
depth2_bal_AAMM,2,AAMM,28450,341400,0.005627406605829795,0.07453530530134837,0.07905591034463473,1.0,0.9778067885117493,0.9776261326770332,0.9934725848563969,0.0003,1.0,4553.157781600952
depth2_bal_AAMM,2,AAMM,28475,341700,0.004816304213212182,0.0746405931810538,0.0791035315820149,1.0,0.9738903394255874,0.9771786553305739,0.9934725848563969,0.0003,1.0,4556.790343046188
depth2_bal_AAMM,2,AAMM,28500,342000,0.004106041917111725,0.07203774030009906,0.076591088197061,1.0,0.9778067885117493,0.9775142633404184,0.9934725848563969,0.0003,1.0,4561.0935435295105
depth2_bal_AAMM,2,AAMM,28525,342300,0.0037976547804040215,0.06884378070632617,0.07917517625859806,1.0,0.9765013054830287,0.9751650072715069,0.9934725848563969,0.0003,1.0,4566.3066029548645
depth2_bal_AAMM,2,AAMM,28550,342600,2.2494959818820157,1.9401069084803264,1.9178243126188006,0.529373368146214,0.52088772845953,0.5147108177648506,0.9934725848563969,0.0003,1.0,4570.959691286087
depth2_bal_AAMM,2,AAMM,28575,342900,0.015573734262337288,0.08954264844457309,0.0933678075671196,1.0,0.9778067885117493,0.9771786553305739,0.9934725848563969,0.0003,1.0,4574.599835157394
depth2_bal_AAMM,2,AAMM,28600,343200,0.013537486782297492,0.07873530934254329,0.0868776974933488,1.0,0.9817232375979112,0.9796397807361003,0.9934725848563969,0.0003,1.0,4578.472951889038
depth2_bal_AAMM,2,AAMM,28625,343500,0.011804536450654268,0.0777273600300153,0.08517255250896727,1.0,0.97911227154047,0.9786329567065667,0.9934725848563969,0.0003,1.0,4582.063889026642
depth2_bal_AAMM,2,AAMM,28650,343800,0.010166748582075039,0.07588862131039302,0.08354614866631371,1.0,0.9778067885117493,0.979080434053026,0.9934725848563969,0.0003,1.0,4585.774046421051
depth2_bal_AAMM,2,AAMM,28675,344100,0.008577302796766162,0.07275364051262538,0.08138324448040553,1.0,0.9804177545691906,0.9793041727262557,0.9934725848563969,0.0003,1.0,4589.421392440796
depth2_bal_AAMM,2,AAMM,28700,344400,0.007354330737143755,0.07179950301845868,0.07911719711763518,1.0,0.97911227154047,0.980422866092404,0.9934725848563969,0.0003,1.0,4593.022298574448
depth2_bal_AAMM,2,AAMM,28725,344700,0.006223463453352451,0.06851235777139664,0.0763493789093835,1.0,0.9804177545691906,0.9806466047656337,0.9934725848563969,0.0003,1.0,4597.06850028038
depth2_bal_AAMM,2,AAMM,28750,345000,0.005239463876932859,0.06508367757002513,0.07546692384140832,1.0,0.97911227154047,0.981094082112093,0.9934725848563969,0.0003,1.0,4601.003849029541
depth2_bal_AAMM,2,AAMM,28775,345300,0.004619599902071059,0.065643060952425,0.07524806186556816,1.0,0.9778067885117493,0.9794160420628706,0.9934725848563969,0.0003,1.0,4604.886613607407
depth2_bal_AAMM,2,AAMM,28800,345600,0.02140487590804696,0.11239631722370784,0.10279519621815,1.0,0.9647519582245431,0.973039489875825,0.9934725848563969,0.0003,1.0,4609.599313735962
depth2_bal_AAMM,2,AAMM,28825,345900,0.01766990520991385,0.10631158699591954,0.0966656933937754,1.0,0.9660574412532638,0.9735988365588992,0.9934725848563969,0.0003,1.0,4613.444103717804
depth2_bal_AAMM,2,AAMM,28850,346200,0.015446030224363009,0.10448576758305232,0.09615865115608488,1.0,0.9660574412532638,0.9735988365588992,0.9934725848563969,0.0003,1.0,4617.355328798294
depth2_bal_AAMM,2,AAMM,28875,346500,0.01309753442183137,0.1008007824420929,0.09368387034961155,1.0,0.9660574412532638,0.9734869672222843,0.9934725848563969,0.0003,1.0,4621.342362880707
depth2_bal_AAMM,2,AAMM,28900,346800,0.011214656134446463,0.10303884992996852,0.09344476142099925,1.0,0.9660574412532638,0.9708021031435283,0.9934725848563969,0.0003,1.0,4625.061754226685
depth2_bal_AAMM,2,AAMM,28925,347100,0.009557354108740887,0.09784828623135884,0.09120284297636577,1.0,0.9673629242819843,0.9712495804899877,0.9934725848563969,0.0003,1.0,4629.3016266822815
depth2_bal_AAMM,2,AAMM,28950,347400,0.008044148950527111,0.09507834662993749,0.08893217923385756,1.0,0.9686684073107049,0.971025841816758,0.9934725848563969,0.0003,1.0,4633.34339427948
depth2_bal_AAMM,2,AAMM,28975,347700,0.007057923978815476,0.0973112757007281,0.08981045207806997,1.0,0.9660574412532638,0.96968340977738,0.9934725848563969,0.0003,1.0,4637.406127691269
depth2_bal_AAMM,2,AAMM,29000,348000,0.005886827711947262,0.0968501220146815,0.08942628811512675,1.0,0.9621409921671018,0.96968340977738,0.9934725848563969,0.0003,1.0,4641.367823123932
depth2_bal_AAMM,2,AAMM,29025,348300,0.004951966868247837,0.08819447209437688,0.08726088543023382,1.0,0.9647519582245431,0.970354625797069,0.9934725848563969,0.0003,1.0,4646.52080821991
depth2_bal_AAMM,2,AAMM,29050,348600,0.010558611092468103,0.10780328263839085,0.09627993298428399,1.0,0.9621409921671018,0.9738225752321289,0.9934725848563969,0.0003,1.0,4650.42511510849
depth2_bal_AAMM,2,AAMM,29075,348900,0.011875262949615717,0.10191438595453899,0.09678511853728976,1.0,0.9673629242819843,0.9734869672222843,0.9934725848563969,0.0003,1.0,4653.9464156627655
depth2_bal_AAMM,2,AAMM,29100,349200,0.010698307616015276,0.09988473852475484,0.0951026163995266,1.0,0.9699738903394256,0.9735988365588992,0.9934725848563969,0.0003,1.0,4657.655277967453
depth2_bal_AAMM,2,AAMM,29125,349500,0.008938910866466662,0.09650257974863052,0.09288390576839448,1.0,0.9712793733681462,0.9748293992616623,0.9934725848563969,0.0003,1.0,4661.313505649567
depth2_bal_AAMM,2,AAMM,29150,349800,0.007647134790507455,0.09362062811851501,0.09068898814065116,1.0,0.9712793733681462,0.9740463139053586,0.9934725848563969,0.0003,1.0,4665.079375505447
depth2_bal_AAMM,2,AAMM,29175,350100,0.00658425622774909,0.08733899146318436,0.08625145490680422,1.0,0.9699738903394256,0.9758362232911959,0.9934725848563969,0.0003,1.0,4668.67457318306
depth2_bal_AAMM,2,AAMM,29200,350400,0.005555164224157731,0.08767351135611534,0.08254136081252779,1.0,0.9725848563968669,0.9771786553305739,0.9934725848563969,0.0003,1.0,4672.568323612213
depth2_bal_AAMM,2,AAMM,29225,350700,0.004833284726676841,0.08476247762640317,0.08132231831550599,1.0,0.9725848563968669,0.9765074393108849,0.9934725848563969,0.0003,1.0,4676.26575922966
depth2_bal_AAMM,2,AAMM,29250,351000,0.003804141092890253,0.08212022483348846,0.07875234484672547,1.0,0.9725848563968669,0.977066785993959,0.9934725848563969,0.0003,1.0,4679.829968929291
depth2_bal_AAMM,2,AAMM,29275,351300,0.0035126860796784363,0.0840061604976654,0.07727223251547133,1.0,0.9738903394255874,0.977066785993959,0.9934725848563969,0.0003,1.0,4683.441792726517
depth2_bal_AAMM,2,AAMM,29300,351600,0.002935090917162597,0.08286194503307343,0.07733163663319179,1.0,0.9686684073107049,0.977066785993959,0.9934725848563969,0.0003,1.0,4687.15779709816
depth2_bal_AAMM,2,AAMM,29325,351900,0.0024581190470295646,0.07728913674751918,0.07691507935523986,1.0,0.9712793733681462,0.9765074393108849,0.9934725848563969,0.0003,1.0,4691.44299697876
depth2_bal_AAMM,2,AAMM,29350,352200,0.02308969246223569,0.1206105649471283,0.10801964040313448,1.0,0.9660574412532638,0.9729276205392102,0.9934725848563969,0.0003,1.0,4695.481509208679
depth2_bal_AAMM,2,AAMM,29375,352500,0.019046063534915447,0.11282298962275188,0.1065513123358999,1.0,0.9660574412532638,0.9721445351829063,0.9934725848563969,0.0003,1.0,4699.436648368835
depth2_bal_AAMM,2,AAMM,29400,352800,0.016735179194559652,0.10928913950920105,0.10610289275646209,1.0,0.9725848563968669,0.9712495804899877,0.9934725848563969,0.0003,1.0,4703.500102758408
depth2_bal_AAMM,2,AAMM,29425,353100,0.014478656928986311,0.10636273523171742,0.10427031048706599,1.0,0.9725848563968669,0.9713614498266026,0.9934725848563969,0.0003,1.0,4707.252727270126
depth2_bal_AAMM,2,AAMM,29450,353400,0.012335589000334343,0.10069060573975246,0.10215562113693782,1.0,0.9738903394255874,0.9715851884998322,0.9934725848563969,0.0003,1.0,4711.867909908295
depth2_bal_AAMM,2,AAMM,29475,353700,0.010521928935001293,0.0968852440516154,0.09733154880149024,1.0,0.9751958224543081,0.9735988365588992,0.9934725848563969,0.0003,1.0,4715.584661960602
depth2_bal_AAMM,2,AAMM,29500,354000,0.008705641608685255,0.0983005737264951,0.09696624513183322,1.0,0.9765013054830287,0.9731513592124399,0.9934725848563969,0.0003,1.0,4721.544793605804
depth2_bal_AAMM,2,AAMM,29525,354300,0.007718150271102786,0.09257647519310315,0.09324669390916825,1.0,0.9765013054830287,0.9734869672222843,0.9934725848563969,0.0003,1.0,4725.55041217804
depth2_bal_AAMM,2,AAMM,29550,354600,0.006355703342705965,0.08855470021565755,0.09098739240850721,1.0,0.9738903394255874,0.9735988365588992,0.9934725848563969,0.0003,1.0,4729.556460618973
depth2_bal_AAMM,2,AAMM,29575,354900,0.005721397930756211,0.09588004524509113,0.09398670228464263,1.0,0.9699738903394256,0.971697057836447,0.9934725848563969,0.0003,1.0,4733.223215579987
depth2_bal_AAMM,2,AAMM,29600,355200,0.004537793904698144,0.09005262951056163,0.09188334909932953,1.0,0.9699738903394256,0.9728157512025953,0.9934725848563969,0.0003,1.0,4736.970460891724
depth2_bal_AAMM,2,AAMM,29625,355500,0.003946036643659075,0.08940722544987996,0.09116416350007057,1.0,0.9699738903394256,0.9722564045195212,0.9934725848563969,0.0003,1.0,4740.699455976486
depth2_bal_AAMM,2,AAMM,29650,355800,0.08258788970609506,0.20933009187380472,0.1777460596391133,0.9817232375979112,0.9255874673629243,0.9432822463362792,0.9934725848563969,0.0003,1.0,4745.270268678665
depth2_bal_AAMM,2,AAMM,29675,356100,0.010684908600524068,0.08950878058870633,0.08982615098357201,1.0,0.9778067885117493,0.9741581832419733,0.9934725848563969,0.0003,1.0,4749.21654009819
depth2_bal_AAMM,2,AAMM,29700,356400,0.009899927536025643,0.08994754279653232,0.089228641135352,1.0,0.9751958224543081,0.9744937912518179,0.9934725848563969,0.0003,1.0,4753.371992588043
depth2_bal_AAMM,2,AAMM,29725,356700,0.008686740145397684,0.0870857983827591,0.0858737330351557,1.0,0.9765013054830287,0.97639556997427,0.9934725848563969,0.0003,1.0,4757.351931095123
depth2_bal_AAMM,2,AAMM,29750,357000,0.00748404817810903,0.08252545694510142,0.08310185372829437,1.0,0.9738903394255874,0.9771786553305739,0.9934725848563969,0.0003,1.0,4761.448741436005
depth2_bal_AAMM,2,AAMM,29775,357300,0.006415342562831938,0.08077217017610867,0.08224675825663975,1.0,0.97911227154047,0.9771786553305739,0.9934725848563969,0.0003,1.0,4765.406969308853
depth2_bal_AAMM,2,AAMM,29800,357600,0.005435626100127895,0.07678429409861565,0.07766543616141591,1.0,0.9778067885117493,0.9776261326770332,0.9934725848563969,0.0003,1.0,4769.644416093826
depth2_bal_AAMM,2,AAMM,29825,357900,0.004547075640099744,0.07299684112270673,0.07713730846132551,1.0,0.9751958224543081,0.9785210873699519,0.9934725848563969,0.0003,1.0,4773.83184337616
depth2_bal_AAMM,2,AAMM,29850,358200,0.004132281115744263,0.07532196057339509,0.07600652171032769,1.0,0.9751958224543081,0.9772905246671887,0.9934725848563969,0.0003,1.0,4777.503187656403
depth2_bal_AAMM,2,AAMM,29875,358500,0.0032947048312053084,0.07276709067324798,0.07363235024469239,1.0,0.9751958224543081,0.9795279113994854,0.9934725848563969,0.0003,1.0,4781.280656337738
depth2_bal_AAMM,2,AAMM,29900,358800,0.002720231811205546,0.07288144653042157,0.07453703880310059,1.0,0.9738903394255874,0.9796397807361003,0.9934725848563969,0.0003,1.0,4784.991776704788
depth2_bal_AAMM,2,AAMM,29925,359100,0.002431236624640102,0.0716303139925003,0.07369033108864512,1.0,0.9751958224543081,0.9781854793601074,0.9934725848563969,0.0003,1.0,4788.635706424713
depth2_bal_AAMM,2,AAMM,29950,359400,0.05297114079197248,0.16441989441712698,0.17089113678250994,1.0,0.9595300261096605,0.9591676921355856,0.9934725848563969,0.0003,1.0,4792.696591615677
depth2_bal_AAMM,2,AAMM,29975,359700,0.02757286559790373,0.11892356971899669,0.1269918516278267,1.0,0.9673629242819843,0.9687884550844613,0.9934725848563969,0.0003,1.0,4796.222990036011
depth2_bal_AAMM,2,AAMM,30000,360000,0.022362285448859136,0.10079917311668396,0.11170844137668609,1.0,0.9738903394255874,0.9738225752321289,0.9934725848563969,0.0003,1.0,4799.712980508804
depth2_bal_AAMM,2,AAMM,30025,360300,0.018539598522086937,0.0903945875664552,0.10444877871445248,1.0,0.97911227154047,0.9746056605884327,0.9934725848563969,0.0003,1.0,4804.54244184494
depth2_bal_AAMM,2,AAMM,30050,360600,0.01562579534947872,0.08316060279806455,0.09819338396191597,1.0,0.97911227154047,0.9760599619644256,0.9934725848563969,0.0003,1.0,4808.035857439041
depth2_bal_AAMM,2,AAMM,30075,360900,0.01313340951067706,0.07817368706067403,0.09271515597190176,1.0,0.9804177545691906,0.977066785993959,0.9934725848563969,0.0003,1.0,4811.629010677338
depth2_bal_AAMM,2,AAMM,30100,361200,0.010998249364395937,0.07243983323375384,0.08958549361143793,1.0,0.9856396866840731,0.9774023940038036,0.9934725848563969,0.0003,1.0,4815.429109334946
depth2_bal_AAMM,2,AAMM,30125,361500,0.009314657111341754,0.0719561589260896,0.08724358518208776,1.0,0.9830287206266318,0.977066785993959,0.9934725848563969,0.0003,1.0,4819.876244068146
depth2_bal_AAMM,2,AAMM,30150,361800,0.007816391143326959,0.06866369520624478,0.08438551990049226,1.0,0.9830287206266318,0.9785210873699519,0.9934725848563969,0.0003,1.0,4824.031287431717
depth2_bal_AAMM,2,AAMM,30175,362100,0.006607945736808081,0.0641882133980592,0.07959378382989339,1.0,0.9830287206266318,0.9800872580825596,0.9934725848563969,0.0003,1.0,4827.986887216568
depth2_bal_AAMM,2,AAMM,30200,362400,0.005660103401169181,0.06085330496231715,0.07916701946939741,1.0,0.9830287206266318,0.9787448260431816,0.9934725848563969,0.0003,1.0,4832.018366575241
depth2_bal_AAMM,2,AAMM,30225,362700,0.004696350311860442,0.05980370007455349,0.07643819930297988,1.0,0.9843342036553525,0.979751650072715,0.9934725848563969,0.0003,1.0,4836.1597032547
depth2_bal_AAMM,2,AAMM,30250,363000,0.003968725136170785,0.05702897099157175,0.07420433626643248,1.0,0.9830287206266318,0.9793041727262557,0.9934725848563969,0.0003,1.0,4840.27170085907
depth2_bal_AAMM,2,AAMM,30275,363300,0.003312606170463065,0.06090593089660009,0.07472981799926076,1.0,0.97911227154047,0.9793041727262557,0.9934725848563969,0.0003,1.0,4843.865802764893
depth2_bal_AAMM,2,AAMM,30300,363600,0.0028824645560234785,0.05681608244776726,0.07240827775427273,1.0,0.9817232375979112,0.9798635194093299,0.9934725848563969,0.0003,1.0,4847.627179384232
depth2_bal_AAMM,2,AAMM,30325,363900,0.0023710086825303733,0.054482189317544304,0.07105514220893383,1.0,0.9843342036553525,0.9805347354290189,0.9934725848563969,0.0003,1.0,4851.531354665756
depth2_bal_AAMM,2,AAMM,30350,364200,0.27303364127874374,0.3848486045996348,0.3223432149205889,0.9157963446475196,0.8864229765013055,0.8977514263340418,0.9934725848563969,0.0003,1.0,4855.466468811035
depth2_bal_AAMM,2,AAMM,30375,364500,0.01194173120893538,0.08283945918083191,0.08890340168561255,1.0,0.97911227154047,0.9765074393108849,0.9934725848563969,0.0003,1.0,4859.064646482468
depth2_bal_AAMM,2,AAMM,30400,364800,0.011234874138608575,0.08623909205198288,0.0894084412072386,1.0,0.9765013054830287,0.977738002013648,0.9934725848563969,0.0003,1.0,4862.895043134689
depth2_bal_AAMM,2,AAMM,30425,365100,0.009871393907815218,0.08498556539416313,0.08740492484399251,1.0,0.9778067885117493,0.977066785993959,0.9934725848563969,0.0003,1.0,4866.814558506012
depth2_bal_AAMM,2,AAMM,30450,365400,0.008419280561308065,0.0834970474243164,0.08604613468050956,1.0,0.9751958224543081,0.9766193086474997,0.9934725848563969,0.0003,1.0,4871.61598777771
depth2_bal_AAMM,2,AAMM,30475,365700,0.007286689826287329,0.08328207954764366,0.08442201795322554,1.0,0.9751958224543081,0.9758362232911959,0.9934725848563969,0.0003,1.0,4875.472726583481
depth2_bal_AAMM,2,AAMM,30500,366000,0.0060030022480835514,0.07938727115591367,0.0829730569251946,1.0,0.9765013054830287,0.9766193086474997,0.9934725848563969,0.0003,1.0,4879.100889205933
depth2_bal_AAMM,2,AAMM,30525,366300,0.005066865783495207,0.08046113948027293,0.08278704966817584,1.0,0.9765013054830287,0.9758362232911959,0.9934725848563969,0.0003,1.0,4883.559221029282
depth2_bal_AAMM,2,AAMM,30550,366600,0.004300145471158127,0.08094297970334689,0.08269641378096172,1.0,0.9725848563968669,0.9749412685982772,0.9934725848563969,0.0003,1.0,4887.176134347916
depth2_bal_AAMM,2,AAMM,30575,366900,0.0038406672926309207,0.08058922116955121,0.08121614520038878,1.0,0.9725848563968669,0.9759480926278107,0.9934725848563969,0.0003,1.0,4890.68909907341
depth2_bal_AAMM,2,AAMM,30600,367200,0.0031382741290144622,0.08065943544109662,0.07856346155915941,1.0,0.9738903394255874,0.9749412685982772,0.9934725848563969,0.0003,1.0,4894.286190986633
depth2_bal_AAMM,2,AAMM,30625,367500,0.002635459202186515,0.08028788367907207,0.0815195279461997,1.0,0.9765013054830287,0.9755006152813513,0.9934725848563969,0.0003,1.0,4898.660178184509
depth2_bal_AAMM,2,AAMM,30650,367800,0.0023846503269548216,0.07937747364242871,0.08245366194418498,1.0,0.9738903394255874,0.9753887459447366,0.9934725848563969,0.0003,1.0,4903.082189083099
depth2_bal_AAMM,2,AAMM,30675,368100,0.0365434338649114,0.1388828083872795,0.13131073692015238,0.9996736292428199,0.9621409921671018,0.9673341537084685,0.9934725848563969,0.0003,1.0,4906.988857984543
depth2_bal_AAMM,2,AAMM,30700,368400,0.018929341652741034,0.10582696894804637,0.10767719468900136,1.0,0.97911227154047,0.9732632285490547,0.9934725848563969,0.0003,1.0,4912.088577508926
depth2_bal_AAMM,2,AAMM,30725,368700,0.016699194442480803,0.10390106588602066,0.10677549530352864,1.0,0.9738903394255874,0.9734869672222843,0.9934725848563969,0.0003,1.0,4915.880687952042
depth2_bal_AAMM,2,AAMM,30750,369000,0.014255079130331675,0.10043415427207947,0.10324047825166158,1.0,0.9738903394255874,0.9738225752321289,0.9934725848563969,0.0003,1.0,4919.798248529434
depth2_bal_AAMM,2,AAMM,30775,369300,0.012256153083095947,0.10039357592662175,0.10223981259124619,1.0,0.9738903394255874,0.9729276205392102,0.9934725848563969,0.0003,1.0,4925.084891796112
depth2_bal_AAMM,2,AAMM,30800,369600,0.010465691719825069,0.09759756674369176,0.09999713855130332,1.0,0.9712793733681462,0.971025841816758,0.9934725848563969,0.0003,1.0,4929.006276607513
depth2_bal_AAMM,2,AAMM,30825,369900,0.008941344761600098,0.09420248121023178,0.09865689682109015,1.0,0.9765013054830287,0.9724801431927509,0.9934725848563969,0.0003,1.0,4932.748161554337
depth2_bal_AAMM,2,AAMM,30850,370200,0.007565125900631149,0.0884268470108509,0.09632395814572062,1.0,0.9778067885117493,0.9729276205392102,0.9934725848563969,0.0003,1.0,4936.365572452545
depth2_bal_AAMM,2,AAMM,30875,370500,0.006450328704280158,0.09003709505001704,0.095540402084589,1.0,0.9765013054830287,0.9729276205392102,0.9934725848563969,0.0003,1.0,4940.02921962738
depth2_bal_AAMM,2,AAMM,30900,370800,0.005528057576157153,0.08586331084370613,0.09220860440816198,1.0,0.9778067885117493,0.9727038818659806,0.9934725848563969,0.0003,1.0,4944.043403625488
depth2_bal_AAMM,2,AAMM,30925,371100,0.0049925091831634445,0.08631709218025208,0.09400504465614046,1.0,0.9751958224543081,0.9734869672222843,0.9934725848563969,0.0003,1.0,4947.601086854935
depth2_bal_AAMM,2,AAMM,30950,371400,0.003939157545876999,0.08627283573150635,0.09127569326332637,1.0,0.9751958224543081,0.9731513592124399,0.9934725848563969,0.0003,1.0,4951.3096787929535
depth2_bal_AAMM,2,AAMM,30975,371700,0.0033156583667732775,0.08355051651597023,0.08907147443720273,1.0,0.9751958224543081,0.9725920125293657,0.9934725848563969,0.0003,1.0,4954.907346010208
depth2_bal_AAMM,2,AAMM,31000,372000,0.018805955071002245,0.09494718164205551,0.10285070559808186,1.0,0.9778067885117493,0.9744937912518179,0.9934725848563969,0.0003,1.0,4958.959268569946
depth2_bal_AAMM,2,AAMM,31025,372300,0.014357218984514475,0.08753318339586258,0.09289419001766613,1.0,0.9738903394255874,0.9761718313010403,0.9934725848563969,0.0003,1.0,4964.506842374802
depth2_bal_AAMM,2,AAMM,31050,372600,0.01258368402098616,0.07822581256429355,0.08700983130506107,1.0,0.9765013054830287,0.9782973486967222,0.9934725848563969,0.0003,1.0,4968.161171197891
depth2_bal_AAMM,2,AAMM,31075,372900,0.010960930415118733,0.07350722576181094,0.08346432766744069,1.0,0.9804177545691906,0.9776261326770332,0.9934725848563969,0.0003,1.0,4971.889604091644
depth2_bal_AAMM,2,AAMM,31100,373200,0.009382784909879168,0.06985590110222499,0.08112078064254352,1.0,0.9843342036553525,0.9781854793601074,0.9934725848563969,0.0003,1.0,4981.253736257553
depth2_bal_AAMM,2,AAMM,31125,373500,0.007907506078481674,0.0664582463602225,0.07865499992455754,1.0,0.9830287206266318,0.978409218033337,0.9934725848563969,0.0003,1.0,4984.848968744278
depth2_bal_AAMM,2,AAMM,31150,373800,0.006757355683172743,0.06279769539833069,0.07685351872018405,1.0,0.9843342036553525,0.9788566953797964,0.9934725848563969,0.0003,1.0,4988.483718395233
depth2_bal_AAMM,2,AAMM,31175,374100,0.005666275469896694,0.05952315777540207,0.07508576831647328,1.0,0.9882506527415144,0.9791923033896409,0.9934725848563969,0.0003,1.0,4992.277752876282
depth2_bal_AAMM,2,AAMM,31200,374400,0.004876251410072048,0.05956884349385897,0.07301512679883412,1.0,0.9817232375979112,0.9782973486967222,0.9934725848563969,0.0003,1.0,4995.795439958572
depth2_bal_AAMM,2,AAMM,31225,374700,0.004133511916734278,0.060942549258470535,0.0741167103605611,1.0,0.9778067885117493,0.9774023940038036,0.9934725848563969,0.0003,1.0,4999.472598552704
depth2_bal_AAMM,2,AAMM,31250,375000,0.2729135565459728,0.33844147125879925,0.3161036610603333,0.9272193211488251,0.9033942558746736,0.9160979975388746,0.9934725848563969,0.0003,1.0,5003.441302061081
depth2_bal_AAMM,2,AAMM,31275,375300,0.016917040882011253,0.0940707375605901,0.09830857781427248,1.0,0.9804177545691906,0.9762837006376552,0.9934725848563969,0.0003,1.0,5007.660611152649
depth2_bal_AAMM,2,AAMM,31300,375600,0.01425642481384178,0.08109520375728607,0.08631407650453704,1.0,0.97911227154047,0.9791923033896409,0.9934725848563969,0.0003,1.0,5011.464718818665
depth2_bal_AAMM,2,AAMM,31325,375900,0.012231998844072223,0.07500792915622394,0.08168573773333004,1.0,0.9843342036553525,0.9801991274191744,0.9934725848563969,0.0003,1.0,5015.266862630844
depth2_bal_AAMM,2,AAMM,31350,376200,0.010416131699457765,0.07018673047423363,0.07774020369563783,1.0,0.9830287206266318,0.981094082112093,0.9934725848563969,0.0003,1.0,5019.232318162918
depth2_bal_AAMM,2,AAMM,31375,376500,0.008811269886791706,0.06602427735924721,0.0750093970979963,1.0,0.9856396866840731,0.9814296901219376,0.9934725848563969,0.0003,1.0,5023.281693458557
depth2_bal_AAMM,2,AAMM,31400,376800,0.0076071952159206075,0.06258514399329822,0.07373201602271624,1.0,0.9843342036553525,0.981094082112093,0.9934725848563969,0.0003,1.0,5026.980111837387
depth2_bal_AAMM,2,AAMM,31425,377100,0.0065490030295525985,0.059639833867549896,0.07239036879369191,1.0,0.9830287206266318,0.9812059514487079,0.9934725848563969,0.0003,1.0,5030.608376264572
depth2_bal_AAMM,2,AAMM,31450,377400,0.005420718148040275,0.057269129902124405,0.06957837960549763,1.0,0.9843342036553525,0.9822127754782414,0.9934725848563969,0.0003,1.0,5034.527460813522
depth2_bal_AAMM,2,AAMM,31475,377700,0.004713506321422756,0.056926827877759933,0.07137603738478251,1.0,0.9817232375979112,0.9809822127754783,0.9934725848563969,0.0003,1.0,5038.637049436569
depth2_bal_AAMM,2,AAMM,31500,378000,0.003928415438470741,0.055784239123264946,0.07050247298819678,1.0,0.9843342036553525,0.9813178207853227,0.9934725848563969,0.0003,1.0,5042.298006772995
depth2_bal_AAMM,2,AAMM,31525,378300,0.003418206450684617,0.05681270112593969,0.06762305035122804,1.0,0.9830287206266318,0.9814296901219376,0.9934725848563969,0.0003,1.0,5046.031366109848
depth2_bal_AAMM,2,AAMM,31550,378600,1.0544417103131611,0.9373267690340678,0.8557427934237889,0.7114882506527415,0.7349869451697127,0.75422306745721,0.9934725848563969,0.0003,1.0,5050.60320186615
depth2_bal_AAMM,2,AAMM,31575,378900,0.013131361221894622,0.0892673892279466,0.09506156210388456,1.0,0.9804177545691906,0.9734869672222843,0.9934725848563969,0.0003,1.0,5054.260467529297
depth2_bal_AAMM,2,AAMM,31600,379200,0.012214233943571648,0.0932758276661237,0.09683678139533315,1.0,0.9751958224543081,0.9731513592124399,0.9934725848563969,0.0003,1.0,5057.903242588043
depth2_bal_AAMM,2,AAMM,31625,379500,0.01087251251252989,0.09080758939186732,0.09721282528979437,1.0,0.9738903394255874,0.9722564045195212,0.9934725848563969,0.0003,1.0,5061.671735286713
depth2_bal_AAMM,2,AAMM,31650,379800,0.00928205189605554,0.09085382148623466,0.09515806564262935,1.0,0.9778067885117493,0.9708021031435283,0.9934725848563969,0.0003,1.0,5065.479251384735
depth2_bal_AAMM,2,AAMM,31675,380100,0.007917853266311189,0.08910783876975377,0.09543594856347357,1.0,0.9725848563968669,0.971697057836447,0.9934725848563969,0.0003,1.0,5069.034051656723
depth2_bal_AAMM,2,AAMM,31700,380400,0.006754258763976395,0.08880104621251424,0.09174567993198122,1.0,0.9751958224543081,0.972368273856136,0.9934725848563969,0.0003,1.0,5072.744942188263
depth2_bal_AAMM,2,AAMM,31725,380700,0.00580326619092375,0.08829071496923764,0.0910362435238702,1.0,0.9738903394255874,0.9728157512025953,0.9934725848563969,0.0003,1.0,5076.276620388031
depth2_bal_AAMM,2,AAMM,31750,381000,0.004730962837735812,0.09518838301301003,0.0930357640343053,1.0,0.9725848563968669,0.970354625797069,0.9934725848563969,0.0003,1.0,5080.00200676918
depth2_bal_AAMM,2,AAMM,31775,381300,1.0269753187894821,0.8062377770741781,0.7306818093572344,0.6755874673629243,0.720626631853786,0.7702203825931312,0.9934725848563969,0.0003,1.0,5083.624642133713
depth2_bal_AAMM,2,AAMM,31800,381600,0.018516469436387222,0.09516847381989162,0.10051579624414445,1.0,0.9751958224543081,0.9752768766081217,0.9934725848563969,0.0003,1.0,5086.975719451904
depth2_bal_AAMM,2,AAMM,31825,381900,0.015449384460225701,0.08351358398795128,0.09051521718502045,1.0,0.9804177545691906,0.9789685647164112,0.9934725848563969,0.0003,1.0,5090.748198270798
depth2_bal_AAMM,2,AAMM,31850,382200,0.013075679074972868,0.08161274716258049,0.08653371036052704,1.0,0.9804177545691906,0.9787448260431816,0.9934725848563969,0.0003,1.0,5094.725971698761
depth2_bal_AAMM,2,AAMM,31875,382500,0.011384458048269153,0.07818649585048358,0.08427402611289705,1.0,0.9751958224543081,0.9781854793601074,0.9934725848563969,0.0003,1.0,5098.496667146683
depth2_bal_AAMM,2,AAMM,31900,382800,0.009754460615416368,0.077658594896396,0.08177484476140567,1.0,0.9765013054830287,0.979080434053026,0.9934725848563969,0.0003,1.0,5102.237279415131
depth2_bal_AAMM,2,AAMM,31925,383100,0.008184338997428616,0.07359607890248299,0.08135281960879054,1.0,0.9765013054830287,0.9789685647164112,0.9934725848563969,0.0003,1.0,5106.178999900818
depth2_bal_AAMM,2,AAMM,31950,383400,0.006992292241193354,0.07275279362996419,0.07857222525136812,1.0,0.9765013054830287,0.979751650072715,0.9934725848563969,0.0003,1.0,5109.795305967331
depth2_bal_AAMM,2,AAMM,31975,383700,0.005918760628749927,0.06736770768960317,0.0751733130642346,1.0,0.97911227154047,0.9808703434388634,0.9934725848563969,0.0003,1.0,5113.533167600632
depth2_bal_AAMM,2,AAMM,32000,384000,0.0049689472652971745,0.06981847311059634,0.07348366911922183,1.0,0.97911227154047,0.9818771674683969,0.9934725848563969,0.0003,1.0,5117.573766708374
depth2_bal_AAMM,2,AAMM,32025,384300,0.004066253682443251,0.06735009451707204,0.0733644639807088,1.0,0.97911227154047,0.9805347354290189,0.9934725848563969,0.0003,1.0,5122.171616792679
depth2_bal_AAMM,2,AAMM,32050,384600,0.0038345661014318466,0.07219403423368931,0.07806991764477321,1.0,0.97911227154047,0.978409218033337,0.9934725848563969,0.0003,1.0,5126.197895288467
depth2_bal_AAMM,2,AAMM,32075,384900,0.0030376858970460794,0.0626660380512476,0.07192915390644755,1.0,0.9817232375979112,0.9814296901219376,0.9934725848563969,0.0003,1.0,5129.90765953064
depth2_bal_AAMM,2,AAMM,32100,385200,0.013605652842670679,0.08012004817525546,0.08956115150025913,1.0,0.9778067885117493,0.9767311779841146,0.9934725848563969,0.0003,1.0,5133.5961055755615
depth2_bal_AAMM,2,AAMM,32125,385500,0.012833116420855125,0.07298048088947932,0.0883335214640413,1.0,0.9830287206266318,0.9774023940038036,0.9934725848563969,0.0003,1.0,5137.710281610489
depth2_bal_AAMM,2,AAMM,32150,385800,0.011520766342679659,0.07382256413499515,0.09034352770873479,1.0,0.9804177545691906,0.9759480926278107,0.9934725848563969,0.0003,1.0,5141.2059144973755
depth2_bal_AAMM,2,AAMM,32175,386100,0.009870693165188035,0.07644473512967427,0.09150848920856203,1.0,0.97911227154047,0.9752768766081217,0.9934725848563969,0.0003,1.0,5144.784214496613
depth2_bal_AAMM,2,AAMM,32200,386400,0.00851184995068858,0.07105749224623044,0.08987862073949406,1.0,0.9817232375979112,0.9767311779841146,0.9934725848563969,0.0003,1.0,5148.560091495514
depth2_bal_AAMM,2,AAMM,32225,386700,0.007242132831985752,0.06748394543925922,0.08904961294361523,1.0,0.9869451697127938,0.9751650072715069,0.9934725848563969,0.0003,1.0,5152.299786329269
depth2_bal_AAMM,2,AAMM,32250,387000,0.0059469250263646245,0.06983967746297519,0.08997661737459046,1.0,0.9804177545691906,0.9752768766081217,0.9934725848563969,0.0003,1.0,5155.749914646149
depth2_bal_AAMM,2,AAMM,32275,387300,0.005352014869761963,0.06785212953885396,0.08704865489687239,1.0,0.9804177545691906,0.9761718313010403,0.9934725848563969,0.0003,1.0,5159.7969806194305
depth2_bal_AAMM,2,AAMM,32300,387600,0.004515495190086464,0.06841600065430005,0.08633747132761138,1.0,0.9843342036553525,0.9751650072715069,0.9934725848563969,0.0003,1.0,5163.83464550972
depth2_bal_AAMM,2,AAMM,32325,387900,0.004149967241877069,0.07195903733372688,0.08887725185070719,1.0,0.97911227154047,0.9759480926278107,0.9934725848563969,0.0003,1.0,5167.514159679413
depth2_bal_AAMM,2,AAMM,32350,388200,0.02624406075725953,0.11432696630557378,0.12002964200718062,1.0,0.9738903394255874,0.9709139724801432,0.9934725848563969,0.0003,1.0,5171.173918247223
depth2_bal_AAMM,2,AAMM,32375,388500,0.018487785787632067,0.09313942988713582,0.09783266974346978,1.0,0.9804177545691906,0.9772905246671887,0.9934725848563969,0.0003,1.0,5174.916112422943
depth2_bal_AAMM,2,AAMM,32400,388800,0.015734243439510465,0.0845504030585289,0.09023648692028863,1.0,0.97911227154047,0.979751650072715,0.9934725848563969,0.0003,1.0,5178.859501361847
depth2_bal_AAMM,2,AAMM,32425,389100,0.013225185607249538,0.07974711681405704,0.08532642211232866,1.0,0.9804177545691906,0.9823246448148563,0.9934725848563969,0.0003,1.0,5182.569097518921
depth2_bal_AAMM,2,AAMM,32450,389400,0.011242315794030825,0.07449449350436528,0.0812308597777571,1.0,0.9817232375979112,0.9825483834880859,0.9934725848563969,0.0003,1.0,5186.4213490486145
depth2_bal_AAMM,2,AAMM,32475,389700,0.00956403409751753,0.07100257153312366,0.07902820525424821,1.0,0.9804177545691906,0.9821009061416266,0.9934725848563969,0.0003,1.0,5190.050699234009
depth2_bal_AAMM,2,AAMM,32500,390000,0.00808572982593129,0.06651275356610616,0.07780232237918036,1.0,0.9830287206266318,0.9818771674683969,0.9934725848563969,0.0003,1.0,5194.082790374756
depth2_bal_AAMM,2,AAMM,32525,390300,0.007234219655704995,0.06661535302797954,0.07711914543594633,1.0,0.9804177545691906,0.9827721221613156,0.9934725848563969,0.0003,1.0,5197.632520437241
depth2_bal_AAMM,2,AAMM,32550,390600,0.005802394084942837,0.06137289231022199,0.07381549908646516,1.0,0.9817232375979112,0.9828839914979304,0.9934725848563969,0.0003,1.0,5201.355724096298
depth2_bal_AAMM,2,AAMM,32575,390900,0.005022106148923437,0.058208042134841285,0.07167550836290631,1.0,0.9856396866840731,0.9828839914979304,0.9934725848563969,0.0003,1.0,5204.960114240646
depth2_bal_AAMM,2,AAMM,32600,391200,0.004237233156648775,0.05738878808915615,0.07221242051039423,1.0,0.9843342036553525,0.9815415594585524,0.9934725848563969,0.0003,1.0,5208.930172204971
depth2_bal_AAMM,2,AAMM,32625,391500,0.0036670765451466045,0.05655638935665289,0.06979050769337586,1.0,0.9804177545691906,0.983778946190849,0.9934725848563969,0.0003,1.0,5213.62504529953
depth2_bal_AAMM,2,AAMM,32650,391800,0.003132178137699763,0.05253890032569567,0.06977690144308976,1.0,0.97911227154047,0.9816534287951673,0.9934725848563969,0.0003,1.0,5217.30243563652
depth2_bal_AAMM,2,AAMM,32675,392100,0.011394911135236422,0.0848040021955967,0.08936574554869108,1.0,0.9830287206266318,0.9752768766081217,0.9934725848563969,0.0003,1.0,5220.894605398178
depth2_bal_AAMM,2,AAMM,32700,392400,0.011525709802905718,0.09560054913163185,0.09194212672965867,1.0,0.9725848563968669,0.9760599619644256,0.9934725848563969,0.0003,1.0,5224.694498062134
depth2_bal_AAMM,2,AAMM,32725,392700,0.010375580207134286,0.09873239820202191,0.09224110671452114,1.0,0.9725848563968669,0.9760599619644256,0.9934725848563969,0.0003,1.0,5228.662744045258
depth2_bal_AAMM,2,AAMM,32750,393000,0.008913620452707013,0.09649297967553139,0.09165003725460598,1.0,0.9738903394255874,0.9765074393108849,0.9934725848563969,0.0003,1.0,5232.496177196503
depth2_bal_AAMM,2,AAMM,32775,393300,0.0077629449078813195,0.10296918700138728,0.09141063200575965,1.0,0.9686684073107049,0.9752768766081217,0.9934725848563969,0.0003,1.0,5236.160813570023
depth2_bal_AAMM,2,AAMM,32800,393600,0.006669342362632354,0.09781479462981224,0.09214653255684035,1.0,0.9712793733681462,0.97639556997427,0.9934725848563969,0.0003,1.0,5240.274880647659
depth2_bal_AAMM,2,AAMM,32825,393900,0.005688160231026511,0.09414492795864741,0.0886500420314925,1.0,0.9751958224543081,0.9749412685982772,0.9934725848563969,0.0003,1.0,5243.983835697174
depth2_bal_AAMM,2,AAMM,32850,394200,0.0050382175638029976,0.10244268675645192,0.09258334806987217,1.0,0.9686684073107049,0.9740463139053586,0.9934725848563969,0.0003,1.0,5247.380793571472
depth2_bal_AAMM,2,AAMM,32875,394500,0.19938124467929205,0.2662907342116038,0.26483078854424613,0.9578981723237598,0.9321148825065274,0.9262781071708245,0.9934725848563969,0.0003,1.0,5251.467738389969
depth2_bal_AAMM,2,AAMM,32900,394800,0.01366396628630658,0.09222784141699474,0.09651624081390245,1.0,0.9765013054830287,0.9753887459447366,0.9934725848563969,0.0003,1.0,5255.78745508194
depth2_bal_AAMM,2,AAMM,32925,395100,0.012170497716094056,0.09006513158480327,0.09145856222936086,1.0,0.9738903394255874,0.9760599619644256,0.9934725848563969,0.0003,1.0,5259.716553211212
depth2_bal_AAMM,2,AAMM,32950,395400,0.01040799372519056,0.08845939114689827,0.08862514634217535,1.0,0.9699738903394256,0.9778498713502629,0.9934725848563969,0.0003,1.0,5263.281449556351
depth2_bal_AAMM,2,AAMM,32975,395700,0.00897239331000795,0.09038315092523892,0.08673941631402288,1.0,0.9699738903394256,0.9781854793601074,0.9934725848563969,0.0003,1.0,5267.137418746948
depth2_bal_AAMM,2,AAMM,33000,396000,0.007800775541303058,0.09207514797647794,0.08664816224149295,1.0,0.9712793733681462,0.9785210873699519,0.9934725848563969,0.0003,1.0,5270.611081600189
depth2_bal_AAMM,2,AAMM,33025,396300,0.006609248657089968,0.08473888287941615,0.08324444432343756,1.0,0.9686684073107049,0.9795279113994854,0.9934725848563969,0.0003,1.0,5274.705822467804
depth2_bal_AAMM,2,AAMM,33050,396600,0.006107681430876255,0.09168267250061035,0.09058582729526929,1.0,0.9647519582245431,0.9767311779841146,0.9934725848563969,0.0003,1.0,5278.4761419296265
depth2_bal_AAMM,2,AAMM,33075,396900,0.004927482999240358,0.08263446887334187,0.08486103734799794,1.0,0.9765013054830287,0.9775142633404184,0.9934725848563969,0.0003,1.0,5282.473428487778
depth2_bal_AAMM,2,AAMM,33100,397200,0.01604867059116562,0.0978632705907027,0.0908039146236011,1.0,0.9660574412532638,0.9791923033896409,0.9934725848563969,0.0003,1.0,5285.981245756149
depth2_bal_AAMM,2,AAMM,33125,397500,0.014465176267549396,0.0833388902246952,0.08163548122559275,1.0,0.9804177545691906,0.9809822127754783,0.9934725848563969,0.0003,1.0,5289.492380142212
depth2_bal_AAMM,2,AAMM,33150,397800,0.012860518336916963,0.07894890755414963,0.07853456863335201,1.0,0.9856396866840731,0.981094082112093,0.9934725848563969,0.0003,1.0,5293.491798400879
depth2_bal_AAMM,2,AAMM,33175,398100,0.011010515115534266,0.07502845674753189,0.07612313819783074,1.0,0.9843342036553525,0.981765298131782,0.9934725848563969,0.0003,1.0,5297.133724689484
depth2_bal_AAMM,2,AAMM,33200,398400,0.009347400162369013,0.07155268639326096,0.0741612515279225,1.0,0.9856396866840731,0.9822127754782414,0.9934725848563969,0.0003,1.0,5300.766962051392
depth2_bal_AAMM,2,AAMM,33225,398700,0.00792541226837784,0.068051944176356,0.07228722093360765,1.0,0.9843342036553525,0.9818771674683969,0.9934725848563969,0.0003,1.0,5304.124071598053
depth2_bal_AAMM,2,AAMM,33250,399000,0.00674007930016766,0.06551426152388255,0.06970097380025046,1.0,0.9843342036553525,0.98310773017116,0.9934725848563969,0.0003,1.0,5308.8586769104
depth2_bal_AAMM,2,AAMM,33275,399300,0.005785808083601296,0.06092512235045433,0.06840929239988328,1.0,0.9882506527415144,0.9828839914979304,0.9934725848563969,0.0003,1.0,5312.81410741806
depth2_bal_AAMM,2,AAMM,33300,399600,0.0047731414282073574,0.06074143946170807,0.06762678346463612,1.0,0.9830287206266318,0.9829958608345453,0.9934725848563969,0.0003,1.0,5316.553783655167
depth2_bal_AAMM,2,AAMM,33325,399900,0.0042050030509320395,0.06011984311044216,0.06712367571890354,1.0,0.9856396866840731,0.9826602528247007,0.9934725848563969,0.0003,1.0,5321.17271232605
depth2_bal_AAMM,2,AAMM,33350,400200,0.003437662225527068,0.05699911154806614,0.06503155518855368,1.0,0.9830287206266318,0.9835552075176194,0.9934725848563969,0.0003,1.0,5325.084317922592
depth2_bal_AAMM,2,AAMM,33375,400500,0.0028840320689293244,0.053483232855796814,0.06244987174868584,1.0,0.9843342036553525,0.984450162210538,0.9934725848563969,0.0003,1.0,5328.696489334106
depth2_bal_AAMM,2,AAMM,33400,400800,0.013640238593022028,0.09401275590062141,0.09599951675959996,1.0,0.9738903394255874,0.9747175299250476,0.9934725848563969,0.0003,1.0,5332.33869767189
depth2_bal_AAMM,2,AAMM,33425,401100,0.012251021030048529,0.08628373220562935,0.09338931632893425,1.0,0.9804177545691906,0.9765074393108849,0.9934725848563969,0.0003,1.0,5336.519008874893
depth2_bal_AAMM,2,AAMM,33450,401400,0.010641595038274923,0.07988558833797772,0.0914126415337835,1.0,0.9830287206266318,0.9765074393108849,0.9934725848563969,0.0003,1.0,5341.10940861702
depth2_bal_AAMM,2,AAMM,33475,401700,0.009376993325228492,0.08009469881653786,0.08862371434058462,1.0,0.9830287206266318,0.9779617406868777,0.9934725848563969,0.0003,1.0,5344.729123830795
depth2_bal_AAMM,2,AAMM,33500,402000,0.007877432003927728,0.07448064039150874,0.08517598382064274,1.0,0.9856396866840731,0.978409218033337,0.9934725848563969,0.0003,1.0,5348.382118701935
depth2_bal_AAMM,2,AAMM,33525,402300,0.006717332910435895,0.07464173436164856,0.08581645190715789,1.0,0.9856396866840731,0.9772905246671887,0.9934725848563969,0.0003,1.0,5352.126549005508
depth2_bal_AAMM,2,AAMM,33550,402600,0.005735586513765156,0.06989462673664093,0.08261135273746081,1.0,0.9882506527415144,0.9788566953797964,0.9934725848563969,0.0003,1.0,5356.536391735077
depth2_bal_AAMM,2,AAMM,33575,402900,0.0051882458695520954,0.06850750371813774,0.08356125759226936,1.0,0.9817232375979112,0.9765074393108849,0.9934725848563969,0.0003,1.0,5360.253553390503
depth2_bal_AAMM,2,AAMM,33600,403200,0.004172646770408998,0.06449727279444535,0.08149497242910521,1.0,0.9869451697127938,0.9780736100234926,0.9934725848563969,0.0003,1.0,5363.657084226608
depth2_bal_AAMM,2,AAMM,33625,403500,0.0035325672361068428,0.06630109126369159,0.08279484382697515,1.0,0.9843342036553525,0.9762837006376552,0.9934725848563969,0.0003,1.0,5368.34959936142
depth2_bal_AAMM,2,AAMM,33650,403800,0.011665129180376729,0.07890893891453743,0.08611159558807101,1.0,0.9778067885117493,0.9774023940038036,0.9934725848563969,0.0003,1.0,5372.040506601334
depth2_bal_AAMM,2,AAMM,33675,404100,0.01132421443859736,0.0786242534716924,0.08565770164132118,1.0,0.9856396866840731,0.978409218033337,0.9934725848563969,0.0003,1.0,5375.63650393486
depth2_bal_AAMM,2,AAMM,33700,404400,0.009933676337823272,0.07988458375136058,0.08506533460957663,1.0,0.9817232375979112,0.9769549166573442,0.9934725848563969,0.0003,1.0,5379.441573381424
depth2_bal_AAMM,2,AAMM,33725,404700,0.008380599436350167,0.07862599566578865,0.08158675112894603,1.0,0.9817232375979112,0.9789685647164112,0.9934725848563969,0.0003,1.0,5383.413653850555
depth2_bal_AAMM,2,AAMM,33750,405000,0.0073046202305704355,0.07921837642788887,0.08146194006715501,1.0,0.97911227154047,0.9767311779841146,0.9934725848563969,0.0003,1.0,5387.401886940002
depth2_bal_AAMM,2,AAMM,33775,405300,0.006365364184603095,0.07588629548748334,0.07974419849259513,1.0,0.9817232375979112,0.9774023940038036,0.9934725848563969,0.0003,1.0,5390.702486515045
depth2_bal_AAMM,2,AAMM,33800,405600,0.005498316992695133,0.08216627190510432,0.08175441431147712,1.0,0.9751958224543081,0.9755006152813513,0.9934725848563969,0.0003,1.0,5394.401205539703
depth2_bal_AAMM,2,AAMM,33825,405900,0.004519299526388447,0.0800376224021117,0.0790041765996388,1.0,0.9804177545691906,0.9766193086474997,0.9934725848563969,0.0003,1.0,5398.492804527283
depth2_bal_AAMM,2,AAMM,33850,406200,0.004040986629358183,0.07874351367354393,0.07980610696332795,1.0,0.9804177545691906,0.9774023940038036,0.9934725848563969,0.0003,1.0,5402.385889530182
depth2_bal_AAMM,2,AAMM,33875,406500,0.0031507028616033494,0.07400436885654926,0.0765751913189888,1.0,0.9778067885117493,0.9769549166573442,0.9934725848563969,0.0003,1.0,5406.076376438141
depth2_bal_AAMM,2,AAMM,33900,406800,0.0027289763287020228,0.078469713528951,0.08000104171889169,1.0,0.9817232375979112,0.9765074393108849,0.9934725848563969,0.0003,1.0,5409.866171121597
depth2_bal_AAMM,2,AAMM,33925,407100,0.045052122324705124,0.17798286179701486,0.1564726499574525,1.0,0.9556135770234987,0.9637543349367939,0.9934725848563969,0.0003,1.0,5413.663128376007
depth2_bal_AAMM,2,AAMM,33950,407400,0.027953116688877344,0.1313576822479566,0.12179402900593621,1.0,0.9634464751958225,0.9709139724801432,0.9934725848563969,0.0003,1.0,5417.279956579208
depth2_bal_AAMM,2,AAMM,33975,407700,0.023338171187788248,0.11695494751135509,0.11177689007350376,1.0,0.9725848563968669,0.9739344445687437,0.9934725848563969,0.0003,1.0,5420.959414482117
depth2_bal_AAMM,2,AAMM,34000,408000,0.019624200804779928,0.10638550420602162,0.10584119558334351,1.0,0.9712793733681462,0.9747175299250476,0.9934725848563969,0.0003,1.0,5424.761089086533
depth2_bal_AAMM,2,AAMM,34025,408300,0.016668362154935796,0.09743840992450714,0.10012603061539786,1.0,0.9751958224543081,0.9755006152813513,0.9934725848563969,0.0003,1.0,5429.243130207062
depth2_bal_AAMM,2,AAMM,34050,408600,0.013896691069627801,0.0909906638165315,0.09509510664003236,1.0,0.9725848563968669,0.9748293992616623,0.9934725848563969,0.0003,1.0,5432.79595375061
depth2_bal_AAMM,2,AAMM,34075,408900,0.011843850292886296,0.08552846436699231,0.09211964319859232,1.0,0.9725848563968669,0.9751650072715069,0.9934725848563969,0.0003,1.0,5436.334482908249
depth2_bal_AAMM,2,AAMM,34100,409200,0.009906689869239926,0.08116397013266881,0.08794160751359803,1.0,0.9751958224543081,0.9766193086474997,0.9934725848563969,0.0003,1.0,5439.961409330368
depth2_bal_AAMM,2,AAMM,34125,409500,0.008273257485901317,0.07756193230549495,0.08648339946355138,1.0,0.9765013054830287,0.977066785993959,0.9934725848563969,0.0003,1.0,5443.632338285446
depth2_bal_AAMM,2,AAMM,34150,409800,0.007036381439926724,0.07398350909352303,0.08437716694814819,1.0,0.9751958224543081,0.977066785993959,0.9934725848563969,0.0003,1.0,5447.864018917084
depth2_bal_AAMM,2,AAMM,34175,410100,0.005857044132426381,0.07007515927155812,0.08023311548999378,1.0,0.9765013054830287,0.978409218033337,0.9934725848563969,0.0003,1.0,5451.297575235367
depth2_bal_AAMM,2,AAMM,34200,410400,0.00499671814031899,0.066408754636844,0.08058126845530102,1.0,0.97911227154047,0.977066785993959,0.9934725848563969,0.0003,1.0,5454.968812227249
depth2_bal_AAMM,2,AAMM,34225,410700,0.004225104503954451,0.06599762539068858,0.0783865216587271,1.0,0.9778067885117493,0.9788566953797964,0.9934725848563969,0.0003,1.0,5458.632526397705
depth2_bal_AAMM,2,AAMM,34250,411000,0.003559690473290781,0.06237716227769852,0.07500621676445007,1.0,0.9804177545691906,0.9798635194093299,0.9934725848563969,0.0003,1.0,5462.255851268768
depth2_bal_AAMM,2,AAMM,34275,411300,0.0030438173950339356,0.060446842263142266,0.07492938744170326,1.0,0.9843342036553525,0.979080434053026,0.9934725848563969,0.0003,1.0,5465.988266468048
depth2_bal_AAMM,2,AAMM,34300,411600,0.0025957195127072432,0.05960132988790671,0.07294175752571651,1.0,0.9830287206266318,0.9796397807361003,0.9934725848563969,0.0003,1.0,5469.953296661377
depth2_bal_AAMM,2,AAMM,34325,411900,0.009232916093120972,0.08346980189283688,0.08833953929798943,1.0,0.9686684073107049,0.9781854793601074,0.9934725848563969,0.0003,1.0,5473.670123100281
depth2_bal_AAMM,2,AAMM,34350,412200,0.009973422546560565,0.08186812698841095,0.08975541836449079,1.0,0.9751958224543081,0.977066785993959,0.9934725848563969,0.0003,1.0,5477.468482255936
depth2_bal_AAMM,2,AAMM,34375,412500,0.008724611213741204,0.08250963687896729,0.08802187134112631,1.0,0.9738903394255874,0.977066785993959,0.9934725848563969,0.0003,1.0,5481.418130159378
depth2_bal_AAMM,2,AAMM,34400,412800,0.007438654972550769,0.07905968899528186,0.08430870047637394,1.0,0.9751958224543081,0.9785210873699519,0.9934725848563969,0.0003,1.0,5485.053141117096
depth2_bal_AAMM,2,AAMM,34425,413100,0.006412715340654056,0.07558829089005788,0.08130191511341504,1.0,0.9738903394255874,0.9789685647164112,0.9934725848563969,0.0003,1.0,5488.84189748764
depth2_bal_AAMM,2,AAMM,34450,413400,0.005417073960416019,0.0727818173666795,0.0794873520731926,1.0,0.9765013054830287,0.9798635194093299,0.9934725848563969,0.0003,1.0,5492.48323392868
depth2_bal_AAMM,2,AAMM,34475,413700,0.004609120388825734,0.07772039001186688,0.07800628606762205,1.0,0.9725848563968669,0.9789685647164112,0.9934725848563969,0.0003,1.0,5496.291044950485
depth2_bal_AAMM,2,AAMM,34500,414000,0.00390899449121207,0.07431648423274358,0.07705323195883206,1.0,0.9738903394255874,0.979751650072715,0.9934725848563969,0.0003,1.0,5499.837914943695
depth2_bal_AAMM,2,AAMM,34525,414300,0.0032000746189927063,0.07552899420261383,0.07472233687128339,1.0,0.9725848563968669,0.9796397807361003,0.9934725848563969,0.0003,1.0,5503.516003847122
depth2_bal_AAMM,2,AAMM,34550,414600,0.0028113540029153228,0.07476277649402618,0.07455773779324122,1.0,0.9738903394255874,0.9787448260431816,0.9934725848563969,0.0003,1.0,5507.115788936615
depth2_bal_AAMM,2,AAMM,34575,414900,0.0023624710544633367,0.07608395318190257,0.07520732602902822,1.0,0.9751958224543081,0.9791923033896409,0.9934725848563969,0.0003,1.0,5511.934205532074
depth2_bal_AAMM,2,AAMM,34600,415200,0.0021024704619776458,0.07590560739239056,0.07367477310555322,1.0,0.9725848563968669,0.9789685647164112,0.9934725848563969,0.0003,1.0,5515.474254369736
depth2_bal_AAMM,2,AAMM,34625,415500,0.06213379433999459,0.16578430434068045,0.1568129933306149,0.9990208877284595,0.9595300261096605,0.9661035910057053,0.9934725848563969,0.0003,1.0,5519.774798631668
depth2_bal_AAMM,2,AAMM,34650,415800,0.026510844007134438,0.1105947916706403,0.10597361496516637,1.0,0.9725848563968669,0.9778498713502629,0.9934725848563969,0.0003,1.0,5523.487687110901
depth2_bal_AAMM,2,AAMM,34675,416100,0.022690098577489454,0.09785803283254306,0.09620201800550733,1.0,0.9765013054830287,0.981094082112093,0.9934725848563969,0.0003,1.0,5527.255109071732
depth2_bal_AAMM,2,AAMM,34700,416400,0.019402293177942436,0.090767669181029,0.08905525218163218,1.0,0.9778067885117493,0.9821009061416266,0.9934725848563969,0.0003,1.0,5531.017538785934
depth2_bal_AAMM,2,AAMM,34725,416700,0.016469893511384726,0.0810323345164458,0.08063091380255563,1.0,0.9856396866840731,0.9853451169034567,0.9934725848563969,0.0003,1.0,5535.760318517685
depth2_bal_AAMM,2,AAMM,34750,417000,0.014120267859349648,0.07503987848758698,0.07598222526056427,1.0,0.9830287206266318,0.9848976395569974,0.9934725848563969,0.0003,1.0,5539.868608236313
depth2_bal_AAMM,2,AAMM,34775,417300,0.011826287023723125,0.06868752464652061,0.07104605638555118,1.0,0.9843342036553525,0.9854569862400716,0.9934725848563969,0.0003,1.0,5543.537180900574
depth2_bal_AAMM,2,AAMM,34800,417600,0.009924127099414667,0.06340770050883293,0.06680966338941029,1.0,0.9856396866840731,0.9855688555766864,0.9934725848563969,0.0003,1.0,5547.10542011261
depth2_bal_AAMM,2,AAMM,34825,417900,0.008470563722463945,0.05907783781488737,0.06410086761627878,1.0,0.9882506527415144,0.9862400715963754,0.9934725848563969,0.0003,1.0,5550.459074497223
depth2_bal_AAMM,2,AAMM,34850,418200,0.007274310531405111,0.05600244800249735,0.06217001953295299,1.0,0.9856396866840731,0.985792594249916,0.9934725848563969,0.0003,1.0,5553.940618515015
depth2_bal_AAMM,2,AAMM,34875,418500,0.00607856366938601,0.053420656671126686,0.05945880679147584,1.0,0.9882506527415144,0.985792594249916,0.9934725848563969,0.0003,1.0,5557.473351478577
depth2_bal_AAMM,2,AAMM,34900,418800,0.005089974108462532,0.050735969096422195,0.05827773841364043,1.0,0.9882506527415144,0.985792594249916,0.9934725848563969,0.0003,1.0,5561.103629350662
depth2_bal_AAMM,2,AAMM,34925,419100,0.004416873271111399,0.04658566849927107,0.056030704560024396,1.0,0.9908616187989556,0.98657567960622,0.9934725848563969,0.0003,1.0,5565.507677793503
depth2_bal_AAMM,2,AAMM,34950,419400,0.0036811418055246272,0.044105447828769684,0.053765930767570226,1.0,0.9908616187989556,0.9862400715963754,0.9934725848563969,0.0003,1.0,5569.325462818146
depth2_bal_AAMM,2,AAMM,34975,419700,0.0031355235648031035,0.04184832486013571,0.052601172562156406,1.0,0.9882506527415144,0.9864638102696051,0.9934725848563969,0.0003,1.0,5572.828008651733
depth2_bal_AAMM,2,AAMM,35000,420000,0.0026680755933436253,0.039550211280584335,0.05294285389993872,1.0,0.9908616187989556,0.9866875489428347,0.9934725848563969,0.0003,1.0,5576.483874320984
depth2_bal_AAMM,2,AAMM,35025,420300,0.0022317276161629707,0.03748170658946037,0.04969882730926786,1.0,0.9921671018276762,0.9876943729723683,0.9934725848563969,0.0003,1.0,5580.717325925827
depth2_bal_AAMM,2,AAMM,35050,420600,0.0019299070700071752,0.03701543311278025,0.04963946821434157,1.0,0.9908616187989556,0.9873587649625237,0.9934725848563969,0.0003,1.0,5584.5497760772705
depth2_bal_AAMM,2,AAMM,35075,420900,0.0016302996373269707,0.03758488968014717,0.05057153164276055,1.0,0.9895561357702349,0.9871350262892941,0.9934725848563969,0.0003,1.0,5588.259921550751
depth2_bal_AAMM,2,AAMM,35100,421200,0.001444374075314651,0.03300801292061806,0.0495636237519128,1.0,0.9921671018276762,0.9871350262892941,0.9934725848563969,0.0003,1.0,5591.894591331482
depth2_bal_AAMM,2,AAMM,35125,421500,0.0011656716330132137,0.0327974371612072,0.04820557949798448,1.0,0.9895561357702349,0.9873587649625237,0.9934725848563969,0.0003,1.0,5595.686608791351
depth2_bal_AAMM,2,AAMM,35150,421800,0.0010035207524197176,0.030917515978217125,0.0462219367868134,1.0,0.9882506527415144,0.9881418503188276,0.9934725848563969,0.0003,1.0,5599.302768230438
depth2_bal_AAMM,2,AAMM,35175,422100,0.0008465110780283188,0.029239679997165997,0.04650376476347447,1.0,0.9921671018276762,0.987918111645598,0.9934725848563969,0.0003,1.0,5602.896971702576
depth2_bal_AAMM,2,AAMM,35200,422400,0.0007307699997909367,0.03028723473350207,0.04688539542257786,1.0,0.9869451697127938,0.9880299809822127,0.9934725848563969,0.0003,1.0,5606.483664512634
depth2_bal_AAMM,2,AAMM,35225,422700,0.0006587565391479681,0.027690709568560123,0.04648763510797705,1.0,0.9921671018276762,0.988589327665287,0.9934725848563969,0.0003,1.0,5610.40854716301
depth2_bal_AAMM,2,AAMM,35250,423000,0.018472343993683655,0.10366480549176534,0.10500987448862621,1.0,0.9699738903394256,0.9739344445687437,0.9934725848563969,0.0003,1.0,5614.075593709946
depth2_bal_AAMM,2,AAMM,35275,423300,0.017607890923197072,0.10436435292164485,0.10658398504768099,1.0,0.9738903394255874,0.9728157512025953,0.9934725848563969,0.0003,1.0,5617.799789190292
depth2_bal_AAMM,2,AAMM,35300,423600,0.015816382753352325,0.10488106062014897,0.10655273688691003,1.0,0.9725848563968669,0.9706902338069135,0.9934725848563969,0.0003,1.0,5621.776541233063
depth2_bal_AAMM,2,AAMM,35325,423900,0.013436143441746632,0.10347452635566394,0.10681709444948605,1.0,0.9725848563968669,0.9709139724801432,0.9934725848563969,0.0003,1.0,5625.309334754944
depth2_bal_AAMM,2,AAMM,35350,424200,0.011244991328567266,0.1031971958776315,0.102261356902974,1.0,0.9660574412532638,0.9719207965096767,0.9934725848563969,0.0003,1.0,5629.297487735748
depth2_bal_AAMM,2,AAMM,35375,424500,0.009953050796563426,0.10502954075733821,0.1000050503228392,1.0,0.9686684073107049,0.9722564045195212,0.9934725848563969,0.0003,1.0,5633.572234630585
depth2_bal_AAMM,2,AAMM,35400,424800,0.00840335056030502,0.10378993923465411,0.09967963291066033,1.0,0.9686684073107049,0.9719207965096767,0.9934725848563969,0.0003,1.0,5637.571515798569
depth2_bal_AAMM,2,AAMM,35425,425100,0.0068972514709457755,0.09692295392354329,0.09784002623387746,1.0,0.9725848563968669,0.9729276205392102,0.9934725848563969,0.0003,1.0,5643.199338436127
depth2_bal_AAMM,2,AAMM,35450,425400,0.012281777647634348,0.1039707362651825,0.09337236966405596,1.0,0.9660574412532638,0.9767311779841146,0.9934725848563969,0.0003,1.0,5647.346768379211
depth2_bal_AAMM,2,AAMM,35475,425700,0.01289328234270215,0.10331797351439793,0.08961691984108516,1.0,0.9686684073107049,0.9779617406868777,0.9934725848563969,0.0003,1.0,5651.24031829834
depth2_bal_AAMM,2,AAMM,35500,426000,0.011271866892154018,0.10092824697494507,0.08539317739861352,1.0,0.9738903394255874,0.9795279113994854,0.9934725848563969,0.0003,1.0,5655.321309328079
depth2_bal_AAMM,2,AAMM,35525,426300,0.009697989638273915,0.09880856921275456,0.08406227592911039,1.0,0.9699738903394256,0.9775142633404184,0.9934725848563969,0.0003,1.0,5659.715952396393
depth2_bal_AAMM,2,AAMM,35550,426600,0.008167695060061911,0.09588078161080678,0.0815948979130813,1.0,0.9725848563968669,0.9786329567065667,0.9934725848563969,0.0003,1.0,5663.390475273132
depth2_bal_AAMM,2,AAMM,35575,426900,0.007027922702642779,0.09231068690617879,0.07982691164527621,1.0,0.9725848563968669,0.9785210873699519,0.9934725848563969,0.0003,1.0,5667.639856100082
depth2_bal_AAMM,2,AAMM,35600,427200,0.0059586600012456374,0.09139990558226903,0.07756424780402865,1.0,0.9765013054830287,0.9785210873699519,0.9934725848563969,0.0003,1.0,5671.764821052551
depth2_bal_AAMM,2,AAMM,35625,427500,0.00506453518755734,0.0912716972331206,0.07668699717947415,1.0,0.9751958224543081,0.9799753887459447,0.9934725848563969,0.0003,1.0,5675.531359195709
depth2_bal_AAMM,2,AAMM,35650,427800,0.0044852506058911485,0.09404936557014783,0.07428026955042566,1.0,0.9712793733681462,0.979751650072715,0.9934725848563969,0.0003,1.0,5679.338338136673
depth2_bal_AAMM,2,AAMM,35675,428100,0.0037268242449499667,0.09053525825341542,0.07363752009613174,1.0,0.9738903394255874,0.9791923033896409,0.9934725848563969,0.0003,1.0,5684.940366029739
depth2_bal_AAMM,2,AAMM,35700,428400,0.0035316984091574946,0.09340976426998775,0.07812435680202075,1.0,0.9660574412532638,0.9774023940038036,0.9934725848563969,0.0003,1.0,5689.164422512054
depth2_bal_AAMM,2,AAMM,35725,428700,0.0027776114099348583,0.0964108978708585,0.07530777571456773,1.0,0.9673629242819843,0.978409218033337,0.9934725848563969,0.0003,1.0,5692.964996814728
depth2_bal_AAMM,2,AAMM,35750,429000,0.002404569046727071,0.09883564089735349,0.07752397714981012,1.0,0.9647519582245431,0.9779617406868777,0.9934725848563969,0.0003,1.0,5696.634124517441
depth2_bal_AAMM,2,AAMM,35775,429300,0.03522435513635477,0.1383464311559995,0.139850244138922,1.0,0.9634464751958225,0.9662154603423202,0.9934725848563969,0.0003,1.0,5700.537305831909
depth2_bal_AAMM,2,AAMM,35800,429600,0.025781012916316588,0.10970523456732433,0.11873202919960021,1.0,0.9725848563968669,0.971025841816758,0.9934725848563969,0.0003,1.0,5706.195164442062
depth2_bal_AAMM,2,AAMM,35825,429900,0.021930942467103403,0.09778072933355968,0.10991160699299403,1.0,0.9778067885117493,0.9731513592124399,0.9934725848563969,0.0003,1.0,5710.231837749481
depth2_bal_AAMM,2,AAMM,35850,430200,0.018450704868882895,0.09101039419571559,0.10544881778103965,1.0,0.9804177545691906,0.973039489875825,0.9934725848563969,0.0003,1.0,5713.086561918259
depth2_bal_AAMM,2,AAMM,35875,430500,0.01565133788002034,0.08575637141863506,0.10222347655466625,1.0,0.9830287206266318,0.9732632285490547,0.9934725848563969,0.0003,1.0,5717.830680847168
depth2_bal_AAMM,2,AAMM,35900,430800,0.01317765765512983,0.07915597781538963,0.09746250840170043,1.0,0.9830287206266318,0.9752768766081217,0.9934725848563969,0.0003,1.0,5722.858047485352
depth2_bal_AAMM,2,AAMM,35925,431100,0.011093431385233998,0.0775110311806202,0.0948532620710986,1.0,0.9843342036553525,0.9740463139053586,0.9934725848563969,0.0003,1.0,5728.452993392944
depth2_bal_AAMM,2,AAMM,35950,431400,0.009305940320094427,0.07430398836731911,0.09226463511586189,1.0,0.9843342036553525,0.9742700525785882,0.9934725848563969,0.0003,1.0,5734.245315790176
depth2_bal_AAMM,2,AAMM,35975,431700,0.007816016441211104,0.06992726400494576,0.08971696676952498,1.0,0.9843342036553525,0.9748293992616623,0.9934725848563969,0.0003,1.0,5738.95080447197
depth2_bal_AAMM,2,AAMM,36000,432000,0.00668242775524656,0.06807345276077588,0.08781331309250423,1.0,0.9856396866840731,0.975053137934892,0.9934725848563969,0.0003,1.0,5743.432673215866
depth2_bal_AAMM,2,AAMM,36025,432300,0.005528465146198869,0.06482352688908577,0.08466753214597703,1.0,0.9856396866840731,0.9748293992616623,0.9934725848563969,0.0003,1.0,5748.369539737701
depth2_bal_AAMM,2,AAMM,36050,432600,0.004755532873483996,0.06563778469959895,0.08478253606174674,1.0,0.9843342036553525,0.9752768766081217,0.9934725848563969,0.0003,1.0,5751.175934314728
depth2_bal_AAMM,2,AAMM,36075,432900,0.004029406234622002,0.06190302471319834,0.08483303966266768,1.0,0.9843342036553525,0.9747175299250476,0.9934725848563969,0.0003,1.0,5753.349225521088
depth2_bal_AAMM,2,AAMM,36100,433200,0.003446927332940201,0.05920521294077238,0.08335041685828141,1.0,0.9843342036553525,0.9751650072715069,0.9934725848563969,0.0003,1.0,5755.540163516998
depth2_bal_AAMM,2,AAMM,36125,433500,0.002870329985550294,0.05686424424250921,0.08001387960144452,1.0,0.9856396866840731,0.9755006152813513,0.9934725848563969,0.0003,1.0,5757.540298700333
depth2_bal_AAMM,2,AAMM,36150,433800,0.0024478101986460388,0.05844624464710554,0.08041320831647941,1.0,0.9843342036553525,0.9755006152813513,0.9934725848563969,0.0003,1.0,5760.263510465622
depth2_bal_AAMM,2,AAMM,36175,434100,0.002052471973001957,0.06004003311196963,0.07917746294822012,1.0,0.9843342036553525,0.9762837006376552,0.9934725848563969,0.0003,1.0,5762.440319299698
depth2_bal_AAMM,2,AAMM,36200,434400,0.0018398381362203509,0.05577348917722702,0.07791237133954253,1.0,0.9856396866840731,0.9748293992616623,0.9934725848563969,0.0003,1.0,5764.432822704315
depth2_bal_AAMM,2,AAMM,36225,434700,0.0016112219212421526,0.0566305418809255,0.08067964049322264,1.0,0.9843342036553525,0.9762837006376552,0.9934725848563969,0.0003,1.0,5767.642694711685
depth2_bal_AAMM,2,AAMM,36250,435000,0.011914101739724478,0.09722244491179784,0.09808537534305027,1.0,0.9738903394255874,0.9738225752321289,0.9934725848563969,0.0003,1.0,5771.133344173431
depth2_bal_AAMM,2,AAMM,36275,435300,0.01110622271274527,0.09625753511985143,0.09539619992886271,1.0,0.9804177545691906,0.9733750978856696,0.9934725848563969,0.0003,1.0,5775.442460775375
depth2_bal_AAMM,2,AAMM,36300,435600,0.009590131463482976,0.09586150447527568,0.09192300204719817,1.0,0.9738903394255874,0.9741581832419733,0.9934725848563969,0.0003,1.0,5779.412661075592
depth2_bal_AAMM,2,AAMM,36325,435900,0.008279266495568057,0.09288964420557022,0.08833592470203128,1.0,0.9765013054830287,0.9756124846179662,0.9934725848563969,0.0003,1.0,5784.192012786865
depth2_bal_AAMM,2,AAMM,36350,436200,0.007012704814163347,0.09149984021981557,0.08669219964316913,1.0,0.9778067885117493,0.9767311779841146,0.9934725848563969,0.0003,1.0,5788.1656193733215
depth2_bal_AAMM,2,AAMM,36375,436500,0.005968324335602422,0.08994123339653015,0.08533031003815787,1.0,0.9738903394255874,0.9775142633404184,0.9934725848563969,0.0003,1.0,5792.074115037918
depth2_bal_AAMM,2,AAMM,36400,436800,0.005030577187426388,0.08570952837665875,0.08407609633037022,1.0,0.9778067885117493,0.9774023940038036,0.9934725848563969,0.0003,1.0,5796.269418478012
depth2_bal_AAMM,2,AAMM,36425,437100,0.004290058587988217,0.08522033194700877,0.08213999282036509,1.0,0.9765013054830287,0.9772905246671887,0.9934725848563969,0.0003,1.0,5800.0364899635315
depth2_bal_AAMM,2,AAMM,36450,437400,0.0035136318765580654,0.08543334156274796,0.08233402190463883,1.0,0.9765013054830287,0.9765074393108849,0.9934725848563969,0.0003,1.0,5804.291937828064
depth2_bal_AAMM,2,AAMM,36475,437700,0.22132671624422073,0.2700894872347514,0.26292639374732973,0.9409268929503917,0.9242819843342036,0.9243763284483723,0.9934725848563969,0.0003,1.0,5807.295700550079
depth2_bal_AAMM,2,AAMM,36500,438000,0.014618190626303354,0.08753352860609691,0.09551823692662376,1.0,0.9778067885117493,0.9756124846179662,0.9934725848563969,0.0003,1.0,5812.816824197769
depth2_bal_AAMM,2,AAMM,36525,438300,0.012977856677025557,0.08527654906113942,0.09200633519462177,1.0,0.97911227154047,0.9774023940038036,0.9934725848563969,0.0003,1.0,5817.116832494736
depth2_bal_AAMM,2,AAMM,36550,438600,0.011222507106140256,0.08469294384121895,0.09132451212831906,1.0,0.9804177545691906,0.9782973486967222,0.9934725848563969,0.0003,1.0,5821.800848007202
depth2_bal_AAMM,2,AAMM,36575,438900,0.00965612226476272,0.08475094536940257,0.08913904641355787,1.0,0.9765013054830287,0.9775142633404184,0.9934725848563969,0.0003,1.0,5825.67227435112
depth2_bal_AAMM,2,AAMM,36600,439200,0.008276076482919356,0.08616057162483533,0.08838683813810348,1.0,0.9738903394255874,0.9768430473207294,0.9934725848563969,0.0003,1.0,5829.670356750488
depth2_bal_AAMM,2,AAMM,36625,439500,0.007086643987956147,0.0785837285220623,0.08388767178569521,1.0,0.9830287206266318,0.9789685647164112,0.9934725848563969,0.0003,1.0,5833.523181438446
depth2_bal_AAMM,2,AAMM,36650,439800,0.00613875031316032,0.0806767779091994,0.08412183927638191,1.0,0.9751958224543081,0.9780736100234926,0.9934725848563969,0.0003,1.0,5837.606170415878
depth2_bal_AAMM,2,AAMM,36675,440100,0.00501675927080214,0.07787778228521347,0.08191297543900354,1.0,0.97911227154047,0.9785210873699519,0.9934725848563969,0.0003,1.0,5841.428399801254
depth2_bal_AAMM,2,AAMM,36700,440400,0.004453610046766698,0.08059309298793475,0.08429808872086661,1.0,0.9725848563968669,0.9776261326770332,0.9934725848563969,0.0003,1.0,5845.910400390625
depth2_bal_AAMM,2,AAMM,36725,440700,0.003623506345320493,0.07699612900614738,0.08289182393678597,1.0,0.9725848563968669,0.9768430473207294,0.9934725848563969,0.0003,1.0,5850.441437005997
depth2_bal_AAMM,2,AAMM,36750,441000,0.029499612438182037,0.12893997877836227,0.12726577286209378,1.0,0.9647519582245431,0.9684528470746169,0.9934725848563969,0.0003,1.0,5854.3864369392395
depth2_bal_AAMM,2,AAMM,36775,441300,0.02162281625593702,0.10825371245543162,0.1096667536667415,1.0,0.9699738903394256,0.9711377111533729,0.9934725848563969,0.0003,1.0,5857.935596227646
depth2_bal_AAMM,2,AAMM,36800,441600,0.018675514341642458,0.1010959620277087,0.10435193947383335,1.0,0.9686684073107049,0.9724801431927509,0.9934725848563969,0.0003,1.0,5862.11018037796
depth2_bal_AAMM,2,AAMM,36825,441900,0.01568531400213639,0.09220142910877864,0.0988512362752642,1.0,0.9751958224543081,0.974381921915203,0.9934725848563969,0.0003,1.0,5866.308501243591
depth2_bal_AAMM,2,AAMM,36850,442200,0.013238035220031938,0.0901681346197923,0.09556687335882869,1.0,0.9778067885117493,0.9758362232911959,0.9934725848563969,0.0003,1.0,5870.119026422501
depth2_bal_AAMM,2,AAMM,36875,442500,0.01118048334804674,0.08738664040962855,0.09148892111011914,1.0,0.9778067885117493,0.975724353954581,0.9934725848563969,0.0003,1.0,5874.111703872681
depth2_bal_AAMM,2,AAMM,36900,442800,0.009410976199433208,0.0791368583838145,0.08549256218331201,1.0,0.97911227154047,0.9767311779841146,0.9934725848563969,0.0003,1.0,5877.803379058838
depth2_bal_AAMM,2,AAMM,36925,443100,0.00804480134199063,0.07602554683883984,0.08419224822095463,1.0,0.97911227154047,0.9775142633404184,0.9934725848563969,0.0003,1.0,5881.907167434692
depth2_bal_AAMM,2,AAMM,36950,443400,0.006757419323548675,0.07401228571931522,0.08057088287813323,1.0,0.97911227154047,0.9787448260431816,0.9934725848563969,0.0003,1.0,5886.132142066956
depth2_bal_AAMM,2,AAMM,36975,443700,0.0057334150187671185,0.0742836482822895,0.07826063334941864,1.0,0.9765013054830287,0.9779617406868777,0.9934725848563969,0.0003,1.0,5889.81311583519
depth2_bal_AAMM,2,AAMM,37000,444000,0.004720844638844331,0.06634818762540817,0.07572176030703953,1.0,0.9804177545691906,0.9788566953797964,0.9934725848563969,0.0003,1.0,5893.6474051475525
depth2_bal_AAMM,2,AAMM,37025,444300,0.004047469662812849,0.06540860856572787,0.07515887426478522,1.0,0.9778067885117493,0.9791923033896409,0.9934725848563969,0.0003,1.0,5905.165946960449
depth2_bal_AAMM,2,AAMM,37050,444600,0.0034351842283892133,0.06747727344433467,0.07335802646619934,1.0,0.9778067885117493,0.9782973486967222,0.9934725848563969,0.0003,1.0,5909.337187051773
depth2_bal_AAMM,2,AAMM,37075,444900,0.002908786409534514,0.06654778619607289,0.07383165508508682,1.0,0.9778067885117493,0.978409218033337,0.9934725848563969,0.0003,1.0,5913.744474172592
depth2_bal_AAMM,2,AAMM,37100,445200,0.002612478914670646,0.06435333316524823,0.07269867222223964,1.0,0.97911227154047,0.9793041727262557,0.9934725848563969,0.0003,1.0,5917.3965945243835
depth2_bal_AAMM,2,AAMM,37125,445500,0.0021893886441830546,0.062002147237459816,0.07307660042175225,1.0,0.9817232375979112,0.979080434053026,0.9934725848563969,0.0003,1.0,5921.916340827942
depth2_bal_AAMM,2,AAMM,37150,445800,0.013198791382213434,0.0976378470659256,0.0952727065554687,1.0,0.9725848563968669,0.9747175299250476,0.9934725848563969,0.0003,1.0,5926.257582426071
depth2_bal_AAMM,2,AAMM,37175,446100,0.012226969469338655,0.0909596582253774,0.08816627902644021,1.0,0.9751958224543081,0.9768430473207294,0.9934725848563969,0.0003,1.0,5930.613848924637
depth2_bal_AAMM,2,AAMM,37200,446400,0.010537246707826853,0.08518025527397792,0.08233425287263733,1.0,0.9765013054830287,0.9794160420628706,0.9934725848563969,0.0003,1.0,5935.274793148041
depth2_bal_AAMM,2,AAMM,37225,446700,0.009033345229302844,0.08357309550046921,0.07981372826865742,1.0,0.9738903394255874,0.9808703434388634,0.9934725848563969,0.0003,1.0,5939.337021112442
depth2_bal_AAMM,2,AAMM,37250,447000,0.007769767621842523,0.07515502721071243,0.07475255514894213,1.0,0.9778067885117493,0.9822127754782414,0.9934725848563969,0.0003,1.0,5943.721346139908
depth2_bal_AAMM,2,AAMM,37275,447300,0.006586908789662023,0.07230433821678162,0.0718178075339113,1.0,0.9765013054830287,0.983778946190849,0.9934725848563969,0.0003,1.0,5947.47082901001
depth2_bal_AAMM,2,AAMM,37300,447600,0.005585908967380722,0.07113982985417049,0.06948519157511847,1.0,0.9751958224543081,0.9834433381810046,0.9934725848563969,0.0003,1.0,5952.361898899078
depth2_bal_AAMM,2,AAMM,37325,447900,0.004667242174036801,0.06587886686126392,0.06711692666368825,1.0,0.9804177545691906,0.9841145542006936,0.9934725848563969,0.0003,1.0,5956.70225071907
depth2_bal_AAMM,2,AAMM,37350,448200,0.004111432664406796,0.06662044549981753,0.06596415724073137,1.0,0.97911227154047,0.9833314688443897,0.9934725848563969,0.0003,1.0,5960.855895519257
depth2_bal_AAMM,2,AAMM,37375,448500,0.13126046458880106,0.20577684044837952,0.2109366020986012,0.9683420365535248,0.9412532637075718,0.9422754223067458,0.9934725848563969,0.0003,1.0,5965.447686672211
depth2_bal_AAMM,2,AAMM,37400,448800,0.013980693649500608,0.09244586775700252,0.09627688441957746,1.0,0.9712793733681462,0.974381921915203,0.9934725848563969,0.0003,1.0,5969.409802675247
depth2_bal_AAMM,2,AAMM,37425,449100,0.012464952189475298,0.09231335173050563,0.0942238443664142,1.0,0.9712793733681462,0.9761718313010403,0.9934725848563969,0.0003,1.0,5973.978506326675
depth2_bal_AAMM,2,AAMM,37450,449400,0.010734564935167631,0.09037522971630096,0.0915506406554154,1.0,0.9725848563968669,0.977066785993959,0.9934725848563969,0.0003,1.0,5978.0080473423
depth2_bal_AAMM,2,AAMM,37475,449700,0.009094138164073229,0.0900785264869531,0.09116002821496555,1.0,0.9686684073107049,0.9761718313010403,0.9934725848563969,0.0003,1.0,5982.323191165924
depth2_bal_AAMM,2,AAMM,37500,450000,0.00779833229413877,0.08834977944691975,0.08825406347002301,1.0,0.9712793733681462,0.9767311779841146,0.9934725848563969,0.0003,1.0,5986.846549034119
depth2_bal_AAMM,2,AAMM,37525,450300,0.006567359358693163,0.08475195119778316,0.0863518802183015,1.0,0.9712793733681462,0.97639556997427,0.9934725848563969,0.0003,1.0,5993.849863767624
depth2_bal_AAMM,2,AAMM,37550,450600,0.0056441065001611905,0.0837106816470623,0.08569880351424217,1.0,0.9738903394255874,0.9767311779841146,0.9934725848563969,0.0003,1.0,5997.755473852158
depth2_bal_AAMM,2,AAMM,37575,450900,0.004804358720624198,0.07833479965726535,0.08360617011785507,1.0,0.9712793733681462,0.9762837006376552,0.9934725848563969,0.0003,1.0,6002.155682563782
depth2_bal_AAMM,2,AAMM,37600,451200,0.00420343359777083,0.08275868495305379,0.08371761377368654,1.0,0.9686684073107049,0.9755006152813513,0.9934725848563969,0.0003,1.0,6005.794981956482
depth2_bal_AAMM,2,AAMM,37625,451500,0.0036088016737873354,0.07886116951704025,0.08290833894695554,1.0,0.9686684073107049,0.9753887459447366,0.9934725848563969,0.0003,1.0,6010.126319885254
depth2_bal_AAMM,2,AAMM,37650,451800,0.002940744258618603,0.07950322329998016,0.08173711938517435,1.0,0.9738903394255874,0.9760599619644256,0.9934725848563969,0.0003,1.0,6014.7254550457
depth2_bal_AAMM,2,AAMM,37675,452100,0.002489964729951074,0.07911062488953273,0.07970023293580328,1.0,0.9699738903394256,0.977066785993959,0.9934725848563969,0.0003,1.0,6018.75240445137
depth2_bal_AAMM,2,AAMM,37700,452400,0.17175697286923727,0.2766319413979848,0.26212431277547565,0.9823759791122716,0.9386422976501305,0.9456315024051908,0.9934725848563969,0.0003,1.0,6022.784707784653
depth2_bal_AAMM,2,AAMM,37725,452700,0.02539765912418564,0.12021990617116292,0.11773738988808223,1.0,0.9725848563968669,0.9725920125293657,0.9934725848563969,0.0003,1.0,6026.988031625748
depth2_bal_AAMM,2,AAMM,37750,453000,0.020438329316675663,0.10125431418418884,0.10247711326394762,1.0,0.9778067885117493,0.9761718313010403,0.9934725848563969,0.0003,1.0,6032.3242037296295
depth2_bal_AAMM,2,AAMM,37775,453300,0.017145546308408182,0.09192998458941777,0.09425899876015527,1.0,0.9830287206266318,0.9774023940038036,0.9934725848563969,0.0003,1.0,6036.497694730759
depth2_bal_AAMM,2,AAMM,37800,453600,0.014464892214164138,0.0865832803150018,0.0893409897174154,1.0,0.9765013054830287,0.9778498713502629,0.9934725848563969,0.0003,1.0,6042.158553600311
depth2_bal_AAMM,2,AAMM,37825,453900,0.012125296828647455,0.08491366977492969,0.0852431446313858,1.0,0.9725848563968669,0.9776261326770332,0.9934725848563969,0.0003,1.0,6046.080609798431
depth2_bal_AAMM,2,AAMM,37850,454200,0.010284496316065391,0.0785561315715313,0.08143728992768696,1.0,0.9765013054830287,0.9781854793601074,0.9934725848563969,0.0003,1.0,6050.338867425919
depth2_bal_AAMM,2,AAMM,37875,454500,0.008613672068653008,0.07612735653916995,0.07900607000504221,1.0,0.9778067885117493,0.9774023940038036,0.9934725848563969,0.0003,1.0,6054.357600688934
depth2_bal_AAMM,2,AAMM,37900,454800,0.007316784001886845,0.07138926163315773,0.07660580426454544,1.0,0.9778067885117493,0.9781854793601074,0.9934725848563969,0.0003,1.0,6058.3384573459625
depth2_bal_AAMM,2,AAMM,37925,455100,0.006392958030725519,0.07117876658837001,0.07545590720006398,1.0,0.9804177545691906,0.9772905246671887,0.9934725848563969,0.0003,1.0,6062.936702489853
depth2_bal_AAMM,2,AAMM,37950,455400,0.005272544610003631,0.0673399989803632,0.07415472524506705,1.0,0.9765013054830287,0.9778498713502629,0.9934725848563969,0.0003,1.0,6067.138733386993
depth2_bal_AAMM,2,AAMM,37975,455700,0.005385612583874415,0.07253298039237659,0.08052216204149383,1.0,0.9738903394255874,0.9733750978856696,0.9934725848563969,0.0003,1.0,6075.295095682144
depth2_bal_AAMM,2,AAMM,38000,456000,0.009447858746473988,0.08331604426105817,0.09055678738015038,1.0,0.9765013054830287,0.9732632285490547,0.9934725848563969,0.0003,1.0,6079.132957935333
depth2_bal_AAMM,2,AAMM,38025,456300,0.009189292322844267,0.08187238623698552,0.08802734315395355,1.0,0.9765013054830287,0.9758362232911959,0.9934725848563969,0.0003,1.0,6086.304618597031
depth2_bal_AAMM,2,AAMM,38050,456600,0.007952388375997543,0.08069930722316106,0.08617274644119399,1.0,0.9778067885117493,0.9774023940038036,0.9934725848563969,0.0003,1.0,6090.760176181793
depth2_bal_AAMM,2,AAMM,38075,456900,0.0068793403916060925,0.0812592829267184,0.08479461148381233,1.0,0.9778067885117493,0.9775142633404184,0.9934725848563969,0.0003,1.0,6094.761728286743
depth2_bal_AAMM,2,AAMM,38100,457200,0.0059080101394404965,0.0805813694993655,0.0847747024680887,1.0,0.9765013054830287,0.9766193086474997,0.9934725848563969,0.0003,1.0,6098.441173791885
depth2_bal_AAMM,2,AAMM,38125,457500,0.004953711410053074,0.07937012240290642,0.0839627525636128,1.0,0.97911227154047,0.9768430473207294,0.9934725848563969,0.0003,1.0,6102.569602966309
depth2_bal_AAMM,2,AAMM,38150,457800,0.004218424398762484,0.07628754402200381,0.08204625823668071,1.0,0.9778067885117493,0.9775142633404184,0.9934725848563969,0.0003,1.0,6106.240991830826
depth2_bal_AAMM,2,AAMM,38175,458100,0.0037457357587603233,0.07919368147850037,0.08382115992052215,1.0,0.9751958224543081,0.9768430473207294,0.9934725848563969,0.0003,1.0,6108.220859527588
depth2_bal_AAMM,2,AAMM,38200,458400,0.0033047914039343596,0.08177145694692929,0.0836542747914791,1.0,0.9765013054830287,0.9768430473207294,0.9934725848563969,0.0003,1.0,6111.117488145828
depth2_bal_AAMM,2,AAMM,38225,458700,0.002750798574804018,0.07694625854492188,0.08317198540483202,1.0,0.97911227154047,0.9774023940038036,0.9934725848563969,0.0003,1.0,6115.763161659241
depth2_bal_AAMM,2,AAMM,38250,459000,0.002232107799500227,0.08033714443445206,0.0826195883431605,1.0,0.9751958224543081,0.9768430473207294,0.9934725848563969,0.0003,1.0,6119.958987236023
depth2_bal_AAMM,2,AAMM,38275,459300,0.001994599762838334,0.08843364069859187,0.08849911828126227,1.0,0.9765013054830287,0.9732632285490547,0.9934725848563969,0.0003,1.0,6124.7066996097565
depth2_bal_AAMM,2,AAMM,38300,459600,0.001877718100634714,0.0835189347465833,0.08781750202178955,1.0,0.9751958224543081,0.9752768766081217,0.9934725848563969,0.0003,1.0,6129.20321393013
depth2_bal_AAMM,2,AAMM,38325,459900,0.022728498404224712,0.10787763446569443,0.1049456660236631,1.0,0.9712793733681462,0.9756124846179662,0.9934725848563969,0.0003,1.0,6132.97340798378
depth2_bal_AAMM,2,AAMM,38350,460200,0.018678724920998018,0.09000048041343689,0.09209170490503311,1.0,0.9804177545691906,0.9805347354290189,0.9934725848563969,0.0003,1.0,6136.944177150726
depth2_bal_AAMM,2,AAMM,38375,460500,0.016089729421461623,0.085776732613643,0.08848350548318454,1.0,0.9817232375979112,0.9813178207853227,0.9934725848563969,0.0003,1.0,6140.833196878433
depth2_bal_AAMM,2,AAMM,38400,460800,0.013911870463440815,0.08283341800173123,0.08507532605103084,1.0,0.9817232375979112,0.9815415594585524,0.9934725848563969,0.0003,1.0,6144.9373643398285
depth2_bal_AAMM,2,AAMM,38425,461100,0.01190922618843615,0.07863613838950793,0.08349188672644751,1.0,0.97911227154047,0.9813178207853227,0.9934725848563969,0.0003,1.0,6148.763401508331
depth2_bal_AAMM,2,AAMM,38450,461400,0.010153526129821936,0.07637564092874527,0.08039107812302453,1.0,0.9778067885117493,0.9821009061416266,0.9934725848563969,0.0003,1.0,6153.409334421158
depth2_bal_AAMM,2,AAMM,38475,461700,0.008553684107027948,0.07225825389226277,0.07786767833999225,1.0,0.9817232375979112,0.9823246448148563,0.9934725848563969,0.0003,1.0,6156.421788930893
depth2_bal_AAMM,2,AAMM,38500,462000,0.007173144142143428,0.06920359283685684,0.07639704761760575,1.0,0.9804177545691906,0.9821009061416266,0.9934725848563969,0.0003,1.0,6160.500546693802
depth2_bal_AAMM,2,AAMM,38525,462300,0.006079419516026974,0.0704263225197792,0.07609571314283779,1.0,0.9804177545691906,0.981765298131782,0.9934725848563969,0.0003,1.0,6165.190990686417
depth2_bal_AAMM,2,AAMM,38550,462600,0.00522907617657135,0.06779920185605685,0.07540430107286998,1.0,0.9804177545691906,0.9812059514487079,0.9934725848563969,0.0003,1.0,6169.341970920563
depth2_bal_AAMM,2,AAMM,38575,462900,0.004436952605222662,0.07014529034495354,0.07525807672313281,1.0,0.97911227154047,0.9813178207853227,0.9934725848563969,0.0003,1.0,6176.240519523621
depth2_bal_AAMM,2,AAMM,38600,463200,0.00408736973380049,0.07141949981451035,0.07589678785630635,1.0,0.9751958224543081,0.979080434053026,0.9934725848563969,0.0003,1.0,6180.35561132431
depth2_bal_AAMM,2,AAMM,38625,463500,0.04190857242792845,0.1425357237458229,0.132102983551366,0.9960835509138382,0.9556135770234987,0.9621881642241862,0.9934725848563969,0.0003,1.0,6184.571661710739
depth2_bal_AAMM,2,AAMM,38650,463800,0.010289896201963225,0.08697784567872684,0.08435255991561072,1.0,0.9765013054830287,0.9780736100234926,0.9934725848563969,0.0003,1.0,6189.186374664307
depth2_bal_AAMM,2,AAMM,38675,464100,0.009374926487604776,0.08469415952761968,0.08238888287118502,1.0,0.9778067885117493,0.9796397807361003,0.9934725848563969,0.0003,1.0,6193.6706647872925
depth2_bal_AAMM,2,AAMM,38700,464400,0.00826729298569262,0.08367420732975006,0.08109336580548968,1.0,0.9751958224543081,0.9794160420628706,0.9934725848563969,0.0003,1.0,6197.62104010582
depth2_bal_AAMM,2,AAMM,38725,464700,0.007322808029130101,0.08483257641394933,0.08144270735127586,1.0,0.9765013054830287,0.977738002013648,0.9934725848563969,0.0003,1.0,6202.370654344559
depth2_bal_AAMM,2,AAMM,38750,465000,0.006161789875477552,0.08693013216058414,0.07994469457439014,1.0,0.9751958224543081,0.9776261326770332,0.9934725848563969,0.0003,1.0,6206.71576333046
depth2_bal_AAMM,2,AAMM,38775,465300,0.005367196747101843,0.08681570366024971,0.08090393734829766,1.0,0.9699738903394256,0.97639556997427,0.9934725848563969,0.0003,1.0,6211.175078392029
depth2_bal_AAMM,2,AAMM,38800,465600,0.0050685212869818015,0.09151063983639081,0.08097974924104555,1.0,0.9725848563968669,0.9762837006376552,0.9934725848563969,0.0003,1.0,6215.709128856659
depth2_bal_AAMM,2,AAMM,38825,465900,0.0036282011812242367,0.08410332724452019,0.07656389506799834,1.0,0.9725848563968669,0.9776261326770332,0.9934725848563969,0.0003,1.0,6219.356472015381
depth2_bal_AAMM,2,AAMM,38850,466200,0.0032566393298717835,0.08405542249480884,0.07708420253225735,1.0,0.9699738903394256,0.97639556997427,0.9934725848563969,0.0003,1.0,6223.22749042511
depth2_bal_AAMM,2,AAMM,38875,466500,0.025580415191749733,0.12534417460362116,0.12065700207437788,1.0,0.9699738903394256,0.9686765857478465,0.9934725848563969,0.0003,1.0,6227.404050827026
depth2_bal_AAMM,2,AAMM,38900,466800,0.018664395436644554,0.11040494590997696,0.10379067744527544,1.0,0.9699738903394256,0.9755006152813513,0.9934725848563969,0.0003,1.0,6230.9472625255585
depth2_bal_AAMM,2,AAMM,38925,467100,0.016117504720265668,0.10292660196622212,0.09933094414217132,1.0,0.9699738903394256,0.9765074393108849,0.9934725848563969,0.0003,1.0,6234.616806030273
depth2_bal_AAMM,2,AAMM,38950,467400,0.013798810153578719,0.10064111898342769,0.09697537571191787,1.0,0.9725848563968669,0.9758362232911959,0.9934725848563969,0.0003,1.0,6238.4183876514435
depth2_bal_AAMM,2,AAMM,38975,467700,0.01161901179390649,0.09667029976844788,0.092841893860272,1.0,0.9725848563968669,0.9765074393108849,0.9934725848563969,0.0003,1.0,6242.738416433334
depth2_bal_AAMM,2,AAMM,39000,468000,0.010064401586229602,0.09644788255294164,0.09177221155592373,1.0,0.9712793733681462,0.975724353954581,0.9934725848563969,0.0003,1.0,6246.818312168121
depth2_bal_AAMM,2,AAMM,39025,468300,0.008408445515669882,0.09477734317382176,0.08811576781528337,1.0,0.9699738903394256,0.975724353954581,0.9934725848563969,0.0003,1.0,6251.414595365524
depth2_bal_AAMM,2,AAMM,39050,468600,0.007166386116296053,0.09149384374419849,0.08647980732577187,1.0,0.9725848563968669,0.97639556997427,0.9934725848563969,0.0003,1.0,6255.720675468445
depth2_bal_AAMM,2,AAMM,39075,468900,0.006132386974059045,0.08987342566251755,0.08394271667514529,1.0,0.9699738903394256,0.9775142633404184,0.9934725848563969,0.0003,1.0,6259.596303701401
depth2_bal_AAMM,2,AAMM,39100,469200,0.005095849434534709,0.0987823319931825,0.08599221706390381,1.0,0.9725848563968669,0.975724353954581,0.9934725848563969,0.0003,1.0,6263.777232408524
depth2_bal_AAMM,2,AAMM,39125,469500,0.00429805579672878,0.0947578214108944,0.08255554416349956,1.0,0.9699738903394256,0.9774023940038036,0.9934725848563969,0.0003,1.0,6267.570796728134
depth2_bal_AAMM,2,AAMM,39150,469800,0.003913266817107797,0.09972027813394864,0.08501780607870647,1.0,0.9647519582245431,0.9767311779841146,0.9934725848563969,0.0003,1.0,6271.710581064224
depth2_bal_AAMM,2,AAMM,39175,470100,0.0031351122888736427,0.0919186919927597,0.07977680468133518,1.0,0.9647519582245431,0.9776261326770332,0.9934725848563969,0.0003,1.0,6275.717373847961
depth2_bal_AAMM,2,AAMM,39200,470400,0.15070647684236368,0.2266965905825297,0.24052280741078513,0.9598563968668408,0.9281984334203656,0.9233695044188388,0.9934725848563969,0.0003,1.0,6279.86691236496
depth2_bal_AAMM,2,AAMM,39225,470700,0.01235548787129422,0.07708501691619556,0.09100420719810895,1.0,0.97911227154047,0.9793041727262557,0.9934725848563969,0.0003,1.0,6284.646233320236
depth2_bal_AAMM,2,AAMM,39250,471000,0.011263661241779724,0.07373689984281857,0.08680584569062505,1.0,0.9830287206266318,0.9796397807361003,0.9934725848563969,0.0003,1.0,6288.896577358246
depth2_bal_AAMM,2,AAMM,39275,471300,0.00968629540875554,0.07134047895669937,0.08380992210337095,1.0,0.9778067885117493,0.9800872580825596,0.9934725848563969,0.0003,1.0,6293.097558498383
depth2_bal_AAMM,2,AAMM,39300,471600,0.008387483811626831,0.06572400654355685,0.08047694468072482,1.0,0.9817232375979112,0.981094082112093,0.9934725848563969,0.0003,1.0,6297.154580354691
depth2_bal_AAMM,2,AAMM,39325,471900,0.007078105467371643,0.06315722068150838,0.07755319135529655,1.0,0.9817232375979112,0.9816534287951673,0.9934725848563969,0.0003,1.0,6301.410008192062
depth2_bal_AAMM,2,AAMM,39350,472200,0.006084673339501023,0.06153633942206701,0.07588285846369607,1.0,0.9843342036553525,0.9819890368050117,0.9934725848563969,0.0003,1.0,6305.463842630386
depth2_bal_AAMM,2,AAMM,39375,472500,0.005125428355919818,0.05942376951376597,0.07473789400288038,1.0,0.9843342036553525,0.9821009061416266,0.9934725848563969,0.0003,1.0,6309.689622402191
depth2_bal_AAMM,2,AAMM,39400,472800,0.0043506635702215135,0.059778506557146706,0.07402362780911582,1.0,0.9830287206266318,0.9822127754782414,0.9934725848563969,0.0003,1.0,6313.39159488678
depth2_bal_AAMM,2,AAMM,39425,473100,0.003800477677335342,0.05878565708796183,0.07186272043202604,1.0,0.9869451697127938,0.9826602528247007,0.9934725848563969,0.0003,1.0,6317.689248085022
depth2_bal_AAMM,2,AAMM,39450,473400,0.003149359836243093,0.05896898483236631,0.07248289180653436,1.0,0.9869451697127938,0.9822127754782414,0.9934725848563969,0.0003,1.0,6323.009756565094
depth2_bal_AAMM,2,AAMM,39475,473700,0.00282489873158435,0.0586434043943882,0.07336327736931188,1.0,0.9856396866840731,0.9816534287951673,0.9934725848563969,0.0003,1.0,6327.053247213364
depth2_bal_AAMM,2,AAMM,39500,474000,0.016098652112608153,0.10393499583005905,0.09487806303160531,1.0,0.9686684073107049,0.973039489875825,0.9934725848563969,0.0003,1.0,6331.767094135284
depth2_bal_AAMM,2,AAMM,39525,474300,0.013798010147487124,0.1039494127035141,0.09331415327531951,1.0,0.9699738903394256,0.9755006152813513,0.9934725848563969,0.0003,1.0,6336.3242473602295
depth2_bal_AAMM,2,AAMM,39550,474600,0.012176288524642587,0.10027905305226643,0.09138869228107589,1.0,0.9725848563968669,0.9769549166573442,0.9934725848563969,0.0003,1.0,6340.657827377319
depth2_bal_AAMM,2,AAMM,39575,474900,0.010357822213942805,0.09810467064380646,0.08880355794514928,1.0,0.9765013054830287,0.9774023940038036,0.9934725848563969,0.0003,1.0,6344.820794343948
depth2_bal_AAMM,2,AAMM,39600,475200,0.008970259067912897,0.09992082665363948,0.08832924227629389,1.0,0.9686684073107049,0.9752768766081217,0.9934725848563969,0.0003,1.0,6349.5556354522705
depth2_bal_AAMM,2,AAMM,39625,475500,0.007749685668386519,0.09500624736150105,0.08710243510348456,1.0,0.9712793733681462,0.9756124846179662,0.9934725848563969,0.0003,1.0,6353.405528306961
depth2_bal_AAMM,2,AAMM,39650,475800,0.006471094287311037,0.09813477843999863,0.08991102129220963,1.0,0.9765013054830287,0.974381921915203,0.9934725848563969,0.0003,1.0,6357.860872268677
depth2_bal_AAMM,2,AAMM,39675,476100,0.005602759891189635,0.09480069701870282,0.0827753205384527,1.0,0.9712793733681462,0.9765074393108849,0.9934725848563969,0.0003,1.0,6361.698391675949
depth2_bal_AAMM,2,AAMM,39700,476400,0.004621563285278778,0.09695639957984288,0.08355543475065913,1.0,0.9686684073107049,0.9753887459447366,0.9934725848563969,0.0003,1.0,6365.00875878334
depth2_bal_AAMM,2,AAMM,39725,476700,0.004256477036202948,0.09372719128926595,0.0822005104805742,1.0,0.9712793733681462,0.9738225752321289,0.9934725848563969,0.0003,1.0,6368.937513828278
depth2_bal_AAMM,2,AAMM,39750,477000,0.004692346730735153,0.10900731384754181,0.08808161424739021,1.0,0.9621409921671018,0.9728157512025953,0.9934725848563969,0.0003,1.0,6373.1737179756165
depth2_bal_AAMM,2,AAMM,39775,477300,0.016272896823162835,0.11789101362228394,0.10135172839675631,1.0,0.9660574412532638,0.9741581832419733,0.9934725848563969,0.0003,1.0,6377.607947349548
depth2_bal_AAMM,2,AAMM,39800,477600,0.013851752892757455,0.10886164257923762,0.094373633818967,1.0,0.9660574412532638,0.9755006152813513,0.9934725848563969,0.0003,1.0,6381.935434103012
depth2_bal_AAMM,2,AAMM,39825,477900,0.011998020655785998,0.10575999319553375,0.09144323234047208,1.0,0.9699738903394256,0.9762837006376552,0.9934725848563969,0.0003,1.0,6386.388892650604
depth2_bal_AAMM,2,AAMM,39850,478200,0.010263606285055479,0.10436347375313441,0.08890015610626766,1.0,0.9673629242819843,0.9767311779841146,0.9934725848563969,0.0003,1.0,6390.941110610962
depth2_bal_AAMM,2,AAMM,39875,478500,0.008814248566826185,0.10315125187238057,0.08871415832212994,1.0,0.9686684073107049,0.9767311779841146,0.9934725848563969,0.0003,1.0,6394.989986658096
depth2_bal_AAMM,2,AAMM,39900,478800,0.007450398717386027,0.10347508390744527,0.0879720622939723,1.0,0.9686684073107049,0.97639556997427,0.9934725848563969,0.0003,1.0,6398.667279243469
depth2_bal_AAMM,2,AAMM,39925,479100,0.0063383901336540776,0.0972544898589452,0.08200256962861334,1.0,0.9712793733681462,0.9793041727262557,0.9934725848563969,0.0003,1.0,6402.678588628769
depth2_bal_AAMM,2,AAMM,39950,479400,0.005359770264476538,0.09260727216800053,0.07942539070333754,1.0,0.9699738903394256,0.9801991274191744,0.9934725848563969,0.0003,1.0,6407.052488327026
depth2_bal_AAMM,2,AAMM,39975,479700,0.004510666515367727,0.09052536884943645,0.07829217027340617,1.0,0.9738903394255874,0.9800872580825596,0.9934725848563969,0.0003,1.0,6411.787011146545
depth2_bal_AAMM,2,AAMM,40000,480000,0.0038078264721358814,0.09092346082131068,0.07817579433321953,1.0,0.9699738903394256,0.9803109967557893,0.9934725848563969,0.0003,1.0,6419.574762105942
depth2_bal_AAMM,2,AAMM,40025,480300,0.0032545308543679616,0.0884551281730334,0.07783410416117736,1.0,0.9725848563968669,0.9796397807361003,0.9934725848563969,0.0003,1.0,6426.906212806702
depth2_bal_AAMM,2,AAMM,40050,480600,0.00288026116322726,0.08680545290311177,0.07820601601685796,1.0,0.9738903394255874,0.9795279113994854,0.9934725848563969,0.0003,1.0,6431.5782516002655
depth2_bal_AAMM,2,AAMM,40075,480900,0.002299258873487512,0.0865312044819196,0.075872688634055,1.0,0.9712793733681462,0.9805347354290189,0.9934725848563969,0.0003,1.0,6435.430091619492
depth2_bal_AAMM,2,AAMM,40100,481200,0.002020930997484053,0.08202246204018593,0.0768780852002757,1.0,0.9738903394255874,0.980422866092404,0.9934725848563969,0.0003,1.0,6440.1550834178925
depth2_bal_AAMM,2,AAMM,40125,481500,0.016072864256178338,0.11224626004695892,0.1027368187904358,1.0,0.9621409921671018,0.9747175299250476,0.9934725848563969,0.0003,1.0,6445.438178062439
depth2_bal_AAMM,2,AAMM,40150,481800,0.015144847333431244,0.10402728865544002,0.09821513657058989,1.0,0.9634464751958225,0.9753887459447366,0.9934725848563969,0.0003,1.0,6449.462790489197
depth2_bal_AAMM,2,AAMM,40175,482100,0.013253329088911414,0.10168581704298656,0.09739905883158956,1.0,0.9660574412532638,0.975053137934892,0.9934725848563969,0.0003,1.0,6454.006686925888
depth2_bal_AAMM,2,AAMM,40200,482400,0.011496752112482985,0.09994068741798401,0.0947988711297512,1.0,0.9686684073107049,0.9747175299250476,0.9934725848563969,0.0003,1.0,6458.375772714615
depth2_bal_AAMM,2,AAMM,40225,482700,0.009687541595970591,0.09521116813023885,0.0905446072774274,1.0,0.9738903394255874,0.9775142633404184,0.9934725848563969,0.0003,1.0,6462.925318956375
depth2_bal_AAMM,2,AAMM,40250,483000,0.008226392208598554,0.09049633642037709,0.08692289239593914,1.0,0.9765013054830287,0.9786329567065667,0.9934725848563969,0.0003,1.0,6467.889079332352
depth2_bal_AAMM,2,AAMM,40275,483300,0.006997792709929247,0.08632017920414607,0.08474134941186223,1.0,0.9778067885117493,0.9786329567065667,0.9934725848563969,0.0003,1.0,6471.909164905548
depth2_bal_AAMM,2,AAMM,40300,483600,0.006018643810724218,0.08401563887794812,0.08340971076062748,1.0,0.9751958224543081,0.978409218033337,0.9934725848563969,0.0003,1.0,6475.83370757103
depth2_bal_AAMM,2,AAMM,40325,483900,0.005258730651500325,0.08578882242242496,0.08383406017507826,1.0,0.9725848563968669,0.9779617406868777,0.9934725848563969,0.0003,1.0,6480.002061128616
depth2_bal_AAMM,2,AAMM,40350,484200,0.00450531137175858,0.08550442010164261,0.08242930737989289,1.0,0.9778067885117493,0.9774023940038036,0.9934725848563969,0.0003,1.0,6483.740879535675
depth2_bal_AAMM,2,AAMM,40375,484500,0.003695029648952186,0.08079037566979726,0.08230149000883102,1.0,0.9778067885117493,0.9769549166573442,0.9934725848563969,0.0003,1.0,6487.619651317596
depth2_bal_AAMM,2,AAMM,40400,484800,0.056760809384286404,0.1802298923333486,0.17356892057827542,0.9986945169712794,0.9490861618798956,0.9534623559682291,0.9934725848563969,0.0003,1.0,6492.194571495056
depth2_bal_AAMM,2,AAMM,40425,485100,0.01650137291289866,0.11033377672235171,0.1078948940549578,1.0,0.9660574412532638,0.9713614498266026,0.9934725848563969,0.0003,1.0,6496.446594715118
depth2_bal_AAMM,2,AAMM,40450,485400,0.014088422060012817,0.09950794155399005,0.09747602567076682,1.0,0.9699738903394256,0.9751650072715069,0.9934725848563969,0.0003,1.0,6500.389929294586
depth2_bal_AAMM,2,AAMM,40475,485700,0.011996718045944968,0.09064889947573344,0.09098206822361266,1.0,0.9751958224543081,0.9786329567065667,0.9934725848563969,0.0003,1.0,6504.234280824661
depth2_bal_AAMM,2,AAMM,40500,486000,0.010349616097907225,0.08488018189867337,0.08657647286142622,1.0,0.9738903394255874,0.9795279113994854,0.9934725848563969,0.0003,1.0,6508.248412370682
depth2_bal_AAMM,2,AAMM,40525,486300,0.008731918797517816,0.08168271432320277,0.08341741168073245,1.0,0.9765013054830287,0.9806466047656337,0.9934725848563969,0.0003,1.0,6512.4826102256775
depth2_bal_AAMM,2,AAMM,40550,486600,0.007507026079110801,0.07970382397373517,0.08157598887171064,1.0,0.9778067885117493,0.9812059514487079,0.9934725848563969,0.0003,1.0,6516.4564554691315
depth2_bal_AAMM,2,AAMM,40575,486900,0.006257999183920522,0.07596657673517863,0.0795965667281832,1.0,0.9830287206266318,0.9806466047656337,0.9934725848563969,0.0003,1.0,6520.625982761383
depth2_bal_AAMM,2,AAMM,40600,487200,0.005395217759845157,0.07558624943097432,0.07887717293841498,1.0,0.9817232375979112,0.9808703434388634,0.9934725848563969,0.0003,1.0,6524.417986154556
depth2_bal_AAMM,2,AAMM,40625,487500,0.007822528636703888,0.08178117374579112,0.09283579013177327,1.0,0.97911227154047,0.9753887459447366,0.9934725848563969,0.0003,1.0,6527.932371139526
depth2_bal_AAMM,2,AAMM,40650,487800,0.008587168878875673,0.08326822146773338,0.09269761411207063,1.0,0.9817232375979112,0.9769549166573442,0.9934725848563969,0.0003,1.0,6532.170966625214
depth2_bal_AAMM,2,AAMM,40675,488100,0.007764761879419287,0.08483191455403964,0.09331975164158003,1.0,0.9843342036553525,0.9765074393108849,0.9934725848563969,0.0003,1.0,6536.987303972244
depth2_bal_AAMM,2,AAMM,40700,488400,0.006739492683360974,0.08662151793638866,0.09318204788225037,1.0,0.9843342036553525,0.9769549166573442,0.9934725848563969,0.0003,1.0,6542.4090366363525
depth2_bal_AAMM,2,AAMM,40725,488700,0.0057639995745072765,0.08724389473597209,0.09172098413109779,1.0,0.9817232375979112,0.975724353954581,0.9934725848563969,0.0003,1.0,6550.393448591232
depth2_bal_AAMM,2,AAMM,40750,489000,0.00482479331549257,0.0851614959537983,0.09004202548946653,1.0,0.9830287206266318,0.9766193086474997,0.9934725848563969,0.0003,1.0,6554.892134666443
depth2_bal_AAMM,2,AAMM,40775,489300,0.004220072626291464,0.08749695370594661,0.09068721181579999,1.0,0.9830287206266318,0.97639556997427,0.9934725848563969,0.0003,1.0,6560.202604055405
depth2_bal_AAMM,2,AAMM,40800,489600,0.0033578245978181562,0.08398601164420445,0.086931825535638,1.0,0.9830287206266318,0.9765074393108849,0.9934725848563969,0.0003,1.0,6564.177905082703
depth2_bal_AAMM,2,AAMM,40825,489900,0.00310076295863837,0.08828052878379822,0.08845460468104907,1.0,0.9765013054830287,0.9751650072715069,0.9934725848563969,0.0003,1.0,6568.078982114792
depth2_bal_AAMM,2,AAMM,40850,490200,0.049576409781972565,0.15754864613215128,0.15077929305178778,0.9996736292428199,0.9569190600522193,0.9680053697281575,0.9934725848563969,0.0003,1.0,6573.253568887711
depth2_bal_AAMM,2,AAMM,40875,490500,0.021080529627700646,0.103892649213473,0.10468946588890893,1.0,0.9712793733681462,0.9756124846179662,0.9934725848563969,0.0003,1.0,6577.959045886993
depth2_bal_AAMM,2,AAMM,40900,490800,0.017844608519226313,0.09473218023777008,0.09564547123653548,1.0,0.9751958224543081,0.9781854793601074,0.9934725848563969,0.0003,1.0,6582.286758422852
depth2_bal_AAMM,2,AAMM,40925,491100,0.01512072995925943,0.08950664103031158,0.08974776182855879,1.0,0.97911227154047,0.9788566953797964,0.9934725848563969,0.0003,1.0,6586.696609020233
depth2_bal_AAMM,2,AAMM,40950,491400,0.012856320633242527,0.08389622469743092,0.08577987306884356,1.0,0.9830287206266318,0.9799753887459447,0.9934725848563969,0.0003,1.0,6593.630370140076
depth2_bal_AAMM,2,AAMM,40975,491700,0.010880841563145319,0.07889577994743983,0.0815771141222545,1.0,0.9843342036553525,0.9808703434388634,0.9934725848563969,0.0003,1.0,6597.795284032822
depth2_bal_AAMM,2,AAMM,41000,492000,0.009200623957440257,0.07558160399397214,0.07866298662764686,1.0,0.9856396866840731,0.9816534287951673,0.9934725848563969,0.0003,1.0,6602.011202573776
depth2_bal_AAMM,2,AAMM,41025,492300,0.007854362212431928,0.07083061461647351,0.07518268525600433,1.0,0.9830287206266318,0.982436514151471,0.9934725848563969,0.0003,1.0,6609.888578891754
depth2_bal_AAMM,2,AAMM,41050,492600,0.006606731874247392,0.0707296294470628,0.07382119170257023,1.0,0.9843342036553525,0.9826602528247007,0.9934725848563969,0.0003,1.0,6613.8130786418915
depth2_bal_AAMM,2,AAMM,41075,492900,0.005775336719428499,0.06991655627886455,0.07263231894799642,1.0,0.9830287206266318,0.9816534287951673,0.9934725848563969,0.0003,1.0,6618.136068105698
depth2_bal_AAMM,2,AAMM,41100,493200,0.00497840919221441,0.07007046168049176,0.07152705767324992,1.0,0.9843342036553525,0.9819890368050117,0.9934725848563969,0.0003,1.0,6621.684943675995
depth2_bal_AAMM,2,AAMM,41125,493500,0.003996784954021375,0.06333749617139499,0.06849153653851577,1.0,0.9830287206266318,0.9829958608345453,0.9934725848563969,0.0003,1.0,6625.788508176804
depth2_bal_AAMM,2,AAMM,41150,493800,0.0034397847678822777,0.06660309930642445,0.06922053045460157,1.0,0.9817232375979112,0.9822127754782414,0.9934725848563969,0.0003,1.0,6630.1040942668915
depth2_bal_AAMM,2,AAMM,41175,494100,0.002918335589735458,0.0656574343641599,0.0683744201702731,1.0,0.9804177545691906,0.982436514151471,0.9934725848563969,0.0003,1.0,6634.155227422714
depth2_bal_AAMM,2,AAMM,41200,494400,0.012965787357340256,0.09075826779007912,0.09643487100090299,1.0,0.9725848563968669,0.9758362232911959,0.9934725848563969,0.0003,1.0,6638.388276576996
depth2_bal_AAMM,2,AAMM,41225,494700,0.01245900864402453,0.08465229844053586,0.08962352988975389,1.0,0.97911227154047,0.9795279113994854,0.9934725848563969,0.0003,1.0,6642.4826447963715
depth2_bal_AAMM,2,AAMM,41250,495000,0.010886202100664377,0.07793891181548436,0.08505103332655771,1.0,0.9843342036553525,0.9806466047656337,0.9934725848563969,0.0003,1.0,6646.8963186740875
depth2_bal_AAMM,2,AAMM,41275,495300,0.009422598173841834,0.07146936282515526,0.08065502781953131,1.0,0.9856396866840731,0.9801991274191744,0.9934725848563969,0.0003,1.0,6650.53875541687
depth2_bal_AAMM,2,AAMM,41300,495600,0.008014820554914573,0.06732350712021191,0.07775792990412031,1.0,0.9869451697127938,0.979751650072715,0.9934725848563969,0.0003,1.0,6654.887122154236
depth2_bal_AAMM,2,AAMM,41325,495900,0.00685868338526537,0.06451986978451411,0.07505579191659179,1.0,0.9856396866840731,0.9800872580825596,0.9934725848563969,0.0003,1.0,6659.80402302742
depth2_bal_AAMM,2,AAMM,41350,496200,0.005831777001731098,0.06349527463316917,0.07385639021439212,1.0,0.9869451697127938,0.9791923033896409,0.9934725848563969,0.0003,1.0,6663.52348446846
depth2_bal_AAMM,2,AAMM,41375,496500,0.004944104584865272,0.06197527920206388,0.07228735435221877,1.0,0.9869451697127938,0.9801991274191744,0.9934725848563969,0.0003,1.0,6667.564884662628
depth2_bal_AAMM,2,AAMM,41400,496800,0.004150284473629047,0.060885366052389145,0.07085011495011194,1.0,0.9869451697127938,0.981094082112093,0.9934725848563969,0.0003,1.0,6671.906392812729
depth2_bal_AAMM,2,AAMM,41425,497100,0.003504212286012868,0.06190628310044607,0.07096555791795253,1.0,0.9817232375979112,0.980422866092404,0.9934725848563969,0.0003,1.0,6676.013622760773
depth2_bal_AAMM,2,AAMM,41450,497400,0.003016488413171222,0.05971981709202131,0.07050362548657826,1.0,0.97911227154047,0.9812059514487079,0.9934725848563969,0.0003,1.0,6680.167742729187
depth2_bal_AAMM,2,AAMM,41475,497700,0.0025845329316022494,0.059705112129449844,0.06833950073591301,1.0,0.9804177545691906,0.9808703434388634,0.9934725848563969,0.0003,1.0,6684.188472509384
depth2_bal_AAMM,2,AAMM,41500,498000,0.002170839434256777,0.05869425212343534,0.06977732059146677,1.0,0.9817232375979112,0.9808703434388634,0.9934725848563969,0.0003,1.0,6688.126943826675
depth2_bal_AAMM,2,AAMM,41525,498300,0.04606635837505261,0.1551739623149236,0.14279786965676716,0.9986945169712794,0.9490861618798956,0.964984897639557,0.9934725848563969,0.0003,1.0,6692.140996694565
depth2_bal_AAMM,2,AAMM,41550,498600,0.01736187484736244,0.10316100964943568,0.10172741604702813,1.0,0.9725848563968669,0.9766193086474997,0.9934725848563969,0.0003,1.0,6696.00274181366
depth2_bal_AAMM,2,AAMM,41575,498900,0.015107333039244017,0.09532607595125835,0.09647496938705444,1.0,0.9778067885117493,0.978409218033337,0.9934725848563969,0.0003,1.0,6699.247402191162
depth2_bal_AAMM,2,AAMM,41600,499200,0.012995940788338581,0.09279336283604304,0.09369548293096679,1.0,0.9804177545691906,0.979080434053026,0.9934725848563969,0.0003,1.0,6703.473798274994
depth2_bal_AAMM,2,AAMM,41625,499500,0.011069490341469646,0.08960462113221486,0.09273872833166803,1.0,0.9817232375979112,0.9781854793601074,0.9934725848563969,0.0003,1.0,6708.6778519153595
depth2_bal_AAMM,2,AAMM,41650,499800,0.009476596877599755,0.0888566883901755,0.0913632296025753,1.0,0.9817232375979112,0.9785210873699519,0.9934725848563969,0.0003,1.0,6713.606976032257
depth2_bal_AAMM,2,AAMM,41675,500100,0.008093136207511028,0.08981454248229663,0.09140035371695246,1.0,0.97911227154047,0.978409218033337,0.9934725848563969,0.0003,1.0,6717.605390787125
depth2_bal_AAMM,2,AAMM,41700,500400,0.00690042021839569,0.09130863224466641,0.09049499428697995,1.0,0.9778067885117493,0.9780736100234926,0.9934725848563969,0.0003,1.0,6723.730489015579
depth2_bal_AAMM,2,AAMM,41725,500700,0.005857951318224271,0.08999574308594067,0.0873188438160079,1.0,0.97911227154047,0.9782973486967222,0.9934725848563969,0.0003,1.0,6727.944032430649
depth2_bal_AAMM,2,AAMM,41750,501000,0.004956897775021692,0.09152572229504585,0.08895903580955096,1.0,0.9751958224543081,0.978409218033337,0.9934725848563969,0.0003,1.0,6732.270502328873
depth2_bal_AAMM,2,AAMM,41775,501300,0.004154851466106872,0.08564304436246555,0.08631562888622284,1.0,0.9778067885117493,0.977738002013648,0.9934725848563969,0.0003,1.0,6736.032165527344
depth2_bal_AAMM,2,AAMM,41800,501600,0.003518154514798274,0.0884653019408385,0.08747614579541342,1.0,0.9765013054830287,0.9778498713502629,0.9934725848563969,0.0003,1.0,6740.169596910477
depth2_bal_AAMM,2,AAMM,41825,501900,0.0029872238907652595,0.08857971305648486,0.0862605414220265,1.0,0.9765013054830287,0.9775142633404184,0.9934725848563969,0.0003,1.0,6744.863892316818
depth2_bal_AAMM,2,AAMM,41850,502200,0.0025748590705916286,0.08743164564172427,0.08598797236170087,1.0,0.9804177545691906,0.9778498713502629,0.9934725848563969,0.0003,1.0,6749.117787837982
depth2_bal_AAMM,2,AAMM,41875,502500,0.011893692038332423,0.09620287269353867,0.09562640711665153,1.0,0.9725848563968669,0.973710705895514,0.9934725848563969,0.0003,1.0,6753.610983371735
depth2_bal_AAMM,2,AAMM,41900,502800,0.011549723877881965,0.09765261535843213,0.09361754709056445,1.0,0.9738903394255874,0.9766193086474997,0.9934725848563969,0.0003,1.0,6757.86957859993
depth2_bal_AAMM,2,AAMM,41925,503100,0.010111121771236261,0.09676197667916615,0.09297195013080324,1.0,0.9751958224543081,0.9762837006376552,0.9934725848563969,0.0003,1.0,6765.729334831238
depth2_bal_AAMM,2,AAMM,41950,503400,0.008858719452594718,0.09315846860408783,0.09216374829411507,1.0,0.97911227154047,0.9772905246671887,0.9934725848563969,0.0003,1.0,6769.638632059097
depth2_bal_AAMM,2,AAMM,41975,503700,0.007540277826289336,0.08901273335019748,0.09008150994777679,1.0,0.9765013054830287,0.9767311779841146,0.9934725848563969,0.0003,1.0,6773.591834306717
depth2_bal_AAMM,2,AAMM,42000,504000,0.006336536374874413,0.08811287706096967,0.08789758714182036,1.0,0.9778067885117493,0.9772905246671887,0.9934725848563969,0.0003,1.0,6781.100061416626
depth2_bal_AAMM,2,AAMM,42025,504300,0.005359767780949672,0.08633059139053027,0.08618803641625813,1.0,0.9765013054830287,0.9769549166573442,0.9934725848563969,0.0003,1.0,6787.069715499878
depth2_bal_AAMM,2,AAMM,42050,504600,0.004672914161346853,0.0859026350080967,0.08662537293774741,1.0,0.9738903394255874,0.97639556997427,0.9934725848563969,0.0003,1.0,6791.867476224899
depth2_bal_AAMM,2,AAMM,42075,504900,0.004036493114350985,0.08399562537670135,0.08507493191531726,1.0,0.9751958224543081,0.9761718313010403,0.9934725848563969,0.0003,1.0,6798.811018705368
depth2_bal_AAMM,2,AAMM,42100,505200,0.0036483152847116194,0.09011722852786382,0.08649669725980078,1.0,0.9712793733681462,0.9766193086474997,0.9934725848563969,0.0003,1.0,6805.542365789413
depth2_bal_AAMM,2,AAMM,42125,505500,0.013286239855612317,0.09294842307766278,0.09401254483631678,1.0,0.9673629242819843,0.9762837006376552,0.9934725848563969,0.0003,1.0,6809.561911582947
depth2_bal_AAMM,2,AAMM,42150,505800,0.011767817893996835,0.08536037554343541,0.08786918414490563,1.0,0.9765013054830287,0.9789685647164112,0.9934725848563969,0.0003,1.0,6813.341515779495
depth2_bal_AAMM,2,AAMM,42175,506100,0.010491963165501753,0.07813561086853345,0.08333456686564854,1.0,0.9765013054830287,0.9816534287951673,0.9934725848563969,0.0003,1.0,6817.205161809921
depth2_bal_AAMM,2,AAMM,42200,506400,0.00891175183157126,0.07707163318991661,0.08161109685897827,1.0,0.9778067885117493,0.9813178207853227,0.9934725848563969,0.0003,1.0,6821.8685801029205
depth2_bal_AAMM,2,AAMM,42225,506700,0.007756359060294926,0.07183472812175751,0.08071243635245733,1.0,0.97911227154047,0.9795279113994854,0.9934725848563969,0.0003,1.0,6827.336483955383
depth2_bal_AAMM,2,AAMM,42250,507000,0.006539235124364495,0.06889596829811732,0.07742103801241942,1.0,0.9765013054830287,0.9821009061416266,0.9934725848563969,0.0003,1.0,6830.940701723099
depth2_bal_AAMM,2,AAMM,42275,507300,0.005707900893564026,0.07494283591707547,0.07932607478329114,1.0,0.9725848563968669,0.980422866092404,0.9934725848563969,0.0003,1.0,6835.051745891571
depth2_bal_AAMM,2,AAMM,42300,507600,0.00499060427925239,0.06739522889256477,0.07399931145565851,1.0,0.97911227154047,0.9834433381810046,0.9934725848563969,0.0003,1.0,6839.49472618103
depth2_bal_AAMM,2,AAMM,42325,507900,0.0041486807555581135,0.06617318963011105,0.0727886430386986,1.0,0.97911227154047,0.9823246448148563,0.9934725848563969,0.0003,1.0,6843.534167289734
depth2_bal_AAMM,2,AAMM,42350,508200,0.0036271399003453553,0.07315055405100186,0.07485984845885209,1.0,0.9725848563968669,0.981094082112093,0.9934725848563969,0.0003,1.0,6847.638458967209
depth2_bal_AAMM,2,AAMM,42375,508500,0.06938818749040365,0.20233223835627237,0.19273968253816878,1.0,0.9477806788511749,0.9562590893835999,0.9934725848563969,0.0003,1.0,6852.273526191711
depth2_bal_AAMM,2,AAMM,42400,508800,0.029254033075024683,0.13553299754858017,0.12853845506906508,1.0,0.9660574412532638,0.9692359324309207,0.9934725848563969,0.0003,1.0,6856.253437757492
depth2_bal_AAMM,2,AAMM,42425,509100,0.02373638687034448,0.11868315935134888,0.11559867965323585,1.0,0.9699738903394256,0.9709139724801432,0.9934725848563969,0.0003,1.0,6859.825817108154
depth2_bal_AAMM,2,AAMM,42450,509400,0.01971736301978429,0.11170544723669688,0.10580379515886307,1.0,0.9699738903394256,0.975053137934892,0.9934725848563969,0.0003,1.0,6864.423328399658
depth2_bal_AAMM,2,AAMM,42475,509700,0.01625496498309076,0.10669451206922531,0.10128264725208283,1.0,0.9725848563968669,0.9751650072715069,0.9934725848563969,0.0003,1.0,6869.591921806335
depth2_bal_AAMM,2,AAMM,42500,510000,0.01385721773840487,0.10031800965468089,0.09708386063575744,1.0,0.9712793733681462,0.974381921915203,0.9934725848563969,0.0003,1.0,6873.505756616592
depth2_bal_AAMM,2,AAMM,42525,510300,0.011453833431005478,0.10005952169497807,0.0940964360322271,1.0,0.9712793733681462,0.9749412685982772,0.9934725848563969,0.0003,1.0,6877.825448513031
depth2_bal_AAMM,2,AAMM,42550,510600,0.009528545041879019,0.09599186728398006,0.09001735927803176,1.0,0.9712793733681462,0.9756124846179662,0.9934725848563969,0.0003,1.0,6882.019911289215
depth2_bal_AAMM,2,AAMM,42575,510900,0.007940766673224667,0.09406910588343938,0.0858026915362903,1.0,0.9712793733681462,0.97639556997427,0.9934725848563969,0.0003,1.0,6886.13060092926
depth2_bal_AAMM,2,AAMM,42600,511200,0.0066557948011904955,0.08910049001375835,0.08544962736112731,1.0,0.9725848563968669,0.97639556997427,0.9934725848563969,0.0003,1.0,6890.3226845264435
depth2_bal_AAMM,2,AAMM,42625,511500,0.005689754616469145,0.09103954583406448,0.08462339639663696,1.0,0.9725848563968669,0.9759480926278107,0.9934725848563969,0.0003,1.0,6893.92262673378
depth2_bal_AAMM,2,AAMM,42650,511800,0.00481529855945458,0.0884443869193395,0.08404228378619466,1.0,0.9725848563968669,0.9753887459447366,0.9934725848563969,0.0003,1.0,6897.910430431366
depth2_bal_AAMM,2,AAMM,42675,512100,0.004134105654278149,0.08336491137742996,0.08104873512472426,1.0,0.9725848563968669,0.9760599619644256,0.9934725848563969,0.0003,1.0,6902.310072183609
depth2_bal_AAMM,2,AAMM,42700,512400,0.012511693639680743,0.11742481340964635,0.10374772921204567,1.0,0.9686684073107049,0.9700190177872245,0.9934725848563969,0.0003,1.0,6906.364071369171
depth2_bal_AAMM,2,AAMM,42725,512700,0.012632036892076334,0.10720782727003098,0.09717777892947196,1.0,0.9647519582245431,0.9748293992616623,0.9934725848563969,0.0003,1.0,6911.81361079216
depth2_bal_AAMM,2,AAMM,42750,513000,0.011051000949616233,0.09916814416646957,0.09208017640880176,1.0,0.9673629242819843,0.9765074393108849,0.9934725848563969,0.0003,1.0,6915.940935611725
depth2_bal_AAMM,2,AAMM,42775,513300,0.009562298616704842,0.09071579078833263,0.08838089715157237,1.0,0.9686684073107049,0.9774023940038036,0.9934725848563969,0.0003,1.0,6919.942054271698
depth2_bal_AAMM,2,AAMM,42800,513600,0.008163956459611654,0.09262430171171825,0.08680901559335845,1.0,0.9699738903394256,0.975724353954581,0.9934725848563969,0.0003,1.0,6924.667568206787
depth2_bal_AAMM,2,AAMM,42825,513900,0.006882123687925438,0.08910374343395233,0.08407569325395993,1.0,0.9699738903394256,0.9765074393108849,0.9934725848563969,0.0003,1.0,6929.219044446945
depth2_bal_AAMM,2,AAMM,42850,514200,0.005761108361184597,0.08115944017966588,0.08057275786995888,1.0,0.9738903394255874,0.9776261326770332,0.9934725848563969,0.0003,1.0,6933.556249380112
depth2_bal_AAMM,2,AAMM,42875,514500,0.005117501791877051,0.08307049920161565,0.07935235244887216,1.0,0.9725848563968669,0.9779617406868777,0.9934725848563969,0.0003,1.0,6939.736256122589
depth2_bal_AAMM,2,AAMM,42900,514800,0.004091959504876286,0.07947145029902458,0.07876595886690275,1.0,0.9738903394255874,0.9766193086474997,0.9934725848563969,0.0003,1.0,6945.2871966362
depth2_bal_AAMM,2,AAMM,42925,515100,0.015252456379433474,0.08953515440225601,0.09507360149707113,1.0,0.9686684073107049,0.9720326658462916,0.9934725848563969,0.0003,1.0,6949.114590644836
depth2_bal_AAMM,2,AAMM,42950,515400,0.009826145134866238,0.07752825071414311,0.08280348011425563,1.0,0.9738903394255874,0.9791923033896409,0.9934725848563969,0.0003,1.0,6954.051438570023
depth2_bal_AAMM,2,AAMM,42975,515700,0.008784464172398051,0.07695250461498897,0.08135551778333527,1.0,0.9817232375979112,0.9794160420628706,0.9934725848563969,0.0003,1.0,6958.558750867844
depth2_bal_AAMM,2,AAMM,43000,516000,0.007480340505329271,0.07773074011007945,0.07922398000955581,1.0,0.9778067885117493,0.979751650072715,0.9934725848563969,0.0003,1.0,6962.0531640052795
depth2_bal_AAMM,2,AAMM,43025,516300,0.00644759457403173,0.07827755560477574,0.07761171992336001,1.0,0.9778067885117493,0.9801991274191744,0.9934725848563969,0.0003,1.0,6966.80236530304
depth2_bal_AAMM,2,AAMM,43050,516600,0.005621241910072665,0.07933271179596584,0.08007158881851605,1.0,0.97911227154047,0.9782973486967222,0.9934725848563969,0.0003,1.0,6970.936322450638
depth2_bal_AAMM,2,AAMM,43075,516900,0.004860791203100234,0.07749859243631363,0.07535945240940367,1.0,0.97911227154047,0.979080434053026,0.9934725848563969,0.0003,1.0,6975.173241853714
depth2_bal_AAMM,2,AAMM,43100,517200,0.0040236327913589776,0.07519368082284927,0.07363778225013189,1.0,0.9778067885117493,0.9808703434388634,0.9934725848563969,0.0003,1.0,6979.068734169006
depth2_bal_AAMM,2,AAMM,43125,517500,0.036648014560341835,0.14024470498164496,0.12476586997509002,1.0,0.95822454308094,0.9706902338069135,0.9934725848563969,0.0003,1.0,6983.538293600082
depth2_bal_AAMM,2,AAMM,43150,517800,0.017840836973239977,0.11596846828858058,0.10448092839547567,1.0,0.9712793733681462,0.9741581832419733,0.9934725848563969,0.0003,1.0,6990.839745044708
depth2_bal_AAMM,2,AAMM,43175,518100,0.015288887700686852,0.1051844780643781,0.09934855241860663,1.0,0.9699738903394256,0.9751650072715069,0.9934725848563969,0.0003,1.0,6994.627515792847
depth2_bal_AAMM,2,AAMM,43200,518400,0.013153302250429988,0.09833259135484695,0.09484260486704962,1.0,0.9738903394255874,0.9776261326770332,0.9934725848563969,0.0003,1.0,6998.0455939769745
depth2_bal_AAMM,2,AAMM,43225,518700,0.011316132343684634,0.09277110795180003,0.09100225833909852,1.0,0.9751958224543081,0.9794160420628706,0.9934725848563969,0.0003,1.0,7002.611607313156
depth2_bal_AAMM,2,AAMM,43250,519000,0.00964708401200672,0.08811530595024426,0.08758235286389078,1.0,0.9765013054830287,0.979751650072715,0.9934725848563969,0.0003,1.0,7010.8894765377045
depth2_bal_AAMM,2,AAMM,43275,519300,0.008191333152353764,0.08314448843399684,0.08667663197432246,1.0,0.97911227154047,0.9789685647164112,0.9934725848563969,0.0003,1.0,7015.108272790909
depth2_bal_AAMM,2,AAMM,43300,519600,0.00690340215805918,0.0826781839132309,0.08510804431779044,1.0,0.9804177545691906,0.9795279113994854,0.9934725848563969,0.0003,1.0,7018.977600574493
depth2_bal_AAMM,2,AAMM,43325,519900,0.005987338411311309,0.07904062668482463,0.08415321888668197,1.0,0.9778067885117493,0.979080434053026,0.9934725848563969,0.0003,1.0,7023.2603669166565
depth2_bal_AAMM,2,AAMM,43350,520200,0.004966790593850116,0.07768960172931354,0.08451979149665151,1.0,0.9778067885117493,0.9782973486967222,0.9934725848563969,0.0003,1.0,7029.081900596619
depth2_bal_AAMM,2,AAMM,43375,520500,0.004283933201804757,0.07508474215865135,0.08228895366191864,1.0,0.9817232375979112,0.979080434053026,0.9934725848563969,0.0003,1.0,7033.313999176025
depth2_bal_AAMM,2,AAMM,43400,520800,0.0037196994332286217,0.07238563895225525,0.08027859266315188,1.0,0.9778067885117493,0.9798635194093299,0.9934725848563969,0.0003,1.0,7037.355698108673
depth2_bal_AAMM,2,AAMM,43425,521100,0.003068813200419148,0.07215558116634686,0.07988658185516084,1.0,0.9804177545691906,0.9795279113994854,0.9934725848563969,0.0003,1.0,7041.7426517009735
depth2_bal_AAMM,2,AAMM,43450,521400,0.003057578287553042,0.07082043960690498,0.0816995837858745,1.0,0.97911227154047,0.9791923033896409,0.9934725848563969,0.0003,1.0,7045.356027126312
depth2_bal_AAMM,2,AAMM,43475,521700,0.002414167810153837,0.06707101439436276,0.08162650338241033,1.0,0.97911227154047,0.9795279113994854,0.9934725848563969,0.0003,1.0,7049.889446735382
depth2_bal_AAMM,2,AAMM,43500,522000,0.0023650803971880427,0.08212273567914963,0.08782673488770212,1.0,0.97911227154047,0.9766193086474997,0.9934725848563969,0.0003,1.0,7054.0235052108765
depth2_bal_AAMM,2,AAMM,43525,522300,0.028651676916827757,0.12517545372247696,0.12607786059379578,1.0,0.9673629242819843,0.967669761718313,0.9934725848563969,0.0003,1.0,7058.333880901337
depth2_bal_AAMM,2,AAMM,43550,522600,0.02154411639397343,0.10161592811346054,0.10425149883542742,1.0,0.9751958224543081,0.9765074393108849,0.9934725848563969,0.0003,1.0,7062.542727947235
depth2_bal_AAMM,2,AAMM,43575,522900,0.018361866706982255,0.09653619180123012,0.0968697360583714,1.0,0.9725848563968669,0.9775142633404184,0.9934725848563969,0.0003,1.0,7066.690020799637
depth2_bal_AAMM,2,AAMM,43600,523200,0.01567259741326173,0.09096069633960724,0.09173380796398435,1.0,0.9751958224543081,0.9781854793601074,0.9934725848563969,0.0003,1.0,7070.767007112503
depth2_bal_AAMM,2,AAMM,43625,523500,0.013252185269569358,0.08651356150706609,0.08731729867202895,1.0,0.9738903394255874,0.9801991274191744,0.9934725848563969,0.0003,1.0,7074.688665628433
depth2_bal_AAMM,2,AAMM,43650,523800,0.011194283685957393,0.08083372314771016,0.0831841097346374,1.0,0.9765013054830287,0.9812059514487079,0.9934725848563969,0.0003,1.0,7078.230679988861
depth2_bal_AAMM,2,AAMM,43675,524100,0.009372901481886705,0.07735296711325645,0.08214632091777666,1.0,0.97911227154047,0.980422866092404,0.9934725848563969,0.0003,1.0,7082.240230083466
depth2_bal_AAMM,2,AAMM,43700,524400,0.00785792867342631,0.07548726722598076,0.0783082335122994,1.0,0.97911227154047,0.9816534287951673,0.9934725848563969,0.0003,1.0,7086.730929374695
depth2_bal_AAMM,2,AAMM,43725,524700,0.0068893043013910455,0.0727064957221349,0.07673202008008957,1.0,0.9817232375979112,0.9808703434388634,0.9934725848563969,0.0003,1.0,7091.12681221962
depth2_bal_AAMM,2,AAMM,43750,525000,0.0056939751375466585,0.07113933439056079,0.07362135957394328,1.0,0.9817232375979112,0.9833314688443897,0.9934725848563969,0.0003,1.0,7095.364902019501
depth2_bal_AAMM,2,AAMM,43775,525300,0.004784246712612609,0.07109200830260913,0.07245100364089012,1.0,0.9804177545691906,0.9828839914979304,0.9934725848563969,0.0003,1.0,7099.562972784042
depth2_bal_AAMM,2,AAMM,43800,525600,0.004095997777767479,0.06868031869331996,0.07231945618987083,1.0,0.97911227154047,0.9826602528247007,0.9934725848563969,0.0003,1.0,7104.872057199478
depth2_bal_AAMM,2,AAMM,43825,525900,0.0033915029489435256,0.06882291659712791,0.07154485498155866,1.0,0.9804177545691906,0.9818771674683969,0.9934725848563969,0.0003,1.0,7108.5911693573
depth2_bal_AAMM,2,AAMM,43850,526200,0.0028552606236189604,0.06664290651679039,0.07026401518711022,1.0,0.97911227154047,0.9821009061416266,0.9934725848563969,0.0003,1.0,7112.505240440369
depth2_bal_AAMM,2,AAMM,43875,526500,0.00253742672308969,0.06587108100454013,0.06925468854606151,1.0,0.97911227154047,0.9826602528247007,0.9934725848563969,0.0003,1.0,7116.436580181122
depth2_bal_AAMM,2,AAMM,43900,526800,0.013307633188863596,0.09844697266817093,0.0930429315992764,1.0,0.9738903394255874,0.977066785993959,0.9934725848563969,0.0003,1.0,7120.635593175888
depth2_bal_AAMM,2,AAMM,43925,527100,0.012650537847851714,0.08601567645867665,0.08650955632328987,1.0,0.9804177545691906,0.9814296901219376,0.9934725848563969,0.0003,1.0,7125.990528583527
depth2_bal_AAMM,2,AAMM,43950,527400,0.01107838338551422,0.08107191696763039,0.08335778734513692,1.0,0.9778067885117493,0.9819890368050117,0.9934725848563969,0.0003,1.0,7130.248024463654
depth2_bal_AAMM,2,AAMM,43975,527700,0.00962841340030233,0.06981506571173668,0.0769542755825179,1.0,0.9804177545691906,0.9847857702203826,0.9934725848563969,0.0003,1.0,7134.963887453079
depth2_bal_AAMM,2,AAMM,44000,528000,0.008115007192827761,0.06751197452346484,0.07288642525672913,1.0,0.97911227154047,0.985792594249916,0.9934725848563969,0.0003,1.0,7138.917004585266
depth2_bal_AAMM,2,AAMM,44025,528300,0.00699221024600168,0.06146096189816793,0.07041874804667064,1.0,0.9830287206266318,0.9850095088936123,0.9934725848563969,0.0003,1.0,7146.586263895035
depth2_bal_AAMM,2,AAMM,44050,528600,0.005879962506393592,0.056558472414811455,0.06594743196453368,1.0,0.9830287206266318,0.9861282022597606,0.9934725848563969,0.0003,1.0,7150.59123301506
depth2_bal_AAMM,2,AAMM,44075,528900,0.004984804429113865,0.050509318709373474,0.06226584315299988,1.0,0.9856396866840731,0.9873587649625237,0.9934725848563969,0.0003,1.0,7155.087831735611
depth2_bal_AAMM,2,AAMM,44100,529200,0.004269991477485746,0.052901795133948326,0.06269815548190048,1.0,0.9856396866840731,0.9860163329231457,0.9934725848563969,0.0003,1.0,7159.115125179291
depth2_bal_AAMM,2,AAMM,44125,529500,0.0035481745338377855,0.04380390668908755,0.05766442875776972,1.0,0.9908616187989556,0.9878062423089831,0.9934725848563969,0.0003,1.0,7163.332488775253
depth2_bal_AAMM,2,AAMM,44150,529800,0.0032014199920619526,0.04369663447141647,0.057524137358580314,1.0,0.9908616187989556,0.9880299809822127,0.9934725848563969,0.0003,1.0,7167.278424978256
depth2_bal_AAMM,2,AAMM,44175,530100,0.0027230733151858053,0.04280551274617513,0.05444669398878302,1.0,0.9908616187989556,0.9893724130215907,0.9934725848563969,0.0003,1.0,7171.391510248184
depth2_bal_AAMM,2,AAMM,44200,530400,1.278393377860387,1.0398371418317158,0.8508338383265904,0.6556788511749347,0.6618798955613577,0.7270388186598054,0.9934725848563969,0.0003,1.0,7175.315990447998
depth2_bal_AAMM,2,AAMM,44225,530700,0.019506686832755804,0.10415264964103699,0.09848644116095134,1.0,0.9738903394255874,0.979080434053026,0.9934725848563969,0.0003,1.0,7180.2390694618225
depth2_bal_AAMM,2,AAMM,44250,531000,0.01686831028200686,0.0954689122736454,0.09359774302159037,1.0,0.9817232375979112,0.9795279113994854,0.9934725848563969,0.0003,1.0,7183.711133718491
depth2_bal_AAMM,2,AAMM,44275,531300,0.014545027865096927,0.08640886967380841,0.09099435710481235,1.0,0.9804177545691906,0.9794160420628706,0.9934725848563969,0.0003,1.0,7187.869124412537
depth2_bal_AAMM,2,AAMM,44300,531600,0.012591911867881814,0.08289514233668645,0.08975669017859868,1.0,0.9830287206266318,0.9788566953797964,0.9934725848563969,0.0003,1.0,7192.563062906265
depth2_bal_AAMM,2,AAMM,44325,531900,0.010454127176975211,0.07498297343651454,0.08771988728216716,1.0,0.9843342036553525,0.978409218033337,0.9934725848563969,0.0003,1.0,7196.639496803284
depth2_bal_AAMM,2,AAMM,44350,532200,0.008930066367611289,0.07413052146633466,0.0880146613078458,1.0,0.9843342036553525,0.9785210873699519,0.9934725848563969,0.0003,1.0,7201.143371343613
depth2_bal_AAMM,2,AAMM,44375,532500,0.007622297503985465,0.0699768215417862,0.08453536182641982,1.0,0.9830287206266318,0.9794160420628706,0.9934725848563969,0.0003,1.0,7205.134633302689
depth2_bal_AAMM,2,AAMM,44400,532800,0.006527566040555636,0.06663810710112254,0.08311481188450541,1.0,0.9869451697127938,0.9791923033896409,0.9934725848563969,0.0003,1.0,7209.221510648727
depth2_bal_AAMM,2,AAMM,44425,533100,0.005447191962351401,0.06704744572440784,0.08187590880053384,1.0,0.9830287206266318,0.9788566953797964,0.9934725848563969,0.0003,1.0,7213.162760734558
depth2_bal_AAMM,2,AAMM,44450,533400,0.00464481037730972,0.061818761130174,0.08039274726595197,1.0,0.9882506527415144,0.9781854793601074,0.9934725848563969,0.0003,1.0,7217.768693685532
depth2_bal_AAMM,2,AAMM,44475,533700,0.003967115189880133,0.06281034648418427,0.07977474204131535,1.0,0.9856396866840731,0.9779617406868777,0.9934725848563969,0.0003,1.0,7222.134786605835
depth2_bal_AAMM,2,AAMM,44500,534000,0.0034003140948091946,0.0599605031311512,0.07910260600703103,1.0,0.9843342036553525,0.9788566953797964,0.9934725848563969,0.0003,1.0,7226.23158955574
depth2_bal_AAMM,2,AAMM,44525,534300,0.002931735982807974,0.06171594684322675,0.07880134092909949,1.0,0.9869451697127938,0.978409218033337,0.9934725848563969,0.0003,1.0,7230.904528141022
depth2_bal_AAMM,2,AAMM,44550,534600,0.0024307675776071846,0.057751660545667015,0.07539035305380822,1.0,0.9830287206266318,0.9791923033896409,0.9934725848563969,0.0003,1.0,7237.4985020160675
depth2_bal_AAMM,2,AAMM,44575,534900,0.0020046990733438483,0.05806012575825056,0.07665183639952115,1.0,0.9843342036553525,0.9775142633404184,0.9934725848563969,0.0003,1.0,7241.518378973007
depth2_bal_AAMM,2,AAMM,44600,535200,0.0018689939170144498,0.058748515943686165,0.07871387952140399,1.0,0.9869451697127938,0.9781854793601074,0.9934725848563969,0.0003,1.0,7245.676570177078
depth2_bal_AAMM,2,AAMM,44625,535500,0.001478365253812323,0.05495306166509787,0.07598795518279075,1.0,0.9869451697127938,0.9788566953797964,0.9934725848563969,0.0003,1.0,7252.424207210541
depth2_bal_AAMM,2,AAMM,44650,535800,0.0013186054275138304,0.05555493260423342,0.07542475249086107,1.0,0.9843342036553525,0.9798635194093299,0.9934725848563969,0.0003,1.0,7256.561342000961
depth2_bal_AAMM,2,AAMM,44675,536100,0.023808515320221584,0.11103816330432892,0.10934144577809743,1.0,0.9751958224543081,0.9755006152813513,0.9934725848563969,0.0003,1.0,7263.026973247528
depth2_bal_AAMM,2,AAMM,44700,536400,0.017935120190183323,0.08405889198184013,0.09090273550578526,1.0,0.9817232375979112,0.9816534287951673,0.9934725848563969,0.0003,1.0,7266.265077114105
depth2_bal_AAMM,2,AAMM,44725,536700,0.015688094931344192,0.07513808210690816,0.08546381763049535,1.0,0.9895561357702349,0.982436514151471,0.9934725848563969,0.0003,1.0,7270.1158657073975
depth2_bal_AAMM,2,AAMM,44750,537000,0.01355585913794736,0.0700496273736159,0.0788931779563427,1.0,0.9843342036553525,0.9855688555766864,0.9934725848563969,0.0003,1.0,7274.279057979584
depth2_bal_AAMM,2,AAMM,44775,537300,0.01179581026857098,0.0640282891690731,0.07454853323953492,1.0,0.9908616187989556,0.98657567960622,0.9934725848563969,0.0003,1.0,7278.264328479767
depth2_bal_AAMM,2,AAMM,44800,537600,0.010133488724629084,0.059841408083836235,0.07126615409340177,1.0,0.9882506527415144,0.9864638102696051,0.9934725848563969,0.0003,1.0,7283.11887216568
depth2_bal_AAMM,2,AAMM,44825,537900,0.008342793056120476,0.056166778008143105,0.06833286625998361,1.0,0.9895561357702349,0.9871350262892941,0.9934725848563969,0.0003,1.0,7287.099729776382
depth2_bal_AAMM,2,AAMM,44850,538200,0.007154560143438478,0.05063600465655327,0.06382892653346062,1.0,0.9908616187989556,0.9883655889920573,0.9934725848563969,0.0003,1.0,7294.3375589847565
depth2_bal_AAMM,2,AAMM,44875,538500,0.005938963421309988,0.047120690966645874,0.06159404542829309,1.0,0.9882506527415144,0.9882537196554424,0.9934725848563969,0.0003,1.0,7298.112429380417
depth2_bal_AAMM,2,AAMM,44900,538800,0.005245179597598811,0.045257496957977615,0.05994506536849908,1.0,0.9934725848563969,0.9878062423089831,0.9934725848563969,0.0003,1.0,7306.028025865555
depth2_bal_AAMM,2,AAMM,44925,539100,0.010579353741680583,0.0812883550922076,0.08745472452470235,1.0,0.9751958224543081,0.9776261326770332,0.9934725848563969,0.0003,1.0,7310.812639713287
depth2_bal_AAMM,2,AAMM,44950,539400,0.010754319140687585,0.07170195877552032,0.08132672842059817,1.0,0.9830287206266318,0.9816534287951673,0.9934725848563969,0.0003,1.0,7314.529499769211
depth2_bal_AAMM,2,AAMM,44975,539700,0.009300550523524484,0.06182613472143809,0.0776245476944106,1.0,0.9869451697127938,0.9833314688443897,0.9934725848563969,0.0003,1.0,7318.0706877708435
depth2_bal_AAMM,2,AAMM,45000,540000,0.00805490130248169,0.05652065699299177,0.07478924979056631,1.0,0.9908616187989556,0.9842264235373084,0.9934725848563969,0.0003,1.0,7322.16689157486
depth2_bal_AAMM,2,AAMM,45025,540300,0.006815781972060601,0.05331160748998324,0.07161092619810785,1.0,0.9895561357702349,0.985121378230227,0.9934725848563969,0.0003,1.0,7327.3203246593475
depth2_bal_AAMM,2,AAMM,45050,540600,0.005893774408226212,0.0514653908709685,0.06994812552418028,1.0,0.9908616187989556,0.9846739008837677,0.9934725848563969,0.0003,1.0,7331.458217859268
depth2_bal_AAMM,2,AAMM,45075,540900,0.005012365174479783,0.04653042368590832,0.06728816532662936,1.0,0.9921671018276762,0.9847857702203826,0.9934725848563969,0.0003,1.0,7335.725734710693
depth2_bal_AAMM,2,AAMM,45100,541200,0.004434364440385252,0.04295375011861324,0.06459447108209133,1.0,0.9921671018276762,0.9852332475668419,0.9934725848563969,0.0003,1.0,7339.996667385101
depth2_bal_AAMM,2,AAMM,45125,541500,0.003553660586476326,0.04009105823934078,0.0643541588314942,1.0,0.9908616187989556,0.9852332475668419,0.9934725848563969,0.0003,1.0,7344.0773293972015
depth2_bal_AAMM,2,AAMM,45150,541800,0.003048847254831344,0.037711974854270615,0.0619105580661978,1.0,0.9921671018276762,0.9843382928739233,0.9934725848563969,0.0003,1.0,7348.105086565018
depth2_bal_AAMM,2,AAMM,45175,542100,0.002502972958609462,0.03639702871441841,0.05998521053365299,1.0,0.9921671018276762,0.984450162210538,0.9934725848563969,0.0003,1.0,7352.257124662399
depth2_bal_AAMM,2,AAMM,45200,542400,0.059696534648537636,0.17766387263933817,0.16893779422555652,1.0,0.9634464751958225,0.9640899429466383,0.9934725848563969,0.0003,1.0,7356.611249446869
depth2_bal_AAMM,2,AAMM,45225,542700,0.023662284947931767,0.1170294185479482,0.11304067309413637,1.0,0.9712793733681462,0.9720326658462916,0.9934725848563969,0.0003,1.0,7361.458122253418
depth2_bal_AAMM,2,AAMM,45250,543000,0.019451792895173032,0.10848597437143326,0.10312998294830322,1.0,0.9712793733681462,0.9740463139053586,0.9934725848563969,0.0003,1.0,7366.4852068424225
depth2_bal_AAMM,2,AAMM,45275,543300,0.016367361492787797,0.10181362926959991,0.09700412196772439,1.0,0.9712793733681462,0.9739344445687437,0.9934725848563969,0.0003,1.0,7370.551295995712
depth2_bal_AAMM,2,AAMM,45300,543600,0.013693143070364991,0.09740109493335088,0.09288420677185058,1.0,0.9738903394255874,0.9762837006376552,0.9934725848563969,0.0003,1.0,7377.52831029892
depth2_bal_AAMM,2,AAMM,45325,543900,0.01165827689692378,0.09419602155685425,0.09029306471347809,1.0,0.9765013054830287,0.9758362232911959,0.9934725848563969,0.0003,1.0,7381.454721212387
depth2_bal_AAMM,2,AAMM,45350,544200,0.009813154038662711,0.09137216955423355,0.08836446925997735,1.0,0.9738903394255874,0.9756124846179662,0.9934725848563969,0.0003,1.0,7385.238724470139
depth2_bal_AAMM,2,AAMM,45375,544500,0.008392881912489733,0.08543864140907924,0.08517436001982008,1.0,0.9751958224543081,0.9767311779841146,0.9934725848563969,0.0003,1.0,7389.849639177322
depth2_bal_AAMM,2,AAMM,45400,544800,0.007108023079733054,0.08350308487812678,0.08247262143662998,1.0,0.9765013054830287,0.9772905246671887,0.9934725848563969,0.0003,1.0,7394.625617980957
depth2_bal_AAMM,2,AAMM,45425,545100,0.0059766470997904735,0.08355219165484111,0.08243693539074488,1.0,0.9751958224543081,0.9766193086474997,0.9934725848563969,0.0003,1.0,7398.9937953948975
depth2_bal_AAMM,2,AAMM,45450,545400,0.005198092859548827,0.07957911988099416,0.08167215181248529,1.0,0.9778067885117493,0.9772905246671887,0.9934725848563969,0.0003,1.0,7403.44513130188
depth2_bal_AAMM,2,AAMM,45475,545700,0.00432075005179892,0.07749654352664948,0.07748752960136958,1.0,0.9765013054830287,0.9778498713502629,0.9934725848563969,0.0003,1.0,7407.604839801788
depth2_bal_AAMM,2,AAMM,45500,546000,0.0036838055045033493,0.0748433992266655,0.07835467308759689,1.0,0.9725848563968669,0.9762837006376552,0.9934725848563969,0.0003,1.0,7411.722365617752
depth2_bal_AAMM,2,AAMM,45525,546300,0.0030397961381822824,0.07707459852099419,0.07766613385507039,1.0,0.9725848563968669,0.97639556997427,0.9934725848563969,0.0003,1.0,7415.927376270294
depth2_bal_AAMM,2,AAMM,45550,546600,0.0026213040497774878,0.07333426301678021,0.07528274256203855,1.0,0.9765013054830287,0.9771786553305739,0.9934725848563969,0.0003,1.0,7419.554625511169
depth2_bal_AAMM,2,AAMM,45575,546900,0.009796560819571217,0.0809650681912899,0.08870101592370443,1.0,0.97911227154047,0.979080434053026,0.9934725848563969,0.0003,1.0,7424.290967226028
depth2_bal_AAMM,2,AAMM,45600,547200,0.010253092584510645,0.07002260908484459,0.07874721075807299,1.0,0.9804177545691906,0.982436514151471,0.9934725848563969,0.0003,1.0,7427.850668668747
depth2_bal_AAMM,2,AAMM,45625,547500,0.009025646878095964,0.06617088615894318,0.07433022803493909,1.0,0.9804177545691906,0.9836670768542343,0.9934725848563969,0.0003,1.0,7431.576747894287
depth2_bal_AAMM,2,AAMM,45650,547800,0.0077904437979062395,0.059626871099074684,0.0706191531249455,1.0,0.9856396866840731,0.9853451169034567,0.9934725848563969,0.0003,1.0,7436.290997266769
depth2_bal_AAMM,2,AAMM,45675,548100,0.006617683956089119,0.05448973303039869,0.06468368944312845,1.0,0.9869451697127938,0.9860163329231457,0.9934725848563969,0.0003,1.0,7440.805379867554
depth2_bal_AAMM,2,AAMM,45700,548400,0.005683891902056833,0.05188072472810745,0.06241868819509234,1.0,0.9856396866840731,0.9863519409329903,0.9934725848563969,0.0003,1.0,7445.083760261536
depth2_bal_AAMM,2,AAMM,45725,548700,0.004804452842411895,0.04636073919634024,0.05973590628377029,1.0,0.9856396866840731,0.9869112876160644,0.9934725848563969,0.0003,1.0,7449.192998886108
depth2_bal_AAMM,2,AAMM,45750,549000,0.00414821154360349,0.04441562543312708,0.057385964372328346,1.0,0.9895561357702349,0.9878062423089831,0.9934725848563969,0.0003,1.0,7453.453188419342
depth2_bal_AAMM,2,AAMM,45775,549300,0.003584315321252992,0.04058557624618212,0.056816681208355084,1.0,0.9908616187989556,0.9873587649625237,0.9934725848563969,0.0003,1.0,7457.379865646362
depth2_bal_AAMM,2,AAMM,45800,549600,0.0029878654556038478,0.03743806667625904,0.05587816334196499,1.0,0.9947780678851175,0.9873587649625237,0.9947780678851175,0.0003,1.0,7461.444802045822
depth2_bal_AAMM,2,AAMM,45825,549900,0.020461028597007196,0.09723033756017685,0.10016331076622009,1.0,0.9738903394255874,0.975724353954581,0.9947780678851175,0.0003,1.0,7467.212489366531
depth2_bal_AAMM,2,AAMM,45850,550200,0.01711814571171999,0.08783603335420291,0.09223092411245619,1.0,0.9778067885117493,0.9805347354290189,0.9947780678851175,0.0003,1.0,7471.123172998428
depth2_bal_AAMM,2,AAMM,45875,550500,0.014705626604457697,0.07896164680520694,0.08482474184462002,1.0,0.9830287206266318,0.9827721221613156,0.9947780678851175,0.0003,1.0,7475.3233506679535
depth2_bal_AAMM,2,AAMM,45900,550800,0.01255325018428266,0.07357968265811603,0.08221702948212624,1.0,0.9856396866840731,0.9826602528247007,0.9947780678851175,0.0003,1.0,7479.459116220474
depth2_bal_AAMM,2,AAMM,45925,551100,0.01069126014287273,0.06649309520920117,0.07773939701063293,1.0,0.9882506527415144,0.9835552075176194,0.9947780678851175,0.0003,1.0,7484.841640472412
depth2_bal_AAMM,2,AAMM,45950,551400,0.009135998009393612,0.06140305722753207,0.07584604439990861,1.0,0.9882506527415144,0.983778946190849,0.9947780678851175,0.0003,1.0,7489.171497106552
depth2_bal_AAMM,2,AAMM,45975,551700,0.00797065692798545,0.06155614679058393,0.07328857609203883,1.0,0.9830287206266318,0.9838908155274639,0.9947780678851175,0.0003,1.0,7493.6376695632935
depth2_bal_AAMM,2,AAMM,46000,552000,0.006646509204680721,0.054721761494874954,0.07033634643469538,1.0,0.9895561357702349,0.9847857702203826,0.9947780678851175,0.0003,1.0,7498.0727915763855
depth2_bal_AAMM,2,AAMM,46025,552300,0.0056019797921180725,0.050298058738311134,0.06727272719144821,1.0,0.9869451697127938,0.9860163329231457,0.9947780678851175,0.0003,1.0,7506.046115398407
depth2_bal_AAMM,2,AAMM,46050,552600,0.00475340720731765,0.044035254046320915,0.06422525867819787,1.0,0.9908616187989556,0.9861282022597606,0.9947780678851175,0.0003,1.0,7510.58614563942
depth2_bal_AAMM,2,AAMM,46075,552900,0.00409784847094367,0.04510719453295072,0.06475563831627369,1.0,0.9921671018276762,0.98657567960622,0.9947780678851175,0.0003,1.0,7514.744602441788
depth2_bal_AAMM,2,AAMM,46100,553200,0.0034561635887560747,0.04266832458476225,0.0620217357895204,1.0,0.9882506527415144,0.9864638102696051,0.9947780678851175,0.0003,1.0,7518.076357126236
depth2_bal_AAMM,2,AAMM,46125,553500,0.0029883175933112702,0.04115161175529162,0.061967908537813594,1.0,0.9921671018276762,0.9862400715963754,0.9947780678851175,0.0003,1.0,7522.172762870789
depth2_bal_AAMM,2,AAMM,46150,553800,0.0025207866177273295,0.038165908927718796,0.06052067114838532,1.0,0.9908616187989556,0.98657567960622,0.9947780678851175,0.0003,1.0,7526.2506992816925
depth2_bal_AAMM,2,AAMM,46175,554100,0.01355302962474525,0.09120085090398788,0.09387656982455934,1.0,0.9712793733681462,0.9746056605884327,0.9947780678851175,0.0003,1.0,7531.462349414825
depth2_bal_AAMM,2,AAMM,46200,554400,0.012471642500410477,0.09300822019577026,0.09116708721433367,1.0,0.9660574412532638,0.9760599619644256,0.9947780678851175,0.0003,1.0,7536.740923404694
depth2_bal_AAMM,2,AAMM,46225,554700,0.011067393468692899,0.09306948632001877,0.08925104801143918,1.0,0.9686684073107049,0.977738002013648,0.9947780678851175,0.0003,1.0,7541.2056658267975
depth2_bal_AAMM,2,AAMM,46250,555000,0.009521327330730855,0.08477108428875606,0.08390720678227288,1.0,0.9804177545691906,0.9805347354290189,0.9947780678851175,0.0003,1.0,7546.405642986298
depth2_bal_AAMM,2,AAMM,46275,555300,0.00808744536091884,0.07373349741101265,0.07994208144290106,1.0,0.9817232375979112,0.980422866092404,0.9947780678851175,0.0003,1.0,7551.614777326584
depth2_bal_AAMM,2,AAMM,46300,555600,0.006785018679996331,0.063334621489048,0.07427302151918411,1.0,0.9869451697127938,0.9832195995077749,0.9947780678851175,0.0003,1.0,7553.650566101074
depth2_bal_AAMM,2,AAMM,46325,555900,0.006404576784310241,0.06116036077340444,0.07274905698640007,1.0,0.9843342036553525,0.9834433381810046,0.9947780678851175,0.0003,1.0,7558.483823299408
depth2_bal_AAMM,2,AAMM,46350,556200,0.004999096893394987,0.05537862082322439,0.0702166209263461,1.0,0.9895561357702349,0.9833314688443897,0.9947780678851175,0.0003,1.0,7562.927714347839
depth2_bal_AAMM,2,AAMM,46375,556500,0.004484637504598747,0.05452202136317889,0.06845870528902326,1.0,0.9895561357702349,0.9823246448148563,0.9947780678851175,0.0003,1.0,7564.9009211063385
depth2_bal_AAMM,2,AAMM,46400,556800,0.003794631144652764,0.054096647848685585,0.06703873771641936,1.0,0.9856396866840731,0.9827721221613156,0.9947780678851175,0.0003,1.0,7567.508485555649
depth2_bal_AAMM,2,AAMM,46425,557100,0.02566510656227668,0.11560510595639546,0.11408564129046031,1.0,0.9738903394255874,0.9744937912518179,0.9947780678851175,0.0003,1.0,7569.719096899033
depth2_bal_AAMM,2,AAMM,46450,557400,0.01725590896482269,0.08747568478186925,0.09102985113859177,1.0,0.9804177545691906,0.9800872580825596,0.9947780678851175,0.0003,1.0,7573.659078359604
depth2_bal_AAMM,2,AAMM,46475,557700,0.014616939782475432,0.07945310945312183,0.08265572828905923,1.0,0.9830287206266318,0.9827721221613156,0.9947780678851175,0.0003,1.0,7578.377956628799
depth2_bal_AAMM,2,AAMM,46500,558000,0.012403126806020737,0.0719689888258775,0.07850003689527511,1.0,0.9843342036553525,0.9828839914979304,0.9947780678851175,0.0003,1.0,7583.146688222885
depth2_bal_AAMM,2,AAMM,46525,558300,0.01059124960253636,0.06667581697305043,0.07487215676477978,1.0,0.9856396866840731,0.983778946190849,0.9947780678851175,0.0003,1.0,7587.302558898926
depth2_bal_AAMM,2,AAMM,46550,558600,0.009056009740258256,0.06319526707132657,0.07030478534953935,1.0,0.9856396866840731,0.985121378230227,0.9947780678851175,0.0003,1.0,7591.053220748901
depth2_bal_AAMM,2,AAMM,46575,558900,0.007647699482428531,0.06330710649490356,0.06949456706643105,1.0,0.9830287206266318,0.9845620315471529,0.9947780678851175,0.0003,1.0,7595.2986035346985
depth2_bal_AAMM,2,AAMM,46600,559200,0.006417296594008803,0.05737544844547907,0.06550423407128879,1.0,0.9856396866840731,0.9855688555766864,0.9947780678851175,0.0003,1.0,7599.227032661438
depth2_bal_AAMM,2,AAMM,46625,559500,0.005573549385493,0.055792701741059623,0.06443688869476319,1.0,0.9869451697127938,0.985792594249916,0.9947780678851175,0.0003,1.0,7603.781061887741
depth2_bal_AAMM,2,AAMM,46650,559800,0.004640084186879297,0.05155578752358755,0.06181124810661588,1.0,0.9869451697127938,0.9859044635865309,0.9947780678851175,0.0003,1.0,7607.673125505447
depth2_bal_AAMM,2,AAMM,46675,560100,0.0039029199979268014,0.05051425223549207,0.061101778011236875,1.0,0.9895561357702349,0.9856807249133013,0.9947780678851175,0.0003,1.0,7610.568600177765
depth2_bal_AAMM,2,AAMM,46700,560400,0.0033684707789992294,0.04840643828113874,0.0590865430022989,1.0,0.9882506527415144,0.9860163329231457,0.9947780678851175,0.0003,1.0,7614.675429582596
depth2_bal_AAMM,2,AAMM,46725,560700,0.010702999231095115,0.08075417205691338,0.08587188731346812,1.0,0.9804177545691906,0.9779617406868777,0.9947780678851175,0.0003,1.0,7619.453338861465
depth2_bal_AAMM,2,AAMM,46750,561000,0.010809797250355283,0.08021239812175433,0.08355144166520663,1.0,0.9817232375979112,0.9798635194093299,0.9947780678851175,0.0003,1.0,7623.868063926697
depth2_bal_AAMM,2,AAMM,46775,561300,0.00954167878565689,0.08098463962475459,0.08189918090190207,1.0,0.9804177545691906,0.9805347354290189,0.9947780678851175,0.0003,1.0,7627.604380607605
depth2_bal_AAMM,2,AAMM,46800,561600,0.008205057975525657,0.07981907452146213,0.08194083794951439,1.0,0.97911227154047,0.978409218033337,0.9947780678851175,0.0003,1.0,7631.780721902847
depth2_bal_AAMM,2,AAMM,46825,561900,0.007419645010183255,0.08029274518291156,0.08282731782112802,1.0,0.97911227154047,0.9769549166573442,0.9947780678851175,0.0003,1.0,7635.778138160706
depth2_bal_AAMM,2,AAMM,46850,562200,0.006222511292435229,0.08049796770016353,0.08075419142842293,1.0,0.9765013054830287,0.9788566953797964,0.9947780678851175,0.0003,1.0,7639.747437000275
depth2_bal_AAMM,2,AAMM,46875,562500,0.00524068398711582,0.08106279248992602,0.08065693974494934,1.0,0.9765013054830287,0.9778498713502629,0.9947780678851175,0.0003,1.0,7644.002723455429
depth2_bal_AAMM,2,AAMM,46900,562800,0.00434000656241551,0.07971065739790599,0.07837912674461092,1.0,0.9778067885117493,0.9788566953797964,0.9947780678851175,0.0003,1.0,7648.307870149612
depth2_bal_AAMM,2,AAMM,46925,563100,0.020871576542655628,0.12624516586462656,0.11946002393960953,1.0,0.9621409921671018,0.9687884550844613,0.9947780678851175,0.0003,1.0,7655.9089188575745
depth2_bal_AAMM,2,AAMM,46950,563400,0.01536352870364984,0.10965024183193843,0.10562917057956968,1.0,0.9673629242819843,0.9725920125293657,0.9947780678851175,0.0003,1.0,7660.997094869614
depth2_bal_AAMM,2,AAMM,46975,563700,0.01308148338769873,0.0986081783970197,0.0986248078090804,1.0,0.9725848563968669,0.9761718313010403,0.9947780678851175,0.0003,1.0,7665.544722795486
depth2_bal_AAMM,2,AAMM,47000,564000,0.011427924036979675,0.09304504593213399,0.09519888822521483,1.0,0.9725848563968669,0.97639556997427,0.9947780678851175,0.0003,1.0,7669.974613904953
depth2_bal_AAMM,2,AAMM,47025,564300,0.009663999158268174,0.0915234386920929,0.09241529085806438,1.0,0.9725848563968669,0.9748293992616623,0.9947780678851175,0.0003,1.0,7677.6967124938965
depth2_bal_AAMM,2,AAMM,47050,564600,0.008512778479295472,0.08840568984548251,0.09094015498246466,1.0,0.9725848563968669,0.9758362232911959,0.9947780678851175,0.0003,1.0,7683.580392122269
depth2_bal_AAMM,2,AAMM,47075,564900,0.007092886371538043,0.08751201008756955,0.08697190167648451,1.0,0.9738903394255874,0.9769549166573442,0.9947780678851175,0.0003,1.0,7688.72087264061
depth2_bal_AAMM,2,AAMM,47100,565200,0.006091904632436733,0.08443835874398549,0.08504068670528275,1.0,0.9751958224543081,0.9778498713502629,0.9947780678851175,0.0003,1.0,7695.753049850464
depth2_bal_AAMM,2,AAMM,47125,565500,0.005206596765977641,0.08392268295089404,0.08203458136745861,1.0,0.9738903394255874,0.977738002013648,0.9947780678851175,0.0003,1.0,7700.075553417206
depth2_bal_AAMM,2,AAMM,47150,565800,0.004287358373403549,0.0820845514535904,0.0829457095691136,1.0,0.9778067885117493,0.9774023940038036,0.9947780678851175,0.0003,1.0,7703.1423189640045
depth2_bal_AAMM,2,AAMM,47175,566100,0.0036660577752627432,0.08579704537987709,0.08255493678152562,1.0,0.9738903394255874,0.9772905246671887,0.9947780678851175,0.0003,1.0,7707.464243650436
depth2_bal_AAMM,2,AAMM,47200,566400,0.0030718161918533347,0.08492052182555199,0.08037214241921901,1.0,0.9751958224543081,0.9762837006376552,0.9947780678851175,0.0003,1.0,7711.95706152916
depth2_bal_AAMM,2,AAMM,47225,566700,0.008656855400962135,0.0795271893342336,0.09080658672111375,1.0,0.9751958224543081,0.9727038818659806,0.9947780678851175,0.0003,1.0,7715.976542472839
depth2_bal_AAMM,2,AAMM,47250,567000,0.009410460169116655,0.08421133831143379,0.08954088198287147,1.0,0.9778067885117493,0.9751650072715069,0.9947780678851175,0.0003,1.0,7720.075120210648
depth2_bal_AAMM,2,AAMM,47275,567300,0.008513125901420912,0.0865204893052578,0.0886014957513128,1.0,0.9817232375979112,0.9751650072715069,0.9947780678851175,0.0003,1.0,7724.262039422989
depth2_bal_AAMM,2,AAMM,47300,567600,0.007318510867965718,0.0875294382373492,0.08672584231410707,1.0,0.9778067885117493,0.97639556997427,0.9947780678851175,0.0003,1.0,7728.282993793488
depth2_bal_AAMM,2,AAMM,47325,567900,0.006246608487951259,0.08790745958685875,0.08490254133939742,1.0,0.9778067885117493,0.9762837006376552,0.9947780678851175,0.0003,1.0,7732.117977142334
depth2_bal_AAMM,2,AAMM,47350,568200,0.005412951344624162,0.08478982622424762,0.08271633865577833,1.0,0.9765013054830287,0.97639556997427,0.9947780678851175,0.0003,1.0,7735.965769767761
depth2_bal_AAMM,2,AAMM,47375,568500,0.00447432689058284,0.08479255810379982,0.08345171426023756,1.0,0.97911227154047,0.9758362232911959,0.9947780678851175,0.0003,1.0,7740.589069604874
depth2_bal_AAMM,2,AAMM,47400,568800,0.003909951987831543,0.0935722179710865,0.08787574225238391,1.0,0.9765013054830287,0.9742700525785882,0.9947780678851175,0.0003,1.0,7744.0750823020935
depth2_bal_AAMM,2,AAMM,47425,569100,0.003176599411138644,0.08689538637797038,0.08210835137537548,1.0,0.97911227154047,0.9749412685982772,0.9947780678851175,0.0003,1.0,7749.942115068436
depth2_bal_AAMM,2,AAMM,47450,569400,0.003359167972424378,0.09123097111781438,0.08941651305982044,1.0,0.9765013054830287,0.972368273856136,0.9947780678851175,0.0003,1.0,7753.90469789505
depth2_bal_AAMM,2,AAMM,47475,569700,0.07265082498391469,0.19990448653697968,0.19472726583480834,0.9993472584856397,0.9503916449086162,0.9579371294328225,0.9947780678851175,0.0003,1.0,7757.894914865494
depth2_bal_AAMM,2,AAMM,47500,570000,0.028825211493919294,0.12326895693937938,0.12436330297163554,1.0,0.9725848563968669,0.9713614498266026,0.9947780678851175,0.0003,1.0,7761.666221141815
depth2_bal_AAMM,2,AAMM,47525,570300,0.023451234214007854,0.10569606721401215,0.11191077147211348,1.0,0.9751958224543081,0.9738225752321289,0.9947780678851175,0.0003,1.0,7765.935258150101
depth2_bal_AAMM,2,AAMM,47550,570600,0.019664101923505466,0.09665367007255554,0.10484912523201534,1.0,0.9817232375979112,0.9751650072715069,0.9947780678851175,0.0003,1.0,7769.76194691658
depth2_bal_AAMM,2,AAMM,47575,570900,0.01649858181675275,0.08959351231654485,0.09930450394749642,1.0,0.97911227154047,0.9758362232911959,0.9947780678851175,0.0003,1.0,7774.283741950989
depth2_bal_AAMM,2,AAMM,47600,571200,0.01370910182595253,0.08363341043392818,0.09448777639440127,1.0,0.9817232375979112,0.9769549166573442,0.9947780678851175,0.0003,1.0,7778.061046361923
depth2_bal_AAMM,2,AAMM,47625,571500,0.011582052102312446,0.0799079326291879,0.08998984843492508,1.0,0.9830287206266318,0.9780736100234926,0.9947780678851175,0.0003,1.0,7781.2123465538025
depth2_bal_AAMM,2,AAMM,47650,571800,0.009728337482859692,0.07566603148976962,0.08539773949554988,1.0,0.9830287206266318,0.9791923033896409,0.9947780678851175,0.0003,1.0,7785.1608810424805
depth2_bal_AAMM,2,AAMM,47675,572100,0.008226607887384793,0.07084147507945697,0.08313598121915544,1.0,0.9843342036553525,0.9801991274191744,0.9947780678851175,0.0003,1.0,7789.915693998337
depth2_bal_AAMM,2,AAMM,47700,572400,0.006928589350233476,0.06729709853728612,0.08100680453436715,1.0,0.9856396866840731,0.9803109967557893,0.9947780678851175,0.0003,1.0,7794.811348199844
depth2_bal_AAMM,2,AAMM,47725,572700,0.005874374570945899,0.06624637295802434,0.07957072705030441,1.0,0.9830287206266318,0.9795279113994854,0.9947780678851175,0.0003,1.0,7799.321768283844
depth2_bal_AAMM,2,AAMM,47750,573000,0.004890950901123385,0.06826679160197575,0.0776964328118733,1.0,0.9830287206266318,0.9798635194093299,0.9947780678851175,0.0003,1.0,7804.418970584869
depth2_bal_AAMM,2,AAMM,47775,573300,0.004177882025639216,0.06456462666392326,0.0742838225194386,1.0,0.9830287206266318,0.9801991274191744,0.9947780678851175,0.0003,1.0,7808.4672610759735
depth2_bal_AAMM,2,AAMM,47800,573600,0.0035972144881573818,0.06226025770107905,0.07396098630768912,1.0,0.9830287206266318,0.9815415594585524,0.9947780678851175,0.0003,1.0,7812.634739398956
depth2_bal_AAMM,2,AAMM,47825,573900,0.0030681155427979925,0.0663816084464391,0.07286609703941005,1.0,0.9830287206266318,0.9815415594585524,0.9947780678851175,0.0003,1.0,7816.543209075928
depth2_bal_AAMM,2,AAMM,47850,574200,0.0025586128661719463,0.06094926471511523,0.07070442203964505,1.0,0.9830287206266318,0.9818771674683969,0.9947780678851175,0.0003,1.0,7820.745813369751
depth2_bal_AAMM,2,AAMM,47875,574500,0.0021593589626718313,0.05841482679049174,0.0704239041677543,1.0,0.9804177545691906,0.981765298131782,0.9947780678851175,0.0003,1.0,7823.9894297122955
depth2_bal_AAMM,2,AAMM,47900,574800,0.0018241629586555064,0.05934186031421026,0.0713946278073958,1.0,0.9830287206266318,0.9814296901219376,0.9947780678851175,0.0003,1.0,7830.642889022827
depth2_bal_AAMM,2,AAMM,47925,575100,0.0015501714078709483,0.057206202298402786,0.0678585700158562,1.0,0.9843342036553525,0.9823246448148563,0.9947780678851175,0.0003,1.0,7834.805370569229
depth2_bal_AAMM,2,AAMM,47950,575400,0.0013363823430457462,0.05775210385521253,0.06732320354453154,1.0,0.9830287206266318,0.9829958608345453,0.9947780678851175,0.0003,1.0,7841.542008638382
depth2_bal_AAMM,2,AAMM,47975,575700,0.00114364886637001,0.05828935156265894,0.06760641214038644,1.0,0.9817232375979112,0.9822127754782414,0.9947780678851175,0.0003,1.0,7845.796295881271
depth2_bal_AAMM,2,AAMM,48000,576000,0.0009760799390884737,0.060776165376106896,0.06582687348127365,1.0,0.9817232375979112,0.9829958608345453,0.9947780678851175,0.0003,1.0,7849.706672430038
depth2_bal_AAMM,2,AAMM,48025,576300,0.0008256666575713704,0.0574323870241642,0.06745303933109556,1.0,0.9804177545691906,0.9823246448148563,0.9947780678851175,0.0003,1.0,7854.317353963852
depth2_bal_AAMM,2,AAMM,48050,576600,0.03028709115460515,0.11694234857956569,0.12430693336895533,0.9990208877284595,0.9751958224543081,0.9678935003915426,0.9947780678851175,0.0003,1.0,7858.3991186618805
depth2_bal_AAMM,2,AAMM,48075,576900,0.018489670629302662,0.09107448533177376,0.10185551568865776,1.0,0.9765013054830287,0.9778498713502629,0.9947780678851175,0.0003,1.0,7862.091943025589
depth2_bal_AAMM,2,AAMM,48100,577200,0.016668840311467648,0.08961345379551251,0.09717195885522024,1.0,0.9765013054830287,0.977066785993959,0.9947780678851175,0.0003,1.0,7866.2789652347565
depth2_bal_AAMM,2,AAMM,48125,577500,0.014359583922972282,0.08573322743177414,0.09304743132420949,1.0,0.9778067885117493,0.9774023940038036,0.9947780678851175,0.0003,1.0,7870.906538248062
depth2_bal_AAMM,2,AAMM,48150,577800,0.012154927710071206,0.08213966091473897,0.08838792517781258,1.0,0.97911227154047,0.9781854793601074,0.9947780678851175,0.0003,1.0,7875.320377111435
depth2_bal_AAMM,2,AAMM,48175,578100,0.010165980240950981,0.07783738772074382,0.08459034253443991,1.0,0.97911227154047,0.9787448260431816,0.9947780678851175,0.0003,1.0,7879.440521240234
depth2_bal_AAMM,2,AAMM,48200,578400,0.008663039188832045,0.07401467611392339,0.08169474101492337,1.0,0.9804177545691906,0.9779617406868777,0.9947780678851175,0.0003,1.0,7883.663979291916
depth2_bal_AAMM,2,AAMM,48225,578700,0.007243166832874219,0.07105832422773044,0.07876474825399263,1.0,0.97911227154047,0.9791923033896409,0.9947780678851175,0.0003,1.0,7888.007962703705
depth2_bal_AAMM,2,AAMM,48250,579000,0.006056344796282549,0.07071360821525256,0.07713276552302496,1.0,0.9765013054830287,0.9801991274191744,0.9947780678851175,0.0003,1.0,7893.050166130066
depth2_bal_AAMM,2,AAMM,48275,579300,0.005209110366801421,0.06730934356649716,0.07568665806736265,1.0,0.9751958224543081,0.9785210873699519,0.9947780678851175,0.0003,1.0,7897.181436300278
depth2_bal_AAMM,2,AAMM,48300,579600,0.004328266290637354,0.06917173539598782,0.07514524678034441,1.0,0.9765013054830287,0.9781854793601074,0.9947780678851175,0.0003,1.0,7901.471603393555
depth2_bal_AAMM,2,AAMM,48325,579900,0.003549000325923165,0.06350983679294586,0.07048186143594129,1.0,0.9778067885117493,0.9805347354290189,0.9947780678851175,0.0003,1.0,7906.035354375839
depth2_bal_AAMM,2,AAMM,48350,580200,0.0031235319717476764,0.06403313452998798,0.07506584248372487,1.0,0.9804177545691906,0.9782973486967222,0.9947780678851175,0.0003,1.0,7910.001418828964
depth2_bal_AAMM,2,AAMM,48375,580500,0.0026289870923695466,0.05969808002312978,0.07227850471224104,1.0,0.9765013054830287,0.9791923033896409,0.9947780678851175,0.0003,1.0,7913.383652925491
depth2_bal_AAMM,2,AAMM,48400,580800,0.1357291042804718,0.22747785846392313,0.219968295948846,0.9781331592689295,0.9451697127937336,0.9430585076630496,0.9947780678851175,0.0003,1.0,7917.734806060791
depth2_bal_AAMM,2,AAMM,48425,581100,0.01985195418819785,0.09224583705266316,0.09746320141213281,1.0,0.9778067885117493,0.9786329567065667,0.9947780678851175,0.0003,1.0,7924.238263607025
depth2_bal_AAMM,2,AAMM,48450,581400,0.017308783329402406,0.08260949949423473,0.08944623406444277,1.0,0.9843342036553525,0.9823246448148563,0.9947780678851175,0.0003,1.0,7928.266319513321
depth2_bal_AAMM,2,AAMM,48475,581700,0.015021177940070629,0.07190146173040073,0.08224371831331934,1.0,0.9895561357702349,0.984450162210538,0.9947780678851175,0.0003,1.0,7932.098835945129
depth2_bal_AAMM,2,AAMM,48500,582000,0.012883933493867517,0.06498588373263676,0.07721821612545422,1.0,0.9882506527415144,0.9859044635865309,0.9947780678851175,0.0003,1.0,7936.132790327072
depth2_bal_AAMM,2,AAMM,48525,582300,0.01093584888925155,0.05847813685735067,0.07315144538879395,1.0,0.9921671018276762,0.9870231569526793,0.9947780678851175,0.0003,1.0,7942.840806245804
depth2_bal_AAMM,2,AAMM,48550,582600,0.009259811136871576,0.05620897561311722,0.07130931509392602,1.0,0.9908616187989556,0.9864638102696051,0.9947780678851175,0.0003,1.0,7946.552955627441
depth2_bal_AAMM,2,AAMM,48575,582900,0.007797793368808925,0.05241051067908605,0.06802598908543586,1.0,0.9908616187989556,0.9864638102696051,0.9947780678851175,0.0003,1.0,7950.491727352142
depth2_bal_AAMM,2,AAMM,48600,583200,0.006709664245136082,0.05175002540151278,0.06820166228072984,1.0,0.9908616187989556,0.9854569862400716,0.9947780678851175,0.0003,1.0,7954.420216083527
depth2_bal_AAMM,2,AAMM,48625,583500,0.005591243932334085,0.047434172903498016,0.06525124918137278,1.0,0.9908616187989556,0.9869112876160644,0.9947780678851175,0.0003,1.0,7958.374928236008
depth2_bal_AAMM,2,AAMM,48650,583800,0.004785574274137616,0.04609630939861139,0.06267497965267727,1.0,0.9908616187989556,0.9871350262892941,0.9947780678851175,0.0003,1.0,7962.24725151062
depth2_bal_AAMM,2,AAMM,48675,584100,0.004109670136434336,0.04629155062139034,0.06455303260258266,1.0,0.9882506527415144,0.9860163329231457,0.9947780678851175,0.0003,1.0,7966.649812221527
depth2_bal_AAMM,2,AAMM,48700,584400,0.003540698419480274,0.042266213024655976,0.06102082931569645,1.0,0.9921671018276762,0.987246895625909,0.9947780678851175,0.0003,1.0,7970.750103473663
depth2_bal_AAMM,2,AAMM,48725,584700,0.0029693058847139278,0.04223919784029325,0.05966003303016935,1.0,0.9921671018276762,0.9871350262892941,0.9947780678851175,0.0003,1.0,7974.6929478645325
depth2_bal_AAMM,2,AAMM,48750,585000,0.01757953696263333,0.09710709750652313,0.0927357486316136,1.0,0.9751958224543081,0.9791923033896409,0.9947780678851175,0.0003,1.0,7978.4663989543915
depth2_bal_AAMM,2,AAMM,48775,585300,0.0144656413855652,0.08865369111299515,0.08254119817699705,1.0,0.9765013054830287,0.982436514151471,0.9947780678851175,0.0003,1.0,7983.292973518372
depth2_bal_AAMM,2,AAMM,48800,585600,0.012478941353037953,0.07819156224528949,0.07689942387597902,1.0,0.97911227154047,0.9832195995077749,0.9947780678851175,0.0003,1.0,7987.523074865341
depth2_bal_AAMM,2,AAMM,48825,585900,0.010764668618018428,0.07164740810791652,0.07292064034513064,1.0,0.9843342036553525,0.984450162210538,0.9947780678851175,0.0003,1.0,7991.576880931854
depth2_bal_AAMM,2,AAMM,48850,586200,0.009167427585149804,0.06485987827181816,0.06883267973150525,1.0,0.9843342036553525,0.9846739008837677,0.9947780678851175,0.0003,1.0,7995.794543981552
depth2_bal_AAMM,2,AAMM,48875,586500,0.00794372036277006,0.05985606958468755,0.06499312168785504,1.0,0.9869451697127938,0.9852332475668419,0.9947780678851175,0.0003,1.0,8000.927983283997
depth2_bal_AAMM,2,AAMM,48900,586800,0.006728266482241452,0.05220609903335571,0.060417549099240984,1.0,0.9895561357702349,0.9856807249133013,0.9947780678851175,0.0003,1.0,8004.540700435638
depth2_bal_AAMM,2,AAMM,48925,587100,0.005578918615356088,0.04870438203215599,0.05782583457018648,1.0,0.9895561357702349,0.9850095088936123,0.9947780678851175,0.0003,1.0,8012.974660873413
depth2_bal_AAMM,2,AAMM,48950,587400,0.004737841237025957,0.043729317684968315,0.05462232024541923,1.0,0.9908616187989556,0.9870231569526793,0.9947780678851175,0.0003,1.0,8017.054500818253
depth2_bal_AAMM,2,AAMM,48975,587700,0.0040386473992839456,0.04098109838863214,0.054047913157514164,1.0,0.9921671018276762,0.9863519409329903,0.9947780678851175,0.0003,1.0,8021.354934215546
depth2_bal_AAMM,2,AAMM,49000,588000,0.003494563978165388,0.04021673214932283,0.05419614501297474,1.0,0.9934725848563969,0.9862400715963754,0.9947780678851175,0.0003,1.0,8026.001259088516
depth2_bal_AAMM,2,AAMM,49025,588300,0.0028738272570384047,0.0384482815861702,0.05159761054175241,1.0,0.9934725848563969,0.9871350262892941,0.9947780678851175,0.0003,1.0,8040.926928758621
depth2_bal_AAMM,2,AAMM,49050,588600,0.002597961894934997,0.03911416232585907,0.051875248817460876,1.0,0.9882506527415144,0.9861282022597606,0.9947780678851175,0.0003,1.0,8047.138227939606
depth2_bal_AAMM,2,AAMM,49075,588900,0.04242014543463787,0.1642966022094091,0.14576227005038941,1.0,0.9490861618798956,0.9684528470746169,0.9947780678851175,0.0003,1.0,8051.531898736954
depth2_bal_AAMM,2,AAMM,49100,589200,0.02172266412526369,0.10467637330293655,0.10000148979680878,1.0,0.9765013054830287,0.981094082112093,0.9947780678851175,0.0003,1.0,8055.435022592545
depth2_bal_AAMM,2,AAMM,49125,589500,0.017671470840771992,0.08625990524888039,0.08706425534827368,1.0,0.9830287206266318,0.983778946190849,0.9947780678851175,0.0003,1.0,8059.439234256744
depth2_bal_AAMM,2,AAMM,49150,589800,0.0147676106231908,0.07473934317628543,0.07791858528341566,1.0,0.9856396866840731,0.9853451169034567,0.9947780678851175,0.0003,1.0,8063.592076539993
depth2_bal_AAMM,2,AAMM,49175,590100,0.012483879690989852,0.062259938567876816,0.0714496234697955,1.0,0.9882506527415144,0.9881418503188276,0.9947780678851175,0.0003,1.0,8067.651136875153
depth2_bal_AAMM,2,AAMM,49200,590400,0.010352974214280644,0.053704243153333664,0.06623973239745412,1.0,0.9895561357702349,0.989260543684976,0.9947780678851175,0.0003,1.0,8071.732673406601
depth2_bal_AAMM,2,AAMM,49225,590700,0.008866605154859522,0.04921946364144484,0.06363522080438477,1.0,0.9895561357702349,0.9902673677145094,0.9947780678851175,0.0003,1.0,8075.699988603592
depth2_bal_AAMM,2,AAMM,49250,591000,0.0075261850918953615,0.044903075943390526,0.0605192845421178,1.0,0.9882506527415144,0.9901554983778946,0.9947780678851175,0.0003,1.0,8080.011340141296
depth2_bal_AAMM,2,AAMM,49275,591300,0.0063511725747957826,0.044301277647415795,0.05928566839013781,1.0,0.9882506527415144,0.9902673677145094,0.9947780678851175,0.0003,1.0,8084.564724683762
depth2_bal_AAMM,2,AAMM,49300,591600,0.005349203672570487,0.040956608951091766,0.05709970476371901,1.0,0.9895561357702349,0.9902673677145094,0.9947780678851175,0.0003,1.0,8088.863393306732
depth2_bal_AAMM,2,AAMM,49325,591900,0.004468502243980765,0.03953141781191031,0.05591526457241603,1.0,0.9895561357702349,0.9908267143975836,0.9947780678851175,0.0003,1.0,8093.795511960983
depth2_bal_AAMM,2,AAMM,49350,592200,0.003825903967178116,0.0382779644181331,0.05461720696517399,1.0,0.9882506527415144,0.9913860610806577,0.9947780678851175,0.0003,1.0,8097.669895172119
depth2_bal_AAMM,2,AAMM,49375,592500,0.003286897457049539,0.03584209612260262,0.0532393286802939,1.0,0.9895561357702349,0.9913860610806577,0.9947780678851175,0.0003,1.0,8101.943812847137
depth2_bal_AAMM,2,AAMM,49400,592800,0.00274180523895969,0.03669547631094853,0.05315284867371831,1.0,0.9895561357702349,0.9904911063877391,0.9947780678851175,0.0003,1.0,8107.283097982407
depth2_bal_AAMM,2,AAMM,49425,593100,0.002285926117716978,0.035038623958826065,0.051990221281136784,1.0,0.9882506527415144,0.9911623224074281,0.9947780678851175,0.0003,1.0,8111.551434993744
depth2_bal_AAMM,2,AAMM,49450,593400,0.002005272515816614,0.03545546686897675,0.053172242934150356,1.0,0.9895561357702349,0.991274191744043,0.9947780678851175,0.0003,1.0,8115.796493291855
depth2_bal_AAMM,2,AAMM,49475,593700,0.017984388396143913,0.09513076643149058,0.09466621833188194,1.0,0.97911227154047,0.9786329567065667,0.9947780678851175,0.0003,1.0,8119.622128486633
depth2_bal_AAMM,2,AAMM,49500,594000,0.016401871262739103,0.08754865576823552,0.0854602324111121,1.0,0.9765013054830287,0.9835552075176194,0.9947780678851175,0.0003,1.0,8123.584876298904
depth2_bal_AAMM,2,AAMM,49525,594300,0.014213384749988714,0.08181793242692947,0.07987212389707565,1.0,0.97911227154047,0.9856807249133013,0.9947780678851175,0.0003,1.0,8127.7663152217865
depth2_bal_AAMM,2,AAMM,49550,594600,0.012296518388514718,0.07863425339261691,0.0770076250391347,1.0,0.9751958224543081,0.9852332475668419,0.9947780678851175,0.0003,1.0,8130.931494951248
depth2_bal_AAMM,2,AAMM,49575,594900,0.010255810416614016,0.07514909654855728,0.07493072056344577,1.0,0.97911227154047,0.9842264235373084,0.9947780678851175,0.0003,1.0,8134.788472652435
depth2_bal_AAMM,2,AAMM,49600,595200,0.008840699136878053,0.07055342942476273,0.06955318578651973,1.0,0.9817232375979112,0.9853451169034567,0.9947780678851175,0.0003,1.0,8141.107074737549
depth2_bal_AAMM,2,AAMM,49625,595500,0.007620229967869818,0.06782793253660202,0.07011618954794747,1.0,0.97911227154047,0.9848976395569974,0.9947780678851175,0.0003,1.0,8144.976598501205
depth2_bal_AAMM,2,AAMM,49650,595800,0.0063915790524333715,0.06446957215666771,0.06619236868407045,1.0,0.9843342036553525,0.9841145542006936,0.9947780678851175,0.0003,1.0,8149.219290971756
depth2_bal_AAMM,2,AAMM,49675,596100,0.005422286262425284,0.06312361483772595,0.06566052053655896,1.0,0.9856396866840731,0.9835552075176194,0.9947780678851175,0.0003,1.0,8153.253376483917
depth2_bal_AAMM,2,AAMM,49700,596400,0.004419327849367012,0.06584266449014346,0.06425218507647515,1.0,0.9804177545691906,0.9835552075176194,0.9947780678851175,0.0003,1.0,8157.517756938934
depth2_bal_AAMM,2,AAMM,49725,596700,0.09093457584579785,0.1956831862529119,0.19638532442705972,0.9957571801566579,0.9660574412532638,0.9541335719879181,0.9947780678851175,0.0003,1.0,8164.600481033325
depth2_bal_AAMM,2,AAMM,49750,597000,0.01828960282728076,0.08986370017131169,0.09419788015740259,1.0,0.9830287206266318,0.9780736100234926,0.9947780678851175,0.0003,1.0,8168.711932659149
depth2_bal_AAMM,2,AAMM,49775,597300,0.015213611147676906,0.07726067304611206,0.08340567754847662,1.0,0.9843342036553525,0.9816534287951673,0.9947780678851175,0.0003,1.0,8172.328496694565
depth2_bal_AAMM,2,AAMM,49800,597600,0.012876207785060009,0.07013003900647163,0.07743844826306616,1.0,0.9843342036553525,0.9825483834880859,0.9947780678851175,0.0003,1.0,8176.724669933319
depth2_bal_AAMM,2,AAMM,49825,597900,0.011041354465608796,0.06692725419998169,0.07404210610049111,1.0,0.9830287206266318,0.9841145542006936,0.9947780678851175,0.0003,1.0,8181.174764633179
depth2_bal_AAMM,2,AAMM,49850,598200,0.009445691093181571,0.062072248508532844,0.0709888688155583,1.0,0.9843342036553525,0.984450162210538,0.9947780678851175,0.0003,1.0,8184.824366807938
depth2_bal_AAMM,2,AAMM,49875,598500,0.007925423599469164,0.057990813006957374,0.06820077672600747,1.0,0.9843342036553525,0.9845620315471529,0.9947780678851175,0.0003,1.0,8188.795694351196
depth2_bal_AAMM,2,AAMM,49900,598800,0.006897567732570072,0.05661798889438311,0.06684467611568315,1.0,0.9869451697127938,0.9842264235373084,0.9947780678851175,0.0003,1.0,8192.777910709381
depth2_bal_AAMM,2,AAMM,49925,599100,0.0057084042734156055,0.053370166569948196,0.06473776900342533,1.0,0.9830287206266318,0.9855688555766864,0.9947780678851175,0.0003,1.0,8216.245317935944
depth2_bal_AAMM,2,AAMM,49950,599400,0.004887444665655494,0.05228997332354387,0.06336830577680043,1.0,0.9830287206266318,0.9850095088936123,0.9947780678851175,0.0003,1.0,8220.767112016678
depth2_bal_AAMM,2,AAMM,49975,599700,0.004173681392179181,0.05026663653552532,0.062036547543747086,1.0,0.9856396866840731,0.9854569862400716,0.9947780678851175,0.0003,1.0,8224.779970407486
depth2_bal_AAMM,2,AAMM,50000,600000,0.0035672863208067915,0.051756737753748894,0.06261874799217497,1.0,0.9817232375979112,0.9838908155274639,0.9947780678851175,0.0003,1.0,8229.613852977753
