run_id,depth,schedule,epoch,step,train_loss,val_loss,test_loss,train_acc,val_acc,test_acc,best_val_acc_so_far,learning_rate,weight_decay,elapsed_time_seconds
depth4_bal_MMMMAAAA,4,MMMMAAAA,1,12,4.737154920895894,4.7438273429870605,4.736649172646659,0.006201044386422976,0.009138381201044387,0.008166461572882873,0.009138381201044387,0.0003,1.0,0.7383956909179688
depth4_bal_MMMMAAAA,4,MMMMAAAA,25,300,3.994588474432627,5.839048385620117,5.7998226983206616,0.0926892950391645,0.0026109660574412533,0.003356080098445016,0.009138381201044387,0.0003,1.0,8.838853597640991
depth4_bal_MMMMAAAA,4,MMMMAAAA,50,600,2.737853229045868,7.60569429397583,7.584648432050432,0.30221932114882505,0.0013054830287206266,0.003691688108289518,0.009138381201044387,0.0003,1.0,17.09922170639038
depth4_bal_MMMMAAAA,4,MMMMAAAA,75,900,2.027646710475286,8.477542877197266,8.443362671988352,0.4758485639686684,0.0013054830287206266,0.0050341201476675245,0.009138381201044387,0.0003,1.0,25.30080223083496
depth4_bal_MMMMAAAA,4,MMMMAAAA,100,1200,1.721000184615453,9.13892904917399,9.194211850847516,0.5430809399477807,0.0026109660574412533,0.006040944177201029,0.009138381201044387,0.0003,1.0,33.456324100494385
depth4_bal_MMMMAAAA,4,MMMMAAAA,125,1500,1.7529654502868652,9.340903282165527,9.404269518171038,0.5280678851174935,0.0039164490861618795,0.006264682850430697,0.009138381201044387,0.0003,1.0,42.46754217147827
depth4_bal_MMMMAAAA,4,MMMMAAAA,150,1800,1.18867622812589,9.989492734273275,9.874836349487305,0.7092036553524804,0.0039164490861618795,0.006600290860275198,0.009138381201044387,0.0003,1.0,51.216087341308594
depth4_bal_MMMMAAAA,4,MMMMAAAA,175,2100,1.1220968862374623,9.731940587361654,9.664806529453822,0.7356396866840731,0.0039164490861618795,0.007718984226423537,0.009138381201044387,0.0003,1.0,60.20357632637024
depth4_bal_MMMMAAAA,4,MMMMAAAA,200,2400,1.4714731872081757,9.604893684387207,9.560804857526506,0.616514360313316,0.006527415143603133,0.007830853563038372,0.009138381201044387,0.0003,1.0,69.43296337127686
depth4_bal_MMMMAAAA,4,MMMMAAAA,225,2700,1.2996091941992443,10.105965932210287,9.934423909868514,0.6680809399477807,0.007832898172323759,0.00805459223626804,0.009138381201044387,0.0003,1.0,78.6366765499115
depth4_bal_MMMMAAAA,4,MMMMAAAA,250,3000,0.7728808571894964,10.702245394388834,10.515420804704938,0.8397519582245431,0.007832898172323759,0.007942722899653205,0.009138381201044387,0.0003,1.0,87.83850574493408
depth4_bal_MMMMAAAA,4,MMMMAAAA,275,3300,1.2576111157735188,10.537153244018555,10.355637441362653,0.6654699738903395,0.0039164490861618795,0.007047768206734534,0.009138381201044387,0.0003,1.0,92.48551273345947
depth4_bal_MMMMAAAA,4,MMMMAAAA,300,3600,0.6687681004405022,11.104145367940268,11.045996393476214,0.8642297650130548,0.005221932114882507,0.009173285602416377,0.009138381201044387,0.0003,1.0,95.69606876373291
depth4_bal_MMMMAAAA,4,MMMMAAAA,325,3900,0.7341035902500153,11.336268742879232,11.188797678266253,0.8276762402088773,0.0013054830287206266,0.00805459223626804,0.009138381201044387,0.0003,1.0,98.88163113594055
depth4_bal_MMMMAAAA,4,MMMMAAAA,350,4200,0.622328907251358,11.313036918640137,11.03797950744629,0.8707571801566579,0.005221932114882507,0.00839020024611254,0.009138381201044387,0.0003,1.0,108.01252603530884
depth4_bal_MMMMAAAA,4,MMMMAAAA,375,4500,0.5774845878283182,11.160733222961426,11.006467955453056,0.8919712793733682,0.006527415143603133,0.010627586978409218,0.009138381201044387,0.0003,1.0,117.23982548713684
depth4_bal_MMMMAAAA,4,MMMMAAAA,400,4800,0.7839545408884684,10.545757611592611,10.249884986877442,0.8358355091383812,0.005221932114882507,0.00839020024611254,0.009138381201044387,0.0003,1.0,126.50084614753723
depth4_bal_MMMMAAAA,4,MMMMAAAA,425,5100,0.514360229174296,11.092522939046225,10.853157779148647,0.9206919060052219,0.007832898172323759,0.009844501622105381,0.009138381201044387,0.0003,1.0,134.99199533462524
depth4_bal_MMMMAAAA,4,MMMMAAAA,450,5400,0.6605235735575358,11.409107526143393,11.224051339285714,0.8485639686684073,0.009138381201044387,0.00805459223626804,0.009138381201044387,0.0003,1.0,142.86995220184326
depth4_bal_MMMMAAAA,4,MMMMAAAA,475,5700,0.5205329035719236,11.8277219136556,11.776843997410365,0.8883812010443864,0.007832898172323759,0.010739456315024052,0.009138381201044387,0.0003,1.0,150.2657208442688
depth4_bal_MMMMAAAA,4,MMMMAAAA,500,6000,0.19355923682451248,12.385354995727539,12.240024839128766,0.9797650130548303,0.005221932114882507,0.008725808255957042,0.009138381201044387,0.0003,1.0,158.5359663963318
depth4_bal_MMMMAAAA,4,MMMMAAAA,525,6300,0.3733143409093221,12.606085141499838,12.298731122698102,0.9314621409921671,0.013054830287206266,0.008502069582727374,0.013054830287206266,0.0003,1.0,166.8042356967926
depth4_bal_MMMMAAAA,4,MMMMAAAA,550,6600,0.4241816774010658,11.620612144470215,11.433244459969657,0.9265665796344648,0.007832898172323759,0.010291978968564717,0.013054830287206266,0.0003,1.0,175.09563970565796
depth4_bal_MMMMAAAA,4,MMMMAAAA,575,6900,0.6839680969715118,11.916906674702963,11.891330228533064,0.8439947780678851,0.013054830287206266,0.01040384830517955,0.013054830287206266,0.0003,1.0,184.2822346687317
depth4_bal_MMMMAAAA,4,MMMMAAAA,600,7200,0.16587051625053087,12.69018300374349,12.314446585518974,0.9889033942558747,0.007832898172323759,0.009844501622105381,0.013054830287206266,0.0003,1.0,193.43946290016174
depth4_bal_MMMMAAAA,4,MMMMAAAA,625,7500,0.47162430981794995,12.149153391520182,11.752948760986328,0.8978459530026109,0.007832898172323759,0.009732632285490548,0.013054830287206266,0.0003,1.0,202.73148918151855
depth4_bal_MMMMAAAA,4,MMMMAAAA,650,7800,0.146256593366464,12.785531361897787,12.579072679792132,0.9869451697127938,0.014360313315926894,0.009732632285490548,0.014360313315926894,0.0003,1.0,210.8425168991089
depth4_bal_MMMMAAAA,4,MMMMAAAA,675,8100,0.528053363164266,11.962516148885092,11.752848761422294,0.8795691906005222,0.015665796344647518,0.011186933661483387,0.015665796344647518,0.0003,1.0,219.19468069076538
depth4_bal_MMMMAAAA,4,MMMMAAAA,700,8400,0.27842736368378,12.2761017481486,12.110268429347448,0.9546344647519582,0.007832898172323759,0.00950889361226088,0.015665796344647518,0.0003,1.0,227.46395826339722
depth4_bal_MMMMAAAA,4,MMMMAAAA,725,8700,0.1672434372206529,12.759171485900879,12.485636820111957,0.9836814621409922,0.015665796344647518,0.01040384830517955,0.015665796344647518,0.0003,1.0,235.16891360282898
depth4_bal_MMMMAAAA,4,MMMMAAAA,750,9000,0.37138615796963376,12.427345911661783,12.272792625427247,0.929177545691906,0.010443864229765013,0.011075064324868553,0.015665796344647518,0.0003,1.0,243.17561173439026
depth4_bal_MMMMAAAA,4,MMMMAAAA,775,9300,0.15634330175817013,12.705838203430176,12.498137882777623,0.9856396866840731,0.01174934725848564,0.010515717641794384,0.015665796344647518,0.0003,1.0,251.34741067886353
depth4_bal_MMMMAAAA,4,MMMMAAAA,800,9600,0.056929709389805794,12.380132357279459,12.160230336870466,1.0,0.013054830287206266,0.010068240295335049,0.015665796344647518,0.0003,1.0,259.40824842453003
depth4_bal_MMMMAAAA,4,MMMMAAAA,825,9900,0.050723845760027565,12.553201675415039,12.348880522591728,1.0,0.013054830287206266,0.01040384830517955,0.015665796344647518,0.0003,1.0,267.4787311553955
depth4_bal_MMMMAAAA,4,MMMMAAAA,850,10200,1.1201689839363098,8.812308629353842,8.715722520010813,0.7663185378590078,0.010443864229765013,0.010291978968564717,0.015665796344647518,0.0003,1.0,275.1892740726471
depth4_bal_MMMMAAAA,4,MMMMAAAA,875,10500,0.37938810636599857,12.575492223103842,12.383850124904088,0.9206919060052219,0.010443864229765013,0.009732632285490548,0.015665796344647518,0.0003,1.0,283.22732281684875
depth4_bal_MMMMAAAA,4,MMMMAAAA,900,10800,0.31568824624021846,12.537683486938477,12.456719098772322,0.9373368146214099,0.01174934725848564,0.011410672334713054,0.015665796344647518,0.0003,1.0,291.34903478622437
depth4_bal_MMMMAAAA,4,MMMMAAAA,925,11100,0.15389389917254448,13.098505020141602,12.776994459969657,0.9856396866840731,0.01174934725848564,0.009061416265801543,0.015665796344647518,0.0003,1.0,299.70037293434143
depth4_bal_MMMMAAAA,4,MMMMAAAA,950,11400,0.2599445494512717,12.517595926920572,12.149169594900949,0.95822454308094,0.009138381201044387,0.013200581720550397,0.015665796344647518,0.0003,1.0,307.68403673171997
depth4_bal_MMMMAAAA,4,MMMMAAAA,975,11700,0.09231545527776082,12.845001856486002,12.58922165461949,0.9947780678851175,0.01174934725848564,0.01096319498825372,0.015665796344647518,0.0003,1.0,315.8271894454956
depth4_bal_MMMMAAAA,4,MMMMAAAA,1000,12000,0.3015329067905744,12.061903635660807,11.91355732509068,0.9448433420365535,0.007832898172323759,0.011746280344557557,0.015665796344647518,0.0003,1.0,323.80412340164185
depth4_bal_MMMMAAAA,4,MMMMAAAA,1025,12300,0.0426325649023056,12.688746134440104,12.539693587166923,1.0,0.009138381201044387,0.012529365700861394,0.015665796344647518,0.0003,1.0,332.1862597465515
depth4_bal_MMMMAAAA,4,MMMMAAAA,1050,12600,0.04388356519242128,12.148858388264975,12.01656436920166,1.0,0.01174934725848564,0.012081888354402059,0.015665796344647518,0.0003,1.0,340.2882549762726
depth4_bal_MMMMAAAA,4,MMMMAAAA,1075,12900,0.037170257729788624,12.531040827433268,12.398481260027204,1.0,0.01174934725848564,0.012081888354402059,0.015665796344647518,0.0003,1.0,349.40410327911377
depth4_bal_MMMMAAAA,4,MMMMAAAA,1100,13200,0.6380618164936701,10.684865315755209,10.681271934509278,0.8723890339425587,0.005221932114882507,0.01152254167132789,0.015665796344647518,0.0003,1.0,357.61293745040894
depth4_bal_MMMMAAAA,4,MMMMAAAA,1125,13500,0.6648353561758995,11.648510615030924,11.578544643947057,0.8384464751958225,0.01174934725848564,0.010739456315024052,0.015665796344647518,0.0003,1.0,365.7099859714508
depth4_bal_MMMMAAAA,4,MMMMAAAA,1150,13800,0.4822106882929802,11.588798522949219,11.191708292279925,0.8900130548302873,0.01174934725848564,0.012976843047320729,0.015665796344647518,0.0003,1.0,374.0435128211975
depth4_bal_MMMMAAAA,4,MMMMAAAA,1175,14100,0.14907116691271463,12.566348393758139,12.389667293003628,0.9859660574412533,0.009138381201044387,0.01129880299809822,0.015665796344647518,0.0003,1.0,382.24860167503357
depth4_bal_MMMMAAAA,4,MMMMAAAA,1200,14400,0.046559150951604046,11.989491780598959,11.910625539507185,1.0,0.007832898172323759,0.011970019017787225,0.015665796344647518,0.0003,1.0,390.43776416778564
depth4_bal_MMMMAAAA,4,MMMMAAAA,1225,14700,0.04349854774773121,12.141711235046387,12.052028356279646,1.0,0.005221932114882507,0.011634411007942724,0.015665796344647518,0.0003,1.0,399.33372044563293
depth4_bal_MMMMAAAA,4,MMMMAAAA,1250,15000,0.04224423163880905,12.398401260375977,12.352967834472656,0.9996736292428199,0.006527415143603133,0.01241749636424656,0.015665796344647518,0.0003,1.0,408.5891947746277
depth4_bal_MMMMAAAA,4,MMMMAAAA,1275,15300,0.33276749526460964,12.081985155741373,11.833465194702148,0.9389686684073107,0.010443864229765013,0.013200581720550397,0.015665796344647518,0.0003,1.0,417.9026665687561
depth4_bal_MMMMAAAA,4,MMMMAAAA,1300,15600,0.3323378612597783,12.055591583251953,11.951125826154437,0.9366840731070496,0.005221932114882507,0.013424320393780064,0.015665796344647518,0.0003,1.0,427.202933549881
depth4_bal_MMMMAAAA,4,MMMMAAAA,1325,15900,0.19544660424192747,12.58248233795166,12.52078628540039,0.9673629242819843,0.010443864229765013,0.012976843047320729,0.015665796344647518,0.0003,1.0,436.3441092967987
depth4_bal_MMMMAAAA,4,MMMMAAAA,1350,16200,0.04824816032002369,12.332135200500488,12.190423202514648,1.0,0.01174934725848564,0.01331245105716523,0.015665796344647518,0.0003,1.0,444.39498376846313
depth4_bal_MMMMAAAA,4,MMMMAAAA,1375,16500,0.04563091571132342,11.956768035888672,11.908377647399902,1.0,0.010443864229765013,0.013759928403624567,0.015665796344647518,0.0003,1.0,452.5981321334839
depth4_bal_MMMMAAAA,4,MMMMAAAA,1400,16800,0.7894297093153,11.492852846781412,11.366357912336078,0.7983028720626631,0.015665796344647518,0.014654883096543237,0.015665796344647518,0.0003,1.0,459.50552320480347
depth4_bal_MMMMAAAA,4,MMMMAAAA,1425,17100,0.226813313861688,11.887801806131998,11.827381842476981,0.9680156657963447,0.009138381201044387,0.012193757691016893,0.015665796344647518,0.0003,1.0,467.78249979019165
depth4_bal_MMMMAAAA,4,MMMMAAAA,1450,17400,0.3691304499904315,12.107527732849121,12.24493909563337,0.9157963446475196,0.010443864229765013,0.012193757691016893,0.015665796344647518,0.0003,1.0,476.0347547531128
depth4_bal_MMMMAAAA,4,MMMMAAAA,1475,17700,0.38871842126051587,12.396339734395346,11.998444257463728,0.9164490861618799,0.005221932114882507,0.011970019017787225,0.015665796344647518,0.0003,1.0,484.1576609611511
depth4_bal_MMMMAAAA,4,MMMMAAAA,1500,18000,0.14044587997098765,12.535992940266928,12.257307706560407,0.9849869451697127,0.014360313315926894,0.014543013759928404,0.015665796344647518,0.0003,1.0,492.40555024147034
depth4_bal_MMMMAAAA,4,MMMMAAAA,1525,18300,0.3613111649950345,11.8748410542806,11.891833877563476,0.9177545691906005,0.009138381201044387,0.014319275086698736,0.015665796344647518,0.0003,1.0,500.7241246700287
depth4_bal_MMMMAAAA,4,MMMMAAAA,1550,18600,0.04212659876793623,11.792649904886881,11.789665630885533,1.0,0.013054830287206266,0.015661707126076743,0.015665796344647518,0.0003,1.0,508.5958390235901
depth4_bal_MMMMAAAA,4,MMMMAAAA,1575,18900,0.042774640023708344,11.552680969238281,11.60939404623849,1.0,0.01174934725848564,0.015214229779617406,0.015665796344647518,0.0003,1.0,516.8132741451263
depth4_bal_MMMMAAAA,4,MMMMAAAA,1600,19200,0.034987711968521275,11.89444351196289,11.939577974591936,1.0,0.014360313315926894,0.013424320393780064,0.015665796344647518,0.0003,1.0,525.105569601059
depth4_bal_MMMMAAAA,4,MMMMAAAA,1625,19500,0.029291802551597357,12.28680451711019,12.322004699707032,1.0,0.013054830287206266,0.014095536413469069,0.015665796344647518,0.0003,1.0,532.9031946659088
depth4_bal_MMMMAAAA,4,MMMMAAAA,1650,19800,0.7068088551362356,10.324196179707846,10.37357668195452,0.83322454308094,0.006527415143603133,0.013424320393780064,0.015665796344647518,0.0003,1.0,540.646246433258
depth4_bal_MMMMAAAA,4,MMMMAAAA,1675,20100,0.40927419314781827,11.509907086690268,11.593035561697823,0.910574412532637,0.0195822454308094,0.016221053809150912,0.0195822454308094,0.0003,1.0,543.7014243602753
depth4_bal_MMMMAAAA,4,MMMMAAAA,1700,20400,0.6165925189852715,11.813105265299479,11.73811615535191,0.8586814621409922,0.009138381201044387,0.016892269828839915,0.0195822454308094,0.0003,1.0,546.9222502708435
depth4_bal_MMMMAAAA,4,MMMMAAAA,1725,20700,0.09004982374608517,12.312548637390137,12.367755099705287,0.9967362924281984,0.006527415143603133,0.014543013759928404,0.0195822454308094,0.0003,1.0,549.949479341507
depth4_bal_MMMMAAAA,4,MMMMAAAA,1750,21000,0.0467212942118446,11.576966603597006,11.65339527130127,1.0,0.007832898172323759,0.015214229779617406,0.0195822454308094,0.0003,1.0,552.9961771965027
depth4_bal_MMMMAAAA,4,MMMMAAAA,1775,21300,0.23185824851195017,11.87368075052897,11.873337418692453,0.9634464751958225,0.010443864229765013,0.016556661818995413,0.0195822454308094,0.0003,1.0,556.0315608978271
depth4_bal_MMMMAAAA,4,MMMMAAAA,1800,21600,0.29583729306856793,11.697896639506022,11.607671819414412,0.9474543080939948,0.014360313315926894,0.015437968452847074,0.0195822454308094,0.0003,1.0,559.2018837928772
depth4_bal_MMMMAAAA,4,MMMMAAAA,1825,21900,0.10467468636731307,12.604391098022461,12.357532337733678,0.9957571801566579,0.009138381201044387,0.014319275086698736,0.0195822454308094,0.0003,1.0,562.2673218250275
depth4_bal_MMMMAAAA,4,MMMMAAAA,1850,22200,0.043120303812126316,11.583695411682129,11.499692780630928,1.0,0.009138381201044387,0.016556661818995413,0.0195822454308094,0.0003,1.0,565.2924928665161
depth4_bal_MMMMAAAA,4,MMMMAAAA,1875,22500,0.03790890549619993,11.703407287597656,11.608310781206404,1.0,0.01174934725848564,0.01644479248238058,0.0195822454308094,0.0003,1.0,568.3427410125732
depth4_bal_MMMMAAAA,4,MMMMAAAA,1900,22800,0.031446444957206644,12.003203709920248,11.950832530430384,1.0,0.010443864229765013,0.01588544579930641,0.0195822454308094,0.0003,1.0,571.5183925628662
depth4_bal_MMMMAAAA,4,MMMMAAAA,1925,23100,0.40794964134693146,11.63584836324056,11.43703738621303,0.9095953002610966,0.015665796344647518,0.013200581720550397,0.0195822454308094,0.0003,1.0,574.5535249710083
depth4_bal_MMMMAAAA,4,MMMMAAAA,1950,23400,0.31625858694314957,11.495004336039225,11.57402000427246,0.9386422976501305,0.010443864229765013,0.01700413916545475,0.0195822454308094,0.0003,1.0,580.983312368393
depth4_bal_MMMMAAAA,4,MMMMAAAA,1975,23700,0.4219779968261719,11.545724868774414,11.654851450238908,0.9115535248041775,0.010443864229765013,0.01588544579930641,0.0195822454308094,0.0003,1.0,585.1565532684326
depth4_bal_MMMMAAAA,4,MMMMAAAA,2000,24000,0.08791735582053661,12.312418619791666,12.300305448259627,0.9931462140992167,0.015665796344647518,0.013536189730394898,0.0195822454308094,0.0003,1.0,588.4292988777161
depth4_bal_MMMMAAAA,4,MMMMAAAA,2025,24300,0.042160759990413986,11.404579480489096,11.4899628502982,1.0,0.016971279373368148,0.01532609911623224,0.0195822454308094,0.0003,1.0,596.738203048706
depth4_bal_MMMMAAAA,4,MMMMAAAA,2050,24600,0.03971236137052377,11.612151463826498,11.715618624005998,1.0,0.010443864229765013,0.015773576462691577,0.0195822454308094,0.0003,1.0,604.9868485927582
depth4_bal_MMMMAAAA,4,MMMMAAAA,2075,24900,0.031848939756552376,11.799332936604818,11.837639917646136,1.0,0.010443864229765013,0.01678040049222508,0.0195822454308094,0.0003,1.0,613.2977044582367
depth4_bal_MMMMAAAA,4,MMMMAAAA,2100,25200,0.026109985075891018,12.111640930175781,12.188628578186036,1.0,0.014360313315926894,0.016332923145765746,0.0195822454308094,0.0003,1.0,621.5151193141937
depth4_bal_MMMMAAAA,4,MMMMAAAA,2125,25500,0.6549839576085409,11.311384201049805,11.391480500357492,0.8273498694516971,0.020887728459530026,0.014207405750083902,0.020887728459530026,0.0003,1.0,629.7396864891052
depth4_bal_MMMMAAAA,4,MMMMAAAA,2150,25800,0.9284752408663431,10.83764680226644,10.661337797982352,0.7519582245430809,0.013054830287206266,0.01588544579930641,0.020887728459530026,0.0003,1.0,637.9671959877014
depth4_bal_MMMMAAAA,4,MMMMAAAA,2175,26100,0.8553559879461924,11.034947713216146,11.0642484664917,0.7885117493472585,0.013054830287206266,0.018682179214677255,0.020887728459530026,0.0003,1.0,646.2116196155548
depth4_bal_MMMMAAAA,4,MMMMAAAA,2200,26400,0.11010341284175713,12.153716087341309,12.269580132620675,0.9911879895561357,0.013054830287206266,0.017227877838684416,0.020887728459530026,0.0003,1.0,654.4275913238525
depth4_bal_MMMMAAAA,4,MMMMAAAA,2225,26700,0.29859010005990666,11.698284784952799,11.73875528063093,0.9441906005221932,0.015665796344647518,0.01935339523436626,0.020887728459530026,0.0003,1.0,662.5975093841553
depth4_bal_MMMMAAAA,4,MMMMAAAA,2250,27000,0.05437148424486319,11.393998781840006,11.522750854492188,1.0,0.010443864229765013,0.020136480590670098,0.020887728459530026,0.0003,1.0,670.8970882892609
depth4_bal_MMMMAAAA,4,MMMMAAAA,2275,27300,0.043681465399762,11.054566065470377,11.245185852050781,1.0,0.009138381201044387,0.021031435283588768,0.020887728459530026,0.0003,1.0,678.3703460693359
depth4_bal_MMMMAAAA,4,MMMMAAAA,2300,27600,0.037260294891893864,11.22956657409668,11.442592920575823,1.0,0.009138381201044387,0.020695827273744267,0.020887728459530026,0.0003,1.0,686.6028234958649
depth4_bal_MMMMAAAA,4,MMMMAAAA,2325,27900,0.8492374320824941,9.35619831085205,9.352908079964774,0.8156005221932114,0.015665796344647518,0.01767535518514375,0.020887728459530026,0.0003,1.0,694.7649219036102
depth4_bal_MMMMAAAA,4,MMMMAAAA,2350,28200,0.3444288745522499,11.117441177368164,11.084610285077776,0.9386422976501305,0.015665796344647518,0.020024611254055264,0.020887728459530026,0.0003,1.0,703.1125934123993
depth4_bal_MMMMAAAA,4,MMMMAAAA,2375,28500,0.25222693632046383,11.566792170206705,11.686643872942243,0.9510443864229765,0.01174934725848564,0.017451616511914084,0.020887728459530026,0.0003,1.0,711.3610363006592
depth4_bal_MMMMAAAA,4,MMMMAAAA,2400,28800,1.7411675949891408,10.12712033589681,10.18321271623884,0.5734334203655352,0.009138381201044387,0.017116008502069582,0.020887728459530026,0.0003,1.0,718.8889751434326
depth4_bal_MMMMAAAA,4,MMMMAAAA,2425,29100,0.0878443494439125,12.01077397664388,12.04452086857387,0.9928198433420365,0.014360313315926894,0.01957713390759593,0.020887728459530026,0.0003,1.0,725.8211266994476
depth4_bal_MMMMAAAA,4,MMMMAAAA,2450,29400,0.04212403483688831,11.204718907674154,11.245210783822197,1.0,0.01174934725848564,0.01957713390759593,0.020887728459530026,0.0003,1.0,733.8938868045807
depth4_bal_MMMMAAAA,4,MMMMAAAA,2475,29700,0.13776768371462822,11.545261065165201,11.54182812826974,0.9804177545691906,0.009138381201044387,0.016892269828839915,0.020887728459530026,0.0003,1.0,742.150367975235
depth4_bal_MMMMAAAA,4,MMMMAAAA,2500,30000,0.5151286448041598,11.175211588541666,10.952186039515905,0.8844647519582245,0.010443864229765013,0.018794048551292093,0.020887728459530026,0.0003,1.0,750.227676153183
depth4_bal_MMMMAAAA,4,MMMMAAAA,2525,30300,0.3281095152099927,11.810137430826822,11.697780554635184,0.9304830287206266,0.010443864229765013,0.01789909385837342,0.020887728459530026,0.0003,1.0,758.5742387771606
depth4_bal_MMMMAAAA,4,MMMMAAAA,2550,30600,0.2682339797417323,11.110430399576822,10.914889689854213,0.9631201044386423,0.01174934725848564,0.0208076966103591,0.020887728459530026,0.0003,1.0,766.4554493427277
depth4_bal_MMMMAAAA,4,MMMMAAAA,2575,30900,0.14973538058499494,11.775357882181803,11.804132325308663,0.9784595300261096,0.014360313315926894,0.020136480590670098,0.020887728459530026,0.0003,1.0,774.5226359367371
depth4_bal_MMMMAAAA,4,MMMMAAAA,2600,31200,0.038432129037876926,11.171280860900879,11.199772208077567,1.0,0.01174934725848564,0.02259760599619644,0.020887728459530026,0.0003,1.0,782.3965561389923
depth4_bal_MMMMAAAA,4,MMMMAAAA,2625,31500,0.03505435617019733,11.156822204589844,11.182562065124511,1.0,0.014360313315926894,0.023268822015885447,0.020887728459530026,0.0003,1.0,791.0149419307709
depth4_bal_MMMMAAAA,4,MMMMAAAA,2650,31800,0.029408004600554705,11.44386068979899,11.45627226148333,1.0,0.014360313315926894,0.023716299362344782,0.020887728459530026,0.0003,1.0,800.1910846233368
depth4_bal_MMMMAAAA,4,MMMMAAAA,2675,32100,0.6454504728317261,10.640365282694498,10.587748718261718,0.847911227154047,0.01174934725848564,0.019241525897751428,0.020887728459530026,0.0003,1.0,809.3044798374176
depth4_bal_MMMMAAAA,4,MMMMAAAA,2700,32400,0.34821461886167526,11.810068766276041,11.616015243530274,0.9259138381201044,0.010443864229765013,0.018682179214677255,0.020887728459530026,0.0003,1.0,813.7040808200836
depth4_bal_MMMMAAAA,4,MMMMAAAA,2725,32700,0.1998671069741249,12.16022809346517,12.072490392412458,0.964425587467363,0.015665796344647518,0.020360219263899765,0.020887728459530026,0.0003,1.0,817.8736040592194
depth4_bal_MMMMAAAA,4,MMMMAAAA,2750,33000,0.15898962753514448,12.181758562723795,12.075672558375768,0.9709530026109661,0.015665796344647518,0.019241525897751428,0.020887728459530026,0.0003,1.0,823.4324276447296
depth4_bal_MMMMAAAA,4,MMMMAAAA,2775,33300,0.2015617210417986,12.151776949564615,12.105812481471471,0.9618146214099217,0.013054830287206266,0.01935339523436626,0.020887728459530026,0.0003,1.0,832.0416007041931
depth4_bal_MMMMAAAA,4,MMMMAAAA,2800,33600,0.030274586131175358,11.962722460428873,12.042563956124441,1.0,0.016971279373368148,0.021255173956818436,0.020887728459530026,0.0003,1.0,841.0170290470123
depth4_bal_MMMMAAAA,4,MMMMAAAA,2825,33900,0.032923694079120956,11.165945370992025,11.255662127903529,1.0,0.016971279373368148,0.02259760599619644,0.020887728459530026,0.0003,1.0,849.289799451828
depth4_bal_MMMMAAAA,4,MMMMAAAA,2850,34200,0.02956824516877532,11.21694310506185,11.310177230834961,1.0,0.018276762402088774,0.023492560689115115,0.020887728459530026,0.0003,1.0,856.946878194809
depth4_bal_MMMMAAAA,4,MMMMAAAA,2875,34500,0.025717180222272873,11.506076494852701,11.638021768842425,1.0,0.016971279373368148,0.021590781966662937,0.020887728459530026,0.0003,1.0,864.8228652477264
depth4_bal_MMMMAAAA,4,MMMMAAAA,2900,34800,0.020671439201881487,11.786831855773926,11.949255234854562,1.0,0.0195822454308094,0.021590781966662937,0.020887728459530026,0.0003,1.0,873.6933991909027
depth4_bal_MMMMAAAA,4,MMMMAAAA,2925,35100,0.01734715544929107,12.163983980814615,12.31265528542655,1.0,0.016971279373368148,0.020583957937129433,0.020887728459530026,0.0003,1.0,882.6999473571777
depth4_bal_MMMMAAAA,4,MMMMAAAA,2950,35400,0.8324365665515264,9.927285512288412,10.035265977042062,0.7868798955613577,0.007832898172323759,0.021814520639892605,0.020887728459530026,0.0003,1.0,890.5290267467499
depth4_bal_MMMMAAAA,4,MMMMAAAA,2975,35700,1.2117847551902134,9.393940925598145,9.477178846086774,0.6772193211488251,0.02349869451697128,0.019241525897751428,0.02349869451697128,0.0003,1.0,893.6001298427582
depth4_bal_MMMMAAAA,4,MMMMAAAA,3000,36000,0.5742512245972952,11.133009592692057,10.92431730542864,0.8629242819843342,0.014360313315926894,0.024387515382033785,0.02349869451697128,0.0003,1.0,896.845321893692
depth4_bal_MMMMAAAA,4,MMMMAAAA,3025,36300,0.48203399529059726,11.620720545450846,11.448458344595773,0.8883812010443864,0.01174934725848564,0.021590781966662937,0.02349869451697128,0.0003,1.0,905.5601382255554
depth4_bal_MMMMAAAA,4,MMMMAAAA,3050,36600,0.13963956696291766,11.81748072306315,11.81324838910784,0.9840078328981723,0.018276762402088774,0.021255173956818436,0.02349869451697128,0.0003,1.0,913.4245669841766
depth4_bal_MMMMAAAA,4,MMMMAAAA,3075,36900,0.04367855532715718,11.150954246520996,11.02867750440325,1.0,0.020887728459530026,0.026736771450945294,0.02349869451697128,0.0003,1.0,921.698305606842
depth4_bal_MMMMAAAA,4,MMMMAAAA,3100,37200,0.04125975507001082,10.970135688781738,10.881650624956404,1.0,0.0195822454308094,0.025953686094641458,0.02349869451697128,0.0003,1.0,930.0211968421936
depth4_bal_MMMMAAAA,4,MMMMAAAA,3125,37500,0.034607378765940666,11.19029458363851,11.09506653376988,1.0,0.0195822454308094,0.02628929410448596,0.02349869451697128,0.0003,1.0,938.2577548027039
depth4_bal_MMMMAAAA,4,MMMMAAAA,3150,37800,0.45609403898318607,11.094326972961426,11.027694402422224,0.8975195822454308,0.015665796344647518,0.021478912630048103,0.02349869451697128,0.0003,1.0,946.4881224632263
depth4_bal_MMMMAAAA,4,MMMMAAAA,3175,38100,0.4248248040676117,11.858318964640299,11.799848774501255,0.9050261096605744,0.02610966057441253,0.02226199798635194,0.02610966057441253,0.0003,1.0,954.7136981487274
depth4_bal_MMMMAAAA,4,MMMMAAAA,3200,38400,0.1933814100921154,11.772279421488443,11.75178849356515,0.9680156657963447,0.024804177545691905,0.02394003803557445,0.02610966057441253,0.0003,1.0,963.075058221817
depth4_bal_MMMMAAAA,4,MMMMAAAA,3225,38700,0.167403232306242,12.000538190205893,11.88719278063093,0.9748694516971279,0.020887728459530026,0.020136480590670098,0.02610966057441253,0.0003,1.0,971.2389514446259
depth4_bal_MMMMAAAA,4,MMMMAAAA,3250,39000,0.15189122408628464,11.665062268575033,11.642879785810198,0.9758485639686684,0.016971279373368148,0.02170265130327777,0.02610966057441253,0.0003,1.0,979.4199249744415
depth4_bal_MMMMAAAA,4,MMMMAAAA,3275,39300,0.03652566329886516,11.432549476623535,11.463503728594098,1.0,0.016971279373368148,0.027296118134019467,0.02610966057441253,0.0003,1.0,986.8911263942719
depth4_bal_MMMMAAAA,4,MMMMAAAA,3300,39600,0.03821303757528464,10.922776222229004,10.932158279418946,1.0,0.0195822454308094,0.027855464817093636,0.02610966057441253,0.0003,1.0,995.1011214256287
depth4_bal_MMMMAAAA,4,MMMMAAAA,3325,39900,0.03256523376330733,11.116277058919271,11.081315776279995,1.0,0.018276762402088774,0.02852668083678264,0.02610966057441253,0.0003,1.0,1003.3211748600006
depth4_bal_MMMMAAAA,4,MMMMAAAA,3350,40200,0.026958181833227474,11.372840881347656,11.353348078046526,1.0,0.020887728459530026,0.027855464817093636,0.02610966057441253,0.0003,1.0,1006.6417655944824
depth4_bal_MMMMAAAA,4,MMMMAAAA,3375,40500,0.6850784371296564,10.824039141337076,10.76201239994594,0.8299608355091384,0.01174934725848564,0.022150128649737106,0.02610966057441253,0.0003,1.0,1010.0608677864075
depth4_bal_MMMMAAAA,4,MMMMAAAA,3400,40800,0.424710047741731,11.446479161580404,11.264250646318708,0.9027415143603134,0.010443864229765013,0.024163776708804117,0.02610966057441253,0.0003,1.0,1018.2908961772919
depth4_bal_MMMMAAAA,4,MMMMAAAA,3425,41100,0.13088994411130747,11.794366518656412,11.817124693734305,0.9843342036553525,0.013054830287206266,0.025282470074952455,0.02610966057441253,0.0003,1.0,1026.1714448928833
depth4_bal_MMMMAAAA,4,MMMMAAAA,3450,41400,0.08865026384592056,11.863893826802572,11.832470675877163,0.9924934725848564,0.016971279373368148,0.026848640787560128,0.02610966057441253,0.0003,1.0,1034.448595046997
depth4_bal_MMMMAAAA,4,MMMMAAAA,3475,41700,0.03261810742939512,11.453150113423666,11.403297397068568,1.0,0.020887728459530026,0.025841816758026624,0.02610966057441253,0.0003,1.0,1042.753853559494
depth4_bal_MMMMAAAA,4,MMMMAAAA,3500,42000,0.03491079372664293,10.911027272542318,10.83317484174456,1.0,0.02349869451697128,0.027296118134019467,0.02610966057441253,0.0003,1.0,1050.8915536403656
depth4_bal_MMMMAAAA,4,MMMMAAAA,3525,42300,0.029618351565053064,11.091187159220377,11.022122028895787,1.0,0.0195822454308094,0.028750419510012306,0.02610966057441253,0.0003,1.0,1059.1368589401245
depth4_bal_MMMMAAAA,4,MMMMAAAA,3550,42600,0.025029362024118502,11.428982098897299,11.359864507402692,1.0,0.018276762402088774,0.027519856807249134,0.02610966057441253,0.0003,1.0,1067.2634255886078
depth4_bal_MMMMAAAA,4,MMMMAAAA,3575,42900,0.020502470588932436,11.711647669474283,11.665165002005441,1.0,0.022193211488250653,0.027296118134019467,0.02610966057441253,0.0003,1.0,1075.606273174286
depth4_bal_MMMMAAAA,4,MMMMAAAA,3600,43200,1.0133198350667953,9.492499033610025,9.489954130990165,0.7369451697127938,0.016971279373368148,0.020360219263899765,0.02610966057441253,0.0003,1.0,1083.7860639095306
depth4_bal_MMMMAAAA,4,MMMMAAAA,3625,43500,0.43919648975133896,10.590097745259603,10.62881281716483,0.9027415143603134,0.020887728459530026,0.027519856807249134,0.02610966057441253,0.0003,1.0,1091.5632255077362
depth4_bal_MMMMAAAA,4,MMMMAAAA,3650,43800,0.6205797046422958,10.07058842976888,10.086970819745744,0.8586814621409922,0.010443864229765013,0.02662490211433046,0.02610966057441253,0.0003,1.0,1100.1919784545898
depth4_bal_MMMMAAAA,4,MMMMAAAA,3675,44100,0.7754401564598083,9.837262471516928,9.842087963649204,0.8067885117493473,0.0195822454308094,0.022373867322966774,0.02610966057441253,0.0003,1.0,1108.4526789188385
depth4_bal_MMMMAAAA,4,MMMMAAAA,3700,44400,0.04151442305495342,10.963020960489908,10.86506906236921,1.0,0.015665796344647518,0.02830294216355297,0.02610966057441253,0.0003,1.0,1116.3312232494354
depth4_bal_MMMMAAAA,4,MMMMAAAA,3725,44700,0.039995367328325905,10.739652633666992,10.661796515328543,1.0,0.015665796344647518,0.029645374202930976,0.02610966057441253,0.0003,1.0,1124.4890305995941
depth4_bal_MMMMAAAA,4,MMMMAAAA,3750,45000,0.03346350726981958,10.945477803548178,10.817846734183176,1.0,0.014360313315926894,0.031099675578923815,0.02610966057441253,0.0003,1.0,1131.9320132732391
depth4_bal_MMMMAAAA,4,MMMMAAAA,3775,45300,0.5042990992466608,10.489797274271647,10.546460914611817,0.8815274151436031,0.018276762402088774,0.023828168698959616,0.02610966057441253,0.0003,1.0,1139.1675417423248
depth4_bal_MMMMAAAA,4,MMMMAAAA,3800,45600,0.24808582042654356,11.42197068532308,11.345468493870326,0.9546344647519582,0.022193211488250653,0.02628929410448596,0.02610966057441253,0.0003,1.0,1148.3137907981873
depth4_bal_MMMMAAAA,4,MMMMAAAA,3825,45900,0.22348122547070184,11.520094871520996,11.519163267953056,0.9565926892950392,0.02349869451697128,0.026065555431256292,0.02610966057441253,0.0003,1.0,1156.8786735534668
depth4_bal_MMMMAAAA,4,MMMMAAAA,3850,46200,0.03661013829211394,11.291752497355143,11.298133768354143,1.0,0.0195822454308094,0.029086027519856807,0.02610966057441253,0.0003,1.0,1162.337560892105
depth4_bal_MMMMAAAA,4,MMMMAAAA,3875,46500,0.03370068781077862,10.556829452514648,10.54224030630929,1.0,0.0195822454308094,0.031099675578923815,0.02610966057441253,0.0003,1.0,1165.3998084068298
depth4_bal_MMMMAAAA,4,MMMMAAAA,3900,46800,0.028804041755696137,10.746617317199707,10.701197052001953,1.0,0.0195822454308094,0.031323414252153486,0.02610966057441253,0.0003,1.0,1168.466658115387
depth4_bal_MMMMAAAA,4,MMMMAAAA,3925,47100,0.02407852265362938,11.019070625305176,10.989097132001604,1.0,0.018276762402088774,0.03311332363799083,0.02610966057441253,0.0003,1.0,1171.5495355129242
depth4_bal_MMMMAAAA,4,MMMMAAAA,3950,47400,0.020092114961395662,11.312817573547363,11.298922157287597,1.0,0.016971279373368148,0.031547152925383154,0.02610966057441253,0.0003,1.0,1175.035362482071
depth4_bal_MMMMAAAA,4,MMMMAAAA,3975,47700,2.9484084447224936,6.3938571612040205,6.487507615770612,0.31005221932114885,0.014360313315926894,0.018682179214677255,0.02610966057441253,0.0003,1.0,1182.543223619461
depth4_bal_MMMMAAAA,4,MMMMAAAA,4000,48000,0.6355881368120512,10.169171015421549,10.155865451267788,0.8472584856396866,0.020887728459530026,0.026736771450945294,0.02610966057441253,0.0003,1.0,1190.5326454639435
depth4_bal_MMMMAAAA,4,MMMMAAAA,4025,48300,0.21653961017727852,11.085436820983887,11.07130344935826,0.9703002610966057,0.031331592689295036,0.02662490211433046,0.031331592689295036,0.0003,1.0,1199.2806758880615
depth4_bal_MMMMAAAA,4,MMMMAAAA,4050,48600,0.5792545874913534,10.487374305725098,10.36630208151681,0.8674934725848564,0.024804177545691905,0.02886228884662714,0.031331592689295036,0.0003,1.0,1207.4324884414673
depth4_bal_MMMMAAAA,4,MMMMAAAA,4075,48900,0.12704300818343958,11.481305440266928,11.363985415867397,0.9827023498694517,0.020887728459530026,0.030428459559234813,0.031331592689295036,0.0003,1.0,1216.7866134643555
depth4_bal_MMMMAAAA,4,MMMMAAAA,4100,49200,0.05447154678404331,11.303434689839682,11.343032101222446,0.9993472584856397,0.020887728459530026,0.029533504866316142,0.031331592689295036,0.0003,1.0,1225.4583802223206
depth4_bal_MMMMAAAA,4,MMMMAAAA,4125,49500,0.038926005673905216,10.289328893025717,10.345016642979212,1.0,0.02349869451697128,0.032777715628146326,0.031331592689295036,0.0003,1.0,1233.758521080017
depth4_bal_MMMMAAAA,4,MMMMAAAA,4150,49800,0.033854856776694454,10.347477277119955,10.402669933864049,1.0,0.024804177545691905,0.03378453965767983,0.031331592689295036,0.0003,1.0,1242.2965285778046
depth4_bal_MMMMAAAA,4,MMMMAAAA,4175,50100,0.028280166288216908,10.587725321451822,10.62890453338623,1.0,0.02349869451697128,0.03344893164783533,0.031331592689295036,0.0003,1.0,1251.5387382507324
depth4_bal_MMMMAAAA,4,MMMMAAAA,4200,50400,0.023655197427918512,10.928492546081543,10.929849515642438,1.0,0.02610966057441253,0.034567625013983666,0.031331592689295036,0.0003,1.0,1260.282531261444
depth4_bal_MMMMAAAA,4,MMMMAAAA,4225,50700,0.5240738689899445,9.745030403137207,9.920129558018276,0.881201044386423,0.02349869451697128,0.02830294216355297,0.031331592689295036,0.0003,1.0,1269.274352312088
depth4_bal_MMMMAAAA,4,MMMMAAAA,4250,51000,0.5041832700371742,11.26546573638916,11.363327653067453,0.8772845953002611,0.020887728459530026,0.025618078084796957,0.031331592689295036,0.0003,1.0,1278.4322319030762
depth4_bal_MMMMAAAA,4,MMMMAAAA,4275,51300,0.13343056167165437,11.500444412231445,11.608610452924456,0.9804177545691906,0.0195822454308094,0.032442107618301824,0.031331592689295036,0.0003,1.0,1287.040785074234
depth4_bal_MMMMAAAA,4,MMMMAAAA,4300,51600,0.17300111427903175,11.490890502929688,11.568023354666574,0.9696475195822454,0.014360313315926894,0.030204720886005145,0.031331592689295036,0.0003,1.0,1294.6538910865784
depth4_bal_MMMMAAAA,4,MMMMAAAA,4325,51900,0.1015257357309262,11.41206423441569,11.55092487335205,0.9872715404699739,0.020887728459530026,0.03221836894507216,0.031331592689295036,0.0003,1.0,1303.1482200622559
depth4_bal_MMMMAAAA,4,MMMMAAAA,4350,52200,0.03966773363451163,11.03524398803711,11.226952661786761,0.9993472584856397,0.0195822454308094,0.03266584629153149,0.031331592689295036,0.0003,1.0,1311.951090335846
depth4_bal_MMMMAAAA,4,MMMMAAAA,4375,52500,0.033355147733042635,10.27831236521403,10.403252002171108,1.0,0.016971279373368148,0.03445575567736883,0.031331592689295036,0.0003,1.0,1320.1109919548035
depth4_bal_MMMMAAAA,4,MMMMAAAA,4400,52800,0.028220906077573698,10.466935793558756,10.521489443097796,1.0,0.020887728459530026,0.034567625013983666,0.031331592689295036,0.0003,1.0,1326.989189863205
depth4_bal_MMMMAAAA,4,MMMMAAAA,4425,53100,0.02370663716768225,10.736173947652182,10.780324036734445,1.0,0.020887728459530026,0.035686318380132004,0.031331592689295036,0.0003,1.0,1335.1920175552368
depth4_bal_MMMMAAAA,4,MMMMAAAA,4450,53400,0.4470299383004506,10.273361206054688,10.401044573102679,0.8994778067885117,0.0195822454308094,0.028638550173397472,0.031331592689295036,0.0003,1.0,1343.441187620163
depth4_bal_MMMMAAAA,4,MMMMAAAA,4475,53700,0.3044816603263219,11.126065254211426,11.369293648856027,0.9379895561357703,0.0195822454308094,0.02796733415370847,0.031331592689295036,0.0003,1.0,1351.7112996578217
depth4_bal_MMMMAAAA,4,MMMMAAAA,4500,54000,0.21394227196772894,11.081714630126953,11.299859837123327,0.9595300261096605,0.015665796344647518,0.02886228884662714,0.031331592689295036,0.0003,1.0,1359.5169875621796
depth4_bal_MMMMAAAA,4,MMMMAAAA,4525,54300,0.07833824741343658,11.432154655456543,11.379881967817035,0.9941253263707572,0.015665796344647518,0.031099675578923815,0.031331592689295036,0.0003,1.0,1367.799997329712
depth4_bal_MMMMAAAA,4,MMMMAAAA,4550,54600,0.03441872106244167,10.351190567016602,10.389524923052107,1.0,0.022193211488250653,0.035015102360443,0.031331592689295036,0.0003,1.0,1376.004238128662
depth4_bal_MMMMAAAA,4,MMMMAAAA,4575,54900,0.02996262178445856,10.348869323730469,10.427617018563407,1.0,0.022193211488250653,0.036581273073050674,0.031331592689295036,0.0003,1.0,1384.1582372188568
depth4_bal_MMMMAAAA,4,MMMMAAAA,4600,55200,0.02498844653988878,10.542598406473795,10.62580533708845,1.0,0.0195822454308094,0.03702875041951001,0.031331592689295036,0.0003,1.0,1392.487117767334
depth4_bal_MMMMAAAA,4,MMMMAAAA,4625,55500,0.020900613473107416,10.749190966288248,10.894298689705986,1.0,0.0195822454308094,0.03725248909273968,0.031331592689295036,0.0003,1.0,1400.6803441047668
depth4_bal_MMMMAAAA,4,MMMMAAAA,4650,55800,1.153534896671772,9.838994661966959,9.888402366638184,0.7297650130548303,0.015665796344647518,0.02517060073833762,0.031331592689295036,0.0003,1.0,1408.8527505397797
depth4_bal_MMMMAAAA,4,MMMMAAAA,4675,56100,0.4672202666600545,9.821558316548666,10.02551520211356,0.8981723237597912,0.022193211488250653,0.03266584629153149,0.031331592689295036,0.0003,1.0,1417.1197199821472
depth4_bal_MMMMAAAA,4,MMMMAAAA,4700,56400,0.1195564145843188,11.435239473978678,11.49061734335763,0.9830287206266318,0.020887728459530026,0.03613379572659134,0.031331592689295036,0.0003,1.0,1420.3082480430603
depth4_bal_MMMMAAAA,4,MMMMAAAA,4725,56700,0.4751923456788063,10.929961522420248,10.895732879638672,0.8903394255874674,0.016971279373368148,0.03009285154939031,0.031331592689295036,0.0003,1.0,1423.3589057922363
depth4_bal_MMMMAAAA,4,MMMMAAAA,4750,57000,0.03552384270975987,11.031643231709799,10.980213410513741,1.0,0.024804177545691905,0.036581273073050674,0.031331592689295036,0.0003,1.0,1426.3943502902985
depth4_bal_MMMMAAAA,4,MMMMAAAA,4775,57300,0.03781658224761486,10.14867115020752,10.1337493624006,1.0,0.024804177545691905,0.04038483051795503,0.031331592689295036,0.0003,1.0,1429.5668549537659
depth4_bal_MMMMAAAA,4,MMMMAAAA,4800,57600,0.03262842415521542,10.168536186218262,10.17107276916504,1.0,0.022193211488250653,0.04072043852779953,0.031331592689295036,0.0003,1.0,1432.6285870075226
depth4_bal_MMMMAAAA,4,MMMMAAAA,4825,57900,0.02746197146673997,10.330020586649576,10.352675901140486,1.0,0.024804177545691905,0.0409441772010292,0.031331592689295036,0.0003,1.0,1435.6730062961578
depth4_bal_MMMMAAAA,4,MMMMAAAA,4850,58200,0.7808745553096136,9.257630666097006,9.244522530691965,0.7966710182767625,0.02610966057441253,0.03210649960845732,0.031331592689295036,0.0003,1.0,1438.7200989723206
depth4_bal_MMMMAAAA,4,MMMMAAAA,4875,58500,0.22455995281537375,10.699220339457193,10.826206370762415,0.9588772845953003,0.031331592689295036,0.03557444904351717,0.031331592689295036,0.0003,1.0,1441.9004669189453
depth4_bal_MMMMAAAA,4,MMMMAAAA,4900,58800,0.05224604904651642,11.38024107615153,11.33595815386091,0.9970626631853786,0.02741514360313316,0.03881865980534736,0.031331592689295036,0.0003,1.0,1444.954747915268
depth4_bal_MMMMAAAA,4,MMMMAAAA,4925,59100,0.030459546018391848,10.19007396697998,10.165256908961705,1.0,0.030026109660574413,0.042622217250251705,0.031331592689295036,0.0003,1.0,1449.413274526596
depth4_bal_MMMMAAAA,4,MMMMAAAA,4950,59400,0.02719281365474065,10.14859676361084,10.157693699428014,1.0,0.03655352480417755,0.042062870567177536,0.03655352480417755,0.0003,1.0,1452.5293290615082
depth4_bal_MMMMAAAA,4,MMMMAAAA,4975,59700,0.9311015903949738,8.922547658284506,8.907534326825823,0.762402088772846,0.016971279373368148,0.03031659022261998,0.03655352480417755,0.0003,1.0,1455.7593114376068
depth4_bal_MMMMAAAA,4,MMMMAAAA,5000,60000,0.8706579655408859,10.276328086853027,10.104404476710728,0.7764360313315927,0.022193211488250653,0.027631726143863968,0.03655352480417755,0.0003,1.0,1458.8379201889038
depth4_bal_MMMMAAAA,4,MMMMAAAA,5025,60300,0.32076296210289,10.50214926401774,10.550951794215612,0.9330939947780679,0.028720626631853787,0.03613379572659134,0.03655352480417755,0.0003,1.0,1467.6750032901764
depth4_bal_MMMMAAAA,4,MMMMAAAA,5050,60600,0.03308794895807902,11.015244166056315,10.970237023489815,1.0,0.02610966057441253,0.040832307864414365,0.03655352480417755,0.0003,1.0,1475.8499946594238
depth4_bal_MMMMAAAA,4,MMMMAAAA,5075,60900,0.031955350656062365,10.073403040568033,10.068373571123395,1.0,0.03524804177545692,0.04463586530931871,0.03655352480417755,0.0003,1.0,1483.6258537769318
depth4_bal_MMMMAAAA,4,MMMMAAAA,5100,61200,0.029551926845063765,9.892804463704428,9.919129262651715,1.0,0.04046997389033943,0.045307081329007716,0.04046997389033943,0.0003,1.0,1491.7524375915527
depth4_bal_MMMMAAAA,4,MMMMAAAA,5125,61500,0.02485688605035345,10.06909147898356,10.07203448159354,1.0,0.03655352480417755,0.04676138270500056,0.04046997389033943,0.0003,1.0,1499.4076008796692
depth4_bal_MMMMAAAA,4,MMMMAAAA,5150,61800,0.020642698742449284,10.266762415568033,10.315153639657156,1.0,0.033942558746736295,0.04676138270500056,0.04046997389033943,0.0003,1.0,1502.7882568836212
depth4_bal_MMMMAAAA,4,MMMMAAAA,5175,62100,0.017132683501889307,10.527699788411459,10.595397703988212,1.0,0.03524804177545692,0.04698512137823023,0.04046997389033943,0.0003,1.0,1505.850709438324
depth4_bal_MMMMAAAA,4,MMMMAAAA,5200,62400,0.014579896892731389,10.808185895284018,10.880261530194964,1.0,0.031331592689295036,0.0485512920908379,0.04046997389033943,0.0003,1.0,1508.9195175170898
depth4_bal_MMMMAAAA,4,MMMMAAAA,5225,62700,0.8813084115584692,7.986597855885823,7.994662911551339,0.7796997389033943,0.0391644908616188,0.04385277995301488,0.04046997389033943,0.0003,1.0,1511.9935171604156
depth4_bal_MMMMAAAA,4,MMMMAAAA,5250,63000,0.808002844452858,9.726922671000162,9.881471388680595,0.7927545691906005,0.03655352480417755,0.03344893164783533,0.04046997389033943,0.0003,1.0,1515.1753737926483
depth4_bal_MMMMAAAA,4,MMMMAAAA,5275,63300,0.5131588652729988,9.600591659545898,9.668080057416644,0.8691253263707572,0.033942558746736295,0.0412797852108737,0.04046997389033943,0.0003,1.0,1518.2437453269958
depth4_bal_MMMMAAAA,4,MMMMAAAA,5300,63600,0.16467343146602312,9.743390401204428,9.89914836883545,0.9735639686684073,0.048302872062663184,0.04989372413021591,0.048302872062663184,0.0003,1.0,1521.313764333725
depth4_bal_MMMMAAAA,4,MMMMAAAA,5325,63900,0.03945457128187021,9.305424054463705,9.443906920296806,1.0,0.04177545691906005,0.05022933214006041,0.048302872062663184,0.0003,1.0,1524.558584690094
depth4_bal_MMMMAAAA,4,MMMMAAAA,5350,64200,0.03918986984839042,9.028896649678549,9.18228588104248,1.0,0.04699738903394256,0.05235484953574225,0.048302872062663184,0.0003,1.0,1527.630179643631
depth4_bal_MMMMAAAA,4,MMMMAAAA,5375,64500,0.03242757171392441,9.141040166219076,9.315884699140277,1.0,0.04699738903394256,0.05269045754558675,0.048302872062663184,0.0003,1.0,1530.7072632312775
depth4_bal_MMMMAAAA,4,MMMMAAAA,5400,64800,0.02686926567306121,9.39576244354248,9.569800731113979,1.0,0.04699738903394256,0.053026065555431254,0.048302872062663184,0.0003,1.0,1533.787228345871
depth4_bal_MMMMAAAA,4,MMMMAAAA,5425,65100,0.022376499138772488,9.620261192321777,9.780902344839914,1.0,0.04960835509138381,0.05313793489204609,0.04960835509138381,0.0003,1.0,1536.9779288768768
depth4_bal_MMMMAAAA,4,MMMMAAAA,5450,65400,1.2698936114708583,7.789496739705403,7.864128426143101,0.658289817232376,0.028720626631853787,0.03591005705336167,0.04960835509138381,0.0003,1.0,1540.3545479774475
depth4_bal_MMMMAAAA,4,MMMMAAAA,5475,65700,0.6854266424973806,8.05536969502767,8.075935908726283,0.8368146214099217,0.04308093994778068,0.044971473319163215,0.04960835509138381,0.0003,1.0,1543.4221382141113
depth4_bal_MMMMAAAA,4,MMMMAAAA,5500,66000,0.30770053962866467,9.277228991190592,9.507425253731864,0.9363577023498695,0.04569190600522193,0.044412126636089046,0.04960835509138381,0.0003,1.0,1546.4976863861084
depth4_bal_MMMMAAAA,4,MMMMAAAA,5525,66300,0.3175928207735221,9.581954002380371,9.686477443150112,0.9340731070496083,0.048302872062663184,0.051012417496364246,0.04960835509138381,0.0003,1.0,1549.8006834983826
depth4_bal_MMMMAAAA,4,MMMMAAAA,5550,66600,0.11684079406162103,9.478262583414713,9.594777924673897,0.9846605744125326,0.04046997389033943,0.0544803669314241,0.04960835509138381,0.0003,1.0,1552.877905368805
depth4_bal_MMMMAAAA,4,MMMMAAAA,5575,66900,0.035567384834090866,8.943796475728353,9.089718546186175,1.0,0.048302872062663184,0.056717753663720775,0.04960835509138381,0.0003,1.0,1555.9499604701996
depth4_bal_MMMMAAAA,4,MMMMAAAA,5600,67200,0.03419567116846641,8.611546516418457,8.84523890359061,1.0,0.04569190600522193,0.059626356415706454,0.04960835509138381,0.0003,1.0,1559.032214641571
depth4_bal_MMMMAAAA,4,MMMMAAAA,5625,67500,0.028826639987528324,8.760252634684244,8.975924464634486,1.0,0.05221932114882506,0.06186374314800313,0.05221932114882506,0.0003,1.0,1562.2418415546417
depth4_bal_MMMMAAAA,4,MMMMAAAA,5650,67800,0.9319887161254883,7.409635861714681,7.442863300868443,0.7545691906005222,0.04177545691906005,0.04463586530931871,0.05221932114882506,0.0003,1.0,1565.4172732830048
depth4_bal_MMMMAAAA,4,MMMMAAAA,5675,68100,0.3700885822375615,9.215811093648275,9.209344128199985,0.914490861618799,0.04308093994778068,0.0478800760711489,0.05221932114882506,0.0003,1.0,1572.3930773735046
depth4_bal_MMMMAAAA,4,MMMMAAAA,5700,68400,0.35471247633298236,9.375509897867838,9.289721461704799,0.9151436031331592,0.0391644908616188,0.05112428683297908,0.05221932114882506,0.0003,1.0,1576.9290404319763
depth4_bal_MMMMAAAA,4,MMMMAAAA,5725,68700,0.3073397216697534,9.194109916687012,9.28830498286656,0.9298302872062664,0.04308093994778068,0.05090054815974941,0.05221932114882506,0.0003,1.0,1580.0197124481201
depth4_bal_MMMMAAAA,4,MMMMAAAA,5750,69000,0.0465743967021505,9.458821932474772,9.405653735569546,0.9993472584856397,0.04308093994778068,0.05861953238617295,0.05221932114882506,0.0003,1.0,1584.0835990905762
depth4_bal_MMMMAAAA,4,MMMMAAAA,5775,69300,0.02918201731517911,8.858470916748047,8.901640810285295,1.0,0.05483028720626632,0.061751873811388296,0.05483028720626632,0.0003,1.0,1592.371119260788
depth4_bal_MMMMAAAA,4,MMMMAAAA,5800,69600,0.027258483537783224,8.720345815022787,8.729247869764055,1.0,0.05483028720626632,0.060297572435395456,0.05483028720626632,0.0003,1.0,1597.781896829605
depth4_bal_MMMMAAAA,4,MMMMAAAA,5825,69900,0.022817020614941914,8.9010648727417,8.904751995631626,1.0,0.05613577023498695,0.05951448707909162,0.05613577023498695,0.0003,1.0,1601.5157189369202
depth4_bal_MMMMAAAA,4,MMMMAAAA,5850,70200,0.019002960218737524,9.099902153015137,9.112622097560338,1.0,0.05613577023498695,0.060856919118469625,0.05613577023498695,0.0003,1.0,1609.7551674842834
depth4_bal_MMMMAAAA,4,MMMMAAAA,5875,70500,0.015616070246323943,9.356444040934244,9.3727719443185,1.0,0.06005221932114883,0.06365365253384048,0.06005221932114883,0.0003,1.0,1617.929857969284
depth4_bal_MMMMAAAA,4,MMMMAAAA,5900,70800,0.6462214762965838,8.334176381429037,8.384260599953787,0.8253916449086162,0.04699738903394256,0.048663161427452736,0.06005221932114883,0.0003,1.0,1626.0325367450714
depth4_bal_MMMMAAAA,4,MMMMAAAA,5925,71100,0.5579839423298836,7.941205342610677,8.038560717446463,0.8505221932114883,0.0587467362924282,0.05347354290189059,0.06005221932114883,0.0003,1.0,1633.4155268669128
depth4_bal_MMMMAAAA,4,MMMMAAAA,5950,71400,0.20112374300758043,8.737128257751465,8.86067098890032,0.9657310704960835,0.06005221932114883,0.06096878845508446,0.06005221932114883,0.0003,1.0,1636.5827114582062
depth4_bal_MMMMAAAA,4,MMMMAAAA,5975,71700,0.3748452191551526,8.69194507598877,8.678534208025251,0.9102480417754569,0.050913838120104436,0.05627027631726144,0.06005221932114883,0.0003,1.0,1639.842399597168
depth4_bal_MMMMAAAA,4,MMMMAAAA,6000,72000,0.03446401283144951,8.525899887084961,8.55797301701137,1.0,0.05221932114882506,0.069358988701197,0.06005221932114883,0.0003,1.0,1648.1875534057617
depth4_bal_MMMMAAAA,4,MMMMAAAA,6025,72300,0.033864806250979505,8.142954667409262,8.21329735347203,1.0,0.06266318537859007,0.07282693813625685,0.06266318537859007,0.0003,1.0,1656.5770363807678
depth4_bal_MMMMAAAA,4,MMMMAAAA,6050,72600,0.028558983157078426,8.213661829630533,8.303023270198278,1.0,0.06266318537859007,0.07405750083902002,0.06266318537859007,0.0003,1.0,1665.2792718410492
depth4_bal_MMMMAAAA,4,MMMMAAAA,6075,72900,0.6239523937304815,8.465078353881836,8.274505288260324,0.8283289817232375,0.04960835509138381,0.05425662825819443,0.06266318537859007,0.0003,1.0,1673.2554576396942
depth4_bal_MMMMAAAA,4,MMMMAAAA,6100,73200,0.31471557915210724,8.689401308695475,8.77232050214495,0.9200391644908616,0.05221932114882506,0.05559906029757244,0.06266318537859007,0.0003,1.0,1681.2192606925964
depth4_bal_MMMMAAAA,4,MMMMAAAA,6125,73500,0.4392273674408595,7.643482685089111,7.556555884225028,0.9007832898172323,0.050913838120104436,0.06622664727598165,0.06266318537859007,0.0003,1.0,1689.8431780338287
depth4_bal_MMMMAAAA,4,MMMMAAAA,6150,73800,0.12168165358404319,8.780253728230795,8.787142699105399,0.983355091383812,0.05613577023498695,0.06488421523660365,0.06266318537859007,0.0003,1.0,1699.0332689285278
depth4_bal_MMMMAAAA,4,MMMMAAAA,6175,74100,0.09493615167836349,8.641137758890787,8.70892423902239,0.9879242819843342,0.057441253263707574,0.06924711936458217,0.06266318537859007,0.0003,1.0,1707.7601823806763
depth4_bal_MMMMAAAA,4,MMMMAAAA,6200,74400,0.10612074968715508,8.58046023050944,8.551603467123849,0.9898825065274152,0.06005221932114883,0.06622664727598165,0.06266318537859007,0.0003,1.0,1715.966412305832
depth4_bal_MMMMAAAA,4,MMMMAAAA,6225,74700,0.22222348675131798,8.840572992960611,8.786446707589286,0.9510443864229765,0.048302872062663184,0.060297572435395456,0.06266318537859007,0.0003,1.0,1724.2277691364288
depth4_bal_MMMMAAAA,4,MMMMAAAA,6250,75000,0.0289386291988194,8.111919403076172,8.154014001573834,1.0,0.0639686684073107,0.07349815415594585,0.0639686684073107,0.0003,1.0,1732.3259298801422
depth4_bal_MMMMAAAA,4,MMMMAAAA,6275,75300,0.028114170767366886,7.901730378468831,7.950555842263358,1.0,0.06005221932114883,0.07786105828392438,0.0639686684073107,0.0003,1.0,1740.8658452033997
depth4_bal_MMMMAAAA,4,MMMMAAAA,6300,75600,0.02311678525681297,8.063905398050943,8.13652982711792,1.0,0.06788511749347259,0.07976283700637656,0.06788511749347259,0.0003,1.0,1748.757153749466
depth4_bal_MMMMAAAA,4,MMMMAAAA,6325,75900,0.019529427867382765,8.214557329813639,8.30175722667149,1.0,0.07049608355091384,0.08076966103591006,0.07049608355091384,0.0003,1.0,1756.8018441200256
depth4_bal_MMMMAAAA,4,MMMMAAAA,6350,76200,0.016262863762676716,8.425466855367025,8.532743576594761,1.0,0.06788511749347259,0.08088153037252489,0.07049608355091384,0.0003,1.0,1765.0984551906586
depth4_bal_MMMMAAAA,4,MMMMAAAA,6375,76500,0.42499420295159024,8.244866371154785,8.293175111498151,0.8864229765013055,0.05352480417754569,0.06779281798858933,0.07049608355091384,0.0003,1.0,1773.3077838420868
depth4_bal_MMMMAAAA,4,MMMMAAAA,6400,76800,0.2701929720739524,8.248889923095703,8.283844062260219,0.9454960835509139,0.05613577023498695,0.07159637543349368,0.07049608355091384,0.0003,1.0,1781.559440612793
depth4_bal_MMMMAAAA,4,MMMMAAAA,6425,77100,0.4123213489850362,7.810769875844319,8.077124309539794,0.8945822454308094,0.06657963446475196,0.06219935115784763,0.07049608355091384,0.0003,1.0,1789.7948842048645
depth4_bal_MMMMAAAA,4,MMMMAAAA,6450,77400,0.4736154153943062,7.858275413513184,7.822768333980015,0.8746736292428199,0.05221932114882506,0.07047768206734534,0.07049608355091384,0.0003,1.0,1798.1467337608337
depth4_bal_MMMMAAAA,4,MMMMAAAA,6475,77700,0.1707830640176932,8.24459711710612,8.165476717267717,0.9680156657963447,0.06527415143603134,0.07663049558116121,0.07049608355091384,0.0003,1.0,1806.3794555664062
depth4_bal_MMMMAAAA,4,MMMMAAAA,6500,78000,0.034037208184599876,7.7929738362630205,7.644135556902204,1.0,0.0639686684073107,0.0818883544020584,0.07049608355091384,0.0003,1.0,1814.626622915268
depth4_bal_MMMMAAAA,4,MMMMAAAA,6525,78300,0.030076962430030107,7.52821143468221,7.463952459607806,1.0,0.07049608355091384,0.08569191184696275,0.07049608355091384,0.0003,1.0,1819.623515844345
depth4_bal_MMMMAAAA,4,MMMMAAAA,6550,78600,0.09907549371321996,7.84424352645874,7.870958968571254,0.9872715404699739,0.07049608355091384,0.07797292762053921,0.07049608355091384,0.0003,1.0,1824.7861247062683
depth4_bal_MMMMAAAA,4,MMMMAAAA,6575,78900,0.2511134681602319,7.926168123881022,7.978677477155413,0.9487597911227154,0.06527415143603134,0.06924711936458217,0.07049608355091384,0.0003,1.0,1832.9753758907318
depth4_bal_MMMMAAAA,4,MMMMAAAA,6600,79200,0.19623049472769102,8.16105572382609,8.232155105045864,0.9614882506527415,0.0783289817232376,0.07237946078979751,0.0783289817232376,0.0003,1.0,1841.0540306568146
depth4_bal_MMMMAAAA,4,MMMMAAAA,6625,79500,0.023803535383194685,8.011027654012045,8.022801862444197,1.0,0.07963446475195822,0.08871238393556326,0.07963446475195822,0.0003,1.0,1849.3316202163696
depth4_bal_MMMMAAAA,4,MMMMAAAA,6650,79800,0.02695976539204518,7.3861541748046875,7.392791216714041,1.0,0.07963446475195822,0.09005481597494126,0.07963446475195822,0.0003,1.0,1853.2482163906097
depth4_bal_MMMMAAAA,4,MMMMAAAA,6675,80100,0.023171916759262483,7.426305452982585,7.43675468989781,1.0,0.07702349869451697,0.09184472536077862,0.07963446475195822,0.0003,1.0,1856.3890159130096
depth4_bal_MMMMAAAA,4,MMMMAAAA,6700,80400,0.019147115914771955,7.569816907246907,7.5897802761622835,1.0,0.08224543080939947,0.09408211209307529,0.08224543080939947,0.0003,1.0,1859.4685649871826
depth4_bal_MMMMAAAA,4,MMMMAAAA,6725,80700,0.01584737212397158,7.726351420084636,7.778318323407855,1.0,0.08746736292428199,0.09531267479583846,0.08746736292428199,0.0003,1.0,1862.7157838344574
depth4_bal_MMMMAAAA,4,MMMMAAAA,6750,81000,0.6250597437222799,6.843613942464192,6.810343755994524,0.8293080939947781,0.06005221932114883,0.07305067680948651,0.08746736292428199,0.0003,1.0,1865.9124159812927
depth4_bal_MMMMAAAA,4,MMMMAAAA,6775,81300,0.4573371261358261,7.318365414937337,7.4434730938502724,0.881201044386423,0.06657963446475196,0.07752545027407988,0.08746736292428199,0.0003,1.0,1869.0188686847687
depth4_bal_MMMMAAAA,4,MMMMAAAA,6800,81600,0.39774715155363083,7.236777941385905,7.151272787366595,0.8994778067885117,0.07180156657963446,0.08278330909497707,0.08746736292428199,0.0003,1.0,1872.1189172267914
depth4_bal_MMMMAAAA,4,MMMMAAAA,6825,81900,0.22994883234302202,7.610717296600342,7.584570762089321,0.9487597911227154,0.08224543080939947,0.08524443450050341,0.08746736292428199,0.0003,1.0,1875.3076725006104
depth4_bal_MMMMAAAA,4,MMMMAAAA,6850,82200,0.29474058747291565,7.595356782277425,7.509960256304059,0.9262402088772846,0.07571801566579635,0.07998657567960622,0.08746736292428199,0.0003,1.0,1878.3900921344757
depth4_bal_MMMMAAAA,4,MMMMAAAA,6875,82500,0.23202166333794594,7.221113681793213,7.192260823931012,0.9592036553524804,0.06919060052219321,0.08658686653988142,0.08746736292428199,0.0003,1.0,1881.4889211654663
depth4_bal_MMMMAAAA,4,MMMMAAAA,6900,82800,0.029754694861670334,7.108416398366292,7.143069839477539,1.0,0.08616187989556136,0.09878062423089831,0.08746736292428199,0.0003,1.0,1884.561677455902
depth4_bal_MMMMAAAA,4,MMMMAAAA,6925,83100,0.03009529085829854,6.7790290514628095,6.86302467073713,1.0,0.097911227154047,0.10605213111086251,0.097911227154047,0.0003,1.0,1891.0076215267181
depth4_bal_MMMMAAAA,4,MMMMAAAA,6950,83400,0.0254906991807123,6.847544987996419,6.937112385886056,1.0,0.10182767624020887,0.10594026177424767,0.10182767624020887,0.0003,1.0,1895.9439344406128
depth4_bal_MMMMAAAA,4,MMMMAAAA,6975,83700,0.020993489927301805,6.9743320147196455,7.096863828386579,1.0,0.10052219321148825,0.11007942722899654,0.10182767624020887,0.0003,1.0,1899.6685328483582
depth4_bal_MMMMAAAA,4,MMMMAAAA,7000,84000,0.32825177783767384,7.554010550181071,7.415976687840053,0.9210182767624021,0.08616187989556136,0.08826490658910392,0.10182767624020887,0.0003,1.0,1907.0434141159058
depth4_bal_MMMMAAAA,4,MMMMAAAA,7025,84300,0.22741291423638663,7.504499594370524,7.479259545462472,0.9533289817232375,0.0731070496083551,0.08826490658910392,0.10182767624020887,0.0003,1.0,1915.994074344635
depth4_bal_MMMMAAAA,4,MMMMAAAA,7050,84600,0.12488273158669472,7.684319814046224,7.650041879926409,0.9817232375979112,0.08877284595300261,0.09699071484506097,0.10182767624020887,0.0003,1.0,1923.6838829517365
depth4_bal_MMMMAAAA,4,MMMMAAAA,7075,84900,0.29242097213864326,7.38673718770345,7.379635960715158,0.924934725848564,0.07571801566579635,0.08971920796509676,0.10182767624020887,0.0003,1.0,1932.1028046607971
depth4_bal_MMMMAAAA,4,MMMMAAAA,7100,85200,0.08368884027004242,7.449815432230632,7.35846403666905,0.9921671018276762,0.08224543080939947,0.10280792034903233,0.10182767624020887,0.0003,1.0,1940.9587783813477
depth4_bal_MMMMAAAA,4,MMMMAAAA,7125,85500,0.0306656447549661,6.6869150797526045,6.627074337005615,1.0,0.10182767624020887,0.1172390647723459,0.10182767624020887,0.0003,1.0,1948.6419479846954
depth4_bal_MMMMAAAA,4,MMMMAAAA,7150,85800,0.02731347642838955,6.5533873240153,6.521335506439209,1.0,0.10443864229765012,0.11779841145542007,0.10443864229765012,0.0003,1.0,1956.9344873428345
depth4_bal_MMMMAAAA,4,MMMMAAAA,7175,86100,0.022769891036053497,6.646976788838704,6.609822395869664,1.0,0.11357702349869452,0.11813401946526457,0.11357702349869452,0.0003,1.0,1965.067212820053
depth4_bal_MMMMAAAA,4,MMMMAAAA,7200,86400,0.01876578728357951,6.783139705657959,6.761071750095913,1.0,0.10182767624020887,0.12014766752433158,0.11357702349869452,0.0003,1.0,1973.046035528183
depth4_bal_MMMMAAAA,4,MMMMAAAA,7225,86700,0.5873768279949824,6.12579361597697,6.1192078726632255,0.85411227154047,0.0926892950391645,0.0950889361226088,0.11357702349869452,0.0003,1.0,1981.1360080242157
depth4_bal_MMMMAAAA,4,MMMMAAAA,7250,87000,0.46721100558837253,6.342260996500651,6.504173960004534,0.8785900783289817,0.09660574412532637,0.09285154939031212,0.11357702349869452,0.0003,1.0,1989.2854239940643
depth4_bal_MMMMAAAA,4,MMMMAAAA,7275,87300,0.3611367692550023,7.576034863789876,7.5755787985665455,0.9063315926892951,0.08485639686684072,0.0911735093410896,0.11357702349869452,0.0003,1.0,1997.5070939064026
depth4_bal_MMMMAAAA,4,MMMMAAAA,7300,87600,0.4940813531478246,7.019383907318115,6.8340418406895225,0.8720626631853786,0.08877284595300261,0.09195659469739345,0.11357702349869452,0.0003,1.0,2005.3268387317657
depth4_bal_MMMMAAAA,4,MMMMAAAA,7325,87900,0.029894834229101736,6.204845905303955,6.25362251826695,1.0,0.13446475195822455,0.1321176865421188,0.13446475195822455,0.0003,1.0,2012.9407262802124
depth4_bal_MMMMAAAA,4,MMMMAAAA,7350,88200,0.0291317996258537,5.881200790405273,5.959801319667271,1.0,0.13968668407310705,0.13547376664056382,0.13968668407310705,0.0003,1.0,2021.2983372211456
depth4_bal_MMMMAAAA,4,MMMMAAAA,7375,88500,0.024983197295417387,5.864216168721517,5.975239903586251,1.0,0.1422976501305483,0.13927732408546817,0.1422976501305483,0.0003,1.0,2029.703905582428
depth4_bal_MMMMAAAA,4,MMMMAAAA,7400,88800,0.9032908529043198,5.3218057950337725,5.3252043042864114,0.7379242819843342,0.09138381201044386,0.10168922698288399,0.1422976501305483,0.0003,1.0,2037.7344570159912
depth4_bal_MMMMAAAA,4,MMMMAAAA,7425,89100,0.3360697527726491,5.838791052500407,5.972751930781773,0.9151436031331592,0.13054830287206268,0.12361561695939143,0.1422976501305483,0.0003,1.0,2046.013741493225
depth4_bal_MMMMAAAA,4,MMMMAAAA,7450,89400,0.21822388470172882,6.084353605906169,6.1576597758701865,0.9530026109660574,0.1227154046997389,0.12249692359324309,0.1422976501305483,0.0003,1.0,2053.894426345825
depth4_bal_MMMMAAAA,4,MMMMAAAA,7475,89700,0.028549321306248505,5.899093786875407,5.971568325587682,1.0,0.13838120104438642,0.1473319163217362,0.1422976501305483,0.0003,1.0,2061.6479058265686
depth4_bal_MMMMAAAA,4,MMMMAAAA,7500,90000,0.02951554364214341,5.32003657023112,5.389204869951521,1.0,0.15274151436031333,0.15270164447924825,0.15274151436031333,0.0003,1.0,2069.8531754016876
depth4_bal_MMMMAAAA,4,MMMMAAAA,7525,90300,0.05312919554611047,5.399825890858968,5.505997507912772,0.9970626631853786,0.1409921671018277,0.1486743483611142,0.15274151436031333,0.0003,1.0,2078.209712743759
depth4_bal_MMMMAAAA,4,MMMMAAAA,7550,90600,0.36181294669707614,5.489570140838623,5.567644923073905,0.9095953002610966,0.1227154046997389,0.13625685199686766,0.15274151436031333,0.0003,1.0,2086.421623468399
depth4_bal_MMMMAAAA,4,MMMMAAAA,7575,90900,0.07492209287981193,5.758260409037272,5.892304733821324,0.9911879895561357,0.15404699738903394,0.14956930305403288,0.15404699738903394,0.0003,1.0,2094.782617330551
depth4_bal_MMMMAAAA,4,MMMMAAAA,7600,91200,0.4667450835307439,5.032354195912679,5.077076816558838,0.8805483028720626,0.13315926892950392,0.14129097214453518,0.15404699738903394,0.0003,1.0,2103.0162332057953
depth4_bal_MMMMAAAA,4,MMMMAAAA,7625,91500,0.11823269228140514,5.6654426256815595,5.753807422092983,0.9807441253263708,0.15535248041775457,0.15113547376664058,0.15535248041775457,0.0003,1.0,2110.435963869095
depth4_bal_MMMMAAAA,4,MMMMAAAA,7650,91800,0.12622868083417416,5.612374941507976,5.686329936981201,0.9765013054830287,0.15535248041775457,0.15258977514263342,0.15535248041775457,0.0003,1.0,2118.298025369644
depth4_bal_MMMMAAAA,4,MMMMAAAA,7675,92100,0.023381528134147327,4.939769744873047,4.985495253971645,1.0,0.19712793733681463,0.18279449602863854,0.19712793733681463,0.0003,1.0,2121.4681181907654
depth4_bal_MMMMAAAA,4,MMMMAAAA,7700,92400,0.022295858555783827,4.742357571919759,4.805221421378,1.0,0.206266318537859,0.1891710482156841,0.206266318537859,0.0003,1.0,2124.625216960907
depth4_bal_MMMMAAAA,4,MMMMAAAA,7725,92700,0.018798427656292915,4.699582417805989,4.797367055075509,1.0,0.20365535248041775,0.19196778163105493,0.206266318537859,0.0003,1.0,2127.740857362747
depth4_bal_MMMMAAAA,4,MMMMAAAA,7750,93000,0.015471644544353088,4.760578950246175,4.865336527143206,1.0,0.20496083550913838,0.19621881642241862,0.206266318537859,0.0003,1.0,2134.192976474762
depth4_bal_MMMMAAAA,4,MMMMAAAA,7775,93300,0.4125797574718793,4.989116668701172,5.1127141543797086,0.8841383812010444,0.1618798955613577,0.1551627698847746,0.206266318537859,0.0003,1.0,2142.4400119781494
depth4_bal_MMMMAAAA,4,MMMMAAAA,7800,93600,0.4360603764653206,4.943620840708415,5.0548095158168245,0.8756527415143603,0.13838120104438642,0.15046425774695157,0.206266318537859,0.0003,1.0,2146.5279037952423
depth4_bal_MMMMAAAA,4,MMMMAAAA,7825,93900,0.19297934944430986,4.696487267812093,4.858386475699288,0.9539817232375979,0.19451697127937337,0.1826826266920237,0.206266318537859,0.0003,1.0,2154.072567462921
depth4_bal_MMMMAAAA,4,MMMMAAAA,7850,94200,0.07678626415630181,4.480841159820557,4.675944260188511,0.9859660574412533,0.19843342036553524,0.19498825371965545,0.206266318537859,0.0003,1.0,2162.3837246894836
depth4_bal_MMMMAAAA,4,MMMMAAAA,7875,94500,0.025068748276680708,4.0384895006815595,4.106896311896188,1.0,0.20887728459530025,0.22306745720997875,0.20887728459530025,0.0003,1.0,2169.3227186203003
depth4_bal_MMMMAAAA,4,MMMMAAAA,7900,94800,0.1829497255384922,4.214062690734863,4.187921340124948,0.960509138381201,0.19973890339425587,0.20762948875713166,0.20887728459530025,0.0003,1.0,2177.5924849510193
depth4_bal_MMMMAAAA,4,MMMMAAAA,7925,95100,0.17445817093054453,4.550863107045491,4.701650060926165,0.9650783289817232,0.1866840731070496,0.18704553082000225,0.20887728459530025,0.0003,1.0,2185.5997359752655
depth4_bal_MMMMAAAA,4,MMMMAAAA,7950,95400,0.04530482894430558,4.155298233032227,4.342368929726737,0.9990208877284595,0.22193211488250653,0.22071820114106724,0.22193211488250653,0.0003,1.0,2192.138268470764
depth4_bal_MMMMAAAA,4,MMMMAAAA,7975,95700,0.02583224248761932,3.659138282140096,3.7279643058776855,1.0,0.2454308093994778,0.24063094305850766,0.2454308093994778,0.0003,1.0,2195.249841928482
depth4_bal_MMMMAAAA,4,MMMMAAAA,8000,96000,0.0234927493147552,3.5484447479248047,3.6006434236254012,1.0,0.2362924281984334,0.25114666070030206,0.2454308093994778,0.0003,1.0,2198.3475761413574
depth4_bal_MMMMAAAA,4,MMMMAAAA,8025,96300,0.019693320151418447,3.587916533152262,3.5915236745561874,1.0,0.2506527415143603,0.2575232128873476,0.2506527415143603,0.0003,1.0,2207.1256947517395
depth4_bal_MMMMAAAA,4,MMMMAAAA,8050,96600,0.25821358648439247,4.499444643656413,4.582218333653041,0.931135770234987,0.206266318537859,0.1967781631054928,0.2506527415143603,0.0003,1.0,2214.4636874198914
depth4_bal_MMMMAAAA,4,MMMMAAAA,8075,96900,0.1746654069672028,3.9906351566314697,3.985726751599993,0.9595300261096605,0.22715404699738903,0.22183689450721558,0.2506527415143603,0.0003,1.0,2217.6964185237885
depth4_bal_MMMMAAAA,4,MMMMAAAA,8100,97200,0.02831868641078472,3.5527588526407876,3.4754246439252583,1.0,0.2780678851174935,0.2738561360331133,0.2780678851174935,0.0003,1.0,2220.7890605926514
depth4_bal_MMMMAAAA,4,MMMMAAAA,8125,97500,0.029690780987342198,3.0774059295654297,3.042343602861677,1.0,0.29765013054830286,0.29522317932654657,0.29765013054830286,0.0003,1.0,2224.0676877498627
depth4_bal_MMMMAAAA,4,MMMMAAAA,8150,97800,0.3220142535865307,3.949888547261556,3.9492456912994385,0.9118798955613577,0.2154046997389034,0.20897192079650967,0.29765013054830286,0.0003,1.0,2227.2112782001495
depth4_bal_MMMMAAAA,4,MMMMAAAA,8175,98100,0.18114926914374033,3.7063955465952554,3.7411448478698732,0.9601827676240209,0.23759791122715404,0.23805794831636648,0.29765013054830286,0.0003,1.0,2230.2983005046844
depth4_bal_MMMMAAAA,4,MMMMAAAA,8200,98400,0.1849427285293738,3.6809868812561035,3.8385918821607317,0.9601827676240209,0.2689295039164491,0.24432263116679717,0.29765013054830286,0.0003,1.0,2233.427045106888
depth4_bal_MMMMAAAA,4,MMMMAAAA,8225,98700,0.02607601322233677,3.094160556793213,3.1335511684417723,1.0,0.29112271540469975,0.3014878621769773,0.29765013054830286,0.0003,1.0,2236.651298522949
depth4_bal_MMMMAAAA,4,MMMMAAAA,8250,99000,0.02639252133667469,2.9236255486806235,2.9639889853341237,1.0,0.3224543080939948,0.3136816198679942,0.3224543080939948,0.0003,1.0,2239.7962913513184
depth4_bal_MMMMAAAA,4,MMMMAAAA,8275,99300,0.021805147795627516,2.818620284398397,2.777372087751116,1.0,0.3289817232375979,0.33269940709251594,0.3289817232375979,0.0003,1.0,2242.9904091358185
depth4_bal_MMMMAAAA,4,MMMMAAAA,8300,99600,0.4705587476491928,3.912813584009806,3.900063841683524,0.856396866840731,0.20365535248041775,0.21702651303277773,0.3289817232375979,0.0003,1.0,2246.2081954479218
depth4_bal_MMMMAAAA,4,MMMMAAAA,8325,99900,0.3196656716366609,3.4947238763173423,3.4936792441776823,0.9099216710182768,0.25326370757180156,0.24790244993847185,0.3289817232375979,0.0003,1.0,2249.4156193733215
depth4_bal_MMMMAAAA,4,MMMMAAAA,8350,100200,0.36620286107063293,3.4885087807973227,3.4609370912824358,0.8880548302872062,0.25326370757180156,0.24499384718648617,0.3289817232375979,0.0003,1.0,2252.506052017212
depth4_bal_MMMMAAAA,4,MMMMAAAA,8375,100500,0.050301515497267246,3.30000901222229,3.153304590497698,0.9993472584856397,0.3028720626631854,0.30484394227542233,0.3289817232375979,0.0003,1.0,2255.579038143158
depth4_bal_MMMMAAAA,4,MMMMAAAA,8400,100800,0.032996964951356254,2.6764294306437173,2.6021350928715297,1.0,0.34464751958224543,0.347466159525674,0.34464751958224543,0.0003,1.0,2258.659152984619
depth4_bal_MMMMAAAA,4,MMMMAAAA,8425,101100,0.03818899982919296,2.564556439717611,2.493741192136492,0.9993472584856397,0.3524804177545692,0.3583174851773129,0.3524804177545692,0.0003,1.0,2261.9583826065063
depth4_bal_MMMMAAAA,4,MMMMAAAA,8450,101400,0.02383611910045147,2.4064157009124756,2.3418400968824113,1.0,0.3772845953002611,0.39154267815191857,0.3772845953002611,0.0003,1.0,2265.1063270568848
depth4_bal_MMMMAAAA,4,MMMMAAAA,8475,101700,0.2434580239156882,3.244719902674357,3.268933343887329,0.9402741514360313,0.2597911227154047,0.2655778051236156,0.3772845953002611,0.0003,1.0,2268.2531218528748
depth4_bal_MMMMAAAA,4,MMMMAAAA,8500,102000,0.8565169436236223,3.968976895014445,3.972563525608608,0.7467362924281984,0.19843342036553524,0.1918559122944401,0.3772845953002611,0.0003,1.0,2271.4613518714905
depth4_bal_MMMMAAAA,4,MMMMAAAA,8525,102300,0.20928013076384863,3.187980810801188,3.325861760548183,0.9490861618798956,0.2754569190600522,0.273408658686654,0.3772845953002611,0.0003,1.0,2274.651406764984
depth4_bal_MMMMAAAA,4,MMMMAAAA,8550,102600,0.05941619103153547,2.8229676882425943,2.858218622207642,0.9973890339425587,0.31592689295039167,0.3315807137263676,0.3772845953002611,0.0003,1.0,2277.7362678050995
depth4_bal_MMMMAAAA,4,MMMMAAAA,8575,102900,0.030721224223574,2.3111679553985596,2.3207046372549875,1.0,0.37597911227154046,0.3869560353507104,0.3772845953002611,0.0003,1.0,2281.8025195598602
depth4_bal_MMMMAAAA,4,MMMMAAAA,8600,103200,0.027592741263409454,2.1913365523020425,2.1716808727809362,1.0,0.3981723237597911,0.40832307864414363,0.3981723237597911,0.0003,1.0,2290.1472063064575
depth4_bal_MMMMAAAA,4,MMMMAAAA,8625,103500,0.023190319072455168,2.1147915522257485,2.0568563529423307,1.0,0.42428198433420367,0.4341648954021703,0.42428198433420367,0.0003,1.0,2298.532628297806
depth4_bal_MMMMAAAA,4,MMMMAAAA,8650,103800,0.26590031385421753,2.829331715901693,2.945368092400687,0.9343994778067886,0.30809399477806787,0.307081329007719,0.42428198433420367,0.0003,1.0,2304.464441537857
depth4_bal_MMMMAAAA,4,MMMMAAAA,8675,104100,0.5996650755405426,3.141340414683024,3.1574365411485945,0.814621409921671,0.24281984334203655,0.2572994742141179,0.42428198433420367,0.0003,1.0,2312.2755897045135
depth4_bal_MMMMAAAA,4,MMMMAAAA,8700,104400,0.052796171978116035,2.5270705223083496,2.597434595652989,0.9980417754569191,0.3825065274151436,0.37498601633292317,0.42428198433420367,0.0003,1.0,2319.4752044677734
depth4_bal_MMMMAAAA,4,MMMMAAAA,8725,104700,0.02736262558028102,2.0415389935175576,2.04448527268001,1.0,0.4451697127937337,0.43539545810493346,0.4451697127937337,0.0003,1.0,2327.987914800644
depth4_bal_MMMMAAAA,4,MMMMAAAA,8750,105000,0.025135346533109743,1.8617940346399944,1.8881120988300868,1.0,0.4856396866840731,0.4657120483275534,0.4856396866840731,0.0003,1.0,2337.224712371826
depth4_bal_MMMMAAAA,4,MMMMAAAA,8775,105300,0.4409575213988622,2.769749641418457,2.8669712611607143,0.8550913838120104,0.34464751958224543,0.3169258306298244,0.4856396866840731,0.0003,1.0,2346.0714786052704
depth4_bal_MMMMAAAA,4,MMMMAAAA,8800,105600,0.1830216757953167,2.2636223634084067,2.3513340745653424,0.9611618798955613,0.402088772845953,0.3953462355968229,0.4856396866840731,0.0003,1.0,2354.192973613739
depth4_bal_MMMMAAAA,4,MMMMAAAA,8825,105900,0.09505405463278294,1.989421288172404,2.0512237446648736,0.987597911227154,0.45822454308093996,0.441772010291979,0.4856396866840731,0.0003,1.0,2362.2436151504517
depth4_bal_MMMMAAAA,4,MMMMAAAA,8850,106200,0.02792604174464941,1.4280296166737874,1.468322205543518,1.0,0.5718015665796344,0.5550956482828057,0.5718015665796344,0.0003,1.0,2367.548331260681
depth4_bal_MMMMAAAA,4,MMMMAAAA,8875,106500,0.026224448656042416,1.2567356427510579,1.2727161066872732,1.0,0.5953002610966057,0.6019689003244211,0.5953002610966057,0.0003,1.0,2370.849887609482
depth4_bal_MMMMAAAA,4,MMMMAAAA,8900,106800,0.28604139760136604,1.8024895985921223,1.834201533453805,0.918733681462141,0.46866840731070497,0.4760040272961181,0.5953002610966057,0.0003,1.0,2373.995119333267
depth4_bal_MMMMAAAA,4,MMMMAAAA,8925,107100,0.11832537936667602,1.3598467111587524,1.344692621912275,0.9755221932114883,0.5953002610966057,0.5924600067121601,0.5953002610966057,0.0003,1.0,2377.0549898147583
depth4_bal_MMMMAAAA,4,MMMMAAAA,8950,107400,0.06333222302297752,1.271488348642985,1.2341637100492204,0.9921671018276762,0.6122715404699739,0.6191967781631055,0.6122715404699739,0.0003,1.0,2380.1196961402893
depth4_bal_MMMMAAAA,4,MMMMAAAA,8975,107700,0.01972842790807287,0.7948923707008362,0.7549041049821036,1.0,0.7402088772845953,0.7486296006264683,0.7402088772845953,0.0003,1.0,2383.54149889946
depth4_bal_MMMMAAAA,4,MMMMAAAA,9000,108000,0.02058971890558799,0.6393126249313354,0.6068557892526899,1.0,0.793733681462141,0.7960621993511579,0.793733681462141,0.0003,1.0,2391.486256122589
depth4_bal_MMMMAAAA,4,MMMMAAAA,9025,108300,0.709548607468605,1.45976722240448,1.523992851802281,0.7633812010443864,0.49738903394255873,0.49826602528247005,0.793733681462141,0.0003,1.0,2400.068329334259
depth4_bal_MMMMAAAA,4,MMMMAAAA,9050,108600,0.054246844723820686,0.773583730061849,0.771142840385437,0.9921671018276762,0.7441253263707572,0.7321848081440877,0.793733681462141,0.0003,1.0,2408.3096141815186
depth4_bal_MMMMAAAA,4,MMMMAAAA,9075,108900,0.017154014048477013,0.4792855381965637,0.47979836889675687,1.0,0.8224543080939948,0.839020024611254,0.8224543080939948,0.0003,1.0,2416.597363471985
depth4_bal_MMMMAAAA,4,MMMMAAAA,9100,109200,0.01788896384338538,0.38399051626523334,0.38415445600237164,1.0,0.8681462140992167,0.8722452175858597,0.8681462140992167,0.0003,1.0,2424.895870447159
depth4_bal_MMMMAAAA,4,MMMMAAAA,9125,109500,1.3092370827992756,1.4859780470530193,1.4623034272875104,0.6413185378590078,0.5221932114882507,0.5216467166349703,0.8681462140992167,0.0003,1.0,2433.1290912628174
depth4_bal_MMMMAAAA,4,MMMMAAAA,9150,109800,0.1987065722544988,0.5579395890235901,0.5135894179344177,0.9611618798955613,0.804177545691906,0.8191072826938136,0.8681462140992167,0.0003,1.0,2441.4591841697693
depth4_bal_MMMMAAAA,4,MMMMAAAA,9175,110100,0.2206784908970197,0.4766006867090861,0.45456532750810896,0.9350522193211488,0.8263707571801566,0.8429354513927733,0.8681462140992167,0.0003,1.0,2449.6572556495667
depth4_bal_MMMMAAAA,4,MMMMAAAA,9200,110400,0.02164598073189457,0.2013754596312841,0.1982333093881607,1.0,0.9386422976501305,0.9393668195547601,0.9386422976501305,0.0003,1.0,2457.8672041893005
depth4_bal_MMMMAAAA,4,MMMMAAAA,9225,110700,0.02177662852530678,0.1838460216919581,0.1824733853340149,1.0,0.9425587467362925,0.9504418838796286,0.9425587467362925,0.0003,1.0,2465.7289333343506
depth4_bal_MMMMAAAA,4,MMMMAAAA,9250,111000,0.01993210008367896,0.18586945037047067,0.17347118301051004,0.9996736292428199,0.9412532637075718,0.9548047880076072,0.9425587467362925,0.0003,1.0,2474.0401725769043
depth4_bal_MMMMAAAA,4,MMMMAAAA,9275,111300,0.04949582554399967,0.19530144333839417,0.19872391777379173,0.9970626631853786,0.9399477806788512,0.9421635529701309,0.9425587467362925,0.0003,1.0,2482.262192249298
depth4_bal_MMMMAAAA,4,MMMMAAAA,9300,111600,0.016811486178388197,0.11719449361165364,0.1235068883214678,1.0,0.9699738903394256,0.9719207965096767,0.9699738903394256,0.0003,1.0,2490.112223148346
depth4_bal_MMMMAAAA,4,MMMMAAAA,9325,111900,0.09330469307800134,0.2959929605325063,0.2782223126717976,0.9889033942558747,0.8994778067885117,0.9136368721333482,0.9699738903394256,0.0003,1.0,2498.645664691925
depth4_bal_MMMMAAAA,4,MMMMAAAA,9350,112200,0.42821355164051056,0.6729032397270203,0.7164063436644418,0.8616187989556136,0.7728459530026109,0.7505313793489204,0.9699738903394256,0.0003,1.0,2507.324766397476
depth4_bal_MMMMAAAA,4,MMMMAAAA,9375,112500,0.022075700107961893,0.11084851125876109,0.11426994161946433,1.0,0.9817232375979112,0.9775142633404184,0.9817232375979112,0.0003,1.0,2515.0728340148926
depth4_bal_MMMMAAAA,4,MMMMAAAA,9400,112800,0.021798098770280678,0.11148274193207423,0.11083624022347587,0.9996736292428199,0.9699738903394256,0.978409218033337,0.9817232375979112,0.0003,1.0,2519.2888448238373
depth4_bal_MMMMAAAA,4,MMMMAAAA,9425,113100,0.017772795477261145,0.09626390039920807,0.09444533160754613,1.0,0.97911227154047,0.9829958608345453,0.9817232375979112,0.0003,1.0,2523.5170941352844
depth4_bal_MMMMAAAA,4,MMMMAAAA,9450,113400,0.025380657520145178,0.12236619740724564,0.11802061072417667,1.0,0.9608355091383812,0.9722564045195212,0.9817232375979112,0.0003,1.0,2531.840008497238
depth4_bal_MMMMAAAA,4,MMMMAAAA,9475,113700,0.015203006332740188,0.08645762751499812,0.08473600660051618,1.0,0.9843342036553525,0.9841145542006936,0.9843342036553525,0.0003,1.0,2540.2256586551666
depth4_bal_MMMMAAAA,4,MMMMAAAA,9500,114000,0.013700883680333694,0.07632118463516235,0.07485418128115791,1.0,0.9856396866840731,0.987246895625909,0.9856396866840731,0.0003,1.0,2548.8867497444153
depth4_bal_MMMMAAAA,4,MMMMAAAA,9525,114300,0.7497931470473608,1.0125025510787964,1.0297335573605129,0.7506527415143603,0.6370757180156658,0.6311667971808927,0.9856396866840731,0.0003,1.0,2557.332363843918
depth4_bal_MMMMAAAA,4,MMMMAAAA,9550,114600,0.01340699514063696,0.07392621040344238,0.06352464013866016,1.0,0.9869451697127938,0.9927284931200357,0.9869451697127938,0.0003,1.0,2565.524957895279
depth4_bal_MMMMAAAA,4,MMMMAAAA,9575,114900,0.01209874862494568,0.060906613866488137,0.058661967196634836,1.0,0.9921671018276762,0.992616623783421,0.9921671018276762,0.0003,1.0,2573.7619936466217
depth4_bal_MMMMAAAA,4,MMMMAAAA,9600,115200,0.3810054138302803,0.45992491642634076,0.5063953476292746,0.8714099216710183,0.8093994778067886,0.8118357758138495,0.9921671018276762,0.0003,1.0,2582.3712816238403
depth4_bal_MMMMAAAA,4,MMMMAAAA,9625,115500,0.9023372183243433,1.1733055512110393,1.2361759764807565,0.7033289817232375,0.5600522193211488,0.5543125629265019,0.9921671018276762,0.0003,1.0,2590.867167234421
depth4_bal_MMMMAAAA,4,MMMMAAAA,9650,115800,0.14693036675453186,0.28994113206863403,0.294262078830174,0.9611618798955613,0.9007832898172323,0.9072603199463027,0.9921671018276762,0.0003,1.0,2598.6802887916565
depth4_bal_MMMMAAAA,4,MMMMAAAA,9675,116100,0.02031132858246565,0.07902387032906215,0.09130723774433136,1.0,0.9895561357702349,0.9860163329231457,0.9921671018276762,0.0003,1.0,2605.991511106491
depth4_bal_MMMMAAAA,4,MMMMAAAA,9700,116400,0.02747188586120804,0.097238523264726,0.10343641745192664,0.9977154046997389,0.9895561357702349,0.9805347354290189,0.9921671018276762,0.0003,1.0,2615.4242124557495
depth4_bal_MMMMAAAA,4,MMMMAAAA,9725,116700,0.01565028284676373,0.05597687388459841,0.06605675582374845,1.0,0.9960835509138382,0.991945407763732,0.9960835509138382,0.0003,1.0,2624.32057929039
depth4_bal_MMMMAAAA,4,MMMMAAAA,9750,117000,0.01302938349545002,0.04424522320429484,0.051811506812061585,1.0,0.9960835509138382,0.9945184025058731,0.9960835509138382,0.0003,1.0,2632.2207419872284
depth4_bal_MMMMAAAA,4,MMMMAAAA,9775,117300,0.011364911372462908,0.038589498649040856,0.050770615147692814,1.0,0.9973890339425587,0.9938471864861841,0.9973890339425587,0.0003,1.0,2636.145181417465
depth4_bal_MMMMAAAA,4,MMMMAAAA,9800,117600,0.010618100330854455,0.047953457882006965,0.050204068422317505,1.0,0.9934725848563969,0.9945184025058731,0.9973890339425587,0.0003,1.0,2643.4097952842712
depth4_bal_MMMMAAAA,4,MMMMAAAA,9825,117900,0.01025078600893418,0.04186533639828364,0.048076713936669485,1.0,0.9947780678851175,0.9954133571987918,0.9973890339425587,0.0003,1.0,2651.261709690094
depth4_bal_MMMMAAAA,4,MMMMAAAA,9850,118200,0.011749955049405495,0.043510306626558304,0.04342074133455753,1.0,0.9947780678851175,0.9955252265354066,0.9973890339425587,0.0003,1.0,2659.5582542419434
depth4_bal_MMMMAAAA,4,MMMMAAAA,9875,118500,0.009503899219756326,0.03495649124185244,0.03848481731755393,1.0,0.9986945169712794,0.9970913972480143,0.9986945169712794,0.0003,1.0,2667.4059839248657
depth4_bal_MMMMAAAA,4,MMMMAAAA,9900,118800,0.008529512056459984,0.030302350719769795,0.035422206723264286,1.0,0.9986945169712794,0.9972032665846291,0.9986945169712794,0.0003,1.0,2675.756537437439
depth4_bal_MMMMAAAA,4,MMMMAAAA,9925,119100,0.007054911344312131,0.026586792121330898,0.030785686150193215,1.0,0.9986945169712794,0.9976507439310884,0.9986945169712794,0.0003,1.0,2683.2356610298157
depth4_bal_MMMMAAAA,4,MMMMAAAA,9950,119400,1.2416284084320068,1.0610011021296184,1.0304163132395063,0.5972584856396866,0.6292428198433421,0.6432486855352948,0.9986945169712794,0.0003,1.0,2691.2631270885468
depth4_bal_MMMMAAAA,4,MMMMAAAA,9975,119700,0.024753302646179993,0.06356493135293324,0.0639310645205634,0.9983681462140992,0.9882506527415144,0.9910504530708133,0.9986945169712794,0.0003,1.0,2700.0153770446777
depth4_bal_MMMMAAAA,4,MMMMAAAA,10000,120000,0.011571618107457956,0.035540404419104256,0.0417247903666326,1.0,0.9973890339425587,0.9968676585747847,0.9986945169712794,0.0003,1.0,2711.0748813152313
depth4_bal_MMMMAAAA,4,MMMMAAAA,10025,120300,0.00982192267353336,0.029851388807098072,0.039445602734174044,1.0,1.0,0.996643919901555,1.0,0.0003,1.0,2720.3155829906464
depth4_bal_MMMMAAAA,4,MMMMAAAA,10050,120600,0.008295282799129685,0.027114455898602802,0.03723108518336501,1.0,1.0,0.9967557892381698,1.0,0.0003,1.0,2728.5866787433624
depth4_bal_MMMMAAAA,4,MMMMAAAA,10075,120900,0.8996274669965109,0.818688710530599,0.8879710623196193,0.6883159268929504,0.6736292428198434,0.6517507551180222,1.0,0.0003,1.0,2736.494456768036
depth4_bal_MMMMAAAA,4,MMMMAAAA,10100,121200,0.008624724151256183,0.04095371253788471,0.04105726618851934,1.0,0.9934725848563969,0.9944065331692583,1.0,0.0003,1.0,2744.896120786667
depth4_bal_MMMMAAAA,4,MMMMAAAA,10125,121500,0.00913550549497207,0.03731353518863519,0.03880510425993374,1.0,0.9960835509138382,0.9969795279113994,1.0,0.0003,1.0,2753.134685277939
depth4_bal_MMMMAAAA,4,MMMMAAAA,10150,121800,0.0077501638637234764,0.03232832004626592,0.03487911447882652,1.0,1.0,0.9970913972480143,1.0,0.0003,1.0,2761.343108654022
depth4_bal_MMMMAAAA,4,MMMMAAAA,10175,122100,0.006549130969991286,0.03142842215796312,0.032516088230269295,1.0,0.9947780678851175,0.9969795279113994,1.0,0.0003,1.0,2769.680482149124
depth4_bal_MMMMAAAA,4,MMMMAAAA,10200,122400,0.09425628433624904,0.1266831010580063,0.1643413075378963,0.9885770234986945,0.9778067885117493,0.9577133907595928,1.0,0.0003,1.0,2777.3958280086517
depth4_bal_MMMMAAAA,4,MMMMAAAA,10225,122700,0.008835016206527749,0.03729775299628576,0.03371314656521593,1.0,0.9960835509138382,0.9970913972480143,1.0,0.0003,1.0,2785.640249967575
depth4_bal_MMMMAAAA,4,MMMMAAAA,10250,123000,0.009865474654361606,0.03371079141894976,0.03219874096768243,1.0,0.9960835509138382,0.998657567960622,1.0,0.0003,1.0,2793.586564064026
depth4_bal_MMMMAAAA,4,MMMMAAAA,10275,123300,0.008843810685599843,0.03228467019895712,0.030329221806355885,1.0,0.9960835509138382,0.9994406533169258,1.0,0.0003,1.0,2801.985860347748
depth4_bal_MMMMAAAA,4,MMMMAAAA,10300,123600,0.1412775677939256,0.2354985773563385,0.2325126771415983,0.966710182767624,0.9216710182767625,0.9316478353283365,1.0,0.0003,1.0,2810.2433366775513
depth4_bal_MMMMAAAA,4,MMMMAAAA,10325,123900,0.021442347050954897,0.055960855136315026,0.060462195958409994,1.0,0.9960835509138382,0.9916097997538874,1.0,0.0003,1.0,2818.1118202209473
depth4_bal_MMMMAAAA,4,MMMMAAAA,10350,124200,0.010321172264715036,0.03607484698295593,0.03775530681014061,1.0,0.9973890339425587,0.997315135921244,1.0,0.0003,1.0,2826.0589485168457
depth4_bal_MMMMAAAA,4,MMMMAAAA,10375,124500,0.00966646894812584,0.03216191319127878,0.03412628141897065,1.0,1.0,0.9977626132677033,1.0,0.0003,1.0,2834.388314962387
depth4_bal_MMMMAAAA,4,MMMMAAAA,10400,124800,0.4537222708264987,0.4221649964650472,0.4144015073776245,0.9053524804177546,0.8968668407310705,0.9012193757691017,1.0,0.0003,1.0,2842.5461139678955
depth4_bal_MMMMAAAA,4,MMMMAAAA,10425,125100,0.009470754225427905,0.04346402361989021,0.04216826818883419,1.0,0.9934725848563969,0.9938471864861841,1.0,0.0003,1.0,2850.6866567134857
depth4_bal_MMMMAAAA,4,MMMMAAAA,10450,125400,0.07484132175644238,0.12393637249867122,0.11723218134471348,0.9895561357702349,0.9712793733681462,0.9718089271730619,1.0,0.0003,1.0,2858.9109694957733
depth4_bal_MMMMAAAA,4,MMMMAAAA,10475,125700,0.009235574786240855,0.0417304572959741,0.0382925349686827,1.0,0.9960835509138382,0.9969795279113994,1.0,0.0003,1.0,2866.6395909786224
depth4_bal_MMMMAAAA,4,MMMMAAAA,10500,126000,0.00957822473719716,0.03525830991566181,0.034906320167439324,1.0,0.9973890339425587,0.9977626132677033,1.0,0.0003,1.0,2874.9009821414948
depth4_bal_MMMMAAAA,4,MMMMAAAA,10525,126300,0.007233748716923098,0.028661148622632027,0.02705965350781168,1.0,0.9986945169712794,0.9985456986240071,1.0,0.0003,1.0,2883.1619877815247
depth4_bal_MMMMAAAA,4,MMMMAAAA,10550,126600,0.006585567064272861,0.022982660060127575,0.024143952769892556,1.0,1.0,0.9994406533169258,1.0,0.0003,1.0,2891.5652148723602
depth4_bal_MMMMAAAA,4,MMMMAAAA,10575,126900,0.13362223530809084,0.2025244583686193,0.19553908663136618,0.9588772845953003,0.9347258485639687,0.9343326994070925,1.0,0.0003,1.0,2899.8487474918365
depth4_bal_MMMMAAAA,4,MMMMAAAA,10600,127200,0.008210955187678337,0.03187025897204876,0.0316053284066064,1.0,0.9973890339425587,0.9982100906141627,1.0,0.0003,1.0,2908.059293270111
depth4_bal_MMMMAAAA,4,MMMMAAAA,10625,127500,0.007918836936975518,0.030789891878763836,0.028557105894599644,1.0,0.9986945169712794,0.9985456986240071,1.0,0.0003,1.0,2915.947630405426
depth4_bal_MMMMAAAA,4,MMMMAAAA,10650,127800,0.006861762686943014,0.027623634164532024,0.026443206678543774,1.0,0.9986945169712794,0.9985456986240071,1.0,0.0003,1.0,2924.2677795886993
depth4_bal_MMMMAAAA,4,MMMMAAAA,10675,128100,0.005650779504018526,0.02275092030564944,0.021368959599307607,1.0,1.0,0.9995525226535407,1.0,0.0003,1.0,2932.22780752182
depth4_bal_MMMMAAAA,4,MMMMAAAA,10700,128400,0.0048702969603861375,0.018917078773180645,0.018999779224395753,1.0,1.0,0.999328783980311,1.0,0.0003,1.0,2940.5505912303925
depth4_bal_MMMMAAAA,4,MMMMAAAA,10725,128700,0.2498284950852394,0.5483233332633972,0.565250165121896,0.9275456919060052,0.8315926892950392,0.8163105492784428,1.0,0.0003,1.0,2948.817502975464
depth4_bal_MMMMAAAA,4,MMMMAAAA,10750,129000,0.01501207131271561,0.06430109962821007,0.056144068070820397,0.9996736292428199,0.9856396866840731,0.9902673677145094,1.0,0.0003,1.0,2956.584723472595
depth4_bal_MMMMAAAA,4,MMMMAAAA,10775,129300,0.009567294580241045,0.038979207475980125,0.03612326399556228,1.0,0.9947780678851175,0.9972032665846291,1.0,0.0003,1.0,2963.9182817935944
depth4_bal_MMMMAAAA,4,MMMMAAAA,10800,129600,0.009030422933089236,0.034891124814748764,0.034305232976164134,1.0,0.9986945169712794,0.9977626132677033,1.0,0.0003,1.0,2972.198949813843
depth4_bal_MMMMAAAA,4,MMMMAAAA,10825,129900,0.09907487252106269,0.16408238808314005,0.17417435816356114,0.9768276762402088,0.9516971279373369,0.9488757131670209,1.0,0.0003,1.0,2980.575530052185
depth4_bal_MMMMAAAA,4,MMMMAAAA,10850,130200,0.007378978848767777,0.02503764381011327,0.023045256148491587,1.0,1.0,0.9989931759704664,1.0,0.0003,1.0,2988.808396577835
depth4_bal_MMMMAAAA,4,MMMMAAAA,10875,130500,0.0072248611055935425,0.021579798310995102,0.02230255529284477,1.0,1.0,0.998657567960622,1.0,0.0003,1.0,2997.0847799777985
depth4_bal_MMMMAAAA,4,MMMMAAAA,10900,130800,0.006204113946296275,0.01837122595558564,0.01832566133567265,1.0,1.0,0.9995525226535407,1.0,0.0003,1.0,3004.8675734996796
depth4_bal_MMMMAAAA,4,MMMMAAAA,10925,131100,0.005483064296034475,0.017192782523731392,0.016605074437601227,1.0,1.0,0.9995525226535407,1.0,0.0003,1.0,3013.857071876526
depth4_bal_MMMMAAAA,4,MMMMAAAA,10950,131400,0.004327041388023645,0.0145921449487408,0.013402637386960643,1.0,1.0,0.9996643919901554,1.0,0.0003,1.0,3022.8556048870087
depth4_bal_MMMMAAAA,4,MMMMAAAA,10975,131700,0.1616931650787592,0.3007139464219411,0.26656361179692406,0.9611618798955613,0.902088772845953,0.9169929522317932,1.0,0.0003,1.0,3031.780487060547
depth4_bal_MMMMAAAA,4,MMMMAAAA,11000,132000,0.008346652456869682,0.039189535503586136,0.033755949884653094,1.0,0.9947780678851175,0.9975388745944737,1.0,0.0003,1.0,3039.790905237198
depth4_bal_MMMMAAAA,4,MMMMAAAA,11025,132300,0.0529909358980755,0.08376626918713252,0.08910712844559125,0.991514360313316,0.9843342036553525,0.9803109967557893,1.0,0.0003,1.0,3048.858226299286
depth4_bal_MMMMAAAA,4,MMMMAAAA,11050,132600,0.10412941717853148,0.1742818554242452,0.17662859771932873,0.9673629242819843,0.9477806788511749,0.9424991609799754,1.0,0.0003,1.0,3056.4385356903076
depth4_bal_MMMMAAAA,4,MMMMAAAA,11075,132900,0.01266389285835127,0.05524704729517301,0.05254748176251139,1.0,0.9921671018276762,0.9927284931200357,1.0,0.0003,1.0,3064.287559747696
depth4_bal_MMMMAAAA,4,MMMMAAAA,11100,133200,0.010964296913395325,0.0346558162321647,0.03903984603072916,1.0,0.9973890339425587,0.996643919901555,1.0,0.0003,1.0,3072.567180633545
depth4_bal_MMMMAAAA,4,MMMMAAAA,11125,133500,0.009916463168337941,0.030203815549612045,0.03350984986339297,1.0,1.0,0.9972032665846291,1.0,0.0003,1.0,3080.172096014023
depth4_bal_MMMMAAAA,4,MMMMAAAA,11150,133800,0.008529252062241236,0.025788748015960056,0.028866708278656006,1.0,1.0,0.9989931759704664,1.0,0.0003,1.0,3088.413613319397
depth4_bal_MMMMAAAA,4,MMMMAAAA,11175,134100,0.04577542624125878,0.11482519656419754,0.11419223887579781,0.9986945169712794,0.9738903394255874,0.9744937912518179,1.0,0.0003,1.0,3096.634818792343
depth4_bal_MMMMAAAA,4,MMMMAAAA,11200,134400,0.020521548266212147,0.0363810999939839,0.04597326996070998,0.9990208877284595,0.9947780678851175,0.991945407763732,1.0,0.0003,1.0,3104.923753261566
depth4_bal_MMMMAAAA,4,MMMMAAAA,11225,134700,0.00917171461818119,0.0274717981616656,0.029386307512010847,1.0,0.9986945169712794,0.9982100906141627,1.0,0.0003,1.0,3112.7474644184113
depth4_bal_MMMMAAAA,4,MMMMAAAA,11250,135000,0.008228686056099832,0.026232516393065453,0.027093586165990148,1.0,0.9973890339425587,0.9984338292873923,1.0,0.0003,1.0,3120.663506269455
depth4_bal_MMMMAAAA,4,MMMMAAAA,11275,135300,0.006948152362989883,0.022260238726933796,0.023969127583716596,1.0,0.9973890339425587,0.9985456986240071,1.0,0.0003,1.0,3128.8317370414734
depth4_bal_MMMMAAAA,4,MMMMAAAA,11300,135600,0.005871870438568294,0.01814533645908038,0.020520835848791257,1.0,0.9986945169712794,0.998657567960622,1.0,0.0003,1.0,3136.9318985939026
depth4_bal_MMMMAAAA,4,MMMMAAAA,11325,135900,0.00487815934078147,0.015817801157633465,0.017441510196243015,1.0,0.9986945169712794,0.9992169146436961,1.0,0.0003,1.0,3145.103631734848
depth4_bal_MMMMAAAA,4,MMMMAAAA,11350,136200,0.04517725218708316,0.0686688981950283,0.0782266775412219,0.993798955613577,0.9921671018276762,0.9846739008837677,1.0,0.0003,1.0,3153.2831778526306
depth4_bal_MMMMAAAA,4,MMMMAAAA,11375,136500,0.0073017503988618655,0.022550324598948162,0.02419526092708111,1.0,1.0,0.9987694372972368,1.0,0.0003,1.0,3160.7894973754883
depth4_bal_MMMMAAAA,4,MMMMAAAA,11400,136800,0.006762559564473729,0.021258956442276638,0.02201328668743372,1.0,1.0,0.9989931759704664,1.0,0.0003,1.0,3164.016434431076
depth4_bal_MMMMAAAA,4,MMMMAAAA,11425,137100,0.005868351863076289,0.01745316293090582,0.017842396907508374,1.0,0.9986945169712794,0.9995525226535407,1.0,0.0003,1.0,3167.10768532753
depth4_bal_MMMMAAAA,4,MMMMAAAA,11450,137400,0.8692788928747177,0.7994427482287089,0.8074897170066834,0.7163838120104439,0.7049608355091384,0.7033225192974606,1.0,0.0003,1.0,3170.207100391388
depth4_bal_MMMMAAAA,4,MMMMAAAA,11475,137700,0.006143119845849772,0.020733629663785298,0.01960186870502574,1.0,0.9986945169712794,0.9995525226535407,1.0,0.0003,1.0,3173.3462359905243
depth4_bal_MMMMAAAA,4,MMMMAAAA,11500,138000,0.006059578193041186,0.017920418332020443,0.018191216540123734,1.0,1.0,0.9997762613267703,1.0,0.0003,1.0,3176.630033016205
depth4_bal_MMMMAAAA,4,MMMMAAAA,11525,138300,0.005369255125212173,0.01777399517595768,0.01621290229793106,1.0,1.0,0.9998881306633851,1.0,0.0003,1.0,3183.0358259677887
depth4_bal_MMMMAAAA,4,MMMMAAAA,11550,138600,0.0045801656087860465,0.012662855287392935,0.01348748156534774,1.0,1.0,1.0,1.0,0.0003,1.0,3191.057319164276
depth4_bal_MMMMAAAA,4,MMMMAAAA,11575,138900,0.00373689376283437,0.011240741237998009,0.011590212610151087,1.0,1.0,1.0,1.0,0.0003,1.0,3194.533411502838
depth4_bal_MMMMAAAA,4,MMMMAAAA,11600,139200,0.1717690055569013,0.4348634382088979,0.359447409425463,0.9533289817232375,0.8720626631853786,0.88891374874147,1.0,0.0003,1.0,3197.7776362895966
depth4_bal_MMMMAAAA,4,MMMMAAAA,11625,139500,0.009102628178273639,0.04330776631832123,0.03516156194465501,1.0,0.9947780678851175,0.996643919901555,1.0,0.0003,1.0,3204.5203268527985
depth4_bal_MMMMAAAA,4,MMMMAAAA,11650,139800,0.00897231069393456,0.03717376912633578,0.032284694856831005,1.0,0.9960835509138382,0.998657567960622,1.0,0.0003,1.0,3210.9018392562866
depth4_bal_MMMMAAAA,4,MMMMAAAA,11675,140100,0.00677293542927752,0.026062028482556343,0.02347462475299835,1.0,0.9973890339425587,0.9989931759704664,1.0,0.0003,1.0,3219.1719653606415
depth4_bal_MMMMAAAA,4,MMMMAAAA,11700,140400,0.22435196489095688,0.321909894545873,0.2892997797046389,0.9246083550913838,0.8929503916449086,0.901666853115561,1.0,0.0003,1.0,3226.1198885440826
depth4_bal_MMMMAAAA,4,MMMMAAAA,11725,140700,0.008153814356774092,0.029577072709798813,0.030221134477428028,1.0,0.9973890339425587,0.9969795279113994,1.0,0.0003,1.0,3230.996244430542
depth4_bal_MMMMAAAA,4,MMMMAAAA,11750,141000,0.008912813267670572,0.027476130053400993,0.03038645051419735,1.0,0.9973890339425587,0.9983219599507774,1.0,0.0003,1.0,3238.985614299774
depth4_bal_MMMMAAAA,4,MMMMAAAA,11775,141300,0.007932481860431531,0.02431037152806918,0.027321192090000425,1.0,0.9986945169712794,0.998657567960622,1.0,0.0003,1.0,3246.951909303665
depth4_bal_MMMMAAAA,4,MMMMAAAA,11800,141600,0.006806348722117643,0.021413529912630718,0.023392357783658165,1.0,1.0,0.9987694372972368,1.0,0.0003,1.0,3257.392200946808
depth4_bal_MMMMAAAA,4,MMMMAAAA,11825,141900,0.006180817843414843,0.02839777742822965,0.02393024867134435,1.0,0.9986945169712794,0.9989931759704664,1.0,0.0003,1.0,3265.631284236908
depth4_bal_MMMMAAAA,4,MMMMAAAA,11850,142200,0.006602861608068149,0.026783963044484455,0.022951737897736687,1.0,0.9986945169712794,0.9994406533169258,1.0,0.0003,1.0,3274.8165242671967
depth4_bal_MMMMAAAA,4,MMMMAAAA,11875,142500,0.00588969886302948,0.022804635887344677,0.020485110607530388,1.0,0.9986945169712794,0.9996643919901554,1.0,0.0003,1.0,3282.4143204689026
depth4_bal_MMMMAAAA,4,MMMMAAAA,11900,142800,0.005005546302224199,0.01949026497701804,0.01737233621201345,1.0,1.0,0.9994406533169258,1.0,0.0003,1.0,3288.6832780838013
depth4_bal_MMMMAAAA,4,MMMMAAAA,11925,143100,0.566628851617376,1.2826379140218098,1.2720456293651037,0.8505221932114883,0.6462140992167101,0.6548830965432375,1.0,0.0003,1.0,3294.2795238494873
depth4_bal_MMMMAAAA,4,MMMMAAAA,11950,143400,0.011024724536885818,0.04538441449403763,0.04733846969902515,1.0,0.9921671018276762,0.9923928851101913,1.0,0.0003,1.0,3300.9662897586823
depth4_bal_MMMMAAAA,4,MMMMAAAA,11975,143700,0.009132426348514855,0.03157587225238482,0.036582860563482554,1.0,0.9973890339425587,0.9955252265354066,1.0,0.0003,1.0,3305.621179819107
depth4_bal_MMMMAAAA,4,MMMMAAAA,12000,144000,0.007967393884124855,0.02835385377208392,0.030574818274804523,1.0,0.9986945169712794,0.9970913972480143,1.0,0.0003,1.0,3308.9954760074615
depth4_bal_MMMMAAAA,4,MMMMAAAA,12025,144300,0.006800761097110808,0.02294253371655941,0.024116019957831927,1.0,0.9986945169712794,0.9985456986240071,1.0,0.0003,1.0,3315.3834915161133
depth4_bal_MMMMAAAA,4,MMMMAAAA,12050,144600,0.005774374818429351,0.019094806785384815,0.020970941601055008,1.0,0.9986945169712794,0.9988813066338517,1.0,0.0003,1.0,3321.5206611156464
depth4_bal_MMMMAAAA,4,MMMMAAAA,12075,144900,0.00478932773694396,0.015820443940659363,0.017942738000835692,1.0,1.0,0.9991050453070813,1.0,0.0003,1.0,3328.8903427124023
depth4_bal_MMMMAAAA,4,MMMMAAAA,12100,145200,0.2739728217323621,0.3487323423226674,0.3430492205279214,0.9295039164490861,0.8785900783289817,0.891598612820226,1.0,0.0003,1.0,3336.2260568141937
depth4_bal_MMMMAAAA,4,MMMMAAAA,12125,145500,0.03981693834066391,0.0725144495566686,0.07712055721453258,0.9967362924281984,0.9882506527415144,0.9833314688443897,1.0,0.0003,1.0,3340.859023332596
depth4_bal_MMMMAAAA,4,MMMMAAAA,12150,145800,0.014250059844926,0.03256040501097838,0.03686962266053472,0.9996736292428199,0.9986945169712794,0.994630271842488,1.0,0.0003,1.0,3347.2786178588867
depth4_bal_MMMMAAAA,4,MMMMAAAA,12175,146100,0.008735756933068236,0.025098922351996105,0.02701080186026437,1.0,1.0,0.9985456986240071,1.0,0.0003,1.0,3352.925627231598
depth4_bal_MMMMAAAA,4,MMMMAAAA,12200,146400,0.008030762546695769,0.02374313957989216,0.024310797559363502,1.0,1.0,0.9989931759704664,1.0,0.0003,1.0,3356.4290540218353
depth4_bal_MMMMAAAA,4,MMMMAAAA,12225,146700,0.006981831354399522,0.020726888130108517,0.021704058482178618,1.0,1.0,0.9992169146436961,1.0,0.0003,1.0,3362.298081636429
depth4_bal_MMMMAAAA,4,MMMMAAAA,12250,147000,0.005852457019500434,0.018337633460760117,0.01829333028623036,1.0,1.0,0.9992169146436961,1.0,0.0003,1.0,3368.700961828232
depth4_bal_MMMMAAAA,4,MMMMAAAA,12275,147300,0.004924762450779478,0.015445681599279245,0.015644286865634578,1.0,1.0,0.9996643919901554,1.0,0.0003,1.0,3374.4922213554382
depth4_bal_MMMMAAAA,4,MMMMAAAA,12300,147600,0.004176744162881126,0.014296646229922771,0.013495820175324167,1.0,1.0,0.9997762613267703,1.0,0.0003,1.0,3381.446902513504
depth4_bal_MMMMAAAA,4,MMMMAAAA,12325,147900,0.0035141826568481824,0.012406972547372183,0.011380082235804626,1.0,1.0,0.9998881306633851,1.0,0.0003,1.0,3388.265978574753
depth4_bal_MMMMAAAA,4,MMMMAAAA,12350,148200,0.002840941830072552,0.01113589263210694,0.010020475382251398,1.0,1.0,1.0,1.0,0.0003,1.0,3394.500432252884
depth4_bal_MMMMAAAA,4,MMMMAAAA,12375,148500,0.14228818751871586,0.2514541248480479,0.2444400118929999,0.9765013054830287,0.9281984334203656,0.9378006488421524,1.0,0.0003,1.0,3398.2735772132874
depth4_bal_MMMMAAAA,4,MMMMAAAA,12400,148800,0.0169259503018111,0.07554483165343602,0.06048362616981779,1.0,0.9817232375979112,0.9904911063877391,1.0,0.0003,1.0,3401.807149887085
depth4_bal_MMMMAAAA,4,MMMMAAAA,12425,149100,0.014211766111354033,0.06383470445871353,0.055175031082970755,1.0,0.9895561357702349,0.9916097997538874,1.0,0.0003,1.0,3406.198759317398
depth4_bal_MMMMAAAA,4,MMMMAAAA,12450,149400,0.011852329208826026,0.06575830032428105,0.051123001426458356,1.0,0.9869451697127938,0.9917216690905023,1.0,0.0003,1.0,3412.124479532242
depth4_bal_MMMMAAAA,4,MMMMAAAA,12475,149700,0.009746137036321064,0.05443853884935379,0.045302180413688935,1.0,0.9895561357702349,0.9922810157735764,1.0,0.0003,1.0,3416.241701364517
depth4_bal_MMMMAAAA,4,MMMMAAAA,12500,150000,0.008237209093446532,0.051070086658000946,0.04106252065726689,1.0,0.9895561357702349,0.9937353171495693,1.0,0.0003,1.0,3419.6608929634094
depth4_bal_MMMMAAAA,4,MMMMAAAA,12525,150300,0.07817208394408226,0.11289223283529282,0.10090948918036052,0.9797650130548303,0.9686684073107049,0.9705783644702987,1.0,0.0003,1.0,3425.852049589157
depth4_bal_MMMMAAAA,4,MMMMAAAA,12550,150600,0.008201177852849165,0.023404181003570557,0.022613353175776344,1.0,1.0,0.9991050453070813,1.0,0.0003,1.0,3430.988740682602
depth4_bal_MMMMAAAA,4,MMMMAAAA,12575,150900,0.00727289670612663,0.020967117821176846,0.019807681095387254,1.0,1.0,0.999328783980311,1.0,0.0003,1.0,3437.6180572509766
depth4_bal_MMMMAAAA,4,MMMMAAAA,12600,151200,0.006165604999599357,0.0202778372913599,0.018034859826522216,1.0,1.0,0.9995525226535407,1.0,0.0003,1.0,3444.319085597992
depth4_bal_MMMMAAAA,4,MMMMAAAA,12625,151500,0.005228007988383372,0.01692598747710387,0.01614400866840567,1.0,1.0,0.9994406533169258,1.0,0.0003,1.0,3451.0712537765503
depth4_bal_MMMMAAAA,4,MMMMAAAA,12650,151800,0.004456230478050808,0.01680109805117051,0.014918373046176775,1.0,1.0,0.9996643919901554,1.0,0.0003,1.0,3457.6493258476257
depth4_bal_MMMMAAAA,4,MMMMAAAA,12675,152100,0.021187668821463983,0.04871721441547076,0.04207822015242917,0.9986945169712794,0.9947780678851175,0.99328783980311,1.0,0.0003,1.0,3461.0932955741882
depth4_bal_MMMMAAAA,4,MMMMAAAA,12700,152400,0.0058812661639725166,0.022052501638730366,0.017787988271032062,1.0,0.9973890339425587,0.9995525226535407,1.0,0.0003,1.0,3465.413332939148
depth4_bal_MMMMAAAA,4,MMMMAAAA,12725,152700,0.0052967392063389225,0.017856739461421967,0.015808402746915817,1.0,0.9986945169712794,1.0,1.0,0.0003,1.0,3468.893752336502
depth4_bal_MMMMAAAA,4,MMMMAAAA,12750,153000,0.004508662347992261,0.014533113067348799,0.014046008592205388,1.0,0.9986945169712794,0.9998881306633851,1.0,0.0003,1.0,3474.2884974479675
depth4_bal_MMMMAAAA,4,MMMMAAAA,12775,153300,0.0037864302673066654,0.013938095110158125,0.012535889899092061,1.0,0.9973890339425587,0.9996643919901554,1.0,0.0003,1.0,3479.907564640045
depth4_bal_MMMMAAAA,4,MMMMAAAA,12800,153600,0.0031291370784553387,0.012948072825868925,0.011160040753228323,1.0,0.9973890339425587,0.9997762613267703,1.0,0.0003,1.0,3483.4790453910828
depth4_bal_MMMMAAAA,4,MMMMAAAA,12825,153900,0.002715583599638194,0.011786186136305332,0.010582110392195837,1.0,0.9986945169712794,0.9994406533169258,1.0,0.0003,1.0,3488.172381877899
depth4_bal_MMMMAAAA,4,MMMMAAAA,12850,154200,0.5890565464893976,0.8140956362088522,0.8340740152767726,0.8191906005221932,0.7193211488250653,0.7207741358093747,1.0,0.0003,1.0,3494.997517347336
depth4_bal_MMMMAAAA,4,MMMMAAAA,12875,154500,0.10649458132684231,0.2128079185883204,0.20753344765731266,0.983355091383812,0.9399477806788512,0.9459671104150352,1.0,0.0003,1.0,3498.6623764038086
depth4_bal_MMMMAAAA,4,MMMMAAAA,12900,154800,0.02435853114972512,0.11827968806028366,0.13120774797030857,1.0,0.9673629242819843,0.966327329678935,1.0,0.0003,1.0,3502.1657819747925
depth4_bal_MMMMAAAA,4,MMMMAAAA,12925,155100,0.13216063876946768,0.2911986708641052,0.3372319528034755,0.9716057441253264,0.9073107049608355,0.8923816981765298,1.0,0.0003,1.0,3507.095270872116
depth4_bal_MMMMAAAA,4,MMMMAAAA,12950,155400,0.015394242325176796,0.09608008960882823,0.10024538487195969,1.0,0.9765013054830287,0.974381921915203,1.0,0.0003,1.0,3513.7030813694
depth4_bal_MMMMAAAA,4,MMMMAAAA,12975,155700,0.46131496131420135,0.6725387573242188,0.6579468778201512,0.8404046997389034,0.7911227154046997,0.7837565723235261,1.0,0.0003,1.0,3519.853172302246
depth4_bal_MMMMAAAA,4,MMMMAAAA,13000,156000,0.014367287745699286,0.08112958818674088,0.08865369111299515,1.0,0.9856396866840731,0.9789685647164112,1.0,0.0003,1.0,3525.312744617462
depth4_bal_MMMMAAAA,4,MMMMAAAA,13025,156300,0.1301060045758883,0.23023165265719095,0.23734558778149742,0.9778067885117493,0.933420365535248,0.933325875377559,1.0,0.0003,1.0,3531.1306433677673
depth4_bal_MMMMAAAA,4,MMMMAAAA,13050,156600,0.015068953080723682,0.10522797703742981,0.07595334276556968,1.0,0.9686684073107049,0.9854569862400716,1.0,0.0003,1.0,3534.6320431232452
depth4_bal_MMMMAAAA,4,MMMMAAAA,13075,156900,0.013155614025890827,0.0864596888422966,0.06890168849911009,1.0,0.97911227154047,0.9878062423089831,1.0,0.0003,1.0,3538.3023669719696
depth4_bal_MMMMAAAA,4,MMMMAAAA,13100,157200,0.011590592640762528,0.0788524920741717,0.06534948764102799,1.0,0.9817232375979112,0.988589327665287,1.0,0.0003,1.0,3543.94610619545
depth4_bal_MMMMAAAA,4,MMMMAAAA,13125,157500,0.06374087898681562,0.31084782878557843,0.26621009750025615,0.9869451697127938,0.8929503916449086,0.9073721892829175,1.0,0.0003,1.0,3550.0870139598846
depth4_bal_MMMMAAAA,4,MMMMAAAA,13150,157800,0.009343588336681327,0.04504342004656792,0.037808541634253096,1.0,0.9921671018276762,0.9964201812283253,1.0,0.0003,1.0,3556.552054643631
depth4_bal_MMMMAAAA,4,MMMMAAAA,13175,158100,0.008776034150893489,0.042488073309262596,0.03916793486901692,1.0,0.9908616187989556,0.9956370958720214,1.0,0.0003,1.0,3560.634709596634
depth4_bal_MMMMAAAA,4,MMMMAAAA,13200,158400,0.18257370591163635,0.18341538310050964,0.1795090151684625,0.9663838120104439,0.9556135770234987,0.9598389081552746,1.0,0.0003,1.0,3567.371180534363
depth4_bal_MMMMAAAA,4,MMMMAAAA,13225,158700,0.010036892878512541,0.04919310534993807,0.043242496252059934,1.0,0.9934725848563969,0.9936234478129544,1.0,0.0003,1.0,3571.3575410842896
depth4_bal_MMMMAAAA,4,MMMMAAAA,13250,159000,0.008980641529584924,0.03451572234431902,0.035350457791771206,1.0,0.9973890339425587,0.9957489652086363,1.0,0.0003,1.0,3578.781956911087
depth4_bal_MMMMAAAA,4,MMMMAAAA,13275,159300,0.5504533822337786,0.6020626028378805,0.6210252583026886,0.8009138381201044,0.7806788511749347,0.7818547936010739,1.0,0.0003,1.0,3585.875888109207
depth4_bal_MMMMAAAA,4,MMMMAAAA,13300,159600,0.006553002089882891,0.024732841178774834,0.022674410790205,1.0,0.9973890339425587,0.9987694372972368,1.0,0.0003,1.0,3592.5242207050323
depth4_bal_MMMMAAAA,4,MMMMAAAA,13325,159900,0.007894974201917648,0.02567981059352557,0.025181981389011655,1.0,0.9973890339425587,0.998657567960622,1.0,0.0003,1.0,3596.269540786743
depth4_bal_MMMMAAAA,4,MMMMAAAA,13350,160200,0.006964347480485837,0.027772362654407818,0.023492707099233356,1.0,0.9960835509138382,0.9983219599507774,1.0,0.0003,1.0,3600.0171942710876
depth4_bal_MMMMAAAA,4,MMMMAAAA,13375,160500,0.01713534692923228,0.03801071271300316,0.03776494488120079,0.9986945169712794,0.9973890339425587,0.9948540105157176,1.0,0.0003,1.0,3605.214425086975
depth4_bal_MMMMAAAA,4,MMMMAAAA,13400,160800,0.005698485299944878,0.021080298349261284,0.02069370680089508,1.0,0.9960835509138382,0.9977626132677033,1.0,0.0003,1.0,3612.3999581336975
depth4_bal_MMMMAAAA,4,MMMMAAAA,13425,161100,0.00721703446470201,0.022116708879669506,0.024168810195156504,1.0,1.0,0.9988813066338517,1.0,0.0003,1.0,3619.988016605377
depth4_bal_MMMMAAAA,4,MMMMAAAA,13450,161400,0.006556357373483479,0.019782463709513348,0.023307794066412108,1.0,1.0,0.9988813066338517,1.0,0.0003,1.0,3624.7134091854095
depth4_bal_MMMMAAAA,4,MMMMAAAA,13475,161700,0.5512008393804232,0.7166588306427002,0.6796170609337943,0.8031984334203656,0.7454308093994778,0.7627251370399374,1.0,0.0003,1.0,3628.2111015319824
depth4_bal_MMMMAAAA,4,MMMMAAAA,13500,162000,0.009454492401952544,0.02990471323331197,0.02732569511447634,1.0,0.9973890339425587,0.998657567960622,1.0,0.0003,1.0,3634.7480704784393
depth4_bal_MMMMAAAA,4,MMMMAAAA,13525,162300,0.008547465161730846,0.026773653303583462,0.024883262546999112,1.0,0.9973890339425587,0.9988813066338517,1.0,0.0003,1.0,3640.78537273407
depth4_bal_MMMMAAAA,4,MMMMAAAA,13550,162600,0.00742151514471819,0.02280733237663905,0.02301008427249534,1.0,0.9986945169712794,0.9991050453070813,1.0,0.0003,1.0,3647.1431052684784
depth4_bal_MMMMAAAA,4,MMMMAAAA,13575,162900,0.006436709702635805,0.021167935182650883,0.02188409460442407,1.0,0.9973890339425587,0.9989931759704664,1.0,0.0003,1.0,3654.0323441028595
depth4_bal_MMMMAAAA,4,MMMMAAAA,13600,163200,0.00974848447367549,0.029255622997879982,0.02832452423338379,1.0,0.9960835509138382,0.9961964425550957,1.0,0.0003,1.0,3658.1510598659515
depth4_bal_MMMMAAAA,4,MMMMAAAA,13625,163500,0.007573916149946551,0.02380862459540367,0.025256920818771636,1.0,0.9986945169712794,0.998657567960622,1.0,0.0003,1.0,3663.645622253418
depth4_bal_MMMMAAAA,4,MMMMAAAA,13650,163800,0.00682140913947175,0.03188690977791945,0.02608912182705743,1.0,0.9960835509138382,0.9975388745944737,1.0,0.0003,1.0,3668.6414008140564
depth4_bal_MMMMAAAA,4,MMMMAAAA,13675,164100,0.005757692890862624,0.02120450014869372,0.021344772007848536,1.0,0.9986945169712794,0.9984338292873923,1.0,0.0003,1.0,3672.5126667022705
depth4_bal_MMMMAAAA,4,MMMMAAAA,13700,164400,0.15969856518010297,0.20324689646561941,0.2055177105324609,0.9572454308093995,0.933420365535248,0.9370175634858485,1.0,0.0003,1.0,3677.1104629039764
depth4_bal_MMMMAAAA,4,MMMMAAAA,13725,164700,0.3345525451004505,0.2945532202720642,0.3048225130353655,0.9073107049608355,0.9242819843342036,0.9203490323302382,1.0,0.0003,1.0,3681.714419603348
depth4_bal_MMMMAAAA,4,MMMMAAAA,13750,165000,0.010486740774164597,0.0325897162159284,0.03926524344299521,1.0,0.9973890339425587,0.9945184025058731,1.0,0.0003,1.0,3688.2999787330627
depth4_bal_MMMMAAAA,4,MMMMAAAA,13775,165300,0.017266598840554554,0.04741491129000982,0.04469501003623009,0.9996736292428199,0.9921671018276762,0.9949658798523324,1.0,0.0003,1.0,3692.8471121788025
depth4_bal_MMMMAAAA,4,MMMMAAAA,13800,165600,0.009029718736807505,0.030332947770754497,0.033425443353397505,1.0,1.0,0.9969795279113994,1.0,0.0003,1.0,3698.9871060848236
depth4_bal_MMMMAAAA,4,MMMMAAAA,13825,165900,0.007771845208480954,0.028107427681485813,0.030861813255718778,1.0,0.9986945169712794,0.9969795279113994,1.0,0.0003,1.0,3702.6498975753784
depth4_bal_MMMMAAAA,4,MMMMAAAA,13850,166200,0.0065660454565659165,0.02773599016169707,0.02825272966708456,1.0,0.9986945169712794,0.9965320505649401,1.0,0.0003,1.0,3706.6005704402924
depth4_bal_MMMMAAAA,4,MMMMAAAA,13875,166500,0.8730994214614233,1.081681211789449,1.056546013695853,0.7049608355091384,0.6383812010443864,0.6400044747734646,1.0,0.0003,1.0,3711.9086604118347
depth4_bal_MMMMAAAA,4,MMMMAAAA,13900,166800,0.007021730610479911,0.028405041123429935,0.028656716219016484,1.0,0.9960835509138382,0.9968676585747847,1.0,0.0003,1.0,3718.3640632629395
depth4_bal_MMMMAAAA,4,MMMMAAAA,13925,167100,0.008891960295538107,0.028896064187089603,0.03251247086695262,1.0,0.9973890339425587,0.9968676585747847,1.0,0.0003,1.0,3724.4534986019135
depth4_bal_MMMMAAAA,4,MMMMAAAA,13950,167400,0.007841146473462382,0.0369190319130818,0.0334707645965474,1.0,0.9934725848563969,0.9960845732184808,1.0,0.0003,1.0,3731.1422605514526
depth4_bal_MMMMAAAA,4,MMMMAAAA,13975,167700,0.19921933487057686,0.5700802405675253,0.534328556912286,0.9419060052219321,0.8524804177545692,0.859268374538539,1.0,0.0003,1.0,3738.394272327423
depth4_bal_MMMMAAAA,4,MMMMAAAA,14000,168000,0.008179466822184622,0.026528883104523022,0.028571650332638195,1.0,0.9986945169712794,0.9970913972480143,1.0,0.0003,1.0,3745.767194747925
depth4_bal_MMMMAAAA,4,MMMMAAAA,14025,168300,0.008012641104869545,0.024555899823705356,0.028358023134725435,1.0,1.0,0.9972032665846291,1.0,0.0003,1.0,3752.5233414173126
depth4_bal_MMMMAAAA,4,MMMMAAAA,14050,168600,0.007098168600350618,0.022326681142052014,0.029214498134596006,1.0,0.9986945169712794,0.996643919901555,1.0,0.0003,1.0,3756.987156391144
depth4_bal_MMMMAAAA,4,MMMMAAAA,14075,168900,0.007935841412593922,0.0244933379193147,0.03861212075820991,1.0,0.9986945169712794,0.9930641011298803,1.0,0.0003,1.0,3763.2568690776825
depth4_bal_MMMMAAAA,4,MMMMAAAA,14100,169200,0.008144437180211147,0.02981361063818137,0.02779521918190377,1.0,0.9973890339425587,0.997986351940933,1.0,0.0003,1.0,3769.5713148117065
depth4_bal_MMMMAAAA,4,MMMMAAAA,14125,169500,0.007933321913393835,0.03179250843822956,0.02759813405573368,1.0,0.9973890339425587,0.9975388745944737,1.0,0.0003,1.0,3775.2266256809235
depth4_bal_MMMMAAAA,4,MMMMAAAA,14150,169800,0.07888629380613565,0.09422139326731364,0.08340170585683414,0.9800913838120104,0.97911227154047,0.981094082112093,1.0,0.0003,1.0,3778.650428533554
depth4_bal_MMMMAAAA,4,MMMMAAAA,14175,170100,0.006958735020210345,0.024458750771979492,0.02334839001830135,1.0,0.9973890339425587,0.9988813066338517,1.0,0.0003,1.0,3785.1427149772644
depth4_bal_MMMMAAAA,4,MMMMAAAA,14200,170400,0.006404048375164469,0.0243929506589969,0.023328410115625177,1.0,0.9973890339425587,0.998657567960622,1.0,0.0003,1.0,3791.850996494293
depth4_bal_MMMMAAAA,4,MMMMAAAA,14225,170700,0.005446380004286766,0.021956054183344047,0.021357414472315994,1.0,0.9973890339425587,0.998657567960622,1.0,0.0003,1.0,3798.49489068985
depth4_bal_MMMMAAAA,4,MMMMAAAA,14250,171000,0.44240917762120563,0.7007611791292826,0.7167746850422451,0.8492167101827677,0.7924281984334204,0.7679829958608345,1.0,0.0003,1.0,3804.8976678848267
depth4_bal_MMMMAAAA,4,MMMMAAAA,14275,171300,0.009639315501165887,0.048104178160429,0.046945418523890635,1.0,0.9869451697127938,0.991945407763732,1.0,0.0003,1.0,3809.8067746162415
depth4_bal_MMMMAAAA,4,MMMMAAAA,14300,171600,0.008892198714117209,0.04430318747957548,0.04429255851677486,1.0,0.9921671018276762,0.9918335384271171,1.0,0.0003,1.0,3815.433997631073
depth4_bal_MMMMAAAA,4,MMMMAAAA,14325,171900,0.21004681413372359,0.25226640701293945,0.20505062341690064,0.9474543080939948,0.9255874673629243,0.9494350598500951,1.0,0.0003,1.0,3821.362276315689
depth4_bal_MMMMAAAA,4,MMMMAAAA,14350,172200,0.00835142758054038,0.04228225350379944,0.04109770373574325,1.0,0.9947780678851175,0.9928403624566506,1.0,0.0003,1.0,3828.0019719600677
depth4_bal_MMMMAAAA,4,MMMMAAAA,14375,172500,0.007700215831088523,0.03817196066180865,0.04073875126029764,1.0,0.9973890339425587,0.9927284931200357,1.0,0.0003,1.0,3835.1606879234314
depth4_bal_MMMMAAAA,4,MMMMAAAA,14400,172800,0.006363630760461092,0.037740868826707206,0.038520652587924684,1.0,0.9934725848563969,0.9929522317932654,1.0,0.0003,1.0,3839.8727328777313
depth4_bal_MMMMAAAA,4,MMMMAAAA,14425,173100,0.28864650552471477,0.3280893663565318,0.3060504836695535,0.9314621409921671,0.9033942558746736,0.9077077972927621,1.0,0.0003,1.0,3844.578424692154
depth4_bal_MMMMAAAA,4,MMMMAAAA,14450,173400,0.04477399246146282,0.13002547373374304,0.11249410467488426,0.9918407310704961,0.9621409921671018,0.9648730283029422,1.0,0.0003,1.0,3850.1414263248444
depth4_bal_MMMMAAAA,4,MMMMAAAA,14475,173700,0.009749444123978416,0.04000772163271904,0.03410588337906769,1.0,0.9934725848563969,0.9969795279113994,1.0,0.0003,1.0,3853.7622220516205
depth4_bal_MMMMAAAA,4,MMMMAAAA,14500,174000,0.008802733461682996,0.046068900575240455,0.03390059731900692,1.0,0.9908616187989556,0.9963083118917104,1.0,0.0003,1.0,3857.333003759384
depth4_bal_MMMMAAAA,4,MMMMAAAA,14525,174300,0.056538932491093874,0.0938431645433108,0.09067411220499448,0.9856396866840731,0.9830287206266318,0.9788566953797964,1.0,0.0003,1.0,3860.9266772270203
depth4_bal_MMMMAAAA,4,MMMMAAAA,14550,174600,0.008151321128631631,0.029995167007048924,0.028083428580846104,1.0,0.9973890339425587,0.997986351940933,1.0,0.0003,1.0,3864.432235479355
depth4_bal_MMMMAAAA,4,MMMMAAAA,14575,174900,0.007412544956120352,0.028461648151278496,0.026272673479148318,1.0,0.9960835509138382,0.9982100906141627,1.0,0.0003,1.0,3870.993206501007
depth4_bal_MMMMAAAA,4,MMMMAAAA,14600,175200,0.006341562839224935,0.024881608163317043,0.02540574558079243,1.0,0.9986945169712794,0.9978744826043181,1.0,0.0003,1.0,3875.8843190670013
depth4_bal_MMMMAAAA,4,MMMMAAAA,14625,175500,0.17674477957189083,0.25934112071990967,0.2590217500925064,0.9468015665796344,0.9112271540469974,0.9140843494798075,1.0,0.0003,1.0,3879.4208681583405
depth4_bal_MMMMAAAA,4,MMMMAAAA,14650,175800,0.007514850973772506,0.026800890142718952,0.02440149499369519,1.0,0.9986945169712794,0.9983219599507774,1.0,0.0003,1.0,3883.0394797325134
depth4_bal_MMMMAAAA,4,MMMMAAAA,14675,176100,0.0071242982521653175,0.024117623766263325,0.02374112302703517,1.0,1.0,0.9984338292873923,1.0,0.0003,1.0,3887.8930191993713
depth4_bal_MMMMAAAA,4,MMMMAAAA,14700,176400,0.00630287410846601,0.022283140569925308,0.023405511118471622,1.0,1.0,0.9982100906141627,1.0,0.0003,1.0,3893.995356321335
depth4_bal_MMMMAAAA,4,MMMMAAAA,14725,176700,0.0053252849805479245,0.019199503896137077,0.022153045822467122,1.0,1.0,0.997986351940933,1.0,0.0003,1.0,3899.6511359214783
depth4_bal_MMMMAAAA,4,MMMMAAAA,14750,177000,0.21473335971434912,0.21996552248795828,0.22708413643496378,0.9327676240208878,0.9268929503916449,0.9238169817652981,1.0,0.0003,1.0,3906.9285757541656
depth4_bal_MMMMAAAA,4,MMMMAAAA,14775,177300,0.004743794871804615,0.0187058433269461,0.017607867318604673,1.0,0.9986945169712794,0.9983219599507774,1.0,0.0003,1.0,3912.6640210151672
depth4_bal_MMMMAAAA,4,MMMMAAAA,14800,177600,0.006702713513125976,0.024170973027745884,0.021174093974488124,1.0,0.9973890339425587,0.9989931759704664,1.0,0.0003,1.0,3918.975366830826
depth4_bal_MMMMAAAA,4,MMMMAAAA,14825,177900,0.005955016628528635,0.02524968981742859,0.020386358137641634,1.0,0.9960835509138382,0.9989931759704664,1.0,0.0003,1.0,3925.0165231227875
depth4_bal_MMMMAAAA,4,MMMMAAAA,14850,178200,0.07787967907885711,0.13345184177160263,0.13152605827365602,0.9771540469973891,0.9608355091383812,0.9639780736100235,1.0,0.0003,1.0,3931.840673685074
depth4_bal_MMMMAAAA,4,MMMMAAAA,14875,178500,0.007677635100359718,0.022370160867770512,0.022242934336619717,1.0,1.0,0.9988813066338517,1.0,0.0003,1.0,3936.3562185764313
depth4_bal_MMMMAAAA,4,MMMMAAAA,14900,178800,0.007124590765063961,0.02079273077348868,0.020989705728633064,1.0,0.9986945169712794,0.9992169146436961,1.0,0.0003,1.0,3940.4083182811737
depth4_bal_MMMMAAAA,4,MMMMAAAA,14925,179100,0.6388648441061378,1.0515822966893513,1.087463160923549,0.8074412532637075,0.6657963446475196,0.6482828056829623,1.0,0.0003,1.0,3946.853656768799
depth4_bal_MMMMAAAA,4,MMMMAAAA,14950,179400,0.09222728696962197,0.08092856655518214,0.09244366650070462,0.9761749347258486,0.9856396866840731,0.9826602528247007,1.0,0.0003,1.0,3953.0456926822662
depth4_bal_MMMMAAAA,4,MMMMAAAA,14975,179700,0.00903658017826577,0.025853011136253674,0.02564329659300191,1.0,1.0,0.999328783980311,1.0,0.0003,1.0,3960.1520018577576
depth4_bal_MMMMAAAA,4,MMMMAAAA,15000,180000,0.008005085090796152,0.023360087846716244,0.023474201400365147,1.0,0.9986945169712794,0.9989931759704664,1.0,0.0003,1.0,3965.983206510544
depth4_bal_MMMMAAAA,4,MMMMAAAA,15025,180300,0.006927567456538479,0.0221846296141545,0.023283349935497556,1.0,0.9986945169712794,0.9987694372972368,1.0,0.0003,1.0,3972.848781108856
depth4_bal_MMMMAAAA,4,MMMMAAAA,15050,180600,0.005855483391011755,0.021232030043999355,0.021795649533825262,1.0,0.9986945169712794,0.9984338292873923,1.0,0.0003,1.0,3979.426421880722
depth4_bal_MMMMAAAA,4,MMMMAAAA,15075,180900,1.2059085418780644,1.0627886056900024,1.1152537601334709,0.6406657963446475,0.6488250652741514,0.6198679941827945,1.0,0.0003,1.0,3986.0116934776306
depth4_bal_MMMMAAAA,4,MMMMAAAA,15100,181200,0.008500872490306696,0.03228296898305416,0.03086621883724417,1.0,0.9960835509138382,0.9976507439310884,1.0,0.0003,1.0,3992.3835265636444
depth4_bal_MMMMAAAA,4,MMMMAAAA,15125,181500,0.007458778951937954,0.02461329661309719,0.027444051897951533,1.0,0.9986945169712794,0.9977626132677033,1.0,0.0003,1.0,3996.133524417877
depth4_bal_MMMMAAAA,4,MMMMAAAA,15150,181800,0.006440941127948463,0.021345290044943493,0.02411973960697651,1.0,0.9986945169712794,0.9983219599507774,1.0,0.0003,1.0,4000.1337807178497
depth4_bal_MMMMAAAA,4,MMMMAAAA,15175,182100,0.09175205168624719,0.1269215593735377,0.14023434583629882,0.9817232375979112,0.9556135770234987,0.9658798523324756,1.0,0.0003,1.0,4003.5439908504486
depth4_bal_MMMMAAAA,4,MMMMAAAA,15200,182400,0.030641022759179275,0.074144147336483,0.07981948618377958,0.9977154046997389,0.9804177545691906,0.981765298131782,1.0,0.0003,1.0,4010.0485877990723
depth4_bal_MMMMAAAA,4,MMMMAAAA,15225,182700,0.010169206885620952,0.04294594004750252,0.0476305112774883,1.0,0.9908616187989556,0.9928403624566506,1.0,0.0003,1.0,4014.6324338912964
depth4_bal_MMMMAAAA,4,MMMMAAAA,15250,183000,0.009186706699741384,0.031609813372294106,0.04139235195304666,1.0,1.0,0.9941827944960286,1.0,0.0003,1.0,4019.05006980896
depth4_bal_MMMMAAAA,4,MMMMAAAA,15275,183300,0.007461781535918514,0.02563665248453617,0.03511539005807468,1.0,1.0,0.9951896185255621,1.0,0.0003,1.0,4024.2977261543274
depth4_bal_MMMMAAAA,4,MMMMAAAA,15300,183600,0.09140484593808651,0.13056626170873642,0.13651919215917588,0.9836814621409922,0.9699738903394256,0.9644255509564829,1.0,0.0003,1.0,4027.91356921196
depth4_bal_MMMMAAAA,4,MMMMAAAA,15325,183900,0.009825447030986348,0.0488861029346784,0.04253716239971774,1.0,0.9921671018276762,0.994630271842488,1.0,0.0003,1.0,4032.9639847278595
depth4_bal_MMMMAAAA,4,MMMMAAAA,15350,184200,0.009100548496159414,0.045240625739097595,0.03671614676713943,1.0,0.9934725848563969,0.9954133571987918,1.0,0.0003,1.0,4040.2065501213074
depth4_bal_MMMMAAAA,4,MMMMAAAA,15375,184500,0.024507052653158706,0.07287429769833882,0.05760993106024606,0.9967362924281984,0.9856396866840731,0.9895961516948204,1.0,0.0003,1.0,4044.246944665909
depth4_bal_MMMMAAAA,4,MMMMAAAA,15400,184800,0.006721854171094795,0.02109895646572113,0.019909857053841865,1.0,0.9986945169712794,0.9994406533169258,1.0,0.0003,1.0,4050.785793542862
depth4_bal_MMMMAAAA,4,MMMMAAAA,15425,185100,0.006490502002028127,0.023013910899559658,0.020381935526217733,1.0,0.9986945169712794,0.9988813066338517,1.0,0.0003,1.0,4057.3009119033813
depth4_bal_MMMMAAAA,4,MMMMAAAA,15450,185400,0.00572151275506864,0.024516210580865543,0.02001339676124709,1.0,0.9947780678851175,0.9983219599507774,1.0,0.0003,1.0,4064.6645860671997
depth4_bal_MMMMAAAA,4,MMMMAAAA,15475,185700,0.004737645581675072,0.0209074051429828,0.019099770433136393,1.0,0.9960835509138382,0.9978744826043181,1.0,0.0003,1.0,4068.504138946533
depth4_bal_MMMMAAAA,4,MMMMAAAA,15500,186000,0.6133701900641123,0.7214911182721456,0.7662310515131269,0.7927545691906005,0.758485639686684,0.7418055710929634,1.0,0.0003,1.0,4073.443342924118
depth4_bal_MMMMAAAA,4,MMMMAAAA,15525,186300,0.009163501750056943,0.03758454695343971,0.03374430223235062,1.0,0.9934725848563969,0.996643919901555,1.0,0.0003,1.0,4079.228672027588
depth4_bal_MMMMAAAA,4,MMMMAAAA,15550,186600,0.007935508348358175,0.03925379862387975,0.03200760632753372,1.0,0.9908616187989556,0.9963083118917104,1.0,0.0003,1.0,4084.821506500244
depth4_bal_MMMMAAAA,4,MMMMAAAA,15575,186900,0.04846332982803384,0.08982280890146892,0.09137390788112368,0.9905352480417755,0.9738903394255874,0.979751650072715,1.0,0.0003,1.0,4091.691570043564
depth4_bal_MMMMAAAA,4,MMMMAAAA,15600,187200,0.018848594821368653,0.0382580521206061,0.034432018920779225,0.9977154046997389,0.9921671018276762,0.9955252265354066,1.0,0.0003,1.0,4097.703831195831
depth4_bal_MMMMAAAA,4,MMMMAAAA,15625,187500,0.007511167010913293,0.023169051855802536,0.022191980188446387,1.0,0.9973890339425587,0.9987694372972368,1.0,0.0003,1.0,4101.293632268906
depth4_bal_MMMMAAAA,4,MMMMAAAA,15650,187800,0.006642328226007521,0.023395608489712078,0.02300016339868307,1.0,0.9973890339425587,0.9985456986240071,1.0,0.0003,1.0,4104.845103979111
depth4_bal_MMMMAAAA,4,MMMMAAAA,15675,188100,0.005773407290689647,0.02055331381658713,0.021119470096060206,1.0,0.9986945169712794,0.9983219599507774,1.0,0.0003,1.0,4108.422502040863
depth4_bal_MMMMAAAA,4,MMMMAAAA,15700,188400,0.004803635723267992,0.019528318817416828,0.020671283906059604,1.0,0.9986945169712794,0.9977626132677033,1.0,0.0003,1.0,4114.844799757004
depth4_bal_MMMMAAAA,4,MMMMAAAA,15725,188700,0.003975165037748714,0.017805039261778195,0.01797559114971331,1.0,1.0,0.9983219599507774,1.0,0.0003,1.0,4121.454745054245
depth4_bal_MMMMAAAA,4,MMMMAAAA,15750,189000,0.24556483204166094,0.5246598025163015,0.5907768181392125,0.9259138381201044,0.8381201044386423,0.8219040161091845,1.0,0.0003,1.0,4127.733148097992
depth4_bal_MMMMAAAA,4,MMMMAAAA,15775,189300,0.012953721607724825,0.052835382521152496,0.05048370999949319,1.0,0.9934725848563969,0.9928403624566506,1.0,0.0003,1.0,4133.767865419388
depth4_bal_MMMMAAAA,4,MMMMAAAA,15800,189600,0.011484339057157436,0.061509268979231514,0.04828444357429232,1.0,0.9908616187989556,0.9921691464369616,1.0,0.0003,1.0,4139.5995881557465
depth4_bal_MMMMAAAA,4,MMMMAAAA,15825,189900,0.009694394694330791,0.061762972424427666,0.046558796667626925,1.0,0.9882506527415144,0.9923928851101913,1.0,0.0003,1.0,4143.963867664337
depth4_bal_MMMMAAAA,4,MMMMAAAA,15850,190200,0.029590944449106853,0.06397255013386409,0.06477368963616235,0.9954308093994778,0.9856396866840731,0.9859044635865309,1.0,0.0003,1.0,4149.69095659256
depth4_bal_MMMMAAAA,4,MMMMAAAA,15875,190500,0.20482257505257925,0.37672622005144757,0.31260755828448705,0.9324412532637075,0.8772845953002611,0.8907036581273073,1.0,0.0003,1.0,4156.750505685806
depth4_bal_MMMMAAAA,4,MMMMAAAA,15900,190800,0.010872376539433995,0.05953986942768097,0.04701410845986435,1.0,0.9882506527415144,0.9925047544468061,1.0,0.0003,1.0,4163.170453071594
depth4_bal_MMMMAAAA,4,MMMMAAAA,15925,191100,0.010455975541844964,0.05349604661266009,0.04620416355984552,1.0,0.9882506527415144,0.9931759704664951,1.0,0.0003,1.0,4168.018409013748
depth4_bal_MMMMAAAA,4,MMMMAAAA,15950,191400,0.008697450859472156,0.04454619934161504,0.04201007953711918,1.0,0.9908616187989556,0.9944065331692583,1.0,0.0003,1.0,4172.522011756897
depth4_bal_MMMMAAAA,4,MMMMAAAA,15975,191700,0.007225540777047475,0.04397210478782654,0.03942395847822939,1.0,0.9895561357702349,0.9936234478129544,1.0,0.0003,1.0,4176.279845714569
depth4_bal_MMMMAAAA,4,MMMMAAAA,16000,192000,0.31072783345977467,0.35099496444066364,0.341352653503418,0.9210182767624021,0.8903394255874674,0.9034567625013984,1.0,0.0003,1.0,4180.802820444107
depth4_bal_MMMMAAAA,4,MMMMAAAA,16025,192300,0.009680299398799738,0.034142828856905304,0.03504264684660094,1.0,0.9947780678851175,0.9963083118917104,1.0,0.0003,1.0,4187.4510135650635
depth4_bal_MMMMAAAA,4,MMMMAAAA,16050,192600,0.008740614090735713,0.032595111057162285,0.0314336575035538,1.0,0.9960835509138382,0.9968676585747847,1.0,0.0003,1.0,4192.13888669014
depth4_bal_MMMMAAAA,4,MMMMAAAA,16075,192900,0.007853846608971557,0.04224474107225736,0.03212140745350293,1.0,0.9934725848563969,0.9963083118917104,1.0,0.0003,1.0,4195.952894210815
depth4_bal_MMMMAAAA,4,MMMMAAAA,16100,193200,0.006255230167880654,0.032419088607033096,0.026993758391056742,1.0,0.9973890339425587,0.9976507439310884,1.0,0.0003,1.0,4202.521647691727
depth4_bal_MMMMAAAA,4,MMMMAAAA,16125,193500,0.009363134508021176,0.06784387429555257,0.05884264654346875,0.9996736292428199,0.9843342036553525,0.9869112876160644,1.0,0.0003,1.0,4208.88538646698
depth4_bal_MMMMAAAA,4,MMMMAAAA,16150,193800,0.008056959486566484,0.029690572371085484,0.02974687883896487,1.0,0.9973890339425587,0.9976507439310884,1.0,0.0003,1.0,4214.951007127762
depth4_bal_MMMMAAAA,4,MMMMAAAA,16175,194100,0.008229044537680844,0.027965688457091648,0.02853173767881734,1.0,0.9973890339425587,0.9985456986240071,1.0,0.0003,1.0,4220.024297237396
depth4_bal_MMMMAAAA,4,MMMMAAAA,16200,194400,0.007183596879864733,0.027527113755544026,0.02723466365465096,1.0,0.9960835509138382,0.9984338292873923,1.0,0.0003,1.0,4225.830857992172
depth4_bal_MMMMAAAA,4,MMMMAAAA,16225,194700,0.006107945189190407,0.027943679442008335,0.02606779709458351,1.0,0.9973890339425587,0.9978744826043181,1.0,0.0003,1.0,4231.160492897034
depth4_bal_MMMMAAAA,4,MMMMAAAA,16250,195000,0.005190689194326599,0.03369242946306864,0.025894322193094663,1.0,0.9934725848563969,0.9968676585747847,1.0,0.0003,1.0,4237.230828762054
depth4_bal_MMMMAAAA,4,MMMMAAAA,16275,195300,0.00432554492726922,0.031817588955163956,0.024574490982506955,1.0,0.9960835509138382,0.9970913972480143,1.0,0.0003,1.0,4242.862194299698
depth4_bal_MMMMAAAA,4,MMMMAAAA,16300,195600,0.45213595777750015,0.6671390136082967,0.671434714112963,0.8596605744125326,0.7689295039164491,0.7870007830853563,1.0,0.0003,1.0,4248.61643242836
depth4_bal_MMMMAAAA,4,MMMMAAAA,16325,195900,0.007183755709168811,0.02919675533970197,0.027658565608518464,1.0,0.9947780678851175,0.9970913972480143,1.0,0.0003,1.0,4255.297511339188
depth4_bal_MMMMAAAA,4,MMMMAAAA,16350,196200,0.007534854540911813,0.02726442615191142,0.027839764952659607,1.0,0.9960835509138382,0.9980982212775478,1.0,0.0003,1.0,4261.701457977295
depth4_bal_MMMMAAAA,4,MMMMAAAA,16375,196500,0.006604193282934527,0.02679306889573733,0.02616054942565305,1.0,0.9960835509138382,0.9984338292873923,1.0,0.0003,1.0,4267.817189216614
depth4_bal_MMMMAAAA,4,MMMMAAAA,16400,196800,0.005674751630673806,0.023293133204181988,0.025011767047856535,1.0,0.9960835509138382,0.9977626132677033,1.0,0.0003,1.0,4274.628066778183
depth4_bal_MMMMAAAA,4,MMMMAAAA,16425,197100,0.004881520561563472,0.026033456437289715,0.024115202389657496,1.0,0.9973890339425587,0.9965320505649401,1.0,0.0003,1.0,4282.27237033844
depth4_bal_MMMMAAAA,4,MMMMAAAA,16450,197400,0.31459182128310204,0.32267027099927265,0.306270421402795,0.9281984334203656,0.8968668407310705,0.9146436961628818,1.0,0.0003,1.0,4289.487156391144
depth4_bal_MMMMAAAA,4,MMMMAAAA,16475,197700,0.006958764085235695,0.03437816848357519,0.02672662665801389,1.0,0.9947780678851175,0.9975388745944737,1.0,0.0003,1.0,4296.254176616669
depth4_bal_MMMMAAAA,4,MMMMAAAA,16500,198000,0.007475948931338887,0.02870725467801094,0.026789883524179457,1.0,0.9986945169712794,0.9982100906141627,1.0,0.0003,1.0,4304.0961446762085
depth4_bal_MMMMAAAA,4,MMMMAAAA,16525,198300,0.006302224821411073,0.028466839343309402,0.027275648526847364,1.0,0.9986945169712794,0.9970913972480143,1.0,0.0003,1.0,4311.22527551651
depth4_bal_MMMMAAAA,4,MMMMAAAA,16550,198600,0.0054241382361700135,0.028661755844950676,0.02738718076476029,1.0,0.9973890339425587,0.9969795279113994,1.0,0.0003,1.0,4318.19598698616
depth4_bal_MMMMAAAA,4,MMMMAAAA,16575,198900,0.005072043044492602,0.032422990227739014,0.0294840666066323,1.0,0.9947780678851175,0.9958608345452511,1.0,0.0003,1.0,4324.762609004974
depth4_bal_MMMMAAAA,4,MMMMAAAA,16600,199200,0.28613514080643654,0.3535289565722148,0.3204399930579322,0.9210182767624021,0.912532637075718,0.9028974158183242,1.0,0.0003,1.0,4331.927227497101
depth4_bal_MMMMAAAA,4,MMMMAAAA,16625,199500,0.0115932816794763,0.04189718763033549,0.041504649711506705,1.0,0.9973890339425587,0.9958608345452511,1.0,0.0003,1.0,4344.604216575623
depth4_bal_MMMMAAAA,4,MMMMAAAA,16650,199800,0.011568107564623157,0.03925172984600067,0.04010343796440533,1.0,0.9986945169712794,0.9964201812283253,1.0,0.0003,1.0,4350.8413870334625
depth4_bal_MMMMAAAA,4,MMMMAAAA,16675,200100,0.009937023743987083,0.03433732129633427,0.037689986771770885,1.0,0.9986945169712794,0.9963083118917104,1.0,0.0003,1.0,4357.3910093307495
depth4_bal_MMMMAAAA,4,MMMMAAAA,16700,200400,0.00844460081619521,0.03008045256137848,0.03496010266244411,1.0,0.9986945169712794,0.9958608345452511,1.0,0.0003,1.0,4364.745585203171
depth4_bal_MMMMAAAA,4,MMMMAAAA,16725,200700,0.007127535413019359,0.029594316457708675,0.032766051909753256,1.0,0.9973890339425587,0.9958608345452511,1.0,0.0003,1.0,4372.379569768906
depth4_bal_MMMMAAAA,4,MMMMAAAA,16750,201000,0.006028670002706349,0.02440842365225156,0.029175294882484843,1.0,0.9986945169712794,0.9967557892381698,1.0,0.0003,1.0,4379.069344043732
depth4_bal_MMMMAAAA,4,MMMMAAAA,16775,201300,0.004988585637571911,0.02338271774351597,0.03032190166413784,1.0,0.9986945169712794,0.9961964425550957,1.0,0.0003,1.0,4388.297114610672
depth4_bal_MMMMAAAA,4,MMMMAAAA,16800,201600,0.008224670891650021,0.043602259208758674,0.03718572807099138,1.0,0.9921671018276762,0.9935115784763396,1.0,0.0003,1.0,4395.987268686295
depth4_bal_MMMMAAAA,4,MMMMAAAA,16825,201900,0.00841400803377231,0.03512785956263542,0.03559815287590027,1.0,0.9947780678851175,0.9950777491889473,1.0,0.0003,1.0,4408.333657979965
depth4_bal_MMMMAAAA,4,MMMMAAAA,16850,202200,0.007322740702268978,0.03330664957563082,0.033523934866700855,1.0,0.9960835509138382,0.9960845732184808,1.0,0.0003,1.0,4417.904481649399
depth4_bal_MMMMAAAA,4,MMMMAAAA,16875,202500,0.006169466573434572,0.03233951640625795,0.031319423339196614,1.0,0.9960835509138382,0.9954133571987918,1.0,0.0003,1.0,4424.4153072834015
depth4_bal_MMMMAAAA,4,MMMMAAAA,16900,202800,0.005121355953936775,0.03269133778909842,0.03037377239337989,1.0,0.9947780678851175,0.994630271842488,1.0,0.0003,1.0,4431.177795171738
depth4_bal_MMMMAAAA,4,MMMMAAAA,16925,203100,0.40875481565793353,0.556211253007253,0.515216417823519,0.881201044386423,0.814621409921671,0.8185479360107395,1.0,0.0003,1.0,4437.001660346985
depth4_bal_MMMMAAAA,4,MMMMAAAA,16950,203400,0.4535004496574402,0.4565168420473735,0.4696011253765651,0.8433420365535248,0.8315926892950392,0.8421523660364694,1.0,0.0003,1.0,4443.697700023651
depth4_bal_MMMMAAAA,4,MMMMAAAA,16975,203700,0.01390181016176939,0.055329869190851845,0.05023746618202755,1.0,0.9934725848563969,0.9940709251594138,1.0,0.0003,1.0,4450.017453670502
depth4_bal_MMMMAAAA,4,MMMMAAAA,17000,204000,0.012027705165868005,0.05147350331147512,0.047120703331061775,1.0,0.9921671018276762,0.9944065331692583,1.0,0.0003,1.0,4456.754529476166
depth4_bal_MMMMAAAA,4,MMMMAAAA,17025,204300,0.00984196551144123,0.04582249869902929,0.04477872710142817,1.0,0.9921671018276762,0.9942946638326434,1.0,0.0003,1.0,4468.5350840091705
depth4_bal_MMMMAAAA,4,MMMMAAAA,17050,204600,0.00855495633246998,0.04223280151685079,0.04389431412730898,1.0,0.9934725848563969,0.9940709251594138,1.0,0.0003,1.0,4474.87122797966
depth4_bal_MMMMAAAA,4,MMMMAAAA,17075,204900,0.5122451856732368,0.4683065215746562,0.43214247993060523,0.8260443864229765,0.8446475195822454,0.8677704441212664,1.0,0.0003,1.0,4482.274577856064
depth4_bal_MMMMAAAA,4,MMMMAAAA,17100,205200,0.007273709052242339,0.030501743778586388,0.026809012730206763,1.0,0.9986945169712794,0.9974270052578588,1.0,0.0003,1.0,4490.0373249053955
depth4_bal_MMMMAAAA,4,MMMMAAAA,17125,205500,0.006776490986036758,0.026582670708497364,0.026165069746119634,1.0,0.9973890339425587,0.9976507439310884,1.0,0.0003,1.0,4496.695130825043
depth4_bal_MMMMAAAA,4,MMMMAAAA,17150,205800,0.06747690091530482,0.13010173042615256,0.1217963131410735,0.9885770234986945,0.9660574412532638,0.9659917216690905,1.0,0.0003,1.0,4502.939732551575
depth4_bal_MMMMAAAA,4,MMMMAAAA,17175,206100,0.03552725709353884,0.07075489933292071,0.07546510930572237,0.9934725848563969,0.9830287206266318,0.9794160420628706,1.0,0.0003,1.0,4509.33588385582
depth4_bal_MMMMAAAA,4,MMMMAAAA,17200,206400,0.010159202463304004,0.040089684228102364,0.04269700268549578,1.0,0.9960835509138382,0.9929522317932654,1.0,0.0003,1.0,4516.223219156265
depth4_bal_MMMMAAAA,4,MMMMAAAA,17225,206700,0.008975715492852032,0.038163101921478905,0.04099868349730969,1.0,0.9947780678851175,0.9929522317932654,1.0,0.0003,1.0,4527.0543303489685
depth4_bal_MMMMAAAA,4,MMMMAAAA,17250,207000,0.0076837061981981,0.0385487861931324,0.04061227988983904,1.0,0.9960835509138382,0.9929522317932654,1.0,0.0003,1.0,4533.46164727211
depth4_bal_MMMMAAAA,4,MMMMAAAA,17275,207300,0.006443076805832486,0.03582862702508768,0.037935876580221316,1.0,0.9960835509138382,0.9927284931200357,1.0,0.0003,1.0,4540.483347892761
depth4_bal_MMMMAAAA,4,MMMMAAAA,17300,207600,0.005435737664811313,0.03354590137799581,0.036343890162450924,1.0,0.9960835509138382,0.9931759704664951,1.0,0.0003,1.0,4547.188303470612
depth4_bal_MMMMAAAA,4,MMMMAAAA,17325,207900,0.2754923552274704,0.38176695505777997,0.36009886690548487,0.9112271540469974,0.860313315926893,0.8748182123280009,1.0,0.0003,1.0,4553.814063549042
depth4_bal_MMMMAAAA,4,MMMMAAAA,17350,208200,0.00827818577333043,0.04770884911219279,0.03292574520621981,1.0,0.9895561357702349,0.9967557892381698,1.0,0.0003,1.0,4561.214010000229
depth4_bal_MMMMAAAA,4,MMMMAAAA,17375,208500,0.008225605163412789,0.04679583261410395,0.033430508098431996,1.0,0.9895561357702349,0.9965320505649401,1.0,0.0003,1.0,4567.54247879982
depth4_bal_MMMMAAAA,4,MMMMAAAA,17400,208800,0.007232933344009022,0.04179936647415161,0.03314294815063477,1.0,0.9921671018276762,0.9955252265354066,1.0,0.0003,1.0,4574.125811576843
depth4_bal_MMMMAAAA,4,MMMMAAAA,17425,209100,0.007593909782978396,0.03910026761392752,0.03254327082208225,0.9996736292428199,0.9921671018276762,0.9949658798523324,1.0,0.0003,1.0,4585.21510219574
depth4_bal_MMMMAAAA,4,MMMMAAAA,17450,209400,0.029519983877738316,0.058416089663902916,0.07819523215293885,0.9964099216710183,0.9817232375979112,0.9786329567065667,1.0,0.0003,1.0,4596.857795238495
depth4_bal_MMMMAAAA,4,MMMMAAAA,17475,209700,0.08005926664918661,0.14573081334431967,0.13866363763809203,0.97911227154047,0.9503916449086162,0.9633068575903345,1.0,0.0003,1.0,4602.781939506531
depth4_bal_MMMMAAAA,4,MMMMAAAA,17500,210000,0.015315314444402853,0.06548139949639638,0.05493777059018612,1.0,0.9856396866840731,0.9902673677145094,1.0,0.0003,1.0,4609.7147760391235
depth4_bal_MMMMAAAA,4,MMMMAAAA,17525,210300,0.013674177539845308,0.05684633180499077,0.050577757613999505,1.0,0.9934725848563969,0.9937353171495693,1.0,0.0003,1.0,4616.112683773041
depth4_bal_MMMMAAAA,4,MMMMAAAA,17550,210600,0.013595014189680418,0.059877660125494,0.048805878790361544,0.9996736292428199,0.9869451697127938,0.9931759704664951,1.0,0.0003,1.0,4622.354191064835
depth4_bal_MMMMAAAA,4,MMMMAAAA,17575,210900,0.010123170058553418,0.04640155533949534,0.04231098246361528,1.0,0.9947780678851175,0.9940709251594138,1.0,0.0003,1.0,4628.895353078842
depth4_bal_MMMMAAAA,4,MMMMAAAA,17600,211200,0.052727373937765755,0.08323489129543304,0.09162757141249521,0.9889033942558747,0.9725848563968669,0.9746056605884327,1.0,0.0003,1.0,4635.284432888031
depth4_bal_MMMMAAAA,4,MMMMAAAA,17625,211500,0.008279732040440043,0.03328131387631098,0.03010656673993383,1.0,0.9973890339425587,0.9970913972480143,1.0,0.0003,1.0,4642.397373914719
depth4_bal_MMMMAAAA,4,MMMMAAAA,17650,211800,0.00770133116748184,0.032686216135819755,0.028693908559424535,1.0,0.9960835509138382,0.9972032665846291,1.0,0.0003,1.0,4648.476697444916
depth4_bal_MMMMAAAA,4,MMMMAAAA,17675,212100,0.006611921746904652,0.028390556573867798,0.027724050943340572,1.0,0.9973890339425587,0.9967557892381698,1.0,0.0003,1.0,4654.6163783073425
depth4_bal_MMMMAAAA,4,MMMMAAAA,17700,212400,0.01294267278475066,0.045555569852391876,0.0432665755706174,0.9993472584856397,0.9882506527415144,0.991274191744043,1.0,0.0003,1.0,4660.970946788788
depth4_bal_MMMMAAAA,4,MMMMAAAA,17725,212700,0.32071002945303917,1.2824241320292156,1.2522651536124094,0.918733681462141,0.7088772845953003,0.7176417943841593,1.0,0.0003,1.0,4668.061820745468
depth4_bal_MMMMAAAA,4,MMMMAAAA,17750,213000,0.010626731828475991,0.03659999246398608,0.037727425353867666,1.0,0.9960835509138382,0.9963083118917104,1.0,0.0003,1.0,4687.139536142349
depth4_bal_MMMMAAAA,4,MMMMAAAA,17775,213300,0.01071651636933287,0.03673730231821537,0.0367560907133988,1.0,0.9960835509138382,0.996643919901555,1.0,0.0003,1.0,4693.240133047104
depth4_bal_MMMMAAAA,4,MMMMAAAA,17800,213600,0.009239538184677562,0.03630876541137695,0.03366873844393662,1.0,0.9947780678851175,0.9965320505649401,1.0,0.0003,1.0,4698.579155921936
depth4_bal_MMMMAAAA,4,MMMMAAAA,17825,213900,0.007919349824078381,0.03835998227198919,0.03205189220607281,1.0,0.9947780678851175,0.9963083118917104,1.0,0.0003,1.0,4704.731038570404
depth4_bal_MMMMAAAA,4,MMMMAAAA,17850,214200,0.006765782561463614,0.03547962258259455,0.030171895240034375,1.0,0.9947780678851175,0.995972703881866,1.0,0.0003,1.0,4711.155980587006
depth4_bal_MMMMAAAA,4,MMMMAAAA,17875,214500,0.005819422115261356,0.03102736050883929,0.02943050206771919,1.0,0.9960835509138382,0.9951896185255621,1.0,0.0003,1.0,4717.235104084015
depth4_bal_MMMMAAAA,4,MMMMAAAA,17900,214800,0.006570959774156411,0.025383684163292248,0.025459461472928525,1.0,0.9973890339425587,0.997986351940933,1.0,0.0003,1.0,4723.721931219101
depth4_bal_MMMMAAAA,4,MMMMAAAA,17925,215100,0.006425375118851662,0.022920679301023483,0.024051514959761076,1.0,0.9973890339425587,0.9984338292873923,1.0,0.0003,1.0,4731.405824422836
depth4_bal_MMMMAAAA,4,MMMMAAAA,17950,215400,0.005684864125214517,0.021099332720041275,0.023186207296592848,1.0,0.9973890339425587,0.9982100906141627,1.0,0.0003,1.0,4739.5029311180115
depth4_bal_MMMMAAAA,4,MMMMAAAA,17975,215700,0.004625675695327421,0.02009524932752053,0.020854756821479116,1.0,0.9973890339425587,0.9984338292873923,1.0,0.0003,1.0,4745.619533061981
depth4_bal_MMMMAAAA,4,MMMMAAAA,18000,216000,0.1426911223679781,0.23508521914482117,0.21549135020801,0.964425587467363,0.9308093994778068,0.9308647499720326,1.0,0.0003,1.0,4753.042498350143
depth4_bal_MMMMAAAA,4,MMMMAAAA,18025,216300,0.011090632916117707,0.032920739303032555,0.034269075148871966,1.0,0.9973890339425587,0.9968676585747847,1.0,0.0003,1.0,4766.734470844269
depth4_bal_MMMMAAAA,4,MMMMAAAA,18050,216600,0.011150883588319024,0.04918366422255834,0.03605592208249228,1.0,0.9947780678851175,0.9957489652086363,1.0,0.0003,1.0,4774.122194290161
depth4_bal_MMMMAAAA,4,MMMMAAAA,18075,216900,0.009598641656339169,0.04222117985288302,0.033665392388190545,1.0,0.9947780678851175,0.9961964425550957,1.0,0.0003,1.0,4780.698365926743
depth4_bal_MMMMAAAA,4,MMMMAAAA,18100,217200,0.01433968124911189,0.04720568284392357,0.042091465422085354,0.9980417754569191,0.9934725848563969,0.9951896185255621,1.0,0.0003,1.0,4787.1993725299835
depth4_bal_MMMMAAAA,4,MMMMAAAA,18125,217500,0.007991003765103718,0.027905152489741642,0.024704301676579884,1.0,0.9973890339425587,0.9985456986240071,1.0,0.0003,1.0,4793.036904573441
depth4_bal_MMMMAAAA,4,MMMMAAAA,18150,217800,0.007129740474435191,0.025867145818968613,0.023776780228529658,1.0,0.9973890339425587,0.9985456986240071,1.0,0.0003,1.0,4800.686117172241
depth4_bal_MMMMAAAA,4,MMMMAAAA,18175,218100,0.006224222752886514,0.021511816730101902,0.021627668557422503,1.0,0.9986945169712794,0.9982100906141627,1.0,0.0003,1.0,4808.645757675171
depth4_bal_MMMMAAAA,4,MMMMAAAA,18200,218400,0.0073849740050112205,0.025425533764064312,0.02489669881761074,1.0,0.9960835509138382,0.9976507439310884,1.0,0.0003,1.0,4814.683029651642
depth4_bal_MMMMAAAA,4,MMMMAAAA,18225,218700,0.006170078180730343,0.025666695088148117,0.022691471448966435,1.0,0.9973890339425587,0.9976507439310884,1.0,0.0003,1.0,4821.056432247162
depth4_bal_MMMMAAAA,4,MMMMAAAA,18250,219000,0.006815516545126836,0.023334930340449016,0.021614447927900723,1.0,0.9973890339425587,0.9988813066338517,1.0,0.0003,1.0,4828.461552619934
depth4_bal_MMMMAAAA,4,MMMMAAAA,18275,219300,0.0060206065730502205,0.021564317867159843,0.02092342044093779,1.0,0.9986945169712794,0.998657567960622,1.0,0.0003,1.0,4835.242929697037
depth4_bal_MMMMAAAA,4,MMMMAAAA,18300,219600,0.05671332233274976,0.40056198835372925,0.48255829470498224,0.9872715404699739,0.9046997389033943,0.8798523324756684,1.0,0.0003,1.0,4841.394815683365
depth4_bal_MMMMAAAA,4,MMMMAAAA,18325,219900,0.03093477478250861,0.08199601868788402,0.07920890514339719,0.9986945169712794,0.9765013054830287,0.9816534287951673,1.0,0.0003,1.0,4848.424294233322
depth4_bal_MMMMAAAA,4,MMMMAAAA,18350,220200,0.010071118672688803,0.04010431282222271,0.036220078808920725,1.0,0.9960835509138382,0.9968676585747847,1.0,0.0003,1.0,4860.440293073654
depth4_bal_MMMMAAAA,4,MMMMAAAA,18375,220500,0.008834030712023377,0.03716310113668442,0.03233308286539146,1.0,0.9960835509138382,0.9968676585747847,1.0,0.0003,1.0,4866.758441925049
depth4_bal_MMMMAAAA,4,MMMMAAAA,18400,220800,0.007527285371907055,0.03382771213849386,0.029918370874864715,1.0,0.9960835509138382,0.9970913972480143,1.0,0.0003,1.0,4873.90042591095
depth4_bal_MMMMAAAA,4,MMMMAAAA,18425,221100,0.00630468890691797,0.02482623979449272,0.027151215236101832,1.0,0.9986945169712794,0.997315135921244,1.0,0.0003,1.0,4880.035018444061
depth4_bal_MMMMAAAA,4,MMMMAAAA,18450,221400,0.005327074788510799,0.024843037128448486,0.02533735153930528,1.0,0.9973890339425587,0.997315135921244,1.0,0.0003,1.0,4887.17954492569
depth4_bal_MMMMAAAA,4,MMMMAAAA,18475,221700,0.004367767134681344,0.02175314414004485,0.02310877027256148,1.0,0.9973890339425587,0.9976507439310884,1.0,0.0003,1.0,4894.442101716995
depth4_bal_MMMMAAAA,4,MMMMAAAA,18500,222000,0.6825939317544302,0.7004634936650594,0.7158033047403608,0.7969973890339426,0.7650130548302873,0.74751090726032,1.0,0.0003,1.0,4910.274662256241
depth4_bal_MMMMAAAA,4,MMMMAAAA,18525,222300,0.012399183042968312,0.0489692489306132,0.047902339750102586,0.9996736292428199,0.9908616187989556,0.9921691464369616,1.0,0.0003,1.0,4917.196216106415
depth4_bal_MMMMAAAA,4,MMMMAAAA,18550,222600,0.010679988656193018,0.034409988671541214,0.03884983706687178,1.0,0.9960835509138382,0.9963083118917104,1.0,0.0003,1.0,4923.833253860474
depth4_bal_MMMMAAAA,4,MMMMAAAA,18575,222900,0.00934050208888948,0.03551678607861201,0.03978496571736676,1.0,0.9947780678851175,0.9950777491889473,1.0,0.0003,1.0,4930.8891389369965
depth4_bal_MMMMAAAA,4,MMMMAAAA,18600,223200,0.008324600562142829,0.03657544714709123,0.04082435630261898,1.0,0.9947780678851175,0.9947421411791028,1.0,0.0003,1.0,4942.269176244736
depth4_bal_MMMMAAAA,4,MMMMAAAA,18625,223500,0.07683190827568372,0.15598129977782568,0.15870784499815532,0.9823759791122716,0.9464751958224543,0.9489875825036358,1.0,0.0003,1.0,4947.901621341705
depth4_bal_MMMMAAAA,4,MMMMAAAA,18650,223800,0.007567310007289052,0.03201970706383387,0.028300531208515167,1.0,0.9960835509138382,0.9970913972480143,1.0,0.0003,1.0,4953.735905170441
depth4_bal_MMMMAAAA,4,MMMMAAAA,18675,224100,0.008180801485044261,0.025064628571271896,0.028353756719401903,1.0,1.0,0.9978744826043181,1.0,0.0003,1.0,4960.093490362167
depth4_bal_MMMMAAAA,4,MMMMAAAA,18700,224400,0.007114900392480195,0.023695783068736393,0.02696872731404645,1.0,1.0,0.9975388745944737,1.0,0.0003,1.0,4966.627883195877
depth4_bal_MMMMAAAA,4,MMMMAAAA,18725,224700,0.006065719256487985,0.0208955022195975,0.024845229940755026,1.0,0.9986945169712794,0.9976507439310884,1.0,0.0003,1.0,4973.8708152771
depth4_bal_MMMMAAAA,4,MMMMAAAA,18750,225000,0.0050098626331115765,0.02561856247484684,0.02369233470942293,1.0,0.9986945169712794,0.997315135921244,1.0,0.0003,1.0,4981.329253911972
depth4_bal_MMMMAAAA,4,MMMMAAAA,18775,225300,1.8536868347631146,3.4455198446909585,3.5890489305768694,0.7389033942558747,0.3237597911227154,0.32218368945072157,1.0,0.0003,1.0,4987.869646549225
depth4_bal_MMMMAAAA,4,MMMMAAAA,18800,225600,0.01162525755353272,0.04056828220685323,0.044361644451107296,1.0,0.9960835509138382,0.9940709251594138,1.0,0.0003,1.0,4996.101105213165
depth4_bal_MMMMAAAA,4,MMMMAAAA,18825,225900,0.010529864268998304,0.040982852379480995,0.040171835092561586,1.0,0.9960835509138382,0.9956370958720214,1.0,0.0003,1.0,5004.458057403564
depth4_bal_MMMMAAAA,4,MMMMAAAA,18850,226200,0.03684327829008301,0.07215831180413564,0.07852481156587601,0.9928198433420365,0.9856396866840731,0.9807584741022486,1.0,0.0003,1.0,5012.202181339264
depth4_bal_MMMMAAAA,4,MMMMAAAA,18875,226500,0.007577379156524937,0.027255627016226452,0.029008420450346812,1.0,0.9973890339425587,0.9965320505649401,1.0,0.0003,1.0,5019.383331298828
depth4_bal_MMMMAAAA,4,MMMMAAAA,18900,226800,0.008800668874755502,0.0266348235309124,0.029796797356435232,1.0,1.0,0.9974270052578588,1.0,0.0003,1.0,5043.533458471298
depth4_bal_MMMMAAAA,4,MMMMAAAA,18925,227100,0.00761705671902746,0.025361307586232822,0.03011720361454146,1.0,0.9986945169712794,0.9961964425550957,1.0,0.0003,1.0,5054.292053937912
depth4_bal_MMMMAAAA,4,MMMMAAAA,18950,227400,0.00654403194009016,0.02339072587589423,0.02777264251240662,1.0,0.9986945169712794,0.9964201812283253,1.0,0.0003,1.0,5076.71599316597
depth4_bal_MMMMAAAA,4,MMMMAAAA,18975,227700,0.005568024663565059,0.021271677998205025,0.026026519175086704,1.0,0.9986945169712794,0.9967557892381698,1.0,0.0003,1.0,5089.381254196167
depth4_bal_MMMMAAAA,4,MMMMAAAA,19000,228000,0.15376806445419788,0.18339418868223825,0.2129681599991662,0.9654046997389034,0.9503916449086162,0.9376887795055375,1.0,0.0003,1.0,5108.179521560669
depth4_bal_MMMMAAAA,4,MMMMAAAA,19025,228300,0.0082501374805967,0.03035117747883002,0.029880331456661226,1.0,0.9973890339425587,0.997315135921244,1.0,0.0003,1.0,5132.633527040482
depth4_bal_MMMMAAAA,4,MMMMAAAA,19050,228600,0.007672572081598143,0.026089842120806377,0.030045273607330662,1.0,1.0,0.9968676585747847,1.0,0.0003,1.0,5147.511444568634
depth4_bal_MMMMAAAA,4,MMMMAAAA,19075,228900,0.006607793155126274,0.02289220007757346,0.028278522699006967,1.0,0.9986945169712794,0.9957489652086363,1.0,0.0003,1.0,5154.080752849579
depth4_bal_MMMMAAAA,4,MMMMAAAA,19100,229200,0.00562472571618855,0.023547167889773846,0.02804859112948179,1.0,0.9973890339425587,0.9955252265354066,1.0,0.0003,1.0,5168.2453582286835
depth4_bal_MMMMAAAA,4,MMMMAAAA,19125,229500,0.07329947563509147,0.11808557311693828,0.11768876335450582,0.987597911227154,0.9660574412532638,0.9711377111533729,1.0,0.0003,1.0,5176.729211091995
depth4_bal_MMMMAAAA,4,MMMMAAAA,19150,229800,0.007844068653260669,0.03384931571781635,0.03244705641908305,1.0,0.9960835509138382,0.9967557892381698,1.0,0.0003,1.0,5184.152468681335
depth4_bal_MMMMAAAA,4,MMMMAAAA,19175,230100,0.007046846711697678,0.02840505416194598,0.029586032032966614,1.0,0.9986945169712794,0.997315135921244,1.0,0.0003,1.0,5190.600502729416
depth4_bal_MMMMAAAA,4,MMMMAAAA,19200,230400,0.006102622292625408,0.026586036508282024,0.028505339420267513,1.0,0.9973890339425587,0.9960845732184808,1.0,0.0003,1.0,5199.775264501572
depth4_bal_MMMMAAAA,4,MMMMAAAA,19225,230700,0.005079702629397313,0.01995544694364071,0.02534522523305246,1.0,1.0,0.9965320505649401,1.0,0.0003,1.0,5212.276438951492
depth4_bal_MMMMAAAA,4,MMMMAAAA,19250,231000,0.00430826823382328,0.017239051560560863,0.023333873386893952,1.0,1.0,0.9965320505649401,1.0,0.0003,1.0,5218.527488708496
depth4_bal_MMMMAAAA,4,MMMMAAAA,19275,231300,0.0045228985060627265,0.018717759599288303,0.02214639008577381,0.9996736292428199,0.9973890339425587,0.9967557892381698,1.0,0.0003,1.0,5225.378212928772
depth4_bal_MMMMAAAA,4,MMMMAAAA,19300,231600,0.4149790977438291,0.43523720900217694,0.4000477475779397,0.8606396866840731,0.8537859007832899,0.8710146548830966,1.0,0.0003,1.0,5231.388924360275
depth4_bal_MMMMAAAA,4,MMMMAAAA,19325,231900,0.012521741989379128,0.0523843988776207,0.04462940575821059,1.0,0.9934725848563969,0.994630271842488,1.0,0.0003,1.0,5237.917090892792
depth4_bal_MMMMAAAA,4,MMMMAAAA,19350,232200,0.011041236575692892,0.05027532701690992,0.04203491157719067,1.0,0.9934725848563969,0.9954133571987918,1.0,0.0003,1.0,5244.573909282684
depth4_bal_MMMMAAAA,4,MMMMAAAA,19375,232500,0.009676809577892223,0.0489216111600399,0.0390387553189482,1.0,0.9934725848563969,0.9958608345452511,1.0,0.0003,1.0,5251.617500066757
depth4_bal_MMMMAAAA,4,MMMMAAAA,19400,232800,0.007982708474931618,0.04293010073403517,0.036167569564921516,1.0,0.9947780678851175,0.9961964425550957,1.0,0.0003,1.0,5258.551659107208
depth4_bal_MMMMAAAA,4,MMMMAAAA,19425,233100,0.006692607110987107,0.03908260352909565,0.03415944570941584,1.0,0.9973890339425587,0.9956370958720214,1.0,0.0003,1.0,5265.862877130508
depth4_bal_MMMMAAAA,4,MMMMAAAA,19450,233400,0.005601337684007983,0.03974026317397753,0.03214205162865775,1.0,0.9973890339425587,0.995972703881866,1.0,0.0003,1.0,5272.0261306762695
depth4_bal_MMMMAAAA,4,MMMMAAAA,19475,233700,0.36139871180057526,0.3628324270248413,0.399962397984096,0.8789164490861618,0.8681462140992167,0.866651750755118,1.0,0.0003,1.0,5278.31902217865
depth4_bal_MMMMAAAA,4,MMMMAAAA,19500,234000,0.010625371787076196,0.03616951281825701,0.032875690768871986,0.9996736292428199,0.9960835509138382,0.9961964425550957,1.0,0.0003,1.0,5285.350690841675
depth4_bal_MMMMAAAA,4,MMMMAAAA,19525,234300,0.009014794137328863,0.033023896937568985,0.028886838310531206,1.0,0.9960835509138382,0.9978744826043181,1.0,0.0003,1.0,5293.365644693375
depth4_bal_MMMMAAAA,4,MMMMAAAA,19550,234600,0.00788133377985408,0.03168339468538761,0.02932645423071725,1.0,0.9973890339425587,0.9970913972480143,1.0,0.0003,1.0,5299.253556251526
depth4_bal_MMMMAAAA,4,MMMMAAAA,19575,234900,0.006752590842855473,0.029324214284618694,0.029033147650105614,1.0,0.9973890339425587,0.9970913972480143,1.0,0.0003,1.0,5305.422306776047
depth4_bal_MMMMAAAA,4,MMMMAAAA,19600,235200,0.005796191515401006,0.027401306355992954,0.027913919197661535,1.0,0.9986945169712794,0.9969795279113994,1.0,0.0003,1.0,5311.848927974701
depth4_bal_MMMMAAAA,4,MMMMAAAA,19625,235500,0.004785227860944967,0.026641673718889553,0.02819556852004358,1.0,0.9986945169712794,0.9957489652086363,1.0,0.0003,1.0,5318.805627584457
depth4_bal_MMMMAAAA,4,MMMMAAAA,19650,235800,0.46529411276181537,0.5353608032067617,0.5349273443222046,0.8577023498694517,0.8289817232375979,0.8139612932095313,1.0,0.0003,1.0,5324.966378927231
depth4_bal_MMMMAAAA,4,MMMMAAAA,19675,236100,0.05415479838848114,0.07575238744417827,0.09762038631098612,0.9882506527415144,0.97911227154047,0.975053137934892,1.0,0.0003,1.0,5331.897772550583
depth4_bal_MMMMAAAA,4,MMMMAAAA,19700,236400,0.00929328752681613,0.032164402306079865,0.03381061607173511,1.0,0.9973890339425587,0.9965320505649401,1.0,0.0003,1.0,5338.227056026459
depth4_bal_MMMMAAAA,4,MMMMAAAA,19725,236700,0.008336041665946444,0.03086285355190436,0.03311511602784906,1.0,0.9960835509138382,0.9961964425550957,1.0,0.0003,1.0,5344.449098348618
depth4_bal_MMMMAAAA,4,MMMMAAAA,19750,237000,0.00718187113913397,0.031357054288188614,0.03216731362044811,1.0,0.9973890339425587,0.9958608345452511,1.0,0.0003,1.0,5355.729659318924
depth4_bal_MMMMAAAA,4,MMMMAAAA,19775,237300,0.006133561682266493,0.03181783730785052,0.031604186924440524,1.0,0.9960835509138382,0.9950777491889473,1.0,0.0003,1.0,5362.745394706726
depth4_bal_MMMMAAAA,4,MMMMAAAA,19800,237600,0.005226161524963875,0.029904354363679886,0.029837327929479737,1.0,0.9973890339425587,0.9955252265354066,1.0,0.0003,1.0,5368.345744371414
depth4_bal_MMMMAAAA,4,MMMMAAAA,19825,237900,0.5870923399925232,0.5490717987219492,0.5494353072983879,0.7914490861618799,0.8120104438642297,0.8090390423984786,1.0,0.0003,1.0,5374.485665559769
depth4_bal_MMMMAAAA,4,MMMMAAAA,19850,238200,0.046258652893205486,0.10741646339495976,0.09485095760651997,0.9947780678851175,0.9686684073107049,0.9756124846179662,1.0,0.0003,1.0,5381.342756986618
depth4_bal_MMMMAAAA,4,MMMMAAAA,19875,238500,0.009564348186055819,0.03398953005671501,0.03641802732433592,1.0,0.9973890339425587,0.9955252265354066,1.0,0.0003,1.0,5387.5565819740295
depth4_bal_MMMMAAAA,4,MMMMAAAA,19900,238800,0.009277362686892351,0.03271896702547868,0.03641967714897224,1.0,0.9973890339425587,0.9956370958720214,1.0,0.0003,1.0,5393.008172512054
depth4_bal_MMMMAAAA,4,MMMMAAAA,19925,239100,0.0071083598692590995,0.02860489549736182,0.030618167029959814,1.0,0.9947780678851175,0.9961964425550957,1.0,0.0003,1.0,5398.989805221558
depth4_bal_MMMMAAAA,4,MMMMAAAA,19950,239400,0.006043345977862676,0.025744816288352013,0.028822884602206094,1.0,0.9973890339425587,0.9963083118917104,1.0,0.0003,1.0,5405.552522182465
depth4_bal_MMMMAAAA,4,MMMMAAAA,19975,239700,0.005016658532743652,0.023545702298482258,0.027882692377482143,1.0,0.9986945169712794,0.9958608345452511,1.0,0.0003,1.0,5411.371704816818
depth4_bal_MMMMAAAA,4,MMMMAAAA,20000,240000,0.0043409973732195795,0.02133874719341596,0.025829287990927697,1.0,0.9973890339425587,0.995972703881866,1.0,0.0003,1.0,5417.646818399429
depth4_bal_MMMMAAAA,4,MMMMAAAA,20025,240300,0.07180622685700655,0.1188510333498319,0.13693494903189796,0.983355091383812,0.9608355091383812,0.9558116120371406,1.0,0.0003,1.0,5430.970023155212
depth4_bal_MMMMAAAA,4,MMMMAAAA,20050,240600,0.008505116760109862,0.030600765099128086,0.030423581653407642,1.0,0.9986945169712794,0.9980982212775478,1.0,0.0003,1.0,5445.435859203339
depth4_bal_MMMMAAAA,4,MMMMAAAA,20075,240900,0.007759494086106618,0.02723589539527893,0.029421605968049595,1.0,1.0,0.9980982212775478,1.0,0.0003,1.0,5451.725610256195
depth4_bal_MMMMAAAA,4,MMMMAAAA,20100,241200,0.006789447933745881,0.025361803670724232,0.02899439361478601,1.0,1.0,0.9974270052578588,1.0,0.0003,1.0,5457.864234209061
depth4_bal_MMMMAAAA,4,MMMMAAAA,20125,241500,0.0057263172542055445,0.02354697386423747,0.029192990117839403,1.0,1.0,0.9961964425550957,1.0,0.0003,1.0,5464.5231029987335
depth4_bal_MMMMAAAA,4,MMMMAAAA,20150,241800,0.005311593413352966,0.02495831934114297,0.029929379959191593,1.0,0.9973890339425587,0.9960845732184808,1.0,0.0003,1.0,5471.4614543914795
depth4_bal_MMMMAAAA,4,MMMMAAAA,20175,242100,0.14317269437015057,0.31823796033859253,0.24888069885117667,0.9556135770234987,0.8877284595300261,0.9084908826490659,1.0,0.0003,1.0,5477.280554056168
depth4_bal_MMMMAAAA,4,MMMMAAAA,20200,242400,0.009366306476294994,0.03351633188625177,0.033464217452066285,1.0,0.9973890339425587,0.9957489652086363,1.0,0.0003,1.0,5483.558890342712
depth4_bal_MMMMAAAA,4,MMMMAAAA,20225,242700,0.008748667392258843,0.030940937499205273,0.03224535525909492,1.0,0.9986945169712794,0.9961964425550957,1.0,0.0003,1.0,5493.925055027008
depth4_bal_MMMMAAAA,4,MMMMAAAA,20250,243000,0.007423842830273013,0.029255110770463943,0.029886544389384134,1.0,0.9973890339425587,0.9972032665846291,1.0,0.0003,1.0,5500.386923074722
depth4_bal_MMMMAAAA,4,MMMMAAAA,20275,243300,0.006474565908623238,0.027071415757139523,0.029091424654637064,1.0,0.9973890339425587,0.9964201812283253,1.0,0.0003,1.0,5506.378822565079
depth4_bal_MMMMAAAA,4,MMMMAAAA,20300,243600,0.26057960093021393,0.24663346509138742,0.24180801553385597,0.9392950391644909,0.922976501305483,0.9305291419621882,1.0,0.0003,1.0,5512.35292673111
depth4_bal_MMMMAAAA,4,MMMMAAAA,20325,243900,0.28569546714425087,0.4045319656531016,0.42330738731792994,0.9135117493472585,0.8616187989556136,0.8495357422530484,1.0,0.0003,1.0,5518.539639234543
depth4_bal_MMMMAAAA,4,MMMMAAAA,20350,244200,0.011896510996545354,0.04826888317863146,0.04384963139891625,1.0,0.9921671018276762,0.9947421411791028,1.0,0.0003,1.0,5524.5935480594635
depth4_bal_MMMMAAAA,4,MMMMAAAA,20375,244500,0.011073692391316095,0.04261411974827448,0.04056337124535016,1.0,0.9934725848563969,0.9961964425550957,1.0,0.0003,1.0,5530.830824136734
depth4_bal_MMMMAAAA,4,MMMMAAAA,20400,244800,0.009691565297544003,0.03779831652839979,0.03865722604095936,1.0,0.9947780678851175,0.9965320505649401,1.0,0.0003,1.0,5538.126944303513
depth4_bal_MMMMAAAA,4,MMMMAAAA,20425,245100,0.008173269918188453,0.03302012694378694,0.03443389300789152,1.0,0.9973890339425587,0.9974270052578588,1.0,0.0003,1.0,5553.019016742706
depth4_bal_MMMMAAAA,4,MMMMAAAA,20450,245400,0.008060168785353502,0.035224393010139465,0.04102533613996846,1.0,0.9986945169712794,0.9940709251594138,1.0,0.0003,1.0,5559.378314256668
depth4_bal_MMMMAAAA,4,MMMMAAAA,20475,245700,0.34532544761896133,0.5231875578562418,0.6053750557558877,0.8864229765013055,0.8224543080939948,0.7978521087369952,1.0,0.0003,1.0,5565.676363229752
depth4_bal_MMMMAAAA,4,MMMMAAAA,20500,246000,0.009121698637803396,0.03288557566702366,0.0322511542056288,1.0,0.9986945169712794,0.9969795279113994,1.0,0.0003,1.0,5572.397820234299
depth4_bal_MMMMAAAA,4,MMMMAAAA,20525,246300,0.008714032669862112,0.03120507299900055,0.031187199907643456,1.0,0.9973890339425587,0.9972032665846291,1.0,0.0003,1.0,5578.599479913712
depth4_bal_MMMMAAAA,4,MMMMAAAA,20550,246600,0.007560608132431905,0.03332981591423353,0.030364869109221867,1.0,0.9973890339425587,0.996643919901555,1.0,0.0003,1.0,5585.551152944565
depth4_bal_MMMMAAAA,4,MMMMAAAA,20575,246900,0.006616259342990816,0.031109484533468883,0.02934739323598998,1.0,0.9973890339425587,0.9963083118917104,1.0,0.0003,1.0,5592.0298907756805
depth4_bal_MMMMAAAA,4,MMMMAAAA,20600,247200,0.01839071341479818,0.09778773536284764,0.04493929504283837,0.9980417754569191,0.9908616187989556,0.9929522317932654,1.0,0.0003,1.0,5598.429208993912
depth4_bal_MMMMAAAA,4,MMMMAAAA,20625,247500,0.00709039147477597,0.02425534464418888,0.025043769420257638,1.0,1.0,0.9980982212775478,1.0,0.0003,1.0,5605.276528120041
depth4_bal_MMMMAAAA,4,MMMMAAAA,20650,247800,0.0063949137305219965,0.023286943634351093,0.024597939369933947,1.0,1.0,0.997986351940933,1.0,0.0003,1.0,5611.50564622879
depth4_bal_MMMMAAAA,4,MMMMAAAA,20675,248100,0.006023253353002171,0.025496306518713634,0.02608122540903943,1.0,0.9960835509138382,0.9970913972480143,1.0,0.0003,1.0,5617.546843767166
depth4_bal_MMMMAAAA,4,MMMMAAAA,20700,248400,0.006254187901504338,0.02399673933784167,0.026130631459610802,1.0,0.9986945169712794,0.9967557892381698,1.0,0.0003,1.0,5623.771068096161
depth4_bal_MMMMAAAA,4,MMMMAAAA,20725,248700,0.005457605584524572,0.02285364953180154,0.025983702125293866,1.0,0.9986945169712794,0.9965320505649401,1.0,0.0003,1.0,5629.756465911865
depth4_bal_MMMMAAAA,4,MMMMAAAA,20750,249000,0.004749349396054943,0.022701311235626537,0.025108420023960725,1.0,0.9973890339425587,0.9964201812283253,1.0,0.0003,1.0,5635.300668954849
depth4_bal_MMMMAAAA,4,MMMMAAAA,20775,249300,0.23821073149641356,0.4335562785466512,0.4184069335460663,0.9193864229765013,0.8577023498694517,0.8513256516388857,1.0,0.0003,1.0,5639.800327062607
depth4_bal_MMMMAAAA,4,MMMMAAAA,20800,249600,0.011538533493876457,0.04430018737912178,0.05249269902706146,1.0,0.9973890339425587,0.9941827944960286,1.0,0.0003,1.0,5645.5921721458435
depth4_bal_MMMMAAAA,4,MMMMAAAA,20825,249900,0.010049584787338972,0.03594161321719488,0.04112133596624647,1.0,0.9986945169712794,0.997315135921244,1.0,0.0003,1.0,5649.923722028732
depth4_bal_MMMMAAAA,4,MMMMAAAA,20850,250200,0.008804996420318881,0.03221203573048115,0.038941385863082746,1.0,1.0,0.9968676585747847,1.0,0.0003,1.0,5654.72286438942
depth4_bal_MMMMAAAA,4,MMMMAAAA,20875,250500,0.007687792143163581,0.029517872879902523,0.03732607997953892,1.0,1.0,0.9960845732184808,1.0,0.0003,1.0,5660.698614835739
depth4_bal_MMMMAAAA,4,MMMMAAAA,20900,250800,0.006374196653875212,0.028486353655656178,0.030453297708715712,1.0,0.9986945169712794,0.9969795279113994,1.0,0.0003,1.0,5667.21267580986
depth4_bal_MMMMAAAA,4,MMMMAAAA,20925,251100,0.0053848281580333906,0.025044797609249752,0.028147274681500026,1.0,1.0,0.9967557892381698,1.0,0.0003,1.0,5672.7748692035675
depth4_bal_MMMMAAAA,4,MMMMAAAA,20950,251400,0.5047857314348221,0.7056297858556112,0.7240449666976929,0.8299608355091384,0.7911227154046997,0.7716746839691241,1.0,0.0003,1.0,5678.7134346961975
depth4_bal_MMMMAAAA,4,MMMMAAAA,20975,251700,0.007696438774776955,0.026895912364125252,0.02820428061698164,1.0,0.9986945169712794,0.9970913972480143,1.0,0.0003,1.0,5684.726739168167
depth4_bal_MMMMAAAA,4,MMMMAAAA,21000,252000,0.00744680583011359,0.025792937725782394,0.02783715245979173,1.0,0.9986945169712794,0.9975388745944737,1.0,0.0003,1.0,5690.576428890228
depth4_bal_MMMMAAAA,4,MMMMAAAA,21025,252300,0.006464769792122145,0.024987251808245976,0.02759208492934704,1.0,0.9986945169712794,0.9975388745944737,1.0,0.0003,1.0,5697.275372982025
depth4_bal_MMMMAAAA,4,MMMMAAAA,21050,252600,0.005431190598756075,0.02387329439322154,0.02771411570055144,1.0,0.9986945169712794,0.9963083118917104,1.0,0.0003,1.0,5703.358103990555
depth4_bal_MMMMAAAA,4,MMMMAAAA,21075,252900,0.04079995956271887,0.07690439124902089,0.07729806250759534,0.9924934725848564,0.97911227154047,0.9796397807361003,1.0,0.0003,1.0,5708.862821340561
depth4_bal_MMMMAAAA,4,MMMMAAAA,21100,253200,0.00706824054941535,0.030567873890201252,0.030427291191049984,1.0,0.9986945169712794,0.9970913972480143,1.0,0.0003,1.0,5715.2611129283905
depth4_bal_MMMMAAAA,4,MMMMAAAA,21125,253500,0.006541120819747448,0.028983335321148235,0.0317611179713692,1.0,0.9986945169712794,0.9961964425550957,1.0,0.0003,1.0,5720.716091632843
depth4_bal_MMMMAAAA,4,MMMMAAAA,21150,253800,0.005652118513050179,0.02864627167582512,0.03128725561712469,1.0,0.9986945169712794,0.9961964425550957,1.0,0.0003,1.0,5726.485456228256
depth4_bal_MMMMAAAA,4,MMMMAAAA,21175,254100,0.004826399963349104,0.027691703289747238,0.031370896526745386,1.0,0.9973890339425587,0.9956370958720214,1.0,0.0003,1.0,5732.292737483978
depth4_bal_MMMMAAAA,4,MMMMAAAA,21200,254400,0.004070853193600972,0.026646705344319344,0.029773665059890066,1.0,0.9960835509138382,0.9954133571987918,1.0,0.0003,1.0,5736.444432020187
depth4_bal_MMMMAAAA,4,MMMMAAAA,21225,254700,0.003447995812166482,0.026637126381198566,0.027162325169358934,1.0,0.9947780678851175,0.9958608345452511,1.0,0.0003,1.0,5740.627061367035
depth4_bal_MMMMAAAA,4,MMMMAAAA,21250,255000,3.2893288334210715,3.1179988384246826,3.1662326063428607,0.14360313315926893,0.17885117493472585,0.16120371406197562,1.0,0.0003,1.0,5746.655468702316
depth4_bal_MMMMAAAA,4,MMMMAAAA,21275,255300,0.044066506127516426,0.1718940238157908,0.14428167172840664,0.9967362924281984,0.9451697127937336,0.959615169482045,1.0,0.0003,1.0,5752.913554191589
depth4_bal_MMMMAAAA,4,MMMMAAAA,21300,255600,0.013724188009897867,0.0887905868391196,0.0668774093900408,1.0,0.9765013054830287,0.9864638102696051,1.0,0.0003,1.0,5757.970325469971
depth4_bal_MMMMAAAA,4,MMMMAAAA,21325,255900,0.011781332936758796,0.07763045529524486,0.06425477479185376,1.0,0.9843342036553525,0.9871350262892941,1.0,0.0003,1.0,5761.627149820328
depth4_bal_MMMMAAAA,4,MMMMAAAA,21350,256200,0.01186107937246561,0.07602107524871826,0.06526906628693853,1.0,0.9804177545691906,0.9871350262892941,1.0,0.0003,1.0,5765.133392572403
depth4_bal_MMMMAAAA,4,MMMMAAAA,21375,256500,0.008386071654967964,0.0697510006527106,0.05885477172476905,1.0,0.9843342036553525,0.9881418503188276,1.0,0.0003,1.0,5769.78830242157
depth4_bal_MMMMAAAA,4,MMMMAAAA,21400,256800,0.6343318074941635,0.616607129573822,0.5991467067173549,0.8116840731070496,0.8185378590078329,0.8119476451504642,1.0,0.0003,1.0,5775.761923789978
depth4_bal_MMMMAAAA,4,MMMMAAAA,21425,257100,0.05869953644772371,0.14186729739109674,0.1370421805552074,0.9902088772845953,0.9595300261096605,0.9590558227989708,1.0,0.0003,1.0,5781.269314527512
depth4_bal_MMMMAAAA,4,MMMMAAAA,21450,257400,0.009688482464601597,0.05385992179314295,0.05030057281255722,1.0,0.9843342036553525,0.9904911063877391,1.0,0.0003,1.0,5787.193370580673
depth4_bal_MMMMAAAA,4,MMMMAAAA,21475,257700,0.008669280369455615,0.04684294884403547,0.04662179047507899,1.0,0.9908616187989556,0.9918335384271171,1.0,0.0003,1.0,5793.453871965408
depth4_bal_MMMMAAAA,4,MMMMAAAA,21500,258000,0.0077984467304001255,0.04978999371329943,0.04608642267329352,1.0,0.9882506527415144,0.9916097997538874,1.0,0.0003,1.0,5798.854445934296
depth4_bal_MMMMAAAA,4,MMMMAAAA,21525,258300,0.006680762201237182,0.04876126100619634,0.046900956226246696,1.0,0.9882506527415144,0.9914979304172726,1.0,0.0003,1.0,5805.695254802704
depth4_bal_MMMMAAAA,4,MMMMAAAA,21550,258600,0.005476351090086003,0.04402437309424082,0.04337113771055426,1.0,0.9882506527415144,0.991274191744043,1.0,0.0003,1.0,5811.67143368721
depth4_bal_MMMMAAAA,4,MMMMAAAA,21575,258900,0.9489943385124207,0.8986488382021586,0.8873585156032018,0.6599216710182768,0.6540469973890339,0.6698735876496252,1.0,0.0003,1.0,5816.016918897629
depth4_bal_MMMMAAAA,4,MMMMAAAA,21600,259200,0.00881225949463745,0.04331127926707268,0.044831884652376176,1.0,0.9934725848563969,0.9920572771003467,1.0,0.0003,1.0,5822.017235994339
depth4_bal_MMMMAAAA,4,MMMMAAAA,21625,259500,0.009054211511587104,0.03974537986020247,0.04206950632589204,1.0,0.9986945169712794,0.993959055822799,1.0,0.0003,1.0,5828.030544757843
depth4_bal_MMMMAAAA,4,MMMMAAAA,21650,259800,0.007719251443631947,0.03939503369232019,0.04037877677806786,1.0,0.9960835509138382,0.993959055822799,1.0,0.0003,1.0,5834.151405096054
depth4_bal_MMMMAAAA,4,MMMMAAAA,21675,260100,0.05575010537480315,0.14042908201615015,0.1307506452713694,0.9862924281984334,0.9556135770234987,0.9599507774918895,1.0,0.0003,1.0,5840.206399440765
depth4_bal_MMMMAAAA,4,MMMMAAAA,21700,260400,0.4861552342772484,0.5163650314013163,0.5002646837915693,0.8384464751958225,0.8263707571801566,0.8315247790580602,1.0,0.0003,1.0,5845.682655096054
depth4_bal_MMMMAAAA,4,MMMMAAAA,21725,260700,0.010230232883865634,0.0562204880019029,0.04856611745698111,1.0,0.9882506527415144,0.991274191744043,1.0,0.0003,1.0,5851.601991176605
depth4_bal_MMMMAAAA,4,MMMMAAAA,21750,261000,0.00945909220414857,0.04998114580909411,0.04538600817322731,1.0,0.9882506527415144,0.9928403624566506,1.0,0.0003,1.0,5857.898334264755
depth4_bal_MMMMAAAA,4,MMMMAAAA,21775,261300,0.007941503155355653,0.044703517109155655,0.04053421084369932,1.0,0.9895561357702349,0.9944065331692583,1.0,0.0003,1.0,5864.478178024292
depth4_bal_MMMMAAAA,4,MMMMAAAA,21800,261600,0.006976375938393176,0.0419782909254233,0.04145658750619207,1.0,0.9882506527415144,0.9930641011298803,1.0,0.0003,1.0,5869.839759588242
depth4_bal_MMMMAAAA,4,MMMMAAAA,21825,261900,0.005989922443404794,0.03945677106579145,0.03856779874435493,1.0,0.9895561357702349,0.9936234478129544,1.0,0.0003,1.0,5875.791498661041
depth4_bal_MMMMAAAA,4,MMMMAAAA,21850,262200,0.9013905078172684,0.7752841512362162,0.7694127287183489,0.7013707571801566,0.7336814621409922,0.7523212887347578,1.0,0.0003,1.0,5881.919113636017
depth4_bal_MMMMAAAA,4,MMMMAAAA,21875,262500,0.07306761884440978,0.26283011337121326,0.23839833225522722,0.9810704960835509,0.9242819843342036,0.9241525897751426,1.0,0.0003,1.0,5886.93444609642
depth4_bal_MMMMAAAA,4,MMMMAAAA,21900,262800,0.015159003902226686,0.07417055840293567,0.056689476434673584,0.9990208877284595,0.9804177545691906,0.9856807249133013,1.0,0.0003,1.0,5893.2000777721405
depth4_bal_MMMMAAAA,4,MMMMAAAA,21925,263100,0.009278430913885435,0.05751258755723635,0.04441846156758922,1.0,0.9895561357702349,0.9923928851101913,1.0,0.0003,1.0,5898.67311835289
depth4_bal_MMMMAAAA,4,MMMMAAAA,21950,263400,0.008304549769187966,0.056205147256453834,0.043707256604518206,1.0,0.9895561357702349,0.9927284931200357,1.0,0.0003,1.0,5903.990353345871
depth4_bal_MMMMAAAA,4,MMMMAAAA,21975,263700,0.0071526229148730636,0.05492867901921272,0.042615630690540585,1.0,0.9908616187989556,0.9922810157735764,1.0,0.0003,1.0,5910.010514974594
depth4_bal_MMMMAAAA,4,MMMMAAAA,22000,264000,0.006061096326448023,0.051857952028512955,0.04160773078245776,1.0,0.9921671018276762,0.9920572771003467,1.0,0.0003,1.0,5916.4288284778595
depth4_bal_MMMMAAAA,4,MMMMAAAA,22025,264300,0.005164221976883709,0.053086284548044205,0.03991152516433171,1.0,0.9895561357702349,0.9918335384271171,1.0,0.0003,1.0,5924.693823814392
depth4_bal_MMMMAAAA,4,MMMMAAAA,22050,264600,0.1691457573324442,0.23759426176548004,0.2671234748193196,0.9611618798955613,0.9295039164490861,0.9166573442219488,1.0,0.0003,1.0,5928.984127283096
depth4_bal_MMMMAAAA,4,MMMMAAAA,22075,264900,0.00959043437615037,0.07362267126639684,0.0612870454788208,1.0,0.9804177545691906,0.9867994182794496,1.0,0.0003,1.0,5935.438724279404
depth4_bal_MMMMAAAA,4,MMMMAAAA,22100,265200,0.009088131288687388,0.06257678320010503,0.05438872293702194,1.0,0.9843342036553525,0.9894842823582056,1.0,0.0003,1.0,5941.652256727219
depth4_bal_MMMMAAAA,4,MMMMAAAA,22125,265500,0.007530926261097193,0.0533772682150205,0.04858056168471064,1.0,0.9869451697127938,0.990602975724354,1.0,0.0003,1.0,5948.612369060516
depth4_bal_MMMMAAAA,4,MMMMAAAA,22150,265800,0.3448253870010376,0.3343626658121745,0.3139608323574066,0.9219973890339426,0.9190600522193212,0.9223626803893052,1.0,0.0003,1.0,5954.96889424324
depth4_bal_MMMMAAAA,4,MMMMAAAA,22175,266100,0.01444996683858335,0.061131866027911506,0.046582048386335374,0.9996736292428199,0.9856396866840731,0.9888130663385166,1.0,0.0003,1.0,5961.076531171799
depth4_bal_MMMMAAAA,4,MMMMAAAA,22200,266400,0.007956986393158635,0.04481172809998194,0.0333270324660199,1.0,0.9921671018276762,0.9969795279113994,1.0,0.0003,1.0,5966.7128167152405
depth4_bal_MMMMAAAA,4,MMMMAAAA,22225,266700,0.007190108609696229,0.040284344305594764,0.03281601917530809,1.0,0.9908616187989556,0.9961964425550957,1.0,0.0003,1.0,5972.43571639061
depth4_bal_MMMMAAAA,4,MMMMAAAA,22250,267000,0.006177452276460826,0.03676078344384829,0.03343922618244376,1.0,0.9908616187989556,0.9948540105157176,1.0,0.0003,1.0,5978.514816761017
depth4_bal_MMMMAAAA,4,MMMMAAAA,22275,267300,0.0052572630035380525,0.033862726762890816,0.032778072197522434,1.0,0.9908616187989556,0.994630271842488,1.0,0.0003,1.0,5984.030201435089
depth4_bal_MMMMAAAA,4,MMMMAAAA,22300,267600,2.092314521471659,1.986528992652893,1.9442835194723946,0.47845953002610964,0.38642297650130547,0.412126636089048,1.0,0.0003,1.0,5988.969166278839
depth4_bal_MMMMAAAA,4,MMMMAAAA,22325,267900,0.42965596665938693,0.5481574734052023,0.4999523801462991,0.8508485639686684,0.8159268929503917,0.8321959950777492,1.0,0.0003,1.0,5994.685960769653
depth4_bal_MMMMAAAA,4,MMMMAAAA,22350,268200,0.008718538912944496,0.048951091865698494,0.04172885604202747,1.0,0.9934725848563969,0.9935115784763396,1.0,0.0003,1.0,6000.460237979889
depth4_bal_MMMMAAAA,4,MMMMAAAA,22375,268500,0.008794556449477872,0.045832471922039986,0.040038716260875976,1.0,0.9921671018276762,0.9948540105157176,1.0,0.0003,1.0,6006.503584861755
depth4_bal_MMMMAAAA,4,MMMMAAAA,22400,268800,0.00755360908806324,0.040959674244125686,0.03815407274024827,1.0,0.9947780678851175,0.9956370958720214,1.0,0.0003,1.0,6012.409207820892
depth4_bal_MMMMAAAA,4,MMMMAAAA,22425,269100,0.0065031043874720735,0.03920267956952254,0.0373229411563703,1.0,0.9921671018276762,0.9942946638326434,1.0,0.0003,1.0,6017.277590036392
depth4_bal_MMMMAAAA,4,MMMMAAAA,22450,269400,0.005399088724516332,0.037571546932061516,0.0348949985312564,1.0,0.9908616187989556,0.9944065331692583,1.0,0.0003,1.0,6023.305631399155
depth4_bal_MMMMAAAA,4,MMMMAAAA,22475,269700,0.004572271951474249,0.03334839455783367,0.033492961579135484,1.0,0.9934725848563969,0.9936234478129544,1.0,0.0003,1.0,6029.211625814438
depth4_bal_MMMMAAAA,4,MMMMAAAA,22500,270000,0.0038841282948851585,0.030794038747747738,0.03171326589903661,1.0,0.9921671018276762,0.9935115784763396,1.0,0.0003,1.0,6035.726045131683
depth4_bal_MMMMAAAA,4,MMMMAAAA,22525,270300,0.3765064949790637,0.6074051658312479,0.5479955758367266,0.868798955613577,0.7767624020887729,0.7924823805794832,1.0,0.0003,1.0,6041.914599657059
depth4_bal_MMMMAAAA,4,MMMMAAAA,22550,270600,0.011329910873124996,0.05351066837708155,0.04653688067836421,1.0,0.9882506527415144,0.9933997091397248,1.0,0.0003,1.0,6046.99091386795
depth4_bal_MMMMAAAA,4,MMMMAAAA,22575,270900,0.009884876431897283,0.04826212798555692,0.04442077268447195,1.0,0.9908616187989556,0.9937353171495693,1.0,0.0003,1.0,6051.230166435242
depth4_bal_MMMMAAAA,4,MMMMAAAA,22600,271200,0.0083554203932484,0.04426568870743116,0.042108072021177834,1.0,0.9934725848563969,0.9933997091397248,1.0,0.0003,1.0,6057.716213464737
depth4_bal_MMMMAAAA,4,MMMMAAAA,22625,271500,0.007103371938380103,0.043732830633719764,0.039399357672248565,1.0,0.9921671018276762,0.9930641011298803,1.0,0.0003,1.0,6063.610111713409
depth4_bal_MMMMAAAA,4,MMMMAAAA,22650,271800,0.021872934109220903,0.07906562586625417,0.06329930914299829,0.9990208877284595,0.9830287206266318,0.9843382928739233,1.0,0.0003,1.0,6068.786508321762
depth4_bal_MMMMAAAA,4,MMMMAAAA,22675,272100,0.009905663629372915,0.048582171400388084,0.04284746540444238,1.0,0.9947780678851175,0.9940709251594138,1.0,0.0003,1.0,6073.799533605576
depth4_bal_MMMMAAAA,4,MMMMAAAA,22700,272400,0.008626999954382578,0.04800035431981087,0.04214465368006911,1.0,0.9921671018276762,0.9941827944960286,1.0,0.0003,1.0,6079.492603063583
depth4_bal_MMMMAAAA,4,MMMMAAAA,22725,272700,0.007017898528526227,0.04473322009046873,0.03661856113799981,1.0,0.9908616187989556,0.9950777491889473,1.0,0.0003,1.0,6085.061261892319
depth4_bal_MMMMAAAA,4,MMMMAAAA,22750,273000,0.00671707260577629,0.04626972724994024,0.037322313444955006,1.0,0.9882506527415144,0.9949658798523324,1.0,0.0003,1.0,6088.547116518021
depth4_bal_MMMMAAAA,4,MMMMAAAA,22775,273300,1.1234904477993648,1.0806317329406738,1.0572003279413495,0.6808093994778068,0.6527415143603134,0.6506320617518738,1.0,0.0003,1.0,6093.978649377823
depth4_bal_MMMMAAAA,4,MMMMAAAA,22800,273600,0.008463100530207157,0.03386891819536686,0.036463278159499166,1.0,0.9947780678851175,0.9944065331692583,1.0,0.0003,1.0,6099.393198251724
depth4_bal_MMMMAAAA,4,MMMMAAAA,22825,273900,0.008411571383476257,0.03710935637354851,0.03485478987651212,1.0,0.9934725848563969,0.9958608345452511,1.0,0.0003,1.0,6104.624153375626
depth4_bal_MMMMAAAA,4,MMMMAAAA,22850,274200,0.007328714670923849,0.034199499835570656,0.03480859350945268,1.0,0.9947780678851175,0.9949658798523324,1.0,0.0003,1.0,6110.624369621277
depth4_bal_MMMMAAAA,4,MMMMAAAA,22875,274500,0.006274393837278088,0.033162722984949745,0.03255510862384524,1.0,0.9934725848563969,0.9948540105157176,1.0,0.0003,1.0,6114.758771896362
depth4_bal_MMMMAAAA,4,MMMMAAAA,22900,274800,0.005267821135930717,0.032985479260484375,0.031388313403087,1.0,0.9947780678851175,0.9942946638326434,1.0,0.0003,1.0,6120.520033359528
depth4_bal_MMMMAAAA,4,MMMMAAAA,22925,275100,0.300215474019448,0.34566747148831684,0.3164722357477461,0.9118798955613577,0.8955613577023499,0.9027855464817094,1.0,0.0003,1.0,6126.2526478767395
depth4_bal_MMMMAAAA,4,MMMMAAAA,22950,275400,0.00897102632249395,0.04492838867008686,0.0365005970533405,0.9996736292428199,0.9908616187989556,0.9931759704664951,1.0,0.0003,1.0,6131.515087842941
depth4_bal_MMMMAAAA,4,MMMMAAAA,22975,275700,0.008268965175375342,0.04511591357489427,0.03393962755799294,1.0,0.9934725848563969,0.9968676585747847,1.0,0.0003,1.0,6137.849742174149
depth4_bal_MMMMAAAA,4,MMMMAAAA,23000,276000,0.0072719289843613906,0.04340281461675962,0.03422705094729151,1.0,0.9921671018276762,0.9957489652086363,1.0,0.0003,1.0,6143.337518453598
depth4_bal_MMMMAAAA,4,MMMMAAAA,23025,276300,0.0063950107820952935,0.03920403184990088,0.034269193559885024,1.0,0.9934725848563969,0.9955252265354066,1.0,0.0003,1.0,6149.181271076202
depth4_bal_MMMMAAAA,4,MMMMAAAA,23050,276600,0.005372315140751501,0.03737160501380762,0.032241896672972614,1.0,0.9908616187989556,0.9955252265354066,1.0,0.0003,1.0,6154.965080499649
depth4_bal_MMMMAAAA,4,MMMMAAAA,23075,276900,0.004519383500640591,0.03552336928745111,0.031602150733981815,1.0,0.9934725848563969,0.995301487862177,1.0,0.0003,1.0,6159.704259157181
depth4_bal_MMMMAAAA,4,MMMMAAAA,23100,277200,0.003846393471273283,0.032500206803282104,0.028650430510086672,1.0,0.9947780678851175,0.9951896185255621,1.0,0.0003,1.0,6164.458802938461
depth4_bal_MMMMAAAA,4,MMMMAAAA,23125,277500,0.6865100612243017,0.8633230129877726,0.7644821098872594,0.764686684073107,0.7219321148825065,0.7329678935003915,1.0,0.0003,1.0,6169.920378923416
depth4_bal_MMMMAAAA,4,MMMMAAAA,23150,277800,0.012191657054548463,0.06253514687220256,0.05396461124931063,1.0,0.9869451697127938,0.9895961516948204,1.0,0.0003,1.0,6175.608176231384
depth4_bal_MMMMAAAA,4,MMMMAAAA,23175,278100,0.010997540395086011,0.05765308439731598,0.046972354501485826,1.0,0.9856396866840731,0.9917216690905023,1.0,0.0003,1.0,6181.884209156036
depth4_bal_MMMMAAAA,4,MMMMAAAA,23200,278400,0.009373879758641124,0.05133335789044698,0.042959990937794956,1.0,0.9895561357702349,0.9925047544468061,1.0,0.0003,1.0,6187.894062042236
depth4_bal_MMMMAAAA,4,MMMMAAAA,23225,278700,0.007959638955071568,0.04752261688311895,0.04025175379855292,1.0,0.9908616187989556,0.99328783980311,1.0,0.0003,1.0,6193.118022918701
depth4_bal_MMMMAAAA,4,MMMMAAAA,23250,279000,0.006824237798961501,0.04429441193739573,0.0376400103526456,1.0,0.9921671018276762,0.9938471864861841,1.0,0.0003,1.0,6199.3526248931885
depth4_bal_MMMMAAAA,4,MMMMAAAA,23275,279300,0.005662747076712549,0.04388334974646568,0.035318898941789356,1.0,0.9895561357702349,0.9941827944960286,1.0,0.0003,1.0,6205.710307121277
depth4_bal_MMMMAAAA,4,MMMMAAAA,23300,279600,1.248260537783305,1.1349002122879028,1.1317275592258997,0.5766971279373369,0.6057441253263708,0.5943617854346124,1.0,0.0003,1.0,6210.680078744888
depth4_bal_MMMMAAAA,4,MMMMAAAA,23325,279900,0.03379784400264422,0.08222530037164688,0.07582814416715077,0.9964099216710183,0.9817232375979112,0.9835552075176194,1.0,0.0003,1.0,6217.010289669037
depth4_bal_MMMMAAAA,4,MMMMAAAA,23350,280200,0.008248275495134294,0.042466712494691215,0.03771643452346325,1.0,0.9908616187989556,0.9945184025058731,1.0,0.0003,1.0,6224.036437511444
depth4_bal_MMMMAAAA,4,MMMMAAAA,23375,280500,0.0072105167976891,0.03725968673825264,0.03608720621892384,1.0,0.9947780678851175,0.9936234478129544,1.0,0.0003,1.0,6230.54572558403
depth4_bal_MMMMAAAA,4,MMMMAAAA,23400,280800,0.007854565978050232,0.040728846564888954,0.03748432993888855,1.0,0.9882506527415144,0.9935115784763396,1.0,0.0003,1.0,6236.829769849777
depth4_bal_MMMMAAAA,4,MMMMAAAA,23425,281100,0.00539678040271004,0.039391605804363884,0.033201410195657186,1.0,0.9921671018276762,0.9942946638326434,1.0,0.0003,1.0,6243.198855638504
depth4_bal_MMMMAAAA,4,MMMMAAAA,23450,281400,0.004537614819128066,0.04064090301593145,0.03330907284149102,1.0,0.9934725848563969,0.993959055822799,1.0,0.0003,1.0,6249.018661737442
depth4_bal_MMMMAAAA,4,MMMMAAAA,23475,281700,0.004385058186016977,0.03862041483322779,0.032434323909027236,1.0,0.9908616187989556,0.9936234478129544,1.0,0.0003,1.0,6254.166797399521
depth4_bal_MMMMAAAA,4,MMMMAAAA,23500,282000,0.0030626441390874484,0.03412529515723387,0.02934632311974253,1.0,0.9934725848563969,0.9938471864861841,1.0,0.0003,1.0,6260.59824180603
depth4_bal_MMMMAAAA,4,MMMMAAAA,23525,282300,0.0027305696664067605,0.034600947673122086,0.02848666092114789,1.0,0.9921671018276762,0.9940709251594138,1.0,0.0003,1.0,6267.242354631424
depth4_bal_MMMMAAAA,4,MMMMAAAA,23550,282600,0.6600725998481115,0.756329357624054,0.7602678997176034,0.768603133159269,0.7245430809399478,0.715851884998322,1.0,0.0003,1.0,6270.996151447296
depth4_bal_MMMMAAAA,4,MMMMAAAA,23575,282900,0.09976601662735145,0.19410236179828644,0.17925128851618086,0.9738903394255874,0.9386422976501305,0.9424991609799754,1.0,0.0003,1.0,6275.7213435173035
depth4_bal_MMMMAAAA,4,MMMMAAAA,23600,283200,0.021276096192499,0.08623668054739635,0.07029358031494277,0.9996736292428199,0.9804177545691906,0.9853451169034567,1.0,0.0003,1.0,6279.000258207321
depth4_bal_MMMMAAAA,4,MMMMAAAA,23625,283500,0.014286119180421034,0.05869429806868235,0.056384796329907005,1.0,0.9869451697127938,0.9917216690905023,1.0,0.0003,1.0,6283.77010679245
depth4_bal_MMMMAAAA,4,MMMMAAAA,23650,283800,0.0127955616141359,0.05395448952913284,0.055653986441237584,1.0,0.9869451697127938,0.9909385837341984,1.0,0.0003,1.0,6292.315593719482
depth4_bal_MMMMAAAA,4,MMMMAAAA,23675,284100,0.010458804744606217,0.05321171755592028,0.0523131251335144,1.0,0.9869451697127938,0.9910504530708133,1.0,0.0003,1.0,6299.362397670746
depth4_bal_MMMMAAAA,4,MMMMAAAA,23700,284400,0.008904976304620504,0.0547210139532884,0.0509965823165008,1.0,0.9869451697127938,0.9904911063877391,1.0,0.0003,1.0,6305.405422449112
depth4_bal_MMMMAAAA,4,MMMMAAAA,23725,284700,0.12904506921768188,0.17522245148817697,0.17225311143057687,0.9751958224543081,0.9569190600522193,0.9550285266808368,1.0,0.0003,1.0,6312.014757871628
depth4_bal_MMMMAAAA,4,MMMMAAAA,23750,285000,0.009092461705828706,0.0368315689265728,0.04074769717242036,1.0,0.9947780678851175,0.9922810157735764,1.0,0.0003,1.0,6317.406037330627
depth4_bal_MMMMAAAA,4,MMMMAAAA,23775,285300,0.009251151078691086,0.04280470932523409,0.03992740719446114,1.0,0.9921671018276762,0.9944065331692583,1.0,0.0003,1.0,6323.486783742905
depth4_bal_MMMMAAAA,4,MMMMAAAA,23800,285600,0.00812037440482527,0.04212715104222298,0.03978825525513717,1.0,0.9921671018276762,0.9935115784763396,1.0,0.0003,1.0,6327.376853466034
depth4_bal_MMMMAAAA,4,MMMMAAAA,23825,285900,0.006930912534395854,0.04298598691821098,0.03937189334205219,1.0,0.9895561357702349,0.9930641011298803,1.0,0.0003,1.0,6332.77324795723
depth4_bal_MMMMAAAA,4,MMMMAAAA,23850,286200,0.005877022980712354,0.041409533470869064,0.03700765775782722,1.0,0.9882506527415144,0.9938471864861841,1.0,0.0003,1.0,6337.140732049942
depth4_bal_MMMMAAAA,4,MMMMAAAA,23875,286500,0.004928749442721407,0.041055745134751,0.033657379235540116,1.0,0.9895561357702349,0.993959055822799,1.0,0.0003,1.0,6344.173272848129
depth4_bal_MMMMAAAA,4,MMMMAAAA,23900,286800,0.004231339378748089,0.04002561109761397,0.03147526899618762,1.0,0.9895561357702349,0.9942946638326434,1.0,0.0003,1.0,6350.689753293991
depth4_bal_MMMMAAAA,4,MMMMAAAA,23925,287100,0.2655184020598729,0.42612282435099286,0.45834364550454276,0.9161227154046997,0.8472584856396866,0.8315247790580602,1.0,0.0003,1.0,6356.978829622269
depth4_bal_MMMMAAAA,4,MMMMAAAA,23950,287400,0.47796403989195824,0.5567368070284525,0.5491187291485923,0.8377937336814621,0.804177545691906,0.8042286609240408,1.0,0.0003,1.0,6363.560744524002
depth4_bal_MMMMAAAA,4,MMMMAAAA,23975,287700,0.01108270650729537,0.03551562875509262,0.04057231178241116,1.0,0.9960835509138382,0.9947421411791028,1.0,0.0003,1.0,6367.519376039505
depth4_bal_MMMMAAAA,4,MMMMAAAA,24000,288000,0.010238412767648697,0.03490697406232357,0.03847699032298156,1.0,0.9960835509138382,0.995301487862177,1.0,0.0003,1.0,6373.4489867687225
depth4_bal_MMMMAAAA,4,MMMMAAAA,24025,288300,0.011512113191808263,0.03957440207401911,0.03817054219543934,0.9996736292428199,0.9921671018276762,0.9947421411791028,1.0,0.0003,1.0,6381.056648492813
depth4_bal_MMMMAAAA,4,MMMMAAAA,24050,288600,0.007208925322629511,0.03374092342952887,0.032954376403774535,1.0,0.9960835509138382,0.9950777491889473,1.0,0.0003,1.0,6387.091327905655
depth4_bal_MMMMAAAA,4,MMMMAAAA,24075,288900,0.006221967050805688,0.03202424570918083,0.03175985791853496,1.0,0.9947780678851175,0.9955252265354066,1.0,0.0003,1.0,6391.737503051758
depth4_bal_MMMMAAAA,4,MMMMAAAA,24100,289200,0.018306240749855835,0.07480603456497192,0.06914095133543015,0.9970626631853786,0.9751958224543081,0.9808703434388634,1.0,0.0003,1.0,6395.931749820709
depth4_bal_MMMMAAAA,4,MMMMAAAA,24125,289500,0.7308100114266077,0.6903220812479655,0.6950344119753157,0.741514360313316,0.7454308093994778,0.749524555319387,1.0,0.0003,1.0,6402.534257888794
depth4_bal_MMMMAAAA,4,MMMMAAAA,24150,289800,0.011179429401333133,0.04295299140115579,0.03773634811597211,1.0,0.9908616187989556,0.9927284931200357,1.0,0.0003,1.0,6410.067074775696
depth4_bal_MMMMAAAA,4,MMMMAAAA,24175,290100,0.010151566316684088,0.038626392682393394,0.035224142298102376,1.0,0.9960835509138382,0.9965320505649401,1.0,0.0003,1.0,6415.757865190506
depth4_bal_MMMMAAAA,4,MMMMAAAA,24200,290400,0.009050161655371388,0.04059929400682449,0.03513681835361889,1.0,0.9921671018276762,0.9956370958720214,1.0,0.0003,1.0,6422.684369564056
depth4_bal_MMMMAAAA,4,MMMMAAAA,24225,290700,0.007705208340970178,0.03983215118447939,0.0347681388258934,1.0,0.9908616187989556,0.9941827944960286,1.0,0.0003,1.0,6429.845443487167
depth4_bal_MMMMAAAA,4,MMMMAAAA,24250,291000,0.006531582718404631,0.0356974887351195,0.032109031506947106,1.0,0.9908616187989556,0.995301487862177,1.0,0.0003,1.0,6437.016900777817
depth4_bal_MMMMAAAA,4,MMMMAAAA,24275,291300,0.8374007344245911,1.8536874055862427,1.7749774898801531,0.7225848563968669,0.5483028720626631,0.5354066450385949,1.0,0.0003,1.0,6443.51131606102
depth4_bal_MMMMAAAA,4,MMMMAAAA,24300,291600,0.011034540211160978,0.05777553344766299,0.04549813424902303,1.0,0.9843342036553525,0.9923928851101913,1.0,0.0003,1.0,6449.131841182709
depth4_bal_MMMMAAAA,4,MMMMAAAA,24325,291900,0.009900779696181417,0.05093613266944885,0.04307059501963002,1.0,0.9869451697127938,0.99328783980311,1.0,0.0003,1.0,6453.455107450485
depth4_bal_MMMMAAAA,4,MMMMAAAA,24350,292200,0.00835276065239062,0.045790387938419976,0.041228064468928745,1.0,0.9869451697127938,0.9933997091397248,1.0,0.0003,1.0,6458.651773452759
depth4_bal_MMMMAAAA,4,MMMMAAAA,24375,292500,0.007179714816932877,0.04370084529121717,0.0392355099852596,1.0,0.9882506527415144,0.9933997091397248,1.0,0.0003,1.0,6464.283912658691
depth4_bal_MMMMAAAA,4,MMMMAAAA,24400,292800,0.11799910478293896,0.2182753582795461,0.1673806356532233,0.9631201044386423,0.9242819843342036,0.9485401051571765,1.0,0.0003,1.0,6469.5756850242615
depth4_bal_MMMMAAAA,4,MMMMAAAA,24425,293100,0.007142043556086719,0.03715590760111809,0.030481407791376113,1.0,0.9921671018276762,0.9958608345452511,1.0,0.0003,1.0,6474.397658586502
depth4_bal_MMMMAAAA,4,MMMMAAAA,24450,293400,0.007298039388842881,0.036781263227264084,0.03042862292911325,1.0,0.9921671018276762,0.9961964425550957,1.0,0.0003,1.0,6478.123634338379
depth4_bal_MMMMAAAA,4,MMMMAAAA,24475,293700,0.006377120618708432,0.037269189953804016,0.030483831624899593,1.0,0.9934725848563969,0.9954133571987918,1.0,0.0003,1.0,6481.78626871109
depth4_bal_MMMMAAAA,4,MMMMAAAA,24500,294000,0.005471603207600613,0.03508690061668555,0.02895323485136032,1.0,0.9934725848563969,0.9958608345452511,1.0,0.0003,1.0,6488.452762126923
depth4_bal_MMMMAAAA,4,MMMMAAAA,24525,294300,0.004621040852119525,0.0359235138942798,0.028150682922984872,1.0,0.9921671018276762,0.9951896185255621,1.0,0.0003,1.0,6494.737594842911
depth4_bal_MMMMAAAA,4,MMMMAAAA,24550,294600,0.006787872640416026,0.03642794489860535,0.02967235597648791,1.0,0.9908616187989556,0.9945184025058731,1.0,0.0003,1.0,6501.809977769852
depth4_bal_MMMMAAAA,4,MMMMAAAA,24575,294900,0.006380475785893698,0.036413306991259255,0.02970465235412121,1.0,0.9895561357702349,0.9957489652086363,1.0,0.0003,1.0,6508.379994869232
depth4_bal_MMMMAAAA,4,MMMMAAAA,24600,295200,0.0057002895046025515,0.03565392022331556,0.02995691799691745,1.0,0.9908616187989556,0.9961964425550957,1.0,0.0003,1.0,6514.8259263038635
depth4_bal_MMMMAAAA,4,MMMMAAAA,24625,295500,0.0050101407105103135,0.03884284074107806,0.03015364882137094,1.0,0.9908616187989556,0.9957489652086363,1.0,0.0003,1.0,6521.618057250977
depth4_bal_MMMMAAAA,4,MMMMAAAA,24650,295800,0.004222749751837303,0.039047920455535255,0.03053003956696817,1.0,0.9895561357702349,0.9945184025058731,1.0,0.0003,1.0,6527.15691447258
depth4_bal_MMMMAAAA,4,MMMMAAAA,24675,296100,0.0035483899991959333,0.037404743333657585,0.028704409407717842,1.0,0.9908616187989556,0.9950777491889473,1.0,0.0003,1.0,6533.281200647354
depth4_bal_MMMMAAAA,4,MMMMAAAA,24700,296400,0.03150792124991616,0.0814824750026067,0.06982107566935676,0.9977154046997389,0.9765013054830287,0.9841145542006936,1.0,0.0003,1.0,6539.4093952178955
depth4_bal_MMMMAAAA,4,MMMMAAAA,24725,296700,0.009279558978353938,0.03896980111797651,0.03626541905105114,1.0,0.9947780678851175,0.9963083118917104,1.0,0.0003,1.0,6545.068784236908
depth4_bal_MMMMAAAA,4,MMMMAAAA,24750,297000,0.00810234050732106,0.03771839042504629,0.03471718840301037,1.0,0.9960835509138382,0.9958608345452511,1.0,0.0003,1.0,6549.438347101212
depth4_bal_MMMMAAAA,4,MMMMAAAA,24775,297300,0.00700057534656177,0.0371157123396794,0.03459042912083013,1.0,0.9960835509138382,0.994630271842488,1.0,0.0003,1.0,6556.482336997986
depth4_bal_MMMMAAAA,4,MMMMAAAA,24800,297600,0.2168957677980264,0.45018617312113446,0.4089602308613913,0.933420365535248,0.8433420365535248,0.8712383935563263,1.0,0.0003,1.0,6562.235064268112
depth4_bal_MMMMAAAA,4,MMMMAAAA,24825,297900,0.03046683936069409,0.09280940145254135,0.08093927907092231,0.9986945169712794,0.9699738903394256,0.9803109967557893,1.0,0.0003,1.0,6569.6634204387665
depth4_bal_MMMMAAAA,4,MMMMAAAA,24850,298200,0.011039112384120623,0.052414100617170334,0.04895508927958352,1.0,0.9908616187989556,0.9927284931200357,1.0,0.0003,1.0,6576.833202600479
depth4_bal_MMMMAAAA,4,MMMMAAAA,24875,298500,0.021389298606663942,0.07618838300307591,0.07156985998153687,0.9990208877284595,0.9817232375979112,0.9843382928739233,1.0,0.0003,1.0,6583.781674146652
depth4_bal_MMMMAAAA,4,MMMMAAAA,24900,298800,0.007839456006574133,0.04688252881169319,0.03637622270200934,1.0,0.9869451697127938,0.9940709251594138,1.0,0.0003,1.0,6589.996968746185
depth4_bal_MMMMAAAA,4,MMMMAAAA,24925,299100,0.008329889814679822,0.0464846541484197,0.0369795915803739,1.0,0.9895561357702349,0.9944065331692583,1.0,0.0003,1.0,6595.540857791901
depth4_bal_MMMMAAAA,4,MMMMAAAA,24950,299400,0.007392229861579835,0.04490774249037107,0.036970096932990214,1.0,0.9908616187989556,0.9942946638326434,1.0,0.0003,1.0,6602.755182504654
depth4_bal_MMMMAAAA,4,MMMMAAAA,24975,299700,0.006410506670363247,0.04671763007839521,0.03525000847876072,1.0,0.9856396866840731,0.9940709251594138,1.0,0.0003,1.0,6609.1111924648285
depth4_bal_MMMMAAAA,4,MMMMAAAA,25000,300000,0.005343549108753602,0.05588266874353091,0.03457349166274071,1.0,0.9830287206266318,0.993959055822799,1.0,0.0003,1.0,6614.848958492279
depth4_bal_MMMMAAAA,4,MMMMAAAA,25025,300300,0.004602479049935937,0.05668767789999644,0.03307345440345151,1.0,0.9830287206266318,0.9933997091397248,1.0,0.0003,1.0,6621.500484466553
depth4_bal_MMMMAAAA,4,MMMMAAAA,25050,300600,0.0038323882423962155,0.048310257494449615,0.031149501406720705,1.0,0.9856396866840731,0.9937353171495693,1.0,0.0003,1.0,6627.705680608749
depth4_bal_MMMMAAAA,4,MMMMAAAA,25075,300900,0.003195111251746615,0.047529321163892746,0.0282297531408923,1.0,0.9830287206266318,0.9948540105157176,1.0,0.0003,1.0,6633.938182353973
depth4_bal_MMMMAAAA,4,MMMMAAAA,25100,301200,0.002589858719147742,0.04810383915901184,0.028246666118502618,1.0,0.9830287206266318,0.9937353171495693,1.0,0.0003,1.0,6641.014954328537
depth4_bal_MMMMAAAA,4,MMMMAAAA,25125,301500,4.3907521565755205,4.491561571756999,4.4747985294887,0.040796344647519585,0.022193211488250653,0.025058731401722788,1.0,0.0003,1.0,6648.457805395126
depth4_bal_MMMMAAAA,4,MMMMAAAA,25150,301800,1.280128965775172,1.6419583559036255,1.5886355706623623,0.6070496083550914,0.4451697127937337,0.4667188723570869,1.0,0.0003,1.0,6654.597474098206
depth4_bal_MMMMAAAA,4,MMMMAAAA,25175,302100,0.22143549223740897,0.4212052325407664,0.3891989588737488,0.9654046997389034,0.8785900783289817,0.8893612260879293,1.0,0.0003,1.0,6661.537927150726
depth4_bal_MMMMAAAA,4,MMMMAAAA,25200,302400,0.07627150913079579,0.20842971404393515,0.17863578030041286,0.9951044386422977,0.9477806788511749,0.9559234813737555,1.0,0.0003,1.0,6666.378716945648
depth4_bal_MMMMAAAA,4,MMMMAAAA,25225,302700,0.03497818283115824,0.14702476561069489,0.1381250892366682,1.0,0.9660574412532638,0.9665510683521646,1.0,0.0003,1.0,6670.758260250092
depth4_bal_MMMMAAAA,4,MMMMAAAA,25250,303000,0.029411063995212317,0.11674881478150685,0.10965539664030075,1.0,0.9699738903394256,0.9768430473207294,1.0,0.0003,1.0,6678.216962814331
depth4_bal_MMMMAAAA,4,MMMMAAAA,25275,303300,0.5202051103115082,0.5325974722703298,0.5398363871233803,0.8759791122715405,0.8642297650130548,0.8611701532609911,1.0,0.0003,1.0,6683.880590438843
depth4_bal_MMMMAAAA,4,MMMMAAAA,25300,303600,0.18892393882075945,0.3053961793581645,0.28231053565229686,0.9543080939947781,0.9007832898172323,0.9175522989148674,1.0,0.0003,1.0,6687.989630937576
depth4_bal_MMMMAAAA,4,MMMMAAAA,25325,303900,0.02108171038950483,0.09179907043774922,0.0970932631620339,1.0,0.9765013054830287,0.9766193086474997,1.0,0.0003,1.0,6692.2933349609375
depth4_bal_MMMMAAAA,4,MMMMAAAA,25350,304200,0.01817915930102269,0.0871749073266983,0.09197567190442767,1.0,0.97911227154047,0.9787448260431816,1.0,0.0003,1.0,6695.8112506866455
depth4_bal_MMMMAAAA,4,MMMMAAAA,25375,304500,0.14081046978632608,0.3928701976935069,0.3677432996886117,0.9673629242819843,0.8642297650130548,0.8841033672670321,1.0,0.0003,1.0,6701.339236021042
depth4_bal_MMMMAAAA,4,MMMMAAAA,25400,304800,0.04116631764918566,0.1465015783905983,0.13238993265799115,0.9951044386422977,0.9516971279373369,0.9642018122832532,1.0,0.0003,1.0,6706.881075620651
depth4_bal_MMMMAAAA,4,MMMMAAAA,25425,305100,0.016627920403455693,0.07336394488811493,0.07445835684026991,1.0,0.9830287206266318,0.9842264235373084,1.0,0.0003,1.0,6710.464793205261
depth4_bal_MMMMAAAA,4,MMMMAAAA,25450,305400,0.0274253711104393,0.07256051401297252,0.078348685162408,0.9990208877284595,0.9843342036553525,0.9836670768542343,1.0,0.0003,1.0,6715.759262800217
depth4_bal_MMMMAAAA,4,MMMMAAAA,25475,305700,0.013842085764432946,0.05456302066644033,0.06098916498678071,1.0,0.9869451697127938,0.9887011970019017,1.0,0.0003,1.0,6721.489499092102
depth4_bal_MMMMAAAA,4,MMMMAAAA,25500,306000,0.19786308457454047,0.3825553357601166,0.3261488710130964,0.9448433420365535,0.8707571801566579,0.8886900100682403,1.0,0.0003,1.0,6726.903278827667
depth4_bal_MMMMAAAA,4,MMMMAAAA,25525,306300,0.019290751156707604,0.07659124086300532,0.0749452367424965,1.0,0.9830287206266318,0.983778946190849,1.0,0.0003,1.0,6730.7694664001465
depth4_bal_MMMMAAAA,4,MMMMAAAA,25550,306600,0.014184536257137855,0.0627718282242616,0.059626258164644244,1.0,0.9869451697127938,0.9888130663385166,1.0,0.0003,1.0,6737.366859674454
depth4_bal_MMMMAAAA,4,MMMMAAAA,25575,306900,0.1292841974645853,0.2769811948140462,0.2929565919297082,0.9640992167101827,0.9086161879895561,0.9051348025506208,1.0,0.0003,1.0,6743.603420495987
depth4_bal_MMMMAAAA,4,MMMMAAAA,25600,307200,0.012613668028886119,0.04874860867857933,0.04833296899284635,1.0,0.9934725848563969,0.9928403624566506,1.0,0.0003,1.0,6747.383385419846
depth4_bal_MMMMAAAA,4,MMMMAAAA,25625,307500,0.010811373901863893,0.04604044184088707,0.04453004337847233,1.0,0.9921671018276762,0.99328783980311,1.0,0.0003,1.0,6753.803115606308
depth4_bal_MMMMAAAA,4,MMMMAAAA,25650,307800,0.4351013700167338,0.5676282644271851,0.5612020143440791,0.8723890339425587,0.8368146214099217,0.8252600962076295,1.0,0.0003,1.0,6761.291462421417
depth4_bal_MMMMAAAA,4,MMMMAAAA,25675,308100,0.044013715193917356,0.10415677477916081,0.10442212287868773,0.9970626631853786,0.9765013054830287,0.9755006152813513,1.0,0.0003,1.0,6767.949762105942
depth4_bal_MMMMAAAA,4,MMMMAAAA,25700,308400,0.01811962171147267,0.07497269784410794,0.08162533960172108,1.0,0.9856396866840731,0.9818771674683969,1.0,0.0003,1.0,6771.976391792297
depth4_bal_MMMMAAAA,4,MMMMAAAA,25725,308700,0.015316897304728627,0.06720522046089172,0.06809407909001623,1.0,0.9882506527415144,0.9856807249133013,1.0,0.0003,1.0,6775.500100135803
depth4_bal_MMMMAAAA,4,MMMMAAAA,25750,309000,0.015121050567055741,0.07007282227277756,0.06879887591515269,1.0,0.9843342036553525,0.9853451169034567,1.0,0.0003,1.0,6782.114092588425
depth4_bal_MMMMAAAA,4,MMMMAAAA,25775,309300,0.6792622084418932,0.865546703338623,0.8535357969147819,0.7767624020887729,0.7010443864229765,0.6963866204273409,1.0,0.0003,1.0,6786.16144323349
depth4_bal_MMMMAAAA,4,MMMMAAAA,25800,309600,0.01248322861889998,0.07553830246130626,0.06577189224106925,1.0,0.9843342036553525,0.9859044635865309,1.0,0.0003,1.0,6792.516670703888
depth4_bal_MMMMAAAA,4,MMMMAAAA,25825,309900,0.9719249407450358,0.8786926666895548,0.8646042193685259,0.6602480417754569,0.6879895561357703,0.6960510124174963,1.0,0.0003,1.0,6799.326029062271
depth4_bal_MMMMAAAA,4,MMMMAAAA,25850,310200,0.012080136220902205,0.05619459475080172,0.058706872697387426,1.0,0.9882506527415144,0.9882537196554424,1.0,0.0003,1.0,6806.139385461807
depth4_bal_MMMMAAAA,4,MMMMAAAA,25875,310500,0.010845278234531483,0.049880859752496086,0.05286263461623873,1.0,0.9908616187989556,0.9897080210314353,1.0,0.0003,1.0,6815.587596654892
depth4_bal_MMMMAAAA,4,MMMMAAAA,25900,310800,1.8815085490544636,1.7253868182500203,1.7074894973209926,0.44092689295039167,0.42689295039164493,0.42521534847298353,1.0,0.0003,1.0,6821.627487659454
depth4_bal_MMMMAAAA,4,MMMMAAAA,25925,311100,0.10289560506741206,0.2217994729677836,0.2088403901883534,0.9778067885117493,0.9268929503916449,0.9347801767535519,1.0,0.0003,1.0,6828.295649051666
depth4_bal_MMMMAAAA,4,MMMMAAAA,25950,311400,0.04099056528260311,0.10448424766461055,0.10873213091066905,0.9964099216710183,0.9673629242819843,0.9709139724801432,1.0,0.0003,1.0,6835.083704948425
depth4_bal_MMMMAAAA,4,MMMMAAAA,25975,311700,0.015338522692521414,0.0796365812420845,0.07648217380046844,1.0,0.9804177545691906,0.9825483834880859,1.0,0.0003,1.0,6841.2417414188385
depth4_bal_MMMMAAAA,4,MMMMAAAA,26000,312000,0.01705897677068909,0.07260045285026233,0.07255250045231411,1.0,0.9830287206266318,0.9840026848640787,1.0,0.0003,1.0,6846.193630218506
depth4_bal_MMMMAAAA,4,MMMMAAAA,26025,312300,0.7348592082659403,0.8855812946955363,0.9185788205691746,0.7689295039164491,0.7310704960835509,0.7171943170377,1.0,0.0003,1.0,6853.900521039963
depth4_bal_MMMMAAAA,4,MMMMAAAA,26050,312600,0.0640034827714165,0.1699968179066976,0.19219023606606891,0.9869451697127938,0.9451697127937336,0.9388074728716859,1.0,0.0003,1.0,6859.022633314133
depth4_bal_MMMMAAAA,4,MMMMAAAA,26075,312900,0.012466918909922242,0.06508452196915944,0.05685526941503797,1.0,0.9830287206266318,0.9909385837341984,1.0,0.0003,1.0,6865.850879669189
depth4_bal_MMMMAAAA,4,MMMMAAAA,26100,313200,0.010786958194027344,0.06823574379086494,0.05213747162904058,1.0,0.9856396866840731,0.9909385837341984,1.0,0.0003,1.0,6870.659814834595
depth4_bal_MMMMAAAA,4,MMMMAAAA,26125,313500,0.00903669255785644,0.06346648807326953,0.04923005583030837,1.0,0.9869451697127938,0.9917216690905023,1.0,0.0003,1.0,6877.492426395416
depth4_bal_MMMMAAAA,4,MMMMAAAA,26150,313800,4.605274955431621,4.763108412424724,4.769365651266916,0.028067885117493474,0.007832898172323759,0.008502069582727374,1.0,0.0003,1.0,6881.866326093674
depth4_bal_MMMMAAAA,4,MMMMAAAA,26175,314100,4.511903762817383,4.724406083424886,4.737664781297956,0.03557441253263707,0.01174934725848564,0.009956370958720215,1.0,0.0003,1.0,6887.144000530243
depth4_bal_MMMMAAAA,4,MMMMAAAA,26200,314400,4.374910950660706,4.631636301676433,4.653475570678711,0.03981723237597911,0.015665796344647518,0.012081888354402059,1.0,0.0003,1.0,6893.975346088409
depth4_bal_MMMMAAAA,4,MMMMAAAA,26225,314700,3.9589011669158936,4.257130146026611,4.285339178357805,0.05842036553524804,0.024804177545691905,0.022373867322966774,1.0,0.0003,1.0,6901.049449920654
depth4_bal_MMMMAAAA,4,MMMMAAAA,26250,315000,2.9960646828015647,3.2455641428629556,3.2295791217259,0.12075718015665797,0.06135770234986945,0.06432486855352948,1.0,0.0003,1.0,6907.265229940414
depth4_bal_MMMMAAAA,4,MMMMAAAA,26275,315300,2.4393697579701743,2.6361238161722818,2.60877651487078,0.20071801566579633,0.1227154046997389,0.13614498266025282,1.0,0.0003,1.0,6912.131717205048
depth4_bal_MMMMAAAA,4,MMMMAAAA,26300,315600,2.2387390534083047,2.4477548599243164,2.425844042641776,0.23922976501305482,0.1566579634464752,0.16959391430808815,1.0,0.0003,1.0,6917.265021562576
depth4_bal_MMMMAAAA,4,MMMMAAAA,26325,315900,2.157025476296743,2.379023631413778,2.3926767417362758,0.23368146214099217,0.1462140992167102,0.15359659917216692,1.0,0.0003,1.0,6924.782774448395
depth4_bal_MMMMAAAA,4,MMMMAAAA,26350,316200,2.6784584522247314,2.7549099127451577,2.737915815625872,0.16318537859007834,0.10966057441253264,0.11846962747510907,1.0,0.0003,1.0,6931.715240478516
depth4_bal_MMMMAAAA,4,MMMMAAAA,26375,316500,2.043799191713333,2.2850725650787354,2.3028011458260673,0.26403394255874674,0.1906005221932115,0.18503188276093524,1.0,0.0003,1.0,6935.221746921539
depth4_bal_MMMMAAAA,4,MMMMAAAA,26400,316800,2.0236262679100037,2.3117836316426597,2.3376628875732424,0.2686031331592689,0.19843342036553524,0.19308647499720327,1.0,0.0003,1.0,6944.334874629974
depth4_bal_MMMMAAAA,4,MMMMAAAA,26425,317100,1.950189729531606,2.222828229268392,2.2133392197745185,0.2943864229765013,0.19843342036553524,0.2014766752433158,1.0,0.0003,1.0,6949.894850730896
depth4_bal_MMMMAAAA,4,MMMMAAAA,26450,317400,1.9485012491544087,2.2305350303649902,2.20372108731951,0.2823107049608355,0.19321148825065274,0.19476451504642578,1.0,0.0003,1.0,6955.64093208313
depth4_bal_MMMMAAAA,4,MMMMAAAA,26475,317700,1.893201619386673,2.203916152318319,2.217843655177525,0.3035248041775457,0.2154046997389034,0.2163552970130887,1.0,0.0003,1.0,6962.225905418396
depth4_bal_MMMMAAAA,4,MMMMAAAA,26500,318000,1.9517594873905182,2.2881391048431396,2.2642832006726947,0.28100522193211486,0.17885117493472585,0.19096095760152143,1.0,0.0003,1.0,6969.747947692871
depth4_bal_MMMMAAAA,4,MMMMAAAA,26525,318300,1.8564264277617137,2.1448161602020264,2.117247002465384,0.31821148825065276,0.20887728459530025,0.21378230227094752,1.0,0.0003,1.0,6976.2625041008
depth4_bal_MMMMAAAA,4,MMMMAAAA,26550,318600,1.8859420716762543,2.17775821685791,2.2190996170043946,0.30450391644908614,0.20496083550913838,0.19610694708580378,1.0,0.0003,1.0,6983.67857503891
depth4_bal_MMMMAAAA,4,MMMMAAAA,26575,318900,1.9403903583685558,2.239046494166056,2.207615654809134,0.28296344647519583,0.17754569190600522,0.19196778163105493,1.0,0.0003,1.0,6990.382475852966
depth4_bal_MMMMAAAA,4,MMMMAAAA,26600,319200,1.8572928607463837,2.2101402282714844,2.2058700561523437,0.31233681462140994,0.19973890339425587,0.1981205951448708,1.0,0.0003,1.0,6995.453587293625
depth4_bal_MMMMAAAA,4,MMMMAAAA,26625,319500,1.8528820077578227,2.324772278467814,2.251661491394043,0.3162532637075718,0.18929503916449086,0.20158854457993064,1.0,0.0003,1.0,7002.551293849945
depth4_bal_MMMMAAAA,4,MMMMAAAA,26650,319800,1.858467807372411,2.2298672993977866,2.191279057094029,0.3071148825065274,0.19843342036553524,0.20662266472759816,1.0,0.0003,1.0,7009.909430027008
depth4_bal_MMMMAAAA,4,MMMMAAAA,26675,320100,1.8806012670199077,2.2669970989227295,2.261867250714983,0.29569190600522194,0.17493472584856398,0.1931983443338181,1.0,0.0003,1.0,7015.702068805695
depth4_bal_MMMMAAAA,4,MMMMAAAA,26700,320400,1.896856000026067,2.2105327447255454,2.18954279763358,0.2973237597911227,0.17754569190600522,0.20930752880635417,1.0,0.0003,1.0,7021.702572584152
depth4_bal_MMMMAAAA,4,MMMMAAAA,26725,320700,1.8967257142066956,2.253746191660563,2.206918634687151,0.28655352480417756,0.15926892950391644,0.1974493791251818,1.0,0.0003,1.0,7025.1693024635315
depth4_bal_MMMMAAAA,4,MMMMAAAA,26750,321000,1.8155011137326558,2.1979893843332925,2.1209692001342773,0.31429503916449086,0.18407310704960836,0.21713838236939256,1.0,0.0003,1.0,7029.099111318588
depth4_bal_MMMMAAAA,4,MMMMAAAA,26775,321300,1.763301283121109,2.1969520250956216,2.1369737557002475,0.32930809399477806,0.17101827676240208,0.1942051683633516,1.0,0.0003,1.0,7035.673758029938
depth4_bal_MMMMAAAA,4,MMMMAAAA,26800,321600,1.7087223927179973,2.1651758352915444,2.174220997946603,0.34660574412532635,0.17754569190600522,0.20718201141067233,1.0,0.0003,1.0,7042.474085330963
depth4_bal_MMMMAAAA,4,MMMMAAAA,26825,321900,1.861487478017807,2.178616921106974,2.205559825897217,0.3012402088772846,0.1906005221932115,0.207405750083902,1.0,0.0003,1.0,7048.971255302429
depth4_bal_MMMMAAAA,4,MMMMAAAA,26850,322200,1.6722419659296672,2.022141973177592,2.0291929960250856,0.35476501305483027,0.24673629242819844,0.24857366595816086,1.0,0.0003,1.0,7055.845587730408
depth4_bal_MMMMAAAA,4,MMMMAAAA,26875,322500,1.9159360826015472,2.1379165649414062,2.110475165503366,0.293733681462141,0.1906005221932115,0.19666629376887795,1.0,0.0003,1.0,7063.067729234695
depth4_bal_MMMMAAAA,4,MMMMAAAA,26900,322800,1.7074942390124004,1.9824341932932537,1.975818055016654,0.3449738903394256,0.25326370757180156,0.25215348472983556,1.0,0.0003,1.0,7069.535281419754
depth4_bal_MMMMAAAA,4,MMMMAAAA,26925,323100,1.703199287255605,1.9647645552953084,1.9484315701893398,0.3390992167101828,0.2297650130548303,0.2461125405526345,1.0,0.0003,1.0,7076.263262987137
depth4_bal_MMMMAAAA,4,MMMMAAAA,26950,323400,1.6306384205818176,2.020872116088867,2.0690885032926287,0.3704308093994778,0.2297650130548303,0.23156952679270612,1.0,0.0003,1.0,7082.798094511032
depth4_bal_MMMMAAAA,4,MMMMAAAA,26975,323700,2.0351717472076416,2.199536164601644,2.204967635018485,0.2839425587467363,0.17885117493472585,0.2001342432039378,1.0,0.0003,1.0,7089.450178861618
depth4_bal_MMMMAAAA,4,MMMMAAAA,27000,324000,1.6142861942450206,1.8007837136586506,1.7929184981754849,0.37532637075718017,0.26631853785900783,0.29186709922810156,1.0,0.0003,1.0,7095.348184108734
depth4_bal_MMMMAAAA,4,MMMMAAAA,27025,324300,1.6548471748828888,1.9277966817220051,1.8924890211650303,0.34660574412532635,0.2349869451697128,0.2569638662042734,1.0,0.0003,1.0,7103.320510864258
depth4_bal_MMMMAAAA,4,MMMMAAAA,27050,324600,1.4996218383312225,1.7737797101338704,1.7854376895087105,0.402088772845953,0.26631853785900783,0.2844837230115225,1.0,0.0003,1.0,7108.935895204544
depth4_bal_MMMMAAAA,4,MMMMAAAA,27075,324900,1.5052040219306946,1.7773075103759766,1.7566575118473597,0.40535248041775457,0.2584856396866841,0.29354513927732406,1.0,0.0003,1.0,7115.826328039169
depth4_bal_MMMMAAAA,4,MMMMAAAA,27100,325200,1.462896813948949,1.9452884594599407,1.9104373829705374,0.418733681462141,0.22193211488250653,0.2461125405526345,1.0,0.0003,1.0,7122.242997407913
depth4_bal_MMMMAAAA,4,MMMMAAAA,27125,325500,1.384613315264384,1.692175070444743,1.670737944330488,0.4614882506527415,0.30156657963446476,0.3212887347578029,1.0,0.0003,1.0,7129.519500017166
depth4_bal_MMMMAAAA,4,MMMMAAAA,27150,325800,1.5018118818600972,1.9705980618794758,1.9170470850808279,0.40143603133159267,0.21279373368146215,0.23917664168251482,1.0,0.0003,1.0,7137.042145252228
depth4_bal_MMMMAAAA,4,MMMMAAAA,27175,326100,1.4550099273522694,1.7916727860768635,1.7743612357548304,0.4177545691906005,0.28720626631853785,0.28526680836782636,1.0,0.0003,1.0,7144.089915513992
depth4_bal_MMMMAAAA,4,MMMMAAAA,27200,326400,1.359751433134079,1.6569512287775676,1.6531580652509417,0.4513707571801567,0.3002610966057441,0.3312451057165231,1.0,0.0003,1.0,7150.85466837883
depth4_bal_MMMMAAAA,4,MMMMAAAA,27225,326700,1.944686512152354,2.3771777947743735,2.427579525538853,0.3413838120104439,0.19843342036553524,0.1888354402058396,1.0,0.0003,1.0,7157.654849290848
depth4_bal_MMMMAAAA,4,MMMMAAAA,27250,327000,1.4849599599838257,1.7773863474527996,1.7592026199613298,0.402088772845953,0.27154046997389036,0.28884662713950104,1.0,0.0003,1.0,7164.749836921692
depth4_bal_MMMMAAAA,4,MMMMAAAA,27275,327300,1.340882271528244,1.6479251782099407,1.6419312851769583,0.4680156657963446,0.3394255874673629,0.34757802886228883,1.0,0.0003,1.0,7170.15350151062
depth4_bal_MMMMAAAA,4,MMMMAAAA,27300,327600,1.3818705379962921,1.694961428642273,1.6676719154630388,0.44778067885117495,0.3133159268929504,0.31647835328336504,1.0,0.0003,1.0,7176.203100681305
depth4_bal_MMMMAAAA,4,MMMMAAAA,27325,327900,1.6124751071135204,1.8913233677546184,1.887155852999006,0.36977806788511747,0.23759791122715404,0.2503635753439982,1.0,0.0003,1.0,7181.652980089188
depth4_bal_MMMMAAAA,4,MMMMAAAA,27350,328200,1.3252248565355937,1.788826545079549,1.7107238701411656,0.4644255874673629,0.2780678851174935,0.3093187157400157,1.0,0.0003,1.0,7188.4738001823425
depth4_bal_MMMMAAAA,4,MMMMAAAA,27375,328500,1.4933486481507618,1.7908453941345215,1.8079458679471696,0.4007832898172324,0.25718015665796345,0.2718424879740463,1.0,0.0003,1.0,7195.008357524872
depth4_bal_MMMMAAAA,4,MMMMAAAA,27400,328800,1.4036896228790283,1.6744986772537231,1.6658235379627773,0.4308093994778068,0.2924281984334204,0.3177089159861282,1.0,0.0003,1.0,7199.950855731964
depth4_bal_MMMMAAAA,4,MMMMAAAA,27425,329100,1.3340438505013783,1.822619915008545,1.8118709019252233,0.4676892950391645,0.27284595300261094,0.29018905917887905,1.0,0.0003,1.0,7206.599462985992
depth4_bal_MMMMAAAA,4,MMMMAAAA,27450,329400,1.4205651879310608,1.6930973132451375,1.6697674308504378,0.4210182767624021,0.31201044386422977,0.3266584629153149,1.0,0.0003,1.0,7213.445154428482
depth4_bal_MMMMAAAA,4,MMMMAAAA,27475,329700,1.2844365338484447,1.6018279790878296,1.6484661953789848,0.4908616187989556,0.34073107049608353,0.33146884438975277,1.0,0.0003,1.0,7220.1142382621765
depth4_bal_MMMMAAAA,4,MMMMAAAA,27500,330000,1.280776858329773,1.6379865805308025,1.6242058481488908,0.47943864229765015,0.32114882506527415,0.33974717529925047,1.0,0.0003,1.0,7227.166104316711
depth4_bal_MMMMAAAA,4,MMMMAAAA,27525,330300,1.366374542315801,1.7101131280263264,1.7242390394210816,0.43994778067885115,0.30156657963446476,0.3153596599172167,1.0,0.0003,1.0,7233.009343862534
depth4_bal_MMMMAAAA,4,MMMMAAAA,27550,330600,1.5176750818888347,1.8408595720926921,1.8145103011812482,0.3838120104438642,0.26631853785900783,0.27094753328112764,1.0,0.0003,1.0,7236.483398199081
depth4_bal_MMMMAAAA,4,MMMMAAAA,27575,330900,1.4229733149210613,1.6774890025456746,1.6663417169025967,0.429177545691906,0.3133159268929504,0.3206175187381139,1.0,0.0003,1.0,7241.777722835541
depth4_bal_MMMMAAAA,4,MMMMAAAA,27600,331200,1.296296884616216,1.7356586853663127,1.751673630305699,0.4663838120104439,0.2924281984334204,0.2963418726926949,1.0,0.0003,1.0,7248.363352060318
depth4_bal_MMMMAAAA,4,MMMMAAAA,27625,331500,1.4300049841403961,1.9277182420094807,1.8963902643748691,0.43113577023498695,0.24673629242819844,0.2536077861058284,1.0,0.0003,1.0,7254.928305864334
depth4_bal_MMMMAAAA,4,MMMMAAAA,27650,331800,1.443791538476944,1.753029743830363,1.7295094183513096,0.42199738903394257,0.29765013054830286,0.3028302942163553,1.0,0.0003,1.0,7261.408457279205
depth4_bal_MMMMAAAA,4,MMMMAAAA,27675,332100,1.2686885197957356,1.7357778151830037,1.7377030270440237,0.4977154046997389,0.2754569190600522,0.30618637431480034,1.0,0.0003,1.0,7267.874915838242
depth4_bal_MMMMAAAA,4,MMMMAAAA,27700,332400,1.346927324930827,1.7333139181137085,1.7244775090898787,0.44321148825065276,0.27023498694516973,0.2986911287616064,1.0,0.0003,1.0,7273.866060495377
depth4_bal_MMMMAAAA,4,MMMMAAAA,27725,332700,1.2344238956769307,1.562918782234192,1.5963549954550607,0.5022845953002611,0.3563968668407311,0.33997091397248014,1.0,0.0003,1.0,7279.164130449295
depth4_bal_MMMMAAAA,4,MMMMAAAA,27750,333000,1.2429805894692738,1.6870012283325195,1.6563096966062274,0.4983681462140992,0.3185378590078329,0.32442107618301824,1.0,0.0003,1.0,7285.028537034988
depth4_bal_MMMMAAAA,4,MMMMAAAA,27775,333300,1.317290186882019,1.684184988339742,1.6907780000141688,0.46736292428198434,0.29765013054830286,0.3089831077301712,1.0,0.0003,1.0,7291.953959465027
depth4_bal_MMMMAAAA,4,MMMMAAAA,27800,333600,1.2637076179186504,1.6245102485020955,1.614226004055568,0.4977154046997389,0.31070496083550914,0.32967893500391543,1.0,0.0003,1.0,7299.035996437073
depth4_bal_MMMMAAAA,4,MMMMAAAA,27825,333900,1.1960962613423665,1.7239794731140137,1.67926401751382,0.5172976501305483,0.27284595300261094,0.30920684640340085,1.0,0.0003,1.0,7305.646713972092
depth4_bal_MMMMAAAA,4,MMMMAAAA,27850,334200,1.2796007494131725,1.6874317328135173,1.697232815197536,0.483355091383812,0.3028720626631854,0.3189394786888914,1.0,0.0003,1.0,7312.354399204254
depth4_bal_MMMMAAAA,4,MMMMAAAA,27875,334500,1.3194868663946788,1.6646617650985718,1.6481139830180578,0.4703002610966057,0.2963446475195822,0.32710594026177425,1.0,0.0003,1.0,7318.640473604202
depth4_bal_MMMMAAAA,4,MMMMAAAA,27900,334800,1.2924927572409313,1.822446346282959,1.7863691023417883,0.47095300261096606,0.26109660574412535,0.28851101912965654,1.0,0.0003,1.0,7326.038681268692
depth4_bal_MMMMAAAA,4,MMMMAAAA,27925,335100,1.259157419204712,1.7366364002227783,1.7263238293784005,0.4924934725848564,0.29112271540469975,0.3060745049781855,1.0,0.0003,1.0,7332.502517700195
depth4_bal_MMMMAAAA,4,MMMMAAAA,27950,335400,1.2661469380060832,1.7447242339452107,1.7301870959145682,0.4892297650130548,0.2898172323759791,0.30987806242308985,1.0,0.0003,1.0,7339.002958059311
depth4_bal_MMMMAAAA,4,MMMMAAAA,27975,335700,1.2464849650859833,1.6265932321548462,1.6049146618161882,0.489556135770235,0.3342036553524804,0.34724242085244433,1.0,0.0003,1.0,7346.391924381256
depth4_bal_MMMMAAAA,4,MMMMAAAA,28000,336000,1.2309417426586151,1.6518285671869914,1.6185914278030396,0.508485639686684,0.3263707571801567,0.3431032553976955,1.0,0.0003,1.0,7354.002770185471
depth4_bal_MMMMAAAA,4,MMMMAAAA,28025,336300,1.275009661912918,1.612299879391988,1.618742333139692,0.48237597911227154,0.3093994778067885,0.32911958832084126,1.0,0.0003,1.0,7359.927492141724
depth4_bal_MMMMAAAA,4,MMMMAAAA,28050,336600,1.3546528021494548,1.679990331331889,1.642482076372419,0.456266318537859,0.30156657963446476,0.32050564940149906,1.0,0.0003,1.0,7366.304487228394
depth4_bal_MMMMAAAA,4,MMMMAAAA,28075,336900,1.3088449736436207,1.6332375605901082,1.6245838812419346,0.4856396866840731,0.33550913838120106,0.3256516388857814,1.0,0.0003,1.0,7373.6867887973785
depth4_bal_MMMMAAAA,4,MMMMAAAA,28100,337200,1.2056122322877247,1.64798637231191,1.606718989780971,0.5055483028720626,0.3198433420365535,0.3312451057165231,1.0,0.0003,1.0,7379.575023889542
depth4_bal_MMMMAAAA,4,MMMMAAAA,28125,337500,1.2519483466943104,1.7875325679779053,1.7470716510500226,0.512402088772846,0.283289817232376,0.2975724353954581,1.0,0.0003,1.0,7386.112096071243
depth4_bal_MMMMAAAA,4,MMMMAAAA,28150,337800,1.2266270617643993,1.7033097743988037,1.682066866329738,0.4983681462140992,0.293733681462141,0.31054927844277885,1.0,0.0003,1.0,7393.077730417252
depth4_bal_MMMMAAAA,4,MMMMAAAA,28175,338100,1.2170864542325337,1.6655360460281372,1.663435057231358,0.5,0.30548302872062666,0.3241973375097886,1.0,0.0003,1.0,7400.486741781235
depth4_bal_MMMMAAAA,4,MMMMAAAA,28200,338400,1.2845069567362468,1.9275416135787964,1.8988026584897721,0.47943864229765015,0.25718015665796345,0.2622217250251706,1.0,0.0003,1.0,7407.180524110794
depth4_bal_MMMMAAAA,4,MMMMAAAA,28225,338700,1.2728061079978943,1.7188726266225178,1.6864554473331996,0.4849869451697128,0.2963446475195822,0.3243092068464034,1.0,0.0003,1.0,7413.703387498856
depth4_bal_MMMMAAAA,4,MMMMAAAA,28250,339000,1.3319511910279591,1.65365731716156,1.6543156657900129,0.4618146214099217,0.3093994778067885,0.32084125741134356,1.0,0.0003,1.0,7418.7322306633
depth4_bal_MMMMAAAA,4,MMMMAAAA,28275,339300,1.2061059772968292,1.5860182046890259,1.5520870992115565,0.518603133159269,0.3342036553524804,0.35719879181116454,1.0,0.0003,1.0,7423.0071749687195
depth4_bal_MMMMAAAA,4,MMMMAAAA,28300,339600,1.2229020694891612,1.6685385704040527,1.672797349521092,0.49967362924281983,0.2898172323759791,0.31681396129320955,1.0,0.0003,1.0,7429.825027227402
depth4_bal_MMMMAAAA,4,MMMMAAAA,28325,339900,1.2750932971636455,1.6116955677668254,1.6178152799606322,0.47617493472584854,0.30809399477806787,0.33941156728940597,1.0,0.0003,1.0,7436.910169124603
depth4_bal_MMMMAAAA,4,MMMMAAAA,28350,340200,1.2892358203728993,1.6541417042414348,1.6573078325816564,0.4758485639686684,0.31723237597911225,0.3219599507774919,1.0,0.0003,1.0,7443.08846282959
depth4_bal_MMMMAAAA,4,MMMMAAAA,28375,340500,1.1991247336069744,1.6091476281483967,1.6163360595703125,0.5048955613577023,0.34856396866840733,0.344110079427229,1.0,0.0003,1.0,7450.227082967758
depth4_bal_MMMMAAAA,4,MMMMAAAA,28400,340800,1.1241938769817352,1.6334216992060344,1.6148488657815117,0.5613577023498695,0.32114882506527415,0.34802550620874817,1.0,0.0003,1.0,7456.271429300308
depth4_bal_MMMMAAAA,4,MMMMAAAA,28425,341100,1.1218301753203075,1.6189066569010417,1.599203395843506,0.5427545691906005,0.3289817232375979,0.3517171943170377,1.0,0.0003,1.0,7463.1711366176605
depth4_bal_MMMMAAAA,4,MMMMAAAA,28450,341400,1.1967698633670807,1.6125340064366658,1.6363429921013968,0.5130548302872062,0.3394255874673629,0.3378453965767983,1.0,0.0003,1.0,7469.246230840683
depth4_bal_MMMMAAAA,4,MMMMAAAA,28475,341700,1.2589005529880524,1.7359182834625244,1.7187734263283865,0.4924934725848564,0.2963446475195822,0.30820002237386734,1.0,0.0003,1.0,7475.533145189285
depth4_bal_MMMMAAAA,4,MMMMAAAA,28500,342000,1.2194825907548268,1.6501130660374959,1.6583960430962699,0.5202349869451697,0.30156657963446476,0.3212887347578029,1.0,0.0003,1.0,7481.435891151428
depth4_bal_MMMMAAAA,4,MMMMAAAA,28525,342300,1.1337270736694336,1.6878598133722942,1.6323735271181379,0.5473237597911227,0.3224543080939948,0.33370623112204945,1.0,0.0003,1.0,7486.377545833588
depth4_bal_MMMMAAAA,4,MMMMAAAA,28550,342600,1.2044848501682281,1.6854958136876423,1.6754880019596645,0.5081592689295039,0.30156657963446476,0.32374986016332924,1.0,0.0003,1.0,7491.975701570511
depth4_bal_MMMMAAAA,4,MMMMAAAA,28575,342900,1.2317038476467133,1.754023273785909,1.776884116445269,0.4941253263707572,0.2950391644908616,0.3089831077301712,1.0,0.0003,1.0,7498.631096601486
depth4_bal_MMMMAAAA,4,MMMMAAAA,28600,343200,1.1820040941238403,1.633278250694275,1.6144008943012782,0.5228459530026109,0.293733681462141,0.34836111421859267,1.0,0.0003,1.0,7503.937307834625
depth4_bal_MMMMAAAA,4,MMMMAAAA,28625,343500,1.2011750638484955,1.5931401650110881,1.565049856049674,0.5221932114882507,0.35117493472584854,0.35686318380132004,1.0,0.0003,1.0,7510.899495840073
depth4_bal_MMMMAAAA,4,MMMMAAAA,28650,343800,1.2235160768032074,1.7730657656987507,1.7857096263340542,0.4970626631853786,0.3002610966057441,0.30853563038371185,1.0,0.0003,1.0,7518.323915481567
depth4_bal_MMMMAAAA,4,MMMMAAAA,28675,344100,1.310822566350301,1.782670259475708,1.7755816323416573,0.472911227154047,0.2885117493472585,0.2847074616847522,1.0,0.0003,1.0,7521.911168336868
depth4_bal_MMMMAAAA,4,MMMMAAAA,28700,344400,1.2501699129740398,1.6617908477783203,1.6358726263046264,0.4830287206266319,0.3276762402088773,0.3322519297460566,1.0,0.0003,1.0,7530.393671989441
depth4_bal_MMMMAAAA,4,MMMMAAAA,28725,344700,1.1448331673940022,1.66499924659729,1.6677990436553956,0.5404699738903395,0.31723237597911225,0.32878398031099676,1.0,0.0003,1.0,7537.846247911453
depth4_bal_MMMMAAAA,4,MMMMAAAA,28750,345000,1.162042369445165,1.7714989185333252,1.752776793071202,0.5251305483028721,0.3028720626631854,0.307752545027408,1.0,0.0003,1.0,7544.705819606781
depth4_bal_MMMMAAAA,4,MMMMAAAA,28775,345300,1.235584795475006,1.741639534632365,1.6895456109728133,0.5009791122715405,0.2885117493472585,0.3160308759369057,1.0,0.0003,1.0,7551.442522525787
depth4_bal_MMMMAAAA,4,MMMMAAAA,28800,345600,1.1811411082744598,1.6452964544296265,1.6478214400155204,0.537532637075718,0.3224543080939948,0.3286721109743819,1.0,0.0003,1.0,7557.662456989288
depth4_bal_MMMMAAAA,4,MMMMAAAA,28825,345900,1.1544750134150188,1.6909775336583455,1.653558087348938,0.5296997389033943,0.3198433420365535,0.33571987918111645,1.0,0.0003,1.0,7565.360369920731
depth4_bal_MMMMAAAA,4,MMMMAAAA,28850,346200,1.2586807111899059,1.7040316263834636,1.7158486706869942,0.4941253263707572,0.3224543080939948,0.32285490547041057,1.0,0.0003,1.0,7572.055468559265
depth4_bal_MMMMAAAA,4,MMMMAAAA,28875,346500,1.2621253927548726,1.6599374214808147,1.6555566310882568,0.5055483028720626,0.3028720626631854,0.3096543237498602,1.0,0.0003,1.0,7579.1880967617035
depth4_bal_MMMMAAAA,4,MMMMAAAA,28900,346800,1.1498381197452545,1.6138795216878254,1.590434615952628,0.5287206266318538,0.3433420365535248,0.35820561584069804,1.0,0.0003,1.0,7586.304412126541
depth4_bal_MMMMAAAA,4,MMMMAAAA,28925,347100,1.165448655684789,1.7032287120819092,1.6788417407444545,0.535574412532637,0.3133159268929504,0.33146884438975277,1.0,0.0003,1.0,7593.548641681671
depth4_bal_MMMMAAAA,4,MMMMAAAA,28950,347400,1.2323301335175831,1.679837425549825,1.669456536429269,0.4964099216710183,0.2780678851174935,0.3094305850766305,1.0,0.0003,1.0,7599.85738492012
depth4_bal_MMMMAAAA,4,MMMMAAAA,28975,347700,1.1943256954352062,1.625138759613037,1.6155562979834421,0.5192558746736292,0.3198433420365535,0.3464593354961405,1.0,0.0003,1.0,7603.833734512329
depth4_bal_MMMMAAAA,4,MMMMAAAA,29000,348000,1.247200568517049,2.019009749094645,1.9126239470073154,0.48596605744125326,0.2349869451697128,0.26837453853898646,1.0,0.0003,1.0,7607.456323623657
depth4_bal_MMMMAAAA,4,MMMMAAAA,29025,348300,1.344097912311554,1.7511471509933472,1.7371768202100482,0.4428851174934726,0.2689295039164491,0.3018234701868218,1.0,0.0003,1.0,7612.762791633606
depth4_bal_MMMMAAAA,4,MMMMAAAA,29050,348600,1.1755077044169109,1.5953380664189656,1.5983190843037196,0.5277415143603134,0.3302872062663185,0.3432151247343103,1.0,0.0003,1.0,7619.299004793167
depth4_bal_MMMMAAAA,4,MMMMAAAA,29075,348900,1.500246783097585,1.7625653743743896,1.7484138897487096,0.4236292428198433,0.2650130548302872,0.2823582056158407,1.0,0.0003,1.0,7624.386519908905
depth4_bal_MMMMAAAA,4,MMMMAAAA,29100,349200,1.1786788205305736,1.523380994796753,1.556030307497297,0.533289817232376,0.36945169712793735,0.35988365588992055,1.0,0.0003,1.0,7630.396651506424
depth4_bal_MMMMAAAA,4,MMMMAAAA,29125,349500,1.1890243291854858,1.6261571645736694,1.638516276223319,0.5169712793733682,0.30678851174934724,0.3258753775590111,1.0,0.0003,1.0,7637.038645029068
depth4_bal_MMMMAAAA,4,MMMMAAAA,29150,349800,1.1438308258851368,1.6057766278584797,1.5851057427270072,0.5404699738903395,0.34203655352480417,0.3550732744154827,1.0,0.0003,1.0,7644.769967556
depth4_bal_MMMMAAAA,4,MMMMAAAA,29175,350100,1.1527964373429616,1.619778037071228,1.6239338397979737,0.5234986945169713,0.3368146214099217,0.34097773800201364,1.0,0.0003,1.0,7650.038662910461
depth4_bal_MMMMAAAA,4,MMMMAAAA,29200,350400,1.4459135830402374,1.8648113409678142,1.7978161641529629,0.4216710182767624,0.24281984334203655,0.2748629600626468,1.0,0.0003,1.0,7656.408760070801
depth4_bal_MMMMAAAA,4,MMMMAAAA,29225,350700,1.5337266325950623,1.885919411977132,1.881075256211417,0.408289817232376,0.2297650130548303,0.26367602640116344,1.0,0.0003,1.0,7663.109704256058
depth4_bal_MMMMAAAA,4,MMMMAAAA,29250,351000,1.1766959528128307,1.6771125396092732,1.6589266572679793,0.5287206266318538,0.29765013054830286,0.33370623112204945,1.0,0.0003,1.0,7668.866967916489
depth4_bal_MMMMAAAA,4,MMMMAAAA,29275,351300,1.1600858271121979,1.6671401659647624,1.6552514553070068,0.5251305483028721,0.2963446475195822,0.32307864414364024,1.0,0.0003,1.0,7676.252300739288
depth4_bal_MMMMAAAA,4,MMMMAAAA,29300,351600,1.2079999943574269,1.6117721398671467,1.6003493853977748,0.5244778067885117,0.34464751958224543,0.3538427117127195,1.0,0.0003,1.0,7683.707193374634
depth4_bal_MMMMAAAA,4,MMMMAAAA,29325,351900,1.29758616288503,1.6933055718739827,1.674084312575204,0.47715404699738906,0.31070496083550914,0.311779841145542,1.0,0.0003,1.0,7690.421365976334
depth4_bal_MMMMAAAA,4,MMMMAAAA,29350,352200,1.303607811530431,1.7578625281651814,1.7152804034096854,0.4810704960835509,0.293733681462141,0.309094977066786,1.0,0.0003,1.0,7697.077327251434
depth4_bal_MMMMAAAA,4,MMMMAAAA,29375,352500,1.3566382825374603,2.5691498120625815,2.511568423679897,0.48433420365535246,0.1801566579634465,0.18939478688891376,1.0,0.0003,1.0,7701.06272649765
depth4_bal_MMMMAAAA,4,MMMMAAAA,29400,352800,1.1802030205726624,1.7128507296244304,1.698546096256801,0.5228459530026109,0.30809399477806787,0.31916321736212105,1.0,0.0003,1.0,7707.45641875267
depth4_bal_MMMMAAAA,4,MMMMAAAA,29425,353100,1.2479563653469086,1.8179030815760295,1.814274297441755,0.4941253263707572,0.27023498694516973,0.29455196330685757,1.0,0.0003,1.0,7713.627976894379
depth4_bal_MMMMAAAA,4,MMMMAAAA,29450,353400,1.0794536868731182,1.6028831402460735,1.619280811718532,0.5763707571801566,0.34203655352480417,0.3498154155945855,1.0,0.0003,1.0,7720.9139523506165
depth4_bal_MMMMAAAA,4,MMMMAAAA,29475,353700,1.1816494067509968,1.7489067713419597,1.7061371258326938,0.5156657963446475,0.2793733681462141,0.30260655554312565,1.0,0.0003,1.0,7726.399716377258
depth4_bal_MMMMAAAA,4,MMMMAAAA,29500,354000,1.2305187980333965,1.696396787961324,1.6747330256870814,0.5097911227154047,0.3198433420365535,0.3159190066002909,1.0,0.0003,1.0,7732.444902420044
depth4_bal_MMMMAAAA,4,MMMMAAAA,29525,354300,1.222895969947179,1.7588239908218384,1.717946560042245,0.4879242819843342,0.3133159268929504,0.3255397695491666,1.0,0.0003,1.0,7738.453356742859
depth4_bal_MMMMAAAA,4,MMMMAAAA,29550,354600,1.4885198573271434,1.9220101435979207,1.9050159249986922,0.40763707571801566,0.24934725848563968,0.2542790021255174,1.0,0.0003,1.0,7744.911753416061
depth4_bal_MMMMAAAA,4,MMMMAAAA,29575,354900,1.1420010427633922,1.6534147262573242,1.6773567983082363,0.5571148825065274,0.3133159268929504,0.32609911623224075,1.0,0.0003,1.0,7752.3160235881805
depth4_bal_MMMMAAAA,4,MMMMAAAA,29600,355200,1.6176129877567291,2.071003039677938,2.05130866595677,0.39719321148825065,0.22193211488250653,0.23861729499944065,1.0,0.0003,1.0,7758.219745874405
depth4_bal_MMMMAAAA,4,MMMMAAAA,29625,355500,1.1857556700706482,1.6415172417958577,1.6526620388031006,0.5251305483028721,0.33550913838120106,0.34366260208076965,1.0,0.0003,1.0,7764.809458255768
depth4_bal_MMMMAAAA,4,MMMMAAAA,29650,355800,1.2073040008544922,1.6354976097742717,1.6643710272652763,0.5042428198433421,0.3328981723237598,0.32609911623224075,1.0,0.0003,1.0,7769.141123056412
depth4_bal_MMMMAAAA,4,MMMMAAAA,29675,356100,1.2575852473576863,1.7570478121439617,1.75456577369145,0.48988250652741516,0.2924281984334204,0.30327777156281466,1.0,0.0003,1.0,7774.363396406174
depth4_bal_MMMMAAAA,4,MMMMAAAA,29700,356400,1.1614579657713573,1.693491776784261,1.6397953680583408,0.5195822454308094,0.3093994778067885,0.3444456874370735,1.0,0.0003,1.0,7780.2301433086395
depth4_bal_MMMMAAAA,4,MMMMAAAA,29725,356700,1.218793898820877,1.6761962175369263,1.6522577285766602,0.5065274151436031,0.32506527415143605,0.33035015102360443,1.0,0.0003,1.0,7784.948773622513
depth4_bal_MMMMAAAA,4,MMMMAAAA,29750,357000,1.4020988543828328,1.8380628029505413,1.8149740321295602,0.4255874673629243,0.24934725848563968,0.278107170824477,1.0,0.0003,1.0,7791.039006233215
depth4_bal_MMMMAAAA,4,MMMMAAAA,29775,357300,1.4400616387526195,1.741679032643636,1.7368419408798217,0.4510443864229765,0.2741514360313316,0.2837006376552187,1.0,0.0003,1.0,7798.33939409256
depth4_bal_MMMMAAAA,4,MMMMAAAA,29800,357600,1.1793982088565826,1.609053651491801,1.615320450919015,0.5215404699738904,0.3224543080939948,0.3491441995748965,1.0,0.0003,1.0,7805.32017159462
depth4_bal_MMMMAAAA,4,MMMMAAAA,29825,357900,1.1714842021465302,1.5749428272247314,1.5956498520714897,0.5234986945169713,0.3733681462140992,0.3573106611477794,1.0,0.0003,1.0,7812.419899463654
depth4_bal_MMMMAAAA,4,MMMMAAAA,29850,358200,1.1199904183546703,1.616125265757243,1.604072986330305,0.5391644908616188,0.3472584856396867,0.35484953574225303,1.0,0.0003,1.0,7819.386572599411
depth4_bal_MMMMAAAA,4,MMMMAAAA,29875,358500,1.332466979821523,1.657023509343465,1.6747210332325526,0.4924934725848564,0.2793733681462141,0.31222731849200136,1.0,0.0003,1.0,7826.070272445679
depth4_bal_MMMMAAAA,4,MMMMAAAA,29900,358800,1.2826656599839528,1.658490498860677,1.649290633201599,0.4774804177545692,0.2950391644908616,0.3222955587873364,1.0,0.0003,1.0,7832.663501262665
depth4_bal_MMMMAAAA,4,MMMMAAAA,29925,359100,1.3027445276578267,1.6902817090352376,1.6578571353639875,0.4601827676240209,0.283289817232376,0.31379348920460903,1.0,0.0003,1.0,7839.257940292358
depth4_bal_MMMMAAAA,4,MMMMAAAA,29950,359400,1.2900982399781544,1.6644351482391357,1.6716487339564732,0.47127937336814624,0.30678851174934724,0.3226311667971809,1.0,0.0003,1.0,7846.154870033264
depth4_bal_MMMMAAAA,4,MMMMAAAA,29975,359700,1.2195852994918823,1.6145755847295125,1.6211664949144635,0.49673629242819844,0.3328981723237598,0.3325875377559011,1.0,0.0003,1.0,7850.318466424942
depth4_bal_MMMMAAAA,4,MMMMAAAA,30000,360000,1.176226794719696,1.6591272751490276,1.6429542984281267,0.5443864229765013,0.3002610966057441,0.33639109520080546,1.0,0.0003,1.0,7856.842186927795
depth4_bal_MMMMAAAA,4,MMMMAAAA,30025,360300,1.1931098401546478,1.680649956067403,1.6907041958400182,0.5133812010443864,0.30678851174934724,0.3177089159861282,1.0,0.0003,1.0,7864.219128370285
depth4_bal_MMMMAAAA,4,MMMMAAAA,30050,360600,1.113039180636406,1.6535557508468628,1.6423581395830427,0.5443864229765013,0.3224543080939948,0.3335943617854346,1.0,0.0003,1.0,7871.90033698082
depth4_bal_MMMMAAAA,4,MMMMAAAA,30075,360900,1.384487013022105,1.7996269464492798,1.7829193081174577,0.4556135770234987,0.23890339425587467,0.26334041839131894,1.0,0.0003,1.0,7877.511347532272
depth4_bal_MMMMAAAA,4,MMMMAAAA,30100,361200,1.2574855387210846,1.5646901925404866,1.5754474026816232,0.49673629242819844,0.3629242819843342,0.35429018905917886,1.0,0.0003,1.0,7881.429070234299
depth4_bal_MMMMAAAA,4,MMMMAAAA,30125,361500,1.171966960032781,1.671006719271342,1.639659779412406,0.5313315926892951,0.31592689295039167,0.3262109855688556,1.0,0.0003,1.0,7886.852080583572
depth4_bal_MMMMAAAA,4,MMMMAAAA,30150,361800,1.1864180266857147,1.7187142769495647,1.6774095058441163,0.5137075718015666,0.3093994778067885,0.32319051348025507,1.0,0.0003,1.0,7893.099603891373
depth4_bal_MMMMAAAA,4,MMMMAAAA,30175,362100,1.0807025382916133,1.668821136156718,1.6330973386764527,0.5760443864229765,0.3185378590078329,0.3424320393780065,1.0,0.0003,1.0,7899.900224685669
depth4_bal_MMMMAAAA,4,MMMMAAAA,30200,362400,1.1116923888524373,1.681792179743449,1.6854172876902989,0.5453655352480418,0.3133159268929504,0.3256516388857814,1.0,0.0003,1.0,7907.043199777603
depth4_bal_MMMMAAAA,4,MMMMAAAA,30225,362700,1.1197441418965657,1.6867793401082356,1.613553125517709,0.5580939947780679,0.3237597911227154,0.35015102360443,1.0,0.0003,1.0,7912.094256639481
depth4_bal_MMMMAAAA,4,MMMMAAAA,30250,363000,1.2460626463095348,1.6883610089619954,1.7132674217224122,0.4993472584856397,0.31070496083550914,0.30641011298803,1.0,0.0003,1.0,7918.44837808609
depth4_bal_MMMMAAAA,4,MMMMAAAA,30275,363300,1.4309926132361095,1.7781746784845989,1.799886042731149,0.43048302872062666,0.30548302872062666,0.2917552298914867,1.0,0.0003,1.0,7925.2417685985565
depth4_bal_MMMMAAAA,4,MMMMAAAA,30300,363600,1.1012739439805348,1.6915748516718547,1.6384892463684082,0.547976501305483,0.31592689295039167,0.33001454301375993,1.0,0.0003,1.0,7931.957257986069
depth4_bal_MMMMAAAA,4,MMMMAAAA,30325,363900,1.1716602444648743,1.765114704767863,1.732192986352103,0.5212140992167101,0.2845953002610966,0.3126747958384607,1.0,0.0003,1.0,7939.48730635643
depth4_bal_MMMMAAAA,4,MMMMAAAA,30350,364200,1.1431461572647095,1.604826291402181,1.574880565915789,0.5404699738903395,0.3276762402088773,0.3584293545139277,1.0,0.0003,1.0,7945.3549015522
depth4_bal_MMMMAAAA,4,MMMMAAAA,30375,364500,1.3302121957143147,1.722535252571106,1.7533815349851336,0.47127937336814624,0.3093994778067885,0.2970130887123839,1.0,0.0003,1.0,7949.795718669891
depth4_bal_MMMMAAAA,4,MMMMAAAA,30400,364800,1.8442935943603516,1.931744893391927,1.941351774760655,0.3345300261096606,0.20496083550913838,0.24421076183018234,1.0,0.0003,1.0,7955.249680042267
depth4_bal_MMMMAAAA,4,MMMMAAAA,30425,365100,1.2324494421482086,1.6981704235076904,1.7457534790039062,0.5091383812010444,0.3093994778067885,0.3001454301375993,1.0,0.0003,1.0,7962.247037649155
depth4_bal_MMMMAAAA,4,MMMMAAAA,30450,365400,1.1521005928516388,1.6476247708002727,1.6690604073660715,0.5372062663185379,0.30809399477806787,0.32475668419286274,1.0,0.0003,1.0,7968.298455953598
depth4_bal_MMMMAAAA,4,MMMMAAAA,30475,365700,1.068922534584999,1.7167845964431763,1.6646530900682721,0.5737597911227154,0.2963446475195822,0.3302382816869896,1.0,0.0003,1.0,7973.50293970108
depth4_bal_MMMMAAAA,4,MMMMAAAA,30500,366000,1.15645033121109,1.6127940813700359,1.5736683198383876,0.5610313315926893,0.304177545691906,0.3557444904351717,1.0,0.0003,1.0,7980.750127315521
depth4_bal_MMMMAAAA,4,MMMMAAAA,30525,366300,1.1969731946786244,1.7258282502492268,1.7391177483967373,0.5107702349869452,0.2754569190600522,0.2995860834545251,1.0,0.0003,1.0,7985.37347817421
depth4_bal_MMMMAAAA,4,MMMMAAAA,30550,366600,1.1702341586351395,1.7330117623011272,1.7615142413548062,0.514686684073107,0.2845953002610966,0.3040608569191185,1.0,0.0003,1.0,7991.637956380844
depth4_bal_MMMMAAAA,4,MMMMAAAA,30575,366900,1.15228204925855,1.7110737959543865,1.66985034261431,0.5362271540469974,0.3028720626631854,0.3335943617854346,1.0,0.0003,1.0,7995.478125572205
depth4_bal_MMMMAAAA,4,MMMMAAAA,30600,367200,1.1207501590251923,1.6814542611440022,1.6711509704589844,0.5483028720626631,0.3328981723237598,0.32979080434053026,1.0,0.0003,1.0,7999.243351697922
depth4_bal_MMMMAAAA,4,MMMMAAAA,30625,367500,1.1320974330107372,1.6465349594751995,1.6079616001674106,0.5381853785900783,0.31462140992167104,0.34892046090166684,1.0,0.0003,1.0,8004.4420664310455
depth4_bal_MMMMAAAA,4,MMMMAAAA,30650,367800,1.2151962021986644,1.761389931042989,1.714426633289882,0.5107702349869452,0.30156657963446476,0.3172614386396689,1.0,0.0003,1.0,8011.214115619659
depth4_bal_MMMMAAAA,4,MMMMAAAA,30675,368100,1.1688125530878704,1.8600250482559204,1.8290275709969657,0.5189295039164491,0.2924281984334204,0.279449602863855,1.0,0.0003,1.0,8018.012807846069
depth4_bal_MMMMAAAA,4,MMMMAAAA,30700,368400,1.2282061278820038,1.7579404910405476,1.7248072556086949,0.5009791122715405,0.27284595300261094,0.305738896968341,1.0,0.0003,1.0,8022.953006744385
depth4_bal_MMMMAAAA,4,MMMMAAAA,30725,368700,1.2591227293014526,1.7188352346420288,1.7347747564315796,0.48857702349869453,0.30678851174934724,0.30820002237386734,1.0,0.0003,1.0,8026.468459367752
depth4_bal_MMMMAAAA,4,MMMMAAAA,30750,369000,1.1516587138175964,1.631709615389506,1.6429591826030185,0.5316579634464752,0.3237597911227154,0.34008278330909497,1.0,0.0003,1.0,8031.335653305054
depth4_bal_MMMMAAAA,4,MMMMAAAA,30775,369300,1.268650750319163,1.7784749269485474,1.7483131408691406,0.49445169712793735,0.26631853785900783,0.2933214006040944,1.0,0.0003,1.0,8037.950119018555
depth4_bal_MMMMAAAA,4,MMMMAAAA,30800,369600,1.13698344429334,1.6410212119420369,1.6621673924582345,0.5326370757180157,0.31070496083550914,0.32911958832084126,1.0,0.0003,1.0,8045.202560186386
depth4_bal_MMMMAAAA,4,MMMMAAAA,30825,369900,1.068147450685501,1.716257095336914,1.7180422169821603,0.5675587467362925,0.29765013054830286,0.309094977066786,1.0,0.0003,1.0,8049.353437662125
depth4_bal_MMMMAAAA,4,MMMMAAAA,30850,370200,1.1181508402029674,1.64666481812795,1.6483773674283708,0.554177545691906,0.3263707571801567,0.3425439087146213,1.0,0.0003,1.0,8055.297795534134
depth4_bal_MMMMAAAA,4,MMMMAAAA,30875,370500,1.2244574824968975,1.8954066038131714,1.8240570749555316,0.512402088772846,0.2454308093994778,0.282134466942611,1.0,0.0003,1.0,8062.595463037491
depth4_bal_MMMMAAAA,4,MMMMAAAA,30900,370800,1.2188970347245534,1.7119866212209065,1.6698780366352626,0.5097911227154047,0.2689295039164491,0.3272178095983891,1.0,0.0003,1.0,8069.332950115204
depth4_bal_MMMMAAAA,4,MMMMAAAA,30925,371100,1.1756434341271718,1.7449930508931477,1.6856093951634,0.52088772845953,0.2963446475195822,0.311108625125853,1.0,0.0003,1.0,8075.985410928726
depth4_bal_MMMMAAAA,4,MMMMAAAA,30950,371400,1.029690111676852,1.6069244146347046,1.5987205641610283,0.5943211488250653,0.3524804177545692,0.345452511466607,1.0,0.0003,1.0,8081.695131063461
depth4_bal_MMMMAAAA,4,MMMMAAAA,30975,371700,1.0531361798445384,1.6564511060714722,1.6294976200376239,0.5760443864229765,0.3185378590078329,0.34366260208076965,1.0,0.0003,1.0,8089.145133972168
depth4_bal_MMMMAAAA,4,MMMMAAAA,31000,372000,1.097984532515208,1.7085578441619873,1.6790152515683856,0.5473237597911227,0.31462140992167104,0.3263228549054704,1.0,0.0003,1.0,8096.8626544475555
depth4_bal_MMMMAAAA,4,MMMMAAAA,31025,372300,1.1096233526865642,1.698809822400411,1.664400144985744,0.5528720626631853,0.304177545691906,0.32442107618301824,1.0,0.0003,1.0,8103.202710866928
depth4_bal_MMMMAAAA,4,MMMMAAAA,31050,372600,1.1238944331804912,1.7440560658772786,1.7042379549571447,0.5326370757180157,0.283289817232376,0.32844837230115226,1.0,0.0003,1.0,8110.230860710144
depth4_bal_MMMMAAAA,4,MMMMAAAA,31075,372900,1.088832567135493,1.710720181465149,1.6798847675323487,0.5571148825065274,0.3302872062663185,0.3375097885669538,1.0,0.0003,1.0,8117.52795958519
depth4_bal_MMMMAAAA,4,MMMMAAAA,31100,373200,1.213359276453654,1.8434473673502605,1.8344129494258337,0.5120757180156658,0.26631853785900783,0.2728493120035798,1.0,0.0003,1.0,8124.540111780167
depth4_bal_MMMMAAAA,4,MMMMAAAA,31125,373500,1.1332460542519887,1.6222831805547078,1.598249694279262,0.5535248041775457,0.29765013054830286,0.35328336502964536,1.0,0.0003,1.0,8130.699542999268
depth4_bal_MMMMAAAA,4,MMMMAAAA,31150,373800,1.2412852148214977,1.6691690683364868,1.6761482681546893,0.4970626631853786,0.31462140992167104,0.3150240519073722,1.0,0.0003,1.0,8138.300842046738
depth4_bal_MMMMAAAA,4,MMMMAAAA,31175,374100,1.2899229228496552,1.728177587191264,1.7190723725727626,0.4745430809399478,0.3028720626631854,0.30887123839355635,1.0,0.0003,1.0,8145.155681371689
depth4_bal_MMMMAAAA,4,MMMMAAAA,31200,374400,1.0181673268477123,1.5421151320139568,1.5435730900083269,0.5904046997389034,0.3433420365535248,0.38024387515382035,1.0,0.0003,1.0,8152.012470960617
depth4_bal_MMMMAAAA,4,MMMMAAAA,31225,374700,1.068120817343394,1.6298072735468547,1.6410150119236537,0.5724543080939948,0.3524804177545692,0.34433381810045866,1.0,0.0003,1.0,8159.229425907135
depth4_bal_MMMMAAAA,4,MMMMAAAA,31250,375000,1.136316070954005,1.6497068405151367,1.6201553957802908,0.5522193211488251,0.2963446475195822,0.3424320393780065,1.0,0.0003,1.0,8166.160130023956
depth4_bal_MMMMAAAA,4,MMMMAAAA,31275,375300,1.024298797051112,1.64572012424469,1.642036747932434,0.5881201044386423,0.34203655352480417,0.34701868217921467,1.0,0.0003,1.0,8173.339262485504
depth4_bal_MMMMAAAA,4,MMMMAAAA,31300,375600,1.1597956120967865,1.724356214205424,1.7056723935263498,0.537532637075718,0.2963446475195822,0.31849200134243205,1.0,0.0003,1.0,8179.940744400024
depth4_bal_MMMMAAAA,4,MMMMAAAA,31325,375900,1.0449052502711613,1.6771512428919475,1.6580942256110056,0.5789817232375979,0.32114882506527415,0.34265577805123615,1.0,0.0003,1.0,8183.617237091064
depth4_bal_MMMMAAAA,4,MMMMAAAA,31350,376200,1.2238686978816986,1.759012222290039,1.7299676724842616,0.5114229765013055,0.30156657963446476,0.3170376999664392,1.0,0.0003,1.0,8191.098126411438
depth4_bal_MMMMAAAA,4,MMMMAAAA,31375,376500,1.1893676022688549,1.680232326189677,1.694766160420009,0.5296997389033943,0.30548302872062666,0.32050564940149906,1.0,0.0003,1.0,8197.708493947983
depth4_bal_MMMMAAAA,4,MMMMAAAA,31400,376800,1.256605823834737,1.7636241912841797,1.762521801676069,0.49510443864229764,0.26631853785900783,0.29388074728716856,1.0,0.0003,1.0,8204.39654994011
depth4_bal_MMMMAAAA,4,MMMMAAAA,31425,377100,1.2558096051216125,2.0446271101633706,2.019712097304208,0.4892297650130548,0.2362924281984334,0.241749636424656,1.0,0.0003,1.0,8211.099978208542
depth4_bal_MMMMAAAA,4,MMMMAAAA,31450,377400,1.0963503122329712,1.692135492960612,1.7220474822180611,0.5496083550913838,0.3185378590078329,0.3060745049781855,1.0,0.0003,1.0,8218.550097703934
depth4_bal_MMMMAAAA,4,MMMMAAAA,31475,377700,1.1053331593672435,1.6145565907160442,1.6147070271628243,0.5607049608355091,0.3185378590078329,0.33974717529925047,1.0,0.0003,1.0,8225.625148057938
depth4_bal_MMMMAAAA,4,MMMMAAAA,31500,378000,1.3611192107200623,1.8008710940678914,1.7670438494001115,0.46116187989556134,0.24673629242819844,0.27799530148786217,1.0,0.0003,1.0,8232.985140800476
depth4_bal_MMMMAAAA,4,MMMMAAAA,31525,378300,1.0045276135206223,1.609877626101176,1.5972957679203579,0.5923629242819843,0.3524804177545692,0.3531714956930305,1.0,0.0003,1.0,8240.183430671692
depth4_bal_MMMMAAAA,4,MMMMAAAA,31550,378600,1.036116565267245,1.5656097730000813,1.5853983061654227,0.587467362924282,0.34595300261096606,0.35596822910840137,1.0,0.0003,1.0,8245.4390873909
depth4_bal_MMMMAAAA,4,MMMMAAAA,31575,378900,1.1173691749572754,1.7134198745091755,1.699169898033142,0.5434073107049608,0.30809399477806787,0.32084125741134356,1.0,0.0003,1.0,8249.468186855316
depth4_bal_MMMMAAAA,4,MMMMAAAA,31600,379200,1.057240068912506,1.5805354913075764,1.5735807214464461,0.5842036553524804,0.3289817232375979,0.3614498266025282,1.0,0.0003,1.0,8255.034451961517
depth4_bal_MMMMAAAA,4,MMMMAAAA,31625,379500,1.0294839789470036,1.736428697903951,1.7017721448625838,0.591710182767624,0.30548302872062666,0.32274303613379574,1.0,0.0003,1.0,8262.103089809418
depth4_bal_MMMMAAAA,4,MMMMAAAA,31650,379800,1.0439121375481288,1.5819944938023884,1.6021856886999948,0.5819190600522193,0.360313315926893,0.34757802886228883,1.0,0.0003,1.0,8268.794667720795
depth4_bal_MMMMAAAA,4,MMMMAAAA,31675,380100,1.1347104807694752,1.6525978247324626,1.64863486630576,0.5313315926892951,0.31070496083550914,0.3288958496476116,1.0,0.0003,1.0,8274.827571868896
depth4_bal_MMMMAAAA,4,MMMMAAAA,31700,380400,1.0296624898910522,1.5756678183873494,1.5637228386742728,0.5815926892950392,0.3524804177545692,0.36413469068128423,1.0,0.0003,1.0,8282.052254915237
depth4_bal_MMMMAAAA,4,MMMMAAAA,31725,380700,0.970816100637118,1.6214218934377034,1.6163600887571061,0.6099869451697127,0.3328981723237598,0.35563262109855687,1.0,0.0003,1.0,8290.059461832047
depth4_bal_MMMMAAAA,4,MMMMAAAA,31750,381000,1.1597852408885956,1.7541193962097168,1.783477016857692,0.549934725848564,0.2950391644908616,0.29086027519856805,1.0,0.0003,1.0,8294.364749908447
depth4_bal_MMMMAAAA,4,MMMMAAAA,31775,381300,1.2212696472803752,1.7358145316441853,1.759470398085458,0.5091383812010444,0.3093994778067885,0.29980982212775475,1.0,0.0003,1.0,8300.78838300705
depth4_bal_MMMMAAAA,4,MMMMAAAA,31800,381600,1.1773140728473663,1.8073132832845051,1.803109131540571,0.5192558746736292,0.28067885117493474,0.2883991497930417,1.0,0.0003,1.0,8308.071845531464
depth4_bal_MMMMAAAA,4,MMMMAAAA,31825,381900,1.0868168572584789,1.6522494554519653,1.6949932745524816,0.558420365535248,0.34464751958224543,0.32084125741134356,1.0,0.0003,1.0,8315.406948566437
depth4_bal_MMMMAAAA,4,MMMMAAAA,31850,382200,1.015282039841016,1.6678895950317383,1.6635717732565745,0.5887728459530026,0.32114882506527415,0.32967893500391543,1.0,0.0003,1.0,8318.850733041763
depth4_bal_MMMMAAAA,4,MMMMAAAA,31875,382500,1.0742887059847515,1.7687312364578247,1.7684442349842617,0.5704960835509139,0.2754569190600522,0.3089831077301712,1.0,0.0003,1.0,8323.913943529129
depth4_bal_MMMMAAAA,4,MMMMAAAA,31900,382800,1.0133482267459233,1.5348767439524333,1.509780785015651,0.5992167101827677,0.3524804177545692,0.37095872021478915,1.0,0.0003,1.0,8331.091151952744
depth4_bal_MMMMAAAA,4,MMMMAAAA,31925,383100,1.0819786687692006,1.6461524566014607,1.6064193521227155,0.5636422976501305,0.33159268929503916,0.3319163217362121,1.0,0.0003,1.0,8337.853855609894
depth4_bal_MMMMAAAA,4,MMMMAAAA,31950,383400,1.0034981022278469,1.6131845712661743,1.591811568396432,0.5910574412532638,0.35509138381201044,0.3554088824253272,1.0,0.0003,1.0,8344.490807771683
depth4_bal_MMMMAAAA,4,MMMMAAAA,31975,383700,1.0310546606779099,1.6631685098012288,1.6185195752552577,0.5760443864229765,0.3224543080939948,0.3422083007047768,1.0,0.0003,1.0,8351.675562143326
depth4_bal_MMMMAAAA,4,MMMMAAAA,32000,384000,1.1053950836261113,1.7170817852020264,1.700618382862636,0.5590731070496083,0.29765013054830286,0.3106611477793937,1.0,0.0003,1.0,8357.359232187271
depth4_bal_MMMMAAAA,4,MMMMAAAA,32025,384300,1.094086656967799,1.6141541798909504,1.623310433115278,0.5551566579634465,0.32506527415143605,0.3431032553976955,1.0,0.0003,1.0,8365.090574502945
depth4_bal_MMMMAAAA,4,MMMMAAAA,32050,384600,1.016411413749059,1.5492699146270752,1.5358882801873344,0.5783289817232375,0.3537859007832898,0.36547712272066224,1.0,0.0003,1.0,8371.740316867828
depth4_bal_MMMMAAAA,4,MMMMAAAA,32075,384900,1.0262682288885117,1.6320757071177165,1.593016699382237,0.58322454308094,0.34464751958224543,0.35652757579147554,1.0,0.0003,1.0,8379.222315788269
depth4_bal_MMMMAAAA,4,MMMMAAAA,32100,385200,1.1731274525324504,1.7135915358861287,1.6968168020248413,0.5274151436031331,0.3093994778067885,0.31580713726367604,1.0,0.0003,1.0,8387.302469730377
depth4_bal_MMMMAAAA,4,MMMMAAAA,32125,385500,1.063941737016042,1.6976927518844604,1.7085076570510864,0.5662532637075718,0.2924281984334204,0.303725248909274,1.0,0.0003,1.0,8393.300838470459
depth4_bal_MMMMAAAA,4,MMMMAAAA,32150,385800,1.250645379225413,1.8062933683395386,1.7447855166026525,0.49967362924281983,0.30809399477806787,0.31323414252153486,1.0,0.0003,1.0,8400.581217050552
depth4_bal_MMMMAAAA,4,MMMMAAAA,32175,386100,1.0515374292929967,1.6805543104807537,1.6556099244526454,0.5845300261096605,0.32114882506527415,0.3329231457657456,1.0,0.0003,1.0,8408.289494514465
depth4_bal_MMMMAAAA,4,MMMMAAAA,32200,386400,1.0535945196946461,1.5560529232025146,1.5562347752707346,0.5607049608355091,0.38903394255874674,0.3591005705336167,1.0,0.0003,1.0,8415.450570583344
depth4_bal_MMMMAAAA,4,MMMMAAAA,32225,386700,1.1276750067869823,1.8087104956309001,1.738677852494376,0.5414490861618799,0.27676240208877284,0.3020472088600515,1.0,0.0003,1.0,8422.018909215927
depth4_bal_MMMMAAAA,4,MMMMAAAA,32250,387000,1.0817199150721233,1.9286104043324788,1.8934709242412022,0.560378590078329,0.2780678851174935,0.2800089495469292,1.0,0.0003,1.0,8429.34509730339
depth4_bal_MMMMAAAA,4,MMMMAAAA,32275,387300,1.0625813504060109,1.629185398419698,1.5739565542766025,0.5740861618798956,0.31070496083550914,0.35429018905917886,1.0,0.0003,1.0,8437.347664356232
depth4_bal_MMMMAAAA,4,MMMMAAAA,32300,387600,1.1001772085825603,1.6784062782923381,1.6548679760524205,0.5642950391644909,0.28067885117493474,0.3262109855688556,1.0,0.0003,1.0,8444.555275440216
depth4_bal_MMMMAAAA,4,MMMMAAAA,32325,387900,1.0983215272426605,1.6276066303253174,1.6540684257234846,0.5590731070496083,0.3276762402088773,0.33706231122049446,1.0,0.0003,1.0,8451.381691217422
depth4_bal_MMMMAAAA,4,MMMMAAAA,32350,388200,1.0220399647951126,1.5814900398254395,1.5622807264328002,0.5936684073107049,0.3472584856396867,0.3626803893052914,1.0,0.0003,1.0,8458.45191025734
depth4_bal_MMMMAAAA,4,MMMMAAAA,32375,388500,0.9913034439086914,1.6695179144541423,1.6461285386766706,0.6018276762402088,0.3368146214099217,0.3520528023268822,1.0,0.0003,1.0,8465.693819999695
depth4_bal_MMMMAAAA,4,MMMMAAAA,32400,388800,0.9804027825593948,1.5904346307118733,1.6153227431433541,0.610313315926893,0.35900783289817234,0.34802550620874817,1.0,0.0003,1.0,8471.960134506226
depth4_bal_MMMMAAAA,4,MMMMAAAA,32425,389100,0.9966370761394501,1.7072165409723918,1.6911650010517665,0.5995430809399478,0.34073107049608353,0.3280008949546929,1.0,0.0003,1.0,8479.36366033554
depth4_bal_MMMMAAAA,4,MMMMAAAA,32450,389400,0.9894350816806158,1.571676770846049,1.5601791688374111,0.6204308093994778,0.34986945169712796,0.36379908267143973,1.0,0.0003,1.0,8483.357785463333
depth4_bal_MMMMAAAA,4,MMMMAAAA,32475,389700,1.026336168249448,1.6678163210550945,1.6461844444274902,0.5822454308093995,0.3302872062663185,0.3385166125964873,1.0,0.0003,1.0,8486.904960632324
depth4_bal_MMMMAAAA,4,MMMMAAAA,32500,390000,1.0220443854729335,1.7053594986597698,1.7128304481506347,0.5704960835509139,0.3289817232375979,0.33135697505313794,1.0,0.0003,1.0,8490.412116289139
depth4_bal_MMMMAAAA,4,MMMMAAAA,32525,390300,1.1335080961386363,1.6733601888020833,1.6666010243552072,0.533289817232376,0.30548302872062666,0.3192750866987359,1.0,0.0003,1.0,8497.204283714294
depth4_bal_MMMMAAAA,4,MMMMAAAA,32550,390600,1.208718717098236,1.7019491990407307,1.667492229597909,0.5107702349869452,0.2924281984334204,0.31491218257075737,1.0,0.0003,1.0,8504.636856079102
depth4_bal_MMMMAAAA,4,MMMMAAAA,32575,390900,1.1096681257088978,1.5897462368011475,1.5778077125549317,0.5404699738903395,0.3563968668407311,0.3599955252265354,1.0,0.0003,1.0,8511.823845863342
depth4_bal_MMMMAAAA,4,MMMMAAAA,32600,391200,1.1084474523862202,1.72967525323232,1.7344345331192017,0.5427545691906005,0.3002610966057441,0.30853563038371185,1.0,0.0003,1.0,8518.064074277878
depth4_bal_MMMMAAAA,4,MMMMAAAA,32625,391500,1.0632297545671463,1.5298562447230022,1.5520291771207537,0.5642950391644909,0.36945169712793735,0.36189730394898756,1.0,0.0003,1.0,8524.91650724411
depth4_bal_MMMMAAAA,4,MMMMAAAA,32650,391800,1.3143457273642223,1.956845720609029,1.9807073627199445,0.48204960835509136,0.26762402088772846,0.25741134355073275,1.0,0.0003,1.0,8532.853321552277
depth4_bal_MMMMAAAA,4,MMMMAAAA,32675,392100,1.015769084294637,1.7480782667795818,1.6993037632533483,0.6028067885117493,0.30809399477806787,0.30954245441324535,1.0,0.0003,1.0,8540.5624730587
depth4_bal_MMMMAAAA,4,MMMMAAAA,32700,392400,1.1016559998194377,1.7154794931411743,1.677483660834176,0.5525456919060052,0.32114882506527415,0.3275534176082336,1.0,0.0003,1.0,8547.96216917038
depth4_bal_MMMMAAAA,4,MMMMAAAA,32725,392700,1.0115602016448975,1.620264728864034,1.5894133056913102,0.589425587467363,0.33550913838120106,0.3604430025729947,1.0,0.0003,1.0,8555.7533121109
depth4_bal_MMMMAAAA,4,MMMMAAAA,32750,393000,1.0444713284571965,1.6219820181528728,1.622152784892491,0.5727806788511749,0.3342036553524804,0.3538427117127195,1.0,0.0003,1.0,8563.254825115204
depth4_bal_MMMMAAAA,4,MMMMAAAA,32775,393300,1.0022063006957371,1.6167601346969604,1.6010444130216326,0.60411227154047,0.3342036553524804,0.3444456874370735,1.0,0.0003,1.0,8570.601070165634
depth4_bal_MMMMAAAA,4,MMMMAAAA,32800,393600,0.9776109059651693,1.7303957144419353,1.6852986540113177,0.6080287206266318,0.28720626631853785,0.32408546817317374,1.0,0.0003,1.0,8578.036861658096
depth4_bal_MMMMAAAA,4,MMMMAAAA,32825,393900,1.063926915327708,1.7031737168629963,1.6839535747255598,0.5682114882506527,0.34986945169712796,0.33135697505313794,1.0,0.0003,1.0,8585.977450847626
depth4_bal_MMMMAAAA,4,MMMMAAAA,32850,394200,1.070174440741539,1.6665627559026082,1.633285471371242,0.5685378590078329,0.32114882506527415,0.33907595927956147,1.0,0.0003,1.0,8593.23243689537
depth4_bal_MMMMAAAA,4,MMMMAAAA,32875,394500,1.0916247715552647,1.6004679600397747,1.593940315927778,0.5607049608355091,0.3368146214099217,0.3520528023268822,1.0,0.0003,1.0,8596.702283382416
depth4_bal_MMMMAAAA,4,MMMMAAAA,32900,394800,1.122016539176305,1.6475354035695393,1.6083040169307163,0.5509138381201044,0.3133159268929504,0.3331468844389753,1.0,0.0003,1.0,8602.398526191711
depth4_bal_MMMMAAAA,4,MMMMAAAA,32925,395100,1.0763789514700572,1.584333856900533,1.5815874235970633,0.5633159268929504,0.34464751958224543,0.35585635977178653,1.0,0.0003,1.0,8610.493407964706
depth4_bal_MMMMAAAA,4,MMMMAAAA,32950,395400,1.0306752820809681,1.6006972789764404,1.5871672902788434,0.5776762402088773,0.34464751958224543,0.36156169593914306,1.0,0.0003,1.0,8618.005810499191
depth4_bal_MMMMAAAA,4,MMMMAAAA,32975,395700,1.0191784153381984,1.5997589429219563,1.579292048726763,0.5868146214099217,0.3472584856396867,0.3567513144647052,1.0,0.0003,1.0,8624.122114419937
depth4_bal_MMMMAAAA,4,MMMMAAAA,33000,396000,1.0880581339200337,1.6535364786783855,1.6014395713806153,0.5691906005221932,0.3198433420365535,0.34690681284259983,1.0,0.0003,1.0,8631.423876523972
depth4_bal_MMMMAAAA,4,MMMMAAAA,33025,396300,1.2077038486798604,1.7077078421910603,1.7009721211024693,0.5176240208877284,0.2950391644908616,0.30629824365141517,1.0,0.0003,1.0,8639.195727109909
depth4_bal_MMMMAAAA,4,MMMMAAAA,33050,396600,1.1689286530017853,1.6673205296198528,1.646852217401777,0.5218668407310705,0.30156657963446476,0.32710594026177425,1.0,0.0003,1.0,8646.82152056694
depth4_bal_MMMMAAAA,4,MMMMAAAA,33075,396900,1.0890201379855473,1.7264591852823894,1.6793212379728044,0.5473237597911227,0.3276762402088773,0.33303501510236044,1.0,0.0003,1.0,8654.063740491867
depth4_bal_MMMMAAAA,4,MMMMAAAA,33100,397200,0.9410024086634318,1.7722800175348918,1.6876867055892943,0.6282637075718016,0.30156657963446476,0.33303501510236044,1.0,0.0003,1.0,8661.663628101349
depth4_bal_MMMMAAAA,4,MMMMAAAA,33125,397500,0.9956232408682505,1.7725963989893596,1.7495290654046194,0.5995430809399478,0.293733681462141,0.30585076630495583,1.0,0.0003,1.0,8668.807882070541
depth4_bal_MMMMAAAA,4,MMMMAAAA,33150,397800,0.9679282506306967,1.6260806322097778,1.6183682918548583,0.6204308093994778,0.3342036553524804,0.34433381810045866,1.0,0.0003,1.0,8676.024311304092
depth4_bal_MMMMAAAA,4,MMMMAAAA,33175,398100,1.1564921736717224,1.68147611618042,1.6589574132646834,0.5310052219321149,0.3028720626631854,0.3258753775590111,1.0,0.0003,1.0,8682.973338603973
depth4_bal_MMMMAAAA,4,MMMMAAAA,33200,398400,0.9936360617478689,1.6904311180114746,1.6579143592289516,0.608355091383812,0.3276762402088773,0.3324756684192863,1.0,0.0003,1.0,8690.59422135353
depth4_bal_MMMMAAAA,4,MMMMAAAA,33225,398700,0.9440227101246516,1.5610166390736897,1.5326092277254377,0.633485639686684,0.3681462140992167,0.3787895737778275,1.0,0.0003,1.0,8697.971216201782
depth4_bal_MMMMAAAA,4,MMMMAAAA,33250,399000,1.1798063119252522,1.7112119595209758,1.6618595259530204,0.5169712793733682,0.3028720626631854,0.3273296789350039,1.0,0.0003,1.0,8704.146327257156
depth4_bal_MMMMAAAA,4,MMMMAAAA,33275,399300,1.0034916897614796,1.5991466045379639,1.5905246564320155,0.6109660574412533,0.3302872062663185,0.3375097885669538,1.0,0.0003,1.0,8710.833456277847
depth4_bal_MMMMAAAA,4,MMMMAAAA,33300,399600,1.053638180096944,1.6841358343760173,1.6869742359433855,0.5685378590078329,0.3002610966057441,0.3256516388857814,1.0,0.0003,1.0,8718.411119937897
depth4_bal_MMMMAAAA,4,MMMMAAAA,33325,399900,0.9675594021876653,1.6371512015660603,1.5990516764777047,0.6018276762402088,0.3368146214099217,0.3540664503859492,1.0,0.0003,1.0,8726.32046842575
depth4_bal_MMMMAAAA,4,MMMMAAAA,33350,400200,1.1707348773876827,1.7418590784072876,1.7411601305007935,0.5143603133159269,0.31723237597911225,0.31513592124398704,1.0,0.0003,1.0,8733.854575634003
depth4_bal_MMMMAAAA,4,MMMMAAAA,33375,400500,1.064023733139038,1.707830548286438,1.66417076587677,0.5633159268929504,0.32114882506527415,0.34601185814968116,1.0,0.0003,1.0,8739.514056921005
depth4_bal_MMMMAAAA,4,MMMMAAAA,33400,400800,0.9577440520127615,1.5762566725413005,1.555437878199986,0.6077023498694517,0.3785900783289817,0.37129432822463365,1.0,0.0003,1.0,8746.01018667221
depth4_bal_MMMMAAAA,4,MMMMAAAA,33425,401100,1.042307401696841,1.6446680625279744,1.6059192078454154,0.5861618798955613,0.3276762402088773,0.3484729835552075,1.0,0.0003,1.0,8751.53522515297
depth4_bal_MMMMAAAA,4,MMMMAAAA,33450,401400,1.0532342791557312,1.7317516009012859,1.7078099659511021,0.5636422976501305,0.30156657963446476,0.3109967557892382,1.0,0.0003,1.0,8758.81023979187
depth4_bal_MMMMAAAA,4,MMMMAAAA,33475,401700,1.2148579160372417,1.8138139247894287,1.7935154063361032,0.5176240208877284,0.2859007832898172,0.2966774807025394,1.0,0.0003,1.0,8765.997953653336
depth4_bal_MMMMAAAA,4,MMMMAAAA,33500,402000,1.084186350305875,1.66666845480601,1.6143738337925502,0.5669060052219321,0.2989556135770235,0.3388522206063318,1.0,0.0003,1.0,8773.389836072922
depth4_bal_MMMMAAAA,4,MMMMAAAA,33525,402300,0.9886057873566946,1.6903494993845622,1.6663888488497054,0.6090078328981723,0.3185378590078329,0.3451169034567625,1.0,0.0003,1.0,8781.484193086624
depth4_bal_MMMMAAAA,4,MMMMAAAA,33550,402600,1.0134961704413097,1.6477307478586833,1.6057571990149362,0.5868146214099217,0.32114882506527415,0.34343886340754,1.0,0.0003,1.0,8789.269384145737
depth4_bal_MMMMAAAA,4,MMMMAAAA,33575,402900,1.1878470281759899,1.7615604797999065,1.763966475214277,0.5221932114882507,0.2950391644908616,0.2990267367714509,1.0,0.0003,1.0,8795.943747520447
depth4_bal_MMMMAAAA,4,MMMMAAAA,33600,403200,1.0055189331372578,1.6729454199473064,1.6597882577351162,0.6015013054830287,0.3289817232375979,0.3348249244881978,1.0,0.0003,1.0,8803.541701316833
depth4_bal_MMMMAAAA,4,MMMMAAAA,33625,403500,1.080782840649287,1.73790176709493,1.7093596049717494,0.5636422976501305,0.3093994778067885,0.3248685535294776,1.0,0.0003,1.0,8811.292216062546
depth4_bal_MMMMAAAA,4,MMMMAAAA,33650,403800,1.0853988826274872,1.7011152505874634,1.6519226891653878,0.5714751958224543,0.304177545691906,0.3332587537755901,1.0,0.0003,1.0,8818.68686413765
depth4_bal_MMMMAAAA,4,MMMMAAAA,33675,404100,1.0077708413203557,1.5553330183029175,1.5538054193769182,0.5969321148825065,0.36553524804177545,0.3531714956930305,1.0,0.0003,1.0,8824.32051205635
depth4_bal_MMMMAAAA,4,MMMMAAAA,33700,404400,1.2780904372533162,1.7343521515528362,1.726256901877267,0.4980417754569191,0.2689295039164491,0.29488757131670207,1.0,0.0003,1.0,8831.420437335968
depth4_bal_MMMMAAAA,4,MMMMAAAA,33725,404700,1.0733332931995392,1.6114067633946736,1.6284675223486764,0.5682114882506527,0.31723237597911225,0.33896408994294663,1.0,0.0003,1.0,8838.484652757645
depth4_bal_MMMMAAAA,4,MMMMAAAA,33750,405000,0.9839042872190475,1.58562167485555,1.606854053906032,0.606396866840731,0.36161879895561355,0.36424656001789907,1.0,0.0003,1.0,8845.025824308395
depth4_bal_MMMMAAAA,4,MMMMAAAA,33775,405300,1.0400077799956005,1.6762737035751343,1.6792322295052664,0.5773498694516971,0.34595300261096606,0.3140172278778387,1.0,0.0003,1.0,8853.091757535934
depth4_bal_MMMMAAAA,4,MMMMAAAA,33800,405600,0.9964041213194529,1.6116427977879841,1.641486930847168,0.5900783289817232,0.34986945169712796,0.34757802886228883,1.0,0.0003,1.0,8859.382589817047
depth4_bal_MMMMAAAA,4,MMMMAAAA,33825,405900,1.1679188112417858,1.7773649295171101,1.7573903833116804,0.5267624020887729,0.2859007832898172,0.2976843047320729,1.0,0.0003,1.0,8866.416960716248
depth4_bal_MMMMAAAA,4,MMMMAAAA,33850,406200,1.0113645493984222,1.6941848993301392,1.679342896597726,0.5864882506527415,0.3289817232375979,0.32576350822239625,1.0,0.0003,1.0,8873.93852686882
depth4_bal_MMMMAAAA,4,MMMMAAAA,33875,406500,0.9719087431828181,1.5638937552769978,1.5590716055461338,0.6080287206266318,0.3642297650130548,0.3659246000671216,1.0,0.0003,1.0,8881.515632390976
depth4_bal_MMMMAAAA,4,MMMMAAAA,33900,406800,1.038444310426712,1.61066472530365,1.5890925986426216,0.5740861618798956,0.34595300261096606,0.3486967222284372,1.0,0.0003,1.0,8887.662223100662
depth4_bal_MMMMAAAA,4,MMMMAAAA,33925,407100,1.0511878232161205,1.7674532334009807,1.778285687310355,0.5753916449086162,0.31462140992167104,0.30987806242308985,1.0,0.0003,1.0,8895.560220479965
depth4_bal_MMMMAAAA,4,MMMMAAAA,33950,407400,1.0230009307463963,1.7078851461410522,1.6808364221027918,0.5966057441253264,0.3276762402088773,0.32878398031099676,1.0,0.0003,1.0,8903.102674484253
depth4_bal_MMMMAAAA,4,MMMMAAAA,33975,407700,1.0939076741536458,1.7102196613947551,1.6639817816870552,0.5456919060052219,0.3289817232375979,0.33806913525002796,1.0,0.0003,1.0,8911.1668446064
depth4_bal_MMMMAAAA,4,MMMMAAAA,34000,408000,1.0323851704597473,1.7720584869384766,1.7303322553634644,0.5780026109660574,0.29112271540469975,0.32274303613379574,1.0,0.0003,1.0,8915.760570049286
depth4_bal_MMMMAAAA,4,MMMMAAAA,34025,408300,1.050889899333318,1.6262874603271484,1.6237521546227591,0.5763707571801566,0.31592689295039167,0.33639109520080546,1.0,0.0003,1.0,8921.345425844193
depth4_bal_MMMMAAAA,4,MMMMAAAA,34050,408600,0.9305769552787145,1.5658201376597087,1.567298320361546,0.6403394255874674,0.3642297650130548,0.36793824812618864,1.0,0.0003,1.0,8925.055969715118
depth4_bal_MMMMAAAA,4,MMMMAAAA,34075,408900,1.1101767122745514,1.7464447816212971,1.6902479103633337,0.5483028720626631,0.28720626631853785,0.3226311667971809,1.0,0.0003,1.0,8931.46597290039
depth4_bal_MMMMAAAA,4,MMMMAAAA,34100,409200,1.0427905668814976,1.6845000584920247,1.7087462425231934,0.5848563968668408,0.3394255874673629,0.3292314576574561,1.0,0.0003,1.0,8937.767313718796
depth4_bal_MMMMAAAA,4,MMMMAAAA,34125,409500,1.0234481741984685,1.7632054487864177,1.7489473785672869,0.5776762402088773,0.31592689295039167,0.301711600850207,1.0,0.0003,1.0,8941.817999362946
depth4_bal_MMMMAAAA,4,MMMMAAAA,34150,409800,1.109992613395055,1.708463986714681,1.672946810722351,0.5535248041775457,0.3263707571801567,0.3273296789350039,1.0,0.0003,1.0,8946.987041950226
depth4_bal_MMMMAAAA,4,MMMMAAAA,34175,410100,1.1910550395647685,1.7386751572291057,1.7376910311835152,0.5274151436031331,0.2845953002610966,0.2990267367714509,1.0,0.0003,1.0,8950.343753576279
depth4_bal_MMMMAAAA,4,MMMMAAAA,34200,410400,0.9766049633423487,1.6135965585708618,1.6002421413149153,0.6011749347258486,0.31723237597911225,0.3517171943170377,1.0,0.0003,1.0,8958.536407232285
depth4_bal_MMMMAAAA,4,MMMMAAAA,34225,410700,1.0993831157684326,2.0033636490503945,1.913662212235587,0.5365535248041775,0.25718015665796345,0.28660924040720437,1.0,0.0003,1.0,8963.149143218994
depth4_bal_MMMMAAAA,4,MMMMAAAA,34250,411000,0.9775823752085367,1.6746571063995361,1.6086959566388812,0.6090078328981723,0.3198433420365535,0.35663944512809037,1.0,0.0003,1.0,8967.595395088196
depth4_bal_MMMMAAAA,4,MMMMAAAA,34275,411300,0.9812090396881104,1.642383337020874,1.6098442758832658,0.60411227154047,0.34856396866840733,0.35596822910840137,1.0,0.0003,1.0,8973.158922433853
depth4_bal_MMMMAAAA,4,MMMMAAAA,34300,411600,0.983243778347969,1.715816855430603,1.7103585958480836,0.5995430809399478,0.32114882506527415,0.3295670656673006,1.0,0.0003,1.0,8976.53777384758
depth4_bal_MMMMAAAA,4,MMMMAAAA,34325,411900,1.033460761109988,1.599133292833964,1.5806523833956037,0.5861618798955613,0.34464751958224543,0.3583174851773129,1.0,0.0003,1.0,8980.055333137512
depth4_bal_MMMMAAAA,4,MMMMAAAA,34350,412200,1.0606109996636708,1.7334585984547932,1.6885693958827428,0.5698433420365535,0.2963446475195822,0.3278890256180781,1.0,0.0003,1.0,8984.338127374649
depth4_bal_MMMMAAAA,4,MMMMAAAA,34375,412500,0.9564275145530701,1.5781041781107585,1.5692507335117885,0.6360966057441253,0.3537859007832898,0.36447029869112874,1.0,0.0003,1.0,8991.399864912033
depth4_bal_MMMMAAAA,4,MMMMAAAA,34400,412800,1.0167037745316823,1.6595415274302165,1.610726261138916,0.5904046997389034,0.33159268929503916,0.35126971697057835,1.0,0.0003,1.0,8998.56332564354
depth4_bal_MMMMAAAA,4,MMMMAAAA,34425,413100,1.2037847638130188,1.8645098209381104,1.8539973565510341,0.5277415143603134,0.26370757180156656,0.272066226647276,1.0,0.0003,1.0,9002.083993673325
depth4_bal_MMMMAAAA,4,MMMMAAAA,34450,413400,1.0471259852250416,1.762856125831604,1.7514833518436976,0.581266318537859,0.31462140992167104,0.31480031323414254,1.0,0.0003,1.0,9006.80094575882
depth4_bal_MMMMAAAA,4,MMMMAAAA,34475,413700,1.0733702182769775,1.7050721247990925,1.6842603785651071,0.568864229765013,0.304177545691906,0.3173733079762837,1.0,0.0003,1.0,9014.443346500397
depth4_bal_MMMMAAAA,4,MMMMAAAA,34500,414000,0.9233284195264181,1.6526118914286296,1.6071919168744768,0.6341383812010444,0.3368146214099217,0.35529701308871237,1.0,0.0003,1.0,9021.622789859772
depth4_bal_MMMMAAAA,4,MMMMAAAA,34525,414300,0.919208029905955,1.6916800737380981,1.6283651760646276,0.6354438642297651,0.3381201044386423,0.3599955252265354,1.0,0.0003,1.0,9029.562655448914
depth4_bal_MMMMAAAA,4,MMMMAAAA,34550,414600,1.1054784059524536,1.7009174823760986,1.712359128679548,0.5385117493472585,0.34856396866840733,0.32710594026177425,1.0,0.0003,1.0,9037.273153066635
depth4_bal_MMMMAAAA,4,MMMMAAAA,34575,414900,1.0224977831045787,1.6122663815816243,1.6001793691090176,0.5897519582245431,0.3629242819843342,0.35954804788007605,1.0,0.0003,1.0,9040.724321126938
depth4_bal_MMMMAAAA,4,MMMMAAAA,34600,415200,0.9838584015766779,1.6853491067886353,1.6847819873264858,0.6054177545691906,0.34203655352480417,0.3328112764291308,1.0,0.0003,1.0,9044.264048099518
depth4_bal_MMMMAAAA,4,MMMMAAAA,34625,415500,1.0003686249256134,1.6413929462432861,1.6264504671096802,0.6001958224543081,0.34203655352480417,0.3486967222284372,1.0,0.0003,1.0,9049.797542572021
depth4_bal_MMMMAAAA,4,MMMMAAAA,34650,415800,0.9370581805706024,1.6425602038701375,1.6120456184659686,0.6246736292428199,0.3720626631853786,0.3517171943170377,1.0,0.0003,1.0,9055.577816724777
depth4_bal_MMMMAAAA,4,MMMMAAAA,34675,416100,1.059594064950943,1.6430172125498455,1.6151427439280919,0.5698433420365535,0.33159268929503916,0.34534064212999216,1.0,0.0003,1.0,9061.451014995575
depth4_bal_MMMMAAAA,4,MMMMAAAA,34700,416400,1.0922352075576782,1.5997916062672932,1.626236149242946,0.5616840731070496,0.3302872062663185,0.3305738896968341,1.0,0.0003,1.0,9068.742136478424
depth4_bal_MMMMAAAA,4,MMMMAAAA,34725,416700,0.9900639404853185,1.573595921198527,1.563752453667777,0.6109660574412533,0.3328981723237598,0.3587649625237722,1.0,0.0003,1.0,9076.383418798447
depth4_bal_MMMMAAAA,4,MMMMAAAA,34750,417000,0.9866326302289963,1.7624200582504272,1.7182168688092914,0.6077023498694517,0.2989556135770235,0.32184808144087707,1.0,0.0003,1.0,9080.924477100372
depth4_bal_MMMMAAAA,4,MMMMAAAA,34775,417300,1.0277407864729564,1.7964126269022624,1.7287378822054182,0.5753916449086162,0.28067885117493474,0.32475668419286274,1.0,0.0003,1.0,9088.957820653915
depth4_bal_MMMMAAAA,4,MMMMAAAA,34800,417600,1.077692598104477,1.826081395149231,1.8178003515516008,0.564621409921671,0.2989556135770235,0.2972368273856136,1.0,0.0003,1.0,9097.244877576828
depth4_bal_MMMMAAAA,4,MMMMAAAA,34825,417900,1.086764285961787,1.6744588613510132,1.662601559502738,0.5600522193211488,0.34073107049608353,0.3378453965767983,1.0,0.0003,1.0,9105.0760576725
depth4_bal_MMMMAAAA,4,MMMMAAAA,34850,418200,0.9126908083756765,1.600628177324931,1.6335506881986346,0.6426240208877284,0.3524804177545692,0.34836111421859267,1.0,0.0003,1.0,9112.61877155304
depth4_bal_MMMMAAAA,4,MMMMAAAA,34875,418500,0.9914902398983637,1.6308993498484294,1.6285713808877127,0.6018276762402088,0.3328981723237598,0.351493455643808,1.0,0.0003,1.0,9120.74435377121
depth4_bal_MMMMAAAA,4,MMMMAAAA,34900,418800,0.9078625241915385,1.6172759135564168,1.584324516568865,0.6383812010443864,0.35900783289817234,0.3659246000671216,1.0,0.0003,1.0,9128.858870267868
depth4_bal_MMMMAAAA,4,MMMMAAAA,34925,419100,1.0317461589972179,1.6336294412612915,1.5778357573917934,0.5900783289817232,0.3342036553524804,0.34858485289182234,1.0,0.0003,1.0,9136.726840496063
depth4_bal_MMMMAAAA,4,MMMMAAAA,34950,419400,1.0930567582448323,1.7423456907272339,1.708906742504665,0.5656005221932114,0.3198433420365535,0.32050564940149906,1.0,0.0003,1.0,9144.346629142761
depth4_bal_MMMMAAAA,4,MMMMAAAA,34975,419700,1.0684116284052532,1.8326984246571858,1.823394421168736,0.566579634464752,0.2793733681462141,0.29153149121825706,1.0,0.0003,1.0,9152.577696561813
depth4_bal_MMMMAAAA,4,MMMMAAAA,35000,420000,1.274662345647812,1.8967811663945515,1.8896899734224593,0.5052219321148825,0.2885117493472585,0.27833090949770667,1.0,0.0003,1.0,9160.513944625854
depth4_bal_MMMMAAAA,4,MMMMAAAA,35025,420300,1.0888457596302032,1.6708035469055176,1.6491693190165928,0.5607049608355091,0.33550913838120106,0.34343886340754,1.0,0.0003,1.0,9168.466844797134
depth4_bal_MMMMAAAA,4,MMMMAAAA,35050,420600,0.9948005080223083,1.6022663513819377,1.6240574087415423,0.6077023498694517,0.34464751958224543,0.349479807584741,1.0,0.0003,1.0,9172.097980499268
depth4_bal_MMMMAAAA,4,MMMMAAAA,35075,420900,1.0203429361184437,1.6378698746363323,1.6244275638035366,0.5835509138381201,0.3381201044386423,0.34131334601185814,1.0,0.0003,1.0,9179.437203884125
depth4_bal_MMMMAAAA,4,MMMMAAAA,35100,421200,1.0137127538522084,1.7798941135406494,1.7343513659068517,0.5848563968668408,0.32506527415143605,0.32017004139165456,1.0,0.0003,1.0,9186.947325229645
depth4_bal_MMMMAAAA,4,MMMMAAAA,35125,421500,1.0136467963457108,1.7028286457061768,1.6492222581590925,0.5992167101827677,0.32506527415143605,0.3517171943170377,1.0,0.0003,1.0,9194.438523054123
depth4_bal_MMMMAAAA,4,MMMMAAAA,35150,421800,1.238499899705251,1.7904996077219646,1.7739035606384277,0.4954308093994778,0.28720626631853785,0.2989148674348361,1.0,0.0003,1.0,9201.233991861343
depth4_bal_MMMMAAAA,4,MMMMAAAA,35175,422100,1.0072303464015324,1.664981524149577,1.6686154059001377,0.5881201044386423,0.31201044386422977,0.3354961405078868,1.0,0.0003,1.0,9205.993338346481
depth4_bal_MMMMAAAA,4,MMMMAAAA,35200,422400,1.0228037784496944,1.8406175374984741,1.8097656522478376,0.5822454308093995,0.31201044386422977,0.30920684640340085,1.0,0.0003,1.0,9214.005019426346
depth4_bal_MMMMAAAA,4,MMMMAAAA,35225,422700,0.9367508391539255,1.6402932405471802,1.6281570059912545,0.6210835509138382,0.35509138381201044,0.3511578476339635,1.0,0.0003,1.0,9222.178758621216
depth4_bal_MMMMAAAA,4,MMMMAAAA,35250,423000,0.9856992264588674,1.6761412223180134,1.6782871110098703,0.5949738903394256,0.3289817232375979,0.3405302606555543,1.0,0.0003,1.0,9230.68151140213
depth4_bal_MMMMAAAA,4,MMMMAAAA,35275,423300,1.0478495160738628,1.7795945803324382,1.762062188557216,0.5783289817232375,0.33550913838120106,0.312451057165231,1.0,0.0003,1.0,9238.857793331146
depth4_bal_MMMMAAAA,4,MMMMAAAA,35300,423600,0.9501123378674189,1.7406307061513264,1.6918499333517891,0.6099869451697127,0.31462140992167104,0.32878398031099676,1.0,0.0003,1.0,9246.697593688965
depth4_bal_MMMMAAAA,4,MMMMAAAA,35325,423900,1.1806358297665913,1.7123931248982747,1.7506570168903897,0.5215404699738904,0.30156657963446476,0.3079762837006377,1.0,0.0003,1.0,9254.787435054779
depth4_bal_MMMMAAAA,4,MMMMAAAA,35350,424200,1.1471691032250722,1.7970525821050007,1.7695574828556606,0.537532637075718,0.2859007832898172,0.302382816869896,1.0,0.0003,1.0,9262.914387464523
depth4_bal_MMMMAAAA,4,MMMMAAAA,35375,424500,1.077243372797966,1.7458809614181519,1.712766742706299,0.5567885117493473,0.3002610966057441,0.32319051348025507,1.0,0.0003,1.0,9271.062270641327
depth4_bal_MMMMAAAA,4,MMMMAAAA,35400,424800,0.971661334236463,1.7583321332931519,1.7264035088675362,0.6011749347258486,0.34595300261096606,0.3331468844389753,1.0,0.0003,1.0,9276.867584705353
depth4_bal_MMMMAAAA,4,MMMMAAAA,35425,425100,1.0337177117665608,1.8225135405858357,1.775927073614938,0.5943211488250653,0.3002610966057441,0.31122049446246786,1.0,0.0003,1.0,9284.921794891357
depth4_bal_MMMMAAAA,4,MMMMAAAA,35450,425400,0.9449271162350973,1.6698616743087769,1.6102819340569632,0.6243472584856397,0.3224543080939948,0.3517171943170377,1.0,0.0003,1.0,9293.039681911469
depth4_bal_MMMMAAAA,4,MMMMAAAA,35475,425700,0.963436687986056,1.8353705008824666,1.7743049757821219,0.606396866840731,0.30678851174934724,0.3180445239959727,1.0,0.0003,1.0,9300.8770134449
depth4_bal_MMMMAAAA,4,MMMMAAAA,35500,426000,1.0632917086283367,1.7464611530303955,1.720163437298366,0.5538511749347258,0.32506527415143605,0.32207182011410673,1.0,0.0003,1.0,9309.325845718384
depth4_bal_MMMMAAAA,4,MMMMAAAA,35525,426300,0.9829917103052139,1.7041364510854085,1.6823349816458566,0.6129242819843342,0.31070496083550914,0.3352724018346571,1.0,0.0003,1.0,9316.957669734955
depth4_bal_MMMMAAAA,4,MMMMAAAA,35550,426600,1.0501508315404255,1.7621475060780842,1.7202493974140711,0.568864229765013,0.30678851174934724,0.3321400604094418,1.0,0.0003,1.0,9324.257708787918
depth4_bal_MMMMAAAA,4,MMMMAAAA,35575,426900,0.9959506293137869,1.6489967505137126,1.614291340964181,0.6001958224543081,0.3328981723237598,0.3550732744154827,1.0,0.0003,1.0,9331.974616765976
depth4_bal_MMMMAAAA,4,MMMMAAAA,35600,427200,1.0405877530574799,1.7626792589823406,1.6643370389938354,0.5760443864229765,0.30809399477806787,0.3378453965767983,1.0,0.0003,1.0,9339.539344787598
depth4_bal_MMMMAAAA,4,MMMMAAAA,35625,427500,1.0270102669795353,1.6929718255996704,1.674470911707197,0.5851827676240209,0.3093994778067885,0.3344893164783533,1.0,0.0003,1.0,9347.583288908005
depth4_bal_MMMMAAAA,4,MMMMAAAA,35650,427800,1.107301006714503,1.8582675457000732,1.8051073619297573,0.5509138381201044,0.29765013054830286,0.30294216355297016,1.0,0.0003,1.0,9355.621554851532
depth4_bal_MMMMAAAA,4,MMMMAAAA,35675,428100,1.0021652927001317,1.7034854491551716,1.6923179319926671,0.5975848563968669,0.32506527415143605,0.3341537084685088,1.0,0.0003,1.0,9363.01198220253
depth4_bal_MMMMAAAA,4,MMMMAAAA,35700,428400,1.0204344441493352,1.6823674440383911,1.620958185195923,0.5926892950391645,0.3198433420365535,0.34701868217921467,1.0,0.0003,1.0,9366.340298652649
depth4_bal_MMMMAAAA,4,MMMMAAAA,35725,428700,1.0605393648147583,1.826818863550822,1.7929937430790492,0.5656005221932114,0.3093994778067885,0.2992504754446806,1.0,0.0003,1.0,9371.233500957489
depth4_bal_MMMMAAAA,4,MMMMAAAA,35750,429000,1.0461094230413437,1.7129456996917725,1.6945409297943115,0.5776762402088773,0.3276762402088773,0.3229667748070254,1.0,0.0003,1.0,9378.839151144028
depth4_bal_MMMMAAAA,4,MMMMAAAA,35775,429300,1.0862853129704793,1.7074891328811646,1.6688446317400252,0.5574412532637075,0.2963446475195822,0.32207182011410673,1.0,0.0003,1.0,9386.820595026016
depth4_bal_MMMMAAAA,4,MMMMAAAA,35800,429600,1.0088986605405807,1.6313507556915283,1.6513953515461512,0.5877937336814621,0.34073107049608353,0.3484729835552075,1.0,0.0003,1.0,9393.133309841156
depth4_bal_MMMMAAAA,4,MMMMAAAA,35825,429900,1.0553458333015442,1.7778687079747517,1.7240530831473215,0.5747389033942559,0.2859007832898172,0.3146884438975277,1.0,0.0003,1.0,9398.395364522934
depth4_bal_MMMMAAAA,4,MMMMAAAA,35850,430200,0.9840824951728185,1.8850183884302776,1.8199338231767928,0.606396866840731,0.29765013054830286,0.2992504754446806,1.0,0.0003,1.0,9401.73723769188
depth4_bal_MMMMAAAA,4,MMMMAAAA,35875,430500,0.9772496024767557,1.650632341702779,1.5970385551452637,0.6054177545691906,0.3394255874673629,0.3663720774135809,1.0,0.0003,1.0,9405.088528633118
depth4_bal_MMMMAAAA,4,MMMMAAAA,35900,430800,0.9878754913806915,1.772862712542216,1.7034583466393607,0.5982375979112271,0.3093994778067885,0.3239735988365589,1.0,0.0003,1.0,9408.439260959625
depth4_bal_MMMMAAAA,4,MMMMAAAA,35925,431100,1.027978887160619,1.6514045000076294,1.6185938085828508,0.5825718015665796,0.3289817232375979,0.34366260208076965,1.0,0.0003,1.0,9414.669794082642
depth4_bal_MMMMAAAA,4,MMMMAAAA,35950,431400,0.9327580779790878,1.738848368326823,1.7124878917421613,0.6347911227154047,0.3328981723237598,0.33012641235037476,1.0,0.0003,1.0,9422.01713180542
depth4_bal_MMMMAAAA,4,MMMMAAAA,35975,431700,0.9717172831296921,1.6794387499491374,1.656463943208967,0.616514360313316,0.3302872062663185,0.3378453965767983,1.0,0.0003,1.0,9430.110674619675
depth4_bal_MMMMAAAA,4,MMMMAAAA,36000,432000,0.999070405960083,1.7891860008239746,1.7168149641581945,0.5822454308093995,0.3093994778067885,0.3245329455196331,1.0,0.0003,1.0,9438.063381910324
depth4_bal_MMMMAAAA,4,MMMMAAAA,36025,432300,1.055597906311353,1.8745721578598022,1.8422365392957414,0.5780026109660574,0.293733681462141,0.307752545027408,1.0,0.0003,1.0,9445.038145780563
depth4_bal_MMMMAAAA,4,MMMMAAAA,36050,432600,1.1268855233987172,1.733528733253479,1.699348827770778,0.5486292428198434,0.2989556135770235,0.31345788119476453,1.0,0.0003,1.0,9453.216025829315
depth4_bal_MMMMAAAA,4,MMMMAAAA,36075,432900,1.1564403076966603,1.7093851566314697,1.7492664303098406,0.5221932114882507,0.30678851174934724,0.31323414252153486,1.0,0.0003,1.0,9461.323777198792
depth4_bal_MMMMAAAA,4,MMMMAAAA,36100,433200,1.227279265721639,2.197998364766439,2.1384653295789446,0.5153394255874674,0.24281984334203655,0.24353954581049334,1.0,0.0003,1.0,9469.816813468933
depth4_bal_MMMMAAAA,4,MMMMAAAA,36125,433500,1.3019388020038605,1.873347560564677,1.8267658131463187,0.49053524804177545,0.25326370757180156,0.279449602863855,1.0,0.0003,1.0,9477.444602489471
depth4_bal_MMMMAAAA,4,MMMMAAAA,36150,433800,1.00509308775266,1.804997404416402,1.7770896162305558,0.5962793733681462,0.2859007832898172,0.3083118917104822,1.0,0.0003,1.0,9484.98466348648
depth4_bal_MMMMAAAA,4,MMMMAAAA,36175,434100,0.9651995251576105,1.7595268090565999,1.677605288369315,0.616514360313316,0.2989556135770235,0.33437744714173845,1.0,0.0003,1.0,9493.277349233627
depth4_bal_MMMMAAAA,4,MMMMAAAA,36200,434400,1.031323139866193,1.7209958632787068,1.692260834148952,0.5711488250652742,0.304177545691906,0.33046202036021927,1.0,0.0003,1.0,9500.79896736145
depth4_bal_MMMMAAAA,4,MMMMAAAA,36225,434700,1.0176831136147182,1.6246075630187988,1.6018801076071603,0.5975848563968669,0.3276762402088773,0.34589998881306633,1.0,0.0003,1.0,9508.671522855759
depth4_bal_MMMMAAAA,4,MMMMAAAA,36250,435000,1.0305204739173253,1.8610561688741047,1.835633853503636,0.5842036553524804,0.29112271540469975,0.29511130998993174,1.0,0.0003,1.0,9516.355860948563
depth4_bal_MMMMAAAA,4,MMMMAAAA,36275,435300,0.9685810456673304,1.6571054061253865,1.6459304196493967,0.6139033942558747,0.31592689295039167,0.3452287727933773,1.0,0.0003,1.0,9522.290401220322
depth4_bal_MMMMAAAA,4,MMMMAAAA,36300,435600,0.9970763822396597,1.7110459804534912,1.691517083985465,0.5946475195822454,0.3276762402088773,0.3342655778051236,1.0,0.0003,1.0,9527.787571668625
depth4_bal_MMMMAAAA,4,MMMMAAAA,36325,435900,0.942427322268486,1.670668403307597,1.6303986242839268,0.6233681462140992,0.3276762402088773,0.34836111421859267,1.0,0.0003,1.0,9535.107701063156
depth4_bal_MMMMAAAA,4,MMMMAAAA,36350,436200,1.0368043531974156,1.6313215494155884,1.6391641276223319,0.5656005221932114,0.3342036553524804,0.3415370846850878,1.0,0.0003,1.0,9542.905444145203
depth4_bal_MMMMAAAA,4,MMMMAAAA,36375,436500,0.9216906229654948,1.703970988591512,1.6735107796532767,0.6328328981723238,0.31070496083550914,0.3359436178543461,1.0,0.0003,1.0,9549.761857509613
depth4_bal_MMMMAAAA,4,MMMMAAAA,36400,436800,1.030961776773135,1.705095926920573,1.627684920174735,0.5884464751958225,0.3263707571801567,0.35261214900995635,1.0,0.0003,1.0,9557.255076408386
depth4_bal_MMMMAAAA,4,MMMMAAAA,36425,437100,1.0039844264586766,1.6817014614741008,1.7156903539385115,0.5920365535248042,0.3302872062663185,0.3248685535294776,1.0,0.0003,1.0,9561.34206867218
depth4_bal_MMMMAAAA,4,MMMMAAAA,36450,437400,1.0864444424708684,1.7892838319142659,1.7930054596492222,0.5528720626631853,0.2989556135770235,0.3069694596711042,1.0,0.0003,1.0,9566.112431287766
depth4_bal_MMMMAAAA,4,MMMMAAAA,36475,437700,1.0112870087226231,1.8551347255706787,1.814663975579398,0.5926892950391645,0.30156657963446476,0.31278666517507553,1.0,0.0003,1.0,9572.434898376465
depth4_bal_MMMMAAAA,4,MMMMAAAA,36500,438000,0.9539522180954615,1.643433411916097,1.6281951597758701,0.6201044386422977,0.3342036553524804,0.3445575567736883,1.0,0.0003,1.0,9578.741327285767
depth4_bal_MMMMAAAA,4,MMMMAAAA,36525,438300,1.050033246477445,1.7602759997049968,1.7330180849347796,0.5714751958224543,0.31201044386422977,0.3238617294999441,1.0,0.0003,1.0,9584.071531057358
depth4_bal_MMMMAAAA,4,MMMMAAAA,36550,438600,1.0307312508424122,1.7081666390101116,1.6973832028252738,0.581266318537859,0.31723237597911225,0.3312451057165231,1.0,0.0003,1.0,9590.365698337555
depth4_bal_MMMMAAAA,4,MMMMAAAA,36575,438900,0.9964976410071055,1.9096881945927937,1.8426782744271415,0.5982375979112271,0.293733681462141,0.3011522541671328,1.0,0.0003,1.0,9598.578926086426
depth4_bal_MMMMAAAA,4,MMMMAAAA,36600,439200,1.122567782799403,1.871605356534322,1.7922329527991159,0.543733681462141,0.2845953002610966,0.3040608569191185,1.0,0.0003,1.0,9606.77066373825
depth4_bal_MMMMAAAA,4,MMMMAAAA,36625,439500,1.0382249106963475,1.7103573481241863,1.6969734021595546,0.5835509138381201,0.3133159268929504,0.3299026736771451,1.0,0.0003,1.0,9614.80985045433
depth4_bal_MMMMAAAA,4,MMMMAAAA,36650,439800,0.960718184709549,1.6807021697362263,1.6527764592851912,0.6282637075718016,0.31723237597911225,0.33706231122049446,1.0,0.0003,1.0,9622.670262336731
depth4_bal_MMMMAAAA,4,MMMMAAAA,36675,440100,1.113261620203654,1.7747598091761272,1.702758322443281,0.5551566579634465,0.2885117493472585,0.33113323637990827,1.0,0.0003,1.0,9630.590889692307
depth4_bal_MMMMAAAA,4,MMMMAAAA,36700,440400,0.9875504523515701,1.779613773028056,1.7195329529898506,0.6067232375979112,0.29112271540469975,0.3207293880747287,1.0,0.0003,1.0,9638.768315076828
depth4_bal_MMMMAAAA,4,MMMMAAAA,36725,440700,0.9628881216049194,1.9391620953877766,1.9009883505957468,0.6207571801566579,0.2950391644908616,0.29309766193086473,1.0,0.0003,1.0,9644.00718164444
depth4_bal_MMMMAAAA,4,MMMMAAAA,36750,441000,1.2339410682519276,1.8680415948232014,1.8572519302368165,0.5120757180156658,0.2859007832898172,0.2907484058619532,1.0,0.0003,1.0,9652.103256940842
depth4_bal_MMMMAAAA,4,MMMMAAAA,36775,441300,0.9451199769973755,1.6796151002248128,1.620987970488412,0.6298955613577023,0.32114882506527415,0.35328336502964536,1.0,0.0003,1.0,9659.732186794281
depth4_bal_MMMMAAAA,4,MMMMAAAA,36800,441600,0.9188952594995499,1.7008804082870483,1.6513084377561296,0.6455613577023499,0.3433420365535248,0.35753439982100904,1.0,0.0003,1.0,9666.619746685028
depth4_bal_MMMMAAAA,4,MMMMAAAA,36825,441900,0.9321432858705521,1.7397388617197673,1.7137078251157487,0.6246736292428199,0.33550913838120106,0.3288958496476116,1.0,0.0003,1.0,9670.188017606735
depth4_bal_MMMMAAAA,4,MMMMAAAA,36850,442200,1.0381905039151509,1.7795897722244263,1.7475110633032662,0.5871409921671018,0.304177545691906,0.31412909721445353,1.0,0.0003,1.0,9676.208010196686
depth4_bal_MMMMAAAA,4,MMMMAAAA,36875,442500,0.9519726186990738,1.7692421674728394,1.7523191792624337,0.6135770234986945,0.3133159268929504,0.3295670656673006,1.0,0.0003,1.0,9682.809914827347
depth4_bal_MMMMAAAA,4,MMMMAAAA,36900,442800,0.8968059023221334,1.6820727189381917,1.616170290538243,0.6586161879895561,0.35117493472584854,0.36693142409665513,1.0,0.0003,1.0,9688.000273942947
depth4_bal_MMMMAAAA,4,MMMMAAAA,36925,443100,1.0731886426607768,1.7750068108240764,1.728155755996704,0.5675587467362925,0.30548302872062666,0.3180445239959727,1.0,0.0003,1.0,9696.172342061996
depth4_bal_MMMMAAAA,4,MMMMAAAA,36950,443400,1.112049827973048,1.6968556642532349,1.661474711554391,0.5675587467362925,0.3342036553524804,0.33001454301375993,1.0,0.0003,1.0,9704.506902694702
depth4_bal_MMMMAAAA,4,MMMMAAAA,36975,443700,0.9854208528995514,1.7841825882593791,1.7515138830457415,0.6171671018276762,0.3198433420365535,0.31547152925383154,1.0,0.0003,1.0,9712.244814395905
depth4_bal_MMMMAAAA,4,MMMMAAAA,37000,444000,0.9876550883054733,1.820957104365031,1.795216747692653,0.6021540469973891,0.30548302872062666,0.3136816198679942,1.0,0.0003,1.0,9719.98617529869
depth4_bal_MMMMAAAA,4,MMMMAAAA,37025,444300,1.02258105079333,1.6307178338368733,1.7011323486055647,0.5926892950391645,0.3524804177545692,0.3259872468956259,1.0,0.0003,1.0,9728.245346307755
depth4_bal_MMMMAAAA,4,MMMMAAAA,37050,444600,1.120967298746109,1.7554195721944172,1.6890996830804008,0.5577676240208878,0.2845953002610966,0.3150240519073722,1.0,0.0003,1.0,9735.966476917267
depth4_bal_MMMMAAAA,4,MMMMAAAA,37075,444900,0.9993084271748861,1.8642583290735881,1.787525224685669,0.6099869451697127,0.2845953002610966,0.31949882537196556,1.0,0.0003,1.0,9743.032594919205
depth4_bal_MMMMAAAA,4,MMMMAAAA,37100,445200,1.0716365377108257,1.7846612930297852,1.7040200539997645,0.5567885117493473,0.30156657963446476,0.3348249244881978,1.0,0.0003,1.0,9748.460032701492
depth4_bal_MMMMAAAA,4,MMMMAAAA,37125,445500,0.9632310469945272,2.0020814736684165,1.9550950629370554,0.6099869451697127,0.24151436031331594,0.27072379460789797,1.0,0.0003,1.0,9757.035930871964
depth4_bal_MMMMAAAA,4,MMMMAAAA,37150,445800,0.967619334657987,1.776902476946513,1.7373016868318831,0.6054177545691906,0.2859007832898172,0.3222955587873364,1.0,0.0003,1.0,9765.225879192352
depth4_bal_MMMMAAAA,4,MMMMAAAA,37175,446100,0.9543322573105494,1.6434053579966228,1.6346019506454468,0.6243472584856397,0.3472584856396867,0.352835887683186,1.0,0.0003,1.0,9773.025936365128
depth4_bal_MMMMAAAA,4,MMMMAAAA,37200,446400,1.0270281334718068,1.8293488423029582,1.7356832436152867,0.591710182767624,0.30678851174934724,0.32218368945072157,1.0,0.0003,1.0,9780.847903490067
depth4_bal_MMMMAAAA,4,MMMMAAAA,37225,446700,0.953202893336614,1.834529956181844,1.7513170787266323,0.6119451697127938,0.2950391644908616,0.3362792258641906,1.0,0.0003,1.0,9789.252688646317
depth4_bal_MMMMAAAA,4,MMMMAAAA,37250,447000,0.941033403078715,1.903078516324361,1.8248845917837961,0.6194516971279374,0.2885117493472585,0.32777715628146326,1.0,0.0003,1.0,9797.645743131638
depth4_bal_MMMMAAAA,4,MMMMAAAA,37275,447300,1.0292181571324666,1.8047453165054321,1.8098357677459718,0.5848563968668408,0.30809399477806787,0.31379348920460903,1.0,0.0003,1.0,9805.255529403687
depth4_bal_MMMMAAAA,4,MMMMAAAA,37300,447600,1.0769549508889515,1.8870524962743123,1.8077225310461862,0.558420365535248,0.26370757180156656,0.30887123839355635,1.0,0.0003,1.0,9812.949068546295
depth4_bal_MMMMAAAA,4,MMMMAAAA,37325,447900,1.0224023759365082,1.9378265937169392,1.906641834122794,0.5815926892950392,0.2845953002610966,0.3035015102360443,1.0,0.0003,1.0,9820.689636468887
depth4_bal_MMMMAAAA,4,MMMMAAAA,37350,448200,1.2134489218393962,1.9338226715723674,1.8690474646432058,0.5052219321148825,0.2741514360313316,0.27497482939926166,1.0,0.0003,1.0,9826.481638908386
depth4_bal_MMMMAAAA,4,MMMMAAAA,37375,448500,1.1182264685630798,1.7666891813278198,1.7804999010903495,0.560378590078329,0.30548302872062666,0.31222731849200136,1.0,0.0003,1.0,9834.559431791306
depth4_bal_MMMMAAAA,4,MMMMAAAA,37400,448800,1.019219512740771,1.7089283068974812,1.6537181649889265,0.5953002610966057,0.3276762402088773,0.34657120483275533,1.0,0.0003,1.0,9842.404898405075
depth4_bal_MMMMAAAA,4,MMMMAAAA,37425,449100,1.0422258079051971,1.8513816595077515,1.7877589872905186,0.5704960835509139,0.28067885117493474,0.31289853451169036,1.0,0.0003,1.0,9850.746267795563
depth4_bal_MMMMAAAA,4,MMMMAAAA,37450,449400,1.0321057190497716,1.8244892756144206,1.7573853152138845,0.5727806788511749,0.2989556135770235,0.31614274527352054,1.0,0.0003,1.0,9857.65144944191
depth4_bal_MMMMAAAA,4,MMMMAAAA,37475,449700,0.9431497852007548,1.6930275360743205,1.6561308758599418,0.6230417754569191,0.32114882506527415,0.34791363687213334,1.0,0.0003,1.0,9866.076970815659
depth4_bal_MMMMAAAA,4,MMMMAAAA,37500,450000,1.3295047481854756,1.8363018035888672,1.8288426671709332,0.47160574412532635,0.2780678851174935,0.2910840138717977,1.0,0.0003,1.0,9872.4364361763
depth4_bal_MMMMAAAA,4,MMMMAAAA,37525,450300,1.2285032868385315,1.8294912179311116,1.8134892974581038,0.5032637075718016,0.2950391644908616,0.29018905917887905,1.0,0.0003,1.0,9880.39490199089
depth4_bal_MMMMAAAA,4,MMMMAAAA,37550,450600,1.2310461103916168,1.9132124582926433,1.854902526310512,0.516644908616188,0.2545691906005222,0.2784427788343215,1.0,0.0003,1.0,9886.308385848999
depth4_bal_MMMMAAAA,4,MMMMAAAA,37575,450900,0.9527695377667745,1.747122089068095,1.6992201668875557,0.6230417754569191,0.3472584856396867,0.33896408994294663,1.0,0.0003,1.0,9893.617574930191
depth4_bal_MMMMAAAA,4,MMMMAAAA,37600,451200,1.104693740606308,1.8731420834859211,1.838710069656372,0.5489556135770235,0.26762402088772846,0.28627363239735987,1.0,0.0003,1.0,9898.502223968506
depth4_bal_MMMMAAAA,4,MMMMAAAA,37625,451500,1.0566922277212143,1.859298586845398,1.7952391726630075,0.5744125326370757,0.29112271540469975,0.3120035798187717,1.0,0.0003,1.0,9906.168501138687
depth4_bal_MMMMAAAA,4,MMMMAAAA,37650,451800,1.168802206714948,1.8378755648930867,1.7779478311538697,0.5274151436031331,0.2819843342036554,0.29880299809822125,1.0,0.0003,1.0,9914.247981071472
depth4_bal_MMMMAAAA,4,MMMMAAAA,37675,452100,1.1159308850765228,1.7463444868723552,1.7857149294444492,0.5590731070496083,0.30548302872062666,0.31547152925383154,1.0,0.0003,1.0,9921.90460062027
depth4_bal_MMMMAAAA,4,MMMMAAAA,37700,452400,0.9300955633322397,1.8121285041173298,1.74703768321446,0.6305483028720626,0.2989556135770235,0.32609911623224075,1.0,0.0003,1.0,9929.842546463013
depth4_bal_MMMMAAAA,4,MMMMAAAA,37725,452700,0.9495350817839304,1.756334622701009,1.7078993933541433,0.6191253263707572,0.30156657963446476,0.3359436178543461,1.0,0.0003,1.0,9936.646015405655
depth4_bal_MMMMAAAA,4,MMMMAAAA,37750,453000,0.9605362117290497,1.7044355074564617,1.685619010244097,0.6155352480417755,0.30678851174934724,0.3395234366260208,1.0,0.0003,1.0,9943.321619987488
depth4_bal_MMMMAAAA,4,MMMMAAAA,37775,453300,1.09792364637057,2.056856075922648,2.060415438243321,0.560378590078329,0.2689295039164491,0.2679270611925271,1.0,0.0003,1.0,9951.59243774414
depth4_bal_MMMMAAAA,4,MMMMAAAA,37800,453600,1.0291267683108647,1.6909461816151936,1.6844697952270509,0.5959530026109661,0.33159268929503916,0.32945519633068576,1.0,0.0003,1.0,9958.90631055832
depth4_bal_MMMMAAAA,4,MMMMAAAA,37825,453900,1.0828608324130375,1.8714052438735962,1.7883676290512085,0.5678851174934726,0.28067885117493474,0.3113323637990827,1.0,0.0003,1.0,9966.528311252594
depth4_bal_MMMMAAAA,4,MMMMAAAA,37850,454200,1.0540789663791656,2.0320313374201455,1.9379780088152205,0.5626631853785901,0.27154046997389036,0.2755341760823358,1.0,0.0003,1.0,9974.812063217163
depth4_bal_MMMMAAAA,4,MMMMAAAA,37875,454500,1.0016989956299465,1.7907352050145466,1.7906063454491752,0.5982375979112271,0.3185378590078329,0.3189394786888914,1.0,0.0003,1.0,9983.249573230743
depth4_bal_MMMMAAAA,4,MMMMAAAA,37900,454800,0.9364996800820032,1.7403327624003093,1.6780048847198485,0.6282637075718016,0.3289817232375979,0.33795726591341313,1.0,0.0003,1.0,9989.031025409698
depth4_bal_MMMMAAAA,4,MMMMAAAA,37925,455100,0.8953317801157633,1.710011879603068,1.6309358085904802,0.6550261096605744,0.34203655352480417,0.3665958160868106,1.0,0.0003,1.0,9993.47714972496
depth4_bal_MMMMAAAA,4,MMMMAAAA,37950,455400,1.0947882235050201,1.8049672842025757,1.7456675495420184,0.549934725848564,0.2950391644908616,0.311779841145542,1.0,0.0003,1.0,10001.158438682556
depth4_bal_MMMMAAAA,4,MMMMAAAA,37975,455700,0.9958925098180771,1.7410589059193928,1.747526056425912,0.6034595300261096,0.30678851174934724,0.31356975053137937,1.0,0.0003,1.0,10009.085266113281
depth4_bal_MMMMAAAA,4,MMMMAAAA,38000,456000,0.9986428966124853,1.7800651788711548,1.7610261508396694,0.5936684073107049,0.30809399477806787,0.3226311667971809,1.0,0.0003,1.0,10017.664397716522
depth4_bal_MMMMAAAA,4,MMMMAAAA,38025,456300,1.0181973626216252,1.8931547005971272,1.8585711411067418,0.5864882506527415,0.2819843342036554,0.29578252600962074,1.0,0.0003,1.0,10025.884653806686
depth4_bal_MMMMAAAA,4,MMMMAAAA,38050,456600,0.9707026282946268,1.8203330437342327,1.7972236360822404,0.6011749347258486,0.3198433420365535,0.3172614386396689,1.0,0.0003,1.0,10033.711423158646
depth4_bal_MMMMAAAA,4,MMMMAAAA,38075,456900,0.982161208987236,1.7780901193618774,1.7466996363231113,0.6060704960835509,0.31723237597911225,0.32240742812395123,1.0,0.0003,1.0,10042.255986452103
depth4_bal_MMMMAAAA,4,MMMMAAAA,38100,457200,1.1096396495898564,1.8231741587320964,1.810007429122925,0.5463446475195822,0.2780678851174935,0.2980199127419174,1.0,0.0003,1.0,10047.528643608093
depth4_bal_MMMMAAAA,4,MMMMAAAA,38125,457500,1.042647163073222,1.756874958674113,1.7618494612830027,0.5682114882506527,0.31462140992167104,0.3243092068464034,1.0,0.0003,1.0,10052.631479501724
depth4_bal_MMMMAAAA,4,MMMMAAAA,38150,457800,1.0458108186721802,1.7864821354548137,1.7368442501340593,0.5760443864229765,0.31462140992167104,0.3280008949546929,1.0,0.0003,1.0,10060.555924415588
depth4_bal_MMMMAAAA,4,MMMMAAAA,38175,458100,1.0624752442042034,1.8107658624649048,1.7920844895499093,0.5678851174934726,0.2963446475195822,0.307081329007719,1.0,0.0003,1.0,10068.947197914124
depth4_bal_MMMMAAAA,4,MMMMAAAA,38200,458400,1.0282480766375859,1.7638478676478069,1.7211035455976214,0.5907310704960835,0.31201044386422977,0.32475668419286274,1.0,0.0003,1.0,10077.170815229416
depth4_bal_MMMMAAAA,4,MMMMAAAA,38225,458700,0.9915795822938284,1.7213470538457234,1.673369881084987,0.6099869451697127,0.3198433420365535,0.34601185814968116,1.0,0.0003,1.0,10084.869525909424
depth4_bal_MMMMAAAA,4,MMMMAAAA,38250,459000,1.0249248494704564,1.8462931315104167,1.800228009905134,0.5825718015665796,0.3093994778067885,0.31446470522429804,1.0,0.0003,1.0,10092.789724349976
depth4_bal_MMMMAAAA,4,MMMMAAAA,38275,459300,1.0943013230959575,1.8206788301467896,1.7935620648520334,0.558420365535248,0.27023498694516973,0.3000335608009845,1.0,0.0003,1.0,10101.17358970642
depth4_bal_MMMMAAAA,4,MMMMAAAA,38300,459600,0.9754432936509451,1.7926476399103801,1.7504162311553955,0.6086814621409922,0.2963446475195822,0.32442107618301824,1.0,0.0003,1.0,10105.22437095642
depth4_bal_MMMMAAAA,4,MMMMAAAA,38325,459900,1.1428494602441788,1.8857815265655518,1.7739571605409894,0.5545039164490861,0.2819843342036554,0.32117686542118806,1.0,0.0003,1.0,10113.281380653381
depth4_bal_MMMMAAAA,4,MMMMAAAA,38350,460200,0.9435675839583079,1.7154666980107625,1.7154754366193499,0.6227154046997389,0.31201044386422977,0.33135697505313794,1.0,0.0003,1.0,10121.378631830215
depth4_bal_MMMMAAAA,4,MMMMAAAA,38375,460500,1.0397849927345912,1.8291644255320232,1.803133075577872,0.5682114882506527,0.2963446475195822,0.3101018010963195,1.0,0.0003,1.0,10129.650119066238
depth4_bal_MMMMAAAA,4,MMMMAAAA,38400,460800,1.0195507655541103,1.7648640871047974,1.7110157217298234,0.5939947780678851,0.3198433420365535,0.32710594026177425,1.0,0.0003,1.0,10137.78635931015
depth4_bal_MMMMAAAA,4,MMMMAAAA,38425,461100,0.9384654859701792,1.7442047595977783,1.6729933193751745,0.6236945169712794,0.32506527415143605,0.3437744714173845,1.0,0.0003,1.0,10146.030880451202
depth4_bal_MMMMAAAA,4,MMMMAAAA,38450,461400,1.0007548828919728,1.7585864861806233,1.7353177615574429,0.5949738903394256,0.32114882506527415,0.3278890256180781,1.0,0.0003,1.0,10154.268347024918
depth4_bal_MMMMAAAA,4,MMMMAAAA,38475,461700,1.0275573035081227,1.8039632240931194,1.7829461744853428,0.5939947780678851,0.2989556135770235,0.31189171048215686,1.0,0.0003,1.0,10162.420667648315
depth4_bal_MMMMAAAA,4,MMMMAAAA,38500,462000,1.0455846389134724,1.8130054871241252,1.7863718475614274,0.5881201044386423,0.293733681462141,0.31681396129320955,1.0,0.0003,1.0,10169.857884645462
depth4_bal_MMMMAAAA,4,MMMMAAAA,38525,462300,1.0298963487148285,1.782006859779358,1.7682972873960223,0.5949738903394256,0.2950391644908616,0.3169258306298244,1.0,0.0003,1.0,10173.967457532883
depth4_bal_MMMMAAAA,4,MMMMAAAA,38550,462600,1.0907013962666194,1.7865941524505615,1.7893885714667184,0.5483028720626631,0.29112271540469975,0.307752545027408,1.0,0.0003,1.0,10179.56131696701
depth4_bal_MMMMAAAA,4,MMMMAAAA,38575,462900,1.0407909353574116,1.8313723007837932,1.8421408687319074,0.5835509138381201,0.2898172323759791,0.29220270723794606,1.0,0.0003,1.0,10186.687329530716
depth4_bal_MMMMAAAA,4,MMMMAAAA,38600,463200,0.9514199395974478,1.6665026744206746,1.6809010471616472,0.6282637075718016,0.3342036553524804,0.3422083007047768,1.0,0.0003,1.0,10194.57264137268
depth4_bal_MMMMAAAA,4,MMMMAAAA,38625,463500,0.9637151410182317,1.790067235628764,1.7360400370189122,0.6096605744125326,0.3093994778067885,0.3339299697952791,1.0,0.0003,1.0,10202.779841184616
depth4_bal_MMMMAAAA,4,MMMMAAAA,38650,463800,0.979348286986351,1.901454250017802,1.8141702243259974,0.6171671018276762,0.2845953002610966,0.3021590781966663,1.0,0.0003,1.0,10210.46725845337
depth4_bal_MMMMAAAA,4,MMMMAAAA,38675,464100,1.2116134564081829,1.8675480286280315,1.8403409140450613,0.5195822454308094,0.2689295039164491,0.29309766193086473,1.0,0.0003,1.0,10218.482689619064
depth4_bal_MMMMAAAA,4,MMMMAAAA,38700,464400,1.1064935525258381,2.0513950188954673,1.9705463920320783,0.5473237597911227,0.26631853785900783,0.27228996532050564,1.0,0.0003,1.0,10228.095206260681
depth4_bal_MMMMAAAA,4,MMMMAAAA,38725,464700,1.018122265736262,1.9320311546325684,1.8017105885914393,0.5972584856396866,0.26631853785900783,0.3126747958384607,1.0,0.0003,1.0,10236.185957670212
depth4_bal_MMMMAAAA,4,MMMMAAAA,38750,465000,1.0477062811454136,1.8314845164616902,1.808677077293396,0.5848563968668408,0.2859007832898172,0.31289853451169036,1.0,0.0003,1.0,10243.997494220734
depth4_bal_MMMMAAAA,4,MMMMAAAA,38775,465300,1.0826906164487202,1.8946675856908162,1.8390249456678118,0.5731070496083551,0.29112271540469975,0.2972368273856136,1.0,0.0003,1.0,10250.025895118713
depth4_bal_MMMMAAAA,4,MMMMAAAA,38800,465600,1.127942641576131,1.7769379615783691,1.7273420980998448,0.5574412532637075,0.2924281984334204,0.31815639333258755,1.0,0.0003,1.0,10258.080839633942
depth4_bal_MMMMAAAA,4,MMMMAAAA,38825,465900,0.9816022018591563,1.969664732615153,1.947302634375436,0.606396866840731,0.29112271540469975,0.28560241637767086,1.0,0.0003,1.0,10266.418423891068
depth4_bal_MMMMAAAA,4,MMMMAAAA,38850,466200,1.0206991533438365,1.8127084970474243,1.8102935416357857,0.597911227154047,0.3093994778067885,0.3192750866987359,1.0,0.0003,1.0,10274.509459257126
depth4_bal_MMMMAAAA,4,MMMMAAAA,38875,466500,1.161190743247668,1.9149930477142334,1.8637957981654576,0.5287206266318538,0.2754569190600522,0.2843718536749077,1.0,0.0003,1.0,10282.345383644104
depth4_bal_MMMMAAAA,4,MMMMAAAA,38900,466800,1.0382947375377019,2.0433130264282227,2.032300683430263,0.5731070496083551,0.2650130548302872,0.2659134131334601,1.0,0.0003,1.0,10288.583968877792
depth4_bal_MMMMAAAA,4,MMMMAAAA,38925,467100,1.067160005370776,1.7493523359298706,1.7539191211972918,0.5610313315926893,0.3276762402088773,0.3216243427676474,1.0,0.0003,1.0,10294.358234167099
depth4_bal_MMMMAAAA,4,MMMMAAAA,38950,467400,1.0187305609385173,1.8661700089772542,1.8187256029673986,0.5825718015665796,0.2845953002610966,0.3007047768206735,1.0,0.0003,1.0,10302.342713594437
depth4_bal_MMMMAAAA,4,MMMMAAAA,38975,467700,1.0303053309520085,1.7850150267283122,1.7455634696143014,0.5744125326370757,0.3302872062663185,0.31815639333258755,1.0,0.0003,1.0,10310.363604068756
depth4_bal_MMMMAAAA,4,MMMMAAAA,39000,468000,1.2335601796706517,2.3119064966837564,2.2017341068812777,0.5071801566579635,0.24412532637075718,0.24723123391878285,1.0,0.0003,1.0,10318.36204791069
depth4_bal_MMMMAAAA,4,MMMMAAAA,39025,468300,0.9990477710962296,1.853501319885254,1.7929250138146537,0.5926892950391645,0.2741514360313316,0.2995860834545251,1.0,0.0003,1.0,10326.198742389679
depth4_bal_MMMMAAAA,4,MMMMAAAA,39050,468600,0.9082221041123072,1.7306339343388875,1.7324330942971367,0.6331592689295039,0.3302872062663185,0.3484729835552075,1.0,0.0003,1.0,10334.031713724136
depth4_bal_MMMMAAAA,4,MMMMAAAA,39075,468900,0.9694409221410751,1.9047139485677083,1.8169923033033097,0.6161879895561357,0.29765013054830286,0.30887123839355635,1.0,0.0003,1.0,10342.69015288353
depth4_bal_MMMMAAAA,4,MMMMAAAA,39100,469200,1.0007477353016536,1.905110478401184,1.874953477723258,0.5985639686684073,0.2597911227154047,0.2892941044859604,1.0,0.0003,1.0,10349.909855127335
depth4_bal_MMMMAAAA,4,MMMMAAAA,39125,469500,0.977082704504331,1.769705096880595,1.7614527429853166,0.6099869451697127,0.31070496083550914,0.32442107618301824,1.0,0.0003,1.0,10357.387744188309
depth4_bal_MMMMAAAA,4,MMMMAAAA,39150,469800,0.9057119439045588,1.776871959368388,1.7005583252225602,0.6449086161879896,0.3133159268929504,0.3451169034567625,1.0,0.0003,1.0,10364.63070845604
depth4_bal_MMMMAAAA,4,MMMMAAAA,39175,470100,0.9961898426214854,2.008210817972819,1.9363566977637154,0.6073759791122716,0.2689295039164491,0.28157512025953685,1.0,0.0003,1.0,10372.885966777802
depth4_bal_MMMMAAAA,4,MMMMAAAA,39200,470400,0.9494369377692541,1.8417011499404907,1.8142441987991333,0.6201044386422977,0.30678851174934724,0.3121154491553865,1.0,0.0003,1.0,10380.70943236351
depth4_bal_MMMMAAAA,4,MMMMAAAA,39225,470700,0.9096684654553732,1.7837642033894856,1.7513019459588186,0.6471932114882507,0.3198433420365535,0.33303501510236044,1.0,0.0003,1.0,10388.595080852509
depth4_bal_MMMMAAAA,4,MMMMAAAA,39250,471000,0.9809177815914154,1.6965062220891316,1.6973323515483312,0.6106396866840731,0.3185378590078329,0.3246448148562479,1.0,0.0003,1.0,10396.569853305817
depth4_bal_MMMMAAAA,4,MMMMAAAA,39275,471300,0.915783628821373,1.763553500175476,1.7442522185189384,0.6269582245430809,0.3289817232375979,0.342767647387851,1.0,0.0003,1.0,10405.149657964706
depth4_bal_MMMMAAAA,4,MMMMAAAA,39300,471600,0.9520109395186106,1.9576725165049236,1.8629595960889545,0.6129242819843342,0.2793733681462141,0.30954245441324535,1.0,0.0003,1.0,10413.259233236313
depth4_bal_MMMMAAAA,4,MMMMAAAA,39325,471900,1.0040742953618367,1.8460047642389934,1.7941967282976423,0.5920365535248042,0.2963446475195822,0.32173621210426223,1.0,0.0003,1.0,10421.450126171112
depth4_bal_MMMMAAAA,4,MMMMAAAA,39350,472200,0.9900512595971426,1.9463467995325725,1.8778988736016409,0.6054177545691906,0.2741514360313316,0.3000335608009845,1.0,0.0003,1.0,10429.82140159607
depth4_bal_MMMMAAAA,4,MMMMAAAA,39375,472500,1.0889547765254974,1.9849293231964111,1.8716907262802125,0.564621409921671,0.28720626631853785,0.2986911287616064,1.0,0.0003,1.0,10433.939573526382
depth4_bal_MMMMAAAA,4,MMMMAAAA,39400,472800,0.9381286352872849,1.7795648574829102,1.7310325963156563,0.6122715404699739,0.3224543080939948,0.3351605324980423,1.0,0.0003,1.0,10437.242468357086
depth4_bal_MMMMAAAA,4,MMMMAAAA,39425,473100,1.1367892920970917,1.8781925439834595,1.8142430237361362,0.5401436031331592,0.27154046997389036,0.3018234701868218,1.0,0.0003,1.0,10440.65587592125
depth4_bal_MMMMAAAA,4,MMMMAAAA,39450,473400,0.9630812207857767,1.8270857334136963,1.7928307397024972,0.6109660574412533,0.2819843342036554,0.3106611477793937,1.0,0.0003,1.0,10448.71117758751
depth4_bal_MMMMAAAA,4,MMMMAAAA,39475,473700,0.9916839996973673,1.765161116917928,1.7741199799946377,0.6073759791122716,0.3276762402088773,0.33001454301375993,1.0,0.0003,1.0,10456.952643156052
depth4_bal_MMMMAAAA,4,MMMMAAAA,39500,474000,0.9252100884914398,1.7833050886789958,1.752790525981358,0.6259791122715405,0.30678851174934724,0.33102136704329344,1.0,0.0003,1.0,10465.414254903793
depth4_bal_MMMMAAAA,4,MMMMAAAA,39525,474300,1.00950787961483,1.8518255551656086,1.779335161617824,0.5943211488250653,0.31592689295039167,0.31614274527352054,1.0,0.0003,1.0,10473.191967487335
depth4_bal_MMMMAAAA,4,MMMMAAAA,39550,474600,1.0520675579706829,1.9226317405700684,1.8366817610604422,0.5809399477806788,0.2793733681462141,0.29947421411791025,1.0,0.0003,1.0,10481.646083116531
depth4_bal_MMMMAAAA,4,MMMMAAAA,39575,474900,0.9844679037729899,1.7529655297597249,1.7383597135543822,0.6080287206266318,0.32506527415143605,0.33337062311220494,1.0,0.0003,1.0,10489.602003097534
depth4_bal_MMMMAAAA,4,MMMMAAAA,39600,475200,1.0030804524819057,1.7838114897410076,1.7478755235671997,0.6024804177545692,0.3368146214099217,0.3207293880747287,1.0,0.0003,1.0,10497.903985261917
depth4_bal_MMMMAAAA,4,MMMMAAAA,39625,475500,0.9708717862764994,1.7669466336568196,1.752093458175659,0.612597911227154,0.3381201044386423,0.32352612149009957,1.0,0.0003,1.0,10506.107869386673
depth4_bal_MMMMAAAA,4,MMMMAAAA,39650,475800,1.0646496266126633,1.9712581634521484,1.849740331513541,0.5802872062663186,0.2650130548302872,0.30887123839355635,1.0,0.0003,1.0,10514.052896261215
depth4_bal_MMMMAAAA,4,MMMMAAAA,39675,476100,0.979355643192927,1.8289084831873577,1.8021951981953213,0.6080287206266318,0.3237597911227154,0.3200581720550397,1.0,0.0003,1.0,10522.40822839737
depth4_bal_MMMMAAAA,4,MMMMAAAA,39700,476400,0.9802195777495702,1.7667254209518433,1.751341244152614,0.6093342036553525,0.3093994778067885,0.3252041615393221,1.0,0.0003,1.0,10527.947078704834
depth4_bal_MMMMAAAA,4,MMMMAAAA,39725,476700,0.9597881138324738,1.7729968229929607,1.7001727989741735,0.6289164490861618,0.3302872062663185,0.3366148338740351,1.0,0.0003,1.0,10535.675565481186
depth4_bal_MMMMAAAA,4,MMMMAAAA,39750,477000,0.9401941696802775,1.8597548007965088,1.8093094417027065,0.625,0.3028720626631854,0.3266584629153149,1.0,0.0003,1.0,10543.242038965225
depth4_bal_MMMMAAAA,4,MMMMAAAA,39775,477300,1.0345323185125987,1.943834900856018,1.9024607862745013,0.5815926892950392,0.27284595300261094,0.2963418726926949,1.0,0.0003,1.0,10551.332893371582
depth4_bal_MMMMAAAA,4,MMMMAAAA,39800,477600,1.0251076420148213,2.033396363258362,1.9506739377975464,0.5920365535248042,0.2819843342036554,0.28090390423984785,1.0,0.0003,1.0,10559.702080249786
depth4_bal_MMMMAAAA,4,MMMMAAAA,39825,477900,1.137219841281573,1.9305638074874878,1.8804015295846122,0.5398172323759791,0.26762402088772846,0.28325316030875936,1.0,0.0003,1.0,10568.35442185402
depth4_bal_MMMMAAAA,4,MMMMAAAA,39850,478200,1.0357004602750142,1.889634609222412,1.8876050574438912,0.5842036553524804,0.2754569190600522,0.2969012193757691,1.0,0.0003,1.0,10576.493480682373
depth4_bal_MMMMAAAA,4,MMMMAAAA,39875,478500,0.929839755098025,1.8097464640935261,1.7842970337186541,0.6308746736292428,0.2963446475195822,0.32352612149009957,1.0,0.0003,1.0,10583.581232786179
depth4_bal_MMMMAAAA,4,MMMMAAAA,39900,478800,0.9052873949209849,1.8371833165486653,1.755417037010193,0.6295691906005222,0.31723237597911225,0.3346011858149681,1.0,0.0003,1.0,10586.856610059738
depth4_bal_MMMMAAAA,4,MMMMAAAA,39925,479100,0.9998409152030945,1.9191910028457642,1.8576056276048933,0.6037859007832899,0.283289817232376,0.30092851549390315,1.0,0.0003,1.0,10594.045916080475
depth4_bal_MMMMAAAA,4,MMMMAAAA,39950,479400,1.0224768320719402,2.268791834513346,2.2039330346243724,0.5793080939947781,0.2297650130548303,0.24924488197784986,1.0,0.0003,1.0,10602.394944667816
depth4_bal_MMMMAAAA,4,MMMMAAAA,39975,479700,0.9425606081883112,1.7755816380182903,1.7738464593887329,0.6191253263707572,0.3276762402088773,0.33135697505313794,1.0,0.0003,1.0,10610.125102996826
depth4_bal_MMMMAAAA,4,MMMMAAAA,40000,480000,1.223752920826276,2.134182850519816,2.0341004371643066,0.52088772845953,0.23890339425587467,0.2583062982436514,1.0,0.0003,1.0,10617.986780881882
depth4_bal_MMMMAAAA,4,MMMMAAAA,40025,480300,0.9344110240538915,1.740257461865743,1.696526002883911,0.6331592689295039,0.30809399477806787,0.3401946526457098,1.0,0.0003,1.0,10626.226802110672
depth4_bal_MMMMAAAA,4,MMMMAAAA,40050,480600,1.0580500463644664,1.7938884099324544,1.7586441346577235,0.5842036553524804,0.28720626631853785,0.3093187157400157,1.0,0.0003,1.0,10634.179740667343
depth4_bal_MMMMAAAA,4,MMMMAAAA,40075,480900,0.9463803817828497,1.8768654266993205,1.8047395093100411,0.6305483028720626,0.2963446475195822,0.30417272625573333,1.0,0.0003,1.0,10642.513267040253
depth4_bal_MMMMAAAA,4,MMMMAAAA,40100,481200,1.0398932248353958,1.8649165630340576,1.8209925038473946,0.5868146214099217,0.30548302872062666,0.3219599507774919,1.0,0.0003,1.0,10650.507928609848
depth4_bal_MMMMAAAA,4,MMMMAAAA,40125,481500,0.9484853744506836,1.8799432516098022,1.8363354580742972,0.6217362924281984,0.293733681462141,0.3020472088600515,1.0,0.0003,1.0,10654.71504688263
depth4_bal_MMMMAAAA,4,MMMMAAAA,40150,481800,0.9110703120628992,1.790130654970805,1.7774753059659685,0.639686684073107,0.30156657963446476,0.3282246336279226,1.0,0.0003,1.0,10657.996995925903
depth4_bal_MMMMAAAA,4,MMMMAAAA,40175,482100,0.9504006306330363,1.815476377805074,1.8174988985061646,0.6122715404699739,0.3028720626631854,0.31289853451169036,1.0,0.0003,1.0,10661.336945772171
depth4_bal_MMMMAAAA,4,MMMMAAAA,40200,482400,0.8760850379864374,1.7726093133290608,1.7768514599118914,0.6602480417754569,0.3381201044386423,0.3398590446358653,1.0,0.0003,1.0,10667.516559839249
depth4_bal_MMMMAAAA,4,MMMMAAAA,40225,482700,1.0742743959029515,1.826749563217163,1.7786078010286603,0.5786553524804178,0.2845953002610966,0.312451057165231,1.0,0.0003,1.0,10676.083234071732
depth4_bal_MMMMAAAA,4,MMMMAAAA,40250,483000,1.0973116010427475,1.9917947053909302,1.9240404163088118,0.5652741514360313,0.24673629242819844,0.2830294216355297,1.0,0.0003,1.0,10683.757679700851
depth4_bal_MMMMAAAA,4,MMMMAAAA,40275,483300,1.134743998448054,1.7709537347157795,1.812164034162249,0.5580939947780679,0.30548302872062666,0.3086474997203267,1.0,0.0003,1.0,10691.55599975586
depth4_bal_MMMMAAAA,4,MMMMAAAA,40300,483600,0.9582081536451975,1.7786284287770588,1.8023816687720162,0.6158616187989556,0.31462140992167104,0.3173733079762837,1.0,0.0003,1.0,10699.833892822266
depth4_bal_MMMMAAAA,4,MMMMAAAA,40325,483900,1.0387636423110962,2.0695729653040567,1.97387820652553,0.589425587467363,0.23368146214099217,0.2771003467949435,1.0,0.0003,1.0,10707.983440160751
depth4_bal_MMMMAAAA,4,MMMMAAAA,40350,484200,1.0323576877514522,1.9854029019673665,1.8961703981672013,0.5825718015665796,0.27023498694516973,0.2916433605548719,1.0,0.0003,1.0,10716.567698001862
depth4_bal_MMMMAAAA,4,MMMMAAAA,40375,484500,0.9324632535378138,1.8296364943186443,1.7830922331128802,0.6370757180156658,0.32506527415143605,0.32475668419286274,1.0,0.0003,1.0,10724.313567638397
depth4_bal_MMMMAAAA,4,MMMMAAAA,40400,484800,1.0074795583883922,1.740867296854655,1.726830976349967,0.5884464751958225,0.31201044386422977,0.32811276429130776,1.0,0.0003,1.0,10732.492285490036
depth4_bal_MMMMAAAA,4,MMMMAAAA,40425,485100,1.0969301114479701,1.796284556388855,1.757602552005223,0.5597258485639687,0.30678851174934724,0.3229667748070254,1.0,0.0003,1.0,10740.620606899261
depth4_bal_MMMMAAAA,4,MMMMAAAA,40450,485400,1.0142901639143627,1.7589282592137654,1.7252764225006103,0.5871409921671018,0.32114882506527415,0.3455643808032218,1.0,0.0003,1.0,10748.616615772247
depth4_bal_MMMMAAAA,4,MMMMAAAA,40475,485700,0.976603552699089,1.9614323774973552,1.9405377728598459,0.6086814621409922,0.2859007832898172,0.29678935003915424,1.0,0.0003,1.0,10756.769077301025
depth4_bal_MMMMAAAA,4,MMMMAAAA,40500,486000,1.015651176373164,1.794654130935669,1.7741594008037023,0.5923629242819843,0.2885117493472585,0.3156952679270612,1.0,0.0003,1.0,10764.94142961502
depth4_bal_MMMMAAAA,4,MMMMAAAA,40525,486300,0.934343213836352,1.8841781218846638,1.8776932682309833,0.6240208877284595,0.2963446475195822,0.30260655554312565,1.0,0.0003,1.0,10773.945120811462
depth4_bal_MMMMAAAA,4,MMMMAAAA,40550,486600,0.948244700829188,1.8513214588165283,1.815338499205453,0.6194516971279374,0.3133159268929504,0.3087593690569415,1.0,0.0003,1.0,10782.06838798523
depth4_bal_MMMMAAAA,4,MMMMAAAA,40575,486900,1.004833569129308,1.7920749584833782,1.7628124918256487,0.6015013054830287,0.34203655352480417,0.3329231457657456,1.0,0.0003,1.0,10790.229365587234
depth4_bal_MMMMAAAA,4,MMMMAAAA,40600,487200,1.0348103046417236,1.909697453180949,1.8225550787789482,0.5789817232375979,0.2793733681462141,0.30585076630495583,1.0,0.0003,1.0,10798.366766691208
depth4_bal_MMMMAAAA,4,MMMMAAAA,40625,487500,0.9921681135892868,1.8362695773442586,1.7892971277236938,0.610313315926893,0.2859007832898172,0.32352612149009957,1.0,0.0003,1.0,10802.661715984344
depth4_bal_MMMMAAAA,4,MMMMAAAA,40650,487800,0.9301909456650416,1.7963393926620483,1.774602563040597,0.6240208877284595,0.31592689295039167,0.3285602416377671,1.0,0.0003,1.0,10809.803282260895
depth4_bal_MMMMAAAA,4,MMMMAAAA,40675,488100,0.975697840253512,1.7960238854090373,1.739641240664891,0.6155352480417755,0.283289817232376,0.33035015102360443,1.0,0.0003,1.0,10814.392870903015
depth4_bal_MMMMAAAA,4,MMMMAAAA,40700,488400,1.013002206881841,1.866510272026062,1.8609675816127231,0.5975848563968669,0.2950391644908616,0.29813178207853225,1.0,0.0003,1.0,10817.734640836716
depth4_bal_MMMMAAAA,4,MMMMAAAA,40725,488700,0.8704881767431895,1.8014955520629883,1.7560762984412057,0.6501305483028721,0.3185378590078329,0.34500503412014766,1.0,0.0003,1.0,10821.049140453339
depth4_bal_MMMMAAAA,4,MMMMAAAA,40750,489000,1.1709249516328175,1.941219449043274,1.9095015934535435,0.5404699738903395,0.2780678851174935,0.2826938136256852,1.0,0.0003,1.0,10824.341344833374
depth4_bal_MMMMAAAA,4,MMMMAAAA,40775,489300,1.061192308863004,1.975122054417928,1.9595310177121843,0.5809399477806788,0.26370757180156656,0.2828056829623,1.0,0.0003,1.0,10828.759459018707
depth4_bal_MMMMAAAA,4,MMMMAAAA,40800,489600,0.9034257630507151,1.8648001750310261,1.8142383302961076,0.6370757180156658,0.29112271540469975,0.3177089159861282,1.0,0.0003,1.0,10836.632181882858
depth4_bal_MMMMAAAA,4,MMMMAAAA,40825,489900,1.0553439408540726,1.771773099899292,1.7490522146224976,0.5815926892950392,0.31070496083550914,0.3169258306298244,1.0,0.0003,1.0,10844.963126182556
depth4_bal_MMMMAAAA,4,MMMMAAAA,40850,490200,0.9218021184206009,1.806709090868632,1.7391722440719604,0.6347911227154047,0.2924281984334204,0.3385166125964873,1.0,0.0003,1.0,10853.468096971512
depth4_bal_MMMMAAAA,4,MMMMAAAA,40875,490500,0.9364050477743149,1.794976035753886,1.7603737899235317,0.6295691906005222,0.2924281984334204,0.3170376999664392,1.0,0.0003,1.0,10861.566472768784
depth4_bal_MMMMAAAA,4,MMMMAAAA,40900,490800,0.94050233066082,1.964280327161153,1.934949312891279,0.6328328981723238,0.2597911227154047,0.2755341760823358,1.0,0.0003,1.0,10869.433797359467
depth4_bal_MMMMAAAA,4,MMMMAAAA,40925,491100,1.1058237999677658,1.8707655270894368,1.8556632246289935,0.5571148825065274,0.28067885117493474,0.2956706566730059,1.0,0.0003,1.0,10877.87140250206
depth4_bal_MMMMAAAA,4,MMMMAAAA,40950,491400,1.0424799124399822,1.733290672302246,1.7323960304260253,0.5806135770234987,0.3263707571801567,0.3268822015885446,1.0,0.0003,1.0,10886.249405145645
depth4_bal_MMMMAAAA,4,MMMMAAAA,40975,491700,1.0058946112791698,1.837004542350769,1.8149731738226755,0.5972584856396866,0.2793733681462141,0.30495581161203716,1.0,0.0003,1.0,10894.652831554413
depth4_bal_MMMMAAAA,4,MMMMAAAA,41000,492000,0.9286020447810491,1.7738285859425862,1.7659365585872104,0.6308746736292428,0.3263707571801567,0.3366148338740351,1.0,0.0003,1.0,10902.81040930748
depth4_bal_MMMMAAAA,4,MMMMAAAA,41025,492300,0.9966562141974767,1.7634530067443848,1.7368919372558593,0.5985639686684073,0.33159268929503916,0.3302382816869896,1.0,0.0003,1.0,10910.160762548447
depth4_bal_MMMMAAAA,4,MMMMAAAA,41050,492600,1.0047994206349056,1.7331664562225342,1.7232241664613996,0.6132506527415144,0.33159268929503916,0.32967893500391543,1.0,0.0003,1.0,10916.203996896744
depth4_bal_MMMMAAAA,4,MMMMAAAA,41075,492900,1.0572917660077412,1.8900924523671467,1.8453740903309412,0.5809399477806788,0.2989556135770235,0.30596263564157067,1.0,0.0003,1.0,10924.116053819656
depth4_bal_MMMMAAAA,4,MMMMAAAA,41100,493200,0.9565008133649826,1.8509626785914104,1.8014926092965262,0.6132506527415144,0.3198433420365535,0.3229667748070254,1.0,0.0003,1.0,10931.960131168365
depth4_bal_MMMMAAAA,4,MMMMAAAA,41125,493500,0.9624810268481573,1.802671988805135,1.7333518607275826,0.6220626631853786,0.3237597911227154,0.33706231122049446,1.0,0.0003,1.0,10939.922538280487
depth4_bal_MMMMAAAA,4,MMMMAAAA,41150,493800,1.0306043674548466,1.8392261664072673,1.7865148918969291,0.5926892950391645,0.2924281984334204,0.31681396129320955,1.0,0.0003,1.0,10947.703416109085
depth4_bal_MMMMAAAA,4,MMMMAAAA,41175,494100,0.9927746454874674,1.8839189608891804,1.7949755464281354,0.6106396866840731,0.29765013054830286,0.3186038706790469,1.0,0.0003,1.0,10954.685455560684
depth4_bal_MMMMAAAA,4,MMMMAAAA,41200,494400,1.0787140031655629,1.9847914377848308,1.9126103707722255,0.5747389033942559,0.26631853785900783,0.2917552298914867,1.0,0.0003,1.0,10962.803483486176
depth4_bal_MMMMAAAA,4,MMMMAAAA,41225,494700,0.8701119472583135,1.7009015480677288,1.6755474533353534,0.6693864229765013,0.34464751958224543,0.35429018905917886,1.0,0.0003,1.0,10970.692270755768
depth4_bal_MMMMAAAA,4,MMMMAAAA,41250,495000,1.0455422898133595,1.856457034746806,1.8424224751336233,0.5721279373368147,0.2754569190600522,0.30428459559234816,1.0,0.0003,1.0,10978.891949653625
depth4_bal_MMMMAAAA,4,MMMMAAAA,41275,495300,0.9741066992282867,1.8315127690633137,1.8116735798971995,0.6135770234986945,0.31201044386422977,0.311779841145542,1.0,0.0003,1.0,10987.06257224083
depth4_bal_MMMMAAAA,4,MMMMAAAA,41300,495600,0.9406667153040568,1.8351800044377644,1.7931675297873362,0.6201044386422977,0.2989556135770235,0.32475668419286274,1.0,0.0003,1.0,10994.43342089653
depth4_bal_MMMMAAAA,4,MMMMAAAA,41325,495900,0.9482902437448502,1.8478842576344807,1.855097998891558,0.6282637075718016,0.2989556135770235,0.2999216914643696,1.0,0.0003,1.0,11002.59124803543
depth4_bal_MMMMAAAA,4,MMMMAAAA,41350,496200,0.898721233010292,1.8825310468673706,1.844341962678092,0.637402088772846,0.3093994778067885,0.3206175187381139,1.0,0.0003,1.0,11010.522111415863
depth4_bal_MMMMAAAA,4,MMMMAAAA,41375,496500,0.9840354969104131,1.8540716965993245,1.8361184528895786,0.6129242819843342,0.283289817232376,0.29555878733639107,1.0,0.0003,1.0,11018.71878194809
depth4_bal_MMMMAAAA,4,MMMMAAAA,41400,496800,1.0006233751773834,1.8738288084665935,1.8106644800731113,0.5975848563968669,0.2845953002610966,0.31782078532274305,1.0,0.0003,1.0,11026.651646614075
depth4_bal_MMMMAAAA,4,MMMMAAAA,41425,497100,1.1083179811636608,1.877539833386739,1.8086969239371165,0.5548302872062664,0.2741514360313316,0.31155610247231236,1.0,0.0003,1.0,11033.220692157745
depth4_bal_MMMMAAAA,4,MMMMAAAA,41450,497400,0.9441035886605581,1.7766813039779663,1.7415365866252355,0.6298955613577023,0.30548302872062666,0.3312451057165231,1.0,0.0003,1.0,11043.620008468628
depth4_bal_MMMMAAAA,4,MMMMAAAA,41475,497700,0.9829080204168955,1.7783421277999878,1.7782767772674561,0.6119451697127938,0.31592689295039167,0.31949882537196556,1.0,0.0003,1.0,11051.920670509338
depth4_bal_MMMMAAAA,4,MMMMAAAA,41500,498000,0.8894820710023245,1.7436467011769612,1.713749405315944,0.6550261096605744,0.30678851174934724,0.3451169034567625,1.0,0.0003,1.0,11060.202859163284
depth4_bal_MMMMAAAA,4,MMMMAAAA,41525,498300,1.0960816542307537,1.9343026081720989,1.9167267220360893,0.549934725848564,0.29112271540469975,0.2993623447812954,1.0,0.0003,1.0,11068.467602729797
depth4_bal_MMMMAAAA,4,MMMMAAAA,41550,498600,0.9389322896798452,1.9265052477518718,1.9162893738065447,0.6214099216710183,0.31201044386422977,0.301040384830518,1.0,0.0003,1.0,11076.980946779251
depth4_bal_MMMMAAAA,4,MMMMAAAA,41575,498900,1.0521569500366847,1.7621341149012248,1.7532285043171474,0.575065274151436,0.2885117493472585,0.31289853451169036,1.0,0.0003,1.0,11084.686321735382
depth4_bal_MMMMAAAA,4,MMMMAAAA,41600,499200,0.9507135401169459,1.7409801085789998,1.7008462224687848,0.6161879895561357,0.31070496083550914,0.33236379908267144,1.0,0.0003,1.0,11092.865178346634
depth4_bal_MMMMAAAA,4,MMMMAAAA,41625,499500,0.9124530404806137,2.0040796597798667,1.8929404905864171,0.6370757180156658,0.27023498694516973,0.2958943953462356,1.0,0.0003,1.0,11100.782614946365
depth4_bal_MMMMAAAA,4,MMMMAAAA,41650,499800,1.0008938411871593,2.009732961654663,1.9221157244273595,0.6005221932114883,0.25718015665796345,0.3021590781966663,1.0,0.0003,1.0,11109.12065410614
depth4_bal_MMMMAAAA,4,MMMMAAAA,41675,500100,0.9762476732333502,1.7996232112248738,1.788273365156991,0.6122715404699739,0.30809399477806787,0.3162546146101354,1.0,0.0003,1.0,11116.22248673439
depth4_bal_MMMMAAAA,4,MMMMAAAA,41700,500400,0.9948964764674505,1.9632480144500732,1.8939618178776332,0.6024804177545692,0.29765013054830286,0.30361337957265916,1.0,0.0003,1.0,11123.728457689285
depth4_bal_MMMMAAAA,4,MMMMAAAA,41725,500700,1.0414982984463375,1.9319180647532146,1.8379390920911516,0.5887728459530026,0.26631853785900783,0.2936570086139389,1.0,0.0003,1.0,11131.63077378273
depth4_bal_MMMMAAAA,4,MMMMAAAA,41750,501000,0.8936885545651118,1.7768364350001018,1.7421807561601912,0.652088772845953,0.3342036553524804,0.34064212999216914,1.0,0.0003,1.0,11139.770899295807
depth4_bal_MMMMAAAA,4,MMMMAAAA,41775,501300,0.9499660382668177,1.805547793706258,1.7482561179569789,0.6204308093994778,0.3276762402088773,0.3283365029645374,1.0,0.0003,1.0,11147.683507204056
depth4_bal_MMMMAAAA,4,MMMMAAAA,41800,501600,0.9860372791687647,1.829983393351237,1.8024693148476736,0.6018276762402088,0.2845953002610966,0.3179326546593579,1.0,0.0003,1.0,11153.810383558273
depth4_bal_MMMMAAAA,4,MMMMAAAA,41825,501900,0.9809450060129166,1.9856451352437336,1.9375228745596749,0.5953002610966057,0.29112271540469975,0.2894059738225752,1.0,0.0003,1.0,11159.458331346512
depth4_bal_MMMMAAAA,4,MMMMAAAA,41850,502200,1.012229323387146,1.8103786706924438,1.8076364244733538,0.5897519582245431,0.3302872062663185,0.3140172278778387,1.0,0.0003,1.0,11167.776223182678
depth4_bal_MMMMAAAA,4,MMMMAAAA,41875,502500,0.8767192463080088,1.8765507936477661,1.804164273398263,0.6507832898172323,0.2963446475195822,0.32151247343103256,1.0,0.0003,1.0,11175.93095612526
depth4_bal_MMMMAAAA,4,MMMMAAAA,41900,502800,1.047843297322591,1.8505278825759888,1.777212360927037,0.5740861618798956,0.28720626631853785,0.3255397695491666,1.0,0.0003,1.0,11183.402874231339
depth4_bal_MMMMAAAA,4,MMMMAAAA,41925,503100,0.9410758167505264,1.8204137881596882,1.746409807886396,0.6285900783289817,0.2859007832898172,0.32106499608457323,1.0,0.0003,1.0,11190.85906124115
depth4_bal_MMMMAAAA,4,MMMMAAAA,41950,503400,1.0477454115947087,1.9862250487009685,1.9141830955232892,0.577023498694517,0.24934725848563968,0.2840362456650632,1.0,0.0003,1.0,11198.330079317093
depth4_bal_MMMMAAAA,4,MMMMAAAA,41975,503700,1.0489832858244579,1.852099100748698,1.825490345273699,0.5845300261096605,0.30678851174934724,0.3130104038483052,1.0,0.0003,1.0,11201.758156061172
depth4_bal_MMMMAAAA,4,MMMMAAAA,42000,504000,0.9664710164070129,1.8485587040583293,1.8056383643831526,0.6122715404699739,0.3028720626631854,0.32207182011410673,1.0,0.0003,1.0,11206.99691605568
depth4_bal_MMMMAAAA,4,MMMMAAAA,42025,504300,0.9193637619415919,1.8757627407709758,1.7799633298601423,0.6295691906005222,0.3002610966057441,0.3334824924488198,1.0,0.0003,1.0,11215.86608171463
depth4_bal_MMMMAAAA,4,MMMMAAAA,42050,504600,1.0259946584701538,1.9255894422531128,1.874275289263044,0.5923629242819843,0.26762402088772846,0.29186709922810156,1.0,0.0003,1.0,11224.149412155151
depth4_bal_MMMMAAAA,4,MMMMAAAA,42075,504900,0.9644126941760381,1.8603803714116414,1.8122075864246914,0.6155352480417755,0.2898172323759791,0.32285490547041057,1.0,0.0003,1.0,11232.513025045395
depth4_bal_MMMMAAAA,4,MMMMAAAA,42100,505200,1.1248659541209538,2.0641352335611978,2.0317217690604075,0.556135770234987,0.23368146214099217,0.2593131222731849,1.0,0.0003,1.0,11240.737595796585
depth4_bal_MMMMAAAA,4,MMMMAAAA,42125,505500,0.9685152868429819,1.8667061726252239,1.8006814650126866,0.6184725848563969,0.3002610966057441,0.32442107618301824,1.0,0.0003,1.0,11248.99571943283
depth4_bal_MMMMAAAA,4,MMMMAAAA,42150,505800,1.2206783095995586,2.0299872954686484,1.9696487869535173,0.5179503916449086,0.24804177545691905,0.26859827721221613,1.0,0.0003,1.0,11257.19481754303
depth4_bal_MMMMAAAA,4,MMMMAAAA,42175,506100,1.0684987356265385,1.9065890312194824,1.849564572743007,0.564621409921671,0.27676240208877284,0.29980982212775475,1.0,0.0003,1.0,11265.148465633392
depth4_bal_MMMMAAAA,4,MMMMAAAA,42200,506400,1.1104381382465363,1.9128444194793701,1.9207742656980242,0.5505874673629243,0.27154046997389036,0.28716858709027854,1.0,0.0003,1.0,11272.833616733551
depth4_bal_MMMMAAAA,4,MMMMAAAA,42225,506700,0.9721696227788925,1.8279349406560261,1.7881109850747245,0.6135770234986945,0.31201044386422977,0.3153596599172167,1.0,0.0003,1.0,11281.179725408554
depth4_bal_MMMMAAAA,4,MMMMAAAA,42250,507000,0.9361802836259207,1.8306283156077068,1.7862298556736538,0.6223890339425587,0.293733681462141,0.3196106947085804,1.0,0.0003,1.0,11289.47685456276
depth4_bal_MMMMAAAA,4,MMMMAAAA,42275,507300,1.045259823401769,1.8826284408569336,1.8930350882666451,0.6018276762402088,0.3028720626631854,0.3123391878286162,1.0,0.0003,1.0,11297.72286939621
depth4_bal_MMMMAAAA,4,MMMMAAAA,42300,507600,0.9045504331588745,1.90542737642924,1.836559179850987,0.6364229765013055,0.2793733681462141,0.3013759928403625,1.0,0.0003,1.0,11305.942531108856
depth4_bal_MMMMAAAA,4,MMMMAAAA,42325,507900,0.9538740863402685,1.8626969655354817,1.8209407431738718,0.6253263707571801,0.31201044386422977,0.31547152925383154,1.0,0.0003,1.0,11314.135239601135
depth4_bal_MMMMAAAA,4,MMMMAAAA,42350,508200,0.9589380274216334,1.8389216264088948,1.7843445266996112,0.6145561357702349,0.30678851174934724,0.3121154491553865,1.0,0.0003,1.0,11322.306225776672
depth4_bal_MMMMAAAA,4,MMMMAAAA,42375,508500,1.0946046908696492,2.030552864074707,2.0403472661972044,0.5672323759791122,0.2506527415143603,0.25416713278890257,1.0,0.0003,1.0,11330.365458488464
depth4_bal_MMMMAAAA,4,MMMMAAAA,42400,508800,0.9087689767281214,1.8330368995666504,1.801829195022583,0.6321801566579635,0.3028720626631854,0.3321400604094418,1.0,0.0003,1.0,11338.438796758652
depth4_bal_MMMMAAAA,4,MMMMAAAA,42425,509100,1.0715306053558986,1.9862689574559529,2.010649674279349,0.5806135770234987,0.29112271540469975,0.2850430696945967,1.0,0.0003,1.0,11346.694118738174
depth4_bal_MMMMAAAA,4,MMMMAAAA,42450,509400,0.8627255608638128,1.791270136833191,1.765368492262704,0.6700391644908616,0.3185378590078329,0.3354961405078868,1.0,0.0003,1.0,11354.535192251205
depth4_bal_MMMMAAAA,4,MMMMAAAA,42475,509700,1.050699641307195,1.9279114802678425,1.8403717483792985,0.5806135770234987,0.26631853785900783,0.29220270723794606,1.0,0.0003,1.0,11357.621620893478
depth4_bal_MMMMAAAA,4,MMMMAAAA,42500,510000,0.9215441892544428,1.8985343376795452,1.8515460252761842,0.6298955613577023,0.31070496083550914,0.3202819107282694,1.0,0.0003,1.0,11364.262189865112
depth4_bal_MMMMAAAA,4,MMMMAAAA,42525,510300,0.9590357194344202,1.9878029425938923,1.9163680178778513,0.6060704960835509,0.27284595300261094,0.2850430696945967,1.0,0.0003,1.0,11369.82101225853
depth4_bal_MMMMAAAA,4,MMMMAAAA,42550,510600,1.1174713025490444,1.9297514359156291,1.8913728748049055,0.5531984334203656,0.27284595300261094,0.28560241637767086,1.0,0.0003,1.0,11377.01242017746
depth4_bal_MMMMAAAA,4,MMMMAAAA,42575,510900,0.989823097983996,1.9204253355662029,1.824519647870745,0.6047650130548303,0.28067885117493474,0.31580713726367604,1.0,0.0003,1.0,11384.196170330048
depth4_bal_MMMMAAAA,4,MMMMAAAA,42600,511200,0.9197963625192642,1.8840045134226482,1.8081391164234706,0.6484986945169713,0.30678851174934724,0.3216243427676474,1.0,0.0003,1.0,11392.377742290497
depth4_bal_MMMMAAAA,4,MMMMAAAA,42625,511500,0.9501604239145914,1.8044071992238362,1.787623483794076,0.6279373368146214,0.293733681462141,0.3263228549054704,1.0,0.0003,1.0,11400.752370357513
depth4_bal_MMMMAAAA,4,MMMMAAAA,42650,511800,0.8881961405277252,1.845518946647644,1.7789657149996077,0.6563315926892951,0.3028720626631854,0.3256516388857814,1.0,0.0003,1.0,11408.616035223007
depth4_bal_MMMMAAAA,4,MMMMAAAA,42675,512100,1.0516210943460464,1.9170653025309246,1.948616167477199,0.5809399477806788,0.26631853785900783,0.277435954804788,1.0,0.0003,1.0,11412.57045173645
depth4_bal_MMMMAAAA,4,MMMMAAAA,42700,512400,0.8861925701300303,1.8116276661554973,1.7840726852416993,0.6553524804177546,0.3093994778067885,0.3290077189842264,1.0,0.0003,1.0,11420.804194927216
depth4_bal_MMMMAAAA,4,MMMMAAAA,42725,512700,1.169976015885671,1.833796501159668,1.825281572341919,0.5421018276762402,0.283289817232376,0.29388074728716856,1.0,0.0003,1.0,11429.171455144882
depth4_bal_MMMMAAAA,4,MMMMAAAA,42750,513000,0.8911095857620239,1.8731898466746013,1.8874475785664149,0.6517624020887729,0.28720626631853785,0.30954245441324535,1.0,0.0003,1.0,11437.442432165146
depth4_bal_MMMMAAAA,4,MMMMAAAA,42775,513300,0.9930559198061625,1.8724843263626099,1.8216016122273035,0.6024804177545692,0.3093994778067885,0.31345788119476453,1.0,0.0003,1.0,11445.285499572754
depth4_bal_MMMMAAAA,4,MMMMAAAA,42800,513600,0.934223527709643,1.8173986275990803,1.7729020459311349,0.6289164490861618,0.3224543080939948,0.3285602416377671,1.0,0.0003,1.0,11453.576297521591
depth4_bal_MMMMAAAA,4,MMMMAAAA,42825,513900,0.9895407259464264,1.9327603975931804,1.827584763935634,0.6060704960835509,0.26631853785900783,0.30417272625573333,1.0,0.0003,1.0,11461.976284742355
depth4_bal_MMMMAAAA,4,MMMMAAAA,42850,514200,1.0734995504220326,1.9016560316085815,1.8574870892933437,0.5721279373368147,0.27023498694516973,0.301711600850207,1.0,0.0003,1.0,11470.050328731537
depth4_bal_MMMMAAAA,4,MMMMAAAA,42875,514500,0.9137711922327677,1.9113045533498128,1.866614099911281,0.637402088772846,0.2950391644908616,0.312451057165231,1.0,0.0003,1.0,11477.921944379807
depth4_bal_MMMMAAAA,4,MMMMAAAA,42900,514800,1.003585363427798,1.8646825551986694,1.8491400650569372,0.595626631853786,0.26631853785900783,0.29678935003915424,1.0,0.0003,1.0,11486.288763046265
depth4_bal_MMMMAAAA,4,MMMMAAAA,42925,515100,0.9055178761482239,1.786895791689555,1.7743645974567959,0.6484986945169713,0.33550913838120106,0.3391878286161763,1.0,0.0003,1.0,11494.358536481857
depth4_bal_MMMMAAAA,4,MMMMAAAA,42950,515400,0.9280999501546224,1.8276193936665852,1.7839505093438284,0.6269582245430809,0.3276762402088773,0.3362792258641906,1.0,0.0003,1.0,11502.488533735275
depth4_bal_MMMMAAAA,4,MMMMAAAA,42975,515700,1.089957485596339,1.7949650684992473,1.7758597476141793,0.5629895561357703,0.2924281984334204,0.310437409106164,1.0,0.0003,1.0,11510.502471923828
depth4_bal_MMMMAAAA,4,MMMMAAAA,43000,516000,0.9775564720233282,1.76608407497406,1.7874467543193273,0.6018276762402088,0.30809399477806787,0.3175970466495134,1.0,0.0003,1.0,11518.829694032669
depth4_bal_MMMMAAAA,4,MMMMAAAA,43025,516300,0.9153945744037628,1.8785396416982014,1.8296442542757307,0.6364229765013055,0.2950391644908616,0.32050564940149906,1.0,0.0003,1.0,11527.32875418663
depth4_bal_MMMMAAAA,4,MMMMAAAA,43050,516600,0.9484597692886988,1.8218714396158855,1.7829689128058297,0.5985639686684073,0.3198433420365535,0.3263228549054704,1.0,0.0003,1.0,11535.333551645279
depth4_bal_MMMMAAAA,4,MMMMAAAA,43075,516900,0.9717340618371964,1.8918848435084026,1.83237475667681,0.6178198433420365,0.27284595300261094,0.3155833985904464,1.0,0.0003,1.0,11543.59945487976
depth4_bal_MMMMAAAA,4,MMMMAAAA,43100,517200,1.015126794576645,2.0425917307535806,2.001026068414961,0.6034595300261096,0.2689295039164491,0.27072379460789797,1.0,0.0003,1.0,11551.913989543915
depth4_bal_MMMMAAAA,4,MMMMAAAA,43125,517500,0.8766001909971237,1.963045636812846,1.8850644554410663,0.6579634464751958,0.2845953002610966,0.30820002237386734,1.0,0.0003,1.0,11559.359954357147
depth4_bal_MMMMAAAA,4,MMMMAAAA,43150,517800,0.8949821690718333,1.807843287785848,1.7685897622789655,0.6475195822454308,0.30809399477806787,0.3305738896968341,1.0,0.0003,1.0,11565.439469575882
depth4_bal_MMMMAAAA,4,MMMMAAAA,43175,518100,0.9339960614840189,1.8348353306452434,1.8008742298398699,0.6308746736292428,0.2989556135770235,0.3175970466495134,1.0,0.0003,1.0,11571.409410476685
depth4_bal_MMMMAAAA,4,MMMMAAAA,43200,518400,1.079586793979009,1.847402572631836,1.8472830057144165,0.5649477806788512,0.2845953002610966,0.2990267367714509,1.0,0.0003,1.0,11579.792236804962
depth4_bal_MMMMAAAA,4,MMMMAAAA,43225,518700,0.9720291892687479,1.7581935326258342,1.7403722660882133,0.6122715404699739,0.3198433420365535,0.32274303613379574,1.0,0.0003,1.0,11587.811397790909
depth4_bal_MMMMAAAA,4,MMMMAAAA,43250,519000,0.9443841973940531,1.9378496805826824,1.888534086091178,0.6256527415143603,0.2898172323759791,0.31021367043293435,1.0,0.0003,1.0,11595.822859287262
depth4_bal_MMMMAAAA,4,MMMMAAAA,43275,519300,0.990883449713389,1.8970131079355876,1.8770051343100411,0.6112924281984334,0.293733681462141,0.3040608569191185,1.0,0.0003,1.0,11604.185811519623
depth4_bal_MMMMAAAA,4,MMMMAAAA,43300,519600,0.9231933106978735,1.917302131652832,1.9006066935403005,0.6282637075718016,0.2950391644908616,0.2995860834545251,1.0,0.0003,1.0,11612.094716787338
depth4_bal_MMMMAAAA,4,MMMMAAAA,43325,519900,0.9123346656560898,1.8010915915171306,1.8036001784460884,0.6292428198433421,0.3028720626631854,0.31424096655106837,1.0,0.0003,1.0,11620.591452121735
depth4_bal_MMMMAAAA,4,MMMMAAAA,43350,520200,0.926011805733045,1.8190983931223552,1.7913482631955828,0.6380548302872062,0.3198433420365535,0.3173733079762837,1.0,0.0003,1.0,11624.158507108688
depth4_bal_MMMMAAAA,4,MMMMAAAA,43375,520500,0.9879015982151031,1.8242013851801555,1.8266022545950753,0.5939947780678851,0.30548302872062666,0.3076406756907932,1.0,0.0003,1.0,11630.940730810165
depth4_bal_MMMMAAAA,4,MMMMAAAA,43400,520800,1.067201018333435,2.0292022625605264,1.9440541369574411,0.5737597911227154,0.2545691906005222,0.29220270723794606,1.0,0.0003,1.0,11639.01723408699
depth4_bal_MMMMAAAA,4,MMMMAAAA,43425,521100,0.9272231707970301,1.824389934539795,1.7995926005499703,0.6413185378590078,0.3002610966057441,0.3143528358876832,1.0,0.0003,1.0,11646.852982521057
depth4_bal_MMMMAAAA,4,MMMMAAAA,43450,521400,0.9123412072658539,1.8556328217188518,1.8619815724236624,0.6325065274151436,0.31201044386422977,0.312451057165231,1.0,0.0003,1.0,11655.0140542984
depth4_bal_MMMMAAAA,4,MMMMAAAA,43475,521700,0.8671475400527319,1.823041518529256,1.7989056723458425,0.6628590078328982,0.3028720626631854,0.32878398031099676,1.0,0.0003,1.0,11662.73732471466
depth4_bal_MMMMAAAA,4,MMMMAAAA,43500,522000,0.9934618473052979,1.8911746740341187,1.874041451726641,0.6152088772845953,0.2950391644908616,0.31256292650184586,1.0,0.0003,1.0,11670.94197511673
depth4_bal_MMMMAAAA,4,MMMMAAAA,43525,522300,0.9800061881542206,1.847556471824646,1.8168207509177072,0.6060704960835509,0.30548302872062666,0.31580713726367604,1.0,0.0003,1.0,11678.701081037521
depth4_bal_MMMMAAAA,4,MMMMAAAA,43550,522600,1.0610756327708561,1.941923459370931,1.9608701739992414,0.5724543080939948,0.27284595300261094,0.29309766193086473,1.0,0.0003,1.0,11687.066552400589
depth4_bal_MMMMAAAA,4,MMMMAAAA,43575,522900,0.9903960625330607,1.9236828486124675,1.891323709487915,0.6034595300261096,0.2950391644908616,0.30462020360219266,1.0,0.0003,1.0,11695.134974241257
depth4_bal_MMMMAAAA,4,MMMMAAAA,43600,523200,0.9304738988478979,2.061091423034668,1.9820996012006487,0.6295691906005222,0.24804177545691905,0.277435954804788,1.0,0.0003,1.0,11703.303144693375
depth4_bal_MMMMAAAA,4,MMMMAAAA,43625,523500,1.0661147087812424,1.9297172625859578,1.879918020112174,0.5757180156657964,0.30548302872062666,0.2916433605548719,1.0,0.0003,1.0,11710.954272985458
depth4_bal_MMMMAAAA,4,MMMMAAAA,43650,523800,0.9113515913486481,1.9058610598246257,1.8502380779811314,0.6357702349869452,0.28720626631853785,0.31547152925383154,1.0,0.0003,1.0,11719.232250213623
depth4_bal_MMMMAAAA,4,MMMMAAAA,43675,524100,0.8870062877734503,1.8222066561381023,1.7674684081758771,0.6484986945169713,0.32114882506527415,0.33303501510236044,1.0,0.0003,1.0,11727.456410884857
depth4_bal_MMMMAAAA,4,MMMMAAAA,43700,524400,0.9547323087851206,1.951662500699361,1.924327574457441,0.6210835509138382,0.26370757180156656,0.2963418726926949,1.0,0.0003,1.0,11735.674404859543
depth4_bal_MMMMAAAA,4,MMMMAAAA,43725,524700,0.8852720906337103,1.9104735851287842,1.829717196737017,0.6527415143603134,0.2859007832898172,0.3160308759369057,1.0,0.0003,1.0,11743.033368825912
depth4_bal_MMMMAAAA,4,MMMMAAAA,43750,525000,0.9861376682917277,1.9543557167053223,1.9361834900719779,0.5966057441253264,0.27154046997389036,0.2924264459111757,1.0,0.0003,1.0,11751.391256809235
depth4_bal_MMMMAAAA,4,MMMMAAAA,43775,525300,0.9095343798398972,1.9073705673217773,1.8499213320868355,0.6387075718015666,0.3133159268929504,0.31356975053137937,1.0,0.0003,1.0,11759.659071445465
depth4_bal_MMMMAAAA,4,MMMMAAAA,43800,525600,0.9778394103050232,1.8586438099543254,1.8325492313929967,0.6214099216710183,0.31592689295039167,0.31547152925383154,1.0,0.0003,1.0,11767.776787281036
depth4_bal_MMMMAAAA,4,MMMMAAAA,43825,525900,0.898903434475263,1.8993561267852783,1.8389395713806151,0.6488250652741514,0.30548302872062666,0.3197225640451952,1.0,0.0003,1.0,11775.832252025604
depth4_bal_MMMMAAAA,4,MMMMAAAA,43850,526200,0.979726235071818,1.9080007473627727,1.8405438320977348,0.6080287206266318,0.2793733681462141,0.3133460118581497,1.0,0.0003,1.0,11784.260911941528
depth4_bal_MMMMAAAA,4,MMMMAAAA,43875,526500,0.9556191315253576,1.9004210233688354,1.8767033134187971,0.6256527415143603,0.2859007832898172,0.29555878733639107,1.0,0.0003,1.0,11792.1469540596
depth4_bal_MMMMAAAA,4,MMMMAAAA,43900,526800,0.9033118337392807,1.8751307328542073,1.8439174141202654,0.6351174934725848,0.2885117493472585,0.3199463027184249,1.0,0.0003,1.0,11799.276938915253
depth4_bal_MMMMAAAA,4,MMMMAAAA,43925,527100,0.9492851942777634,1.904233733812968,1.8180720363344465,0.6139033942558747,0.29112271540469975,0.3203937800648842,1.0,0.0003,1.0,11806.338972091675
depth4_bal_MMMMAAAA,4,MMMMAAAA,43950,527400,0.9375666131575903,1.83626393477122,1.8210330384118216,0.6292428198433421,0.31201044386422977,0.31457657456091287,1.0,0.0003,1.0,11814.574226856232
depth4_bal_MMMMAAAA,4,MMMMAAAA,43975,527700,0.9519481013218561,1.9819837013880413,1.903384964806693,0.6201044386422977,0.28067885117493474,0.3074169370175635,1.0,0.0003,1.0,11822.581575632095
depth4_bal_MMMMAAAA,4,MMMMAAAA,44000,528000,0.956506664554278,1.8689442078272502,1.8860064336231777,0.6201044386422977,0.2950391644908616,0.3060745049781855,1.0,0.0003,1.0,11830.6823990345
depth4_bal_MMMMAAAA,4,MMMMAAAA,44025,528300,0.8868157068888346,1.8137683868408203,1.7748127971376693,0.6530678851174935,0.30678851174934724,0.3339299697952791,1.0,0.0003,1.0,11839.038991689682
depth4_bal_MMMMAAAA,4,MMMMAAAA,44050,528600,1.0198968350887299,1.8685075441996257,1.8068730728966849,0.5949738903394256,0.27023498694516973,0.3159190066002909,1.0,0.0003,1.0,11847.259626865387
depth4_bal_MMMMAAAA,4,MMMMAAAA,44075,528900,0.9218866427739462,2.008666435877482,1.9191362959997995,0.6338120104438643,0.283289817232376,0.30126412350374765,1.0,0.0003,1.0,11855.287228345871
depth4_bal_MMMMAAAA,4,MMMMAAAA,44100,529200,0.9671779572963715,1.9675664107004802,1.92116802079337,0.6197780678851175,0.2780678851174935,0.29522317932654657,1.0,0.0003,1.0,11863.217619657516
depth4_bal_MMMMAAAA,4,MMMMAAAA,44125,529500,1.0010213156541188,2.0112592379252114,1.931995551926749,0.5913838120104439,0.2689295039164491,0.29947421411791025,1.0,0.0003,1.0,11868.225793123245
depth4_bal_MMMMAAAA,4,MMMMAAAA,44150,529800,0.9014506340026855,2.0252161026000977,1.9829983643123081,0.6347911227154047,0.283289817232376,0.29119588320841255,1.0,0.0003,1.0,11875.315213918686
depth4_bal_MMMMAAAA,4,MMMMAAAA,44175,530100,0.9161806752284368,1.969631830851237,1.9622134276798793,0.6419712793733682,0.283289817232376,0.29410448596039823,1.0,0.0003,1.0,11880.697019338608
depth4_bal_MMMMAAAA,4,MMMMAAAA,44200,530400,0.9320297489563624,1.9641042153040569,1.9394023963383267,0.6445822454308094,0.2898172323759791,0.29220270723794606,1.0,0.0003,1.0,11883.788404464722
depth4_bal_MMMMAAAA,4,MMMMAAAA,44225,530700,1.0351989269256592,1.9182796080907185,1.9109864575522286,0.5887728459530026,0.29765013054830286,0.2949994406533169,1.0,0.0003,1.0,11886.978501558304
depth4_bal_MMMMAAAA,4,MMMMAAAA,44250,531000,0.9141973257064819,2.0177336931228638,1.9860446623393468,0.6279373368146214,0.2597911227154047,0.27228996532050564,1.0,0.0003,1.0,11891.149507045746
depth4_bal_MMMMAAAA,4,MMMMAAAA,44275,531300,1.0567816495895386,1.8969837029774983,1.8704490184783935,0.5848563968668408,0.2950391644908616,0.2985792594249916,1.0,0.0003,1.0,11894.289421081543
depth4_bal_MMMMAAAA,4,MMMMAAAA,44300,531600,0.9392329553763071,1.7548778851826985,1.7813527856554303,0.6302219321148825,0.3093994778067885,0.33079762837006377,1.0,0.0003,1.0,11897.502207279205
depth4_bal_MMMMAAAA,4,MMMMAAAA,44325,531900,0.8758209645748138,1.8100863695144653,1.8237272535051618,0.6586161879895561,0.31201044386422977,0.3243092068464034,1.0,0.0003,1.0,11900.958892345428
depth4_bal_MMMMAAAA,4,MMMMAAAA,44350,532200,1.0375264783700306,1.9773135979970295,1.9070102180753434,0.5936684073107049,0.2597911227154047,0.28750419510012304,1.0,0.0003,1.0,11905.6183116436
depth4_bal_MMMMAAAA,4,MMMMAAAA,44375,532500,1.016903633872668,1.8332919677098591,1.804033602987017,0.5953002610966057,0.30548302872062666,0.31916321736212105,1.0,0.0003,1.0,11913.493257045746
depth4_bal_MMMMAAAA,4,MMMMAAAA,44400,532800,1.045797238747279,1.9956279595692952,2.0068394456590926,0.5737597911227154,0.2689295039164491,0.2684864078756013,1.0,0.0003,1.0,11921.813271045685
depth4_bal_MMMMAAAA,4,MMMMAAAA,44425,533100,0.9506878654162089,1.8807974656422932,1.8271107707704817,0.6259791122715405,0.29112271540469975,0.30596263564157067,1.0,0.0003,1.0,11930.268201112747
depth4_bal_MMMMAAAA,4,MMMMAAAA,44450,533400,1.0535575449466705,1.9254343112309773,1.9323340075356619,0.5806135770234987,0.26370757180156656,0.29444009397024273,1.0,0.0003,1.0,11937.832308769226
depth4_bal_MMMMAAAA,4,MMMMAAAA,44475,533700,0.937255804737409,1.9499802192052205,1.9533423287527902,0.6171671018276762,0.29112271540469975,0.29309766193086473,1.0,0.0003,1.0,11945.485887289047
depth4_bal_MMMMAAAA,4,MMMMAAAA,44500,534000,0.9656774550676346,1.889249563217163,1.8343023777008056,0.6132506527415144,0.2793733681462141,0.3207293880747287,1.0,0.0003,1.0,11953.480155467987
depth4_bal_MMMMAAAA,4,MMMMAAAA,44525,534300,0.9375067303578059,1.8654565413792927,1.8641866275242396,0.6331592689295039,0.293733681462141,0.3079762837006377,1.0,0.0003,1.0,11961.449921607971
depth4_bal_MMMMAAAA,4,MMMMAAAA,44550,534600,0.9648502320051193,2.000294009844462,1.9410835197993688,0.6129242819843342,0.2819843342036554,0.29477570198008723,1.0,0.0003,1.0,11969.645893096924
depth4_bal_MMMMAAAA,4,MMMMAAAA,44575,534900,0.9093614965677261,1.9160186847050984,1.9196786301476614,0.6377284595300261,0.2950391644908616,0.3031659022261998,1.0,0.0003,1.0,11977.878337860107
depth4_bal_MMMMAAAA,4,MMMMAAAA,44600,535200,0.9711442093054453,1.8805231253306072,1.861132458278111,0.6220626631853786,0.2793733681462141,0.3107730171160085,1.0,0.0003,1.0,11986.14099907875
depth4_bal_MMMMAAAA,4,MMMMAAAA,44625,535500,0.983932207028071,1.9833889404932659,1.9107297897338866,0.6174934725848564,0.283289817232376,0.2976843047320729,1.0,0.0003,1.0,11994.464224100113
depth4_bal_MMMMAAAA,4,MMMMAAAA,44650,535800,1.0174515048662822,2.045318047205607,2.001272078922817,0.5946475195822454,0.2454308093994778,0.2751985680724913,1.0,0.0003,1.0,12002.68851351738
depth4_bal_MMMMAAAA,4,MMMMAAAA,44675,536100,0.8852285295724869,1.8879340489705403,1.8634091785975866,0.6573107049608355,0.27676240208877284,0.31122049446246786,1.0,0.0003,1.0,12010.684317350388
depth4_bal_MMMMAAAA,4,MMMMAAAA,44700,536400,0.9663530886173248,1.8873058557510376,1.861033970969064,0.6236945169712794,0.30156657963446476,0.3038371182458888,1.0,0.0003,1.0,12018.895868062973
depth4_bal_MMMMAAAA,4,MMMMAAAA,44725,536700,0.9938577512900034,2.0153691371281943,2.0226855550493514,0.6119451697127938,0.2819843342036554,0.27396800536972815,1.0,0.0003,1.0,12027.114842891693
depth4_bal_MMMMAAAA,4,MMMMAAAA,44750,537000,0.8474722256263097,1.9261492888132732,1.9092462709971836,0.6772193211488251,0.304177545691906,0.3113323637990827,1.0,0.0003,1.0,12034.86790728569
depth4_bal_MMMMAAAA,4,MMMMAAAA,44775,537300,0.9574315796295801,1.9535618623097737,1.9455045461654663,0.6214099216710183,0.29112271540469975,0.29343326994070923,1.0,0.0003,1.0,12043.07470703125
depth4_bal_MMMMAAAA,4,MMMMAAAA,44800,537600,0.8689433286587397,1.9473776817321777,1.8736462524959019,0.6609007832898173,0.2950391644908616,0.32050564940149906,1.0,0.0003,1.0,12051.29546880722
depth4_bal_MMMMAAAA,4,MMMMAAAA,44825,537900,0.9102464914321899,1.9098520278930664,1.8837738139288767,0.6325065274151436,0.30678851174934724,0.3172614386396689,1.0,0.0003,1.0,12059.357459068298
depth4_bal_MMMMAAAA,4,MMMMAAAA,44850,538200,1.0794429381688435,2.198249181111654,2.1449509177889143,0.5845300261096605,0.26240208877284593,0.25215348472983556,1.0,0.0003,1.0,12067.687666416168
depth4_bal_MMMMAAAA,4,MMMMAAAA,44875,538500,0.8502878248691559,1.8336859146753948,1.797686699458531,0.66677545691906,0.3198433420365535,0.3282246336279226,1.0,0.0003,1.0,12075.362112045288
depth4_bal_MMMMAAAA,4,MMMMAAAA,44900,538800,1.1782110432783763,1.9812978506088257,1.959405047552926,0.5567885117493473,0.2597911227154047,0.2777715628146325,1.0,0.0003,1.0,12083.602102994919
depth4_bal_MMMMAAAA,4,MMMMAAAA,44925,539100,1.0459025502204895,1.9732346534729004,1.9385837486812048,0.5793080939947781,0.2845953002610966,0.2926501845844054,1.0,0.0003,1.0,12088.130683898926
depth4_bal_MMMMAAAA,4,MMMMAAAA,44950,539400,0.9288508842388788,1.8619765837987263,1.8503430264336722,0.6383812010443864,0.2819843342036554,0.31524779058060187,1.0,0.0003,1.0,12092.845012903214
depth4_bal_MMMMAAAA,4,MMMMAAAA,44975,539700,1.0666515529155731,1.9641296068827312,1.9582482610430036,0.5858355091383812,0.28720626631853785,0.28157512025953685,1.0,0.0003,1.0,12100.82168006897
depth4_bal_MMMMAAAA,4,MMMMAAAA,45000,540000,1.0172142138083775,1.9782509803771973,1.984940116746085,0.6135770234986945,0.29112271540469975,0.28560241637767086,1.0,0.0003,1.0,12108.344382286072
depth4_bal_MMMMAAAA,4,MMMMAAAA,45025,540300,1.0474629203478496,1.9943172534306843,1.9712098121643067,0.5897519582245431,0.27023498694516973,0.27698847745832866,1.0,0.0003,1.0,12116.699297428131
depth4_bal_MMMMAAAA,4,MMMMAAAA,45050,540600,1.0102320561806362,1.8541808128356934,1.857318959917341,0.595626631853786,0.2885117493472585,0.29980982212775475,1.0,0.0003,1.0,12127.20526599884
depth4_bal_MMMMAAAA,4,MMMMAAAA,45075,540900,1.0080627650022507,2.027464270591736,1.9686182260513305,0.5897519582245431,0.2689295039164491,0.28515493903121153,1.0,0.0003,1.0,12138.106517076492
depth4_bal_MMMMAAAA,4,MMMMAAAA,45100,541200,0.8755485514799753,1.9217042525609334,1.8775256020682198,0.6563315926892951,0.31201044386422977,0.3086474997203267,1.0,0.0003,1.0,12148.17649769783
depth4_bal_MMMMAAAA,4,MMMMAAAA,45125,541500,0.9390382667382559,1.93134605884552,1.9043485232761928,0.6289164490861618,0.28720626631853785,0.2995860834545251,1.0,0.0003,1.0,12156.317754268646
depth4_bal_MMMMAAAA,4,MMMMAAAA,45150,541800,1.0515980621178944,1.986658016840617,1.942458701133728,0.5753916449086162,0.2754569190600522,0.28392437632844836,1.0,0.0003,1.0,12164.46923327446
depth4_bal_MMMMAAAA,4,MMMMAAAA,45175,542100,0.8876971751451492,1.9919598897298176,1.9951097965240479,0.6491514360313316,0.2845953002610966,0.2962300033560801,1.0,0.0003,1.0,12171.24000954628
depth4_bal_MMMMAAAA,4,MMMMAAAA,45200,542400,1.0310970942179363,1.8981055816014607,1.878700372150966,0.5943211488250653,0.2741514360313316,0.29421635529701307,1.0,0.0003,1.0,12178.375311136246
depth4_bal_MMMMAAAA,4,MMMMAAAA,45225,542700,1.025627334912618,1.9055854479471843,1.9031648193086896,0.6135770234986945,0.2793733681462141,0.2985792594249916,1.0,0.0003,1.0,12186.591658592224
depth4_bal_MMMMAAAA,4,MMMMAAAA,45250,543000,0.9240170667568842,2.0213768084843955,2.0039467130388533,0.6455613577023499,0.2793733681462141,0.2863855017339747,1.0,0.0003,1.0,12194.701704978943
depth4_bal_MMMMAAAA,4,MMMMAAAA,45275,543300,0.850225086013476,1.8814999262491863,1.851604219845363,0.672976501305483,0.31070496083550914,0.3192750866987359,1.0,0.0003,1.0,12202.896325349808
depth4_bal_MMMMAAAA,4,MMMMAAAA,45300,543600,0.8878322839736938,1.922688325246175,1.88953652041299,0.6569843342036553,0.2859007832898172,0.3136816198679942,1.0,0.0003,1.0,12211.119969129562
depth4_bal_MMMMAAAA,4,MMMMAAAA,45325,543900,1.2372839351495106,1.9595306317011516,1.9476810727800642,0.5231723237597912,0.24934725848563968,0.27564604541895066,1.0,0.0003,1.0,12219.362112522125
depth4_bal_MMMMAAAA,4,MMMMAAAA,45350,544200,0.9174263825019201,1.9551405906677246,1.9201976946422032,0.6308746736292428,0.2924281984334204,0.3054032889584965,1.0,0.0003,1.0,12227.61903333664
depth4_bal_MMMMAAAA,4,MMMMAAAA,45375,544500,1.0624382744232814,2.000115712483724,1.966604151044573,0.5884464751958225,0.28720626631853785,0.2890703658127307,1.0,0.0003,1.0,12235.675467252731
depth4_bal_MMMMAAAA,4,MMMMAAAA,45400,544800,0.9337927401065826,2.028299570083618,1.9322420699255807,0.6289164490861618,0.2885117493472585,0.3008166461572883,1.0,0.0003,1.0,12243.827554225922
depth4_bal_MMMMAAAA,4,MMMMAAAA,45425,545100,0.9734377761681875,2.0220263401667276,1.9930423021316528,0.6119451697127938,0.2741514360313316,0.28481933102136703,1.0,0.0003,1.0,12252.179265499115
depth4_bal_MMMMAAAA,4,MMMMAAAA,45450,545400,1.1111075679461162,2.052537123362223,2.0435218334198,0.5538511749347258,0.24673629242819844,0.26233359436178544,1.0,0.0003,1.0,12260.275010585785
depth4_bal_MMMMAAAA,4,MMMMAAAA,45475,545700,0.9943317522605261,1.9943706194559734,1.9882748978478568,0.6096605744125326,0.27676240208877284,0.2831412909721445,1.0,0.0003,1.0,12268.447757482529
depth4_bal_MMMMAAAA,4,MMMMAAAA,45500,546000,1.0210112233956654,2.039344390233358,1.9703028951372419,0.589425587467363,0.26631853785900783,0.2830294216355297,1.0,0.0003,1.0,12276.405084371567
depth4_bal_MMMMAAAA,4,MMMMAAAA,45525,546300,0.9131194700797399,1.9825705289840698,1.9688846826553346,0.6295691906005222,0.2689295039164491,0.2910840138717977,1.0,0.0003,1.0,12284.577991962433
depth4_bal_MMMMAAAA,4,MMMMAAAA,45550,546600,0.9217735777298609,2.0105412801106772,2.0212626014436994,0.6289164490861618,0.28067885117493474,0.2890703658127307,1.0,0.0003,1.0,12291.97040939331
depth4_bal_MMMMAAAA,4,MMMMAAAA,45575,546900,0.9293180902798971,1.9799106121063232,1.9709083318710328,0.6243472584856397,0.2780678851174935,0.2936570086139389,1.0,0.0003,1.0,12299.902770280838
depth4_bal_MMMMAAAA,4,MMMMAAAA,45600,547200,1.05176908771197,2.135704437891642,2.0522785254887173,0.5763707571801566,0.25718015665796345,0.2662490211433046,1.0,0.0003,1.0,12308.18868136406
depth4_bal_MMMMAAAA,4,MMMMAAAA,45625,547500,0.8539678653081259,1.9100061257680256,1.8739463601793562,0.668733681462141,0.33159268929503916,0.32251929746056607,1.0,0.0003,1.0,12316.05315732956
depth4_bal_MMMMAAAA,4,MMMMAAAA,45650,547800,0.9951355357964834,1.883740226427714,1.8838216951915197,0.6152088772845953,0.3028720626631854,0.2986911287616064,1.0,0.0003,1.0,12323.765781402588
depth4_bal_MMMMAAAA,4,MMMMAAAA,45675,548100,1.0138699412345886,2.055839697519938,1.9843371220997401,0.5972584856396866,0.2519582245430809,0.2837006376552187,1.0,0.0003,1.0,12331.880232810974
depth4_bal_MMMMAAAA,4,MMMMAAAA,45700,548400,0.8973814994096756,1.9084617296854656,1.870324216570173,0.6533942558746736,0.2885117493472585,0.31681396129320955,1.0,0.0003,1.0,12339.848865270615
depth4_bal_MMMMAAAA,4,MMMMAAAA,45725,548700,0.9788751006126404,1.9959369500478108,1.934410892214094,0.6077023498694517,0.2898172323759791,0.30685759033448934,1.0,0.0003,1.0,12347.827456474304
depth4_bal_MMMMAAAA,4,MMMMAAAA,45750,549000,1.376930683851242,2.2779575983683267,2.14854223046984,0.5019582245430809,0.2206266318537859,0.2515941380467614,1.0,0.0003,1.0,12356.036532640457
depth4_bal_MMMMAAAA,4,MMMMAAAA,45775,549300,0.9662860184907913,2.063321510950724,2.0246848923819405,0.616514360313316,0.26109660574412535,0.29119588320841255,1.0,0.0003,1.0,12364.307219743729
depth4_bal_MMMMAAAA,4,MMMMAAAA,45800,549600,1.0232936044534047,1.9951014518737793,1.9552030052457536,0.5900783289817232,0.28067885117493474,0.2879516724465824,1.0,0.0003,1.0,12372.686047077179
depth4_bal_MMMMAAAA,4,MMMMAAAA,45825,549900,0.8347877164681753,2.1200648148854575,2.028750457082476,0.6814621409921671,0.2689295039164491,0.2972368273856136,1.0,0.0003,1.0,12380.833084106445
depth4_bal_MMMMAAAA,4,MMMMAAAA,45850,550200,0.9233438074588776,2.0303722620010376,1.988211968966893,0.6488250652741514,0.2859007832898172,0.2920908379013312,1.0,0.0003,1.0,12387.840039253235
depth4_bal_MMMMAAAA,4,MMMMAAAA,45875,550500,1.0390736212333043,2.187345107396444,2.1314827271870205,0.5900783289817232,0.2362924281984334,0.25942499160979976,1.0,0.0003,1.0,12391.0340487957
depth4_bal_MMMMAAAA,4,MMMMAAAA,45900,550800,0.9897281229496002,2.1545530954996743,2.129355297769819,0.6005221932114883,0.2506527415143603,0.27531043740910616,1.0,0.0003,1.0,12394.995522975922
depth4_bal_MMMMAAAA,4,MMMMAAAA,45925,551100,0.9299158304929733,1.9084566434224446,1.8916729518345423,0.6269582245430809,0.2963446475195822,0.30227094753328115,1.0,0.0003,1.0,12403.192092895508
depth4_bal_MMMMAAAA,4,MMMMAAAA,45950,551400,0.9399176388978958,2.1919759114583335,2.162122981888907,0.6341383812010444,0.26370757180156656,0.2669202371629936,1.0,0.0003,1.0,12411.475230455399
depth4_bal_MMMMAAAA,4,MMMMAAAA,45975,551700,0.9137747635444006,1.9538696606953938,1.914501714706421,0.6403394255874674,0.27676240208877284,0.3130104038483052,1.0,0.0003,1.0,12419.692789077759
depth4_bal_MMMMAAAA,4,MMMMAAAA,46000,552000,0.8022829592227936,2.0133322874704995,1.9518759386880058,0.6843994778067886,0.3028720626631854,0.31278666517507553,1.0,0.0003,1.0,12427.929743528366
depth4_bal_MMMMAAAA,4,MMMMAAAA,46025,552300,0.9402265499035517,1.8983395894368489,1.9106733628681727,0.631201044386423,0.304177545691906,0.3150240519073722,1.0,0.0003,1.0,12435.719137430191
depth4_bal_MMMMAAAA,4,MMMMAAAA,46050,552600,1.0282988647619884,1.9386406342188518,1.9483489990234375,0.5884464751958225,0.2793733681462141,0.2933214006040944,1.0,0.0003,1.0,12443.663629055023
depth4_bal_MMMMAAAA,4,MMMMAAAA,46075,552900,0.965232307712237,2.1888925234476724,2.138842279570443,0.6129242819843342,0.2402088772845953,0.2602080769661036,1.0,0.0003,1.0,12451.967208623886
depth4_bal_MMMMAAAA,4,MMMMAAAA,46100,553200,0.9062052120765051,1.9913041591644287,1.9170592648642404,0.6276109660574413,0.2989556135770235,0.31021367043293435,1.0,0.0003,1.0,12459.403371810913
depth4_bal_MMMMAAAA,4,MMMMAAAA,46125,553500,1.0219263384739559,2.021010160446167,1.9600664615631103,0.6028067885117493,0.28067885117493474,0.28985345116903455,1.0,0.0003,1.0,12464.265686273575
depth4_bal_MMMMAAAA,4,MMMMAAAA,46150,553800,0.9087137480576833,2.023251930872599,1.97989787374224,0.6491514360313316,0.26631853785900783,0.2979080434053026,1.0,0.0003,1.0,12470.874544858932
depth4_bal_MMMMAAAA,4,MMMMAAAA,46175,554100,0.8573465247948965,1.942165732383728,1.867588938985552,0.6690600522193212,0.2793733681462141,0.3107730171160085,1.0,0.0003,1.0,12477.403024196625
depth4_bal_MMMMAAAA,4,MMMMAAAA,46200,554400,0.8638190925121307,1.9751615126927693,1.9474644797188896,0.6641644908616188,0.2950391644908616,0.2982436514151471,1.0,0.0003,1.0,12480.76644396782
depth4_bal_MMMMAAAA,4,MMMMAAAA,46225,554700,0.9671960671742758,1.919225851694743,1.90268041406359,0.6184725848563969,0.2963446475195822,0.30551515829511133,1.0,0.0003,1.0,12488.012857913971
depth4_bal_MMMMAAAA,4,MMMMAAAA,46250,555000,0.9803144584099451,1.9634631077448528,1.919830594744001,0.6178198433420365,0.2689295039164491,0.29320953126747956,1.0,0.0003,1.0,12495.988649845123
depth4_bal_MMMMAAAA,4,MMMMAAAA,46275,555300,0.8787476519743601,2.176976124445597,2.1151069164276124,0.6592689295039165,0.26109660574412535,0.2764291307752545,1.0,0.0003,1.0,12504.270985126495
depth4_bal_MMMMAAAA,4,MMMMAAAA,46300,555600,0.8965011884768804,2.013672669728597,1.9601292167391096,0.6478459530026109,0.27676240208877284,0.30092851549390315,1.0,0.0003,1.0,12511.812150716782
depth4_bal_MMMMAAAA,4,MMMMAAAA,46325,555900,0.8505434393882751,2.000569144884745,1.9599029983792986,0.6710182767624021,0.27284595300261094,0.3038371182458888,1.0,0.0003,1.0,12519.996237277985
depth4_bal_MMMMAAAA,4,MMMMAAAA,46350,556200,0.7684435049692789,1.9416505893071492,1.9092708349227905,0.712467362924282,0.3002610966057441,0.32911958832084126,1.0,0.0003,1.0,12527.754593372345
depth4_bal_MMMMAAAA,4,MMMMAAAA,46375,556500,0.8229613403479258,1.895401159922282,1.917343180520194,0.6863577023498695,0.31070496083550914,0.3096543237498602,1.0,0.0003,1.0,12534.96040225029
depth4_bal_MMMMAAAA,4,MMMMAAAA,46400,556800,1.1093483368555705,2.178252379099528,2.1053818055561613,0.5554830287206266,0.2402088772845953,0.2558451728381251,1.0,0.0003,1.0,12543.125633955002
depth4_bal_MMMMAAAA,4,MMMMAAAA,46425,557100,0.953115796049436,1.8706949551900227,1.8633503471102033,0.6338120104438643,0.30156657963446476,0.30887123839355635,1.0,0.0003,1.0,12551.14389204979
depth4_bal_MMMMAAAA,4,MMMMAAAA,46450,557400,0.9698897451162338,2.0857547918955484,2.037774954523359,0.6207571801566579,0.27154046997389036,0.28750419510012304,1.0,0.0003,1.0,12559.481521606445
depth4_bal_MMMMAAAA,4,MMMMAAAA,46475,557700,0.9833905249834061,2.1512898604075112,2.1235745872770035,0.6086814621409922,0.2506527415143603,0.26971697057836447,1.0,0.0003,1.0,12567.72884297371
depth4_bal_MMMMAAAA,4,MMMMAAAA,46500,558000,1.0543166895707448,2.062802791595459,2.001099647794451,0.5822454308093995,0.2819843342036554,0.27754782414140283,1.0,0.0003,1.0,12575.985819101334
depth4_bal_MMMMAAAA,4,MMMMAAAA,46525,558300,0.9861066589752833,2.0674197673797607,1.971710695539202,0.6191253263707572,0.2650130548302872,0.28258194428907035,1.0,0.0003,1.0,12583.126143217087
depth4_bal_MMMMAAAA,4,MMMMAAAA,46550,558600,0.9485682547092438,2.0172587235768638,1.9422608273369926,0.6302219321148825,0.2819843342036554,0.3007047768206735,1.0,0.0003,1.0,12591.439112186432
depth4_bal_MMMMAAAA,4,MMMMAAAA,46575,558900,0.9188904712597529,2.033490022023519,1.9926440034593855,0.6390339425587467,0.25326370757180156,0.28750419510012304,1.0,0.0003,1.0,12599.688494682312
depth4_bal_MMMMAAAA,4,MMMMAAAA,46600,559200,0.868190199136734,1.9364252090454102,1.9395287445613316,0.6592689295039165,0.304177545691906,0.30618637431480034,1.0,0.0003,1.0,12608.134504556656
depth4_bal_MMMMAAAA,4,MMMMAAAA,46625,559500,0.948918546239535,1.9599973758061726,1.9783439329692296,0.6305483028720626,0.2780678851174935,0.2870567177536637,1.0,0.0003,1.0,12616.335854053497
depth4_bal_MMMMAAAA,4,MMMMAAAA,46650,559800,0.9862524271011353,1.9668752352396648,1.9639933279582433,0.6122715404699739,0.2859007832898172,0.29712495804899874,1.0,0.0003,1.0,12624.614799261093
depth4_bal_MMMMAAAA,4,MMMMAAAA,46675,560100,0.9568229566017786,1.9723751544952393,1.979674826349531,0.6236945169712794,0.283289817232376,0.2876160644367379,1.0,0.0003,1.0,12632.134930372238
depth4_bal_MMMMAAAA,4,MMMMAAAA,46700,560400,0.8984237263600031,1.9383956988652546,1.8760627235685077,0.64588772845953,0.2950391644908616,0.3089831077301712,1.0,0.0003,1.0,12638.151032924652
depth4_bal_MMMMAAAA,4,MMMMAAAA,46725,560700,0.9294722974300385,1.9203400611877441,1.8980706010546002,0.6331592689295039,0.2845953002610966,0.301711600850207,1.0,0.0003,1.0,12644.85585308075
depth4_bal_MMMMAAAA,4,MMMMAAAA,46750,561000,0.8551473766565323,1.9612767696380615,1.908194957460676,0.66677545691906,0.2963446475195822,0.3067457209978745,1.0,0.0003,1.0,12652.124357700348
depth4_bal_MMMMAAAA,4,MMMMAAAA,46775,561300,1.0990215788284938,1.9535821278889973,1.9063469784600393,0.570822454308094,0.27676240208877284,0.28985345116903455,1.0,0.0003,1.0,12660.019882202148
depth4_bal_MMMMAAAA,4,MMMMAAAA,46800,561600,0.9082715511322021,1.9247255325317383,1.929623201915196,0.641644908616188,0.3028720626631854,0.3054032889584965,1.0,0.0003,1.0,12667.87339425087
depth4_bal_MMMMAAAA,4,MMMMAAAA,46825,561900,1.0778476893901825,1.9820717175801594,1.9460964577538626,0.5656005221932114,0.2780678851174935,0.28459559234813736,1.0,0.0003,1.0,12675.953432798386
depth4_bal_MMMMAAAA,4,MMMMAAAA,46850,562200,0.950711170832316,1.8668782313664753,1.8783698967524938,0.625,0.30156657963446476,0.3150240519073722,1.0,0.0003,1.0,12684.016242742538
depth4_bal_MMMMAAAA,4,MMMMAAAA,46875,562500,0.8491804599761963,1.9602729479471843,1.934576654434204,0.6742819843342036,0.304177545691906,0.300369168810829,1.0,0.0003,1.0,12692.276004076004
depth4_bal_MMMMAAAA,4,MMMMAAAA,46900,562800,0.9748935500780741,1.9848659038543701,1.985508179664612,0.6217362924281984,0.27154046997389036,0.28918223514934555,1.0,0.0003,1.0,12700.264609098434
depth4_bal_MMMMAAAA,4,MMMMAAAA,46925,563100,0.9784013231595358,1.9968477884928386,2.0138451508113318,0.6086814621409922,0.2859007832898172,0.28515493903121153,1.0,0.0003,1.0,12708.202336549759
depth4_bal_MMMMAAAA,4,MMMMAAAA,46950,563400,0.8483598331610361,1.9560459454854329,1.9360331944056919,0.66677545691906,0.30809399477806787,0.3140172278778387,1.0,0.0003,1.0,12713.074670553207
depth4_bal_MMMMAAAA,4,MMMMAAAA,46975,563700,0.8424017578363419,1.9263290564219158,1.9468004431043353,0.6716710182767625,0.3002610966057441,0.2995860834545251,1.0,0.0003,1.0,12719.88442325592
depth4_bal_MMMMAAAA,4,MMMMAAAA,47000,564000,0.8108516285816828,1.95048721631368,1.9411703790937151,0.6906005221932114,0.30809399477806787,0.305738896968341,1.0,0.0003,1.0,12728.295590400696
depth4_bal_MMMMAAAA,4,MMMMAAAA,47025,564300,0.8918235003948212,2.145535945892334,2.141610166004726,0.6511096605744126,0.2597911227154047,0.2715068799642018,1.0,0.0003,1.0,12736.835061311722
depth4_bal_MMMMAAAA,4,MMMMAAAA,47050,564600,0.9120948861042658,2.098204771677653,2.0470610857009888,0.633485639686684,0.28720626631853785,0.29086027519856805,1.0,0.0003,1.0,12744.974750995636
depth4_bal_MMMMAAAA,4,MMMMAAAA,47075,564900,0.9078272630771002,2.04492179552714,1.9952141966138568,0.6364229765013055,0.2793733681462141,0.301711600850207,1.0,0.0003,1.0,12752.956211090088
depth4_bal_MMMMAAAA,4,MMMMAAAA,47100,565200,0.9097197751204172,2.163740952809652,2.178845637185233,0.6494778067885117,0.2689295039164491,0.2671439758362233,1.0,0.0003,1.0,12761.321564674377
depth4_bal_MMMMAAAA,4,MMMMAAAA,47125,565500,0.8307447632153829,2.028015931447347,1.98451828956604,0.6879895561357703,0.2924281984334204,0.307752545027408,1.0,0.0003,1.0,12769.540965795517
depth4_bal_MMMMAAAA,4,MMMMAAAA,47150,565800,1.0203697433074315,2.07216207186381,2.031528115272522,0.5949738903394256,0.27154046997389036,0.27732408546817316,1.0,0.0003,1.0,12777.717053174973
depth4_bal_MMMMAAAA,4,MMMMAAAA,47175,566100,0.9144757936398188,1.9439698855082195,1.984522931916373,0.6426240208877284,0.2963446475195822,0.29511130998993174,1.0,0.0003,1.0,12785.26612997055
depth4_bal_MMMMAAAA,4,MMMMAAAA,47200,566400,0.9399189054965973,1.9287958939870198,1.887040764944894,0.6377284595300261,0.2885117493472585,0.302382816869896,1.0,0.0003,1.0,12793.391824245453
depth4_bal_MMMMAAAA,4,MMMMAAAA,47225,566700,1.0154790629943211,1.9276289145151775,1.97650762626103,0.6057441253263708,0.27676240208877284,0.2896297124958049,1.0,0.0003,1.0,12801.685527801514
depth4_bal_MMMMAAAA,4,MMMMAAAA,47250,567000,0.8996101518472036,1.875303030014038,1.8758501665932792,0.6481723237597912,0.3002610966057441,0.309094977066786,1.0,0.0003,1.0,12809.91315484047
depth4_bal_MMMMAAAA,4,MMMMAAAA,47275,567300,1.1159687836964924,1.9768726428349812,1.986718760217939,0.5616840731070496,0.26762402088772846,0.2631166797180893,1.0,0.0003,1.0,12817.708246707916
depth4_bal_MMMMAAAA,4,MMMMAAAA,47300,567600,0.8580576380093893,1.9059923887252808,1.9155967371804374,0.664490861618799,0.2950391644908616,0.3079762837006377,1.0,0.0003,1.0,12826.14770078659
depth4_bal_MMMMAAAA,4,MMMMAAAA,47325,567900,0.8384162982304891,2.0682663917541504,2.0195573261805944,0.6716710182767625,0.283289817232376,0.29913860610806575,1.0,0.0003,1.0,12834.337194681168
depth4_bal_MMMMAAAA,4,MMMMAAAA,47350,568200,0.9513721317052841,2.017420530319214,1.9755718060902188,0.6269582245430809,0.28720626631853785,0.2936570086139389,1.0,0.0003,1.0,12842.613408565521
depth4_bal_MMMMAAAA,4,MMMMAAAA,47375,568500,0.8886889268954595,1.963029106458028,1.9519953387124198,0.6576370757180157,0.30156657963446476,0.30596263564157067,1.0,0.0003,1.0,12851.054228782654
depth4_bal_MMMMAAAA,4,MMMMAAAA,47400,568800,0.8659910162289938,2.1788015365600586,2.147757319041661,0.66677545691906,0.2650130548302872,0.27665286944848416,1.0,0.0003,1.0,12859.225617170334
depth4_bal_MMMMAAAA,4,MMMMAAAA,47425,569100,0.8435788800319036,1.9209264119466145,1.927230909892491,0.6860313315926893,0.31070496083550914,0.31088488645262335,1.0,0.0003,1.0,12867.328117847443
depth4_bal_MMMMAAAA,4,MMMMAAAA,47450,569400,0.8987946510314941,2.0697778860727944,2.0585370881216867,0.6481723237597912,0.27023498694516973,0.2853786777044412,1.0,0.0003,1.0,12874.263443231583
depth4_bal_MMMMAAAA,4,MMMMAAAA,47475,569700,0.9776718467473984,1.9753681023915608,1.9663655655724661,0.6168407310704961,0.2780678851174935,0.2797852108736995,1.0,0.0003,1.0,12882.625804901123
depth4_bal_MMMMAAAA,4,MMMMAAAA,47500,570000,0.8727225114901861,2.0560147762298584,2.0376028503690446,0.6638381201044387,0.2859007832898172,0.29511130998993174,1.0,0.0003,1.0,12890.824779987335
depth4_bal_MMMMAAAA,4,MMMMAAAA,47525,570300,0.941720778743426,2.044846216837565,2.013582914216178,0.6351174934725848,0.25326370757180156,0.2820225976059962,1.0,0.0003,1.0,12898.674132585526
depth4_bal_MMMMAAAA,4,MMMMAAAA,47550,570600,0.8359086960554123,2.1029359499613443,2.0259741476603916,0.6788511749347258,0.2819843342036554,0.29455196330685757,1.0,0.0003,1.0,12906.220905065536
depth4_bal_MMMMAAAA,4,MMMMAAAA,47575,570900,0.9026278952757517,1.993687907854716,2.0099309274128507,0.6393603133159269,0.2963446475195822,0.28549054704105603,1.0,0.0003,1.0,12914.45070028305
depth4_bal_MMMMAAAA,4,MMMMAAAA,47600,571200,1.0277501841386159,2.011653184890747,1.970786384173802,0.6008485639686684,0.2780678851174935,0.2820225976059962,1.0,0.0003,1.0,12922.71498632431
depth4_bal_MMMMAAAA,4,MMMMAAAA,47625,571500,0.9587807506322861,2.0014495054880777,2.0372657230922155,0.6279373368146214,0.28067885117493474,0.28123951224969235,1.0,0.0003,1.0,12929.419227838516
depth4_bal_MMMMAAAA,4,MMMMAAAA,47650,571800,0.9496261179447174,2.1250077883402505,2.0468354429517475,0.6321801566579635,0.2650130548302872,0.278107170824477,1.0,0.0003,1.0,12936.230086803436
depth4_bal_MMMMAAAA,4,MMMMAAAA,47675,572100,0.8987069030602773,2.014052629470825,1.9460450615201677,0.6530678851174935,0.26762402088772846,0.29320953126747956,1.0,0.0003,1.0,12943.896921873093
depth4_bal_MMMMAAAA,4,MMMMAAAA,47700,572400,1.0058704515298207,1.9942700068155925,1.976195662362235,0.6060704960835509,0.26762402088772846,0.27989708021031434,1.0,0.0003,1.0,12952.046518802643
depth4_bal_MMMMAAAA,4,MMMMAAAA,47725,572700,0.8413329670826594,1.9368428389231365,1.9347427231924874,0.6772193211488251,0.3002610966057441,0.3099899317597047,1.0,0.0003,1.0,12959.062360286713
depth4_bal_MMMMAAAA,4,MMMMAAAA,47750,573000,0.8636586417754492,2.08089542388916,2.006435377257211,0.6635117493472585,0.26240208877284593,0.29678935003915424,1.0,0.0003,1.0,12966.949355840683
depth4_bal_MMMMAAAA,4,MMMMAAAA,47775,573300,0.8613771895567576,2.2900416056315103,2.2584366457802907,0.6768929503916449,0.2650130548302872,0.25976059961964426,1.0,0.0003,1.0,12971.237142324448
depth4_bal_MMMMAAAA,4,MMMMAAAA,47800,573600,1.3156669735908508,1.8431557416915894,1.8837988001959665,0.5013054830287206,0.28067885117493474,0.2652421971137711,1.0,0.0003,1.0,12979.466718196869
depth4_bal_MMMMAAAA,4,MMMMAAAA,47825,573900,0.9262133290370306,2.0062495867411294,1.9866656030927385,0.6308746736292428,0.27023498694516973,0.2826938136256852,1.0,0.0003,1.0,12987.295019388199
depth4_bal_MMMMAAAA,4,MMMMAAAA,47850,574200,0.8835008045037588,2.0744522412618003,2.111055139132908,0.6622062663185379,0.2793733681462141,0.2803445575567737,1.0,0.0003,1.0,12994.195113182068
depth4_bal_MMMMAAAA,4,MMMMAAAA,47875,574500,0.9029217511415482,2.1603968938191733,2.1892168385641915,0.6429503916449086,0.2754569190600522,0.2654659357870008,1.0,0.0003,1.0,12997.665950775146
depth4_bal_MMMMAAAA,4,MMMMAAAA,47900,574800,0.968277191122373,2.119417667388916,2.0754306180136544,0.6321801566579635,0.2558746736292428,0.26938136256851997,1.0,0.0003,1.0,13000.804740190506
depth4_bal_MMMMAAAA,4,MMMMAAAA,47925,575100,0.9731360127528509,2.1449691454569497,2.1282516547611783,0.6129242819843342,0.2597911227154047,0.2757579147555655,1.0,0.0003,1.0,13003.949312210083
depth4_bal_MMMMAAAA,4,MMMMAAAA,47950,575400,0.911681001385053,2.0148250261942544,1.9884801115308488,0.6491514360313316,0.2885117493472585,0.2863855017339747,1.0,0.0003,1.0,13007.17848110199
depth4_bal_MMMMAAAA,4,MMMMAAAA,47975,575700,0.8906712482372919,2.064415216445923,2.0232314688818795,0.6589425587467362,0.29765013054830286,0.2816869895961517,1.0,0.0003,1.0,13012.714861869812
depth4_bal_MMMMAAAA,4,MMMMAAAA,48000,576000,0.9304674714803696,2.107301712036133,2.0179805755615234,0.6439295039164491,0.283289817232376,0.29320953126747956,1.0,0.0003,1.0,13020.142574548721
depth4_bal_MMMMAAAA,4,MMMMAAAA,48025,576300,0.8535308291514715,2.029604434967041,1.9548523936952864,0.6690600522193212,0.2819843342036554,0.2986911287616064,1.0,0.0003,1.0,13024.178244113922
depth4_bal_MMMMAAAA,4,MMMMAAAA,48050,576600,0.8882643828789393,2.1645073890686035,2.126693231718881,0.6540469973890339,0.2793733681462141,0.28023268822015884,1.0,0.0003,1.0,13027.30533862114
depth4_bal_MMMMAAAA,4,MMMMAAAA,48075,576900,0.9409358153740565,2.0324415365854898,2.0270185232162476,0.6289164490861618,0.3002610966057441,0.2826938136256852,1.0,0.0003,1.0,13030.437813520432
depth4_bal_MMMMAAAA,4,MMMMAAAA,48100,577200,0.962660958369573,2.1853744188944497,2.0845553738730294,0.6207571801566579,0.2506527415143603,0.27161874930081664,1.0,0.0003,1.0,13033.579280853271
depth4_bal_MMMMAAAA,4,MMMMAAAA,48125,577500,0.8607107947270075,2.0568350156148276,2.0564085108893257,0.6586161879895561,0.2689295039164491,0.28627363239735987,1.0,0.0003,1.0,13036.818841934204
depth4_bal_MMMMAAAA,4,MMMMAAAA,48150,577800,0.8651894827683767,1.987737496693929,1.9549504382269722,0.6612271540469974,0.293733681462141,0.3087593690569415,1.0,0.0003,1.0,13039.939533948898
depth4_bal_MMMMAAAA,4,MMMMAAAA,48175,578100,0.9152085234721502,2.1326451301574707,2.0587020669664655,0.6471932114882507,0.26631853785900783,0.28258194428907035,1.0,0.0003,1.0,13045.176557779312
depth4_bal_MMMMAAAA,4,MMMMAAAA,48200,578400,1.239368329445521,2.2871123949686685,2.233449649810791,0.5336161879895561,0.22193211488250653,0.2427564604541895,1.0,0.0003,1.0,13053.6817548275
depth4_bal_MMMMAAAA,4,MMMMAAAA,48225,578700,1.0319746385018032,2.0565524101257324,1.9738962377820697,0.6008485639686684,0.2754569190600522,0.2920908379013312,1.0,0.0003,1.0,13062.268585443497
depth4_bal_MMMMAAAA,4,MMMMAAAA,48250,579000,0.8193354060252508,2.1531956990559897,2.010960909298488,0.6781984334203656,0.27023498694516973,0.303054032889585,1.0,0.0003,1.0,13070.686229228973
depth4_bal_MMMMAAAA,4,MMMMAAAA,48275,579300,0.9964032669862112,2.079535802205404,2.0017336879457748,0.6077023498694517,0.2519582245430809,0.2806801655666182,1.0,0.0003,1.0,13079.130134344101
depth4_bal_MMMMAAAA,4,MMMMAAAA,48300,579600,0.8763312846422195,1.9954922199249268,1.9341052838734218,0.6733028720626631,0.2793733681462141,0.3000335608009845,1.0,0.0003,1.0,13087.531025409698
depth4_bal_MMMMAAAA,4,MMMMAAAA,48325,579900,0.8740389545758566,1.998838742574056,1.9497276340212142,0.6393603133159269,0.30678851174934724,0.301711600850207,1.0,0.0003,1.0,13095.439229726791
depth4_bal_MMMMAAAA,4,MMMMAAAA,48350,580200,0.9593256860971451,2.0214499632517495,1.9635462318147932,0.6276109660574413,0.2545691906005222,0.2936570086139389,1.0,0.0003,1.0,13103.66128897667
depth4_bal_MMMMAAAA,4,MMMMAAAA,48375,580500,0.85601078470548,1.9970304568608601,1.9345795903887069,0.6716710182767625,0.31462140992167104,0.3089831077301712,1.0,0.0003,1.0,13111.922530889511
depth4_bal_MMMMAAAA,4,MMMMAAAA,48400,580800,0.9948637386163076,2.149142344792684,2.0864402975354874,0.6139033942558747,0.2650130548302872,0.272737442666965,1.0,0.0003,1.0,13120.252484321594
depth4_bal_MMMMAAAA,4,MMMMAAAA,48425,581100,0.9899129668871561,2.108687162399292,2.026493283680507,0.6139033942558747,0.2545691906005222,0.2824700749524555,1.0,0.0003,1.0,13128.557034015656
depth4_bal_MMMMAAAA,4,MMMMAAAA,48450,581400,0.8632503300905228,2.20197065671285,2.1322616577148437,0.6651436031331592,0.2793733681462141,0.2804564268933885,1.0,0.0003,1.0,13135.471560955048
depth4_bal_MMMMAAAA,4,MMMMAAAA,48475,581700,0.9817162652810415,2.168675422668457,2.1531875678471155,0.6191253263707572,0.26240208877284593,0.2728493120035798,1.0,0.0003,1.0,13143.302414655685
depth4_bal_MMMMAAAA,4,MMMMAAAA,48500,582000,0.9598720471064249,2.0043176809946694,1.97341377053942,0.6272845953002611,0.2885117493472585,0.29343326994070923,1.0,0.0003,1.0,13151.225999593735
depth4_bal_MMMMAAAA,4,MMMMAAAA,48525,582300,0.992462490995725,2.2270236810048423,2.182570893423898,0.6246736292428199,0.2584856396866841,0.26143863966886677,1.0,0.0003,1.0,13154.514727830887
depth4_bal_MMMMAAAA,4,MMMMAAAA,48550,582600,1.1235308349132538,2.266251722971598,2.134112708909171,0.5590731070496083,0.23890339425587467,0.25640451952119925,1.0,0.0003,1.0,13161.444634199142
depth4_bal_MMMMAAAA,4,MMMMAAAA,48575,582900,0.8877859115600586,2.078404347101847,1.9853262969425747,0.6550261096605744,0.26631853785900783,0.28750419510012304,1.0,0.0003,1.0,13168.825110673904
depth4_bal_MMMMAAAA,4,MMMMAAAA,48600,583200,0.8455268243948618,1.9931137164433796,1.988232922554016,0.6631853785900783,0.28720626631853785,0.30562702763172617,1.0,0.0003,1.0,13176.941936969757
depth4_bal_MMMMAAAA,4,MMMMAAAA,48625,583500,0.8408223340908686,2.0515470107396445,2.028015879222325,0.6680809399477807,0.29112271540469975,0.29611813401946524,1.0,0.0003,1.0,13185.014307498932
depth4_bal_MMMMAAAA,4,MMMMAAAA,48650,583800,1.0714109539985657,2.139492670694987,2.025979518890381,0.5626631853785901,0.26109660574412535,0.2755341760823358,1.0,0.0003,1.0,13193.084987163544
depth4_bal_MMMMAAAA,4,MMMMAAAA,48675,584100,1.0296616007884343,2.115779399871826,2.0524265595844815,0.5881201044386423,0.2545691906005222,0.2764291307752545,1.0,0.0003,1.0,13200.970373153687
depth4_bal_MMMMAAAA,4,MMMMAAAA,48700,584400,0.986408551534017,2.0015058517456055,1.9855982303619384,0.6080287206266318,0.3028720626631854,0.2833650296453742,1.0,0.0003,1.0,13209.252843379974
depth4_bal_MMMMAAAA,4,MMMMAAAA,48725,584700,0.8448488066593806,2.0941890875498452,2.012896330016,0.6821148825065274,0.2845953002610966,0.2985792594249916,1.0,0.0003,1.0,13217.493647813797
depth4_bal_MMMMAAAA,4,MMMMAAAA,48750,585000,0.8359820246696472,2.0862720012664795,1.9992497273853846,0.672976501305483,0.3002610966057441,0.29947421411791025,1.0,0.0003,1.0,13225.540026903152
depth4_bal_MMMMAAAA,4,MMMMAAAA,48775,585300,0.8860645095507304,2.214970827102661,2.1557084287915913,0.6635117493472585,0.25326370757180156,0.274079874706343,1.0,0.0003,1.0,13233.657080411911
depth4_bal_MMMMAAAA,4,MMMMAAAA,48800,585600,0.9164174993832906,2.172898530960083,2.1176076582499914,0.64588772845953,0.2597911227154047,0.278107170824477,1.0,0.0003,1.0,13241.871908664703
depth4_bal_MMMMAAAA,4,MMMMAAAA,48825,585900,0.9753537178039551,2.21227232615153,2.137387980733599,0.6210835509138382,0.2584856396866841,0.26266920237162994,1.0,0.0003,1.0,13249.942422389984
depth4_bal_MMMMAAAA,4,MMMMAAAA,48850,586200,0.9271350254615148,2.160797675450643,2.1195381573268346,0.633485639686684,0.25718015665796345,0.2654659357870008,1.0,0.0003,1.0,13257.3766207695
depth4_bal_MMMMAAAA,4,MMMMAAAA,48875,586500,1.7213702698548634,2.306785821914673,2.2623115403311593,0.4281984334203655,0.20365535248041775,0.2241861505761271,1.0,0.0003,1.0,13261.051216840744
depth4_bal_MMMMAAAA,4,MMMMAAAA,48900,586800,0.9090884079535803,2.0498650868733725,2.0327129125595094,0.6439295039164491,0.29112271540469975,0.2877279337733527,1.0,0.0003,1.0,13268.426906824112
depth4_bal_MMMMAAAA,4,MMMMAAAA,48925,587100,0.9176075806220373,2.169396003087362,2.0952615261077883,0.6511096605744126,0.24673629242819844,0.26893388522206063,1.0,0.0003,1.0,13276.684292078018
depth4_bal_MMMMAAAA,4,MMMMAAAA,48950,587400,0.9648090253273646,2.098755200703939,2.0320838383265905,0.6292428198433421,0.2793733681462141,0.2803445575567737,1.0,0.0003,1.0,13284.522991418839
depth4_bal_MMMMAAAA,4,MMMMAAAA,48975,587700,0.961181253194809,2.1875126361846924,2.095176298277719,0.6223890339425587,0.2650130548302872,0.278107170824477,1.0,0.0003,1.0,13292.596489191055
depth4_bal_MMMMAAAA,4,MMMMAAAA,49000,588000,1.0372840116421382,2.1065330505371094,2.030523644174848,0.5946475195822454,0.26370757180156656,0.2708356639445128,1.0,0.0003,1.0,13300.704012155533
depth4_bal_MMMMAAAA,4,MMMMAAAA,49025,588300,0.8509180198113123,2.130200147628784,2.080596320969718,0.6609007832898173,0.2741514360313316,0.27956147220046984,1.0,0.0003,1.0,13309.326174736023
depth4_bal_MMMMAAAA,4,MMMMAAAA,49050,588600,0.8641996333996455,2.27898907661438,2.1791586535317555,0.6654699738903395,0.25718015665796345,0.27195435731066114,1.0,0.0003,1.0,13317.684559822083
depth4_bal_MMMMAAAA,4,MMMMAAAA,49075,588900,0.9791028102238973,2.2430950005849204,2.1766779218401227,0.6060704960835509,0.24412532637075718,0.2612149009956371,1.0,0.0003,1.0,13325.882133245468
depth4_bal_MMMMAAAA,4,MMMMAAAA,49100,589200,0.8254861036936442,2.163130203882853,2.1229313475745064,0.6817885117493473,0.26109660574412535,0.27956147220046984,1.0,0.0003,1.0,13331.744435548782
depth4_bal_MMMMAAAA,4,MMMMAAAA,49125,589500,0.9270344575246176,2.0413922866185508,2.0309595448630198,0.631201044386423,0.2989556135770235,0.2857142857142857,1.0,0.0003,1.0,13335.78926038742
depth4_bal_MMMMAAAA,4,MMMMAAAA,49150,589800,0.9051762272914251,2.130864143371582,2.051861814090184,0.6586161879895561,0.25718015665796345,0.2831412909721445,1.0,0.0003,1.0,13342.515078306198
depth4_bal_MMMMAAAA,4,MMMMAAAA,49175,590100,0.8246480872233709,2.114372412363688,2.037436035701207,0.6804830287206266,0.25718015665796345,0.29343326994070923,1.0,0.0003,1.0,13347.301231384277
depth4_bal_MMMMAAAA,4,MMMMAAAA,49200,590400,0.9257921477158865,2.1757264137268066,2.1202902214867727,0.6253263707571801,0.2349869451697128,0.2681507998657568,1.0,0.0003,1.0,13355.297117233276
depth4_bal_MMMMAAAA,4,MMMMAAAA,49225,590700,0.9495840122302374,2.0167973836263022,2.0065156017030987,0.6360966057441253,0.283289817232376,0.28191072826938135,1.0,0.0003,1.0,13362.667915821075
depth4_bal_MMMMAAAA,4,MMMMAAAA,49250,591000,0.8748023509979248,2.1491509278615317,2.0753560270581928,0.6648172323759791,0.2845953002610966,0.2833650296453742,1.0,0.0003,1.0,13369.564734697342
depth4_bal_MMMMAAAA,4,MMMMAAAA,49275,591300,0.9619979312022527,2.127389669418335,2.0932943344116213,0.6370757180156658,0.26370757180156656,0.27262557333035015,1.0,0.0003,1.0,13372.763251781464
depth4_bal_MMMMAAAA,4,MMMMAAAA,49300,591600,0.8302763998508453,2.059094031651815,2.0790842124394007,0.6684073107049608,0.29765013054830286,0.28649737107058953,1.0,0.0003,1.0,13380.044173240662
depth4_bal_MMMMAAAA,4,MMMMAAAA,49325,591900,1.096158782641093,2.0771641731262207,2.046416970661708,0.5815926892950392,0.26370757180156656,0.26837453853898646,1.0,0.0003,1.0,13388.173618793488
depth4_bal_MMMMAAAA,4,MMMMAAAA,49350,592200,0.8605039119720459,2.2135740915934243,2.1278603076934814,0.674934725848564,0.2545691906005222,0.2793377335272402,1.0,0.0003,1.0,13396.519208192825
depth4_bal_MMMMAAAA,4,MMMMAAAA,49375,592500,0.810282493631045,2.1701951821645102,2.082922669819423,0.693864229765013,0.2689295039164491,0.29421635529701307,1.0,0.0003,1.0,13404.57959318161
depth4_bal_MMMMAAAA,4,MMMMAAAA,49400,592800,1.01658096909523,2.368994156519572,2.2486168588910784,0.6054177545691906,0.23890339425587467,0.25506208748182124,1.0,0.0003,1.0,13412.701795578003
depth4_bal_MMMMAAAA,4,MMMMAAAA,49425,593100,0.9225454231103262,2.2692856788635254,2.213879612513951,0.6439295039164491,0.2545691906005222,0.26009620762948876,1.0,0.0003,1.0,13420.503982782364
depth4_bal_MMMMAAAA,4,MMMMAAAA,49450,593400,0.8824992825587591,2.355337460835775,2.2524484974997385,0.6746083550913838,0.23759791122715404,0.2542790021255174,1.0,0.0003,1.0,13428.588181972504
depth4_bal_MMMMAAAA,4,MMMMAAAA,49475,593700,0.8796031475067139,2.1296584606170654,2.097271650178092,0.6599216710182768,0.2950391644908616,0.2894059738225752,1.0,0.0003,1.0,13436.974144935608
depth4_bal_MMMMAAAA,4,MMMMAAAA,49500,594000,0.9473155985275904,2.044304450352987,2.0214515107018607,0.6347911227154047,0.283289817232376,0.2927620539210202,1.0,0.0003,1.0,13445.294949293137
depth4_bal_MMMMAAAA,4,MMMMAAAA,49525,594300,0.8983307679494222,2.2036825815836587,2.1136286292757305,0.6592689295039165,0.26762402088772846,0.27732408546817316,1.0,0.0003,1.0,13453.854140520096
depth4_bal_MMMMAAAA,4,MMMMAAAA,49550,594600,0.91956094900767,2.306414842605591,2.1833113193511964,0.6377284595300261,0.24412532637075718,0.25707573554088825,1.0,0.0003,1.0,13462.234812021255
depth4_bal_MMMMAAAA,4,MMMMAAAA,49575,594900,1.165787359078725,2.1872971852620444,2.1667772565569194,0.5682114882506527,0.2545691906005222,0.2486855352947757,1.0,0.0003,1.0,13470.55664229393
depth4_bal_MMMMAAAA,4,MMMMAAAA,49600,595200,0.8703381170829138,2.576369365056356,2.5511806896754674,0.6710182767624021,0.22323759791122716,0.22105380915091175,1.0,0.0003,1.0,13479.033350467682
depth4_bal_MMMMAAAA,4,MMMMAAAA,49625,595500,0.866970956325531,2.2788997491200766,2.1705355848584857,0.6566579634464752,0.2454308093994778,0.2741917440429578,1.0,0.0003,1.0,13487.49461054802
depth4_bal_MMMMAAAA,4,MMMMAAAA,49650,595800,0.8082053562005361,2.1270520289738974,2.0849932500294277,0.6954960835509139,0.2780678851174935,0.2823582056158407,1.0,0.0003,1.0,13495.770387887955
depth4_bal_MMMMAAAA,4,MMMMAAAA,49675,596100,0.9424541195233663,2.2561100323994956,2.208493403026036,0.6468668407310705,0.24281984334203655,0.2652421971137711,1.0,0.0003,1.0,13502.727606773376
depth4_bal_MMMMAAAA,4,MMMMAAAA,49700,596400,0.9644691745440165,2.2013140519460044,2.101094535418919,0.6256527415143603,0.2650130548302872,0.2755341760823358,1.0,0.0003,1.0,13510.654308080673
depth4_bal_MMMMAAAA,4,MMMMAAAA,49725,596700,0.8996549795071284,2.0583442052205405,2.0645990814481463,0.6504569190600522,0.2845953002610966,0.28224633627922585,1.0,0.0003,1.0,13519.09374165535
depth4_bal_MMMMAAAA,4,MMMMAAAA,49750,597000,0.8331412921349207,2.25154972076416,2.1673779351370674,0.6801566579634465,0.26370757180156656,0.27687660812171383,1.0,0.0003,1.0,13527.37780880928
depth4_bal_MMMMAAAA,4,MMMMAAAA,49775,597300,1.0576510926087697,2.225243409474691,2.209459900856018,0.5975848563968669,0.26109660574412535,0.2679270611925271,1.0,0.0003,1.0,13535.31544804573
depth4_bal_MMMMAAAA,4,MMMMAAAA,49800,597600,0.8255873223145803,2.2220922311147056,2.144008357184274,0.6795039164490861,0.2754569190600522,0.283476898981989,1.0,0.0003,1.0,13543.815153837204
depth4_bal_MMMMAAAA,4,MMMMAAAA,49825,597900,0.9169373363256454,2.1899980703989663,2.150188670839582,0.6413185378590078,0.24934725848563968,0.26938136256851997,1.0,0.0003,1.0,13552.121503591537
depth4_bal_MMMMAAAA,4,MMMMAAAA,49850,598200,0.8545751621325811,2.3193352222442627,2.176490265982492,0.6710182767624021,0.2506527415143603,0.27061192527128314,1.0,0.0003,1.0,13560.410294532776
depth4_bal_MMMMAAAA,4,MMMMAAAA,49875,598500,0.8455559611320496,2.1226464112599692,2.109503538267953,0.6775456919060052,0.29112271540469975,0.2817988589327665,1.0,0.0003,1.0,13568.424315690994
depth4_bal_MMMMAAAA,4,MMMMAAAA,49900,598800,0.8822871496280035,2.1615049839019775,2.0937103271484374,0.6638381201044387,0.2741514360313316,0.27889025618078084,1.0,0.0003,1.0,13576.734907150269
depth4_bal_MMMMAAAA,4,MMMMAAAA,49925,599100,1.0424582958221436,2.0216039419174194,2.03155380998339,0.591710182767624,0.2597911227154047,0.2758697840921803,1.0,0.0003,1.0,13584.437206983566
depth4_bal_MMMMAAAA,4,MMMMAAAA,49950,599400,0.8221154312292734,2.1755546728769937,2.191033206667219,0.6739556135770235,0.2859007832898172,0.2710594026177425,1.0,0.0003,1.0,13592.674922704697
depth4_bal_MMMMAAAA,4,MMMMAAAA,49975,599700,0.8250878403584162,2.2447213331858316,2.134434492247445,0.6961488250652742,0.2558746736292428,0.2899653205056494,1.0,0.0003,1.0,13600.911442279816
depth4_bal_MMMMAAAA,4,MMMMAAAA,50000,600000,0.8828884611527125,2.213511069615682,2.135151311329433,0.6612271540469974,0.26631853785900783,0.26960510124174963,1.0,0.0003,1.0,13604.650708436966
