run_id,depth,schedule,epoch,step,train_loss,val_loss,test_loss,train_acc,val_acc,test_acc,best_val_acc_so_far,learning_rate,weight_decay,elapsed_time_seconds
depth4_bal_MAMMAMAA,4,MAMMAMAA,1,12,4.737594445546468,4.7450377146403,4.736850098201207,0.00587467362924282,0.009138381201044387,0.008502069582727374,0.009138381201044387,0.0003,1.0,0.7726330757141113
depth4_bal_MAMMAMAA,4,MAMMAMAA,25,300,4.116850217183431,5.719123999277751,5.659364373343331,0.07669712793733681,0.0013054830287206266,0.0023492560689115116,0.009138381201044387,0.0003,1.0,8.789801597595215
depth4_bal_MAMMAMAA,4,MAMMAMAA,50,600,3.003922621409098,7.410124142964681,7.240879780905587,0.23531331592689295,0.005221932114882507,0.0032442107618301822,0.009138381201044387,0.0003,1.0,16.996742725372314
depth4_bal_MAMMAMAA,4,MAMMAMAA,75,900,2.2840918699900308,8.506705602010092,8.497946303231375,0.40176240208877284,0.007832898172323759,0.003915426781519186,0.009138381201044387,0.0003,1.0,25.18742346763611
depth4_bal_MAMMAMAA,4,MAMMAMAA,100,1200,2.110133876403173,8.892226854960123,8.891987500871931,0.4281984334203655,0.005221932114882507,0.004474773464593355,0.009138381201044387,0.0003,1.0,29.758525609970093
depth4_bal_MAMMAMAA,4,MAMMAMAA,125,1500,1.8240210612614949,8.998294830322266,9.047266742161343,0.5094647519582245,0.006527415143603133,0.004474773464593355,0.009138381201044387,0.0003,1.0,34.092958211898804
depth4_bal_MAMMAMAA,4,MAMMAMAA,150,1800,1.639067421356837,9.239627838134766,9.20969524383545,0.5721279373368147,0.0026109660574412533,0.0064884215236603645,0.009138381201044387,0.0003,1.0,39.447442054748535
depth4_bal_MAMMAMAA,4,MAMMAMAA,175,2100,1.51463716228803,8.506465911865234,8.5000515801566,0.6413185378590078,0.006527415143603133,0.006040944177201029,0.009138381201044387,0.0003,1.0,43.24669551849365
depth4_bal_MAMMAMAA,4,MAMMAMAA,200,2400,1.2743676801522572,10.138091087341309,10.047858755929129,0.6661227154046997,0.014360313315926894,0.006152813513815863,0.014360313315926894,0.0003,1.0,51.48031830787659
depth4_bal_MAMMAMAA,4,MAMMAMAA,225,2700,1.6273164848486583,9.39365323384603,9.361875207083566,0.5564621409921671,0.006527415143603133,0.008837677592571876,0.014360313315926894,0.0003,1.0,59.64071345329285
depth4_bal_MAMMAMAA,4,MAMMAMAA,250,3000,1.6875372231006622,8.915376345316568,8.818514387948172,0.5456919060052219,0.01174934725848564,0.006600290860275198,0.014360313315926894,0.0003,1.0,67.73192095756531
depth4_bal_MAMMAMAA,4,MAMMAMAA,275,3300,0.49205493181943893,11.114121754964193,10.883770370483399,0.922976501305483,0.01174934725848564,0.008725808255957042,0.014360313315926894,0.0003,1.0,75.5852460861206
depth4_bal_MAMMAMAA,4,MAMMAMAA,300,3600,0.8700019220511118,10.275714874267578,10.235820634024483,0.7721932114882507,0.015665796344647518,0.009956370958720215,0.015665796344647518,0.0003,1.0,83.87194323539734
depth4_bal_MAMMAMAA,4,MAMMAMAA,325,3900,0.9218696504831314,9.815175374348959,9.851992634364537,0.7535900783289817,0.016971279373368148,0.011075064324868553,0.016971279373368148,0.0003,1.0,92.08826613426208
depth4_bal_MAMMAMAA,4,MAMMAMAA,350,4200,0.29032422602176666,10.514780680338541,10.452617699759347,0.9761749347258486,0.016971279373368148,0.011075064324868553,0.016971279373368148,0.0003,1.0,100.38743305206299
depth4_bal_MAMMAMAA,4,MAMMAMAA,375,4500,0.37932049483060837,10.311976432800293,10.15564022064209,0.9490861618798956,0.015665796344647518,0.013536189730394898,0.016971279373368148,0.0003,1.0,108.33873558044434
depth4_bal_MAMMAMAA,4,MAMMAMAA,400,4800,0.40175853421290714,10.006591796875,9.984920474461147,0.9295039164490861,0.028720626631853787,0.011858149681172391,0.028720626631853787,0.0003,1.0,116.3111367225647
depth4_bal_MAMMAMAA,4,MAMMAMAA,425,5100,0.730985681215922,9.526494026184082,9.558375930786132,0.808420365535248,0.0195822454308094,0.014207405750083902,0.028720626631853787,0.0003,1.0,124.55466294288635
depth4_bal_MAMMAMAA,4,MAMMAMAA,450,5400,0.2672414369881153,10.229657173156738,10.167366845267159,0.9611618798955613,0.015665796344647518,0.01443114442331357,0.028720626631853787,0.0003,1.0,132.7337474822998
depth4_bal_MAMMAMAA,4,MAMMAMAA,475,5700,0.4551308477918307,9.326124509175619,9.25643711090088,0.9040469973890339,0.022193211488250653,0.02136704329343327,0.028720626631853787,0.0003,1.0,140.8485972881317
depth4_bal_MAMMAMAA,4,MAMMAMAA,500,6000,0.37148326138655346,9.414705276489258,9.349030358450753,0.9314621409921671,0.02349869451697128,0.021143304620203602,0.028720626631853787,0.0003,1.0,148.57838010787964
depth4_bal_MAMMAMAA,4,MAMMAMAA,525,6300,0.15132096906503043,9.743601163228353,9.716587611607142,0.9902088772845953,0.031331592689295036,0.02024834992728493,0.031331592689295036,0.0003,1.0,156.77513527870178
depth4_bal_MAMMAMAA,4,MAMMAMAA,550,6600,0.561236746609211,8.849177678426107,8.74982727595738,0.8590078328981723,0.0195822454308094,0.025058731401722788,0.031331592689295036,0.0003,1.0,165.09268999099731
depth4_bal_MAMMAMAA,4,MAMMAMAA,575,6900,0.07708823929230373,9.556374231974283,9.395084081377302,1.0,0.02741514360313316,0.02483499272849312,0.031331592689295036,0.0003,1.0,173.3638195991516
depth4_bal_MAMMAMAA,4,MAMMAMAA,600,7200,0.10508669788638751,9.33448314666748,9.245280374799457,0.9973890339425587,0.030026109660574413,0.023268822015885447,0.031331592689295036,0.0003,1.0,181.54222679138184
depth4_bal_MAMMAMAA,4,MAMMAMAA,625,7500,0.20649338761965433,9.423807779947916,9.39176562173026,0.9686684073107049,0.0391644908616188,0.029533504866316142,0.0391644908616188,0.0003,1.0,189.76515126228333
depth4_bal_MAMMAMAA,4,MAMMAMAA,650,7800,0.49868415544430417,9.303204854329428,9.276451274326869,0.8586814621409922,0.02610966057441253,0.025841816758026624,0.0391644908616188,0.0003,1.0,198.04926824569702
depth4_bal_MAMMAMAA,4,MAMMAMAA,675,8100,0.09984423654774825,9.151914914449057,9.12142105102539,0.9941253263707572,0.033942558746736295,0.03065219823246448,0.0391644908616188,0.0003,1.0,206.06477880477905
depth4_bal_MAMMAMAA,4,MAMMAMAA,700,8400,0.07737646872798602,8.872451464335123,8.878393718174525,0.9993472584856397,0.04046997389033943,0.03613379572659134,0.04046997389033943,0.0003,1.0,214.2249345779419
depth4_bal_MAMMAMAA,4,MAMMAMAA,725,8700,0.07409450660149257,8.495250860850016,8.51031744820731,0.9983681462140992,0.03655352480417755,0.034232017004139165,0.04046997389033943,0.0003,1.0,222.44302558898926
depth4_bal_MAMMAMAA,4,MAMMAMAA,750,9000,0.047634570859372616,8.525190353393555,8.516785744258335,1.0,0.037859007832898174,0.03490323302382817,0.04046997389033943,0.0003,1.0,227.9060287475586
depth4_bal_MAMMAMAA,4,MAMMAMAA,775,9300,0.5612711235880852,8.292930603027344,8.40642807824271,0.8387728459530026,0.0391644908616188,0.03210649960845732,0.04046997389033943,0.0003,1.0,235.7183530330658
depth4_bal_MAMMAMAA,4,MAMMAMAA,800,9600,0.27519850557049114,8.159935156504313,8.208609131404332,0.9461488250652742,0.0391644908616188,0.041727262557333035,0.04046997389033943,0.0003,1.0,244.54360055923462
depth4_bal_MAMMAMAA,4,MAMMAMAA,825,9900,0.20151016364494959,7.986786683400472,7.903191198621477,0.9774804177545692,0.050913838120104436,0.04642577469515606,0.050913838120104436,0.0003,1.0,253.07038640975952
depth4_bal_MAMMAMAA,4,MAMMAMAA,850,10200,0.10668463632464409,8.353368441263834,8.506587518964494,0.991514360313316,0.04699738903394256,0.046537644031770894,0.050913838120104436,0.0003,1.0,261.3918752670288
depth4_bal_MAMMAMAA,4,MAMMAMAA,875,10500,0.16758567901949087,8.435049851735434,8.527634825025286,0.9738903394255874,0.0587467362924282,0.04989372413021591,0.0587467362924282,0.0003,1.0,269.69352889060974
depth4_bal_MAMMAMAA,4,MAMMAMAA,900,10800,0.04072902941455444,7.951491832733154,7.9767607825143,1.0,0.05483028720626632,0.05414475892157959,0.0587467362924282,0.0003,1.0,274.0679817199707
depth4_bal_MAMMAMAA,4,MAMMAMAA,925,11100,0.04258064553141594,7.667265892028809,7.736897359575544,1.0,0.06266318537859007,0.05168363351605325,0.06266318537859007,0.0003,1.0,277.150799036026
depth4_bal_MAMMAMAA,4,MAMMAMAA,950,11400,0.7966599116722742,8.302268822987875,8.396761703491212,0.7633812010443864,0.050913838120104436,0.04508334265577805,0.06266318537859007,0.0003,1.0,280.3867599964142
depth4_bal_MAMMAMAA,4,MAMMAMAA,975,11700,0.29401014000177383,7.4807742436726885,7.590277889796666,0.9324412532637075,0.06005221932114883,0.05380915091173509,0.06266318537859007,0.0003,1.0,283.4306836128235
depth4_bal_MAMMAMAA,4,MAMMAMAA,1000,12000,0.07458610956867535,7.712287902832031,7.863958495003836,1.0,0.06135770234986945,0.06320617518738114,0.06266318537859007,0.0003,1.0,286.472891330719
depth4_bal_MAMMAMAA,4,MAMMAMAA,1025,12300,0.15706721258660158,7.561544100443522,7.65234854561942,0.9823759791122716,0.057441253263707574,0.059402617742476786,0.06266318537859007,0.0003,1.0,294.52079939842224
depth4_bal_MAMMAMAA,4,MAMMAMAA,1050,12600,0.06834198658665021,7.693707466125488,7.797457000187465,0.9977154046997389,0.05221932114882506,0.06186374314800313,0.06266318537859007,0.0003,1.0,302.7973849773407
depth4_bal_MAMMAMAA,4,MAMMAMAA,1075,12900,0.165268591294686,7.528626759847005,7.497319480351039,0.9748694516971279,0.06005221932114883,0.06443673789014431,0.06266318537859007,0.0003,1.0,311.0126187801361
depth4_bal_MAMMAMAA,4,MAMMAMAA,1100,13200,0.04446933480600516,7.41741418838501,7.392544364929199,1.0,0.0639686684073107,0.06633851661259649,0.0639686684073107,0.0003,1.0,319.13797521591187
depth4_bal_MAMMAMAA,4,MAMMAMAA,1125,13500,0.05163944729914268,7.2048905690511065,7.197585078648158,0.9993472584856397,0.05613577023498695,0.06812842599843383,0.0639686684073107,0.0003,1.0,327.41820311546326
depth4_bal_MAMMAMAA,4,MAMMAMAA,1150,13800,0.8259651164213816,6.840779940287272,6.956797681535993,0.7411879895561357,0.04960835509138381,0.06331804452399598,0.0639686684073107,0.0003,1.0,334.7664740085602
depth4_bal_MAMMAMAA,4,MAMMAMAA,1175,14100,0.350508155922095,7.30474869410197,7.407120772770473,0.9063315926892951,0.07049608355091384,0.07215572211656784,0.07049608355091384,0.0003,1.0,337.7991244792938
depth4_bal_MAMMAMAA,4,MAMMAMAA,1200,14400,0.04341195741047462,6.864339510599772,7.134329891204834,1.0,0.08093994778067885,0.07998657567960622,0.08093994778067885,0.0003,1.0,344.6560323238373
depth4_bal_MAMMAMAA,4,MAMMAMAA,1225,14700,0.09539960169543822,6.970348358154297,7.164384201594761,0.9924934725848564,0.06266318537859007,0.07249133012641235,0.08093994778067885,0.0003,1.0,352.87973523139954
depth4_bal_MAMMAMAA,4,MAMMAMAA,1250,15000,0.4738016948103905,6.916399319966634,6.94764792578561,0.860313315926893,0.05613577023498695,0.07081329007718984,0.08093994778067885,0.0003,1.0,361.0906903743744
depth4_bal_MAMMAMAA,4,MAMMAMAA,1275,15300,0.04957320292790731,7.0448479652404785,7.092091165270124,0.9996736292428199,0.07441253263707572,0.0818883544020584,0.08093994778067885,0.0003,1.0,369.28901195526123
depth4_bal_MAMMAMAA,4,MAMMAMAA,1300,15600,0.05012726876884699,6.65180238087972,6.691602298191616,1.0,0.08093994778067885,0.08613938919342208,0.08093994778067885,0.0003,1.0,377.4889266490936
depth4_bal_MAMMAMAA,4,MAMMAMAA,1325,15900,0.044331738725304604,7.043930848439534,7.027797290257046,0.9996736292428199,0.0731070496083551,0.08748182123280009,0.08093994778067885,0.0003,1.0,385.77408146858215
depth4_bal_MAMMAMAA,4,MAMMAMAA,1350,16200,0.36760768045981723,7.513686021169026,7.527334690093994,0.8870757180156658,0.0587467362924282,0.07640675690793154,0.08093994778067885,0.0003,1.0,393.78356170654297
depth4_bal_MAMMAMAA,4,MAMMAMAA,1375,16500,0.2001778365423282,7.060149033864339,7.047443539755685,0.962467362924282,0.0926892950391645,0.0905022933214006,0.0926892950391645,0.0003,1.0,401.98486256599426
depth4_bal_MAMMAMAA,4,MAMMAMAA,1400,16800,0.16092357287804285,7.18927542368571,7.188420813424247,0.9784595300261096,0.06788511749347259,0.08837677592571876,0.0926892950391645,0.0003,1.0,409.38383293151855
depth4_bal_MAMMAMAA,4,MAMMAMAA,1425,17100,0.05163573349515597,6.818734169006348,6.73593327658517,0.9990208877284595,0.08485639686684072,0.10101801096319499,0.0926892950391645,0.0003,1.0,417.6551990509033
depth4_bal_MAMMAMAA,4,MAMMAMAA,1450,17400,0.04781863124420246,6.25786034266154,6.203408568246024,1.0,0.09530026109660575,0.10381474437856583,0.09530026109660575,0.0003,1.0,425.8744957447052
depth4_bal_MAMMAMAA,4,MAMMAMAA,1475,17700,0.04700543389966091,6.343186378479004,6.2419430460248675,1.0,0.09138381201044386,0.10750643248685535,0.09530026109660575,0.0003,1.0,433.3062400817871
depth4_bal_MAMMAMAA,4,MAMMAMAA,1500,18000,0.8637969593207041,7.006494681040446,6.864328534262521,0.7180156657963447,0.0783289817232376,0.08658686653988142,0.09530026109660575,0.0003,1.0,441.3771185874939
depth4_bal_MAMMAMAA,4,MAMMAMAA,1525,18300,0.1150596123188734,6.5347065925598145,6.508499704088483,0.9859660574412533,0.1122715404699739,0.10851325651638886,0.1122715404699739,0.0003,1.0,449.31384325027466
depth4_bal_MAMMAMAA,4,MAMMAMAA,1550,18600,0.039876084153850876,6.083685557047526,6.025139726911273,1.0,0.10835509138381201,0.11981205951448708,0.1122715404699739,0.0003,1.0,456.09725427627563
depth4_bal_MAMMAMAA,4,MAMMAMAA,1575,18900,0.03594269479314486,5.998433430989583,5.9383458954947335,1.0,0.11879895561357702,0.12227318492001342,0.11879895561357702,0.0003,1.0,461.49796772003174
depth4_bal_MAMMAMAA,4,MAMMAMAA,1600,19200,0.046933999905983605,6.345789909362793,6.170228794642857,0.9990208877284595,0.10574412532637076,0.12339187828616176,0.11879895561357702,0.0003,1.0,470.28714418411255
depth4_bal_MAMMAMAA,4,MAMMAMAA,1625,19500,0.18131368979811668,6.3242506980896,6.228273364475795,0.9614882506527415,0.11488250652741515,0.13021590781966663,0.11879895561357702,0.0003,1.0,479.6053671836853
depth4_bal_MAMMAMAA,4,MAMMAMAA,1650,19800,0.03419858496636152,5.818965117136638,5.758322484152657,0.9996736292428199,0.1475195822454308,0.14878621769772904,0.1475195822454308,0.0003,1.0,488.91697335243225
depth4_bal_MAMMAMAA,4,MAMMAMAA,1675,20100,0.062426949851214886,5.623400052388509,5.571197155543736,0.9977154046997389,0.15926892950391644,0.1502405190737219,0.15926892950391644,0.0003,1.0,498.3178253173828
depth4_bal_MAMMAMAA,4,MAMMAMAA,1700,20400,0.026476275796691578,5.447364966074626,5.325938470023019,1.0,0.16318537859007834,0.16042062870567178,0.16318537859007834,0.0003,1.0,507.67200326919556
depth4_bal_MAMMAMAA,4,MAMMAMAA,1725,20700,0.04525848881651958,5.554050445556641,5.423996979849679,0.9993472584856397,0.15926892950391644,0.1554983778946191,0.16318537859007834,0.0003,1.0,516.4046640396118
depth4_bal_MAMMAMAA,4,MAMMAMAA,1750,21000,0.09973697861035664,3.616636355717977,3.6543425832475935,0.9869451697127938,0.2584856396866841,0.2645709810940821,0.2584856396866841,0.0003,1.0,524.201014995575
depth4_bal_MAMMAMAA,4,MAMMAMAA,1775,21300,0.031068603042513132,2.8609397411346436,2.913441051755633,1.0,0.3263707571801567,0.3207293880747287,0.3263707571801567,0.0003,1.0,531.8639912605286
depth4_bal_MAMMAMAA,4,MAMMAMAA,1800,21600,0.02790135657414794,2.5598292350769043,2.5863117831093922,1.0,0.3563968668407311,0.35395458104933436,0.3563968668407311,0.0003,1.0,540.1906504631042
depth4_bal_MAMMAMAA,4,MAMMAMAA,1825,21900,0.024115904855231445,2.1917990843454995,2.2106047528130666,1.0,0.4086161879895561,0.4198456203154715,0.4086161879895561,0.0003,1.0,548.4416422843933
depth4_bal_MAMMAMAA,4,MAMMAMAA,1850,22200,0.25290316840012866,1.4227348963419597,1.4458805629185267,0.929177545691906,0.5456919060052219,0.548159749412686,0.5456919060052219,0.0003,1.0,557.1857070922852
depth4_bal_MAMMAMAA,4,MAMMAMAA,1875,22500,0.012972674487779537,0.31254976987838745,0.3255943638937814,1.0,0.912532637075718,0.9028974158183242,0.912532637075718,0.0003,1.0,565.9647083282471
depth4_bal_MAMMAMAA,4,MAMMAMAA,1900,22800,0.014406228360409537,0.14667846510807672,0.16168871032340185,1.0,0.9817232375979112,0.9725920125293657,0.9817232375979112,0.0003,1.0,575.1825332641602
depth4_bal_MAMMAMAA,4,MAMMAMAA,1925,23100,0.011901331522191564,0.08076345920562744,0.09282776873026576,1.0,0.9934725848563969,0.9883655889920573,0.9934725848563969,0.0003,1.0,583.6602008342743
depth4_bal_MAMMAMAA,4,MAMMAMAA,1950,23400,0.00932247502108415,0.056408725678920746,0.05899256340094975,1.0,0.9947780678851175,0.9940709251594138,0.9947780678851175,0.0003,1.0,592.3237326145172
depth4_bal_MAMMAMAA,4,MAMMAMAA,1975,23700,0.007456010673195124,0.03887931009133657,0.03936859906784126,1.0,0.9986945169712794,0.9967557892381698,0.9986945169712794,0.0003,1.0,601.3355195522308
depth4_bal_MAMMAMAA,4,MAMMAMAA,2000,24000,0.005917895197247465,0.02909239133199056,0.026391176879405974,1.0,0.9973890339425587,0.9976507439310884,0.9986945169712794,0.0003,1.0,607.4205946922302
depth4_bal_MAMMAMAA,4,MAMMAMAA,2025,24300,0.0045978664032494026,0.01975596168388923,0.016063091371740612,1.0,0.9973890339425587,0.9992169146436961,0.9986945169712794,0.0003,1.0,616.3229541778564
depth4_bal_MAMMAMAA,4,MAMMAMAA,2050,24600,0.0037372723260583975,0.010147976378599802,0.010753773844667844,1.0,1.0,0.9998881306633851,1.0,0.0003,1.0,625.0593998432159
depth4_bal_MAMMAMAA,4,MAMMAMAA,2075,24900,0.0030514263392736516,0.007505474922557672,0.007940199172922543,1.0,1.0,1.0,1.0,0.0003,1.0,630.5318827629089
depth4_bal_MAMMAMAA,4,MAMMAMAA,2100,25200,0.0024880238731081286,0.0057449898061652975,0.00584228207756366,1.0,1.0,1.0,1.0,0.0003,1.0,633.6015610694885
depth4_bal_MAMMAMAA,4,MAMMAMAA,2125,25500,0.0020493713673204184,0.004512143010894458,0.004464772835906063,1.0,1.0,1.0,1.0,0.0003,1.0,636.6663250923157
depth4_bal_MAMMAMAA,4,MAMMAMAA,2150,25800,0.0016816778515931219,0.003403689324234923,0.0033806046670568843,1.0,1.0,1.0,1.0,0.0003,1.0,639.7512745857239
depth4_bal_MAMMAMAA,4,MAMMAMAA,2175,26100,0.001354432189449047,0.0024459237853686013,0.002496054535731673,1.0,1.0,1.0,1.0,0.0003,1.0,642.9270269870758
depth4_bal_MAMMAMAA,4,MAMMAMAA,2200,26400,0.001043201099188688,0.0018088621630643804,0.0019243394057931644,1.0,1.0,1.0,1.0,0.0003,1.0,645.9914147853851
depth4_bal_MAMMAMAA,4,MAMMAMAA,2225,26700,0.45511532574892044,0.5615079402923584,0.5728234376226152,0.8932767624020888,0.8446475195822454,0.8285043069694596,1.0,0.0003,1.0,653.9517395496368
depth4_bal_MAMMAMAA,4,MAMMAMAA,2250,27000,0.032164929589877524,0.07435293247302373,0.08009373332772936,0.9996736292428199,0.9908616187989556,0.9897080210314353,1.0,0.0003,1.0,662.2056353092194
depth4_bal_MAMMAMAA,4,MAMMAMAA,2275,27300,0.020668867665032547,0.03982831413547198,0.04237228003995759,1.0,0.9973890339425587,0.9987694372972368,1.0,0.0003,1.0,670.3414645195007
depth4_bal_MAMMAMAA,4,MAMMAMAA,2300,27600,0.017184539542843897,0.030938953161239624,0.03269549837069852,1.0,1.0,0.999328783980311,1.0,0.0003,1.0,678.9279143810272
depth4_bal_MAMMAMAA,4,MAMMAMAA,2325,27900,0.18706500654419264,0.2114512970050176,0.22243514827319555,0.935378590078329,0.9399477806788512,0.930641011298803,1.0,0.0003,1.0,688.0774350166321
depth4_bal_MAMMAMAA,4,MAMMAMAA,2350,28200,0.011973651048416892,0.022393590460220974,0.019021932993616375,1.0,0.9986945169712794,0.9998881306633851,1.0,0.0003,1.0,696.3472583293915
depth4_bal_MAMMAMAA,4,MAMMAMAA,2375,28500,0.009852371411398053,0.019838580551246803,0.01614370798426015,1.0,0.9986945169712794,0.9997762613267703,1.0,0.0003,1.0,704.5243408679962
depth4_bal_MAMMAMAA,4,MAMMAMAA,2400,28800,0.007939674813921252,0.012085975458224615,0.013800056172268732,1.0,1.0,0.9996643919901554,1.0,0.0003,1.0,712.5523014068604
depth4_bal_MAMMAMAA,4,MAMMAMAA,2425,29100,0.0076101962476968765,0.010646993294358253,0.013617114589682648,1.0,1.0,0.9995525226535407,1.0,0.0003,1.0,720.5809152126312
depth4_bal_MAMMAMAA,4,MAMMAMAA,2450,29400,0.005267751946424444,0.007938258815556765,0.012098662674959217,1.0,1.0,0.9994406533169258,1.0,0.0003,1.0,728.5956220626831
depth4_bal_MAMMAMAA,4,MAMMAMAA,2475,29700,0.004260292082714538,0.0066785879122714205,0.009647420168455158,1.0,1.0,0.9995525226535407,1.0,0.0003,1.0,736.4946248531342
depth4_bal_MAMMAMAA,4,MAMMAMAA,2500,30000,0.0035142454241092005,0.005643520349015792,0.007059787772595883,1.0,1.0,0.9996643919901554,1.0,0.0003,1.0,744.6307713985443
depth4_bal_MAMMAMAA,4,MAMMAMAA,2525,30300,2.2926851312319436,2.1942200660705566,2.1532247270856586,0.31037859007832896,0.2885117493472585,0.3013759928403625,1.0,0.0003,1.0,752.573085308075
depth4_bal_MAMMAMAA,4,MAMMAMAA,2550,30600,0.020065121507893007,0.04995314156015714,0.038337526789733345,1.0,0.9960835509138382,0.998657567960622,1.0,0.0003,1.0,760.927298784256
depth4_bal_MAMMAMAA,4,MAMMAMAA,2575,30900,0.014338546354944507,0.03791284436980883,0.024628464611513273,1.0,0.9960835509138382,0.9992169146436961,1.0,0.0003,1.0,768.8659584522247
depth4_bal_MAMMAMAA,4,MAMMAMAA,2600,31200,0.011058371126030883,0.03263329962889353,0.017765910284859795,1.0,0.9960835509138382,0.9996643919901554,1.0,0.0003,1.0,776.9552085399628
depth4_bal_MAMMAMAA,4,MAMMAMAA,2625,31500,0.008420919145767888,0.021015012326339882,0.013421137630939484,1.0,0.9973890339425587,0.9998881306633851,1.0,0.0003,1.0,784.7248497009277
depth4_bal_MAMMAMAA,4,MAMMAMAA,2650,31800,0.0064890432404354215,0.00974519643932581,0.009899183043411799,1.0,1.0,0.9998881306633851,1.0,0.0003,1.0,792.9351305961609
depth4_bal_MAMMAMAA,4,MAMMAMAA,2675,32100,0.004922505235299468,0.00661188814168175,0.007194686774164438,1.0,1.0,1.0,1.0,0.0003,1.0,799.8217031955719
depth4_bal_MAMMAMAA,4,MAMMAMAA,2700,32400,0.0038348917344895503,0.005256445923199256,0.0056424894636230806,1.0,1.0,1.0,1.0,0.0003,1.0,807.0480642318726
depth4_bal_MAMMAMAA,4,MAMMAMAA,2725,32700,0.003028894502980014,0.003976437263190746,0.004180807094754917,1.0,1.0,1.0,1.0,0.0003,1.0,814.9973604679108
depth4_bal_MAMMAMAA,4,MAMMAMAA,2750,33000,0.002392076867787788,0.0031987129089732966,0.0033663042155759673,1.0,1.0,1.0,1.0,0.0003,1.0,823.430547952652
depth4_bal_MAMMAMAA,4,MAMMAMAA,2775,33300,0.001927776155450071,0.002563935937359929,0.0026148866462920393,1.0,1.0,1.0,1.0,0.0003,1.0,831.5092461109161
depth4_bal_MAMMAMAA,4,MAMMAMAA,2800,33600,0.0015671478953057278,0.002160790919636687,0.0021584793592670133,1.0,1.0,1.0,1.0,0.0003,1.0,840.4843368530273
depth4_bal_MAMMAMAA,4,MAMMAMAA,2825,33900,0.00129198429446357,0.0018072921860342224,0.001726414033743952,1.0,1.0,1.0,1.0,0.0003,1.0,849.7820408344269
depth4_bal_MAMMAMAA,4,MAMMAMAA,2850,34200,0.0010426740773255005,0.0014904483299081523,0.0014228859916329383,1.0,1.0,1.0,1.0,0.0003,1.0,858.9600284099579
depth4_bal_MAMMAMAA,4,MAMMAMAA,2875,34500,1.6956724623839061,1.6967005332310994,1.698135495185852,0.3772845953002611,0.3537859007832898,0.34232017004139165,1.0,0.0003,1.0,867.96271276474
depth4_bal_MAMMAMAA,4,MAMMAMAA,2900,34800,0.013817618135362864,0.026628556350866955,0.026307118950145585,1.0,0.9986945169712794,0.9976507439310884,1.0,0.0003,1.0,876.1447081565857
depth4_bal_MAMMAMAA,4,MAMMAMAA,2925,35100,0.010412126391505202,0.023482322692871094,0.02081729125763689,1.0,0.9986945169712794,0.9976507439310884,1.0,0.0003,1.0,885.2021906375885
depth4_bal_MAMMAMAA,4,MAMMAMAA,2950,35400,0.008581234025768936,0.024262973107397556,0.017937403092426914,1.0,0.9960835509138382,0.9974270052578588,1.0,0.0003,1.0,893.2640428543091
depth4_bal_MAMMAMAA,4,MAMMAMAA,2975,35700,0.00860623549669981,0.01253002571562926,0.012070969305932521,1.0,1.0,0.9997762613267703,1.0,0.0003,1.0,901.2188935279846
depth4_bal_MAMMAMAA,4,MAMMAMAA,3000,36000,0.007521812221966684,0.010910966123143831,0.010422364223216261,1.0,1.0,0.9998881306633851,1.0,0.0003,1.0,909.6011869907379
depth4_bal_MAMMAMAA,4,MAMMAMAA,3025,36300,0.0061165636871010065,0.008857100270688534,0.008514127667461123,1.0,1.0,0.9998881306633851,1.0,0.0003,1.0,917.9978303909302
depth4_bal_MAMMAMAA,4,MAMMAMAA,3050,36600,0.004900565758968393,0.007171534467488527,0.007085010741970369,1.0,1.0,0.9998881306633851,1.0,0.0003,1.0,925.9572157859802
depth4_bal_MAMMAMAA,4,MAMMAMAA,3075,36900,0.003965406775629769,0.005778463712582986,0.005851759761571884,1.0,1.0,0.9997762613267703,1.0,0.0003,1.0,934.0055780410767
depth4_bal_MAMMAMAA,4,MAMMAMAA,3100,37200,0.0032140872014376023,0.004807466796288888,0.004905638145282864,1.0,1.0,0.9997762613267703,1.0,0.0003,1.0,942.2242302894592
depth4_bal_MAMMAMAA,4,MAMMAMAA,3125,37500,0.0026046658167615533,0.003950211685150862,0.004151582751157028,1.0,1.0,0.9997762613267703,1.0,0.0003,1.0,950.1295387744904
depth4_bal_MAMMAMAA,4,MAMMAMAA,3150,37800,0.002106259868014604,0.003748707783718904,0.003598272294870445,1.0,1.0,0.9996643919901554,1.0,0.0003,1.0,957.7783346176147
depth4_bal_MAMMAMAA,4,MAMMAMAA,3175,38100,0.0017043954964416723,0.0031048081194361052,0.0030249846833092825,1.0,1.0,0.9996643919901554,1.0,0.0003,1.0,965.1308772563934
depth4_bal_MAMMAMAA,4,MAMMAMAA,3200,38400,0.0014084048840838175,0.0023268243142714105,0.0022761482745409013,1.0,1.0,1.0,1.0,0.0003,1.0,973.4432852268219
depth4_bal_MAMMAMAA,4,MAMMAMAA,3225,38700,0.0011329377496925492,0.001936350987913708,0.0019224675205935324,1.0,1.0,0.9998881306633851,1.0,0.0003,1.0,980.8865826129913
depth4_bal_MAMMAMAA,4,MAMMAMAA,3250,39000,0.0009859284618869424,0.0016413348882148664,0.0016490664266582047,1.0,1.0,0.9998881306633851,1.0,0.0003,1.0,988.8970999717712
depth4_bal_MAMMAMAA,4,MAMMAMAA,3275,39300,0.0007902044841709236,0.0014922399617110689,0.0014497324558241027,1.0,1.0,0.9998881306633851,1.0,0.0003,1.0,997.0942916870117
depth4_bal_MAMMAMAA,4,MAMMAMAA,3300,39600,0.0006584993291956683,0.0012348744979438682,0.001240649862614061,1.0,1.0,0.9998881306633851,1.0,0.0003,1.0,1000.9986217021942
depth4_bal_MAMMAMAA,4,MAMMAMAA,3325,39900,2.619888126850128,2.5771024227142334,2.6079489844185963,0.19941253263707573,0.1814621409921671,0.1915203042845956,1.0,0.0003,1.0,1004.0495746135712
depth4_bal_MAMMAMAA,4,MAMMAMAA,3350,40200,0.05437613961597284,0.07312313094735146,0.08253824870501246,0.993798955613577,0.9908616187989556,0.9878062423089831,1.0,0.0003,1.0,1010.231743812561
depth4_bal_MAMMAMAA,4,MAMMAMAA,3375,40500,0.015112225664779544,0.03038484851519267,0.0331128470067467,1.0,0.9986945169712794,0.9960845732184808,1.0,0.0003,1.0,1013.3896958827972
depth4_bal_MAMMAMAA,4,MAMMAMAA,3400,40800,0.011368471275394162,0.024778992558519047,0.023217962416154998,1.0,0.9986945169712794,0.9976507439310884,1.0,0.0003,1.0,1016.4355385303497
depth4_bal_MAMMAMAA,4,MAMMAMAA,3425,41100,0.008758286673886081,0.021361471774677437,0.01683691545788731,1.0,0.9960835509138382,0.998657567960622,1.0,0.0003,1.0,1019.487818479538
depth4_bal_MAMMAMAA,4,MAMMAMAA,3450,41400,0.006696627863372366,0.014431204336384932,0.012597540632954665,1.0,0.9986945169712794,0.9989931759704664,1.0,0.0003,1.0,1022.5365421772003
depth4_bal_MAMMAMAA,4,MAMMAMAA,3475,41700,0.036364566922808685,0.0874886227150758,0.09638924087796892,0.9924934725848564,0.9804177545691906,0.9715851884998322,1.0,0.0003,1.0,1029.878515958786
depth4_bal_MAMMAMAA,4,MAMMAMAA,3500,42000,0.0077320634154602885,0.009596106596291065,0.01045703302536692,1.0,1.0,1.0,1.0,0.0003,1.0,1038.0083668231964
depth4_bal_MAMMAMAA,4,MAMMAMAA,3525,42300,0.006454385079753895,0.008145416776339212,0.008844723951603685,1.0,1.0,0.9998881306633851,1.0,0.0003,1.0,1044.9492897987366
depth4_bal_MAMMAMAA,4,MAMMAMAA,3550,42600,0.005238112605487307,0.006675305310636759,0.007329116096454007,1.0,1.0,0.9998881306633851,1.0,0.0003,1.0,1053.0421738624573
depth4_bal_MAMMAMAA,4,MAMMAMAA,3575,42900,0.004282544017769396,0.005511802000304063,0.00603659317961761,1.0,1.0,1.0,1.0,0.0003,1.0,1061.3318769931793
depth4_bal_MAMMAMAA,4,MAMMAMAA,3600,43200,0.003531044077438613,0.004508261413623889,0.00498927656028952,1.0,1.0,1.0,1.0,0.0003,1.0,1069.2812492847443
depth4_bal_MAMMAMAA,4,MAMMAMAA,3625,43500,0.002863954442242781,0.003710278542712331,0.004044525904048767,1.0,1.0,1.0,1.0,0.0003,1.0,1077.3862812519073
depth4_bal_MAMMAMAA,4,MAMMAMAA,3650,43800,0.0023113509911733368,0.0029417301217714944,0.003250123267727239,1.0,1.0,1.0,1.0,0.0003,1.0,1085.6445336341858
depth4_bal_MAMMAMAA,4,MAMMAMAA,3675,44100,0.0018729814716304343,0.0024561090394854546,0.00268015040616904,1.0,1.0,1.0,1.0,0.0003,1.0,1093.6802248954773
depth4_bal_MAMMAMAA,4,MAMMAMAA,3700,44400,0.0015730161491471033,0.0020752071092526117,0.0022178938745387963,1.0,1.0,1.0,1.0,0.0003,1.0,1101.8080854415894
depth4_bal_MAMMAMAA,4,MAMMAMAA,3725,44700,0.0012396167245848726,0.0016107911942526698,0.0017832204599731736,1.0,1.0,1.0,1.0,0.0003,1.0,1109.8954071998596
depth4_bal_MAMMAMAA,4,MAMMAMAA,3750,45000,0.0010317515989299864,0.0014098637426892917,0.0015195983328989574,1.0,1.0,1.0,1.0,0.0003,1.0,1118.1663806438446
depth4_bal_MAMMAMAA,4,MAMMAMAA,3775,45300,0.0008443597762379795,0.001236829402235647,0.001269287140374737,1.0,1.0,1.0,1.0,0.0003,1.0,1126.3302128314972
depth4_bal_MAMMAMAA,4,MAMMAMAA,3800,45600,4.705674131711324,4.732155005137126,4.7260962622506275,0.018276762402088774,0.007832898172323759,0.008725808255957042,1.0,0.0003,1.0,1134.2143151760101
depth4_bal_MAMMAMAA,4,MAMMAMAA,3825,45900,4.69994839032491,4.737959543863933,4.730761296408517,0.019255874673629242,0.009138381201044387,0.011186933661483387,1.0,0.0003,1.0,1141.9025769233704
depth4_bal_MAMMAMAA,4,MAMMAMAA,3850,46200,4.685116728146871,4.740766843159993,4.733924225398472,0.015665796344647518,0.01174934725848564,0.00839020024611254,1.0,0.0003,1.0,1149.9957563877106
depth4_bal_MAMMAMAA,4,MAMMAMAA,3875,46500,4.5911784172058105,4.703596591949463,4.702621487208775,0.01762402088772846,0.022193211488250653,0.00928515493903121,1.0,0.0003,1.0,1157.743347644806
depth4_bal_MAMMAMAA,4,MAMMAMAA,3900,46800,4.417746941248576,4.535600821177165,4.551906871795654,0.024151436031331592,0.014360313315926894,0.013424320393780064,1.0,0.0003,1.0,1165.9402680397034
depth4_bal_MAMMAMAA,4,MAMMAMAA,3925,47100,4.306134422620137,4.457028071085612,4.445948573521205,0.03100522193211488,0.0195822454308094,0.017227877838684416,1.0,0.0003,1.0,1174.076872587204
depth4_bal_MAMMAMAA,4,MAMMAMAA,3950,47400,4.002417087554932,4.10979684193929,4.142008686065674,0.0466710182767624,0.020887728459530026,0.03210649960845732,1.0,0.0003,1.0,1182.380749464035
depth4_bal_MAMMAMAA,4,MAMMAMAA,3975,47700,3.4262054761250815,3.5177529652913413,3.5385151181902206,0.07898172323759792,0.06005221932114883,0.06712160196890032,1.0,0.0003,1.0,1190.2283642292023
depth4_bal_MAMMAMAA,4,MAMMAMAA,4000,48000,2.7839640776316323,2.862651983896891,2.9252958706447054,0.1272845953002611,0.11879895561357702,0.10795390983331468,1.0,0.0003,1.0,1198.2488396167755
depth4_bal_MAMMAMAA,4,MAMMAMAA,4025,48300,2.4041386047999063,2.4777637322743735,2.475613307952881,0.185378590078329,0.13968668407310705,0.16455979416042063,1.0,0.0003,1.0,1206.480052947998
depth4_bal_MAMMAMAA,4,MAMMAMAA,4050,48600,2.196626861890157,2.2762910525004068,2.2910987309047153,0.206266318537859,0.20234986945169714,0.1830182347018682,1.0,0.0003,1.0,1214.661120891571
depth4_bal_MAMMAMAA,4,MAMMAMAA,4075,48900,2.049688180287679,2.1907304922739663,2.1793159552982875,0.24216710182767623,0.17232375979112272,0.19006600290860276,1.0,0.0003,1.0,1222.8016204833984
depth4_bal_MAMMAMAA,4,MAMMAMAA,4100,49200,1.9348177313804626,2.08463446299235,2.072471329144069,0.2748041775456919,0.20365535248041775,0.24029533504866316,1.0,0.0003,1.0,1231.0137207508087
depth4_bal_MAMMAMAA,4,MAMMAMAA,4125,49500,1.8722348511219025,2.115199168523153,2.0967548166002548,0.2845953002610966,0.18276762402088773,0.21344669426110302,1.0,0.0003,1.0,1239.2767355442047
depth4_bal_MAMMAMAA,4,MAMMAMAA,4150,49800,1.9396837949752808,2.0444294611612954,2.017532638141087,0.2519582245430809,0.21279373368146215,0.2199351157847634,1.0,0.0003,1.0,1247.4849462509155
depth4_bal_MAMMAMAA,4,MAMMAMAA,4175,50100,1.8455123007297516,2.1534384886423745,2.1571862629481724,0.287532637075718,0.20365535248041775,0.18816422418615059,1.0,0.0003,1.0,1255.6264340877533
depth4_bal_MAMMAMAA,4,MAMMAMAA,4200,50400,1.8532532056172688,1.9434263706207275,1.9698456866400582,0.2757832898172324,0.2545691906005222,0.23358317485177313,1.0,0.0003,1.0,1263.790043592453
depth4_bal_MAMMAMAA,4,MAMMAMAA,4225,50700,1.7014168401559193,1.8316060304641724,1.803787306376866,0.32963446475195823,0.2545691906005222,0.27531043740910616,1.0,0.0003,1.0,1271.7926478385925
depth4_bal_MAMMAMAA,4,MAMMAMAA,4250,51000,1.699225018421809,1.8732051849365234,1.8708144903182984,0.3358355091383812,0.2597911227154047,0.26099116232240743,1.0,0.0003,1.0,1279.988131761551
depth4_bal_MAMMAMAA,4,MAMMAMAA,4275,51300,1.71417436003685,1.7759353717168171,1.7856258698872158,0.3113577023498694,0.30678851174934724,0.280120818883544,1.0,0.0003,1.0,1288.117815732956
depth4_bal_MAMMAMAA,4,MAMMAMAA,4300,51600,1.582995742559433,1.6967791716257732,1.7074252162660872,0.379242819843342,0.3563968668407311,0.31849200134243205,1.0,0.0003,1.0,1296.3905522823334
depth4_bal_MAMMAMAA,4,MAMMAMAA,4325,51900,1.6010152598222096,1.7569231192270915,1.703053835460118,0.36096605744125326,0.283289817232376,0.3040608569191185,1.0,0.0003,1.0,1304.326423883438
depth4_bal_MAMMAMAA,4,MAMMAMAA,4350,52200,1.6697851419448853,1.8482081492741902,1.7883648123059954,0.31494778067885115,0.2545691906005222,0.2672558451728381,1.0,0.0003,1.0,1312.4505524635315
depth4_bal_MAMMAMAA,4,MAMMAMAA,4375,52500,2.006297141313553,2.13094154993693,2.070962497166225,0.24281984334203655,0.1762402088772846,0.19901554983778946,1.0,0.0003,1.0,1320.6073608398438
depth4_bal_MAMMAMAA,4,MAMMAMAA,4400,52800,1.7214664220809937,1.7454417943954468,1.7216478722436088,0.31462140992167104,0.30678851174934724,0.301040384830518,1.0,0.0003,1.0,1327.499746799469
depth4_bal_MAMMAMAA,4,MAMMAMAA,4425,53100,1.6908668378988903,1.8077409664789836,1.799094820022583,0.31005221932114885,0.26109660574412535,0.26859827721221613,1.0,0.0003,1.0,1331.0856647491455
depth4_bal_MAMMAMAA,4,MAMMAMAA,4450,53400,1.582694133122762,1.8077242771784465,1.7709642035620554,0.35574412532637073,0.27023498694516973,0.2576350822239624,1.0,0.0003,1.0,1334.9402377605438
depth4_bal_MAMMAMAA,4,MAMMAMAA,4475,53700,1.5490448772907257,1.707384427388509,1.6737855093819753,0.3808746736292428,0.30548302872062666,0.3169258306298244,1.0,0.0003,1.0,1342.3597848415375
depth4_bal_MAMMAMAA,4,MAMMAMAA,4500,54000,1.533787767092387,1.648793617884318,1.6455259902136667,0.3834856396866841,0.3224543080939948,0.31815639333258755,1.0,0.0003,1.0,1346.4064841270447
depth4_bal_MAMMAMAA,4,MAMMAMAA,4525,54300,1.659320443868637,1.7967253128687541,1.772514135496957,0.33191906005221933,0.2859007832898172,0.2725137039937353,1.0,0.0003,1.0,1349.5473206043243
depth4_bal_MAMMAMAA,4,MAMMAMAA,4550,54600,1.5617634852727253,1.673790176709493,1.659137773513794,0.364556135770235,0.31201044386422977,0.3133460118581497,1.0,0.0003,1.0,1352.5984902381897
depth4_bal_MAMMAMAA,4,MAMMAMAA,4575,54900,1.5288959840933483,1.684017578760783,1.6836606877190725,0.3629242819843342,0.3133159268929504,0.31983443338181006,1.0,0.0003,1.0,1355.6497366428375
depth4_bal_MAMMAMAA,4,MAMMAMAA,4600,55200,1.6595866481463115,1.797748287518819,1.8049888270241874,0.32734986945169714,0.23759791122715404,0.2641235037476228,1.0,0.0003,1.0,1359.7055034637451
depth4_bal_MAMMAMAA,4,MAMMAMAA,4625,55500,1.5159721275170643,1.557391881942749,1.563887538228716,0.370757180156658,0.34986945169712796,0.3369504418838796,1.0,0.0003,1.0,1362.746422290802
depth4_bal_MAMMAMAA,4,MAMMAMAA,4650,55800,1.4726393421490986,1.6324376662572224,1.6154967955180577,0.4024151436031332,0.3368146214099217,0.3290077189842264,1.0,0.0003,1.0,1365.7969181537628
depth4_bal_MAMMAMAA,4,MAMMAMAA,4675,56100,1.4742514590422313,1.587032437324524,1.5748924664088657,0.39327676240208875,0.3472584856396867,0.3511578476339635,1.0,0.0003,1.0,1373.263798713684
depth4_bal_MAMMAMAA,4,MAMMAMAA,4700,56400,1.4517691433429718,1.6958943208058674,1.6791007825306483,0.41024804177545693,0.29112271540469975,0.3011522541671328,1.0,0.0003,1.0,1380.5164630413055
depth4_bal_MAMMAMAA,4,MAMMAMAA,4725,56700,1.5547523895899455,1.6504964431126912,1.6380181448800224,0.38022193211488253,0.3289817232375979,0.33929969795279113,1.0,0.0003,1.0,1388.5642459392548
depth4_bal_MAMMAMAA,4,MAMMAMAA,4750,57000,1.4914407233397167,1.6317001183827717,1.63066189629691,0.38838120104438645,0.3263707571801567,0.3286721109743819,1.0,0.0003,1.0,1396.1993124485016
depth4_bal_MAMMAMAA,4,MAMMAMAA,4775,57300,1.5691667099793751,1.678438385327657,1.6799692937305994,0.3456266318537859,0.31070496083550914,0.3170376999664392,1.0,0.0003,1.0,1404.4784126281738
depth4_bal_MAMMAMAA,4,MAMMAMAA,4800,57600,1.5872271955013275,1.8952910502751668,1.8766866888318743,0.3577023498694517,0.2506527415143603,0.2659134131334601,1.0,0.0003,1.0,1411.8367021083832
depth4_bal_MAMMAMAA,4,MAMMAMAA,4825,57900,1.5691215594609578,1.7129493554433186,1.7040117944989885,0.360313315926893,0.2859007832898172,0.28851101912965654,1.0,0.0003,1.0,1419.9552073478699
depth4_bal_MAMMAMAA,4,MAMMAMAA,4850,58200,1.375141590833664,1.5812751452128093,1.570552328654698,0.43048302872062666,0.34073107049608353,0.35059850095088935,1.0,0.0003,1.0,1428.1573505401611
depth4_bal_MAMMAMAA,4,MAMMAMAA,4875,58500,1.4030903975168865,1.5528307755788167,1.5421654905591693,0.4200391644908616,0.34986945169712796,0.3616735652757579,1.0,0.0003,1.0,1436.3330755233765
depth4_bal_MAMMAMAA,4,MAMMAMAA,4900,58800,1.6011851330598195,1.6766649881998699,1.6664060149874007,0.3629242819843342,0.2924281984334204,0.3226311667971809,1.0,0.0003,1.0,1444.5290167331696
depth4_bal_MAMMAMAA,4,MAMMAMAA,4925,59100,1.39714311559995,1.5576371749242146,1.5367535897663662,0.4343994778067885,0.35509138381201044,0.36089047991945405,1.0,0.0003,1.0,1452.7570593357086
depth4_bal_MAMMAMAA,4,MAMMAMAA,4950,59400,1.461697926123937,1.641342560450236,1.6318425144468034,0.38740208877284593,0.30548302872062666,0.3177089159861282,1.0,0.0003,1.0,1460.8875451087952
depth4_bal_MAMMAMAA,4,MAMMAMAA,4975,59700,1.4099657535552979,1.580366889635722,1.5859406573431833,0.42297650130548303,0.34464751958224543,0.33941156728940597,1.0,0.0003,1.0,1468.498484134674
depth4_bal_MAMMAMAA,4,MAMMAMAA,5000,60000,1.4526572823524475,1.6285841067632039,1.6060428653444563,0.3975195822454308,0.2885117493472585,0.3245329455196331,1.0,0.0003,1.0,1476.6748042106628
depth4_bal_MAMMAMAA,4,MAMMAMAA,5025,60300,1.319112499554952,1.5364778836568196,1.5068341834204537,0.4575718015665796,0.3537859007832898,0.3557444904351717,1.0,0.0003,1.0,1484.8605451583862
depth4_bal_MAMMAMAA,4,MAMMAMAA,5050,60600,1.4243682424227397,1.5868116617202759,1.556632821900504,0.4046997389033943,0.3381201044386423,0.33974717529925047,1.0,0.0003,1.0,1493.1132843494415
depth4_bal_MAMMAMAA,4,MAMMAMAA,5075,60900,1.43095463514328,1.5892593463261921,1.5889263459614344,0.4105744125326371,0.3342036553524804,0.3431032553976955,1.0,0.0003,1.0,1501.2577118873596
depth4_bal_MAMMAMAA,4,MAMMAMAA,5100,61200,1.3666510780652363,1.591885765393575,1.5761575835091728,0.4324412532637076,0.31462140992167104,0.3183801320058172,1.0,0.0003,1.0,1509.2783982753754
depth4_bal_MAMMAMAA,4,MAMMAMAA,5125,61500,1.3240390717983246,1.53012482325236,1.5060207537242345,0.4585509138381201,0.34986945169712796,0.36189730394898756,1.0,0.0003,1.0,1517.4807257652283
depth4_bal_MAMMAMAA,4,MAMMAMAA,5150,61800,1.3563664555549622,1.5191142161687214,1.51924843447549,0.44157963446475196,0.360313315926893,0.36860946414587764,1.0,0.0003,1.0,1526.7788290977478
depth4_bal_MAMMAMAA,4,MAMMAMAA,5175,62100,1.3083089391390483,1.4429977337519329,1.46567964553833,0.4578981723237598,0.4164490861618799,0.3982548383488086,1.0,0.0003,1.0,1536.0173847675323
depth4_bal_MAMMAMAA,4,MAMMAMAA,5200,62400,1.4718408683935802,1.6461699803670247,1.6302366324833462,0.40339425587467365,0.2859007832898172,0.30752880635417834,1.0,0.0003,1.0,1543.2627012729645
depth4_bal_MAMMAMAA,4,MAMMAMAA,5225,62700,1.4055580695470173,1.5347286860148113,1.535585059438433,0.42265013054830286,0.3642297650130548,0.35887683186038705,1.0,0.0003,1.0,1551.4305984973907
depth4_bal_MAMMAMAA,4,MAMMAMAA,5250,63000,1.3043620387713115,1.5238503217697144,1.5021395921707152,0.4765013054830287,0.3629242819843342,0.36648394675019574,1.0,0.0003,1.0,1559.7035069465637
depth4_bal_MAMMAMAA,4,MAMMAMAA,5275,63300,1.4644603828589122,1.7480812072753906,1.7718560900006974,0.4024151436031332,0.2689295039164491,0.27061192527128314,1.0,0.0003,1.0,1567.8987884521484
depth4_bal_MAMMAMAA,4,MAMMAMAA,5300,63600,1.3688179850578308,1.603672981262207,1.5832632201058523,0.4441906005221932,0.3524804177545692,0.35753439982100904,1.0,0.0003,1.0,1576.0855391025543
depth4_bal_MAMMAMAA,4,MAMMAMAA,5325,63900,1.3165071209271748,1.5492444038391113,1.5213694776807511,0.4572454308093995,0.37467362924281983,0.3616735652757579,1.0,0.0003,1.0,1584.281527519226
depth4_bal_MAMMAMAA,4,MAMMAMAA,5350,64200,1.426545649766922,1.6740430196126301,1.6539735657828194,0.42297650130548303,0.31201044386422977,0.3087593690569415,1.0,0.0003,1.0,1592.5359461307526
depth4_bal_MAMMAMAA,4,MAMMAMAA,5375,64500,1.331717203060786,1.698276122411092,1.686570760181972,0.4487597911227154,0.2989556135770235,0.3094305850766305,1.0,0.0003,1.0,1601.4452362060547
depth4_bal_MAMMAMAA,4,MAMMAMAA,5400,64800,1.375936398903529,1.5353347857793171,1.5126963104520526,0.44451697127937334,0.34464751958224543,0.3464593354961405,1.0,0.0003,1.0,1610.464973449707
depth4_bal_MAMMAMAA,4,MAMMAMAA,5425,65100,1.3030627767244976,1.4872103532155354,1.4874921458108084,0.4676892950391645,0.3642297650130548,0.3681619867994183,1.0,0.0003,1.0,1618.3885910511017
depth4_bal_MAMMAMAA,4,MAMMAMAA,5450,65400,1.3180406987667084,1.5726567109425862,1.5315009934561594,0.44451697127937334,0.35509138381201044,0.3537308423761047,1.0,0.0003,1.0,1627.032011270523
depth4_bal_MAMMAMAA,4,MAMMAMAA,5475,65700,1.3493471642335255,1.5538204511006672,1.5369641099657332,0.4487597911227154,0.34464751958224543,0.3452287727933773,1.0,0.0003,1.0,1635.103460073471
depth4_bal_MAMMAMAA,4,MAMMAMAA,5500,66000,1.542721043030421,1.658153812090556,1.63872093132564,0.3629242819843342,0.2963446475195822,0.3079762837006377,1.0,0.0003,1.0,1643.1738381385803
depth4_bal_MAMMAMAA,4,MAMMAMAA,5525,66300,1.2771509786446889,1.4933194319407146,1.4903019598552159,0.47845953002610964,0.3681462140992167,0.35328336502964536,1.0,0.0003,1.0,1651.5399386882782
depth4_bal_MAMMAMAA,4,MAMMAMAA,5550,66600,1.3813190460205078,1.5202024777730305,1.531258113043649,0.4278720626631854,0.3263707571801567,0.3362792258641906,1.0,0.0003,1.0,1659.7992780208588
depth4_bal_MAMMAMAA,4,MAMMAMAA,5575,66900,1.2454351385434468,1.5089256763458252,1.5188310214451382,0.4830287206266319,0.34986945169712796,0.34925606891151134,1.0,0.0003,1.0,1667.8774774074554
depth4_bal_MAMMAMAA,4,MAMMAMAA,5600,67200,1.3352927267551422,1.540971279144287,1.5230280910219465,0.4706266318537859,0.3681462140992167,0.369728157512026,1.0,0.0003,1.0,1675.9528331756592
depth4_bal_MAMMAMAA,4,MAMMAMAA,5625,67500,1.4428957601388295,1.6533873081207275,1.6261534179959978,0.39719321148825065,0.31462140992167104,0.33202819107282694,1.0,0.0003,1.0,1684.0858507156372
depth4_bal_MAMMAMAA,4,MAMMAMAA,5650,67800,1.4202565948168437,1.619723121325175,1.6203940425600325,0.4112271540469974,0.31201044386422977,0.3060745049781855,1.0,0.0003,1.0,1691.9729280471802
depth4_bal_MAMMAMAA,4,MAMMAMAA,5675,68100,1.3254881501197815,1.5875099102656047,1.5628802674157278,0.4471279373368146,0.33159268929503916,0.3375097885669538,1.0,0.0003,1.0,1700.164484500885
depth4_bal_MAMMAMAA,4,MAMMAMAA,5700,68400,1.480126788218816,1.6523438692092896,1.6262823138918197,0.3936031331592689,0.28720626631853785,0.3060745049781855,1.0,0.0003,1.0,1708.1520693302155
depth4_bal_MAMMAMAA,4,MAMMAMAA,5725,68700,1.4506088296572368,1.8264447450637817,1.823734222139631,0.4118798955613577,0.2885117493472585,0.27329678935003915,1.0,0.0003,1.0,1715.5072329044342
depth4_bal_MAMMAMAA,4,MAMMAMAA,5750,69000,1.3297509749730427,1.6209896008173625,1.6206911836351667,0.45071801566579633,0.293733681462141,0.30752880635417834,1.0,0.0003,1.0,1723.647582769394
depth4_bal_MAMMAMAA,4,MAMMAMAA,5775,69300,1.4904443522294362,1.5876400073369343,1.6037637165614538,0.39556135770234985,0.31592689295039167,0.32173621210426223,1.0,0.0003,1.0,1731.8821499347687
depth4_bal_MAMMAMAA,4,MAMMAMAA,5800,69600,1.359786182641983,1.6904308001200359,1.719822825704302,0.44092689295039167,0.32114882506527415,0.29376887795055373,1.0,0.0003,1.0,1740.2118737697601
depth4_bal_MAMMAMAA,4,MAMMAMAA,5825,69900,1.3758921126524608,1.559147040049235,1.5845513003213065,0.4412532637075718,0.34595300261096606,0.3412014766752433,1.0,0.0003,1.0,1748.3947937488556
depth4_bal_MAMMAMAA,4,MAMMAMAA,5850,70200,1.2357318699359894,1.5506502787272136,1.5157535110201155,0.5003263707571801,0.34856396866840733,0.3636872133348249,1.0,0.0003,1.0,1756.2574384212494
depth4_bal_MAMMAMAA,4,MAMMAMAA,5875,70500,1.434341420729955,1.6717525323232014,1.642681918825422,0.4073107049608355,0.27154046997389036,0.30853563038371185,1.0,0.0003,1.0,1762.3566200733185
depth4_bal_MAMMAMAA,4,MAMMAMAA,5900,70800,1.2597949504852295,1.566267768541972,1.5564879179000854,0.4924934725848564,0.33159268929503916,0.33974717529925047,1.0,0.0003,1.0,1765.5623099803925
depth4_bal_MAMMAMAA,4,MAMMAMAA,5925,71100,1.2948459287484486,1.5352719227472942,1.5331897020339966,0.4742167101827676,0.34073107049608353,0.34366260208076965,1.0,0.0003,1.0,1768.6514701843262
depth4_bal_MAMMAMAA,4,MAMMAMAA,5950,71400,1.3622266550858815,1.6765172481536865,1.6643318210329328,0.4402741514360313,0.28720626631853785,0.3083118917104822,1.0,0.0003,1.0,1771.7354500293732
depth4_bal_MAMMAMAA,4,MAMMAMAA,5975,71700,1.3153604964415233,1.5540573199590046,1.5224311998912265,0.4683420365535248,0.34856396866840733,0.3630159973151359,1.0,0.0003,1.0,1774.8117349147797
depth4_bal_MAMMAMAA,4,MAMMAMAA,6000,72000,1.3087626993656158,1.484717567761739,1.5286294051579066,0.46899477806788514,0.370757180156658,0.3579818771674684,1.0,0.0003,1.0,1778.4268617630005
depth4_bal_MAMMAMAA,4,MAMMAMAA,6025,72300,1.2948839962482452,1.708098570505778,1.7068514857973371,0.48466057441253263,0.27023498694516973,0.2993623447812954,1.0,0.0003,1.0,1786.8674023151398
depth4_bal_MAMMAMAA,4,MAMMAMAA,6050,72600,1.2532989084720612,1.5449600617090862,1.560482883453369,0.4765013054830287,0.34203655352480417,0.34589998881306633,1.0,0.0003,1.0,1795.8788905143738
depth4_bal_MAMMAMAA,4,MAMMAMAA,6075,72900,1.3024318913618724,1.6529902219772339,1.5916174513953072,0.4706266318537859,0.30809399477806787,0.31480031323414254,1.0,0.0003,1.0,1804.8807322978973
depth4_bal_MAMMAMAA,4,MAMMAMAA,6100,73200,1.229260891675949,1.6955230633417766,1.6815805741718837,0.5026109660574413,0.31070496083550914,0.32251929746056607,1.0,0.0003,1.0,1813.8911018371582
depth4_bal_MAMMAMAA,4,MAMMAMAA,6125,73500,1.2164779206116993,1.5289692878723145,1.5323999643325805,0.5088120104438643,0.3289817232375979,0.34791363687213334,1.0,0.0003,1.0,1822.5858855247498
depth4_bal_MAMMAMAA,4,MAMMAMAA,6150,73800,1.2907806932926178,1.606515645980835,1.5465985911233084,0.46866840731070497,0.34856396866840733,0.3573106611477794,1.0,0.0003,1.0,1830.8049461841583
depth4_bal_MAMMAMAA,4,MAMMAMAA,6175,74100,1.2666430373986561,1.52122966448466,1.5293748821531024,0.4660574412532637,0.3668407310704961,0.35753439982100904,1.0,0.0003,1.0,1839.0112149715424
depth4_bal_MAMMAMAA,4,MAMMAMAA,6200,74400,1.2233260373274486,1.4951918919881184,1.4881428139550346,0.4911879895561358,0.34986945169712796,0.35462579706902336,1.0,0.0003,1.0,1847.2145340442657
depth4_bal_MAMMAMAA,4,MAMMAMAA,6225,74700,1.25095268090566,1.5596302350362141,1.5454921483993531,0.47715404699738906,0.3342036553524804,0.34657120483275533,1.0,0.0003,1.0,1855.0121154785156
depth4_bal_MAMMAMAA,4,MAMMAMAA,6250,75000,1.2630631923675537,1.5460705359776814,1.504655122756958,0.4915143603133159,0.2950391644908616,0.3554088824253272,1.0,0.0003,1.0,1864.1891531944275
depth4_bal_MAMMAMAA,4,MAMMAMAA,6275,75300,1.2739454607168834,1.699833909670512,1.6655538082122803,0.47389033942558745,0.30548302872062666,0.31647835328336504,1.0,0.0003,1.0,1873.5890667438507
depth4_bal_MAMMAMAA,4,MAMMAMAA,6300,75600,1.4503383934497833,1.6261273225148518,1.6366211720875332,0.41024804177545693,0.304177545691906,0.3196106947085804,1.0,0.0003,1.0,1881.837554216385
depth4_bal_MAMMAMAA,4,MAMMAMAA,6325,75900,1.2718340754508972,1.5407385031382244,1.5953169788633075,0.47943864229765015,0.3577023498694517,0.3525002796733415,1.0,0.0003,1.0,1890.3461408615112
depth4_bal_MAMMAMAA,4,MAMMAMAA,6350,76200,1.2794098953406017,1.7015329996744792,1.7371174437659127,0.46573107049608353,0.3433420365535248,0.2892941044859604,1.0,0.0003,1.0,1898.3075535297394
depth4_bal_MAMMAMAA,4,MAMMAMAA,6375,76500,1.3914897640546162,1.5445980628331502,1.5604074648448398,0.4471279373368146,0.3433420365535248,0.3359436178543461,1.0,0.0003,1.0,1906.860261440277
depth4_bal_MAMMAMAA,4,MAMMAMAA,6400,76800,1.2703684568405151,1.5414457718531291,1.52066547530038,0.4725848563968668,0.35117493472584854,0.3626803893052914,1.0,0.0003,1.0,1916.0299742221832
depth4_bal_MAMMAMAA,4,MAMMAMAA,6425,77100,1.3775171041488647,1.58246906598409,1.608582956450326,0.4314621409921671,0.34856396866840733,0.3285602416377671,1.0,0.0003,1.0,1924.9412648677826
depth4_bal_MAMMAMAA,4,MAMMAMAA,6450,77400,1.255996823310852,1.549813985824585,1.552747470991952,0.4918407310704961,0.3368146214099217,0.3451169034567625,1.0,0.0003,1.0,1933.27938246727
depth4_bal_MAMMAMAA,4,MAMMAMAA,6475,77700,1.264298141002655,1.6130624612172444,1.6293565716062273,0.48237597911227154,0.3198433420365535,0.3199463027184249,1.0,0.0003,1.0,1941.514086484909
depth4_bal_MAMMAMAA,4,MAMMAMAA,6500,78000,1.2524971266587575,1.7351813713709514,1.7233832733971732,0.4856396866840731,0.2650130548302872,0.2996979527911399,1.0,0.0003,1.0,1949.732747077942
depth4_bal_MAMMAMAA,4,MAMMAMAA,6525,78300,1.3274438480536144,1.6091037193934123,1.6306956086839948,0.4425587467362924,0.3381201044386423,0.3245329455196331,1.0,0.0003,1.0,1957.8911468982697
depth4_bal_MAMMAMAA,4,MAMMAMAA,6550,78600,1.2078470786412556,1.5023106336593628,1.4964187043053763,0.5078328981723238,0.3825065274151436,0.37465040832307867,1.0,0.0003,1.0,1966.2073149681091
depth4_bal_MAMMAMAA,4,MAMMAMAA,6575,78900,1.336797297000885,1.8711916605631511,1.7930834429604667,0.4526762402088773,0.26240208877284593,0.29320953126747956,1.0,0.0003,1.0,1974.9907314777374
depth4_bal_MAMMAMAA,4,MAMMAMAA,6600,79200,1.221105953057607,1.492487112681071,1.508898605619158,0.49510443864229764,0.39556135770234985,0.35787000783085354,1.0,0.0003,1.0,1984.1786568164825
depth4_bal_MAMMAMAA,4,MAMMAMAA,6625,79500,1.2085217436154683,1.5880887111028035,1.5731462819235666,0.5110966057441253,0.34464751958224543,0.3530596263564157,1.0,0.0003,1.0,1992.9124052524567
depth4_bal_MAMMAMAA,4,MAMMAMAA,6650,79800,1.1740316947301228,1.4817393620808919,1.478999618121556,0.5238250652741514,0.3537859007832898,0.37453853898646383,1.0,0.0003,1.0,2000.7473735809326
depth4_bal_MAMMAMAA,4,MAMMAMAA,6675,80100,1.2076059480508168,1.5321826934814453,1.5336758920124598,0.5058746736292428,0.35117493472584854,0.353507103702875,1.0,0.0003,1.0,2008.743885755539
depth4_bal_MAMMAMAA,4,MAMMAMAA,6700,80400,1.4739599029223125,1.7865552107493083,1.7463168995721,0.39099216710182766,0.2898172323759791,0.29477570198008723,1.0,0.0003,1.0,2016.7791104316711
depth4_bal_MAMMAMAA,4,MAMMAMAA,6725,80700,1.220950573682785,1.631731390953064,1.589048055240086,0.5101174934725848,0.2963446475195822,0.3381810045866428,1.0,0.0003,1.0,2025.4090311527252
depth4_bal_MAMMAMAA,4,MAMMAMAA,6750,81000,1.2467162410418193,1.5171530644098918,1.5378222737993512,0.49216710182767626,0.360313315926893,0.3547376664056382,1.0,0.0003,1.0,2033.1942019462585
depth4_bal_MAMMAMAA,4,MAMMAMAA,6775,81300,1.2886065344015758,1.5806992053985596,1.572101174082075,0.47486945169712796,0.34464751958224543,0.349479807584741,1.0,0.0003,1.0,2041.3817574977875
depth4_bal_MAMMAMAA,4,MAMMAMAA,6800,81600,1.2345316509405773,1.5770485401153564,1.5483943258013044,0.49673629242819844,0.31462140992167104,0.34892046090166684,1.0,0.0003,1.0,2049.586481332779
depth4_bal_MAMMAMAA,4,MAMMAMAA,6825,81900,1.1660318970680237,1.5652303298314412,1.5536103248596191,0.5094647519582245,0.34464751958224543,0.3518290636536525,1.0,0.0003,1.0,2057.911761045456
depth4_bal_MAMMAMAA,4,MAMMAMAA,6850,82200,1.3357397417227428,1.588189999262492,1.5783491679600308,0.44157963446475196,0.3302872062663185,0.32811276429130776,1.0,0.0003,1.0,2066.0483860969543
depth4_bal_MAMMAMAA,4,MAMMAMAA,6875,82500,1.2194021741549175,1.483739177385966,1.4787829501288279,0.4983681462140992,0.34073107049608353,0.36894507215572214,1.0,0.0003,1.0,2074.138644695282
depth4_bal_MAMMAMAA,4,MAMMAMAA,6900,82800,1.2035889824231465,1.469492793083191,1.4828717878886633,0.5176240208877284,0.39556135770234985,0.379125181787672,1.0,0.0003,1.0,2082.2870359420776
depth4_bal_MAMMAMAA,4,MAMMAMAA,6925,83100,1.1826198796431224,1.552985946337382,1.5106420925685338,0.5182767624020888,0.3302872062663185,0.36122608792929856,1.0,0.0003,1.0,2090.5523562431335
depth4_bal_MAMMAMAA,4,MAMMAMAA,6950,83400,1.419698973496755,1.586543321609497,1.590357712336949,0.4239556135770235,0.3133159268929504,0.31983443338181006,1.0,0.0003,1.0,2098.7220487594604
depth4_bal_MAMMAMAA,4,MAMMAMAA,6975,83700,1.253487120072047,1.6152105728785198,1.5625804356166295,0.4810704960835509,0.31592689295039167,0.34992728493120034,1.0,0.0003,1.0,2106.8261404037476
depth4_bal_MAMMAMAA,4,MAMMAMAA,7000,84000,1.2955058415730794,1.528248945871989,1.492253749711173,0.4575718015665796,0.33550913838120106,0.36413469068128423,1.0,0.0003,1.0,2115.0496797561646
depth4_bal_MAMMAMAA,4,MAMMAMAA,7025,84300,1.144155929485957,1.4721519549687703,1.5043456009456089,0.5326370757180157,0.38511749347258484,0.3671551627698848,1.0,0.0003,1.0,2123.505972146988
depth4_bal_MAMMAMAA,4,MAMMAMAA,7050,84600,1.2495937446753185,1.4752276341120403,1.4790555953979492,0.48204960835509136,0.38903394255874674,0.38225752321288736,1.0,0.0003,1.0,2131.707736968994
depth4_bal_MAMMAMAA,4,MAMMAMAA,7075,84900,1.2922587990760803,1.506261150042216,1.523419724191938,0.46703655352480417,0.360313315926893,0.35518514375209753,1.0,0.0003,1.0,2139.9036178588867
depth4_bal_MAMMAMAA,4,MAMMAMAA,7100,85200,1.2115273078282673,1.4996557235717773,1.5054434878485543,0.5039164490861618,0.36945169712793735,0.3630159973151359,1.0,0.0003,1.0,2148.223539352417
depth4_bal_MAMMAMAA,4,MAMMAMAA,7125,85500,1.1799872120221455,1.4529069264729817,1.4609719855444772,0.516644908616188,0.3681462140992167,0.38225752321288736,1.0,0.0003,1.0,2156.4369184970856
depth4_bal_MAMMAMAA,4,MAMMAMAA,7150,85800,1.139914760986964,1.4871930281321208,1.4818392481122697,0.5345953002610966,0.381201044386423,0.3754334936793825,1.0,0.0003,1.0,2163.57147192955
depth4_bal_MAMMAMAA,4,MAMMAMAA,7175,86100,1.210171788930893,1.5531702041625977,1.5727268218994142,0.5022845953002611,0.34856396866840733,0.35361897303948986,1.0,0.0003,1.0,2172.746796607971
depth4_bal_MAMMAMAA,4,MAMMAMAA,7200,86400,1.1971238255500793,1.4806392590204875,1.4974508592060634,0.5032637075718016,0.39033942558746737,0.37062311220494465,1.0,0.0003,1.0,2182.154977083206
depth4_bal_MAMMAMAA,4,MAMMAMAA,7225,86700,1.3028329809506733,1.7233654260635376,1.6973886319569178,0.4640992167101828,0.304177545691906,0.30126412350374765,1.0,0.0003,1.0,2190.614090681076
depth4_bal_MAMMAMAA,4,MAMMAMAA,7250,87000,1.1829127967357635,1.5648066600163777,1.5544446945190429,0.5137075718015666,0.3668407310704961,0.3444456874370735,1.0,0.0003,1.0,2198.6735808849335
depth4_bal_MAMMAMAA,4,MAMMAMAA,7275,87300,1.2496676246325176,1.499390721321106,1.517315639768328,0.49510443864229764,0.3681462140992167,0.35619196778163104,1.0,0.0003,1.0,2206.8885657787323
depth4_bal_MAMMAMAA,4,MAMMAMAA,7300,87600,1.1876966953277588,1.553051511446635,1.5477214302335467,0.5189295039164491,0.3524804177545692,0.3636872133348249,1.0,0.0003,1.0,2214.628333568573
depth4_bal_MAMMAMAA,4,MAMMAMAA,7325,87900,1.199064056078593,1.5741629997889202,1.565928397859846,0.5045691906005222,0.3185378590078329,0.34500503412014766,1.0,0.0003,1.0,2222.5422933101654
depth4_bal_MAMMAMAA,4,MAMMAMAA,7350,88200,1.181664953629176,1.5038340489069622,1.4907119035720826,0.508485639686684,0.36161879895561355,0.3707349815415595,1.0,0.0003,1.0,2230.5557923316956
depth4_bal_MAMMAMAA,4,MAMMAMAA,7375,88500,1.1593719720840454,1.5440899928410847,1.508742492539542,0.5143603133159269,0.3642297650130548,0.36726703210649964,1.0,0.0003,1.0,2238.764872789383
depth4_bal_MAMMAMAA,4,MAMMAMAA,7400,88800,1.2571157614390056,1.5713144938151042,1.5958130598068236,0.4699738903394256,0.30809399477806787,0.33202819107282694,1.0,0.0003,1.0,2246.7783505916595
depth4_bal_MAMMAMAA,4,MAMMAMAA,7425,89100,1.1042997141679127,1.4722024997075398,1.4226054872785296,0.5466710182767625,0.3668407310704961,0.39053585412238506,1.0,0.0003,1.0,2254.92316031456
depth4_bal_MAMMAMAA,4,MAMMAMAA,7450,89400,1.1197441915671031,1.5307059685389202,1.528129254068647,0.537532637075718,0.3524804177545692,0.3720774135809375,1.0,0.0003,1.0,2263.117667198181
depth4_bal_MAMMAMAA,4,MAMMAMAA,7475,89700,1.3027276595433552,1.734543244043986,1.7074015344892228,0.46279373368146215,0.2793733681462141,0.30462020360219266,1.0,0.0003,1.0,2271.0158231258392
depth4_bal_MAMMAMAA,4,MAMMAMAA,7500,90000,1.1345260441303253,1.52033535639445,1.4929001195090157,0.5241514360313316,0.35509138381201044,0.3630159973151359,1.0,0.0003,1.0,2279.2052721977234
depth4_bal_MAMMAMAA,4,MAMMAMAA,7525,90300,1.2779259979724884,1.5609009265899658,1.58694486618042,0.47160574412532635,0.3342036553524804,0.33236379908267144,1.0,0.0003,1.0,2287.4509105682373
depth4_bal_MAMMAMAA,4,MAMMAMAA,7550,90600,1.1468394597371419,1.5597057342529297,1.5273530755724225,0.5195822454308094,0.3537859007832898,0.35496140507886786,1.0,0.0003,1.0,2295.668637275696
depth4_bal_MAMMAMAA,4,MAMMAMAA,7575,90900,1.1157594621181488,1.5875018040339153,1.5510612794331142,0.5443864229765013,0.36553524804177545,0.3604430025729947,1.0,0.0003,1.0,2303.9290363788605
depth4_bal_MAMMAMAA,4,MAMMAMAA,7600,91200,1.1093105971813202,1.560468037923177,1.5619065080370222,0.5352480417754569,0.3524804177545692,0.3688332028191073,1.0,0.0003,1.0,2312.3574919700623
depth4_bal_MAMMAMAA,4,MAMMAMAA,7625,91500,1.1134101649125416,1.5370864868164062,1.481811669894627,0.5339425587467362,0.3772845953002611,0.372413021590782,1.0,0.0003,1.0,2321.326151371002
depth4_bal_MAMMAMAA,4,MAMMAMAA,7650,91800,1.124271720647812,1.4567385117212932,1.4679351397923062,0.5473237597911227,0.37989556135770236,0.39210202483499274,1.0,0.0003,1.0,2329.768492460251
depth4_bal_MAMMAMAA,4,MAMMAMAA,7675,92100,1.3384580512841542,1.6185023784637451,1.5549908944538662,0.45006527415143605,0.29765013054830286,0.3290077189842264,1.0,0.0003,1.0,2338.4384701251984
depth4_bal_MAMMAMAA,4,MAMMAMAA,7700,92400,1.1196780900160472,1.4455695152282715,1.4454391649791172,0.5434073107049608,0.3981723237597911,0.38091509117350936,1.0,0.0003,1.0,2346.647481441498
depth4_bal_MAMMAMAA,4,MAMMAMAA,7725,92700,1.2249601284662883,1.5652484099070232,1.5956988913672312,0.4856396866840731,0.32114882506527415,0.3238617294999441,1.0,0.0003,1.0,2354.8355610370636
depth4_bal_MAMMAMAA,4,MAMMAMAA,7750,93000,1.1900177001953125,1.6381651163101196,1.5879224368504115,0.5016318537859008,0.30809399477806787,0.3424320393780065,1.0,0.0003,1.0,2363.174096107483
depth4_bal_MAMMAMAA,4,MAMMAMAA,7775,93300,1.1355848908424377,1.6023996671040852,1.5338903665542603,0.5349216710182768,0.35117493472584854,0.36323973598836556,1.0,0.0003,1.0,2371.718592643738
depth4_bal_MAMMAMAA,4,MAMMAMAA,7800,93600,1.1116344134012859,1.4415806929270427,1.4341540609087262,0.549934725848564,0.40600522193211486,0.3943394115672894,1.0,0.0003,1.0,2379.6620819568634
depth4_bal_MAMMAMAA,4,MAMMAMAA,7825,93900,1.1066337823867798,1.4590301116307576,1.4571387495313373,0.54177545691906,0.3825065274151436,0.3810269605101242,1.0,0.0003,1.0,2387.8558220863342
depth4_bal_MAMMAMAA,4,MAMMAMAA,7850,94200,1.1866824527581532,1.498591661453247,1.491610268184117,0.5199086161879896,0.36553524804177545,0.3633516053249804,1.0,0.0003,1.0,2396.119277715683
depth4_bal_MAMMAMAA,4,MAMMAMAA,7875,94500,1.0877779324849446,1.4984527826309204,1.5051022733960833,0.5502610966057441,0.39556135770234985,0.3849423872916434,1.0,0.0003,1.0,2404.584056854248
depth4_bal_MAMMAMAA,4,MAMMAMAA,7900,94800,1.2878564695517223,1.7004223664601643,1.6890074014663696,0.47323759791122716,0.31592689295039167,0.300369168810829,1.0,0.0003,1.0,2413.319924354553
depth4_bal_MAMMAMAA,4,MAMMAMAA,7925,95100,1.1515114307403564,1.5864895979563396,1.536447514806475,0.5182767624020888,0.35900783289817234,0.3554088824253272,1.0,0.0003,1.0,2421.5126333236694
depth4_bal_MAMMAMAA,4,MAMMAMAA,7950,95400,1.3965684672196705,1.6829395294189453,1.6242601667131698,0.43505221932114885,0.3133159268929504,0.3283365029645374,1.0,0.0003,1.0,2429.203062057495
depth4_bal_MAMMAMAA,4,MAMMAMAA,7975,95700,1.1428190370400746,1.500189741452535,1.5000374794006348,0.5234986945169713,0.3577023498694517,0.3599955252265354,1.0,0.0003,1.0,2437.376365661621
depth4_bal_MAMMAMAA,4,MAMMAMAA,8000,96000,1.1289548377195995,1.5156116485595703,1.5177080256598336,0.5303524804177546,0.34986945169712796,0.3557444904351717,1.0,0.0003,1.0,2445.0930864810944
depth4_bal_MAMMAMAA,4,MAMMAMAA,8025,96300,1.221227079629898,1.7494256893793743,1.745399740764073,0.5,0.31462140992167104,0.3069694596711042,1.0,0.0003,1.0,2452.1039247512817
depth4_bal_MAMMAMAA,4,MAMMAMAA,8050,96600,1.1114984353383381,1.6049389441808064,1.6068288939339774,0.5404699738903395,0.3537859007832898,0.33672670321064996,1.0,0.0003,1.0,2460.1519904136658
depth4_bal_MAMMAMAA,4,MAMMAMAA,8075,96900,1.1299115419387817,1.4800382455190022,1.4807644265038626,0.5336161879895561,0.37989556135770236,0.38046761382705,1.0,0.0003,1.0,2468.300929784775
depth4_bal_MAMMAMAA,4,MAMMAMAA,8100,97200,1.1279332439104717,1.5119798978169758,1.4837573834827968,0.5372062663185379,0.37467362924281983,0.36928068016556664,1.0,0.0003,1.0,2476.2186925411224
depth4_bal_MAMMAMAA,4,MAMMAMAA,8125,97500,1.0795638809601467,1.5091642538706462,1.4691901888166154,0.556135770234987,0.40600522193211486,0.3946750195771339,1.0,0.0003,1.0,2484.492672920227
depth4_bal_MAMMAMAA,4,MAMMAMAA,8150,97800,1.2615304191907246,1.6603225072224934,1.6506031376974923,0.4745430809399478,0.2898172323759791,0.3008166461572883,1.0,0.0003,1.0,2492.348254442215
depth4_bal_MAMMAMAA,4,MAMMAMAA,8175,98100,1.1677618821461995,1.6194466749827068,1.5910791567393712,0.5140339425587467,0.34073107049608353,0.34668307416937016,1.0,0.0003,1.0,2500.4912736415863
depth4_bal_MAMMAMAA,4,MAMMAMAA,8200,98400,1.08029043674469,1.4178884029388428,1.4209813935416085,0.5515665796344648,0.4151436031331593,0.4056382145653876,1.0,0.0003,1.0,2508.393589258194
depth4_bal_MAMMAMAA,4,MAMMAMAA,8225,98700,1.1202766994635265,1.4851469198862712,1.4610190595899308,0.535574412532637,0.35509138381201044,0.3774471417384495,1.0,0.0003,1.0,2516.7193899154663
depth4_bal_MAMMAMAA,4,MAMMAMAA,8250,99000,1.0633890430132549,1.5042129755020142,1.4903206314359392,0.5600522193211488,0.3733681462140992,0.3781183577581385,1.0,0.0003,1.0,2524.9122126102448
depth4_bal_MAMMAMAA,4,MAMMAMAA,8275,99300,1.0908263623714447,1.57672913869222,1.5714596373694283,0.5489556135770235,0.34464751958224543,0.3324756684192863,1.0,0.0003,1.0,2532.7812938690186
depth4_bal_MAMMAMAA,4,MAMMAMAA,8300,99600,1.1927727560202281,1.7730518976847331,1.7197335243225098,0.5218668407310705,0.28720626631853785,0.3121154491553865,1.0,0.0003,1.0,2540.941981315613
depth4_bal_MAMMAMAA,4,MAMMAMAA,8325,99900,1.1053828001022339,1.5332828362782795,1.51198707648686,0.5421018276762402,0.36553524804177545,0.375769101689227,1.0,0.0003,1.0,2549.177665233612
depth4_bal_MAMMAMAA,4,MAMMAMAA,8350,100200,1.1166403591632843,1.6089566946029663,1.550105037008013,0.5339425587467362,0.33550913838120106,0.34925606891151134,1.0,0.0003,1.0,2557.384069919586
depth4_bal_MAMMAMAA,4,MAMMAMAA,8375,100500,1.028418759504954,1.5224124590555828,1.5036915642874582,0.5828981723237598,0.36945169712793735,0.35887683186038705,1.0,0.0003,1.0,2565.5974521636963
depth4_bal_MAMMAMAA,4,MAMMAMAA,8400,100800,1.1027857859929402,1.467591643333435,1.4669760499681745,0.5290469973890339,0.3577023498694517,0.37688779505537534,1.0,0.0003,1.0,2573.8081617355347
depth4_bal_MAMMAMAA,4,MAMMAMAA,8425,101100,1.0666140566269557,1.4368825356165569,1.4672284841537475,0.5718015665796344,0.391644908616188,0.38046761382705,1.0,0.0003,1.0,2582.090341567993
depth4_bal_MAMMAMAA,4,MAMMAMAA,8450,101400,1.0373155325651169,1.404198169708252,1.4255951779229301,0.5760443864229765,0.402088772845953,0.3940038035574449,1.0,0.0003,1.0,2590.2991302013397
depth4_bal_MAMMAMAA,4,MAMMAMAA,8475,101700,0.9971828659375509,1.4009289344151814,1.3934975521905082,0.6015013054830287,0.43994778067885115,0.40698064660476563,1.0,0.0003,1.0,2598.5201864242554
depth4_bal_MAMMAMAA,4,MAMMAMAA,8500,102000,1.0242427289485931,1.5233311255772908,1.4971202850341796,0.5780026109660574,0.36945169712793735,0.3599955252265354,1.0,0.0003,1.0,2606.5935554504395
depth4_bal_MAMMAMAA,4,MAMMAMAA,8525,102300,1.134757121404012,1.4926937421162922,1.501655329976763,0.5303524804177546,0.3825065274151436,0.3761047096990715,1.0,0.0003,1.0,2614.888894557953
depth4_bal_MAMMAMAA,4,MAMMAMAA,8550,102600,1.2043883005777996,1.5632068713506062,1.5049555131367274,0.5045691906005222,0.35509138381201044,0.35652757579147554,1.0,0.0003,1.0,2623.1244082450867
depth4_bal_MAMMAMAA,4,MAMMAMAA,8575,102900,1.1456981003284454,1.529572606086731,1.522588869503566,0.5189295039164491,0.38903394255874674,0.36581273073050674,1.0,0.0003,1.0,2631.3099598884583
depth4_bal_MAMMAMAA,4,MAMMAMAA,8600,103200,1.0107160707314808,1.544468641281128,1.5162403311048236,0.5933420365535248,0.370757180156658,0.3630159973151359,1.0,0.0003,1.0,2639.4788570404053
depth4_bal_MAMMAMAA,4,MAMMAMAA,8625,103500,1.0682892700036366,1.455269416173299,1.439835728917803,0.5639686684073107,0.39425587467362927,0.39075959279561473,1.0,0.0003,1.0,2647.671724319458
depth4_bal_MAMMAMAA,4,MAMMAMAA,8650,103800,1.0629444072643917,1.4359592994054158,1.4339356865201678,0.5620104438642297,0.391644908616188,0.40116344110079427,1.0,0.0003,1.0,2655.860718011856
depth4_bal_MAMMAMAA,4,MAMMAMAA,8675,104100,1.0703808963298798,1.4555716117223103,1.4247947488512311,0.5574412532637075,0.3785900783289817,0.3894171607562367,1.0,0.0003,1.0,2663.9723002910614
depth4_bal_MAMMAMAA,4,MAMMAMAA,8700,104400,1.1057012130816777,1.7144492467244465,1.640063350541251,0.5476501305483029,0.3276762402088773,0.3356080098445016,1.0,0.0003,1.0,2671.97665143013
depth4_bal_MAMMAMAA,4,MAMMAMAA,8725,104700,1.040007198850314,1.4511500994364421,1.453641871043614,0.5753916449086162,0.41383812010443866,0.40071596375433494,1.0,0.0003,1.0,2680.171851873398
depth4_bal_MAMMAMAA,4,MAMMAMAA,8750,105000,1.035209983587265,1.560801347096761,1.5359629086085729,0.5799608355091384,0.3381201044386423,0.3674907707797293,1.0,0.0003,1.0,2688.3208813667297
depth4_bal_MAMMAMAA,4,MAMMAMAA,8775,105300,1.0833022246758144,1.5213073094685872,1.5412818670272828,0.5447127937336814,0.35509138381201044,0.3674907707797293,1.0,0.0003,1.0,2696.6344027519226
depth4_bal_MAMMAMAA,4,MAMMAMAA,8800,105600,1.0195861061414082,1.4561967452367146,1.4180677243641444,0.5806135770234987,0.36553524804177545,0.3938919342208301,1.0,0.0003,1.0,2704.4710037708282
depth4_bal_MAMMAMAA,4,MAMMAMAA,8825,105900,1.0196076432863872,1.4160780509312947,1.3923766613006592,0.5734334203655352,0.39425587467362927,0.40899429466383264,1.0,0.0003,1.0,2712.3904988765717
depth4_bal_MAMMAMAA,4,MAMMAMAA,8850,106200,1.0606610476970673,1.4638235569000244,1.4307131665093558,0.5652741514360313,0.3981723237597911,0.39154267815191857,1.0,0.0003,1.0,2720.0221066474915
depth4_bal_MAMMAMAA,4,MAMMAMAA,8875,106500,1.0379329075415928,1.5946794748306274,1.608527479852949,0.5760443864229765,0.37597911227154046,0.34824924488197784,1.0,0.0003,1.0,2727.333473443985
depth4_bal_MAMMAMAA,4,MAMMAMAA,8900,106800,1.0961999148130417,1.6202414830525715,1.582392260006496,0.543733681462141,0.3328981723237598,0.34466942611030316,1.0,0.0003,1.0,2733.1038303375244
depth4_bal_MAMMAMAA,4,MAMMAMAA,8925,107100,1.0350887328386307,1.5778133074442546,1.563360847745623,0.577023498694517,0.35900783289817234,0.35518514375209753,1.0,0.0003,1.0,2741.3182995319366
depth4_bal_MAMMAMAA,4,MAMMAMAA,8950,107400,1.023327186703682,1.4643090168635051,1.513733376775469,0.5809399477806788,0.36553524804177545,0.37297236827385616,1.0,0.0003,1.0,2749.4919469356537
depth4_bal_MAMMAMAA,4,MAMMAMAA,8975,107700,1.0799751778443654,1.4610791206359863,1.4357122012547083,0.5535248041775457,0.39425587467362927,0.39982100906141627,1.0,0.0003,1.0,2757.774533510208
depth4_bal_MAMMAMAA,4,MAMMAMAA,9000,108000,1.0569019118944805,1.5141313870747883,1.4734177998134068,0.5607049608355091,0.3733681462140992,0.3830406085691912,1.0,0.0003,1.0,2765.9646537303925
depth4_bal_MAMMAMAA,4,MAMMAMAA,9025,108300,1.1053500672181447,1.6403794685999553,1.614489449773516,0.5385117493472585,0.33550913838120106,0.33404183913189395,1.0,0.0003,1.0,2770.299674510956
depth4_bal_MAMMAMAA,4,MAMMAMAA,9050,108600,1.065801242987315,1.4992773532867432,1.4571806737354824,0.5642950391644909,0.39033942558746737,0.3884103367267032,1.0,0.0003,1.0,2777.222258090973
depth4_bal_MAMMAMAA,4,MAMMAMAA,9075,108900,1.0361871073643367,1.4986530145009358,1.4616696630205428,0.568864229765013,0.3577023498694517,0.37890144311444235,1.0,0.0003,1.0,2786.5087144374847
depth4_bal_MAMMAMAA,4,MAMMAMAA,9100,109200,1.0694808661937714,1.774567723274231,1.721826069695609,0.5411227154046997,0.29765013054830286,0.32442107618301824,1.0,0.0003,1.0,2790.6371145248413
depth4_bal_MAMMAMAA,4,MAMMAMAA,9125,109500,1.1581366161505382,1.5217272837956746,1.5628141573497227,0.5248041775456919,0.36161879895561355,0.33907595927956147,1.0,0.0003,1.0,2793.675969839096
depth4_bal_MAMMAMAA,4,MAMMAMAA,9150,109800,1.0576539933681488,1.5030452410380046,1.492651493208749,0.5642950391644909,0.3577023498694517,0.37453853898646383,1.0,0.0003,1.0,2796.8290362358093
depth4_bal_MAMMAMAA,4,MAMMAMAA,9175,110100,1.1164599309364955,1.599419077237447,1.5822919164385114,0.5411227154046997,0.34073107049608353,0.35451392773240853,1.0,0.0003,1.0,2802.31293964386
depth4_bal_MAMMAMAA,4,MAMMAMAA,9200,110400,1.0111165046691895,1.4867457548777263,1.421722844668797,0.5796344647519582,0.3968668407310705,0.4051907372189283,1.0,0.0003,1.0,2810.756090402603
depth4_bal_MAMMAMAA,4,MAMMAMAA,9225,110700,0.9824935545523962,1.5002434253692627,1.5203224965504238,0.6047650130548303,0.3772845953002611,0.37655218704553084,1.0,0.0003,1.0,2819.5574865341187
depth4_bal_MAMMAMAA,4,MAMMAMAA,9250,111000,0.993206133445104,1.4736591180165608,1.4267206566674369,0.6008485639686684,0.3877284595300261,0.4016109184472536,1.0,0.0003,1.0,2828.737284421921
depth4_bal_MAMMAMAA,4,MAMMAMAA,9275,111300,1.0315693567196529,1.5971593062082927,1.4962145703179495,0.5672323759791122,0.31462140992167104,0.3684975948092628,1.0,0.0003,1.0,2836.7871193885803
depth4_bal_MAMMAMAA,4,MAMMAMAA,9300,111600,1.1367405354976654,1.6030359268188477,1.5986533028738839,0.5267624020887729,0.3433420365535248,0.33907595927956147,1.0,0.0003,1.0,2844.939429283142
depth4_bal_MAMMAMAA,4,MAMMAMAA,9325,111900,1.1226960470279057,1.6094637314478557,1.5474522965294975,0.5359007832898173,0.34464751958224543,0.35753439982100904,1.0,0.0003,1.0,2853.3825039863586
depth4_bal_MAMMAMAA,4,MAMMAMAA,9350,112200,0.9711863100528717,1.4700358311335247,1.4263609647750854,0.6034595300261096,0.39295039164490864,0.4078756012976843,1.0,0.0003,1.0,2861.947590112686
depth4_bal_MAMMAMAA,4,MAMMAMAA,9375,112500,1.055903782447179,1.5189450581868489,1.4875117233821324,0.5607049608355091,0.360313315926893,0.3906477234589999,1.0,0.0003,1.0,2869.4758174419403
depth4_bal_MAMMAMAA,4,MAMMAMAA,9400,112800,1.0021538486083348,1.4443671703338623,1.4526125362941198,0.5815926892950392,0.39556135770234985,0.3970242756460454,1.0,0.0003,1.0,2877.6753487586975
depth4_bal_MAMMAMAA,4,MAMMAMAA,9425,113100,1.1142856280008953,1.5756162007649739,1.5153017554964339,0.5381853785900783,0.3629242819843342,0.36614833874035124,1.0,0.0003,1.0,2883.150019645691
depth4_bal_MAMMAMAA,4,MAMMAMAA,9450,113400,1.0200797021389008,1.5960179567337036,1.5249766281672887,0.5793080939947781,0.33159268929503916,0.36547712272066224,1.0,0.0003,1.0,2889.88325381279
depth4_bal_MAMMAMAA,4,MAMMAMAA,9475,113700,1.045998473962148,1.5870793263117473,1.5927195821489606,0.5698433420365535,0.3224543080939948,0.35059850095088935,1.0,0.0003,1.0,2897.7896387577057
depth4_bal_MAMMAMAA,4,MAMMAMAA,9500,114000,1.018981049458186,1.5365485350290935,1.5632740327290127,0.5786553524804178,0.34856396866840733,0.3576462691576239,1.0,0.0003,1.0,2905.9573228359222
depth4_bal_MAMMAMAA,4,MAMMAMAA,9525,114300,0.9225903550783793,1.4532164335250854,1.4563939537320818,0.6282637075718016,0.4073107049608355,0.39914979304172726,1.0,0.0003,1.0,2914.1996779441833
depth4_bal_MAMMAMAA,4,MAMMAMAA,9550,114600,0.9647870014111201,1.5022455056508381,1.4870037487574985,0.610313315926893,0.36945169712793735,0.39075959279561473,1.0,0.0003,1.0,2922.3966579437256
depth4_bal_MAMMAMAA,4,MAMMAMAA,9575,114900,0.9535668243964514,1.506595492362976,1.469151040485927,0.6106396866840731,0.370757180156658,0.3982548383488086,1.0,0.0003,1.0,2930.5077521800995
depth4_bal_MAMMAMAA,4,MAMMAMAA,9600,115200,1.120304673910141,1.5672459999720256,1.5515656675611222,0.539490861618799,0.35900783289817234,0.369728157512026,1.0,0.0003,1.0,2938.6391541957855
depth4_bal_MAMMAMAA,4,MAMMAMAA,9625,115500,1.0020136088132858,1.5046743949254353,1.4962604420525687,0.585509138381201,0.3472584856396867,0.37431480031323416,1.0,0.0003,1.0,2946.9252569675446
depth4_bal_MAMMAMAA,4,MAMMAMAA,9650,115800,1.0357148796319962,1.557124098141988,1.4904339143208094,0.5757180156657964,0.3642297650130548,0.3833762165790357,1.0,0.0003,1.0,2953.8745069503784
depth4_bal_MAMMAMAA,4,MAMMAMAA,9675,116100,1.1291665534178417,1.6522209644317627,1.604553862980434,0.539490861618799,0.30548302872062666,0.32218368945072157,1.0,0.0003,1.0,2957.2738337516785
depth4_bal_MAMMAMAA,4,MAMMAMAA,9700,116400,1.047238513827324,1.5384106636047363,1.4999308007104055,0.5613577023498695,0.3563968668407311,0.3814744378565835,1.0,0.0003,1.0,2960.333386182785
depth4_bal_MAMMAMAA,4,MAMMAMAA,9725,116700,1.018455187479655,1.581538240114848,1.523377013206482,0.5910574412532638,0.3642297650130548,0.37375545363016,1.0,0.0003,1.0,2963.4781720638275
depth4_bal_MAMMAMAA,4,MAMMAMAA,9750,117000,0.9989773035049438,1.616037925084432,1.5970390251704625,0.581266318537859,0.3642297650130548,0.3606667412462244,1.0,0.0003,1.0,2966.520443677902
depth4_bal_MAMMAMAA,4,MAMMAMAA,9775,117300,1.0784910768270493,1.5718190272649128,1.579204205104283,0.5509138381201044,0.3772845953002611,0.36379908267143973,1.0,0.0003,1.0,2971.7472479343414
depth4_bal_MAMMAMAA,4,MAMMAMAA,9800,117600,0.9590549021959305,1.4802048603693645,1.4344365903309413,0.6067232375979112,0.412532637075718,0.40507886788231345,1.0,0.0003,1.0,2974.7931044101715
depth4_bal_MAMMAMAA,4,MAMMAMAA,9825,117900,1.1137634764115016,1.6128837664922078,1.5629119668688094,0.539490861618799,0.34595300261096606,0.3497035462579707,1.0,0.0003,1.0,2977.952100753784
depth4_bal_MAMMAMAA,4,MAMMAMAA,9850,118200,0.9650484571854273,1.4680897792180378,1.442911103793553,0.6011749347258486,0.37989556135770236,0.40105157176417944,1.0,0.0003,1.0,2981.0200600624084
depth4_bal_MAMMAMAA,4,MAMMAMAA,9875,118500,1.0028713643550873,1.5516128937403362,1.467790446962629,0.5904046997389034,0.3785900783289817,0.39680053697281575,1.0,0.0003,1.0,2984.0776405334473
depth4_bal_MAMMAMAA,4,MAMMAMAA,9900,118800,0.9240534752607346,1.6917806069056194,1.5997400454112463,0.6338120104438643,0.31462140992167104,0.346123727486296,1.0,0.0003,1.0,2988.6866538524628
depth4_bal_MAMMAMAA,4,MAMMAMAA,9925,119100,1.039569268623988,1.5308860143025715,1.5618267944880895,0.5691906005221932,0.35900783289817234,0.348808591565052,1.0,0.0003,1.0,2994.7942230701447
depth4_bal_MAMMAMAA,4,MAMMAMAA,9950,119400,1.0117310931285222,1.4871412515640259,1.4448681661060878,0.5799608355091384,0.370757180156658,0.3900883767759257,1.0,0.0003,1.0,2999.6991436481476
depth4_bal_MAMMAMAA,4,MAMMAMAA,9975,119700,0.9834002604087194,1.4848258097966511,1.467068202154977,0.5939947780678851,0.3537859007832898,0.3916545474885334,1.0,0.0003,1.0,3004.722923517227
depth4_bal_MAMMAMAA,4,MAMMAMAA,10000,120000,1.0265293717384338,1.6266398429870605,1.5789344991956438,0.5734334203655352,0.34595300261096606,0.3586530931871574,1.0,0.0003,1.0,3011.311848640442
depth4_bal_MAMMAMAA,4,MAMMAMAA,10025,120300,1.0442416369915009,1.5164560874303181,1.5255062750407629,0.5763707571801566,0.35900783289817234,0.37397919230338966,1.0,0.0003,1.0,3020.348767518997
depth4_bal_MAMMAMAA,4,MAMMAMAA,10050,120600,0.9573015520970026,1.5046120087305705,1.478062149456569,0.6204308093994778,0.40600522193211486,0.3933325875377559,1.0,0.0003,1.0,3028.8515949249268
depth4_bal_MAMMAMAA,4,MAMMAMAA,10075,120900,1.0160850634177525,1.50854496161143,1.4918438843318393,0.570822454308094,0.3785900783289817,0.3820337845396577,1.0,0.0003,1.0,3037.4569656848907
depth4_bal_MAMMAMAA,4,MAMMAMAA,10100,121200,1.0674148897329967,1.5792430241902669,1.5384859016963415,0.5620104438642297,0.35900783289817234,0.3650296453742029,1.0,0.0003,1.0,3046.754657268524
depth4_bal_MAMMAMAA,4,MAMMAMAA,10125,121500,1.1476181745529175,1.601708968480428,1.5646792037146433,0.543733681462141,0.3563968668407311,0.3596599172166909,1.0,0.0003,1.0,3055.9132759571075
depth4_bal_MAMMAMAA,4,MAMMAMAA,10150,121800,1.0175099273522694,1.493931730588277,1.4729322944368635,0.5815926892950392,0.37467362924281983,0.38919342208300706,1.0,0.0003,1.0,3065.1599180698395
depth4_bal_MAMMAMAA,4,MAMMAMAA,10175,122100,1.0254606703917186,1.4787715673446655,1.489238371167864,0.5731070496083551,0.36553524804177545,0.3671551627698848,1.0,0.0003,1.0,3074.5256571769714
depth4_bal_MAMMAMAA,4,MAMMAMAA,10200,122400,1.0260626475016277,1.571469783782959,1.5875772850854055,0.5809399477806788,0.34464751958224543,0.3510459782973487,1.0,0.0003,1.0,3082.4843106269836
depth4_bal_MAMMAMAA,4,MAMMAMAA,10225,122700,1.0065163572629292,1.5294148524602253,1.499528615815299,0.5926892950391645,0.3772845953002611,0.3766640563821457,1.0,0.0003,1.0,3091.6562774181366
depth4_bal_MAMMAMAA,4,MAMMAMAA,10250,123000,1.0546119213104248,1.5699930985768635,1.5334591014044625,0.5760443864229765,0.39556135770234985,0.35719879181116454,1.0,0.0003,1.0,3099.634724378586
depth4_bal_MAMMAMAA,4,MAMMAMAA,10275,123300,1.1470393737157185,1.574323256810506,1.5442045620509557,0.5300261096605744,0.34595300261096606,0.3611142185926837,1.0,0.0003,1.0,3107.9339756965637
depth4_bal_MAMMAMAA,4,MAMMAMAA,10300,123600,0.943904827038447,1.4582689603169758,1.43698467867715,0.6145561357702349,0.39295039164490864,0.40038035574449043,1.0,0.0003,1.0,3116.013575077057
depth4_bal_MAMMAMAA,4,MAMMAMAA,10325,123900,0.9496327936649323,1.4497668743133545,1.4153483390808106,0.6181462140992167,0.37597911227154046,0.40004474773464593,1.0,0.0003,1.0,3124.208611011505
depth4_bal_MAMMAMAA,4,MAMMAMAA,10350,124200,1.1255231002966564,1.6118907531102498,1.5674527679170882,0.5365535248041775,0.31462140992167104,0.3451169034567625,1.0,0.0003,1.0,3132.072546482086
depth4_bal_MAMMAMAA,4,MAMMAMAA,10375,124500,0.9697830677032471,1.5484569470087688,1.501353543145316,0.5966057441253264,0.3733681462140992,0.3850542566282582,1.0,0.0003,1.0,3140.5151381492615
depth4_bal_MAMMAMAA,4,MAMMAMAA,10400,124800,0.9677600463231405,1.5040133794148762,1.4798931564603532,0.6057441253263708,0.381201044386423,0.37923705112428685,1.0,0.0003,1.0,3149.37495303154
depth4_bal_MAMMAMAA,4,MAMMAMAA,10425,125100,0.9942918568849564,1.4922773440678914,1.478717463357108,0.5897519582245431,0.3825065274151436,0.3862848193310214,1.0,0.0003,1.0,3157.5407712459564
depth4_bal_MAMMAMAA,4,MAMMAMAA,10450,125400,1.0320725440979004,1.571117639541626,1.5660233667918615,0.5825718015665796,0.3472584856396867,0.3510459782973487,1.0,0.0003,1.0,3165.690898656845
depth4_bal_MAMMAMAA,4,MAMMAMAA,10475,125700,0.9801691273848215,1.529242992401123,1.5513826336179461,0.5972584856396866,0.35117493472584854,0.35462579706902336,1.0,0.0003,1.0,3173.858640909195
depth4_bal_MAMMAMAA,4,MAMMAMAA,10500,126000,1.1232346097628276,1.773035724957784,1.726457279069083,0.5456919060052219,0.2885117493472585,0.3123391878286162,1.0,0.0003,1.0,3182.070347070694
depth4_bal_MAMMAMAA,4,MAMMAMAA,10525,126300,1.0398723284403484,1.6481350660324097,1.6436935356685094,0.5780026109660574,0.35117493472584854,0.3398590446358653,1.0,0.0003,1.0,3190.282291650772
depth4_bal_MAMMAMAA,4,MAMMAMAA,10550,126600,1.1936140358448029,1.5529825290044148,1.537389019557408,0.5032637075718016,0.3668407310704961,0.36156169593914306,1.0,0.0003,1.0,3198.4205651283264
depth4_bal_MAMMAMAA,4,MAMMAMAA,10575,126900,0.9913031856218973,1.602283279101054,1.55108711038317,0.6005221932114883,0.3537859007832898,0.36290412797852106,1.0,0.0003,1.0,3206.663833141327
depth4_bal_MAMMAMAA,4,MAMMAMAA,10600,127200,0.970921645561854,1.4644793669382732,1.4981906958988735,0.6112924281984334,0.40600522193211486,0.3794607897975165,1.0,0.0003,1.0,3214.892141342163
depth4_bal_MAMMAMAA,4,MAMMAMAA,10625,127500,0.9556921819845835,1.5435764392217,1.4960002149854388,0.6132506527415144,0.3838120104438642,0.38717977402394005,1.0,0.0003,1.0,3224.140369653702
depth4_bal_MAMMAMAA,4,MAMMAMAA,10650,127800,1.0014735758304596,1.556687593460083,1.5369413988930838,0.6018276762402088,0.3433420365535248,0.37520975500615283,1.0,0.0003,1.0,3230.2057785987854
depth4_bal_MAMMAMAA,4,MAMMAMAA,10675,128100,0.9394628604253134,1.6059496800104778,1.5626809528895786,0.6070496083550914,0.360313315926893,0.3707349815415595,1.0,0.0003,1.0,3235.1242814064026
depth4_bal_MAMMAMAA,4,MAMMAMAA,10700,128400,1.0313715189695358,1.7130108674367268,1.6411471435001919,0.5747389033942559,0.304177545691906,0.3418726926949323,1.0,0.0003,1.0,3243.261573076248
depth4_bal_MAMMAMAA,4,MAMMAMAA,10725,128700,1.1475307246049244,1.5778015851974487,1.544418351990836,0.5277415143603134,0.3276762402088773,0.3544020583957937,1.0,0.0003,1.0,3246.4970140457153
depth4_bal_MAMMAMAA,4,MAMMAMAA,10750,129000,1.0065900286038716,1.5393062432607014,1.4919594730649675,0.5842036553524804,0.36553524804177545,0.3932207182011411,1.0,0.0003,1.0,3249.7163898944855
depth4_bal_MAMMAMAA,4,MAMMAMAA,10775,129300,1.0128731777270634,1.5715118249257405,1.548904459817069,0.5724543080939948,0.37467362924281983,0.3718536749077078,1.0,0.0003,1.0,3257.0434358119965
depth4_bal_MAMMAMAA,4,MAMMAMAA,10800,129600,0.9768292407194773,1.4936902125676472,1.4642044612339564,0.606396866840731,0.38642297650130547,0.3999328783980311,1.0,0.0003,1.0,3265.2218883037567
depth4_bal_MAMMAMAA,4,MAMMAMAA,10825,129900,0.9037794172763824,1.4590665102005005,1.457675654547555,0.6308746736292428,0.4112271540469974,0.4038483051795503,1.0,0.0003,1.0,3273.4452958106995
depth4_bal_MAMMAMAA,4,MAMMAMAA,10850,130200,1.0832370221614838,1.6196804443995159,1.5938268763678414,0.5456919060052219,0.35117493472584854,0.3486967222284372,1.0,0.0003,1.0,3281.715343236923
depth4_bal_MAMMAMAA,4,MAMMAMAA,10875,130500,0.9603901406129202,1.5225435098012288,1.4596842799867902,0.5988903394255874,0.38511749347258484,0.4039601745161651,1.0,0.0003,1.0,3289.523293733597
depth4_bal_MAMMAMAA,4,MAMMAMAA,10900,130800,0.9984997361898422,1.5711205403010051,1.5296464681625366,0.5796344647519582,0.3524804177545692,0.372413021590782,1.0,0.0003,1.0,3296.846229314804
depth4_bal_MAMMAMAA,4,MAMMAMAA,10925,131100,1.0111830830574036,1.6147584517796834,1.6006823437554496,0.5766971279373369,0.3668407310704961,0.3518290636536525,1.0,0.0003,1.0,3305.103198289871
depth4_bal_MAMMAMAA,4,MAMMAMAA,10950,131400,1.0703245451052983,1.5325798590977986,1.5365011760166714,0.5597258485639687,0.34986945169712796,0.3707349815415595,1.0,0.0003,1.0,3312.7179837226868
depth4_bal_MAMMAMAA,4,MAMMAMAA,10975,131700,0.9528055985768636,1.5187766949335735,1.47871173790523,0.6184725848563969,0.36553524804177545,0.38684416601409555,1.0,0.0003,1.0,3321.450101852417
depth4_bal_MAMMAMAA,4,MAMMAMAA,11000,132000,1.0115319391091664,1.5574901103973389,1.5558997562953405,0.585509138381201,0.36161879895561355,0.3769996643919902,1.0,0.0003,1.0,3330.629711866379
depth4_bal_MAMMAMAA,4,MAMMAMAA,11025,132300,1.0628468096256256,1.5365329186121623,1.502152967453003,0.5522193211488251,0.34986945169712796,0.3897527687660812,1.0,0.0003,1.0,3338.746144771576
depth4_bal_MAMMAMAA,4,MAMMAMAA,11050,132600,0.9811816265185674,1.6272326707839966,1.565125516482762,0.5920365535248042,0.360313315926893,0.36480590670097324,1.0,0.0003,1.0,3343.98082447052
depth4_bal_MAMMAMAA,4,MAMMAMAA,11075,132900,0.9544530908266703,1.7677812576293945,1.7831334556852068,0.6070496083550914,0.3198433420365535,0.3167020919565947,1.0,0.0003,1.0,3347.015145301819
depth4_bal_MAMMAMAA,4,MAMMAMAA,11100,133200,1.06918008128802,1.750363826751709,1.6642710413251605,0.5545039164490861,0.3263707571801567,0.33907595927956147,1.0,0.0003,1.0,3350.0884058475494
depth4_bal_MAMMAMAA,4,MAMMAMAA,11125,133500,1.0396119405825932,1.6306748787562053,1.5727640220097132,0.5669060052219321,0.31723237597911225,0.35630383711824587,1.0,0.0003,1.0,3355.030917406082
depth4_bal_MAMMAMAA,4,MAMMAMAA,11150,133800,1.0028756062189739,1.5525596936543782,1.500042826788766,0.5930156657963447,0.34986945169712796,0.38158630719319836,1.0,0.0003,1.0,3363.0066583156586
depth4_bal_MAMMAMAA,4,MAMMAMAA,11175,134100,1.1494334538777669,1.8429477214813232,1.8084854432514736,0.5234986945169713,0.27023498694516973,0.30394898758250366,1.0,0.0003,1.0,3371.0674800872803
depth4_bal_MAMMAMAA,4,MAMMAMAA,11200,134400,0.9824850857257843,1.6300953229268391,1.555705121585301,0.5900783289817232,0.3198433420365535,0.35596822910840137,1.0,0.0003,1.0,3380.123183488846
depth4_bal_MAMMAMAA,4,MAMMAMAA,11225,134700,0.9332298686107,1.469093918800354,1.4896733522415162,0.610313315926893,0.42297650130548303,0.39053585412238506,1.0,0.0003,1.0,3388.21360206604
depth4_bal_MAMMAMAA,4,MAMMAMAA,11250,135000,0.9298686881860098,1.5151235262552898,1.4441362857818603,0.6259791122715405,0.3772845953002611,0.40507886788231345,1.0,0.0003,1.0,3391.291084051132
depth4_bal_MAMMAMAA,4,MAMMAMAA,11275,135300,1.2700517773628235,1.6193944613138835,1.6389910425458636,0.49738903394255873,0.3342036553524804,0.3315807137263676,1.0,0.0003,1.0,3394.367352247238
depth4_bal_MAMMAMAA,4,MAMMAMAA,11300,135600,1.017178937792778,1.5741407871246338,1.550740511076791,0.5819190600522193,0.36161879895561355,0.3591005705336167,1.0,0.0003,1.0,3398.3794701099396
depth4_bal_MAMMAMAA,4,MAMMAMAA,11325,135900,0.9655676335096359,1.5341651439666748,1.4892574310302735,0.5988903394255874,0.402088772845953,0.39970913972480143,1.0,0.0003,1.0,3406.473580121994
depth4_bal_MAMMAMAA,4,MAMMAMAA,11350,136200,1.0101583003997803,1.5407580931981404,1.5034810066223145,0.5789817232375979,0.3981723237597911,0.37789461908490884,1.0,0.0003,1.0,3414.6855597496033
depth4_bal_MAMMAMAA,4,MAMMAMAA,11375,136500,0.9363337506850561,1.6177602211634319,1.5518402372087752,0.6191253263707572,0.3524804177545692,0.37397919230338966,1.0,0.0003,1.0,3422.8763954639435
depth4_bal_MAMMAMAA,4,MAMMAMAA,11400,136800,0.9461282740036646,1.495775580406189,1.4818542650767734,0.610313315926893,0.4046997389033943,0.3933325875377559,1.0,0.0003,1.0,3430.2676651477814
depth4_bal_MAMMAMAA,4,MAMMAMAA,11425,137100,0.9989326546589533,1.5653310616811116,1.519253100667681,0.5793080939947781,0.3302872062663185,0.370399373531715,1.0,0.0003,1.0,3438.1919860839844
depth4_bal_MAMMAMAA,4,MAMMAMAA,11450,137400,0.864391436179479,1.4498040676116943,1.4342295510428293,0.6533942558746736,0.41383812010443866,0.4117910280792035,1.0,0.0003,1.0,3446.3467421531677
depth4_bal_MAMMAMAA,4,MAMMAMAA,11475,137700,1.0321775674819946,1.5988215605417888,1.5692481756210328,0.581266318537859,0.33159268929503916,0.352164671663497,1.0,0.0003,1.0,3454.5323276519775
depth4_bal_MAMMAMAA,4,MAMMAMAA,11500,138000,0.8899419208367666,1.460486610730489,1.4219440596444266,0.6426240208877284,0.3981723237597911,0.416153932207182,1.0,0.0003,1.0,3462.853295326233
depth4_bal_MAMMAMAA,4,MAMMAMAA,11525,138300,0.9232604205608368,1.5787207285563152,1.5287027767726353,0.631201044386423,0.34986945169712796,0.3766640563821457,1.0,0.0003,1.0,3471.113600730896
depth4_bal_MAMMAMAA,4,MAMMAMAA,11550,138600,0.9067123333613077,1.492704709370931,1.4273086718150547,0.6439295039164491,0.4007832898172324,0.41469963083118916,1.0,0.0003,1.0,3477.7528223991394
depth4_bal_MAMMAMAA,4,MAMMAMAA,11575,138900,1.0411244730154674,1.509937047958374,1.4768606288092476,0.5620104438642297,0.3838120104438642,0.37532162434276767,1.0,0.0003,1.0,3485.020256996155
depth4_bal_MAMMAMAA,4,MAMMAMAA,11600,139200,0.891627217332522,1.466970165570577,1.4367355380739484,0.6325065274151436,0.4073107049608355,0.412126636089048,1.0,0.0003,1.0,3493.2090215682983
depth4_bal_MAMMAMAA,4,MAMMAMAA,11625,139500,0.9757535010576248,1.5134168863296509,1.4683969872338432,0.595626631853786,0.37467362924281983,0.39970913972480143,1.0,0.0003,1.0,3501.285353422165
depth4_bal_MAMMAMAA,4,MAMMAMAA,11650,139800,1.002660463253657,1.7442941268285115,1.7418181146894183,0.5949738903394256,0.29765013054830286,0.31122049446246786,1.0,0.0003,1.0,3509.3489134311676
depth4_bal_MAMMAMAA,4,MAMMAMAA,11675,140100,0.9186249027649561,1.4406155347824097,1.4249026196343557,0.6171671018276762,0.4086161879895561,0.42163552970130885,1.0,0.0003,1.0,3517.6756818294525
depth4_bal_MAMMAMAA,4,MAMMAMAA,11700,140400,1.021165872613589,1.6539210478464763,1.5888891526630946,0.5701697127937336,0.3577023498694517,0.3620091732856024,1.0,0.0003,1.0,3525.0065081119537
depth4_bal_MAMMAMAA,4,MAMMAMAA,11725,140700,1.0087814927101135,1.7057851155598958,1.6720433814185007,0.5966057441253264,0.304177545691906,0.3280008949546929,1.0,0.0003,1.0,3533.178091287613
depth4_bal_MAMMAMAA,4,MAMMAMAA,11750,141000,0.8755212525526682,1.5710879961649578,1.504945775440761,0.6488250652741514,0.34464751958224543,0.3833762165790357,1.0,0.0003,1.0,3541.358571767807
depth4_bal_MAMMAMAA,4,MAMMAMAA,11775,141300,1.0273037999868393,1.632331132888794,1.6001678398677281,0.5757180156657964,0.34073107049608353,0.36357534399821007,1.0,0.0003,1.0,3549.9925050735474
depth4_bal_MAMMAMAA,4,MAMMAMAA,11800,141600,1.0423599779605865,1.5901111761728923,1.5562702281134468,0.5724543080939948,0.35900783289817234,0.3671551627698848,1.0,0.0003,1.0,3558.9116129875183
depth4_bal_MAMMAMAA,4,MAMMAMAA,11825,141900,1.0862143437067668,1.7301620642344158,1.6922735827309745,0.5538511749347258,0.31462140992167104,0.31390535854122387,1.0,0.0003,1.0,3567.290924549103
depth4_bal_MAMMAMAA,4,MAMMAMAA,11850,142200,1.0132729162772496,1.5830698013305664,1.5367712463651384,0.5877937336814621,0.3785900783289817,0.37487414699630833,1.0,0.0003,1.0,3575.543678045273
depth4_bal_MAMMAMAA,4,MAMMAMAA,11875,142500,0.9981046269337336,1.574244499206543,1.570520373753139,0.5806135770234987,0.36553524804177545,0.3594361785434612,1.0,0.0003,1.0,3583.713431596756
depth4_bal_MAMMAMAA,4,MAMMAMAA,11900,142800,0.9862192769845327,1.7017165025075276,1.6763667140688214,0.5946475195822454,0.3381201044386423,0.3351605324980423,1.0,0.0003,1.0,3586.7760939598083
depth4_bal_MAMMAMAA,4,MAMMAMAA,11925,143100,0.920783335963885,1.5219945510228474,1.4868204253060477,0.6341383812010444,0.3785900783289817,0.39154267815191857,1.0,0.0003,1.0,3589.859722137451
depth4_bal_MAMMAMAA,4,MAMMAMAA,11950,143400,0.9632981022198995,1.557072401046753,1.5049267530441284,0.6139033942558747,0.37597911227154046,0.38281686989596153,1.0,0.0003,1.0,3593.0370588302612
depth4_bal_MAMMAMAA,4,MAMMAMAA,11975,143700,1.0078903536001842,1.6600796381632488,1.6177710158484322,0.5793080939947781,0.3328981723237598,0.3550732744154827,1.0,0.0003,1.0,3596.097851037979
depth4_bal_MAMMAMAA,4,MAMMAMAA,12000,144000,1.0426538387934368,1.535300612449646,1.5009207350867135,0.568864229765013,0.38903394255874674,0.38091509117350936,1.0,0.0003,1.0,3599.181406736374
depth4_bal_MAMMAMAA,4,MAMMAMAA,12025,144300,0.8607957661151886,1.5722065369288127,1.5411482879093714,0.6586161879895561,0.3681462140992167,0.370399373531715,1.0,0.0003,1.0,3607.4166824817657
depth4_bal_MAMMAMAA,4,MAMMAMAA,12050,144600,0.9147030512491862,1.6286463737487793,1.6163543598992485,0.625,0.34464751958224543,0.35787000783085354,1.0,0.0003,1.0,3615.495588541031
depth4_bal_MAMMAMAA,4,MAMMAMAA,12075,144900,0.9545180151859919,1.6197246710459392,1.571366582598005,0.6223890339425587,0.3642297650130548,0.37755901107506434,1.0,0.0003,1.0,3623.7856862545013
depth4_bal_MAMMAMAA,4,MAMMAMAA,12100,145200,0.8760276685158411,1.5226237773895264,1.4857008627482824,0.6563315926892951,0.37989556135770236,0.3973598836558899,1.0,0.0003,1.0,3631.875994682312
depth4_bal_MAMMAMAA,4,MAMMAMAA,12125,145500,1.053020790219307,1.597349484761556,1.5836291551589965,0.5574412532637075,0.37597911227154046,0.36514151471081774,1.0,0.0003,1.0,3639.615893125534
depth4_bal_MAMMAMAA,4,MAMMAMAA,12150,145800,1.0172797987858455,1.656644384066264,1.6621669564928327,0.5851827676240209,0.34464751958224543,0.3349367938248126,1.0,0.0003,1.0,3647.8925726413727
depth4_bal_MAMMAMAA,4,MAMMAMAA,12175,146100,0.8868782917658488,1.4919142325719197,1.4850625004087175,0.6318537859007833,0.3968668407310705,0.3960174516165119,1.0,0.0003,1.0,3656.0921955108643
depth4_bal_MAMMAMAA,4,MAMMAMAA,12200,146400,0.9280377974112829,1.5149364471435547,1.4636263132095337,0.6201044386422977,0.3785900783289817,0.4026177424767871,1.0,0.0003,1.0,3664.2632076740265
depth4_bal_MAMMAMAA,4,MAMMAMAA,12225,146700,0.9639356434345245,1.6798815727233887,1.6573118686676025,0.5959530026109661,0.3289817232375979,0.33773352724018346,1.0,0.0003,1.0,3672.575226545334
depth4_bal_MAMMAMAA,4,MAMMAMAA,12250,147000,0.971409946680069,1.604602058728536,1.5437113114765713,0.5966057441253264,0.3537859007832898,0.3705112428683298,1.0,0.0003,1.0,3679.5689430236816
depth4_bal_MAMMAMAA,4,MAMMAMAA,12275,147300,0.9526486049095789,1.5818010965983074,1.5538825035095214,0.6178198433420365,0.38511749347258484,0.3701756348584853,1.0,0.0003,1.0,3685.2678871154785
depth4_bal_MAMMAMAA,4,MAMMAMAA,12300,147600,0.9347668091456095,1.5882602135340373,1.5775236197880336,0.6174934725848564,0.38511749347258484,0.36491777603758807,1.0,0.0003,1.0,3693.480197429657
depth4_bal_MAMMAMAA,4,MAMMAMAA,12325,147900,1.0100356141726177,1.6697060664494832,1.6513430663517543,0.5936684073107049,0.3342036553524804,0.33169258306298244,1.0,0.0003,1.0,3697.1668124198914
depth4_bal_MAMMAMAA,4,MAMMAMAA,12350,148200,0.9600759893655777,1.5326065222422283,1.5480979987553187,0.6132506527415144,0.35900783289817234,0.3624566506320617,1.0,0.0003,1.0,3702.2706384658813
depth4_bal_MAMMAMAA,4,MAMMAMAA,12375,148500,0.9290614475806555,1.5105323791503906,1.5412776708602904,0.6184725848563969,0.39033942558746737,0.38158630719319836,1.0,0.0003,1.0,3710.4460616111755
depth4_bal_MAMMAMAA,4,MAMMAMAA,12400,148800,0.9994524518648783,1.6139825979868572,1.5738236154828753,0.591710182767624,0.34856396866840733,0.3674907707797293,1.0,0.0003,1.0,3718.6908452510834
depth4_bal_MAMMAMAA,4,MAMMAMAA,12425,149100,0.9467289497454962,1.628694732983907,1.565554210117885,0.6210835509138382,0.32506527415143605,0.3527240183465712,1.0,0.0003,1.0,3726.932478427887
depth4_bal_MAMMAMAA,4,MAMMAMAA,12450,149400,0.9540120015541712,1.6121645371119182,1.5803762333733695,0.6086814621409922,0.35117493472584854,0.36480590670097324,1.0,0.0003,1.0,3735.015525341034
depth4_bal_MAMMAMAA,4,MAMMAMAA,12475,149700,1.0418939242760341,1.68651282787323,1.636250444820949,0.5753916449086162,0.3302872062663185,0.34701868217921467,1.0,0.0003,1.0,3742.2577493190765
depth4_bal_MAMMAMAA,4,MAMMAMAA,12500,150000,0.8667832165956497,1.5300577878952026,1.5234528541564942,0.6491514360313316,0.36553524804177545,0.3900883767759257,1.0,0.0003,1.0,3751.1923139095306
depth4_bal_MAMMAMAA,4,MAMMAMAA,12525,150300,1.0811918328205745,1.6339407761891682,1.6269986254828317,0.558420365535248,0.3394255874673629,0.34097773800201364,1.0,0.0003,1.0,3760.5588676929474
depth4_bal_MAMMAMAA,4,MAMMAMAA,12550,150600,1.0025328000386555,1.5247575839360554,1.4918223755700248,0.589425587467363,0.3772845953002611,0.38785099004362905,1.0,0.0003,1.0,3769.727984905243
depth4_bal_MAMMAMAA,4,MAMMAMAA,12575,150900,0.9946411103010178,1.5392237106959026,1.5437452588762557,0.5966057441253264,0.38511749347258484,0.37465040832307867,1.0,0.0003,1.0,3775.23623585701
depth4_bal_MAMMAMAA,4,MAMMAMAA,12600,151200,0.9459398140509924,1.5922001997629802,1.5492135456630163,0.6044386422976501,0.36553524804177545,0.370399373531715,1.0,0.0003,1.0,3778.3930943012238
depth4_bal_MAMMAMAA,4,MAMMAMAA,12625,151500,0.9942290882269541,1.670872171719869,1.6559118236814225,0.5910574412532638,0.31723237597911225,0.3445575567736883,1.0,0.0003,1.0,3785.828775405884
depth4_bal_MAMMAMAA,4,MAMMAMAA,12650,151800,0.9843739122152328,1.5590638717015584,1.5443250690187726,0.6037859007832899,0.37597911227154046,0.3754334936793825,1.0,0.0003,1.0,3790.3059360980988
depth4_bal_MAMMAMAA,4,MAMMAMAA,12675,152100,1.0313484817743301,1.6126943826675415,1.580862011228289,0.5825718015665796,0.34464751958224543,0.35887683186038705,1.0,0.0003,1.0,3793.329986810684
depth4_bal_MAMMAMAA,4,MAMMAMAA,12700,152400,0.9587423851092657,1.5332407156626384,1.4906329836164203,0.6070496083550914,0.37467362924281983,0.3959055822798971,1.0,0.0003,1.0,3796.471841573715
depth4_bal_MAMMAMAA,4,MAMMAMAA,12725,152700,0.9461994618177414,1.60813573996226,1.5956423895699636,0.6178198433420365,0.3524804177545692,0.35563262109855687,1.0,0.0003,1.0,3799.501600265503
depth4_bal_MAMMAMAA,4,MAMMAMAA,12750,153000,0.9262023667494456,1.5870553255081177,1.5352428129741125,0.6298955613577023,0.37989556135770236,0.37599284036245667,1.0,0.0003,1.0,3802.5252990722656
depth4_bal_MAMMAMAA,4,MAMMAMAA,12775,153300,0.9157339334487915,1.5848310788472493,1.5349590369633266,0.6171671018276762,0.3733681462140992,0.38225752321288736,1.0,0.0003,1.0,3805.549161195755
depth4_bal_MAMMAMAA,4,MAMMAMAA,12800,153600,0.9378414203723272,1.5263102451960247,1.5215950454984393,0.6253263707571801,0.38642297650130547,0.3869560353507104,1.0,0.0003,1.0,3808.6923031806946
depth4_bal_MAMMAMAA,4,MAMMAMAA,12825,153900,0.9271576156218847,1.5558713277180989,1.5010985340390886,0.6230417754569191,0.3877284595300261,0.38919342208300706,1.0,0.0003,1.0,3811.718367099762
depth4_bal_MAMMAMAA,4,MAMMAMAA,12850,154200,0.8780940721432368,1.510942022005717,1.4391198566981724,0.6439295039164491,0.39556135770234985,0.41559458552410783,1.0,0.0003,1.0,3815.6260273456573
depth4_bal_MAMMAMAA,4,MAMMAMAA,12875,154500,0.897019217411677,1.5273654858271282,1.4976039069039482,0.6387075718015666,0.3772845953002611,0.3906477234589999,1.0,0.0003,1.0,3822.5791034698486
depth4_bal_MAMMAMAA,4,MAMMAMAA,12900,154800,0.8792603512605032,1.5913691918055217,1.5466623987470354,0.6432767624020888,0.3524804177545692,0.39109520080545923,1.0,0.0003,1.0,3830.368348121643
depth4_bal_MAMMAMAA,4,MAMMAMAA,12925,155100,0.9225033322970072,1.5394114255905151,1.5404603685651506,0.6263054830287206,0.3642297650130548,0.3586530931871574,1.0,0.0003,1.0,3838.3340022563934
depth4_bal_MAMMAMAA,4,MAMMAMAA,12950,155400,0.9007094353437424,1.5588831901550293,1.5220821074077062,0.6298955613577023,0.3681462140992167,0.37823022709475335,1.0,0.0003,1.0,3846.525846004486
depth4_bal_MAMMAMAA,4,MAMMAMAA,12975,155700,0.9775843669970831,1.6125303506851196,1.6154509578432357,0.6073759791122716,0.35900783289817234,0.36491777603758807,1.0,0.0003,1.0,3854.738530397415
depth4_bal_MAMMAMAA,4,MAMMAMAA,13000,156000,0.9780192822217941,1.5409081379572551,1.519935873576573,0.5953002610966057,0.37597911227154046,0.38393556326210987,1.0,0.0003,1.0,3862.9468700885773
depth4_bal_MAMMAMAA,4,MAMMAMAA,13025,156300,1.0247242947419484,1.5061668554941814,1.53253675869533,0.585509138381201,0.381201044386423,0.38225752321288736,1.0,0.0003,1.0,3871.183712244034
depth4_bal_MAMMAMAA,4,MAMMAMAA,13050,156600,1.0375904043515523,1.496268351872762,1.5189031600952148,0.5701697127937336,0.39033942558746737,0.3814744378565835,1.0,0.0003,1.0,3879.3692734241486
depth4_bal_MAMMAMAA,4,MAMMAMAA,13075,156900,0.8778324375549952,1.584951122601827,1.5726795264652798,0.637402088772846,0.3629242819843342,0.36156169593914306,1.0,0.0003,1.0,3886.909805059433
depth4_bal_MAMMAMAA,4,MAMMAMAA,13100,157200,1.0315258453289669,1.6683636903762817,1.639476660319737,0.577023498694517,0.3433420365535248,0.35563262109855687,1.0,0.0003,1.0,3895.058004617691
depth4_bal_MAMMAMAA,4,MAMMAMAA,13125,157500,0.9396633257468542,1.5734505256017048,1.5387444802692958,0.6223890339425587,0.38903394255874674,0.37062311220494465,1.0,0.0003,1.0,3902.726934671402
depth4_bal_MAMMAMAA,4,MAMMAMAA,13150,157800,1.0041772375504177,1.5589388608932495,1.5432938235146658,0.5851827676240209,0.370757180156658,0.3843830406085692,1.0,0.0003,1.0,3910.953487634659
depth4_bal_MAMMAMAA,4,MAMMAMAA,13175,158100,0.9607629130283991,1.6208802064259846,1.585730573109218,0.5998694516971279,0.34986945169712796,0.36323973598836556,1.0,0.0003,1.0,3919.622132062912
depth4_bal_MAMMAMAA,4,MAMMAMAA,13200,158400,0.9365694771210352,1.544419248898824,1.5145892007010324,0.6139033942558747,0.370757180156658,0.38885781407316256,1.0,0.0003,1.0,3928.523914337158
depth4_bal_MAMMAMAA,4,MAMMAMAA,13225,158700,0.8026448537906011,1.4450576305389404,1.419744862828936,0.6860313315926893,0.41906005221932113,0.41760823358317484,1.0,0.0003,1.0,3936.7301037311554
depth4_bal_MAMMAMAA,4,MAMMAMAA,13250,159000,0.835242415467898,1.6428346236546834,1.6287985256740025,0.6827676240208878,0.3642297650130548,0.35787000783085354,1.0,0.0003,1.0,3943.437795639038
depth4_bal_MAMMAMAA,4,MAMMAMAA,13275,159300,0.8739363551139832,1.4947134256362915,1.5147386823381697,0.6380548302872062,0.3968668407310705,0.3896408994294664,1.0,0.0003,1.0,3951.3384947776794
depth4_bal_MAMMAMAA,4,MAMMAMAA,13300,159600,1.0106775909662247,1.6144611438115437,1.6354864188602993,0.5809399477806788,0.35900783289817234,0.3435507327441548,1.0,0.0003,1.0,3959.4811866283417
depth4_bal_MAMMAMAA,4,MAMMAMAA,13325,159900,0.8580444951852163,1.549538493156433,1.5527553490230015,0.6628590078328982,0.39425587467362927,0.38393556326210987,1.0,0.0003,1.0,3967.558150291443
depth4_bal_MAMMAMAA,4,MAMMAMAA,13350,160200,0.9780500084161758,1.5153854688008626,1.4942194632121495,0.6086814621409922,0.3825065274151436,0.3995972703881866,1.0,0.0003,1.0,3975.919987678528
depth4_bal_MAMMAMAA,4,MAMMAMAA,13375,160500,0.9002353946367899,1.471123178799947,1.468097346169608,0.6308746736292428,0.39947780678851175,0.39870231569526793,1.0,0.0003,1.0,3984.134704351425
depth4_bal_MAMMAMAA,4,MAMMAMAA,13400,160800,1.0778371344010036,1.7421905199686687,1.7020782130105154,0.5656005221932114,0.30809399477806787,0.3206175187381139,1.0,0.0003,1.0,3989.9731652736664
depth4_bal_MAMMAMAA,4,MAMMAMAA,13425,161100,1.0599251886208851,1.5332099199295044,1.5352723360061646,0.556135770234987,0.3681462140992167,0.3671551627698848,1.0,0.0003,1.0,3993.0155074596405
depth4_bal_MAMMAMAA,4,MAMMAMAA,13450,161400,1.0588782578706741,1.5220113197962444,1.5156645740781511,0.5597258485639687,0.3733681462140992,0.378453965767983,1.0,0.0003,1.0,3996.18310046196
depth4_bal_MAMMAMAA,4,MAMMAMAA,13475,161700,0.9417942414681116,1.6198258797327678,1.5833414316177368,0.625,0.36161879895561355,0.36704329343326997,1.0,0.0003,1.0,3999.2387709617615
depth4_bal_MAMMAMAA,4,MAMMAMAA,13500,162000,0.8905923664569855,1.5836873451868694,1.5216518538338797,0.6282637075718016,0.3838120104438642,0.38919342208300706,1.0,0.0003,1.0,4002.3009972572327
depth4_bal_MAMMAMAA,4,MAMMAMAA,13525,162300,0.8434490710496902,1.5627638101577759,1.5178599425724575,0.6622062663185379,0.39556135770234985,0.3963530596263564,1.0,0.0003,1.0,4005.40998339653
depth4_bal_MAMMAMAA,4,MAMMAMAA,13550,162600,0.9328770488500595,1.5298022031784058,1.515045918737139,0.6246736292428199,0.39033942558746737,0.39053585412238506,1.0,0.0003,1.0,4008.567818880081
depth4_bal_MAMMAMAA,4,MAMMAMAA,13575,162900,0.958090752363205,1.472543438275655,1.4819372279303415,0.595626631853786,0.42036553524804177,0.4046313905358541,1.0,0.0003,1.0,4012.882783651352
depth4_bal_MAMMAMAA,4,MAMMAMAA,13600,163200,0.9667426099379858,1.7645318110783894,1.7660412209374563,0.6099869451697127,0.3002610966057441,0.303725248909274,1.0,0.0003,1.0,4015.9273357391357
depth4_bal_MAMMAMAA,4,MAMMAMAA,13625,163500,0.9028158138195673,1.590275804201762,1.5638179540634156,0.6289164490861618,0.3825065274151436,0.37420293097661933,1.0,0.0003,1.0,4021.223761320114
depth4_bal_MAMMAMAA,4,MAMMAMAA,13650,163800,0.9094329675038656,1.5869879722595215,1.5441237722124372,0.6295691906005222,0.3524804177545692,0.38057948316366486,1.0,0.0003,1.0,4029.458680152893
depth4_bal_MAMMAMAA,4,MAMMAMAA,13675,164100,0.917192538579305,1.5823512077331543,1.5731825760432652,0.6207571801566579,0.381201044386423,0.3790133124510572,1.0,0.0003,1.0,4037.6542913913727
depth4_bal_MAMMAMAA,4,MAMMAMAA,13700,164400,0.9340572108825048,1.5890793800354004,1.6011088405336653,0.6285900783289817,0.34073107049608353,0.36827385613603314,1.0,0.0003,1.0,4045.6415820121765
depth4_bal_MAMMAMAA,4,MAMMAMAA,13725,164700,0.9813433388868967,1.7513699531555176,1.7071544885635377,0.6015013054830287,0.31462140992167104,0.3329231457657456,1.0,0.0003,1.0,4054.151527404785
depth4_bal_MAMMAMAA,4,MAMMAMAA,13750,165000,0.8679919193188349,1.588030735651652,1.559740618297032,0.6524151436031331,0.3825065274151436,0.38359995525226537,1.0,0.0003,1.0,4062.5327603816986
depth4_bal_MAMMAMAA,4,MAMMAMAA,13775,165300,0.8971344232559204,1.5824742714564006,1.5414177077157156,0.6325065274151436,0.3838120104438642,0.37431480031323416,1.0,0.0003,1.0,4070.6413321495056
depth4_bal_MAMMAMAA,4,MAMMAMAA,13800,165600,0.9892217119534811,1.6122687657674153,1.5619981220790318,0.597911227154047,0.370757180156658,0.369728157512026,1.0,0.0003,1.0,4078.507901906967
depth4_bal_MAMMAMAA,4,MAMMAMAA,13825,165900,0.9476259847482046,1.467635154724121,1.4837235859462192,0.612597911227154,0.4073107049608355,0.39277324085468174,1.0,0.0003,1.0,4083.7986879348755
depth4_bal_MAMMAMAA,4,MAMMAMAA,13850,166200,0.8771193971236547,1.5609769423802693,1.5559198481695993,0.6537206266318538,0.35509138381201044,0.3823693925495022,1.0,0.0003,1.0,4087.888576030731
depth4_bal_MAMMAMAA,4,MAMMAMAA,13875,166500,0.8352101544539133,1.5907413164774578,1.5515571287700107,0.6703655352480418,0.35117493472584854,0.3786777044412127,1.0,0.0003,1.0,4093.6819298267365
depth4_bal_MAMMAMAA,4,MAMMAMAA,13900,166800,0.9310029794772466,1.546550710995992,1.5446910858154297,0.6174934725848564,0.3681462140992167,0.38281686989596153,1.0,0.0003,1.0,4101.588752985001
depth4_bal_MAMMAMAA,4,MAMMAMAA,13925,167100,0.9031969557205836,1.5607420206069946,1.5495097160339355,0.631201044386423,0.3785900783289817,0.374426669649849,1.0,0.0003,1.0,4105.75886797905
depth4_bal_MAMMAMAA,4,MAMMAMAA,13950,167400,0.9292468130588531,1.4592353105545044,1.458996319770813,0.625,0.40600522193211486,0.40004474773464593,1.0,0.0003,1.0,4108.791202306747
depth4_bal_MAMMAMAA,4,MAMMAMAA,13975,167700,0.8617261598507563,1.532931645711263,1.5243724857057843,0.6387075718015666,0.391644908616188,0.39310884886452624,1.0,0.0003,1.0,4111.821578025818
depth4_bal_MAMMAMAA,4,MAMMAMAA,14000,168000,0.9250011692444483,1.6751173734664917,1.646032656942095,0.6168407310704961,0.34203655352480417,0.3464593354961405,1.0,0.0003,1.0,4115.482402563095
depth4_bal_MAMMAMAA,4,MAMMAMAA,14025,168300,0.8619919866323471,1.7412017186482747,1.7068334102630616,0.6563315926892951,0.35117493472584854,0.342096431368162,1.0,0.0003,1.0,4122.819888830185
depth4_bal_MAMMAMAA,4,MAMMAMAA,14050,168600,0.9130761822064718,1.579858382542928,1.5154370614460537,0.6409921671018277,0.3681462140992167,0.3877391207070142,1.0,0.0003,1.0,4131.154272317886
depth4_bal_MAMMAMAA,4,MAMMAMAA,14075,168900,1.0564502427975337,1.7313805023829143,1.720515935761588,0.5740861618798956,0.30548302872062666,0.33079762837006377,1.0,0.0003,1.0,4140.483636379242
depth4_bal_MAMMAMAA,4,MAMMAMAA,14100,169200,0.914861187338829,1.6759892304738362,1.6294105802263532,0.6383812010443864,0.3681462140992167,0.37230115225416716,1.0,0.0003,1.0,4149.0218913555145
depth4_bal_MAMMAMAA,4,MAMMAMAA,14125,169500,0.9363466948270798,1.459137201309204,1.4790808234895978,0.6233681462140992,0.4046997389033943,0.4065331692583063,1.0,0.0003,1.0,4157.228886604309
depth4_bal_MAMMAMAA,4,MAMMAMAA,14150,169800,0.8449244697888693,1.5497583150863647,1.5198218039103917,0.6674281984334204,0.37597911227154046,0.39646492896297125,1.0,0.0003,1.0,4165.35405087471
depth4_bal_MAMMAMAA,4,MAMMAMAA,14175,170100,0.9449322323004404,1.5625022252400715,1.5333344084875924,0.6259791122715405,0.36945169712793735,0.3731961069470858,1.0,0.0003,1.0,4173.3629586696625
depth4_bal_MAMMAMAA,4,MAMMAMAA,14200,170400,1.0013211419185002,1.7151021162668865,1.7376339231218612,0.5868146214099217,0.3289817232375979,0.3169258306298244,1.0,0.0003,1.0,4181.964824676514
depth4_bal_MAMMAMAA,4,MAMMAMAA,14225,170700,0.8523955841859182,1.5688489278157551,1.495901812825884,0.6566579634464752,0.39033942558746737,0.4028414811500168,1.0,0.0003,1.0,4191.152794122696
depth4_bal_MAMMAMAA,4,MAMMAMAA,14250,171000,0.8486213435729345,1.5377263228098552,1.5164327348981586,0.6635117493472585,0.38903394255874674,0.3899765074393109,1.0,0.0003,1.0,4200.27011179924
depth4_bal_MAMMAMAA,4,MAMMAMAA,14275,171300,0.9480625092983246,1.6028001308441162,1.570693782397679,0.6116187989556136,0.3642297650130548,0.37856583510459785,1.0,0.0003,1.0,4209.448387145996
depth4_bal_MAMMAMAA,4,MAMMAMAA,14300,171600,1.012907197078069,1.711712121963501,1.6484316791806901,0.5897519582245431,0.34595300261096606,0.3503747622776597,1.0,0.0003,1.0,4218.120240211487
depth4_bal_MAMMAMAA,4,MAMMAMAA,14325,171900,0.9100869596004486,1.5219200452168782,1.499407696723938,0.6321801566579635,0.3877284595300261,0.38684416601409555,1.0,0.0003,1.0,4225.838641881943
depth4_bal_MAMMAMAA,4,MAMMAMAA,14350,172200,0.8421854128440222,1.5490094423294067,1.5139711686543056,0.6736292428198434,0.38642297650130547,0.3893052914196219,1.0,0.0003,1.0,4234.029533863068
depth4_bal_MAMMAMAA,4,MAMMAMAA,14375,172500,0.8898262480894724,1.6147405703862507,1.6041577441351755,0.6452349869451697,0.3537859007832898,0.38281686989596153,1.0,0.0003,1.0,4242.303400754929
depth4_bal_MAMMAMAA,4,MAMMAMAA,14400,172800,0.9709888398647308,1.5720913807551067,1.5481081179210119,0.608355091383812,0.37467362924281983,0.3800201364805907,1.0,0.0003,1.0,4250.445833206177
depth4_bal_MAMMAMAA,4,MAMMAMAA,14425,173100,0.8541564991076788,1.5006930828094482,1.494547769001552,0.643603133159269,0.412532637075718,0.40440765186262445,1.0,0.0003,1.0,4258.620461702347
depth4_bal_MAMMAMAA,4,MAMMAMAA,14450,173400,1.0226596643527348,1.6979968547821045,1.719334442274911,0.5776762402088773,0.3563968668407311,0.3275534176082336,1.0,0.0003,1.0,4266.802067041397
depth4_bal_MAMMAMAA,4,MAMMAMAA,14475,173700,0.787782629330953,1.440340240796407,1.4619280917303903,0.7085509138381201,0.4412532637075718,0.4237610470969907,1.0,0.0003,1.0,4275.113886117935
depth4_bal_MAMMAMAA,4,MAMMAMAA,14500,174000,0.7898253699143728,1.4932345549265544,1.5003306559153966,0.6997389033942559,0.402088772845953,0.40272961181340194,1.0,0.0003,1.0,4283.147731781006
depth4_bal_MAMMAMAA,4,MAMMAMAA,14525,174300,0.9788417667150497,1.600909431775411,1.5843859945024763,0.6024804177545692,0.3524804177545692,0.36827385613603314,1.0,0.0003,1.0,4291.49004983902
depth4_bal_MAMMAMAA,4,MAMMAMAA,14550,174600,0.85420094927152,1.5880052248636882,1.5777071748461042,0.6498041775456919,0.39033942558746737,0.39478688891374875,1.0,0.0003,1.0,4299.739456892014
depth4_bal_MAMMAMAA,4,MAMMAMAA,14575,174900,0.8505494793256124,1.5711271365483601,1.590609894480024,0.6569843342036553,0.3642297650130548,0.3727486296006265,1.0,0.0003,1.0,4308.0602905750275
depth4_bal_MAMMAMAA,4,MAMMAMAA,14600,175200,0.7900861501693726,1.5162311395009358,1.5441945518766131,0.6821148825065274,0.39556135770234985,0.39445128090390424,1.0,0.0003,1.0,4315.990793466568
depth4_bal_MAMMAMAA,4,MAMMAMAA,14625,175500,0.8549816658099493,1.5849650700887044,1.574246151106698,0.6592689295039165,0.34986945169712796,0.37375545363016,1.0,0.0003,1.0,4324.114246606827
depth4_bal_MAMMAMAA,4,MAMMAMAA,14650,175800,0.7734422087669373,1.577655553817749,1.525947093963623,0.6964751958224543,0.3720626631853786,0.3995972703881866,1.0,0.0003,1.0,4329.615985393524
depth4_bal_MAMMAMAA,4,MAMMAMAA,14675,176100,0.83454101284345,1.504936655362447,1.542686871119908,0.658289817232376,0.38511749347258484,0.3897527687660812,1.0,0.0003,1.0,4332.71324133873
depth4_bal_MAMMAMAA,4,MAMMAMAA,14700,176400,0.905622144540151,1.6693188349405925,1.6755100522722517,0.6259791122715405,0.33159268929503916,0.3507103702875042,1.0,0.0003,1.0,4335.764793872833
depth4_bal_MAMMAMAA,4,MAMMAMAA,14725,176700,0.8611450592676798,1.5263515710830688,1.500652963774545,0.6540469973890339,0.39295039164490864,0.3965767982995861,1.0,0.0003,1.0,4340.462026119232
depth4_bal_MAMMAMAA,4,MAMMAMAA,14750,177000,0.8764337698618571,1.567522923151652,1.5696180275508336,0.6403394255874674,0.381201044386423,0.375097885669538,1.0,0.0003,1.0,4348.755250930786
depth4_bal_MAMMAMAA,4,MAMMAMAA,14775,177300,0.9478966891765594,1.6310487588246663,1.564927693775722,0.6067232375979112,0.3433420365535248,0.3796845284707462,1.0,0.0003,1.0,4352.885465860367
depth4_bal_MAMMAMAA,4,MAMMAMAA,14800,177600,0.9606541593869528,1.6609612305959065,1.6599293300083706,0.6112924281984334,0.3263707571801567,0.35451392773240853,1.0,0.0003,1.0,4355.950554847717
depth4_bal_MAMMAMAA,4,MAMMAMAA,14825,177900,0.9725227952003479,1.5597645044326782,1.5910848719733102,0.5949738903394256,0.3785900783289817,0.37297236827385616,1.0,0.0003,1.0,4359.460565328598
depth4_bal_MAMMAMAA,4,MAMMAMAA,14850,178200,0.8158774673938751,1.5259761015574138,1.5371290922164917,0.6821148825065274,0.39295039164490864,0.39120707014207406,1.0,0.0003,1.0,4367.418151140213
depth4_bal_MAMMAMAA,4,MAMMAMAA,14875,178500,0.9832193354765574,1.7456276019414265,1.6995797974722726,0.597911227154047,0.3368146214099217,0.33829287392325763,1.0,0.0003,1.0,4375.594083786011
depth4_bal_MAMMAMAA,4,MAMMAMAA,14900,178800,0.9258503615856171,1.5393830140431721,1.549378970691136,0.6230417754569191,0.402088772845953,0.3884103367267032,1.0,0.0003,1.0,4383.622918605804
depth4_bal_MAMMAMAA,4,MAMMAMAA,14925,179100,0.8138614942630132,1.480660875638326,1.4761834280831474,0.6674281984334204,0.42297650130548303,0.41201476675243315,1.0,0.0003,1.0,4391.674840450287
depth4_bal_MAMMAMAA,4,MAMMAMAA,14950,179400,0.832273855805397,1.5524139801661174,1.5476109743118287,0.6648172323759791,0.37597911227154046,0.39970913972480143,1.0,0.0003,1.0,4399.561492204666
depth4_bal_MAMMAMAA,4,MAMMAMAA,14975,179700,1.2307455440362294,1.7188347180684407,1.726938009262085,0.5110966057441253,0.33159268929503916,0.32017004139165456,1.0,0.0003,1.0,4413.011935472488
depth4_bal_MAMMAMAA,4,MAMMAMAA,15000,180000,0.8000113368034363,1.593653639157613,1.599117854663304,0.6742819843342036,0.3629242819843342,0.371741805571093,1.0,0.0003,1.0,4421.733263492584
depth4_bal_MAMMAMAA,4,MAMMAMAA,15025,180300,0.992919479807218,1.6344413757324219,1.6657437290464128,0.5871409921671018,0.33550913838120106,0.3428795167244658,1.0,0.0003,1.0,4431.173151254654
depth4_bal_MAMMAMAA,4,MAMMAMAA,15050,180600,0.8552191952864329,1.513942042986552,1.524997925758362,0.6533942558746736,0.3981723237597911,0.3942275422306746,1.0,0.0003,1.0,4440.39463186264
depth4_bal_MAMMAMAA,4,MAMMAMAA,15075,180900,0.9926873743534088,1.8608057896296184,1.9111390045710972,0.5943211488250653,0.30809399477806787,0.30562702763172617,1.0,0.0003,1.0,4449.093115329742
depth4_bal_MAMMAMAA,4,MAMMAMAA,15100,181200,0.9392769734064738,1.6263762315114338,1.6366481576647078,0.6246736292428199,0.37467362924281983,0.3513815863071932,1.0,0.0003,1.0,4457.280967950821
depth4_bal_MAMMAMAA,4,MAMMAMAA,15125,181500,0.9446253577868143,1.5420358180999756,1.552896407672337,0.6060704960835509,0.3981723237597911,0.3916545474885334,1.0,0.0003,1.0,4465.321253299713
depth4_bal_MAMMAMAA,4,MAMMAMAA,15150,181800,0.8447029838959376,1.6162756284077961,1.624612627710615,0.6573107049608355,0.34595300261096606,0.3657008613938919,1.0,0.0003,1.0,4473.513881444931
depth4_bal_MAMMAMAA,4,MAMMAMAA,15175,182100,1.2989976207415264,1.786748210589091,1.80219600881849,0.4983681462140992,0.3224543080939948,0.308423761047097,1.0,0.0003,1.0,4479.179073095322
depth4_bal_MAMMAMAA,4,MAMMAMAA,15200,182400,0.8326225032409033,1.541637619336446,1.5882648536137172,0.6723237597911227,0.3733681462140992,0.38248126188611703,1.0,0.0003,1.0,4482.216813325882
depth4_bal_MAMMAMAA,4,MAMMAMAA,15225,182700,0.9494794209798177,1.6435257196426392,1.6721024785723004,0.610313315926893,0.34464751958224543,0.344110079427229,1.0,0.0003,1.0,4485.36617398262
depth4_bal_MAMMAMAA,4,MAMMAMAA,15250,183000,0.8697619885206223,1.6034258206685383,1.619023336683001,0.6422976501305483,0.360313315926893,0.3747622776596935,1.0,0.0003,1.0,4488.408651828766
depth4_bal_MAMMAMAA,4,MAMMAMAA,15275,183300,0.9572714020808538,1.5805035432179768,1.6024042333875383,0.6106396866840731,0.36553524804177545,0.3720774135809375,1.0,0.0003,1.0,4491.440664291382
depth4_bal_MAMMAMAA,4,MAMMAMAA,15300,183600,0.8992039412260056,1.6608649889628093,1.6778191634586879,0.6445822454308094,0.35509138381201044,0.3573106611477794,1.0,0.0003,1.0,4494.471478700638
depth4_bal_MAMMAMAA,4,MAMMAMAA,15325,183900,0.9302982240915298,1.6723339160283406,1.653749282019479,0.6263054830287206,0.360313315926893,0.3570869224745497,1.0,0.0003,1.0,4497.612584590912
depth4_bal_MAMMAMAA,4,MAMMAMAA,15350,184200,0.7755712370077769,1.7133681376775105,1.6640285662242345,0.6948433420365535,0.3563968668407311,0.3636872133348249,1.0,0.0003,1.0,4502.412884235382
depth4_bal_MAMMAMAA,4,MAMMAMAA,15375,184500,0.8756691863139471,1.602217475573222,1.6214320114680698,0.6471932114882507,0.3838120104438642,0.37364358429354516,1.0,0.0003,1.0,4510.58352971077
depth4_bal_MAMMAMAA,4,MAMMAMAA,15400,184800,1.0861989160378773,1.6412148078282673,1.6776334013257708,0.5574412532637075,0.3433420365535248,0.34030652198232464,1.0,0.0003,1.0,4518.897230386734
depth4_bal_MAMMAMAA,4,MAMMAMAA,15425,185100,0.8289682467778524,1.5001306533813477,1.5054392303739275,0.6716710182767625,0.41383812010443866,0.4061975612484618,1.0,0.0003,1.0,4526.789348363876
depth4_bal_MAMMAMAA,4,MAMMAMAA,15450,185400,0.8454638123512268,1.5740467309951782,1.5626447473253522,0.6589425587467362,0.3838120104438642,0.38248126188611703,1.0,0.0003,1.0,4535.126923561096
depth4_bal_MAMMAMAA,4,MAMMAMAA,15475,185700,0.9856853236754736,1.8334747552871704,1.8165398938315256,0.5995430809399478,0.3394255874673629,0.33113323637990827,1.0,0.0003,1.0,4543.3732006549835
depth4_bal_MAMMAMAA,4,MAMMAMAA,15500,186000,0.9421444882949194,1.616939107577006,1.6594734191894531,0.6210835509138382,0.360313315926893,0.3570869224745497,1.0,0.0003,1.0,4551.890223264694
depth4_bal_MAMMAMAA,4,MAMMAMAA,15525,186300,0.8734528223673502,1.4825170040130615,1.5444861684526716,0.6387075718015666,0.4112271540469974,0.3955699742700526,1.0,0.0003,1.0,4561.117860794067
depth4_bal_MAMMAMAA,4,MAMMAMAA,15550,186600,0.8371645907560984,1.5766360362370808,1.5613677024841308,0.660574412532637,0.3825065274151436,0.3940038035574449,1.0,0.0003,1.0,4570.317085266113
depth4_bal_MAMMAMAA,4,MAMMAMAA,15575,186900,0.8759516030550003,1.7592281897862752,1.7482324736458914,0.6511096605744126,0.3394255874673629,0.3315807137263676,1.0,0.0003,1.0,4579.498732805252
depth4_bal_MAMMAMAA,4,MAMMAMAA,15600,187200,0.8447091827789942,1.6458402474721272,1.594929804120745,0.6576370757180157,0.35900783289817234,0.3796845284707462,1.0,0.0003,1.0,4588.763752937317
depth4_bal_MAMMAMAA,4,MAMMAMAA,15625,187500,0.9182412077983221,1.5712075233459473,1.5940753493990216,0.6201044386422977,0.3733681462140992,0.3816981765298132,1.0,0.0003,1.0,4597.104624032974
depth4_bal_MAMMAMAA,4,MAMMAMAA,15650,187800,0.7890857110420862,1.648381193478902,1.6266916819981165,0.6984334203655352,0.3524804177545692,0.3701756348584853,1.0,0.0003,1.0,4604.712965250015
depth4_bal_MAMMAMAA,4,MAMMAMAA,15675,188100,0.8263338357210159,1.5406426588694255,1.5289051124027797,0.6641644908616188,0.39295039164490864,0.40340082783309095,1.0,0.0003,1.0,4612.8181030750275
depth4_bal_MAMMAMAA,4,MAMMAMAA,15700,188400,0.8529340823491415,1.7638314167658489,1.7083759444100517,0.6556788511749347,0.3368146214099217,0.3471305515158295,1.0,0.0003,1.0,4621.004463434219
depth4_bal_MAMMAMAA,4,MAMMAMAA,15725,188700,0.8789817094802856,1.6004221439361572,1.56866340977805,0.6511096605744126,0.3825065274151436,0.38919342208300706,1.0,0.0003,1.0,4629.234110355377
depth4_bal_MAMMAMAA,4,MAMMAMAA,15750,189000,0.9338888625303904,1.5825106302897136,1.5662513256072998,0.6253263707571801,0.3537859007832898,0.375097885669538,1.0,0.0003,1.0,4637.4545085430145
depth4_bal_MAMMAMAA,4,MAMMAMAA,15775,189300,0.9209618419408798,1.5950191815694172,1.5856625454766409,0.6168407310704961,0.3668407310704961,0.3698400268486408,1.0,0.0003,1.0,4645.5077583789825
depth4_bal_MAMMAMAA,4,MAMMAMAA,15800,189600,0.9788079957167307,1.7458062966664631,1.7612590108598982,0.6018276762402088,0.31592689295039167,0.3344893164783533,1.0,0.0003,1.0,4653.46358704567
depth4_bal_MAMMAMAA,4,MAMMAMAA,15825,189900,0.7561149547497431,1.5044596195220947,1.4803925991058349,0.7157310704960835,0.39425587467362927,0.418167580266249,1.0,0.0003,1.0,4661.684959411621
depth4_bal_MAMMAMAA,4,MAMMAMAA,15850,190200,0.9412475725015005,1.6964205106099446,1.6747903415134975,0.6230417754569191,0.34203655352480417,0.35361897303948986,1.0,0.0003,1.0,4669.865248680115
depth4_bal_MAMMAMAA,4,MAMMAMAA,15875,190500,0.9580077727635702,1.6076827843983967,1.6157942703792028,0.6099869451697127,0.3981723237597911,0.3773352724018347,1.0,0.0003,1.0,4678.1751000881195
depth4_bal_MAMMAMAA,4,MAMMAMAA,15900,190800,0.8329858928918839,1.5645326375961304,1.5953713076455251,0.6700391644908616,0.3968668407310705,0.38248126188611703,1.0,0.0003,1.0,4686.387318372726
depth4_bal_MAMMAMAA,4,MAMMAMAA,15925,191100,0.8864098538955053,1.6660958131154378,1.6869026797158377,0.6367493472584856,0.3629242819843342,0.35328336502964536,1.0,0.0003,1.0,4690.8788895606995
depth4_bal_MAMMAMAA,4,MAMMAMAA,15950,191400,0.9065715918938319,1.743984858194987,1.7090344633374894,0.6462140992167101,0.3342036553524804,0.3273296789350039,1.0,0.0003,1.0,4693.9363787174225
depth4_bal_MAMMAMAA,4,MAMMAMAA,15975,191700,0.7957802414894104,1.5928644339243572,1.6539818695613315,0.6951697127937336,0.3668407310704961,0.36312786665175073,1.0,0.0003,1.0,4697.114862203598
depth4_bal_MAMMAMAA,4,MAMMAMAA,16000,192000,0.7517494906981786,1.4908913373947144,1.5091263055801392,0.7056135770234987,0.4308093994778068,0.4149233695044188,1.0,0.0003,1.0,4700.1928470134735
depth4_bal_MAMMAMAA,4,MAMMAMAA,16025,192300,0.9742050816615423,1.6950550476710002,1.6836606298174177,0.6028067885117493,0.360313315926893,0.35395458104933436,1.0,0.0003,1.0,4708.025187015533
depth4_bal_MAMMAMAA,4,MAMMAMAA,16050,192600,0.9092461218436559,1.6168183485666912,1.6392266545976912,0.633485639686684,0.35509138381201044,0.36256851996867656,1.0,0.0003,1.0,4716.66499042511
depth4_bal_MAMMAMAA,4,MAMMAMAA,16075,192900,0.9118274947007498,1.635445237159729,1.6482108627046859,0.6227154046997389,0.3838120104438642,0.3718536749077078,1.0,0.0003,1.0,4721.809082746506
depth4_bal_MAMMAMAA,4,MAMMAMAA,16100,193200,0.8858086317777634,1.5751614173253377,1.608925928388323,0.6370757180156658,0.37467362924281983,0.3705112428683298,1.0,0.0003,1.0,4727.959662914276
depth4_bal_MAMMAMAA,4,MAMMAMAA,16125,193500,1.015446424484253,1.768855333328247,1.7643269538879394,0.5828981723237598,0.34073107049608353,0.34299138606108065,1.0,0.0003,1.0,4736.158082008362
depth4_bal_MAMMAMAA,4,MAMMAMAA,16150,193800,0.9328652371962866,1.7140517234802246,1.6781475033078874,0.6236945169712794,0.3642297650130548,0.3687213334824925,1.0,0.0003,1.0,4744.456667900085
depth4_bal_MAMMAMAA,4,MAMMAMAA,16175,194100,1.0496954421202342,1.80942702293396,1.7791992051260812,0.5760443864229765,0.3224543080939948,0.32677033225192975,1.0,0.0003,1.0,4748.293243646622
depth4_bal_MAMMAMAA,4,MAMMAMAA,16200,194400,0.8395891487598419,1.6272750695546467,1.6405633960451398,0.6553524804177546,0.39295039164490864,0.37420293097661933,1.0,0.0003,1.0,4754.904538393021
depth4_bal_MAMMAMAA,4,MAMMAMAA,16225,194700,0.8269510120153427,1.57558008035024,1.5504509244646345,0.672976501305483,0.35509138381201044,0.3803557444904352,1.0,0.0003,1.0,4763.107883691788
depth4_bal_MAMMAMAA,4,MAMMAMAA,16250,195000,0.9411117136478424,1.6068044106165569,1.6961211579186575,0.6080287206266318,0.381201044386423,0.3659246000671216,1.0,0.0003,1.0,4771.359763622284
depth4_bal_MAMMAMAA,4,MAMMAMAA,16275,195300,0.8335253844658533,1.535536527633667,1.544565292767116,0.6684073107049608,0.4112271540469974,0.3965767982995861,1.0,0.0003,1.0,4779.302905082703
depth4_bal_MAMMAMAA,4,MAMMAMAA,16300,195600,0.9175306409597397,1.6351334651311238,1.7123222044536046,0.6236945169712794,0.3577023498694517,0.3452287727933773,1.0,0.0003,1.0,4787.495323896408
depth4_bal_MAMMAMAA,4,MAMMAMAA,16325,195900,0.8987615754206976,1.5235125223795574,1.5347505331039428,0.6285900783289817,0.39947780678851175,0.4056382145653876,1.0,0.0003,1.0,4795.7087824344635
depth4_bal_MAMMAMAA,4,MAMMAMAA,16350,196200,0.9426774928967158,1.6207619508107503,1.6308705261775425,0.6139033942558747,0.39295039164490864,0.3833762165790357,1.0,0.0003,1.0,4804.015434741974
depth4_bal_MAMMAMAA,4,MAMMAMAA,16375,196500,0.8234204351902008,1.7421767711639404,1.7689831904002598,0.6674281984334204,0.3381201044386423,0.34198456203154715,1.0,0.0003,1.0,4807.353264808655
depth4_bal_MAMMAMAA,4,MAMMAMAA,16400,196800,0.9276291131973267,1.7829739650090535,1.785234648840768,0.6240208877284595,0.3302872062663185,0.33079762837006377,1.0,0.0003,1.0,4810.438834428787
depth4_bal_MAMMAMAA,4,MAMMAMAA,16425,197100,0.9979338049888611,1.558379093805949,1.5531905242374966,0.5910574412532638,0.370757180156658,0.3823693925495022,1.0,0.0003,1.0,4813.621838092804
depth4_bal_MAMMAMAA,4,MAMMAMAA,16450,197400,0.8754425396521887,1.5819155772527058,1.6076176370893205,0.6439295039164491,0.381201044386423,0.369728157512026,1.0,0.0003,1.0,4816.70126581192
depth4_bal_MAMMAMAA,4,MAMMAMAA,16475,197700,0.8335037976503372,1.6082001129786174,1.597893476486206,0.6566579634464752,0.37467362924281983,0.3882984673900884,1.0,0.0003,1.0,4819.798403501511
depth4_bal_MAMMAMAA,4,MAMMAMAA,16500,198000,0.9850637366374334,1.599881609280904,1.6149072851453508,0.6005221932114883,0.3629242819843342,0.35294775701980086,1.0,0.0003,1.0,4822.869527339935
depth4_bal_MAMMAMAA,4,MAMMAMAA,16525,198300,0.9402864029010137,1.6089568932851155,1.5818378346306936,0.6168407310704961,0.381201044386423,0.3766640563821457,1.0,0.0003,1.0,4826.118757724762
depth4_bal_MAMMAMAA,4,MAMMAMAA,16550,198600,0.8674910515546799,1.5905786752700806,1.6658450194767542,0.6622062663185379,0.35900783289817234,0.34959167692135584,1.0,0.0003,1.0,4829.20871591568
depth4_bal_MAMMAMAA,4,MAMMAMAA,16575,198900,0.8019658376773199,1.6268692811330159,1.715022543498448,0.6762402088772846,0.360313315926893,0.3596599172166909,1.0,0.0003,1.0,4832.278688430786
depth4_bal_MAMMAMAA,4,MAMMAMAA,16600,199200,0.926401620109876,1.688897728919983,1.7297653845378331,0.6315274151436031,0.3563968668407311,0.347466159525674,1.0,0.0003,1.0,4835.348979234695
depth4_bal_MAMMAMAA,4,MAMMAMAA,16625,199500,0.8626767694950104,1.5989504257837932,1.6287860325404575,0.6419712793733682,0.37989556135770236,0.36391095200805457,1.0,0.0003,1.0,4838.532665491104
depth4_bal_MAMMAMAA,4,MAMMAMAA,16650,199800,0.9834648221731186,1.7640442450841267,1.7969669205801828,0.5904046997389034,0.32506527415143605,0.3222955587873364,1.0,0.0003,1.0,4841.621371269226
depth4_bal_MAMMAMAA,4,MAMMAMAA,16675,200100,0.8971706281105677,1.6159990628560383,1.664232553754534,0.6328328981723238,0.37989556135770236,0.36122608792929856,1.0,0.0003,1.0,4844.70595574379
depth4_bal_MAMMAMAA,4,MAMMAMAA,16700,200400,0.8816755811373392,1.5132393836975098,1.52549991948264,0.654373368146214,0.39033942558746737,0.3976954916657344,1.0,0.0003,1.0,4847.898191690445
depth4_bal_MAMMAMAA,4,MAMMAMAA,16725,200700,0.883963738878568,1.617636799812317,1.6154922076633997,0.6403394255874674,0.39033942558746737,0.3776708804116792,1.0,0.0003,1.0,4850.987022399902
depth4_bal_MAMMAMAA,4,MAMMAMAA,16750,201000,0.8444438179334005,1.661163568496704,1.6000428676605225,0.6635117493472585,0.3772845953002611,0.3847186486184137,1.0,0.0003,1.0,4854.078648090363
depth4_bal_MAMMAMAA,4,MAMMAMAA,16775,201300,1.0262898256381352,1.7153524160385132,1.713941696711949,0.5825718015665796,0.3394255874673629,0.33862848193310213,1.0,0.0003,1.0,4857.177621841431
depth4_bal_MAMMAMAA,4,MAMMAMAA,16800,201600,0.934529090921084,1.643686572710673,1.7030027423586165,0.6194516971279374,0.3577023498694517,0.3574225304843942,1.0,0.0003,1.0,4860.418006181717
depth4_bal_MAMMAMAA,4,MAMMAMAA,16825,201900,0.8540282398462296,1.6328582366307576,1.6082097121647425,0.6560052219321149,0.4007832898172324,0.38717977402394005,1.0,0.0003,1.0,4863.517838716507
depth4_bal_MAMMAMAA,4,MAMMAMAA,16850,202200,0.9069217344125112,1.6824483474095662,1.680166929108756,0.6370757180156658,0.370757180156658,0.3769996643919902,1.0,0.0003,1.0,4868.019901752472
depth4_bal_MAMMAMAA,4,MAMMAMAA,16875,202500,0.9117829998334249,1.6289593776067097,1.610012984275818,0.6259791122715405,0.36945169712793735,0.39143080881530373,1.0,0.0003,1.0,4875.819363594055
depth4_bal_MAMMAMAA,4,MAMMAMAA,16900,202800,0.9046761145194372,1.732095758120219,1.7410574810845512,0.6305483028720626,0.34203655352480417,0.34097773800201364,1.0,0.0003,1.0,4885.133979558945
depth4_bal_MAMMAMAA,4,MAMMAMAA,16925,203100,0.990534116824468,1.7746556202570598,1.7202200038092477,0.5988903394255874,0.3328981723237598,0.3507103702875042,1.0,0.0003,1.0,4894.450844287872
depth4_bal_MAMMAMAA,4,MAMMAMAA,16950,203400,0.9157645006974539,1.5846349795659382,1.6112558160509383,0.6119451697127938,0.37467362924281983,0.3604430025729947,1.0,0.0003,1.0,4903.697105646133
depth4_bal_MAMMAMAA,4,MAMMAMAA,16975,203700,0.9013411998748779,1.7651490767796834,1.6902382373809814,0.6406657963446475,0.3668407310704961,0.36670768542342547,1.0,0.0003,1.0,4912.558038949966
depth4_bal_MAMMAMAA,4,MAMMAMAA,17000,204000,0.8537581016620001,1.5814807017644246,1.5999882323401315,0.6546997389033943,0.3785900783289817,0.3728604989372413,1.0,0.0003,1.0,4921.917879343033
depth4_bal_MAMMAMAA,4,MAMMAMAA,17025,204300,0.7497789710760117,1.543768048286438,1.5402656521115985,0.7095300261096605,0.4151436031331593,0.4045195211992393,1.0,0.0003,1.0,4931.052839756012
depth4_bal_MAMMAMAA,4,MAMMAMAA,17050,204600,1.2636570930480957,1.7822767893473308,1.7919618061610632,0.4931462140992167,0.30548302872062666,0.30092851549390315,1.0,0.0003,1.0,4936.966585636139
depth4_bal_MAMMAMAA,4,MAMMAMAA,17075,204900,0.8399057686328888,1.6951616207758586,1.7002009630203248,0.6550261096605744,0.37467362924281983,0.3668195547600403,1.0,0.0003,1.0,4943.444559812546
depth4_bal_MAMMAMAA,4,MAMMAMAA,17100,205200,0.9024743388096491,1.656510313351949,1.6598491770880563,0.6308746736292428,0.35509138381201044,0.3564157064548607,1.0,0.0003,1.0,4951.102601528168
depth4_bal_MAMMAMAA,4,MAMMAMAA,17125,205500,0.9875548382600149,1.8494442303975422,1.7903480087007795,0.5923629242819843,0.30809399477806787,0.3207293880747287,1.0,0.0003,1.0,4959.348937034607
depth4_bal_MAMMAMAA,4,MAMMAMAA,17150,205800,0.9309399674336115,1.6751615603764851,1.691374659538269,0.6269582245430809,0.34203655352480417,0.34768989819890367,1.0,0.0003,1.0,4967.607674121857
depth4_bal_MAMMAMAA,4,MAMMAMAA,17175,206100,0.8210941851139069,1.7183297475179036,1.6902474096843174,0.6700391644908616,0.3537859007832898,0.3507103702875042,1.0,0.0003,1.0,4975.966782331467
depth4_bal_MAMMAMAA,4,MAMMAMAA,17200,206400,0.791791836420695,1.4983855883280437,1.4962221656526837,0.6912532637075718,0.39556135770234985,0.4185031882760935,1.0,0.0003,1.0,4983.7095630168915
depth4_bal_MAMMAMAA,4,MAMMAMAA,17225,206700,0.9131930619478226,1.605691393216451,1.565895676612854,0.6305483028720626,0.381201044386423,0.3803557444904352,1.0,0.0003,1.0,4991.94020819664
depth4_bal_MAMMAMAA,4,MAMMAMAA,17250,207000,0.8807743986447653,1.727219541867574,1.67929276738848,0.6432767624020888,0.34595300261096606,0.3510459782973487,1.0,0.0003,1.0,5000.175717830658
depth4_bal_MAMMAMAA,4,MAMMAMAA,17275,207300,0.8753601014614105,1.7949518760045369,1.8064982107707432,0.6439295039164491,0.34986945169712796,0.3258753775590111,1.0,0.0003,1.0,5008.545684099197
depth4_bal_MAMMAMAA,4,MAMMAMAA,17300,207600,0.8821555773417155,1.6708136399586995,1.6150575467518398,0.6406657963446475,0.3577023498694517,0.3740910616400045,1.0,0.0003,1.0,5016.7902953624725
depth4_bal_MAMMAMAA,4,MAMMAMAA,17325,207900,0.8067102283239365,1.5763394832611084,1.5553236041750227,0.6713446475195822,0.38903394255874674,0.3962411902897416,1.0,0.0003,1.0,5024.988292694092
depth4_bal_MAMMAMAA,4,MAMMAMAA,17350,208200,0.8634862204392751,1.6272077957789104,1.616225392477853,0.6540469973890339,0.36553524804177545,0.37129432822463365,1.0,0.0003,1.0,5033.251310110092
depth4_bal_MAMMAMAA,4,MAMMAMAA,17375,208500,0.8252372841040293,1.5424544016520183,1.5212152242660522,0.6654699738903395,0.38642297650130547,0.4048551292090838,1.0,0.0003,1.0,5040.935790538788
depth4_bal_MAMMAMAA,4,MAMMAMAA,17400,208800,0.9138280153274536,1.605350653330485,1.621342178753444,0.6210835509138382,0.37467362924281983,0.369056941492337,1.0,0.0003,1.0,5048.868613243103
depth4_bal_MAMMAMAA,4,MAMMAMAA,17425,209100,0.9440417935450872,1.5870310465494792,1.5707904985972814,0.6086814621409922,0.3772845953002611,0.3728604989372413,1.0,0.0003,1.0,5057.06733250618
depth4_bal_MAMMAMAA,4,MAMMAMAA,17450,209400,0.8701715668042501,1.628395716349284,1.6101093530654906,0.6442558746736292,0.3785900783289817,0.37688779505537534,1.0,0.0003,1.0,5065.366172075272
depth4_bal_MAMMAMAA,4,MAMMAMAA,17475,209700,0.8309347629547119,1.6866889397303264,1.6611345938273838,0.6671018276762402,0.3681462140992167,0.3727486296006265,1.0,0.0003,1.0,5073.297569274902
depth4_bal_MAMMAMAA,4,MAMMAMAA,17500,210000,0.7368559340635935,1.5563719272613525,1.5272066695349558,0.7092036553524804,0.391644908616188,0.40877055599060297,1.0,0.0003,1.0,5081.545006990433
depth4_bal_MAMMAMAA,4,MAMMAMAA,17525,210300,0.7502690106630325,1.5128841400146484,1.4819682632173812,0.7092036553524804,0.4073107049608355,0.4276764738785099,1.0,0.0003,1.0,5089.532901287079
depth4_bal_MAMMAMAA,4,MAMMAMAA,17550,210600,0.9928757647673289,1.7291324933369954,1.7029520988464355,0.58322454308094,0.33159268929503916,0.342096431368162,1.0,0.0003,1.0,5097.285626649857
depth4_bal_MAMMAMAA,4,MAMMAMAA,17575,210900,0.799456591407458,1.6624573469161987,1.6493976286479406,0.6801566579634465,0.3642297650130548,0.3660364694037364,1.0,0.0003,1.0,5103.872433662415
depth4_bal_MAMMAMAA,4,MAMMAMAA,17600,211200,0.8962077548106512,1.6317356824874878,1.6176406008856636,0.639686684073107,0.39033942558746737,0.36793824812618864,1.0,0.0003,1.0,5106.965288639069
depth4_bal_MAMMAMAA,4,MAMMAMAA,17625,211500,0.8242323100566864,1.6869688034057617,1.6434240409306118,0.6654699738903395,0.3668407310704961,0.36614833874035124,1.0,0.0003,1.0,5110.05008482933
depth4_bal_MAMMAMAA,4,MAMMAMAA,17650,211800,0.922700415054957,1.6283945242563884,1.6183009147644043,0.625,0.3668407310704961,0.3659246000671216,1.0,0.0003,1.0,5113.205054521561
depth4_bal_MAMMAMAA,4,MAMMAMAA,17675,212100,0.7961820910374323,1.566068410873413,1.5724758011954172,0.679177545691906,0.39425587467362927,0.3903121154491554,1.0,0.0003,1.0,5116.25665140152
depth4_bal_MAMMAMAA,4,MAMMAMAA,17700,212400,0.7947604556878408,1.6776607433954875,1.6005487442016602,0.6886422976501305,0.37467362924281983,0.38348808591565053,1.0,0.0003,1.0,5119.333486557007
depth4_bal_MAMMAMAA,4,MAMMAMAA,17725,212700,0.9890373448530833,1.7808105150858562,1.7412299224308558,0.5864882506527415,0.33159268929503916,0.3417608233583175,1.0,0.0003,1.0,5122.387305498123
depth4_bal_MAMMAMAA,4,MAMMAMAA,17750,213000,0.9039455900589625,1.565327246983846,1.5487316131591797,0.6426240208877284,0.360313315926893,0.3894171607562367,1.0,0.0003,1.0,5125.5552570819855
depth4_bal_MAMMAMAA,4,MAMMAMAA,17775,213300,0.9766113460063934,1.6391141812006633,1.597833159991673,0.6031331592689295,0.3577023498694517,0.3655889920572771,1.0,0.0003,1.0,5128.629817008972
depth4_bal_MAMMAMAA,4,MAMMAMAA,17800,213600,0.8413063635428747,1.6809484561284382,1.7007229532514299,0.6703655352480418,0.3668407310704961,0.3596599172166909,1.0,0.0003,1.0,5134.022435665131
depth4_bal_MAMMAMAA,4,MAMMAMAA,17825,213900,0.9068766981363297,1.5265969435373943,1.510178783961705,0.6328328981723238,0.39947780678851175,0.39187828616176307,1.0,0.0003,1.0,5142.320274591446
depth4_bal_MAMMAMAA,4,MAMMAMAA,17850,214200,0.8231591532627741,1.6194169918696086,1.6035874366760254,0.6883159268929504,0.391644908616188,0.37823022709475335,1.0,0.0003,1.0,5150.540498495102
depth4_bal_MAMMAMAA,4,MAMMAMAA,17875,214500,0.9259810745716095,1.5696155627568562,1.581960095678057,0.6256527415143603,0.36161879895561355,0.36156169593914306,1.0,0.0003,1.0,5158.789772748947
depth4_bal_MAMMAMAA,4,MAMMAMAA,17900,214800,1.155824472506841,1.6594781478246052,1.6572861092431204,0.5283942558746736,0.3537859007832898,0.34791363687213334,1.0,0.0003,1.0,5166.975911855698
depth4_bal_MAMMAMAA,4,MAMMAMAA,17925,215100,0.9197028080622355,1.5965266625086467,1.5748249394553049,0.6181462140992167,0.370757180156658,0.38046761382705,1.0,0.0003,1.0,5175.278677940369
depth4_bal_MAMMAMAA,4,MAMMAMAA,17950,215400,0.7612144897381464,1.7063017686208088,1.6295698540551322,0.706266318537859,0.3577023498694517,0.36928068016556664,1.0,0.0003,1.0,5183.436372280121
depth4_bal_MAMMAMAA,4,MAMMAMAA,17975,215700,0.7607339670260748,1.5604133605957031,1.5260192292077202,0.7065926892950392,0.40339425587467365,0.4132453294551963,1.0,0.0003,1.0,5191.660121440887
depth4_bal_MAMMAMAA,4,MAMMAMAA,18000,216000,0.8280599415302277,1.684855302174886,1.6891036646706716,0.6739556135770235,0.3289817232375979,0.33862848193310213,1.0,0.0003,1.0,5199.450265884399
depth4_bal_MAMMAMAA,4,MAMMAMAA,18025,216300,0.7497913241386414,1.5701838334401448,1.5309212003435408,0.7176892950391645,0.3825065274151436,0.3970242756460454,1.0,0.0003,1.0,5208.4480538368225
depth4_bal_MAMMAMAA,4,MAMMAMAA,18050,216600,0.8906482060750326,1.6341999371846516,1.5886729615075248,0.641644908616188,0.35117493472584854,0.3593243092068464,1.0,0.0003,1.0,5217.594516277313
depth4_bal_MAMMAMAA,4,MAMMAMAA,18075,216900,0.9624087810516357,1.62850288550059,1.6464452981948852,0.6096605744125326,0.34986945169712796,0.3574225304843942,1.0,0.0003,1.0,5225.599524497986
depth4_bal_MAMMAMAA,4,MAMMAMAA,18100,217200,0.8232903728882471,1.5006740887959797,1.5028289760862077,0.6830939947780679,0.412532637075718,0.39970913972480143,1.0,0.0003,1.0,5233.961809396744
depth4_bal_MAMMAMAA,4,MAMMAMAA,18125,217500,0.8297259161869684,1.592676838239034,1.595998045376369,0.6684073107049608,0.3785900783289817,0.38158630719319836,1.0,0.0003,1.0,5242.148544788361
depth4_bal_MAMMAMAA,4,MAMMAMAA,18150,217800,0.861887330810229,1.7467449108759563,1.7470306975500924,0.6507832898172323,0.370757180156658,0.3369504418838796,1.0,0.0003,1.0,5250.615159034729
depth4_bal_MAMMAMAA,4,MAMMAMAA,18175,218100,0.7736083616813024,1.626396616299947,1.59844868183136,0.6925587467362925,0.3772845953002611,0.3806913525002797,1.0,0.0003,1.0,5258.836551904678
depth4_bal_MAMMAMAA,4,MAMMAMAA,18200,218400,0.9373767922321955,1.7490793069203694,1.678654340335301,0.6207571801566579,0.3276762402088773,0.3457881194764515,1.0,0.0003,1.0,5266.960425376892
depth4_bal_MAMMAMAA,4,MAMMAMAA,18225,218700,0.9609170506397883,1.6879440148671467,1.6788438490458897,0.6096605744125326,0.34856396866840733,0.35059850095088935,1.0,0.0003,1.0,5275.162002325058
depth4_bal_MAMMAMAA,4,MAMMAMAA,18250,219000,0.981675386428833,1.9336988528569539,1.8549271208899363,0.5985639686684073,0.2741514360313316,0.2999216914643696,1.0,0.0003,1.0,5283.895644664764
depth4_bal_MAMMAMAA,4,MAMMAMAA,18275,219300,0.8803336371978124,1.7187788883845012,1.6443232434136528,0.6465404699738904,0.3524804177545692,0.377111533728605,1.0,0.0003,1.0,5292.703241348267
depth4_bal_MAMMAMAA,4,MAMMAMAA,18300,219600,0.9137264688809713,1.7134131987889607,1.6728201934269495,0.6269582245430809,0.36161879895561355,0.35451392773240853,1.0,0.0003,1.0,5300.9718379974365
depth4_bal_MAMMAMAA,4,MAMMAMAA,18325,219900,0.8394051889578501,1.698614239692688,1.6673109361103602,0.6537206266318538,0.36553524804177545,0.35395458104933436,1.0,0.0003,1.0,5308.14141869545
depth4_bal_MAMMAMAA,4,MAMMAMAA,18350,220200,0.8870255003372828,1.779384175936381,1.7742814200265067,0.6498041775456919,0.33550913838120106,0.3245329455196331,1.0,0.0003,1.0,5317.16007232666
depth4_bal_MAMMAMAA,4,MAMMAMAA,18375,220500,0.8668234447638193,1.635189453760783,1.6355506862912859,0.6465404699738904,0.360313315926893,0.36670768542342547,1.0,0.0003,1.0,5326.5053651332855
depth4_bal_MAMMAMAA,4,MAMMAMAA,18400,220800,1.0944157540798187,1.7528034845987956,1.7469340528760637,0.5554830287206266,0.3302872062663185,0.32911958832084126,1.0,0.0003,1.0,5334.6574540138245
depth4_bal_MAMMAMAA,4,MAMMAMAA,18425,221100,0.9401857852935791,1.777259071667989,1.7246333088193622,0.6256527415143603,0.30156657963446476,0.3332587537755901,1.0,0.0003,1.0,5342.84215426445
depth4_bal_MAMMAMAA,4,MAMMAMAA,18450,221400,0.9820812394221624,1.7150145371754963,1.6597883905683244,0.6037859007832899,0.33159268929503916,0.36223291195883206,1.0,0.0003,1.0,5350.755091428757
depth4_bal_MAMMAMAA,4,MAMMAMAA,18475,221700,0.9042464196681976,1.712912122408549,1.6987878016063145,0.6253263707571801,0.3381201044386423,0.3457881194764515,1.0,0.0003,1.0,5359.109479427338
depth4_bal_MAMMAMAA,4,MAMMAMAA,18500,222000,0.8872082283099493,1.6125084161758423,1.619811599595206,0.637402088772846,0.3537859007832898,0.3591005705336167,1.0,0.0003,1.0,5367.30712890625
depth4_bal_MAMMAMAA,4,MAMMAMAA,18525,222300,0.8037167439858118,1.7706070741017659,1.7439120531082153,0.6860313315926893,0.3629242819843342,0.3594361785434612,1.0,0.0003,1.0,5375.61140871048
depth4_bal_MAMMAMAA,4,MAMMAMAA,18550,222600,0.8262647390365601,1.5800206263860066,1.5787887709481376,0.6592689295039165,0.370757180156658,0.381138829846739,1.0,0.0003,1.0,5383.840954780579
depth4_bal_MAMMAMAA,4,MAMMAMAA,18575,222900,0.903089369336764,1.663000504175822,1.635135279382978,0.6272845953002611,0.35117493472584854,0.37028750419510015,1.0,0.0003,1.0,5391.675830602646
depth4_bal_MAMMAMAA,4,MAMMAMAA,18600,223200,0.9045074731111526,1.67673925558726,1.64026437827519,0.6292428198433421,0.35900783289817234,0.3620091732856024,1.0,0.0003,1.0,5399.815488576889
depth4_bal_MAMMAMAA,4,MAMMAMAA,18625,223500,0.8378711442152659,1.7112282117207844,1.6564990043640138,0.6491514360313316,0.34464751958224543,0.3633516053249804,1.0,0.0003,1.0,5408.054901123047
depth4_bal_MAMMAMAA,4,MAMMAMAA,18650,223800,0.8136458992958069,1.7003612518310547,1.6725349187850953,0.6684073107049608,0.3733681462140992,0.36793824812618864,1.0,0.0003,1.0,5416.288505077362
depth4_bal_MAMMAMAA,4,MAMMAMAA,18675,224100,0.8163752108812332,1.6576203902562459,1.6496831383023942,0.672976501305483,0.3785900783289817,0.37588097102584184,1.0,0.0003,1.0,5424.417627334595
depth4_bal_MAMMAMAA,4,MAMMAMAA,18700,224400,0.872479702035586,1.5863440831502278,1.5540663685117448,0.6462140992167101,0.3825065274151436,0.3893052914196219,1.0,0.0003,1.0,5432.5031042099
depth4_bal_MAMMAMAA,4,MAMMAMAA,18725,224700,1.0032352457443874,1.6641048192977905,1.6185510771615164,0.5884464751958225,0.3433420365535248,0.3613379572659134,1.0,0.0003,1.0,5440.699360609055
depth4_bal_MAMMAMAA,4,MAMMAMAA,18750,225000,0.8562822937965393,1.6820100545883179,1.678504388672965,0.6618798955613577,0.35117493472584854,0.35630383711824587,1.0,0.0003,1.0,5448.87796163559
depth4_bal_MAMMAMAA,4,MAMMAMAA,18775,225300,0.8486183732748032,1.5066601037979126,1.5339232172284807,0.6511096605744126,0.402088772845953,0.39154267815191857,1.0,0.0003,1.0,5457.15097784996
depth4_bal_MAMMAMAA,4,MAMMAMAA,18800,225600,0.8168597966432571,1.6387701431910198,1.667025453703744,0.6801566579634465,0.38511749347258484,0.3711824588880188,1.0,0.0003,1.0,5465.258183956146
depth4_bal_MAMMAMAA,4,MAMMAMAA,18825,225900,0.7684516410032908,1.5160904328028362,1.5527107204709734,0.6997389033942559,0.4216710182767624,0.39881418503188276,1.0,0.0003,1.0,5473.443341255188
depth4_bal_MAMMAMAA,4,MAMMAMAA,18850,226200,0.8733681738376617,1.6003878116607666,1.6013398170471191,0.6426240208877284,0.39033942558746737,0.38248126188611703,1.0,0.0003,1.0,5481.759829044342
depth4_bal_MAMMAMAA,4,MAMMAMAA,18875,226500,0.8272877981265386,1.7196776866912842,1.6514608315059116,0.6700391644908616,0.34595300261096606,0.36525338404743257,1.0,0.0003,1.0,5489.953230857849
depth4_bal_MAMMAMAA,4,MAMMAMAA,18900,226800,0.9857259740432104,1.7012113332748413,1.7113414764404298,0.610313315926893,0.34986945169712796,0.3356080098445016,1.0,0.0003,1.0,5497.956754922867
depth4_bal_MAMMAMAA,4,MAMMAMAA,18925,227100,0.7907570600509644,1.5739972194035847,1.5744019031524659,0.6909268929503917,0.3785900783289817,0.3856136033113324,1.0,0.0003,1.0,5506.931482553482
depth4_bal_MAMMAMAA,4,MAMMAMAA,18950,227400,0.9031216899553934,1.7890119552612305,1.8000804458345685,0.6279373368146214,0.34986945169712796,0.3319163217362121,1.0,0.0003,1.0,5515.9078896045685
depth4_bal_MAMMAMAA,4,MAMMAMAA,18975,227700,0.8077660004297892,1.70118244489034,1.7092105422701154,0.674934725848564,0.35117493472584854,0.36581273073050674,1.0,0.0003,1.0,5523.857070684433
depth4_bal_MAMMAMAA,4,MAMMAMAA,19000,228000,0.7961812367041906,1.5647613604863484,1.5722744362694876,0.6798302872062664,0.36553524804177545,0.37386732296677483,1.0,0.0003,1.0,5532.074776649475
depth4_bal_MAMMAMAA,4,MAMMAMAA,19025,228300,1.8994196951389313,2.159555355707804,2.1271883828299387,0.36161879895561355,0.23759791122715404,0.23761047096990714,1.0,0.0003,1.0,5540.3900628089905
depth4_bal_MAMMAMAA,4,MAMMAMAA,19050,228600,0.9283257325490316,1.7096953789393108,1.6952532121113368,0.6223890339425587,0.3577023498694517,0.350822239624119,1.0,0.0003,1.0,5549.434988975525
depth4_bal_MAMMAMAA,4,MAMMAMAA,19075,228900,0.9326229095458984,1.760282317797343,1.7126965386526924,0.6217362924281984,0.3642297650130548,0.3550732744154827,1.0,0.0003,1.0,5558.688483476639
depth4_bal_MAMMAMAA,4,MAMMAMAA,19100,229200,0.8099439640839895,1.621646483739217,1.6189329147338867,0.6827676240208878,0.3681462140992167,0.3653652533840474,1.0,0.0003,1.0,5567.575541734695
depth4_bal_MAMMAMAA,4,MAMMAMAA,19125,229500,0.8797827710707983,1.6052282253901164,1.563557835987636,0.6449086161879896,0.3681462140992167,0.3780064884215237,1.0,0.0003,1.0,5576.8658838272095
depth4_bal_MAMMAMAA,4,MAMMAMAA,19150,229800,0.7659328579902649,1.5949949026107788,1.5892390864236015,0.6909268929503917,0.4073107049608355,0.38382369392549504,1.0,0.0003,1.0,5586.193560123444
depth4_bal_MAMMAMAA,4,MAMMAMAA,19175,230100,0.9104703466097513,1.7516632080078125,1.691957211494446,0.6253263707571801,0.3472584856396867,0.3498154155945855,1.0,0.0003,1.0,5595.410714626312
depth4_bal_MAMMAMAA,4,MAMMAMAA,19200,230400,0.899229054649671,1.8942525386810303,1.8745813846588135,0.6328328981723238,0.31070496083550914,0.3123391878286162,1.0,0.0003,1.0,5604.74471783638
depth4_bal_MAMMAMAA,4,MAMMAMAA,19225,230700,0.8795927166938782,1.7752118905385335,1.7486395972115654,0.6462140992167101,0.3342036553524804,0.3288958496476116,1.0,0.0003,1.0,5612.955148696899
depth4_bal_MAMMAMAA,4,MAMMAMAA,19250,231000,0.7996632407108942,1.5748733679453533,1.6240570885794503,0.6873368146214099,0.3642297650130548,0.3794607897975165,1.0,0.0003,1.0,5621.162250757217
depth4_bal_MAMMAMAA,4,MAMMAMAA,19275,231300,0.8419572909673055,1.6787006457646687,1.6613034214292253,0.662532637075718,0.3537859007832898,0.3636872133348249,1.0,0.0003,1.0,5629.074684381485
depth4_bal_MAMMAMAA,4,MAMMAMAA,19300,231600,0.8616502036650976,1.630415717760722,1.6442246403012957,0.6622062663185379,0.36161879895561355,0.370399373531715,1.0,0.0003,1.0,5637.273047208786
depth4_bal_MAMMAMAA,4,MAMMAMAA,19325,231900,0.8751886536677679,1.724517782529195,1.7183040721075875,0.6445822454308094,0.3642297650130548,0.34657120483275533,1.0,0.0003,1.0,5641.451754331589
depth4_bal_MAMMAMAA,4,MAMMAMAA,19350,232200,0.8337502181529999,1.7017993927001953,1.6458550691604614,0.6827676240208878,0.3433420365535248,0.36021926389976505,1.0,0.0003,1.0,5644.470400094986
depth4_bal_MAMMAMAA,4,MAMMAMAA,19375,232500,0.9754789670308431,1.6449453830718994,1.6480019126619612,0.5962793733681462,0.3772845953002611,0.3714061975612485,1.0,0.0003,1.0,5647.498265504837
depth4_bal_MAMMAMAA,4,MAMMAMAA,19400,232800,0.8478091508150101,1.5843895276387532,1.6170802525111607,0.6514360313315927,0.36945169712793735,0.378453965767983,1.0,0.0003,1.0,5655.364620923996
depth4_bal_MAMMAMAA,4,MAMMAMAA,19425,233100,0.8797943492730459,1.6604876518249512,1.6755873782294137,0.6429503916449086,0.3681462140992167,0.3491441995748965,1.0,0.0003,1.0,5663.569711446762
depth4_bal_MAMMAMAA,4,MAMMAMAA,19450,233400,0.9349704633156458,1.6768661340077717,1.693161882672991,0.6305483028720626,0.34464751958224543,0.3451169034567625,1.0,0.0003,1.0,5671.767457723618
depth4_bal_MAMMAMAA,4,MAMMAMAA,19475,233700,0.8422473669052124,1.6258203983306885,1.669282031059265,0.6693864229765013,0.3720626631853786,0.3630159973151359,1.0,0.0003,1.0,5679.94492149353
depth4_bal_MAMMAMAA,4,MAMMAMAA,19500,234000,0.9445331494013468,1.69991139570872,1.685798008101327,0.6050913838120104,0.36553524804177545,0.3490323302382817,1.0,0.0003,1.0,5688.229098081589
depth4_bal_MAMMAMAA,4,MAMMAMAA,19525,234300,0.7612455437580744,1.61751389503479,1.686517357826233,0.7052872062663186,0.3629242819843342,0.3584293545139277,1.0,0.0003,1.0,5696.32846736908
depth4_bal_MAMMAMAA,4,MAMMAMAA,19550,234600,1.0018120060364406,1.7735282977422078,1.7600031001227243,0.5861618798955613,0.3472584856396867,0.32240742812395123,1.0,0.0003,1.0,5704.449877500534
depth4_bal_MAMMAMAA,4,MAMMAMAA,19575,234900,0.9220672398805618,1.6853374640146892,1.7011600494384767,0.6171671018276762,0.3629242819843342,0.3478017675355185,1.0,0.0003,1.0,5712.859233617783
depth4_bal_MAMMAMAA,4,MAMMAMAA,19600,235200,0.9521367798248926,1.7832684914271038,1.7926741463797433,0.5985639686684073,0.3368146214099217,0.3207293880747287,1.0,0.0003,1.0,5722.2822477817535
depth4_bal_MAMMAMAA,4,MAMMAMAA,19625,235500,0.7754833201567332,1.5618369579315186,1.618636907849993,0.7033289817232375,0.3877284595300261,0.39154267815191857,1.0,0.0003,1.0,5731.137080669403
depth4_bal_MAMMAMAA,4,MAMMAMAA,19650,235800,0.8830969582001368,1.653013825416565,1.658262494632176,0.6364229765013055,0.37597911227154046,0.35417831972256403,1.0,0.0003,1.0,5739.36491727829
depth4_bal_MAMMAMAA,4,MAMMAMAA,19675,236100,0.8989480485518774,1.667172869046529,1.716783162525722,0.637402088772846,0.3381201044386423,0.3425439087146213,1.0,0.0003,1.0,5747.2989153862
depth4_bal_MAMMAMAA,4,MAMMAMAA,19700,236400,0.8960259755452474,1.6918304363886516,1.7354489122118268,0.6445822454308094,0.34203655352480417,0.34992728493120034,1.0,0.0003,1.0,5755.62051820755
depth4_bal_MAMMAMAA,4,MAMMAMAA,19725,236700,0.9160241732994715,1.7556476990381877,1.7499719517571586,0.6272845953002611,0.3563968668407311,0.3498154155945855,1.0,0.0003,1.0,5763.83012342453
depth4_bal_MAMMAMAA,4,MAMMAMAA,19750,237000,0.8193768411874771,1.6742473045984905,1.6443387644631522,0.6739556135770235,0.3681462140992167,0.37397919230338966,1.0,0.0003,1.0,5772.0248329639435
depth4_bal_MAMMAMAA,4,MAMMAMAA,19775,237300,0.9255498498678207,1.7656995852788289,1.7665468386241368,0.6253263707571801,0.34595300261096606,0.33862848193310213,1.0,0.0003,1.0,5780.144361495972
depth4_bal_MAMMAMAA,4,MAMMAMAA,19800,237600,0.8894253025452296,1.6229908068974812,1.678449331011091,0.6465404699738904,0.3563968668407311,0.35496140507886786,1.0,0.0003,1.0,5788.169106960297
depth4_bal_MAMMAMAA,4,MAMMAMAA,19825,237900,0.810257688164711,1.6286481618881226,1.6184948205947876,0.6719973890339426,0.370757180156658,0.375097885669538,1.0,0.0003,1.0,5796.355017185211
depth4_bal_MAMMAMAA,4,MAMMAMAA,19850,238200,0.8165184656778971,1.5520798365275066,1.6235920769827707,0.6781984334203656,0.3877284595300261,0.3707349815415595,1.0,0.0003,1.0,5804.564487934113
depth4_bal_MAMMAMAA,4,MAMMAMAA,19875,238500,0.8320964177449545,1.6627726952234905,1.6904358216694424,0.6602480417754569,0.3720626631853786,0.3567513144647052,1.0,0.0003,1.0,5812.887765169144
depth4_bal_MAMMAMAA,4,MAMMAMAA,19900,238800,0.8114058276017507,1.6693744262059529,1.7254039900643485,0.6817885117493473,0.3629242819843342,0.36055487190960955,1.0,0.0003,1.0,5820.766403675079
depth4_bal_MAMMAMAA,4,MAMMAMAA,19925,239100,0.9694434702396393,1.688159982363383,1.7001856974193028,0.6008485639686684,0.33550913838120106,0.344781295446918,1.0,0.0003,1.0,5828.875603914261
depth4_bal_MAMMAMAA,4,MAMMAMAA,19950,239400,0.8741897791624069,1.6148228247960408,1.6453829390662058,0.6360966057441253,0.3681462140992167,0.36793824812618864,1.0,0.0003,1.0,5836.26851606369
depth4_bal_MAMMAMAA,4,MAMMAMAA,19975,239700,0.8173913508653641,1.6516896486282349,1.6851294381277901,0.6674281984334204,0.39033942558746737,0.3715180668978633,1.0,0.0003,1.0,5845.1721069812775
depth4_bal_MAMMAMAA,4,MAMMAMAA,20000,240000,0.8163803170124689,1.6408934593200684,1.6330865928104945,0.6775456919060052,0.38511749347258484,0.37375545363016,1.0,0.0003,1.0,5854.466767549515
depth4_bal_MAMMAMAA,4,MAMMAMAA,20025,240300,0.8335811446110407,1.561061938603719,1.5612517765590124,0.6651436031331592,0.4164490861618799,0.39680053697281575,1.0,0.0003,1.0,5862.85190653801
depth4_bal_MAMMAMAA,4,MAMMAMAA,20050,240600,0.8235790977875391,1.7584980328877766,1.7534529890332904,0.6615535248041775,0.35900783289817234,0.3547376664056382,1.0,0.0003,1.0,5871.081239461899
depth4_bal_MAMMAMAA,4,MAMMAMAA,20075,240900,0.8362045486768087,1.6074962615966797,1.628596932547433,0.654373368146214,0.3785900783289817,0.37498601633292317,1.0,0.0003,1.0,5879.132387638092
depth4_bal_MAMMAMAA,4,MAMMAMAA,20100,241200,0.8734847754240036,1.5899232625961304,1.6146301473890032,0.6449086161879896,0.3733681462140992,0.36670768542342547,1.0,0.0003,1.0,5887.3833360672
depth4_bal_MAMMAMAA,4,MAMMAMAA,20125,241500,0.7666754225889841,1.5504672129948933,1.5838433197566442,0.710509138381201,0.40339425587467365,0.3890815527463922,1.0,0.0003,1.0,5896.500941514969
depth4_bal_MAMMAMAA,4,MAMMAMAA,20150,241800,0.847449799378713,1.7392924229303997,1.7402797324316843,0.658289817232376,0.34986945169712796,0.33773352724018346,1.0,0.0003,1.0,5905.038948059082
depth4_bal_MAMMAMAA,4,MAMMAMAA,20175,242100,0.9059129705031713,1.6840155919392903,1.7395818199430193,0.6403394255874674,0.34464751958224543,0.351493455643808,1.0,0.0003,1.0,5913.4369921684265
depth4_bal_MAMMAMAA,4,MAMMAMAA,20200,242400,0.9795878877242407,1.7349323829015095,1.7890453815460206,0.5998694516971279,0.34986945169712796,0.32285490547041057,1.0,0.0003,1.0,5921.707680225372
depth4_bal_MAMMAMAA,4,MAMMAMAA,20225,242700,0.9067311237255732,1.6820144653320312,1.7183887141091483,0.6354438642297651,0.360313315926893,0.34925606891151134,1.0,0.0003,1.0,5927.2146537303925
depth4_bal_MAMMAMAA,4,MAMMAMAA,20250,243000,0.8422868450482687,1.618382215499878,1.6669538872582572,0.6530678851174935,0.3668407310704961,0.36458216802774357,1.0,0.0003,1.0,5935.481780290604
depth4_bal_MAMMAMAA,4,MAMMAMAA,20275,243300,0.8640016069014868,1.7456186612447102,1.7187217031206403,0.6511096605744126,0.34203655352480417,0.3550732744154827,1.0,0.0003,1.0,5943.6210107803345
depth4_bal_MAMMAMAA,4,MAMMAMAA,20300,243600,0.796769435207049,1.6818697055180867,1.7298520633152552,0.672976501305483,0.3720626631853786,0.3604430025729947,1.0,0.0003,1.0,5952.267545938492
depth4_bal_MAMMAMAA,4,MAMMAMAA,20325,243900,1.0723445167144139,1.9553104639053345,1.9571393660136631,0.5626631853785901,0.2989556135770235,0.29287392325763506,1.0,0.0003,1.0,5960.787785053253
depth4_bal_MAMMAMAA,4,MAMMAMAA,20350,244200,1.0018034726381302,1.8711557785669963,1.9093337638037546,0.5907310704960835,0.2989556135770235,0.305067680948652,1.0,0.0003,1.0,5970.207545757294
depth4_bal_MAMMAMAA,4,MAMMAMAA,20375,244500,1.034536396463712,1.9395155509312947,1.9948670319148472,0.5887728459530026,0.30548302872062666,0.29086027519856805,1.0,0.0003,1.0,5979.3232753276825
depth4_bal_MAMMAMAA,4,MAMMAMAA,20400,244800,0.9009731163581213,1.8690528472264607,1.8562378065926688,0.6357702349869452,0.30678851174934724,0.31882760935227655,1.0,0.0003,1.0,5988.603460788727
depth4_bal_MAMMAMAA,4,MAMMAMAA,20425,245100,0.8026183148225149,1.6433883905410767,1.698001674243382,0.6746083550913838,0.381201044386423,0.3663720774135809,1.0,0.0003,1.0,5997.893666267395
depth4_bal_MAMMAMAA,4,MAMMAMAA,20450,245400,0.7430856078863144,1.5914731820424397,1.649865164075579,0.7033289817232375,0.39295039164490864,0.3840474325987247,1.0,0.0003,1.0,6007.157650232315
depth4_bal_MAMMAMAA,4,MAMMAMAA,20475,245700,0.8381841778755188,1.764753818511963,1.7826995713370186,0.6710182767624021,0.3537859007832898,0.344110079427229,1.0,0.0003,1.0,6016.495607376099
depth4_bal_MAMMAMAA,4,MAMMAMAA,20500,246000,0.8835242390632629,1.7180050611495972,1.7453225067683629,0.6400130548302873,0.34986945169712796,0.35026289294104485,1.0,0.0003,1.0,6025.813709020615
depth4_bal_MAMMAMAA,4,MAMMAMAA,20525,246300,0.8460595558087031,1.6387672424316406,1.6934014797210692,0.6628590078328982,0.38511749347258484,0.3734198456203155,1.0,0.0003,1.0,6035.414099931717
depth4_bal_MAMMAMAA,4,MAMMAMAA,20550,246600,0.8766086002190908,1.8322556018829346,1.7987729958125522,0.6488250652741514,0.3237597911227154,0.33303501510236044,1.0,0.0003,1.0,6044.659264326096
depth4_bal_MAMMAMAA,4,MAMMAMAA,20575,246900,0.8123440146446228,1.704004446665446,1.7387252671378,0.6781984334203656,0.35117493472584854,0.3504866316142745,1.0,0.0003,1.0,6053.655264139175
depth4_bal_MAMMAMAA,4,MAMMAMAA,20600,247200,0.9048539151748022,1.6560436487197876,1.6664517266409737,0.6351174934725848,0.3642297650130548,0.36391095200805457,1.0,0.0003,1.0,6062.876844882965
depth4_bal_MAMMAMAA,4,MAMMAMAA,20625,247500,0.9522198786338171,1.6817779938379924,1.7406609501157488,0.6093342036553525,0.34986945169712796,0.344781295446918,1.0,0.0003,1.0,6072.145021915436
depth4_bal_MAMMAMAA,4,MAMMAMAA,20650,247800,0.8395198484261831,1.7141561110814412,1.6992819479533605,0.6553524804177546,0.3368146214099217,0.36279225864190623,1.0,0.0003,1.0,6081.402946472168
depth4_bal_MAMMAMAA,4,MAMMAMAA,20675,248100,0.7490788052479426,1.5936001141866047,1.6764777319771902,0.7030026109660574,0.381201044386423,0.37554536301599734,1.0,0.0003,1.0,6089.791494607925
depth4_bal_MAMMAMAA,4,MAMMAMAA,20700,248400,0.9310012658437093,1.7789559364318848,1.835940384864807,0.6236945169712794,0.34986945169712796,0.3256516388857814,1.0,0.0003,1.0,6098.082872867584
depth4_bal_MAMMAMAA,4,MAMMAMAA,20725,248700,0.9093412458896637,1.8697246313095093,1.919598514693124,0.6210835509138382,0.3342036553524804,0.3226311667971809,1.0,0.0003,1.0,6106.223816394806
depth4_bal_MAMMAMAA,4,MAMMAMAA,20750,249000,0.9386861870686213,1.7003809213638306,1.7361512660980225,0.6106396866840731,0.3237597911227154,0.3263228549054704,1.0,0.0003,1.0,6114.333392858505
depth4_bal_MAMMAMAA,4,MAMMAMAA,20775,249300,0.7617361396551132,1.5847906271616619,1.62843884740557,0.6984334203655352,0.4086161879895561,0.3866204273408659,1.0,0.0003,1.0,6121.8799159526825
depth4_bal_MAMMAMAA,4,MAMMAMAA,20800,249600,0.906636709968249,1.677264928817749,1.6705619982310704,0.6253263707571801,0.3342036553524804,0.3640228213446694,1.0,0.0003,1.0,6130.0035746097565
depth4_bal_MAMMAMAA,4,MAMMAMAA,20825,249900,0.8896089295546213,1.6620593468348186,1.7039669173104421,0.6465404699738904,0.35900783289817234,0.3486967222284372,1.0,0.0003,1.0,6133.129688739777
depth4_bal_MAMMAMAA,4,MAMMAMAA,20850,250200,0.9287664343913397,1.7761953274408977,1.7686652421951294,0.6201044386422977,0.3289817232375979,0.340753999328784,1.0,0.0003,1.0,6139.764275550842
depth4_bal_MAMMAMAA,4,MAMMAMAA,20875,250500,1.0574700832366943,2.0124950408935547,1.9293059042521885,0.5943211488250653,0.304177545691906,0.30562702763172617,1.0,0.0003,1.0,6147.95471405983
depth4_bal_MAMMAMAA,4,MAMMAMAA,20900,250800,1.0885173032681148,1.730816165606181,1.7412051132747106,0.5747389033942559,0.31723237597911225,0.33169258306298244,1.0,0.0003,1.0,6156.263506412506
depth4_bal_MAMMAMAA,4,MAMMAMAA,20925,251100,0.8245338747898737,1.6510042746861775,1.692352523122515,0.6703655352480418,0.3733681462140992,0.35954804788007605,1.0,0.0003,1.0,6164.357941389084
depth4_bal_MAMMAMAA,4,MAMMAMAA,20950,251400,0.8424490988254547,1.807659387588501,1.8024329560143606,0.6654699738903395,0.3185378590078329,0.3339299697952791,1.0,0.0003,1.0,6172.243096590042
depth4_bal_MAMMAMAA,4,MAMMAMAA,20975,251700,0.7940755287806193,1.7487448453903198,1.7671541520527432,0.6817885117493473,0.34464751958224543,0.3478017675355185,1.0,0.0003,1.0,6180.5145444869995
depth4_bal_MAMMAMAA,4,MAMMAMAA,21000,252000,0.8483652770519257,1.6973669528961182,1.727722988809858,0.6677545691906005,0.36553524804177545,0.34858485289182234,1.0,0.0003,1.0,6188.804078817368
depth4_bal_MAMMAMAA,4,MAMMAMAA,21025,252300,0.8848961343367895,1.6450157562891643,1.6765467098781042,0.6449086161879896,0.35509138381201044,0.36447029869112874,1.0,0.0003,1.0,6197.112458705902
depth4_bal_MAMMAMAA,4,MAMMAMAA,21050,252600,0.7030594100554785,1.6155410210291545,1.649328589439392,0.7349869451697127,0.39295039164490864,0.3734198456203155,1.0,0.0003,1.0,6205.099079847336
depth4_bal_MAMMAMAA,4,MAMMAMAA,21075,252900,0.816999172170957,1.7374406258265178,1.7692148753574917,0.6700391644908616,0.3524804177545692,0.3497035462579707,1.0,0.0003,1.0,6213.311474084854
depth4_bal_MAMMAMAA,4,MAMMAMAA,21100,253200,0.9011786977450053,1.6524675687154133,1.6810793365750993,0.6341383812010444,0.36553524804177545,0.36122608792929856,1.0,0.0003,1.0,6220.473034143448
depth4_bal_MAMMAMAA,4,MAMMAMAA,21125,253500,0.8639179070790609,1.766897479693095,1.7956059966768538,0.641644908616188,0.34073107049608353,0.33180445239959727,1.0,0.0003,1.0,6223.490546703339
depth4_bal_MAMMAMAA,4,MAMMAMAA,21150,253800,0.919886643687884,1.8047655423482258,1.8222201108932494,0.6370757180156658,0.30678851174934724,0.3248685535294776,1.0,0.0003,1.0,6226.507121086121
depth4_bal_MAMMAMAA,4,MAMMAMAA,21175,254100,0.8936647574106852,1.6905428171157837,1.7415217058999197,0.6308746736292428,0.35509138381201044,0.34724242085244433,1.0,0.0003,1.0,6229.642653942108
depth4_bal_MAMMAMAA,4,MAMMAMAA,21200,254400,1.0687531630198162,2.168446143468221,2.1874036823000225,0.5652741514360313,0.2650130548302872,0.25282470074952457,1.0,0.0003,1.0,6235.176358938217
depth4_bal_MAMMAMAA,4,MAMMAMAA,21225,254700,0.9602723469336828,1.8061153491338093,1.8331823008401054,0.6021540469973891,0.31462140992167104,0.3200581720550397,1.0,0.0003,1.0,6242.001306295395
depth4_bal_MAMMAMAA,4,MAMMAMAA,21250,255000,0.8814871112505595,1.787788947423299,1.850540746961321,0.6471932114882507,0.35900783289817234,0.32844837230115226,1.0,0.0003,1.0,6250.587022781372
depth4_bal_MAMMAMAA,4,MAMMAMAA,21275,255300,0.824841171503067,1.7000033458073933,1.7470243283680507,0.6599216710182768,0.3629242819843342,0.35160532498042285,1.0,0.0003,1.0,6258.822756528854
depth4_bal_MAMMAMAA,4,MAMMAMAA,21300,255600,0.8964809526999792,1.8029320240020752,1.8129796164376395,0.6276109660574413,0.3198433420365535,0.32151247343103256,1.0,0.0003,1.0,6266.112470149994
depth4_bal_MAMMAMAA,4,MAMMAMAA,21325,255900,0.852530280749003,1.7240808010101318,1.7706316845757621,0.6504569190600522,0.3433420365535248,0.33437744714173845,1.0,0.0003,1.0,6269.147530555725
depth4_bal_MAMMAMAA,4,MAMMAMAA,21350,256200,0.8394835640986761,1.5695099830627441,1.6074646915708268,0.6697127937336814,0.38903394255874674,0.3613379572659134,1.0,0.0003,1.0,6272.170565128326
depth4_bal_MAMMAMAA,4,MAMMAMAA,21375,256500,0.9012543857097626,1.7890031735102336,1.856910695348467,0.6380548302872062,0.3002610966057441,0.29779617406868775,1.0,0.0003,1.0,6275.330595254898
depth4_bal_MAMMAMAA,4,MAMMAMAA,21400,256800,0.851520225405693,1.7660126288731892,1.7385265622820174,0.6573107049608355,0.3289817232375979,0.3417608233583175,1.0,0.0003,1.0,6278.392307043076
depth4_bal_MAMMAMAA,4,MAMMAMAA,21425,257100,0.8393355707327524,1.910239617029826,1.9459374291556222,0.6595953002610966,0.283289817232376,0.2972368273856136,1.0,0.0003,1.0,6281.444972038269
depth4_bal_MAMMAMAA,4,MAMMAMAA,21450,257400,0.9469037403663,1.8774382670720418,1.926487398147583,0.6240208877284595,0.2963446475195822,0.3008166461572883,1.0,0.0003,1.0,6284.485233306885
depth4_bal_MAMMAMAA,4,MAMMAMAA,21475,257700,0.7896220237016678,1.7254674832026164,1.6915273632322039,0.681135770234987,0.3328981723237598,0.3490323302382817,1.0,0.0003,1.0,6287.632751941681
depth4_bal_MAMMAMAA,4,MAMMAMAA,21500,258000,0.7741351922353109,1.690867265065511,1.6673989500318254,0.7033289817232375,0.381201044386423,0.37588097102584184,1.0,0.0003,1.0,6290.674156904221
depth4_bal_MAMMAMAA,4,MAMMAMAA,21525,258300,0.817933922012647,1.7376497586568196,1.7777546099254062,0.6726501305483029,0.3472584856396867,0.33874035126971697,1.0,0.0003,1.0,6293.744417190552
depth4_bal_MAMMAMAA,4,MAMMAMAA,21550,258600,0.713731661438942,1.6336278518040974,1.641379053252084,0.7274804177545692,0.38642297650130547,0.3869560353507104,1.0,0.0003,1.0,6296.86855340004
depth4_bal_MAMMAMAA,4,MAMMAMAA,21575,258900,0.8864353398482004,1.776044448216756,1.842478026662554,0.6426240208877284,0.33159268929503916,0.32374986016332924,1.0,0.0003,1.0,6299.928247451782
depth4_bal_MAMMAMAA,4,MAMMAMAA,21600,259200,0.7591297378142675,1.6080159346262615,1.6726535558700562,0.6902741514360313,0.391644908616188,0.3678263787895738,1.0,0.0003,1.0,6302.959805488586
depth4_bal_MAMMAMAA,4,MAMMAMAA,21625,259500,0.743484785159429,1.5574171940485637,1.6186736515590123,0.7196475195822454,0.4112271540469974,0.3867322966774807,1.0,0.0003,1.0,6305.985391139984
depth4_bal_MAMMAMAA,4,MAMMAMAA,21650,259800,0.8311411142349243,1.7231080134709675,1.7067709411893572,0.6657963446475196,0.33159268929503916,0.35663944512809037,1.0,0.0003,1.0,6309.151579380035
depth4_bal_MAMMAMAA,4,MAMMAMAA,21675,260100,0.8672053813934326,1.666412591934204,1.6794491120747157,0.6445822454308094,0.35509138381201044,0.3604430025729947,1.0,0.0003,1.0,6312.157381772995
depth4_bal_MAMMAMAA,4,MAMMAMAA,21700,260400,0.7796539564927419,1.5689315795898438,1.5837503262928554,0.6935378590078329,0.39295039164490864,0.38818659805347355,1.0,0.0003,1.0,6315.164365768433
depth4_bal_MAMMAMAA,4,MAMMAMAA,21725,260700,0.8370693425337473,1.6777364015579224,1.6897092478615896,0.6586161879895561,0.36553524804177545,0.36480590670097324,1.0,0.0003,1.0,6318.177865028381
depth4_bal_MAMMAMAA,4,MAMMAMAA,21750,261000,0.8918982694546381,1.8276163339614868,1.840284081867763,0.6449086161879896,0.30809399477806787,0.31457657456091287,1.0,0.0003,1.0,6321.296466350555
depth4_bal_MAMMAMAA,4,MAMMAMAA,21775,261300,0.8396412481864294,1.7541447083155315,1.770682944570269,0.668733681462141,0.36945169712793735,0.3404183913189395,1.0,0.0003,1.0,6324.302786111832
depth4_bal_MAMMAMAA,4,MAMMAMAA,21800,261600,0.7690258572498957,1.617960532506307,1.6747543164661953,0.7039817232375979,0.3877284595300261,0.3720774135809375,1.0,0.0003,1.0,6327.301160097122
depth4_bal_MAMMAMAA,4,MAMMAMAA,21825,261900,0.92250128587087,1.782767653465271,1.7952673435211182,0.6302219321148825,0.3394255874673629,0.33739791923033896,1.0,0.0003,1.0,6330.327397108078
depth4_bal_MAMMAMAA,4,MAMMAMAA,21850,262200,0.795318732659022,1.6195868253707886,1.6719900608062743,0.6850522193211488,0.38511749347258484,0.3830406085691912,1.0,0.0003,1.0,6333.442894458771
depth4_bal_MAMMAMAA,4,MAMMAMAA,21875,262500,0.8782526701688766,1.7530070145924885,1.7734225920268467,0.6465404699738904,0.34203655352480417,0.34892046090166684,1.0,0.0003,1.0,6339.79839348793
depth4_bal_MAMMAMAA,4,MAMMAMAA,21900,262800,1.097170705596606,2.0514864126841226,2.0645769323621477,0.5704960835509139,0.2754569190600522,0.2838125069918335,1.0,0.0003,1.0,6348.03608417511
depth4_bal_MAMMAMAA,4,MAMMAMAA,21925,263100,0.7337809900442759,1.6154623826344807,1.686882209777832,0.7330287206266318,0.39947780678851175,0.3823693925495022,1.0,0.0003,1.0,6356.815306663513
depth4_bal_MAMMAMAA,4,MAMMAMAA,21950,263400,0.8711284945408503,1.7371029456456502,1.8257142203194754,0.6517624020887729,0.3276762402088773,0.32677033225192975,1.0,0.0003,1.0,6364.997447967529
depth4_bal_MAMMAMAA,4,MAMMAMAA,21975,263700,0.8294268002112707,1.6001792748769124,1.642121366092137,0.6657963446475196,0.3668407310704961,0.3705112428683298,1.0,0.0003,1.0,6373.107314586639
depth4_bal_MAMMAMAA,4,MAMMAMAA,22000,264000,0.8509514977534612,1.6882894039154053,1.7008309773036412,0.6661227154046997,0.34856396866840733,0.352835887683186,1.0,0.0003,1.0,6381.231634378433
depth4_bal_MAMMAMAA,4,MAMMAMAA,22025,264300,0.9217633903026581,1.9356772502263386,1.927742872919355,0.6279373368146214,0.29112271540469975,0.30562702763172617,1.0,0.0003,1.0,6384.816565990448
depth4_bal_MAMMAMAA,4,MAMMAMAA,22050,264600,0.8931157688299814,1.7419919967651367,1.7689763341631208,0.6387075718015666,0.3381201044386423,0.3395234366260208,1.0,0.0003,1.0,6387.858664512634
depth4_bal_MAMMAMAA,4,MAMMAMAA,22075,264900,0.7728179842233658,1.6902936697006226,1.667516507421221,0.6964751958224543,0.40339425587467365,0.3879628593802439,1.0,0.0003,1.0,6391.368354320526
depth4_bal_MAMMAMAA,4,MAMMAMAA,22100,265200,0.8347989916801453,1.7464621861775715,1.750943010193961,0.6674281984334204,0.3433420365535248,0.34265577805123615,1.0,0.0003,1.0,6397.895953655243
depth4_bal_MAMMAMAA,4,MAMMAMAA,22125,265500,1.1510944813489914,1.6751418113708496,1.7345819916043963,0.5512402088772846,0.3224543080939948,0.3239735988365589,1.0,0.0003,1.0,6404.904276609421
depth4_bal_MAMMAMAA,4,MAMMAMAA,22150,265800,0.8082350939512253,1.779048005739848,1.7436253922326224,0.6739556135770235,0.34464751958224543,0.35484953574225303,1.0,0.0003,1.0,6411.582239866257
depth4_bal_MAMMAMAA,4,MAMMAMAA,22175,266100,1.1534545322259266,1.9739995797475178,1.9612987586430142,0.539490861618799,0.3133159268929504,0.2965656113659246,1.0,0.0003,1.0,6419.677305936813
depth4_bal_MAMMAMAA,4,MAMMAMAA,22200,266400,0.8578269730011622,1.7569783926010132,1.7515776532036917,0.6494778067885117,0.3302872062663185,0.3457881194764515,1.0,0.0003,1.0,6427.237681150436
depth4_bal_MAMMAMAA,4,MAMMAMAA,22225,266700,0.8342747191588084,1.7472622394561768,1.7650411639894759,0.6703655352480418,0.35117493472584854,0.34534064212999216,1.0,0.0003,1.0,6435.411408185959
depth4_bal_MAMMAMAA,4,MAMMAMAA,22250,267000,0.774693156282107,1.817850669225057,1.8242525679724557,0.70822454308094,0.3381201044386423,0.34097773800201364,1.0,0.0003,1.0,6443.472840547562
depth4_bal_MAMMAMAA,4,MAMMAMAA,22275,267300,0.8016203294197718,1.6180808544158936,1.6448073557444982,0.6928851174934726,0.3825065274151436,0.37621657903568634,1.0,0.0003,1.0,6451.356191158295
depth4_bal_MAMMAMAA,4,MAMMAMAA,22300,267600,0.7796139270067215,1.6605220238367717,1.7045578105109078,0.6925587467362925,0.3642297650130548,0.36491777603758807,1.0,0.0003,1.0,6459.523306131363
depth4_bal_MAMMAMAA,4,MAMMAMAA,22325,267900,1.0425413797299068,1.7732926209767659,1.7753212349755423,0.5776762402088773,0.34073107049608353,0.3341537084685088,1.0,0.0003,1.0,6467.485051870346
depth4_bal_MAMMAMAA,4,MAMMAMAA,22350,268200,0.882756695151329,1.6667623122533162,1.667084012712751,0.6351174934725848,0.34856396866840733,0.36827385613603314,1.0,0.0003,1.0,6475.676497936249
depth4_bal_MAMMAMAA,4,MAMMAMAA,22375,268500,0.9331242591142654,1.6889692942301433,1.7054547548294068,0.6321801566579635,0.3472584856396867,0.3504866316142745,1.0,0.0003,1.0,6483.738340377808
depth4_bal_MAMMAMAA,4,MAMMAMAA,22400,268800,0.7959577689568201,1.6262065569559734,1.7120379039219447,0.6879895561357703,0.37597911227154046,0.36447029869112874,1.0,0.0003,1.0,6492.139384269714
depth4_bal_MAMMAMAA,4,MAMMAMAA,22425,269100,0.8247541785240173,1.666196306546529,1.7043607473373412,0.6755874673629243,0.37597911227154046,0.352164671663497,1.0,0.0003,1.0,6499.745389223099
depth4_bal_MAMMAMAA,4,MAMMAMAA,22450,269400,0.8489216019709905,1.723660945892334,1.7594497101647513,0.6481723237597912,0.34073107049608353,0.33840474325987246,1.0,0.0003,1.0,6507.907004833221
depth4_bal_MAMMAMAA,4,MAMMAMAA,22475,269700,0.9595449616511663,1.773962140083313,1.8232878582818168,0.616514360313316,0.3368146214099217,0.33180445239959727,1.0,0.0003,1.0,6516.111952543259
depth4_bal_MAMMAMAA,4,MAMMAMAA,22500,270000,0.8077012052138647,1.6415958007176716,1.6627188784735543,0.6892950391644909,0.36553524804177545,0.377782749748294,1.0,0.0003,1.0,6524.456249237061
depth4_bal_MAMMAMAA,4,MAMMAMAA,22525,270300,0.8127748568852743,1.7038689454396565,1.7463727576392039,0.6775456919060052,0.34986945169712796,0.34601185814968116,1.0,0.0003,1.0,6532.729780673981
depth4_bal_MAMMAMAA,4,MAMMAMAA,22550,270600,0.8299433588981628,1.7827252944310505,1.7943815435682025,0.6671018276762402,0.32506527415143605,0.342096431368162,1.0,0.0003,1.0,6541.977888584137
depth4_bal_MAMMAMAA,4,MAMMAMAA,22575,270900,0.8947673986355463,1.6747485001881917,1.6986350570406232,0.6504569190600522,0.35117493472584854,0.3533952343662602,1.0,0.0003,1.0,6549.941554307938
depth4_bal_MAMMAMAA,4,MAMMAMAA,22600,271200,0.9554767360289892,1.7479212681452434,1.7643569435392108,0.6109660574412533,0.33550913838120106,0.3352724018346571,1.0,0.0003,1.0,6558.0872921943665
depth4_bal_MAMMAMAA,4,MAMMAMAA,22625,271500,0.8563469598690668,1.726148207982381,1.7751404898507255,0.6507832898172323,0.3524804177545692,0.34399821009061415,1.0,0.0003,1.0,6566.280951976776
depth4_bal_MAMMAMAA,4,MAMMAMAA,22650,271800,0.8143200178941091,1.8411049445470173,1.8315186636788505,0.6726501305483029,0.30809399477806787,0.3315807137263676,1.0,0.0003,1.0,6574.345742940903
depth4_bal_MAMMAMAA,4,MAMMAMAA,22675,272100,0.9272909909486771,1.6368767023086548,1.695850658416748,0.6227154046997389,0.3629242819843342,0.352164671663497,1.0,0.0003,1.0,6582.621452569962
depth4_bal_MAMMAMAA,4,MAMMAMAA,22700,272400,0.8330088704824448,1.6235796610514324,1.6732097114835467,0.668733681462141,0.36945169712793735,0.36648394675019574,1.0,0.0003,1.0,6590.784136533737
depth4_bal_MAMMAMAA,4,MAMMAMAA,22725,272700,0.7837332983811697,1.6703568696975708,1.7663400309426445,0.6879895561357703,0.3825065274151436,0.35160532498042285,1.0,0.0003,1.0,6598.9989058971405
depth4_bal_MAMMAMAA,4,MAMMAMAA,22750,273000,0.8062562942504883,1.7056070566177368,1.7459385633468627,0.6850522193211488,0.3381201044386423,0.352835887683186,1.0,0.0003,1.0,6605.00058722496
depth4_bal_MAMMAMAA,4,MAMMAMAA,22775,273300,0.8202076653639475,1.6941340764363606,1.7212773186819894,0.6739556135770235,0.34986945169712796,0.3569750531379349,1.0,0.0003,1.0,6608.1630799770355
depth4_bal_MAMMAMAA,4,MAMMAMAA,22800,273600,0.8802105486392975,1.6589916547139485,1.742782119342259,0.6432767624020888,0.3642297650130548,0.3422083007047768,1.0,0.0003,1.0,6611.3529806137085
depth4_bal_MAMMAMAA,4,MAMMAMAA,22825,273900,0.7970404128233591,1.7728777726491292,1.8093911409378052,0.6847258485639687,0.3629242819843342,0.34858485289182234,1.0,0.0003,1.0,6619.4413068294525
depth4_bal_MAMMAMAA,4,MAMMAMAA,22850,274200,0.8497659464677175,1.7956551710764568,1.83194214957101,0.6609007832898173,0.3368146214099217,0.3282246336279226,1.0,0.0003,1.0,6627.645799636841
depth4_bal_MAMMAMAA,4,MAMMAMAA,22875,274500,0.8873881647984186,1.6875209013621013,1.7485141992568969,0.6422976501305483,0.3629242819843342,0.34657120483275533,1.0,0.0003,1.0,6635.967281103134
depth4_bal_MAMMAMAA,4,MAMMAMAA,22900,274800,0.8592186619838079,1.7476044495900471,1.7971197060176305,0.6550261096605744,0.3394255874673629,0.32374986016332924,1.0,0.0003,1.0,6644.128860473633
depth4_bal_MAMMAMAA,4,MAMMAMAA,22925,275100,0.9409229060014089,1.7849530776341755,1.8029203721455165,0.6142297650130548,0.30156657963446476,0.31412909721445353,1.0,0.0003,1.0,6652.31115436554
depth4_bal_MAMMAMAA,4,MAMMAMAA,22950,275400,0.7887970954179764,1.7264931201934814,1.7393865142549787,0.6919060052219321,0.3368146214099217,0.3448931647835328,1.0,0.0003,1.0,6660.585830211639
depth4_bal_MAMMAMAA,4,MAMMAMAA,22975,275700,0.791832889119784,1.7302289009094238,1.7301059586661203,0.6879895561357703,0.34856396866840733,0.3589887011970019,1.0,0.0003,1.0,6668.7917330265045
depth4_bal_MAMMAMAA,4,MAMMAMAA,23000,276000,0.8347820391257604,1.688698689142863,1.7487559829439436,0.6612271540469974,0.34595300261096606,0.3510459782973487,1.0,0.0003,1.0,6677.00278711319
depth4_bal_MAMMAMAA,4,MAMMAMAA,23025,276300,0.9765993704398473,1.858147382736206,1.8177952289581298,0.6116187989556136,0.3263707571801567,0.3193869560353507,1.0,0.0003,1.0,6685.345304727554
depth4_bal_MAMMAMAA,4,MAMMAMAA,23050,276600,0.7969110955794653,1.6297847032546997,1.7117529732840402,0.679177545691906,0.370757180156658,0.3623447812954469,1.0,0.0003,1.0,6693.58421254158
depth4_bal_MAMMAMAA,4,MAMMAMAA,23075,276900,0.7654161602258682,1.5613609155019124,1.633515729222979,0.7088772845953003,0.37597911227154046,0.381810045866428,1.0,0.0003,1.0,6701.77778172493
depth4_bal_MAMMAMAA,4,MAMMAMAA,23100,277200,0.8220593730608622,1.6541340351104736,1.7664597000394548,0.6697127937336814,0.37989556135770236,0.35518514375209753,1.0,0.0003,1.0,6710.02266907692
depth4_bal_MAMMAMAA,4,MAMMAMAA,23125,277500,0.8131260722875595,1.7253077427546184,1.793278547695705,0.6671018276762402,0.3681462140992167,0.353507103702875,1.0,0.0003,1.0,6714.796399831772
depth4_bal_MAMMAMAA,4,MAMMAMAA,23150,277800,0.7996250043312708,1.8457353512446086,1.8486630644117084,0.6781984334203656,0.33550913838120106,0.3339299697952791,1.0,0.0003,1.0,6718.132520675659
depth4_bal_MAMMAMAA,4,MAMMAMAA,23175,278100,0.8585729002952576,1.7868343591690063,1.834622607912336,0.6569843342036553,0.34073107049608353,0.33874035126971697,1.0,0.0003,1.0,6726.330328702927
depth4_bal_MAMMAMAA,4,MAMMAMAA,23200,278400,0.9127469509840012,1.7646377086639404,1.7806710004806519,0.6272845953002611,0.33159268929503916,0.3417608233583175,1.0,0.0003,1.0,6734.553929805756
depth4_bal_MAMMAMAA,4,MAMMAMAA,23225,278700,0.8477960626284281,1.7706741094589233,1.7902177436011177,0.6494778067885117,0.34464751958224543,0.3442219487638438,1.0,0.0003,1.0,6742.654062747955
depth4_bal_MAMMAMAA,4,MAMMAMAA,23250,279000,0.8304527550935745,1.7785691022872925,1.7861985683441162,0.6706919060052219,0.3472584856396867,0.34198456203154715,1.0,0.0003,1.0,6748.980297803879
depth4_bal_MAMMAMAA,4,MAMMAMAA,23275,279300,0.8122065315643946,1.6579567193984985,1.666471815109253,0.6830939947780679,0.3681462140992167,0.3727486296006265,1.0,0.0003,1.0,6757.10743188858
depth4_bal_MAMMAMAA,4,MAMMAMAA,23300,279600,0.826531300942103,1.7167352835337322,1.794056715284075,0.6713446475195822,0.34595300261096606,0.33639109520080546,1.0,0.0003,1.0,6765.063670873642
depth4_bal_MAMMAMAA,4,MAMMAMAA,23325,279900,0.872003177801768,1.7128674983978271,1.7410466500691004,0.6484986945169713,0.3720626631853786,0.3591005705336167,1.0,0.0003,1.0,6773.0421233177185
depth4_bal_MAMMAMAA,4,MAMMAMAA,23350,280200,0.98155876994133,1.8351757923762004,1.78263521194458,0.6001958224543081,0.3093994778067885,0.33639109520080546,1.0,0.0003,1.0,6780.739534854889
depth4_bal_MAMMAMAA,4,MAMMAMAA,23375,280500,0.864958127339681,1.8263852993647258,1.8542163508278984,0.6449086161879896,0.32506527415143605,0.3335943617854346,1.0,0.0003,1.0,6788.979055643082
depth4_bal_MAMMAMAA,4,MAMMAMAA,23400,280800,0.7591168085734049,1.6448142131169636,1.6964558907917568,0.7007180156657964,0.4086161879895561,0.3769996643919902,1.0,0.0003,1.0,6797.199521303177
depth4_bal_MAMMAMAA,4,MAMMAMAA,23425,281100,0.8499036828676859,1.8769395351409912,1.8087748459407262,0.6432767624020888,0.3185378590078329,0.32442107618301824,1.0,0.0003,1.0,6805.491516828537
depth4_bal_MAMMAMAA,4,MAMMAMAA,23450,281400,0.9197117586930593,1.676524043083191,1.7263846363340105,0.6318537859007833,0.3289817232375979,0.3478017675355185,1.0,0.0003,1.0,6808.831521272659
depth4_bal_MAMMAMAA,4,MAMMAMAA,23475,281700,1.0440700749556224,1.976337154706319,2.0392797980989728,0.5760443864229765,0.283289817232376,0.29421635529701307,1.0,0.0003,1.0,6811.846794366837
depth4_bal_MAMMAMAA,4,MAMMAMAA,23500,282000,0.9809718728065491,1.6612884998321533,1.7204082795551845,0.6077023498694517,0.3537859007832898,0.34466942611030316,1.0,0.0003,1.0,6814.859835863113
depth4_bal_MAMMAMAA,4,MAMMAMAA,23525,282300,0.8206923454999924,1.7176961501439412,1.7520315272467477,0.6657963446475196,0.3720626631853786,0.3668195547600403,1.0,0.0003,1.0,6818.067276477814
depth4_bal_MAMMAMAA,4,MAMMAMAA,23550,282600,0.7799021999041239,1.7131084203720093,1.783741852215358,0.6824412532637075,0.36161879895561355,0.35496140507886786,1.0,0.0003,1.0,6821.106473207474
depth4_bal_MAMMAMAA,4,MAMMAMAA,23575,282900,0.8870417475700378,1.835439125696818,1.8741367135729108,0.6377284595300261,0.3276762402088773,0.31748517731289855,1.0,0.0003,1.0,6824.124932527542
depth4_bal_MAMMAMAA,4,MAMMAMAA,23600,283200,0.7850183993577957,1.6812204917271931,1.7186986855098179,0.6925587467362925,0.38511749347258484,0.36793824812618864,1.0,0.0003,1.0,6827.256714820862
depth4_bal_MAMMAMAA,4,MAMMAMAA,23625,283500,0.8325029015541077,1.659088412920634,1.7394711766924178,0.662532637075718,0.37989556135770236,0.35954804788007605,1.0,0.0003,1.0,6830.2862095832825
depth4_bal_MAMMAMAA,4,MAMMAMAA,23650,283800,0.8050800810257593,1.761625091234843,1.8114754404340472,0.6755874673629243,0.32506527415143605,0.33202819107282694,1.0,0.0003,1.0,6839.445354223251
depth4_bal_MAMMAMAA,4,MAMMAMAA,23675,284100,0.7959810594717661,1.7295692761739094,1.8190084218978881,0.6772193211488251,0.3668407310704961,0.3415370846850878,1.0,0.0003,1.0,6848.687138557434
depth4_bal_MAMMAMAA,4,MAMMAMAA,23700,284400,0.9084572196006775,1.6097328265508015,1.6692998341151646,0.6465404699738904,0.34464751958224543,0.35429018905917886,1.0,0.0003,1.0,6857.302015542984
depth4_bal_MAMMAMAA,4,MAMMAMAA,23725,284700,0.750807136297226,1.735349138577779,1.7658433948244368,0.6977806788511749,0.34856396866840733,0.34959167692135584,1.0,0.0003,1.0,6865.450787782669
depth4_bal_MAMMAMAA,4,MAMMAMAA,23750,285000,0.9618129829565684,1.9317047198613484,1.9104898929595948,0.6044386422976501,0.2950391644908616,0.30059290748405865,1.0,0.0003,1.0,6873.555591344833
depth4_bal_MAMMAMAA,4,MAMMAMAA,23775,285300,0.9275077631076177,1.8465454578399658,1.8373258079801287,0.6178198433420365,0.3368146214099217,0.3388522206063318,1.0,0.0003,1.0,6881.6392550468445
depth4_bal_MAMMAMAA,4,MAMMAMAA,23800,285600,0.9051342854897181,1.7881959676742554,1.8405727931431362,0.6236945169712794,0.3133159268929504,0.32084125741134356,1.0,0.0003,1.0,6889.902448415756
depth4_bal_MAMMAMAA,4,MAMMAMAA,23825,285900,0.7585786233345667,1.7269621690114338,1.7581046955926078,0.7030026109660574,0.3785900783289817,0.3550732744154827,1.0,0.0003,1.0,6898.098828315735
depth4_bal_MAMMAMAA,4,MAMMAMAA,23850,286200,0.7048645317554474,1.7072035868962605,1.7818235295159477,0.7255221932114883,0.36553524804177545,0.36391095200805457,1.0,0.0003,1.0,6907.199732065201
depth4_bal_MAMMAMAA,4,MAMMAMAA,23875,286500,1.024357224504153,1.76706858476003,1.7993571962629045,0.5923629242819843,0.31201044386422977,0.3219599507774919,1.0,0.0003,1.0,6915.4883913993835
depth4_bal_MAMMAMAA,4,MAMMAMAA,23900,286800,1.0607282022635143,1.9693539937337239,2.0112088544028146,0.5881201044386423,0.27154046997389036,0.2850430696945967,1.0,0.0003,1.0,6924.8106236457825
depth4_bal_MAMMAMAA,4,MAMMAMAA,23925,287100,0.9670707037051519,1.7924764553705852,1.7745592151369367,0.6178198433420365,0.3394255874673629,0.3348249244881978,1.0,0.0003,1.0,6934.070493221283
depth4_bal_MAMMAMAA,4,MAMMAMAA,23950,287400,0.9147021770477295,1.7200793822606404,1.7773007188524519,0.6181462140992167,0.34073107049608353,0.3256516388857814,1.0,0.0003,1.0,6942.640633821487
depth4_bal_MAMMAMAA,4,MAMMAMAA,23975,287700,0.9047234753767649,1.8302907546361287,1.9053079162325177,0.6426240208877284,0.3381201044386423,0.31289853451169036,1.0,0.0003,1.0,6950.980932235718
depth4_bal_MAMMAMAA,4,MAMMAMAA,24000,288000,0.974716991186142,2.117150624593099,2.105754784175328,0.6005221932114883,0.3028720626631854,0.2956706566730059,1.0,0.0003,1.0,6959.184916973114
depth4_bal_MAMMAMAA,4,MAMMAMAA,24025,288300,0.7496649026870728,1.713617245356242,1.7475242819104875,0.7078981723237598,0.35509138381201044,0.3640228213446694,1.0,0.0003,1.0,6967.8796944618225
depth4_bal_MAMMAMAA,4,MAMMAMAA,24050,288600,0.7272895475228628,1.7168012062708538,1.7895896128245763,0.7232375979112271,0.36161879895561355,0.3573106611477794,1.0,0.0003,1.0,6973.873517036438
depth4_bal_MAMMAMAA,4,MAMMAMAA,24075,288900,0.7113769004742304,1.720685879389445,1.788057930128915,0.7251958224543081,0.370757180156658,0.3570869224745497,1.0,0.0003,1.0,6977.523995637894
depth4_bal_MAMMAMAA,4,MAMMAMAA,24100,289200,1.0337839027245839,1.8045659859975178,1.8534745863505773,0.5845300261096605,0.33159268929503916,0.3150240519073722,1.0,0.0003,1.0,6980.573905706406
depth4_bal_MAMMAMAA,4,MAMMAMAA,24125,289500,0.7474676271279653,1.6796267827351887,1.6740632431847708,0.7101827676240209,0.370757180156658,0.375097885669538,1.0,0.0003,1.0,6983.614058017731
depth4_bal_MAMMAMAA,4,MAMMAMAA,24150,289800,0.8193716208140055,1.9185866912206013,1.9778853722981045,0.6723237597911227,0.30548302872062666,0.29555878733639107,1.0,0.0003,1.0,6986.651471376419
depth4_bal_MAMMAMAA,4,MAMMAMAA,24175,290100,0.7213853349288305,1.6257903178532918,1.6938185589654104,0.7232375979112271,0.38642297650130547,0.3705112428683298,1.0,0.0003,1.0,6989.802729606628
depth4_bal_MAMMAMAA,4,MAMMAMAA,24200,290400,0.8535740226507187,1.8306945164998372,1.8712539536612374,0.6546997389033943,0.35509138381201044,0.3305738896968341,1.0,0.0003,1.0,6993.351296424866
depth4_bal_MAMMAMAA,4,MAMMAMAA,24225,290700,0.772123192747434,1.7299556334813435,1.7478591510227748,0.6935378590078329,0.35117493472584854,0.36424656001789907,1.0,0.0003,1.0,7001.553200721741
depth4_bal_MAMMAMAA,4,MAMMAMAA,24250,291000,1.3248576919237773,2.0227582454681396,2.044819532121931,0.5127284595300261,0.27154046997389036,0.26703210649960846,1.0,0.0003,1.0,7009.763282299042
depth4_bal_MAMMAMAA,4,MAMMAMAA,24275,291300,0.7632129887739817,1.7621869643529255,1.809138080051967,0.6977806788511749,0.34203655352480417,0.3486967222284372,1.0,0.0003,1.0,7017.84276676178
depth4_bal_MAMMAMAA,4,MAMMAMAA,24300,291600,0.8286502559979757,1.7168675661087036,1.7991068192890711,0.6638381201044387,0.3381201044386423,0.3338181004586643,1.0,0.0003,1.0,7020.885074853897
depth4_bal_MAMMAMAA,4,MAMMAMAA,24325,291900,0.8143087029457092,1.6869699557622273,1.763486623764038,0.681135770234987,0.3642297650130548,0.3520528023268822,1.0,0.0003,1.0,7023.920127868652
depth4_bal_MAMMAMAA,4,MAMMAMAA,24350,292200,0.8143264750639597,1.7581719954808552,1.796307747704642,0.674934725848564,0.3537859007832898,0.3525002796733415,1.0,0.0003,1.0,7027.632523775101
depth4_bal_MAMMAMAA,4,MAMMAMAA,24375,292500,0.8058358430862427,1.737601359685262,1.7604186194283622,0.6814621409921671,0.3368146214099217,0.3544020583957937,1.0,0.0003,1.0,7035.082313776016
depth4_bal_MAMMAMAA,4,MAMMAMAA,24400,292800,0.9466736515363058,1.948952277501424,1.9418026106698172,0.6168407310704961,0.2963446475195822,0.29444009397024273,1.0,0.0003,1.0,7043.283619403839
depth4_bal_MAMMAMAA,4,MAMMAMAA,24425,293100,0.9347065687179565,1.7439823150634766,1.7974776881081718,0.6135770234986945,0.34464751958224543,0.3361673565275758,1.0,0.0003,1.0,7051.154753446579
depth4_bal_MAMMAMAA,4,MAMMAMAA,24450,293400,0.8336281031370163,1.8178277810414631,1.8914607286453247,0.6615535248041775,0.3263707571801567,0.3206175187381139,1.0,0.0003,1.0,7059.194675445557
depth4_bal_MAMMAMAA,4,MAMMAMAA,24475,293700,0.8408732861280441,1.7991408109664917,1.8094000577926637,0.6560052219321149,0.3472584856396867,0.34433381810045866,1.0,0.0003,1.0,7067.21687245369
depth4_bal_MAMMAMAA,4,MAMMAMAA,24500,294000,0.8944445004065832,1.7967280149459839,1.8587234599249705,0.6393603133159269,0.3276762402088773,0.3282246336279226,1.0,0.0003,1.0,7075.348798274994
depth4_bal_MAMMAMAA,4,MAMMAMAA,24525,294300,0.8640019992987314,1.6832995017369587,1.8029130629130772,0.6651436031331592,0.35117493472584854,0.33504866316142745,1.0,0.0003,1.0,7084.589690446854
depth4_bal_MAMMAMAA,4,MAMMAMAA,24550,294600,0.8262863407532374,1.9263782501220703,1.944057069505964,0.674934725848564,0.3381201044386423,0.31021367043293435,1.0,0.0003,1.0,7093.899399995804
depth4_bal_MAMMAMAA,4,MAMMAMAA,24575,294900,0.7770954221487045,1.7782728672027588,1.8163274424416678,0.7007180156657964,0.3342036553524804,0.33997091397248014,1.0,0.0003,1.0,7102.516254901886
depth4_bal_MAMMAMAA,4,MAMMAMAA,24600,295200,0.8187998831272125,1.7667791446050007,1.8279308080673218,0.6785248041775457,0.3368146214099217,0.33974717529925047,1.0,0.0003,1.0,7111.159191131592
depth4_bal_MAMMAMAA,4,MAMMAMAA,24625,295500,0.8391834596792856,1.763062596321106,1.816156894820077,0.6566579634464752,0.33159268929503916,0.33046202036021927,1.0,0.0003,1.0,7119.771022081375
depth4_bal_MAMMAMAA,4,MAMMAMAA,24650,295800,0.7876294255256653,1.6947118838628132,1.7686627558299473,0.6932114882506527,0.3629242819843342,0.3452287727933773,1.0,0.0003,1.0,7129.009145259857
depth4_bal_MAMMAMAA,4,MAMMAMAA,24675,296100,0.8814818064371744,1.7460508743921916,1.8014405727386475,0.6452349869451697,0.35900783289817234,0.33795726591341313,1.0,0.0003,1.0,7138.258284568787
depth4_bal_MAMMAMAA,4,MAMMAMAA,24700,296400,1.06973231335481,1.9818791151046753,2.0220815556389944,0.5887728459530026,0.24281984334203655,0.27788343215124733,1.0,0.0003,1.0,7147.412128686905
depth4_bal_MAMMAMAA,4,MAMMAMAA,24725,296700,0.8819669733444849,1.735273281733195,1.774066492489406,0.6351174934725848,0.3524804177545692,0.3444456874370735,1.0,0.0003,1.0,7156.11688876152
depth4_bal_MAMMAMAA,4,MAMMAMAA,24750,297000,0.9004980673392614,2.0010813077290854,1.9507221800940377,0.6341383812010444,0.2989556135770235,0.30394898758250366,1.0,0.0003,1.0,7164.312869310379
depth4_bal_MAMMAMAA,4,MAMMAMAA,24775,297300,0.9555807163317999,1.8231895367304485,1.8404228210449218,0.616514360313316,0.29765013054830286,0.31480031323414254,1.0,0.0003,1.0,7172.475198507309
depth4_bal_MAMMAMAA,4,MAMMAMAA,24800,297600,0.7177891284227371,1.7784110307693481,1.779733327456883,0.7268276762402088,0.3629242819843342,0.3538427117127195,1.0,0.0003,1.0,7180.672022104263
depth4_bal_MAMMAMAA,4,MAMMAMAA,24825,297900,0.843318854769071,1.7113044659296672,1.7737353835787093,0.6612271540469974,0.39425587467362927,0.35820561584069804,1.0,0.0003,1.0,7188.889961242676
depth4_bal_MAMMAMAA,4,MAMMAMAA,24850,298200,0.8588846723238627,1.7249486049016316,1.7435641765594483,0.6618798955613577,0.3368146214099217,0.34567625013983666,1.0,0.0003,1.0,7196.88999581337
depth4_bal_MAMMAMAA,4,MAMMAMAA,24875,298500,0.8657912115255991,1.8128792842229207,1.825815967151097,0.6618798955613577,0.34856396866840733,0.33907595927956147,1.0,0.0003,1.0,7204.911637067795
depth4_bal_MAMMAMAA,4,MAMMAMAA,24900,298800,0.8265792280435562,1.6956295569737752,1.7227659497942243,0.6716710182767625,0.3733681462140992,0.3603311332363799,1.0,0.0003,1.0,7213.100544214249
depth4_bal_MAMMAMAA,4,MAMMAMAA,24925,299100,1.0574605266253154,2.15909751256307,2.208821439743042,0.5881201044386423,0.27023498694516973,0.2612149009956371,1.0,0.0003,1.0,7221.440123319626
depth4_bal_MAMMAMAA,4,MAMMAMAA,24950,299400,0.8988922536373138,1.9769012928009033,1.984132490839277,0.6321801566579635,0.3133159268929504,0.30618637431480034,1.0,0.0003,1.0,7229.628393650055
depth4_bal_MAMMAMAA,4,MAMMAMAA,24975,299700,0.9150998493035635,1.8528694311777751,1.8968381779534476,0.6341383812010444,0.3185378590078329,0.311779841145542,1.0,0.0003,1.0,7237.814024925232
depth4_bal_MAMMAMAA,4,MAMMAMAA,25000,300000,0.866981233159701,1.7238800923029582,1.7459744078772408,0.6589425587467362,0.3785900783289817,0.3587649625237722,1.0,0.0003,1.0,7245.933811903
depth4_bal_MAMMAMAA,4,MAMMAMAA,25025,300300,0.7971264024575552,1.7775533199310303,1.843780963761466,0.6843994778067886,0.3524804177545692,0.3415370846850878,1.0,0.0003,1.0,7254.169669151306
depth4_bal_MAMMAMAA,4,MAMMAMAA,25050,300600,0.8999083091815313,1.794494390487671,1.8236528941563197,0.633485639686684,0.3276762402088773,0.33762165790356863,1.0,0.0003,1.0,7262.354331970215
depth4_bal_MAMMAMAA,4,MAMMAMAA,25075,300900,0.9007791529099146,1.846474051475525,1.916585111618042,0.6370757180156658,0.3368146214099217,0.3083118917104822,1.0,0.0003,1.0,7270.559615135193
depth4_bal_MAMMAMAA,4,MAMMAMAA,25100,301200,0.894102563460668,1.8068173726399739,1.9078052180153984,0.6432767624020888,0.3381201044386423,0.3172614386396689,1.0,0.0003,1.0,7278.7717707157135
depth4_bal_MAMMAMAA,4,MAMMAMAA,25125,301500,0.9482150425513586,1.7611543734868367,1.781358071735927,0.6233681462140992,0.360313315926893,0.34690681284259983,1.0,0.0003,1.0,7286.966445207596
depth4_bal_MAMMAMAA,4,MAMMAMAA,25150,301800,0.8779537975788116,1.7086718082427979,1.8199777398790633,0.658289817232376,0.3381201044386423,0.33068575903344893,1.0,0.0003,1.0,7295.160727977753
depth4_bal_MAMMAMAA,4,MAMMAMAA,25175,302100,0.8905144135157267,1.8722590208053589,1.869644624846322,0.6321801566579635,0.304177545691906,0.3103255397695492,1.0,0.0003,1.0,7303.352308750153
depth4_bal_MAMMAMAA,4,MAMMAMAA,25200,302400,0.856296052535375,1.8596784671147664,1.9835751056671143,0.6612271540469974,0.31070496083550914,0.2960062646828504,1.0,0.0003,1.0,7311.69154214859
depth4_bal_MAMMAMAA,4,MAMMAMAA,25225,302700,0.9378391702969869,1.7202956676483154,1.771132619040353,0.6240208877284595,0.34464751958224543,0.34433381810045866,1.0,0.0003,1.0,7319.893423080444
depth4_bal_MAMMAMAA,4,MAMMAMAA,25250,303000,0.8066691557566324,1.7400811513264973,1.8621528387069701,0.6817885117493473,0.33159268929503916,0.32151247343103256,1.0,0.0003,1.0,7328.064348936081
depth4_bal_MAMMAMAA,4,MAMMAMAA,25275,303300,0.8721893876791,1.7598514954249065,1.8248146670205252,0.6429503916449086,0.34203655352480417,0.3255397695491666,1.0,0.0003,1.0,7336.223764896393
depth4_bal_MAMMAMAA,4,MAMMAMAA,25300,303600,0.8267504870891571,1.7605576912562053,1.822852165358407,0.6677545691906005,0.3577023498694517,0.3520528023268822,1.0,0.0003,1.0,7343.8429408073425
depth4_bal_MAMMAMAA,4,MAMMAMAA,25325,303900,0.8460660080115,1.8615545431772869,1.8894790274756295,0.6664490861618799,0.3263707571801567,0.3351605324980423,1.0,0.0003,1.0,7351.970209121704
depth4_bal_MAMMAMAA,4,MAMMAMAA,25350,304200,0.8214445213476816,1.900935967763265,1.9870717355183192,0.6680809399477807,0.31462140992167104,0.3136816198679942,1.0,0.0003,1.0,7359.746434211731
depth4_bal_MAMMAMAA,4,MAMMAMAA,25375,304500,0.844435249765714,1.7492626905441284,1.8246321371623448,0.6599216710182768,0.35509138381201044,0.3428795167244658,1.0,0.0003,1.0,7368.03018450737
depth4_bal_MAMMAMAA,4,MAMMAMAA,25400,304800,0.7555954108635584,1.717049280802409,1.735049864224025,0.7147519582245431,0.36161879895561355,0.3624566506320617,1.0,0.0003,1.0,7376.241536140442
depth4_bal_MAMMAMAA,4,MAMMAMAA,25425,305100,0.8066405753294627,1.8729163805643718,1.938661139351981,0.681135770234987,0.3394255874673629,0.31949882537196556,1.0,0.0003,1.0,7384.372903347015
depth4_bal_MAMMAMAA,4,MAMMAMAA,25450,305400,0.8334690382083257,1.724613865216573,1.7310267346245902,0.6661227154046997,0.360313315926893,0.3604430025729947,1.0,0.0003,1.0,7392.431383371353
depth4_bal_MAMMAMAA,4,MAMMAMAA,25475,305700,0.9948741843303045,1.767385204633077,1.781660577229091,0.6129242819843342,0.3472584856396867,0.3299026736771451,1.0,0.0003,1.0,7400.555095911026
depth4_bal_MAMMAMAA,4,MAMMAMAA,25500,306000,0.7463666200637817,1.7734304666519165,1.7471840211323328,0.7059399477806788,0.35900783289817234,0.3668195547600403,1.0,0.0003,1.0,7408.792495965958
depth4_bal_MAMMAMAA,4,MAMMAMAA,25525,306300,0.9243757973114649,1.8721423943837483,1.923854286330087,0.6285900783289817,0.31462140992167104,0.30551515829511133,1.0,0.0003,1.0,7417.103755474091
depth4_bal_MAMMAMAA,4,MAMMAMAA,25550,306600,0.980037788550059,1.8309581677118938,1.8683571747371128,0.6057441253263708,0.3276762402088773,0.31815639333258755,1.0,0.0003,1.0,7425.3050718307495
depth4_bal_MAMMAMAA,4,MAMMAMAA,25575,306900,0.8493126680453619,1.886717398961385,1.9291807208742415,0.660574412532637,0.33159268929503916,0.3265465935787001,1.0,0.0003,1.0,7433.628223896027
depth4_bal_MAMMAMAA,4,MAMMAMAA,25600,307200,0.9303345481554667,1.8972443739573162,1.9679822206497193,0.6272845953002611,0.3394255874673629,0.31681396129320955,1.0,0.0003,1.0,7441.840669631958
depth4_bal_MAMMAMAA,4,MAMMAMAA,25625,307500,0.8334859013557434,1.7686268488566081,1.8500997168677193,0.6586161879895561,0.34986945169712796,0.34892046090166684,1.0,0.0003,1.0,7449.924569129944
depth4_bal_MAMMAMAA,4,MAMMAMAA,25650,307800,0.9137779871622721,1.752969225247701,1.806271311214992,0.6318537859007833,0.3328981723237598,0.3349367938248126,1.0,0.0003,1.0,7458.144547462463
depth4_bal_MAMMAMAA,4,MAMMAMAA,25675,308100,0.8379167566696802,1.7129356066385906,1.8224234751292638,0.6693864229765013,0.36553524804177545,0.33874035126971697,1.0,0.0003,1.0,7462.540966033936
depth4_bal_MAMMAMAA,4,MAMMAMAA,25700,308400,0.8445335626602173,1.799986998240153,1.8657848528453282,0.6586161879895561,0.3433420365535248,0.33672670321064996,1.0,0.0003,1.0,7465.552658557892
depth4_bal_MAMMAMAA,4,MAMMAMAA,25725,308700,0.8681486149628957,1.755333701769511,1.799339951787676,0.6573107049608355,0.34986945169712796,0.33146884438975277,1.0,0.0003,1.0,7468.573825120926
depth4_bal_MAMMAMAA,4,MAMMAMAA,25750,309000,0.9201884120702744,1.6873071193695068,1.7706857408796037,0.6364229765013055,0.3668407310704961,0.35294775701980086,1.0,0.0003,1.0,7471.69633936882
depth4_bal_MAMMAMAA,4,MAMMAMAA,25775,309300,0.9608197063207626,1.9281525611877441,2.040758868626186,0.6253263707571801,0.31070496083550914,0.28716858709027854,1.0,0.0003,1.0,7474.707945108414
depth4_bal_MAMMAMAA,4,MAMMAMAA,25800,309600,0.86674831310908,1.688492218653361,1.7614295823233468,0.6540469973890339,0.3629242819843342,0.34589998881306633,1.0,0.0003,1.0,7478.832544326782
depth4_bal_MAMMAMAA,4,MAMMAMAA,25825,309900,0.9186191211144129,2.0419599215189614,2.053033137321472,0.6370757180156658,0.2859007832898172,0.2975724353954581,1.0,0.0003,1.0,7487.006821870804
depth4_bal_MAMMAMAA,4,MAMMAMAA,25850,310200,0.7842958867549896,1.6932857433954875,1.7427455289023264,0.6981070496083551,0.36553524804177545,0.3624566506320617,1.0,0.0003,1.0,7495.269150733948
depth4_bal_MAMMAMAA,4,MAMMAMAA,25875,310500,0.8248611589272817,1.8508965969085693,1.9287250518798829,0.6719973890339426,0.3368146214099217,0.3275534176082336,1.0,0.0003,1.0,7503.437749147415
depth4_bal_MAMMAMAA,4,MAMMAMAA,25900,310800,0.7650163422028223,1.7486300865809123,1.7991040195737567,0.7033289817232375,0.3733681462140992,0.3540664503859492,1.0,0.0003,1.0,7511.589135169983
depth4_bal_MAMMAMAA,4,MAMMAMAA,25925,311100,1.154607633749644,1.8849355379740398,1.9559091125215804,0.5528720626631853,0.304177545691906,0.2816869895961517,1.0,0.0003,1.0,7519.789252758026
depth4_bal_MAMMAMAA,4,MAMMAMAA,25950,311400,0.7800168742736181,1.7077972094217937,1.783475112915039,0.7052872062663186,0.34986945169712796,0.34097773800201364,1.0,0.0003,1.0,7528.11052107811
depth4_bal_MAMMAMAA,4,MAMMAMAA,25975,311700,0.8585933695236841,1.8956495920817058,1.8735282114573888,0.6602480417754569,0.3524804177545692,0.3339299697952791,1.0,0.0003,1.0,7536.325648069382
depth4_bal_MAMMAMAA,4,MAMMAMAA,26000,312000,0.8115336646636327,1.7777551809946697,1.8419733490262713,0.6837467362924282,0.3577023498694517,0.33739791923033896,1.0,0.0003,1.0,7544.563231706619
depth4_bal_MAMMAMAA,4,MAMMAMAA,26025,312300,0.8455381939808527,1.793155312538147,1.8725731951849802,0.6612271540469974,0.3524804177545692,0.33706231122049446,1.0,0.0003,1.0,7552.943323373795
depth4_bal_MAMMAMAA,4,MAMMAMAA,26050,312600,0.835666095217069,1.8349238634109497,1.8525326524462018,0.6765665796344648,0.3302872062663185,0.3341537084685088,1.0,0.0003,1.0,7560.390334367752
depth4_bal_MAMMAMAA,4,MAMMAMAA,26075,312900,0.7305122166872025,1.8475493987401326,1.849454549380711,0.7242167101827677,0.33550913838120106,0.34925606891151134,1.0,0.0003,1.0,7568.608159303665
depth4_bal_MAMMAMAA,4,MAMMAMAA,26100,313200,1.0338219503561656,1.9286291201909382,1.987999585696629,0.5926892950391645,0.2989556135770235,0.2879516724465824,1.0,0.0003,1.0,7576.82034277916
depth4_bal_MAMMAMAA,4,MAMMAMAA,26125,313500,0.7600597192843755,1.7819572687149048,1.8442824295588902,0.7056135770234987,0.360313315926893,0.34500503412014766,1.0,0.0003,1.0,7585.036761045456
depth4_bal_MAMMAMAA,4,MAMMAMAA,26150,313800,0.7701894789934158,1.742319107055664,1.8152852807726179,0.7033289817232375,0.34464751958224543,0.34466942611030316,1.0,0.0003,1.0,7593.246025800705
depth4_bal_MAMMAMAA,4,MAMMAMAA,26175,314100,0.7367347975571951,1.7001330455144246,1.781904149055481,0.7140992167101827,0.39033942558746737,0.3708468508781743,1.0,0.0003,1.0,7600.973961830139
depth4_bal_MAMMAMAA,4,MAMMAMAA,26200,314400,0.8903062542279562,1.6735614935557048,1.7741575615746634,0.643603133159269,0.3563968668407311,0.34299138606108065,1.0,0.0003,1.0,7609.2000777721405
depth4_bal_MAMMAMAA,4,MAMMAMAA,26225,314700,0.808262492219607,1.741998553276062,1.7964164733886718,0.685378590078329,0.3368146214099217,0.33437744714173845,1.0,0.0003,1.0,7617.464111566544
depth4_bal_MAMMAMAA,4,MAMMAMAA,26250,315000,1.0098602771759033,2.032699465751648,2.086520140511649,0.591710182767624,0.30156657963446476,0.2850430696945967,1.0,0.0003,1.0,7625.674104452133
depth4_bal_MAMMAMAA,4,MAMMAMAA,26275,315300,0.8056478053331375,1.8331867853800456,1.865346952847072,0.681135770234987,0.37597911227154046,0.33773352724018346,1.0,0.0003,1.0,7633.852636098862
depth4_bal_MAMMAMAA,4,MAMMAMAA,26300,315600,0.7873741040627161,1.883798321088155,1.8537968873977662,0.6945169712793734,0.3577023498694517,0.3417608233583175,1.0,0.0003,1.0,7641.980744838715
depth4_bal_MAMMAMAA,4,MAMMAMAA,26325,315900,0.9034905433654785,2.0179614623387656,1.9751914535249984,0.6269582245430809,0.2989556135770235,0.29712495804899874,1.0,0.0003,1.0,7650.017049789429
depth4_bal_MAMMAMAA,4,MAMMAMAA,26350,316200,0.8158283879359564,1.7028314272562664,1.820387830053057,0.6883159268929504,0.3785900783289817,0.342767647387851,1.0,0.0003,1.0,7658.1319234371185
depth4_bal_MAMMAMAA,4,MAMMAMAA,26375,316500,0.8736753265062968,1.9238457282384236,1.9050365856715612,0.6618798955613577,0.3328981723237598,0.312451057165231,1.0,0.0003,1.0,7666.3519332408905
depth4_bal_MAMMAMAA,4,MAMMAMAA,26400,316800,0.8534260392189026,1.8269821405410767,1.8866410732269288,0.6550261096605744,0.34203655352480417,0.3286721109743819,1.0,0.0003,1.0,7674.632619142532
depth4_bal_MAMMAMAA,4,MAMMAMAA,26425,317100,0.9529590159654617,1.9401196638743083,1.9410308871950421,0.6233681462140992,0.30156657963446476,0.2992504754446806,1.0,0.0003,1.0,7683.870441675186
depth4_bal_MAMMAMAA,4,MAMMAMAA,26450,317400,0.8131276021401087,1.8015040556589763,1.8288523231233869,0.6808093994778068,0.34986945169712796,0.33929969795279113,1.0,0.0003,1.0,7693.079789638519
depth4_bal_MAMMAMAA,4,MAMMAMAA,26475,317700,0.8615570217370987,1.8774192730585735,1.9277658155986241,0.6498041775456919,0.3381201044386423,0.3130104038483052,1.0,0.0003,1.0,7701.5340168476105
depth4_bal_MAMMAMAA,4,MAMMAMAA,26500,318000,0.8331199983755747,1.8602725267410278,1.8936430318014963,0.6648172323759791,0.32506527415143605,0.32609911623224075,1.0,0.0003,1.0,7709.8369081020355
depth4_bal_MAMMAMAA,4,MAMMAMAA,26525,318300,0.8572860856850942,1.872763752937317,1.9141437768936158,0.6674281984334204,0.33550913838120106,0.32811276429130776,1.0,0.0003,1.0,7718.112606525421
depth4_bal_MAMMAMAA,4,MAMMAMAA,26550,318600,0.7631543676058451,1.823253591855367,1.84249244758061,0.6997389033942559,0.34595300261096606,0.35563262109855687,1.0,0.0003,1.0,7726.3199326992035
depth4_bal_MAMMAMAA,4,MAMMAMAA,26575,318900,0.9239577303330103,1.8340527216593425,1.8552052395684377,0.6305483028720626,0.3433420365535248,0.33012641235037476,1.0,0.0003,1.0,7734.531522989273
depth4_bal_MAMMAMAA,4,MAMMAMAA,26600,319200,0.776609202226003,1.7770156860351562,1.8416499444416592,0.7030026109660574,0.360313315926893,0.3452287727933773,1.0,0.0003,1.0,7742.832421064377
depth4_bal_MAMMAMAA,4,MAMMAMAA,26625,319500,0.7944135417540868,1.7672710816065471,1.828825719015939,0.691579634464752,0.3785900783289817,0.34724242085244433,1.0,0.0003,1.0,7751.02748131752
depth4_bal_MAMMAMAA,4,MAMMAMAA,26650,319800,0.8469496270020803,1.9769783020019531,2.042116962160383,0.6573107049608355,0.30548302872062666,0.29320953126747956,1.0,0.0003,1.0,7759.417421340942
depth4_bal_MAMMAMAA,4,MAMMAMAA,26675,320100,0.8105363100767136,1.7666990756988525,1.8158581801823208,0.6886422976501305,0.3642297650130548,0.3425439087146213,1.0,0.0003,1.0,7768.484332561493
depth4_bal_MAMMAMAA,4,MAMMAMAA,26700,320400,0.8745526075363159,1.753458023071289,1.8176714284079416,0.6504569190600522,0.3537859007832898,0.34433381810045866,1.0,0.0003,1.0,7777.839619398117
depth4_bal_MAMMAMAA,4,MAMMAMAA,26725,320700,0.7783576299746832,1.6829684575398762,1.7486857891082763,0.6981070496083551,0.3668407310704961,0.35093410896073385,1.0,0.0003,1.0,7787.085284948349
depth4_bal_MAMMAMAA,4,MAMMAMAA,26750,321000,0.8588948994874954,2.0692976315816245,2.073716330528259,0.6618798955613577,0.3002610966057441,0.30462020360219266,1.0,0.0003,1.0,7796.990336894989
depth4_bal_MAMMAMAA,4,MAMMAMAA,26775,321300,0.8492324749628702,1.881381909052531,1.8743595123291015,0.6609007832898173,0.3342036553524804,0.33012641235037476,1.0,0.0003,1.0,7806.21844625473
depth4_bal_MAMMAMAA,4,MAMMAMAA,26800,321600,0.8636986364920934,1.8863166968027751,1.9238904237747192,0.6501305483028721,0.31201044386422977,0.32475668419286274,1.0,0.0003,1.0,7815.522295951843
depth4_bal_MAMMAMAA,4,MAMMAMAA,26825,321900,0.9363873700300852,1.8139010270436604,1.8496111018317087,0.6233681462140992,0.36945169712793735,0.34131334601185814,1.0,0.0003,1.0,7824.813284635544
depth4_bal_MAMMAMAA,4,MAMMAMAA,26850,322200,0.8364310810963312,2.0739482641220093,2.044625190326146,0.6648172323759791,0.293733681462141,0.29980982212775475,1.0,0.0003,1.0,7833.370679855347
depth4_bal_MAMMAMAA,4,MAMMAMAA,26875,322500,0.7763504882653555,1.7030428647994995,1.8121250425066266,0.6925587467362925,0.36553524804177545,0.34399821009061415,1.0,0.0003,1.0,7840.278996229172
depth4_bal_MAMMAMAA,4,MAMMAMAA,26900,322800,0.8559682617584864,1.900735855102539,1.8944481917790004,0.6533942558746736,0.3133159268929504,0.3292314576574561,1.0,0.0003,1.0,7844.298312902451
depth4_bal_MAMMAMAA,4,MAMMAMAA,26925,323100,0.911414826909701,2.0321960051854453,2.0667989219938008,0.6331592689295039,0.31592689295039167,0.29880299809822125,1.0,0.0003,1.0,7848.335893392563
depth4_bal_MAMMAMAA,4,MAMMAMAA,26950,323400,0.9219554513692856,1.85001802444458,1.9324632235935757,0.6315274151436031,0.3342036553524804,0.304396464928963,1.0,0.0003,1.0,7852.387964248657
depth4_bal_MAMMAMAA,4,MAMMAMAA,26975,323700,0.8450829287370046,1.833539883295695,1.8832236426217215,0.6609007832898173,0.34073107049608353,0.3265465935787001,1.0,0.0003,1.0,7860.374623298645
depth4_bal_MAMMAMAA,4,MAMMAMAA,27000,324000,0.7583492994308472,1.7182252009709675,1.747170717375619,0.7173629242819843,0.3524804177545692,0.36156169593914306,1.0,0.0003,1.0,7869.120241165161
depth4_bal_MAMMAMAA,4,MAMMAMAA,27025,324300,0.749655415614446,1.8151708443959553,1.8545900004250662,0.7196475195822454,0.3563968668407311,0.3351605324980423,1.0,0.0003,1.0,7877.940047740936
depth4_bal_MAMMAMAA,4,MAMMAMAA,27050,324600,0.7521058072646459,1.8317488829294841,1.8785182544163295,0.7111618798955613,0.3472584856396867,0.3372860498937241,1.0,0.0003,1.0,7886.222259283066
depth4_bal_MAMMAMAA,4,MAMMAMAA,27075,324900,0.9098543475071589,1.9111083348592122,1.9591382094791958,0.6390339425587467,0.3093994778067885,0.3018234701868218,1.0,0.0003,1.0,7894.807389497757
depth4_bal_MAMMAMAA,4,MAMMAMAA,27100,325200,0.8146549413601557,1.793714125951131,1.849106740951538,0.6759138381201044,0.3263707571801567,0.3273296789350039,1.0,0.0003,1.0,7898.843064069748
depth4_bal_MAMMAMAA,4,MAMMAMAA,27125,325500,0.8288153558969498,1.7795755863189697,1.8845328399113246,0.664490861618799,0.3368146214099217,0.3212887347578029,1.0,0.0003,1.0,7902.8583426475525
depth4_bal_MAMMAMAA,4,MAMMAMAA,27150,325800,0.7954646597305933,1.749508301417033,1.8125396149499076,0.6912532637075718,0.3629242819843342,0.3401946526457098,1.0,0.0003,1.0,7907.77827167511
depth4_bal_MAMMAMAA,4,MAMMAMAA,27175,326100,0.8001399338245392,1.8891301155090332,1.8962557077407838,0.6876631853785901,0.34464751958224543,0.3280008949546929,1.0,0.0003,1.0,7911.825102329254
depth4_bal_MAMMAMAA,4,MAMMAMAA,27200,326400,0.8551000307003657,1.9217504660288494,1.969444932256426,0.6664490861618799,0.3302872062663185,0.31446470522429804,1.0,0.0003,1.0,7915.849583387375
depth4_bal_MAMMAMAA,4,MAMMAMAA,27225,326700,0.7965255180994669,1.8445032040278118,1.8302934544427054,0.691579634464752,0.3433420365535248,0.3295670656673006,1.0,0.0003,1.0,7919.895457983017
depth4_bal_MAMMAMAA,4,MAMMAMAA,27250,327000,0.8653915375471115,1.7922781705856323,1.8187679835728237,0.6635117493472585,0.34464751958224543,0.3351605324980423,1.0,0.0003,1.0,7925.296186447144
depth4_bal_MAMMAMAA,4,MAMMAMAA,27275,327300,0.8523301233847936,1.7042378584543865,1.77920161315373,0.6664490861618799,0.32506527415143605,0.33706231122049446,1.0,0.0003,1.0,7933.5392553806305
depth4_bal_MAMMAMAA,4,MAMMAMAA,27300,327600,0.8805975814660391,1.812914292017619,1.8276716130120414,0.6338120104438643,0.3368146214099217,0.3339299697952791,1.0,0.0003,1.0,7941.571732759476
depth4_bal_MAMMAMAA,4,MAMMAMAA,27325,327900,0.8374848912159601,1.828396479288737,1.8436178071158273,0.672976501305483,0.3433420365535248,0.3431032553976955,1.0,0.0003,1.0,7949.77459526062
depth4_bal_MAMMAMAA,4,MAMMAMAA,27350,328200,0.8506117612123489,1.801581899325053,1.8679194450378418,0.6641644908616188,0.34464751958224543,0.3286721109743819,1.0,0.0003,1.0,7957.926936626434
depth4_bal_MAMMAMAA,4,MAMMAMAA,27375,328500,0.9211924076080322,1.866773247718811,1.8499367475509643,0.6452349869451697,0.31592689295039167,0.32744154827161875,1.0,0.0003,1.0,7966.0958824157715
depth4_bal_MAMMAMAA,4,MAMMAMAA,27400,328800,0.8574683666229248,1.8110121488571167,1.8343126944133215,0.6556788511749347,0.34986945169712796,0.33169258306298244,1.0,0.0003,1.0,7974.14417386055
depth4_bal_MAMMAMAA,4,MAMMAMAA,27425,329100,0.817863330245018,1.7709251642227173,1.7835254567010062,0.6785248041775457,0.33550913838120106,0.34892046090166684,1.0,0.0003,1.0,7981.505339622498
depth4_bal_MAMMAMAA,4,MAMMAMAA,27450,329400,0.7804012795289358,1.8753509521484375,1.855293447630746,0.6909268929503917,0.3629242819843342,0.3435507327441548,1.0,0.0003,1.0,7989.670387268066
depth4_bal_MAMMAMAA,4,MAMMAMAA,27475,329700,1.0445739527543385,1.9547014633814495,2.0434595584869384,0.5835509138381201,0.3028720626631854,0.279449602863855,1.0,0.0003,1.0,7997.791917562485
depth4_bal_MAMMAMAA,4,MAMMAMAA,27500,330000,0.780211920539538,1.71758238474528,1.7963679347719466,0.691579634464752,0.36161879895561355,0.3557444904351717,1.0,0.0003,1.0,8005.75203704834
depth4_bal_MAMMAMAA,4,MAMMAMAA,27525,330300,1.05517940223217,1.9548352559407551,1.957271306855338,0.5910574412532638,0.3328981723237598,0.30159973151359215,1.0,0.0003,1.0,8014.103009939194
depth4_bal_MAMMAMAA,4,MAMMAMAA,27550,330600,0.8170843621095022,1.749312162399292,1.7985551391329084,0.672976501305483,0.3524804177545692,0.33773352724018346,1.0,0.0003,1.0,8022.302130699158
depth4_bal_MAMMAMAA,4,MAMMAMAA,27575,330900,0.8345196098089218,1.9360719521840413,1.9811647857938495,0.6804830287206266,0.34073107049608353,0.33236379908267144,1.0,0.0003,1.0,8030.490211725235
depth4_bal_MAMMAMAA,4,MAMMAMAA,27600,331200,0.9622192531824112,2.1063374280929565,2.156723850114005,0.6220626631853786,0.2963446475195822,0.278778386844166,1.0,0.0003,1.0,8038.685497283936
depth4_bal_MAMMAMAA,4,MAMMAMAA,27625,331500,0.8407430102427801,1.8943653106689453,1.9001723051071167,0.6631853785900783,0.34464751958224543,0.3286721109743819,1.0,0.0003,1.0,8046.9499316215515
depth4_bal_MAMMAMAA,4,MAMMAMAA,27650,331800,0.999813993771871,1.9677671194076538,1.963091080529349,0.6057441253263708,0.30678851174934724,0.3101018010963195,1.0,0.0003,1.0,8055.152198791504
depth4_bal_MAMMAMAA,4,MAMMAMAA,27675,332100,0.914733832081159,1.8233243227005005,1.851792880467006,0.6328328981723238,0.3328981723237598,0.3352724018346571,1.0,0.0003,1.0,8063.341494321823
depth4_bal_MAMMAMAA,4,MAMMAMAA,27700,332400,0.8218602587779363,1.8401783307393391,1.89968843460083,0.6781984334203656,0.34073107049608353,0.32140060409441773,1.0,0.0003,1.0,8071.5594301223755
depth4_bal_MAMMAMAA,4,MAMMAMAA,27725,332700,0.8682108968496323,1.648289163907369,1.7113865273339408,0.6795039164490861,0.3472584856396867,0.3388522206063318,1.0,0.0003,1.0,8079.8726580142975
depth4_bal_MAMMAMAA,4,MAMMAMAA,27750,333000,0.751696452498436,1.8168744246164958,1.848659518786839,0.7154046997389034,0.3563968668407311,0.3422083007047768,1.0,0.0003,1.0,8088.036723613739
depth4_bal_MAMMAMAA,4,MAMMAMAA,27775,333300,0.7469446013371149,1.882685899734497,1.890136330468314,0.7003916449086162,0.3289817232375979,0.33829287392325763,1.0,0.0003,1.0,8096.2472331523895
depth4_bal_MAMMAMAA,4,MAMMAMAA,27800,333600,1.0251384228467941,2.144979556401571,2.1830228669302802,0.60411227154047,0.2754569190600522,0.2725137039937353,1.0,0.0003,1.0,8104.599488735199
depth4_bal_MAMMAMAA,4,MAMMAMAA,27825,333900,0.9248197823762894,1.9252240260442097,1.9487390756607055,0.6269582245430809,0.30809399477806787,0.2986911287616064,1.0,0.0003,1.0,8112.833991527557
depth4_bal_MAMMAMAA,4,MAMMAMAA,27850,334200,1.2757671773433685,2.285171906153361,2.247570446559361,0.5267624020887729,0.2402088772845953,0.23660364694037364,1.0,0.0003,1.0,8121.051431655884
depth4_bal_MAMMAMAA,4,MAMMAMAA,27875,334500,0.7073848098516464,1.8601417938868205,1.8748690094266618,0.7330287206266318,0.3433420365535248,0.35652757579147554,1.0,0.0003,1.0,8129.133578300476
depth4_bal_MAMMAMAA,4,MAMMAMAA,27900,334800,0.8578371653954188,1.9176979064941406,1.9452928474971227,0.660574412532637,0.3394255874673629,0.3369504418838796,1.0,0.0003,1.0,8137.122714757919
depth4_bal_MAMMAMAA,4,MAMMAMAA,27925,335100,0.9153936753670374,1.9014450709025066,1.930993161882673,0.6400130548302873,0.3302872062663185,0.31323414252153486,1.0,0.0003,1.0,8145.343919038773
depth4_bal_MAMMAMAA,4,MAMMAMAA,27950,335400,0.9225799143314362,2.2057631810506186,2.0984216213226317,0.6282637075718016,0.3002610966057441,0.3079762837006377,1.0,0.0003,1.0,8153.559571266174
depth4_bal_MAMMAMAA,4,MAMMAMAA,27975,335700,0.88682887951533,1.8089452187220256,1.8315441370010377,0.6439295039164491,0.3237597911227154,0.3276652869448484,1.0,0.0003,1.0,8161.684433460236
depth4_bal_MAMMAMAA,4,MAMMAMAA,28000,336000,0.8429254094759623,1.9259426593780518,1.8952466385705131,0.6566579634464752,0.3028720626631854,0.3180445239959727,1.0,0.0003,1.0,8169.895836353302
depth4_bal_MAMMAMAA,4,MAMMAMAA,28025,336300,0.8277026216189066,1.8393041690190632,1.867164819581168,0.6814621409921671,0.33550913838120106,0.3385166125964873,1.0,0.0003,1.0,8178.315582513809
depth4_bal_MAMMAMAA,4,MAMMAMAA,28050,336600,0.7504005779822668,1.779798944791158,1.8660197973251342,0.7108355091383812,0.3629242819843342,0.3486967222284372,1.0,0.0003,1.0,8187.507709026337
depth4_bal_MAMMAMAA,4,MAMMAMAA,28075,336900,0.7821302016576132,1.9160969257354736,1.938863580567496,0.6902741514360313,0.34856396866840733,0.3275534176082336,1.0,0.0003,1.0,8196.881066083908
depth4_bal_MAMMAMAA,4,MAMMAMAA,28100,337200,0.8706432630618414,1.9305582443873088,1.9280667100633895,0.6491514360313316,0.32114882506527415,0.31983443338181006,1.0,0.0003,1.0,8205.76138329506
depth4_bal_MAMMAMAA,4,MAMMAMAA,28125,337500,0.8059103091557821,1.9289480845133464,1.9104790210723877,0.6827676240208878,0.3237597911227154,0.3299026736771451,1.0,0.0003,1.0,8215.144211292267
depth4_bal_MAMMAMAA,4,MAMMAMAA,28150,337800,0.7633477399746577,1.9044954776763916,2.01299341746739,0.6961488250652742,0.33159268929503916,0.31480031323414254,1.0,0.0003,1.0,8223.846127033234
depth4_bal_MAMMAMAA,4,MAMMAMAA,28175,338100,0.9196063081423441,1.8652553955713909,1.9146897213799612,0.6344647519582245,0.3577023498694517,0.32307864414364024,1.0,0.0003,1.0,8229.572025060654
depth4_bal_MAMMAMAA,4,MAMMAMAA,28200,338400,0.7170150776704153,1.7900803883870442,1.8185335670198712,0.7258485639686684,0.36161879895561355,0.36256851996867656,1.0,0.0003,1.0,8235.312053918839
depth4_bal_MAMMAMAA,4,MAMMAMAA,28225,338700,0.8619204660256704,1.9253690242767334,2.0090563263211934,0.64588772845953,0.32506527415143605,0.3094305850766305,1.0,0.0003,1.0,8240.506080150604
depth4_bal_MAMMAMAA,4,MAMMAMAA,28250,339000,0.725168819228808,1.9169996579488118,1.9865823473249162,0.7216057441253264,0.3577023498694517,0.3292314576574561,1.0,0.0003,1.0,8248.715111494064
depth4_bal_MAMMAMAA,4,MAMMAMAA,28275,339300,0.7429331541061401,1.700239102045695,1.7676829201834543,0.720626631853786,0.3642297650130548,0.3586530931871574,1.0,0.0003,1.0,8253.716456651688
depth4_bal_MAMMAMAA,4,MAMMAMAA,28300,339600,0.8886133382717768,1.8900449673334758,1.919795720917838,0.6442558746736292,0.3328981723237598,0.3177089159861282,1.0,0.0003,1.0,8256.751160383224
depth4_bal_MAMMAMAA,4,MAMMAMAA,28325,339900,0.7276525497436523,1.8913596471150715,1.913442942074367,0.7287859007832899,0.36945169712793735,0.3368385725472648,1.0,0.0003,1.0,8259.800004959106
depth4_bal_MAMMAMAA,4,MAMMAMAA,28350,340200,0.8956353515386581,1.7949843406677246,1.8335529497691563,0.6442558746736292,0.3289817232375979,0.3276652869448484,1.0,0.0003,1.0,8262.838454723358
depth4_bal_MAMMAMAA,4,MAMMAMAA,28375,340500,0.7903290838003159,1.842528502146403,1.897999824796404,0.693864229765013,0.34986945169712796,0.3276652869448484,1.0,0.0003,1.0,8265.988918066025
depth4_bal_MAMMAMAA,4,MAMMAMAA,28400,340800,0.7872738490502039,1.825320839881897,1.8606760331562586,0.6997389033942559,0.31723237597911225,0.33941156728940597,1.0,0.0003,1.0,8272.351636171341
depth4_bal_MAMMAMAA,4,MAMMAMAA,28425,341100,0.9082535554965337,1.8243612051010132,1.8439405611583164,0.6413185378590078,0.35117493472584854,0.32442107618301824,1.0,0.0003,1.0,8280.275225877762
depth4_bal_MAMMAMAA,4,MAMMAMAA,28450,341400,0.9094119817018509,1.856886903444926,1.931060562814985,0.6481723237597912,0.34464751958224543,0.31524779058060187,1.0,0.0003,1.0,8288.520816326141
depth4_bal_MAMMAMAA,4,MAMMAMAA,28475,341700,0.788819819688797,1.812521497408549,1.834859299659729,0.6817885117493473,0.360313315926893,0.35126971697057835,1.0,0.0003,1.0,8295.69764137268
depth4_bal_MAMMAMAA,4,MAMMAMAA,28500,342000,0.9310480753580729,1.9616403182347615,2.0186400856290545,0.625,0.3185378590078329,0.30462020360219266,1.0,0.0003,1.0,8304.071304798126
depth4_bal_MAMMAMAA,4,MAMMAMAA,28525,342300,0.7553401738405228,1.900459845860799,1.9692417621612548,0.712467362924282,0.3642297650130548,0.33303501510236044,1.0,0.0003,1.0,8312.394199848175
depth4_bal_MAMMAMAA,4,MAMMAMAA,28550,342600,0.9017848273118337,1.9669047991434734,1.948773241043091,0.6344647519582245,0.30678851174934724,0.3173733079762837,1.0,0.0003,1.0,8320.425287485123
depth4_bal_MAMMAMAA,4,MAMMAMAA,28575,342900,0.7493968307971954,1.845378081003825,1.876035465512957,0.7137728459530026,0.35509138381201044,0.3424320393780065,1.0,0.0003,1.0,8328.590290307999
depth4_bal_MAMMAMAA,4,MAMMAMAA,28600,343200,0.8560416450103124,1.8297829627990723,1.8843909638268608,0.6618798955613577,0.3394255874673629,0.3315807137263676,1.0,0.0003,1.0,8336.520472288132
depth4_bal_MAMMAMAA,4,MAMMAMAA,28625,343500,0.8439416835705439,1.999273459116618,2.0747161184038436,0.6693864229765013,0.33159268929503916,0.30551515829511133,1.0,0.0003,1.0,8344.369579792023
depth4_bal_MAMMAMAA,4,MAMMAMAA,28650,343800,0.9028593351443609,1.879649003346761,1.8999370200293404,0.6338120104438643,0.35117493472584854,0.3226311667971809,1.0,0.0003,1.0,8352.470296144485
depth4_bal_MAMMAMAA,4,MAMMAMAA,28675,344100,0.7641301850477854,1.8487507104873657,1.8265538385936193,0.7186684073107049,0.3328981723237598,0.34601185814968116,1.0,0.0003,1.0,8360.399022817612
depth4_bal_MAMMAMAA,4,MAMMAMAA,28700,344400,0.8612593114376068,1.9632654587427776,1.975086920601981,0.6654699738903395,0.3093994778067885,0.312451057165231,1.0,0.0003,1.0,8368.517628669739
depth4_bal_MAMMAMAA,4,MAMMAMAA,28725,344700,0.8315747777620951,1.8466960589090984,1.932883640698024,0.683420365535248,0.34073107049608353,0.31647835328336504,1.0,0.0003,1.0,8376.718898773193
depth4_bal_MAMMAMAA,4,MAMMAMAA,28750,345000,0.7124974975983301,1.8531143267949421,1.8931104728153774,0.735313315926893,0.3577023498694517,0.3366148338740351,1.0,0.0003,1.0,8385.061460733414
depth4_bal_MAMMAMAA,4,MAMMAMAA,28775,345300,0.7465535501639048,1.7998959223429363,1.8316338539123536,0.710509138381201,0.34986945169712796,0.3398590446358653,1.0,0.0003,1.0,8392.895961523056
depth4_bal_MAMMAMAA,4,MAMMAMAA,28800,345600,0.8599342405796051,2.004068454106649,2.0093091113226755,0.654373368146214,0.31723237597911225,0.31390535854122387,1.0,0.0003,1.0,8400.157814979553
depth4_bal_MAMMAMAA,4,MAMMAMAA,28825,345900,0.8829452296098074,1.8763904571533203,1.8881512675966536,0.6641644908616188,0.3224543080939948,0.32084125741134356,1.0,0.0003,1.0,8407.014247894287
depth4_bal_MAMMAMAA,4,MAMMAMAA,28850,346200,0.8154232899347941,1.9368525743484497,1.9588082790374757,0.6755874673629243,0.32114882506527415,0.3276652869448484,1.0,0.0003,1.0,8410.092849254608
depth4_bal_MAMMAMAA,4,MAMMAMAA,28875,346500,0.9301383545001348,1.894895315170288,1.9153561898640223,0.6253263707571801,0.30548302872062666,0.31289853451169036,1.0,0.0003,1.0,8413.1712641716
depth4_bal_MAMMAMAA,4,MAMMAMAA,28900,346800,1.2290300726890564,2.102426528930664,2.050491622516087,0.5261096605744126,0.2780678851174935,0.274079874706343,1.0,0.0003,1.0,8416.269589424133
depth4_bal_MAMMAMAA,4,MAMMAMAA,28925,347100,1.0395564238230388,2.2246464093526206,2.23425304549081,0.595626631853786,0.27676240208877284,0.26334041839131894,1.0,0.0003,1.0,8419.495946645737
depth4_bal_MAMMAMAA,4,MAMMAMAA,28950,347400,0.9494512428840002,1.9266916910807292,1.8935056379863193,0.6279373368146214,0.2989556135770235,0.3199463027184249,1.0,0.0003,1.0,8422.5927464962
depth4_bal_MAMMAMAA,4,MAMMAMAA,28975,347700,0.8721433927615484,1.9275137583414714,1.9530523572649274,0.6409921671018277,0.3302872062663185,0.3283365029645374,1.0,0.0003,1.0,8425.673968076706
depth4_bal_MAMMAMAA,4,MAMMAMAA,29000,348000,0.7993941654761633,1.9062239329020183,1.9768735442842755,0.685378590078329,0.33550913838120106,0.3241973375097886,1.0,0.0003,1.0,8428.75562119484
depth4_bal_MAMMAMAA,4,MAMMAMAA,29025,348300,0.7761004120111465,1.9681114355723064,1.99700904914311,0.702023498694517,0.31070496083550914,0.310437409106164,1.0,0.0003,1.0,8437.080206632614
depth4_bal_MAMMAMAA,4,MAMMAMAA,29050,348600,0.6935013582309087,1.8548997640609741,1.9003020524978638,0.7379242819843342,0.3668407310704961,0.3435507327441548,1.0,0.0003,1.0,8445.267099618912
depth4_bal_MAMMAMAA,4,MAMMAMAA,29075,348900,0.8787702918052673,1.9811265865961711,1.975306292942592,0.6449086161879896,0.31592689295039167,0.3114442331356975,1.0,0.0003,1.0,8453.276689052582
depth4_bal_MAMMAMAA,4,MAMMAMAA,29100,349200,0.8714326868454615,1.9162805080413818,1.9054544006075178,0.6465404699738904,0.34203655352480417,0.3365029645374203,1.0,0.0003,1.0,8461.557914018631
depth4_bal_MAMMAMAA,4,MAMMAMAA,29125,349500,0.9943099021911621,2.1933274269104004,2.188707399368286,0.6073759791122716,0.2793733681462141,0.28425998433829286,1.0,0.0003,1.0,8469.76932811737
depth4_bal_MAMMAMAA,4,MAMMAMAA,29150,349800,0.7469671666622162,1.9398122231165569,1.9697084494999477,0.7007180156657964,0.3133159268929504,0.31815639333258755,1.0,0.0003,1.0,8477.960646390915
depth4_bal_MAMMAMAA,4,MAMMAMAA,29175,350100,0.7991697539885839,1.8613793849945068,1.8543020009994506,0.6804830287206266,0.35509138381201044,0.34701868217921467,1.0,0.0003,1.0,8486.141682863235
depth4_bal_MAMMAMAA,4,MAMMAMAA,29200,350400,0.7789110491673151,1.9550501902898152,1.9712113993508475,0.6951697127937336,0.35509138381201044,0.32509229220270724,1.0,0.0003,1.0,8494.434761285782
depth4_bal_MAMMAMAA,4,MAMMAMAA,29225,350700,0.8166358272234598,1.8823278745015461,1.8909224884850637,0.6752610966057441,0.3381201044386423,0.3334824924488198,1.0,0.0003,1.0,8502.54650235176
depth4_bal_MAMMAMAA,4,MAMMAMAA,29250,351000,0.7718909233808517,1.9356876611709595,1.889830776623317,0.6977806788511749,0.3394255874673629,0.341425215348473,1.0,0.0003,1.0,8510.43225479126
depth4_bal_MAMMAMAA,4,MAMMAMAA,29275,351300,0.7250929623842239,1.9132448434829712,1.9260048389434814,0.7300913838120104,0.34986945169712796,0.33739791923033896,1.0,0.0003,1.0,8518.480579137802
depth4_bal_MAMMAMAA,4,MAMMAMAA,29300,351600,0.7710681557655334,2.1386303901672363,2.029032002176557,0.6919060052219321,0.3002610966057441,0.31289853451169036,1.0,0.0003,1.0,8526.587932348251
depth4_bal_MAMMAMAA,4,MAMMAMAA,29325,351900,0.8171868870655695,1.8645272254943848,1.8940398829323906,0.6827676240208878,0.34073107049608353,0.3315807137263676,1.0,0.0003,1.0,8534.33241558075
depth4_bal_MAMMAMAA,4,MAMMAMAA,29350,352200,0.8490570137898127,1.9757136503855388,2.006709200995309,0.6628590078328982,0.31462140992167104,0.29354513927732406,1.0,0.0003,1.0,8542.211811304092
depth4_bal_MAMMAMAA,4,MAMMAMAA,29375,352500,0.8133537222941717,2.275050719579061,2.281811387198312,0.6684073107049608,0.2689295039164491,0.2651303277771563,1.0,0.0003,1.0,8549.601033687592
depth4_bal_MAMMAMAA,4,MAMMAMAA,29400,352800,0.8082851568857828,1.9630645910898845,1.955811153139387,0.6876631853785901,0.31462140992167104,0.3233023828168699,1.0,0.0003,1.0,8554.30657696724
depth4_bal_MAMMAMAA,4,MAMMAMAA,29425,353100,0.8697551836570104,2.16172202428182,2.175033439908709,0.6471932114882507,0.2845953002610966,0.278778386844166,1.0,0.0003,1.0,8559.365984678268
depth4_bal_MAMMAMAA,4,MAMMAMAA,29450,353400,0.9009441435337067,2.0286089976628623,2.007639738491603,0.6514360313315927,0.31462140992167104,0.3150240519073722,1.0,0.0003,1.0,8567.651368618011
depth4_bal_MAMMAMAA,4,MAMMAMAA,29475,353700,0.8456751555204391,1.9980409145355225,1.983244218145098,0.6703655352480418,0.2963446475195822,0.32251929746056607,1.0,0.0003,1.0,8576.001907348633
depth4_bal_MAMMAMAA,4,MAMMAMAA,29500,354000,0.7822206268707911,1.8363278309504192,1.8653504507882255,0.6879895561357703,0.34595300261096606,0.3265465935787001,1.0,0.0003,1.0,8584.25595498085
depth4_bal_MAMMAMAA,4,MAMMAMAA,29525,354300,0.8796414583921432,2.04645045598348,2.059192875453404,0.6491514360313316,0.29112271540469975,0.30260655554312565,1.0,0.0003,1.0,8592.216819047928
depth4_bal_MAMMAMAA,4,MAMMAMAA,29550,354600,0.7209655791521072,2.0831122398376465,2.08474999155317,0.7189947780678851,0.32114882506527415,0.30786441436402284,1.0,0.0003,1.0,8600.468208312988
depth4_bal_MAMMAMAA,4,MAMMAMAA,29575,354900,0.8083328058322271,1.9794013500213623,1.9457600763865879,0.6768929503916449,0.3237597911227154,0.31480031323414254,1.0,0.0003,1.0,8608.713860273361
depth4_bal_MAMMAMAA,4,MAMMAMAA,29600,355200,0.9142316530148188,1.9948187669118245,2.000984716415405,0.6318537859007833,0.3133159268929504,0.3107730171160085,1.0,0.0003,1.0,8616.721335887909
depth4_bal_MAMMAMAA,4,MAMMAMAA,29625,355500,0.8079735934734344,2.095614751180013,2.0287476880209785,0.6840731070496083,0.3198433420365535,0.3079762837006377,1.0,0.0003,1.0,8624.953871488571
depth4_bal_MAMMAMAA,4,MAMMAMAA,29650,355800,0.8021593391895294,1.9013079007466633,1.9358613218579974,0.6863577023498695,0.3185378590078329,0.31782078532274305,1.0,0.0003,1.0,8633.140284061432
depth4_bal_MAMMAMAA,4,MAMMAMAA,29675,356100,0.8508123159408569,2.0872768561045327,2.119119964327131,0.668733681462141,0.2963446475195822,0.2816869895961517,1.0,0.0003,1.0,8641.74607348442
depth4_bal_MAMMAMAA,4,MAMMAMAA,29700,356400,0.8414350698391596,2.0311808983484902,2.0287248815808976,0.6693864229765013,0.31592689295039167,0.30193533952343665,1.0,0.0003,1.0,8650.583608150482
depth4_bal_MAMMAMAA,4,MAMMAMAA,29725,356700,0.7834454079469045,1.8779681126276653,1.903257393836975,0.6981070496083551,0.3276762402088773,0.30786441436402284,1.0,0.0003,1.0,8658.542053461075
depth4_bal_MAMMAMAA,4,MAMMAMAA,29750,357000,0.7328715572754542,1.861945390701294,1.8774387461798532,0.7121409921671018,0.35900783289817234,0.33840474325987246,1.0,0.0003,1.0,8666.671489715576
depth4_bal_MAMMAMAA,4,MAMMAMAA,29775,357300,0.7945826450983683,1.9808677434921265,1.941866683959961,0.6827676240208878,0.33159268929503916,0.3325875377559011,1.0,0.0003,1.0,8675.02278637886
depth4_bal_MAMMAMAA,4,MAMMAMAA,29800,357600,0.8261564274628957,1.9668025573094685,2.018222635132926,0.6762402088772846,0.3276762402088773,0.31312227318492003,1.0,0.0003,1.0,8683.224933385849
depth4_bal_MAMMAMAA,4,MAMMAMAA,29825,357900,0.9110239744186401,2.0827977657318115,2.072256258555821,0.6354438642297651,0.30809399477806787,0.2886228884662714,1.0,0.0003,1.0,8691.460572719574
depth4_bal_MAMMAMAA,4,MAMMAMAA,29850,358200,0.8918227255344391,1.7572471698125203,1.7775796822139196,0.6511096605744126,0.34595300261096606,0.3342655778051236,1.0,0.0003,1.0,8699.564995527267
depth4_bal_MAMMAMAA,4,MAMMAMAA,29875,358500,0.7681372960408529,1.954549233118693,1.9502492802483695,0.700065274151436,0.3302872062663185,0.33001454301375993,1.0,0.0003,1.0,8703.882101297379
depth4_bal_MAMMAMAA,4,MAMMAMAA,29900,358800,0.8638508866230646,2.091869513193766,2.1494556188583376,0.6511096605744126,0.27676240208877284,0.28325316030875936,1.0,0.0003,1.0,8712.087309122086
depth4_bal_MAMMAMAA,4,MAMMAMAA,29925,359100,0.8389491389195124,1.9978933334350586,1.9320768049785069,0.6703655352480418,0.30678851174934724,0.31054927844277885,1.0,0.0003,1.0,8720.272984981537
depth4_bal_MAMMAMAA,4,MAMMAMAA,29950,359400,0.8448860049247742,2.025919795036316,1.9512970004762922,0.6723237597911227,0.31462140992167104,0.32319051348025507,1.0,0.0003,1.0,8728.623847484589
depth4_bal_MAMMAMAA,4,MAMMAMAA,29975,359700,0.7641602953275045,1.954576849937439,1.98177786895207,0.6954960835509139,0.3433420365535248,0.3285602416377671,1.0,0.0003,1.0,8736.834938049316
depth4_bal_MAMMAMAA,4,MAMMAMAA,30000,360000,0.8066790203253428,1.9263369242350261,1.9991636650902884,0.6847258485639687,0.3394255874673629,0.3206175187381139,1.0,0.0003,1.0,8745.003340959549
depth4_bal_MAMMAMAA,4,MAMMAMAA,30025,360300,0.9030060569445292,2.0376973946889243,2.0520957980837142,0.641644908616188,0.31201044386422977,0.29309766193086473,1.0,0.0003,1.0,8753.157207250595
depth4_bal_MAMMAMAA,4,MAMMAMAA,30050,360600,0.8362630705038706,1.972964843114217,1.9501324210848128,0.6781984334203656,0.34464751958224543,0.3229667748070254,1.0,0.0003,1.0,8761.456280708313
depth4_bal_MAMMAMAA,4,MAMMAMAA,30075,360900,0.7595634311437607,1.893653392791748,1.965512364251273,0.7023498694516971,0.3472584856396867,0.32967893500391543,1.0,0.0003,1.0,8769.678730726242
depth4_bal_MAMMAMAA,4,MAMMAMAA,30100,361200,0.7770008047421774,1.8865937789281209,1.9503074748175484,0.6922323759791122,0.3577023498694517,0.3315807137263676,1.0,0.0003,1.0,8777.899574518204
depth4_bal_MAMMAMAA,4,MAMMAMAA,30125,361500,0.8524230271577835,1.949476957321167,1.9441529376166207,0.6716710182767625,0.3237597911227154,0.32408546817317374,1.0,0.0003,1.0,8786.109865903854
depth4_bal_MAMMAMAA,4,MAMMAMAA,30150,361800,0.9489642729361852,2.131458838780721,2.1264242444719588,0.6243472584856397,0.3002610966057441,0.29354513927732406,1.0,0.0003,1.0,8794.246041536331
depth4_bal_MAMMAMAA,4,MAMMAMAA,30175,362100,0.7455840160449346,1.8804776668548584,1.8972377879279,0.722911227154047,0.34856396866840733,0.3437744714173845,1.0,0.0003,1.0,8803.437920093536
depth4_bal_MAMMAMAA,4,MAMMAMAA,30200,362400,0.7884792735179266,2.1031241019566855,2.0683731555938722,0.6977806788511749,0.3133159268929504,0.29645374202930974,1.0,0.0003,1.0,8812.750051498413
depth4_bal_MAMMAMAA,4,MAMMAMAA,30225,362700,0.9462244858344396,1.955053408940633,1.9399814435413905,0.631201044386423,0.32114882506527415,0.31457657456091287,1.0,0.0003,1.0,8822.217730045319
depth4_bal_MAMMAMAA,4,MAMMAMAA,30250,363000,0.9311547875404358,1.9301337401072185,1.9428693294525146,0.643603133159269,0.304177545691906,0.3054032889584965,1.0,0.0003,1.0,8831.546927928925
depth4_bal_MAMMAMAA,4,MAMMAMAA,30275,363300,0.9544370869795481,2.075262745221456,2.1211388042994908,0.6233681462140992,0.30678851174934724,0.28582615505090053,1.0,0.0003,1.0,8840.725772619247
depth4_bal_MAMMAMAA,4,MAMMAMAA,30300,363600,0.8471618245045344,1.8724294503529866,1.9271940980638778,0.6723237597911227,0.3185378590078329,0.32777715628146326,1.0,0.0003,1.0,8848.972972631454
depth4_bal_MAMMAMAA,4,MAMMAMAA,30325,363900,0.8020895818869272,1.8856474161148071,1.9405919211251395,0.679177545691906,0.3472584856396867,0.32811276429130776,1.0,0.0003,1.0,8857.30651307106
depth4_bal_MAMMAMAA,4,MAMMAMAA,30350,364200,0.8397073398033778,2.0608088175455728,2.0536482674734935,0.6697127937336814,0.30809399477806787,0.29645374202930974,1.0,0.0003,1.0,8864.974218130112
depth4_bal_MAMMAMAA,4,MAMMAMAA,30375,364500,0.7501919368902842,2.063902219136556,2.075927734375,0.7030026109660574,0.3093994778067885,0.30853563038371185,1.0,0.0003,1.0,8873.193987131119
depth4_bal_MAMMAMAA,4,MAMMAMAA,30400,364800,0.8014536947011948,1.9854253927866619,2.055228662490845,0.6817885117493473,0.3237597911227154,0.30585076630495583,1.0,0.0003,1.0,8880.932955741882
depth4_bal_MAMMAMAA,4,MAMMAMAA,30425,365100,1.0537233302990596,2.139087994893392,2.1370141097477506,0.5966057441253264,0.2754569190600522,0.27329678935003915,1.0,0.0003,1.0,8890.263371229172
depth4_bal_MAMMAMAA,4,MAMMAMAA,30450,365400,0.8143974890311559,2.1202657222747803,2.105788769040789,0.6860313315926893,0.2819843342036554,0.28694484841704887,1.0,0.0003,1.0,8898.210518360138
depth4_bal_MAMMAMAA,4,MAMMAMAA,30475,365700,0.794414684176445,1.944132884343465,1.9301706416266304,0.6932114882506527,0.3276762402088773,0.32911958832084126,1.0,0.0003,1.0,8906.392775058746
depth4_bal_MAMMAMAA,4,MAMMAMAA,30500,366000,0.8705697904030482,2.0262914498647056,2.0117996045521327,0.6530678851174935,0.3093994778067885,0.3096543237498602,1.0,0.0003,1.0,8914.704822540283
depth4_bal_MAMMAMAA,4,MAMMAMAA,30525,366300,0.8436050762732824,2.0840014616648355,2.074494467462812,0.6602480417754569,0.293733681462141,0.28616176306074503,1.0,0.0003,1.0,8922.586143255234
depth4_bal_MAMMAMAA,4,MAMMAMAA,30550,366600,0.7667909115552902,1.967992941538493,1.9493430035454886,0.7043080939947781,0.3198433420365535,0.31882760935227655,1.0,0.0003,1.0,8930.140463352203
depth4_bal_MAMMAMAA,4,MAMMAMAA,30575,366900,0.8910605957110723,2.0044864813486734,2.0300842217036656,0.6442558746736292,0.3289817232375979,0.3054032889584965,1.0,0.0003,1.0,8937.60713672638
depth4_bal_MAMMAMAA,4,MAMMAMAA,30600,367200,0.9678245435158411,2.0954262415568032,2.120872388567243,0.6168407310704961,0.2819843342036554,0.29309766193086473,1.0,0.0003,1.0,8945.202608346939
depth4_bal_MAMMAMAA,4,MAMMAMAA,30625,367500,0.8532203187545141,1.9097867409388225,1.9558922971997943,0.6566579634464752,0.3368146214099217,0.3183801320058172,1.0,0.0003,1.0,8953.349243402481
depth4_bal_MAMMAMAA,4,MAMMAMAA,30650,367800,0.8193174749612808,1.9109855890274048,1.9237490177154541,0.6768929503916449,0.31070496083550914,0.32084125741134356,1.0,0.0003,1.0,8961.023423910141
depth4_bal_MAMMAMAA,4,MAMMAMAA,30675,368100,0.7900455792744955,1.9344148238499959,1.9552605492728097,0.6951697127937336,0.31723237597911225,0.3133460118581497,1.0,0.0003,1.0,8969.253133296967
depth4_bal_MAMMAMAA,4,MAMMAMAA,30700,368400,0.8058571020762125,1.927641789118449,1.973692328589303,0.6873368146214099,0.3289817232375979,0.31849200134243205,1.0,0.0003,1.0,8977.540243148804
depth4_bal_MAMMAMAA,4,MAMMAMAA,30725,368700,0.7576376597086588,2.053547183672587,2.0789412191935948,0.7075718015665796,0.3328981723237598,0.30663385166125967,1.0,0.0003,1.0,8985.54152083397
depth4_bal_MAMMAMAA,4,MAMMAMAA,30750,369000,0.9752238343159357,2.2184742291768393,2.1265864746911185,0.6158616187989556,0.2780678851174935,0.2745273520528023,1.0,0.0003,1.0,8993.75271987915
depth4_bal_MAMMAMAA,4,MAMMAMAA,30775,369300,0.8554769257704417,1.9532488187154133,2.0351237433297293,0.664490861618799,0.31592689295039167,0.29544691799977624,1.0,0.0003,1.0,9001.685307741165
depth4_bal_MAMMAMAA,4,MAMMAMAA,30800,369600,0.8791875888903936,1.9117867946624756,1.9096323456083024,0.6595953002610966,0.32114882506527415,0.3206175187381139,1.0,0.0003,1.0,9009.999037027359
depth4_bal_MAMMAMAA,4,MAMMAMAA,30825,369900,0.7631716926892599,2.0504136085510254,2.0370361260005407,0.7030026109660574,0.29765013054830286,0.31256292650184586,1.0,0.0003,1.0,9018.22450709343
depth4_bal_MAMMAMAA,4,MAMMAMAA,30850,370200,0.8888183881839117,1.9217493136723836,1.9796307597841536,0.6370757180156658,0.3224543080939948,0.3106611477793937,1.0,0.0003,1.0,9026.43759894371
depth4_bal_MAMMAMAA,4,MAMMAMAA,30875,370500,0.9631378750006357,1.8968193133672078,1.960645249911717,0.6243472584856397,0.3028720626631854,0.2894059738225752,1.0,0.0003,1.0,9034.800181150436
depth4_bal_MAMMAMAA,4,MAMMAMAA,30900,370800,0.8485519140958786,2.1552329063415527,2.0786458662578036,0.6560052219321149,0.3185378590078329,0.3074169370175635,1.0,0.0003,1.0,9042.678961753845
depth4_bal_MAMMAMAA,4,MAMMAMAA,30925,371100,0.9079141269127528,2.0164610147476196,2.010170142991202,0.633485639686684,0.31070496083550914,0.30585076630495583,1.0,0.0003,1.0,9050.92855644226
depth4_bal_MAMMAMAA,4,MAMMAMAA,30950,371400,0.7852367957433065,1.8348697423934937,1.8360888072422572,0.6984334203655352,0.3629242819843342,0.3331468844389753,1.0,0.0003,1.0,9059.127439260483
depth4_bal_MAMMAMAA,4,MAMMAMAA,30975,371700,1.1495175609985988,2.115974028905233,2.0967765297208514,0.5656005221932114,0.2845953002610966,0.27821904016109184,1.0,0.0003,1.0,9067.323112726212
depth4_bal_MAMMAMAA,4,MAMMAMAA,31000,372000,0.7414395809173584,1.972975492477417,1.9576296022960118,0.7199738903394256,0.35117493472584854,0.33079762837006377,1.0,0.0003,1.0,9076.307123422623
depth4_bal_MAMMAMAA,4,MAMMAMAA,31025,372300,0.8443121065696081,1.9231541554133098,1.939354293687003,0.6772193211488251,0.304177545691906,0.3255397695491666,1.0,0.0003,1.0,9080.700607299805
depth4_bal_MAMMAMAA,4,MAMMAMAA,31050,372600,1.1086971908807755,2.108905076980591,2.134126888002668,0.5623368146214099,0.2741514360313316,0.2654659357870008,1.0,0.0003,1.0,9084.732414007187
depth4_bal_MAMMAMAA,4,MAMMAMAA,31075,372900,0.8368454724550247,2.0705016454060874,2.1458175420761108,0.6622062663185379,0.3198433420365535,0.28783980310996754,1.0,0.0003,1.0,9092.278808116913
depth4_bal_MAMMAMAA,4,MAMMAMAA,31100,373200,0.8601234207550684,1.9802651405334473,1.9955454179218837,0.6524151436031331,0.33159268929503916,0.3140172278778387,1.0,0.0003,1.0,9099.983685016632
depth4_bal_MAMMAMAA,4,MAMMAMAA,31125,373500,0.8273494491974512,1.976413647333781,1.9912025826317923,0.6746083550913838,0.3185378590078329,0.3083118917104822,1.0,0.0003,1.0,9108.109538555145
depth4_bal_MAMMAMAA,4,MAMMAMAA,31150,373800,1.120429590344429,2.0961391925811768,2.0989941699164256,0.5662532637075718,0.27154046997389036,0.27698847745832866,1.0,0.0003,1.0,9116.234089374542
depth4_bal_MAMMAMAA,4,MAMMAMAA,31175,374100,0.776410718758901,1.945831020673116,1.984403954233442,0.6945169712793734,0.33550913838120106,0.3159190066002909,1.0,0.0003,1.0,9124.480262756348
depth4_bal_MAMMAMAA,4,MAMMAMAA,31200,374400,0.7597047388553619,2.008386770884196,1.9885059526988438,0.714425587467363,0.3276762402088773,0.3163664839467502,1.0,0.0003,1.0,9131.988624095917
depth4_bal_MAMMAMAA,4,MAMMAMAA,31225,374700,0.8124837726354599,1.9947566191355388,2.0258728640420096,0.6827676240208878,0.31462140992167104,0.32117686542118806,1.0,0.0003,1.0,9140.135929107666
depth4_bal_MAMMAMAA,4,MAMMAMAA,31250,375000,0.9610759168863297,2.3130949338277182,2.2809199128832134,0.6220626631853786,0.2754569190600522,0.28627363239735987,1.0,0.0003,1.0,9148.442480325699
depth4_bal_MAMMAMAA,4,MAMMAMAA,31275,375300,0.7574624220530192,1.9919129610061646,1.971808249609811,0.7049608355091384,0.3237597911227154,0.3349367938248126,1.0,0.0003,1.0,9155.572202205658
depth4_bal_MAMMAMAA,4,MAMMAMAA,31300,375600,0.6967939287424088,2.0151576598485312,1.9599302870886666,0.7287859007832899,0.3289817232375979,0.33079762837006377,1.0,0.0003,1.0,9163.853809833527
depth4_bal_MAMMAMAA,4,MAMMAMAA,31325,375900,0.749773437778155,1.9265168110529582,1.9695502519607544,0.7098563968668408,0.35117493472584854,0.33102136704329344,1.0,0.0003,1.0,9172.068951129913
depth4_bal_MAMMAMAA,4,MAMMAMAA,31350,376200,0.7901157935460409,2.005399703979492,2.0609547308513094,0.6889686684073107,0.3185378590078329,0.3140172278778387,1.0,0.0003,1.0,9180.39694738388
depth4_bal_MAMMAMAA,4,MAMMAMAA,31375,376500,0.704338476061821,2.0487903356552124,1.9913831847054617,0.7385770234986945,0.31462140992167104,0.3173733079762837,1.0,0.0003,1.0,9188.793814182281
depth4_bal_MAMMAMAA,4,MAMMAMAA,31400,376800,0.7267029831806818,2.0416042804718018,2.0124117374420165,0.7189947780678851,0.33159268929503916,0.3226311667971809,1.0,0.0003,1.0,9196.386126279831
depth4_bal_MAMMAMAA,4,MAMMAMAA,31425,377100,0.8840837329626083,2.0684741338094077,2.10307377747127,0.6484986945169713,0.32114882506527415,0.3027184248797405,1.0,0.0003,1.0,9204.545980453491
depth4_bal_MAMMAMAA,4,MAMMAMAA,31450,377400,0.8137593020995458,2.025269786516825,2.0567002500806537,0.6788511749347258,0.3002610966057441,0.2970130887123839,1.0,0.0003,1.0,9212.821612119675
depth4_bal_MAMMAMAA,4,MAMMAMAA,31475,377700,0.9474543978770574,1.9894481499989827,1.978179829461234,0.6197780678851175,0.293733681462141,0.2995860834545251,1.0,0.0003,1.0,9221.024364471436
depth4_bal_MAMMAMAA,4,MAMMAMAA,31500,378000,0.7765367974837621,2.049250682195028,2.015826116289411,0.7056135770234987,0.31462140992167104,0.3190513480255062,1.0,0.0003,1.0,9228.29106092453
depth4_bal_MAMMAMAA,4,MAMMAMAA,31525,378300,0.787350207567215,2.0426683823267617,2.0477258614131384,0.6866840731070496,0.31462140992167104,0.30954245441324535,1.0,0.0003,1.0,9231.492934703827
depth4_bal_MAMMAMAA,4,MAMMAMAA,31550,378600,0.7494519203901291,1.9789508978525798,2.008096810749599,0.716710182767624,0.3289817232375979,0.3177089159861282,1.0,0.0003,1.0,9234.523232221603
depth4_bal_MAMMAMAA,4,MAMMAMAA,31575,378900,0.8371065060297648,1.953226884206136,1.9123414380209787,0.6866840731070496,0.3133159268929504,0.3216243427676474,1.0,0.0003,1.0,9237.55124759674
depth4_bal_MAMMAMAA,4,MAMMAMAA,31600,379200,0.8067776958147684,2.2634569803873696,2.2630768094744003,0.6860313315926893,0.27284595300261094,0.27889025618078084,1.0,0.0003,1.0,9243.796673297882
depth4_bal_MAMMAMAA,4,MAMMAMAA,31625,379500,0.7219488223393759,1.9491712649663289,2.0002408845084054,0.7340078328981723,0.34203655352480417,0.32184808144087707,1.0,0.0003,1.0,9249.38388633728
depth4_bal_MAMMAMAA,4,MAMMAMAA,31650,379800,0.7494539121786753,2.0968658129374185,2.110961968558175,0.7101827676240209,0.34073107049608353,0.30685759033448934,1.0,0.0003,1.0,9252.41598367691
depth4_bal_MAMMAMAA,4,MAMMAMAA,31675,380100,0.8111801197131475,1.978176514307658,2.0276050431387764,0.6850522193211488,0.32506527415143605,0.3165902226199799,1.0,0.0003,1.0,9255.448137521744
depth4_bal_MAMMAMAA,4,MAMMAMAA,31700,380400,0.7135409812132517,1.9643009106318157,1.9507925851004464,0.7209530026109661,0.3563968668407311,0.34534064212999216,1.0,0.0003,1.0,9258.496893167496
depth4_bal_MAMMAMAA,4,MAMMAMAA,31725,380700,0.8774576683839163,2.1182285149892173,2.1200798579624722,0.6471932114882507,0.3093994778067885,0.2969012193757691,1.0,0.0003,1.0,9261.641127109528
depth4_bal_MAMMAMAA,4,MAMMAMAA,31750,381000,0.8530189692974091,1.9274871746699016,1.9482926607131958,0.6498041775456919,0.30548302872062666,0.30361337957265916,1.0,0.0003,1.0,9264.673490524292
depth4_bal_MAMMAMAA,4,MAMMAMAA,31775,381300,0.8100610673427582,2.0698434511820474,2.0511689833232336,0.6785248041775457,0.31201044386422977,0.31647835328336504,1.0,0.0003,1.0,9267.705108165741
depth4_bal_MAMMAMAA,4,MAMMAMAA,31800,381600,0.9072011609872183,2.0355066458384194,2.047489128793989,0.6419712793733682,0.3002610966057441,0.29522317932654657,1.0,0.0003,1.0,9270.741278886795
depth4_bal_MAMMAMAA,4,MAMMAMAA,31825,381900,0.919826532403628,2.251981814702352,2.214656060082572,0.6181462140992167,0.2859007832898172,0.27732408546817316,1.0,0.0003,1.0,9273.887759447098
depth4_bal_MAMMAMAA,4,MAMMAMAA,31850,382200,0.8351217955350876,1.9795466661453247,1.983254497391837,0.6661227154046997,0.30809399477806787,0.3236379908267144,1.0,0.0003,1.0,9276.920893907547
depth4_bal_MAMMAMAA,4,MAMMAMAA,31875,382500,0.9130180031061172,2.109396060307821,2.1952245507921493,0.6442558746736292,0.283289817232376,0.2800089495469292,1.0,0.0003,1.0,9279.963205337524
depth4_bal_MAMMAMAA,4,MAMMAMAA,31900,382800,0.7386637230714163,2.0555692513783774,2.020916322299412,0.7189947780678851,0.3224543080939948,0.3121154491553865,1.0,0.0003,1.0,9283.110157489777
depth4_bal_MAMMAMAA,4,MAMMAMAA,31925,383100,0.8534718106190363,1.997485876083374,2.031991836002895,0.6697127937336814,0.3276762402088773,0.30462020360219266,1.0,0.0003,1.0,9286.151587724686
depth4_bal_MAMMAMAA,4,MAMMAMAA,31950,383400,0.746008480588595,2.0359164079030356,2.1075436183384486,0.7111618798955613,0.30809399477806787,0.3004810381474438,1.0,0.0003,1.0,9289.191826820374
depth4_bal_MAMMAMAA,4,MAMMAMAA,31975,383700,0.7851738085349401,2.0180981159210205,2.005166803087507,0.6925587467362925,0.30678851174934724,0.3107730171160085,1.0,0.0003,1.0,9295.417490243912
depth4_bal_MAMMAMAA,4,MAMMAMAA,32000,384000,0.7424761056900024,2.0029239654541016,2.0016087429864067,0.7170365535248042,0.33159268929503916,0.31916321736212105,1.0,0.0003,1.0,9303.602291345596
depth4_bal_MAMMAMAA,4,MAMMAMAA,32025,384300,1.0136846949656804,2.091585636138916,2.079490167754037,0.6034595300261096,0.29765013054830286,0.2920908379013312,1.0,0.0003,1.0,9311.951077699661
depth4_bal_MAMMAMAA,4,MAMMAMAA,32050,384600,0.7524433135986328,1.9999667008717854,2.0404568672180177,0.7114882506527415,0.31462140992167104,0.3074169370175635,1.0,0.0003,1.0,9320.170010089874
depth4_bal_MAMMAMAA,4,MAMMAMAA,32075,384900,0.8651191741228104,2.1457009315490723,2.1387659685952323,0.658289817232376,0.3276762402088773,0.3033896408994295,1.0,0.0003,1.0,9328.419580936432
depth4_bal_MAMMAMAA,4,MAMMAMAA,32100,385200,0.7151828656593958,2.248507102330526,2.28168659891401,0.7222584856396866,0.30548302872062666,0.2755341760823358,1.0,0.0003,1.0,9336.646998405457
depth4_bal_MAMMAMAA,4,MAMMAMAA,32125,385500,0.8193329324324926,2.0318109591801963,2.096626261302403,0.681135770234987,0.2950391644908616,0.2966774807025394,1.0,0.0003,1.0,9344.558816432953
depth4_bal_MAMMAMAA,4,MAMMAMAA,32150,385800,0.8062214305003484,1.957756479581197,1.9930880648749216,0.6883159268929504,0.3394255874673629,0.32240742812395123,1.0,0.0003,1.0,9352.780858516693
depth4_bal_MAMMAMAA,4,MAMMAMAA,32175,386100,0.789626677831014,2.022078553835551,2.012677049636841,0.6899477806788512,0.3224543080939948,0.31379348920460903,1.0,0.0003,1.0,9360.692098379135
depth4_bal_MAMMAMAA,4,MAMMAMAA,32200,386400,0.8238169352213541,2.138542970021566,2.1289149727140155,0.6772193211488251,0.2898172323759791,0.2840362456650632,1.0,0.0003,1.0,9369.056059360504
depth4_bal_MAMMAMAA,4,MAMMAMAA,32225,386700,0.6844587028026581,2.022778034210205,2.0228067091533117,0.7379242819843342,0.33159268929503916,0.32218368945072157,1.0,0.0003,1.0,9377.289021253586
depth4_bal_MAMMAMAA,4,MAMMAMAA,32250,387000,0.7712835570176443,1.9676655133565266,1.9426112754004343,0.7026762402088773,0.3263707571801567,0.33236379908267144,1.0,0.0003,1.0,9385.532978773117
depth4_bal_MAMMAMAA,4,MAMMAMAA,32275,387300,0.6749214927355448,2.002479076385498,2.043384439604623,0.7496736292428199,0.34464751958224543,0.3268822015885446,1.0,0.0003,1.0,9389.08668923378
depth4_bal_MAMMAMAA,4,MAMMAMAA,32300,387600,0.7154833525419235,1.9286634922027588,1.9828182016100202,0.7297650130548303,0.35509138381201044,0.32609911623224075,1.0,0.0003,1.0,9396.568457126617
depth4_bal_MAMMAMAA,4,MAMMAMAA,32325,387900,0.8230765660603842,2.032327135403951,2.0851291486195156,0.6684073107049608,0.30678851174934724,0.3054032889584965,1.0,0.0003,1.0,9404.820415258408
depth4_bal_MAMMAMAA,4,MAMMAMAA,32350,388200,0.8240045706431071,2.1591501235961914,2.17786945274898,0.6710182767624021,0.30156657963446476,0.2986911287616064,1.0,0.0003,1.0,9413.043683290482
depth4_bal_MAMMAMAA,4,MAMMAMAA,32375,388500,0.7659028371175131,1.9936155875523884,1.977900491441999,0.712467362924282,0.30156657963446476,0.3126747958384607,1.0,0.0003,1.0,9421.176119327545
depth4_bal_MAMMAMAA,4,MAMMAMAA,32400,388800,0.7696451644102732,1.9446036418279011,2.0125029053006855,0.6987597911227154,0.31723237597911225,0.3113323637990827,1.0,0.0003,1.0,9429.332879304886
depth4_bal_MAMMAMAA,4,MAMMAMAA,32425,389100,0.8005616317192713,2.008323311805725,2.002667951583862,0.6795039164490861,0.3185378590078329,0.32251929746056607,1.0,0.0003,1.0,9437.360192775726
depth4_bal_MAMMAMAA,4,MAMMAMAA,32450,389400,0.7601889173189799,1.9101444880167644,1.938974928855896,0.7147519582245431,0.34073107049608353,0.32979080434053026,1.0,0.0003,1.0,9445.563700437546
depth4_bal_MAMMAMAA,4,MAMMAMAA,32475,389700,0.7595235606034597,2.0963306427001953,2.02757556779044,0.7092036553524804,0.31592689295039167,0.32117686542118806,1.0,0.0003,1.0,9453.824263811111
depth4_bal_MAMMAMAA,4,MAMMAMAA,32500,390000,0.9918019274870554,2.0522058804829917,2.0503612450190953,0.6018276762402088,0.2963446475195822,0.2882872804564269,1.0,0.0003,1.0,9462.048018693924
depth4_bal_MAMMAMAA,4,MAMMAMAA,32525,390300,0.7474017143249512,2.170546213785807,2.1096024683543613,0.706266318537859,0.33550913838120106,0.3106611477793937,1.0,0.0003,1.0,9470.00785946846
depth4_bal_MAMMAMAA,4,MAMMAMAA,32550,390600,0.8084583977858225,1.9830820957819622,2.046974127633231,0.6883159268929504,0.3368146214099217,0.3040608569191185,1.0,0.0003,1.0,9478.373938083649
depth4_bal_MAMMAMAA,4,MAMMAMAA,32575,390900,0.7692609628041586,2.116281827290853,2.1186055524008616,0.7049608355091384,0.3133159268929504,0.3080881530372525,1.0,0.0003,1.0,9486.464988231659
depth4_bal_MAMMAMAA,4,MAMMAMAA,32600,391200,0.7576899975538254,1.9103465874989827,1.9007949795041765,0.712467362924282,0.34595300261096606,0.3263228549054704,1.0,0.0003,1.0,9494.668582439423
depth4_bal_MAMMAMAA,4,MAMMAMAA,32625,391500,0.8253648181756338,2.010413567225138,2.051017941747393,0.6775456919060052,0.31201044386422977,0.3067457209978745,1.0,0.0003,1.0,9502.309209346771
depth4_bal_MAMMAMAA,4,MAMMAMAA,32650,391800,0.7804743647575378,2.0445100466410318,2.0144091946738105,0.6997389033942559,0.3342036553524804,0.32106499608457323,1.0,0.0003,1.0,9510.630006313324
depth4_bal_MAMMAMAA,4,MAMMAMAA,32675,392100,0.9362567166487376,1.996524492899577,1.966137661252703,0.6357702349869452,0.31201044386422977,0.31356975053137937,1.0,0.0003,1.0,9518.843841314316
depth4_bal_MAMMAMAA,4,MAMMAMAA,32700,392400,0.7890162169933319,2.079761505126953,2.0719618899481635,0.6863577023498695,0.3133159268929504,0.30987806242308985,1.0,0.0003,1.0,9526.837706327438
depth4_bal_MAMMAMAA,4,MAMMAMAA,32725,392700,0.8195614665746689,1.935135046641032,1.9224897044045584,0.6843994778067886,0.32114882506527415,0.3248685535294776,1.0,0.0003,1.0,9535.054223775864
depth4_bal_MAMMAMAA,4,MAMMAMAA,32750,393000,0.7202905565500259,2.1555333932240806,2.1128972598484586,0.7118146214099217,0.3028720626631854,0.3038371182458888,1.0,0.0003,1.0,9543.377369880676
depth4_bal_MAMMAMAA,4,MAMMAMAA,32775,393300,0.7372883061567942,2.049659172693888,1.966341243471418,0.7238903394255874,0.3185378590078329,0.32576350822239625,1.0,0.0003,1.0,9551.572338581085
depth4_bal_MAMMAMAA,4,MAMMAMAA,32800,393600,0.8269820809364319,2.027139584223429,2.0680372272218976,0.6775456919060052,0.31462140992167104,0.3193869560353507,1.0,0.0003,1.0,9559.797250270844
depth4_bal_MAMMAMAA,4,MAMMAMAA,32825,393900,0.7104150454203287,2.0895888805389404,2.0811430658612933,0.7176892950391645,0.3263707571801567,0.32151247343103256,1.0,0.0003,1.0,9567.732629299164
depth4_bal_MAMMAMAA,4,MAMMAMAA,32850,394200,0.7421538730462393,1.9537404775619507,1.9259468521390641,0.7225848563968669,0.3237597911227154,0.3229667748070254,1.0,0.0003,1.0,9575.881305932999
depth4_bal_MAMMAMAA,4,MAMMAMAA,32875,394500,0.919551839431127,2.2712108294169107,2.222914695739746,0.6471932114882507,0.30156657963446476,0.2923145765745609,1.0,0.0003,1.0,9584.050790786743
depth4_bal_MAMMAMAA,4,MAMMAMAA,32900,394800,0.8073279311259588,1.9429600636164348,1.9617307867322649,0.6863577023498695,0.3368146214099217,0.33046202036021927,1.0,0.0003,1.0,9592.285981178284
depth4_bal_MAMMAMAA,4,MAMMAMAA,32925,395100,0.8208034435907999,2.14387575785319,2.1605627025876726,0.6746083550913838,0.2689295039164491,0.2863855017339747,1.0,0.0003,1.0,9601.34794664383
depth4_bal_MAMMAMAA,4,MAMMAMAA,32950,395400,0.7776686996221542,1.9958746433258057,1.982642160143171,0.70822454308094,0.293733681462141,0.3156952679270612,1.0,0.0003,1.0,9610.418999910355
depth4_bal_MAMMAMAA,4,MAMMAMAA,32975,395700,0.7736443926890691,2.0448017517725625,1.9874854939324516,0.7072454308093995,0.3237597911227154,0.310437409106164,1.0,0.0003,1.0,9619.41915345192
depth4_bal_MAMMAMAA,4,MAMMAMAA,33000,396000,0.7666926085948944,2.3060685793558755,2.313316903795515,0.6964751958224543,0.3028720626631854,0.2755341760823358,1.0,0.0003,1.0,9627.62609744072
depth4_bal_MAMMAMAA,4,MAMMAMAA,33025,396300,0.8404459853967031,2.0424997806549072,2.0158340317862375,0.6755874673629243,0.3133159268929504,0.3140172278778387,1.0,0.0003,1.0,9637.251023769379
depth4_bal_MAMMAMAA,4,MAMMAMAA,33050,396600,0.7977372258901596,2.066093842188517,2.058752921649388,0.6860313315926893,0.31723237597911225,0.3028302942163553,1.0,0.0003,1.0,9645.495980978012
depth4_bal_MAMMAMAA,4,MAMMAMAA,33075,396900,0.8493524144093195,1.9902695020039876,1.9894285338265556,0.6706919060052219,0.29112271540469975,0.31289853451169036,1.0,0.0003,1.0,9654.491859436035
depth4_bal_MAMMAMAA,4,MAMMAMAA,33100,397200,0.8400669445594152,2.2629787921905518,2.205427966799055,0.6684073107049608,0.27676240208877284,0.279449602863855,1.0,0.0003,1.0,9663.710779190063
depth4_bal_MAMMAMAA,4,MAMMAMAA,33125,397500,0.8778125792741776,2.0889031887054443,2.0713696241378785,0.6439295039164491,0.31070496083550914,0.30596263564157067,1.0,0.0003,1.0,9672.928604602814
depth4_bal_MAMMAMAA,4,MAMMAMAA,33150,397800,0.9044621040423712,2.034442901611328,2.0571746247155325,0.6380548302872062,0.30809399477806787,0.2975724353954581,1.0,0.0003,1.0,9682.112513065338
depth4_bal_MAMMAMAA,4,MAMMAMAA,33175,398100,0.7657989313205084,2.094060738881429,2.135040044784546,0.6968015665796344,0.3394255874673629,0.31088488645262335,1.0,0.0003,1.0,9690.646906614304
depth4_bal_MAMMAMAA,4,MAMMAMAA,33200,398400,0.7386417537927628,2.1039933363596597,2.0642594712121145,0.7114882506527415,0.3263707571801567,0.30987806242308985,1.0,0.0003,1.0,9698.534856081009
depth4_bal_MAMMAMAA,4,MAMMAMAA,33225,398700,0.7128493984540304,2.0112472772598267,2.017279805455889,0.7366187989556136,0.3198433420365535,0.3182682626692024,1.0,0.0003,1.0,9703.463292360306
depth4_bal_MAMMAMAA,4,MAMMAMAA,33250,399000,0.7378305246432623,2.087045590082804,2.1143473284585137,0.7219321148825065,0.3002610966057441,0.3021590781966663,1.0,0.0003,1.0,9706.509004116058
depth4_bal_MAMMAMAA,4,MAMMAMAA,33275,399300,0.796021560827891,2.0627286434173584,2.083934998512268,0.6928851174934726,0.3289817232375979,0.3040608569191185,1.0,0.0003,1.0,9709.55324935913
depth4_bal_MAMMAMAA,4,MAMMAMAA,33300,399600,1.0739187846581142,2.202779690424601,2.1568516526903423,0.587467362924282,0.26762402088772846,0.27531043740910616,1.0,0.0003,1.0,9712.710916996002
depth4_bal_MAMMAMAA,4,MAMMAMAA,33325,399900,0.7054479022820791,2.0390175183614097,2.0372535364968436,0.7294386422976501,0.34595300261096606,0.32352612149009957,1.0,0.0003,1.0,9715.879522323608
depth4_bal_MAMMAMAA,4,MAMMAMAA,33350,400200,1.0790473471085231,1.9200342496236165,1.954231231553214,0.5838772845953003,0.30156657963446476,0.28951784315919005,1.0,0.0003,1.0,9724.02529001236
depth4_bal_MAMMAMAA,4,MAMMAMAA,33375,400500,1.0307834247748058,1.9867806037267048,1.980000649179731,0.5910574412532638,0.2898172323759791,0.2963418726926949,1.0,0.0003,1.0,9732.071685314178
depth4_bal_MAMMAMAA,4,MAMMAMAA,33400,400800,0.8295449018478394,2.2504614988962808,2.2194729941231865,0.6713446475195822,0.2845953002610966,0.27609352276541,1.0,0.0003,1.0,9738.846259593964
depth4_bal_MAMMAMAA,4,MAMMAMAA,33425,401100,0.718183621764183,2.0123312870661416,2.0057487521852764,0.7189947780678851,0.3368146214099217,0.32352612149009957,1.0,0.0003,1.0,9747.06687426567
depth4_bal_MAMMAMAA,4,MAMMAMAA,33450,401400,0.7863963743050894,2.0240203539530435,2.157596513203212,0.6925587467362925,0.30678851174934724,0.29846739008837675,1.0,0.0003,1.0,9755.274614810944
depth4_bal_MAMMAMAA,4,MAMMAMAA,33475,401700,0.8520133048295975,2.119922637939453,2.0585509708949496,0.6716710182767625,0.3381201044386423,0.30853563038371185,1.0,0.0003,1.0,9763.48363161087
depth4_bal_MAMMAMAA,4,MAMMAMAA,33500,402000,0.7162385781606039,1.9967239300409954,1.9969566208975655,0.7268276762402088,0.3185378590078329,0.3322519297460566,1.0,0.0003,1.0,9771.697167634964
depth4_bal_MAMMAMAA,4,MAMMAMAA,33525,402300,0.8645601868629456,2.122403065363566,2.1250626053128925,0.6641644908616188,0.30678851174934724,0.2867211097438192,1.0,0.0003,1.0,9779.921107292175
depth4_bal_MAMMAMAA,4,MAMMAMAA,33550,402600,0.7280503461758295,1.9896775086720784,1.9625809941973005,0.7212793733681462,0.3224543080939948,0.32934332699407093,1.0,0.0003,1.0,9788.107625246048
depth4_bal_MAMMAMAA,4,MAMMAMAA,33575,402900,0.6883858491977056,1.9954380989074707,2.010139349528721,0.7424934725848564,0.3289817232375979,0.32677033225192975,1.0,0.0003,1.0,9796.29487323761
depth4_bal_MAMMAMAA,4,MAMMAMAA,33600,403200,1.1478802462418873,2.035701274871826,2.0465045997074673,0.5554830287206266,0.27154046997389036,0.279449602863855,1.0,0.0003,1.0,9804.34368944168
depth4_bal_MAMMAMAA,4,MAMMAMAA,33625,403500,0.8199280599753062,2.0427424907684326,2.0490091357912337,0.6762402088772846,0.3133159268929504,0.30529141962188167,1.0,0.0003,1.0,9811.52976679802
depth4_bal_MAMMAMAA,4,MAMMAMAA,33650,403800,0.9955926487843195,2.270533561706543,2.2342372144971576,0.6122715404699739,0.27154046997389036,0.2605436849759481,1.0,0.0003,1.0,9819.717831611633
depth4_bal_MAMMAMAA,4,MAMMAMAA,33675,404100,0.7279084225495657,1.9739445845286052,1.948300998551505,0.7163838120104439,0.3668407310704961,0.33795726591341313,1.0,0.0003,1.0,9828.033720970154
depth4_bal_MAMMAMAA,4,MAMMAMAA,33700,404400,1.302945892016093,2.2809243202209473,2.2740859031677245,0.5153394255874674,0.23759791122715404,0.23660364694037364,1.0,0.0003,1.0,9836.243294715881
depth4_bal_MAMMAMAA,4,MAMMAMAA,33725,404700,0.7609415650367737,2.1359577973683677,2.0644652230398997,0.6961488250652742,0.32506527415143605,0.3193869560353507,1.0,0.0003,1.0,9844.13145518303
depth4_bal_MAMMAMAA,4,MAMMAMAA,33750,405000,0.7002633611361185,2.107474168141683,2.0445980548858644,0.7265013054830287,0.30548302872062666,0.33113323637990827,1.0,0.0003,1.0,9852.928680181503
depth4_bal_MAMMAMAA,4,MAMMAMAA,33775,405300,0.7688892682393392,1.9702216784159343,2.0400805268968853,0.7043080939947781,0.3381201044386423,0.32184808144087707,1.0,0.0003,1.0,9860.105996608734
depth4_bal_MAMMAMAA,4,MAMMAMAA,33800,405600,0.7479584515094757,2.296316226323446,2.276662690298898,0.6974543080939948,0.29112271540469975,0.281463250922922,1.0,0.0003,1.0,9868.342541217804
depth4_bal_MAMMAMAA,4,MAMMAMAA,33825,405900,0.8777689884106318,1.9855128924051921,2.046715245928083,0.6462140992167101,0.30678851174934724,0.30193533952343665,1.0,0.0003,1.0,9876.575562477112
depth4_bal_MAMMAMAA,4,MAMMAMAA,33850,406200,0.9162730723619461,2.213594992955526,2.1691430773053852,0.6406657963446475,0.23759791122715404,0.26926949323190513,1.0,0.0003,1.0,9884.715763807297
depth4_bal_MAMMAMAA,4,MAMMAMAA,33875,406500,0.9096769044796625,1.989896535873413,1.9946846893855503,0.6351174934725848,0.31462140992167104,0.3028302942163553,1.0,0.0003,1.0,9893.058013677597
depth4_bal_MAMMAMAA,4,MAMMAMAA,33900,406800,0.7622809062401453,2.136332909266154,2.1052300555365426,0.7036553524804178,0.30548302872062666,0.3182682626692024,1.0,0.0003,1.0,9901.296318292618
depth4_bal_MAMMAMAA,4,MAMMAMAA,33925,407100,0.8141744136810303,2.0830537478129068,2.082875340325492,0.6706919060052219,0.30156657963446476,0.29813178207853225,1.0,0.0003,1.0,9909.422901153564
depth4_bal_MAMMAMAA,4,MAMMAMAA,33950,407400,0.7875780463218689,2.222792307535807,2.242603247506278,0.6883159268929504,0.2845953002610966,0.27296118134019465,1.0,0.0003,1.0,9917.733905553818
depth4_bal_MAMMAMAA,4,MAMMAMAA,33975,407700,0.7382971396048864,2.049283981323242,2.05589599609375,0.7189947780678851,0.3328981723237598,0.31949882537196556,1.0,0.0003,1.0,9925.947446584702
depth4_bal_MAMMAMAA,4,MAMMAMAA,34000,408000,0.9398398300011953,2.1971284548441568,2.126870158740452,0.6217362924281984,0.2898172323759791,0.28358876831860386,1.0,0.0003,1.0,9933.997777700424
depth4_bal_MAMMAMAA,4,MAMMAMAA,34025,408300,1.0215847939252853,2.2347822189331055,2.254503652027675,0.595626631853786,0.2859007832898172,0.26703210649960846,1.0,0.0003,1.0,9942.112000703812
depth4_bal_MAMMAMAA,4,MAMMAMAA,34050,408600,0.8439149955908457,2.0002437432607016,2.0540503297533306,0.6746083550913838,0.34203655352480417,0.30685759033448934,1.0,0.0003,1.0,9950.449735164642
depth4_bal_MAMMAMAA,4,MAMMAMAA,34075,408900,1.0102275609970093,2.05824343363444,2.0136434997831074,0.6106396866840731,0.28720626631853785,0.28157512025953685,1.0,0.0003,1.0,9958.55283999443
depth4_bal_MAMMAMAA,4,MAMMAMAA,34100,409200,0.8088970532019933,2.13830574353536,2.0909454243523733,0.6961488250652742,0.3002610966057441,0.303725248909274,1.0,0.0003,1.0,9966.801390171051
depth4_bal_MAMMAMAA,4,MAMMAMAA,34125,409500,0.8150822917620341,1.9884021679560344,2.0458575282778058,0.6778720626631853,0.304177545691906,0.29522317932654657,1.0,0.0003,1.0,9974.75700545311
depth4_bal_MAMMAMAA,4,MAMMAMAA,34150,409800,0.9055715352296829,2.4048027992248535,2.325722326551165,0.6439295039164491,0.2689295039164491,0.2631166797180893,1.0,0.0003,1.0,9982.93969464302
depth4_bal_MAMMAMAA,4,MAMMAMAA,34175,410100,0.806366557876269,2.024470885594686,2.0219942842211043,0.6824412532637075,0.30548302872062666,0.3165902226199799,1.0,0.0003,1.0,9991.431951999664
depth4_bal_MAMMAMAA,4,MAMMAMAA,34200,410400,0.845656618475914,2.2434844970703125,2.2620821067265102,0.6677545691906005,0.27023498694516973,0.26166237834209644,1.0,0.0003,1.0,10000.680916309357
depth4_bal_MAMMAMAA,4,MAMMAMAA,34225,410700,0.8064017444849014,2.2153143882751465,2.2076868295669554,0.6902741514360313,0.26762402088772846,0.27900212551739567,1.0,0.0003,1.0,10009.911530971527
depth4_bal_MAMMAMAA,4,MAMMAMAA,34250,411000,0.7046067665020624,2.008985956509908,2.027608701160976,0.7268276762402088,0.35900783289817234,0.32811276429130776,1.0,0.0003,1.0,10019.208130598068
depth4_bal_MAMMAMAA,4,MAMMAMAA,34275,411300,0.8677000453074774,2.192957878112793,2.2075015817369734,0.6560052219321149,0.3028720626631854,0.28549054704105603,1.0,0.0003,1.0,10028.013268709183
depth4_bal_MAMMAMAA,4,MAMMAMAA,34300,411600,0.794689397017161,2.0786643028259277,2.073386812210083,0.6945169712793734,0.31723237597911225,0.30193533952343665,1.0,0.0003,1.0,10037.207994937897
depth4_bal_MAMMAMAA,4,MAMMAMAA,34325,411900,0.7894143213828405,2.0815726121266684,2.0774765491485594,0.6873368146214099,0.31592689295039167,0.30562702763172617,1.0,0.0003,1.0,10046.172730922699
depth4_bal_MAMMAMAA,4,MAMMAMAA,34350,412200,0.8329697002967199,2.0317869583765664,2.0864140067781722,0.6684073107049608,0.3028720626631854,0.29388074728716856,1.0,0.0003,1.0,10054.133398294449
depth4_bal_MAMMAMAA,4,MAMMAMAA,34375,412500,0.7851889928181967,2.147872527440389,2.163384144646781,0.6964751958224543,0.3002610966057441,0.2990267367714509,1.0,0.0003,1.0,10062.347016096115
depth4_bal_MAMMAMAA,4,MAMMAMAA,34400,412800,0.7836034993330637,1.9923709630966187,2.0080903019223895,0.706266318537859,0.31723237597911225,0.3162546146101354,1.0,0.0003,1.0,10070.544748067856
depth4_bal_MAMMAMAA,4,MAMMAMAA,34425,413100,0.7355854411919912,2.0057605107625327,2.045378875732422,0.7180156657963447,0.3237597911227154,0.3107730171160085,1.0,0.0003,1.0,10078.875406503677
depth4_bal_MAMMAMAA,4,MAMMAMAA,34450,413400,0.8962526172399521,2.1930154959360757,2.1421358687537055,0.6471932114882507,0.2950391644908616,0.2903009285154939,1.0,0.0003,1.0,10087.101345539093
depth4_bal_MAMMAMAA,4,MAMMAMAA,34475,413700,0.869994655251503,1.9925838311513264,1.9745255981172833,0.658289817232376,0.2989556135770235,0.3169258306298244,1.0,0.0003,1.0,10095.320564746857
depth4_bal_MAMMAMAA,4,MAMMAMAA,34500,414000,0.7716943323612213,2.0953049659729004,2.0218833957399642,0.7013707571801566,0.3028720626631854,0.31457657456091287,1.0,0.0003,1.0,10103.551810026169
depth4_bal_MAMMAMAA,4,MAMMAMAA,34525,414300,0.9571736554304758,2.1944867769877114,2.1883977890014648,0.6236945169712794,0.2885117493472585,0.27072379460789797,1.0,0.0003,1.0,10111.777668952942
depth4_bal_MAMMAMAA,4,MAMMAMAA,34550,414600,0.7436498155196508,2.1191643873850503,2.09961382320949,0.7186684073107049,0.3002610966057441,0.31356975053137937,1.0,0.0003,1.0,10119.694207429886
depth4_bal_MAMMAMAA,4,MAMMAMAA,34575,414900,0.8014154235521952,2.1697402000427246,2.1593345505850654,0.679177545691906,0.30809399477806787,0.30059290748405865,1.0,0.0003,1.0,10127.845111131668
depth4_bal_MAMMAMAA,4,MAMMAMAA,34600,415200,0.6744517832994461,1.9739975929260254,2.038132987703596,0.7464099216710183,0.35117493472584854,0.32408546817317374,1.0,0.0003,1.0,10136.072163105011
depth4_bal_MAMMAMAA,4,MAMMAMAA,34625,415500,0.7870724101861318,2.1944398085276284,2.213821458816528,0.6824412532637075,0.2924281984334204,0.2817988589327665,1.0,0.0003,1.0,10144.289471626282
depth4_bal_MAMMAMAA,4,MAMMAMAA,34650,415800,0.8132949769496918,2.3869157632191977,2.27184990474156,0.681135770234987,0.28720626631853785,0.29086027519856805,1.0,0.0003,1.0,10152.339980125427
depth4_bal_MAMMAMAA,4,MAMMAMAA,34675,416100,0.7241774698098501,2.125052054723104,2.1136859587260655,0.7199738903394256,0.3002610966057441,0.3133460118581497,1.0,0.0003,1.0,10160.535954475403
depth4_bal_MAMMAMAA,4,MAMMAMAA,34700,416400,0.8068303465843201,2.116299311319987,2.0660758597510203,0.6857049608355091,0.2845953002610966,0.28728045642689337,1.0,0.0003,1.0,10168.801687002182
depth4_bal_MAMMAMAA,4,MAMMAMAA,34725,416700,0.7127574582894644,2.0671046574910483,2.0646488904953,0.7261749347258486,0.33550913838120106,0.3189394786888914,1.0,0.0003,1.0,10176.526751279831
depth4_bal_MAMMAMAA,4,MAMMAMAA,34750,417000,0.7991950462261835,2.0853914817174277,2.119408076150077,0.685378590078329,0.3028720626631854,0.3096543237498602,1.0,0.0003,1.0,10185.288830757141
depth4_bal_MAMMAMAA,4,MAMMAMAA,34775,417300,0.8194537262121836,2.1471164226531982,2.103646448680333,0.6801566579634465,0.2963446475195822,0.310437409106164,1.0,0.0003,1.0,10194.004963874817
depth4_bal_MAMMAMAA,4,MAMMAMAA,34800,417600,0.7823362400134405,1.9933152596155803,2.047913336753845,0.6941906005221932,0.34464751958224543,0.3183801320058172,1.0,0.0003,1.0,10202.599693536758
depth4_bal_MAMMAMAA,4,MAMMAMAA,34825,417900,0.780961682399114,2.0591506958007812,2.0187840053013395,0.7016971279373369,0.31592689295039167,0.3172614386396689,1.0,0.0003,1.0,10211.219426393509
depth4_bal_MAMMAMAA,4,MAMMAMAA,34850,418200,0.8575700173775355,2.1172707080841064,2.081834214074271,0.6654699738903395,0.31070496083550914,0.30462020360219266,1.0,0.0003,1.0,10219.110585212708
depth4_bal_MAMMAMAA,4,MAMMAMAA,34875,418500,0.8070674687623978,2.046018878618876,2.0409105164664134,0.6801566579634465,0.3263707571801567,0.3196106947085804,1.0,0.0003,1.0,10227.307970523834
depth4_bal_MAMMAMAA,4,MAMMAMAA,34900,418800,0.7853192289670309,2.1022238731384277,2.150607970782689,0.6889686684073107,0.3289817232375979,0.30685759033448934,1.0,0.0003,1.0,10235.606642723083
depth4_bal_MAMMAMAA,4,MAMMAMAA,34925,419100,0.871077890197436,2.152780294418335,2.1944835458483016,0.6465404699738904,0.2754569190600522,0.28191072826938135,1.0,0.0003,1.0,10243.747339487076
depth4_bal_MAMMAMAA,4,MAMMAMAA,34950,419400,0.9142920970916748,2.2160728772481284,2.1940451417650495,0.6351174934725848,0.2924281984334204,0.26602528247007495,1.0,0.0003,1.0,10251.957874774933
depth4_bal_MAMMAMAA,4,MAMMAMAA,34975,419700,0.7484438220659891,2.117433230082194,2.1077903168542043,0.7134464751958225,0.30156657963446476,0.30853563038371185,1.0,0.0003,1.0,10260.280153989792
depth4_bal_MAMMAMAA,4,MAMMAMAA,35000,420000,0.7707752138376236,2.094339966773987,2.142690760748727,0.695822454308094,0.32506527415143605,0.3018234701868218,1.0,0.0003,1.0,10268.99497961998
depth4_bal_MAMMAMAA,4,MAMMAMAA,35025,420300,0.850153868397077,2.095754543940226,2.0386177607945033,0.6602480417754569,0.30678851174934724,0.3014878621769773,1.0,0.0003,1.0,10278.163320064545
depth4_bal_MAMMAMAA,4,MAMMAMAA,35050,420600,0.7056527237097422,2.184016704559326,2.1070408173969812,0.7251958224543081,0.3028720626631854,0.30585076630495583,1.0,0.0003,1.0,10287.074205160141
depth4_bal_MAMMAMAA,4,MAMMAMAA,35075,420900,1.0433244307835896,2.278339703877767,2.239354487827846,0.5930156657963447,0.2545691906005222,0.2654659357870008,1.0,0.0003,1.0,10295.526619911194
depth4_bal_MAMMAMAA,4,MAMMAMAA,35100,421200,0.9309708327054977,2.0412887732187905,2.0002875668661937,0.6308746736292428,0.3093994778067885,0.30059290748405865,1.0,0.0003,1.0,10301.270861625671
depth4_bal_MAMMAMAA,4,MAMMAMAA,35125,421500,0.7728531459967295,2.070719281832377,2.039655532155718,0.7030026109660574,0.31070496083550914,0.3093187157400157,1.0,0.0003,1.0,10304.548132658005
depth4_bal_MAMMAMAA,4,MAMMAMAA,35150,421800,0.8513496667146683,2.0286742051442466,1.966921727997916,0.6635117493472585,0.3002610966057441,0.3170376999664392,1.0,0.0003,1.0,10307.579256534576
depth4_bal_MAMMAMAA,4,MAMMAMAA,35175,422100,0.8410613536834717,2.024842898050944,1.9590780462537494,0.674934725848564,0.31201044386422977,0.30685759033448934,1.0,0.0003,1.0,10310.755816698074
depth4_bal_MAMMAMAA,4,MAMMAMAA,35200,422400,0.7240450531244278,2.076319853464762,2.054364422389439,0.7265013054830287,0.32506527415143605,0.3238617294999441,1.0,0.0003,1.0,10316.926034450531
depth4_bal_MAMMAMAA,4,MAMMAMAA,35225,422700,0.8395058413346609,2.0427092711130777,1.987087641443525,0.6739556135770235,0.2963446475195822,0.31155610247231236,1.0,0.0003,1.0,10324.815105438232
depth4_bal_MAMMAMAA,4,MAMMAMAA,35250,423000,1.0264401932557423,2.2176308631896973,2.15726329599108,0.6031331592689295,0.27154046997389036,0.2751985680724913,1.0,0.0003,1.0,10332.985882520676
depth4_bal_MAMMAMAA,4,MAMMAMAA,35275,423300,0.7864755044380823,2.069479465484619,2.0127755675997054,0.7043080939947781,0.2950391644908616,0.31390535854122387,1.0,0.0003,1.0,10341.321454763412
depth4_bal_MAMMAMAA,4,MAMMAMAA,35300,423600,0.7619705150524775,2.231982628504435,2.2030516283852712,0.7023498694516971,0.3185378590078329,0.3008166461572883,1.0,0.0003,1.0,10349.470139980316
depth4_bal_MAMMAMAA,4,MAMMAMAA,35325,423900,0.6841698586940765,2.024423360824585,2.046298956871033,0.7395561357702349,0.33550913838120106,0.3175970466495134,1.0,0.0003,1.0,10357.71380519867
depth4_bal_MAMMAMAA,4,MAMMAMAA,35350,424200,0.7697397222121557,2.1128512223561606,2.0665185144969396,0.7052872062663186,0.3328981723237598,0.31278666517507553,1.0,0.0003,1.0,10366.048578977585
depth4_bal_MAMMAMAA,4,MAMMAMAA,35375,424500,0.8343616127967834,2.2384045918782554,2.198822702680315,0.6631853785900783,0.2689295039164491,0.2970130887123839,1.0,0.0003,1.0,10373.344467878342
depth4_bal_MAMMAMAA,4,MAMMAMAA,35400,424800,0.7320416271686554,2.224520126978556,2.196985844203404,0.7137728459530026,0.30156657963446476,0.301711600850207,1.0,0.0003,1.0,10379.398156642914
depth4_bal_MAMMAMAA,4,MAMMAMAA,35425,425100,0.8702922165393829,2.1385459899902344,2.0910091638565063,0.658289817232376,0.2963446475195822,0.29511130998993174,1.0,0.0003,1.0,10387.269743680954
depth4_bal_MAMMAMAA,4,MAMMAMAA,35450,425400,0.8965631375710169,2.23274834950765,2.30785425731114,0.6419712793733682,0.2950391644908616,0.27228996532050564,1.0,0.0003,1.0,10395.498631715775
depth4_bal_MAMMAMAA,4,MAMMAMAA,35475,425700,0.9303517738978068,2.2497548262278237,2.2281475816454206,0.6357702349869452,0.26762402088772846,0.2718424879740463,1.0,0.0003,1.0,10402.91237783432
depth4_bal_MAMMAMAA,4,MAMMAMAA,35500,426000,0.7804215550422668,2.024939775466919,2.0269874266215733,0.7030026109660574,0.3342036553524804,0.3101018010963195,1.0,0.0003,1.0,10411.122003555298
depth4_bal_MAMMAMAA,4,MAMMAMAA,35525,426300,0.8731299191713333,2.033516764640808,2.0229223115103587,0.6615535248041775,0.2963446475195822,0.29645374202930974,1.0,0.0003,1.0,10418.627514600754
depth4_bal_MAMMAMAA,4,MAMMAMAA,35550,426600,0.7770323206981024,2.0275588035583496,2.0393805946622576,0.6922323759791122,0.32506527415143605,0.3133460118581497,1.0,0.0003,1.0,10426.899720668793
depth4_bal_MAMMAMAA,4,MAMMAMAA,35575,426900,0.7084257553021113,2.1133445103963218,2.1091380493981498,0.7242167101827677,0.3276762402088773,0.3136816198679942,1.0,0.0003,1.0,10435.152168750763
depth4_bal_MAMMAMAA,4,MAMMAMAA,35600,427200,0.8073160201311111,2.0062777201334634,2.0072526352746145,0.685378590078329,0.3302872062663185,0.3146884438975277,1.0,0.0003,1.0,10443.24202132225
depth4_bal_MAMMAMAA,4,MAMMAMAA,35625,427500,0.8184217711289724,2.155416965484619,2.180835608073643,0.6713446475195822,0.2845953002610966,0.29511130998993174,1.0,0.0003,1.0,10451.479616165161
depth4_bal_MAMMAMAA,4,MAMMAMAA,35650,427800,0.8569895178079605,2.3396271069844565,2.2318372317722868,0.6622062663185379,0.26109660574412535,0.2838125069918335,1.0,0.0003,1.0,10459.417011976242
depth4_bal_MAMMAMAA,4,MAMMAMAA,35675,428100,0.9060387462377548,2.382625102996826,2.382926416397095,0.6426240208877284,0.24281984334203655,0.25248909273968007,1.0,0.0003,1.0,10467.604325294495
depth4_bal_MAMMAMAA,4,MAMMAMAA,35700,428400,0.8508810251951218,1.9978946050008137,2.0029800380979266,0.6733028720626631,0.3198433420365535,0.30685759033448934,1.0,0.0003,1.0,10475.745380401611
depth4_bal_MAMMAMAA,4,MAMMAMAA,35725,428700,0.9600520431995392,2.3210109869639077,2.305023779187884,0.6210835509138382,0.25718015665796345,0.246448148562479,1.0,0.0003,1.0,10484.076026439667
depth4_bal_MAMMAMAA,4,MAMMAMAA,35750,429000,0.7643537571032842,2.014499028523763,2.0272576672690255,0.706266318537859,0.31723237597911225,0.30361337957265916,1.0,0.0003,1.0,10492.299943208694
depth4_bal_MAMMAMAA,4,MAMMAMAA,35775,429300,0.8615110466877619,2.106642206509908,2.1075570004326956,0.6595953002610966,0.31462140992167104,0.29980982212775475,1.0,0.0003,1.0,10499.147743463516
depth4_bal_MAMMAMAA,4,MAMMAMAA,35800,429600,0.8206901401281357,2.3617160320281982,2.2808053970336912,0.6798302872062664,0.26109660574412535,0.276764738785099,1.0,0.0003,1.0,10507.349299907684
depth4_bal_MAMMAMAA,4,MAMMAMAA,35825,429900,0.7222361117601395,2.046684424082438,2.0589683771133425,0.720626631853786,0.3289817232375979,0.3107730171160085,1.0,0.0003,1.0,10515.701488733292
depth4_bal_MAMMAMAA,4,MAMMAMAA,35850,430200,0.7240642060836157,2.0893101692199707,2.05557233946664,0.7203002610966057,0.32506527415143605,0.31647835328336504,1.0,0.0003,1.0,10523.920083522797
depth4_bal_MAMMAMAA,4,MAMMAMAA,35875,430500,0.838697999715805,2.3668627738952637,2.2569834777287077,0.6706919060052219,0.2898172323759791,0.2876160644367379,1.0,0.0003,1.0,10532.041095733643
depth4_bal_MAMMAMAA,4,MAMMAMAA,35900,430800,1.1006164302428563,2.024738589922587,2.0503411395209175,0.5763707571801566,0.28067885117493474,0.2837006376552187,1.0,0.0003,1.0,10541.178126811981
depth4_bal_MAMMAMAA,4,MAMMAMAA,35925,431100,0.8587249219417572,2.086629947026571,2.0899931498936244,0.6498041775456919,0.31201044386422977,0.30719319834433384,1.0,0.0003,1.0,10550.53718495369
depth4_bal_MAMMAMAA,4,MAMMAMAA,35950,431400,0.8406028399864832,2.0325020949045816,1.992363704953875,0.6674281984334204,0.30548302872062666,0.3203937800648842,1.0,0.0003,1.0,10559.78261256218
depth4_bal_MAMMAMAA,4,MAMMAMAA,35975,431700,0.9759859889745712,2.365581671396891,2.303346674782889,0.6152088772845953,0.26109660574412535,0.26031994630271843,1.0,0.0003,1.0,10569.029233932495
depth4_bal_MAMMAMAA,4,MAMMAMAA,36000,432000,0.6411333630482355,2.0304874181747437,2.0561394691467285,0.7699086161879896,0.33550913838120106,0.32475668419286274,1.0,0.0003,1.0,10578.383949041367
depth4_bal_MAMMAMAA,4,MAMMAMAA,36025,432300,0.7475546101729075,2.090356190999349,2.0640800305775233,0.7176892950391645,0.3224543080939948,0.31155610247231236,1.0,0.0003,1.0,10586.698481082916
depth4_bal_MAMMAMAA,4,MAMMAMAA,36050,432600,0.75609423716863,2.078951636950175,2.076859712600708,0.7056135770234987,0.3289817232375979,0.3101018010963195,1.0,0.0003,1.0,10594.752285718918
depth4_bal_MAMMAMAA,4,MAMMAMAA,36075,432900,0.7500812262296677,2.0670973857243857,2.0391938277653288,0.710509138381201,0.31723237597911225,0.3121154491553865,1.0,0.0003,1.0,10602.95019030571
depth4_bal_MAMMAMAA,4,MAMMAMAA,36100,433200,0.7334448099136353,2.138280471165975,2.1106914963041032,0.7118146214099217,0.32506527415143605,0.30294216355297016,1.0,0.0003,1.0,10611.241444826126
depth4_bal_MAMMAMAA,4,MAMMAMAA,36125,433500,0.9521431028842926,2.2690083980560303,2.203098702430725,0.6204308093994778,0.2597911227154047,0.271395010627587,1.0,0.0003,1.0,10619.263700962067
depth4_bal_MAMMAMAA,4,MAMMAMAA,36150,433800,0.7792466431856155,2.1297951539357505,2.0638361624308996,0.7052872062663186,0.30809399477806787,0.30887123839355635,1.0,0.0003,1.0,10627.199555397034
depth4_bal_MAMMAMAA,4,MAMMAMAA,36175,434100,0.82760023077329,2.1066718101501465,1.9875756638390678,0.6830939947780679,0.3185378590078329,0.32352612149009957,1.0,0.0003,1.0,10635.413317680359
depth4_bal_MAMMAMAA,4,MAMMAMAA,36200,434400,0.724565585454305,1.9581459760665894,1.9561171088899885,0.7372715404699739,0.31070496083550914,0.30954245441324535,1.0,0.0003,1.0,10643.743367671967
depth4_bal_MAMMAMAA,4,MAMMAMAA,36225,434700,0.7552550236384074,2.012592355410258,2.0087488889694214,0.7065926892950392,0.32114882506527415,0.3200581720550397,1.0,0.0003,1.0,10651.941302776337
depth4_bal_MAMMAMAA,4,MAMMAMAA,36250,435000,0.8548174053430557,2.082730770111084,2.0893052850450786,0.664490861618799,0.32114882506527415,0.30361337957265916,1.0,0.0003,1.0,10660.11182641983
depth4_bal_MAMMAMAA,4,MAMMAMAA,36275,435300,0.7586852113405863,2.1185936530431113,2.0272717918668475,0.7065926892950392,0.3133159268929504,0.32106499608457323,1.0,0.0003,1.0,10668.343547582626
depth4_bal_MAMMAMAA,4,MAMMAMAA,36300,435600,0.698558916648229,1.9502116839090984,1.9871618373053415,0.7597911227154047,0.3472584856396867,0.3190513480255062,1.0,0.0003,1.0,10676.542881011963
depth4_bal_MAMMAMAA,4,MAMMAMAA,36325,435900,0.7466175605853399,2.2501121362050376,2.145223832130432,0.7114882506527415,0.31070496083550914,0.30484394227542233,1.0,0.0003,1.0,10684.6226541996
depth4_bal_MAMMAMAA,4,MAMMAMAA,36350,436200,0.8417036135991415,2.1483734448750815,2.1584760461534773,0.6765665796344648,0.3237597911227154,0.3069694596711042,1.0,0.0003,1.0,10692.212601661682
depth4_bal_MAMMAMAA,4,MAMMAMAA,36375,436500,0.8366512060165405,2.228365341822306,2.182085759299142,0.6742819843342036,0.28067885117493474,0.28884662713950104,1.0,0.0003,1.0,10700.42851448059
depth4_bal_MAMMAMAA,4,MAMMAMAA,36400,436800,0.7879073520501455,2.161617120107015,2.1089774574552265,0.6781984334203656,0.3289817232375979,0.30752880635417834,1.0,0.0003,1.0,10708.66599392891
depth4_bal_MAMMAMAA,4,MAMMAMAA,36425,437100,0.8677030255397161,2.127420663833618,2.056800515311105,0.6566579634464752,0.293733681462141,0.30193533952343665,1.0,0.0003,1.0,10716.516419172287
depth4_bal_MAMMAMAA,4,MAMMAMAA,36450,437400,0.8018195827802023,2.149438460667928,2.106041097640991,0.689621409921671,0.29765013054830286,0.29388074728716856,1.0,0.0003,1.0,10724.94811964035
depth4_bal_MAMMAMAA,4,MAMMAMAA,36475,437700,0.8082788785298666,2.056922197341919,1.9735607589994157,0.685378590078329,0.2963446475195822,0.30954245441324535,1.0,0.0003,1.0,10734.013047933578
depth4_bal_MAMMAMAA,4,MAMMAMAA,36500,438000,0.7176952113707861,2.043156703313192,2.073421917642866,0.7261749347258486,0.31462140992167104,0.32542790021255175,1.0,0.0003,1.0,10741.859489679337
depth4_bal_MAMMAMAA,4,MAMMAMAA,36525,438300,0.8909222284952799,2.2393182118733725,2.2054553031921387,0.6550261096605744,0.2845953002610966,0.2804564268933885,1.0,0.0003,1.0,10750.09502530098
depth4_bal_MAMMAMAA,4,MAMMAMAA,36550,438600,0.7383496810992559,2.031481305758158,2.0115995134626115,0.7219321148825065,0.31201044386422977,0.31983443338181006,1.0,0.0003,1.0,10758.197921514511
depth4_bal_MAMMAMAA,4,MAMMAMAA,36575,438900,0.7062004307905833,2.1863988240559897,2.146599517549787,0.7248694516971279,0.30548302872062666,0.3074169370175635,1.0,0.0003,1.0,10766.286880254745
depth4_bal_MAMMAMAA,4,MAMMAMAA,36600,439200,0.7299395749966303,2.1958661874135337,2.151234953744071,0.7134464751958225,0.2924281984334204,0.29119588320841255,1.0,0.0003,1.0,10774.387929439545
depth4_bal_MAMMAMAA,4,MAMMAMAA,36625,439500,0.8330447673797607,2.093611796696981,2.02209620816367,0.6680809399477807,0.29765013054830286,0.31949882537196556,1.0,0.0003,1.0,10782.533185958862
depth4_bal_MAMMAMAA,4,MAMMAMAA,36650,439800,0.8662131379048029,2.0917091369628906,2.0130714654922484,0.6553524804177546,0.2819843342036554,0.3004810381474438,1.0,0.0003,1.0,10790.611122369766
depth4_bal_MAMMAMAA,4,MAMMAMAA,36675,440100,0.7990753451983134,2.033423980077108,2.0433041845049176,0.6883159268929504,0.3237597911227154,0.31513592124398704,1.0,0.0003,1.0,10798.997306346893
depth4_bal_MAMMAMAA,4,MAMMAMAA,36700,440400,0.9467428028583527,2.100486675898234,2.122543062482561,0.6148825065274152,0.26762402088772846,0.28627363239735987,1.0,0.0003,1.0,10807.095382928848
depth4_bal_MAMMAMAA,4,MAMMAMAA,36725,440700,1.0688518186410267,2.2245771884918213,2.1708717618669784,0.58322454308094,0.2754569190600522,0.27564604541895066,1.0,0.0003,1.0,10815.33719944954
depth4_bal_MAMMAMAA,4,MAMMAMAA,36750,441000,0.9722880373398463,2.2251959641774497,2.1690861906324113,0.6070496083550914,0.26762402088772846,0.27956147220046984,1.0,0.0003,1.0,10823.638357639313
depth4_bal_MAMMAMAA,4,MAMMAMAA,36775,441300,0.690844381848971,2.013819456100464,2.0067094939095633,0.7431462140992167,0.34595300261096606,0.3276652869448484,1.0,0.0003,1.0,10831.870760440826
depth4_bal_MAMMAMAA,4,MAMMAMAA,36800,441600,0.7889045476913452,2.2075394789377847,2.1508483512060983,0.6919060052219321,0.2819843342036554,0.29444009397024273,1.0,0.0003,1.0,10839.769320964813
depth4_bal_MAMMAMAA,4,MAMMAMAA,36825,441900,0.735656350851059,2.055497964223226,2.0189412696020943,0.7330287206266318,0.30548302872062666,0.30529141962188167,1.0,0.0003,1.0,10847.972690820694
depth4_bal_MAMMAMAA,4,MAMMAMAA,36850,442200,0.7870228936274847,2.1642332077026367,2.0844910655702864,0.7003916449086162,0.3028720626631854,0.31345788119476453,1.0,0.0003,1.0,10856.063629865646
depth4_bal_MAMMAMAA,4,MAMMAMAA,36875,442500,0.9562928378582001,2.0973994731903076,2.059584494999477,0.6236945169712794,0.27284595300261094,0.2824700749524555,1.0,0.0003,1.0,10863.658970355988
depth4_bal_MAMMAMAA,4,MAMMAMAA,36900,442800,0.9116217494010925,2.2303849856058755,2.2069262538637435,0.6491514360313316,0.28720626631853785,0.2751985680724913,1.0,0.0003,1.0,10872.021711587906
depth4_bal_MAMMAMAA,4,MAMMAMAA,36925,443100,0.7606374720732371,2.0794254144032798,2.040243346350534,0.7043080939947781,0.3263707571801567,0.3255397695491666,1.0,0.0003,1.0,10880.24713230133
depth4_bal_MAMMAMAA,4,MAMMAMAA,36950,443400,0.9454618593056997,2.2178118228912354,2.1652613367353166,0.625,0.3028720626631854,0.2873923257635082,1.0,0.0003,1.0,10888.581461668015
depth4_bal_MAMMAMAA,4,MAMMAMAA,36975,443700,0.7461725076039633,2.0355140765508017,1.9993680443082538,0.70822454308094,0.3224543080939948,0.3273296789350039,1.0,0.0003,1.0,10896.783741235733
depth4_bal_MAMMAMAA,4,MAMMAMAA,37000,444000,0.7483613938093185,2.0811891555786133,2.0387430122920445,0.7095300261096605,0.30678851174934724,0.307752545027408,1.0,0.0003,1.0,10899.864160060883
depth4_bal_MAMMAMAA,4,MAMMAMAA,37025,444300,0.856191967924436,2.0785500208536782,2.078630610874721,0.6710182767624021,0.3093994778067885,0.30260655554312565,1.0,0.0003,1.0,10908.371507406235
depth4_bal_MAMMAMAA,4,MAMMAMAA,37050,444600,0.8529148697853088,2.1260669231414795,2.0912134272711618,0.6595953002610966,0.32506527415143605,0.2962300033560801,1.0,0.0003,1.0,10916.213105916977
depth4_bal_MAMMAMAA,4,MAMMAMAA,37075,444900,0.8956817338864008,2.2702091534932456,2.2461949689047676,0.6455613577023499,0.2545691906005222,0.2710594026177425,1.0,0.0003,1.0,10921.603480100632
depth4_bal_MAMMAMAA,4,MAMMAMAA,37100,445200,0.83470452328523,2.181391636530558,2.20889139856611,0.6697127937336814,0.304177545691906,0.27989708021031434,1.0,0.0003,1.0,10927.228031635284
depth4_bal_MAMMAMAA,4,MAMMAMAA,37125,445500,0.8350457549095154,2.136054277420044,2.129840040206909,0.6733028720626631,0.29112271540469975,0.29645374202930974,1.0,0.0003,1.0,10931.260453939438
depth4_bal_MAMMAMAA,4,MAMMAMAA,37150,445800,1.1524714628855388,2.129509210586548,2.1063943079539706,0.5652741514360313,0.27154046997389036,0.27900212551739567,1.0,0.0003,1.0,10940.306758642197
depth4_bal_MAMMAMAA,4,MAMMAMAA,37175,446100,0.8670041759808859,2.064502994219462,2.0113580397197177,0.6511096605744126,0.3133159268929504,0.3165902226199799,1.0,0.0003,1.0,10949.432665586472
depth4_bal_MAMMAMAA,4,MAMMAMAA,37200,446400,0.8782868931690851,2.17512838045756,2.2186261381421772,0.6524151436031331,0.27676240208877284,0.2823582056158407,1.0,0.0003,1.0,10957.637367010117
depth4_bal_MAMMAMAA,4,MAMMAMAA,37225,446700,0.6828876882791519,2.0595521132151284,2.0465085744857787,0.743798955613577,0.30548302872062666,0.32352612149009957,1.0,0.0003,1.0,10965.945280313492
depth4_bal_MAMMAMAA,4,MAMMAMAA,37250,447000,1.6699563066164653,2.153428395589193,2.096637303488595,0.4086161879895561,0.22715404699738903,0.23962411902897415,1.0,0.0003,1.0,10974.050720453262
depth4_bal_MAMMAMAA,4,MAMMAMAA,37275,447300,0.8677025536696116,2.1967945098876953,2.100883374895368,0.6618798955613577,0.29765013054830286,0.29980982212775475,1.0,0.0003,1.0,10981.763720273972
depth4_bal_MAMMAMAA,4,MAMMAMAA,37300,447600,0.7504530648390452,2.070128917694092,2.085635447502136,0.7176892950391645,0.31201044386422977,0.2985792594249916,1.0,0.0003,1.0,10989.692631483078
depth4_bal_MAMMAMAA,4,MAMMAMAA,37325,447900,0.801621342698733,2.2914979457855225,2.2439398765563965,0.6775456919060052,0.2780678851174935,0.2784427788343215,1.0,0.0003,1.0,10997.985581636429
depth4_bal_MAMMAMAA,4,MAMMAMAA,37350,448200,0.8844072967767715,2.17866579691569,2.1955992119652885,0.6481723237597912,0.304177545691906,0.2837006376552187,1.0,0.0003,1.0,11005.997431993484
depth4_bal_MAMMAMAA,4,MAMMAMAA,37375,448500,0.8973429352045059,2.1236114501953125,2.143939467838832,0.6517624020887729,0.30548302872062666,0.2857142857142857,1.0,0.0003,1.0,11014.213633060455
depth4_bal_MAMMAMAA,4,MAMMAMAA,37400,448800,0.8259930163621902,1.981020410855611,1.9142623526709421,0.6772193211488251,0.3093994778067885,0.3275534176082336,1.0,0.0003,1.0,11019.974743366241
depth4_bal_MAMMAMAA,4,MAMMAMAA,37425,449100,0.7056235025326411,2.141441504160563,2.14721417427063,0.7271540469973891,0.31070496083550914,0.30428459559234816,1.0,0.0003,1.0,11028.200102329254
depth4_bal_MAMMAMAA,4,MAMMAMAA,37450,449400,0.8066197137037913,2.1150290966033936,2.115942791530064,0.6935378590078329,0.2989556135770235,0.29287392325763506,1.0,0.0003,1.0,11034.734907150269
depth4_bal_MAMMAMAA,4,MAMMAMAA,37475,449700,0.7569716026385626,2.05961537361145,2.050643617766244,0.7030026109660574,0.3328981723237598,0.3153596599172167,1.0,0.0003,1.0,11037.768712759018
depth4_bal_MAMMAMAA,4,MAMMAMAA,37500,450000,0.8824927806854248,2.232344071070353,2.2157070636749268,0.664490861618799,0.2584856396866841,0.2758697840921803,1.0,0.0003,1.0,11043.840305805206
depth4_bal_MAMMAMAA,4,MAMMAMAA,37525,450300,0.8140925814708074,2.1957828998565674,2.1146919965744018,0.6808093994778068,0.31201044386422977,0.2962300033560801,1.0,0.0003,1.0,11052.129517316818
depth4_bal_MAMMAMAA,4,MAMMAMAA,37550,450600,0.8211650252342224,2.2176260948181152,2.163391739981515,0.6684073107049608,0.3093994778067885,0.29779617406868775,1.0,0.0003,1.0,11060.149642944336
depth4_bal_MAMMAMAA,4,MAMMAMAA,37575,450900,0.7646235426266988,2.0380000273386636,1.9947724342346191,0.7033289817232375,0.33159268929503916,0.32307864414364024,1.0,0.0003,1.0,11068.30588054657
depth4_bal_MAMMAMAA,4,MAMMAMAA,37600,451200,0.8136211285988489,2.2055160999298096,2.1457556997026717,0.6814621409921671,0.28720626631853785,0.2892941044859604,1.0,0.0003,1.0,11076.602243423462
depth4_bal_MAMMAMAA,4,MAMMAMAA,37625,451500,0.8054370631774267,2.2131265004475913,2.210724333354405,0.6830939947780679,0.26370757180156656,0.2684864078756013,1.0,0.0003,1.0,11084.847878456116
depth4_bal_MAMMAMAA,4,MAMMAMAA,37650,451800,0.884457603096962,2.0771355628967285,2.0538059098379953,0.6475195822454308,0.31070496083550914,0.30126412350374765,1.0,0.0003,1.0,11093.051802873611
depth4_bal_MAMMAMAA,4,MAMMAMAA,37675,452100,0.8184348394473394,2.2280352115631104,2.1558270284107754,0.6899477806788512,0.2845953002610966,0.3021590781966663,1.0,0.0003,1.0,11101.224702596664
depth4_bal_MAMMAMAA,4,MAMMAMAA,37700,452400,0.7484922309716543,2.02325169245402,2.033491107395717,0.7101827676240209,0.3276762402088773,0.3160308759369057,1.0,0.0003,1.0,11109.33995962143
depth4_bal_MAMMAMAA,4,MAMMAMAA,37725,452700,0.6821374843517939,2.1328819592793784,2.043946358135768,0.7392297650130548,0.3093994778067885,0.3276652869448484,1.0,0.0003,1.0,11117.501484632492
depth4_bal_MAMMAMAA,4,MAMMAMAA,37750,453000,0.7435003817081451,2.148322900136312,2.1262201683861868,0.7140992167101827,0.3185378590078329,0.31312227318492003,1.0,0.0003,1.0,11122.817368268967
depth4_bal_MAMMAMAA,4,MAMMAMAA,37775,453300,0.9339519143104553,2.133423089981079,2.0764126539230348,0.6468668407310705,0.2859007832898172,0.29253831524779056,1.0,0.0003,1.0,11125.9990067482
depth4_bal_MAMMAMAA,4,MAMMAMAA,37800,453600,0.8349991291761398,2.3690366744995117,2.271330029623849,0.6716710182767625,0.29112271540469975,0.28056829623000334,1.0,0.0003,1.0,11129.097809791565
depth4_bal_MAMMAMAA,4,MAMMAMAA,37825,453900,0.7862305641174316,2.1720358530680337,2.1240124464035035,0.6912532637075718,0.2924281984334204,0.29980982212775475,1.0,0.0003,1.0,11132.163329839706
depth4_bal_MAMMAMAA,4,MAMMAMAA,37850,454200,0.8044045517841975,2.0206291675567627,1.9997275693075998,0.689621409921671,0.3276762402088773,0.3175970466495134,1.0,0.0003,1.0,11135.222113370895
depth4_bal_MAMMAMAA,4,MAMMAMAA,37875,454500,0.8629681418339411,2.1497740745544434,2.095060634613037,0.6586161879895561,0.3028720626631854,0.29522317932654657,1.0,0.0003,1.0,11139.451887607574
depth4_bal_MAMMAMAA,4,MAMMAMAA,37900,454800,0.7173495888710022,2.145372152328491,2.0754006930759976,0.7304177545691906,0.30548302872062666,0.3165902226199799,1.0,0.0003,1.0,11147.6569647789
depth4_bal_MAMMAMAA,4,MAMMAMAA,37925,455100,0.8531719893217087,2.2346959114074707,2.182295765195574,0.6569843342036553,0.2885117493472585,0.2910840138717977,1.0,0.0003,1.0,11155.094669818878
depth4_bal_MAMMAMAA,4,MAMMAMAA,37950,455400,0.7286788523197174,2.0944913228352866,2.055316604886736,0.7154046997389034,0.31070496083550914,0.3238617294999441,1.0,0.0003,1.0,11162.667189836502
depth4_bal_MAMMAMAA,4,MAMMAMAA,37975,455700,0.8262869517008463,2.1888941129048667,2.1620578731809346,0.6775456919060052,0.31201044386422977,0.29544691799977624,1.0,0.0003,1.0,11170.9664747715
depth4_bal_MAMMAMAA,4,MAMMAMAA,38000,456000,0.9347615440686544,2.1232309341430664,2.058321421486991,0.6272845953002611,0.2845953002610966,0.2982436514151471,1.0,0.0003,1.0,11179.17223572731
depth4_bal_MAMMAMAA,4,MAMMAMAA,38025,456300,0.8305127322673798,2.402672211329142,2.296819039753505,0.6860313315926893,0.27284595300261094,0.2637878957377783,1.0,0.0003,1.0,11187.576530456543
depth4_bal_MAMMAMAA,4,MAMMAMAA,38050,456600,0.8005363444487253,2.1653481324513755,2.1377256699970792,0.6876631853785901,0.31070496083550914,0.29555878733639107,1.0,0.0003,1.0,11195.604626893997
depth4_bal_MAMMAMAA,4,MAMMAMAA,38075,456900,0.7782436062892278,2.0686622063318887,2.0113602808543614,0.7052872062663186,0.32114882506527415,0.3182682626692024,1.0,0.0003,1.0,11200.602862596512
depth4_bal_MAMMAMAA,4,MAMMAMAA,38100,457200,0.7898885558048884,2.2632354895273843,2.1915103026798795,0.6912532637075718,0.2859007832898172,0.27900212551739567,1.0,0.0003,1.0,11203.619012832642
depth4_bal_MAMMAMAA,4,MAMMAMAA,38125,457500,0.7259808431069056,2.0624407132466636,2.055579788344247,0.7193211488250653,0.3342036553524804,0.3278890256180781,1.0,0.0003,1.0,11206.623798847198
depth4_bal_MAMMAMAA,4,MAMMAMAA,38150,457800,1.019214669863383,2.287882407506307,2.22711124420166,0.6109660574412533,0.24673629242819844,0.2585300369168811,1.0,0.0003,1.0,11209.76222395897
depth4_bal_MAMMAMAA,4,MAMMAMAA,38175,458100,0.75322625041008,2.1403376261393228,2.168979229245867,0.7088772845953003,0.3093994778067885,0.2986911287616064,1.0,0.0003,1.0,11212.765644550323
depth4_bal_MAMMAMAA,4,MAMMAMAA,38200,458400,0.8141307731469473,2.011302391688029,2.0116260460444857,0.6857049608355091,0.3002610966057441,0.3028302942163553,1.0,0.0003,1.0,11219.563064098358
depth4_bal_MAMMAMAA,4,MAMMAMAA,38225,458700,0.7784471263488134,2.15230393409729,2.1019605602536884,0.702023498694517,0.30678851174934724,0.30562702763172617,1.0,0.0003,1.0,11227.789815425873
depth4_bal_MAMMAMAA,4,MAMMAMAA,38250,459000,1.1365553140640259,2.1921753883361816,2.31642439024789,0.5747389033942559,0.2898172323759791,0.26367602640116344,1.0,0.0003,1.0,11235.817358970642
depth4_bal_MAMMAMAA,4,MAMMAMAA,38275,459300,0.8135592540105184,2.0540615717569985,2.0350059577396937,0.6798302872062664,0.3237597911227154,0.31222731849200136,1.0,0.0003,1.0,11243.546902418137
depth4_bal_MAMMAMAA,4,MAMMAMAA,38300,459600,0.7639008710781733,2.012627959251404,2.0288213150841847,0.7003916449086162,0.3289817232375979,0.32285490547041057,1.0,0.0003,1.0,11251.772356748581
depth4_bal_MAMMAMAA,4,MAMMAMAA,38325,459900,0.7486521154642105,2.0752670764923096,2.0227592059544155,0.7134464751958225,0.3224543080939948,0.3206175187381139,1.0,0.0003,1.0,11259.889380693436
depth4_bal_MAMMAMAA,4,MAMMAMAA,38350,460200,0.9874135752518972,2.2052290439605713,2.1595132861818587,0.633485639686684,0.26762402088772846,0.28560241637767086,1.0,0.0003,1.0,11268.115114450455
depth4_bal_MAMMAMAA,4,MAMMAMAA,38375,460500,1.1250495066245396,2.208801507949829,2.163664742878505,0.5662532637075718,0.2780678851174935,0.27061192527128314,1.0,0.0003,1.0,11276.123976707458
depth4_bal_MAMMAMAA,4,MAMMAMAA,38400,460800,0.8301005711158117,2.119938373565674,2.07687931401389,0.6628590078328982,0.31592689295039167,0.31412909721445353,1.0,0.0003,1.0,11285.330865383148
depth4_bal_MAMMAMAA,4,MAMMAMAA,38425,461100,0.8514112383127213,2.0484158992767334,2.094683279309954,0.6723237597911227,0.31723237597911225,0.29746056605884325,1.0,0.0003,1.0,11293.06634759903
depth4_bal_MAMMAMAA,4,MAMMAMAA,38450,461400,1.1759804685910542,2.0663534800211587,2.0552220821380613,0.5362271540469974,0.27284595300261094,0.2796733415370847,1.0,0.0003,1.0,11297.056545495987
depth4_bal_MAMMAMAA,4,MAMMAMAA,38475,461700,0.8608431567748388,2.0916594664255777,2.087839777129037,0.6573107049608355,0.31592689295039167,0.2983555207517619,1.0,0.0003,1.0,11304.752046585083
depth4_bal_MAMMAMAA,4,MAMMAMAA,38500,462000,0.7766880045334498,2.163161357243856,2.1450958933149065,0.6997389033942559,0.3133159268929504,0.30618637431480034,1.0,0.0003,1.0,11312.976570129395
depth4_bal_MAMMAMAA,4,MAMMAMAA,38525,462300,0.9353601386149725,2.062952677408854,2.080172072138105,0.633485639686684,0.31201044386422977,0.2907484058619532,1.0,0.0003,1.0,11321.379165887833
depth4_bal_MAMMAMAA,4,MAMMAMAA,38550,462600,0.743452712893486,2.166135867436727,2.1021909066608973,0.7235639686684073,0.30678851174934724,0.301711600850207,1.0,0.0003,1.0,11329.582436561584
depth4_bal_MAMMAMAA,4,MAMMAMAA,38575,462900,1.0620056837797165,2.1971110502878823,2.1659815720149447,0.5822454308093995,0.2584856396866841,0.2529365700861394,1.0,0.0003,1.0,11337.485697984695
depth4_bal_MAMMAMAA,4,MAMMAMAA,38600,463200,0.8986217379570007,2.235186497370402,2.2498252391815186,0.6501305483028721,0.26109660574412535,0.2638997650743931,1.0,0.0003,1.0,11345.653361558914
depth4_bal_MAMMAMAA,4,MAMMAMAA,38625,463500,0.8563489317893982,2.104679981867472,2.070500898361206,0.6622062663185379,0.2950391644908616,0.2995860834545251,1.0,0.0003,1.0,11353.850475788116
depth4_bal_MAMMAMAA,4,MAMMAMAA,38650,463800,0.7878287186225256,2.215170462926229,2.190115189552307,0.6951697127937336,0.3198433420365535,0.30585076630495583,1.0,0.0003,1.0,11362.077865123749
depth4_bal_MAMMAMAA,4,MAMMAMAA,38675,464100,0.6888895084460577,2.0599538485209146,2.0499017136437554,0.7444516971279374,0.3394255874673629,0.3265465935787001,1.0,0.0003,1.0,11370.26823925972
depth4_bal_MAMMAMAA,4,MAMMAMAA,38700,464400,0.855688730875651,2.177967627843221,2.1351384707859586,0.6563315926892951,0.283289817232376,0.29455196330685757,1.0,0.0003,1.0,11378.502492904663
depth4_bal_MAMMAMAA,4,MAMMAMAA,38725,464700,0.7328227410713831,2.028633236885071,2.085591731752668,0.7121409921671018,0.3394255874673629,0.3120035798187717,1.0,0.0003,1.0,11386.824187517166
depth4_bal_MAMMAMAA,4,MAMMAMAA,38750,465000,0.7899164309104284,2.0581522782643638,2.0458841800689695,0.6990861618798956,0.30809399477806787,0.29421635529701307,1.0,0.0003,1.0,11395.001802921295
depth4_bal_MAMMAMAA,4,MAMMAMAA,38775,465300,0.6979203720887502,2.178051551183065,2.1314503363200594,0.7242167101827677,0.3093994778067885,0.3021590781966663,1.0,0.0003,1.0,11403.091537475586
depth4_bal_MAMMAMAA,4,MAMMAMAA,38800,465600,0.9002569764852524,2.029566446940104,2.0346378905432565,0.6524151436031331,0.2950391644908616,0.29410448596039823,1.0,0.0003,1.0,11411.389839172363
depth4_bal_MAMMAMAA,4,MAMMAMAA,38825,465900,0.7703698625167211,2.0744361082712808,2.0418828419276647,0.7108355091383812,0.30548302872062666,0.30260655554312565,1.0,0.0003,1.0,11419.572500944138
depth4_bal_MAMMAMAA,4,MAMMAMAA,38850,466200,0.7517854273319244,2.1551726659139,2.141854500770569,0.7059399477806788,0.29765013054830286,0.29980982212775475,1.0,0.0003,1.0,11427.801188707352
depth4_bal_MAMMAMAA,4,MAMMAMAA,38875,466500,0.8941850463549296,2.015874902407328,1.9963965313775198,0.6488250652741514,0.3028720626631854,0.30920684640340085,1.0,0.0003,1.0,11435.972608089447
depth4_bal_MAMMAMAA,4,MAMMAMAA,38900,466800,0.8261132488648096,2.2097434202829995,2.1688698836735316,0.6808093994778068,0.2963446475195822,0.30562702763172617,1.0,0.0003,1.0,11444.280472278595
depth4_bal_MAMMAMAA,4,MAMMAMAA,38925,467100,0.7433407952388128,2.1708831787109375,2.137852110181536,0.7046344647519582,0.31462140992167104,0.30585076630495583,1.0,0.0003,1.0,11452.428425312042
depth4_bal_MAMMAMAA,4,MAMMAMAA,38950,467400,0.7452596127986908,2.0149236917495728,2.041258110318865,0.7157310704960835,0.31070496083550914,0.30719319834433384,1.0,0.0003,1.0,11460.434752702713
depth4_bal_MAMMAMAA,4,MAMMAMAA,38975,467700,0.7592892150084177,2.134079694747925,2.1432989971978325,0.7023498694516971,0.31201044386422977,0.2983555207517619,1.0,0.0003,1.0,11468.648705005646
depth4_bal_MAMMAMAA,4,MAMMAMAA,39000,468000,0.9316087365150452,2.219020366668701,2.1932089260646275,0.6377284595300261,0.26240208877284593,0.27329678935003915,1.0,0.0003,1.0,11476.630548715591
depth4_bal_MAMMAMAA,4,MAMMAMAA,39025,468300,0.7771855940421423,2.1422132651011148,2.123388719558716,0.7114882506527415,0.30548302872062666,0.3067457209978745,1.0,0.0003,1.0,11484.719884872437
depth4_bal_MAMMAMAA,4,MAMMAMAA,39050,468600,0.8556395868460337,2.093247652053833,2.104075745173863,0.6595953002610966,0.304177545691906,0.2966774807025394,1.0,0.0003,1.0,11492.43112206459
depth4_bal_MAMMAMAA,4,MAMMAMAA,39075,468900,0.7615837703148524,2.1538798014322915,2.0512816088540213,0.7140992167101827,0.3133159268929504,0.3089831077301712,1.0,0.0003,1.0,11500.517700195312
depth4_bal_MAMMAMAA,4,MAMMAMAA,39100,469200,0.8115033805370331,2.202340602874756,2.160481136185782,0.6775456919060052,0.304177545691906,0.29018905917887905,1.0,0.0003,1.0,11508.335854530334
depth4_bal_MAMMAMAA,4,MAMMAMAA,39125,469500,0.7404239376386007,2.3035594622294107,2.235313211168562,0.7140992167101827,0.26109660574412535,0.2847074616847522,1.0,0.0003,1.0,11516.513817548752
depth4_bal_MAMMAMAA,4,MAMMAMAA,39150,469800,1.0577623496452968,2.4797140757242837,2.4145926816122874,0.5975848563968669,0.26762402088772846,0.24656001789909385,1.0,0.0003,1.0,11522.327303647995
depth4_bal_MAMMAMAA,4,MAMMAMAA,39175,470100,0.8633908629417419,2.174480438232422,2.1155545473098756,0.6595953002610966,0.2989556135770235,0.2983555207517619,1.0,0.0003,1.0,11530.632482767105
depth4_bal_MAMMAMAA,4,MAMMAMAA,39200,470400,0.7839479247728983,2.1921966870625815,2.136146780422756,0.700065274151436,0.30678851174934724,0.2996979527911399,1.0,0.0003,1.0,11538.609720468521
depth4_bal_MAMMAMAA,4,MAMMAMAA,39225,470700,0.8728413184483846,2.398982206980387,2.3234477724347795,0.6609007832898173,0.2859007832898172,0.27799530148786217,1.0,0.0003,1.0,11546.822057962418
depth4_bal_MAMMAMAA,4,MAMMAMAA,39250,471000,0.8194711754719416,2.2186415990193686,2.2208009924207417,0.6795039164490861,0.30156657963446476,0.28750419510012304,1.0,0.0003,1.0,11555.016741514206
depth4_bal_MAMMAMAA,4,MAMMAMAA,39275,471300,0.878016859292984,2.065197149912516,2.0335061175482614,0.6507832898172323,0.2885117493472585,0.2946638326434724,1.0,0.0003,1.0,11563.694207429886
depth4_bal_MAMMAMAA,4,MAMMAMAA,39300,471600,0.7417720357577006,2.0541169246037803,2.059669716017587,0.7147519582245431,0.31070496083550914,0.31782078532274305,1.0,0.0003,1.0,11572.217648029327
depth4_bal_MAMMAMAA,4,MAMMAMAA,39325,471900,0.8128929684559504,2.1530256271362305,2.1188111168997628,0.6847258485639687,0.2989556135770235,0.3086474997203267,1.0,0.0003,1.0,11580.276990890503
depth4_bal_MAMMAMAA,4,MAMMAMAA,39350,472200,0.7358352243900299,2.117796262105306,2.127482799121312,0.710509138381201,0.30548302872062666,0.3035015102360443,1.0,0.0003,1.0,11588.17624926567
depth4_bal_MAMMAMAA,4,MAMMAMAA,39375,472500,0.8090310444434484,2.0300192832946777,1.9857478073665074,0.6922323759791122,0.3133159268929504,0.3086474997203267,1.0,0.0003,1.0,11596.357732057571
depth4_bal_MAMMAMAA,4,MAMMAMAA,39400,472800,0.7776137143373489,2.122241179148356,2.1308033193860734,0.706266318537859,0.31201044386422977,0.3035015102360443,1.0,0.0003,1.0,11604.394597291946
depth4_bal_MAMMAMAA,4,MAMMAMAA,39425,473100,0.718192920088768,2.150682290395101,2.1296336548669,0.7362924281984334,0.31592689295039167,0.311779841145542,1.0,0.0003,1.0,11612.585675954819
depth4_bal_MAMMAMAA,4,MAMMAMAA,39450,473400,0.8508499562740326,2.2395873069763184,2.213632038661412,0.6693864229765013,0.27154046997389036,0.27161874930081664,1.0,0.0003,1.0,11620.59513926506
depth4_bal_MAMMAMAA,4,MAMMAMAA,39475,473700,0.7484651505947113,2.147682507832845,2.1852258477892192,0.7180156657963447,0.3237597911227154,0.3014878621769773,1.0,0.0003,1.0,11628.67632317543
depth4_bal_MAMMAMAA,4,MAMMAMAA,39500,474000,1.1210340062777202,2.097188870112101,2.0521731206348965,0.5711488250652742,0.2545691906005222,0.26826266920237163,1.0,0.0003,1.0,11636.849079847336
depth4_bal_MAMMAMAA,4,MAMMAMAA,39525,474300,0.8464318960905075,2.2603569825490317,2.224635056086949,0.6690600522193212,0.30156657963446476,0.28481933102136703,1.0,0.0003,1.0,11645.099579811096
depth4_bal_MAMMAMAA,4,MAMMAMAA,39550,474600,0.8126336683829626,2.0463273525238037,2.031011816433498,0.6863577023498695,0.3185378590078329,0.3169258306298244,1.0,0.0003,1.0,11653.185756444931
depth4_bal_MAMMAMAA,4,MAMMAMAA,39575,474900,0.9577694088220596,2.2152767976125083,2.2572433267320906,0.6325065274151436,0.2793733681462141,0.2711712719543573,1.0,0.0003,1.0,11659.488054037094
depth4_bal_MAMMAMAA,4,MAMMAMAA,39600,475200,0.6651028941075007,2.141285022099813,2.058972563062395,0.7513054830287206,0.3133159268929504,0.31614274527352054,1.0,0.0003,1.0,11662.5653860569
depth4_bal_MAMMAMAA,4,MAMMAMAA,39625,475500,0.7787632693847021,2.231377919514974,2.1633872032165526,0.6961488250652742,0.2845953002610966,0.29354513927732406,1.0,0.0003,1.0,11665.643267154694
depth4_bal_MAMMAMAA,4,MAMMAMAA,39650,475800,0.8556587199370066,2.1457643508911133,2.111752711023603,0.6622062663185379,0.2989556135770235,0.2926501845844054,1.0,0.0003,1.0,11671.312747478485
depth4_bal_MAMMAMAA,4,MAMMAMAA,39675,476100,0.86343847711881,2.1932647228240967,2.215199886049543,0.6524151436031331,0.2689295039164491,0.27721221613155833,1.0,0.0003,1.0,11680.10557961464
depth4_bal_MAMMAMAA,4,MAMMAMAA,39700,476400,0.6846496313810349,2.1174848874409995,2.1118886402675083,0.7506527415143603,0.31462140992167104,0.31815639333258755,1.0,0.0003,1.0,11688.3051841259
depth4_bal_MAMMAMAA,4,MAMMAMAA,39725,476700,0.8089119096597036,2.2006238301595054,2.227659225463867,0.6775456919060052,0.304177545691906,0.29018905917887905,1.0,0.0003,1.0,11696.504863977432
depth4_bal_MAMMAMAA,4,MAMMAMAA,39750,477000,0.7595699280500412,2.1593827406565347,2.122450143950326,0.7056135770234987,0.28720626631853785,0.29511130998993174,1.0,0.0003,1.0,11705.454397678375
depth4_bal_MAMMAMAA,4,MAMMAMAA,39775,477300,0.7729415247837702,2.0483248233795166,2.1035998242241996,0.7030026109660574,0.3028720626631854,0.3060745049781855,1.0,0.0003,1.0,11713.775678873062
depth4_bal_MAMMAMAA,4,MAMMAMAA,39800,477600,0.7359597434600195,2.1470297972361245,2.128764452253069,0.7242167101827677,0.30156657963446476,0.3000335608009845,1.0,0.0003,1.0,11722.016470909119
depth4_bal_MAMMAMAA,4,MAMMAMAA,39825,477900,0.7565916776657104,2.155641794204712,2.1106276784624374,0.7108355091383812,0.30548302872062666,0.30629824365141517,1.0,0.0003,1.0,11730.3306350708
depth4_bal_MAMMAMAA,4,MAMMAMAA,39850,478200,0.6731007297833761,2.1234970887502036,2.0652545383998326,0.7480417754569191,0.3276762402088773,0.3322519297460566,1.0,0.0003,1.0,11738.571036338806
depth4_bal_MAMMAMAA,4,MAMMAMAA,39875,478500,0.7413171231746674,2.039900461832682,2.0322099924087524,0.722911227154047,0.3185378590078329,0.3155833985904464,1.0,0.0003,1.0,11746.804636240005
depth4_bal_MAMMAMAA,4,MAMMAMAA,39900,478800,0.7910080800453821,2.2168589433034263,2.205306305204119,0.6886422976501305,0.2845953002610966,0.2889584964761159,1.0,0.0003,1.0,11755.06323838234
depth4_bal_MAMMAMAA,4,MAMMAMAA,39925,479100,0.9774173597494761,2.335286855697632,2.3224802221570697,0.6331592689295039,0.27023498694516973,0.2652421971137711,1.0,0.0003,1.0,11763.351230621338
depth4_bal_MAMMAMAA,4,MAMMAMAA,39950,479400,0.7317203631003698,2.083098808924357,2.098743254797799,0.7235639686684073,0.30156657963446476,0.3169258306298244,1.0,0.0003,1.0,11771.49393415451
depth4_bal_MAMMAMAA,4,MAMMAMAA,39975,479700,0.7770216166973114,2.2291693687438965,2.1810324941362653,0.6919060052219321,0.2754569190600522,0.2909721445351829,1.0,0.0003,1.0,11779.724755525589
depth4_bal_MAMMAMAA,4,MAMMAMAA,40000,480000,0.7971455057462057,2.3724497159322104,2.381008529663086,0.681135770234987,0.2519582245430809,0.2645709810940821,1.0,0.0003,1.0,11787.767365932465
depth4_bal_MAMMAMAA,4,MAMMAMAA,40025,480300,0.8530815194050471,2.245130936304728,2.269807038988386,0.6657963446475196,0.26631853785900783,0.27396800536972815,1.0,0.0003,1.0,11796.4946808815
depth4_bal_MAMMAMAA,4,MAMMAMAA,40050,480600,0.7547370741764704,2.137540817260742,2.136818136487688,0.7056135770234987,0.31723237597911225,0.3106611477793937,1.0,0.0003,1.0,11804.740242242813
depth4_bal_MAMMAMAA,4,MAMMAMAA,40075,480900,0.837197557091713,2.1761186917622886,2.1084528003420147,0.6759138381201044,0.2780678851174935,0.2876160644367379,1.0,0.0003,1.0,11813.26070189476
depth4_bal_MAMMAMAA,4,MAMMAMAA,40100,481200,0.7637609839439392,2.193101644515991,2.2044905730656215,0.6961488250652742,0.31070496083550914,0.3031659022261998,1.0,0.0003,1.0,11822.49632525444
depth4_bal_MAMMAMAA,4,MAMMAMAA,40125,481500,0.8523683448632559,2.1095244884490967,2.107346650532314,0.6742819843342036,0.293733681462141,0.30484394227542233,1.0,0.0003,1.0,11831.614828824997
depth4_bal_MAMMAMAA,4,MAMMAMAA,40150,481800,0.8383499284585317,2.3100446859995523,2.2399521010262626,0.6808093994778068,0.26370757180156656,0.2791139948540105,1.0,0.0003,1.0,11840.024917840958
depth4_bal_MAMMAMAA,4,MAMMAMAA,40175,482100,0.7302807917197546,2.1639790534973145,2.195111383710589,0.7258485639686684,0.2989556135770235,0.3018234701868218,1.0,0.0003,1.0,11847.912253141403
depth4_bal_MAMMAMAA,4,MAMMAMAA,40200,482400,0.8836308568716049,2.263681968053182,2.2046934468405586,0.6550261096605744,0.2819843342036554,0.27598165342879516,1.0,0.0003,1.0,11855.985811471939
depth4_bal_MAMMAMAA,4,MAMMAMAA,40225,482700,0.806085541844368,2.2208998998006186,2.1679316997528075,0.6785248041775457,0.2793733681462141,0.2936570086139389,1.0,0.0003,1.0,11862.182928085327
depth4_bal_MAMMAMAA,4,MAMMAMAA,40250,483000,0.9323411633570989,2.2261533737182617,2.127000052588327,0.6494778067885117,0.27284595300261094,0.284148115001678,1.0,0.0003,1.0,11870.279604196548
depth4_bal_MAMMAMAA,4,MAMMAMAA,40275,483300,0.7674713234106699,2.1220980485280356,2.074840007509504,0.6990861618798956,0.2898172323759791,0.3083118917104822,1.0,0.0003,1.0,11877.8815472126
depth4_bal_MAMMAMAA,4,MAMMAMAA,40300,483600,0.833395188053449,2.294793128967285,2.233683340890067,0.6765665796344648,0.3002610966057441,0.27889025618078084,1.0,0.0003,1.0,11884.641748905182
depth4_bal_MAMMAMAA,4,MAMMAMAA,40325,483900,0.7940423786640167,2.1775431632995605,2.1156732831682477,0.6906005221932114,0.31201044386422977,0.30260655554312565,1.0,0.0003,1.0,11888.694524288177
depth4_bal_MAMMAMAA,4,MAMMAMAA,40350,484200,0.8198651174704233,2.1863343715667725,2.199651098251343,0.6706919060052219,0.28720626631853785,0.28392437632844836,1.0,0.0003,1.0,11892.748435735703
depth4_bal_MAMMAMAA,4,MAMMAMAA,40375,484500,0.8376534432172775,2.154393196105957,2.1899613652910506,0.6657963446475196,0.2859007832898172,0.28750419510012304,1.0,0.0003,1.0,11896.795062541962
depth4_bal_MAMMAMAA,4,MAMMAMAA,40400,484800,0.7260593473911285,2.201483647028605,2.1768461295536587,0.7193211488250653,0.31201044386422977,0.3011522541671328,1.0,0.0003,1.0,11900.964979887009
depth4_bal_MAMMAMAA,4,MAMMAMAA,40425,485100,0.8147938946882883,2.1054505507151284,2.1032582112721037,0.685378590078329,0.2885117493472585,0.30428459559234816,1.0,0.0003,1.0,11905.012319803238
depth4_bal_MAMMAMAA,4,MAMMAMAA,40450,485400,0.8329257667064667,2.154257297515869,2.1071393081120084,0.693864229765013,0.29765013054830286,0.3004810381474438,1.0,0.0003,1.0,11909.073523759842
depth4_bal_MAMMAMAA,4,MAMMAMAA,40475,485700,0.7513818641503652,2.2941272258758545,2.179035019874573,0.70822454308094,0.2859007832898172,0.30462020360219266,1.0,0.0003,1.0,11913.221639633179
depth4_bal_MAMMAMAA,4,MAMMAMAA,40500,486000,1.0107987920443218,2.248751163482666,2.1789692231587003,0.5913838120104439,0.26240208877284593,0.2661371518066898,1.0,0.0003,1.0,11919.107811450958
depth4_bal_MAMMAMAA,4,MAMMAMAA,40525,486300,0.7800025045871735,2.051078995068868,2.0806367874145506,0.6951697127937336,0.3198433420365535,0.31480031323414254,1.0,0.0003,1.0,11926.491390943527
depth4_bal_MAMMAMAA,4,MAMMAMAA,40550,486600,0.8344201644261678,2.1172407468159995,2.130939606257847,0.6693864229765013,0.293733681462141,0.29846739008837675,1.0,0.0003,1.0,11934.672038793564
depth4_bal_MAMMAMAA,4,MAMMAMAA,40575,486900,0.8511545161406199,1.9875293572743733,1.96741133417402,0.6716710182767625,0.30678851174934724,0.3028302942163553,1.0,0.0003,1.0,11942.841408729553
depth4_bal_MAMMAMAA,4,MAMMAMAA,40600,487200,0.8987814287344614,2.1844917933146157,2.172920404161726,0.6494778067885117,0.2963446475195822,0.2817988589327665,1.0,0.0003,1.0,11949.449767112732
depth4_bal_MAMMAMAA,4,MAMMAMAA,40625,487500,0.7251443664232889,2.2040932178497314,2.1914214645113264,0.7203002610966057,0.2989556135770235,0.3116679718089272,1.0,0.0003,1.0,11957.630833625793
depth4_bal_MAMMAMAA,4,MAMMAMAA,40650,487800,0.8766453812519709,2.20517905553182,2.1944291046687536,0.6631853785900783,0.26240208877284593,0.28157512025953685,1.0,0.0003,1.0,11965.78779578209
depth4_bal_MAMMAMAA,4,MAMMAMAA,40675,488100,0.8406778325637182,2.122140804926554,2.115383992876325,0.6765665796344648,0.30548302872062666,0.28660924040720437,1.0,0.0003,1.0,11973.917827129364
depth4_bal_MAMMAMAA,4,MAMMAMAA,40700,488400,0.8961736410856247,2.132337729136149,2.0484758853912353,0.6445822454308094,0.2780678851174935,0.2810157735764627,1.0,0.0003,1.0,11982.109812021255
depth4_bal_MAMMAMAA,4,MAMMAMAA,40725,488700,0.7546188831329346,2.1675010522206626,2.139659479686192,0.7072454308093995,0.3185378590078329,0.3008166461572883,1.0,0.0003,1.0,11990.283726215363
depth4_bal_MAMMAMAA,4,MAMMAMAA,40750,489000,0.8550138572851816,2.2210693359375,2.2073946135384697,0.6661227154046997,0.2754569190600522,0.2867211097438192,1.0,0.0003,1.0,11998.466426372528
depth4_bal_MAMMAMAA,4,MAMMAMAA,40775,489300,0.7789805134137472,2.1914596557617188,2.2209175791059224,0.6997389033942559,0.30156657963446476,0.29086027519856805,1.0,0.0003,1.0,12006.723908424377
depth4_bal_MAMMAMAA,4,MAMMAMAA,40800,489600,0.8122034072875977,2.2456928888956704,2.277449825831822,0.6755874673629243,0.27284595300261094,0.2820225976059962,1.0,0.0003,1.0,12014.924812555313
depth4_bal_MAMMAMAA,4,MAMMAMAA,40825,489900,0.8387037614981333,2.1487836043039956,2.170426995413644,0.6700391644908616,0.2845953002610966,0.2939926166237834,1.0,0.0003,1.0,12023.106998443604
depth4_bal_MAMMAMAA,4,MAMMAMAA,40850,490200,0.8416022409995397,2.197880824406942,2.16576840536935,0.668733681462141,0.2819843342036554,0.29477570198008723,1.0,0.0003,1.0,12031.437519550323
depth4_bal_MAMMAMAA,4,MAMMAMAA,40875,490500,0.7946255505084991,2.184654474258423,2.167587525503976,0.6850522193211488,0.304177545691906,0.2843718536749077,1.0,0.0003,1.0,12039.72322177887
depth4_bal_MAMMAMAA,4,MAMMAMAA,40900,490800,0.9166503449281057,2.3170944849650064,2.28538909639631,0.6445822454308094,0.2558746736292428,0.26994070925159414,1.0,0.0003,1.0,12048.939091920853
depth4_bal_MAMMAMAA,4,MAMMAMAA,40925,491100,0.7979916930198669,2.098757028579712,2.086528515815735,0.6899477806788512,0.30548302872062666,0.3150240519073722,1.0,0.0003,1.0,12053.158695220947
depth4_bal_MAMMAMAA,4,MAMMAMAA,40950,491400,0.7459023247162501,2.186770518620809,2.1311452320643833,0.7193211488250653,0.293733681462141,0.3074169370175635,1.0,0.0003,1.0,12060.203468322754
depth4_bal_MAMMAMAA,4,MAMMAMAA,40975,491700,0.8727381626764933,2.0339977741241455,2.0554147141320365,0.662532637075718,0.30156657963446476,0.29343326994070923,1.0,0.0003,1.0,12068.40677523613
depth4_bal_MAMMAMAA,4,MAMMAMAA,41000,492000,0.7083461085955302,2.0492029190063477,2.103142843927656,0.7274804177545692,0.3237597911227154,0.3126747958384607,1.0,0.0003,1.0,12076.595402479172
depth4_bal_MAMMAMAA,4,MAMMAMAA,41025,492300,0.8636794090270996,2.1820379892985025,2.196789332798549,0.6661227154046997,0.29765013054830286,0.29444009397024273,1.0,0.0003,1.0,12084.787690877914
depth4_bal_MAMMAMAA,4,MAMMAMAA,41050,492600,0.7120425254106522,2.21589994430542,2.191416481563023,0.7287859007832899,0.3133159268929504,0.2999216914643696,1.0,0.0003,1.0,12092.998811483383
depth4_bal_MAMMAMAA,4,MAMMAMAA,41075,492900,0.7590801020463308,2.0923733711242676,2.071441469873701,0.6981070496083551,0.2898172323759791,0.3079762837006377,1.0,0.0003,1.0,12101.12282705307
depth4_bal_MAMMAMAA,4,MAMMAMAA,41100,493200,0.8028076241413752,2.184777021408081,2.16278977394104,0.6821148825065274,0.29112271540469975,0.29410448596039823,1.0,0.0003,1.0,12109.011622428894
depth4_bal_MAMMAMAA,4,MAMMAMAA,41125,493500,0.7594306270281473,2.1419445673624673,2.204218394415719,0.7056135770234987,0.3093994778067885,0.2989148674348361,1.0,0.0003,1.0,12117.006294250488
depth4_bal_MAMMAMAA,4,MAMMAMAA,41150,493800,0.7757744590441386,2.206824461619059,2.159078417505537,0.6902741514360313,0.27284595300261094,0.2999216914643696,1.0,0.0003,1.0,12126.192899942398
depth4_bal_MAMMAMAA,4,MAMMAMAA,41175,494100,0.7203600158294042,2.1320013205210366,2.0932126215526035,0.7196475195822454,0.3028720626631854,0.3086474997203267,1.0,0.0003,1.0,12135.41797876358
depth4_bal_MAMMAMAA,4,MAMMAMAA,41200,494400,0.9828668038050333,3.7946603298187256,3.836867775235857,0.6514360313315927,0.22323759791122716,0.20427340865868665,1.0,0.0003,1.0,12144.274218797684
depth4_bal_MAMMAMAA,4,MAMMAMAA,41225,494700,0.842516099413236,2.0767083168029785,2.063864060810634,0.6716710182767625,0.2819843342036554,0.3000335608009845,1.0,0.0003,1.0,12147.463790416718
depth4_bal_MAMMAMAA,4,MAMMAMAA,41250,495000,0.8253649473190308,2.175259987513224,2.2340913227626253,0.6762402088772846,0.2793733681462141,0.28817541111981204,1.0,0.0003,1.0,12156.028429746628
depth4_bal_MAMMAMAA,4,MAMMAMAA,41275,495300,0.994644045829773,2.1818360487620034,2.1084332023348127,0.6106396866840731,0.26370757180156656,0.2730730506768095,1.0,0.0003,1.0,12165.085100889206
depth4_bal_MAMMAMAA,4,MAMMAMAA,41300,495600,0.8681517789761225,2.2991651693979898,2.2928638185773575,0.664490861618799,0.25326370757180156,0.2705000559346683,1.0,0.0003,1.0,12173.554513216019
depth4_bal_MAMMAMAA,4,MAMMAMAA,41325,495900,0.9057723681131998,2.146969477335612,2.1942732742854525,0.6445822454308094,0.2859007832898172,0.281463250922922,1.0,0.0003,1.0,12181.836713790894
depth4_bal_MAMMAMAA,4,MAMMAMAA,41350,496200,0.7469177146752676,2.1882527669270835,2.1701720305851526,0.710509138381201,0.3185378590078329,0.3020472088600515,1.0,0.0003,1.0,12189.786042690277
depth4_bal_MAMMAMAA,4,MAMMAMAA,41375,496500,0.8417074630657831,2.1304009755452475,2.0734472036361695,0.683420365535248,0.28720626631853785,0.3093187157400157,1.0,0.0003,1.0,12197.99486732483
depth4_bal_MAMMAMAA,4,MAMMAMAA,41400,496800,0.8802771717309952,2.33174721399943,2.253443731580462,0.6599216710182768,0.2545691906005222,0.2796733415370847,1.0,0.0003,1.0,12205.655079364777
depth4_bal_MAMMAMAA,4,MAMMAMAA,41425,497100,0.7307552844285965,2.2097815672556558,2.166921091079712,0.7157310704960835,0.31201044386422977,0.29477570198008723,1.0,0.0003,1.0,12213.742959022522
depth4_bal_MAMMAMAA,4,MAMMAMAA,41450,497400,0.7091896881659826,2.0882917245229087,2.106134782518659,0.7265013054830287,0.3185378590078329,0.31849200134243205,1.0,0.0003,1.0,12221.756308555603
depth4_bal_MAMMAMAA,4,MAMMAMAA,41475,497700,0.9395643025636673,2.1812662283579507,2.2013278824942453,0.6406657963446475,0.27676240208877284,0.2831412909721445,1.0,0.0003,1.0,12229.205160140991
depth4_bal_MAMMAMAA,4,MAMMAMAA,41500,498000,0.7153442750374476,2.316427151362101,2.3037151404789515,0.7405352480417755,0.2780678851174935,0.27195435731066114,1.0,0.0003,1.0,12237.212033510208
depth4_bal_MAMMAMAA,4,MAMMAMAA,41525,498300,1.0600545356671016,2.3454628785451255,2.4107560838971818,0.5897519582245431,0.27023498694516973,0.25371965544244324,1.0,0.0003,1.0,12245.575565099716
depth4_bal_MAMMAMAA,4,MAMMAMAA,41550,498600,0.7288712561130524,2.205444574356079,2.2302098069872174,0.7098563968668408,0.29112271540469975,0.2889584964761159,1.0,0.0003,1.0,12253.488187074661
depth4_bal_MAMMAMAA,4,MAMMAMAA,41575,498900,0.7732809334993362,2.104118267695109,2.1528030804225375,0.7078981723237598,0.3263707571801567,0.31155610247231236,1.0,0.0003,1.0,12261.553796768188
depth4_bal_MAMMAMAA,4,MAMMAMAA,41600,499200,0.9381758670012156,2.293510357538859,2.2447461673191618,0.6295691906005222,0.25718015665796345,0.2654659357870008,1.0,0.0003,1.0,12269.669146299362
depth4_bal_MAMMAMAA,4,MAMMAMAA,41625,499500,0.7050972928603491,2.090989271799723,2.0879557813916887,0.7307441253263708,0.3263707571801567,0.3222955587873364,1.0,0.0003,1.0,12277.885932683945
depth4_bal_MAMMAMAA,4,MAMMAMAA,41650,499800,0.9079878528912863,2.319828828175863,2.3520757266453334,0.643603133159269,0.283289817232376,0.2791139948540105,1.0,0.0003,1.0,12286.071364164352
depth4_bal_MAMMAMAA,4,MAMMAMAA,41675,500100,0.7282706201076508,2.083652973175049,2.134022327831813,0.7186684073107049,0.31462140992167104,0.30428459559234816,1.0,0.0003,1.0,12294.230553388596
depth4_bal_MAMMAMAA,4,MAMMAMAA,41700,500400,0.808662215868632,2.1961785157521567,2.2103247676576885,0.6723237597911227,0.2780678851174935,0.28728045642689337,1.0,0.0003,1.0,12302.347563028336
depth4_bal_MAMMAMAA,4,MAMMAMAA,41725,500700,0.7526777585347494,2.1006197134653726,2.1014447314398628,0.6971279373368147,0.32506527415143605,0.31289853451169036,1.0,0.0003,1.0,12310.389684677124
depth4_bal_MAMMAMAA,4,MAMMAMAA,41750,501000,0.730227142572403,2.243515888849894,2.23327739579337,0.7131201044386423,0.2859007832898172,0.2923145765745609,1.0,0.0003,1.0,12318.434262752533
depth4_bal_MAMMAMAA,4,MAMMAMAA,41775,501300,1.072121371825536,2.0585312445958457,2.0850760051182338,0.5796344647519582,0.2793733681462141,0.281463250922922,1.0,0.0003,1.0,12326.55066537857
depth4_bal_MAMMAMAA,4,MAMMAMAA,41800,501600,0.83473273118337,2.1006815433502197,2.173356001717704,0.6843994778067886,0.3198433420365535,0.2870567177536637,1.0,0.0003,1.0,12334.702404737473
depth4_bal_MAMMAMAA,4,MAMMAMAA,41825,501900,0.8444314152002335,2.400003433227539,2.3464423724583217,0.6628590078328982,0.27023498694516973,0.27631726143863966,1.0,0.0003,1.0,12342.870577573776
depth4_bal_MAMMAMAA,4,MAMMAMAA,41850,502200,0.8814200460910797,2.1951475143432617,2.2170162337166923,0.6579634464751958,0.30156657963446476,0.28817541111981204,1.0,0.0003,1.0,12350.991226434708
depth4_bal_MAMMAMAA,4,MAMMAMAA,41875,502500,0.7560696502526602,2.103814880053202,2.1739227090563094,0.7056135770234987,0.31201044386422977,0.2956706566730059,1.0,0.0003,1.0,12359.158849716187
depth4_bal_MAMMAMAA,4,MAMMAMAA,41900,502800,0.8366908977429072,2.2654786904652915,2.2349825041634697,0.6755874673629243,0.2819843342036554,0.27363239735988365,1.0,0.0003,1.0,12367.189539194107
depth4_bal_MAMMAMAA,4,MAMMAMAA,41925,503100,0.8746848454078039,2.2077640692392984,2.2070929050445556,0.6612271540469974,0.2780678851174935,0.2806801655666182,1.0,0.0003,1.0,12375.179371833801
depth4_bal_MAMMAMAA,4,MAMMAMAA,41950,503400,0.7936060925324758,2.4987420241038003,2.498093959263393,0.693864229765013,0.2519582245430809,0.24197337509788566,1.0,0.0003,1.0,12383.391514778137
depth4_bal_MAMMAMAA,4,MAMMAMAA,41975,503700,0.918844978014628,2.1200170516967773,2.1073002781186787,0.6406657963446475,0.283289817232376,0.28056829623000334,1.0,0.0003,1.0,12391.382625102997
depth4_bal_MAMMAMAA,4,MAMMAMAA,42000,504000,0.8474548409382502,2.1795156002044678,2.214094523021153,0.6651436031331592,0.29112271540469975,0.2824700749524555,1.0,0.0003,1.0,12399.984238386154
depth4_bal_MAMMAMAA,4,MAMMAMAA,42025,504300,0.8690124750137329,2.214529116948446,2.2082834141595025,0.664490861618799,0.29765013054830286,0.2725137039937353,1.0,0.0003,1.0,12408.306703567505
depth4_bal_MAMMAMAA,4,MAMMAMAA,42050,504600,0.7787764618794123,2.123512585957845,2.122420348439898,0.7007180156657964,0.31201044386422977,0.305738896968341,1.0,0.0003,1.0,12416.516878604889
depth4_bal_MAMMAMAA,4,MAMMAMAA,42075,504900,0.7185841004053751,2.0963565508524575,2.136256500652858,0.7183420365535248,0.3198433420365535,0.3169258306298244,1.0,0.0003,1.0,12424.456804513931
depth4_bal_MAMMAMAA,4,MAMMAMAA,42100,505200,0.8431444217761358,2.274287700653076,2.220569106510707,0.6706919060052219,0.2885117493472585,0.2806801655666182,1.0,0.0003,1.0,12432.503279447556
depth4_bal_MAMMAMAA,4,MAMMAMAA,42125,505500,0.7288437535365423,2.072871526082357,2.1024592774254933,0.7265013054830287,0.31592689295039167,0.2965656113659246,1.0,0.0003,1.0,12440.709015130997
depth4_bal_MAMMAMAA,4,MAMMAMAA,42150,505800,0.7773341486851374,2.1206223169962564,2.1466902119772775,0.6928851174934726,0.32506527415143605,0.3094305850766305,1.0,0.0003,1.0,12448.858731746674
depth4_bal_MAMMAMAA,4,MAMMAMAA,42175,506100,0.866603155930837,2.2511796156565347,2.2242891447884694,0.6579634464751958,0.28720626631853785,0.2806801655666182,1.0,0.0003,1.0,12457.124368429184
depth4_bal_MAMMAMAA,4,MAMMAMAA,42200,506400,0.6910129139820734,2.1764036814371743,2.1765765496662683,0.7428198433420365,0.31462140992167104,0.30920684640340085,1.0,0.0003,1.0,12465.332103967667
depth4_bal_MAMMAMAA,4,MAMMAMAA,42225,506700,0.7427837898333868,2.0984609127044678,2.12932151726314,0.7134464751958225,0.3224543080939948,0.3116679718089272,1.0,0.0003,1.0,12473.454157590866
depth4_bal_MAMMAMAA,4,MAMMAMAA,42250,507000,0.7156549096107483,2.146995226542155,2.1167208909988404,0.7327023498694517,0.304177545691906,0.3067457209978745,1.0,0.0003,1.0,12481.607871055603
depth4_bal_MAMMAMAA,4,MAMMAMAA,42275,507300,0.7781942735115687,2.2271689573923745,2.2999876839773994,0.6951697127937336,0.2885117493472585,0.27889025618078084,1.0,0.0003,1.0,12489.194391727448
depth4_bal_MAMMAMAA,4,MAMMAMAA,42300,507600,0.8038593629995981,2.194889783859253,2.1850930622645786,0.6870104438642297,0.283289817232376,0.2906365365253384,1.0,0.0003,1.0,12497.325071334839
depth4_bal_MAMMAMAA,4,MAMMAMAA,42325,507900,0.753005638718605,2.1540475686391196,2.228246920449393,0.7186684073107049,0.29765013054830286,0.29186709922810156,1.0,0.0003,1.0,12505.063530445099
depth4_bal_MAMMAMAA,4,MAMMAMAA,42350,508200,0.8800351669390997,2.2039222717285156,2.1848266158785137,0.6706919060052219,0.293733681462141,0.30551515829511133,1.0,0.0003,1.0,12513.916372299194
depth4_bal_MAMMAMAA,4,MAMMAMAA,42375,508500,0.7417758653561274,2.1374125480651855,2.1583673579352243,0.716710182767624,0.3028720626631854,0.3038371182458888,1.0,0.0003,1.0,12522.88257241249
depth4_bal_MAMMAMAA,4,MAMMAMAA,42400,508800,0.9072742263476054,2.2739973068237305,2.2496706690107073,0.6488250652741514,0.24804177545691905,0.26535406645038595,1.0,0.0003,1.0,12531.810767412186
depth4_bal_MAMMAMAA,4,MAMMAMAA,42425,509100,0.7618513107299805,2.1589532693227134,2.1609257221221925,0.6971279373368147,0.31592689295039167,0.2986911287616064,1.0,0.0003,1.0,12541.07846903801
depth4_bal_MAMMAMAA,4,MAMMAMAA,42450,509400,1.1418238878250122,2.411409616470337,2.423722267150879,0.5571148825065274,0.21148825065274152,0.22284371853674909,1.0,0.0003,1.0,12550.291349887848
depth4_bal_MAMMAMAA,4,MAMMAMAA,42475,509700,0.7350702236096064,2.166841189066569,2.2124737535204204,0.7173629242819843,0.2885117493472585,0.2966774807025394,1.0,0.0003,1.0,12558.485914468765
depth4_bal_MAMMAMAA,4,MAMMAMAA,42500,510000,0.901836097240448,2.4456255435943604,2.3615617888314384,0.6357702349869452,0.2349869451697128,0.2694932319051348,1.0,0.0003,1.0,12566.63858628273
depth4_bal_MAMMAMAA,4,MAMMAMAA,42525,510300,1.2288299798965454,2.0648359855016074,2.080829061780657,0.5326370757180157,0.24934725848563968,0.26803893052914196,1.0,0.0003,1.0,12573.800112724304
depth4_bal_MAMMAMAA,4,MAMMAMAA,42550,510600,0.8102318445841471,2.173302332560221,2.1187107222420827,0.6850522193211488,0.2859007832898172,0.29410448596039823,1.0,0.0003,1.0,12582.091943502426
depth4_bal_MAMMAMAA,4,MAMMAMAA,42575,510900,0.8180625438690186,2.2332797050476074,2.294726698739188,0.6788511749347258,0.28720626631853785,0.2711712719543573,1.0,0.0003,1.0,12589.833197832108
depth4_bal_MAMMAMAA,4,MAMMAMAA,42600,511200,0.8569429417451223,2.2608129183451333,2.2534774575914653,0.658289817232376,0.2963446475195822,0.28157512025953685,1.0,0.0003,1.0,12592.911193609238
depth4_bal_MAMMAMAA,4,MAMMAMAA,42625,511500,0.8020214686791102,2.2850188414255777,2.3092432498931883,0.6860313315926893,0.26762402088772846,0.2668083678263788,1.0,0.0003,1.0,12596.025406360626
depth4_bal_MAMMAMAA,4,MAMMAMAA,42650,511800,0.8580842614173889,2.1926558017730713,2.185470564024789,0.6622062663185379,0.2689295039164491,0.2863855017339747,1.0,0.0003,1.0,12599.044735193253
depth4_bal_MAMMAMAA,4,MAMMAMAA,42675,512100,0.8228936890761057,1.9958338737487793,1.9531872919627598,0.6902741514360313,0.3198433420365535,0.3153596599172167,1.0,0.0003,1.0,12602.103655576706
depth4_bal_MAMMAMAA,4,MAMMAMAA,42700,512400,0.7974482725063959,2.2238291104634604,2.17622207573482,0.6889686684073107,0.3133159268929504,0.2924264459111757,1.0,0.0003,1.0,12605.16356754303
depth4_bal_MAMMAMAA,4,MAMMAMAA,42725,512700,0.7290605306625366,2.2302048206329346,2.2381775515420097,0.7297650130548303,0.32506527415143605,0.2924264459111757,1.0,0.0003,1.0,12608.329871892929
depth4_bal_MAMMAMAA,4,MAMMAMAA,42750,513000,0.649115671714147,2.2274595896402993,2.2099000113351006,0.7669712793733682,0.3276762402088773,0.3136816198679942,1.0,0.0003,1.0,12611.378757715225
depth4_bal_MAMMAMAA,4,MAMMAMAA,42775,513300,0.7233327229817709,2.2358529567718506,2.1959868771689277,0.7248694516971279,0.27154046997389036,0.29086027519856805,1.0,0.0003,1.0,12614.433614253998
depth4_bal_MAMMAMAA,4,MAMMAMAA,42800,513600,0.7848452081282934,1.9816205898920696,2.021998698370797,0.7039817232375979,0.33159268929503916,0.3080881530372525,1.0,0.0003,1.0,12617.485769033432
depth4_bal_MAMMAMAA,4,MAMMAMAA,42825,513900,0.8235797733068466,2.1806525389353433,2.240630599430629,0.6866840731070496,0.2950391644908616,0.29947421411791025,1.0,0.0003,1.0,12625.317155122757
depth4_bal_MAMMAMAA,4,MAMMAMAA,42850,514200,0.7293073385953903,2.033815344174703,2.0379670415605817,0.7304177545691906,0.31462140992167104,0.31446470522429804,1.0,0.0003,1.0,12633.686704397202
depth4_bal_MAMMAMAA,4,MAMMAMAA,42875,514500,0.7624177237351736,2.135932763417562,2.1545094762529646,0.7033289817232375,0.3237597911227154,0.303054032889585,1.0,0.0003,1.0,12637.054023981094
depth4_bal_MAMMAMAA,4,MAMMAMAA,42900,514800,0.7602654198805491,2.0586915016174316,2.0924921478543963,0.7101827676240209,0.3289817232375979,0.30417272625573333,1.0,0.0003,1.0,12640.26688671112
depth4_bal_MAMMAMAA,4,MAMMAMAA,42925,515100,0.7343572477499644,2.1906228065490723,2.1578610624585832,0.7160574412532638,0.3028720626631854,0.2920908379013312,1.0,0.0003,1.0,12643.299551486969
depth4_bal_MAMMAMAA,4,MAMMAMAA,42950,515400,0.8704342941443125,2.1586329142252603,2.1680153472082955,0.6556788511749347,0.29112271540469975,0.28817541111981204,1.0,0.0003,1.0,12646.329149007797
depth4_bal_MAMMAMAA,4,MAMMAMAA,42975,515700,0.821605920791626,2.188474734624227,2.17503160067967,0.6876631853785901,0.3028720626631854,0.2996979527911399,1.0,0.0003,1.0,12649.377258777618
depth4_bal_MAMMAMAA,4,MAMMAMAA,43000,516000,0.8346046606699625,2.210392157236735,2.1764943259102956,0.6706919060052219,0.2859007832898172,0.2910840138717977,1.0,0.0003,1.0,12652.51390337944
depth4_bal_MAMMAMAA,4,MAMMAMAA,43025,516300,0.7310568789641062,2.189819892247518,2.205375678198678,0.7320496083550914,0.2950391644908616,0.29421635529701307,1.0,0.0003,1.0,12660.189630508423
depth4_bal_MAMMAMAA,4,MAMMAMAA,43050,516600,0.7538145432869593,2.2247749964396157,2.2037201881408692,0.7157310704960835,0.2898172323759791,0.29813178207853225,1.0,0.0003,1.0,12668.379752159119
depth4_bal_MAMMAMAA,4,MAMMAMAA,43075,516900,0.7763422131538391,2.4244096279144287,2.384488943644932,0.6863577023498695,0.2924281984334204,0.27754782414140283,1.0,0.0003,1.0,12676.552607536316
depth4_bal_MAMMAMAA,4,MAMMAMAA,43100,517200,0.7131012330452601,2.301214615503947,2.2664577416011267,0.7330287206266318,0.293733681462141,0.29086027519856805,1.0,0.0003,1.0,12684.803671121597
depth4_bal_MAMMAMAA,4,MAMMAMAA,43125,517500,0.7853446106115977,2.184546947479248,2.181661469595773,0.7003916449086162,0.28067885117493474,0.29376887795055373,1.0,0.0003,1.0,12692.51715373993
depth4_bal_MAMMAMAA,4,MAMMAMAA,43150,517800,0.7509370098511378,2.1088765462239585,2.1092808893748693,0.7173629242819843,0.32114882506527415,0.30059290748405865,1.0,0.0003,1.0,12700.649077892303
depth4_bal_MAMMAMAA,4,MAMMAMAA,43175,518100,0.8984299649794897,2.16961137453715,2.1516727685928343,0.6360966057441253,0.2780678851174935,0.28481933102136703,1.0,0.0003,1.0,12708.83747267723
depth4_bal_MAMMAMAA,4,MAMMAMAA,43200,518400,0.7924221952756246,2.0576964219411216,2.0799118076051983,0.7036553524804178,0.30809399477806787,0.30495581161203716,1.0,0.0003,1.0,12717.14393544197
depth4_bal_MAMMAMAA,4,MAMMAMAA,43225,518700,0.7671836813290914,2.222447077433268,2.214559541429792,0.7056135770234987,0.2924281984334204,0.2913077525450274,1.0,0.0003,1.0,12725.523082017899
depth4_bal_MAMMAMAA,4,MAMMAMAA,43250,519000,0.7422987272342046,2.2275919119517007,2.234616320473807,0.7075718015665796,0.30809399477806787,0.29846739008837675,1.0,0.0003,1.0,12733.329634189606
depth4_bal_MAMMAMAA,4,MAMMAMAA,43275,519300,0.6935432702302933,2.180042584737142,2.1809535912105016,0.7359660574412533,0.31201044386422977,0.30294216355297016,1.0,0.0003,1.0,12741.472727298737
depth4_bal_MAMMAMAA,4,MAMMAMAA,43300,519600,0.7162410070498785,2.2109511693318686,2.2203527723039898,0.7398825065274152,0.2950391644908616,0.2982436514151471,1.0,0.0003,1.0,12749.613468170166
depth4_bal_MAMMAMAA,4,MAMMAMAA,43325,519900,0.7581393321355184,2.400087038675944,2.3303981849125455,0.7127937336814621,0.28067885117493474,0.2655778051236156,1.0,0.0003,1.0,12758.400390386581
depth4_bal_MAMMAMAA,4,MAMMAMAA,43350,520200,0.7493274907271067,2.2429628372192383,2.2247457231794083,0.706266318537859,0.31592689295039167,0.3047320729388075,1.0,0.0003,1.0,12767.649513244629
depth4_bal_MAMMAMAA,4,MAMMAMAA,43375,520500,0.7819668302933375,2.101250966389974,2.1352551085608344,0.7007180156657964,0.3289817232375979,0.2923145765745609,1.0,0.0003,1.0,12776.719165563583
depth4_bal_MAMMAMAA,4,MAMMAMAA,43400,520800,0.7392717947562536,2.1046701272328696,2.155585081236703,0.7196475195822454,0.3002610966057441,0.2943282246336279,1.0,0.0003,1.0,12784.96754527092
depth4_bal_MAMMAMAA,4,MAMMAMAA,43425,521100,0.7111073235670725,2.209287643432617,2.218396963391985,0.7389033942558747,0.31070496083550914,0.303054032889585,1.0,0.0003,1.0,12793.175327777863
depth4_bal_MAMMAMAA,4,MAMMAMAA,43450,521400,0.8948832949002584,2.1857474644978843,2.200129883629935,0.641644908616188,0.2859007832898172,0.2828056829623,1.0,0.0003,1.0,12801.389314174652
depth4_bal_MAMMAMAA,4,MAMMAMAA,43475,521700,0.7234729876120886,2.124426285425822,2.132082939147949,0.7310704960835509,0.29765013054830286,0.3035015102360443,1.0,0.0003,1.0,12808.512015104294
depth4_bal_MAMMAMAA,4,MAMMAMAA,43500,522000,0.7637065599362055,2.2426854769388833,2.20960282598223,0.6977806788511749,0.28720626631853785,0.2958943953462356,1.0,0.0003,1.0,12816.678061246872
depth4_bal_MAMMAMAA,4,MAMMAMAA,43525,522300,0.8418389409780502,2.2691967487335205,2.219874804360526,0.6857049608355091,0.2754569190600522,0.27866651750755117,1.0,0.0003,1.0,12824.643015384674
depth4_bal_MAMMAMAA,4,MAMMAMAA,43550,522600,0.7024214714765549,2.143928050994873,2.1035201345171246,0.7457571801566579,0.31070496083550914,0.31278666517507553,1.0,0.0003,1.0,12832.821764707565
depth4_bal_MAMMAMAA,4,MAMMAMAA,43575,522900,0.8171418656905493,2.096400419871012,2.124567787987845,0.6762402088772846,0.2898172323759791,0.2953350486631614,1.0,0.0003,1.0,12841.123976230621
depth4_bal_MAMMAMAA,4,MAMMAMAA,43600,523200,0.778147742152214,2.236546039581299,2.228138038090297,0.6883159268929504,0.2885117493472585,0.28616176306074503,1.0,0.0003,1.0,12849.337408065796
depth4_bal_MAMMAMAA,4,MAMMAMAA,43625,523500,0.8495264003674189,2.3255513509114585,2.350560712814331,0.6847258485639687,0.2650130548302872,0.2806801655666182,1.0,0.0003,1.0,12857.538424015045
depth4_bal_MAMMAMAA,4,MAMMAMAA,43650,523800,0.7049739410479864,2.2361435890197754,2.297217689241682,0.7330287206266318,0.2950391644908616,0.2824700749524555,1.0,0.0003,1.0,12865.340378761292
depth4_bal_MAMMAMAA,4,MAMMAMAA,43675,524100,0.9990001122156779,2.4633797804514566,2.5404618263244627,0.6093342036553525,0.2689295039164491,0.24051907372189282,1.0,0.0003,1.0,12873.00871181488
depth4_bal_MAMMAMAA,4,MAMMAMAA,43700,524400,0.809724802772204,2.2451682090759277,2.287283856528146,0.6909268929503917,0.26240208877284593,0.2628929410448596,1.0,0.0003,1.0,12881.212744951248
depth4_bal_MAMMAMAA,4,MAMMAMAA,43725,524700,0.8208160003026327,2.209441820780436,2.208134971346174,0.6788511749347258,0.26631853785900783,0.29186709922810156,1.0,0.0003,1.0,12888.975938558578
depth4_bal_MAMMAMAA,4,MAMMAMAA,43750,525000,0.9210765957832336,2.281724294026693,2.3745926448277066,0.633485639686684,0.2885117493472585,0.2612149009956371,1.0,0.0003,1.0,12895.85373210907
depth4_bal_MAMMAMAA,4,MAMMAMAA,43775,525300,0.8884341567754745,2.289071877797445,2.268638072695051,0.6517624020887729,0.2793733681462141,0.2748629600626468,1.0,0.0003,1.0,12904.086270332336
depth4_bal_MAMMAMAA,4,MAMMAMAA,43800,525600,0.9044401148955027,2.434166193008423,2.412318563461304,0.6475195822454308,0.23890339425587467,0.24656001789909385,1.0,0.0003,1.0,12912.003454208374
depth4_bal_MAMMAMAA,4,MAMMAMAA,43825,525900,0.7509153485298157,2.1634594599405923,2.209618132455008,0.7160574412532638,0.30548302872062666,0.2926501845844054,1.0,0.0003,1.0,12920.014200210571
depth4_bal_MAMMAMAA,4,MAMMAMAA,43850,526200,0.8737455954154333,2.1716697216033936,2.156429328237261,0.662532637075718,0.3002610966057441,0.2923145765745609,1.0,0.0003,1.0,12923.86154127121
depth4_bal_MAMMAMAA,4,MAMMAMAA,43875,526500,1.003638118505478,2.3953235944112143,2.3912017345428467,0.6086814621409922,0.24673629242819844,0.2505873140172279,1.0,0.0003,1.0,12929.604611873627
depth4_bal_MAMMAMAA,4,MAMMAMAA,43900,526800,0.7784376641114553,2.365413506825765,2.345552158355713,0.6951697127937336,0.2885117493472585,0.2738561360331133,1.0,0.0003,1.0,12937.23785495758
depth4_bal_MAMMAMAA,4,MAMMAMAA,43925,527100,0.7800973852475485,2.33250093460083,2.307875033787319,0.6984334203655352,0.27154046997389036,0.27564604541895066,1.0,0.0003,1.0,12941.54972577095
depth4_bal_MAMMAMAA,4,MAMMAMAA,43950,527400,0.8632754335800806,2.0256721576054892,2.0977700165339876,0.6491514360313316,0.304177545691906,0.30126412350374765,1.0,0.0003,1.0,12944.606303930283
depth4_bal_MAMMAMAA,4,MAMMAMAA,43975,527700,0.8414581517378489,2.240656057993571,2.2625816822052003,0.6768929503916449,0.27154046997389036,0.27799530148786217,1.0,0.0003,1.0,12947.649197340012
depth4_bal_MAMMAMAA,4,MAMMAMAA,44000,528000,0.8055530736843745,2.1973939736684165,2.1984977994646346,0.689621409921671,0.283289817232376,0.2946638326434724,1.0,0.0003,1.0,12950.684391736984
depth4_bal_MAMMAMAA,4,MAMMAMAA,44025,528300,0.7989773352940878,2.1595961252848306,2.1429919719696047,0.689621409921671,0.3002610966057441,0.2975724353954581,1.0,0.0003,1.0,12958.826952695847
depth4_bal_MAMMAMAA,4,MAMMAMAA,44050,528600,0.6768039961655935,2.0905072689056396,2.152919670513698,0.7493472584856397,0.31462140992167104,0.30484394227542233,1.0,0.0003,1.0,12967.00250530243
depth4_bal_MAMMAMAA,4,MAMMAMAA,44075,528900,0.7767071624596914,2.174804131189982,2.15464552130018,0.6945169712793734,0.283289817232376,0.29410448596039823,1.0,0.0003,1.0,12975.244794845581
depth4_bal_MAMMAMAA,4,MAMMAMAA,44100,529200,0.8712102472782135,2.243767579396566,2.2641519614628383,0.6631853785900783,0.2885117493472585,0.2762053921020248,1.0,0.0003,1.0,12983.4109146595
depth4_bal_MAMMAMAA,4,MAMMAMAA,44125,529500,0.7689282645781835,2.207310914993286,2.218109451021467,0.70822454308094,0.283289817232376,0.283476898981989,1.0,0.0003,1.0,12991.710302352905
depth4_bal_MAMMAMAA,4,MAMMAMAA,44150,529800,0.7645857632160187,2.2463789780934653,2.2379641601017544,0.70822454308094,0.27154046997389036,0.281463250922922,1.0,0.0003,1.0,12998.737636089325
depth4_bal_MAMMAMAA,4,MAMMAMAA,44175,530100,0.7341818263133367,2.1181184450785318,2.1308049610682898,0.714425587467363,0.30678851174934724,0.3096543237498602,1.0,0.0003,1.0,13001.783149242401
depth4_bal_MAMMAMAA,4,MAMMAMAA,44200,530400,0.8540780146916708,2.1940228939056396,2.2047317436763216,0.6533942558746736,0.3002610966057441,0.28481933102136703,1.0,0.0003,1.0,13004.830905914307
depth4_bal_MAMMAMAA,4,MAMMAMAA,44225,530700,0.7463199893633524,2.1546918551127114,2.164686850139073,0.7232375979112271,0.30809399477806787,0.3007047768206735,1.0,0.0003,1.0,13008.044100999832
depth4_bal_MAMMAMAA,4,MAMMAMAA,44250,531000,0.7947270820538203,2.0829102198282876,2.10226183618818,0.6968015665796344,0.3093994778067885,0.301711600850207,1.0,0.0003,1.0,13011.13793849945
depth4_bal_MAMMAMAA,4,MAMMAMAA,44275,531300,0.7945560018221537,2.1331767241160073,2.147395495006016,0.7007180156657964,0.304177545691906,0.29287392325763506,1.0,0.0003,1.0,13014.232491493225
depth4_bal_MAMMAMAA,4,MAMMAMAA,44300,531600,1.0553550273180008,2.5412216186523438,2.4976643902914866,0.589425587467363,0.2545691906005222,0.24913301264123502,1.0,0.0003,1.0,13019.455464363098
depth4_bal_MAMMAMAA,4,MAMMAMAA,44325,531900,0.7826622774203619,2.2991604010264077,2.3150341783251083,0.6951697127937336,0.26631853785900783,0.2641235037476228,1.0,0.0003,1.0,13027.66339802742
depth4_bal_MAMMAMAA,4,MAMMAMAA,44350,532200,0.8599075525999069,2.197805325190226,2.186506162370954,0.6612271540469974,0.27676240208877284,0.28459559234813736,1.0,0.0003,1.0,13034.559566020966
depth4_bal_MAMMAMAA,4,MAMMAMAA,44375,532500,0.7832847585280737,2.1231930255889893,2.1465431690216064,0.6951697127937336,0.30809399477806787,0.29913860610806575,1.0,0.0003,1.0,13042.141837358475
depth4_bal_MAMMAMAA,4,MAMMAMAA,44400,532800,0.7081176936626434,2.1627984046936035,2.2129940918513706,0.7317232375979112,0.30678851174934724,0.29477570198008723,1.0,0.0003,1.0,13050.410149335861
depth4_bal_MAMMAMAA,4,MAMMAMAA,44425,533100,0.8377451052268347,2.246716260910034,2.2253476994378225,0.6775456919060052,0.30156657963446476,0.2882872804564269,1.0,0.0003,1.0,13058.587191343307
depth4_bal_MAMMAMAA,4,MAMMAMAA,44450,533400,0.8162678778171539,2.140921195348104,2.1290153639657157,0.6736292428198434,0.30809399477806787,0.2990267367714509,1.0,0.0003,1.0,13066.742331981659
depth4_bal_MAMMAMAA,4,MAMMAMAA,44475,533700,0.7878640542427698,2.1783460776011148,2.1615955761500767,0.6990861618798956,0.293733681462141,0.28515493903121153,1.0,0.0003,1.0,13070.488196849823
depth4_bal_MAMMAMAA,4,MAMMAMAA,44500,534000,0.768471305569013,2.2003974119822183,2.260348735536848,0.702023498694517,0.2950391644908616,0.28325316030875936,1.0,0.0003,1.0,13073.644189596176
depth4_bal_MAMMAMAA,4,MAMMAMAA,44525,534300,0.7199010401964188,2.2412360509236655,2.2431721346718922,0.7265013054830287,0.3198433420365535,0.29522317932654657,1.0,0.0003,1.0,13076.752471208572
depth4_bal_MAMMAMAA,4,MAMMAMAA,44550,534600,0.7351368914047877,2.213236093521118,2.1881370306015016,0.7222584856396866,0.3133159268929504,0.30752880635417834,1.0,0.0003,1.0,13079.809653282166
depth4_bal_MAMMAMAA,4,MAMMAMAA,44575,534900,0.938878650466601,2.393959919611613,2.329667772565569,0.6387075718015666,0.2793733681462141,0.2741917440429578,1.0,0.0003,1.0,13082.853603124619
depth4_bal_MAMMAMAA,4,MAMMAMAA,44600,535200,0.9403691043456396,1.982835094134013,1.9518376248223441,0.6400130548302873,0.28067885117493474,0.29578252600962074,1.0,0.0003,1.0,13086.021065473557
depth4_bal_MAMMAMAA,4,MAMMAMAA,44625,535500,0.9176745613416036,1.9938767751057942,1.9492680379322598,0.6514360313315927,0.29765013054830286,0.3107730171160085,1.0,0.0003,1.0,13089.101014614105
depth4_bal_MAMMAMAA,4,MAMMAMAA,44650,535800,0.784883032242457,1.9960121313730876,2.012480923107692,0.6974543080939948,0.3224543080939948,0.3156952679270612,1.0,0.0003,1.0,13095.336410284042
depth4_bal_MAMMAMAA,4,MAMMAMAA,44675,536100,0.8637054711580276,2.3249686559041343,2.2670885358537944,0.6726501305483029,0.2845953002610966,0.2889584964761159,1.0,0.0003,1.0,13103.664425611496
depth4_bal_MAMMAMAA,4,MAMMAMAA,44700,536400,0.8982014060020447,2.088308254877726,2.1183964831488473,0.6481723237597912,0.26240208877284593,0.2833650296453742,1.0,0.0003,1.0,13111.886064052582
depth4_bal_MAMMAMAA,4,MAMMAMAA,44725,536700,0.7124630560477575,2.224031607309977,2.2111630371638706,0.7176892950391645,0.2885117493472585,0.29712495804899874,1.0,0.0003,1.0,13119.828141450882
depth4_bal_MAMMAMAA,4,MAMMAMAA,44750,537000,0.8020052860180537,2.1570343176523843,2.1447118827274867,0.6919060052219321,0.30156657963446476,0.3013759928403625,1.0,0.0003,1.0,13127.985694885254
depth4_bal_MAMMAMAA,4,MAMMAMAA,44775,537300,0.7628783285617828,2.168098211288452,2.139136110033308,0.70822454308094,0.3133159268929504,0.3028302942163553,1.0,0.0003,1.0,13136.284132003784
depth4_bal_MAMMAMAA,4,MAMMAMAA,44800,537600,0.8224390546480814,2.0970362027486167,2.111042901447841,0.6830939947780679,0.30678851174934724,0.30887123839355635,1.0,0.0003,1.0,13145.107325077057
depth4_bal_MAMMAMAA,4,MAMMAMAA,44825,537900,0.8515028903881708,2.221301237742106,2.225738389151437,0.6618798955613577,0.293733681462141,0.27631726143863966,1.0,0.0003,1.0,13153.67930150032
depth4_bal_MAMMAMAA,4,MAMMAMAA,44850,538200,0.7155916343132654,2.144324779510498,2.153920766285488,0.7248694516971279,0.2989556135770235,0.307752545027408,1.0,0.0003,1.0,13163.094197034836
depth4_bal_MAMMAMAA,4,MAMMAMAA,44875,538500,0.9352611899375916,2.3225616614023843,2.2402791023254394,0.637402088772846,0.26370757180156656,0.2588656449267256,1.0,0.0003,1.0,13172.326524496078
depth4_bal_MAMMAMAA,4,MAMMAMAA,44900,538800,0.7263088077306747,2.0745468139648438,2.134819163594927,0.72911227154047,0.34203655352480417,0.305067680948652,1.0,0.0003,1.0,13181.485454082489
depth4_bal_MAMMAMAA,4,MAMMAMAA,44925,539100,0.7664172252019247,2.008915424346924,2.054104093142918,0.7036553524804178,0.3276762402088773,0.3172614386396689,1.0,0.0003,1.0,13190.789372205734
depth4_bal_MAMMAMAA,4,MAMMAMAA,44950,539400,0.8891184478998184,2.4524038632710776,2.416441467830113,0.6511096605744126,0.2689295039164491,0.2571876048775031,1.0,0.0003,1.0,13199.997830629349
depth4_bal_MAMMAMAA,4,MAMMAMAA,44975,539700,0.6917452067136765,2.066920518875122,2.091290395600455,0.7591383812010444,0.2989556135770235,0.3113323637990827,1.0,0.0003,1.0,13209.6322453022
depth4_bal_MAMMAMAA,4,MAMMAMAA,45000,540000,0.8321485420068105,2.2204624017079673,2.1467564719063894,0.6661227154046997,0.28720626631853785,0.2870567177536637,1.0,0.0003,1.0,13217.84142112732
depth4_bal_MAMMAMAA,4,MAMMAMAA,45025,540300,0.7050553460915884,2.3075972398122153,2.2998786176954,0.7340078328981723,0.29765013054830286,0.29153149121825706,1.0,0.0003,1.0,13226.30518913269
depth4_bal_MAMMAMAA,4,MAMMAMAA,45050,540600,0.7026613156000773,2.18858003616333,2.2084828410829815,0.7320496083550914,0.3133159268929504,0.305067680948652,1.0,0.0003,1.0,13233.876693964005
depth4_bal_MAMMAMAA,4,MAMMAMAA,45075,540900,0.7718476752440134,2.320087432861328,2.2632528918130057,0.7056135770234987,0.2859007832898172,0.28023268822015884,1.0,0.0003,1.0,13241.844434976578
depth4_bal_MAMMAMAA,4,MAMMAMAA,45100,541200,0.9400025804837545,2.2418861389160156,2.149748182296753,0.6377284595300261,0.2689295039164491,0.2701644479248238,1.0,0.0003,1.0,13245.973716974258
depth4_bal_MAMMAMAA,4,MAMMAMAA,45125,541500,0.7335355679194132,2.17254900932312,2.1414745126451766,0.7216057441253264,0.2950391644908616,0.3114442331356975,1.0,0.0003,1.0,13251.101304531097
depth4_bal_MAMMAMAA,4,MAMMAMAA,45150,541800,0.761998325586319,2.296949783960978,2.225784002031599,0.7056135770234987,0.2819843342036554,0.2889584964761159,1.0,0.0003,1.0,13260.33602976799
depth4_bal_MAMMAMAA,4,MAMMAMAA,45175,542100,0.836252803603808,2.120731512705485,2.10222145148686,0.6759138381201044,0.3028720626631854,0.3033896408994295,1.0,0.0003,1.0,13269.51174235344
depth4_bal_MAMMAMAA,4,MAMMAMAA,45200,542400,0.7788381526867548,2.163142522176107,2.197626325062343,0.6990861618798956,0.30156657963446476,0.28023268822015884,1.0,0.0003,1.0,13278.781257152557
depth4_bal_MAMMAMAA,4,MAMMAMAA,45225,542700,0.7473223408063253,2.147836685180664,2.1596945626395088,0.7268276762402088,0.2885117493472585,0.302382816869896,1.0,0.0003,1.0,13286.959168672562
depth4_bal_MAMMAMAA,4,MAMMAMAA,45250,543000,0.7898088792959849,2.301318327585856,2.314354773930141,0.6873368146214099,0.2780678851174935,0.27788343215124733,1.0,0.0003,1.0,13295.189729690552
depth4_bal_MAMMAMAA,4,MAMMAMAA,45275,543300,0.8238261093695959,2.2089924812316895,2.1638251713344028,0.6889686684073107,0.2898172323759791,0.28951784315919005,1.0,0.0003,1.0,13303.360033750534
depth4_bal_MAMMAMAA,4,MAMMAMAA,45300,543600,0.7961693108081818,2.2198468844095864,2.1509700502668108,0.6876631853785901,0.283289817232376,0.2982436514151471,1.0,0.0003,1.0,13311.562961101532
depth4_bal_MAMMAMAA,4,MAMMAMAA,45325,543900,0.9121382584174474,2.269689162572225,2.2234494618007115,0.6432767624020888,0.2793733681462141,0.2816869895961517,1.0,0.0003,1.0,13319.783445119858
depth4_bal_MAMMAMAA,4,MAMMAMAA,45350,544200,0.8305094987154007,2.184560696283976,2.1672969341278074,0.6742819843342036,0.2754569190600522,0.2979080434053026,1.0,0.0003,1.0,13327.62736582756
depth4_bal_MAMMAMAA,4,MAMMAMAA,45375,544500,0.7947121908267339,2.1675124963124595,2.218678620883397,0.7010443864229765,0.30678851174934724,0.2933214006040944,1.0,0.0003,1.0,13335.674286365509
depth4_bal_MAMMAMAA,4,MAMMAMAA,45400,544800,0.8773596733808517,2.2407516638437905,2.2040965148380827,0.6579634464751958,0.27284595300261094,0.275422306745721,1.0,0.0003,1.0,13343.903303861618
depth4_bal_MAMMAMAA,4,MAMMAMAA,45425,545100,0.7213327288627625,2.1213998794555664,2.134275824683053,0.7245430809399478,0.31592689295039167,0.30641011298803,1.0,0.0003,1.0,13352.13857626915
depth4_bal_MAMMAMAA,4,MAMMAMAA,45450,545400,0.7605075538158417,2.208189090092977,2.212765768596104,0.7010443864229765,0.31201044386422977,0.2999216914643696,1.0,0.0003,1.0,13360.330232143402
depth4_bal_MAMMAMAA,4,MAMMAMAA,45475,545700,1.1444506098826726,2.5229692459106445,2.456155177525112,0.5590731070496083,0.24934725848563968,0.23839355632621098,1.0,0.0003,1.0,13368.50685620308
depth4_bal_MAMMAMAA,4,MAMMAMAA,45500,546000,0.8745303452014923,2.410297155380249,2.3498539447784426,0.6530678851174935,0.2584856396866841,0.27329678935003915,1.0,0.0003,1.0,13376.563378572464
depth4_bal_MAMMAMAA,4,MAMMAMAA,45525,546300,0.7892299542824427,2.181527296702067,2.209055471420288,0.6954960835509139,0.2963446475195822,0.29287392325763506,1.0,0.0003,1.0,13384.803970813751
depth4_bal_MAMMAMAA,4,MAMMAMAA,45550,546600,0.7077565789222717,2.3668878078460693,2.3103041785103935,0.7284595300261096,0.2898172323759791,0.29455196330685757,1.0,0.0003,1.0,13393.011619329453
depth4_bal_MAMMAMAA,4,MAMMAMAA,45575,546900,0.7662089864412943,2.207092761993408,2.2383311816624234,0.7065926892950392,0.2819843342036554,0.2995860834545251,1.0,0.0003,1.0,13401.172528266907
depth4_bal_MAMMAMAA,4,MAMMAMAA,45600,547200,0.7604704846938452,2.221795399983724,2.2107341630118236,0.7088772845953003,0.293733681462141,0.2993623447812954,1.0,0.0003,1.0,13409.078849554062
depth4_bal_MAMMAMAA,4,MAMMAMAA,45625,547500,0.7450344363848368,2.2865309715270996,2.2415553637913295,0.7140992167101827,0.2819843342036554,0.2914196218816422,1.0,0.0003,1.0,13417.516921043396
depth4_bal_MAMMAMAA,4,MAMMAMAA,45650,547800,0.8097649166981379,2.418719450632731,2.368426983697074,0.6919060052219321,0.2584856396866841,0.25640451952119925,1.0,0.0003,1.0,13426.687088727951
depth4_bal_MAMMAMAA,4,MAMMAMAA,45675,548100,0.8674944390853246,2.2486515839894614,2.256917578833444,0.6576370757180157,0.27023498694516973,0.2804564268933885,1.0,0.0003,1.0,13436.072945833206
depth4_bal_MAMMAMAA,4,MAMMAMAA,45700,548400,0.7858622620503107,2.2901411056518555,2.298804576056344,0.6827676240208878,0.2898172323759791,0.28817541111981204,1.0,0.0003,1.0,13445.321971416473
depth4_bal_MAMMAMAA,4,MAMMAMAA,45725,548700,0.7312622119983038,2.291579325993856,2.3165056432996476,0.7209530026109661,0.2989556135770235,0.29645374202930974,1.0,0.0003,1.0,13454.693678379059
depth4_bal_MAMMAMAA,4,MAMMAMAA,45750,549000,0.7647083550691605,2.220173199971517,2.230654682431902,0.7039817232375979,0.3381201044386423,0.29846739008837675,1.0,0.0003,1.0,13464.044403076172
depth4_bal_MAMMAMAA,4,MAMMAMAA,45775,549300,0.7237141331036886,2.177109638849894,2.2234023094177244,0.7265013054830287,0.304177545691906,0.2897415818324197,1.0,0.0003,1.0,13473.088676691055
depth4_bal_MAMMAMAA,4,MAMMAMAA,45800,549600,0.7679660866657892,2.2000065644582114,2.2282218592507497,0.7033289817232375,0.2963446475195822,0.2828056829623,1.0,0.0003,1.0,13481.293159008026
depth4_bal_MAMMAMAA,4,MAMMAMAA,45825,549900,0.7612640311320623,2.2807629903157554,2.2342481000082834,0.712467362924282,0.3028720626631854,0.2863855017339747,1.0,0.0003,1.0,13489.493710517883
depth4_bal_MAMMAMAA,4,MAMMAMAA,45850,550200,0.7708021998405457,2.20357616742452,2.1884925637926376,0.7059399477806788,0.28720626631853785,0.29611813401946524,1.0,0.0003,1.0,13497.723059177399
depth4_bal_MAMMAMAA,4,MAMMAMAA,45875,550500,0.7704446266094843,2.2226274013519287,2.245403003692627,0.7030026109660574,0.2963446475195822,0.28481933102136703,1.0,0.0003,1.0,13505.919908046722
depth4_bal_MAMMAMAA,4,MAMMAMAA,45900,550800,0.8904956132173538,2.270411968231201,2.2952002252851216,0.652088772845953,0.2859007832898172,0.2755341760823358,1.0,0.0003,1.0,13514.089013338089
depth4_bal_MAMMAMAA,4,MAMMAMAA,45925,551100,0.7935864925384521,2.29020619392395,2.2684475013187955,0.7085509138381201,0.2754569190600522,0.2647947197673118,1.0,0.0003,1.0,13521.97789645195
depth4_bal_MAMMAMAA,4,MAMMAMAA,45950,551400,0.7786257664362589,2.380533218383789,2.4247808388301304,0.691579634464752,0.27676240208877284,0.2659134131334601,1.0,0.0003,1.0,13530.190027475357
depth4_bal_MAMMAMAA,4,MAMMAMAA,45975,551700,0.9369114090998968,2.2247323195139566,2.2363265105656214,0.641644908616188,0.2689295039164491,0.2860498937241302,1.0,0.0003,1.0,13538.39187169075
depth4_bal_MAMMAMAA,4,MAMMAMAA,46000,552000,0.918742761015892,2.3828603426615396,2.3059137548719133,0.6484986945169713,0.27154046997389036,0.271395010627587,1.0,0.0003,1.0,13546.715492486954
depth4_bal_MAMMAMAA,4,MAMMAMAA,46025,552300,0.8057185510794321,2.18157688776652,2.093846249580383,0.6785248041775457,0.2963446475195822,0.3074169370175635,1.0,0.0003,1.0,13555.184386491776
depth4_bal_MAMMAMAA,4,MAMMAMAA,46050,552600,0.7703837354977926,2.1225879192352295,2.1420337506702967,0.7016971279373369,0.26631853785900783,0.2980199127419174,1.0,0.0003,1.0,13562.97794675827
depth4_bal_MAMMAMAA,4,MAMMAMAA,46075,552900,0.7298016548156738,2.2104228337605796,2.3032151630946567,0.7114882506527415,0.2963446475195822,0.2867211097438192,1.0,0.0003,1.0,13571.401350975037
depth4_bal_MAMMAMAA,4,MAMMAMAA,46100,553200,0.7268324742714564,2.0720706780751548,2.0932075500488283,0.731396866840731,0.31201044386422977,0.3087593690569415,1.0,0.0003,1.0,13579.420701503754
depth4_bal_MAMMAMAA,4,MAMMAMAA,46125,553500,0.8546508948008219,2.362843116124471,2.3584105832236153,0.6726501305483029,0.2597911227154047,0.25841816758026626,1.0,0.0003,1.0,13587.624953508377
depth4_bal_MAMMAMAA,4,MAMMAMAA,46150,553800,0.7273139407237371,2.150250275929769,2.22472767829895,0.7278067885117493,0.30809399477806787,0.29947421411791025,1.0,0.0003,1.0,13595.770208835602
depth4_bal_MAMMAMAA,4,MAMMAMAA,46175,554100,0.7081980357567469,2.22910737991333,2.230276700428554,0.7327023498694517,0.3093994778067885,0.29421635529701307,1.0,0.0003,1.0,13604.006031036377
depth4_bal_MAMMAMAA,4,MAMMAMAA,46200,554400,0.8938315908114115,2.159975051879883,2.1640753473554337,0.6622062663185379,0.2558746736292428,0.27027631726143864,1.0,0.0003,1.0,13611.927476644516
depth4_bal_MAMMAMAA,4,MAMMAMAA,46225,554700,0.6960445543130239,2.1374809741973877,2.192896488734654,0.7408616187989556,0.3263707571801567,0.31849200134243205,1.0,0.0003,1.0,13619.14825797081
depth4_bal_MAMMAMAA,4,MAMMAMAA,46250,555000,0.6702922334273657,2.3631998697916665,2.368133905955723,0.7340078328981723,0.29765013054830286,0.2962300033560801,1.0,0.0003,1.0,13627.340194702148
depth4_bal_MAMMAMAA,4,MAMMAMAA,46275,555300,0.7691986362139384,2.1139609813690186,2.1005634444100516,0.7114882506527415,0.2950391644908616,0.29253831524779056,1.0,0.0003,1.0,13635.643680095673
depth4_bal_MAMMAMAA,4,MAMMAMAA,46300,555600,0.9410680482784907,2.0429512659708657,2.0073041813714165,0.6488250652741514,0.2819843342036554,0.2820225976059962,1.0,0.0003,1.0,13643.390546321869
depth4_bal_MAMMAMAA,4,MAMMAMAA,46325,555900,0.8088430215915045,2.160029331843058,2.1550872870853968,0.6883159268929504,0.31462140992167104,0.28425998433829286,1.0,0.0003,1.0,13651.334459066391
depth4_bal_MAMMAMAA,4,MAMMAMAA,46350,556200,0.725625659028689,2.1829641660054526,2.2220495428357805,0.7274804177545692,0.3093994778067885,0.30450833426557783,1.0,0.0003,1.0,13659.329627990723
depth4_bal_MAMMAMAA,4,MAMMAMAA,46375,556500,0.9692485183477402,2.261524279912313,2.181390418325152,0.6109660574412533,0.26240208877284593,0.2830294216355297,1.0,0.0003,1.0,13667.50988125801
depth4_bal_MAMMAMAA,4,MAMMAMAA,46400,556800,0.7579989383618037,2.180541753768921,2.1829903875078474,0.7196475195822454,0.2924281984334204,0.2953350486631614,1.0,0.0003,1.0,13675.670550823212
depth4_bal_MAMMAMAA,4,MAMMAMAA,46425,557100,0.825705940524737,2.3650929927825928,2.346289314542498,0.6736292428198434,0.2859007832898172,0.27128314129097214,1.0,0.0003,1.0,13683.850259780884
depth4_bal_MAMMAMAA,4,MAMMAMAA,46450,557400,0.8391618529955546,2.290191968282064,2.23715466771807,0.6870104438642297,0.27284595300261094,0.2655778051236156,1.0,0.0003,1.0,13692.114752531052
depth4_bal_MAMMAMAA,4,MAMMAMAA,46475,557700,0.805995965997378,2.5586136182149253,2.5984653541019984,0.6830939947780679,0.2297650130548303,0.23895290300928515,1.0,0.0003,1.0,13700.312489271164
depth4_bal_MAMMAMAA,4,MAMMAMAA,46500,558000,0.7883332272370657,2.320084571838379,2.3341036932809014,0.6951697127937336,0.2650130548302872,0.2721780959838908,1.0,0.0003,1.0,13708.47959780693
depth4_bal_MAMMAMAA,4,MAMMAMAA,46525,558300,0.638434906800588,2.191903909047445,2.188483156476702,0.7715404699738904,0.29765013054830286,0.31256292650184586,1.0,0.0003,1.0,13716.745364904404
depth4_bal_MAMMAMAA,4,MAMMAMAA,46550,558600,0.7890820304552714,2.3667484124501548,2.3382981640951974,0.7013707571801566,0.28067885117493474,0.280120818883544,1.0,0.0003,1.0,13725.044382810593
depth4_bal_MAMMAMAA,4,MAMMAMAA,46575,558900,0.8250258813301722,2.241327921549479,2.2358590602874755,0.6742819843342036,0.28720626631853785,0.2762053921020248,1.0,0.0003,1.0,13733.141838312149
depth4_bal_MAMMAMAA,4,MAMMAMAA,46600,559200,0.7040654619534811,2.325105905532837,2.271896117074149,0.735313315926893,0.2780678851174935,0.2857142857142857,1.0,0.0003,1.0,13741.350049495697
depth4_bal_MAMMAMAA,4,MAMMAMAA,46625,559500,0.7798188527425131,2.1736441453297934,2.14087085042681,0.6971279373368147,0.30678851174934724,0.302382816869896,1.0,0.0003,1.0,13749.510581493378
depth4_bal_MAMMAMAA,4,MAMMAMAA,46650,559800,0.8570669293403625,2.456782420476278,2.396495873587472,0.6700391644908616,0.27023498694516973,0.2701644479248238,1.0,0.0003,1.0,13756.620158672333
depth4_bal_MAMMAMAA,4,MAMMAMAA,46675,560100,0.6478755921125412,2.2286060651143393,2.2256008352552143,0.7594647519582245,0.30678851174934724,0.307752545027408,1.0,0.0003,1.0,13764.516807556152
depth4_bal_MAMMAMAA,4,MAMMAMAA,46700,560400,0.7357683678468069,2.3780123392740884,2.4564365182604107,0.714425587467363,0.28720626631853785,0.26904575455867547,1.0,0.0003,1.0,13772.631422996521
depth4_bal_MAMMAMAA,4,MAMMAMAA,46725,560700,0.7003085166215897,2.2423412005106607,2.230028738294329,0.7480417754569191,0.2845953002610966,0.29153149121825706,1.0,0.0003,1.0,13780.960480690002
depth4_bal_MAMMAMAA,4,MAMMAMAA,46750,561000,0.7193597704172134,2.19785745938619,2.258174167360578,0.7287859007832899,0.27284595300261094,0.29712495804899874,1.0,0.0003,1.0,13788.892761230469
depth4_bal_MAMMAMAA,4,MAMMAMAA,46775,561300,0.652437244852384,2.157952626546224,2.1599807875497,0.7705613577023499,0.2950391644908616,0.31054927844277885,1.0,0.0003,1.0,13797.083032369614
depth4_bal_MAMMAMAA,4,MAMMAMAA,46800,561600,0.8577698121468226,2.245453119277954,2.2191382816859653,0.6609007832898173,0.293733681462141,0.2764291307752545,1.0,0.0003,1.0,13805.226967811584
depth4_bal_MAMMAMAA,4,MAMMAMAA,46825,561900,0.9736061791578928,2.30759604771932,2.3475697789873395,0.6145561357702349,0.27676240208877284,0.25383152477905807,1.0,0.0003,1.0,13812.84269785881
depth4_bal_MAMMAMAA,4,MAMMAMAA,46850,562200,0.7541462779045105,2.201416810353597,2.2081334727151054,0.7183420365535248,0.2741514360313316,0.2976843047320729,1.0,0.0003,1.0,13821.01887178421
depth4_bal_MAMMAMAA,4,MAMMAMAA,46875,562500,0.7070994426806768,2.1421922047932944,2.206799268722534,0.7372715404699739,0.30548302872062666,0.2904127978521087,1.0,0.0003,1.0,13829.218751430511
depth4_bal_MAMMAMAA,4,MAMMAMAA,46900,562800,0.860991045832634,2.3710031509399414,2.3162491049085343,0.6592689295039165,0.2545691906005222,0.25808255957042175,1.0,0.0003,1.0,13836.945080041885
depth4_bal_MAMMAMAA,4,MAMMAMAA,46925,563100,0.8388675103584925,2.4232474168141684,2.4160299369267055,0.6785248041775457,0.26109660574412535,0.2688220158854458,1.0,0.0003,1.0,13840.711970329285
depth4_bal_MAMMAMAA,4,MAMMAMAA,46950,563400,0.9347801059484482,2.33203125,2.2516876561301093,0.6445822454308094,0.2519582245430809,0.26266920237162994,1.0,0.0003,1.0,13843.7648396492
depth4_bal_MAMMAMAA,4,MAMMAMAA,46975,563700,0.787643313407898,2.2968883514404297,2.3397213799612864,0.6997389033942559,0.30156657963446476,0.2735205280232688,1.0,0.0003,1.0,13847.09856414795
depth4_bal_MAMMAMAA,4,MAMMAMAA,47000,564000,0.7484500755866369,2.3825770219167075,2.407976940699986,0.7095300261096605,0.2898172323759791,0.26636089047991945,1.0,0.0003,1.0,13854.399827957153
depth4_bal_MAMMAMAA,4,MAMMAMAA,47025,564300,0.7635347694158554,2.2217079798380532,2.2276744297572546,0.7176892950391645,0.31462140992167104,0.2963418726926949,1.0,0.0003,1.0,13862.753869056702
depth4_bal_MAMMAMAA,4,MAMMAMAA,47050,564600,0.8305323123931885,2.4786174297332764,2.4625532695225307,0.6723237597911227,0.27154046997389036,0.2583062982436514,1.0,0.0003,1.0,13870.938555955887
depth4_bal_MAMMAMAA,4,MAMMAMAA,47075,564900,0.7691707561413447,2.504883368810018,2.4680052893502373,0.7108355091383812,0.24151436031331594,0.2634522877279338,1.0,0.0003,1.0,13879.09130692482
depth4_bal_MAMMAMAA,4,MAMMAMAA,47100,565200,0.8998690694570541,2.1065513292948403,2.0919631004333494,0.6550261096605744,0.27676240208877284,0.2741917440429578,1.0,0.0003,1.0,13887.360390901566
depth4_bal_MAMMAMAA,4,MAMMAMAA,47125,565500,0.714174767335256,2.3336079120635986,2.35252240725926,0.7304177545691906,0.283289817232376,0.2879516724465824,1.0,0.0003,1.0,13895.381845474243
depth4_bal_MAMMAMAA,4,MAMMAMAA,47150,565800,0.7883369227250417,2.2354615529378257,2.2236313956124443,0.6932114882506527,0.2780678851174935,0.2813513815863072,1.0,0.0003,1.0,13903.015689134598
depth4_bal_MAMMAMAA,4,MAMMAMAA,47175,566100,0.7377674877643585,2.3701860904693604,2.3271563053131104,0.7160574412532638,0.2885117493472585,0.2897415818324197,1.0,0.0003,1.0,13910.180633544922
depth4_bal_MAMMAMAA,4,MAMMAMAA,47200,566400,0.8886473725239435,2.2631529172261557,2.3177395480019705,0.6579634464751958,0.2545691906005222,0.2631166797180893,1.0,0.0003,1.0,13913.328000545502
depth4_bal_MAMMAMAA,4,MAMMAMAA,47225,566700,1.0017848362525303,2.3513034184773765,2.3523427622658866,0.6227154046997389,0.26762402088772846,0.2637878957377783,1.0,0.0003,1.0,13916.328655004501
depth4_bal_MAMMAMAA,4,MAMMAMAA,47250,567000,0.7873783608277639,2.1936418215433755,2.209427891458784,0.6968015665796344,0.2819843342036554,0.29018905917887905,1.0,0.0003,1.0,13919.349902391434
depth4_bal_MAMMAMAA,4,MAMMAMAA,47275,567300,0.9907509088516235,2.375753402709961,2.3404721668788366,0.6285900783289817,0.26370757180156656,0.2572994742141179,1.0,0.0003,1.0,13922.362806797028
depth4_bal_MAMMAMAA,4,MAMMAMAA,47300,567600,0.7166969577471415,2.30060076713562,2.374045351573399,0.7140992167101827,0.304177545691906,0.2870567177536637,1.0,0.0003,1.0,13929.12697148323
depth4_bal_MAMMAMAA,4,MAMMAMAA,47325,567900,0.9110288023948669,2.5709478855133057,2.4614066328321185,0.6426240208877284,0.24804177545691905,0.2625573330350151,1.0,0.0003,1.0,13938.364100933075
depth4_bal_MAMMAMAA,4,MAMMAMAA,47350,568200,0.803138792514801,2.3380606174468994,2.324898930958339,0.6981070496083551,0.2741514360313316,0.27128314129097214,1.0,0.0003,1.0,13947.600655555725
depth4_bal_MAMMAMAA,4,MAMMAMAA,47375,568500,0.8872778962055842,2.2487226327260337,2.197660650525774,0.6468668407310705,0.27676240208877284,0.28526680836782636,1.0,0.0003,1.0,13956.957083463669
depth4_bal_MAMMAMAA,4,MAMMAMAA,47400,568800,0.8357853988806406,2.495086908340454,2.49720139503479,0.6795039164490861,0.23759791122715404,0.24398702315695267,1.0,0.0003,1.0,13966.201202630997
depth4_bal_MAMMAMAA,4,MAMMAMAA,47425,569100,0.9697262793779373,2.273822069168091,2.2013442243848527,0.6331592689295039,0.25718015665796345,0.28392437632844836,1.0,0.0003,1.0,13974.363189697266
depth4_bal_MAMMAMAA,4,MAMMAMAA,47450,569400,0.7815204511086146,2.3220587571461997,2.3401972089494976,0.6889686684073107,0.293733681462141,0.2830294216355297,1.0,0.0003,1.0,13983.691308498383
depth4_bal_MAMMAMAA,4,MAMMAMAA,47475,569700,0.7797130594650904,2.1550713380177817,2.1792426381792342,0.7072454308093995,0.293733681462141,0.28549054704105603,1.0,0.0003,1.0,13991.944078207016
depth4_bal_MAMMAMAA,4,MAMMAMAA,47500,570000,0.8285391728083292,2.340439240137736,2.3164785998208184,0.674934725848564,0.26370757180156656,0.27922586419062534,1.0,0.0003,1.0,14000.445844650269
depth4_bal_MAMMAMAA,4,MAMMAMAA,47525,570300,0.9007635166247686,2.295399268468221,2.2738376344953264,0.6442558746736292,0.2754569190600522,0.274079874706343,1.0,0.0003,1.0,14009.720978498459
depth4_bal_MAMMAMAA,4,MAMMAMAA,47550,570600,0.8152730862299601,2.2223748366038003,2.2695184775761197,0.6889686684073107,0.283289817232376,0.2796733415370847,1.0,0.0003,1.0,14018.09047293663
depth4_bal_MAMMAMAA,4,MAMMAMAA,47575,570900,0.9393044958511988,2.30232572555542,2.256575080326625,0.6325065274151436,0.24804177545691905,0.2536077861058284,1.0,0.0003,1.0,14026.36616230011
depth4_bal_MAMMAMAA,4,MAMMAMAA,47600,571200,0.8476316779851913,2.2703229586283364,2.261758647646223,0.6785248041775457,0.28067885117493474,0.26568967446023045,1.0,0.0003,1.0,14034.550049304962
depth4_bal_MAMMAMAA,4,MAMMAMAA,47625,571500,0.7476207266251246,2.319401582082113,2.3278681414467948,0.7154046997389034,0.3002610966057441,0.2920908379013312,1.0,0.0003,1.0,14042.754153966904
depth4_bal_MAMMAMAA,4,MAMMAMAA,47650,571800,0.8059101104736328,2.250108242034912,2.2297052110944477,0.691579634464752,0.27676240208877284,0.2803445575567737,1.0,0.0003,1.0,14050.949534654617
depth4_bal_MAMMAMAA,4,MAMMAMAA,47675,572100,0.782527764638265,2.3265043099721274,2.2411189896719796,0.70822454308094,0.2754569190600522,0.29555878733639107,1.0,0.0003,1.0,14059.25062584877
depth4_bal_MAMMAMAA,4,MAMMAMAA,47700,572400,0.787521610657374,2.211834112803141,2.2521934236798966,0.6951697127937336,0.2885117493472585,0.2896297124958049,1.0,0.0003,1.0,14067.460637331009
depth4_bal_MAMMAMAA,4,MAMMAMAA,47725,572700,0.8574216763178507,2.098288615544637,2.1700088500976564,0.6599216710182768,0.31070496083550914,0.2923145765745609,1.0,0.0003,1.0,14075.689319372177
depth4_bal_MAMMAMAA,4,MAMMAMAA,47750,573000,0.8681488484144211,2.523261467615763,2.4190308638981413,0.6739556135770235,0.2519582245430809,0.26132677033225193,1.0,0.0003,1.0,14083.392481565475
depth4_bal_MAMMAMAA,4,MAMMAMAA,47775,573300,0.7991619557142258,2.2725607554117837,2.308719110488892,0.6821148825065274,0.29112271540469975,0.26826266920237163,1.0,0.0003,1.0,14092.04480934143
depth4_bal_MAMMAMAA,4,MAMMAMAA,47800,573600,0.8410554478565851,2.2996418476104736,2.2974794183458602,0.6733028720626631,0.2754569190600522,0.2679270611925271,1.0,0.0003,1.0,14099.881762981415
depth4_bal_MAMMAMAA,4,MAMMAMAA,47825,573900,0.7711277157068253,2.361666202545166,2.3486825125558037,0.7026762402088773,0.2506527415143603,0.26434724242085245,1.0,0.0003,1.0,14108.617246866226
depth4_bal_MAMMAMAA,4,MAMMAMAA,47850,574200,0.7771288007497787,2.1410109996795654,2.1278236831937516,0.7026762402088773,0.29765013054830286,0.29410448596039823,1.0,0.0003,1.0,14117.515260696411
depth4_bal_MAMMAMAA,4,MAMMAMAA,47875,574500,0.6638746559619904,2.277497132619222,2.2588169847215926,0.7516318537859008,0.2819843342036554,0.2965656113659246,1.0,0.0003,1.0,14125.698173999786
depth4_bal_MAMMAMAA,4,MAMMAMAA,47900,574800,0.9036332666873932,2.195993105570475,2.2506367342812674,0.6429503916449086,0.30548302872062666,0.28123951224969235,1.0,0.0003,1.0,14133.914107561111
depth4_bal_MAMMAMAA,4,MAMMAMAA,47925,575100,0.7647128452857336,2.3887317975362143,2.3912532329559326,0.7098563968668408,0.2845953002610966,0.28515493903121153,1.0,0.0003,1.0,14142.91769695282
depth4_bal_MAMMAMAA,4,MAMMAMAA,47950,575400,0.776070311665535,2.320850133895874,2.312971190043858,0.7030026109660574,0.2793733681462141,0.29343326994070923,1.0,0.0003,1.0,14150.860144615173
depth4_bal_MAMMAMAA,4,MAMMAMAA,47975,575700,0.8040930430094401,2.285083770751953,2.3368557589394707,0.6912532637075718,0.2924281984334204,0.2658015437968453,1.0,0.0003,1.0,14160.179783582687
depth4_bal_MAMMAMAA,4,MAMMAMAA,48000,576000,0.8203925341367722,2.462093194325765,2.473979091644287,0.6928851174934726,0.2780678851174935,0.2555095648282806,1.0,0.0003,1.0,14168.440707921982
depth4_bal_MAMMAMAA,4,MAMMAMAA,48025,576300,0.7088761230309805,2.254633585611979,2.234421103341239,0.7431462140992167,0.3028720626631854,0.29220270723794606,1.0,0.0003,1.0,14176.912390947342
depth4_bal_MAMMAMAA,4,MAMMAMAA,48050,576600,0.858895962436994,2.383512020111084,2.43521774155753,0.6546997389033943,0.2780678851174935,0.25908938359995526,1.0,0.0003,1.0,14185.21290230751
depth4_bal_MAMMAMAA,4,MAMMAMAA,48075,576900,1.078164627154668,2.2444650332132974,2.2633500371660507,0.5926892950391645,0.2506527415143603,0.2512585300369169,1.0,0.0003,1.0,14193.44103050232
depth4_bal_MAMMAMAA,4,MAMMAMAA,48100,577200,0.7717632800340652,2.272047201792399,2.3064491748809814,0.7043080939947781,0.27676240208877284,0.2853786777044412,1.0,0.0003,1.0,14201.676752328873
depth4_bal_MAMMAMAA,4,MAMMAMAA,48125,577500,0.9405977924664816,2.2635533809661865,2.231599419457572,0.6289164490861618,0.2793733681462141,0.28694484841704887,1.0,0.0003,1.0,14209.992886543274
depth4_bal_MAMMAMAA,4,MAMMAMAA,48150,577800,0.9770950774351755,2.2219916184743247,2.2912961278642925,0.6191253263707572,0.2780678851174935,0.2645709810940821,1.0,0.0003,1.0,14218.213560819626
depth4_bal_MAMMAMAA,4,MAMMAMAA,48175,578100,0.8670639991760254,2.268940051396688,2.3281241961887904,0.6641644908616188,0.2859007832898172,0.26803893052914196,1.0,0.0003,1.0,14225.127657413483
depth4_bal_MAMMAMAA,4,MAMMAMAA,48200,578400,0.8557734588781992,2.4371142387390137,2.4249895232064382,0.6719973890339426,0.2584856396866841,0.25808255957042175,1.0,0.0003,1.0,14229.114154338837
depth4_bal_MAMMAMAA,4,MAMMAMAA,48225,578700,0.9231585015853246,2.125481685002645,2.1220453194209505,0.6439295039164491,0.293733681462141,0.2904127978521087,1.0,0.0003,1.0,14232.303750753403
depth4_bal_MAMMAMAA,4,MAMMAMAA,48250,579000,0.8947635541359583,2.345839341481527,2.3506683553968157,0.6595953002610966,0.283289817232376,0.27161874930081664,1.0,0.0003,1.0,14235.383241653442
depth4_bal_MAMMAMAA,4,MAMMAMAA,48275,579300,0.7497515032688776,2.2569894790649414,2.229027564185006,0.7078981723237598,0.30156657963446476,0.2910840138717977,1.0,0.0003,1.0,14238.481652736664
depth4_bal_MAMMAMAA,4,MAMMAMAA,48300,579600,0.7144982069730759,2.2208008766174316,2.209159653527396,0.733355091383812,0.31070496083550914,0.2969012193757691,1.0,0.0003,1.0,14241.566901683807
depth4_bal_MAMMAMAA,4,MAMMAMAA,48325,579900,0.919331302245458,2.6111274560292563,2.6157862050192695,0.6315274151436031,0.22845953002610966,0.208076966103591,1.0,0.0003,1.0,14244.758044719696
depth4_bal_MAMMAMAA,4,MAMMAMAA,48350,580200,0.8202290385961533,2.3235343297322593,2.386517824445452,0.6778720626631853,0.29112271540469975,0.280120818883544,1.0,0.0003,1.0,14248.006280899048
depth4_bal_MAMMAMAA,4,MAMMAMAA,48375,580500,0.8416809191306432,2.3211820125579834,2.308936262130737,0.6814621409921671,0.27284595300261094,0.2701644479248238,1.0,0.0003,1.0,14256.2640376091
depth4_bal_MAMMAMAA,4,MAMMAMAA,48400,580800,0.740308145682017,2.2743472258249917,2.277131714139666,0.702023498694517,0.29112271540469975,0.2946638326434724,1.0,0.0003,1.0,14264.594078540802
depth4_bal_MAMMAMAA,4,MAMMAMAA,48425,581100,0.8005539079507192,2.184880336125692,2.1883976595742363,0.6912532637075718,0.26370757180156656,0.2904127978521087,1.0,0.0003,1.0,14272.994492769241
depth4_bal_MAMMAMAA,4,MAMMAMAA,48450,581400,0.8814209600289663,2.314268112182617,2.3451285362243652,0.6573107049608355,0.2793733681462141,0.2672558451728381,1.0,0.0003,1.0,14281.500433206558
depth4_bal_MAMMAMAA,4,MAMMAMAA,48475,581700,0.6558606078227361,2.2760411898295083,2.310422154835292,0.7637075718015666,0.3185378590078329,0.2910840138717977,1.0,0.0003,1.0,14290.312572956085
depth4_bal_MAMMAMAA,4,MAMMAMAA,48500,582000,0.8129482964674631,2.538165807723999,2.4802591460091725,0.6886422976501305,0.2558746736292428,0.2655778051236156,1.0,0.0003,1.0,14298.66011929512
depth4_bal_MAMMAMAA,4,MAMMAMAA,48525,582300,0.743598684668541,2.22849170366923,2.282471261705671,0.7150783289817232,0.2989556135770235,0.28985345116903455,1.0,0.0003,1.0,14307.697068929672
depth4_bal_MAMMAMAA,4,MAMMAMAA,48550,582600,0.7760706643263499,2.3346023559570312,2.33472227369036,0.7049608355091384,0.2963446475195822,0.26703210649960846,1.0,0.0003,1.0,14315.874991416931
depth4_bal_MAMMAMAA,4,MAMMAMAA,48575,582900,0.8963471303383509,2.5241737365722656,2.5247155598231723,0.6533942558746736,0.25326370757180156,0.24365141514710817,1.0,0.0003,1.0,14324.124660730362
depth4_bal_MAMMAMAA,4,MAMMAMAA,48600,583200,0.6986134797334671,2.2352302074432373,2.247015619277954,0.7317232375979112,0.30809399477806787,0.301711600850207,1.0,0.0003,1.0,14329.59070801735
depth4_bal_MAMMAMAA,4,MAMMAMAA,48625,583500,1.1809680710236232,2.4835352897644043,2.4647953374045235,0.5714751958224543,0.23759791122715404,0.23872916433605548,1.0,0.0003,1.0,14332.627415895462
depth4_bal_MAMMAMAA,4,MAMMAMAA,48650,583800,0.7030772864818573,2.322287162144979,2.282393605368478,0.7349869451697127,0.29765013054830286,0.2946638326434724,1.0,0.0003,1.0,14335.662598848343
depth4_bal_MAMMAMAA,4,MAMMAMAA,48675,584100,0.8301090101401011,2.244816780090332,2.2241719041551864,0.6785248041775457,0.27154046997389036,0.2816869895961517,1.0,0.0003,1.0,14338.708800315857
depth4_bal_MAMMAMAA,4,MAMMAMAA,48700,584400,0.8376285384098688,2.2160077889760337,2.2627712999071394,0.6641644908616188,0.28067885117493474,0.28056829623000334,1.0,0.0003,1.0,14341.870742321014
depth4_bal_MAMMAMAA,4,MAMMAMAA,48725,584700,0.8055649201075236,2.1792399883270264,2.10316755431039,0.7118146214099217,0.2898172323759791,0.2890703658127307,1.0,0.0003,1.0,14348.46579670906
depth4_bal_MAMMAMAA,4,MAMMAMAA,48750,585000,0.840913454691569,2.390784502029419,2.321922595160348,0.6602480417754569,0.26240208877284593,0.2585300369168811,1.0,0.0003,1.0,14356.443863391876
depth4_bal_MAMMAMAA,4,MAMMAMAA,48775,585300,0.7677543262640635,2.22196634610494,2.2524531773158483,0.7078981723237598,0.29765013054830286,0.27922586419062534,1.0,0.0003,1.0,14362.894550800323
depth4_bal_MAMMAMAA,4,MAMMAMAA,48800,585600,0.7810910592476527,2.2745789686838784,2.2230157784053257,0.7030026109660574,0.2819843342036554,0.276764738785099,1.0,0.0003,1.0,14370.845467090607
depth4_bal_MAMMAMAA,4,MAMMAMAA,48825,585900,0.7861141214768091,2.147935628890991,2.1610958542142598,0.7043080939947781,0.2950391644908616,0.30517955028526683,1.0,0.0003,1.0,14378.7216629982
depth4_bal_MAMMAMAA,4,MAMMAMAA,48850,586200,0.8170487334330877,2.29569935798645,2.3216766834259035,0.6719973890339426,0.28720626631853785,0.2618861170153261,1.0,0.0003,1.0,14386.83977174759
depth4_bal_MAMMAMAA,4,MAMMAMAA,48875,586500,0.8027026355266571,2.508328358332316,2.467154359817505,0.6974543080939948,0.24281984334203655,0.24286832979080433,1.0,0.0003,1.0,14394.125202178955
depth4_bal_MAMMAMAA,4,MAMMAMAA,48900,586800,0.7190581212441126,2.1929331620534263,2.1846110003335135,0.7382506527415144,0.2924281984334204,0.2983555207517619,1.0,0.0003,1.0,14402.00009894371
depth4_bal_MAMMAMAA,4,MAMMAMAA,48925,587100,0.8445590237776438,2.2787655194600425,2.2376135621752056,0.6726501305483029,0.27154046997389036,0.28515493903121153,1.0,0.0003,1.0,14410.265611171722
depth4_bal_MAMMAMAA,4,MAMMAMAA,48950,587400,0.8526891767978668,2.3726539611816406,2.3764476026807513,0.6736292428198434,0.27023498694516973,0.273408658686654,1.0,0.0003,1.0,14418.829803228378
depth4_bal_MAMMAMAA,4,MAMMAMAA,48975,587700,0.8421649287144343,2.249638477961222,2.1598958492279055,0.6785248041775457,0.283289817232376,0.2933214006040944,1.0,0.0003,1.0,14426.920266628265
depth4_bal_MAMMAMAA,4,MAMMAMAA,49000,588000,0.7606828908125559,2.396672328313192,2.29444979258946,0.7121409921671018,0.2689295039164491,0.28694484841704887,1.0,0.0003,1.0,14435.633745193481
depth4_bal_MAMMAMAA,4,MAMMAMAA,49025,588300,0.721263587474823,2.3102401892344155,2.3020881584712436,0.7265013054830287,0.28067885117493474,0.2880635417831972,1.0,0.0003,1.0,14443.220787525177
depth4_bal_MAMMAMAA,4,MAMMAMAA,49050,588600,0.6737872362136841,2.2386439641316733,2.23342148235866,0.764686684073107,0.30156657963446476,0.29813178207853225,1.0,0.0003,1.0,14451.431333780289
depth4_bal_MAMMAMAA,4,MAMMAMAA,49075,588900,0.7296937257051468,2.506526311238607,2.464561823436192,0.7199738903394256,0.2584856396866841,0.2647947197673118,1.0,0.0003,1.0,14459.429500341415
depth4_bal_MAMMAMAA,4,MAMMAMAA,49100,589200,0.7122671653827032,2.3664538860321045,2.4563986710139685,0.7265013054830287,0.27676240208877284,0.276764738785099,1.0,0.0003,1.0,14467.634006738663
depth4_bal_MAMMAMAA,4,MAMMAMAA,49125,589500,0.8167031606038412,2.498622020085653,2.4778860296521867,0.6814621409921671,0.27023498694516973,0.2548383488085916,1.0,0.0003,1.0,14475.825889825821
depth4_bal_MAMMAMAA,4,MAMMAMAA,49150,589800,0.7376369188229243,2.424714962641398,2.355253519330706,0.7131201044386423,0.2859007832898172,0.28023268822015884,1.0,0.0003,1.0,14484.136140346527
depth4_bal_MAMMAMAA,4,MAMMAMAA,49175,590100,0.8686759968598684,2.3796136379241943,2.3526414598737446,0.6674281984334204,0.25718015665796345,0.26334041839131894,1.0,0.0003,1.0,14492.356276512146
depth4_bal_MAMMAMAA,4,MAMMAMAA,49200,590400,0.8147979229688644,2.4858526388804116,2.4353995527539936,0.6857049608355091,0.25718015665796345,0.2717306186374315,1.0,0.0003,1.0,14500.583335638046
depth4_bal_MAMMAMAA,4,MAMMAMAA,49225,590700,0.798316573103269,2.2974602381388345,2.256451395579747,0.6925587467362925,0.2754569190600522,0.28224633627922585,1.0,0.0003,1.0,14508.803464889526
depth4_bal_MAMMAMAA,4,MAMMAMAA,49250,591000,0.8164672801891962,2.28421680132548,2.2866427080971854,0.6860313315926893,0.29765013054830286,0.28224633627922585,1.0,0.0003,1.0,14517.103709936142
depth4_bal_MAMMAMAA,4,MAMMAMAA,49275,591300,0.8515525907278061,2.374530871709188,2.3690682343074254,0.6765665796344648,0.28067885117493474,0.27027631726143864,1.0,0.0003,1.0,14525.377340555191
depth4_bal_MAMMAMAA,4,MAMMAMAA,49300,591600,0.6994235267241796,2.292553981145223,2.3421783719744003,0.7366187989556136,0.31070496083550914,0.29388074728716856,1.0,0.0003,1.0,14533.630827665329
depth4_bal_MAMMAMAA,4,MAMMAMAA,49325,591900,0.8001534193754196,2.2441817919413247,2.2694535391671318,0.6876631853785901,0.2819843342036554,0.28090390423984785,1.0,0.0003,1.0,14541.6038980484
depth4_bal_MAMMAMAA,4,MAMMAMAA,49350,592200,0.9336115171511968,2.4914419651031494,2.482584946496146,0.6328328981723238,0.2584856396866841,0.25271283141290973,1.0,0.0003,1.0,14544.878132104874
depth4_bal_MAMMAMAA,4,MAMMAMAA,49375,592500,0.7650302052497864,2.4037257035573325,2.3260273933410645,0.70822454308094,0.28067885117493474,0.278107170824477,1.0,0.0003,1.0,14548.208821296692
depth4_bal_MAMMAMAA,4,MAMMAMAA,49400,592800,0.7777503331502279,2.433587153752645,2.441761541366577,0.6912532637075718,0.2819843342036554,0.274079874706343,1.0,0.0003,1.0,14554.978648424149
depth4_bal_MAMMAMAA,4,MAMMAMAA,49425,593100,0.7348351975282034,2.3129223187764487,2.379725626536778,0.7154046997389034,0.29112271540469975,0.2844837230115225,1.0,0.0003,1.0,14562.889481782913
depth4_bal_MAMMAMAA,4,MAMMAMAA,49450,593400,0.7356711278359095,2.1628151734670005,2.189869362967355,0.712467362924282,0.3093994778067885,0.3024946862065108,1.0,0.0003,1.0,14571.164731025696
depth4_bal_MAMMAMAA,4,MAMMAMAA,49475,593700,0.6956504732370377,2.1991347471872964,2.210564988000052,0.7473890339425587,0.3002610966057441,0.308423761047097,1.0,0.0003,1.0,14579.396058797836
depth4_bal_MAMMAMAA,4,MAMMAMAA,49500,594000,0.7892536669969559,2.3018492062886557,2.3136556489127025,0.7039817232375979,0.27023498694516973,0.2638997650743931,1.0,0.0003,1.0,14587.583056688309
depth4_bal_MAMMAMAA,4,MAMMAMAA,49525,594300,0.6526434024175009,2.2642507553100586,2.2797955785478865,0.7591383812010444,0.2989556135770235,0.2946638326434724,1.0,0.0003,1.0,14595.76639008522
depth4_bal_MAMMAMAA,4,MAMMAMAA,49550,594600,0.8079500595728556,2.2660249869028726,2.2230556624276296,0.679177545691906,0.2898172323759791,0.2880635417831972,1.0,0.0003,1.0,14604.35689663887
depth4_bal_MAMMAMAA,4,MAMMAMAA,49575,594900,0.9153968294461569,2.2343695163726807,2.2486070156097413,0.6432767624020888,0.29112271540469975,0.2711712719543573,1.0,0.0003,1.0,14613.596752166748
depth4_bal_MAMMAMAA,4,MAMMAMAA,49600,595200,0.7506397465864817,2.4142916202545166,2.3488108771187917,0.7111618798955613,0.2780678851174935,0.2824700749524555,1.0,0.0003,1.0,14622.227463006973
depth4_bal_MAMMAMAA,4,MAMMAMAA,49625,595500,1.077269896864891,2.455375909805298,2.3303834302084785,0.5669060052219321,0.2349869451697128,0.23884103367267032,1.0,0.0003,1.0,14630.587694644928
depth4_bal_MAMMAMAA,4,MAMMAMAA,49650,595800,0.7150953759749731,2.3949389457702637,2.3427343096051896,0.7284595300261096,0.3028720626631854,0.2896297124958049,1.0,0.0003,1.0,14639.66502571106
depth4_bal_MAMMAMAA,4,MAMMAMAA,49675,596100,0.7541468491156896,2.3376824061075845,2.3674443926130024,0.7101827676240209,0.2780678851174935,0.2797852108736995,1.0,0.0003,1.0,14649.197197198868
depth4_bal_MAMMAMAA,4,MAMMAMAA,49700,596400,0.6983203341563543,2.3648695945739746,2.348488003867013,0.7477154046997389,0.2859007832898172,0.2933214006040944,1.0,0.0003,1.0,14658.440044641495
depth4_bal_MAMMAMAA,4,MAMMAMAA,49725,596700,0.7620735764503479,2.449467500050863,2.366462244306292,0.7013707571801566,0.2780678851174935,0.278107170824477,1.0,0.0003,1.0,14667.77360033989
depth4_bal_MAMMAMAA,4,MAMMAMAA,49750,597000,0.7734237611293793,2.5780465602874756,2.5010763577052524,0.7023498694516971,0.2584856396866841,0.2552858261550509,1.0,0.0003,1.0,14677.021387577057
depth4_bal_MAMMAMAA,4,MAMMAMAA,49775,597300,0.6979847500721613,2.2788374423980713,2.307570334843227,0.7362924281984334,0.3002610966057441,0.28392437632844836,1.0,0.0003,1.0,14685.996907711029
depth4_bal_MAMMAMAA,4,MAMMAMAA,49800,597600,0.7822890182336172,2.358475605646769,2.3109777654920305,0.6994125326370757,0.3002610966057441,0.27799530148786217,1.0,0.0003,1.0,14694.834334135056
depth4_bal_MAMMAMAA,4,MAMMAMAA,49825,597900,0.7268653512001038,2.2187880674997964,2.218397494724819,0.7395561357702349,0.2819843342036554,0.2813513815863072,1.0,0.0003,1.0,14702.775930404663
depth4_bal_MAMMAMAA,4,MAMMAMAA,49850,598200,0.8883598695198694,2.238592545191447,2.2251696382250103,0.6710182767624021,0.2584856396866841,0.2654659357870008,1.0,0.0003,1.0,14710.901908874512
depth4_bal_MAMMAMAA,4,MAMMAMAA,49875,598500,0.8139379968245825,2.6050681273142495,2.5730579035622734,0.6798302872062664,0.22193211488250653,0.239735988365589,1.0,0.0003,1.0,14718.10315489769
depth4_bal_MAMMAMAA,4,MAMMAMAA,49900,598800,0.8351160089174906,2.3074150880177817,2.30896395274571,0.6804830287206266,0.2780678851174935,0.27598165342879516,1.0,0.0003,1.0,14726.389226198196
depth4_bal_MAMMAMAA,4,MAMMAMAA,49925,599100,0.7364403555790583,2.3410869439442954,2.3343541281563893,0.7258485639686684,0.27023498694516973,0.27094753328112764,1.0,0.0003,1.0,14734.488185167313
depth4_bal_MAMMAMAA,4,MAMMAMAA,49950,599400,0.9218143820762634,2.375574827194214,2.3992443902151925,0.6462140992167101,0.2689295039164491,0.2548383488085916,1.0,0.0003,1.0,14740.930624961853
depth4_bal_MAMMAMAA,4,MAMMAMAA,49975,599700,0.7740464558204015,2.2010995546976724,2.2000855037144254,0.7088772845953003,0.2989556135770235,0.2910840138717977,1.0,0.0003,1.0,14744.986375570297
depth4_bal_MAMMAMAA,4,MAMMAMAA,50000,600000,0.8172356436649958,2.368091901143392,2.4024427141462055,0.6889686684073107,0.27284595300261094,0.2708356639445128,1.0,0.0003,1.0,14753.519209623337
