run_id,depth,schedule,epoch,step,train_loss,val_loss,test_loss,train_acc,val_acc,test_acc,best_val_acc_so_far,learning_rate,weight_decay,elapsed_time_seconds
depth4_bal_MAMAMAMA,4,MAMAMAMA,1,12,4.737632393836975,4.7457685470581055,4.737872736794608,0.007506527415143603,0.009138381201044387,0.008502069582727374,0.009138381201044387,0.0003,1.0,0.7251195907592773
depth4_bal_MAMAMAMA,4,MAMAMAMA,25,300,4.11779789129893,5.683337529500325,5.6999924387250624,0.0731070496083551,0.0,0.0027967334153708467,0.009138381201044387,0.0003,1.0,8.714349269866943
depth4_bal_MAMAMAMA,4,MAMAMAMA,50,600,2.690009077390035,8.1246976852417,8.05253517968314,0.3031984334203655,0.0013054830287206266,0.0038035574449043516,0.009138381201044387,0.0003,1.0,16.930107593536377
depth4_bal_MAMAMAMA,4,MAMAMAMA,75,900,1.6681970655918121,10.235328356424967,10.16425827571324,0.5466710182767625,0.0026109660574412533,0.004362904127978521,0.009138381201044387,0.0003,1.0,24.921587228775024
depth4_bal_MAMAMAMA,4,MAMAMAMA,100,1200,1.1067974666754405,11.217277526855469,11.272785023280553,0.710509138381201,0.006527415143603133,0.005929074840586196,0.009138381201044387,0.0003,1.0,33.35404968261719
depth4_bal_MAMAMAMA,4,MAMAMAMA,125,1500,0.6305920481681824,12.460649172465006,12.452420316423689,0.8746736292428199,0.006527415143603133,0.006152813513815863,0.009138381201044387,0.0003,1.0,41.33322811126709
depth4_bal_MAMAMAMA,4,MAMAMAMA,150,1800,0.37008868157863617,13.047536849975586,13.021831021990096,0.952023498694517,0.0013054830287206266,0.0069358988701197005,0.009138381201044387,0.0003,1.0,48.991236448287964
depth4_bal_MAMAMAMA,4,MAMAMAMA,175,2100,0.49019252012173337,11.994138717651367,12.068825667245047,0.924934725848564,0.007832898172323759,0.007830853563038372,0.009138381201044387,0.0003,1.0,56.91861391067505
depth4_bal_MAMAMAMA,4,MAMAMAMA,200,2400,0.30482696865995723,13.093046506245932,13.28299424307687,0.9530026109660574,0.0039164490861618795,0.007495245553193869,0.009138381201044387,0.0003,1.0,64.48607301712036
depth4_bal_MAMAMAMA,4,MAMAMAMA,225,2700,0.46456170082092285,13.16772715250651,13.254335621425083,0.9033942558746736,0.006527415143603133,0.008837677592571876,0.009138381201044387,0.0003,1.0,72.82494020462036
depth4_bal_MAMAMAMA,4,MAMAMAMA,250,3000,0.24127614001433054,12.605632781982422,12.714706584385462,0.9758485639686684,0.006527415143603133,0.01040384830517955,0.009138381201044387,0.0003,1.0,81.15911602973938
depth4_bal_MAMAMAMA,4,MAMAMAMA,275,3300,0.8667248139778773,11.23981793721517,11.369682094029018,0.7591383812010444,0.01174934725848564,0.00950889361226088,0.01174934725848564,0.0003,1.0,89.5434889793396
depth4_bal_MAMAMAMA,4,MAMAMAMA,300,3600,0.26776835198203724,13.145475069681803,13.144531658717565,0.9578981723237598,0.010443864229765013,0.009173285602416377,0.01174934725848564,0.0003,1.0,97.96701526641846
depth4_bal_MAMAMAMA,4,MAMAMAMA,325,3900,0.33521412312984467,13.451701482137045,13.259953771318708,0.9337467362924282,0.009138381201044387,0.011186933661483387,0.01174934725848564,0.0003,1.0,105.95299363136292
depth4_bal_MAMAMAMA,4,MAMAMAMA,350,4200,0.2365321988860766,13.064278284708658,12.897057424272809,0.9650783289817232,0.010443864229765013,0.011186933661483387,0.01174934725848564,0.0003,1.0,114.46499061584473
depth4_bal_MAMAMAMA,4,MAMAMAMA,375,4500,1.0431612382332485,10.991076787312826,10.927228001185826,0.7196475195822454,0.013054830287206266,0.011970019017787225,0.013054830287206266,0.0003,1.0,123.6757276058197
depth4_bal_MAMAMAMA,4,MAMAMAMA,400,4800,0.208162489036719,12.281214078267416,12.215247917175294,0.9784595300261096,0.013054830287206266,0.014207405750083902,0.013054830287206266,0.0003,1.0,132.13518166542053
depth4_bal_MAMAMAMA,4,MAMAMAMA,425,5100,0.19174838562806448,12.664910952250162,12.525849396841867,0.9774804177545692,0.010443864229765013,0.013983667076854235,0.013054830287206266,0.0003,1.0,141.27915501594543
depth4_bal_MAMAMAMA,4,MAMAMAMA,450,5400,0.07038430621226628,12.312638282775879,12.184260858808244,0.9996736292428199,0.01174934725848564,0.014654883096543237,0.013054830287206266,0.0003,1.0,150.54295086860657
depth4_bal_MAMAMAMA,4,MAMAMAMA,475,5700,0.70101531346639,12.269934018452963,12.286713082449777,0.8097258485639687,0.01174934725848564,0.013536189730394898,0.013054830287206266,0.0003,1.0,158.39421606063843
depth4_bal_MAMAMAMA,4,MAMAMAMA,500,6000,0.17620893691976866,12.687827428181967,12.531334114074706,0.9771540469973891,0.014360313315926894,0.014095536413469069,0.014360313315926894,0.0003,1.0,165.70669031143188
depth4_bal_MAMAMAMA,4,MAMAMAMA,525,6300,0.10804650870462258,12.283198356628418,11.995381028311593,0.9944516971279374,0.01174934725848564,0.018905917887906926,0.014360313315926894,0.0003,1.0,176.14395952224731
depth4_bal_MAMAMAMA,4,MAMAMAMA,550,6600,0.15319023467600346,12.71045176188151,12.491418729509626,0.9823759791122716,0.016971279373368148,0.018905917887906926,0.016971279373368148,0.0003,1.0,184.61369633674622
depth4_bal_MAMAMAMA,4,MAMAMAMA,575,6900,0.15431757271289825,12.757142702738443,12.663943099975587,0.9800913838120104,0.020887728459530026,0.0204720886005146,0.020887728459530026,0.0003,1.0,193.57983016967773
depth4_bal_MAMAMAMA,4,MAMAMAMA,600,7200,0.04378731610874335,11.949896176656088,11.700915309361049,1.0,0.020887728459530026,0.023156952679270613,0.020887728459530026,0.0003,1.0,203.063494682312
depth4_bal_MAMAMAMA,4,MAMAMAMA,625,7500,0.05084274771312872,11.567980766296387,11.34753507886614,0.9996736292428199,0.022193211488250653,0.025841816758026624,0.022193211488250653,0.0003,1.0,211.19021654129028
depth4_bal_MAMAMAMA,4,MAMAMAMA,650,7800,0.8124461869398752,11.491642634073893,11.341890144348145,0.7669712793733682,0.0195822454308094,0.018682179214677255,0.022193211488250653,0.0003,1.0,220.09311246871948
depth4_bal_MAMAMAMA,4,MAMAMAMA,675,8100,0.09258040351172288,12.307269732157389,12.1278046471732,0.9928198433420365,0.0195822454308094,0.023828168698959616,0.022193211488250653,0.0003,1.0,227.57509851455688
depth4_bal_MAMAMAMA,4,MAMAMAMA,700,8400,0.42487233877182007,11.374190330505371,11.245608738490514,0.8890339425587467,0.020887728459530026,0.025953686094641458,0.022193211488250653,0.0003,1.0,232.17571806907654
depth4_bal_MAMAMAMA,4,MAMAMAMA,725,8700,0.04038826314111551,10.859342575073242,10.685653904506138,1.0,0.028720626631853787,0.02919789685647164,0.028720626631853787,0.0003,1.0,235.26949453353882
depth4_bal_MAMAMAMA,4,MAMAMAMA,750,9000,0.0457915977264444,10.678405125935873,10.477980450221471,1.0,0.02610966057441253,0.029533504866316142,0.028720626631853787,0.0003,1.0,239.5292398929596
depth4_bal_MAMAMAMA,4,MAMAMAMA,775,9300,0.11411553497115771,11.153559366861979,10.975238282339914,0.9882506527415144,0.031331592689295036,0.030764067569079314,0.031331592689295036,0.0003,1.0,244.9280812740326
depth4_bal_MAMAMAMA,4,MAMAMAMA,800,9600,0.059717327977220215,11.11531925201416,10.990301595415389,0.9970626631853786,0.033942558746736295,0.036916881082895175,0.033942558746736295,0.0003,1.0,249.91167187690735
depth4_bal_MAMAMAMA,4,MAMAMAMA,825,9900,0.04074197914451361,10.130276679992676,10.042694446018764,1.0,0.03655352480417755,0.038483051795502855,0.03655352480417755,0.0003,1.0,259.79224610328674
depth4_bal_MAMAMAMA,4,MAMAMAMA,850,10200,0.16586629984279475,10.947197278340658,10.957803453717913,0.972911227154047,0.0391644908616188,0.03233023828168699,0.0391644908616188,0.0003,1.0,269.92164278030396
depth4_bal_MAMAMAMA,4,MAMAMAMA,875,10500,0.03406538845350345,9.922128041585287,9.835913985116141,1.0,0.037859007832898174,0.04899876943729724,0.0391644908616188,0.0003,1.0,280.2770748138428
depth4_bal_MAMAMAMA,4,MAMAMAMA,900,10800,0.04003512021154165,9.341906547546387,9.276052284240723,0.9996736292428199,0.03655352480417755,0.052802326882201586,0.0391644908616188,0.0003,1.0,289.6584074497223
depth4_bal_MAMAMAMA,4,MAMAMAMA,925,11100,0.1080132679392894,8.91673469543457,8.935088920593262,0.9859660574412533,0.06266318537859007,0.06779281798858933,0.06266318537859007,0.0003,1.0,297.7540445327759
depth4_bal_MAMAMAMA,4,MAMAMAMA,950,11400,0.07236633201440175,8.384296099344889,8.360232039860316,0.9951044386422977,0.0731070496083551,0.07472871685870902,0.0731070496083551,0.0003,1.0,308.2210838794708
depth4_bal_MAMAMAMA,4,MAMAMAMA,975,11700,0.034436336097617946,7.233016014099121,7.186609513419015,1.0,0.08616187989556136,0.08401387179774024,0.08616187989556136,0.0003,1.0,317.37402415275574
depth4_bal_MAMAMAMA,4,MAMAMAMA,1000,12000,0.23184159398078918,7.421153545379639,7.29035553250994,0.9373368146214099,0.09921671018276762,0.0967669761718313,0.09921671018276762,0.0003,1.0,326.7063539028168
depth4_bal_MAMAMAMA,4,MAMAMAMA,1025,12300,0.02822752809152007,6.006746927897136,5.800937938690185,1.0,0.1227154046997389,0.13446694261103032,0.1227154046997389,0.0003,1.0,333.31745958328247
depth4_bal_MAMAMAMA,4,MAMAMAMA,1050,12600,0.030208120588213205,5.410300413767497,5.288553823743547,1.0,0.13838120104438642,0.1544915538650856,0.13838120104438642,0.0003,1.0,342.5300476551056
depth4_bal_MAMAMAMA,4,MAMAMAMA,1075,12900,0.04514415469020605,5.097821871439616,4.914885725293841,0.9970626631853786,0.17493472584856398,0.18078084796957153,0.17493472584856398,0.0003,1.0,351.7801671028137
depth4_bal_MAMAMAMA,4,MAMAMAMA,1100,13200,0.018485132915278275,4.104984760284424,3.987753459385463,1.0,0.2193211488250653,0.23324756684192863,0.2193211488250653,0.0003,1.0,361.1288528442383
depth4_bal_MAMAMAMA,4,MAMAMAMA,1125,13500,0.04211729423453411,2.225698391596476,2.1525367873055594,0.9990208877284595,0.42036553524804177,0.4407651862624455,0.42036553524804177,0.0003,1.0,369.5015904903412
depth4_bal_MAMAMAMA,4,MAMAMAMA,1150,13800,0.04724825406447053,1.748360276222229,1.6829259565898351,0.9951044386422977,0.5091383812010444,0.5182906365365253,0.5091383812010444,0.0003,1.0,377.8526704311371
depth4_bal_MAMAMAMA,4,MAMAMAMA,1175,14100,0.014076880955447754,0.8388801217079163,0.7970019340515136,1.0,0.7323759791122716,0.7444904351717194,0.7323759791122716,0.0003,1.0,386.13242411613464
depth4_bal_MAMAMAMA,4,MAMAMAMA,1200,14400,0.011778897295395533,0.48448718587557477,0.46410328490393504,1.0,0.8485639686684073,0.853227430361338,0.8485639686684073,0.0003,1.0,394.8749096393585
depth4_bal_MAMAMAMA,4,MAMAMAMA,1225,14700,0.02217918603370587,0.1777132252852122,0.17851905290569578,0.9993472584856397,0.9634464751958225,0.9494350598500951,0.9634464751958225,0.0003,1.0,403.39974999427795
depth4_bal_MAMAMAMA,4,MAMAMAMA,1250,15000,0.008767636182407538,0.09986145794391632,0.09354355441672461,1.0,0.9856396866840731,0.9827721221613156,0.9856396866840731,0.0003,1.0,411.7128689289093
depth4_bal_MAMAMAMA,4,MAMAMAMA,1275,15300,0.0073021787296359735,0.07208726058403651,0.06695604036961283,1.0,0.9830287206266318,0.989260543684976,0.9856396866840731,0.0003,1.0,419.80571389198303
depth4_bal_MAMAMAMA,4,MAMAMAMA,1300,15600,0.005921836864824097,0.051093317568302155,0.04789721891283989,1.0,0.9934725848563969,0.993959055822799,0.9934725848563969,0.0003,1.0,428.11108803749084
depth4_bal_MAMAMAMA,4,MAMAMAMA,1325,15900,0.004811990424059331,0.037446568409601845,0.033342856700931275,1.0,0.9947780678851175,0.9964201812283253,0.9947780678851175,0.0003,1.0,436.8282861709595
depth4_bal_MAMAMAMA,4,MAMAMAMA,1350,16200,0.0039462494508673744,0.02844874933362007,0.024578717563833508,1.0,0.9960835509138382,0.9977626132677033,0.9960835509138382,0.0003,1.0,445.4583246707916
depth4_bal_MAMAMAMA,4,MAMAMAMA,1375,16500,0.003271973012791326,0.02113947520653407,0.018389542321009294,1.0,0.9973890339425587,0.9980982212775478,0.9973890339425587,0.0003,1.0,453.1120584011078
depth4_bal_MAMAMAMA,4,MAMAMAMA,1400,16800,0.002671538502909243,0.015145781449973583,0.012733402103185654,1.0,0.9973890339425587,0.9994406533169258,0.9973890339425587,0.0003,1.0,460.79180002212524
depth4_bal_MAMAMAMA,4,MAMAMAMA,1425,17100,0.002235243892452369,0.011514516547322273,0.009592357304479394,1.0,0.9973890339425587,0.9995525226535407,0.9973890339425587,0.0003,1.0,469.3113601207733
depth4_bal_MAMAMAMA,4,MAMAMAMA,1450,17400,0.0018139595922548324,0.00679203433295091,0.0067052851031933515,1.0,1.0,0.9997762613267703,1.0,0.0003,1.0,477.4196529388428
depth4_bal_MAMAMAMA,4,MAMAMAMA,1475,17700,0.0015033078476941835,0.004787599978347619,0.004747130109795502,1.0,1.0,1.0,1.0,0.0003,1.0,483.04689836502075
depth4_bal_MAMAMAMA,4,MAMAMAMA,1500,18000,0.0012597346600765984,0.003630758263170719,0.0035737752714859587,1.0,1.0,1.0,1.0,0.0003,1.0,490.56626439094543
depth4_bal_MAMAMAMA,4,MAMAMAMA,1525,18300,0.0010537364093276362,0.002704428198436896,0.0026719749572553806,1.0,1.0,1.0,1.0,0.0003,1.0,499.0152077674866
depth4_bal_MAMAMAMA,4,MAMAMAMA,1550,18600,0.0008727402309887111,0.0020959379617124796,0.0021633122116327284,1.0,1.0,1.0,1.0,0.0003,1.0,507.48121309280396
depth4_bal_MAMAMAMA,4,MAMAMAMA,1575,18900,0.0007341235129085059,0.0017026361698905628,0.0017143418214150838,1.0,1.0,1.0,1.0,0.0003,1.0,515.9839153289795
depth4_bal_MAMAMAMA,4,MAMAMAMA,1600,19200,0.0006209171551745385,0.001398188838114341,0.0014251812228134701,1.0,1.0,1.0,1.0,0.0003,1.0,524.925984621048
depth4_bal_MAMAMAMA,4,MAMAMAMA,1625,19500,0.0005189765167112151,0.001145620713941753,0.0011872087688451366,1.0,1.0,1.0,1.0,0.0003,1.0,533.7331528663635
depth4_bal_MAMAMAMA,4,MAMAMAMA,1650,19800,0.00043840171323002625,0.0009404737308310965,0.0009690888192770737,1.0,1.0,1.0,1.0,0.0003,1.0,541.8323526382446
depth4_bal_MAMAMAMA,4,MAMAMAMA,1675,20100,0.00036870120917834964,0.0007877017681797346,0.0008204006905933576,1.0,1.0,1.0,1.0,0.0003,1.0,550.2251088619232
depth4_bal_MAMAMAMA,4,MAMAMAMA,1700,20400,0.00030917814243972924,0.0006867373206963142,0.0007109535309219999,1.0,1.0,1.0,1.0,0.0003,1.0,558.2036514282227
depth4_bal_MAMAMAMA,4,MAMAMAMA,1725,20700,0.0002612030827246296,0.0005831594268480936,0.0005886166822165251,1.0,1.0,1.0,1.0,0.0003,1.0,566.3148527145386
depth4_bal_MAMAMAMA,4,MAMAMAMA,1750,21000,0.00022208024044327127,0.0004952587769366801,0.0005003345107460128,1.0,1.0,1.0,1.0,0.0003,1.0,574.7046744823456
depth4_bal_MAMAMAMA,4,MAMAMAMA,1775,21300,0.00018584858965671933,0.0004285421746317297,0.00043394775129854677,1.0,1.0,1.0,1.0,0.0003,1.0,582.917519569397
depth4_bal_MAMAMAMA,4,MAMAMAMA,1800,21600,0.0001575760531219809,0.00034497005011265475,0.0003586973371316812,1.0,1.0,1.0,1.0,0.0003,1.0,591.6862511634827
depth4_bal_MAMAMAMA,4,MAMAMAMA,1825,21900,0.00013480207780958153,0.00030014484461086494,0.00030984279583208264,1.0,1.0,1.0,1.0,0.0003,1.0,599.930742263794
depth4_bal_MAMAMAMA,4,MAMAMAMA,1850,22200,0.00011291814613893318,0.0002593124275639032,0.00026693248198301133,1.0,1.0,1.0,1.0,0.0003,1.0,606.7823293209076
depth4_bal_MAMAMAMA,4,MAMAMAMA,1875,22500,9.579847574059386e-05,0.00021368309292787066,0.00022292040479702076,1.0,1.0,1.0,1.0,0.0003,1.0,614.800404548645
depth4_bal_MAMAMAMA,4,MAMAMAMA,1900,22800,8.135391120352627e-05,0.00019099071990543356,0.00018797605672651635,1.0,1.0,1.0,1.0,0.0003,1.0,622.5119459629059
depth4_bal_MAMAMAMA,4,MAMAMAMA,1925,23100,6.815172431136791e-05,0.00016780366422608495,0.00017326544454720404,1.0,1.0,1.0,1.0,0.0003,1.0,630.6420164108276
depth4_bal_MAMAMAMA,4,MAMAMAMA,1950,23400,5.823014574464954e-05,0.00014394923588649058,0.00014934003972614715,1.0,1.0,1.0,1.0,0.0003,1.0,638.8005249500275
depth4_bal_MAMAMAMA,4,MAMAMAMA,1975,23700,4.9245630786269125e-05,0.00011629366781562567,0.00012370585359998846,1.0,1.0,1.0,1.0,0.0003,1.0,645.3386468887329
depth4_bal_MAMAMAMA,4,MAMAMAMA,2000,24000,4.2074284465343226e-05,9.864571863242115e-05,0.00010354865371482447,1.0,1.0,1.0,1.0,0.0003,1.0,652.4543781280518
depth4_bal_MAMAMAMA,4,MAMAMAMA,2025,24300,3.53882684673105e-05,8.607021785185982e-05,9.296738862758502e-05,1.0,1.0,1.0,1.0,0.0003,1.0,660.3273112773895
depth4_bal_MAMAMAMA,4,MAMAMAMA,2050,24600,3.0376329353506055e-05,7.150739353771011e-05,7.730607997343343e-05,1.0,1.0,1.0,1.0,0.0003,1.0,663.4253392219543
depth4_bal_MAMAMAMA,4,MAMAMAMA,2075,24900,2.5894400247731635e-05,6.258852833222288e-05,6.599654693023435e-05,1.0,1.0,1.0,1.0,0.0003,1.0,670.394980430603
depth4_bal_MAMAMAMA,4,MAMAMAMA,2100,25200,2.1862746355812607e-05,5.335622336133383e-05,6.153035834099033e-05,1.0,1.0,1.0,1.0,0.0003,1.0,676.5342824459076
depth4_bal_MAMAMAMA,4,MAMAMAMA,2125,25500,1.8221374830318382e-05,4.448500355162347e-05,4.887511386186816e-05,1.0,1.0,1.0,1.0,0.0003,1.0,679.6196582317352
depth4_bal_MAMAMAMA,4,MAMAMAMA,2150,25800,1.569960924522699e-05,3.77286802783298e-05,4.329598850745242e-05,1.0,1.0,1.0,1.0,0.0003,1.0,682.7239134311676
depth4_bal_MAMAMAMA,4,MAMAMAMA,2175,26100,1.3249974548064833e-05,3.3308369287018046e-05,3.895526861015241e-05,1.0,1.0,1.0,1.0,0.0003,1.0,687.8902065753937
depth4_bal_MAMAMAMA,4,MAMAMAMA,2200,26400,1.1132690588055993e-05,2.844128054372656e-05,3.1653825135435906e-05,1.0,1.0,1.0,1.0,0.0003,1.0,695.94446849823
depth4_bal_MAMAMAMA,4,MAMAMAMA,2225,26700,9.695861535874428e-06,2.4142240363289602e-05,2.7883674660448117e-05,1.0,1.0,1.0,1.0,0.0003,1.0,704.1138069629669
depth4_bal_MAMAMAMA,4,MAMAMAMA,2250,27000,8.196910206000515e-06,2.1241960591093328e-05,2.3851864534663035e-05,1.0,1.0,1.0,1.0,0.0003,1.0,712.4062044620514
depth4_bal_MAMAMAMA,4,MAMAMAMA,2275,27300,6.870734447754027e-06,1.7482880139141344e-05,2.0085711340860664e-05,1.0,1.0,1.0,1.0,0.0003,1.0,719.358341217041
depth4_bal_MAMAMAMA,4,MAMAMAMA,2300,27600,5.997441386777306e-06,1.4650296786082132e-05,1.7182283331099565e-05,1.0,1.0,1.0,1.0,0.0003,1.0,727.3870611190796
depth4_bal_MAMAMAMA,4,MAMAMAMA,2325,27900,5.147072367132448e-06,1.4040101026087845e-05,1.6100336428540427e-05,1.0,1.0,1.0,1.0,0.0003,1.0,734.8567087650299
depth4_bal_MAMAMAMA,4,MAMAMAMA,2350,28200,4.4951597146791755e-06,1.2345813956926577e-05,1.5287414992469297e-05,1.0,1.0,1.0,1.0,0.0003,1.0,742.7376663684845
depth4_bal_MAMAMAMA,4,MAMAMAMA,2375,28500,3.62822155845303e-06,9.426225005881861e-06,1.1246729965413189e-05,1.0,1.0,1.0,1.0,0.0003,1.0,750.9664552211761
depth4_bal_MAMAMAMA,4,MAMAMAMA,2400,28800,3.199162942261561e-06,8.088554750429466e-06,9.203831281670967e-06,1.0,1.0,1.0,1.0,0.0003,1.0,758.949333190918
depth4_bal_MAMAMAMA,4,MAMAMAMA,2425,29100,0.31580675890048343,0.40407318870226544,0.38380364775657655,0.9546344647519582,0.8981723237597912,0.9141962188164224,1.0,0.0003,1.0,766.667023897171
depth4_bal_MAMAMAMA,4,MAMAMAMA,2450,29400,0.026868497487157583,0.07835309207439423,0.06433956782732692,1.0,0.9895561357702349,0.9944065331692583,1.0,0.0003,1.0,771.52108335495
depth4_bal_MAMAMAMA,4,MAMAMAMA,2475,29700,0.01956668666874369,0.046699183682600655,0.04519716980201857,1.0,0.9960835509138382,0.9972032665846291,1.0,0.0003,1.0,774.5869035720825
depth4_bal_MAMAMAMA,4,MAMAMAMA,2500,30000,0.015294411374876896,0.039344090347488724,0.03671324183898313,1.0,0.9960835509138382,0.997986351940933,1.0,0.0003,1.0,777.6526916027069
depth4_bal_MAMAMAMA,4,MAMAMAMA,2525,30300,0.011903295681501428,0.031489200269182525,0.02985814751258918,1.0,0.9973890339425587,0.997986351940933,1.0,0.0003,1.0,780.7869734764099
depth4_bal_MAMAMAMA,4,MAMAMAMA,2550,30600,0.009441406698897481,0.023283677796522777,0.02513354399374553,1.0,1.0,0.9978744826043181,1.0,0.0003,1.0,783.9577867984772
depth4_bal_MAMAMAMA,4,MAMAMAMA,2575,30900,0.007404832014193137,0.01996456893781821,0.021903506240674428,1.0,0.9986945169712794,0.9984338292873923,1.0,0.0003,1.0,787.0290310382843
depth4_bal_MAMAMAMA,4,MAMAMAMA,2600,31200,0.006006813646915059,0.015346008042494455,0.01876078812139375,1.0,1.0,0.9978744826043181,1.0,0.0003,1.0,790.1446402072906
depth4_bal_MAMAMAMA,4,MAMAMAMA,2625,31500,0.012324474363898238,0.02752133583029111,0.026242319547704288,1.0,0.9986945169712794,0.9991050453070813,1.0,0.0003,1.0,796.8270814418793
depth4_bal_MAMAMAMA,4,MAMAMAMA,2650,31800,0.00975082985435923,0.021962995330492657,0.021575952480946268,1.0,1.0,0.9995525226535407,1.0,0.0003,1.0,804.4758865833282
depth4_bal_MAMAMAMA,4,MAMAMAMA,2675,32100,0.008023698348551989,0.018751700098315876,0.018782299597348485,1.0,1.0,0.999328783980311,1.0,0.0003,1.0,812.6470866203308
depth4_bal_MAMAMAMA,4,MAMAMAMA,2700,32400,0.006583160681960483,0.015608613068858782,0.015917635203472207,1.0,1.0,0.9994406533169258,1.0,0.0003,1.0,820.8408887386322
depth4_bal_MAMAMAMA,4,MAMAMAMA,2725,32700,0.005366453900933266,0.013265109620988369,0.013775816240480968,1.0,1.0,0.9996643919901554,1.0,0.0003,1.0,829.0963258743286
depth4_bal_MAMAMAMA,4,MAMAMAMA,2750,33000,0.011370109937464198,0.025386753181616466,0.024048071301409176,1.0,0.9986945169712794,0.998657567960622,1.0,0.0003,1.0,836.9901177883148
depth4_bal_MAMAMAMA,4,MAMAMAMA,2775,33300,0.00770298430385689,0.017351252337296803,0.016822389060897485,1.0,1.0,0.999328783980311,1.0,0.0003,1.0,844.7238631248474
depth4_bal_MAMAMAMA,4,MAMAMAMA,2800,33600,0.006257930654101074,0.013685500249266624,0.013852643753801073,1.0,1.0,0.999328783980311,1.0,0.0003,1.0,852.917200088501
depth4_bal_MAMAMAMA,4,MAMAMAMA,2825,33900,0.005103649338707328,0.011967228104670843,0.01148065977862903,1.0,1.0,0.9994406533169258,1.0,0.0003,1.0,861.2913775444031
depth4_bal_MAMAMAMA,4,MAMAMAMA,2850,34200,0.0042186536981413765,0.008428496619065603,0.009808961514915738,1.0,1.0,0.9996643919901554,1.0,0.0003,1.0,869.2945301532745
depth4_bal_MAMAMAMA,4,MAMAMAMA,2875,34500,0.003475500193114082,0.006908880701909463,0.008343577118856567,1.0,1.0,0.9997762613267703,1.0,0.0003,1.0,877.2938334941864
depth4_bal_MAMAMAMA,4,MAMAMAMA,2900,34800,0.002815956890117377,0.0058469825113813085,0.006700165064207145,1.0,1.0,0.9996643919901554,1.0,0.0003,1.0,885.1934051513672
depth4_bal_MAMAMAMA,4,MAMAMAMA,2925,35100,0.0023184897921358547,0.0048732526289920015,0.005534559149029,1.0,1.0,0.9998881306633851,1.0,0.0003,1.0,893.218766450882
depth4_bal_MAMAMAMA,4,MAMAMAMA,2950,35400,0.001940549137846877,0.004206175605456035,0.004570085555315018,1.0,1.0,0.9998881306633851,1.0,0.0003,1.0,901.5303506851196
depth4_bal_MAMAMAMA,4,MAMAMAMA,2975,35700,0.0015797999027806024,0.0035325977175186076,0.0036796383559703828,1.0,1.0,1.0,1.0,0.0003,1.0,909.7461538314819
depth4_bal_MAMAMAMA,4,MAMAMAMA,3000,36000,0.0013064699499712635,0.0030798302808155618,0.003159157506057194,1.0,1.0,1.0,1.0,0.0003,1.0,917.3882503509521
depth4_bal_MAMAMAMA,4,MAMAMAMA,3025,36300,0.3145397901535034,0.3809644281864166,0.38925655824797495,0.9180809399477807,0.8772845953002611,0.8806354178319723,1.0,0.0003,1.0,925.7386703491211
depth4_bal_MAMAMAMA,4,MAMAMAMA,3050,36600,0.01194733326944212,0.022599308441082638,0.023847798258066176,1.0,1.0,0.9996643919901554,1.0,0.0003,1.0,933.3165595531464
depth4_bal_MAMAMAMA,4,MAMAMAMA,3075,36900,0.009699431480839849,0.017393579085667927,0.01803232811923538,1.0,1.0,0.9998881306633851,1.0,0.0003,1.0,941.5605578422546
depth4_bal_MAMAMAMA,4,MAMAMAMA,3100,37200,0.007583792631824811,0.0134928273037076,0.013889272617442267,1.0,1.0,0.9998881306633851,1.0,0.0003,1.0,949.8929269313812
depth4_bal_MAMAMAMA,4,MAMAMAMA,3125,37500,0.005934932696012159,0.010526197652022043,0.010969825594552925,1.0,1.0,0.9998881306633851,1.0,0.0003,1.0,958.0151009559631
depth4_bal_MAMAMAMA,4,MAMAMAMA,3150,37800,0.004687932902015746,0.010032708135743936,0.008870456460863351,1.0,0.9986945169712794,0.9997762613267703,1.0,0.0003,1.0,965.2184839248657
depth4_bal_MAMAMAMA,4,MAMAMAMA,3175,38100,0.061082969419658184,0.08987321704626083,0.08693500054734093,0.9859660574412533,0.9699738903394256,0.9806466047656337,1.0,0.0003,1.0,973.4415984153748
depth4_bal_MAMAMAMA,4,MAMAMAMA,3200,38400,0.005972045939415693,0.010542638910313448,0.010145479680172034,1.0,1.0,1.0,1.0,0.0003,1.0,977.7952032089233
depth4_bal_MAMAMAMA,4,MAMAMAMA,3225,38700,0.006716598989441991,0.013346520252525806,0.010799812578729221,1.0,0.9986945169712794,0.9998881306633851,1.0,0.0003,1.0,984.4528918266296
depth4_bal_MAMAMAMA,4,MAMAMAMA,3250,39000,0.00563342011688898,0.011098804573218027,0.009117520667080369,1.0,0.9986945169712794,1.0,1.0,0.0003,1.0,992.4807970523834
depth4_bal_MAMAMAMA,4,MAMAMAMA,3275,39300,0.004522502965604265,0.007621007040143013,0.007345247973820993,1.0,1.0,1.0,1.0,0.0003,1.0,1000.4333362579346
depth4_bal_MAMAMAMA,4,MAMAMAMA,3300,39600,0.0035486441920511425,0.005771598468224208,0.005861608537712268,1.0,1.0,1.0,1.0,0.0003,1.0,1008.6869218349457
depth4_bal_MAMAMAMA,4,MAMAMAMA,3325,39900,0.0027954410179518163,0.004568929939220349,0.004800208677936878,1.0,1.0,0.9998881306633851,1.0,0.0003,1.0,1016.7526218891144
depth4_bal_MAMAMAMA,4,MAMAMAMA,3350,40200,0.002196857938542962,0.007011695532128215,0.004053662424640996,1.0,0.9986945169712794,0.9998881306633851,1.0,0.0003,1.0,1025.012883424759
depth4_bal_MAMAMAMA,4,MAMAMAMA,3375,40500,0.0017265101487282664,0.016787990850086015,0.0036719665796096836,1.0,0.9973890339425587,0.9996643919901554,1.0,0.0003,1.0,1033.3251247406006
depth4_bal_MAMAMAMA,4,MAMAMAMA,3400,40800,0.001396478241076693,0.017478566616773605,0.0033450868246810775,1.0,0.9973890339425587,0.9995525226535407,1.0,0.0003,1.0,1041.378954410553
depth4_bal_MAMAMAMA,4,MAMAMAMA,3425,41100,0.0011385009371830772,0.0019318092769632738,0.0021325823717883653,1.0,1.0,0.9997762613267703,1.0,0.0003,1.0,1049.3670601844788
depth4_bal_MAMAMAMA,4,MAMAMAMA,3450,41400,0.0009385991094556326,0.0015245424583554268,0.0019149893994576165,1.0,1.0,0.9997762613267703,1.0,0.0003,1.0,1057.5689766407013
depth4_bal_MAMAMAMA,4,MAMAMAMA,3475,41700,0.0007719363008315364,0.0012442627145598333,0.001443152385763824,1.0,1.0,0.9997762613267703,1.0,0.0003,1.0,1065.886284828186
depth4_bal_MAMAMAMA,4,MAMAMAMA,3500,42000,4.000082810719808,4.080643494923909,4.09050897870745,0.0489556135770235,0.02610966057441253,0.03165902226199799,1.0,0.0003,1.0,1073.7692546844482
depth4_bal_MAMAMAMA,4,MAMAMAMA,3525,42300,2.5463207562764487,2.6471924781799316,2.6673739433288572,0.16351174934725848,0.12010443864229765,0.12227318492001342,1.0,0.0003,1.0,1081.2228245735168
depth4_bal_MAMAMAMA,4,MAMAMAMA,3550,42600,2.273826320966085,2.4734663168589273,2.452267483302525,0.2193211488250653,0.15274151436031333,0.15963754334936794,1.0,0.0003,1.0,1084.2958793640137
depth4_bal_MAMAMAMA,4,MAMAMAMA,3575,42900,2.10873751839002,2.272026856740316,2.247739975793021,0.26338120104438645,0.17493472584856398,0.19342208300704777,1.0,0.0003,1.0,1087.494794368744
depth4_bal_MAMAMAMA,4,MAMAMAMA,3600,43200,2.0090487897396088,2.245174010594686,2.2845412390572686,0.29928198433420367,0.19843342036553524,0.19498825371965545,1.0,0.0003,1.0,1095.2776703834534
depth4_bal_MAMAMAMA,4,MAMAMAMA,3625,43500,1.9941477477550507,2.2277331352233887,2.2990746225629533,0.2800261096605744,0.2154046997389034,0.20035798187716747,1.0,0.0003,1.0,1102.0819091796875
depth4_bal_MAMAMAMA,4,MAMAMAMA,3650,43800,1.9436384340127308,2.17549204826355,2.1662916319710868,0.31494778067885115,0.2297650130548303,0.2110974381921915,1.0,0.0003,1.0,1110.2066178321838
depth4_bal_MAMAMAMA,4,MAMAMAMA,3675,44100,1.9699031213919322,2.248037497202555,2.2087947028023858,0.2839425587467363,0.19712793733681463,0.20561584069806466,1.0,0.0003,1.0,1118.5012953281403
depth4_bal_MAMAMAMA,4,MAMAMAMA,3700,44400,2.010975499947866,2.254588524500529,2.263083233152117,0.27219321148825065,0.19973890339425587,0.2021478912630048,1.0,0.0003,1.0,1126.7164192199707
depth4_bal_MAMAMAMA,4,MAMAMAMA,3725,44700,1.8542984426021576,2.1377293268839517,2.0871267863682337,0.3328981723237598,0.21279373368146215,0.22731849200134244,1.0,0.0003,1.0,1133.6216266155243
depth4_bal_MAMAMAMA,4,MAMAMAMA,3750,45000,2.053743859132131,2.247199376424154,2.2046093463897707,0.2588120104438642,0.20234986945169714,0.19331021367043294,1.0,0.0003,1.0,1141.867687702179
depth4_bal_MAMAMAMA,4,MAMAMAMA,3775,45300,1.888384034236272,2.2377453645070395,2.169664600917271,0.30156657963446476,0.18798955613577023,0.2090837901331245,1.0,0.0003,1.0,1150.0637047290802
depth4_bal_MAMAMAMA,4,MAMAMAMA,3800,45600,1.8978223204612732,2.240492343902588,2.2104264872414725,0.32114882506527415,0.22845953002610966,0.2241861505761271,1.0,0.0003,1.0,1158.249460220337
depth4_bal_MAMAMAMA,4,MAMAMAMA,3825,45900,1.923315833012263,2.2408931255340576,2.2235111372811454,0.2947127937336815,0.17885117493472585,0.1977849871350263,1.0,0.0003,1.0,1166.5296213626862
depth4_bal_MAMAMAMA,4,MAMAMAMA,3850,46200,1.9787216981252034,2.2309305667877197,2.1932473523276195,0.283289817232376,0.16840731070496084,0.19174404295782527,1.0,0.0003,1.0,1174.8315510749817
depth4_bal_MAMAMAMA,4,MAMAMAMA,3875,46500,1.8616858820120494,2.234355847040812,2.2121831485203334,0.31657963446475196,0.1906005221932115,0.20069358988701197,1.0,0.0003,1.0,1183.077154159546
depth4_bal_MAMAMAMA,4,MAMAMAMA,3900,46800,1.9916749795277913,2.361283620198568,2.357867751802717,0.27610966057441255,0.15013054830287206,0.15930193533952344,1.0,0.0003,1.0,1191.3392360210419
depth4_bal_MAMAMAMA,4,MAMAMAMA,3925,47100,1.954598993062973,2.273202101389567,2.2666006360735214,0.29177545691906004,0.17232375979112272,0.1997986351940933,1.0,0.0003,1.0,1199.4608511924744
depth4_bal_MAMAMAMA,4,MAMAMAMA,3950,47400,2.0722500681877136,2.2729743321736655,2.2349205221448627,0.25,0.18798955613577023,0.1826826266920237,1.0,0.0003,1.0,1207.690771818161
depth4_bal_MAMAMAMA,4,MAMAMAMA,3975,47700,1.9084810713926952,2.1781527996063232,2.173734453746251,0.29340731070496084,0.18407310704960836,0.19834433381810046,1.0,0.0003,1.0,1215.7107849121094
depth4_bal_MAMAMAMA,4,MAMAMAMA,4000,48000,1.947229395310084,2.223920981089274,2.2478660787854876,0.2823107049608355,0.1866840731070496,0.18805235484953575,1.0,0.0003,1.0,1223.8740582466125
depth4_bal_MAMAMAMA,4,MAMAMAMA,4025,48300,1.935469259818395,2.3379767735799155,2.3067785944257464,0.2891644908616188,0.1762402088772846,0.18547936010739458,1.0,0.0003,1.0,1232.199571609497
depth4_bal_MAMAMAMA,4,MAMAMAMA,4050,48600,1.8548672795295715,2.3276472886403403,2.344406189237322,0.31690600522193213,0.17493472584856398,0.17854346123727485,1.0,0.0003,1.0,1240.3857109546661
depth4_bal_MAMAMAMA,4,MAMAMAMA,4075,48900,1.869452327489853,2.31476092338562,2.248512486049107,0.31690600522193213,0.185378590078329,0.1865980534735429,1.0,0.0003,1.0,1248.3075950145721
depth4_bal_MAMAMAMA,4,MAMAMAMA,4100,49200,2.051546742518743,2.3749287128448486,2.3746971607208254,0.26338120104438645,0.13446475195822455,0.139389193422083,1.0,0.0003,1.0,1256.2885222434998
depth4_bal_MAMAMAMA,4,MAMAMAMA,4125,49500,2.0271871189276376,2.4727063179016113,2.447311578478132,0.26174934725848564,0.1475195822454308,0.15963754334936794,1.0,0.0003,1.0,1264.5239577293396
depth4_bal_MAMAMAMA,4,MAMAMAMA,4150,49800,1.783646394809087,2.1498286724090576,2.149041189466204,0.3218015665796345,0.21279373368146215,0.20874818212328,1.0,0.0003,1.0,1267.617932319641
depth4_bal_MAMAMAMA,4,MAMAMAMA,4175,50100,1.6294324100017548,2.0387162367502847,2.026208714076451,0.375,0.26109660574412535,0.2434276764738785,1.0,0.0003,1.0,1270.6959099769592
depth4_bal_MAMAMAMA,4,MAMAMAMA,4200,50400,1.6051843861738841,1.9959922234217327,1.98869069984981,0.3831592689295039,0.22193211488250653,0.22474549725920126,1.0,0.0003,1.0,1273.7478852272034
depth4_bal_MAMAMAMA,4,MAMAMAMA,4225,50700,1.6627427538235982,2.124606211980184,2.058358032362802,0.3733681462140992,0.20234986945169714,0.20997874482604317,1.0,0.0003,1.0,1276.9073827266693
depth4_bal_MAMAMAMA,4,MAMAMAMA,4250,51000,1.4401872555414836,1.8763864835103352,1.875966099330357,0.45039164490861616,0.2689295039164491,0.2631166797180893,1.0,0.0003,1.0,1279.9839498996735
depth4_bal_MAMAMAMA,4,MAMAMAMA,4275,51300,1.47343843181928,1.9365864992141724,1.9236269065311977,0.42265013054830286,0.24412532637075718,0.2588656449267256,1.0,0.0003,1.0,1283.0567634105682
depth4_bal_MAMAMAMA,4,MAMAMAMA,4300,51600,1.478388915459315,1.8533049821853638,1.8420353855405536,0.43309399477806787,0.2650130548302872,0.278107170824477,1.0,0.0003,1.0,1286.2241315841675
depth4_bal_MAMAMAMA,4,MAMAMAMA,4325,51900,1.4624164303143818,1.871844212214152,1.8227040665490286,0.4278720626631854,0.2650130548302872,0.28694484841704887,1.0,0.0003,1.0,1290.9772338867188
depth4_bal_MAMAMAMA,4,MAMAMAMA,4350,52200,1.4738151828447978,1.880875865618388,1.8419179473604474,0.43342036553524804,0.26240208877284593,0.2889584964761159,1.0,0.0003,1.0,1298.7445938587189
depth4_bal_MAMAMAMA,4,MAMAMAMA,4375,52500,1.6075785160064697,2.019973397254944,1.976214759690421,0.3877284595300261,0.21148825065274152,0.23906477234589998,1.0,0.0003,1.0,1306.785193681717
depth4_bal_MAMAMAMA,4,MAMAMAMA,4400,52800,1.5034994582335155,1.8725864887237549,1.862988611630031,0.39882506527415146,0.25326370757180156,0.2526009620762949,1.0,0.0003,1.0,1314.5856275558472
depth4_bal_MAMAMAMA,4,MAMAMAMA,4425,53100,1.5004922846953075,1.9154212872187297,1.9234733615602766,0.4109007832898172,0.27154046997389036,0.2751985680724913,1.0,0.0003,1.0,1322.6636350154877
depth4_bal_MAMAMAMA,4,MAMAMAMA,4450,53400,1.5896753668785095,1.9603914419809978,1.9063764299665178,0.381201044386423,0.23368146214099217,0.25416713278890257,1.0,0.0003,1.0,1330.8289813995361
depth4_bal_MAMAMAMA,4,MAMAMAMA,4475,53700,1.4231407543023427,1.8569539388020833,1.7989792857851301,0.4363577023498694,0.2558746736292428,0.27698847745832866,1.0,0.0003,1.0,1338.7347865104675
depth4_bal_MAMAMAMA,4,MAMAMAMA,4500,54000,1.7473592857519786,1.885197122891744,1.8687981469290598,0.3410574412532637,0.25326370757180156,0.26110303165902227,1.0,0.0003,1.0,1346.589168548584
depth4_bal_MAMAMAMA,4,MAMAMAMA,4525,54300,1.5532387793064117,1.8760743935902913,1.8825806072780065,0.3766318537859008,0.2650130548302872,0.2671439758362233,1.0,0.0003,1.0,1353.7704403400421
depth4_bal_MAMAMAMA,4,MAMAMAMA,4550,54600,1.4386927783489227,1.7884565591812134,1.7630320412772043,0.42493472584856395,0.27284595300261094,0.2793377335272402,1.0,0.0003,1.0,1361.7244973182678
depth4_bal_MAMAMAMA,4,MAMAMAMA,4575,54900,1.3730498751004536,1.7795998652776082,1.7564302376338414,0.4471279373368146,0.29112271540469975,0.30159973151359215,1.0,0.0003,1.0,1369.7533841133118
depth4_bal_MAMAMAMA,4,MAMAMAMA,4600,55200,1.4032370150089264,1.8615505297978718,1.7625571863991873,0.4497389033942559,0.26762402088772846,0.29320953126747956,1.0,0.0003,1.0,1377.4130063056946
depth4_bal_MAMAMAMA,4,MAMAMAMA,4625,55500,1.4347104529539745,1.8297473986943562,1.8434877974646433,0.42036553524804177,0.2584856396866841,0.25875377559011076,1.0,0.0003,1.0,1382.4719841480255
depth4_bal_MAMAMAMA,4,MAMAMAMA,4650,55800,1.5645472407341003,1.9762811263402302,1.9217631544385638,0.3710835509138381,0.21409921671018275,0.24823805794831635,1.0,0.0003,1.0,1385.9388031959534
depth4_bal_MAMAMAMA,4,MAMAMAMA,4675,56100,1.6109453936417897,1.9324612617492676,1.930908935410636,0.36096605744125326,0.2454308093994778,0.240407204385278,1.0,0.0003,1.0,1393.6227860450745
depth4_bal_MAMAMAMA,4,MAMAMAMA,4700,56400,1.2965016464392345,1.692283829053243,1.6943980046680995,0.48890339425587465,0.2859007832898172,0.29678935003915424,1.0,0.0003,1.0,1401.928053855896
depth4_bal_MAMAMAMA,4,MAMAMAMA,4725,56700,1.967043141523997,2.2576456864674888,2.3137961319514684,0.33844647519582244,0.21018276762402088,0.21613155833985903,1.0,0.0003,1.0,1410.196343421936
depth4_bal_MAMAMAMA,4,MAMAMAMA,4750,57000,1.434407929579417,1.8008513450622559,1.7798132964542934,0.42199738903394257,0.2963446475195822,0.28526680836782636,1.0,0.0003,1.0,1418.438527584076
depth4_bal_MAMAMAMA,4,MAMAMAMA,4775,57300,1.2943941454092662,1.6892049312591553,1.6376568521772112,0.48988250652741516,0.304177545691906,0.3285602416377671,1.0,0.0003,1.0,1426.4946341514587
depth4_bal_MAMAMAMA,4,MAMAMAMA,4800,57600,1.3958725829919179,1.801896611849467,1.7607874836240496,0.4321148825065274,0.2558746736292428,0.2873923257635082,1.0,0.0003,1.0,1434.546814441681
depth4_bal_MAMAMAMA,4,MAMAMAMA,4825,57900,1.2480797072251637,1.5521607796351116,1.5569585868290492,0.5228459530026109,0.34073107049608353,0.34959167692135584,1.0,0.0003,1.0,1442.7900309562683
depth4_bal_MAMAMAMA,4,MAMAMAMA,4850,58200,1.808517833550771,1.8514198859532673,1.8503653117588588,0.31657963446475196,0.25326370757180156,0.2659134131334601,1.0,0.0003,1.0,1450.9715156555176
depth4_bal_MAMAMAMA,4,MAMAMAMA,4875,58500,1.2098016639550526,1.5530014435450237,1.5501911878585815,0.5019582245430809,0.35509138381201044,0.35988365588992055,1.0,0.0003,1.0,1459.1725499629974
depth4_bal_MAMAMAMA,4,MAMAMAMA,4900,58800,1.3229965666929882,1.658927321434021,1.6649970497403825,0.44843342036553524,0.3198433420365535,0.32106499608457323,1.0,0.0003,1.0,1465.5443778038025
depth4_bal_MAMAMAMA,4,MAMAMAMA,4925,59100,1.8575276633103688,2.1296399434407554,2.15218619619097,0.30842036553524804,0.18929503916449086,0.1884998321959951,1.0,0.0003,1.0,1468.6118319034576
depth4_bal_MAMAMAMA,4,MAMAMAMA,4950,59400,1.5903570353984833,1.9143639008204143,1.90676999773298,0.3841383812010444,0.2297650130548303,0.23268822015885446,1.0,0.0003,1.0,1473.1005656719208
depth4_bal_MAMAMAMA,4,MAMAMAMA,4975,59700,1.5798732936382294,1.781721830368042,1.8220363514763969,0.3939295039164491,0.2519582245430809,0.24756684192862735,1.0,0.0003,1.0,1481.0890431404114
depth4_bal_MAMAMAMA,4,MAMAMAMA,5000,60000,1.438300500313441,1.8300798336664836,1.7662468705858503,0.42297650130548303,0.25718015665796345,0.280120818883544,1.0,0.0003,1.0,1489.2283053398132
depth4_bal_MAMAMAMA,4,MAMAMAMA,5025,60300,1.4252995053927104,1.787462870279948,1.7762506927762713,0.43113577023498695,0.2793733681462141,0.28616176306074503,1.0,0.0003,1.0,1497.5480198860168
depth4_bal_MAMAMAMA,4,MAMAMAMA,5050,60600,1.3752469917138417,1.759121060371399,1.7460689612797329,0.45463446475195823,0.293733681462141,0.2983555207517619,1.0,0.0003,1.0,1505.6848537921906
depth4_bal_MAMAMAMA,4,MAMAMAMA,5075,60900,1.4834051926930745,1.820116440455119,1.8284411532538278,0.40926892950391647,0.26240208877284593,0.27161874930081664,1.0,0.0003,1.0,1513.8720848560333
depth4_bal_MAMAMAMA,4,MAMAMAMA,5100,61200,1.2257355550924938,1.5912261009216309,1.5927036660058158,0.5127284595300261,0.34595300261096606,0.3451169034567625,1.0,0.0003,1.0,1522.0722844600677
depth4_bal_MAMAMAMA,4,MAMAMAMA,5125,61500,1.9400015473365784,2.1398261388142905,2.1231846060071673,0.36259791122715407,0.22193211488250653,0.20919565946973934,1.0,0.0003,1.0,1530.298324584961
depth4_bal_MAMAMAMA,4,MAMAMAMA,5150,61800,1.3611946602662404,1.6571509043375652,1.6877325057983399,0.45691906005221933,0.31201044386422977,0.3153596599172167,1.0,0.0003,1.0,1538.6107745170593
depth4_bal_MAMAMAMA,4,MAMAMAMA,5175,62100,1.2544051110744476,1.631441354751587,1.6759014776774814,0.48825065274151436,0.3276762402088773,0.31714956930305405,1.0,0.0003,1.0,1546.7385020256042
depth4_bal_MAMAMAMA,4,MAMAMAMA,5200,62400,1.1795994937419891,1.5635892550150554,1.5667177404676165,0.5205613577023499,0.3563968668407311,0.351493455643808,1.0,0.0003,1.0,1555.0682263374329
depth4_bal_MAMAMAMA,4,MAMAMAMA,5225,62700,1.21697598695755,1.5334360996882122,1.5619527884892055,0.5039164490861618,0.37597911227154046,0.36961628817541115,1.0,0.0003,1.0,1562.985680103302
depth4_bal_MAMAMAMA,4,MAMAMAMA,5250,63000,1.0923295418421428,1.463886300722758,1.4683991261890956,0.5577676240208878,0.37467362924281983,0.3879628593802439,1.0,0.0003,1.0,1571.2047793865204
depth4_bal_MAMAMAMA,4,MAMAMAMA,5275,63300,1.0678784151871998,1.4662055969238281,1.4718727861131942,0.5734334203655352,0.37989556135770236,0.38225752321288736,1.0,0.0003,1.0,1579.3582084178925
depth4_bal_MAMAMAMA,4,MAMAMAMA,5300,63600,1.1948302090168,1.4297242959340413,1.4425078971045358,0.5143603133159269,0.3577023498694517,0.3833762165790357,1.0,0.0003,1.0,1584.8407039642334
depth4_bal_MAMAMAMA,4,MAMAMAMA,5325,63900,1.1363059679667156,1.4470148086547852,1.4267113787787302,0.5313315926892951,0.3524804177545692,0.39579371294328225,1.0,0.0003,1.0,1587.999749660492
depth4_bal_MAMAMAMA,4,MAMAMAMA,5350,64200,1.2453425625960033,1.565004785855611,1.5360750845500402,0.48890339425587465,0.30678851174934724,0.342096431368162,1.0,0.0003,1.0,1591.095419883728
depth4_bal_MAMAMAMA,4,MAMAMAMA,5375,64500,1.1593844493230183,1.4608300924301147,1.4784981863839286,0.5290469973890339,0.3433420365535248,0.34198456203154715,1.0,0.0003,1.0,1598.9823207855225
depth4_bal_MAMAMAMA,4,MAMAMAMA,5400,64800,1.13152214884758,1.5010931491851807,1.4824152333395821,0.5316579634464752,0.37597911227154046,0.3727486296006265,1.0,0.0003,1.0,1607.186918258667
depth4_bal_MAMAMAMA,4,MAMAMAMA,5425,65100,1.472437749306361,1.9606497287750244,2.032726652281625,0.4360313315926893,0.2845953002610966,0.2755341760823358,1.0,0.0003,1.0,1615.5047249794006
depth4_bal_MAMAMAMA,4,MAMAMAMA,5450,65400,1.0882868866125743,1.3934784730275471,1.3691335133143834,0.5600522193211488,0.40339425587467365,0.4097773800201365,1.0,0.0003,1.0,1623.599730014801
depth4_bal_MAMAMAMA,4,MAMAMAMA,5475,65700,1.2431360483169556,1.5257302522659302,1.5130700486046926,0.4964099216710183,0.3772845953002611,0.36323973598836556,1.0,0.0003,1.0,1631.8365988731384
depth4_bal_MAMAMAMA,4,MAMAMAMA,5500,66000,1.2111427187919617,1.4722150564193726,1.4266038077218193,0.4934725848563969,0.35900783289817234,0.38091509117350936,1.0,0.0003,1.0,1640.1598300933838
depth4_bal_MAMAMAMA,4,MAMAMAMA,5525,66300,0.9622259587049484,1.3049911657969158,1.3203245912279402,0.6119451697127938,0.42428198433420367,0.43315807137263673,1.0,0.0003,1.0,1648.6249814033508
depth4_bal_MAMAMAMA,4,MAMAMAMA,5550,66600,1.0880508025487263,1.430346409479777,1.4356256791523525,0.5476501305483029,0.38511749347258484,0.38460677928179887,1.0,0.0003,1.0,1656.680816411972
depth4_bal_MAMAMAMA,4,MAMAMAMA,5575,66900,1.0497343838214874,1.3561947345733643,1.3268233367374964,0.5815926892950392,0.402088772845953,0.4327105940261774,1.0,0.0003,1.0,1664.6832449436188
depth4_bal_MAMAMAMA,4,MAMAMAMA,5600,67200,2.0994902650515237,2.310193141301473,2.267407063075474,0.31592689295039167,0.1762402088772846,0.1826826266920237,1.0,0.0003,1.0,1672.8756833076477
depth4_bal_MAMAMAMA,4,MAMAMAMA,5625,67500,1.4611030717690785,1.74093492825826,1.709175293786185,0.4275456919060052,0.27284595300261094,0.2920908379013312,1.0,0.0003,1.0,1680.050175666809
depth4_bal_MAMAMAMA,4,MAMAMAMA,5650,67800,1.2531542082627614,1.5659758647282918,1.548149459702628,0.4813968668407311,0.32114882506527415,0.340753999328784,1.0,0.0003,1.0,1688.0165531635284
depth4_bal_MAMAMAMA,4,MAMAMAMA,5675,68100,1.061608463525772,1.3876173098882039,1.3980626617159162,0.568864229765013,0.402088772845953,0.40798747063429913,1.0,0.0003,1.0,1695.8277661800385
depth4_bal_MAMAMAMA,4,MAMAMAMA,5700,68400,1.1318612198034923,1.5392507314682007,1.5185110977717808,0.5231723237597912,0.3524804177545692,0.3840474325987247,1.0,0.0003,1.0,1704.1588952541351
depth4_bal_MAMAMAMA,4,MAMAMAMA,5725,68700,1.1049160063266754,1.4746228853861492,1.4925869567053658,0.5531984334203656,0.3681462140992167,0.379125181787672,1.0,0.0003,1.0,1712.1764307022095
depth4_bal_MAMAMAMA,4,MAMAMAMA,5750,69000,1.7353091339270275,2.42504612604777,2.557212093898228,0.4252610966057441,0.2154046997389034,0.20852444345005033,1.0,0.0003,1.0,1719.9177227020264
depth4_bal_MAMAMAMA,4,MAMAMAMA,5775,69300,1.3413042823473613,1.5831907987594604,1.57897321837289,0.48368146214099217,0.34464751958224543,0.3209531267479584,1.0,0.0003,1.0,1728.1159572601318
depth4_bal_MAMAMAMA,4,MAMAMAMA,5800,69600,1.0753140449523926,1.3706282377243042,1.3534066336495536,0.5593994778067886,0.42297650130548303,0.418167580266249,1.0,0.0003,1.0,1736.3455555438995
depth4_bal_MAMAMAMA,4,MAMAMAMA,5825,69900,1.0832433501879375,1.4192249377568562,1.404893139430455,0.5558093994778068,0.3838120104438642,0.39713614498266026,1.0,0.0003,1.0,1744.6114478111267
depth4_bal_MAMAMAMA,4,MAMAMAMA,5850,70200,1.0454270442326863,1.3511558771133423,1.340825513431004,0.564621409921671,0.4425587467362924,0.43282246336279223,1.0,0.0003,1.0,1752.8278315067291
depth4_bal_MAMAMAMA,4,MAMAMAMA,5875,70500,1.2030020952224731,1.424259861310323,1.3998870202473233,0.5094647519582245,0.3968668407310705,0.3980310996755789,1.0,0.0003,1.0,1760.0587108135223
depth4_bal_MAMAMAMA,4,MAMAMAMA,5900,70800,1.2496213217576344,1.6449386676152546,1.5752042395727974,0.5310052219321149,0.31070496083550914,0.3395234366260208,1.0,0.0003,1.0,1768.3681771755219
depth4_bal_MAMAMAMA,4,MAMAMAMA,5925,71100,1.2643020451068878,1.5359148581822712,1.5269361734390259,0.5127284595300261,0.3302872062663185,0.34534064212999216,1.0,0.0003,1.0,1776.0257940292358
depth4_bal_MAMAMAMA,4,MAMAMAMA,5950,71400,0.9974401046832403,1.4185326099395752,1.4298118557248796,0.5864882506527415,0.40992167101827676,0.4082112093075288,1.0,0.0003,1.0,1784.1933243274689
depth4_bal_MAMAMAMA,4,MAMAMAMA,5975,71700,1.1670061846574147,1.4753601948420207,1.489392249924796,0.514686684073107,0.34464751958224543,0.3674907707797293,1.0,0.0003,1.0,1792.2368881702423
depth4_bal_MAMAMAMA,4,MAMAMAMA,6000,72000,1.0255370090405147,1.4823739528656006,1.4471490246909005,0.5851827676240209,0.3825065274151436,0.40832307864414363,1.0,0.0003,1.0,1800.4639468193054
depth4_bal_MAMAMAMA,4,MAMAMAMA,6025,72300,1.275191952784856,1.6151546239852905,1.6228627000536238,0.483355091383812,0.3289817232375979,0.35328336502964536,1.0,0.0003,1.0,1808.7503521442413
depth4_bal_MAMAMAMA,4,MAMAMAMA,6050,72600,1.0226373275121052,1.374666412671407,1.3633178404399326,0.5887728459530026,0.4177545691906005,0.43326994070925157,1.0,0.0003,1.0,1816.5600492954254
depth4_bal_MAMAMAMA,4,MAMAMAMA,6075,72900,1.2094176312287648,1.4740922053654988,1.4353452852794102,0.5195822454308094,0.37597911227154046,0.39545810493343775,1.0,0.0003,1.0,1824.4107916355133
depth4_bal_MAMAMAMA,4,MAMAMAMA,6100,73200,1.2213449378808339,1.4884083271026611,1.529522899218968,0.49510443864229764,0.3772845953002611,0.3584293545139277,1.0,0.0003,1.0,1830.6251873970032
depth4_bal_MAMAMAMA,4,MAMAMAMA,6125,73500,1.033449833591779,1.3086015780766804,1.3115628855569021,0.5721279373368147,0.4086161879895561,0.438415930193534,1.0,0.0003,1.0,1833.690586090088
depth4_bal_MAMAMAMA,4,MAMAMAMA,6150,73800,1.0492281417051952,1.3886973857879639,1.3978765828268869,0.5531984334203656,0.3785900783289817,0.39713614498266026,1.0,0.0003,1.0,1841.1606886386871
depth4_bal_MAMAMAMA,4,MAMAMAMA,6175,74100,0.9618342767159144,1.278998891512553,1.2858210393360683,0.6197780678851175,0.4073107049608355,0.4549725920125294,1.0,0.0003,1.0,1849.5352103710175
depth4_bal_MAMAMAMA,4,MAMAMAMA,6200,74400,0.9116447617610296,1.267402450243632,1.2825616802488053,0.6387075718015666,0.45300261096605743,0.46023045083342656,1.0,0.0003,1.0,1857.4752416610718
depth4_bal_MAMAMAMA,4,MAMAMAMA,6225,74700,1.0391193230946858,1.415924072265625,1.4516934156417847,0.5610313315926893,0.39033942558746737,0.40809933997091397,1.0,0.0003,1.0,1865.4585628509521
depth4_bal_MAMAMAMA,4,MAMAMAMA,6250,75000,0.9883688042561213,1.4329502979914348,1.3429068258830479,0.5802872062663186,0.38903394255874674,0.4276764738785099,1.0,0.0003,1.0,1873.6259717941284
depth4_bal_MAMAMAMA,4,MAMAMAMA,6275,75300,0.9308898597955704,1.5124276081720989,1.4663732188088554,0.6341383812010444,0.3733681462140992,0.3833762165790357,1.0,0.0003,1.0,1881.777286529541
depth4_bal_MAMAMAMA,4,MAMAMAMA,6300,75600,1.785555491844813,2.9027538299560547,2.7383031981331962,0.4960835509138381,0.2258485639686684,0.23168139612932095,1.0,0.0003,1.0,1889.5222551822662
depth4_bal_MAMAMAMA,4,MAMAMAMA,6325,75900,1.15422190229098,1.4853179852167766,1.4427503722054618,0.5414490861618799,0.36945169712793735,0.3992616623783421,1.0,0.0003,1.0,1897.2963154315948
depth4_bal_MAMAMAMA,4,MAMAMAMA,6350,76200,1.0513959974050522,1.4517258803049724,1.4915309361049107,0.5620104438642297,0.3563968668407311,0.3671551627698848,1.0,0.0003,1.0,1903.4451467990875
depth4_bal_MAMAMAMA,4,MAMAMAMA,6375,76500,1.0191379636526108,1.3338205814361572,1.3525478873934065,0.5740861618798956,0.4007832898172324,0.4240966551068352,1.0,0.0003,1.0,1911.6407361030579
depth4_bal_MAMAMAMA,4,MAMAMAMA,6400,76800,0.9069135834773382,1.2707407871882122,1.2370582444327218,0.6775456919060052,0.4086161879895561,0.4718648618413693,1.0,0.0003,1.0,1919.8241515159607
depth4_bal_MAMAMAMA,4,MAMAMAMA,6425,77100,0.8671395828326544,1.199312448501587,1.2368209906986782,0.6550261096605744,0.46475195822454307,0.46515270164447925,1.0,0.0003,1.0,1927.9758846759796
depth4_bal_MAMAMAMA,4,MAMAMAMA,6450,77400,1.088222861289978,1.4994784196217854,1.488738008907863,0.560378590078329,0.37989556135770236,0.3867322966774807,1.0,0.0003,1.0,1936.244900226593
depth4_bal_MAMAMAMA,4,MAMAMAMA,6475,77700,0.8876482347647349,1.3166913191477458,1.3221922431673323,0.664490861618799,0.4347258485639687,0.4385277995301488,1.0,0.0003,1.0,1944.3895716667175
depth4_bal_MAMAMAMA,4,MAMAMAMA,6500,78000,0.9192996372779211,1.3149551550547283,1.3475747789655412,0.6243472584856397,0.42950391644908614,0.4207405750083902,1.0,0.0003,1.0,1952.4395439624786
depth4_bal_MAMAMAMA,4,MAMAMAMA,6525,78300,0.9747984657684962,1.4598910411198933,1.5078019857406617,0.5881201044386423,0.39556135770234985,0.3813625685199687,1.0,0.0003,1.0,1960.307317018509
depth4_bal_MAMAMAMA,4,MAMAMAMA,6550,78600,0.9490592181682587,1.3227909803390503,1.329242355482919,0.6106396866840731,0.4347258485639687,0.4290189059178879,1.0,0.0003,1.0,1968.5902333259583
depth4_bal_MAMAMAMA,4,MAMAMAMA,6575,78900,0.9012188365062078,1.2701439062754314,1.3226864337921143,0.6220626631853786,0.4490861618798956,0.45418950665622554,1.0,0.0003,1.0,1974.8035037517548
depth4_bal_MAMAMAMA,4,MAMAMAMA,6600,79200,0.9386635075012842,1.4615939060846965,1.4700700793947492,0.606396866840731,0.39033942558746737,0.39411567289405974,1.0,0.0003,1.0,1981.0345842838287
depth4_bal_MAMAMAMA,4,MAMAMAMA,6625,79500,1.3419179220994313,1.5801462332407634,1.5490307569503785,0.4725848563968668,0.33550913838120106,0.3662602080769661,1.0,0.0003,1.0,1988.9004757404327
depth4_bal_MAMAMAMA,4,MAMAMAMA,6650,79800,0.9385021130243937,1.2878100474675496,1.308048118863787,0.6034595300261096,0.4386422976501306,0.4394227542230675,1.0,0.0003,1.0,1994.6484489440918
depth4_bal_MAMAMAMA,4,MAMAMAMA,6675,80100,0.8442991177241007,1.2563589413960774,1.2260066883904592,0.658289817232376,0.43994778067885115,0.46940373643584293,1.0,0.0003,1.0,2002.011890411377
depth4_bal_MAMAMAMA,4,MAMAMAMA,6700,80400,0.8295214027166367,1.3725761969884236,1.3255459547042847,0.6762402088772846,0.41906005221932113,0.42756460454189504,1.0,0.0003,1.0,2008.9009218215942
depth4_bal_MAMAMAMA,4,MAMAMAMA,6725,80700,0.8758692691723505,1.3545680443445842,1.3600052424839564,0.643603133159269,0.40339425587467365,0.4290189059178879,1.0,0.0003,1.0,2017.1553473472595
depth4_bal_MAMAMAMA,4,MAMAMAMA,6750,81000,0.8473627865314484,1.203557292620341,1.2189944199153355,0.6465404699738904,0.47780678851174935,0.4802550620874818,1.0,0.0003,1.0,2022.2527661323547
depth4_bal_MAMAMAMA,4,MAMAMAMA,6775,81300,0.946193516254425,1.3397010167439778,1.348896847452436,0.60411227154047,0.4490861618798956,0.43595480478800763,1.0,0.0003,1.0,2025.3641641139984
depth4_bal_MAMAMAMA,4,MAMAMAMA,6800,81600,0.8974392712116241,1.4564846754074097,1.4243339470454626,0.6390339425587467,0.381201044386423,0.4112316813961293,1.0,0.0003,1.0,2029.4916615486145
depth4_bal_MAMAMAMA,4,MAMAMAMA,6825,81900,0.8077711860338846,1.1422406832377117,1.1850951024464198,0.6752610966057441,0.49869451697127937,0.4839467501957713,1.0,0.0003,1.0,2037.3337483406067
depth4_bal_MAMAMAMA,4,MAMAMAMA,6850,82200,0.9211444109678268,1.2290803988774617,1.2491422414779663,0.608355091383812,0.4621409921671018,0.4540776373196107,1.0,0.0003,1.0,2045.5064039230347
depth4_bal_MAMAMAMA,4,MAMAMAMA,6875,82500,1.0109099994103115,1.2850944598515828,1.322438965524946,0.5753916449086162,0.4360313315926893,0.43472424208524446,1.0,0.0003,1.0,2053.6702315807343
depth4_bal_MAMAMAMA,4,MAMAMAMA,6900,82800,0.715326671799024,1.0686483184496562,1.1068453243800571,0.7317232375979112,0.5404699738903395,0.5229891486743483,1.0,0.0003,1.0,2061.6381826400757
depth4_bal_MAMAMAMA,4,MAMAMAMA,6925,83100,0.8090429753065109,1.1426746050516765,1.1547355583735874,0.6746083550913838,0.49869451697127937,0.5003915426781519,1.0,0.0003,1.0,2069.9844920635223
depth4_bal_MAMAMAMA,4,MAMAMAMA,6950,83400,0.8771607478459676,1.3672491312026978,1.3465112618037633,0.6233681462140992,0.4216710182767624,0.4351717194317038,1.0,0.0003,1.0,2078.046774625778
depth4_bal_MAMAMAMA,4,MAMAMAMA,6975,83700,0.7745131204525629,1.370516061782837,1.3276221139090403,0.683420365535248,0.4151436031331593,0.4466942611030317,1.0,0.0003,1.0,2086.2377400398254
depth4_bal_MAMAMAMA,4,MAMAMAMA,7000,84000,1.0918813347816467,1.4745855728785198,1.4609670809337072,0.566579634464752,0.391644908616188,0.4207405750083902,1.0,0.0003,1.0,2094.4091234207153
depth4_bal_MAMAMAMA,4,MAMAMAMA,7025,84300,1.0721820692221324,1.3045659462610881,1.3376375675201415,0.5515665796344648,0.42036553524804177,0.4214117910280792,1.0,0.0003,1.0,2102.4726593494415
depth4_bal_MAMAMAMA,4,MAMAMAMA,7050,84600,0.8532975812753042,1.182403842608134,1.1572054828916276,0.6690600522193212,0.47389033942558745,0.48898087034343884,1.0,0.0003,1.0,2110.0002229213715
depth4_bal_MAMAMAMA,4,MAMAMAMA,7075,84900,0.7965548485517502,1.186852256457011,1.1687852110181536,0.6795039164490861,0.4830287206266319,0.4941268598277212,1.0,0.0003,1.0,2118.1513257026672
depth4_bal_MAMAMAMA,4,MAMAMAMA,7100,85200,1.0129169821739197,1.299490491549174,1.3282795429229737,0.5822454308093995,0.4216710182767624,0.41772010291978967,1.0,0.0003,1.0,2126.48535656929
depth4_bal_MAMAMAMA,4,MAMAMAMA,7125,85500,0.8778829276561737,1.187475363413493,1.2023018394197738,0.6344647519582245,0.4608355091383812,0.46951560577245777,1.0,0.0003,1.0,2134.716114759445
depth4_bal_MAMAMAMA,4,MAMAMAMA,7150,85800,0.7424478431542715,1.147282560666402,1.1250996930258614,0.7030026109660574,0.489556135770235,0.5107953909833315,1.0,0.0003,1.0,2141.837794780731
depth4_bal_MAMAMAMA,4,MAMAMAMA,7175,86100,1.0659282058477402,1.5074923038482666,1.4835521459579468,0.5607049608355091,0.35509138381201044,0.3747622776596935,1.0,0.0003,1.0,2148.490910053253
depth4_bal_MAMAMAMA,4,MAMAMAMA,7200,86400,0.8344357510407766,1.142385482788086,1.1702505724770682,0.6579634464751958,0.489556135770235,0.48741469963083117,1.0,0.0003,1.0,2155.7948892116547
depth4_bal_MAMAMAMA,4,MAMAMAMA,7225,86700,0.8794594258069992,1.2799278497695923,1.3509207623345512,0.6360966057441253,0.4699738903394256,0.45295894395346237,1.0,0.0003,1.0,2164.0639641284943
depth4_bal_MAMAMAMA,4,MAMAMAMA,7250,87000,0.7477487077315649,1.2424264748891194,1.2393368925367083,0.7030026109660574,0.4608355091383812,0.4736547712272066,1.0,0.0003,1.0,2172.298547267914
depth4_bal_MAMAMAMA,4,MAMAMAMA,7275,87300,0.8041091759999593,1.23953382174174,1.2649248565946307,0.6618798955613577,0.4621409921671018,0.46246783756572324,1.0,0.0003,1.0,2180.582495212555
depth4_bal_MAMAMAMA,4,MAMAMAMA,7300,87600,0.913257951537768,1.3790658712387085,1.349955872126988,0.6240208877284595,0.4177545691906005,0.43595480478800763,1.0,0.0003,1.0,2188.338187932968
depth4_bal_MAMAMAMA,4,MAMAMAMA,7325,87900,1.1133223325014114,1.498258074124654,1.4973864691598076,0.5345953002610966,0.3838120104438642,0.3866204273408659,1.0,0.0003,1.0,2196.631237745285
depth4_bal_MAMAMAMA,4,MAMAMAMA,7350,88200,0.8960910886526108,1.4161397218704224,1.378726100921631,0.6214099216710183,0.39556135770234985,0.4012753104374091,1.0,0.0003,1.0,2204.8642807006836
depth4_bal_MAMAMAMA,4,MAMAMAMA,7375,88500,0.8763747811317444,1.2727344830830891,1.2882265090942382,0.6243472584856397,0.42689295039164493,0.43215124734310323,1.0,0.0003,1.0,2212.3227689266205
depth4_bal_MAMAMAMA,4,MAMAMAMA,7400,88800,0.7790344059467316,1.2219620148340862,1.2107445614678518,0.6935378590078329,0.4699738903394256,0.48741469963083117,1.0,0.0003,1.0,2220.596288204193
depth4_bal_MAMAMAMA,4,MAMAMAMA,7425,89100,0.9541374891996384,1.3498948812484741,1.342319631576538,0.5930156657963447,0.45300261096605743,0.4620203602192639,1.0,0.0003,1.0,2228.8043382167816
depth4_bal_MAMAMAMA,4,MAMAMAMA,7450,89400,0.7823577175537745,1.2836556037267048,1.2547695841108049,0.693864229765013,0.4699738903394256,0.46973934444568743,1.0,0.0003,1.0,2236.1297850608826
depth4_bal_MAMAMAMA,4,MAMAMAMA,7475,89700,0.9204256782929102,1.2697463432947795,1.2598123516355242,0.6974543080939948,0.45822454308093996,0.4573218480814409,1.0,0.0003,1.0,2240.096031188965
depth4_bal_MAMAMAMA,4,MAMAMAMA,7500,90000,0.8849488298098246,1.1881040732065837,1.1795183215822493,0.6351174934725848,0.48172323759791125,0.4842823582056158,1.0,0.0003,1.0,2248.352719306946
depth4_bal_MAMAMAMA,4,MAMAMAMA,7525,90300,0.6918058892091116,1.140627384185791,1.1353325196674893,0.7147519582245431,0.5130548302872062,0.5138158630719319,1.0,0.0003,1.0,2256.20125412941
depth4_bal_MAMAMAMA,4,MAMAMAMA,7550,90600,0.6746417929728826,1.0782862106959026,1.074012895992824,0.7431462140992167,0.5130548302872062,0.5371965544244323,1.0,0.0003,1.0,2264.131227016449
depth4_bal_MAMAMAMA,4,MAMAMAMA,7575,90900,0.7673319031794866,1.0959019263585408,1.1100919927869524,0.7176892950391645,0.5274151436031331,0.5266808367826379,1.0,0.0003,1.0,2272.1550121307373
depth4_bal_MAMAMAMA,4,MAMAMAMA,7600,91200,0.6416760484377543,1.0358190139134724,1.0573121820177351,0.7650130548302873,0.5378590078328982,0.5415594585524108,1.0,0.0003,1.0,2280.15891623497
depth4_bal_MAMAMAMA,4,MAMAMAMA,7625,91500,0.7790736009677252,1.2234957218170166,1.1623961857386997,0.6827676240208878,0.47780678851174935,0.4984897639556997,1.0,0.0003,1.0,2288.2930841445923
depth4_bal_MAMAMAMA,4,MAMAMAMA,7650,91800,0.9193980892499288,1.2847047249476116,1.2448619842529296,0.6328328981723238,0.4425587467362924,0.4454636984002685,1.0,0.0003,1.0,2296.4514107704163
depth4_bal_MAMAMAMA,4,MAMAMAMA,7675,92100,1.0893165568510692,1.3715876340866089,1.3293805633272444,0.5476501305483029,0.42428198433420367,0.43796845284707464,1.0,0.0003,1.0,2304.795313835144
depth4_bal_MAMAMAMA,4,MAMAMAMA,7700,92400,0.8578635503848394,1.196466048558553,1.1798868111201695,0.6517624020887729,0.4751958224543081,0.4824924488197785,1.0,0.0003,1.0,2312.7860527038574
depth4_bal_MAMAMAMA,4,MAMAMAMA,7725,92700,0.9696619560321172,1.4846903880437214,1.547596710068839,0.5806135770234987,0.4164490861618799,0.40731625461461013,1.0,0.0003,1.0,2319.852861881256
depth4_bal_MAMAMAMA,4,MAMAMAMA,7750,93000,0.787368580698967,1.1607670386632283,1.143898514338902,0.6840731070496083,0.4751958224543081,0.49300816646157286,1.0,0.0003,1.0,2327.443534851074
depth4_bal_MAMAMAMA,4,MAMAMAMA,7775,93300,0.6769220232963562,1.1299561262130737,1.1026226435388837,0.7411879895561357,0.5104438642297651,0.5180668978632956,1.0,0.0003,1.0,2334.0364429950714
depth4_bal_MAMAMAMA,4,MAMAMAMA,7800,93600,0.8208441634972891,1.175611098607381,1.185812735557556,0.6563315926892951,0.5039164490861618,0.4804788007607115,1.0,0.0003,1.0,2342.089161634445
depth4_bal_MAMAMAMA,4,MAMAMAMA,7825,93900,0.9304868380228678,1.4235633611679077,1.4316659041813442,0.6112924281984334,0.402088772845953,0.3933325875377559,1.0,0.0003,1.0,2350.4042773246765
depth4_bal_MAMAMAMA,4,MAMAMAMA,7850,94200,0.7258912374575933,1.1027787526448567,1.1247219051633561,0.7209530026109661,0.5274151436031331,0.5192974605660589,1.0,0.0003,1.0,2358.5027134418488
depth4_bal_MAMAMAMA,4,MAMAMAMA,7875,94500,0.9685704112052917,1.509711225827535,1.4529237406594413,0.6008485639686684,0.39556135770234985,0.40765186262445463,1.0,0.0003,1.0,2366.515923976898
depth4_bal_MAMAMAMA,4,MAMAMAMA,7900,94800,0.6865183611710867,1.0254886349042256,1.0299730743680682,0.7976501305483029,0.5522193211488251,0.5661707126076743,1.0,0.0003,1.0,2374.6691858768463
depth4_bal_MAMAMAMA,4,MAMAMAMA,7925,95100,0.7781961808602015,1.1388565301895142,1.121414269719805,0.6876631853785901,0.5026109660574413,0.5141514710817765,1.0,0.0003,1.0,2382.6893310546875
depth4_bal_MAMAMAMA,4,MAMAMAMA,7950,95400,0.8619060019652048,1.1548595428466797,1.1549990006855555,0.6377284595300261,0.4765013054830287,0.4890927396800537,1.0,0.0003,1.0,2390.954536676407
depth4_bal_MAMAMAMA,4,MAMAMAMA,7975,95700,0.7766582071781158,1.1173298358917236,1.0980202913284303,0.6948433420365535,0.4908616187989556,0.5163888578140732,1.0,0.0003,1.0,2399.135537147522
depth4_bal_MAMAMAMA,4,MAMAMAMA,8000,96000,0.9396870533625284,1.3799282312393188,1.3870413133076258,0.6142297650130548,0.43994778067885115,0.43472424208524446,1.0,0.0003,1.0,2407.4629130363464
depth4_bal_MAMAMAMA,4,MAMAMAMA,8025,96300,1.1037192990382512,1.3598033984502156,1.3389252696718488,0.5496083550913838,0.42297650130548303,0.4271171271954357,1.0,0.0003,1.0,2415.6570122241974
depth4_bal_MAMAMAMA,4,MAMAMAMA,8050,96600,0.7236329764127731,1.435154954592387,1.4009971618652344,0.6974543080939948,0.4386422976501306,0.4466942611030317,1.0,0.0003,1.0,2423.9218587875366
depth4_bal_MAMAMAMA,4,MAMAMAMA,8075,96900,0.5737465818723043,0.9660454193751017,0.9740141766411917,0.8051566579634465,0.5900783289817232,0.5787000783085356,1.0,0.0003,1.0,2431.7976639270782
depth4_bal_MAMAMAMA,4,MAMAMAMA,8100,97200,0.609565868973732,1.071325659751892,1.0233941537993294,0.7744778067885117,0.5261096605744126,0.5597941604206287,1.0,0.0003,1.0,2438.972808599472
depth4_bal_MAMAMAMA,4,MAMAMAMA,8125,97500,0.6936431179443995,1.1280523935953777,1.1128831114087785,0.7271540469973891,0.4960835509138381,0.5099004362904128,1.0,0.0003,1.0,2442.6144592761993
depth4_bal_MAMAMAMA,4,MAMAMAMA,8150,97800,0.59921562174956,1.0422879457473755,1.0471004503113883,0.7754569190600522,0.5274151436031331,0.5389864638102696,1.0,0.0003,1.0,2450.803567171097
depth4_bal_MAMAMAMA,4,MAMAMAMA,8175,98100,0.5852683981259664,0.9756741722424825,0.9769977637699672,0.7947127937336814,0.5613577023498695,0.5854122385054257,1.0,0.0003,1.0,2459.0248205661774
depth4_bal_MAMAMAMA,4,MAMAMAMA,8200,98400,0.7480137050151825,1.180930733680725,1.1623838424682618,0.7046344647519582,0.46475195822454307,0.4934556438080322,1.0,0.0003,1.0,2467.2232670783997
depth4_bal_MAMAMAMA,4,MAMAMAMA,8225,98700,0.7068649182717005,1.1063928604125977,1.0601113200187684,0.7108355091383812,0.5052219321148825,0.5399932878398032,1.0,0.0003,1.0,2475.0593605041504
depth4_bal_MAMAMAMA,4,MAMAMAMA,8250,99000,0.6776646872361501,1.0242966413497925,1.0311643958091736,0.722911227154047,0.5443864229765013,0.5493903121154492,1.0,0.0003,1.0,2483.2001032829285
depth4_bal_MAMAMAMA,4,MAMAMAMA,8275,99300,0.8450530767440796,1.3079416354497273,1.2800854069846017,0.6511096605744126,0.43733681462140994,0.4559794160420629,1.0,0.0003,1.0,2491.3865146636963
depth4_bal_MAMAMAMA,4,MAMAMAMA,8300,99600,0.8803298672040304,1.8946186304092407,1.8741457155772618,0.6439295039164491,0.3838120104438642,0.3684975948092628,1.0,0.0003,1.0,2498.7471232414246
depth4_bal_MAMAMAMA,4,MAMAMAMA,8325,99900,0.8139759252468745,1.2315737406412761,1.2471725736345565,0.662532637075718,0.47911227154047,0.4753328112764291,1.0,0.0003,1.0,2501.9542496204376
depth4_bal_MAMAMAMA,4,MAMAMAMA,8350,100200,0.6616116513808569,1.1150067647298176,1.1011640242167882,0.7548955613577023,0.5013054830287206,0.518514375209755,1.0,0.0003,1.0,2505.0125799179077
depth4_bal_MAMAMAMA,4,MAMAMAMA,8375,100500,0.8392850011587143,1.127917766571045,1.1772061211722238,0.6494778067885117,0.4908616187989556,0.4865197449379125,1.0,0.0003,1.0,2508.0768377780914
depth4_bal_MAMAMAMA,4,MAMAMAMA,8400,100800,0.971551443139712,1.3535373210906982,1.3134710788726807,0.5959530026109661,0.44386422976501305,0.43371741805571096,1.0,0.0003,1.0,2512.5269870758057
depth4_bal_MAMAMAMA,4,MAMAMAMA,8425,101100,0.7306357820828756,1.243774692217509,1.1951054334640503,0.7072454308093995,0.48433420365535246,0.4871909609576015,1.0,0.0003,1.0,2520.7558195590973
depth4_bal_MAMAMAMA,4,MAMAMAMA,8450,101400,0.7057837943236033,1.0487723350524902,1.0841821568352836,0.7245430809399478,0.5248041775456919,0.532609911623224,1.0,0.0003,1.0,2528.9595811367035
depth4_bal_MAMAMAMA,4,MAMAMAMA,8475,101700,0.7187119126319885,1.0357999006907146,1.0823657274246217,0.7092036553524804,0.5443864229765013,0.520528023268822,1.0,0.0003,1.0,2537.1789832115173
depth4_bal_MAMAMAMA,4,MAMAMAMA,8500,102000,0.7643472850322723,1.1659067869186401,1.1840684924806868,0.6801566579634465,0.5169712793733682,0.48271618749300815,1.0,0.0003,1.0,2545.605941057205
depth4_bal_MAMAMAMA,4,MAMAMAMA,8525,102300,0.8682847420374552,1.4125844240188599,1.5060657160622732,0.6615535248041775,0.42689295039164493,0.4016109184472536,1.0,0.0003,1.0,2553.9676871299744
depth4_bal_MAMAMAMA,4,MAMAMAMA,8550,102600,0.6815771708885828,1.227020502090454,1.269963012422834,0.7255221932114883,0.4804177545691906,0.4772345899988813,1.0,0.0003,1.0,2558.521280527115
depth4_bal_MAMAMAMA,4,MAMAMAMA,8575,102900,0.7502194195985794,1.378561536471049,1.3704938582011632,0.6945169712793734,0.4255874673629243,0.4368497594809263,1.0,0.0003,1.0,2564.987855195999
depth4_bal_MAMAMAMA,4,MAMAMAMA,8600,103200,0.837101216117541,1.1900192101796467,1.2065196309770856,0.6475195822454308,0.46736292428198434,0.486184136928068,1.0,0.0003,1.0,2573.26668548584
depth4_bal_MAMAMAMA,4,MAMAMAMA,8625,103500,0.8032038907210032,1.2664897441864014,1.235639762878418,0.6746083550913838,0.4516971279373368,0.4713055151582951,1.0,0.0003,1.0,2581.5087172985077
depth4_bal_MAMAMAMA,4,MAMAMAMA,8650,103800,0.7277464717626572,1.122536341349284,1.1219433886664254,0.7078981723237598,0.5091383812010444,0.516500727150688,1.0,0.0003,1.0,2589.5407571792603
depth4_bal_MAMAMAMA,4,MAMAMAMA,8675,104100,0.6546385983626047,1.0174612601598103,1.016831476347787,0.7695822454308094,0.5326370757180157,0.5498377894619085,1.0,0.0003,1.0,2597.3820905685425
depth4_bal_MAMAMAMA,4,MAMAMAMA,8700,104400,0.9533368398745855,1.3364132642745972,1.325477545601981,0.5930156657963447,0.4386422976501306,0.4303613379572659,1.0,0.0003,1.0,2605.6631829738617
depth4_bal_MAMAMAMA,4,MAMAMAMA,8725,104700,0.6550845752159754,0.9628030260403951,1.0000043204852513,0.7513054830287206,0.577023498694517,0.5612484617966216,1.0,0.0003,1.0,2613.4694204330444
depth4_bal_MAMAMAMA,4,MAMAMAMA,8750,105000,0.8344022333621979,1.3113030592600505,1.3409282445907593,0.660574412532637,0.4490861618798956,0.43058507663049556,1.0,0.0003,1.0,2621.6815893650055
depth4_bal_MAMAMAMA,4,MAMAMAMA,8775,105300,0.702285369237264,1.1964543263117473,1.1836320195879255,0.7154046997389034,0.48825065274151436,0.49994406533169256,1.0,0.0003,1.0,2630.021835565567
depth4_bal_MAMAMAMA,4,MAMAMAMA,8800,105600,0.6191249589125315,1.0026283860206604,0.9898894667625427,0.7764360313315927,0.5404699738903395,0.5687437073498154,1.0,0.0003,1.0,2638.1306619644165
depth4_bal_MAMAMAMA,4,MAMAMAMA,8825,105900,0.906416729092598,1.2493390242258708,1.2129179103033882,0.6171671018276762,0.4725848563968668,0.47645150464257746,1.0,0.0003,1.0,2646.1885282993317
depth4_bal_MAMAMAMA,4,MAMAMAMA,8850,106200,0.6175806323687235,1.1124887069066365,1.1156637821878705,0.7777415143603134,0.5052219321148825,0.5175075511802215,1.0,0.0003,1.0,2653.550271987915
depth4_bal_MAMAMAMA,4,MAMAMAMA,8875,106500,0.8536509275436401,1.2238349517186482,1.2767052582332066,0.6530678851174935,0.5039164490861618,0.4667188723570869,1.0,0.0003,1.0,2661.578514814377
depth4_bal_MAMAMAMA,4,MAMAMAMA,8900,106800,0.8701276282469431,1.155314564704895,1.1337229013442993,0.6364229765013055,0.4751958224543081,0.5066562255285826,1.0,0.0003,1.0,2669.4911465644836
depth4_bal_MAMAMAMA,4,MAMAMAMA,8925,107100,0.9604209065437317,1.3649072249730427,1.3502208743776594,0.6119451697127938,0.4255874673629243,0.43673789014431147,1.0,0.0003,1.0,2677.624759912491
depth4_bal_MAMAMAMA,4,MAMAMAMA,8950,107400,0.6314155211051306,1.2450676361719768,1.239765180860247,0.7578328981723238,0.489556135770235,0.48998769437297235,1.0,0.0003,1.0,2685.8596138954163
depth4_bal_MAMAMAMA,4,MAMAMAMA,8975,107700,0.7377469539642334,1.0781561930974324,1.0717334525925772,0.6925587467362925,0.5234986945169713,0.5324980422866092,1.0,0.0003,1.0,2694.0223746299744
depth4_bal_MAMAMAMA,4,MAMAMAMA,9000,108000,0.6295087883869807,1.0867349704106648,1.0480902416365487,0.7839425587467362,0.5234986945169713,0.5429018905917888,1.0,0.0003,1.0,2701.4089879989624
depth4_bal_MAMAMAMA,4,MAMAMAMA,9025,108300,0.8301170766353607,1.1414707899093628,1.170097599710737,0.6540469973890339,0.5091383812010444,0.49155386508558,1.0,0.0003,1.0,2709.463535308838
depth4_bal_MAMAMAMA,4,MAMAMAMA,9050,108600,0.7498373438914617,1.2663951714833577,1.2959268535886492,0.6840731070496083,0.4321148825065274,0.4566506320617519,1.0,0.0003,1.0,2717.5741307735443
depth4_bal_MAMAMAMA,4,MAMAMAMA,9075,108900,0.6183744718631109,0.9921472072601318,0.9899334004947118,0.7594647519582245,0.5483028720626631,0.5653876272513704,1.0,0.0003,1.0,2725.7020428180695
depth4_bal_MAMAMAMA,4,MAMAMAMA,9100,109200,1.0860322664181392,1.4110997517903645,1.436489817074367,0.5711488250652742,0.4177545691906005,0.3869560353507104,1.0,0.0003,1.0,2733.819037437439
depth4_bal_MAMAMAMA,4,MAMAMAMA,9125,109500,0.5689424673716227,0.8767040371894836,0.904149465901511,0.7969973890339426,0.6174934725848564,0.6137151806689787,1.0,0.0003,1.0,2741.782780647278
depth4_bal_MAMAMAMA,4,MAMAMAMA,9150,109800,0.7671204408009847,1.2016630172729492,1.1896898474012103,0.6775456919060052,0.4934725848563969,0.48036693142409664,1.0,0.0003,1.0,2750.121844768524
depth4_bal_MAMAMAMA,4,MAMAMAMA,9175,110100,0.7820585270722707,1.1205376784006755,1.0972939729690552,0.6677545691906005,0.5039164490861618,0.5322743036133796,1.0,0.0003,1.0,2758.347441673279
depth4_bal_MAMAMAMA,4,MAMAMAMA,9200,110400,1.4751751919587452,1.7013315757115681,1.673773237637111,0.495757180156658,0.3263707571801567,0.32017004139165456,1.0,0.0003,1.0,2765.877768278122
depth4_bal_MAMAMAMA,4,MAMAMAMA,9225,110700,0.7085897773504257,1.1525132656097412,1.133555511065892,0.7095300261096605,0.5,0.514487079091621,1.0,0.0003,1.0,2774.004960536957
depth4_bal_MAMAMAMA,4,MAMAMAMA,9250,111000,0.9222826560338339,1.1994259754816692,1.210279038974217,0.6204308093994778,0.46736292428198434,0.4657120483275534,1.0,0.0003,1.0,2782.246291399002
depth4_bal_MAMAMAMA,4,MAMAMAMA,9275,111300,0.7051991820335388,1.0790355205535889,1.047243240901402,0.7196475195822454,0.5274151436031331,0.5374202930976619,1.0,0.0003,1.0,2790.389256477356
depth4_bal_MAMAMAMA,4,MAMAMAMA,9300,111600,0.8629813541968664,1.280827522277832,1.2887067147663662,0.6400130548302873,0.4556135770234987,0.442443226311668,1.0,0.0003,1.0,2798.526659965515
depth4_bal_MAMAMAMA,4,MAMAMAMA,9325,111900,0.8073138991991679,1.225775162378947,1.2265174320765904,0.6641644908616188,0.48433420365535246,0.48640787560129767,1.0,0.0003,1.0,2806.712295293808
depth4_bal_MAMAMAMA,4,MAMAMAMA,9350,112200,0.6347438345352808,0.9593701561292013,0.9845931308610099,0.75,0.5939947780678851,0.5663944512809039,1.0,0.0003,1.0,2815.0455458164215
depth4_bal_MAMAMAMA,4,MAMAMAMA,9375,112500,0.7139852344989777,1.2133061091105144,1.2481265544891358,0.7131201044386423,0.4765013054830287,0.4735429018905918,1.0,0.0003,1.0,2823.264646291733
depth4_bal_MAMAMAMA,4,MAMAMAMA,9400,112800,0.8977997203667959,1.2383726040522258,1.2502709559031895,0.6223890339425587,0.46736292428198434,0.46817317373307976,1.0,0.0003,1.0,2831.435821533203
depth4_bal_MAMAMAMA,4,MAMAMAMA,9425,113100,0.601222813129425,0.9160623351732889,0.9282067298889161,0.7914490861618799,0.5966057441253264,0.603423201700414,1.0,0.0003,1.0,2839.583191394806
depth4_bal_MAMAMAMA,4,MAMAMAMA,9450,113400,0.9057254642248154,1.1849812269210815,1.189026505606515,0.6090078328981723,0.4725848563968668,0.4760040272961181,1.0,0.0003,1.0,2846.2220232486725
depth4_bal_MAMAMAMA,4,MAMAMAMA,9475,113700,0.5719684064388275,0.9649279713630676,0.9701572367123195,0.7934073107049608,0.5757180156657964,0.5837341984562031,1.0,0.0003,1.0,2852.188874721527
depth4_bal_MAMAMAMA,4,MAMAMAMA,9500,114000,0.6785038659969965,1.0047226548194885,1.0485926100185938,0.7203002610966057,0.5744125326370757,0.5493903121154492,1.0,0.0003,1.0,2857.0359728336334
depth4_bal_MAMAMAMA,4,MAMAMAMA,9525,114300,0.7454902033011118,1.0684419870376587,1.0802520411355154,0.6850522193211488,0.5404699738903395,0.529253831524779,1.0,0.0003,1.0,2860.376971721649
depth4_bal_MAMAMAMA,4,MAMAMAMA,9550,114600,0.6643324146668116,1.1007949908574421,1.1138616119112288,0.7362924281984334,0.5522193211488251,0.5257858820897192,1.0,0.0003,1.0,2868.1906287670135
depth4_bal_MAMAMAMA,4,MAMAMAMA,9575,114900,0.5971735467513403,1.0040676593780518,1.0072995935167586,0.7842689295039165,0.5522193211488251,0.560241637767088,1.0,0.0003,1.0,2875.6707906723022
depth4_bal_MAMAMAMA,4,MAMAMAMA,9600,115200,0.5948778986930847,0.9339999953905741,0.9664199505533491,0.7849216710182768,0.5939947780678851,0.5902226199798635,1.0,0.0003,1.0,2883.2923164367676
depth4_bal_MAMAMAMA,4,MAMAMAMA,9625,115500,0.7205459326505661,0.989730179309845,0.9919110536575317,0.6971279373368147,0.5600522193211488,0.5708692247454973,1.0,0.0003,1.0,2890.9406752586365
depth4_bal_MAMAMAMA,4,MAMAMAMA,9650,115800,0.7645355264345804,1.0608091751734416,1.082817896774837,0.6752610966057441,0.5430809399477807,0.5262333594361785,1.0,0.0003,1.0,2899.210237979889
depth4_bal_MAMAMAMA,4,MAMAMAMA,9675,116100,0.5517593373854955,0.8848280906677246,0.9152586255754743,0.8087467362924282,0.6253263707571801,0.6035350710370287,1.0,0.0003,1.0,2907.4718890190125
depth4_bal_MAMAMAMA,4,MAMAMAMA,9700,116400,0.6845643768707911,1.1567329963048298,1.1217903886522567,0.7173629242819843,0.5221932114882507,0.5138158630719319,1.0,0.0003,1.0,2915.675502538681
depth4_bal_MAMAMAMA,4,MAMAMAMA,9725,116700,0.5584795127312342,0.9061178167661031,0.9444518123354231,0.8469321148825065,0.6018276762402088,0.5888801879404855,1.0,0.0003,1.0,2923.852863073349
depth4_bal_MAMAMAMA,4,MAMAMAMA,9750,117000,0.837638795375824,1.3654399712880452,1.3536455937794276,0.6615535248041775,0.4321148825065274,0.4418838796285938,1.0,0.0003,1.0,2932.0744211673737
depth4_bal_MAMAMAMA,4,MAMAMAMA,9775,117300,0.5345153560241064,0.8814489046732584,0.9106566207749504,0.8149477806788512,0.6161879895561357,0.6095760152142298,1.0,0.0003,1.0,2939.856437921524
depth4_bal_MAMAMAMA,4,MAMAMAMA,9800,117600,0.6753366142511368,0.9637636343638102,0.9859914251736233,0.7248694516971279,0.5718015665796344,0.5699742700525786,1.0,0.0003,1.0,2946.8500576019287
depth4_bal_MAMAMAMA,4,MAMAMAMA,9825,117900,0.7722234278917313,1.1206694444020588,1.0985274280820574,0.6706919060052219,0.5339425587467362,0.5186262445463699,1.0,0.0003,1.0,2952.697177886963
depth4_bal_MAMAMAMA,4,MAMAMAMA,9850,118200,0.5158166835705439,0.8574427167574564,0.8937499284744262,0.8315926892950392,0.6422976501305483,0.6137151806689787,1.0,0.0003,1.0,2960.729476451874
depth4_bal_MAMAMAMA,4,MAMAMAMA,9875,118500,0.8136114428440729,1.3378219207127888,1.376692931992667,0.6560052219321149,0.4608355091383812,0.4414364022821345,1.0,0.0003,1.0,2968.8501551151276
depth4_bal_MAMAMAMA,4,MAMAMAMA,9900,118800,0.6215353508790334,0.9594121972719828,0.9487935270581926,0.7712140992167101,0.5809399477806788,0.5795950330014543,1.0,0.0003,1.0,2977.1257717609406
depth4_bal_MAMAMAMA,4,MAMAMAMA,9925,119100,0.729878380894661,1.046768585840861,1.0230618034090315,0.7026762402088773,0.5496083550913838,0.5507327441548272,1.0,0.0003,1.0,2985.250826358795
depth4_bal_MAMAMAMA,4,MAMAMAMA,9950,119400,0.7958183338244756,1.0064867337544758,1.0404598116874695,0.6684073107049608,0.5626631853785901,0.5406645038594922,1.0,0.0003,1.0,2993.0388810634613
depth4_bal_MAMAMAMA,4,MAMAMAMA,9975,119700,0.9490749587615331,1.3730513254801433,1.3831992149353027,0.5972584856396866,0.4164490861618799,0.42230674572099786,1.0,0.0003,1.0,3000.0766248703003
depth4_bal_MAMAMAMA,4,MAMAMAMA,10000,120000,0.5782981167236964,0.8585767149925232,0.8745644501277379,0.8087467362924282,0.6592689295039165,0.6335160532498042,1.0,0.0003,1.0,3004.540336370468
depth4_bal_MAMAMAMA,4,MAMAMAMA,10025,120300,0.5502765749891599,0.8439831932385763,0.8583015884671893,0.8152741514360313,0.6331592689295039,0.6263564157064548,1.0,0.0003,1.0,3012.83163523674
depth4_bal_MAMAMAMA,4,MAMAMAMA,10050,120600,0.5461836258570353,0.8647501269976298,0.8802124261856079,0.8195169712793734,0.6488250652741514,0.6250139836670768,1.0,0.0003,1.0,3020.584344148636
depth4_bal_MAMAMAMA,4,MAMAMAMA,10075,120900,0.5835733364025751,1.0197674036026,1.034866680417742,0.7790469973890339,0.5509138381201044,0.548159749412686,1.0,0.0003,1.0,3026.642787218094
depth4_bal_MAMAMAMA,4,MAMAMAMA,10100,121200,0.6019371698300043,0.9549930890401205,0.9773979544639587,0.7614229765013055,0.5861618798955613,0.5790356863183801,1.0,0.0003,1.0,3031.5362827777863
depth4_bal_MAMAMAMA,4,MAMAMAMA,10125,121500,0.8732919842004776,1.107125202814738,1.163282721383231,0.643603133159269,0.5261096605744126,0.49625237722340304,1.0,0.0003,1.0,3039.74626493454
depth4_bal_MAMAMAMA,4,MAMAMAMA,10150,121800,0.7084603806336721,0.9642051855723063,0.9954572643552507,0.7189947780678851,0.5718015665796344,0.5699742700525786,1.0,0.0003,1.0,3044.595088005066
depth4_bal_MAMAMAMA,4,MAMAMAMA,10175,122100,0.6610525250434875,1.0287266572316487,1.0529486571039472,0.7281331592689295,0.5744125326370757,0.5385389864638103,1.0,0.0003,1.0,3047.794585943222
depth4_bal_MAMAMAMA,4,MAMAMAMA,10200,122400,0.6100196093320847,0.9264590938886007,0.9776767390114921,0.758485639686684,0.587467362924282,0.5714285714285714,1.0,0.0003,1.0,3053.3826167583466
depth4_bal_MAMAMAMA,4,MAMAMAMA,10225,122700,0.5462478448947271,0.8816807071367899,0.8912423525537764,0.8149477806788512,0.6005221932114883,0.6142745273520528,1.0,0.0003,1.0,3061.2763681411743
depth4_bal_MAMAMAMA,4,MAMAMAMA,10250,123000,0.638780320684115,1.0305402874946594,1.0473713040351869,0.7496736292428199,0.5430809399477807,0.5297013088712383,1.0,0.0003,1.0,3067.8694858551025
depth4_bal_MAMAMAMA,4,MAMAMAMA,10275,123300,0.5946298738320669,0.8611356814702352,0.8835269161633083,0.7842689295039165,0.6214099216710183,0.6275869784092181,1.0,0.0003,1.0,3075.98908495903
depth4_bal_MAMAMAMA,4,MAMAMAMA,10300,123600,0.4961978519956271,0.7992802262306213,0.856448199067797,0.835509138381201,0.6736292428198434,0.6384383040608569,1.0,0.0003,1.0,3084.224809885025
depth4_bal_MAMAMAMA,4,MAMAMAMA,10325,123900,0.7753326644500097,1.2040203015009563,1.2164406844547817,0.6716710182767625,0.4934725848563969,0.47868889137487414,1.0,0.0003,1.0,3092.454973220825
depth4_bal_MAMAMAMA,4,MAMAMAMA,10350,124200,0.6042779485384623,0.900727649529775,0.9287358794893538,0.7695822454308094,0.618798955613577,0.6058843271059403,1.0,0.0003,1.0,3100.5585565567017
depth4_bal_MAMAMAMA,4,MAMAMAMA,10375,124500,0.6428793420394262,1.0554669698079426,1.0610609446253096,0.75,0.5287206266318538,0.5410001118693366,1.0,0.0003,1.0,3108.6128220558167
depth4_bal_MAMAMAMA,4,MAMAMAMA,10400,124800,0.5178549960255623,0.9040088454882304,0.9035264117377145,0.8123368146214099,0.6057441253263708,0.6078979751650073,1.0,0.0003,1.0,3116.7750301361084
depth4_bal_MAMAMAMA,4,MAMAMAMA,10425,125100,0.5708802988131841,0.8636505206425985,0.899193286895752,0.793733681462141,0.6214099216710183,0.6143863966886677,1.0,0.0003,1.0,3124.9499814510345
depth4_bal_MAMAMAMA,4,MAMAMAMA,10450,125400,1.5859249631563823,1.9519068400065105,1.9616234983716692,0.4549608355091384,0.2597911227154047,0.2602080769661036,1.0,0.0003,1.0,3133.1730303764343
depth4_bal_MAMAMAMA,4,MAMAMAMA,10475,125700,0.9738416622082392,1.515243411064148,1.550113218171256,0.6302219321148825,0.35900783289817234,0.3671551627698848,1.0,0.0003,1.0,3137.1987578868866
depth4_bal_MAMAMAMA,4,MAMAMAMA,10500,126000,0.7967329571644465,1.194567322731018,1.1970788546970912,0.6804830287206266,0.4699738903394256,0.4633627922586419,1.0,0.0003,1.0,3141.6595878601074
depth4_bal_MAMAMAMA,4,MAMAMAMA,10525,126300,0.6382094472646713,0.9684895475705465,1.024526582445417,0.7679503916449086,0.5613577023498695,0.5512920908379013,1.0,0.0003,1.0,3149.910314321518
depth4_bal_MAMAMAMA,4,MAMAMAMA,10550,126600,0.7550452301899592,1.1389258702596028,1.175945462499346,0.6932114882506527,0.5052219321148825,0.4732072938807473,1.0,0.0003,1.0,3157.939483165741
depth4_bal_MAMAMAMA,4,MAMAMAMA,10575,126900,0.554578443368276,0.8693184653917948,0.9130787628037589,0.8035248041775457,0.6148825065274152,0.6100234925606891,1.0,0.0003,1.0,3166.0026438236237
depth4_bal_MAMAMAMA,4,MAMAMAMA,10600,127200,0.7905169079701105,1.3657817045847576,1.3435057606015886,0.679177545691906,0.46866840731070497,0.4549725920125294,1.0,0.0003,1.0,3174.213569164276
depth4_bal_MAMAMAMA,4,MAMAMAMA,10625,127500,1.1047285348176956,1.5223563114802043,1.5775351388113839,0.5522193211488251,0.39425587467362927,0.37330797628370066,1.0,0.0003,1.0,3182.0401334762573
depth4_bal_MAMAMAMA,4,MAMAMAMA,10650,127800,0.7021568417549133,1.1633906364440918,1.143650415965489,0.6974543080939948,0.5065274151436031,0.5126971697057836,1.0,0.0003,1.0,3189.40421295166
depth4_bal_MAMAMAMA,4,MAMAMAMA,10675,128100,0.8498034526904424,1.0526539087295532,1.080825332232884,0.6550261096605744,0.5287206266318538,0.5261214900995637,1.0,0.0003,1.0,3197.5967292785645
depth4_bal_MAMAMAMA,4,MAMAMAMA,10700,128400,0.5201445197065672,0.8268378973007202,0.845741651739393,0.8231070496083551,0.6383812010443864,0.6294887571316702,1.0,0.0003,1.0,3205.7998518943787
depth4_bal_MAMAMAMA,4,MAMAMAMA,10725,128700,0.599640409151713,0.9848029216130575,0.9851618443216597,0.7741514360313316,0.5483028720626631,0.5653876272513704,1.0,0.0003,1.0,3213.9043078422546
depth4_bal_MAMAMAMA,4,MAMAMAMA,10750,129000,1.0427252252896626,1.339856743812561,1.368707057407924,0.5822454308093995,0.43994778067885115,0.41604206287056716,1.0,0.0003,1.0,3222.1364345550537
depth4_bal_MAMAMAMA,4,MAMAMAMA,10775,129300,0.5429120833675066,0.935847818851471,0.9285008209092277,0.8093994778067886,0.587467362924282,0.5926837453853898,1.0,0.0003,1.0,3230.2390604019165
depth4_bal_MAMAMAMA,4,MAMAMAMA,10800,129600,0.6992699503898621,1.0664388338724773,1.0235678434371949,0.7173629242819843,0.5365535248041775,0.5399932878398032,1.0,0.0003,1.0,3238.3847918510437
depth4_bal_MAMAMAMA,4,MAMAMAMA,10825,129900,0.5710238665342331,0.9310256838798523,0.9190891248839242,0.7663185378590078,0.5744125326370757,0.5940261774247678,1.0,0.0003,1.0,3245.823723554611
depth4_bal_MAMAMAMA,4,MAMAMAMA,10850,130200,0.6988446662823359,1.0994189580281575,1.0771055051258631,0.779373368146214,0.48172323759791125,0.5152701644479248,1.0,0.0003,1.0,3253.9337718486786
depth4_bal_MAMAMAMA,4,MAMAMAMA,10875,130500,0.586836521824201,1.040175994237264,1.0672439319746836,0.7692558746736292,0.5378590078328982,0.5257858820897192,1.0,0.0003,1.0,3262.1621129512787
depth4_bal_MAMAMAMA,4,MAMAMAMA,10900,130800,0.7230753848950068,1.019204278786977,0.9884425452777318,0.7072454308093995,0.577023498694517,0.573106611477794,1.0,0.0003,1.0,3270.372129678726
depth4_bal_MAMAMAMA,4,MAMAMAMA,10925,131100,0.4720383683840434,0.8461284438769022,0.8202646630150932,0.8645561357702349,0.639686684073107,0.6608121713838236,1.0,0.0003,1.0,3278.512359857559
depth4_bal_MAMAMAMA,4,MAMAMAMA,10950,131400,0.6743669758240382,1.0712622006734211,1.0273475050926208,0.7261749347258486,0.4856396866840731,0.5384271171271955,1.0,0.0003,1.0,3286.6963951587677
depth4_bal_MAMAMAMA,4,MAMAMAMA,10975,131700,0.5954037110010783,0.86742103099823,0.8919156227793013,0.7588120104438643,0.6122715404699739,0.606779281798859,1.0,0.0003,1.0,3294.267094373703
depth4_bal_MAMAMAMA,4,MAMAMAMA,11000,132000,1.0171156624952953,1.2342149416605632,1.2228548458644322,0.5727806788511749,0.4699738903394256,0.47667524331580713,1.0,0.0003,1.0,3302.455254793167
depth4_bal_MAMAMAMA,4,MAMAMAMA,11025,132300,0.7936331331729889,1.2240423361460369,1.2756191628319877,0.6651436031331592,0.46736292428198434,0.46940373643584293,1.0,0.0003,1.0,3310.335138320923
depth4_bal_MAMAMAMA,4,MAMAMAMA,11050,132600,0.5717261359095573,0.9153865575790405,0.9053217376981463,0.7986292428198434,0.5822454308093995,0.6009620762948876,1.0,0.0003,1.0,3318.4895808696747
depth4_bal_MAMAMAMA,4,MAMAMAMA,11075,132900,1.018061136205991,1.8730511665344238,1.830542802810669,0.5995430809399478,0.4007832898172324,0.3877391207070142,1.0,0.0003,1.0,3326.722847700119
depth4_bal_MAMAMAMA,4,MAMAMAMA,11100,133200,0.5086572468280792,0.8243303696314493,0.8336381707872663,0.8218015665796344,0.6370757180156658,0.6401163441100794,1.0,0.0003,1.0,3334.755351305008
depth4_bal_MAMAMAMA,4,MAMAMAMA,11125,133500,0.7595705191294352,1.0628807544708252,1.066197521345956,0.683420365535248,0.5365535248041775,0.5343998210090615,1.0,0.0003,1.0,3342.7512357234955
depth4_bal_MAMAMAMA,4,MAMAMAMA,11150,133800,0.5332157636682192,0.9474439819653829,0.9152272769383022,0.8348563968668408,0.597911227154047,0.6187493008166461,1.0,0.0003,1.0,3350.6553580760956
depth4_bal_MAMAMAMA,4,MAMAMAMA,11175,134100,0.6957346051931381,1.0599941809972127,1.0638048206056867,0.7069190600522193,0.5469973890339426,0.5435731066114778,1.0,0.0003,1.0,3358.6094772815704
depth4_bal_MAMAMAMA,4,MAMAMAMA,11200,134400,0.698115477959315,1.0303391615549724,1.0239489998136249,0.7274804177545692,0.5587467362924282,0.5491665734422195,1.0,0.0003,1.0,3366.7326588630676
depth4_bal_MAMAMAMA,4,MAMAMAMA,11225,134700,0.7703121304512024,1.0047969619433086,1.0459288920675005,0.6703655352480418,0.5574412532637075,0.5309318715740016,1.0,0.0003,1.0,3374.9011681079865
depth4_bal_MAMAMAMA,4,MAMAMAMA,11250,135000,0.5361991102496783,0.942428986231486,0.9573133247239249,0.7921018276762402,0.5913838120104439,0.5936905694149234,1.0,0.0003,1.0,3383.0213763713837
depth4_bal_MAMAMAMA,4,MAMAMAMA,11275,135300,0.5403020059068998,0.8670507868131002,0.8754025868007115,0.8126631853785901,0.6370757180156658,0.6146101353618973,1.0,0.0003,1.0,3391.1847884655
depth4_bal_MAMAMAMA,4,MAMAMAMA,11300,135600,0.5273111835122108,0.9340495069821676,0.948660671710968,0.8064621409921671,0.587467362924282,0.578476339635306,1.0,0.0003,1.0,3399.4884021282196
depth4_bal_MAMAMAMA,4,MAMAMAMA,11325,135900,0.6906946450471878,1.0865089893341064,1.1389729380607605,0.712467362924282,0.5274151436031331,0.5102360443002573,1.0,0.0003,1.0,3407.512315273285
depth4_bal_MAMAMAMA,4,MAMAMAMA,11350,136200,0.6197711378335953,0.8307044704755148,0.8849539194788252,0.7581592689295039,0.6488250652741514,0.6176306074504978,1.0,0.0003,1.0,3415.2168436050415
depth4_bal_MAMAMAMA,4,MAMAMAMA,11375,136500,0.43762997537851334,0.7673636476198832,0.7936095101492745,0.8759791122715405,0.6697127937336814,0.6598053473542902,1.0,0.0003,1.0,3423.2249279022217
depth4_bal_MAMAMAMA,4,MAMAMAMA,11400,136800,0.5945019771655401,0.9364925424257914,1.0176724093300955,0.7620757180156658,0.6174934725848564,0.5679606219935116,1.0,0.0003,1.0,3431.21470785141
depth4_bal_MAMAMAMA,4,MAMAMAMA,11425,137100,0.5949843525886536,1.0283129215240479,1.0093121102878027,0.7672976501305483,0.5613577023498695,0.554871909609576,1.0,0.0003,1.0,3439.276524543762
depth4_bal_MAMAMAMA,4,MAMAMAMA,11450,137400,0.5169595206777254,0.7821605602900187,0.8541361689567566,0.8107049608355091,0.6631853785900783,0.6326210985568855,1.0,0.0003,1.0,3446.97985291481
depth4_bal_MAMAMAMA,4,MAMAMAMA,11475,137700,0.6117600450913111,0.981061855951945,0.9730372837611607,0.7614229765013055,0.5744125326370757,0.5920125293657008,1.0,0.0003,1.0,3455.062653064728
depth4_bal_MAMAMAMA,4,MAMAMAMA,11500,138000,0.5791596074899038,0.8979388276735941,0.9381528701101031,0.7842689295039165,0.5783289817232375,0.5817205503971361,1.0,0.0003,1.0,3463.129837989807
depth4_bal_MAMAMAMA,4,MAMAMAMA,11525,138300,0.5808115700880686,0.8946822086970011,0.8993702718189784,0.7796997389033943,0.6174934725848564,0.606779281798859,1.0,0.0003,1.0,3471.376301765442
depth4_bal_MAMAMAMA,4,MAMAMAMA,11550,138600,0.7226782987515131,0.9652255177497864,0.9830379928861346,0.7343342036553525,0.5652741514360313,0.5577805123615617,1.0,0.0003,1.0,3479.4491052627563
depth4_bal_MAMAMAMA,4,MAMAMAMA,11575,138900,0.5454507321119308,0.9265766143798828,0.9554710865020752,0.799934725848564,0.5939947780678851,0.5906700973263228,1.0,0.0003,1.0,3487.827102661133
depth4_bal_MAMAMAMA,4,MAMAMAMA,11600,139200,0.6799146085977554,0.9984937906265259,1.0569685237748283,0.7251958224543081,0.5522193211488251,0.5371965544244323,1.0,0.0003,1.0,3492.416813135147
depth4_bal_MAMAMAMA,4,MAMAMAMA,11625,139500,0.48338502645492554,0.7982797423998514,0.8009485466139658,0.8515013054830287,0.6540469973890339,0.6607003020472089,1.0,0.0003,1.0,3495.538283109665
depth4_bal_MAMAMAMA,4,MAMAMAMA,11650,139800,0.5814191102981567,0.9352258046468099,0.9356121080262321,0.7682767624020888,0.5848563968668408,0.5879852332475668,1.0,0.0003,1.0,3498.6604509353638
depth4_bal_MAMAMAMA,4,MAMAMAMA,11675,140100,0.6433366189400355,0.8973681529362997,0.9764397808483669,0.7395561357702349,0.6044386422976501,0.5668419286273633,1.0,0.0003,1.0,3505.1186430454254
depth4_bal_MAMAMAMA,4,MAMAMAMA,11700,140400,0.5672965720295906,1.0871327718098958,1.1388629981449672,0.79177545691906,0.52088772845953,0.5207517619420516,1.0,0.0003,1.0,3508.2264997959137
depth4_bal_MAMAMAMA,4,MAMAMAMA,11725,140700,0.4974408646424611,0.8028566439946493,0.8277331403323582,0.8227806788511749,0.6488250652741514,0.6455979416042062,1.0,0.0003,1.0,3511.3547718524933
depth4_bal_MAMAMAMA,4,MAMAMAMA,11750,141000,0.7431159019470215,1.268541733423869,1.2390355927603585,0.6977806788511749,0.45691906005221933,0.47275981653428795,1.0,0.0003,1.0,3514.4535751342773
depth4_bal_MAMAMAMA,4,MAMAMAMA,11775,141300,0.6108209242423376,0.9598613182703654,0.9663599150521415,0.7650130548302873,0.5861618798955613,0.5698624007159637,1.0,0.0003,1.0,3517.682625055313
depth4_bal_MAMAMAMA,4,MAMAMAMA,11800,141600,0.7251625955104828,0.9061139027277628,0.9703132935932705,0.7056135770234987,0.5966057441253264,0.5779169929522318,1.0,0.0003,1.0,3520.8238122463226
depth4_bal_MAMAMAMA,4,MAMAMAMA,11825,141900,0.47485076636075974,0.84031875928243,0.813358291557857,0.837467362924282,0.6266318537859008,0.6462691576238953,1.0,0.0003,1.0,3523.934302330017
depth4_bal_MAMAMAMA,4,MAMAMAMA,11850,142200,0.5151046887040138,0.809127926826477,0.8356442996433803,0.8231070496083551,0.6370757180156658,0.6402282134466942,1.0,0.0003,1.0,3527.0415709018707
depth4_bal_MAMAMAMA,4,MAMAMAMA,11875,142500,0.9318260202805201,1.5459282795588176,1.50457079069955,0.6595953002610966,0.39947780678851175,0.4336055487190961,1.0,0.0003,1.0,3530.5308454036713
depth4_bal_MAMAMAMA,4,MAMAMAMA,11900,142800,0.5235767910877863,0.8096213340759277,0.8094676358359201,0.7973237597911227,0.6475195822454308,0.6534287951672446,1.0,0.0003,1.0,3533.6341836452484
depth4_bal_MAMAMAMA,4,MAMAMAMA,11925,143100,0.5115631197889646,0.8669805725415548,0.9324022480419704,0.8097258485639687,0.6383812010443864,0.595256740127531,1.0,0.0003,1.0,3540.0920922756195
depth4_bal_MAMAMAMA,4,MAMAMAMA,11950,143400,0.577893520394961,0.9923171997070312,1.0503555621419634,0.7689295039164491,0.5391644908616188,0.544132453294552,1.0,0.0003,1.0,3548.4116249084473
depth4_bal_MAMAMAMA,4,MAMAMAMA,11975,143700,0.6228692680597305,0.9200190107027689,0.9210453135626656,0.7522845953002611,0.5835509138381201,0.5983890815527464,1.0,0.0003,1.0,3555.722157716751
depth4_bal_MAMAMAMA,4,MAMAMAMA,12000,144000,0.7838055541117986,0.9756512443224589,1.028543952533177,0.6723237597911227,0.5796344647519582,0.560241637767088,1.0,0.0003,1.0,3563.2738626003265
depth4_bal_MAMAMAMA,4,MAMAMAMA,12025,144300,0.777696559826533,1.02958877881368,1.0653574330466133,0.6873368146214099,0.5613577023498695,0.5335048663161428,1.0,0.0003,1.0,3571.223640680313
depth4_bal_MAMAMAMA,4,MAMAMAMA,12050,144600,0.5380120600263277,0.8455551266670227,0.8822264841624669,0.8100522193211488,0.6005221932114883,0.6073386284819331,1.0,0.0003,1.0,3578.994965314865
depth4_bal_MAMAMAMA,4,MAMAMAMA,12075,144900,0.4247012709577878,0.7985106905301412,0.7724121826035636,0.8825065274151436,0.6631853785900783,0.6838572547264795,1.0,0.0003,1.0,3586.835526943207
depth4_bal_MAMAMAMA,4,MAMAMAMA,12100,145200,0.5277536710103353,0.8556442459424337,0.8613686186926706,0.816579634464752,0.6070496083550914,0.624902114330462,1.0,0.0003,1.0,3594.773851633072
depth4_bal_MAMAMAMA,4,MAMAMAMA,12125,145500,0.49361756692330044,0.9237880110740662,0.9211543185370309,0.8185378590078329,0.5900783289817232,0.592571876048775,1.0,0.0003,1.0,3602.09587430954
depth4_bal_MAMAMAMA,4,MAMAMAMA,12150,145800,0.6177974541982015,0.898811419804891,0.9326781358037676,0.7659921671018277,0.6148825065274152,0.5870902785546481,1.0,0.0003,1.0,3610.0888617038727
depth4_bal_MAMAMAMA,4,MAMAMAMA,12175,146100,0.4987125297387441,0.7745201786359152,0.7890822308404105,0.8273498694516971,0.6788511749347258,0.6763620091732856,1.0,0.0003,1.0,3617.265572309494
depth4_bal_MAMAMAMA,4,MAMAMAMA,12200,146400,0.5489307095607122,0.8581786950429281,0.8459143791879926,0.8074412532637075,0.6488250652741514,0.6263564157064548,1.0,0.0003,1.0,3625.168836593628
depth4_bal_MAMAMAMA,4,MAMAMAMA,12225,146700,0.49171560009320575,0.7944206198056539,0.8216476270130703,0.8263707571801566,0.6409921671018277,0.6541000111869336,1.0,0.0003,1.0,3633.1261899471283
depth4_bal_MAMAMAMA,4,MAMAMAMA,12250,147000,0.4774925336241722,0.810600737730662,0.8226763180324009,0.8475848563968669,0.6383812010443864,0.6438080322183689,1.0,0.0003,1.0,3641.2328147888184
depth4_bal_MAMAMAMA,4,MAMAMAMA,12275,147300,0.6719338893890381,0.8499514063199362,0.8907370039394924,0.7320496083550914,0.618798955613577,0.6068911511354738,1.0,0.0003,1.0,3649.3503127098083
depth4_bal_MAMAMAMA,4,MAMAMAMA,12300,147600,0.5243292649586996,0.8666106661160787,0.8786767193249294,0.8123368146214099,0.6096605744125326,0.6052131110862513,1.0,0.0003,1.0,3657.5758826732635
depth4_bal_MAMAMAMA,4,MAMAMAMA,12325,147900,0.6366042743126551,0.9648565053939819,0.9646697810717991,0.7408616187989556,0.5691906005221932,0.575120259536861,1.0,0.0003,1.0,3664.6505546569824
depth4_bal_MAMAMAMA,4,MAMAMAMA,12350,148200,0.4441316823164622,0.7720301548639933,0.772590730871473,0.8521540469973891,0.674934725848564,0.6716634970354626,1.0,0.0003,1.0,3670.0388498306274
depth4_bal_MAMAMAMA,4,MAMAMAMA,12375,148500,0.6862023870150248,1.0633172194163005,1.0159430061067853,0.7248694516971279,0.5326370757180157,0.5581161203714062,1.0,0.0003,1.0,3673.48694562912
depth4_bal_MAMAMAMA,4,MAMAMAMA,12400,148800,0.7114001860221227,1.0615998109181721,1.1224642310823714,0.7137728459530026,0.5535248041775457,0.531938695603535,1.0,0.0003,1.0,3676.5478222370148
depth4_bal_MAMAMAMA,4,MAMAMAMA,12425,149100,0.6305971046288809,0.9643214146296183,0.982460938181196,0.7451044386422977,0.5796344647519582,0.5742253048439423,1.0,0.0003,1.0,3679.73224902153
depth4_bal_MAMAMAMA,4,MAMAMAMA,12450,149400,0.500401626030604,0.9011774857838949,0.9261558583804539,0.8159268929503917,0.6031331592689295,0.5941380467613827,1.0,0.0003,1.0,3682.7984375953674
depth4_bal_MAMAMAMA,4,MAMAMAMA,12475,149700,0.6638030062119166,1.1581315994262695,1.192629371370588,0.7372715404699739,0.4856396866840731,0.5000559346683074,1.0,0.0003,1.0,3687.696649312973
depth4_bal_MAMAMAMA,4,MAMAMAMA,12500,150000,0.4949537639816602,0.8598088026046753,0.8574815426553999,0.8224543080939948,0.6135770234986945,0.6260208076966104,1.0,0.0003,1.0,3692.6485533714294
depth4_bal_MAMAMAMA,4,MAMAMAMA,12525,150300,0.5029343118270239,0.782255232334137,0.8131095971379961,0.8152741514360313,0.6462140992167101,0.6454860722675915,1.0,0.0003,1.0,3698.0449635982513
depth4_bal_MAMAMAMA,4,MAMAMAMA,12550,150600,0.6520649542411169,1.1104551156361897,1.1019998294966562,0.7281331592689295,0.5313315926892951,0.5386508558004252,1.0,0.0003,1.0,3703.948282957077
depth4_bal_MAMAMAMA,4,MAMAMAMA,12575,150900,0.7538803120454153,1.10938827196757,1.181831625529698,0.6925587467362925,0.5130548302872062,0.5034120147667525,1.0,0.0003,1.0,3707.4868314266205
depth4_bal_MAMAMAMA,4,MAMAMAMA,12600,151200,0.867626890540123,1.1281806230545044,1.1621902772358486,0.6468668407310705,0.4804177545691906,0.480143192750867,1.0,0.0003,1.0,3710.664900302887
depth4_bal_MAMAMAMA,4,MAMAMAMA,12625,151500,0.5740173930923144,0.7941453258196512,0.7963104827063424,0.7777415143603134,0.660574412532637,0.6571204832755342,1.0,0.0003,1.0,3713.7201087474823
depth4_bal_MAMAMAMA,4,MAMAMAMA,12650,151800,0.6808349291483561,0.9818612535794576,0.9801386151994977,0.7121409921671018,0.5835509138381201,0.5742253048439423,1.0,0.0003,1.0,3716.7740263938904
depth4_bal_MAMAMAMA,4,MAMAMAMA,12675,152100,0.7034273892641068,1.0081491470336914,1.0375858460153853,0.7154046997389034,0.566579634464752,0.5418950665622553,1.0,0.0003,1.0,3719.855831384659
depth4_bal_MAMAMAMA,4,MAMAMAMA,12700,152400,0.9688242226839066,1.412092685699463,1.320422901426043,0.6726501305483029,0.4869451697127937,0.5017339747175299,1.0,0.0003,1.0,3723.4084379673004
depth4_bal_MAMAMAMA,4,MAMAMAMA,12725,152700,0.4914134119947751,0.7824275692303976,0.8195116928645543,0.837467362924282,0.6357702349869452,0.6388857814073162,1.0,0.0003,1.0,3730.9475662708282
depth4_bal_MAMAMAMA,4,MAMAMAMA,12750,153000,0.5000990057984988,0.7218668063481649,0.7692625182015556,0.8201697127937336,0.685378590078329,0.6665175075511802,1.0,0.0003,1.0,3739.1356086730957
depth4_bal_MAMAMAMA,4,MAMAMAMA,12775,153300,0.7165294289588928,1.1521225372950237,1.1996774094445364,0.7003916449086162,0.489556135770235,0.4657120483275534,1.0,0.0003,1.0,3746.873790025711
depth4_bal_MAMAMAMA,4,MAMAMAMA,12800,153600,0.5372616151968638,0.8030258019765218,0.815559560911996,0.7953655352480418,0.6370757180156658,0.6461572882872805,1.0,0.0003,1.0,3755.1778950691223
depth4_bal_MAMAMAMA,4,MAMAMAMA,12825,153900,1.4357790251572926,1.4338291486104329,1.4276518038340977,0.4556135770234987,0.3825065274151436,0.3953462355968229,1.0,0.0003,1.0,3763.284754753113
depth4_bal_MAMAMAMA,4,MAMAMAMA,12850,154200,0.6102739870548248,0.951614260673523,0.9372408917972019,0.7637075718015666,0.597911227154047,0.5991721669090502,1.0,0.0003,1.0,3771.542825937271
depth4_bal_MAMAMAMA,4,MAMAMAMA,12875,154500,0.5929204573233923,0.8288148045539856,0.8406590070043292,0.8028720626631853,0.6266318537859008,0.6368721333482492,1.0,0.0003,1.0,3779.6265778541565
depth4_bal_MAMAMAMA,4,MAMAMAMA,12900,154800,0.6175351093212763,1.0522515376408894,1.0433222106524875,0.7542428198433421,0.52088772845953,0.5369728157512026,1.0,0.0003,1.0,3786.908456325531
depth4_bal_MAMAMAMA,4,MAMAMAMA,12925,155100,0.6142843266328176,0.8757657806078593,0.8652291229793003,0.7643603133159269,0.5848563968668408,0.6152813513815863,1.0,0.0003,1.0,3791.352119922638
depth4_bal_MAMAMAMA,4,MAMAMAMA,12950,155400,0.750208189090093,1.1372398138046265,1.1278070960726057,0.6752610966057441,0.5117493472584856,0.5110191296565612,1.0,0.0003,1.0,3794.456127643585
depth4_bal_MAMAMAMA,4,MAMAMAMA,12975,155700,0.6950391431649526,1.0031296809514363,1.0229750411851066,0.720626631853786,0.5626631853785901,0.5536413469068129,1.0,0.0003,1.0,3797.620596885681
depth4_bal_MAMAMAMA,4,MAMAMAMA,13000,156000,0.5967088143030802,0.8654644091924032,0.8912522435188294,0.7823107049608355,0.6266318537859008,0.6089047991945408,1.0,0.0003,1.0,3800.71177649498
depth4_bal_MAMAMAMA,4,MAMAMAMA,13025,156300,0.4749196469783783,0.7986571391423544,0.8075934273856027,0.8697780678851175,0.6684073107049608,0.6667412462244099,1.0,0.0003,1.0,3804.159209728241
depth4_bal_MAMAMAMA,4,MAMAMAMA,13050,156600,0.7311858236789703,1.0192950169245403,0.9969260590417045,0.7036553524804178,0.5704960835509139,0.5630383711824589,1.0,0.0003,1.0,3807.216661453247
depth4_bal_MAMAMAMA,4,MAMAMAMA,13075,156900,0.6712294965982437,0.9008996685345968,0.9317180258887154,0.7180156657963447,0.6018276762402088,0.5974941268598277,1.0,0.0003,1.0,3814.816354036331
depth4_bal_MAMAMAMA,4,MAMAMAMA,13100,157200,0.517603782316049,0.7882573405901591,0.7876907127244132,0.8071148825065274,0.6814621409921671,0.6610359100570533,1.0,0.0003,1.0,3823.029714822769
depth4_bal_MAMAMAMA,4,MAMAMAMA,13125,157500,0.5926324327786764,0.9024809002876282,0.8930940151214599,0.7594647519582245,0.6161879895561357,0.614162658015438,1.0,0.0003,1.0,3831.231185436249
depth4_bal_MAMAMAMA,4,MAMAMAMA,13150,157800,0.43755211184422177,0.7091959118843079,0.7213278242519924,0.8828328981723238,0.7049608355091384,0.705000559346683,1.0,0.0003,1.0,3839.4856424331665
depth4_bal_MAMAMAMA,4,MAMAMAMA,13175,158100,0.7195078084866205,1.0126516222953796,1.0321105037416731,0.6994125326370757,0.5391644908616188,0.5415594585524108,1.0,0.0003,1.0,3847.8201241493225
depth4_bal_MAMAMAMA,4,MAMAMAMA,13200,158400,0.5244147951404253,0.8276475071907043,0.8226659332002912,0.810378590078329,0.6488250652741514,0.6543237498601633,1.0,0.0003,1.0,3855.9788093566895
depth4_bal_MAMAMAMA,4,MAMAMAMA,13225,158700,0.393655759592851,0.7298198342323303,0.7397736838885716,0.8844647519582245,0.6919060052219321,0.695603535071037,1.0,0.0003,1.0,3863.6760120391846
depth4_bal_MAMAMAMA,4,MAMAMAMA,13250,159000,0.5780901958545049,0.886380155881246,0.9086034025464739,0.7656657963446475,0.6122715404699739,0.6096878845508447,1.0,0.0003,1.0,3872.0702826976776
depth4_bal_MAMAMAMA,4,MAMAMAMA,13275,159300,0.6496488650639852,0.9707295099894205,1.0089423026357378,0.7385770234986945,0.5652741514360313,0.5583398590446359,1.0,0.0003,1.0,3880.306959629059
depth4_bal_MAMAMAMA,4,MAMAMAMA,13300,159600,0.8193986962238947,1.2178357442220051,1.2493804284504482,0.6494778067885117,0.4856396866840731,0.4679494350598501,1.0,0.0003,1.0,3888.280730485916
depth4_bal_MAMAMAMA,4,MAMAMAMA,13325,159900,0.5863490700721741,0.960152824719747,1.0113428030695235,0.7689295039164491,0.5691906005221932,0.561584069806466,1.0,0.0003,1.0,3896.4784326553345
depth4_bal_MAMAMAMA,4,MAMAMAMA,13350,160200,0.6593193809191386,1.1543116966883342,1.140253051689693,0.7163838120104439,0.5065274151436031,0.5309318715740016,1.0,0.0003,1.0,3904.6830484867096
depth4_bal_MAMAMAMA,4,MAMAMAMA,13375,160500,0.4406709124644597,0.7244047323862711,0.7519675271851676,0.8763054830287206,0.7180156657963447,0.6997427005257859,1.0,0.0003,1.0,3912.8751695156097
depth4_bal_MAMAMAMA,4,MAMAMAMA,13400,160800,0.509895883500576,0.8310192028681437,0.8286418029240199,0.8149477806788512,0.6266318537859008,0.6410112988029981,1.0,0.0003,1.0,3921.1393644809723
depth4_bal_MAMAMAMA,4,MAMAMAMA,13425,161100,0.5530308708548546,0.8829464515050253,0.8920804398400443,0.7973237597911227,0.6174934725848564,0.6085691911846963,1.0,0.0003,1.0,3929.0630700588226
depth4_bal_MAMAMAMA,4,MAMAMAMA,13450,161400,0.8418872753779093,1.4790817101796467,1.4779181718826293,0.6589425587467362,0.43733681462140994,0.44322631166797183,1.0,0.0003,1.0,3936.559483528137
depth4_bal_MAMAMAMA,4,MAMAMAMA,13475,161700,0.5536569803953171,0.9108429749806722,0.9187662703650338,0.8022193211488251,0.5939947780678851,0.5963754334936794,1.0,0.0003,1.0,3944.7532999515533
depth4_bal_MAMAMAMA,4,MAMAMAMA,13500,162000,0.6035797148942947,0.9884011546770731,0.9384808846882411,0.7699086161879896,0.5548302872062664,0.5916769213558564,1.0,0.0003,1.0,3952.976067304611
depth4_bal_MAMAMAMA,4,MAMAMAMA,13525,162300,0.6986039181550344,1.1168230374654133,1.1041060549872261,0.7023498694516971,0.5104438642297651,0.515829511130999,1.0,0.0003,1.0,3961.1855323314667
depth4_bal_MAMAMAMA,4,MAMAMAMA,13550,162600,0.5138897572954496,0.8869481086730957,0.8930147528648377,0.8097258485639687,0.5939947780678851,0.6082335831748518,1.0,0.0003,1.0,3969.5146951675415
depth4_bal_MAMAMAMA,4,MAMAMAMA,13575,162900,0.4745869015653928,0.9316190679868063,0.9017382604735238,0.831266318537859,0.618798955613577,0.6105828392437633,1.0,0.0003,1.0,3977.4832355976105
depth4_bal_MAMAMAMA,4,MAMAMAMA,13600,163200,0.7876015106836954,1.1070562203725178,1.1518975836890084,0.6977806788511749,0.5456919060052219,0.51515829511131,1.0,0.0003,1.0,3985.082793712616
depth4_bal_MAMAMAMA,4,MAMAMAMA,13625,163500,0.5599953706065813,0.932608962059021,0.9275857278278896,0.783289817232376,0.6096605744125326,0.5982772122161315,1.0,0.0003,1.0,3993.3058774471283
depth4_bal_MAMAMAMA,4,MAMAMAMA,13650,163800,0.5308330704768499,0.798956036567688,0.7990678565842765,0.7907963446475196,0.6527415143603134,0.6594697393444456,1.0,0.0003,1.0,4001.4650695323944
depth4_bal_MAMAMAMA,4,MAMAMAMA,13675,164100,1.0618227968613307,1.3413461446762085,1.2955197436468942,0.5946475195822454,0.4830287206266319,0.4663832643472424,1.0,0.0003,1.0,4009.6627519130707
depth4_bal_MAMAMAMA,4,MAMAMAMA,13700,164400,0.47346236805121106,0.791184147198995,0.7983375242778233,0.8280026109660574,0.6657963446475196,0.6600290860275199,1.0,0.0003,1.0,4017.8306410312653
depth4_bal_MAMAMAMA,4,MAMAMAMA,13725,164700,0.8079815010229746,1.0833715597788494,1.0983508450644357,0.6746083550913838,0.5104438642297651,0.5084461349144199,1.0,0.0003,1.0,4026.0572679042816
depth4_bal_MAMAMAMA,4,MAMAMAMA,13750,165000,0.45775769899288815,0.8335524201393127,0.8378349866185869,0.8560704960835509,0.643603133159269,0.6557780512361562,1.0,0.0003,1.0,4032.874457359314
depth4_bal_MAMAMAMA,4,MAMAMAMA,13775,165300,0.47052010893821716,0.8074362675348917,0.8036083238465446,0.841710182767624,0.6501305483028721,0.6560017899093858,1.0,0.0003,1.0,4035.9843487739563
depth4_bal_MAMAMAMA,4,MAMAMAMA,13800,165600,0.5582063694794973,0.9806329011917114,0.9836078984396798,0.7823107049608355,0.5483028720626631,0.566953797963978,1.0,0.0003,1.0,4039.044678211212
depth4_bal_MAMAMAMA,4,MAMAMAMA,13825,165900,0.47912802050511044,0.8136657476425171,0.8381372673170907,0.8266971279373369,0.6370757180156658,0.6375433493679382,1.0,0.0003,1.0,4046.9904170036316
depth4_bal_MAMAMAMA,4,MAMAMAMA,13850,166200,0.6084656020005544,1.040563424428304,1.082109454699925,0.7578328981723238,0.5535248041775457,0.5450274079874706,1.0,0.0003,1.0,4053.039069890976
depth4_bal_MAMAMAMA,4,MAMAMAMA,13875,166500,0.4186371589700381,0.7209445834159851,0.7135363033839635,0.883485639686684,0.7075718015665796,0.7143975836223291,1.0,0.0003,1.0,4056.5665888786316
depth4_bal_MAMAMAMA,4,MAMAMAMA,13900,166800,0.5707556903362274,0.957497755686442,0.9475160905293056,0.7783942558746736,0.5966057441253264,0.5916769213558564,1.0,0.0003,1.0,4064.6833243370056
depth4_bal_MAMAMAMA,4,MAMAMAMA,13925,167100,0.42846477776765823,0.7576931317647299,0.7882418734686715,0.8701044386422977,0.6671018276762402,0.6703210649960846,1.0,0.0003,1.0,4072.977381467819
depth4_bal_MAMAMAMA,4,MAMAMAMA,13950,167400,0.6704993595679601,0.9398672382036845,0.9291472945894513,0.7209530026109661,0.5926892950391645,0.5829511130998993,1.0,0.0003,1.0,4081.188826560974
depth4_bal_MAMAMAMA,4,MAMAMAMA,13975,167700,0.5074255565802256,0.8340650598208109,0.7956659402166094,0.810378590078329,0.6462140992167101,0.6617071260767423,1.0,0.0003,1.0,4089.3920817375183
depth4_bal_MAMAMAMA,4,MAMAMAMA,14000,168000,0.7169751773277918,0.9837988217671713,0.9754504867962428,0.7183420365535248,0.5835509138381201,0.5691911846962747,1.0,0.0003,1.0,4097.267454862595
depth4_bal_MAMAMAMA,4,MAMAMAMA,14025,168300,0.5180932953953743,0.8422607580820719,0.8401766845158168,0.8175587467362925,0.6292428198433421,0.6331804452399598,1.0,0.0003,1.0,4105.681788682938
depth4_bal_MAMAMAMA,4,MAMAMAMA,14050,168600,0.8448076546192169,1.1902005672454834,1.263077586037772,0.6589425587467362,0.48172323759791125,0.4819331021367043,1.0,0.0003,1.0,4112.63477563858
depth4_bal_MAMAMAMA,4,MAMAMAMA,14075,168900,0.6531564394632975,0.917561670144399,0.9759801013129098,0.7330287206266318,0.5835509138381201,0.5641570645486073,1.0,0.0003,1.0,4120.83386349678
depth4_bal_MAMAMAMA,4,MAMAMAMA,14100,169200,0.5358808288971583,0.8408348759015402,0.8478861093521118,0.8087467362924282,0.6488250652741514,0.6319498825371965,1.0,0.0003,1.0,4129.173562526703
depth4_bal_MAMAMAMA,4,MAMAMAMA,14125,169500,0.7947628945112228,1.12437903881073,1.163175003869193,0.6719973890339426,0.5182767624020888,0.5057612708356639,1.0,0.0003,1.0,4137.403764009476
depth4_bal_MAMAMAMA,4,MAMAMAMA,14150,169800,0.5851606329282125,0.8344102104504904,0.8573232786996025,0.7581592689295039,0.6383812010443864,0.6280344557556774,1.0,0.0003,1.0,4145.27743268013
depth4_bal_MAMAMAMA,4,MAMAMAMA,14175,170100,0.5192148511608442,0.7825957536697388,0.7919056228228978,0.8619451697127938,0.6788511749347258,0.6832979080434053,1.0,0.0003,1.0,4151.606150150299
depth4_bal_MAMAMAMA,4,MAMAMAMA,14200,170400,0.7381721834341685,0.9346968134244283,0.9879086528505597,0.6892950391644909,0.6057441253263708,0.5661707126076743,1.0,0.0003,1.0,4154.764214515686
depth4_bal_MAMAMAMA,4,MAMAMAMA,14225,170700,0.6774349808692932,0.9445948998133341,0.912440572466169,0.7278067885117493,0.5744125326370757,0.6102472312339188,1.0,0.0003,1.0,4157.8135352134705
depth4_bal_MAMAMAMA,4,MAMAMAMA,14250,171000,0.7698003600041071,1.0938923358917236,1.1063694153513228,0.6759138381201044,0.5430809399477807,0.5336167356527576,1.0,0.0003,1.0,4161.798903465271
depth4_bal_MAMAMAMA,4,MAMAMAMA,14275,171300,0.5129902536670367,0.7640273968378702,0.7966436164719718,0.8107049608355091,0.6788511749347258,0.6560017899093858,1.0,0.0003,1.0,4166.417127609253
depth4_bal_MAMAMAMA,4,MAMAMAMA,14300,171600,0.532609631617864,0.8343717257181803,0.8527582151549203,0.8159268929503917,0.6422976501305483,0.6259089383599955,1.0,0.0003,1.0,4173.490645170212
depth4_bal_MAMAMAMA,4,MAMAMAMA,14325,171900,2.1229821344216666,4.471831321716309,5.1749187878199985,0.4343994778067885,0.24151436031331594,0.2321288734757803,1.0,0.0003,1.0,4181.580848932266
depth4_bal_MAMAMAMA,4,MAMAMAMA,14350,172200,0.7796855022509893,1.1798816919326782,1.2127285752977643,0.6697127937336814,0.5013054830287206,0.4971473319163217,1.0,0.0003,1.0,4189.8046724796295
depth4_bal_MAMAMAMA,4,MAMAMAMA,14375,172500,0.5953261901934942,0.929783284664154,0.9531749061175755,0.7767624020887729,0.5887728459530026,0.587202147891263,1.0,0.0003,1.0,4198.116692066193
depth4_bal_MAMAMAMA,4,MAMAMAMA,14400,172800,0.6393503646055857,0.9567307432492574,0.9941474267414638,0.7483681462140992,0.5796344647519582,0.5632621098556886,1.0,0.0003,1.0,4206.317435264587
depth4_bal_MAMAMAMA,4,MAMAMAMA,14425,173100,0.6350610554218292,0.9711395502090454,0.9832428983279637,0.7447780678851175,0.5953002610966057,0.5821680277435954,1.0,0.0003,1.0,4214.555477142334
depth4_bal_MAMAMAMA,4,MAMAMAMA,14450,173400,0.9338474124670029,1.2345204750696819,1.2297404221126012,0.6253263707571801,0.47911227154047,0.48405861953238616,1.0,0.0003,1.0,4222.603599309921
depth4_bal_MAMAMAMA,4,MAMAMAMA,14475,173700,0.5889399399360021,0.8487863540649414,0.8837517397744316,0.7777415143603134,0.6357702349869452,0.6131558339859045,1.0,0.0003,1.0,4230.3074197769165
depth4_bal_MAMAMAMA,4,MAMAMAMA,14500,174000,0.5137958799799284,0.8550635774930319,0.8410328354154314,0.8025456919060052,0.6201044386422977,0.6307193198344334,1.0,0.0003,1.0,4238.497299909592
depth4_bal_MAMAMAMA,4,MAMAMAMA,14525,174300,0.628765602906545,1.0476457277933757,1.02275652885437,0.75,0.5352480417754569,0.5480478800760712,1.0,0.0003,1.0,4246.72757434845
depth4_bal_MAMAMAMA,4,MAMAMAMA,14550,174600,0.6380174458026886,0.865192731221517,0.8953465921538216,0.7473890339425587,0.6305483028720626,0.6138270500055935,1.0,0.0003,1.0,4252.4335334300995
depth4_bal_MAMAMAMA,4,MAMAMAMA,14575,174900,1.7241151928901672,1.920066475868225,1.8757935115269253,0.40796344647519583,0.304177545691906,0.30663385166125967,1.0,0.0003,1.0,4257.267745018005
depth4_bal_MAMAMAMA,4,MAMAMAMA,14600,175200,0.878390446305275,1.5031068325042725,1.4897190809249878,0.6550261096605744,0.4007832898172324,0.4108960733862848,1.0,0.0003,1.0,4260.655242443085
depth4_bal_MAMAMAMA,4,MAMAMAMA,14625,175500,0.4548771232366562,0.8105437954266866,0.7903779966490609,0.866514360313316,0.6527415143603134,0.6669649848976396,1.0,0.0003,1.0,4263.718050003052
depth4_bal_MAMAMAMA,4,MAMAMAMA,14650,175800,0.7757176558176676,1.2193862994511921,1.165979552268982,0.6736292428198434,0.4908616187989556,0.5074393108848865,1.0,0.0003,1.0,4266.884103298187
depth4_bal_MAMAMAMA,4,MAMAMAMA,14675,176100,0.5181591386596361,0.8322658141454061,0.82547059740339,0.8172323759791122,0.6462140992167101,0.6516388857814073,1.0,0.0003,1.0,4269.948980808258
depth4_bal_MAMAMAMA,4,MAMAMAMA,14700,176400,0.5267274975776672,0.8537816802660624,0.905224415234157,0.8035248041775457,0.6305483028720626,0.610135361897304,1.0,0.0003,1.0,4273.001303911209
depth4_bal_MAMAMAMA,4,MAMAMAMA,14725,176700,0.5039908289909363,0.8971715370814005,0.885173635823386,0.839425587467363,0.6070496083550914,0.6142745273520528,1.0,0.0003,1.0,4276.4179310798645
depth4_bal_MAMAMAMA,4,MAMAMAMA,14750,177000,0.5377956752975782,0.8692174355189005,0.8629833851541792,0.8009138381201044,0.6096605744125326,0.6230003356080098,1.0,0.0003,1.0,4284.723740339279
depth4_bal_MAMAMAMA,4,MAMAMAMA,14775,177300,0.5225287253657976,0.877233107884725,0.8790617040225438,0.8067885117493473,0.6044386422976501,0.605436849759481,1.0,0.0003,1.0,4292.785801887512
depth4_bal_MAMAMAMA,4,MAMAMAMA,14800,177600,0.5339085310697556,1.0326891740163167,0.9905379346438816,0.7934073107049608,0.5496083550913838,0.5883208412574114,1.0,0.0003,1.0,4300.8584089279175
depth4_bal_MAMAMAMA,4,MAMAMAMA,14825,177900,0.5749547233184179,1.0139254331588745,1.0169055002076286,0.7715404699738904,0.5626631853785901,0.5608009844501622,1.0,0.0003,1.0,4308.035150766373
depth4_bal_MAMAMAMA,4,MAMAMAMA,14850,178200,0.56812551120917,0.8773542245229086,0.9055872814995902,0.7806788511749347,0.6227154046997389,0.613491441995749,1.0,0.0003,1.0,4315.1078934669495
depth4_bal_MAMAMAMA,4,MAMAMAMA,14875,178500,0.9658666302760442,1.2229281266530354,1.2341131959642684,0.6135770234986945,0.46475195822454307,0.4564268933885222,1.0,0.0003,1.0,4322.644971609116
depth4_bal_MAMAMAMA,4,MAMAMAMA,14900,178800,1.9110240042209625,2.0644371112187705,2.076276237624032,0.3580287206266319,0.24151436031331594,0.23201700413916546,1.0,0.0003,1.0,4330.779873132706
depth4_bal_MAMAMAMA,4,MAMAMAMA,14925,179100,0.7815215686957041,1.2262587149937947,1.2253200156348092,0.6902741514360313,0.44778067885117495,0.4567625013983667,1.0,0.0003,1.0,4338.972505331039
depth4_bal_MAMAMAMA,4,MAMAMAMA,14950,179400,0.6667678356170654,0.9855339924494425,0.9942370857511248,0.7715404699738904,0.5744125326370757,0.5638214565387627,1.0,0.0003,1.0,4347.090778827667
depth4_bal_MAMAMAMA,4,MAMAMAMA,14975,179700,0.7178037166595459,1.0375868479410808,1.0487919058118547,0.7075718015665796,0.5326370757180157,0.5282470074952456,1.0,0.0003,1.0,4354.529881000519
depth4_bal_MAMAMAMA,4,MAMAMAMA,15000,180000,0.5477234969536463,0.9336456259091696,0.930693587235042,0.816579634464752,0.5718015665796344,0.5849647611589663,1.0,0.0003,1.0,4362.747912406921
depth4_bal_MAMAMAMA,4,MAMAMAMA,15025,180300,0.6929964472850164,1.148639718691508,1.1118191344397408,0.7095300261096605,0.4908616187989556,0.5022933214006041,1.0,0.0003,1.0,4370.689470052719
depth4_bal_MAMAMAMA,4,MAMAMAMA,15050,180600,0.6290682355562845,1.0869239568710327,1.0888050539152963,0.7552219321148825,0.5169712793733682,0.5172838125069918,1.0,0.0003,1.0,4378.874676704407
depth4_bal_MAMAMAMA,4,MAMAMAMA,15075,180900,0.7505641033252081,1.4190040429433186,1.3416810853140695,0.6824412532637075,0.43994778067885115,0.4666070030204721,1.0,0.0003,1.0,4386.826277017593
depth4_bal_MAMAMAMA,4,MAMAMAMA,15100,181200,0.5895578960577647,0.9212602178255717,0.9465560436248779,0.7767624020887729,0.577023498694517,0.5770220382593131,1.0,0.0003,1.0,4395.063549280167
depth4_bal_MAMAMAMA,4,MAMAMAMA,15125,181500,0.5760995919505755,0.9134559233983358,0.9146037953240531,0.7842689295039165,0.5992167101827677,0.5974941268598277,1.0,0.0003,1.0,4403.280925989151
depth4_bal_MAMAMAMA,4,MAMAMAMA,15150,181800,0.5423665915926298,0.8545061349868774,0.8464314086096627,0.7927545691906005,0.6501305483028721,0.6444792482380579,1.0,0.0003,1.0,4411.488474369049
depth4_bal_MAMAMAMA,4,MAMAMAMA,15175,182100,0.7214282105366389,1.1777573029200237,1.224000116756984,0.7023498694516971,0.4765013054830287,0.4812618861170153,1.0,0.0003,1.0,4419.6054611206055
depth4_bal_MAMAMAMA,4,MAMAMAMA,15200,182400,0.9994215071201324,1.2221438090006511,1.2833165100642614,0.595626631853786,0.5130548302872062,0.4887571316702092,1.0,0.0003,1.0,4427.866938591003
depth4_bal_MAMAMAMA,4,MAMAMAMA,15225,182700,0.6963091840346655,1.1644585529963176,1.2127048390252249,0.6994125326370757,0.5274151436031331,0.5128090390423985,1.0,0.0003,1.0,4436.158960580826
depth4_bal_MAMAMAMA,4,MAMAMAMA,15250,183000,0.5719694296518961,0.8219343026479086,0.8452420660427639,0.860313315926893,0.6892950391644909,0.6671887235708692,1.0,0.0003,1.0,4443.961386203766
depth4_bal_MAMAMAMA,4,MAMAMAMA,15275,183300,0.8488788902759552,1.1344060897827148,1.1117029769080027,0.6465404699738904,0.49869451697127937,0.5139277324085468,1.0,0.0003,1.0,4452.011746406555
depth4_bal_MAMAMAMA,4,MAMAMAMA,15300,183600,0.5139556005597115,0.8610308766365051,0.8527970365115575,0.8244125326370757,0.6135770234986945,0.6350822239624119,1.0,0.0003,1.0,4460.147261381149
depth4_bal_MAMAMAMA,4,MAMAMAMA,15325,183900,0.5471127778291702,0.9082675576210022,0.939882515157972,0.7898172323759791,0.6031331592689295,0.5998433829287392,1.0,0.0003,1.0,4468.428551435471
depth4_bal_MAMAMAMA,4,MAMAMAMA,15350,184200,0.7913859238227209,1.2563478151957195,1.2293190445218767,0.674934725848564,0.4765013054830287,0.47309542454413245,1.0,0.0003,1.0,4476.642513036728
depth4_bal_MAMAMAMA,4,MAMAMAMA,15375,184500,0.5355890591939291,0.8248397707939148,0.8925254634448461,0.8048302872062664,0.6488250652741514,0.6224409889249357,1.0,0.0003,1.0,4484.851331710815
depth4_bal_MAMAMAMA,4,MAMAMAMA,15400,184800,0.7354506254196167,1.0696008205413818,1.055213703427996,0.7013707571801566,0.5600522193211488,0.548159749412686,1.0,0.0003,1.0,4492.839586734772
depth4_bal_MAMAMAMA,4,MAMAMAMA,15425,185100,0.5682965765396754,0.8532564242680868,0.870807935510363,0.8080939947780679,0.6331592689295039,0.6344110079427229,1.0,0.0003,1.0,4500.776042222977
depth4_bal_MAMAMAMA,4,MAMAMAMA,15450,185400,0.5280379056930542,0.9165437420209249,0.9173273852893284,0.8218015665796344,0.5887728459530026,0.6006264682850431,1.0,0.0003,1.0,4505.540687799454
depth4_bal_MAMAMAMA,4,MAMAMAMA,15475,185700,0.6889789154132208,0.9033805131912231,0.945943568434034,0.7163838120104439,0.608355091383812,0.5847410224857367,1.0,0.0003,1.0,4513.766227960587
depth4_bal_MAMAMAMA,4,MAMAMAMA,15500,186000,0.7917604595422745,1.0531786680221558,1.0932844110897608,0.6857049608355091,0.5248041775456919,0.5295894395346236,1.0,0.0003,1.0,4520.49613904953
depth4_bal_MAMAMAMA,4,MAMAMAMA,15525,186300,0.5331642677386602,0.8850462834040324,0.928243899345398,0.8159268929503917,0.6135770234986945,0.5997315135921244,1.0,0.0003,1.0,4529.8791337013245
depth4_bal_MAMAMAMA,4,MAMAMAMA,15550,186600,0.703949307401975,1.1308475335439045,1.1218072482517787,0.7150783289817232,0.5352480417754569,0.5189618525562143,1.0,0.0003,1.0,4542.2471034526825
depth4_bal_MAMAMAMA,4,MAMAMAMA,15575,186900,0.6287845174471537,1.1307334502538045,1.1152494192123412,0.7503263707571801,0.5313315926892951,0.5304843942275422,1.0,0.0003,1.0,4550.3600306510925
depth4_bal_MAMAMAMA,4,MAMAMAMA,15600,187200,0.7267897327740988,1.1128139893213909,1.1182968616485596,0.6932114882506527,0.5065274151436031,0.5317149569303053,1.0,0.0003,1.0,4558.393820762634
depth4_bal_MAMAMAMA,4,MAMAMAMA,15625,187500,0.9655057738224665,1.2974108457565308,1.344015952519008,0.6099869451697127,0.4451697127937337,0.4527352052802327,1.0,0.0003,1.0,4566.11377954483
depth4_bal_MAMAMAMA,4,MAMAMAMA,15650,187800,0.4980059986313184,0.9553493658701578,0.9150042159216745,0.8371409921671018,0.5744125326370757,0.6115896632732968,1.0,0.0003,1.0,4574.197466850281
depth4_bal_MAMAMAMA,4,MAMAMAMA,15675,188100,0.49422919750213623,0.8501722613970438,0.8588698983192444,0.8351827676240209,0.6174934725848564,0.6289294104485961,1.0,0.0003,1.0,4582.077835559845
depth4_bal_MAMAMAMA,4,MAMAMAMA,15700,188400,0.5722698221604029,0.8420983751614889,0.8643649952752249,0.777088772845953,0.6253263707571801,0.6316142745273521,1.0,0.0003,1.0,4590.262773513794
depth4_bal_MAMAMAMA,4,MAMAMAMA,15725,188700,0.49245374153057736,0.8619312047958374,0.8707742810249328,0.8247389033942559,0.6122715404699739,0.6323973598836559,1.0,0.0003,1.0,4598.3674483299255
depth4_bal_MAMAMAMA,4,MAMAMAMA,15750,189000,0.520129623512427,1.1352738936742146,1.1452167647225515,0.7969973890339426,0.5,0.5087817429242645,1.0,0.0003,1.0,4606.667875289917
depth4_bal_MAMAMAMA,4,MAMAMAMA,15775,189300,0.5541405628124872,0.8511183063189188,0.8592571343694414,0.8077676240208878,0.6422976501305483,0.6309430585076631,1.0,0.0003,1.0,4614.748241424561
depth4_bal_MAMAMAMA,4,MAMAMAMA,15800,189600,1.021161566178004,1.5360085169474285,1.536499091557094,0.5920365535248042,0.38642297650130547,0.40239400380355744,1.0,0.0003,1.0,4622.64332818985
depth4_bal_MAMAMAMA,4,MAMAMAMA,15825,189900,0.48859305679798126,0.8140024542808533,0.8258652295385088,0.8544386422976501,0.6501305483028721,0.6562255285826155,1.0,0.0003,1.0,4630.796164035797
depth4_bal_MAMAMAMA,4,MAMAMAMA,15850,190200,0.4463631163040797,0.8286248445510864,0.8484781742095947,0.8674934725848564,0.6357702349869452,0.6290412797852108,1.0,0.0003,1.0,4638.5738797187805
depth4_bal_MAMAMAMA,4,MAMAMAMA,15875,190500,0.551458311577638,0.849895695845286,0.9263467499188014,0.7950391644908616,0.6253263707571801,0.6075623671551628,1.0,0.0003,1.0,4646.863321781158
depth4_bal_MAMAMAMA,4,MAMAMAMA,15900,190800,0.42934083193540573,0.7729073166847229,0.8048652155058724,0.8932767624020888,0.6892950391644909,0.6707685423425439,1.0,0.0003,1.0,4654.755302429199
depth4_bal_MAMAMAMA,4,MAMAMAMA,15925,191100,0.6773964514334997,1.1557660102844238,1.1587122235979352,0.7307441253263708,0.49477806788511747,0.5085580042510348,1.0,0.0003,1.0,4662.94331073761
depth4_bal_MAMAMAMA,4,MAMAMAMA,15950,191400,0.621225486199061,1.0841725667317708,1.079743788923536,0.7506527415143603,0.5234986945169713,0.5354066450385949,1.0,0.0003,1.0,4675.845314741135
depth4_bal_MAMAMAMA,4,MAMAMAMA,15975,191700,0.8073097318410873,1.1151655117670696,1.128518067087446,0.6507832898172323,0.52088772845953,0.5090054815974941,1.0,0.0003,1.0,4679.071103096008
depth4_bal_MAMAMAMA,4,MAMAMAMA,16000,192000,0.5604904542366663,0.9539293249448141,0.9379550780568804,0.7859007832898173,0.5848563968668408,0.5853003691688108,1.0,0.0003,1.0,4684.393496990204
depth4_bal_MAMAMAMA,4,MAMAMAMA,16025,192300,0.4960456018646558,0.8862167994181315,0.8772246173449925,0.8237597911227154,0.6292428198433421,0.6287056717753664,1.0,0.0003,1.0,4692.72362112999
depth4_bal_MAMAMAMA,4,MAMAMAMA,16050,192600,0.5158338596423467,0.8697372078895569,0.8787275007792882,0.8182114882506527,0.6148825065274152,0.6271395010627587,1.0,0.0003,1.0,4701.122817993164
depth4_bal_MAMAMAMA,4,MAMAMAMA,16075,192900,0.6775057464838028,1.0872936248779297,1.0924408503941128,0.7245430809399478,0.5287206266318538,0.5289182235149346,1.0,0.0003,1.0,4709.411197185516
depth4_bal_MAMAMAMA,4,MAMAMAMA,16100,193200,0.7482413947582245,1.1169740756352742,1.1254428829465593,0.6837467362924282,0.5091383812010444,0.5210873699518962,1.0,0.0003,1.0,4715.226332187653
depth4_bal_MAMAMAMA,4,MAMAMAMA,16125,193500,0.671145960688591,0.981036384900411,0.9819408978734697,0.7366187989556136,0.5822454308093995,0.5776932542790021,1.0,0.0003,1.0,4721.280153512955
depth4_bal_MAMAMAMA,4,MAMAMAMA,16150,193800,0.8070280055205027,1.1400020917256672,1.1372742312295097,0.6706919060052219,0.5117493472584856,0.5187381138829846,1.0,0.0003,1.0,4724.50653886795
depth4_bal_MAMAMAMA,4,MAMAMAMA,16175,194100,0.459277239938577,0.8681355317433676,0.9082379392215184,0.8560704960835509,0.6318537859007833,0.5914531826826267,1.0,0.0003,1.0,4727.630448818207
depth4_bal_MAMAMAMA,4,MAMAMAMA,16200,194400,0.633969227472941,1.1525006691614788,1.2134684494563512,0.7362924281984334,0.5078328981723238,0.4865197449379125,1.0,0.0003,1.0,4733.038800001144
depth4_bal_MAMAMAMA,4,MAMAMAMA,16225,194700,0.526022344827652,0.8242575526237488,0.8260983960969107,0.8195169712793734,0.6344647519582245,0.6518626244546369,1.0,0.0003,1.0,4741.29296207428
depth4_bal_MAMAMAMA,4,MAMAMAMA,16250,195000,0.7129370247324308,1.3199861844380696,1.3292492185320173,0.7157310704960835,0.4412532637075718,0.44725360778610584,1.0,0.0003,1.0,4749.643792629242
depth4_bal_MAMAMAMA,4,MAMAMAMA,16275,195300,0.5670097048083941,0.94715549548467,0.927262430531638,0.7852480417754569,0.5913838120104439,0.605436849759481,1.0,0.0003,1.0,4757.690592765808
depth4_bal_MAMAMAMA,4,MAMAMAMA,16300,195600,0.8686323513587316,1.6363779703776042,1.5079705953598022,0.6298955613577023,0.37597911227154046,0.40966551068352164,1.0,0.0003,1.0,4765.604687690735
depth4_bal_MAMAMAMA,4,MAMAMAMA,16325,195900,0.5353430931766828,0.9812706708908081,0.9881236348833357,0.7947127937336814,0.5783289817232375,0.583174851773129,1.0,0.0003,1.0,4773.786930799484
depth4_bal_MAMAMAMA,4,MAMAMAMA,16350,196200,0.5857444653908411,1.0001301368077595,1.0549335190228053,0.7702349869451697,0.5757180156657964,0.5483834880859156,1.0,0.0003,1.0,4782.092582941055
depth4_bal_MAMAMAMA,4,MAMAMAMA,16375,196500,0.7552996426820755,1.2472356955210369,1.2250827653067453,0.6755874673629243,0.46736292428198434,0.4722004698512138,1.0,0.0003,1.0,4790.303161621094
depth4_bal_MAMAMAMA,4,MAMAMAMA,16400,196800,0.7035287370284399,0.9724502166112264,0.9908324990953717,0.7209530026109661,0.587467362924282,0.5708692247454973,1.0,0.0003,1.0,4798.495624542236
depth4_bal_MAMAMAMA,4,MAMAMAMA,16425,197100,0.5229706540703773,0.8348583181699117,0.8249784367425101,0.8035248041775457,0.6227154046997389,0.6445911175746728,1.0,0.0003,1.0,4806.816338300705
depth4_bal_MAMAMAMA,4,MAMAMAMA,16450,197400,0.7366707523663839,1.1346996227900188,1.0960235101836069,0.6866840731070496,0.49477806788511747,0.5263452287727933,1.0,0.0003,1.0,4815.129674911499
depth4_bal_MAMAMAMA,4,MAMAMAMA,16475,197700,0.5520493040482203,1.0087707837422688,0.989351783479963,0.7950391644908616,0.5443864229765013,0.5634858485289183,1.0,0.0003,1.0,4823.367688179016
depth4_bal_MAMAMAMA,4,MAMAMAMA,16500,198000,0.6306934704383215,0.9036896626154581,0.9524102483476912,0.743798955613577,0.6122715404699739,0.5802662490211433,1.0,0.0003,1.0,4831.444029569626
depth4_bal_MAMAMAMA,4,MAMAMAMA,16525,198300,0.49658892055352527,0.830163816610972,0.8271797248295375,0.8593342036553525,0.6579634464751958,0.6469403736435843,1.0,0.0003,1.0,4839.532185316086
depth4_bal_MAMAMAMA,4,MAMAMAMA,16550,198600,0.6703630536794662,1.2581483125686646,1.2604794570377895,0.7268276762402088,0.48825065274151436,0.4745497259201253,1.0,0.0003,1.0,4847.352344751358
depth4_bal_MAMAMAMA,4,MAMAMAMA,16575,198900,0.5813305129607519,0.878693679968516,0.9253404549189976,0.7796997389033943,0.6031331592689295,0.5992840362456651,1.0,0.0003,1.0,4855.571912288666
depth4_bal_MAMAMAMA,4,MAMAMAMA,16600,199200,0.605643093585968,0.9236010909080505,0.9365748405456543,0.7676240208877284,0.5926892950391645,0.5894395346235597,1.0,0.0003,1.0,4863.373194217682
depth4_bal_MAMAMAMA,4,MAMAMAMA,16625,199500,0.528849313656489,0.9637187123298645,0.9545786908694676,0.8064621409921671,0.5744125326370757,0.5754558675467054,1.0,0.0003,1.0,4871.618145227432
depth4_bal_MAMAMAMA,4,MAMAMAMA,16650,199800,1.0756783137718837,1.3132186730702717,1.2966486147471836,0.5848563968668408,0.4556135770234987,0.46683074169370176,1.0,0.0003,1.0,4878.647722482681
depth4_bal_MAMAMAMA,4,MAMAMAMA,16675,200100,0.7100633680820465,0.9726247588793436,1.006423774787358,0.7343342036553525,0.5744125326370757,0.5471529253831525,1.0,0.0003,1.0,4881.76340007782
depth4_bal_MAMAMAMA,4,MAMAMAMA,16700,200400,0.9614206701517105,1.644317348798116,1.5932822738374983,0.6328328981723238,0.4046997389033943,0.4098892493567513,1.0,0.0003,1.0,4888.641065597534
depth4_bal_MAMAMAMA,4,MAMAMAMA,16725,200700,0.49381164213021594,0.7989456256230673,0.7915656277111598,0.8120104438642297,0.6579634464751958,0.6658462915314912,1.0,0.0003,1.0,4896.206429719925
depth4_bal_MAMAMAMA,4,MAMAMAMA,16750,201000,0.5117027933398882,0.8046054442723592,0.8049912350518363,0.8407310704960835,0.6422976501305483,0.6495133683857255,1.0,0.0003,1.0,4904.421260356903
depth4_bal_MAMAMAMA,4,MAMAMAMA,16775,201300,0.5785510937372843,0.9438303709030151,0.9523225120135717,0.7761096605744126,0.5718015665796344,0.5762389529030093,1.0,0.0003,1.0,4911.562308073044
depth4_bal_MAMAMAMA,4,MAMAMAMA,16800,201600,0.5718262195587158,0.9197022120157877,0.899581389767783,0.7810052219321149,0.5783289817232375,0.5967110415035238,1.0,0.0003,1.0,4919.557845115662
depth4_bal_MAMAMAMA,4,MAMAMAMA,16825,201900,0.8789563328027725,1.1166328589121501,1.1609239203589303,0.6654699738903395,0.5052219321148825,0.48763843830406084,1.0,0.0003,1.0,4926.651106595993
depth4_bal_MAMAMAMA,4,MAMAMAMA,16850,202200,0.7818761120239893,1.0690923929214478,1.0472551669393266,0.6664490861618799,0.5117493472584856,0.5430137599284036,1.0,0.0003,1.0,4934.86669921875
depth4_bal_MAMAMAMA,4,MAMAMAMA,16875,202500,0.5532863686482111,0.8833511471748352,0.8827444400106158,0.7885117493472585,0.6279373368146214,0.6178543461237275,1.0,0.0003,1.0,4942.526280164719
depth4_bal_MAMAMAMA,4,MAMAMAMA,16900,202800,0.5335093761483828,0.9326123197873434,0.9198389479092189,0.8152741514360313,0.5966057441253264,0.5899988813066338,1.0,0.0003,1.0,4950.816355705261
depth4_bal_MAMAMAMA,4,MAMAMAMA,16925,203100,0.5305346598227819,0.8445205688476562,0.8489616887910025,0.8025456919060052,0.6135770234986945,0.6388857814073162,1.0,0.0003,1.0,4954.30980348587
depth4_bal_MAMAMAMA,4,MAMAMAMA,16950,203400,0.5654298961162567,0.9378515879313151,0.9304571049554008,0.7721932114882507,0.5861618798955613,0.5990602975724354,1.0,0.0003,1.0,4957.373251676559
depth4_bal_MAMAMAMA,4,MAMAMAMA,16975,203700,0.653691440820694,1.0499195257822673,1.0427759562219892,0.7408616187989556,0.5404699738903395,0.5525226535406645,1.0,0.0003,1.0,4960.463161230087
depth4_bal_MAMAMAMA,4,MAMAMAMA,17000,204000,0.7205309023459753,1.0248667200406392,1.0145285810743059,0.7114882506527415,0.5704960835509139,0.554200693589887,1.0,0.0003,1.0,4963.617598056793
depth4_bal_MAMAMAMA,4,MAMAMAMA,17025,204300,1.1439033101002376,1.4437376260757446,1.4495956591197423,0.5466710182767625,0.42036553524804177,0.4095536413469068,1.0,0.0003,1.0,4970.3632917404175
depth4_bal_MAMAMAMA,4,MAMAMAMA,17050,204600,0.8251172453165054,1.1059763034184773,1.0907640082495553,0.6609007832898173,0.49869451697127937,0.5209755006152813,1.0,0.0003,1.0,4973.410526037216
depth4_bal_MAMAMAMA,4,MAMAMAMA,17075,204900,0.5862820148468018,0.9354690512021383,0.9486080186707633,0.7695822454308094,0.5926892950391645,0.589887011970019,1.0,0.0003,1.0,4976.567849397659
depth4_bal_MAMAMAMA,4,MAMAMAMA,17100,205200,0.5100590015451113,0.8782016833623251,0.8694876194000244,0.8521540469973891,0.6318537859007833,0.6334041839131894,1.0,0.0003,1.0,4984.76363492012
depth4_bal_MAMAMAMA,4,MAMAMAMA,17125,205500,0.8457378248373667,1.1764099597930908,1.1223365238734655,0.6563315926892951,0.5065274151436031,0.5290300928515493,1.0,0.0003,1.0,4992.807910442352
depth4_bal_MAMAMAMA,4,MAMAMAMA,17150,205800,0.7968815912803014,1.2626585165659587,1.2412967818123954,0.668733681462141,0.4699738903394256,0.4795838460677928,1.0,0.0003,1.0,5000.994792699814
depth4_bal_MAMAMAMA,4,MAMAMAMA,17175,206100,0.47601315130790073,0.8749721447626749,0.85732490335192,0.8674934725848564,0.6344647519582245,0.6386620427340866,1.0,0.0003,1.0,5009.252900362015
depth4_bal_MAMAMAMA,4,MAMAMAMA,17200,206400,0.4217800994714101,0.8087149063746134,0.8343966722488403,0.8691253263707572,0.6292428198433421,0.6327329678935004,1.0,0.0003,1.0,5017.482792854309
depth4_bal_MAMAMAMA,4,MAMAMAMA,17225,206700,0.5844529817501704,0.8709388375282288,0.8840074981961932,0.8289817232375979,0.6527415143603134,0.6306074504978185,1.0,0.0003,1.0,5025.688136100769
depth4_bal_MAMAMAMA,4,MAMAMAMA,17250,207000,0.6631536980470022,1.0933340390523274,1.0960731676646642,0.7372715404699739,0.5143603133159269,0.5145989484282358,1.0,0.0003,1.0,5033.8842651844025
depth4_bal_MAMAMAMA,4,MAMAMAMA,17275,207300,0.7492772787809372,1.0717175801595051,1.1002021193504334,0.6909268929503917,0.54177545691906,0.5337286049893725,1.0,0.0003,1.0,5041.768081188202
depth4_bal_MAMAMAMA,4,MAMAMAMA,17300,207600,0.5553356731931368,0.850866973400116,0.865672596863338,0.7748041775456919,0.6240208877284595,0.6374314800313234,1.0,0.0003,1.0,5049.824353218079
depth4_bal_MAMAMAMA,4,MAMAMAMA,17325,207900,1.5227370858192444,1.4705008665720622,1.4579759189060757,0.4552872062663185,0.3981723237597911,0.4104485960398255,1.0,0.0003,1.0,5057.716468572617
depth4_bal_MAMAMAMA,4,MAMAMAMA,17350,208200,0.5315563306212425,0.9203053712844849,0.8919534836496625,0.8234334203655352,0.5809399477806788,0.5998433829287392,1.0,0.0003,1.0,5065.932754039764
depth4_bal_MAMAMAMA,4,MAMAMAMA,17375,208500,0.6745093862215678,1.1231203476587932,1.1319059337888444,0.7078981723237598,0.5261096605744126,0.5197449379125182,1.0,0.0003,1.0,5074.272087335587
depth4_bal_MAMAMAMA,4,MAMAMAMA,17400,208800,1.1527728885412216,1.3785344362258911,1.340186755997794,0.5336161879895561,0.391644908616188,0.42364917776037586,1.0,0.0003,1.0,5082.462922096252
depth4_bal_MAMAMAMA,4,MAMAMAMA,17425,209100,1.1295189360777538,1.6052014827728271,1.5650812694004603,0.5411227154046997,0.3733681462140992,0.3852779953014879,1.0,0.0003,1.0,5090.706983089447
depth4_bal_MAMAMAMA,4,MAMAMAMA,17450,209400,0.6524251202742258,0.9976937770843506,0.9945365224565779,0.7395561357702349,0.587467362924282,0.5859715851884998,1.0,0.0003,1.0,5099.009022951126
depth4_bal_MAMAMAMA,4,MAMAMAMA,17475,209700,0.7714987496534983,1.2580994367599487,1.3189518894468035,0.664490861618799,0.4725848563968668,0.46850878174292426,1.0,0.0003,1.0,5107.18986415863
depth4_bal_MAMAMAMA,4,MAMAMAMA,17500,210000,0.5524142409364382,0.9711621403694153,0.9603295155933925,0.7790469973890339,0.597911227154047,0.5866428012081888,1.0,0.0003,1.0,5115.2242114543915
depth4_bal_MAMAMAMA,4,MAMAMAMA,17525,210300,0.6731825222571691,1.2837344805399578,1.2594282695225307,0.7137728459530026,0.46736292428198434,0.480814408770556,1.0,0.0003,1.0,5123.3533663749695
depth4_bal_MAMAMAMA,4,MAMAMAMA,17550,210600,0.505410390595595,0.8794896205266317,0.8849298902920314,0.8547650130548303,0.6161879895561357,0.6259089383599955,1.0,0.0003,1.0,5131.586400270462
depth4_bal_MAMAMAMA,4,MAMAMAMA,17575,210900,0.5891948093970617,1.1415131290753682,1.0366405589239938,0.7996083550913838,0.5639686684073107,0.5793712943282247,1.0,0.0003,1.0,5139.852889299393
depth4_bal_MAMAMAMA,4,MAMAMAMA,17600,211200,0.555141399304072,0.9855393568674723,0.9554833344050816,0.8038511749347258,0.5600522193211488,0.5762389529030093,1.0,0.0003,1.0,5147.876802682877
depth4_bal_MAMAMAMA,4,MAMAMAMA,17625,211500,0.571715459227562,1.052839457988739,1.085803154536656,0.7796997389033943,0.5365535248041775,0.5395458104933438,1.0,0.0003,1.0,5156.149122476578
depth4_bal_MAMAMAMA,4,MAMAMAMA,17650,211800,0.7224247852961222,1.1053104003270466,1.1322467872074673,0.6909268929503917,0.5352480417754569,0.5224298019912742,1.0,0.0003,1.0,5164.506422996521
depth4_bal_MAMAMAMA,4,MAMAMAMA,17675,212100,0.4985155984759331,0.9933094580968221,1.0290519612176077,0.8149477806788512,0.5757180156657964,0.5599060297572436,1.0,0.0003,1.0,5172.375927209854
depth4_bal_MAMAMAMA,4,MAMAMAMA,17700,212400,0.5494203319152197,0.9375195304552714,0.9467146754264831,0.7816579634464752,0.5939947780678851,0.5809374650408323,1.0,0.0003,1.0,5180.273882865906
depth4_bal_MAMAMAMA,4,MAMAMAMA,17725,212700,0.5496571014324824,1.016571005185445,1.000052789279393,0.7960182767624021,0.5600522193211488,0.5718760487750307,1.0,0.0003,1.0,5188.244590997696
depth4_bal_MAMAMAMA,4,MAMAMAMA,17750,213000,0.5273850411176682,0.961710512638092,0.9942378946713039,0.7973237597911227,0.5678851174934726,0.5616959391430809,1.0,0.0003,1.0,5196.427347898483
depth4_bal_MAMAMAMA,4,MAMAMAMA,17775,213300,0.47092637171347934,0.8995660742123922,0.8638151628630502,0.8453002610966057,0.6279373368146214,0.6317261438639669,1.0,0.0003,1.0,5204.265997171402
depth4_bal_MAMAMAMA,4,MAMAMAMA,17800,213600,0.5863964507977167,0.9330741763114929,0.9210553033011301,0.7607702349869452,0.6070496083550914,0.6044300257299474,1.0,0.0003,1.0,5212.380886554718
depth4_bal_MAMAMAMA,4,MAMAMAMA,17825,213900,0.4908650691310565,0.9364248911539713,0.913126357964107,0.8227806788511749,0.5718015665796344,0.588544579930641,1.0,0.0003,1.0,5215.750596046448
depth4_bal_MAMAMAMA,4,MAMAMAMA,17850,214200,0.5026559059818586,0.9337806900342306,0.9207781842776708,0.8195169712793734,0.6096605744125326,0.6025282470074953,1.0,0.0003,1.0,5223.427560091019
depth4_bal_MAMAMAMA,4,MAMAMAMA,17875,214500,0.46134773393472034,0.8512123028437296,0.8515214477266584,0.8488903394255874,0.6292428198433421,0.6337397919230339,1.0,0.0003,1.0,5231.232405662537
depth4_bal_MAMAMAMA,4,MAMAMAMA,17900,214800,0.5623044719298681,0.8753746946652731,0.9035947407994952,0.7774151436031331,0.6201044386422977,0.5977178655330574,1.0,0.0003,1.0,5239.427884817123
depth4_bal_MAMAMAMA,4,MAMAMAMA,17925,215100,1.104739914337794,1.2824912468592327,1.2479331084660121,0.5502610966057441,0.40339425587467365,0.4355073274415483,1.0,0.0003,1.0,5247.410750865936
depth4_bal_MAMAMAMA,4,MAMAMAMA,17950,215400,0.7608570208152136,1.2406846682230632,1.2287767001560757,0.6840731070496083,0.4516971279373368,0.479471976731178,1.0,0.0003,1.0,5255.613847732544
depth4_bal_MAMAMAMA,4,MAMAMAMA,17975,215700,0.4492573415239652,0.8124150037765503,0.829201786858695,0.8593342036553525,0.6553524804177546,0.6541000111869336,1.0,0.0003,1.0,5263.763739109039
depth4_bal_MAMAMAMA,4,MAMAMAMA,18000,216000,0.45827606568733853,0.7927154898643494,0.791800091947828,0.8423629242819843,0.6814621409921671,0.6746839691240631,1.0,0.0003,1.0,5271.937134742737
depth4_bal_MAMAMAMA,4,MAMAMAMA,18025,216300,1.2345156073570251,1.4952459732691448,1.516443361554827,0.5137075718015666,0.39425587467362927,0.3876272513703994,1.0,0.0003,1.0,5279.972271680832
depth4_bal_MAMAMAMA,4,MAMAMAMA,18050,216600,0.6225731919209162,1.0003236532211304,0.9731282132012503,0.7617493472584856,0.5535248041775457,0.5601297684304732,1.0,0.0003,1.0,5287.923083782196
depth4_bal_MAMAMAMA,4,MAMAMAMA,18075,216900,10.708691120147705,5.429638385772705,5.4051352364676335,0.08648825065274152,0.048302872062663184,0.04575455867546705,1.0,0.0003,1.0,5295.962836265564
depth4_bal_MAMAMAMA,4,MAMAMAMA,18100,217200,1.668950508038203,2.043022950490316,2.0275881903512136,0.4252610966057441,0.2454308093994778,0.25170600738337623,1.0,0.0003,1.0,5304.357867479324
depth4_bal_MAMAMAMA,4,MAMAMAMA,18125,217500,1.1433222393194835,1.5031842788060505,1.5310476405279978,0.5809399477806788,0.37597911227154046,0.37420293097661933,1.0,0.0003,1.0,5312.402641773224
depth4_bal_MAMAMAMA,4,MAMAMAMA,18150,217800,1.018388956785202,1.502460281054179,1.4746168511254447,0.6008485639686684,0.35117493472584854,0.3897527687660812,1.0,0.0003,1.0,5319.841280698776
depth4_bal_MAMAMAMA,4,MAMAMAMA,18175,218100,1.1338130831718445,1.4040273427963257,1.4177515370505196,0.5512402088772846,0.3733681462140992,0.38315247790580603,1.0,0.0003,1.0,5327.978240966797
depth4_bal_MAMAMAMA,4,MAMAMAMA,18200,218400,1.2478688557942708,1.7234186331431072,1.700979995727539,0.4902088772845953,0.3002610966057441,0.31547152925383154,1.0,0.0003,1.0,5336.221453905106
depth4_bal_MAMAMAMA,4,MAMAMAMA,18225,218700,0.9437557409207026,1.5124725500742595,1.4964144877025058,0.6054177545691906,0.3838120104438642,0.3853898646381027,1.0,0.0003,1.0,5343.530903816223
depth4_bal_MAMAMAMA,4,MAMAMAMA,18250,219000,0.8428755899270376,1.3147964477539062,1.3099361760275705,0.6710182767624021,0.4308093994778068,0.4230898310773017,1.0,0.0003,1.0,5351.666661262512
depth4_bal_MAMAMAMA,4,MAMAMAMA,18275,219300,0.8714796801408132,1.2425963083902996,1.2099769626344954,0.6455613577023499,0.4321148825065274,0.4633627922586419,1.0,0.0003,1.0,5359.032321929932
depth4_bal_MAMAMAMA,4,MAMAMAMA,18300,219600,0.8094234714905421,1.2207471132278442,1.1414397954940796,0.6739556135770235,0.4556135770234987,0.4997203266584629,1.0,0.0003,1.0,5366.809161424637
depth4_bal_MAMAMAMA,4,MAMAMAMA,18325,219900,0.8531055202086767,1.169436772664388,1.147923469543457,0.6426240208877284,0.4856396866840731,0.48495357422530483,1.0,0.0003,1.0,5375.072247982025
depth4_bal_MAMAMAMA,4,MAMAMAMA,18350,220200,0.7480038454135259,1.2737230857213337,1.2929175615310669,0.6889686684073107,0.45039164490861616,0.4365141514710818,1.0,0.0003,1.0,5383.310175180435
depth4_bal_MAMAMAMA,4,MAMAMAMA,18375,220500,0.6302623301744461,0.9402711391448975,0.9389637129647391,0.7601174934725848,0.597911227154047,0.5891039266137151,1.0,0.0003,1.0,5391.487012624741
depth4_bal_MAMAMAMA,4,MAMAMAMA,18400,220800,0.6491946578025818,1.0157488385836284,1.016577868802207,0.7506527415143603,0.5639686684073107,0.5509564828280569,1.0,0.0003,1.0,5399.463970899582
depth4_bal_MAMAMAMA,4,MAMAMAMA,18425,221100,0.7365069091320038,1.0003600716590881,1.013154103074755,0.6906005221932114,0.5548302872062664,0.5544244322631167,1.0,0.0003,1.0,5407.561735391617
depth4_bal_MAMAMAMA,4,MAMAMAMA,18450,221400,0.7333790510892868,1.1295618216196697,1.1026163254465375,0.6863577023498695,0.5091383812010444,0.5281351381586307,1.0,0.0003,1.0,5415.744147062302
depth4_bal_MAMAMAMA,4,MAMAMAMA,18475,221700,0.695102463165919,1.0537815888722737,1.061006804874965,0.7170365535248042,0.556135770234987,0.5359659917216691,1.0,0.0003,1.0,5423.729619264603
depth4_bal_MAMAMAMA,4,MAMAMAMA,18500,222000,0.6069206247727076,0.8788377245267233,0.9081140620367868,0.7597911227154047,0.618798955613577,0.5998433829287392,1.0,0.0003,1.0,5431.614541769028
depth4_bal_MAMAMAMA,4,MAMAMAMA,18525,222300,1.1253616164127986,1.3166173696517944,1.3559792178017753,0.5659268929503917,0.4660574412532637,0.45351829063653654,1.0,0.0003,1.0,5439.273572444916
depth4_bal_MAMAMAMA,4,MAMAMAMA,18550,222600,0.59547358751297,0.8499751091003418,0.8644958921841213,0.8253916449086162,0.6618798955613577,0.6340753999328784,1.0,0.0003,1.0,5445.9682512283325
depth4_bal_MAMAMAMA,4,MAMAMAMA,18575,222900,0.723314086596171,1.2178096771240234,1.21265766620636,0.7052872062663186,0.47911227154047,0.48573665958160867,1.0,0.0003,1.0,5451.198728322983
depth4_bal_MAMAMAMA,4,MAMAMAMA,18600,223200,0.7751181274652481,1.030719478925069,1.007984357220786,0.7085509138381201,0.5574412532637075,0.5612484617966216,1.0,0.0003,1.0,5454.26052570343
depth4_bal_MAMAMAMA,4,MAMAMAMA,18625,223500,0.6802933514118195,0.9876569906870524,1.013022358076913,0.710509138381201,0.5496083550913838,0.543461237274863,1.0,0.0003,1.0,5460.11372423172
depth4_bal_MAMAMAMA,4,MAMAMAMA,18650,223800,0.6114332377910614,0.9923722545305887,1.0094713023730686,0.7568537859007833,0.5744125326370757,0.5663944512809039,1.0,0.0003,1.0,5466.991561174393
depth4_bal_MAMAMAMA,4,MAMAMAMA,18675,224100,0.5951633900403976,0.8488285938898722,0.850560975074768,0.7663185378590078,0.6253263707571801,0.6383264347242421,1.0,0.0003,1.0,5475.0087151527405
depth4_bal_MAMAMAMA,4,MAMAMAMA,18700,224400,0.5797003656625748,0.9282091657320658,0.911527122770037,0.7734986945169713,0.5822454308093995,0.5948092627810717,1.0,0.0003,1.0,5482.993803262711
depth4_bal_MAMAMAMA,4,MAMAMAMA,18725,224700,0.7907557934522629,1.1832202275594075,1.1908612796238491,0.6706919060052219,0.489556135770235,0.4676138270500056,1.0,0.0003,1.0,5491.078469991684
depth4_bal_MAMAMAMA,4,MAMAMAMA,18750,225000,0.6514683365821838,0.9547278881072998,0.9339574881962367,0.7421671018276762,0.5926892950391645,0.5899988813066338,1.0,0.0003,1.0,5498.883969068527
depth4_bal_MAMAMAMA,4,MAMAMAMA,18775,225300,0.578432559967041,0.8990519444147745,0.890492342199598,0.7842689295039165,0.5953002610966057,0.6105828392437633,1.0,0.0003,1.0,5507.150426149368
depth4_bal_MAMAMAMA,4,MAMAMAMA,18800,225600,0.7614626487096151,1.1196718215942383,1.1788644620350428,0.6928851174934726,0.5404699738903395,0.5050900548159749,1.0,0.0003,1.0,5515.258673429489
depth4_bal_MAMAMAMA,4,MAMAMAMA,18825,225900,0.5891277541716894,0.8825873136520386,0.8483719059399196,0.7780678851174935,0.6122715404699739,0.6332923145765745,1.0,0.0003,1.0,5522.987859487534
depth4_bal_MAMAMAMA,4,MAMAMAMA,18850,226200,0.9567624082167944,1.2691299517949421,1.24069687298366,0.6201044386422977,0.4869451697127937,0.4887571316702092,1.0,0.0003,1.0,5530.89625787735
depth4_bal_MAMAMAMA,4,MAMAMAMA,18875,226500,0.4970880423982938,0.7834958036740621,0.8050159011568342,0.8182114882506527,0.6553524804177546,0.6528694484841705,1.0,0.0003,1.0,5538.974730968475
depth4_bal_MAMAMAMA,4,MAMAMAMA,18900,226800,1.039972056945165,1.3537304401397705,1.3006759984152658,0.5744125326370757,0.43733681462140994,0.4659357870007831,1.0,0.0003,1.0,5547.020823717117
depth4_bal_MAMAMAMA,4,MAMAMAMA,18925,227100,0.45409955581029254,0.8025073409080505,0.8031346116747174,0.8704308093994778,0.6449086161879896,0.6570086139389193,1.0,0.0003,1.0,5554.832766532898
depth4_bal_MAMAMAMA,4,MAMAMAMA,18950,227400,0.6341323703527451,0.9472066760063171,0.9466185433523996,0.7659921671018277,0.5626631853785901,0.5753439982100906,1.0,0.0003,1.0,5563.087868452072
depth4_bal_MAMAMAMA,4,MAMAMAMA,18975,227700,0.5625481059153875,0.9216931660970052,0.9528652003833226,0.7878590078328982,0.5744125326370757,0.5722116567848753,1.0,0.0003,1.0,5571.2086799144745
depth4_bal_MAMAMAMA,4,MAMAMAMA,19000,228000,0.4822586576143901,1.0091570019721985,0.9775183064596994,0.8299608355091384,0.5469973890339426,0.5656113659246,1.0,0.0003,1.0,5579.298271656036
depth4_bal_MAMAMAMA,4,MAMAMAMA,19025,228300,0.5626085450251898,0.8438082337379456,0.827193638256618,0.8120104438642297,0.6475195822454308,0.6555543125629265,1.0,0.0003,1.0,5587.8149127960205
depth4_bal_MAMAMAMA,4,MAMAMAMA,19050,228600,0.5350060537457466,0.7920865217844645,0.8385207601955958,0.8015665796344648,0.6383812010443864,0.6368721333482492,1.0,0.0003,1.0,5596.0154774188995
depth4_bal_MAMAMAMA,4,MAMAMAMA,19075,228900,0.5382820765177408,0.8335593938827515,0.8118919236319405,0.8123368146214099,0.6710182767624021,0.6548830965432375,1.0,0.0003,1.0,5603.265111684799
depth4_bal_MAMAMAMA,4,MAMAMAMA,19100,229200,0.5394222314159075,0.9477304021517435,0.9101855618613107,0.816579634464752,0.6005221932114883,0.6137151806689787,1.0,0.0003,1.0,5611.189855098724
depth4_bal_MAMAMAMA,4,MAMAMAMA,19125,229500,0.6100433717171351,0.9101895093917847,0.8950881821768625,0.7496736292428199,0.6031331592689295,0.6187493008166461,1.0,0.0003,1.0,5619.489125967026
depth4_bal_MAMAMAMA,4,MAMAMAMA,19150,229800,0.5366252536574999,0.9053537249565125,0.8990713034357344,0.8031984334203656,0.5887728459530026,0.5963754334936794,1.0,0.0003,1.0,5627.166936159134
depth4_bal_MAMAMAMA,4,MAMAMAMA,19175,230100,0.517347477376461,0.8757718404134115,0.8729879702840533,0.8377937336814621,0.6370757180156658,0.6174068687772681,1.0,0.0003,1.0,5635.427197933197
depth4_bal_MAMAMAMA,4,MAMAMAMA,19200,230400,0.5887152949968973,1.1180728673934937,1.11802887405668,0.7715404699738904,0.5600522193211488,0.5379796397807362,1.0,0.0003,1.0,5643.581648349762
depth4_bal_MAMAMAMA,4,MAMAMAMA,19225,230700,0.5636710077524185,0.9517625371615092,0.9287415623664856,0.8048302872062664,0.5509138381201044,0.5823917664168251,1.0,0.0003,1.0,5651.887927770615
depth4_bal_MAMAMAMA,4,MAMAMAMA,19250,231000,0.9698796023925146,1.1449967622756958,1.1332133020673478,0.6054177545691906,0.5182767624020888,0.5094529589439535,1.0,0.0003,1.0,5660.090085268021
depth4_bal_MAMAMAMA,4,MAMAMAMA,19275,231300,0.6739989022413889,1.183021068572998,1.225309453691755,0.7222584856396866,0.5,0.4819331021367043,1.0,0.0003,1.0,5668.270062446594
depth4_bal_MAMAMAMA,4,MAMAMAMA,19300,231600,0.6021093477805456,0.9038915634155273,0.9233158929007393,0.7630548302872062,0.6057441253263708,0.5957042174739904,1.0,0.0003,1.0,5676.483664512634
depth4_bal_MAMAMAMA,4,MAMAMAMA,19325,231900,0.6976844122012457,1.0368420680363972,1.0034524900572641,0.7085509138381201,0.5430809399477807,0.5632621098556886,1.0,0.0003,1.0,5684.755531787872
depth4_bal_MAMAMAMA,4,MAMAMAMA,19350,232200,0.8172607173522314,1.0580159028371174,1.0404630950519016,0.7418407310704961,0.5626631853785901,0.5650520192415259,1.0,0.0003,1.0,5692.946580886841
depth4_bal_MAMAMAMA,4,MAMAMAMA,19375,232500,0.559032512207826,1.0456801255544026,1.0301769988877432,0.783289817232376,0.5339425587467362,0.546146101353619,1.0,0.0003,1.0,5701.091348171234
depth4_bal_MAMAMAMA,4,MAMAMAMA,19400,232800,0.6534087310234705,1.1030937433242798,1.083148843901498,0.7379242819843342,0.5509138381201044,0.544803669314241,1.0,0.0003,1.0,5709.017165899277
depth4_bal_MAMAMAMA,4,MAMAMAMA,19425,233100,0.4957749793926875,0.9515740275382996,0.9174094336373465,0.8204960835509139,0.5809399477806788,0.603423201700414,1.0,0.0003,1.0,5717.282035827637
depth4_bal_MAMAMAMA,4,MAMAMAMA,19450,233400,0.5796061952908834,0.865235169728597,0.8707220656531197,0.7728459530026109,0.6253263707571801,0.622888466271395,1.0,0.0003,1.0,5724.645702600479
depth4_bal_MAMAMAMA,4,MAMAMAMA,19475,233700,0.5982630749543508,0.9574751655260721,0.9129809464727129,0.7506527415143603,0.5900783289817232,0.6106947085803781,1.0,0.0003,1.0,5731.796473026276
depth4_bal_MAMAMAMA,4,MAMAMAMA,19500,234000,0.8399417301019033,1.2883209387461345,1.2303489106042045,0.6338120104438643,0.4856396866840731,0.490211433046202,1.0,0.0003,1.0,5739.990116596222
depth4_bal_MAMAMAMA,4,MAMAMAMA,19525,234300,0.47053920725981396,0.7915462652842203,0.7860494783946446,0.8580287206266318,0.674934725848564,0.6617071260767423,1.0,0.0003,1.0,5746.834309339523
depth4_bal_MAMAMAMA,4,MAMAMAMA,19550,234600,0.5907801762223244,0.8833337823549906,0.8875103116035461,0.7692558746736292,0.6161879895561357,0.6203154715292538,1.0,0.0003,1.0,5752.4527451992035
depth4_bal_MAMAMAMA,4,MAMAMAMA,19575,234900,0.5950192113717397,0.8527966340382894,0.8737666385514395,0.7842689295039165,0.6305483028720626,0.6300481038147444,1.0,0.0003,1.0,5758.845171689987
depth4_bal_MAMAMAMA,4,MAMAMAMA,19600,235200,0.5676479463775953,0.8383581240971884,0.8546785712242126,0.7826370757180157,0.6318537859007833,0.6234478129544692,1.0,0.0003,1.0,5764.014247179031
depth4_bal_MAMAMAMA,4,MAMAMAMA,19625,235500,0.6937072724103928,0.892924427986145,0.8688331382615225,0.7095300261096605,0.6266318537859008,0.618861170153261,1.0,0.0003,1.0,5770.125289201736
depth4_bal_MAMAMAMA,4,MAMAMAMA,19650,235800,0.5884222984313965,0.9032993714014689,0.9163568411554609,0.7715404699738904,0.6135770234986945,0.607450497818548,1.0,0.0003,1.0,5778.145145177841
depth4_bal_MAMAMAMA,4,MAMAMAMA,19675,236100,1.0278091530005138,1.5245850086212158,1.505095192364284,0.6272845953002611,0.4360313315926893,0.43931088488645265,1.0,0.0003,1.0,5786.483106851578
depth4_bal_MAMAMAMA,4,MAMAMAMA,19700,236400,0.5166526511311531,0.8135026494661967,0.8098317197390965,0.8289817232375979,0.6631853785900783,0.6593578700078309,1.0,0.0003,1.0,5794.514383792877
depth4_bal_MAMAMAMA,4,MAMAMAMA,19725,236700,0.7076647132635117,1.0009696284929912,0.9941630959510803,0.7447780678851175,0.5652741514360313,0.5621434164895402,1.0,0.0003,1.0,5802.715220928192
depth4_bal_MAMAMAMA,4,MAMAMAMA,19750,237000,0.4903346573313077,0.8821077744166056,0.8688591735703605,0.8469321148825065,0.6344647519582245,0.6346347466159525,1.0,0.0003,1.0,5810.896881580353
depth4_bal_MAMAMAMA,4,MAMAMAMA,19775,237300,0.7480516086022059,1.478232502937317,1.4687287603105819,0.6892950391644909,0.4608355091383812,0.4564268933885222,1.0,0.0003,1.0,5819.100085020065
depth4_bal_MAMAMAMA,4,MAMAMAMA,19800,237600,0.5220176552732786,0.8702604174613953,0.895842923436846,0.8286553524804178,0.6266318537859008,0.6062199351157848,1.0,0.0003,1.0,5827.026121139526
depth4_bal_MAMAMAMA,4,MAMAMAMA,19825,237900,0.46445293724536896,0.7730491956075033,0.7805635469300406,0.85411227154047,0.6879895561357703,0.6826266920237163,1.0,0.0003,1.0,5834.853943109512
depth4_bal_MAMAMAMA,4,MAMAMAMA,19850,238200,0.4064394682645798,0.7365467747052511,0.7352766616003854,0.8939295039164491,0.7114882506527415,0.6978409218033337,1.0,0.0003,1.0,5843.003387928009
depth4_bal_MAMAMAMA,4,MAMAMAMA,19875,238500,0.5643750429153442,0.990135133266449,0.9335202114922659,0.777088772845953,0.5704960835509139,0.5968229108401387,1.0,0.0003,1.0,5850.97793841362
depth4_bal_MAMAMAMA,4,MAMAMAMA,19900,238800,0.9371864994366964,1.552018682161967,1.5371123824800763,0.6263054830287206,0.37467362924281983,0.39310884886452624,1.0,0.0003,1.0,5859.15919303894
depth4_bal_MAMAMAMA,4,MAMAMAMA,19925,239100,0.5687366525332133,0.8924366037050883,0.8847999708993094,0.7819843342036553,0.6109660574412533,0.615505090054816,1.0,0.0003,1.0,5867.247074127197
depth4_bal_MAMAMAMA,4,MAMAMAMA,19950,239400,0.5467003161708514,0.9451231956481934,0.9176461730684553,0.7953655352480418,0.5757180156657964,0.5842935451392773,1.0,0.0003,1.0,5875.461012363434
depth4_bal_MAMAMAMA,4,MAMAMAMA,19975,239700,0.5284408032894135,0.8261069258054098,0.8464173282895769,0.8550913838120104,0.6879895561357703,0.6575679606219935,1.0,0.0003,1.0,5883.7266545295715
depth4_bal_MAMAMAMA,4,MAMAMAMA,20000,240000,0.5522952154278755,0.9770256479581197,0.9631781850542341,0.7816579634464752,0.5835509138381201,0.581161203714062,1.0,0.0003,1.0,5891.8773021698
depth4_bal_MAMAMAMA,4,MAMAMAMA,20025,240300,0.5489079008499781,0.8630919257799784,0.8495501892907279,0.7898172323759791,0.6462140992167101,0.6419062534959168,1.0,0.0003,1.0,5899.842458724976
depth4_bal_MAMAMAMA,4,MAMAMAMA,20050,240600,0.5142627879977226,0.8688094218571981,0.8423511879784721,0.8116840731070496,0.6201044386422977,0.6386620427340866,1.0,0.0003,1.0,5908.032825708389
depth4_bal_MAMAMAMA,4,MAMAMAMA,20075,240900,0.6376078998049101,0.947841465473175,0.9082388281822205,0.7392297650130548,0.608355091383812,0.6073386284819331,1.0,0.0003,1.0,5916.358376979828
depth4_bal_MAMAMAMA,4,MAMAMAMA,20100,241200,0.42721619953711826,0.7881105343500773,0.757535833971841,0.8707571801566579,0.6775456919060052,0.688891374874147,1.0,0.0003,1.0,5924.461418628693
depth4_bal_MAMAMAMA,4,MAMAMAMA,20125,241500,0.6275755415360132,1.0027304490407307,1.0022155233791896,0.7483681462140992,0.5352480417754569,0.5583398590446359,1.0,0.0003,1.0,5932.76051235199
depth4_bal_MAMAMAMA,4,MAMAMAMA,20150,241800,0.7695763111114502,1.2585360209147136,1.2291664464133127,0.7036553524804178,0.5039164490861618,0.48562479024499383,1.0,0.0003,1.0,5941.036338090897
depth4_bal_MAMAMAMA,4,MAMAMAMA,20175,242100,0.40160051733255386,0.818670372168223,0.7905103019305638,0.8929503916449086,0.6566579634464752,0.6747958384606779,1.0,0.0003,1.0,5947.862768411636
depth4_bal_MAMAMAMA,4,MAMAMAMA,20200,242400,0.5056043416261673,0.853749414285024,0.8648838588169643,0.8342036553524804,0.6344647519582245,0.6433605548719096,1.0,0.0003,1.0,5950.954168558121
depth4_bal_MAMAMAMA,4,MAMAMAMA,20225,242700,0.6127019276221594,1.0440376202265422,1.067691673551287,0.7539164490861618,0.5587467362924282,0.5604653764403177,1.0,0.0003,1.0,5956.662113189697
depth4_bal_MAMAMAMA,4,MAMAMAMA,20250,243000,1.065740908185641,1.3739934364954631,1.359298746926444,0.5851827676240209,0.4255874673629243,0.438415930193534,1.0,0.0003,1.0,5964.942996263504
depth4_bal_MAMAMAMA,4,MAMAMAMA,20275,243300,0.4653940126299858,0.7941135366757711,0.8113059571811131,0.8681462140992167,0.6710182767624021,0.65656113659246,1.0,0.0003,1.0,5973.1740210056305
depth4_bal_MAMAMAMA,4,MAMAMAMA,20300,243600,0.5900388608376185,0.9327231844266256,0.9449694292885916,0.777088772845953,0.587467362924282,0.5780288622888466,1.0,0.0003,1.0,5981.366582155228
depth4_bal_MAMAMAMA,4,MAMAMAMA,20325,243900,0.7219796478748322,1.0978495279947917,1.1089296392032078,0.7072454308093995,0.5182767624020888,0.5237722340306522,1.0,0.0003,1.0,5989.511677980423
depth4_bal_MAMAMAMA,4,MAMAMAMA,20350,244200,0.557724729180336,0.9650150934855143,0.973151319367545,0.7904699738903395,0.5887728459530026,0.5849647611589663,1.0,0.0003,1.0,5997.76110625267
depth4_bal_MAMAMAMA,4,MAMAMAMA,20375,244500,0.7639773190021515,1.1702755292256672,1.1732873439788818,0.6961488250652742,0.5169712793733682,0.5109072603199463,1.0,0.0003,1.0,6005.841121196747
depth4_bal_MAMAMAMA,4,MAMAMAMA,20400,244800,0.6314652115106583,1.0527486403783162,0.9916461195264544,0.7454308093994778,0.5117493472584856,0.5550956482828057,1.0,0.0003,1.0,6013.94496679306
depth4_bal_MAMAMAMA,4,MAMAMAMA,20425,245100,0.5223430246114731,1.1066195964813232,1.1400476591927664,0.7992819843342036,0.5300261096605744,0.5087817429242645,1.0,0.0003,1.0,6022.121817588806
depth4_bal_MAMAMAMA,4,MAMAMAMA,20450,245400,0.9150149524211884,1.5429960489273071,1.5094591924122402,0.6256527415143603,0.39033942558746737,0.4056382145653876,1.0,0.0003,1.0,6029.843477964401
depth4_bal_MAMAMAMA,4,MAMAMAMA,20475,245700,0.8170095235109329,1.0890321731567383,1.0931774411882673,0.6511096605744126,0.5248041775456919,0.5138158630719319,1.0,0.0003,1.0,6037.412488698959
depth4_bal_MAMAMAMA,4,MAMAMAMA,20500,246000,0.4915378863612811,1.0302718877792358,0.9841468913214547,0.8224543080939948,0.5678851174934726,0.569750531379349,1.0,0.0003,1.0,6045.622467279434
depth4_bal_MAMAMAMA,4,MAMAMAMA,20525,246300,0.5773681029677391,0.9319930473963419,0.9208962287221636,0.7803524804177546,0.5953002610966057,0.6064436737890144,1.0,0.0003,1.0,6053.741109609604
depth4_bal_MAMAMAMA,4,MAMAMAMA,20550,246600,0.5598133156696955,0.8830804228782654,0.8703583751405989,0.7989556135770235,0.6057441253263708,0.6273632397359884,1.0,0.0003,1.0,6061.888272047043
depth4_bal_MAMAMAMA,4,MAMAMAMA,20575,246900,0.39985590676466626,0.7340291738510132,0.7445032732827322,0.8821801566579635,0.7127937336814621,0.6977290524667189,1.0,0.0003,1.0,6067.336906909943
depth4_bal_MAMAMAMA,4,MAMAMAMA,20600,247200,0.5539336452881495,1.1620322068532307,1.219509788921901,0.785574412532637,0.5287206266318538,0.49591676921355854,1.0,0.0003,1.0,6075.657009124756
depth4_bal_MAMAMAMA,4,MAMAMAMA,20625,247500,0.6257952402035395,0.9955315788586935,1.0019291434969222,0.7620757180156658,0.5469973890339426,0.5694149233695044,1.0,0.0003,1.0,6083.142016649246
depth4_bal_MAMAMAMA,4,MAMAMAMA,20650,247800,0.5747243712345759,0.9755032261212667,1.0059026803289142,0.7757832898172323,0.5691906005221932,0.5628146325092293,1.0,0.0003,1.0,6090.1182453632355
depth4_bal_MAMAMAMA,4,MAMAMAMA,20675,248100,0.7795866926511129,1.2525936365127563,1.1840272869382586,0.674934725848564,0.4934725848563969,0.5222060633180445,1.0,0.0003,1.0,6098.424175977707
depth4_bal_MAMAMAMA,4,MAMAMAMA,20700,248400,0.7097732126712799,0.9675626357396444,1.0122131858553205,0.6984334203655352,0.566579634464752,0.5640451952119924,1.0,0.0003,1.0,6106.473221540451
depth4_bal_MAMAMAMA,4,MAMAMAMA,20725,248700,0.555965835849444,1.028039236863454,1.048843356541225,0.7927545691906005,0.5496083550913838,0.5663944512809039,1.0,0.0003,1.0,6114.363001585007
depth4_bal_MAMAMAMA,4,MAMAMAMA,20750,249000,0.6592644105354944,0.9773008227348328,1.0058107001440866,0.7346605744125326,0.5443864229765013,0.5478241414028415,1.0,0.0003,1.0,6121.752296447754
depth4_bal_MAMAMAMA,4,MAMAMAMA,20775,249300,0.5882357234756151,1.1665459871292114,1.1774150916508266,0.7682767624020888,0.5039164490861618,0.5044188387962859,1.0,0.0003,1.0,6129.2422297000885
depth4_bal_MAMAMAMA,4,MAMAMAMA,20800,249600,0.6457399974266688,1.1530142227808635,1.126164528301784,0.7418407310704961,0.5378590078328982,0.5291419621881642,1.0,0.0003,1.0,6136.894385099411
depth4_bal_MAMAMAMA,4,MAMAMAMA,20825,249900,0.8815691967805227,1.2211458285649617,1.240728075163705,0.6253263707571801,0.47127937336814624,0.4716411231681396,1.0,0.0003,1.0,6145.006092071533
depth4_bal_MAMAMAMA,4,MAMAMAMA,20850,250200,0.5971163064241409,1.059929331143697,1.108578552518572,0.7565274151436031,0.54177545691906,0.525897751426334,1.0,0.0003,1.0,6153.098194360733
depth4_bal_MAMAMAMA,4,MAMAMAMA,20875,250500,0.44036246836185455,0.7617504199345907,0.778244377885546,0.858355091383812,0.6892950391644909,0.6798299586083455,1.0,0.0003,1.0,6160.882259607315
depth4_bal_MAMAMAMA,4,MAMAMAMA,20900,250800,0.952198733886083,1.2204630772272747,1.2911533798490251,0.6057441253263708,0.48172323759791125,0.4726479471976731,1.0,0.0003,1.0,6169.157468795776
depth4_bal_MAMAMAMA,4,MAMAMAMA,20925,251100,0.5461676269769669,1.1248176495234172,1.122081892830985,0.7885117493472585,0.5378590078328982,0.5320505649401499,1.0,0.0003,1.0,6177.079119682312
depth4_bal_MAMAMAMA,4,MAMAMAMA,20950,251400,0.6267278542121252,1.029252866903941,1.0461057305336,0.7405352480417755,0.5469973890339426,0.5539769549166573,1.0,0.0003,1.0,6185.130021810532
depth4_bal_MAMAMAMA,4,MAMAMAMA,20975,251700,0.45627054820458096,0.8304785490036011,0.8396573952266149,0.893603133159269,0.6697127937336814,0.6651750755118022,1.0,0.0003,1.0,6193.322041749954
depth4_bal_MAMAMAMA,4,MAMAMAMA,21000,252000,0.49703139315048855,0.8151379625002543,0.8521703958511353,0.8319190600522193,0.6723237597911227,0.6447029869112876,1.0,0.0003,1.0,6201.314108133316
depth4_bal_MAMAMAMA,4,MAMAMAMA,21025,252300,0.5544991145531336,0.9580217599868774,0.9587562714304243,0.785574412532637,0.5848563968668408,0.5895514039601745,1.0,0.0003,1.0,6209.687700986862
depth4_bal_MAMAMAMA,4,MAMAMAMA,21050,252600,0.67317034304142,1.0554483532905579,1.056466727597373,0.7349869451697127,0.5221932114882507,0.5352947757019801,1.0,0.0003,1.0,6216.864792108536
depth4_bal_MAMAMAMA,4,MAMAMAMA,21075,252900,0.5987574011087418,0.9382014671961466,0.9435941321509225,0.8139686684073107,0.5835509138381201,0.5938024387515382,1.0,0.0003,1.0,6219.958802938461
depth4_bal_MAMAMAMA,4,MAMAMAMA,21100,253200,0.8447168320417404,1.5106641848882039,1.4640169348035539,0.6413185378590078,0.4490861618798956,0.44456874370734983,1.0,0.0003,1.0,6226.984597444534
depth4_bal_MAMAMAMA,4,MAMAMAMA,21125,253500,0.5436852350831032,0.8643008470535278,0.877137998172215,0.8149477806788512,0.6253263707571801,0.6335160532498042,1.0,0.0003,1.0,6234.714721441269
depth4_bal_MAMAMAMA,4,MAMAMAMA,21150,253800,0.7158811489741007,1.369617263476054,1.4318498611450194,0.7085509138381201,0.4425587467362924,0.43629041279785213,1.0,0.0003,1.0,6242.937061071396
depth4_bal_MAMAMAMA,4,MAMAMAMA,21175,254100,0.7189333240191141,1.0037322243054707,1.0343341895512173,0.7039817232375979,0.5704960835509139,0.5418950665622553,1.0,0.0003,1.0,6250.95227265358
depth4_bal_MAMAMAMA,4,MAMAMAMA,21200,254400,0.49820632735888165,0.8255964517593384,0.8367964216641017,0.8674934725848564,0.6618798955613577,0.6539881418503188,1.0,0.0003,1.0,6258.97415971756
depth4_bal_MAMAMAMA,4,MAMAMAMA,21225,254700,0.9460485776265463,1.2878834009170532,1.325031542778015,0.610313315926893,0.4490861618798956,0.4474773464593355,1.0,0.0003,1.0,6266.324750185013
depth4_bal_MAMAMAMA,4,MAMAMAMA,21250,255000,0.46817222982645035,0.8525779644648234,0.8548806139401027,0.8658616187989556,0.6488250652741514,0.653205056494015,1.0,0.0003,1.0,6274.40384888649
depth4_bal_MAMAMAMA,4,MAMAMAMA,21275,255300,0.7930107315381368,1.2251672744750977,1.205772192137582,0.6706919060052219,0.4699738903394256,0.48271618749300815,1.0,0.0003,1.0,6282.669890165329
depth4_bal_MAMAMAMA,4,MAMAMAMA,21300,255600,0.8046424289544424,1.0843929847081502,1.110989648955209,0.6785248041775457,0.5052219321148825,0.5128090390423985,1.0,0.0003,1.0,6290.229885816574
depth4_bal_MAMAMAMA,4,MAMAMAMA,21325,255900,0.4396594340602557,0.8286535143852234,0.8400193214416504,0.8798955613577023,0.6657963446475196,0.6507439310884886,1.0,0.0003,1.0,6297.918148756027
depth4_bal_MAMAMAMA,4,MAMAMAMA,21350,256200,0.45085685203472775,0.9052157203356425,0.8741954939705985,0.8515013054830287,0.6214099216710183,0.6348584852891822,1.0,0.0003,1.0,6305.78391623497
depth4_bal_MAMAMAMA,4,MAMAMAMA,21375,256500,0.5469649434089661,0.9236419796943665,0.9559224384171622,0.7842689295039165,0.5861618798955613,0.5797069023380691,1.0,0.0003,1.0,6313.646880149841
depth4_bal_MAMAMAMA,4,MAMAMAMA,21400,256800,0.6061256304383278,0.9856325586636862,0.9889119335583278,0.7597911227154047,0.5744125326370757,0.5886564492672558,1.0,0.0003,1.0,6318.8584496974945
depth4_bal_MAMAMAMA,4,MAMAMAMA,21425,257100,0.49300189564625424,0.9028434554735819,0.9323384438242232,0.8162532637075718,0.6096605744125326,0.5985009508893612,1.0,0.0003,1.0,6325.70192694664
depth4_bal_MAMAMAMA,4,MAMAMAMA,21450,257400,0.6882628003756205,1.0175211429595947,1.0211536901337759,0.7219321148825065,0.5613577023498695,0.5608009844501622,1.0,0.0003,1.0,6333.722895383835
depth4_bal_MAMAMAMA,4,MAMAMAMA,21475,257700,0.5935885260502497,1.268567641576131,1.2751932382583617,0.7630548302872062,0.4908616187989556,0.4824924488197785,1.0,0.0003,1.0,6341.336980342865
depth4_bal_MAMAMAMA,4,MAMAMAMA,21500,258000,0.631145104765892,1.0060943563779194,1.02148562840053,0.737597911227154,0.556135770234987,0.5522989148674349,1.0,0.0003,1.0,6349.151922464371
depth4_bal_MAMAMAMA,4,MAMAMAMA,21525,258300,0.6719087411959966,1.1259684562683105,1.130580633027213,0.7170365535248042,0.5013054830287206,0.5015102360443002,1.0,0.0003,1.0,6353.126277923584
depth4_bal_MAMAMAMA,4,MAMAMAMA,21550,258600,0.5933320075273514,1.0723723570505779,1.07000002350126,0.7659921671018277,0.5509138381201044,0.5455867546705448,1.0,0.0003,1.0,6356.331781864166
depth4_bal_MAMAMAMA,4,MAMAMAMA,21575,258900,0.6300016343593597,0.9616627891858419,0.973472113268716,0.7924281984334204,0.5783289817232375,0.5748965208636313,1.0,0.0003,1.0,6359.432240724564
depth4_bal_MAMAMAMA,4,MAMAMAMA,21600,259200,0.4893688037991524,0.9021884600321451,0.9138092909540448,0.8348563968668408,0.6057441253263708,0.6019689003244211,1.0,0.0003,1.0,6365.27986574173
depth4_bal_MAMAMAMA,4,MAMAMAMA,21625,259500,0.6955621093511581,1.0017096598943074,1.0399976236479622,0.7049608355091384,0.5704960835509139,0.5480478800760712,1.0,0.0003,1.0,6373.501840829849
depth4_bal_MAMAMAMA,4,MAMAMAMA,21650,259800,0.5091092611352602,0.9869897564252218,1.0120326501982553,0.8201697127937336,0.5887728459530026,0.5660588432710594,1.0,0.0003,1.0,6380.240214109421
depth4_bal_MAMAMAMA,4,MAMAMAMA,21675,260100,0.5558624242742857,1.0601073900858562,1.002967313357762,0.7963446475195822,0.5234986945169713,0.5618078084796957,1.0,0.0003,1.0,6387.01599240303
depth4_bal_MAMAMAMA,4,MAMAMAMA,21700,260400,0.7523203243811926,1.3149803082148235,1.3310227257864815,0.6935378590078329,0.47127937336814624,0.44468061304396467,1.0,0.0003,1.0,6395.123518228531
depth4_bal_MAMAMAMA,4,MAMAMAMA,21725,260700,0.6413614600896835,0.9684946735699972,0.9764836021832057,0.7907963446475196,0.5835509138381201,0.5903344893164784,1.0,0.0003,1.0,6402.3733196258545
depth4_bal_MAMAMAMA,4,MAMAMAMA,21750,261000,0.6685512860616049,1.1504220962524414,1.11898968900953,0.7356396866840731,0.49738903394255873,0.5105716523101018,1.0,0.0003,1.0,6410.620441675186
depth4_bal_MAMAMAMA,4,MAMAMAMA,21775,261300,0.74387060602506,1.2273859977722168,1.2499335629599435,0.702023498694517,0.489556135770235,0.4708580378118358,1.0,0.0003,1.0,6418.781342983246
depth4_bal_MAMAMAMA,4,MAMAMAMA,21800,261600,0.4612436965107918,0.870464026927948,0.8763489331517901,0.8521540469973891,0.6383812010443864,0.6354178319722564,1.0,0.0003,1.0,6426.550067424774
depth4_bal_MAMAMAMA,4,MAMAMAMA,21825,261900,0.45465868959824246,0.9800073703130087,0.9701743296214512,0.8436684073107049,0.6109660574412533,0.5931312227318492,1.0,0.0003,1.0,6432.218119621277
depth4_bal_MAMAMAMA,4,MAMAMAMA,21850,262200,0.5952890937527021,1.206307013829549,1.2416172470365252,0.7558746736292428,0.5143603133159269,0.5043069694596711,1.0,0.0003,1.0,6439.388084411621
depth4_bal_MAMAMAMA,4,MAMAMAMA,21875,262500,0.5940791418155035,1.0073736906051636,1.0093625238963535,0.7689295039164491,0.5835509138381201,0.5738896968340977,1.0,0.0003,1.0,6443.445775747299
depth4_bal_MAMAMAMA,4,MAMAMAMA,21900,262800,0.45073163509368896,0.900124708811442,0.9055552550724575,0.8528067885117493,0.6305483028720626,0.6166237834209644,1.0,0.0003,1.0,6451.518578529358
depth4_bal_MAMAMAMA,4,MAMAMAMA,21925,263100,0.5140835096438726,1.0111621618270874,1.0071045705250332,0.8054830287206266,0.5509138381201044,0.560912853786777,1.0,0.0003,1.0,6459.140751838684
depth4_bal_MAMAMAMA,4,MAMAMAMA,21950,263400,0.6069522922237715,1.1863070329030354,1.198545411654881,0.7503263707571801,0.49477806788511747,0.5059850095088936,1.0,0.0003,1.0,6467.285621166229
depth4_bal_MAMAMAMA,4,MAMAMAMA,21975,263700,0.4673197517792384,0.888264536857605,0.9396204795156207,0.8423629242819843,0.6422976501305483,0.600067121601969,1.0,0.0003,1.0,6475.184622049332
depth4_bal_MAMAMAMA,4,MAMAMAMA,22000,264000,0.566508561372757,0.9929675857226054,0.989606990133013,0.7767624020887729,0.5731070496083551,0.5740015661707126,1.0,0.0003,1.0,6482.993942499161
depth4_bal_MAMAMAMA,4,MAMAMAMA,22025,264300,0.5971340288718542,0.9923630158106486,1.0081554889678954,0.7627284595300261,0.5626631853785901,0.564940149904911,1.0,0.0003,1.0,6491.4456470012665
depth4_bal_MAMAMAMA,4,MAMAMAMA,22050,264600,0.5469775050878525,0.9410551985104879,0.9438680342265537,0.7963446475195822,0.5913838120104439,0.6011858149681173,1.0,0.0003,1.0,6498.990920305252
depth4_bal_MAMAMAMA,4,MAMAMAMA,22075,264900,0.6566361884276072,1.1420612335205078,1.1257408584867206,0.7346605744125326,0.49738903394255873,0.5216467166349703,1.0,0.0003,1.0,6507.00847363472
depth4_bal_MAMAMAMA,4,MAMAMAMA,22100,265200,0.9845779240131378,1.5506361722946167,1.5120209183011737,0.6135770234986945,0.4086161879895561,0.42432039378006486,1.0,0.0003,1.0,6514.357272148132
depth4_bal_MAMAMAMA,4,MAMAMAMA,22125,265500,1.0632499307394028,1.2842923800150554,1.3691729102815902,0.5669060052219321,0.44386422976501305,0.4494909945184025,1.0,0.0003,1.0,6522.128059864044
depth4_bal_MAMAMAMA,4,MAMAMAMA,22150,265800,0.5732326780756315,1.0261278947194417,0.988472034249987,0.7963446475195822,0.5613577023498695,0.5701980087258083,1.0,0.0003,1.0,6530.375347614288
depth4_bal_MAMAMAMA,4,MAMAMAMA,22175,266100,0.8001977801322937,1.992785374323527,1.7422208649771553,0.662532637075718,0.4425587467362924,0.4405414475892158,1.0,0.0003,1.0,6538.53307723999
depth4_bal_MAMAMAMA,4,MAMAMAMA,22200,266400,0.7120575259129206,1.1859533389409382,1.2069925035749163,0.7069190600522193,0.4856396866840731,0.490882649065891,1.0,0.0003,1.0,6545.200143098831
depth4_bal_MAMAMAMA,4,MAMAMAMA,22225,266700,0.4674144263068835,0.8780219952265421,0.8537642342703683,0.8658616187989556,0.6357702349869452,0.6471641123168139,1.0,0.0003,1.0,6548.297487974167
depth4_bal_MAMAMAMA,4,MAMAMAMA,22250,267000,0.5218909283479055,0.9650790294011434,0.9627293126923697,0.8139686684073107,0.5691906005221932,0.5814968117239064,1.0,0.0003,1.0,6555.275408983231
depth4_bal_MAMAMAMA,4,MAMAMAMA,22275,267300,0.5521816313266754,0.9352675676345825,0.9581343804086958,0.7953655352480418,0.5992167101827677,0.587873363910952,1.0,0.0003,1.0,6562.901292324066
depth4_bal_MAMAMAMA,4,MAMAMAMA,22300,267600,0.4406755119562149,0.8419572710990906,0.8437408208847046,0.8877284595300261,0.6370757180156658,0.6556661818995413,1.0,0.0003,1.0,6570.422031879425
depth4_bal_MAMAMAMA,4,MAMAMAMA,22325,267900,0.501259446144104,1.162604530652364,1.096086757523673,0.8342036553524804,0.577023498694517,0.5867546705448037,1.0,0.0003,1.0,6577.538952827454
depth4_bal_MAMAMAMA,4,MAMAMAMA,22350,268200,0.5260088493426641,1.045956055323283,1.030093434878758,0.8005874673629243,0.5587467362924282,0.5720997874482604,1.0,0.0003,1.0,6584.38329410553
depth4_bal_MAMAMAMA,4,MAMAMAMA,22375,268500,0.43230023731788,0.8784505724906921,0.9041455626487732,0.8619451697127938,0.6109660574412533,0.6257970690233807,1.0,0.0003,1.0,6592.583966732025
depth4_bal_MAMAMAMA,4,MAMAMAMA,22400,268800,0.5431957443555196,0.9457718133926392,0.9725526962961469,0.808420365535248,0.5939947780678851,0.5828392437632844,1.0,0.0003,1.0,6600.543870925903
depth4_bal_MAMAMAMA,4,MAMAMAMA,22425,269100,0.5092910900712013,1.056513210137685,1.0772421172686986,0.8100522193211488,0.5130548302872062,0.5420069358988702,1.0,0.0003,1.0,6608.743940591812
depth4_bal_MAMAMAMA,4,MAMAMAMA,22450,269400,0.7978472759326299,1.2413450082143147,1.2814676250730241,0.6778720626631853,0.46344647519582244,0.44591117574672784,1.0,0.0003,1.0,6616.688643217087
depth4_bal_MAMAMAMA,4,MAMAMAMA,22475,269700,0.5177370558182398,1.0427032311757405,1.037072459289006,0.8058093994778068,0.5718015665796344,0.5671775366372077,1.0,0.0003,1.0,6624.277647018433
depth4_bal_MAMAMAMA,4,MAMAMAMA,22500,270000,0.602423869073391,1.019858996073405,1.0864285281726291,0.7689295039164491,0.5731070496083551,0.5484953574225305,1.0,0.0003,1.0,6628.527445077896
depth4_bal_MAMAMAMA,4,MAMAMAMA,22525,270300,0.7079330831766129,1.079389214515686,1.0356506398745946,0.7232375979112271,0.5261096605744126,0.5398814185031883,1.0,0.0003,1.0,6634.196608781815
depth4_bal_MAMAMAMA,4,MAMAMAMA,22550,270600,0.4103295753399531,0.8093469341595968,0.8254387923649379,0.8867493472584856,0.6657963446475196,0.662602080769661,1.0,0.0003,1.0,6642.246258974075
depth4_bal_MAMAMAMA,4,MAMAMAMA,22575,270900,0.8103433648745219,1.3974463542302449,1.3342661823545183,0.6736292428198434,0.43994778067885115,0.4593354961405079,1.0,0.0003,1.0,6649.805681228638
depth4_bal_MAMAMAMA,4,MAMAMAMA,22600,271200,0.6433866073687872,1.0008067886034648,1.014558151790074,0.7457571801566579,0.5639686684073107,0.5603535071037029,1.0,0.0003,1.0,6657.903295993805
depth4_bal_MAMAMAMA,4,MAMAMAMA,22625,271500,0.4528805787364642,0.8605010310808817,0.8590558988707406,0.8655352480417755,0.6266318537859008,0.6466047656337398,1.0,0.0003,1.0,6665.912708520889
depth4_bal_MAMAMAMA,4,MAMAMAMA,22650,271800,0.5234688222408295,0.9870081742604574,0.997490462235042,0.7996083550913838,0.5926892950391645,0.5976059961964425,1.0,0.0003,1.0,6673.904296636581
depth4_bal_MAMAMAMA,4,MAMAMAMA,22675,272100,0.5682110513250033,1.137117624282837,1.1596375158854892,0.7859007832898173,0.5248041775456919,0.5128090390423985,1.0,0.0003,1.0,6682.0694279670715
depth4_bal_MAMAMAMA,4,MAMAMAMA,22700,272400,0.6558614373207092,1.0438541571299236,1.0859928778239658,0.7431462140992167,0.5287206266318538,0.527240183465712,1.0,0.0003,1.0,6690.207257032394
depth4_bal_MAMAMAMA,4,MAMAMAMA,22725,272700,0.5170225699742635,1.0094727675120037,1.0111553754125322,0.8045039164490861,0.5783289817232375,0.574449043517172,1.0,0.0003,1.0,6698.3839683532715
depth4_bal_MAMAMAMA,4,MAMAMAMA,22750,273000,0.5240654324491819,0.8896369934082031,0.9059873955590384,0.8129895561357703,0.6318537859007833,0.6072267591453183,1.0,0.0003,1.0,6706.017399549484
depth4_bal_MAMAMAMA,4,MAMAMAMA,22775,273300,1.239774654308955,1.5984925031661987,1.5894731930324009,0.5613577023498695,0.34856396866840733,0.3452287727933773,1.0,0.0003,1.0,6714.254935979843
depth4_bal_MAMAMAMA,4,MAMAMAMA,22800,273600,0.7056586941083273,1.1716230710347493,1.1567910500935146,0.7216057441253264,0.49477806788511747,0.49356751314464703,1.0,0.0003,1.0,6722.454719781876
depth4_bal_MAMAMAMA,4,MAMAMAMA,22825,273900,0.6569244066874186,1.0402345259984334,1.0515959927013943,0.7509791122715405,0.5509138381201044,0.5436849759480926,1.0,0.0003,1.0,6730.676784515381
depth4_bal_MAMAMAMA,4,MAMAMAMA,22850,274200,0.6357318808635076,1.0600157181421916,1.0421101655278886,0.7744778067885117,0.5365535248041775,0.54547488533393,1.0,0.0003,1.0,6738.8846118450165
depth4_bal_MAMAMAMA,4,MAMAMAMA,22875,274500,0.6740685353676478,1.0839975277582805,1.101770373753139,0.7203002610966057,0.5117493472584856,0.5228772793377335,1.0,0.0003,1.0,6746.279242515564
depth4_bal_MAMAMAMA,4,MAMAMAMA,22900,274800,0.7317506869633993,1.113950530687968,1.1401112590517317,0.6935378590078329,0.5065274151436031,0.4988253719655442,1.0,0.0003,1.0,6752.681064128876
depth4_bal_MAMAMAMA,4,MAMAMAMA,22925,275100,0.6222582310438156,1.0101333260536194,1.0244028346879142,0.7503263707571801,0.5861618798955613,0.568296230003356,1.0,0.0003,1.0,6755.7485268116
depth4_bal_MAMAMAMA,4,MAMAMAMA,22950,275400,0.5087176784873009,0.9254813194274902,0.9776119947433471,0.8152741514360313,0.6044386422976501,0.581832419733751,1.0,0.0003,1.0,6758.952273845673
depth4_bal_MAMAMAMA,4,MAMAMAMA,22975,275700,0.7926767468452454,1.0828408002853394,1.11068651505879,0.6697127937336814,0.556135770234987,0.5256740127531043,1.0,0.0003,1.0,6762.077725887299
depth4_bal_MAMAMAMA,4,MAMAMAMA,23000,276000,0.6344794034957886,1.0836188395818074,1.1343884195600238,0.7428198433420365,0.5339425587467362,0.5078867882313458,1.0,0.0003,1.0,6765.1429879665375
depth4_bal_MAMAMAMA,4,MAMAMAMA,23025,276300,0.6930644859870275,1.042624016602834,1.0467956491879054,0.7209530026109661,0.5691906005221932,0.5469291867099229,1.0,0.0003,1.0,6773.508838176727
depth4_bal_MAMAMAMA,4,MAMAMAMA,23050,276600,0.8855275561412176,1.1630257368087769,1.1603746959141323,0.7411879895561357,0.5169712793733682,0.5131446470522429,1.0,0.0003,1.0,6781.886850118637
depth4_bal_MAMAMAMA,4,MAMAMAMA,23075,276900,0.653513640165329,1.1185421148935955,1.1213610853467668,0.7362924281984334,0.5091383812010444,0.5111309989931759,1.0,0.0003,1.0,6789.773516654968
depth4_bal_MAMAMAMA,4,MAMAMAMA,23100,277200,0.5804905792077383,0.9394761323928833,0.9668613961764745,0.785574412532637,0.5966057441253264,0.5832867211097438,1.0,0.0003,1.0,6797.605467557907
depth4_bal_MAMAMAMA,4,MAMAMAMA,23125,277500,0.5422177463769913,1.0410404006640117,1.0159111431666783,0.7963446475195822,0.556135770234987,0.5677368833202819,1.0,0.0003,1.0,6805.744744300842
depth4_bal_MAMAMAMA,4,MAMAMAMA,23150,277800,0.7493110944827398,1.2762809991836548,1.3284801142556326,0.6870104438642297,0.4765013054830287,0.4620203602192639,1.0,0.0003,1.0,6814.00941324234
depth4_bal_MAMAMAMA,4,MAMAMAMA,23175,278100,0.7004772474368414,1.2219536304473877,1.2598130771092007,0.7196475195822454,0.4830287206266319,0.4756684192862736,1.0,0.0003,1.0,6822.183561086655
depth4_bal_MAMAMAMA,4,MAMAMAMA,23200,278400,0.5669055432081223,0.9366924166679382,0.9945299642426627,0.7790469973890339,0.6161879895561357,0.5847410224857367,1.0,0.0003,1.0,6830.039084434509
depth4_bal_MAMAMAMA,4,MAMAMAMA,23225,278700,0.8140009542306265,1.1358777284622192,1.163846104485648,0.6781984334203656,0.5130548302872062,0.5093410896073386,1.0,0.0003,1.0,6838.311908721924
depth4_bal_MAMAMAMA,4,MAMAMAMA,23250,279000,0.556788350145022,0.970316211382548,0.9577617764472961,0.7947127937336814,0.5900783289817232,0.587202147891263,1.0,0.0003,1.0,6846.624443531036
depth4_bal_MAMAMAMA,4,MAMAMAMA,23275,279300,0.5526488572359085,0.9435575207074484,0.9565612809998648,0.7796997389033943,0.5900783289817232,0.5860834545251147,1.0,0.0003,1.0,6854.799175977707
depth4_bal_MAMAMAMA,4,MAMAMAMA,23300,279600,0.457879217962424,0.9657371044158936,0.9481905119759696,0.8459530026109661,0.5822454308093995,0.5930193533952344,1.0,0.0003,1.0,6862.831137895584
depth4_bal_MAMAMAMA,4,MAMAMAMA,23325,279900,0.6844077756007513,1.0418280959129333,1.0427001919065202,0.7183420365535248,0.5339425587467362,0.554200693589887,1.0,0.0003,1.0,6870.843461275101
depth4_bal_MAMAMAMA,4,MAMAMAMA,23350,280200,0.8196366975704829,1.1915629704793294,1.2147562571934292,0.6752610966057441,0.4751958224543081,0.4723123391878286,1.0,0.0003,1.0,6876.4878005981445
depth4_bal_MAMAMAMA,4,MAMAMAMA,23375,280500,0.73686882853508,1.141344388326009,1.1648108107703072,0.6879895561357703,0.5039164490861618,0.4884215236603647,1.0,0.0003,1.0,6879.588146686554
depth4_bal_MAMAMAMA,4,MAMAMAMA,23400,280800,0.6174258639415106,1.0545518000920613,1.030962758404868,0.7633812010443864,0.5391644908616188,0.5544244322631167,1.0,0.0003,1.0,6882.699376583099
depth4_bal_MAMAMAMA,4,MAMAMAMA,23425,281100,0.5189215714732806,1.0077544450759888,0.9655688967023577,0.818864229765013,0.5691906005221932,0.5963754334936794,1.0,0.0003,1.0,6885.909156322479
depth4_bal_MAMAMAMA,4,MAMAMAMA,23450,281400,0.5959834406773249,1.0855918725331624,1.0043853470257351,0.7548955613577023,0.5339425587467362,0.5596822910840139,1.0,0.0003,1.0,6889.022257566452
depth4_bal_MAMAMAMA,4,MAMAMAMA,23475,281700,0.5982066790262858,1.4139108657836914,1.4205572707312448,0.7565274151436031,0.45300261096605743,0.445799306410113,1.0,0.0003,1.0,6892.261437654495
depth4_bal_MAMAMAMA,4,MAMAMAMA,23500,282000,0.6953101009130478,1.1070451339085896,1.1202963147844587,0.7186684073107049,0.5261096605744126,0.5125853003691688,1.0,0.0003,1.0,6895.363705635071
depth4_bal_MAMAMAMA,4,MAMAMAMA,23525,282300,0.5660118063290914,0.9609803954760233,0.9768623760768346,0.783289817232376,0.5900783289817232,0.5942499160979975,1.0,0.0003,1.0,6898.646254777908
depth4_bal_MAMAMAMA,4,MAMAMAMA,23550,282600,0.666306788722674,1.2011282046635945,1.1842232670102801,0.7343342036553525,0.52088772845953,0.5065443561919678,1.0,0.0003,1.0,6901.765120267868
depth4_bal_MAMAMAMA,4,MAMAMAMA,23575,282900,0.5032344510157903,0.9352417588233948,0.9117117268698556,0.8100522193211488,0.6018276762402088,0.6176306074504978,1.0,0.0003,1.0,6904.854946374893
depth4_bal_MAMAMAMA,4,MAMAMAMA,23600,283200,0.5324510484933853,0.8937048316001892,0.8805090154920305,0.8368146214099217,0.6161879895561357,0.6351940932990268,1.0,0.0003,1.0,6908.056533575058
depth4_bal_MAMAMAMA,4,MAMAMAMA,23625,283500,0.6072797576586405,1.0513843496640523,1.0376890761511666,0.7555483028720626,0.5313315926892951,0.5530820002237387,1.0,0.0003,1.0,6911.202007055283
depth4_bal_MAMAMAMA,4,MAMAMAMA,23650,283800,0.5525272240241369,1.045766552289327,1.0223020212990896,0.7940600522193212,0.5587467362924282,0.5611365924600067,1.0,0.0003,1.0,6914.305835485458
depth4_bal_MAMAMAMA,4,MAMAMAMA,23675,284100,0.6347790559132894,1.0320803324381511,1.0243153146335058,0.7516318537859008,0.5456919060052219,0.5506208748182123,1.0,0.0003,1.0,6917.404127597809
depth4_bal_MAMAMAMA,4,MAMAMAMA,23700,284400,0.47608961910009384,0.9497339924176534,0.9297161102294922,0.8501958224543081,0.5887728459530026,0.6023045083342656,1.0,0.0003,1.0,6920.656879425049
depth4_bal_MAMAMAMA,4,MAMAMAMA,23725,284700,0.5793888320525488,0.9960309863090515,1.0055494018963405,0.779373368146214,0.5887728459530026,0.5640451952119924,1.0,0.0003,1.0,6928.535660266876
depth4_bal_MAMAMAMA,4,MAMAMAMA,23750,285000,0.5053400074442228,0.8916687369346619,0.8838894775935582,0.8110313315926893,0.6148825065274152,0.6306074504978185,1.0,0.0003,1.0,6936.814168691635
depth4_bal_MAMAMAMA,4,MAMAMAMA,23775,285300,0.747387041648229,1.3897593418757122,1.367050756726946,0.6987597911227154,0.4490861618798956,0.4616847522094194,1.0,0.0003,1.0,6942.715106725693
depth4_bal_MAMAMAMA,4,MAMAMAMA,23800,285600,0.6326714009046555,1.0227423111597698,1.0321218694959369,0.7695822454308094,0.5744125326370757,0.561584069806466,1.0,0.0003,1.0,6945.9351325035095
depth4_bal_MAMAMAMA,4,MAMAMAMA,23825,285900,0.7277401785055796,1.0545676151911418,1.0800237110682895,0.7026762402088773,0.5300261096605744,0.5176194205168363,1.0,0.0003,1.0,6949.043610334396
depth4_bal_MAMAMAMA,4,MAMAMAMA,23850,286200,0.5080665772159895,1.0515592495600383,1.05993754863739,0.8129895561357703,0.5430809399477807,0.5431256292650185,1.0,0.0003,1.0,6953.8332397937775
depth4_bal_MAMAMAMA,4,MAMAMAMA,23875,286500,0.6165050317843755,1.1289953390757244,1.1442874806267875,0.7597911227154047,0.5326370757180157,0.5118022150128649,1.0,0.0003,1.0,6958.156002521515
depth4_bal_MAMAMAMA,4,MAMAMAMA,23900,286800,0.6438678155342737,1.0340818961461384,1.0106124571391515,0.731396866840731,0.5469973890339426,0.5610247231233919,1.0,0.0003,1.0,6964.181536912918
depth4_bal_MAMAMAMA,4,MAMAMAMA,23925,287100,0.5164720267057419,1.0168255964914958,0.9953905548368182,0.8253916449086162,0.5783289817232375,0.573777827497483,1.0,0.0003,1.0,6970.945153236389
depth4_bal_MAMAMAMA,4,MAMAMAMA,23950,287400,0.8105931878089905,1.0903259913126628,1.112113503047398,0.6772193211488251,0.5326370757180157,0.5099004362904128,1.0,0.0003,1.0,6974.048094987869
depth4_bal_MAMAMAMA,4,MAMAMAMA,23975,287700,0.4939723660548528,1.0270750522613525,1.0184320773397173,0.8283289817232375,0.5796344647519582,0.5691911846962747,1.0,0.0003,1.0,6977.264653205872
depth4_bal_MAMAMAMA,4,MAMAMAMA,24000,288000,0.7872909506162008,1.171549121538798,1.1788065944399153,0.6736292428198434,0.5169712793733682,0.5024051907372189,1.0,0.0003,1.0,6983.076508998871
depth4_bal_MAMAMAMA,4,MAMAMAMA,24025,288300,0.5760971705118815,1.124321460723877,1.1523956911904472,0.7940600522193212,0.5587467362924282,0.5398814185031883,1.0,0.0003,1.0,6986.488503217697
depth4_bal_MAMAMAMA,4,MAMAMAMA,24050,288600,0.5865477422873179,1.01402614514033,0.9867470128195627,0.7783942558746736,0.5913838120104439,0.5853003691688108,1.0,0.0003,1.0,6989.594912528992
depth4_bal_MAMAMAMA,4,MAMAMAMA,24075,288900,0.4199175064762433,0.874872624874115,0.8541273832321167,0.8772845953002611,0.6553524804177546,0.6564492672558452,1.0,0.0003,1.0,6992.849937438965
depth4_bal_MAMAMAMA,4,MAMAMAMA,24100,289200,0.882339725891749,1.3516297340393066,1.3460122857775008,0.639686684073107,0.4556135770234987,0.4398702315695268,1.0,0.0003,1.0,6995.967520475388
depth4_bal_MAMAMAMA,4,MAMAMAMA,24125,289500,0.5337824200590452,0.958964467048645,0.9466848152024405,0.8116840731070496,0.5848563968668408,0.5940261774247678,1.0,0.0003,1.0,6999.090690851212
depth4_bal_MAMAMAMA,4,MAMAMAMA,24150,289800,0.654785210887591,1.1305962403615315,1.1778933865683419,0.7343342036553525,0.5378590078328982,0.5024051907372189,1.0,0.0003,1.0,7002.544548511505
depth4_bal_MAMAMAMA,4,MAMAMAMA,24175,290100,1.264775221546491,1.8009366194407146,1.8744729007993426,0.5202349869451697,0.3472584856396867,0.34343886340754,1.0,0.0003,1.0,7005.779123306274
depth4_bal_MAMAMAMA,4,MAMAMAMA,24200,290400,0.4891529803474744,0.9350225329399109,0.9150860803467887,0.8505221932114883,0.6122715404699739,0.6171831301040385,1.0,0.0003,1.0,7008.899493217468
depth4_bal_MAMAMAMA,4,MAMAMAMA,24225,290700,0.47582392394542694,0.8429801265398661,0.882031387942178,0.8381201044386423,0.6553524804177546,0.6251258530036917,1.0,0.0003,1.0,7016.1326224803925
depth4_bal_MAMAMAMA,4,MAMAMAMA,24250,291000,0.7970088620980581,1.1544740597407024,1.1105545316423688,0.6684073107049608,0.5091383812010444,0.5213111086251259,1.0,0.0003,1.0,7023.427088499069
depth4_bal_MAMAMAMA,4,MAMAMAMA,24275,291300,0.5334748302896818,1.0209372639656067,1.0111032554081507,0.799934725848564,0.5483028720626631,0.5672894059738226,1.0,0.0003,1.0,7031.737223863602
depth4_bal_MAMAMAMA,4,MAMAMAMA,24300,291600,0.558737595876058,0.9601388374964396,0.9438842483929225,0.8231070496083551,0.6109660574412533,0.5971585188499832,1.0,0.0003,1.0,7039.674609422684
depth4_bal_MAMAMAMA,4,MAMAMAMA,24325,291900,0.6394233604272207,1.152331550916036,1.1727176666259767,0.7336814621409922,0.5326370757180157,0.5235484953574225,1.0,0.0003,1.0,7047.631515741348
depth4_bal_MAMAMAMA,4,MAMAMAMA,24350,292200,0.6348555535078049,1.0689479907353718,1.077270703656333,0.7320496083550914,0.5522193211488251,0.5341760823358318,1.0,0.0003,1.0,7055.524454832077
depth4_bal_MAMAMAMA,4,MAMAMAMA,24375,292500,0.5117882216970125,0.9480933547019958,0.9447686008044651,0.8263707571801566,0.6005221932114883,0.6002908602751986,1.0,0.0003,1.0,7063.627687931061
depth4_bal_MAMAMAMA,4,MAMAMAMA,24400,292800,0.7060317943493525,1.071116844813029,1.0681580884116038,0.7095300261096605,0.5261096605744126,0.5327217809598389,1.0,0.0003,1.0,7071.500757217407
depth4_bal_MAMAMAMA,4,MAMAMAMA,24425,293100,0.6971361289421717,1.1336910724639893,1.1448396580559868,0.706266318537859,0.5182767624020888,0.49960845732184805,1.0,0.0003,1.0,7079.485622882843
depth4_bal_MAMAMAMA,4,MAMAMAMA,24450,293400,0.6454904278119405,1.1027015447616577,1.1105300664901734,0.7470626631853786,0.5300261096605744,0.5172838125069918,1.0,0.0003,1.0,7087.145169734955
depth4_bal_MAMAMAMA,4,MAMAMAMA,24475,293700,0.6178923547267914,1.0441436767578125,1.0533357177461897,0.7695822454308094,0.5430809399477807,0.5423425439087146,1.0,0.0003,1.0,7095.33793258667
depth4_bal_MAMAMAMA,4,MAMAMAMA,24500,294000,0.6175681153933207,1.0382684866587322,1.0268044114112853,0.7535900783289817,0.5613577023498695,0.5604653764403177,1.0,0.0003,1.0,7103.154679775238
depth4_bal_MAMAMAMA,4,MAMAMAMA,24525,294300,0.7450265189011892,1.2428844769795735,1.2451705319540842,0.6997389033942559,0.4660574412532637,0.4594473654771227,1.0,0.0003,1.0,7111.525116205215
depth4_bal_MAMAMAMA,4,MAMAMAMA,24550,294600,0.5871000240246455,1.209605097770691,1.148564737183707,0.7699086161879896,0.5078328981723238,0.5065443561919678,1.0,0.0003,1.0,7116.779457569122
depth4_bal_MAMAMAMA,4,MAMAMAMA,24575,294900,0.5623627329866091,1.184717853864034,1.2418345281055996,0.7813315926892951,0.5026109660574413,0.487526568967446,1.0,0.0003,1.0,7120.310853004456
depth4_bal_MAMAMAMA,4,MAMAMAMA,24600,295200,0.6283248911301295,1.0293004512786865,1.0079345226287841,0.7451044386422977,0.5391644908616188,0.5674012753104374,1.0,0.0003,1.0,7128.493116855621
depth4_bal_MAMAMAMA,4,MAMAMAMA,24625,295500,0.68175175289313,1.114643136660258,1.1045255167143686,0.7189947780678851,0.5130548302872062,0.517843159190066,1.0,0.0003,1.0,7136.787738800049
depth4_bal_MAMAMAMA,4,MAMAMAMA,24650,295800,0.7529763927062353,1.1060550610224407,1.0929422923496792,0.6961488250652742,0.52088772845953,0.5062087481821232,1.0,0.0003,1.0,7144.965309143066
depth4_bal_MAMAMAMA,4,MAMAMAMA,24675,296100,1.9377015630404155,2.2782363096872964,2.185203957557678,0.41220626631853785,0.30548302872062666,0.3093187157400157,1.0,0.0003,1.0,7153.1641726493835
depth4_bal_MAMAMAMA,4,MAMAMAMA,24700,296400,0.5468065043290457,0.9774992267290751,0.9719899245670863,0.7960182767624021,0.5809399477806788,0.5794831636648394,1.0,0.0003,1.0,7161.020920276642
depth4_bal_MAMAMAMA,4,MAMAMAMA,24725,296700,0.6520359665155411,0.9968558351198832,0.9949161205972944,0.7568537859007833,0.5600522193211488,0.572435395458105,1.0,0.0003,1.0,7168.9211575984955
depth4_bal_MAMAMAMA,4,MAMAMAMA,24750,297000,0.6153248896201452,1.0779948631922405,1.0630177702222552,0.7669712793733682,0.5261096605744126,0.5350710370287505,1.0,0.0003,1.0,7176.852305650711
depth4_bal_MAMAMAMA,4,MAMAMAMA,24775,297300,0.6337970445553461,1.1694586674372356,1.1734981570925032,0.735313315926893,0.5195822454308094,0.5179550285266808,1.0,0.0003,1.0,7180.11123085022
depth4_bal_MAMAMAMA,4,MAMAMAMA,24800,297600,0.4780734454592069,0.9598608016967773,0.9509008049964904,0.8280026109660574,0.6044386422976501,0.6057724577693254,1.0,0.0003,1.0,7184.665139198303
depth4_bal_MAMAMAMA,4,MAMAMAMA,24825,297900,0.6917551855246226,1.1667900880177815,1.172407923425947,0.712467362924282,0.5091383812010444,0.49524555319386954,1.0,0.0003,1.0,7192.766133546829
depth4_bal_MAMAMAMA,4,MAMAMAMA,24850,298200,0.49489766856034595,0.914344588915507,0.9100852268082755,0.8642297650130548,0.5992167101827677,0.6172949994406534,1.0,0.0003,1.0,7200.553173780441
depth4_bal_MAMAMAMA,4,MAMAMAMA,24875,298500,0.5731122493743896,1.092621644337972,1.110283703463418,0.7842689295039165,0.5613577023498695,0.5398814185031883,1.0,0.0003,1.0,7208.752025127411
depth4_bal_MAMAMAMA,4,MAMAMAMA,24900,298800,0.6858472923437754,1.1032263040542603,1.1192635791642325,0.7258485639686684,0.5391644908616188,0.5386508558004252,1.0,0.0003,1.0,7216.955897092819
depth4_bal_MAMAMAMA,4,MAMAMAMA,24925,299100,0.5480276793241501,1.0837588707605998,1.1129170519965035,0.7806788511749347,0.5313315926892951,0.5320505649401499,1.0,0.0003,1.0,7222.237068891525
depth4_bal_MAMAMAMA,4,MAMAMAMA,24950,299400,0.470600758989652,0.9528629183769226,0.9337892345019749,0.8423629242819843,0.5887728459530026,0.6011858149681173,1.0,0.0003,1.0,7228.169323921204
depth4_bal_MAMAMAMA,4,MAMAMAMA,24975,299700,0.7203605473041534,1.1042064428329468,1.1265595027378628,0.7203002610966057,0.5039164490861618,0.5018458440541448,1.0,0.0003,1.0,7235.835383892059
depth4_bal_MAMAMAMA,4,MAMAMAMA,25000,300000,0.6944396843512853,1.0630617141723633,1.0580105645315987,0.7150783289817232,0.5365535248041775,0.546146101353619,1.0,0.0003,1.0,7244.080201148987
depth4_bal_MAMAMAMA,4,MAMAMAMA,25025,300300,0.5757973144451777,1.000644365946452,1.0286635977881295,0.8018929503916449,0.5744125326370757,0.5414475892157959,1.0,0.0003,1.0,7251.937834262848
depth4_bal_MAMAMAMA,4,MAMAMAMA,25050,300600,0.7755661557118098,1.2487475872039795,1.2405457701001847,0.6866840731070496,0.4660574412532637,0.47007495245553194,1.0,0.0003,1.0,7260.066454172134
depth4_bal_MAMAMAMA,4,MAMAMAMA,25075,300900,0.5121629610657692,1.0412674744923909,0.9988179513386317,0.8224543080939948,0.5626631853785901,0.5732184808144087,1.0,0.0003,1.0,7267.993232965469
depth4_bal_MAMAMAMA,4,MAMAMAMA,25100,301200,0.7899340490500132,1.3025645812352498,1.3293353830065047,0.6814621409921671,0.4490861618798956,0.46615952567401275,1.0,0.0003,1.0,7275.918750047684
depth4_bal_MAMAMAMA,4,MAMAMAMA,25125,301500,0.7530303845802943,1.4212688207626343,1.4003570079803467,0.6837467362924282,0.4177545691906005,0.4290189059178879,1.0,0.0003,1.0,7279.224654912949
depth4_bal_MAMAMAMA,4,MAMAMAMA,25150,301800,1.1735597799221675,1.3686130841573079,1.370182112285069,0.5518929503916449,0.42950391644908614,0.4341648954021703,1.0,0.0003,1.0,7287.205124616623
depth4_bal_MAMAMAMA,4,MAMAMAMA,25175,302100,0.5594145407279333,1.0428846677144368,1.038919268335615,0.7881853785900783,0.5600522193211488,0.5549837789461909,1.0,0.0003,1.0,7294.465417146683
depth4_bal_MAMAMAMA,4,MAMAMAMA,25200,302400,0.5876969943443934,1.084126313527425,1.1089167084012712,0.7663185378590078,0.5326370757180157,0.5217585859715852,1.0,0.0003,1.0,7302.603786945343
depth4_bal_MAMAMAMA,4,MAMAMAMA,25225,302700,0.6222722331682841,1.1239707072575886,1.1502432244164602,0.7532637075718016,0.5248041775456919,0.5101241749636425,1.0,0.0003,1.0,7310.112489461899
depth4_bal_MAMAMAMA,4,MAMAMAMA,25250,303000,0.6125834931929907,1.230135718981425,1.2177524736949377,0.7633812010443864,0.49738903394255873,0.4997203266584629,1.0,0.0003,1.0,7318.337958812714
depth4_bal_MAMAMAMA,4,MAMAMAMA,25275,303300,0.6326497793197632,0.9455928007761637,0.9701202545847212,0.7689295039164491,0.6096605744125326,0.5773576462691576,1.0,0.0003,1.0,7325.370690584183
depth4_bal_MAMAMAMA,4,MAMAMAMA,25300,303600,0.5727298756440481,1.0836989879608154,1.070271929672786,0.7715404699738904,0.5600522193211488,0.5463698400268486,1.0,0.0003,1.0,7333.254308462143
depth4_bal_MAMAMAMA,4,MAMAMAMA,25325,303900,0.7099082618951797,1.1773689985275269,1.2017949308667863,0.6984334203655352,0.49216710182767626,0.4824924488197785,1.0,0.0003,1.0,7341.470925092697
depth4_bal_MAMAMAMA,4,MAMAMAMA,25350,304200,0.5252403070529302,1.1664875348409016,1.1831325667245047,0.799934725848564,0.5026109660574413,0.4987135026289294,1.0,0.0003,1.0,7349.561311721802
depth4_bal_MAMAMAMA,4,MAMAMAMA,25375,304500,0.6046018004417419,1.0153627792994182,1.0643501486097062,0.7457571801566579,0.566579634464752,0.5450274079874706,1.0,0.0003,1.0,7357.85479593277
depth4_bal_MAMAMAMA,4,MAMAMAMA,25400,304800,0.4797642504175504,0.9705471992492676,0.9237891571862357,0.8537859007832899,0.608355091383812,0.622888466271395,1.0,0.0003,1.0,7365.811482667923
depth4_bal_MAMAMAMA,4,MAMAMAMA,25425,305100,0.5310007234414419,0.9660891691843668,0.9836228183337621,0.8204960835509139,0.5835509138381201,0.5743371741805571,1.0,0.0003,1.0,7374.007866859436
depth4_bal_MAMAMAMA,4,MAMAMAMA,25450,305400,0.6806574513514837,0.9806026816368103,0.9960130487169538,0.7395561357702349,0.5600522193211488,0.5735540888242533,1.0,0.0003,1.0,7381.881242990494
depth4_bal_MAMAMAMA,4,MAMAMAMA,25475,305700,0.49488838762044907,1.1169236103693645,1.0821179560252598,0.818864229765013,0.5456919060052219,0.549502181452064,1.0,0.0003,1.0,7385.066765546799
depth4_bal_MAMAMAMA,4,MAMAMAMA,25500,306000,0.9285751183827718,1.257099946339925,1.2096446956906999,0.6367493472584856,0.4490861618798956,0.47376664056382145,1.0,0.0003,1.0,7388.620483160019
depth4_bal_MAMAMAMA,4,MAMAMAMA,25525,306300,0.5804210752248764,1.0511918862660725,1.0847752979823522,0.7800261096605744,0.5483028720626631,0.5423425439087146,1.0,0.0003,1.0,7392.668186664581
depth4_bal_MAMAMAMA,4,MAMAMAMA,25550,306600,0.5139367158214251,1.0730884472529094,1.0666177238736834,0.8156005221932114,0.566579634464752,0.556885557668643,1.0,0.0003,1.0,7395.736456632614
depth4_bal_MAMAMAMA,4,MAMAMAMA,25575,306900,0.456655112405618,1.0124154090881348,0.9783790077481951,0.8629242819843342,0.5587467362924282,0.5842935451392773,1.0,0.0003,1.0,7400.376549243927
depth4_bal_MAMAMAMA,4,MAMAMAMA,25600,307200,0.7888075808684031,1.1852797667185466,1.226284078189305,0.6700391644908616,0.5013054830287206,0.49535742253048437,1.0,0.0003,1.0,7407.226312875748
depth4_bal_MAMAMAMA,4,MAMAMAMA,25625,307500,0.5771346141894659,1.4205827713012695,1.3756623472486222,0.7630548302872062,0.4464751958224543,0.44568743707349817,1.0,0.0003,1.0,7415.246813058853
depth4_bal_MAMAMAMA,4,MAMAMAMA,25650,307800,0.6565578381220499,1.3368817170461018,1.367634163584028,0.7447780678851175,0.44386422976501305,0.4422194876384383,1.0,0.0003,1.0,7423.283645629883
depth4_bal_MAMAMAMA,4,MAMAMAMA,25675,308100,0.6115479320287704,1.2532618045806885,1.2417156151362827,0.7545691906005222,0.4765013054830287,0.48238057948316365,1.0,0.0003,1.0,7431.3693063259125
depth4_bal_MAMAMAMA,4,MAMAMAMA,25700,308400,0.5418741678198179,1.0528889099756877,1.0290825928960528,0.7914490861618799,0.5613577023498695,0.5646045418950666,1.0,0.0003,1.0,7439.447692155838
depth4_bal_MAMAMAMA,4,MAMAMAMA,25725,308700,0.49195675551891327,0.9261772831281027,0.9246367880276272,0.8413838120104439,0.6122715404699739,0.6063318044523996,1.0,0.0003,1.0,7444.199011802673
depth4_bal_MAMAMAMA,4,MAMAMAMA,25750,309000,0.6545358697573344,1.1961278915405273,1.1742391211645944,0.7323759791122716,0.5287206266318538,0.5138158630719319,1.0,0.0003,1.0,7447.396348237991
depth4_bal_MAMAMAMA,4,MAMAMAMA,25775,309300,0.4568081696828206,0.8694208661715189,0.8656367233821324,0.8629242819843342,0.6331592689295039,0.6365365253384048,1.0,0.0003,1.0,7450.5027775764465
depth4_bal_MAMAMAMA,4,MAMAMAMA,25800,309600,0.8115718613068262,1.4922221899032593,1.4984062365123203,0.6449086161879896,0.4073107049608355,0.414140284148115,1.0,0.0003,1.0,7453.593771696091
depth4_bal_MAMAMAMA,4,MAMAMAMA,25825,309900,0.6880134592453638,1.1679973602294922,1.1240460804530552,0.7294386422976501,0.49738903394255873,0.5049781854793601,1.0,0.0003,1.0,7456.654752492905
depth4_bal_MAMAMAMA,4,MAMAMAMA,25850,310200,0.6610557933648428,1.0225618680318196,1.0312656436647687,0.7320496083550914,0.5352480417754569,0.5517395681843607,1.0,0.0003,1.0,7459.834180831909
depth4_bal_MAMAMAMA,4,MAMAMAMA,25875,310500,0.6296133597691854,1.1812870502471924,1.1873116425105503,0.7506527415143603,0.46866840731070497,0.4822687101465488,1.0,0.0003,1.0,7462.90318608284
depth4_bal_MAMAMAMA,4,MAMAMAMA,25900,310800,0.6933029343684515,1.2609577576319377,1.2059135573250908,0.7232375979112271,0.46736292428198434,0.4937912518178767,1.0,0.0003,1.0,7465.971650123596
depth4_bal_MAMAMAMA,4,MAMAMAMA,25925,311100,0.5275430033604304,0.9686373472213745,0.9842086689812797,0.8113577023498695,0.6044386422976501,0.5828392437632844,1.0,0.0003,1.0,7469.040383815765
depth4_bal_MAMAMAMA,4,MAMAMAMA,25950,311400,0.5465955684582392,1.0930062135060628,1.1178941352026803,0.8018929503916449,0.5248041775456919,0.517843159190066,1.0,0.0003,1.0,7474.440265655518
depth4_bal_MAMAMAMA,4,MAMAMAMA,25975,311700,0.5003008469939232,1.0055421193440754,1.0151118397712708,0.8351827676240209,0.577023498694517,0.5596822910840139,1.0,0.0003,1.0,7482.1601395606995
depth4_bal_MAMAMAMA,4,MAMAMAMA,26000,312000,0.8780506551265717,1.3770287036895752,1.313538602420262,0.639686684073107,0.4425587467362924,0.4547488533392997,1.0,0.0003,1.0,7486.008224487305
depth4_bal_MAMAMAMA,4,MAMAMAMA,26025,312300,0.44741177558898926,0.9112845460573832,0.9125491550990513,0.8867493472584856,0.6135770234986945,0.6263564157064548,1.0,0.0003,1.0,7493.2628972530365
depth4_bal_MAMAMAMA,4,MAMAMAMA,26050,312600,0.8516032000382742,1.4082788228988647,1.3947986568723405,0.6563315926892951,0.4281984334203655,0.43629041279785213,1.0,0.0003,1.0,7500.6413362026215
depth4_bal_MAMAMAMA,4,MAMAMAMA,26075,312900,0.8167663713296255,1.4309305747350056,1.4197711093085152,0.674934725848564,0.4451697127937337,0.4311444233135697,1.0,0.0003,1.0,7508.295830488205
depth4_bal_MAMAMAMA,4,MAMAMAMA,26100,313200,0.7615981499354044,1.1964970429738362,1.2027026789528983,0.6899477806788512,0.4830287206266319,0.4871909609576015,1.0,0.0003,1.0,7516.527255296707
depth4_bal_MAMAMAMA,4,MAMAMAMA,26125,313500,0.5710530330737432,1.074108322461446,1.1233593497957501,0.7692558746736292,0.5469973890339426,0.5275757914755566,1.0,0.0003,1.0,7524.849787473679
depth4_bal_MAMAMAMA,4,MAMAMAMA,26150,313800,0.546375185251236,1.208557923634847,1.1573330879211425,0.7842689295039165,0.4960835509138381,0.5210873699518962,1.0,0.0003,1.0,7532.857470273972
depth4_bal_MAMAMAMA,4,MAMAMAMA,26175,314100,0.6798886557420095,1.094361941019694,1.0868454047611782,0.8067885117493473,0.5287206266318538,0.5247790580601857,1.0,0.0003,1.0,7540.979259490967
depth4_bal_MAMAMAMA,4,MAMAMAMA,26200,314400,0.7386461893717448,1.6127525170644124,1.4626713446208408,0.6886422976501305,0.36945169712793735,0.40899429466383264,1.0,0.0003,1.0,7548.83588051796
depth4_bal_MAMAMAMA,4,MAMAMAMA,26225,314700,0.5356763030091921,1.2068769931793213,1.187029116494315,0.8071148825065274,0.5078328981723238,0.519856807249133,1.0,0.0003,1.0,7556.827745914459
depth4_bal_MAMAMAMA,4,MAMAMAMA,26250,315000,0.5397289792696635,0.991140604019165,0.9945882473673139,0.8018929503916449,0.5509138381201044,0.5735540888242533,1.0,0.0003,1.0,7563.879505157471
depth4_bal_MAMAMAMA,4,MAMAMAMA,26275,315300,0.6364307949940363,1.0258342027664185,1.0217183828353882,0.7721932114882507,0.5483028720626631,0.5510683521646716,1.0,0.0003,1.0,7571.31883430481
depth4_bal_MAMAMAMA,4,MAMAMAMA,26300,315600,0.6064824312925339,1.016850213209788,1.031722731249673,0.7581592689295039,0.5652741514360313,0.5643808032218369,1.0,0.0003,1.0,7578.912260293961
depth4_bal_MAMAMAMA,4,MAMAMAMA,26325,315900,0.6876237740119299,1.3366036017735798,1.3686027015958513,0.7140992167101827,0.4595300261096606,0.4494909945184025,1.0,0.0003,1.0,7587.055177688599
depth4_bal_MAMAMAMA,4,MAMAMAMA,26350,316200,0.6772676010926565,1.4084157943725586,1.3517672095979962,0.714425587467363,0.4216710182767624,0.44557556773688334,1.0,0.0003,1.0,7595.196926355362
depth4_bal_MAMAMAMA,4,MAMAMAMA,26375,316500,0.6510864744583765,1.134034514427185,1.1092745355197362,0.7421671018276762,0.5234986945169713,0.5262333594361785,1.0,0.0003,1.0,7603.031738519669
depth4_bal_MAMAMAMA,4,MAMAMAMA,26400,316800,0.562834307551384,1.0700886448224385,1.0329297474452428,0.7823107049608355,0.5691906005221932,0.5619196778163106,1.0,0.0003,1.0,7611.243390321732
depth4_bal_MAMAMAMA,4,MAMAMAMA,26425,317100,1.2724170982837677,1.5491995016733806,1.5564060756138394,0.5003263707571801,0.3785900783289817,0.35552075176194203,1.0,0.0003,1.0,7619.433815717697
depth4_bal_MAMAMAMA,4,MAMAMAMA,26450,317400,0.707368383804957,1.17604660987854,1.116239435332162,0.7140992167101827,0.5026109660574413,0.5197449379125182,1.0,0.0003,1.0,7627.496624469757
depth4_bal_MAMAMAMA,4,MAMAMAMA,26475,317700,0.9105452597141266,1.4723085562388103,1.516019184248788,0.6191253263707572,0.43342036553524804,0.4187269269493232,1.0,0.0003,1.0,7635.723671197891
depth4_bal_MAMAMAMA,4,MAMAMAMA,26500,318000,0.48034749180078506,0.9474294384320577,0.945646015235356,0.8495430809399478,0.6201044386422977,0.608121713838237,1.0,0.0003,1.0,7643.576192855835
depth4_bal_MAMAMAMA,4,MAMAMAMA,26525,318300,0.9567239781220754,1.244653344154358,1.2156090191432407,0.639686684073107,0.47127937336814624,0.4753328112764291,1.0,0.0003,1.0,7651.800862073898
depth4_bal_MAMAMAMA,4,MAMAMAMA,26550,318600,0.4835272232691447,0.9476684133211771,0.9475010207721165,0.839425587467363,0.5966057441253264,0.6016332923145766,1.0,0.0003,1.0,7660.029917955399
depth4_bal_MAMAMAMA,4,MAMAMAMA,26575,318900,0.6897674401601156,1.360631783803304,1.346820947102138,0.714425587467363,0.4321148825065274,0.43629041279785213,1.0,0.0003,1.0,7667.867522954941
depth4_bal_MAMAMAMA,4,MAMAMAMA,26600,319200,0.7098567535479864,1.1141005357106526,1.1388060297284808,0.7039817232375979,0.5365535248041775,0.5132565163888578,1.0,0.0003,1.0,7676.073281764984
depth4_bal_MAMAMAMA,4,MAMAMAMA,26625,319500,0.5514548892776171,1.0562106370925903,1.0354148643357413,0.8087467362924282,0.5443864229765013,0.5498377894619085,1.0,0.0003,1.0,7683.965105295181
depth4_bal_MAMAMAMA,4,MAMAMAMA,26650,319800,0.6729424347480139,1.242288867632548,1.1799618414470128,0.714425587467363,0.49869451697127937,0.5069918335384271,1.0,0.0003,1.0,7692.163125991821
depth4_bal_MAMAMAMA,4,MAMAMAMA,26675,320100,0.6101936101913452,1.409205396970113,1.4043428352900913,0.7447780678851175,0.4386422976501306,0.43282246336279223,1.0,0.0003,1.0,7700.0388996601105
depth4_bal_MAMAMAMA,4,MAMAMAMA,26700,320400,0.549053467810154,1.0861169894536336,1.03653393302645,0.787532637075718,0.5522193211488251,0.5566618189954133,1.0,0.0003,1.0,7708.356158494949
depth4_bal_MAMAMAMA,4,MAMAMAMA,26725,320700,0.7725783834854761,1.4573405981063843,1.3827577693121773,0.6889686684073107,0.39556135770234985,0.43673789014431147,1.0,0.0003,1.0,7716.315093994141
depth4_bal_MAMAMAMA,4,MAMAMAMA,26750,321000,0.6733737091223398,1.1559836467107136,1.1539122888020106,0.7114882506527415,0.5234986945169713,0.5275757914755566,1.0,0.0003,1.0,7724.0011575222015
depth4_bal_MAMAMAMA,4,MAMAMAMA,26775,321300,1.0103537340958912,1.4564183553059895,1.414928926740374,0.5835509138381201,0.412532637075718,0.41235037476227765,1.0,0.0003,1.0,7732.279394388199
depth4_bal_MAMAMAMA,4,MAMAMAMA,26800,321600,0.7740950187047323,1.0430470705032349,1.1169111830847605,0.6746083550913838,0.5313315926892951,0.5130327777156282,1.0,0.0003,1.0,7740.555125951767
depth4_bal_MAMAMAMA,4,MAMAMAMA,26825,321900,0.5344163874785105,1.020639459292094,1.0537703922816686,0.8071148825065274,0.5626631853785901,0.552858261550509,1.0,0.0003,1.0,7748.787575244904
depth4_bal_MAMAMAMA,4,MAMAMAMA,26850,322200,0.5744678825139999,1.123097022374471,1.0998594096728733,0.7787206266318538,0.5300261096605744,0.5445799306410113,1.0,0.0003,1.0,7757.022611618042
depth4_bal_MAMAMAMA,4,MAMAMAMA,26875,322500,0.6820239921410879,1.1704517205556233,1.1939973728997366,0.7150783289817232,0.5221932114882507,0.5109072603199463,1.0,0.0003,1.0,7765.309022665024
depth4_bal_MAMAMAMA,4,MAMAMAMA,26900,322800,0.5274980440735817,1.0744892358779907,1.0597044178417752,0.8159268929503917,0.5613577023498695,0.5522989148674349,1.0,0.0003,1.0,7773.132740736008
depth4_bal_MAMAMAMA,4,MAMAMAMA,26925,323100,0.6411560947696368,1.2554770310719807,1.283345321246556,0.7395561357702349,0.48825065274151436,0.4802550620874818,1.0,0.0003,1.0,7780.785344839096
depth4_bal_MAMAMAMA,4,MAMAMAMA,26950,323400,0.5857980127135912,1.1343321800231934,1.126350508417402,0.7748041775456919,0.5287206266318538,0.5340642129992169,1.0,0.0003,1.0,7785.297732830048
depth4_bal_MAMAMAMA,4,MAMAMAMA,26975,323700,0.8575618664423624,1.5099786917368572,1.503493676866804,0.6357702349869452,0.4112271540469974,0.41537084685087816,1.0,0.0003,1.0,7793.387526512146
depth4_bal_MAMAMAMA,4,MAMAMAMA,27000,324000,0.5069679270188013,0.9764119187990824,0.9642859033175877,0.8328981723237598,0.5953002610966057,0.5954804788007607,1.0,0.0003,1.0,7800.109309673309
depth4_bal_MAMAMAMA,4,MAMAMAMA,27025,324300,0.6012628376483917,1.2164592742919922,1.1730679784502303,0.7529373368146214,0.4908616187989556,0.5210873699518962,1.0,0.0003,1.0,7807.8120238780975
depth4_bal_MAMAMAMA,4,MAMAMAMA,27050,324600,1.83139169216156,1.8860156536102295,1.8787907293864659,0.36129242819843344,0.26240208877284593,0.2813513815863072,1.0,0.0003,1.0,7815.519648075104
depth4_bal_MAMAMAMA,4,MAMAMAMA,27075,324900,0.6809316923220953,0.9985439777374268,1.0172658630779812,0.7310704960835509,0.5626631853785901,0.562255285826155,1.0,0.0003,1.0,7823.685483217239
depth4_bal_MAMAMAMA,4,MAMAMAMA,27100,325200,0.6051502625147501,1.1429866154988606,1.1248492172786169,0.7640339425587467,0.52088772845953,0.5199686765857479,1.0,0.0003,1.0,7831.823875665665
depth4_bal_MAMAMAMA,4,MAMAMAMA,27125,325500,0.7031551351149877,1.1100439230600994,1.0655357786587307,0.7154046997389034,0.4934725848563969,0.5320505649401499,1.0,0.0003,1.0,7840.079278230667
depth4_bal_MAMAMAMA,4,MAMAMAMA,27150,325800,0.6180373132228851,1.241963783899943,1.2370434624808175,0.7496736292428199,0.48172323759791125,0.47868889137487414,1.0,0.0003,1.0,7848.090141773224
depth4_bal_MAMAMAMA,4,MAMAMAMA,27175,326100,0.6408479958772659,1.1432019472122192,1.1496173313685827,0.7392297650130548,0.49477806788511747,0.5100123056270276,1.0,0.0003,1.0,7856.287194728851
depth4_bal_MAMAMAMA,4,MAMAMAMA,27200,326400,0.5498083879550298,1.057701865832011,1.0517601915768215,0.783289817232376,0.5783289817232375,0.5709810940821121,1.0,0.0003,1.0,7864.498121261597
depth4_bal_MAMAMAMA,4,MAMAMAMA,27225,326700,0.6378827740748724,1.1994619766871135,1.1694148983274186,0.7398825065274152,0.5234986945169713,0.5251146660700302,1.0,0.0003,1.0,7872.3412046432495
depth4_bal_MAMAMAMA,4,MAMAMAMA,27250,327000,0.5383957996964455,1.0586046775182087,1.0924920627049037,0.8025456919060052,0.5483028720626631,0.52858261550509,1.0,0.0003,1.0,7880.622555017471
depth4_bal_MAMAMAMA,4,MAMAMAMA,27275,327300,0.6942561318476995,1.3727620045344036,1.3139928715569633,0.7013707571801566,0.4490861618798956,0.4846179662154603,1.0,0.0003,1.0,7888.683874845505
depth4_bal_MAMAMAMA,4,MAMAMAMA,27300,327600,0.5831075857083002,0.9543991486231486,0.9799904244286674,0.777088772845953,0.6070496083550914,0.5819442890703658,1.0,0.0003,1.0,7896.74498128891
depth4_bal_MAMAMAMA,4,MAMAMAMA,27325,327900,0.4662482216954231,0.8916805187861124,0.8779083064624241,0.8436684073107049,0.6357702349869452,0.6252377223403065,1.0,0.0003,1.0,7904.057071447372
depth4_bal_MAMAMAMA,4,MAMAMAMA,27350,328200,0.5322751626372337,1.1154510974884033,1.1251763599259512,0.7956919060052219,0.5326370757180157,0.5260096207629489,1.0,0.0003,1.0,7912.23437666893
depth4_bal_MAMAMAMA,4,MAMAMAMA,27375,328500,0.5637516131003698,0.9950889348983765,0.9770363501140049,0.7757832898172323,0.5861618798955613,0.5875377559011075,1.0,0.0003,1.0,7920.402567386627
depth4_bal_MAMAMAMA,4,MAMAMAMA,27400,328800,0.449582318464915,0.8946600953737894,0.9070570315633502,0.8854438642297651,0.6292428198433421,0.620874818212328,1.0,0.0003,1.0,7928.445727825165
depth4_bal_MAMAMAMA,4,MAMAMAMA,27425,329100,0.5429730465014776,1.093862771987915,1.0564431956836156,0.8113577023498695,0.5391644908616188,0.5373084237610471,1.0,0.0003,1.0,7936.640609025955
depth4_bal_MAMAMAMA,4,MAMAMAMA,27450,329400,0.7613921115795771,1.1232235829035442,1.1213150467191424,0.6873368146214099,0.5091383812010444,0.5134802550620875,1.0,0.0003,1.0,7944.707225322723
depth4_bal_MAMAMAMA,4,MAMAMAMA,27475,329700,0.5007255499561628,0.9344875613848368,0.9513845665114267,0.8342036553524804,0.5783289817232375,0.5826155050900548,1.0,0.0003,1.0,7953.007368087769
depth4_bal_MAMAMAMA,4,MAMAMAMA,27500,330000,0.6686044931411743,1.0291244983673096,1.0274578741618565,0.7516318537859008,0.5391644908616188,0.5502852668083679,1.0,0.0003,1.0,7961.219923496246
depth4_bal_MAMAMAMA,4,MAMAMAMA,27525,330300,0.5731026927630106,0.9362472693125407,0.958073662008558,0.835509138381201,0.6122715404699739,0.5913413133460118,1.0,0.0003,1.0,7967.301332950592
depth4_bal_MAMAMAMA,4,MAMAMAMA,27550,330600,0.7740151137113571,1.1554837226867676,1.1705486161368235,0.6850522193211488,0.52088772845953,0.5173956818436066,1.0,0.0003,1.0,7974.9758903980255
depth4_bal_MAMAMAMA,4,MAMAMAMA,27575,330900,0.5650041873256365,0.9953957994778951,0.9860428162983486,0.7862271540469974,0.5796344647519582,0.5792594249916098,1.0,0.0003,1.0,7983.134118080139
depth4_bal_MAMAMAMA,4,MAMAMAMA,27600,331200,0.7499763866265615,1.1173781156539917,1.1357579571860177,0.6873368146214099,0.5391644908616188,0.5229891486743483,1.0,0.0003,1.0,7989.9753839969635
depth4_bal_MAMAMAMA,4,MAMAMAMA,27625,331500,0.6753647277752558,1.0466885964075725,1.045649140221732,0.7310704960835509,0.5365535248041775,0.5516276988477459,1.0,0.0003,1.0,7998.184760808945
depth4_bal_MAMAMAMA,4,MAMAMAMA,27650,331800,0.4831052099665006,0.9186898271242777,0.9241441624505179,0.8544386422976501,0.6005221932114883,0.6028638550173397,1.0,0.0003,1.0,8006.200038433075
depth4_bal_MAMAMAMA,4,MAMAMAMA,27675,332100,0.5209384014209112,0.9682376980781555,0.9853300826890128,0.8077676240208878,0.6057441253263708,0.5883208412574114,1.0,0.0003,1.0,8014.183263301849
depth4_bal_MAMAMAMA,4,MAMAMAMA,27700,332400,0.7883967906236649,1.1682697137196858,1.1209989956447057,0.6873368146214099,0.5039164490861618,0.5301487862176977,1.0,0.0003,1.0,8022.204701662064
depth4_bal_MAMAMAMA,4,MAMAMAMA,27725,332700,0.5714518949389458,1.1483235756556194,1.1170220613479613,0.7702349869451697,0.49869451697127937,0.5081105269045755,1.0,0.0003,1.0,8030.095815181732
depth4_bal_MAMAMAMA,4,MAMAMAMA,27750,333000,0.6420818666617075,1.0170878569285076,0.9873369523457118,0.7473890339425587,0.5822454308093995,0.575120259536861,1.0,0.0003,1.0,8038.17741060257
depth4_bal_MAMAMAMA,4,MAMAMAMA,27775,333300,0.8759526362021764,1.3485220273335774,1.3084114176886423,0.6364229765013055,0.45039164490861616,0.4652645709810941,1.0,0.0003,1.0,8046.261508226395
depth4_bal_MAMAMAMA,4,MAMAMAMA,27800,333600,0.5053528050581614,0.9362915356953939,0.9229137573923384,0.8433420365535248,0.5900783289817232,0.612149009956371,1.0,0.0003,1.0,8054.501695156097
depth4_bal_MAMAMAMA,4,MAMAMAMA,27825,333900,0.5526520609855652,0.9819403092066447,0.9390147941453116,0.7859007832898173,0.5887728459530026,0.5996196442555095,1.0,0.0003,1.0,8062.636117935181
depth4_bal_MAMAMAMA,4,MAMAMAMA,27850,334200,0.7240641365448633,1.0604225794474285,1.0435065456799097,0.7010443864229765,0.5443864229765013,0.5514039601745162,1.0,0.0003,1.0,8070.785828113556
depth4_bal_MAMAMAMA,4,MAMAMAMA,27875,334500,0.4633141855398814,0.8481375575065613,0.8620907306671143,0.8723890339425587,0.6501305483028721,0.6445911175746728,1.0,0.0003,1.0,8078.535593986511
depth4_bal_MAMAMAMA,4,MAMAMAMA,27900,334800,0.5121508166193962,0.952051599820455,0.9554754206112452,0.8097258485639687,0.5796344647519582,0.5957042174739904,1.0,0.0003,1.0,8086.498967409134
depth4_bal_MAMAMAMA,4,MAMAMAMA,27925,335100,0.4944209158420563,0.9196549654006958,0.9142203211784363,0.8730417754569191,0.6292428198433421,0.6241190289741582,1.0,0.0003,1.0,8094.191120147705
depth4_bal_MAMAMAMA,4,MAMAMAMA,27950,335400,0.5449898292620977,1.0512809753417969,1.0368454609598432,0.79177545691906,0.5522193211488251,0.5583398590446359,1.0,0.0003,1.0,8102.231431722641
depth4_bal_MAMAMAMA,4,MAMAMAMA,27975,335700,0.5813295692205429,1.1042492389678955,1.1422236476625716,0.779373368146214,0.5182767624020888,0.5104597829734869,1.0,0.0003,1.0,8110.454796791077
depth4_bal_MAMAMAMA,4,MAMAMAMA,28000,336000,0.5969724506139755,1.2258687019348145,1.2410663877214705,0.7627284595300261,0.4960835509138381,0.4812618861170153,1.0,0.0003,1.0,8118.825418710709
depth4_bal_MAMAMAMA,4,MAMAMAMA,28025,336300,0.5676667590936025,1.0947424173355103,1.0694343294416155,0.7764360313315927,0.5443864229765013,0.5460342320170042,1.0,0.0003,1.0,8125.667169570923
depth4_bal_MAMAMAMA,4,MAMAMAMA,28050,336600,0.5412118608752886,1.0405287345250447,0.9760965738977705,0.7901436031331592,0.5639686684073107,0.581161203714062,1.0,0.0003,1.0,8129.673824548721
depth4_bal_MAMAMAMA,4,MAMAMAMA,28075,336900,0.6068814098834991,1.067122181256612,1.065753093787602,0.7542428198433421,0.5652741514360313,0.5470410560465376,1.0,0.0003,1.0,8136.562839508057
depth4_bal_MAMAMAMA,4,MAMAMAMA,28100,337200,0.7330048779646555,1.129773775736491,1.1114828041621616,0.7003916449086162,0.5430809399477807,0.5446917999776262,1.0,0.0003,1.0,8144.784596443176
depth4_bal_MAMAMAMA,4,MAMAMAMA,28125,337500,0.6186796178420385,0.9830459753672282,0.9714897905077253,0.7522845953002611,0.5939947780678851,0.5893276652869448,1.0,0.0003,1.0,8150.938111066818
depth4_bal_MAMAMAMA,4,MAMAMAMA,28150,337800,0.4772726173202197,1.0620782375335693,0.9938049742153713,0.8280026109660574,0.5548302872062664,0.589887011970019,1.0,0.0003,1.0,8154.047973871231
depth4_bal_MAMAMAMA,4,MAMAMAMA,28175,338100,0.5596818973620733,1.0432933966318767,1.0040061882564,0.810378590078329,0.5456919060052219,0.5654994965879853,1.0,0.0003,1.0,8157.27295589447
depth4_bal_MAMAMAMA,4,MAMAMAMA,28200,338400,0.6412487824757894,1.1227433681488037,1.172462020601545,0.737597911227154,0.5535248041775457,0.5199686765857479,1.0,0.0003,1.0,8161.946861028671
depth4_bal_MAMAMAMA,4,MAMAMAMA,28225,338700,0.5917874028285345,0.984355648358663,1.007182833126613,0.7539164490861618,0.5809399477806788,0.5729947421411791,1.0,0.0003,1.0,8170.251202583313
depth4_bal_MAMAMAMA,4,MAMAMAMA,28250,339000,0.43866219868262607,0.8855142593383789,0.8895936080387661,0.8635770234986945,0.6240208877284595,0.6231122049446247,1.0,0.0003,1.0,8178.240792989731
depth4_bal_MAMAMAMA,4,MAMAMAMA,28275,339300,0.6737633446852366,1.2049397230148315,1.1755243982587542,0.7265013054830287,0.4869451697127937,0.5090054815974941,1.0,0.0003,1.0,8186.441591024399
depth4_bal_MAMAMAMA,4,MAMAMAMA,28300,339600,0.6004244089126587,1.1050618886947632,1.0652107000350952,0.7578328981723238,0.5404699738903395,0.5473766640563822,1.0,0.0003,1.0,8194.525396347046
depth4_bal_MAMAMAMA,4,MAMAMAMA,28325,339900,0.6924962947765986,1.3332931598027546,1.330556389263698,0.7049608355091384,0.45691906005221933,0.47018682179214677,1.0,0.0003,1.0,8202.84073638916
depth4_bal_MAMAMAMA,4,MAMAMAMA,28350,340200,0.7389940371116003,1.2268537282943726,1.2367974826267787,0.6974543080939948,0.5,0.4729835552075176,1.0,0.0003,1.0,8210.725240945816
depth4_bal_MAMAMAMA,4,MAMAMAMA,28375,340500,0.46620769798755646,1.047501842180888,1.0271869080407279,0.8364882506527415,0.5783289817232375,0.571764179438416,1.0,0.0003,1.0,8217.107059240341
depth4_bal_MAMAMAMA,4,MAMAMAMA,28400,340800,0.9952718218167623,1.5420478582382202,1.5710926021848406,0.6021540469973891,0.4073107049608355,0.4139165454748853,1.0,0.0003,1.0,8220.255150794983
depth4_bal_MAMAMAMA,4,MAMAMAMA,28425,341100,0.5624262889226278,0.9992379347483317,1.0012583579335894,0.7839425587467362,0.5835509138381201,0.5800425103479137,1.0,0.0003,1.0,8223.38223195076
depth4_bal_MAMAMAMA,4,MAMAMAMA,28450,341400,0.590657169620196,1.0867578188578289,1.0609626531600953,0.7578328981723238,0.5626631853785901,0.55218704553082,1.0,0.0003,1.0,8226.620183944702
depth4_bal_MAMAMAMA,4,MAMAMAMA,28475,341700,0.6644920905431112,1.3142719268798828,1.2611752578190394,0.7304177545691906,0.4751958224543081,0.48696722228437184,1.0,0.0003,1.0,8230.32593178749
depth4_bal_MAMAMAMA,4,MAMAMAMA,28500,342000,0.5114275515079498,0.9691160917282104,0.958878925868443,0.8263707571801566,0.5926892950391645,0.5837341984562031,1.0,0.0003,1.0,8238.512563705444
depth4_bal_MAMAMAMA,4,MAMAMAMA,28525,342300,0.4950556879242261,1.0131653944651287,1.0150669864245823,0.8247389033942559,0.5378590078328982,0.573106611477794,1.0,0.0003,1.0,8246.80896782875
depth4_bal_MAMAMAMA,4,MAMAMAMA,28550,342600,0.5053734928369522,1.0706564982732136,1.074465457030705,0.8224543080939948,0.5326370757180157,0.5357422530484395,1.0,0.0003,1.0,8254.72020816803
depth4_bal_MAMAMAMA,4,MAMAMAMA,28575,342900,0.8440798471371332,1.2151764631271362,1.1990676266806466,0.6462140992167101,0.5026109660574413,0.4897639556997427,1.0,0.0003,1.0,8262.818511724472
depth4_bal_MAMAMAMA,4,MAMAMAMA,28600,343200,0.5194547325372696,1.0005192359288533,1.0015572258404324,0.8009138381201044,0.5691906005221932,0.5819442890703658,1.0,0.0003,1.0,8270.489305973053
depth4_bal_MAMAMAMA,4,MAMAMAMA,28625,343500,0.6083207974831263,0.9790398677190145,1.01690137556621,0.77088772845953,0.5691906005221932,0.5735540888242533,1.0,0.0003,1.0,8275.992108106613
depth4_bal_MAMAMAMA,4,MAMAMAMA,28650,343800,0.5549091026186943,1.0600066184997559,1.1031721319471086,0.787532637075718,0.5365535248041775,0.5320505649401499,1.0,0.0003,1.0,8283.614000558853
depth4_bal_MAMAMAMA,4,MAMAMAMA,28675,344100,0.42651643852392834,0.9023748834927877,0.88975670337677,0.9001305483028721,0.639686684073107,0.6449267255845172,1.0,0.0003,1.0,8291.308030128479
depth4_bal_MAMAMAMA,4,MAMAMAMA,28700,344400,0.657125860452652,1.2221522728602092,1.2509324891226632,0.7300913838120104,0.49738903394255873,0.492896297124958,1.0,0.0003,1.0,8297.286260843277
depth4_bal_MAMAMAMA,4,MAMAMAMA,28725,344700,0.651205783089002,1.0610874891281128,1.1146068487848555,0.731396866840731,0.5509138381201044,0.5445799306410113,1.0,0.0003,1.0,8301.616747617722
depth4_bal_MAMAMAMA,4,MAMAMAMA,28750,345000,0.762364536523819,1.140188217163086,1.1603302274431502,0.6850522193211488,0.5195822454308094,0.4981541559458552,1.0,0.0003,1.0,8305.570938825607
depth4_bal_MAMAMAMA,4,MAMAMAMA,28775,345300,0.48146509130795795,0.9310672481854757,0.950834310054779,0.827023498694517,0.6148825065274152,0.606779281798859,1.0,0.0003,1.0,8308.97138428688
depth4_bal_MAMAMAMA,4,MAMAMAMA,28800,345600,0.5070188343524933,1.0177456339200337,1.0028949158532279,0.8048302872062664,0.5574412532637075,0.5755677368833203,1.0,0.0003,1.0,8317.066282987595
depth4_bal_MAMAMAMA,4,MAMAMAMA,28825,345900,0.5975136309862137,0.9847395420074463,0.978033299105508,0.8309399477806788,0.587467362924282,0.5990602975724354,1.0,0.0003,1.0,8325.330425024033
depth4_bal_MAMAMAMA,4,MAMAMAMA,28850,346200,0.5840334345897039,1.0203721125920613,1.0571752871785844,0.7738250652741514,0.5704960835509139,0.5477122720662266,1.0,0.0003,1.0,8332.981355428696
depth4_bal_MAMAMAMA,4,MAMAMAMA,28875,346500,0.5829482724269232,1.078862229983012,1.1300155775887626,0.7633812010443864,0.5469973890339426,0.5239959727038819,1.0,0.0003,1.0,8340.321085453033
depth4_bal_MAMAMAMA,4,MAMAMAMA,28900,346800,0.8441949685414633,1.237310250600179,1.2133758238383703,0.6481723237597912,0.46475195822454307,0.48540105157176416,1.0,0.0003,1.0,8348.503153562546
depth4_bal_MAMAMAMA,4,MAMAMAMA,28925,347100,0.5850353588660558,1.0942559242248535,1.0994381393705095,0.7852480417754569,0.5117493472584856,0.519856807249133,1.0,0.0003,1.0,8356.738609790802
depth4_bal_MAMAMAMA,4,MAMAMAMA,28950,347400,0.5081391061345736,0.9034573833147684,0.9224248017583575,0.8214751958224543,0.608355091383812,0.6091285378677704,1.0,0.0003,1.0,8364.803320407867
depth4_bal_MAMAMAMA,4,MAMAMAMA,28975,347700,0.6334557483593622,1.0003453493118286,1.0123861517224992,0.7490208877284595,0.5678851174934726,0.5670656673005929,1.0,0.0003,1.0,8373.012480020523
depth4_bal_MAMAMAMA,4,MAMAMAMA,29000,348000,0.5958580325047175,0.9896796941757202,1.016946506500244,0.7637075718015666,0.5783289817232375,0.573777827497483,1.0,0.0003,1.0,8378.669431447983
depth4_bal_MAMAMAMA,4,MAMAMAMA,29025,348300,0.6774872193733851,1.1984479427337646,1.1825975452150617,0.720626631853786,0.49738903394255873,0.5123615616959392,1.0,0.0003,1.0,8386.941338777542
depth4_bal_MAMAMAMA,4,MAMAMAMA,29050,348600,0.5309897561868032,0.9186822175979614,0.954475678716387,0.7940600522193212,0.6201044386422977,0.5899988813066338,1.0,0.0003,1.0,8395.198080778122
depth4_bal_MAMAMAMA,4,MAMAMAMA,29075,348900,0.680471196770668,1.1359286705652873,1.118203614439283,0.7232375979112271,0.5326370757180157,0.5243315807137263,1.0,0.0003,1.0,8403.13736319542
depth4_bal_MAMAMAMA,4,MAMAMAMA,29100,349200,0.4702323575814565,0.8693849643071493,0.8825258101735797,0.8554177545691906,0.6449086161879896,0.6364246560017899,1.0,0.0003,1.0,8411.518646478653
depth4_bal_MAMAMAMA,4,MAMAMAMA,29125,349500,0.5597898637255033,1.2033906777699788,1.217452222960336,0.7816579634464752,0.49216710182767626,0.4981541559458552,1.0,0.0003,1.0,8419.640131473541
depth4_bal_MAMAMAMA,4,MAMAMAMA,29150,349800,0.5703312506278356,1.0226014057795207,1.0167482495307922,0.7862271540469974,0.5509138381201044,0.5540888242532722,1.0,0.0003,1.0,8427.629106760025
depth4_bal_MAMAMAMA,4,MAMAMAMA,29175,350100,0.7456364730993906,1.234126329421997,1.2387789521898542,0.7010443864229765,0.47911227154047,0.48204497147331915,1.0,0.0003,1.0,8434.725003242493
depth4_bal_MAMAMAMA,4,MAMAMAMA,29200,350400,0.4549241786201795,1.034145176410675,1.0625854321888515,0.8462793733681462,0.5352480417754569,0.5426781519185592,1.0,0.0003,1.0,8442.843040943146
depth4_bal_MAMAMAMA,4,MAMAMAMA,29225,350700,0.630196417371432,1.013302981853485,0.9964966705867222,0.7682767624020888,0.5326370757180157,0.5650520192415259,1.0,0.0003,1.0,8450.944308519363
depth4_bal_MAMAMAMA,4,MAMAMAMA,29250,351000,0.5781862934430441,1.002920150756836,0.9969285726547241,0.7669712793733682,0.5522193211488251,0.57579147555655,1.0,0.0003,1.0,8458.47094464302
depth4_bal_MAMAMAMA,4,MAMAMAMA,29275,351300,0.5437321638067564,1.162834644317627,1.1827876227242606,0.7914490861618799,0.5117493472584856,0.515829511130999,1.0,0.0003,1.0,8466.535205602646
depth4_bal_MAMAMAMA,4,MAMAMAMA,29300,351600,0.43635108321905136,0.9654911756515503,0.941558597769056,0.8642297650130548,0.5900783289817232,0.6001789909385837,1.0,0.0003,1.0,8474.4623503685
depth4_bal_MAMAMAMA,4,MAMAMAMA,29325,351900,0.49805183708667755,0.9610097408294678,0.9821743164743696,0.8172323759791122,0.5939947780678851,0.5841816758026624,1.0,0.0003,1.0,8482.631393909454
depth4_bal_MAMAMAMA,4,MAMAMAMA,29350,352200,0.5962390527129173,1.30787988503774,1.3165330648422242,0.7597911227154047,0.49477806788511747,0.4811500167804005,1.0,0.0003,1.0,8490.800747394562
depth4_bal_MAMAMAMA,4,MAMAMAMA,29375,352500,0.551216850678126,1.0535342295964558,1.1146999938147408,0.799934725848564,0.5456919060052219,0.5359659917216691,1.0,0.0003,1.0,8498.859438180923
depth4_bal_MAMAMAMA,4,MAMAMAMA,29400,352800,0.7596538712580999,1.3858784834543865,1.3954939161028181,0.7421671018276762,0.41906005221932113,0.41078420404967,1.0,0.0003,1.0,8506.574641942978
depth4_bal_MAMAMAMA,4,MAMAMAMA,29425,353100,0.4691365162531535,0.9323412775993347,0.945382787500109,0.8632506527415144,0.587467362924282,0.6011858149681173,1.0,0.0003,1.0,8514.609184265137
depth4_bal_MAMAMAMA,4,MAMAMAMA,29450,353400,0.49905306349198025,0.8891475598017374,0.9148862668446132,0.847911227154047,0.6161879895561357,0.6097997538874594,1.0,0.0003,1.0,8522.832080841064
depth4_bal_MAMAMAMA,4,MAMAMAMA,29475,353700,1.0104907403389614,1.52574888865153,1.5993685586111885,0.5835509138381201,0.4216710182767624,0.4085468173173733,1.0,0.0003,1.0,8530.601526021957
depth4_bal_MAMAMAMA,4,MAMAMAMA,29500,354000,0.5853517005840937,0.9387835065523783,0.9971074495996748,0.7718668407310705,0.5757180156657964,0.5736659581608681,1.0,0.0003,1.0,8538.268424749374
depth4_bal_MAMAMAMA,4,MAMAMAMA,29525,354300,0.7287785410881042,1.1674031813939412,1.1937758888517107,0.7059399477806788,0.4725848563968668,0.4805906700973263,1.0,0.0003,1.0,8546.620010137558
depth4_bal_MAMAMAMA,4,MAMAMAMA,29550,354600,0.522581105430921,0.9717180927594503,0.9805063554218837,0.8129895561357703,0.6070496083550914,0.5822798970802103,1.0,0.0003,1.0,8554.572498083115
depth4_bal_MAMAMAMA,4,MAMAMAMA,29575,354900,0.6394838690757751,0.9719164570172628,1.0269687925066266,0.7568537859007833,0.5626631853785901,0.5552075176194206,1.0,0.0003,1.0,8559.354132890701
depth4_bal_MAMAMAMA,4,MAMAMAMA,29600,355200,0.6019718001286188,0.9792108337084452,0.9776441318648202,0.7679503916449086,0.5691906005221932,0.5770220382593131,1.0,0.0003,1.0,8564.903378248215
depth4_bal_MAMAMAMA,4,MAMAMAMA,29625,355500,1.1788552055756252,1.2864351669947307,1.310585982458932,0.5453655352480418,0.46866840731070497,0.4497147331916322,1.0,0.0003,1.0,8572.442692995071
depth4_bal_MAMAMAMA,4,MAMAMAMA,29650,355800,0.6745880792538325,1.4377857049306233,1.4860564606530327,0.7300913838120104,0.4516971279373368,0.444456874370735,1.0,0.0003,1.0,8580.345027685165
depth4_bal_MAMAMAMA,4,MAMAMAMA,29675,356100,0.5895162050922712,0.9738832712173462,0.953646879536765,0.7728459530026109,0.5626631853785901,0.5873140172278778,1.0,0.0003,1.0,8588.527235507965
depth4_bal_MAMAMAMA,4,MAMAMAMA,29700,356400,0.5781192680199941,1.0375532706578572,0.9962852614266532,0.7721932114882507,0.5548302872062664,0.570421747399038,1.0,0.0003,1.0,8596.67473912239
depth4_bal_MAMAMAMA,4,MAMAMAMA,29725,356700,0.5450264935692152,0.9542500972747803,0.9570157783372062,0.793733681462141,0.5835509138381201,0.5943617854346124,1.0,0.0003,1.0,8604.549129962921
depth4_bal_MAMAMAMA,4,MAMAMAMA,29750,357000,0.583806132276853,1.1512898604075115,1.1648865904126848,0.7702349869451697,0.5065274151436031,0.5124734310325539,1.0,0.0003,1.0,8612.641095876694
depth4_bal_MAMAMAMA,4,MAMAMAMA,29775,357300,0.4322583054502805,0.8923301498095194,0.9099231277193341,0.8694516971279374,0.6462140992167101,0.624230898310773,1.0,0.0003,1.0,8620.439442157745
depth4_bal_MAMAMAMA,4,MAMAMAMA,29800,357600,0.668811579545339,1.024780015150706,1.0504870074135917,0.7219321148825065,0.5718015665796344,0.5614722004698512,1.0,0.0003,1.0,8628.601696014404
depth4_bal_MAMAMAMA,4,MAMAMAMA,29825,357900,0.5054850826660792,1.0208967526753743,1.062033782686506,0.8191906005221932,0.5848563968668408,0.5547600402729612,1.0,0.0003,1.0,8636.621116399765
depth4_bal_MAMAMAMA,4,MAMAMAMA,29850,358200,0.7228327592213949,1.192215879758199,1.187912314278739,0.6941906005221932,0.49869451697127937,0.5063206175187381,1.0,0.0003,1.0,8644.730291366577
depth4_bal_MAMAMAMA,4,MAMAMAMA,29875,358500,0.5296734248598417,0.9686365127563477,0.9585113610540118,0.8002610966057441,0.577023498694517,0.5953686094641458,1.0,0.0003,1.0,8652.782350540161
depth4_bal_MAMAMAMA,4,MAMAMAMA,29900,358800,0.5001886760195097,0.9986086090405782,1.018761249950954,0.818864229765013,0.5744125326370757,0.5760152142297796,1.0,0.0003,1.0,8660.809465885162
depth4_bal_MAMAMAMA,4,MAMAMAMA,29925,359100,0.4771059776345889,0.9470153252283732,0.9342789752142769,0.8276762402088773,0.6057441253263708,0.6052131110862513,1.0,0.0003,1.0,8668.895033836365
depth4_bal_MAMAMAMA,4,MAMAMAMA,29950,359400,0.5805243253707886,0.9631084203720093,0.9690804209027971,0.7986292428198434,0.6018276762402088,0.5908938359995525,1.0,0.0003,1.0,8677.053490161896
depth4_bal_MAMAMAMA,4,MAMAMAMA,29975,359700,0.627080887556076,0.9885462125142416,1.0220548391342164,0.7516318537859008,0.5509138381201044,0.5590110750643249,1.0,0.0003,1.0,8685.271106004715
depth4_bal_MAMAMAMA,4,MAMAMAMA,30000,360000,0.6073769678672155,1.1470223267873128,1.1867987292153495,0.7535900783289817,0.5261096605744126,0.5052019241525898,1.0,0.0003,1.0,8693.500633716583
depth4_bal_MAMAMAMA,4,MAMAMAMA,30025,360300,0.5819033682346344,1.0017932852109273,1.030766795362745,0.7728459530026109,0.5704960835509139,0.5644926725584517,1.0,0.0003,1.0,8701.734013080597
depth4_bal_MAMAMAMA,4,MAMAMAMA,30050,360600,0.47848913818597794,1.0249710480372112,1.0447226285934448,0.8266971279373369,0.5966057441253264,0.571092963418727,1.0,0.0003,1.0,8709.92075252533
depth4_bal_MAMAMAMA,4,MAMAMAMA,30075,360900,0.7416893591483434,1.1325915654500325,1.1449696404593332,0.6935378590078329,0.5091383812010444,0.5033001454301376,1.0,0.0003,1.0,8718.081975221634
depth4_bal_MAMAMAMA,4,MAMAMAMA,30100,361200,0.4852830370267232,0.8870428601900736,0.9144784978457859,0.8263707571801566,0.6331592689295039,0.6172949994406534,1.0,0.0003,1.0,8725.899891138077
depth4_bal_MAMAMAMA,4,MAMAMAMA,30125,361500,0.6285519748926163,1.087464451789856,1.0875296865190778,0.7813315926892951,0.5300261096605744,0.5311556102472312,1.0,0.0003,1.0,8734.106706619263
depth4_bal_MAMAMAMA,4,MAMAMAMA,30150,361800,0.7340651800235113,1.1874197721481323,1.2471456834248134,0.6889686684073107,0.4934725848563969,0.4760040272961181,1.0,0.0003,1.0,8742.05204820633
depth4_bal_MAMAMAMA,4,MAMAMAMA,30175,362100,0.5093848332762718,0.9386716286341349,0.9385922704424177,0.8273498694516971,0.5926892950391645,0.5963754334936794,1.0,0.0003,1.0,8750.175295591354
depth4_bal_MAMAMAMA,4,MAMAMAMA,30200,362400,0.5689568792780241,1.0596771240234375,1.124203508240836,0.7748041775456919,0.5456919060052219,0.5113547376664056,1.0,0.0003,1.0,8758.253087759018
depth4_bal_MAMAMAMA,4,MAMAMAMA,30225,362700,0.7371675272782644,1.177765925725301,1.2081516299928938,0.691579634464752,0.5052219321148825,0.48238057948316365,1.0,0.0003,1.0,8766.105061292648
depth4_bal_MAMAMAMA,4,MAMAMAMA,30250,363000,0.6629484345515569,1.0811715523401897,1.1128762653895787,0.7265013054830287,0.5496083550913838,0.5273520528023269,1.0,0.0003,1.0,8774.14034128189
depth4_bal_MAMAMAMA,4,MAMAMAMA,30275,363300,0.5047682027022043,1.1080247561136882,1.12620975290026,0.8152741514360313,0.5404699738903395,0.5231010180109632,1.0,0.0003,1.0,8782.100875139236
depth4_bal_MAMAMAMA,4,MAMAMAMA,30300,363600,0.5431303332249323,1.0237116416295369,1.0369057161467417,0.7976501305483029,0.5535248041775457,0.5525226535406645,1.0,0.0003,1.0,8790.0337100029
depth4_bal_MAMAMAMA,4,MAMAMAMA,30325,363900,0.43811148901780445,0.8952216108640035,0.899169099330902,0.862597911227154,0.6161879895561357,0.624902114330462,1.0,0.0003,1.0,8797.701249361038
depth4_bal_MAMAMAMA,4,MAMAMAMA,30350,364200,0.7062482908368111,1.4253159761428833,1.4010784932545253,0.7134464751958225,0.4321148825065274,0.4428907036581273,1.0,0.0003,1.0,8804.409890413284
depth4_bal_MAMAMAMA,4,MAMAMAMA,30375,364500,0.8684883366028467,1.1726473569869995,1.1371614933013916,0.658289817232376,0.46736292428198434,0.4997203266584629,1.0,0.0003,1.0,8812.198873281479
depth4_bal_MAMAMAMA,4,MAMAMAMA,30400,364800,0.5234813789526621,0.9152527848879496,0.9391895685877119,0.816579634464752,0.6122715404699739,0.6016332923145766,1.0,0.0003,1.0,8817.806418657303
depth4_bal_MAMAMAMA,4,MAMAMAMA,30425,365100,0.5609285285075506,0.9289214809735616,0.9468367355210441,0.7911227154046997,0.5992167101827677,0.5978297348696722,1.0,0.0003,1.0,8821.481844425201
depth4_bal_MAMAMAMA,4,MAMAMAMA,30450,365400,0.45527417957782745,0.9656344850858053,0.9968224133763994,0.8518276762402088,0.5900783289817232,0.5819442890703658,1.0,0.0003,1.0,8829.563531160355
depth4_bal_MAMAMAMA,4,MAMAMAMA,30475,365700,0.7380649397770563,1.30717666943868,1.2529563086373465,0.693864229765013,0.4765013054830287,0.4709699071484506,1.0,0.0003,1.0,8837.767824411392
depth4_bal_MAMAMAMA,4,MAMAMAMA,30500,366000,0.4303174863258998,0.8957882523536682,0.9079631005014692,0.8697780678851175,0.6174934725848564,0.6157288287280457,1.0,0.0003,1.0,8846.016017913818
depth4_bal_MAMAMAMA,4,MAMAMAMA,30525,366300,0.6900532792011896,1.3864683707555134,1.3959519147872925,0.7131201044386423,0.4556135770234987,0.45060968788455086,1.0,0.0003,1.0,8854.258856534958
depth4_bal_MAMAMAMA,4,MAMAMAMA,30550,366600,0.5956329007943472,0.9733231465021769,0.9772914631026132,0.7868798955613577,0.5939947780678851,0.5789238169817653,1.0,0.0003,1.0,8860.471781253815
depth4_bal_MAMAMAMA,4,MAMAMAMA,30575,366900,0.871366893251737,1.0921594301859539,1.113759081704276,0.6452349869451697,0.5430809399477807,0.5264570981094082,1.0,0.0003,1.0,8868.229311943054
depth4_bal_MAMAMAMA,4,MAMAMAMA,30600,367200,0.6699604342381159,1.4633969068527222,1.4887532234191894,0.7320496083550914,0.41383812010443866,0.4125741134355073,1.0,0.0003,1.0,8876.51603269577
depth4_bal_MAMAMAMA,4,MAMAMAMA,30625,367500,0.6667900929848353,1.1935558716456096,1.1504691396440778,0.72911227154047,0.4830287206266319,0.5175075511802215,1.0,0.0003,1.0,8884.72863316536
depth4_bal_MAMAMAMA,4,MAMAMAMA,30650,367800,0.5079304973284403,0.9816467761993408,0.9823548027447292,0.8110313315926893,0.597911227154047,0.587873363910952,1.0,0.0003,1.0,8892.515478134155
depth4_bal_MAMAMAMA,4,MAMAMAMA,30675,368100,0.5767149527867635,1.0603362719217937,1.0613288589886256,0.8397519582245431,0.5313315926892951,0.5547600402729612,1.0,0.0003,1.0,8900.764189720154
depth4_bal_MAMAMAMA,4,MAMAMAMA,30700,368400,0.6417243778705597,0.9920177658398946,0.9745569927351815,0.7398825065274152,0.5731070496083551,0.5719879181116456,1.0,0.0003,1.0,8908.807575702667
depth4_bal_MAMAMAMA,4,MAMAMAMA,30725,368700,0.6615623782078425,1.1039608319600422,1.1006913525717599,0.7366187989556136,0.5182767624020888,0.5138158630719319,1.0,0.0003,1.0,8914.64351606369
depth4_bal_MAMAMAMA,4,MAMAMAMA,30750,369000,0.5810241947571436,1.057061990102132,1.0811799492154803,0.7679503916449086,0.5522193211488251,0.5336167356527576,1.0,0.0003,1.0,8917.701501846313
depth4_bal_MAMAMAMA,4,MAMAMAMA,30775,369300,0.8831545064846674,1.5753330787022908,1.4718016794749669,0.6253263707571801,0.39947780678851175,0.4204049669985457,1.0,0.0003,1.0,8920.817250728607
depth4_bal_MAMAMAMA,4,MAMAMAMA,30800,369600,0.4717014630635579,1.0134357810020447,0.9979999354907445,0.8358355091383812,0.597911227154047,0.5833985904463587,1.0,0.0003,1.0,8923.988688707352
depth4_bal_MAMAMAMA,4,MAMAMAMA,30825,369900,0.5574273665746053,1.0613789955774944,1.0440981711660113,0.7852480417754569,0.5613577023498695,0.5638214565387627,1.0,0.0003,1.0,8930.281759262085
depth4_bal_MAMAMAMA,4,MAMAMAMA,30850,370200,0.5986000249783198,0.9901161193847656,0.9885177288736616,0.8120104438642297,0.5783289817232375,0.5836223291195883,1.0,0.0003,1.0,8938.45532822609
depth4_bal_MAMAMAMA,4,MAMAMAMA,30875,370500,0.5206812197963396,0.9748803377151489,0.9977103454726083,0.8100522193211488,0.5718015665796344,0.5611365924600067,1.0,0.0003,1.0,8946.774688720703
depth4_bal_MAMAMAMA,4,MAMAMAMA,30900,370800,0.5567391961812973,0.9830763737360636,0.9745967984199524,0.7829634464751958,0.587467362924282,0.5886564492672558,1.0,0.0003,1.0,8954.98675584793
depth4_bal_MAMAMAMA,4,MAMAMAMA,30925,371100,0.7130356033643087,1.132671316464742,1.1333273717335293,0.712467362924282,0.5169712793733682,0.515829511130999,1.0,0.0003,1.0,8963.206007242203
depth4_bal_MAMAMAMA,4,MAMAMAMA,30950,371400,0.5275842547416687,0.9957012335459391,1.0301083683967591,0.8058093994778068,0.5744125326370757,0.5658351045978297,1.0,0.0003,1.0,8971.423399448395
depth4_bal_MAMAMAMA,4,MAMAMAMA,30975,371700,0.47830551862716675,0.8790035049120585,0.8883190597806658,0.8322454308093995,0.6488250652741514,0.6287056717753664,1.0,0.0003,1.0,8979.692035198212
depth4_bal_MAMAMAMA,4,MAMAMAMA,31000,372000,0.4612259392937024,1.019190510114034,1.0366562928472247,0.8345300261096605,0.5848563968668408,0.5700861393891934,1.0,0.0003,1.0,8987.899453639984
depth4_bal_MAMAMAMA,4,MAMAMAMA,31025,372300,0.6637085129817327,1.0978628396987915,1.1326146262032646,0.7183420365535248,0.5156657963446475,0.5163888578140732,1.0,0.0003,1.0,8996.367932796478
depth4_bal_MAMAMAMA,4,MAMAMAMA,31050,372600,0.5199871609608332,0.90556534131368,0.9262575796672277,0.8550913838120104,0.6122715404699739,0.6105828392437633,1.0,0.0003,1.0,9004.580976247787
depth4_bal_MAMAMAMA,4,MAMAMAMA,31075,372900,0.8166316449642181,1.1941325664520264,1.2007898262568883,0.6533942558746736,0.4751958224543081,0.482828056829623,1.0,0.0003,1.0,9012.793092012405
depth4_bal_MAMAMAMA,4,MAMAMAMA,31100,373200,0.5805148581663767,0.9345189929008484,0.9604880673544748,0.764686684073107,0.618798955613577,0.5879852332475668,1.0,0.0003,1.0,9020.76519370079
depth4_bal_MAMAMAMA,4,MAMAMAMA,31125,373500,0.5613084733486176,1.071518898010254,1.0493391633033753,0.7806788511749347,0.5443864229765013,0.5659469739344446,1.0,0.0003,1.0,9028.984927654266
depth4_bal_MAMAMAMA,4,MAMAMAMA,31150,373800,0.7878669003645579,1.2713854710261028,1.3059921945844377,0.6723237597911227,0.45300261096605743,0.4493791251817877,1.0,0.0003,1.0,9036.601492643356
depth4_bal_MAMAMAMA,4,MAMAMAMA,31175,374100,0.560014342268308,0.9633320569992065,0.9472708378519331,0.8462793733681462,0.6214099216710183,0.6076742364917777,1.0,0.0003,1.0,9044.345423460007
depth4_bal_MAMAMAMA,4,MAMAMAMA,31200,374400,0.4321705674131711,0.8463178277015686,0.8740840043340411,0.8671671018276762,0.660574412532637,0.6335160532498042,1.0,0.0003,1.0,9052.45096206665
depth4_bal_MAMAMAMA,4,MAMAMAMA,31225,374700,0.7313095480203629,1.134655237197876,1.1311774492263793,0.6987597911227154,0.5104438642297651,0.5187381138829846,1.0,0.0003,1.0,9060.320051670074
depth4_bal_MAMAMAMA,4,MAMAMAMA,31250,375000,0.5862833261489868,1.0593210061391194,1.0720181482178823,0.7656657963446475,0.5704960835509139,0.5537532162434277,1.0,0.0003,1.0,9068.624644041061
depth4_bal_MAMAMAMA,4,MAMAMAMA,31275,375300,0.5838171963890394,1.2817569971084595,1.2522947447640556,0.7852480417754569,0.4830287206266319,0.49401499049110636,1.0,0.0003,1.0,9076.877950668335
depth4_bal_MAMAMAMA,4,MAMAMAMA,31300,375600,0.6917173514763514,1.2264655431111653,1.1995589017868042,0.720626631853786,0.5065274151436031,0.5007271506879964,1.0,0.0003,1.0,9084.463500261307
depth4_bal_MAMAMAMA,4,MAMAMAMA,31325,375900,0.7591484785079956,1.2815134525299072,1.2921646901539394,0.6804830287206266,0.47780678851174935,0.46806130439646493,1.0,0.0003,1.0,9092.40610074997
depth4_bal_MAMAMAMA,4,MAMAMAMA,31350,376200,0.6712367484966913,1.2319986820220947,1.2085293565477644,0.7245430809399478,0.46736292428198434,0.4768989819890368,1.0,0.0003,1.0,9099.845839977264
depth4_bal_MAMAMAMA,4,MAMAMAMA,31375,376500,0.4825050160288811,0.917680561542511,0.9419310178075518,0.835509138381201,0.6227154046997389,0.6100234925606891,1.0,0.0003,1.0,9107.335995674133
depth4_bal_MAMAMAMA,4,MAMAMAMA,31400,376800,0.5482781529426575,1.0191649198532104,0.9922873020172119,0.8067885117493473,0.5587467362924282,0.5733303501510236,1.0,0.0003,1.0,9111.36995267868
depth4_bal_MAMAMAMA,4,MAMAMAMA,31425,377100,0.6454929163058599,1.1291589736938477,1.1369013207299368,0.7408616187989556,0.5300261096605744,0.523212887347578,1.0,0.0003,1.0,9117.342030525208
depth4_bal_MAMAMAMA,4,MAMAMAMA,31450,377400,0.5565415347615877,1.0078816811243694,1.0116846323013307,0.7950391644908616,0.5678851174934726,0.5698624007159637,1.0,0.0003,1.0,9125.722132921219
depth4_bal_MAMAMAMA,4,MAMAMAMA,31475,377700,0.6820715963840485,1.1310900052388508,1.1645375558308193,0.7255221932114883,0.5052219321148825,0.49994406533169256,1.0,0.0003,1.0,9133.985742330551
depth4_bal_MAMAMAMA,4,MAMAMAMA,31500,378000,0.5496567686398824,0.9759723941485087,0.9470154064042228,0.8439947780678851,0.5809399477806788,0.5913413133460118,1.0,0.0003,1.0,9141.351479053497
depth4_bal_MAMAMAMA,4,MAMAMAMA,31525,378300,0.5097155769666036,0.9545580943425497,0.938533992426736,0.810378590078329,0.6122715404699739,0.5991721669090502,1.0,0.0003,1.0,9149.584777832031
depth4_bal_MAMAMAMA,4,MAMAMAMA,31550,378600,0.662042165795962,0.9540875951449076,0.9708211881773813,0.7441253263707572,0.5848563968668408,0.5846291531491218,1.0,0.0003,1.0,9157.500681400299
depth4_bal_MAMAMAMA,4,MAMAMAMA,31575,378900,0.5024248609940211,1.0411640008290608,1.0654510838644846,0.8185378590078329,0.556135770234987,0.554871909609576,1.0,0.0003,1.0,9165.489769220352
depth4_bal_MAMAMAMA,4,MAMAMAMA,31600,379200,0.8839818090200424,1.3322099049886067,1.35437844480787,0.6439295039164491,0.4177545691906005,0.42297796174068686,1.0,0.0003,1.0,9172.956100940704
depth4_bal_MAMAMAMA,4,MAMAMAMA,31625,379500,0.5018561407923698,0.9784968892733256,0.9818002275058202,0.8283289817232375,0.5835509138381201,0.5752321288734757,1.0,0.0003,1.0,9181.246161222458
depth4_bal_MAMAMAMA,4,MAMAMAMA,31650,379800,0.7042866895596186,1.211703936258952,1.278982400894165,0.7016971279373369,0.5117493472584856,0.4692918670992281,1.0,0.0003,1.0,9188.11506819725
depth4_bal_MAMAMAMA,4,MAMAMAMA,31675,380100,0.5483051513632139,1.0857813358306885,1.0852473207882471,0.7904699738903395,0.5469973890339426,0.5368609464145878,1.0,0.0003,1.0,9196.247357845306
depth4_bal_MAMAMAMA,4,MAMAMAMA,31700,380400,0.5555292765299479,1.0371677875518799,1.0204912287848336,0.783289817232376,0.5300261096605744,0.5574449043517172,1.0,0.0003,1.0,9204.466393470764
depth4_bal_MAMAMAMA,4,MAMAMAMA,31725,380700,0.590997318426768,1.2379168669382732,1.2363937650408063,0.7702349869451697,0.49738903394255873,0.4974829399261662,1.0,0.0003,1.0,9212.796754360199
depth4_bal_MAMAMAMA,4,MAMAMAMA,31750,381000,0.612171895802021,1.0486619869867961,1.096496936253139,0.7548955613577023,0.54177545691906,0.5405526345228773,1.0,0.0003,1.0,9220.539363861084
depth4_bal_MAMAMAMA,4,MAMAMAMA,31775,381300,0.49642759809891385,0.9434868693351746,0.9330028142247881,0.8195169712793734,0.5913838120104439,0.5999552522653541,1.0,0.0003,1.0,9228.700096130371
depth4_bal_MAMAMAMA,4,MAMAMAMA,31800,381600,0.4972935567299525,0.9004847009976705,0.929484852722713,0.8214751958224543,0.6096605744125326,0.6058843271059403,1.0,0.0003,1.0,9236.912596225739
depth4_bal_MAMAMAMA,4,MAMAMAMA,31825,381900,0.5405217856168747,1.0408068895339966,1.0586113061223712,0.7940600522193212,0.5522193211488251,0.5440205839579372,1.0,0.0003,1.0,9244.58498120308
depth4_bal_MAMAMAMA,4,MAMAMAMA,31850,382200,0.6938527077436447,2.0706533988316855,2.088935109547206,0.7480417754569191,0.4164490861618799,0.4102248573665958,1.0,0.0003,1.0,9252.659922361374
depth4_bal_MAMAMAMA,4,MAMAMAMA,31875,382500,0.634118581811587,0.9762739539146423,0.9836931773594447,0.7493472584856397,0.5809399477806788,0.5767982995860834,1.0,0.0003,1.0,9260.550503253937
depth4_bal_MAMAMAMA,4,MAMAMAMA,31900,382800,0.438611534734567,0.9559007485707601,0.9140939031328473,0.8671671018276762,0.597911227154047,0.6157288287280457,1.0,0.0003,1.0,9268.353108167648
depth4_bal_MAMAMAMA,4,MAMAMAMA,31925,383100,0.5712436934312185,1.1274171670277913,1.0821540560041154,0.7816579634464752,0.5313315926892951,0.5383152477905806,1.0,0.0003,1.0,9276.173112392426
depth4_bal_MAMAMAMA,4,MAMAMAMA,31950,383400,0.5573796530564626,0.9279427727063497,0.9238191638674055,0.8501958224543081,0.6344647519582245,0.622217250251706,1.0,0.0003,1.0,9284.092036008835
depth4_bal_MAMAMAMA,4,MAMAMAMA,31975,383700,0.5482764566938082,0.9864161610603333,0.9810718519347055,0.8120104438642297,0.5678851174934726,0.5631502405190737,1.0,0.0003,1.0,9292.108368635178
depth4_bal_MAMAMAMA,4,MAMAMAMA,32000,384000,0.60024593770504,0.9540251692136129,0.9887292521340506,0.7738250652741514,0.6005221932114883,0.5772457769325428,1.0,0.0003,1.0,9300.158037662506
depth4_bal_MAMAMAMA,4,MAMAMAMA,32025,384300,0.4927667702237765,0.904384712378184,0.9319537230900355,0.8315926892950392,0.597911227154047,0.6055487190960958,1.0,0.0003,1.0,9308.09439754486
depth4_bal_MAMAMAMA,4,MAMAMAMA,32050,384600,0.6305515219767889,1.1615821520487468,1.1806288480758667,0.7441253263707572,0.49216710182767626,0.4974829399261662,1.0,0.0003,1.0,9316.319873094559
depth4_bal_MAMAMAMA,4,MAMAMAMA,32075,384900,0.4532187953591347,1.008798062801361,1.0079098446028574,0.8531331592689295,0.5744125326370757,0.5726591341313346,1.0,0.0003,1.0,9324.504395961761
depth4_bal_MAMAMAMA,4,MAMAMAMA,32100,385200,0.540900374452273,0.9640266497929891,0.9891417469297137,0.8107049608355091,0.5744125326370757,0.5719879181116456,1.0,0.0003,1.0,9332.735760450363
depth4_bal_MAMAMAMA,4,MAMAMAMA,32125,385500,0.9295797248681387,1.4150847593943279,1.4250492061887468,0.6618798955613577,0.45300261096605743,0.44423313569750533,1.0,0.0003,1.0,9340.966594219208
depth4_bal_MAMAMAMA,4,MAMAMAMA,32150,385800,0.6583511133988699,1.2032565673192341,1.1598494904381889,0.7372715404699739,0.5052219321148825,0.51515829511131,1.0,0.0003,1.0,9349.210816144943
depth4_bal_MAMAMAMA,4,MAMAMAMA,32175,386100,0.5137003337343534,1.018241326014201,1.0209071312631879,0.8087467362924282,0.566579634464752,0.5701980087258083,1.0,0.0003,1.0,9357.432242631912
depth4_bal_MAMAMAMA,4,MAMAMAMA,32200,386400,0.6401434689760208,1.031681736310323,1.0320648108209882,0.7447780678851175,0.5574412532637075,0.5506208748182123,1.0,0.0003,1.0,9365.555483102798
depth4_bal_MAMAMAMA,4,MAMAMAMA,32225,386700,0.6398823807636896,1.0268541971842449,1.0628691622189113,0.7451044386422977,0.5548302872062664,0.546817317373308,1.0,0.0003,1.0,9373.716245651245
depth4_bal_MAMAMAMA,4,MAMAMAMA,32250,387000,0.3805450697739919,0.8875214258829752,0.8984829902648925,0.8984986945169713,0.6253263707571801,0.6309430585076631,1.0,0.0003,1.0,9381.601844549179
depth4_bal_MAMAMAMA,4,MAMAMAMA,32275,387300,1.0689684053262074,1.4263759851455688,1.4292421783719744,0.5744125326370757,0.3981723237597911,0.41537084685087816,1.0,0.0003,1.0,9389.648104190826
depth4_bal_MAMAMAMA,4,MAMAMAMA,32300,387600,0.7188098579645157,1.3096727132797241,1.3593948228018624,0.722911227154047,0.47780678851174935,0.49826602528247005,1.0,0.0003,1.0,9397.798688173294
depth4_bal_MAMAMAMA,4,MAMAMAMA,32325,387900,0.496290256579717,0.9053844014803568,0.9352683118411473,0.8423629242819843,0.618798955613577,0.6048775030764068,1.0,0.0003,1.0,9405.33847117424
depth4_bal_MAMAMAMA,4,MAMAMAMA,32350,388200,0.5339562570055326,1.1075688203175862,1.1298880372728621,0.8097258485639687,0.5274151436031331,0.5286944848417049,1.0,0.0003,1.0,9413.557759523392
depth4_bal_MAMAMAMA,4,MAMAMAMA,32375,388500,0.7628344198067983,1.4395503997802734,1.464863177708217,0.6785248041775457,0.4490861618798956,0.4573218480814409,1.0,0.0003,1.0,9421.550783395767
depth4_bal_MAMAMAMA,4,MAMAMAMA,32400,388800,0.5072978039582571,0.994673490524292,0.9855348995753697,0.8116840731070496,0.566579634464752,0.5860834545251147,1.0,0.0003,1.0,9428.996240139008
depth4_bal_MAMAMAMA,4,MAMAMAMA,32425,389100,0.4560069839159648,1.0379372835159302,1.0330791217940194,0.8361618798955613,0.5783289817232375,0.5727710034679494,1.0,0.0003,1.0,9437.258316516876
depth4_bal_MAMAMAMA,4,MAMAMAMA,32450,389400,0.5047145038843155,0.9300380150477091,0.9293310063225882,0.8067885117493473,0.6031331592689295,0.6104709699071484,1.0,0.0003,1.0,9445.263311624527
depth4_bal_MAMAMAMA,4,MAMAMAMA,32475,389700,0.521428128083547,0.9397067824999491,0.9429958820343017,0.8142950391644909,0.587467362924282,0.5870902785546481,1.0,0.0003,1.0,9453.014065027237
depth4_bal_MAMAMAMA,4,MAMAMAMA,32500,390000,0.6085023383299509,0.9490631620089213,0.9643531611987523,0.7777415143603134,0.5809399477806788,0.5793712943282247,1.0,0.0003,1.0,9461.267093420029
depth4_bal_MAMAMAMA,4,MAMAMAMA,32525,390300,0.4961148872971535,0.928014894326528,0.9664837820189339,0.8178851174934726,0.6161879895561357,0.5938024387515382,1.0,0.0003,1.0,9469.448031902313
depth4_bal_MAMAMAMA,4,MAMAMAMA,32550,390600,0.6912158528963724,1.0982359647750854,1.1198474441255841,0.72911227154047,0.5313315926892951,0.5107953909833315,1.0,0.0003,1.0,9477.797090530396
depth4_bal_MAMAMAMA,4,MAMAMAMA,32575,390900,0.479149895409743,0.9580658276875814,0.9579979062080384,0.827023498694517,0.5744125326370757,0.581161203714062,1.0,0.0003,1.0,9485.86953830719
depth4_bal_MAMAMAMA,4,MAMAMAMA,32600,391200,1.081630825996399,1.2785094181696575,1.2854302780968803,0.6184725848563969,0.4451697127937337,0.4576574560912854,1.0,0.0003,1.0,9494.10163140297
depth4_bal_MAMAMAMA,4,MAMAMAMA,32625,391500,0.6459549317757288,1.1676221291224163,1.2393135751996722,0.7362924281984334,0.4934725848563969,0.4596711041503524,1.0,0.0003,1.0,9502.13176369667
depth4_bal_MAMAMAMA,4,MAMAMAMA,32650,391800,0.4530099481344223,0.8366481264432272,0.8520816479410444,0.862597911227154,0.6553524804177546,0.6392213894171608,1.0,0.0003,1.0,9510.318660020828
depth4_bal_MAMAMAMA,4,MAMAMAMA,32675,392100,0.7335693736871084,1.1171000401178997,1.1580911227634976,0.6941906005221932,0.5313315926892951,0.5075511802215013,1.0,0.0003,1.0,9518.296045064926
depth4_bal_MAMAMAMA,4,MAMAMAMA,32700,392400,0.6814492146174113,1.1454068024953206,1.1341428347996303,0.7343342036553525,0.5065274151436031,0.517171943170377,1.0,0.0003,1.0,9526.434319734573
depth4_bal_MAMAMAMA,4,MAMAMAMA,32725,392700,0.6785211463769277,1.4461349646250408,1.4346205302647181,0.7265013054830287,0.44778067885117495,0.43248685535294773,1.0,0.0003,1.0,9534.280815839767
depth4_bal_MAMAMAMA,4,MAMAMAMA,32750,393000,0.46505989382664364,0.8889153202374777,0.9187209946768624,0.8753263707571801,0.6383812010443864,0.6183018234701868,1.0,0.0003,1.0,9538.536118268967
depth4_bal_MAMAMAMA,4,MAMAMAMA,32775,393300,0.7818405777215958,1.2900664806365967,1.237284575189863,0.6909268929503917,0.48825065274151436,0.48707909162098667,1.0,0.0003,1.0,9543.55564403534
depth4_bal_MAMAMAMA,4,MAMAMAMA,32800,393600,0.5469304670890173,0.9995347460110983,0.991491186618805,0.7976501305483029,0.5731070496083551,0.5870902785546481,1.0,0.0003,1.0,9551.393899917603
depth4_bal_MAMAMAMA,4,MAMAMAMA,32825,393900,0.4491103837887446,0.9423378308614095,0.9984821387699672,0.8580287206266318,0.6057441253263708,0.5735540888242533,1.0,0.0003,1.0,9559.478481054306
depth4_bal_MAMAMAMA,4,MAMAMAMA,32850,394200,0.6146860669056574,1.0324412782986958,0.9900038020951407,0.7601174934725848,0.54177545691906,0.5695267927061193,1.0,0.0003,1.0,9567.57041478157
depth4_bal_MAMAMAMA,4,MAMAMAMA,32875,394500,0.6445695261160532,1.0191777149836223,1.0205936176436288,0.7565274151436031,0.5639686684073107,0.5581161203714062,1.0,0.0003,1.0,9575.5913336277
depth4_bal_MAMAMAMA,4,MAMAMAMA,32900,394800,0.6734555612007777,1.2558839718500774,1.2653099707194737,0.7154046997389034,0.4699738903394256,0.47141738449490994,1.0,0.0003,1.0,9583.68619632721
depth4_bal_MAMAMAMA,4,MAMAMAMA,32925,395100,0.6977901111046473,1.1582297881444295,1.1608787740979876,0.7160574412532638,0.5365535248041775,0.5298131782078532,1.0,0.0003,1.0,9591.776332139969
depth4_bal_MAMAMAMA,4,MAMAMAMA,32950,395400,0.4757303719719251,0.8876280784606934,0.876875192778451,0.8537859007832899,0.6148825065274152,0.618189954133572,1.0,0.0003,1.0,9599.600756883621
depth4_bal_MAMAMAMA,4,MAMAMAMA,32975,395700,0.6449677050113678,1.1191967328389485,1.12838294506073,0.7327023498694517,0.5195822454308094,0.5137039937353172,1.0,0.0003,1.0,9607.705407381058
depth4_bal_MAMAMAMA,4,MAMAMAMA,33000,396000,0.5493193566799164,0.9920435945192972,1.0074013795171466,0.7901436031331592,0.5626631853785901,0.5685199686765857,1.0,0.0003,1.0,9615.066347122192
depth4_bal_MAMAMAMA,4,MAMAMAMA,33025,396300,0.6140001912911733,1.032268226146698,1.0185039145605905,0.764686684073107,0.5600522193211488,0.5537532162434277,1.0,0.0003,1.0,9623.295105218887
depth4_bal_MAMAMAMA,4,MAMAMAMA,33050,396600,0.6124722560246786,1.0439764658610027,1.044553017616272,0.7601174934725848,0.5313315926892951,0.54547488533393,1.0,0.0003,1.0,9631.343542814255
depth4_bal_MAMAMAMA,4,MAMAMAMA,33075,396900,0.5020797525842985,1.06165345509847,1.052133916105543,0.816579634464752,0.5287206266318538,0.548159749412686,1.0,0.0003,1.0,9639.464168310165
depth4_bal_MAMAMAMA,4,MAMAMAMA,33100,397200,0.4838912934064865,0.9470748901367188,0.9564509272575379,0.8482375979112271,0.5796344647519582,0.5906700973263228,1.0,0.0003,1.0,9647.273968935013
depth4_bal_MAMAMAMA,4,MAMAMAMA,33125,397500,0.6519681364297867,1.1721582810084026,1.1773820434297835,0.7389033942558747,0.5,0.5037476227765969,1.0,0.0003,1.0,9655.536626577377
depth4_bal_MAMAMAMA,4,MAMAMAMA,33150,397800,0.6046449542045593,1.0617894331614177,1.0907470345497132,0.7565274151436031,0.556135770234987,0.5414475892157959,1.0,0.0003,1.0,9663.775659799576
depth4_bal_MAMAMAMA,4,MAMAMAMA,33175,398100,0.5477957079807917,1.0771598021189372,1.1062588930130004,0.7796997389033943,0.5535248041775457,0.550844613491442,1.0,0.0003,1.0,9671.862436532974
depth4_bal_MAMAMAMA,4,MAMAMAMA,33200,398400,0.4530181909600894,0.9079550902048746,0.9522746699196952,0.8404046997389034,0.6318537859007833,0.5879852332475668,1.0,0.0003,1.0,9677.970052480698
depth4_bal_MAMAMAMA,4,MAMAMAMA,33225,398700,0.7246291736761729,1.16315754254659,1.1756165061678205,0.6971279373368147,0.5104438642297651,0.5200805459223626,1.0,0.0003,1.0,9681.189169883728
depth4_bal_MAMAMAMA,4,MAMAMAMA,33250,399000,0.6498278677463531,1.1646337111790974,1.1746860197612217,0.7434725848563969,0.5039164490861618,0.4960286385501734,1.0,0.0003,1.0,9684.264778852463
depth4_bal_MAMAMAMA,4,MAMAMAMA,33275,399300,0.7765472531318665,1.2444922526677449,1.3049932105200632,0.6742819843342036,0.46344647519582244,0.4576574560912854,1.0,0.0003,1.0,9687.340436935425
depth4_bal_MAMAMAMA,4,MAMAMAMA,33300,399600,0.48124898473421734,0.8991163770357767,0.9016905478068761,0.868798955613577,0.6018276762402088,0.6149457433717418,1.0,0.0003,1.0,9691.365120649338
depth4_bal_MAMAMAMA,4,MAMAMAMA,33325,399900,0.5936262657245001,1.1080695788065593,1.075198519229889,0.7568537859007833,0.5234986945169713,0.5489428347689899,1.0,0.0003,1.0,9699.09058189392
depth4_bal_MAMAMAMA,4,MAMAMAMA,33350,400200,0.7457222143809,1.3302632967631023,1.2648887872695922,0.6981070496083551,0.46475195822454307,0.49323190513480253,1.0,0.0003,1.0,9706.716103553772
depth4_bal_MAMAMAMA,4,MAMAMAMA,33375,400500,0.5249598498145739,0.9997931718826294,0.9702150072370257,0.8123368146214099,0.566579634464752,0.5783644702986911,1.0,0.0003,1.0,9714.877484321594
depth4_bal_MAMAMAMA,4,MAMAMAMA,33400,400800,0.6007810483376185,1.1853846311569214,1.130419169153486,0.758485639686684,0.5117493472584856,0.5112428683297908,1.0,0.0003,1.0,9722.878423213959
depth4_bal_MAMAMAMA,4,MAMAMAMA,33425,401100,0.44241907944281894,0.874720056851705,0.8730183873857771,0.8795691906005222,0.6253263707571801,0.6431368161986799,1.0,0.0003,1.0,9730.798787593842
depth4_bal_MAMAMAMA,4,MAMAMAMA,33450,401400,0.7581850339969,1.217469056447347,1.1761414323534285,0.6889686684073107,0.44778067885117495,0.48663161427452734,1.0,0.0003,1.0,9739.009649276733
depth4_bal_MAMAMAMA,4,MAMAMAMA,33475,401700,0.45459896822770435,1.0699024597803752,1.0544183083942957,0.8511749347258486,0.5587467362924282,0.5605772457769326,1.0,0.0003,1.0,9747.066315412521
depth4_bal_MAMAMAMA,4,MAMAMAMA,33500,402000,0.5372994641462961,0.9776163895924886,0.9863749623298645,0.8475848563968669,0.5848563968668408,0.5741134355073274,1.0,0.0003,1.0,9755.34966135025
depth4_bal_MAMAMAMA,4,MAMAMAMA,33525,402300,0.5017882461349169,1.0920883814493816,1.0788406934056962,0.8139686684073107,0.5469973890339426,0.5426781519185592,1.0,0.0003,1.0,9763.458101034164
depth4_bal_MAMAMAMA,4,MAMAMAMA,33550,402600,1.0649198095003765,1.2787168820699055,1.2807974611009871,0.6067232375979112,0.4699738903394256,0.46056605884327106,1.0,0.0003,1.0,9771.498788833618
depth4_bal_MAMAMAMA,4,MAMAMAMA,33575,402900,0.8928167720635732,1.2106447617212932,1.2638473238263812,0.6331592689295039,0.4908616187989556,0.4726479471976731,1.0,0.0003,1.0,9779.686431407928
depth4_bal_MAMAMAMA,4,MAMAMAMA,33600,403200,0.6793075005213419,1.0335992574691772,1.0617903641292028,0.7268276762402088,0.5522193211488251,0.5424544132453295,1.0,0.0003,1.0,9787.847527980804
depth4_bal_MAMAMAMA,4,MAMAMAMA,33625,403500,0.5398697778582573,1.0279606183369954,1.0602917994771686,0.7891644908616188,0.5469973890339426,0.5569974270052579,1.0,0.0003,1.0,9795.796285629272
depth4_bal_MAMAMAMA,4,MAMAMAMA,33650,403800,0.5443781043092409,0.9364008108774821,0.9337084344455174,0.7966710182767625,0.608355091383812,0.5992840362456651,1.0,0.0003,1.0,9799.882813692093
depth4_bal_MAMAMAMA,4,MAMAMAMA,33675,404100,0.6232588440179825,1.1309902270634968,1.179184341430664,0.7610966057441253,0.5248041775456919,0.5184025058731402,1.0,0.0003,1.0,9806.593147993088
depth4_bal_MAMAMAMA,4,MAMAMAMA,33700,404400,0.4243154550592105,0.8780241211255392,0.8855149218014309,0.8903394255874674,0.6344647519582245,0.6275869784092181,1.0,0.0003,1.0,9813.79361653328
depth4_bal_MAMAMAMA,4,MAMAMAMA,33725,404700,0.5787862837314606,1.0534188350041707,1.0520449587277003,0.7744778067885117,0.5783289817232375,0.5621434164895402,1.0,0.0003,1.0,9821.533836126328
depth4_bal_MAMAMAMA,4,MAMAMAMA,33750,405000,1.2939864446719487,1.5325243473052979,1.4925347941262381,0.5277415143603134,0.41906005221932113,0.416825148226871,1.0,0.0003,1.0,9826.993928194046
depth4_bal_MAMAMAMA,4,MAMAMAMA,33775,405300,0.6942110558350881,1.1585671504338582,1.1521709288869586,0.7183420365535248,0.5130548302872062,0.5179550285266808,1.0,0.0003,1.0,9830.206055879593
depth4_bal_MAMAMAMA,4,MAMAMAMA,33800,405600,0.8916819790999094,1.2948912382125854,1.3027694599969046,0.6181462140992167,0.4660574412532637,0.4556438080322184,1.0,0.0003,1.0,9833.274964094162
depth4_bal_MAMAMAMA,4,MAMAMAMA,33825,405900,0.5149323518077532,0.9896783034006754,1.0337658320154464,0.8110313315926893,0.556135770234987,0.560241637767088,1.0,0.0003,1.0,9838.383059501648
depth4_bal_MAMAMAMA,4,MAMAMAMA,33850,406200,0.6756265560785929,1.1078969240188599,1.1525414398738316,0.7196475195822454,0.5326370757180157,0.514487079091621,1.0,0.0003,1.0,9842.092825174332
depth4_bal_MAMAMAMA,4,MAMAMAMA,33875,406500,0.45820656915505725,0.8787877758344015,0.886323606967926,0.8658616187989556,0.6201044386422977,0.6227765969347802,1.0,0.0003,1.0,9845.2701690197
depth4_bal_MAMAMAMA,4,MAMAMAMA,33900,406800,0.5598603288332621,0.9880803823471069,1.0176080209868295,0.789490861618799,0.5535248041775457,0.5632621098556886,1.0,0.0003,1.0,9848.33671784401
depth4_bal_MAMAMAMA,4,MAMAMAMA,33925,407100,0.6265204499165217,1.219361941019694,1.2721764257975987,0.7447780678851175,0.49738903394255873,0.48528918223514933,1.0,0.0003,1.0,9851.440250635147
depth4_bal_MAMAMAMA,4,MAMAMAMA,33950,407400,0.8399774680534998,1.2401497761408489,1.2045898130961827,0.6599216710182768,0.47780678851174935,0.4819331021367043,1.0,0.0003,1.0,9854.612656116486
depth4_bal_MAMAMAMA,4,MAMAMAMA,33975,407700,0.5585245415568352,1.039888620376587,1.0548325504575458,0.7757832898172323,0.5652741514360313,0.5619196778163106,1.0,0.0003,1.0,9857.682087659836
depth4_bal_MAMAMAMA,4,MAMAMAMA,34000,408000,0.5501564095417658,0.9828940828641256,1.0058151943343026,0.8116840731070496,0.5496083550913838,0.561584069806466,1.0,0.0003,1.0,9864.744672298431
depth4_bal_MAMAMAMA,4,MAMAMAMA,34025,408300,0.5939408292373022,1.080652077992757,1.0527800219399588,0.7676240208877284,0.54177545691906,0.5563262109855689,1.0,0.0003,1.0,9872.738678455353
depth4_bal_MAMAMAMA,4,MAMAMAMA,34050,408600,0.5962741374969482,0.9564925034840902,0.9794321724346706,0.7836161879895561,0.6096605744125326,0.5875377559011075,1.0,0.0003,1.0,9880.755247354507
depth4_bal_MAMAMAMA,4,MAMAMAMA,34075,408900,0.48379799723625183,1.0948589046796162,1.0404032826423646,0.8214751958224543,0.566579634464752,0.5868665398814185,1.0,0.0003,1.0,9889.013057947159
depth4_bal_MAMAMAMA,4,MAMAMAMA,34100,409200,0.5524235318104426,0.9403111537297567,0.9448613779885429,0.7839425587467362,0.6174934725848564,0.6002908602751986,1.0,0.0003,1.0,9897.257146596909
depth4_bal_MAMAMAMA,4,MAMAMAMA,34125,409500,0.5929871400197347,1.1671609083811443,1.1889485427311488,0.766644908616188,0.5391644908616188,0.5213111086251259,1.0,0.0003,1.0,9905.299034357071
depth4_bal_MAMAMAMA,4,MAMAMAMA,34150,409800,0.5236357500155767,1.0426280895868938,1.0382775255611965,0.8126631853785901,0.5639686684073107,0.5600178990938584,1.0,0.0003,1.0,9913.37084197998
depth4_bal_MAMAMAMA,4,MAMAMAMA,34175,410100,0.444902166724205,0.9105075200398763,0.9517730304173061,0.8459530026109661,0.6266318537859008,0.6011858149681173,1.0,0.0003,1.0,9920.993854045868
depth4_bal_MAMAMAMA,4,MAMAMAMA,34200,410400,0.8587242464224497,1.8713603019714355,1.9980742829186575,0.6592689295039165,0.3668407310704961,0.3707349815415595,1.0,0.0003,1.0,9926.500230073929
depth4_bal_MAMAMAMA,4,MAMAMAMA,34225,410700,0.5690314869085947,1.0551561911900837,1.0498925294194903,0.7839425587467362,0.5626631853785901,0.5557668643024947,1.0,0.0003,1.0,9933.455274105072
depth4_bal_MAMAMAMA,4,MAMAMAMA,34250,411000,0.42128323515256244,0.9180330634117126,0.925437867641449,0.8844647519582245,0.6370757180156658,0.6179662154603424,1.0,0.0003,1.0,9941.715650558472
depth4_bal_MAMAMAMA,4,MAMAMAMA,34275,411300,0.783706933259964,1.159488360087077,1.1903843675340926,0.6801566579634465,0.5234986945169713,0.5086698735876496,1.0,0.0003,1.0,9949.675083398819
depth4_bal_MAMAMAMA,4,MAMAMAMA,34300,411600,0.4307972987492879,0.8667410810788473,0.8883607115064348,0.8590078328981723,0.6240208877284595,0.6325092292202708,1.0,0.0003,1.0,9957.585452795029
depth4_bal_MAMAMAMA,4,MAMAMAMA,34325,411900,0.4577026292681694,0.9318753679593405,0.9398806384631566,0.8368146214099217,0.6161879895561357,0.605436849759481,1.0,0.0003,1.0,9965.865445137024
depth4_bal_MAMAMAMA,4,MAMAMAMA,34350,412200,0.661660169561704,1.069934328397115,1.0675058347838267,0.7199738903394256,0.5522193211488251,0.557556773688332,1.0,0.0003,1.0,9973.725839138031
depth4_bal_MAMAMAMA,4,MAMAMAMA,34375,412500,1.177022377649943,1.686808705329895,1.6516773087637766,0.5421018276762402,0.3668407310704961,0.37330797628370066,1.0,0.0003,1.0,9981.733093500137
depth4_bal_MAMAMAMA,4,MAMAMAMA,34400,412800,0.796203151345253,1.2016156911849976,1.1633293424333846,0.6664490861618799,0.5104438642297651,0.5018458440541448,1.0,0.0003,1.0,9989.720883369446
depth4_bal_MAMAMAMA,4,MAMAMAMA,34425,413100,0.46890397121508914,0.9486276308695475,0.9905809538705008,0.8404046997389034,0.6148825065274152,0.5923481373755454,1.0,0.0003,1.0,9997.866948843002
depth4_bal_MAMAMAMA,4,MAMAMAMA,34450,413400,0.505373165011406,0.97423122326533,1.012309661933354,0.827023498694517,0.577023498694517,0.5690793153596599,1.0,0.0003,1.0,10005.525262117386
depth4_bal_MAMAMAMA,4,MAMAMAMA,34475,413700,0.4184228504697482,0.9906178116798401,1.0072071075439453,0.8681462140992167,0.5522193211488251,0.5733303501510236,1.0,0.0003,1.0,10013.160855770111
depth4_bal_MAMAMAMA,4,MAMAMAMA,34500,414000,0.7131107201178869,1.2610824902852376,1.3204562391553607,0.6902741514360313,0.5065274151436031,0.47510907260319946,1.0,0.0003,1.0,10021.317692995071
depth4_bal_MAMAMAMA,4,MAMAMAMA,34525,414300,0.6468474417924881,1.2442277272542317,1.2583342994962419,0.731396866840731,0.5052219321148825,0.49065891039266135,1.0,0.0003,1.0,10029.581770896912
depth4_bal_MAMAMAMA,4,MAMAMAMA,34550,414600,0.5614859312772751,0.9776923855145773,0.9865518024989537,0.8012402088772846,0.5731070496083551,0.5727710034679494,1.0,0.0003,1.0,10037.426115989685
depth4_bal_MAMAMAMA,4,MAMAMAMA,34575,414900,0.6440063615640005,1.1897142728169758,1.1611957584108625,0.7421671018276762,0.5026109660574413,0.5043069694596711,1.0,0.0003,1.0,10045.157442092896
depth4_bal_MAMAMAMA,4,MAMAMAMA,34600,415200,0.5811017652352651,0.9404806097348531,0.9857044441359384,0.787532637075718,0.5835509138381201,0.5848528918223515,1.0,0.0003,1.0,10053.272848367691
depth4_bal_MAMAMAMA,4,MAMAMAMA,34625,415500,0.5437112177411715,0.9908927281697592,1.0265549165861947,0.8159268929503917,0.587467362924282,0.562926501845844,1.0,0.0003,1.0,10061.54465174675
depth4_bal_MAMAMAMA,4,MAMAMAMA,34650,415800,0.5936650683482488,1.0089783469835918,1.0267022711890084,0.77088772845953,0.5496083550913838,0.5471529253831525,1.0,0.0003,1.0,10069.813088655472
depth4_bal_MAMAMAMA,4,MAMAMAMA,34675,416100,0.668739472826322,1.2436352570851643,1.2372681958334786,0.7297650130548303,0.46866840731070497,0.4871909609576015,1.0,0.0003,1.0,10077.874475717545
depth4_bal_MAMAMAMA,4,MAMAMAMA,34700,416400,0.883576050400734,1.4205081462860107,1.4958305188587733,0.6445822454308094,0.4216710182767624,0.4122385054256628,1.0,0.0003,1.0,10086.199206829071
depth4_bal_MAMAMAMA,4,MAMAMAMA,34725,416700,0.5871320317188898,1.2067509094874065,1.1855742965425764,0.7767624020887729,0.47389033942558745,0.484170488869001,1.0,0.0003,1.0,10094.300845861435
depth4_bal_MAMAMAMA,4,MAMAMAMA,34750,417000,0.7733340213696162,1.0857408841451008,1.1063631585666112,0.7007180156657964,0.5234986945169713,0.5122496923593243,1.0,0.0003,1.0,10102.551056623459
depth4_bal_MAMAMAMA,4,MAMAMAMA,34775,417300,1.4929921925067902,1.8019599517186482,1.9570155995232719,0.5110966057441253,0.3733681462140992,0.35429018905917886,1.0,0.0003,1.0,10110.781149148941
depth4_bal_MAMAMAMA,4,MAMAMAMA,34800,417600,0.48210706065098446,0.9560248653093973,0.9920933859688895,0.8498694516971279,0.5966057441253264,0.5879852332475668,1.0,0.0003,1.0,10119.027345657349
depth4_bal_MAMAMAMA,4,MAMAMAMA,34825,417900,0.6431093613306681,1.4278407494227092,1.3661564384187972,0.7359660574412533,0.4425587467362924,0.4574337174180557,1.0,0.0003,1.0,10127.101502656937
depth4_bal_MAMAMAMA,4,MAMAMAMA,34850,418200,0.5916838496923447,1.1485100189844768,1.1424859557832991,0.7614229765013055,0.5156657963446475,0.5204161539322072,1.0,0.0003,1.0,10134.076516866684
depth4_bal_MAMAMAMA,4,MAMAMAMA,34875,418500,0.7098568429549535,1.3129836320877075,1.2846701281411308,0.7007180156657964,0.47127937336814624,0.49200134243203936,1.0,0.0003,1.0,10137.173220396042
depth4_bal_MAMAMAMA,4,MAMAMAMA,34900,418800,0.5733941619594892,1.0044175386428833,1.0408699784960065,0.7819843342036553,0.577023498694517,0.5533057388969683,1.0,0.0003,1.0,10140.410468816757
depth4_bal_MAMAMAMA,4,MAMAMAMA,34925,419100,0.6899548719326655,1.0869218508402507,1.1110376971108573,0.7251958224543081,0.5456919060052219,0.5328336502964537,1.0,0.0003,1.0,10143.528277873993
depth4_bal_MAMAMAMA,4,MAMAMAMA,34950,419400,0.514793169995149,1.0228108565012615,1.0044299500329155,0.8123368146214099,0.5783289817232375,0.5740015661707126,1.0,0.0003,1.0,10146.635170459747
depth4_bal_MAMAMAMA,4,MAMAMAMA,34975,419700,0.7680196712414423,1.091544548670451,1.1338417223521642,0.6860313315926893,0.49738903394255873,0.4951336838572547,1.0,0.0003,1.0,10149.866492509842
depth4_bal_MAMAMAMA,4,MAMAMAMA,35000,420000,0.47132109353939694,0.8610605796178182,0.8881362795829773,0.8384464751958225,0.6422976501305483,0.6230003356080098,1.0,0.0003,1.0,10152.994273424149
depth4_bal_MAMAMAMA,4,MAMAMAMA,35025,420300,0.577345684170723,1.1250206232070923,1.1311728409358432,0.7679503916449086,0.5300261096605744,0.5310437409106163,1.0,0.0003,1.0,10161.216943264008
depth4_bal_MAMAMAMA,4,MAMAMAMA,35050,420600,0.4849008818467458,0.9284660220146179,0.9943298390933446,0.8247389033942559,0.6031331592689295,0.5835104597829734,1.0,0.0003,1.0,10169.229164123535
depth4_bal_MAMAMAMA,4,MAMAMAMA,35075,420900,1.237525463104248,1.6976024707158406,1.6296513829912458,0.5656005221932114,0.39556135770234985,0.4045195211992393,1.0,0.0003,1.0,10177.368945598602
depth4_bal_MAMAMAMA,4,MAMAMAMA,35100,421200,0.44115761170784634,0.8957514762878418,0.9141107065337045,0.8577023498694517,0.6122715404699739,0.614162658015438,1.0,0.0003,1.0,10185.371207237244
depth4_bal_MAMAMAMA,4,MAMAMAMA,35125,421500,0.5781238675117493,0.9725622534751892,0.9985875674656459,0.7911227154046997,0.5548302872062664,0.5543125629265019,1.0,0.0003,1.0,10192.350577831268
depth4_bal_MAMAMAMA,4,MAMAMAMA,35150,421800,0.5607248644034067,1.0567536354064941,1.0845757058688572,0.7885117493472585,0.556135770234987,0.5275757914755566,1.0,0.0003,1.0,10200.619266271591
depth4_bal_MAMAMAMA,4,MAMAMAMA,35175,422100,0.6587160478035609,1.3411770661671956,1.429462374959673,0.7346605744125326,0.4869451697127937,0.49502181452063987,1.0,0.0003,1.0,10208.677612304688
depth4_bal_MAMAMAMA,4,MAMAMAMA,35200,422400,0.532903420428435,1.0304977893829346,1.0444981489862715,0.8015665796344648,0.5613577023498695,0.55218704553082,1.0,0.0003,1.0,10216.004837036133
depth4_bal_MAMAMAMA,4,MAMAMAMA,35225,422700,0.5456142574548721,1.1060009400049846,1.1037102494921003,0.7845953002610966,0.5091383812010444,0.526568967446023,1.0,0.0003,1.0,10223.84434890747
depth4_bal_MAMAMAMA,4,MAMAMAMA,35250,423000,0.5354119166731834,1.0873128175735474,1.1098077774047852,0.7927545691906005,0.5587467362924282,0.5384271171271955,1.0,0.0003,1.0,10231.549809217453
depth4_bal_MAMAMAMA,4,MAMAMAMA,35275,423300,0.7352498521407446,1.2723078727722168,1.2779769624982562,0.7366187989556136,0.45039164490861616,0.4574337174180557,1.0,0.0003,1.0,10234.768111467361
depth4_bal_MAMAMAMA,4,MAMAMAMA,35300,423600,0.550480713446935,1.0449012120564778,1.11767943246024,0.7973237597911227,0.556135770234987,0.5354066450385949,1.0,0.0003,1.0,10240.060022592545
depth4_bal_MAMAMAMA,4,MAMAMAMA,35325,423900,0.4784204959869385,0.9479588667551676,0.9627860137394496,0.8351827676240209,0.6005221932114883,0.591900660029086,1.0,0.0003,1.0,10248.147728919983
depth4_bal_MAMAMAMA,4,MAMAMAMA,35350,424200,0.7668997645378113,1.2135952313741047,1.2180611678532192,0.6981070496083551,0.49477806788511747,0.4832755341760823,1.0,0.0003,1.0,10256.442598104477
depth4_bal_MAMAMAMA,4,MAMAMAMA,35375,424500,0.6270127594470978,1.131294051806132,1.1486054522650582,0.7408616187989556,0.5195822454308094,0.5020695827273745,1.0,0.0003,1.0,10264.32682108879
depth4_bal_MAMAMAMA,4,MAMAMAMA,35400,424800,0.703813244899114,1.3099861145019531,1.3374761956078665,0.7069190600522193,0.46736292428198434,0.4706342991386061,1.0,0.0003,1.0,10269.226657152176
depth4_bal_MAMAMAMA,4,MAMAMAMA,35425,425100,0.5865158687035242,1.013504981994629,1.0189008900097438,0.7728459530026109,0.5678851174934726,0.5715404407651863,1.0,0.0003,1.0,10272.650282144547
depth4_bal_MAMAMAMA,4,MAMAMAMA,35450,425400,0.6091613372166952,1.023193120956421,1.0262120485305786,0.7738250652741514,0.5574412532637075,0.5559906029757243,1.0,0.0003,1.0,10276.832993984222
depth4_bal_MAMAMAMA,4,MAMAMAMA,35475,425700,0.5292009537418684,0.9813716212908427,0.9846229536192758,0.8087467362924282,0.5652741514360313,0.5820561584069807,1.0,0.0003,1.0,10284.979164361954
depth4_bal_MAMAMAMA,4,MAMAMAMA,35500,426000,0.7323575814565023,1.1594271262486775,1.1864417552948,0.7003916449086162,0.5143603133159269,0.5177312898534512,1.0,0.0003,1.0,10292.62510061264
depth4_bal_MAMAMAMA,4,MAMAMAMA,35525,426300,0.7703932374715805,1.3642898797988892,1.383571491922651,0.6860313315926893,0.4412532637075718,0.44535182906365367,1.0,0.0003,1.0,10300.123829603195
depth4_bal_MAMAMAMA,4,MAMAMAMA,35550,426600,0.6030311758319536,1.3936628103256226,1.408535773413522,0.7790469973890339,0.4464751958224543,0.44993847186486186,1.0,0.0003,1.0,10308.289946079254
depth4_bal_MAMAMAMA,4,MAMAMAMA,35575,426900,0.47042153775691986,0.9342273076375326,0.9519779460770743,0.8505221932114883,0.5966057441253264,0.6008502069582727,1.0,0.0003,1.0,10316.070751190186
depth4_bal_MAMAMAMA,4,MAMAMAMA,35600,427200,0.52912105123202,1.1065473159154255,1.078395983151027,0.8058093994778068,0.54177545691906,0.5569974270052579,1.0,0.0003,1.0,10323.822875022888
depth4_bal_MAMAMAMA,4,MAMAMAMA,35625,427500,0.5238930781682333,0.9760909676551819,1.0259765318461826,0.799934725848564,0.5678851174934726,0.5581161203714062,1.0,0.0003,1.0,10331.710375547409
depth4_bal_MAMAMAMA,4,MAMAMAMA,35650,427800,0.6621057738860449,1.0712936321894329,1.1424641404833114,0.7307441253263708,0.5234986945169713,0.51515829511131,1.0,0.0003,1.0,10339.969105005264
depth4_bal_MAMAMAMA,4,MAMAMAMA,35675,428100,0.5591082771619161,1.0329617261886597,1.024173549243382,0.7823107049608355,0.5443864229765013,0.562255285826155,1.0,0.0003,1.0,10348.123249053955
depth4_bal_MAMAMAMA,4,MAMAMAMA,35700,428400,0.7195290774106979,1.1750316222508748,1.2338921172278268,0.7160574412532638,0.49216710182767626,0.48696722228437184,1.0,0.0003,1.0,10356.349382638931
depth4_bal_MAMAMAMA,4,MAMAMAMA,35725,428700,0.9544550577799479,1.242712140083313,1.2924702542168753,0.6155352480417755,0.4934725848563969,0.47902449938471864,1.0,0.0003,1.0,10364.59517288208
depth4_bal_MAMAMAMA,4,MAMAMAMA,35750,429000,0.5375049983461698,0.9870602488517761,0.9965952021735055,0.8178851174934726,0.5744125326370757,0.5779169929522318,1.0,0.0003,1.0,10372.790553331375
depth4_bal_MAMAMAMA,4,MAMAMAMA,35775,429300,0.7043751627206802,1.2248424291610718,1.213823161806379,0.7039817232375979,0.4595300261096606,0.4912182570757355,1.0,0.0003,1.0,10380.829584598541
depth4_bal_MAMAMAMA,4,MAMAMAMA,35800,429600,0.6095883001883825,1.158685286839803,1.1587060553686959,0.7571801566579635,0.49738903394255873,0.5068799642018122,1.0,0.0003,1.0,10388.512184619904
depth4_bal_MAMAMAMA,4,MAMAMAMA,35825,429900,0.5393928786118826,1.1073040962219238,1.1118706141199384,0.7842689295039165,0.5352480417754569,0.5242197113771115,1.0,0.0003,1.0,10396.779628276825
depth4_bal_MAMAMAMA,4,MAMAMAMA,35850,430200,0.5094288662075996,0.9442862272262573,0.9840008786746434,0.8218015665796344,0.6005221932114883,0.5779169929522318,1.0,0.0003,1.0,10404.779548883438
depth4_bal_MAMAMAMA,4,MAMAMAMA,35875,430500,0.6652739197015762,1.0421724716822307,1.0967420169285365,0.7265013054830287,0.54177545691906,0.527240183465712,1.0,0.0003,1.0,10412.743771076202
depth4_bal_MAMAMAMA,4,MAMAMAMA,35900,430800,0.6648185352484385,1.2373054424921672,1.1722161633627755,0.72911227154047,0.49216710182767626,0.5038594921132118,1.0,0.0003,1.0,10420.82911992073
depth4_bal_MAMAMAMA,4,MAMAMAMA,35925,431100,0.6429605881373087,1.1606940825780232,1.1347063643591744,0.7287859007832899,0.5326370757180157,0.5197449379125182,1.0,0.0003,1.0,10429.062634944916
depth4_bal_MAMAMAMA,4,MAMAMAMA,35950,431400,0.7991718053817749,1.507362961769104,1.5464871542794363,0.6657963446475196,0.4164490861618799,0.40575008390200246,1.0,0.0003,1.0,10437.233923912048
depth4_bal_MAMAMAMA,4,MAMAMAMA,35975,431700,0.5824702059229215,0.9039292931556702,0.9367980565343584,0.7836161879895561,0.608355091383812,0.6009620762948876,1.0,0.0003,1.0,10445.434950351715
depth4_bal_MAMAMAMA,4,MAMAMAMA,36000,432000,0.4227575808763504,0.9167012572288513,0.9661202158246721,0.881201044386423,0.6292428198433421,0.5899988813066338,1.0,0.0003,1.0,10453.72827076912
depth4_bal_MAMAMAMA,4,MAMAMAMA,36025,432300,0.3967952753106753,0.892024040222168,0.9104584353310722,0.8776109660574413,0.6657963446475196,0.6358653093187158,1.0,0.0003,1.0,10461.712985992432
depth4_bal_MAMAMAMA,4,MAMAMAMA,36050,432600,0.47160085787375766,0.9117356340090433,0.9360368881906782,0.8358355091383812,0.5992167101827677,0.6096878845508447,1.0,0.0003,1.0,10469.674941301346
depth4_bal_MAMAMAMA,4,MAMAMAMA,36075,432900,0.5390290766954422,1.0519466797510784,1.0240966285978044,0.7966710182767625,0.5522193211488251,0.5633739791923034,1.0,0.0003,1.0,10477.880457401276
depth4_bal_MAMAMAMA,4,MAMAMAMA,36100,433200,1.0580342064301174,1.6558595101038616,1.6288222517286028,0.5861618798955613,0.3472584856396867,0.35686318380132004,1.0,0.0003,1.0,10486.277445077896
depth4_bal_MAMAMAMA,4,MAMAMAMA,36125,433500,0.649336501955986,1.1114551226298015,1.0740481206348964,0.7346605744125326,0.5496083550913838,0.5597941604206287,1.0,0.0003,1.0,10494.572035074234
depth4_bal_MAMAMAMA,4,MAMAMAMA,36150,433800,0.8045363376537958,1.3839081923166912,1.3906129360198975,0.6733028720626631,0.43342036553524804,0.4270052578588209,1.0,0.0003,1.0,10506.338703632355
depth4_bal_MAMAMAMA,4,MAMAMAMA,36175,434100,0.5371967454751333,1.0071842670440674,0.9917485458510262,0.8113577023498695,0.5509138381201044,0.5748965208636313,1.0,0.0003,1.0,10514.245142936707
depth4_bal_MAMAMAMA,4,MAMAMAMA,36200,434400,0.8303770323594412,1.2303157647450764,1.2317150660923548,0.6801566579634465,0.4804177545691906,0.4782414140284148,1.0,0.0003,1.0,10522.46313548088
depth4_bal_MAMAMAMA,4,MAMAMAMA,36225,434700,0.6770757933457693,1.2476929823557537,1.2189687558582851,0.714425587467363,0.48433420365535246,0.5035238841033672,1.0,0.0003,1.0,10530.684316635132
depth4_bal_MAMAMAMA,4,MAMAMAMA,36250,435000,0.43329446762800217,0.9438426295916239,0.9514242836407253,0.8596605744125326,0.6044386422976501,0.6093522765410001,1.0,0.0003,1.0,10538.557844161987
depth4_bal_MAMAMAMA,4,MAMAMAMA,36275,435300,0.5846032003561655,1.102348804473877,1.115791974748884,0.7734986945169713,0.5274151436031331,0.5229891486743483,1.0,0.0003,1.0,10546.77669429779
depth4_bal_MAMAMAMA,4,MAMAMAMA,36300,435600,0.5609381596247355,1.119666854540507,1.066357888494219,0.7767624020887729,0.5391644908616188,0.5574449043517172,1.0,0.0003,1.0,10554.702435016632
depth4_bal_MAMAMAMA,4,MAMAMAMA,36325,435900,0.7688693652550379,1.1790906985600789,1.1921310152326312,0.7398825065274152,0.4751958224543081,0.47208860051459894,1.0,0.0003,1.0,10562.93859243393
depth4_bal_MAMAMAMA,4,MAMAMAMA,36350,436200,0.5842443307240804,0.9804219603538513,0.9879826664924621,0.8364882506527415,0.5744125326370757,0.5812730730506768,1.0,0.0003,1.0,10570.591098308563
depth4_bal_MAMAMAMA,4,MAMAMAMA,36375,436500,0.5639713158210119,1.0237990220387776,1.040219795703888,0.797976501305483,0.5509138381201044,0.5530820002237387,1.0,0.0003,1.0,10578.630228042603
depth4_bal_MAMAMAMA,4,MAMAMAMA,36400,436800,0.5379006241758665,1.1636387904485066,1.1175876753670828,0.7963446475195822,0.5535248041775457,0.5456986240071596,1.0,0.0003,1.0,10586.958162546158
depth4_bal_MAMAMAMA,4,MAMAMAMA,36425,437100,0.5650848870476087,1.092069427172343,1.080616569519043,0.7816579634464752,0.5496083550913838,0.5517395681843607,1.0,0.0003,1.0,10591.54356598854
depth4_bal_MAMAMAMA,4,MAMAMAMA,36450,437400,0.5524876738588015,1.0914660692214966,1.0776349135807581,0.7983028720626631,0.54177545691906,0.5236603646940373,1.0,0.0003,1.0,10594.671808958054
depth4_bal_MAMAMAMA,4,MAMAMAMA,36475,437700,0.5451199313004812,0.9981819192568461,0.9731200882366725,0.7849216710182768,0.5939947780678851,0.58921579595033,1.0,0.0003,1.0,10597.928597450256
depth4_bal_MAMAMAMA,4,MAMAMAMA,36500,438000,0.5691423043608665,0.9656823674837748,0.9902628745351519,0.7878590078328982,0.5796344647519582,0.5725472647947197,1.0,0.0003,1.0,10601.107275009155
depth4_bal_MAMAMAMA,4,MAMAMAMA,36525,438300,0.7033270051081976,1.275386889775594,1.213915514945984,0.7140992167101827,0.4869451697127937,0.49267255845172836,1.0,0.0003,1.0,10604.327269077301
depth4_bal_MAMAMAMA,4,MAMAMAMA,36550,438600,0.48273960997660953,0.995226244131724,0.9952038696834019,0.8629242819843342,0.5678851174934726,0.5701980087258083,1.0,0.0003,1.0,10607.45148563385
depth4_bal_MAMAMAMA,4,MAMAMAMA,36575,438900,0.5272959719101588,0.9914628664652506,1.0348308086395264,0.8126631853785901,0.5822454308093995,0.5639333258753776,1.0,0.0003,1.0,10610.701288223267
depth4_bal_MAMAMAMA,4,MAMAMAMA,36600,439200,0.43216177572806674,0.9135402043660482,0.9237940737179348,0.8860966057441253,0.6566579634464752,0.6331804452399598,1.0,0.0003,1.0,10617.015009403229
depth4_bal_MAMAMAMA,4,MAMAMAMA,36625,439500,1.275586684544881,1.695812424023946,1.6408611604145595,0.5316579634464752,0.3577023498694517,0.37856583510459785,1.0,0.0003,1.0,10625.334862470627
depth4_bal_MAMAMAMA,4,MAMAMAMA,36650,439800,0.4731098512808482,0.9703368147214254,0.9815844127110073,0.8315926892950392,0.5613577023498695,0.5813849423872917,1.0,0.0003,1.0,10633.631469726562
depth4_bal_MAMAMAMA,4,MAMAMAMA,36675,440100,0.5936633298794428,1.12248694896698,1.0877056990350995,0.7637075718015666,0.54177545691906,0.5343998210090615,1.0,0.0003,1.0,10641.839519262314
depth4_bal_MAMAMAMA,4,MAMAMAMA,36700,440400,0.4518292446931203,0.9781595468521118,0.9749985763004848,0.8596605744125326,0.6018276762402088,0.6053249804228661,1.0,0.0003,1.0,10649.908618450165
depth4_bal_MAMAMAMA,4,MAMAMAMA,36725,440700,0.5634179140130678,1.1869678497314453,1.2042049135480608,0.7757832898172323,0.5052219321148825,0.5044188387962859,1.0,0.0003,1.0,10658.153401851654
depth4_bal_MAMAMAMA,4,MAMAMAMA,36750,441000,0.6557894547780355,1.0940945943196614,1.0709100689206805,0.7571801566579635,0.5156657963446475,0.5432374986016333,1.0,0.0003,1.0,10666.43228149414
depth4_bal_MAMAMAMA,4,MAMAMAMA,36775,441300,0.5617644761999449,1.0061577757199605,1.0337624958583287,0.7943864229765013,0.5469973890339426,0.5608009844501622,1.0,0.0003,1.0,10674.605202198029
depth4_bal_MAMAMAMA,4,MAMAMAMA,36800,441600,0.6647882188359896,1.1885468165079753,1.1371544633592878,0.7317232375979112,0.5091383812010444,0.5241078420404967,1.0,0.0003,1.0,10679.435538053513
depth4_bal_MAMAMAMA,4,MAMAMAMA,36825,441900,0.829088419675827,1.1651145219802856,1.1414197887693132,0.6651436031331592,0.4908616187989556,0.5159413804676138,1.0,0.0003,1.0,10686.271120071411
depth4_bal_MAMAMAMA,4,MAMAMAMA,36850,442200,0.5851042519013087,1.0859599908192952,1.1062534962381636,0.7676240208877284,0.5483028720626631,0.5450274079874706,1.0,0.0003,1.0,10694.634616851807
depth4_bal_MAMAMAMA,4,MAMAMAMA,36875,442500,0.6362192630767822,1.053680698076884,1.0439226474080767,0.7532637075718016,0.5483028720626631,0.5491665734422195,1.0,0.0003,1.0,10701.990511894226
depth4_bal_MAMAMAMA,4,MAMAMAMA,36900,442800,0.7325562785069147,1.2088100910186768,1.1549683230263845,0.7088772845953003,0.5300261096605744,0.5168363351605325,1.0,0.0003,1.0,10710.090981960297
depth4_bal_MAMAMAMA,4,MAMAMAMA,36925,443100,0.48774154235919315,0.9270281195640564,0.948403206893376,0.845626631853786,0.6201044386422977,0.6002908602751986,1.0,0.0003,1.0,10718.06914639473
depth4_bal_MAMAMAMA,4,MAMAMAMA,36950,443400,0.4193506141503652,0.9239656527837118,0.917048534325191,0.858355091383812,0.6279373368146214,0.6306074504978185,1.0,0.0003,1.0,10726.026700258255
depth4_bal_MAMAMAMA,4,MAMAMAMA,36975,443700,0.6438320130109787,1.4898149569829304,1.6009030989238193,0.7389033942558747,0.4608355091383812,0.4261103031659022,1.0,0.0003,1.0,10734.016588926315
depth4_bal_MAMAMAMA,4,MAMAMAMA,37000,444000,0.5353725279370943,1.0640804370244343,1.0724840249334062,0.7989556135770235,0.5548302872062664,0.5413357198791812,1.0,0.0003,1.0,10742.061908721924
depth4_bal_MAMAMAMA,4,MAMAMAMA,37025,444300,0.5457261179884275,1.0707072019577026,1.0768923793520246,0.7845953002610966,0.5365535248041775,0.5412238505425663,1.0,0.0003,1.0,10750.51869559288
depth4_bal_MAMAMAMA,4,MAMAMAMA,37050,444600,0.5766572256882986,1.1662201484044392,1.1631428786686488,0.7800261096605744,0.5378590078328982,0.5246671887235709,1.0,0.0003,1.0,10758.738845348358
depth4_bal_MAMAMAMA,4,MAMAMAMA,37075,444900,0.44154177109400433,0.9284996191660563,0.9363852211407253,0.8612924281984334,0.6135770234986945,0.6058843271059403,1.0,0.0003,1.0,10761.826815366745
depth4_bal_MAMAMAMA,4,MAMAMAMA,37100,445200,0.47525076816479367,0.9734933177630106,0.9839495165007455,0.8358355091383812,0.6031331592689295,0.5895514039601745,1.0,0.0003,1.0,10764.886414527893
depth4_bal_MAMAMAMA,4,MAMAMAMA,37125,445500,0.5421482572952906,1.0477753480275471,1.079196650641305,0.7960182767624021,0.5430809399477807,0.5392102024834993,1.0,0.0003,1.0,10772.58145570755
depth4_bal_MAMAMAMA,4,MAMAMAMA,37150,445800,0.5387837961316109,1.0956717729568481,1.077983249936785,0.8002610966057441,0.556135770234987,0.5553193869560353,1.0,0.0003,1.0,10780.62265586853
depth4_bal_MAMAMAMA,4,MAMAMAMA,37175,446100,0.6355441510677338,1.2712905804316204,1.2469688415527345,0.7483681462140992,0.44386422976501305,0.46806130439646493,1.0,0.0003,1.0,10788.803897857666
depth4_bal_MAMAMAMA,4,MAMAMAMA,37200,446400,0.5228030383586884,0.98810875415802,0.9808904188019889,0.8224543080939948,0.5835509138381201,0.5904463586530931,1.0,0.0003,1.0,10796.735150814056
depth4_bal_MAMAMAMA,4,MAMAMAMA,37225,446700,0.4625777006149292,0.9040018916130066,0.9255233594349452,0.8642297650130548,0.6475195822454308,0.6151694820449715,1.0,0.0003,1.0,10804.605011940002
depth4_bal_MAMAMAMA,4,MAMAMAMA,37250,447000,0.4994858180483182,0.986522396405538,1.0078715801239013,0.8257180156657964,0.5678851174934726,0.579147555654995,1.0,0.0003,1.0,10812.769474744797
depth4_bal_MAMAMAMA,4,MAMAMAMA,37275,447300,0.529986580212911,1.0108099579811096,1.0070843390056066,0.7930809399477807,0.5913838120104439,0.5800425103479137,1.0,0.0003,1.0,10820.799490451813
depth4_bal_MAMAMAMA,4,MAMAMAMA,37300,447600,0.43918155630429584,0.9409128427505493,0.9334430234772818,0.862597911227154,0.6135770234986945,0.6150576127083567,1.0,0.0003,1.0,10829.051242351532
depth4_bal_MAMAMAMA,4,MAMAMAMA,37325,447900,0.5853394667307535,1.1116310358047485,1.0555532693862915,0.7715404699738904,0.54177545691906,0.5663944512809039,1.0,0.0003,1.0,10836.697919368744
depth4_bal_MAMAMAMA,4,MAMAMAMA,37350,448200,0.5893608952562014,1.0720844666163127,1.1001214470182146,0.7695822454308094,0.5574412532637075,0.5576686430249469,1.0,0.0003,1.0,10844.914783239365
depth4_bal_MAMAMAMA,4,MAMAMAMA,37375,448500,0.46477727343638736,0.9458386103312174,0.9718881981713431,0.8426892950391645,0.597911227154047,0.5855241078420405,1.0,0.0003,1.0,10848.714740037918
depth4_bal_MAMAMAMA,4,MAMAMAMA,37400,448800,0.9092903484900793,1.2815679709116619,1.2987022706440516,0.6347911227154047,0.45430809399477806,0.4394227542230675,1.0,0.0003,1.0,10852.618635177612
depth4_bal_MAMAMAMA,4,MAMAMAMA,37425,449100,0.43699200451374054,0.9176953037579855,0.915520191192627,0.868798955613577,0.6409921671018277,0.6205392102024835,1.0,0.0003,1.0,10857.184716701508
depth4_bal_MAMAMAMA,4,MAMAMAMA,37450,449400,0.7970477193593979,1.1041314601898193,1.0868112632206508,0.6690600522193212,0.5339425587467362,0.5429018905917888,1.0,0.0003,1.0,10865.351262807846
depth4_bal_MAMAMAMA,4,MAMAMAMA,37475,449700,0.5583336924513181,1.065215786298116,1.0862123148781913,0.7845953002610966,0.5443864229765013,0.5382033784539658,1.0,0.0003,1.0,10873.207102298737
depth4_bal_MAMAMAMA,4,MAMAMAMA,37500,450000,0.5477341363827387,1.0302610993385315,1.0483079092843193,0.7901436031331592,0.5574412532637075,0.556885557668643,1.0,0.0003,1.0,10877.848454236984
depth4_bal_MAMAMAMA,4,MAMAMAMA,37525,450300,0.5872136975328127,1.1479169527689617,1.1260074240820748,0.7627284595300261,0.5091383812010444,0.5186262445463699,1.0,0.0003,1.0,10883.654108285904
depth4_bal_MAMAMAMA,4,MAMAMAMA,37550,450600,1.7587094157934189,2.7919708093007407,2.705046510696411,0.5368798955613577,0.2558746736292428,0.2684864078756013,1.0,0.0003,1.0,10891.75851225853
depth4_bal_MAMAMAMA,4,MAMAMAMA,37575,450900,0.6502736459175745,1.1641692320505779,1.1461939709527151,0.7320496083550914,0.5169712793733682,0.5166125964873028,1.0,0.0003,1.0,10899.588531017303
depth4_bal_MAMAMAMA,4,MAMAMAMA,37600,451200,0.6319040507078171,1.0682651996612549,1.0946723188672747,0.7405352480417755,0.5469973890339426,0.5363015997315136,1.0,0.0003,1.0,10907.838624238968
depth4_bal_MAMAMAMA,4,MAMAMAMA,37625,451500,0.633276954293251,1.117785135904948,1.0998967375074113,0.7411879895561357,0.5509138381201044,0.5566618189954133,1.0,0.0003,1.0,10916.015408754349
depth4_bal_MAMAMAMA,4,MAMAMAMA,37650,451800,0.7510979175567627,1.153788447380066,1.148487959589277,0.70822454308094,0.5078328981723238,0.5135921243987023,1.0,0.0003,1.0,10924.240319013596
depth4_bal_MAMAMAMA,4,MAMAMAMA,37675,452100,0.6122034887472788,1.3510696093241374,1.2944324459348406,0.7643603133159269,0.48433420365535246,0.48965208636312785,1.0,0.0003,1.0,10932.330065011978
depth4_bal_MAMAMAMA,4,MAMAMAMA,37700,452400,0.5188091993331909,1.0009449124336243,0.9820217319897243,0.825065274151436,0.6057441253263708,0.6099116232240743,1.0,0.0003,1.0,10940.665594100952
depth4_bal_MAMAMAMA,4,MAMAMAMA,37725,452700,0.791299561659495,1.3911089102427165,1.4009930746895927,0.6684073107049608,0.4308093994778068,0.4320393780064884,1.0,0.0003,1.0,10948.823509693146
depth4_bal_MAMAMAMA,4,MAMAMAMA,37750,453000,0.4910009081164996,0.9476803739865621,0.9758319973945617,0.8410574412532638,0.6201044386422977,0.6028638550173397,1.0,0.0003,1.0,10956.966575622559
depth4_bal_MAMAMAMA,4,MAMAMAMA,37775,453300,0.5880811537305514,1.1884222428003948,1.151557547705514,0.7702349869451697,0.5130548302872062,0.5201924152589775,1.0,0.0003,1.0,10965.22664308548
depth4_bal_MAMAMAMA,4,MAMAMAMA,37800,453600,0.7725600153207779,1.2841945886611938,1.2919978448322842,0.6801566579634465,0.4830287206266319,0.48562479024499383,1.0,0.0003,1.0,10972.912211894989
depth4_bal_MAMAMAMA,4,MAMAMAMA,37825,453900,0.953527902563413,1.6061628262201946,1.577359662737165,0.6194516971279374,0.4464751958224543,0.44691799977626134,1.0,0.0003,1.0,10980.250716686249
depth4_bal_MAMAMAMA,4,MAMAMAMA,37850,454200,0.7863487005233765,1.1493452390034993,1.1956349747521537,0.6716710182767625,0.48433420365535246,0.4927844277883432,1.0,0.0003,1.0,10984.218766450882
depth4_bal_MAMAMAMA,4,MAMAMAMA,37875,454500,0.7096516986687978,1.2276200850804646,1.2836035013198852,0.6990861618798956,0.48433420365535246,0.4858485289182235,1.0,0.0003,1.0,10992.420900821686
depth4_bal_MAMAMAMA,4,MAMAMAMA,37900,454800,0.7558342715104421,1.228498379389445,1.2438487904412405,0.693864229765013,0.49216710182767626,0.47611589663273296,1.0,0.0003,1.0,11000.718614816666
depth4_bal_MAMAMAMA,4,MAMAMAMA,37925,455100,0.5278457502524058,1.042375882466634,1.0573052729879107,0.8025456919060052,0.5757180156657964,0.5621434164895402,1.0,0.0003,1.0,11009.076065540314
depth4_bal_MAMAMAMA,4,MAMAMAMA,37950,455400,0.9050584038098654,1.323744257291158,1.3506947415215629,0.6266318537859008,0.4516971279373368,0.4422194876384383,1.0,0.0003,1.0,11017.169979810715
depth4_bal_MAMAMAMA,4,MAMAMAMA,37975,455700,0.5806550979614258,1.0275776783625286,1.0416708299091884,0.7790469973890339,0.5639686684073107,0.548830965432375,1.0,0.0003,1.0,11024.287366867065
depth4_bal_MAMAMAMA,4,MAMAMAMA,38000,456000,0.6322347422440847,1.2180845340092976,1.220591950416565,0.75,0.5039164490861618,0.49960845732184805,1.0,0.0003,1.0,11029.883370399475
depth4_bal_MAMAMAMA,4,MAMAMAMA,38025,456300,0.47586070746183395,1.0033692320187886,1.0054347685405187,0.8319190600522193,0.5678851174934726,0.5719879181116456,1.0,0.0003,1.0,11037.911518096924
depth4_bal_MAMAMAMA,4,MAMAMAMA,38050,456600,0.5518211846550306,1.109308401743571,1.1191495282309396,0.7878590078328982,0.5443864229765013,0.5301487862176977,1.0,0.0003,1.0,11045.408795118332
depth4_bal_MAMAMAMA,4,MAMAMAMA,38075,456900,0.4705708548426628,0.9257623553276062,0.941902722631182,0.8296344647519582,0.6122715404699739,0.5963754334936794,1.0,0.0003,1.0,11053.437307834625
depth4_bal_MAMAMAMA,4,MAMAMAMA,38100,457200,1.328895832101504,1.9154445727666218,1.897088725226266,0.5326370757180157,0.32506527415143605,0.3547376664056382,1.0,0.0003,1.0,11061.669889450073
depth4_bal_MAMAMAMA,4,MAMAMAMA,38125,457500,0.6887675573428472,1.2715982993443806,1.2912791524614606,0.710509138381201,0.48825065274151436,0.4845060968788455,1.0,0.0003,1.0,11069.701731204987
depth4_bal_MAMAMAMA,4,MAMAMAMA,38150,457800,0.47039345651865005,1.040419101715088,1.0439486231122699,0.8472584856396866,0.577023498694517,0.5733303501510236,1.0,0.0003,1.0,11078.053210735321
depth4_bal_MAMAMAMA,4,MAMAMAMA,38175,458100,0.5961442117889723,1.2856700420379639,1.3022474765777587,0.7780678851174935,0.46866840731070497,0.4682850430696946,1.0,0.0003,1.0,11086.274879932404
depth4_bal_MAMAMAMA,4,MAMAMAMA,38200,458400,0.6040664811929067,1.0745067199071248,1.0556021400860378,0.7640339425587467,0.5378590078328982,0.5486072267591453,1.0,0.0003,1.0,11094.512119531631
depth4_bal_MAMAMAMA,4,MAMAMAMA,38225,458700,0.6078106015920639,1.1353963216145833,1.090658301966531,0.766644908616188,0.5378590078328982,0.5594585524107842,1.0,0.0003,1.0,11102.759630680084
depth4_bal_MAMAMAMA,4,MAMAMAMA,38250,459000,0.6069983243942261,1.121569037437439,1.118546278136117,0.7555483028720626,0.5065274151436031,0.523884103367267,1.0,0.0003,1.0,11111.063160657883
depth4_bal_MAMAMAMA,4,MAMAMAMA,38275,459300,0.5541408831874529,1.1260408957799275,1.1902584280286517,0.785574412532637,0.5326370757180157,0.5186262445463699,1.0,0.0003,1.0,11119.316936969757
depth4_bal_MAMAMAMA,4,MAMAMAMA,38300,459600,0.45276905099550885,0.9297736883163452,0.9345154864447457,0.8537859007832899,0.6331592689295039,0.6180780847969571,1.0,0.0003,1.0,11127.172920942307
depth4_bal_MAMAMAMA,4,MAMAMAMA,38325,459900,0.5784302229682604,1.0745962858200073,1.1057556901659285,0.7725195822454308,0.5430809399477807,0.5490547041056046,1.0,0.0003,1.0,11134.937524557114
depth4_bal_MAMAMAMA,4,MAMAMAMA,38350,460200,0.4752702862024307,0.9581099351247152,0.9764514684677124,0.8273498694516971,0.597911227154047,0.5884327105940261,1.0,0.0003,1.0,11138.206959724426
depth4_bal_MAMAMAMA,4,MAMAMAMA,38375,460500,0.6889064162969589,1.0949839353561401,1.0942491837910244,0.83322454308094,0.5352480417754569,0.5478241414028415,1.0,0.0003,1.0,11141.369229078293
depth4_bal_MAMAMAMA,4,MAMAMAMA,38400,460800,0.5491752376159033,0.992753247419993,1.0265862022127423,0.7921018276762402,0.5887728459530026,0.5660588432710594,1.0,0.0003,1.0,11144.895653009415
depth4_bal_MAMAMAMA,4,MAMAMAMA,38425,461100,0.5971625794967016,1.0826621055603027,1.0778341957501003,0.7679503916449086,0.5352480417754569,0.5399932878398032,1.0,0.0003,1.0,11148.147547483444
depth4_bal_MAMAMAMA,4,MAMAMAMA,38450,461400,0.4657255833347638,0.9852628310521444,1.0153620345251901,0.8306135770234987,0.5848563968668408,0.5732184808144087,1.0,0.0003,1.0,11154.611359357834
depth4_bal_MAMAMAMA,4,MAMAMAMA,38475,461700,0.5685566241542498,1.1923778057098389,1.2019857031958443,0.7868798955613577,0.4869451697127937,0.49133012641235035,1.0,0.0003,1.0,11162.688350439072
depth4_bal_MAMAMAMA,4,MAMAMAMA,38500,462000,1.1491503069798152,1.4678488969802856,1.482250257900783,0.5535248041775457,0.42297650130548303,0.4082112093075288,1.0,0.0003,1.0,11170.637148857117
depth4_bal_MAMAMAMA,4,MAMAMAMA,38525,462300,0.46225955088933307,1.0183027585347493,1.0148147923605784,0.8410574412532638,0.577023498694517,0.5727710034679494,1.0,0.0003,1.0,11177.81957578659
depth4_bal_MAMAMAMA,4,MAMAMAMA,38550,462600,0.5960300068060557,1.2783410946528118,1.28735066481999,0.7604438642297651,0.49738903394255873,0.47578028862288846,1.0,0.0003,1.0,11184.998358726501
depth4_bal_MAMAMAMA,4,MAMAMAMA,38575,462900,0.452940767010053,0.9465044736862183,0.9372989399092538,0.866514360313316,0.5992167101827677,0.6144982660252825,1.0,0.0003,1.0,11193.197399616241
depth4_bal_MAMAMAMA,4,MAMAMAMA,38600,463200,0.7107153832912445,1.1115283568700154,1.0873148543494089,0.7134464751958225,0.5274151436031331,0.5487190960957602,1.0,0.0003,1.0,11201.41487812996
depth4_bal_MAMAMAMA,4,MAMAMAMA,38625,463500,0.4826824814081192,1.1127243041992188,1.1134611913136074,0.8221279373368147,0.5496083550913838,0.5302606555543126,1.0,0.0003,1.0,11209.606760978699
depth4_bal_MAMAMAMA,4,MAMAMAMA,38650,463800,0.7785032987594604,1.3534997304280598,1.3052889006478445,0.6759138381201044,0.4660574412532637,0.47812954469179997,1.0,0.0003,1.0,11215.90765285492
depth4_bal_MAMAMAMA,4,MAMAMAMA,38675,464100,0.5434563284118971,1.0437092383702595,1.0711725967270986,0.7911227154046997,0.5691906005221932,0.5583398590446359,1.0,0.0003,1.0,11224.010943174362
depth4_bal_MAMAMAMA,4,MAMAMAMA,38700,464400,0.7571779390176138,1.1358842452367146,1.1293194668633597,0.7278067885117493,0.5130548302872062,0.5180668978632956,1.0,0.0003,1.0,11232.244406461716
depth4_bal_MAMAMAMA,4,MAMAMAMA,38725,464700,0.42321401089429855,0.9819589257240295,0.9640849811690194,0.8825065274151436,0.618798955613577,0.6065555431256293,1.0,0.0003,1.0,11240.515784025192
depth4_bal_MAMAMAMA,4,MAMAMAMA,38750,465000,0.6952892690896988,1.5008161465326946,1.4529752663203648,0.7189947780678851,0.42297650130548303,0.41772010291978967,1.0,0.0003,1.0,11248.655637264252
depth4_bal_MAMAMAMA,4,MAMAMAMA,38775,465300,0.5215147336324056,1.0467917919158936,1.0628431337220328,0.8097258485639687,0.587467362924282,0.5578923816981766,1.0,0.0003,1.0,11256.534950017929
depth4_bal_MAMAMAMA,4,MAMAMAMA,38800,465600,0.9911087056001028,1.6273868481318157,1.6244217157363892,0.591710182767624,0.37989556135770236,0.36413469068128423,1.0,0.0003,1.0,11260.61070394516
depth4_bal_MAMAMAMA,4,MAMAMAMA,38825,465900,0.466312641898791,1.025679349899292,1.0457587054797581,0.8384464751958225,0.5953002610966057,0.5634858485289183,1.0,0.0003,1.0,11263.696362733841
depth4_bal_MAMAMAMA,4,MAMAMAMA,38850,466200,0.6582782516876856,1.1206246614456177,1.1108233179364886,0.7480417754569191,0.5195822454308094,0.525897751426334,1.0,0.0003,1.0,11269.303587913513
depth4_bal_MAMAMAMA,4,MAMAMAMA,38875,466500,0.606935515999794,1.1275728146235149,1.080165890284947,0.7565274151436031,0.5169712793733682,0.5367490770779729,1.0,0.0003,1.0,11277.492911100388
depth4_bal_MAMAMAMA,4,MAMAMAMA,38900,466800,0.4895518446962039,1.0039295355478923,1.0486523219517299,0.8139686684073107,0.5822454308093995,0.5550956482828057,1.0,0.0003,1.0,11285.731909275055
depth4_bal_MAMAMAMA,4,MAMAMAMA,38925,467100,2.2455436090628305,2.514782428741455,2.3338323525020055,0.39066579634464754,0.27023498694516973,0.28023268822015884,1.0,0.0003,1.0,11293.437587499619
depth4_bal_MAMAMAMA,4,MAMAMAMA,38950,467400,0.6141121486822764,1.0174442330996196,1.0180802941322327,0.8077676240208878,0.566579634464752,0.571092963418727,1.0,0.0003,1.0,11299.205518484116
depth4_bal_MAMAMAMA,4,MAMAMAMA,38975,467700,0.5740411629279455,1.2146621942520142,1.2070295470101493,0.7806788511749347,0.47389033942558745,0.4887571316702092,1.0,0.0003,1.0,11302.401365280151
depth4_bal_MAMAMAMA,4,MAMAMAMA,39000,468000,0.5769645820061365,1.076310634613037,1.0954975570951189,0.7839425587467362,0.54177545691906,0.5317149569303053,1.0,0.0003,1.0,11309.315305948257
depth4_bal_MAMAMAMA,4,MAMAMAMA,39025,468300,0.5625504602988561,1.0850679477055867,1.0555230634553092,0.7823107049608355,0.5287206266318538,0.5540888242532722,1.0,0.0003,1.0,11317.257103681564
depth4_bal_MAMAMAMA,4,MAMAMAMA,39050,468600,0.916722392042478,1.1790398756663005,1.1678934574127198,0.6674281984334204,0.5,0.5091173509341089,1.0,0.0003,1.0,11325.42549276352
depth4_bal_MAMAMAMA,4,MAMAMAMA,39075,468900,0.5906832665205002,1.0577554106712341,1.0599279165267945,0.7813315926892951,0.556135770234987,0.550173397471753,1.0,0.0003,1.0,11333.645625114441
depth4_bal_MAMAMAMA,4,MAMAMAMA,39100,469200,1.1087021678686142,1.5538092454274495,1.593681584085737,0.5613577023498695,0.3968668407310705,0.377782749748294,1.0,0.0003,1.0,11341.437536001205
depth4_bal_MAMAMAMA,4,MAMAMAMA,39125,469500,0.5521757900714874,1.062009294827779,1.0471796597753251,0.8074412532637075,0.5613577023498695,0.5585635977178656,1.0,0.0003,1.0,11349.678539514542
depth4_bal_MAMAMAMA,4,MAMAMAMA,39150,469800,0.4685657024383545,0.9460047086079916,0.9393754771777562,0.8462793733681462,0.6253263707571801,0.6076742364917777,1.0,0.0003,1.0,11357.74335861206
depth4_bal_MAMAMAMA,4,MAMAMAMA,39175,470100,0.5943136066198349,1.0791592995325725,1.1196833406175886,0.7712140992167101,0.5391644908616188,0.5330573889696834,1.0,0.0003,1.0,11365.5199136734
depth4_bal_MAMAMAMA,4,MAMAMAMA,39200,470400,0.7093133380015691,1.0970049301783245,1.1128682034356254,0.7157310704960835,0.5391644908616188,0.5286944848417049,1.0,0.0003,1.0,11373.481221914291
depth4_bal_MAMAMAMA,4,MAMAMAMA,39225,470700,0.7699416677157084,1.3461657762527466,1.3560425724302019,0.6775456919060052,0.4516971279373368,0.4447924823805795,1.0,0.0003,1.0,11381.160825490952
depth4_bal_MAMAMAMA,4,MAMAMAMA,39250,471000,0.5453236078222593,1.1018420457839966,1.050186538696289,0.8012402088772846,0.5587467362924282,0.556885557668643,1.0,0.0003,1.0,11389.360221624374
depth4_bal_MAMAMAMA,4,MAMAMAMA,39275,471300,0.5547719871004423,1.1514149109522502,1.1732524224690029,0.7956919060052219,0.49738903394255873,0.5028526680836782,1.0,0.0003,1.0,11397.737273454666
depth4_bal_MAMAMAMA,4,MAMAMAMA,39300,471600,0.4572989071408908,0.958102802435557,0.9739467229161943,0.8733681462140992,0.6109660574412533,0.5948092627810717,1.0,0.0003,1.0,11406.047244787216
depth4_bal_MAMAMAMA,4,MAMAMAMA,39325,471900,0.7420604328314463,1.318309982617696,1.3102046387536186,0.700065274151436,0.45039164490861616,0.4593354961405079,1.0,0.0003,1.0,11414.38366985321
depth4_bal_MAMAMAMA,4,MAMAMAMA,39350,472200,0.4850587596495946,0.9884605010350546,0.9902394992964608,0.8306135770234987,0.5757180156657964,0.5868665398814185,1.0,0.0003,1.0,11422.383506536484
depth4_bal_MAMAMAMA,4,MAMAMAMA,39375,472500,0.6714262763659159,1.1736481587092082,1.1810767071587698,0.7242167101827677,0.52088772845953,0.5147108177648506,1.0,0.0003,1.0,11430.424914360046
depth4_bal_MAMAMAMA,4,MAMAMAMA,39400,472800,0.5929118891557058,1.0688348611195881,1.0905600002833775,0.7695822454308094,0.5626631853785901,0.5364134690681285,1.0,0.0003,1.0,11438.592764854431
depth4_bal_MAMAMAMA,4,MAMAMAMA,39425,473100,0.6650300770998001,1.21968940893809,1.1913229942321777,0.7225848563968669,0.5091383812010444,0.5129209083790133,1.0,0.0003,1.0,11443.277182102203
depth4_bal_MAMAMAMA,4,MAMAMAMA,39450,473400,0.6036326686541239,1.1191895008087158,1.1271262066704886,0.7594647519582245,0.5496083550913838,0.5374202930976619,1.0,0.0003,1.0,11451.287775278091
depth4_bal_MAMAMAMA,4,MAMAMAMA,39475,473700,0.7546583215395609,1.5234427054723103,1.5391849858420237,0.6906005221932114,0.4255874673629243,0.4244322631166797,1.0,0.0003,1.0,11459.601921796799
depth4_bal_MAMAMAMA,4,MAMAMAMA,39500,474000,0.575613426665465,1.2781988779703777,1.247480208533151,0.7637075718015666,0.4960835509138381,0.5013983667076855,1.0,0.0003,1.0,11467.918382883072
depth4_bal_MAMAMAMA,4,MAMAMAMA,39525,474300,0.5094704478979111,1.1038002173105876,1.1271958896092007,0.810378590078329,0.5483028720626631,0.5208636312786665,1.0,0.0003,1.0,11476.103046417236
depth4_bal_MAMAMAMA,4,MAMAMAMA,39550,474600,0.40624228368202847,0.9484362800916036,0.9130473698888506,0.8825065274151436,0.6122715404699739,0.620874818212328,1.0,0.0003,1.0,11483.24617934227
depth4_bal_MAMAMAMA,4,MAMAMAMA,39575,474900,0.5399350126584371,1.0037130912144978,1.0352341379438128,0.7940600522193212,0.5587467362924282,0.5665063206175187,1.0,0.0003,1.0,11488.854417085648
depth4_bal_MAMAMAMA,4,MAMAMAMA,39600,475200,0.5497520640492439,1.096336801846822,1.0969381707055228,0.7950391644908616,0.5587467362924282,0.5435731066114778,1.0,0.0003,1.0,11492.713816404343
depth4_bal_MAMAMAMA,4,MAMAMAMA,39625,475500,0.5730808849136034,1.1298689047495525,1.121219631603786,0.7725195822454308,0.5365535248041775,0.5349591676921356,1.0,0.0003,1.0,11500.911015033722
depth4_bal_MAMAMAMA,4,MAMAMAMA,39650,475800,0.5220002681016922,1.0686525106430054,1.0012348226138523,0.8035248041775457,0.5691906005221932,0.5962635641570645,1.0,0.0003,1.0,11509.237807750702
depth4_bal_MAMAMAMA,4,MAMAMAMA,39675,476100,0.7471760660409927,1.0727663040161133,1.0543527347700936,0.691579634464752,0.5509138381201044,0.5489428347689899,1.0,0.0003,1.0,11517.434202432632
depth4_bal_MAMAMAMA,4,MAMAMAMA,39700,476400,0.6378451337416967,1.0954138040542603,1.1091532264436994,0.7552219321148825,0.556135770234987,0.5313793489204609,1.0,0.0003,1.0,11525.607249498367
depth4_bal_MAMAMAMA,4,MAMAMAMA,39725,476700,0.7327409634987513,1.1500504811604817,1.1292487689426967,0.70822454308094,0.5104438642297651,0.523212887347578,1.0,0.0003,1.0,11533.850178718567
depth4_bal_MAMAMAMA,4,MAMAMAMA,39750,477000,0.4703013276060422,1.2589228947957356,1.2249343633651733,0.8286553524804178,0.49216710182767626,0.5083342655778051,1.0,0.0003,1.0,11542.312372922897
depth4_bal_MAMAMAMA,4,MAMAMAMA,39775,477300,0.5131595432758331,0.9743131995201111,0.9936323131833757,0.8289817232375979,0.5887728459530026,0.5840698064660477,1.0,0.0003,1.0,11550.561374425888
depth4_bal_MAMAMAMA,4,MAMAMAMA,39800,477600,0.5929955691099167,1.1929432948430378,1.193119318144662,0.7637075718015666,0.49477806788511747,0.4974829399261662,1.0,0.0003,1.0,11558.859680652618
depth4_bal_MAMAMAMA,4,MAMAMAMA,39825,477900,0.5342412889003754,0.9757916331291199,0.9787622179303851,0.841710182767624,0.5783289817232375,0.5899988813066338,1.0,0.0003,1.0,11567.254874706268
depth4_bal_MAMAMAMA,4,MAMAMAMA,39850,478200,0.550879235068957,1.0368321736653645,1.035895906175886,0.7930809399477807,0.5430809399477807,0.5503971361449826,1.0,0.0003,1.0,11575.591962814331
depth4_bal_MAMAMAMA,4,MAMAMAMA,39875,478500,0.6769980142513911,1.1577673355738323,1.1646836042404174,0.7281331592689295,0.5287206266318538,0.5170600738337622,1.0,0.0003,1.0,11583.190408229828
depth4_bal_MAMAMAMA,4,MAMAMAMA,39900,478800,0.6697370260953903,1.203116814295451,1.1954893350601197,0.7356396866840731,0.5117493472584856,0.49423872916433603,1.0,0.0003,1.0,11586.281530857086
depth4_bal_MAMAMAMA,4,MAMAMAMA,39925,479100,0.5816605910658836,1.207794229189555,1.1573826108660017,0.7777415143603134,0.48825065274151436,0.5123615616959392,1.0,0.0003,1.0,11589.464851856232
depth4_bal_MAMAMAMA,4,MAMAMAMA,39950,479400,0.5014806364973386,0.9817730585734049,1.0115294984408787,0.8387728459530026,0.5861618798955613,0.5785882089719208,1.0,0.0003,1.0,11592.566879749298
depth4_bal_MAMAMAMA,4,MAMAMAMA,39975,479700,0.5189283316334089,0.9942490061124166,0.9891082865851266,0.8133159268929504,0.5783289817232375,0.5789238169817653,1.0,0.0003,1.0,11595.65233206749
depth4_bal_MAMAMAMA,4,MAMAMAMA,40000,480000,0.6646147420008978,1.1513659954071045,1.1506172520773752,0.7258485639686684,0.5234986945169713,0.5298131782078532,1.0,0.0003,1.0,11598.730665683746
depth4_bal_MAMAMAMA,4,MAMAMAMA,40025,480300,0.6412388334671656,1.0811233917872112,1.066283086368016,0.7522845953002611,0.5678851174934726,0.5556549949658799,1.0,0.0003,1.0,11606.823111057281
depth4_bal_MAMAMAMA,4,MAMAMAMA,40050,480600,0.5401542459925016,1.2259167432785034,1.2081924438476563,0.7921018276762402,0.5156657963446475,0.5090054815974941,1.0,0.0003,1.0,11613.60801577568
depth4_bal_MAMAMAMA,4,MAMAMAMA,40075,480900,0.650163896381855,1.1318411827087402,1.1541595697402953,0.733355091383812,0.5496083550913838,0.5207517619420516,1.0,0.0003,1.0,11621.319423913956
depth4_bal_MAMAMAMA,4,MAMAMAMA,40100,481200,0.5431588913003603,1.1047051350275676,1.1084531954356602,0.7852480417754569,0.5574412532637075,0.5592348137375546,1.0,0.0003,1.0,11629.280523777008
depth4_bal_MAMAMAMA,4,MAMAMAMA,40125,481500,0.5258928686380386,1.0176840623219807,1.0127103652272906,0.8149477806788512,0.5796344647519582,0.5774695156057724,1.0,0.0003,1.0,11637.640128612518
depth4_bal_MAMAMAMA,4,MAMAMAMA,40150,481800,0.41746655851602554,0.9422504305839539,0.9469214013644627,0.8841383812010444,0.6161879895561357,0.6123727486296007,1.0,0.0003,1.0,11645.767585039139
depth4_bal_MAMAMAMA,4,MAMAMAMA,40175,482100,0.8217370907465616,1.1302824417750041,1.136385382924761,0.658289817232376,0.5248041775456919,0.5207517619420516,1.0,0.0003,1.0,11654.011600494385
depth4_bal_MAMAMAMA,4,MAMAMAMA,40200,482400,0.4423939312497775,0.9106043378512064,0.9059011050633021,0.8488903394255874,0.6488250652741514,0.6328448372301152,1.0,0.0003,1.0,11662.192610740662
depth4_bal_MAMAMAMA,4,MAMAMAMA,40225,482700,0.9717344045639038,1.3262918790181477,1.3615650687898908,0.6021540469973891,0.46344647519582244,0.4422194876384383,1.0,0.0003,1.0,11670.31078338623
depth4_bal_MAMAMAMA,4,MAMAMAMA,40250,483000,0.6666306058565775,1.2576847473780315,1.221164631843567,0.741514360313316,0.4908616187989556,0.4912182570757355,1.0,0.0003,1.0,11678.452444553375
depth4_bal_MAMAMAMA,4,MAMAMAMA,40275,483300,0.5146722942590714,0.9879949688911438,0.9998863526753017,0.825065274151436,0.577023498694517,0.5785882089719208,1.0,0.0003,1.0,11686.231916427612
depth4_bal_MAMAMAMA,4,MAMAMAMA,40300,483600,0.545407752195994,1.0655845006306965,1.0584570935794286,0.8028720626631853,0.5391644908616188,0.542118805235485,1.0,0.0003,1.0,11694.215042829514
depth4_bal_MAMAMAMA,4,MAMAMAMA,40325,483900,0.6035967295368513,1.0573458274205525,1.0666383028030395,0.7659921671018277,0.5391644908616188,0.5401051571764179,1.0,0.0003,1.0,11701.613003730774
depth4_bal_MAMAMAMA,4,MAMAMAMA,40350,484200,0.4535918931166331,0.9632953802744547,0.9553699799946376,0.8593342036553525,0.5796344647519582,0.5990602975724354,1.0,0.0003,1.0,11709.172656536102
depth4_bal_MAMAMAMA,4,MAMAMAMA,40375,484500,0.645531122883161,1.160465677579244,1.1611835615975517,0.7346605744125326,0.5313315926892951,0.5131446470522429,1.0,0.0003,1.0,11712.301009178162
depth4_bal_MAMAMAMA,4,MAMAMAMA,40400,484800,0.5126692478855451,0.9904604156812032,0.9557685715811594,0.8185378590078329,0.5678851174934726,0.5973822575232128,1.0,0.0003,1.0,11715.50277686119
depth4_bal_MAMAMAMA,4,MAMAMAMA,40425,485100,0.6832370162010193,1.1603422959645588,1.1044781105858938,0.7092036553524804,0.5182767624020888,0.5181787671999105,1.0,0.0003,1.0,11719.795012235641
depth4_bal_MAMAMAMA,4,MAMAMAMA,40450,485400,0.5472088530659676,1.181085189183553,1.1300038269587926,0.7934073107049608,0.5026109660574413,0.5363015997315136,1.0,0.0003,1.0,11727.27902173996
depth4_bal_MAMAMAMA,4,MAMAMAMA,40475,485700,0.7808640946944555,1.1924943526585896,1.2131380592073713,0.6837467362924282,0.5104438642297651,0.4914419957489652,1.0,0.0003,1.0,11735.45221567154
depth4_bal_MAMAMAMA,4,MAMAMAMA,40500,486000,0.8916995724042257,1.3475677967071533,1.3905022280556816,0.6439295039164491,0.47389033942558745,0.44456874370734983,1.0,0.0003,1.0,11743.210205554962
depth4_bal_MAMAMAMA,4,MAMAMAMA,40525,486300,0.6214240690072378,1.2036155859629314,1.1976006746292114,0.7526109660574413,0.5039164490861618,0.5045307081329008,1.0,0.0003,1.0,11751.548416614532
depth4_bal_MAMAMAMA,4,MAMAMAMA,40550,486600,0.6878480513890585,1.0508647759755452,1.0824263879231044,0.7274804177545692,0.5548302872062664,0.5389864638102696,1.0,0.0003,1.0,11759.83231973648
depth4_bal_MAMAMAMA,4,MAMAMAMA,40575,486900,0.5504898329575857,1.0430884559949238,1.0443616781915936,0.7934073107049608,0.5496083550913838,0.5493903121154492,1.0,0.0003,1.0,11767.979918003082
depth4_bal_MAMAMAMA,4,MAMAMAMA,40600,487200,0.4646564374367396,1.0052708983421326,0.971827643258231,0.8439947780678851,0.587467362924282,0.6078979751650073,1.0,0.0003,1.0,11776.258755207062
depth4_bal_MAMAMAMA,4,MAMAMAMA,40625,487500,0.5725468198458353,1.077768325805664,1.0432477116584777,0.7976501305483029,0.5522193211488251,0.5603535071037029,1.0,0.0003,1.0,11784.44107079506
depth4_bal_MAMAMAMA,4,MAMAMAMA,40650,487800,0.7770363539457321,1.180002212524414,1.1686808926718575,0.6716710182767625,0.5052219321148825,0.5058731401722788,1.0,0.0003,1.0,11792.594715356827
depth4_bal_MAMAMAMA,4,MAMAMAMA,40675,488100,0.5511112362146378,1.1349945465723674,1.1048180035182409,0.7940600522193212,0.52088772845953,0.5302606555543126,1.0,0.0003,1.0,11800.70873618126
depth4_bal_MAMAMAMA,4,MAMAMAMA,40700,488400,0.4888269305229187,1.043643593788147,1.016820468221392,0.845626631853786,0.5613577023498695,0.5623671551627699,1.0,0.0003,1.0,11808.562247276306
depth4_bal_MAMAMAMA,4,MAMAMAMA,40725,488700,0.586993637184302,1.0879536469777424,1.0776256050382342,0.7796997389033943,0.5300261096605744,0.5349591676921356,1.0,0.0003,1.0,11816.702652692795
depth4_bal_MAMAMAMA,4,MAMAMAMA,40750,489000,1.712567776441574,2.053530295689901,1.966818846975054,0.4644255874673629,0.35117493472584854,0.33929969795279113,1.0,0.0003,1.0,11824.829521894455
depth4_bal_MAMAMAMA,4,MAMAMAMA,40775,489300,0.4939294209082921,0.979414701461792,0.9629265904426575,0.8544386422976501,0.5913838120104439,0.6005145989484283,1.0,0.0003,1.0,11833.143290042877
depth4_bal_MAMAMAMA,4,MAMAMAMA,40800,489600,0.6450609664122263,1.090011715888977,1.0923603994505746,0.7379242819843342,0.5391644908616188,0.5432374986016333,1.0,0.0003,1.0,11840.99813079834
depth4_bal_MAMAMAMA,4,MAMAMAMA,40825,489900,0.5647998154163361,0.957063615322113,0.9734288828713553,0.77088772845953,0.597911227154047,0.590558227989708,1.0,0.0003,1.0,11849.226664304733
depth4_bal_MAMAMAMA,4,MAMAMAMA,40850,490200,0.6220071613788605,1.0588766137758892,1.0457031403269086,0.7653394255874674,0.54177545691906,0.5496140507886789,1.0,0.0003,1.0,11857.44954943657
depth4_bal_MAMAMAMA,4,MAMAMAMA,40875,490500,0.5748443355162939,1.0883374611536663,1.130021892275129,0.7777415143603134,0.5443864229765013,0.5328336502964537,1.0,0.0003,1.0,11865.691992044449
depth4_bal_MAMAMAMA,4,MAMAMAMA,40900,490800,0.6440988779067993,1.3155701557795207,1.2946508237293788,0.7457571801566579,0.44386422976501305,0.47611589663273296,1.0,0.0003,1.0,11873.820381641388
depth4_bal_MAMAMAMA,4,MAMAMAMA,40925,491100,0.597220261891683,1.11985178788503,1.081358093874795,0.7836161879895561,0.5156657963446475,0.5228772793377335,1.0,0.0003,1.0,11881.648042201996
depth4_bal_MAMAMAMA,4,MAMAMAMA,40950,491400,0.5115143582224846,0.9952863852183024,0.9971783246312823,0.8528067885117493,0.5678851174934726,0.5713167020919566,1.0,0.0003,1.0,11889.953531503677
depth4_bal_MAMAMAMA,4,MAMAMAMA,40975,491700,0.47517196337382,0.9563348094622294,0.9852522798946926,0.8244125326370757,0.6174934725848564,0.5813849423872917,1.0,0.0003,1.0,11898.143038034439
depth4_bal_MAMAMAMA,4,MAMAMAMA,41000,492000,0.5675030301014582,1.053084929784139,1.0320065634591238,0.7852480417754569,0.5496083550913838,0.568296230003356,1.0,0.0003,1.0,11906.337810754776
depth4_bal_MAMAMAMA,4,MAMAMAMA,41025,492300,0.876361091931661,1.5135669310887654,1.5101974419185094,0.6478459530026109,0.42297650130548303,0.4135809374650408,1.0,0.0003,1.0,11914.704262018204
depth4_bal_MAMAMAMA,4,MAMAMAMA,41050,492600,0.6864675084749857,1.4275850454966228,1.431542604310172,0.7189947780678851,0.4516971279373368,0.4204049669985457,1.0,0.0003,1.0,11922.373890161514
depth4_bal_MAMAMAMA,4,MAMAMAMA,41075,492900,0.7603374222914377,1.4870423078536987,1.3776124341147287,0.6889686684073107,0.4516971279373368,0.46146101353618973,1.0,0.0003,1.0,11930.619313001633
depth4_bal_MAMAMAMA,4,MAMAMAMA,41100,493200,0.7504502882560095,1.2276599009831746,1.1928502014705114,0.7137728459530026,0.4464751958224543,0.46381026960510124,1.0,0.0003,1.0,11938.850400686264
depth4_bal_MAMAMAMA,4,MAMAMAMA,41125,493500,0.5205410793423653,1.0405542453130086,0.9935676080839975,0.8126631853785901,0.5483028720626631,0.5742253048439423,1.0,0.0003,1.0,11946.750114440918
depth4_bal_MAMAMAMA,4,MAMAMAMA,41150,493800,0.6424910674492518,1.1099802652994792,1.1360422645296369,0.7656657963446475,0.5143603133159269,0.5053137934892046,1.0,0.0003,1.0,11955.010587215424
depth4_bal_MAMAMAMA,4,MAMAMAMA,41175,494100,0.6190934677918752,1.238250732421875,1.2234134129115513,0.7454308093994778,0.47389033942558745,0.4993847186486184,1.0,0.0003,1.0,11963.19316148758
depth4_bal_MAMAMAMA,4,MAMAMAMA,41200,494400,0.5214110563198725,1.0820449193318684,1.064999634878976,0.8067885117493473,0.5535248041775457,0.5587873363910952,1.0,0.0003,1.0,11971.368524312973
depth4_bal_MAMAMAMA,4,MAMAMAMA,41225,494700,0.5106009244918823,1.0868348677953084,1.0979668821607318,0.799934725848564,0.5548302872062664,0.5426781519185592,1.0,0.0003,1.0,11979.377178907394
depth4_bal_MAMAMAMA,4,MAMAMAMA,41250,495000,0.7229040563106537,1.165915846824646,1.2013773509434291,0.6987597911227154,0.4960835509138381,0.4898758250363575,1.0,0.0003,1.0,11987.564388751984
depth4_bal_MAMAMAMA,4,MAMAMAMA,41275,495300,0.6193035344282786,1.0967376629511516,1.0240406734602792,0.7473890339425587,0.5574412532637075,0.5770220382593131,1.0,0.0003,1.0,11995.793486833572
depth4_bal_MAMAMAMA,4,MAMAMAMA,41300,495600,0.7025744418303171,1.290557901064555,1.2383812836238317,0.7134464751958225,0.4751958224543081,0.4912182570757355,1.0,0.0003,1.0,12003.78322339058
depth4_bal_MAMAMAMA,4,MAMAMAMA,41325,495900,1.1813036799430847,1.9928964376449585,1.9760196992329189,0.5558093994778068,0.35117493472584854,0.35417831972256403,1.0,0.0003,1.0,12012.154879808426
depth4_bal_MAMAMAMA,4,MAMAMAMA,41350,496200,0.4358724430203438,0.9416997830073038,0.911518611226763,0.8606396866840731,0.6044386422976501,0.622217250251706,1.0,0.0003,1.0,12017.141202449799
depth4_bal_MAMAMAMA,4,MAMAMAMA,41375,496500,0.6539483219385147,1.193566878636678,1.1322248458862305,0.7509791122715405,0.5195822454308094,0.5219823246448149,1.0,0.0003,1.0,12022.89290857315
depth4_bal_MAMAMAMA,4,MAMAMAMA,41400,496800,0.7371505200862885,1.1901270945866902,1.1699135746274676,0.6954960835509139,0.49477806788511747,0.5026289294104486,1.0,0.0003,1.0,12030.831946372986
depth4_bal_MAMAMAMA,4,MAMAMAMA,41425,497100,0.4551648795604706,0.9480107625325521,0.9783371755055019,0.8577023498694517,0.6122715404699739,0.5968229108401387,1.0,0.0003,1.0,12039.19280409813
depth4_bal_MAMAMAMA,4,MAMAMAMA,41450,497400,0.4871036385496457,1.270438273747762,1.2911700929914203,0.8266971279373369,0.5391644908616188,0.5316030875936906,1.0,0.0003,1.0,12047.16380739212
depth4_bal_MAMAMAMA,4,MAMAMAMA,41475,497700,0.5809375196695328,1.082441250483195,1.0674136536461967,0.7829634464751958,0.5430809399477807,0.526568967446023,1.0,0.0003,1.0,12054.953944921494
depth4_bal_MAMAMAMA,4,MAMAMAMA,41500,498000,0.4789026503761609,1.0401198466618855,0.9896793195179531,0.8361618798955613,0.5731070496083551,0.5894395346235597,1.0,0.0003,1.0,12063.133982181549
depth4_bal_MAMAMAMA,4,MAMAMAMA,41525,498300,0.5307820439338684,1.0893096526463826,1.1033550551959446,0.7989556135770235,0.5639686684073107,0.5489428347689899,1.0,0.0003,1.0,12071.261555671692
depth4_bal_MAMAMAMA,4,MAMAMAMA,41550,498600,0.6464081356922785,1.2739989360173543,1.2204814842769078,0.741514360313316,0.47127937336814624,0.49334377447141736,1.0,0.0003,1.0,12079.413257360458
depth4_bal_MAMAMAMA,4,MAMAMAMA,41575,498900,0.5576676627000173,1.068098505338033,1.102882366521018,0.7783942558746736,0.5522193211488251,0.5464817093634635,1.0,0.0003,1.0,12087.631242275238
depth4_bal_MAMAMAMA,4,MAMAMAMA,41600,499200,0.5795913090308508,1.2119686603546143,1.153808093070984,0.7705613577023499,0.4960835509138381,0.531267479583846,1.0,0.0003,1.0,12095.973462343216
depth4_bal_MAMAMAMA,4,MAMAMAMA,41625,499500,0.5098227883378664,1.080001433690389,1.046636358329228,0.8191906005221932,0.5548302872062664,0.563597717865533,1.0,0.0003,1.0,12104.223813295364
depth4_bal_MAMAMAMA,4,MAMAMAMA,41650,499800,0.5032913784186045,1.1593146324157715,1.1307745218276977,0.8162532637075718,0.5287206266318538,0.5229891486743483,1.0,0.0003,1.0,12112.547830820084
depth4_bal_MAMAMAMA,4,MAMAMAMA,41675,500100,0.5546835958957672,1.1652940511703491,1.1757692745753696,0.7868798955613577,0.5078328981723238,0.5213111086251259,1.0,0.0003,1.0,12120.847041130066
depth4_bal_MAMAMAMA,4,MAMAMAMA,41700,500400,0.8269898345073065,1.2598060766855876,1.220586289678301,0.6576370757180157,0.4386422976501306,0.47018682179214677,1.0,0.0003,1.0,12129.320714950562
depth4_bal_MAMAMAMA,4,MAMAMAMA,41725,500700,0.7002070397138596,1.4938303629557292,1.4024932554789953,0.7199738903394256,0.4216710182767624,0.4527352052802327,1.0,0.0003,1.0,12137.20392370224
depth4_bal_MAMAMAMA,4,MAMAMAMA,41750,501000,0.5056942775845528,1.0488928357760112,1.0289202962602888,0.8296344647519582,0.54177545691906,0.566953797963978,1.0,0.0003,1.0,12145.205956459045
depth4_bal_MAMAMAMA,4,MAMAMAMA,41775,501300,0.48944943646589917,1.0388565460840862,0.9992067285946438,0.8289817232375979,0.5652741514360313,0.5817205503971361,1.0,0.0003,1.0,12153.235975265503
depth4_bal_MAMAMAMA,4,MAMAMAMA,41800,501600,0.5791403154532114,1.0177002946535747,1.0362178870609828,0.7810052219321149,0.5574412532637075,0.5633739791923034,1.0,0.0003,1.0,12161.3872756958
depth4_bal_MAMAMAMA,4,MAMAMAMA,41825,501900,0.5517931655049324,1.1726770798365276,1.1117121866771154,0.7810052219321149,0.5261096605744126,0.5416713278890256,1.0,0.0003,1.0,12169.338032007217
depth4_bal_MAMAMAMA,4,MAMAMAMA,41850,502200,0.4899790436029434,1.0288257598876953,1.0423161319323948,0.8224543080939948,0.577023498694517,0.581832419733751,1.0,0.0003,1.0,12177.587630033493
depth4_bal_MAMAMAMA,4,MAMAMAMA,41875,502500,0.6317578752835592,1.1428199609120686,1.1048064776829312,0.7526109660574413,0.5391644908616188,0.5291419621881642,1.0,0.0003,1.0,12185.686534404755
depth4_bal_MAMAMAMA,4,MAMAMAMA,41900,502800,0.5472411215305328,1.116290807723999,1.1109619191714695,0.7868798955613577,0.5483028720626631,0.5361897303948988,1.0,0.0003,1.0,12193.617989301682
depth4_bal_MAMAMAMA,4,MAMAMAMA,41925,503100,1.082653154929479,1.8308746019999187,1.8148443290165492,0.6096605744125326,0.33550913838120106,0.34701868217921467,1.0,0.0003,1.0,12201.73151063919
depth4_bal_MAMAMAMA,4,MAMAMAMA,41950,503400,0.4859260519345601,1.024998406569163,0.9874144520078386,0.847911227154047,0.5626631853785901,0.5810493343774471,1.0,0.0003,1.0,12209.641082048416
depth4_bal_MAMAMAMA,4,MAMAMAMA,41975,503700,0.5885728647311529,1.0880323648452759,1.0667280980518885,0.7783942558746736,0.5496083550913838,0.5413357198791812,1.0,0.0003,1.0,12217.991742134094
depth4_bal_MAMAMAMA,4,MAMAMAMA,42000,504000,0.6358233640591303,1.0865028699239094,1.101234291281019,0.75,0.5339425587467362,0.5294775701980087,1.0,0.0003,1.0,12226.215079784393
depth4_bal_MAMAMAMA,4,MAMAMAMA,42025,504300,0.5077098682522774,1.2522462606430054,1.1827645472117834,0.8227806788511749,0.48825065274151436,0.5223179326546593,1.0,0.0003,1.0,12234.125406980515
depth4_bal_MAMAMAMA,4,MAMAMAMA,42050,504600,0.689342533548673,1.2839813629786174,1.2483978850500925,0.7297650130548303,0.4960835509138381,0.49793041727262555,1.0,0.0003,1.0,12242.858474493027
depth4_bal_MAMAMAMA,4,MAMAMAMA,42075,504900,0.6507497926553091,1.065441409746806,1.0859331284250533,0.7385770234986945,0.5365535248041775,0.5384271171271955,1.0,0.0003,1.0,12251.78424859047
depth4_bal_MAMAMAMA,4,MAMAMAMA,42100,505200,0.6656269331773123,1.039670467376709,1.0529178466115678,0.7336814621409922,0.5600522193211488,0.551515829511131,1.0,0.0003,1.0,12259.953415632248
depth4_bal_MAMAMAMA,4,MAMAMAMA,42125,505500,0.6174308806657791,1.1407891114552815,1.0965727175985063,0.7503263707571801,0.5313315926892951,0.5316030875936906,1.0,0.0003,1.0,12268.234656095505
depth4_bal_MAMAMAMA,4,MAMAMAMA,42150,505800,0.4694053332010905,1.0667276779810588,1.0893069693020412,0.8371409921671018,0.566579634464752,0.5443561919677816,1.0,0.0003,1.0,12276.30656838417
depth4_bal_MAMAMAMA,4,MAMAMAMA,42175,506100,0.5908434788386027,1.2581218878428142,1.2307739496231078,0.7728459530026109,0.5143603133159269,0.4981541559458552,1.0,0.0003,1.0,12284.314810037613
depth4_bal_MAMAMAMA,4,MAMAMAMA,42200,506400,0.4935581808288892,0.9631143808364868,0.9632549660546439,0.8234334203655352,0.6044386422976501,0.595256740127531,1.0,0.0003,1.0,12291.197048664093
depth4_bal_MAMAMAMA,4,MAMAMAMA,42225,506700,0.7225386053323746,1.185331662495931,1.182329899924142,0.6922323759791122,0.4908616187989556,0.4978185479360107,1.0,0.0003,1.0,12298.606467962265
depth4_bal_MAMAMAMA,4,MAMAMAMA,42250,507000,0.8461021929979324,1.3163624207178752,1.3510067905698504,0.6530678851174935,0.4516971279373368,0.44691799977626134,1.0,0.0003,1.0,12306.623996973038
depth4_bal_MAMAMAMA,4,MAMAMAMA,42275,507300,0.5052043671409289,1.0190380414326985,1.0001271656581334,0.8364882506527415,0.5691906005221932,0.584517283812507,1.0,0.0003,1.0,12314.859187364578
depth4_bal_MAMAMAMA,4,MAMAMAMA,42300,507600,0.6054046253363291,1.2026913960774739,1.2270055770874024,0.7761096605744126,0.5130548302872062,0.4898758250363575,1.0,0.0003,1.0,12322.997397899628
depth4_bal_MAMAMAMA,4,MAMAMAMA,42325,507900,0.6103454555074374,1.331621527671814,1.341117409297398,0.7604438642297651,0.49738903394255873,0.4802550620874818,1.0,0.0003,1.0,12330.39525771141
depth4_bal_MAMAMAMA,4,MAMAMAMA,42350,508200,0.5519927193721136,1.1783899863560994,1.1778445073536463,0.7934073107049608,0.5221932114882507,0.5087817429242645,1.0,0.0003,1.0,12338.541771650314
depth4_bal_MAMAMAMA,4,MAMAMAMA,42375,508500,0.707396537065506,1.2450350920359294,1.198421311378479,0.7098563968668408,0.5026109660574413,0.518514375209755,1.0,0.0003,1.0,12346.58605146408
depth4_bal_MAMAMAMA,4,MAMAMAMA,42400,508800,0.4766641358534495,1.194493055343628,1.184663884980338,0.8276762402088773,0.5091383812010444,0.5208636312786665,1.0,0.0003,1.0,12353.759277820587
depth4_bal_MAMAMAMA,4,MAMAMAMA,42425,509100,0.5550476436813673,1.1461656888326008,1.0957659329686846,0.7907963446475196,0.5404699738903395,0.5329455196330686,1.0,0.0003,1.0,12360.90716958046
depth4_bal_MAMAMAMA,4,MAMAMAMA,42450,509400,0.7264002412557602,1.2011661132176716,1.1581937960215978,0.6860313315926893,0.5065274151436031,0.5093410896073386,1.0,0.0003,1.0,12369.24205827713
depth4_bal_MAMAMAMA,4,MAMAMAMA,42475,509700,0.5413852979739507,1.0765613714853923,1.0706133450780595,0.8071148825065274,0.5496083550913838,0.5426781519185592,1.0,0.0003,1.0,12377.614636659622
depth4_bal_MAMAMAMA,4,MAMAMAMA,42500,510000,0.5569892823696136,1.3274600903193157,1.2549704551696776,0.7803524804177546,0.5182767624020888,0.5063206175187381,1.0,0.0003,1.0,12384.219918727875
depth4_bal_MAMAMAMA,4,MAMAMAMA,42525,510300,0.5958935916423798,1.1299012899398804,1.0833952818598067,0.7663185378590078,0.5169712793733682,0.542790021255174,1.0,0.0003,1.0,12391.282037973404
depth4_bal_MAMAMAMA,4,MAMAMAMA,42550,510600,0.9137949844201406,1.9338250954945881,1.8792121069771903,0.6272845953002611,0.38642297650130547,0.39210202483499274,1.0,0.0003,1.0,12399.449432134628
depth4_bal_MAMAMAMA,4,MAMAMAMA,42575,510900,0.5717401852210363,1.011429746945699,1.0122429302760534,0.8214751958224543,0.5835509138381201,0.5761270835663944,1.0,0.0003,1.0,12405.746085882187
depth4_bal_MAMAMAMA,4,MAMAMAMA,42600,511200,0.480813001592954,1.1095466216405232,1.07593651839665,0.8247389033942559,0.5483028720626631,0.5491665734422195,1.0,0.0003,1.0,12413.978643655777
depth4_bal_MAMAMAMA,4,MAMAMAMA,42625,511500,0.6034478644529978,1.117849866549174,1.0625959004674639,0.7610966057441253,0.5182767624020888,0.5499496587985233,1.0,0.0003,1.0,12420.980420589447
depth4_bal_MAMAMAMA,4,MAMAMAMA,42650,511800,0.45133114357789356,0.9647324482599894,0.9469017335346767,0.887402088772846,0.5887728459530026,0.607450497818548,1.0,0.0003,1.0,12428.51242685318
depth4_bal_MAMAMAMA,4,MAMAMAMA,42675,512100,0.45187798142433167,1.0449812809626262,0.9985712715557643,0.8423629242819843,0.5926892950391645,0.5822798970802103,1.0,0.0003,1.0,12436.754858493805
depth4_bal_MAMAMAMA,4,MAMAMAMA,42700,512400,0.8488786121209463,1.392813762029012,1.3651560715266637,0.6445822454308094,0.42950391644908614,0.4341648954021703,1.0,0.0003,1.0,12441.787408828735
depth4_bal_MAMAMAMA,4,MAMAMAMA,42725,512700,0.5404113630453745,1.0653327306111653,1.04025297164917,0.8071148825065274,0.5300261096605744,0.5586754670544803,1.0,0.0003,1.0,12449.399636745453
depth4_bal_MAMAMAMA,4,MAMAMAMA,42750,513000,0.6549720019102097,1.1272706588109334,1.1092851025717598,0.743798955613577,0.5300261096605744,0.5297013088712383,1.0,0.0003,1.0,12457.437638759613
depth4_bal_MAMAMAMA,4,MAMAMAMA,42775,513300,0.7936837375164032,1.204099973042806,1.201723221370152,0.681135770234987,0.48433420365535246,0.4884215236603647,1.0,0.0003,1.0,12465.649567365646
depth4_bal_MAMAMAMA,4,MAMAMAMA,42800,513600,0.6256630395849546,1.304100235303243,1.2365220785140991,0.7441253263707572,0.48825065274151436,0.48607226759145317,1.0,0.0003,1.0,12473.49451494217
depth4_bal_MAMAMAMA,4,MAMAMAMA,42825,513900,1.1946006218592327,1.363084355990092,1.3586578232901436,0.5404699738903395,0.4347258485639687,0.41727262557333034,1.0,0.0003,1.0,12481.787090301514
depth4_bal_MAMAMAMA,4,MAMAMAMA,42850,514200,0.5594264417886734,1.225610375404358,1.1792324781417847,0.7823107049608355,0.52088772845953,0.5133683857254726,1.0,0.0003,1.0,12490.031822919846
depth4_bal_MAMAMAMA,4,MAMAMAMA,42875,514500,0.5596190442641577,1.120706597963969,1.127377588408334,0.7757832898172323,0.5404699738903395,0.5322743036133796,1.0,0.0003,1.0,12497.653203725815
depth4_bal_MAMAMAMA,4,MAMAMAMA,42900,514800,0.5639239922165871,1.4141395092010498,1.5206464392798287,0.7764360313315927,0.4386422976501306,0.4019465264570981,1.0,0.0003,1.0,12505.900089025497
depth4_bal_MAMAMAMA,4,MAMAMAMA,42925,515100,0.5447634806235632,1.017950177192688,1.0198840464864458,0.8048302872062664,0.556135770234987,0.5668419286273633,1.0,0.0003,1.0,12513.63650393486
depth4_bal_MAMAMAMA,4,MAMAMAMA,42950,515400,0.5753835514187813,1.1226428747177124,1.1321583662714276,0.7695822454308094,0.5626631853785901,0.5430137599284036,1.0,0.0003,1.0,12521.834040641785
depth4_bal_MAMAMAMA,4,MAMAMAMA,42975,515700,0.588558574517568,1.0450270175933838,1.0713570731026785,0.766644908616188,0.5574412532637075,0.5505090054815975,1.0,0.0003,1.0,12529.789304494858
depth4_bal_MAMAMAMA,4,MAMAMAMA,43000,516000,0.6276306609312693,1.2287612756093342,1.161460712977818,0.7297650130548303,0.5156657963446475,0.531938695603535,1.0,0.0003,1.0,12537.911771774292
depth4_bal_MAMAMAMA,4,MAMAMAMA,43025,516300,0.5069694568713506,1.1665075620015461,1.1180895396641322,0.8126631853785901,0.54177545691906,0.5489428347689899,1.0,0.0003,1.0,12546.218352794647
depth4_bal_MAMAMAMA,4,MAMAMAMA,43050,516600,0.7241899818181992,1.3214452664057414,1.3414524793624878,0.7098563968668408,0.46866840731070497,0.45161651191408436,1.0,0.0003,1.0,12554.263323307037
depth4_bal_MAMAMAMA,4,MAMAMAMA,43075,516900,0.5833449984590212,1.0966145594914753,1.1187349762235368,0.7734986945169713,0.5626631853785901,0.5479360107394563,1.0,0.0003,1.0,12562.23985862732
depth4_bal_MAMAMAMA,4,MAMAMAMA,43100,517200,0.571536290148894,1.1654143333435059,1.1780011415481568,0.7650130548302873,0.5039164490861618,0.5116903456762502,1.0,0.0003,1.0,12570.552055597305
depth4_bal_MAMAMAMA,4,MAMAMAMA,43125,517500,0.603342647353808,1.159839113553365,1.115940567425319,0.7594647519582245,0.556135770234987,0.5371965544244323,1.0,0.0003,1.0,12578.781285762787
depth4_bal_MAMAMAMA,4,MAMAMAMA,43150,517800,0.6287831763426462,1.037065068880717,1.0347737414496285,0.8325718015665796,0.5704960835509139,0.5675131446470523,1.0,0.0003,1.0,12586.63694024086
depth4_bal_MAMAMAMA,4,MAMAMAMA,43175,518100,0.6167600105206171,1.0263057351112366,1.012817633152008,0.7571801566579635,0.5600522193211488,0.5633739791923034,1.0,0.0003,1.0,12594.728089094162
depth4_bal_MAMAMAMA,4,MAMAMAMA,43200,518400,1.2053909003734589,1.857071836789449,1.8619114398956298,0.549934725848564,0.3642297650130548,0.3636872133348249,1.0,0.0003,1.0,12602.390553474426
depth4_bal_MAMAMAMA,4,MAMAMAMA,43225,518700,0.6606620152791342,1.2361600796381633,1.2165081977844239,0.7366187989556136,0.4869451697127937,0.48372301152254166,1.0,0.0003,1.0,12609.659622907639
depth4_bal_MAMAMAMA,4,MAMAMAMA,43250,519000,0.6691992531220118,1.1233710447947185,1.1473690067018782,0.7222584856396866,0.5404699738903395,0.5380915091173509,1.0,0.0003,1.0,12617.282818078995
depth4_bal_MAMAMAMA,4,MAMAMAMA,43275,519300,0.5123968372742335,1.0486857891082764,1.0478698185511999,0.8276762402088773,0.5574412532637075,0.5620315471529254,1.0,0.0003,1.0,12625.079573392868
depth4_bal_MAMAMAMA,4,MAMAMAMA,43300,519600,0.41825534651676816,0.9259011149406433,0.9234099456242153,0.8949086161879896,0.643603133159269,0.6232240742812395,1.0,0.0003,1.0,12633.24952864647
depth4_bal_MAMAMAMA,4,MAMAMAMA,43325,519900,0.5575464814901352,1.2016319433848064,1.190881930078779,0.7904699738903395,0.5182767624020888,0.5056494014990491,1.0,0.0003,1.0,12640.433622598648
depth4_bal_MAMAMAMA,4,MAMAMAMA,43350,520200,0.807126392920812,1.3562936782836914,1.3275900466101511,0.6755874673629243,0.4464751958224543,0.45553193869560354,1.0,0.0003,1.0,12647.646639347076
depth4_bal_MAMAMAMA,4,MAMAMAMA,43375,520500,0.8024534781773885,1.4916880528132122,1.4187863315854754,0.6713446475195822,0.42036553524804177,0.4473654771227207,1.0,0.0003,1.0,12655.725953102112
depth4_bal_MAMAMAMA,4,MAMAMAMA,43400,520800,0.4805550699432691,1.126880685488383,1.0829627667154584,0.8240861618798956,0.5600522193211488,0.5613603311332364,1.0,0.0003,1.0,12663.567057132721
depth4_bal_MAMAMAMA,4,MAMAMAMA,43425,521100,0.741232102115949,1.5826985041300456,1.5114341395241873,0.7010443864229765,0.41906005221932113,0.4290189059178879,1.0,0.0003,1.0,12671.632632255554
depth4_bal_MAMAMAMA,4,MAMAMAMA,43450,521400,0.5837395265698433,1.3128443559010823,1.2271351575851441,0.7836161879895561,0.47127937336814624,0.48965208636312785,1.0,0.0003,1.0,12679.907056093216
depth4_bal_MAMAMAMA,4,MAMAMAMA,43475,521700,0.8417059282461802,1.5224696000417073,1.3979728426252092,0.6533942558746736,0.402088772845953,0.43740910616400047,1.0,0.0003,1.0,12688.156719207764
depth4_bal_MAMAMAMA,4,MAMAMAMA,43500,522000,0.5544758389393488,1.2663038571675618,1.2298672539847237,0.785574412532637,0.48433420365535246,0.49860163329231455,1.0,0.0003,1.0,12696.117622613907
depth4_bal_MAMAMAMA,4,MAMAMAMA,43525,522300,0.47337863594293594,0.9864296118418375,0.9818660599844796,0.8381201044386423,0.5835509138381201,0.5894395346235597,1.0,0.0003,1.0,12704.002145528793
depth4_bal_MAMAMAMA,4,MAMAMAMA,43550,522600,0.505434088408947,1.0065160592397053,1.0105942027909416,0.8387728459530026,0.5809399477806788,0.5679606219935116,1.0,0.0003,1.0,12712.013411045074
depth4_bal_MAMAMAMA,4,MAMAMAMA,43575,522900,0.5922504365444183,1.1651828686396282,1.1422753317015513,0.7777415143603134,0.5130548302872062,0.5111309989931759,1.0,0.0003,1.0,12720.314790725708
depth4_bal_MAMAMAMA,4,MAMAMAMA,43600,523200,0.8079726298650106,1.4086525042851765,1.360578567641122,0.6830939947780679,0.45822454308093996,0.4723123391878286,1.0,0.0003,1.0,12728.500340938568
depth4_bal_MAMAMAMA,4,MAMAMAMA,43625,523500,0.6191089550654093,1.0721774101257324,1.1093225649424963,0.7441253263707572,0.5378590078328982,0.5322743036133796,1.0,0.0003,1.0,12736.553170204163
depth4_bal_MAMAMAMA,4,MAMAMAMA,43650,523800,0.5281884297728539,0.9596120516459147,0.9707044976098197,0.8025456919060052,0.6018276762402088,0.5968229108401387,1.0,0.0003,1.0,12744.484242916107
depth4_bal_MAMAMAMA,4,MAMAMAMA,43675,524100,0.620402197043101,1.1709723075230916,1.1448029279708862,0.737597911227154,0.5026109660574413,0.514487079091621,1.0,0.0003,1.0,12752.66456079483
depth4_bal_MAMAMAMA,4,MAMAMAMA,43700,524400,0.6401567459106445,1.0754904349644978,1.0899459736687795,0.733355091383812,0.556135770234987,0.552858261550509,1.0,0.0003,1.0,12760.486941814423
depth4_bal_MAMAMAMA,4,MAMAMAMA,43725,524700,0.5743259936571121,1.0900028944015503,1.0436470202037267,0.7898172323759791,0.5313315926892951,0.5563262109855689,1.0,0.0003,1.0,12768.740854978561
depth4_bal_MAMAMAMA,4,MAMAMAMA,43750,525000,0.5215324138601621,1.2299128373463948,1.1535537549427577,0.7986292428198434,0.4934725848563969,0.5126971697057836,1.0,0.0003,1.0,12776.563096523285
depth4_bal_MAMAMAMA,4,MAMAMAMA,43775,525300,0.5047377298275629,1.0637154579162598,1.0526096974100385,0.8299608355091384,0.5469973890339426,0.5603535071037029,1.0,0.0003,1.0,12784.880529880524
depth4_bal_MAMAMAMA,4,MAMAMAMA,43800,525600,0.6527743339538574,1.1630396445592244,1.1572957175118583,0.7454308093994778,0.5169712793733682,0.5149345564380803,1.0,0.0003,1.0,12793.165621519089
depth4_bal_MAMAMAMA,4,MAMAMAMA,43825,525900,0.5398835043112437,1.0673147042592366,1.0560895000185286,0.8038511749347258,0.5313315926892951,0.5452511466607003,1.0,0.0003,1.0,12800.973511457443
depth4_bal_MAMAMAMA,4,MAMAMAMA,43850,526200,0.6417155514160792,1.292104999224345,1.2036238602229528,0.7372715404699739,0.47389033942558745,0.5081105269045755,1.0,0.0003,1.0,12809.284921646118
depth4_bal_MAMAMAMA,4,MAMAMAMA,43875,526500,0.6296936571598053,1.128812313079834,1.1594165529523577,0.7483681462140992,0.5352480417754569,0.5200805459223626,1.0,0.0003,1.0,12817.525850057602
depth4_bal_MAMAMAMA,4,MAMAMAMA,43900,526800,0.8047910034656525,1.199082573254903,1.1706753832953316,0.6635117493472585,0.5195822454308094,0.5013983667076855,1.0,0.0003,1.0,12825.742493629456
depth4_bal_MAMAMAMA,4,MAMAMAMA,43925,527100,0.720222478111585,1.101052721341451,1.1313849925994872,0.7098563968668408,0.5287206266318538,0.5137039937353172,1.0,0.0003,1.0,12833.66106581688
depth4_bal_MAMAMAMA,4,MAMAMAMA,43950,527400,0.518783780435721,1.0424957076708476,1.0207899979182653,0.8120104438642297,0.5574412532637075,0.5763508222396241,1.0,0.0003,1.0,12841.958481550217
depth4_bal_MAMAMAMA,4,MAMAMAMA,43975,527700,0.46034421523412067,0.9614989757537842,0.9567407199314663,0.8423629242819843,0.6240208877284595,0.5976059961964425,1.0,0.0003,1.0,12850.20298743248
depth4_bal_MAMAMAMA,4,MAMAMAMA,44000,528000,0.6417962610721588,1.1268088420232136,1.1451604468481882,0.7705613577023499,0.5261096605744126,0.5111309989931759,1.0,0.0003,1.0,12858.151090145111
depth4_bal_MAMAMAMA,4,MAMAMAMA,44025,528300,0.7732422798871994,1.2666850487391155,1.2376086848122734,0.6759138381201044,0.46344647519582244,0.480814408770556,1.0,0.0003,1.0,12866.6408264637
depth4_bal_MAMAMAMA,4,MAMAMAMA,44050,528600,0.5130717307329178,1.039535363515218,1.023911157676152,0.799934725848564,0.5639686684073107,0.5790356863183801,1.0,0.0003,1.0,12873.791335821152
depth4_bal_MAMAMAMA,4,MAMAMAMA,44075,528900,0.9217766424020132,1.2177579800287883,1.2086681842803955,0.6122715404699739,0.45039164490861616,0.4715292538315248,1.0,0.0003,1.0,12876.87661075592
depth4_bal_MAMAMAMA,4,MAMAMAMA,44100,529200,0.6795690705378851,1.170621673266093,1.1591354301997594,0.7258485639686684,0.5065274151436031,0.51515829511131,1.0,0.0003,1.0,12881.222334623337
depth4_bal_MAMAMAMA,4,MAMAMAMA,44125,529500,0.7343706339597702,1.2797700961430867,1.3039660147258214,0.7078981723237598,0.4765013054830287,0.4723123391878286,1.0,0.0003,1.0,12889.640662908554
depth4_bal_MAMAMAMA,4,MAMAMAMA,44150,529800,0.6427702332536379,1.2189481258392334,1.1926222017833166,0.741514360313316,0.4960835509138381,0.5020695827273745,1.0,0.0003,1.0,12897.579299211502
depth4_bal_MAMAMAMA,4,MAMAMAMA,44175,530100,0.536259929339091,1.0817822615305583,1.0575997642108372,0.7904699738903395,0.5574412532637075,0.5566618189954133,1.0,0.0003,1.0,12901.9788377285
depth4_bal_MAMAMAMA,4,MAMAMAMA,44200,530400,0.7398888220389684,1.259980320930481,1.2036001682281494,0.6971279373368147,0.48433420365535246,0.4977066785993959,1.0,0.0003,1.0,12908.361686229706
depth4_bal_MAMAMAMA,4,MAMAMAMA,44225,530700,0.6590356379747391,1.0838609139124553,1.0590061460222517,0.8149477806788512,0.54177545691906,0.5473766640563822,1.0,0.0003,1.0,12913.314395904541
depth4_bal_MAMAMAMA,4,MAMAMAMA,44250,531000,0.5385442227125168,1.0786012411117554,1.0305381212915694,0.8149477806788512,0.5443864229765013,0.5732184808144087,1.0,0.0003,1.0,12916.380529403687
depth4_bal_MAMAMAMA,4,MAMAMAMA,44275,531300,0.7828759501377741,1.1832313537597656,1.163653063774109,0.6961488250652742,0.4934725848563969,0.5097885669537979,1.0,0.0003,1.0,12923.092957258224
depth4_bal_MAMAMAMA,4,MAMAMAMA,44300,531600,0.46191127846638363,1.0080437858899434,0.9859260269573756,0.8547650130548303,0.5887728459530026,0.591900660029086,1.0,0.0003,1.0,12930.809050798416
depth4_bal_MAMAMAMA,4,MAMAMAMA,44325,531900,0.5708672230442365,1.2346855799357097,1.23157205922263,0.7813315926892951,0.48825065274151436,0.49502181452063987,1.0,0.0003,1.0,12934.477449893951
depth4_bal_MAMAMAMA,4,MAMAMAMA,44350,532200,1.0660758763551712,1.3736052513122559,1.3698982613427297,0.5851827676240209,0.4281984334203655,0.44725360778610584,1.0,0.0003,1.0,12937.584268569946
depth4_bal_MAMAMAMA,4,MAMAMAMA,44375,532500,0.7777294814586639,1.3478009700775146,1.3392984901155744,0.6821148825065274,0.4490861618798956,0.441772010291979,1.0,0.0003,1.0,12942.795487880707
depth4_bal_MAMAMAMA,4,MAMAMAMA,44400,532800,0.6245159382621447,1.1889326572418213,1.1734914200646536,0.758485639686684,0.5195822454308094,0.5229891486743483,1.0,0.0003,1.0,12951.09941983223
depth4_bal_MAMAMAMA,4,MAMAMAMA,44425,533100,0.7854822079340616,1.3939358790715535,1.4138176134654454,0.6693864229765013,0.4360313315926893,0.42924264459111755,1.0,0.0003,1.0,12959.239904403687
depth4_bal_MAMAMAMA,4,MAMAMAMA,44450,533400,0.6786128133535385,1.2825502157211304,1.3128162486212593,0.7271540469973891,0.4608355091383812,0.443785658351046,1.0,0.0003,1.0,12967.488446474075
depth4_bal_MAMAMAMA,4,MAMAMAMA,44475,533700,0.5019676064451536,1.0848801930745442,1.1096180064337595,0.8221279373368147,0.5731070496083551,0.5550956482828057,1.0,0.0003,1.0,12975.702488899231
depth4_bal_MAMAMAMA,4,MAMAMAMA,44500,534000,0.6030097256104151,1.0657641490300496,1.098566130229405,0.7777415143603134,0.54177545691906,0.5358541223850543,1.0,0.0003,1.0,12984.006391763687
depth4_bal_MAMAMAMA,4,MAMAMAMA,44525,534300,0.5638572573661804,1.0634739796320598,1.0247525317328317,0.7907963446475196,0.5587467362924282,0.564940149904911,1.0,0.0003,1.0,12992.291042804718
depth4_bal_MAMAMAMA,4,MAMAMAMA,44550,534600,0.47455664227406186,1.0108946959177654,1.0637519291469029,0.8430156657963447,0.5731070496083551,0.5464817093634635,1.0,0.0003,1.0,13000.508330821991
depth4_bal_MAMAMAMA,4,MAMAMAMA,44575,534900,0.6560559819142023,1.2166211207707722,1.2509545598711287,0.7261749347258486,0.49869451697127937,0.4880859156505202,1.0,0.0003,1.0,13008.4976708889
depth4_bal_MAMAMAMA,4,MAMAMAMA,44600,535200,0.524978886047999,0.9818823933601379,0.9644435201372419,0.8126631853785901,0.6057441253263708,0.594585524107842,1.0,0.0003,1.0,13016.844257354736
depth4_bal_MAMAMAMA,4,MAMAMAMA,44625,535500,0.8147356410821279,1.2405259609222412,1.2548845563616071,0.6504569190600522,0.47127937336814624,0.47108177648506544,1.0,0.0003,1.0,13024.734429359436
depth4_bal_MAMAMAMA,4,MAMAMAMA,44650,535800,0.7963194300731024,1.309626539548238,1.2873205763953073,0.6909268929503917,0.4412532637075718,0.4623559682291084,1.0,0.0003,1.0,13033.01485824585
depth4_bal_MAMAMAMA,4,MAMAMAMA,44675,536100,0.5413082192341486,1.1501175165176392,1.1178479824747358,0.7956919060052219,0.5234986945169713,0.5402170265130328,1.0,0.0003,1.0,13041.352495908737
depth4_bal_MAMAMAMA,4,MAMAMAMA,44700,536400,0.6192585776249567,1.1020330588022869,1.099645824091775,0.7408616187989556,0.5404699738903395,0.5392102024834993,1.0,0.0003,1.0,13049.566196203232
depth4_bal_MAMAMAMA,4,MAMAMAMA,44725,536700,0.48917242139577866,1.2010801235834758,1.2223359039851598,0.8257180156657964,0.5,0.5057612708356639,1.0,0.0003,1.0,13057.515563964844
depth4_bal_MAMAMAMA,4,MAMAMAMA,44750,537000,0.43055010835329693,0.9327507813771566,0.9729094420160566,0.8707571801566579,0.5966057441253264,0.5894395346235597,1.0,0.0003,1.0,13065.719045877457
depth4_bal_MAMAMAMA,4,MAMAMAMA,44775,537300,0.5745791445175806,1.0283596515655518,1.0656928488186428,0.7744778067885117,0.5822454308093995,0.5567736883320282,1.0,0.0003,1.0,13074.003571033478
depth4_bal_MAMAMAMA,4,MAMAMAMA,44800,537600,0.6005351195732752,1.2088329792022705,1.1776602404458183,0.7679503916449086,0.5221932114882507,0.5213111086251259,1.0,0.0003,1.0,13082.071729421616
depth4_bal_MAMAMAMA,4,MAMAMAMA,44825,537900,0.630874772866567,1.2103403806686401,1.2434661865234375,0.7483681462140992,0.5143603133159269,0.49233695044188386,1.0,0.0003,1.0,13090.111341714859
depth4_bal_MAMAMAMA,4,MAMAMAMA,44850,538200,0.5149153744180998,1.0664536952972412,1.0875975234167916,0.8071148825065274,0.54177545691906,0.5423425439087146,1.0,0.0003,1.0,13098.343100070953
depth4_bal_MAMAMAMA,4,MAMAMAMA,44875,538500,0.9121958563725153,1.2475245396296184,1.261388291631426,0.6615535248041775,0.4621409921671018,0.47141738449490994,1.0,0.0003,1.0,13106.682419538498
depth4_bal_MAMAMAMA,4,MAMAMAMA,44900,538800,0.6740768849849701,1.4201976855595906,1.4561386278697424,0.7245430809399478,0.4516971279373368,0.4341648954021703,1.0,0.0003,1.0,13114.838822603226
depth4_bal_MAMAMAMA,4,MAMAMAMA,44925,539100,0.8116593211889267,1.4710771242777507,1.4311144760676793,0.6635117493472585,0.41383812010443866,0.42499160979975387,1.0,0.0003,1.0,13123.052764415741
depth4_bal_MAMAMAMA,4,MAMAMAMA,44950,539400,0.4933268477519353,1.073379119237264,1.0120002508163453,0.827023498694517,0.556135770234987,0.5853003691688108,1.0,0.0003,1.0,13129.237180233002
depth4_bal_MAMAMAMA,4,MAMAMAMA,44975,539700,0.7530975093444189,1.5559418201446533,1.4941331386566161,0.6866840731070496,0.3825065274151436,0.4144758921579595,1.0,0.0003,1.0,13137.00170469284
depth4_bal_MAMAMAMA,4,MAMAMAMA,45000,540000,0.5348565181096395,1.0047089457511902,1.055190168108259,0.7953655352480418,0.5744125326370757,0.5675131446470523,1.0,0.0003,1.0,13144.105034828186
depth4_bal_MAMAMAMA,4,MAMAMAMA,45025,540300,0.5511665989955267,1.0954099496205647,1.0984558854784285,0.8113577023498695,0.52088772845953,0.5243315807137263,1.0,0.0003,1.0,13152.513458013535
depth4_bal_MAMAMAMA,4,MAMAMAMA,45050,540600,0.4775374084711075,1.1625454028447468,1.1690003395080566,0.8368146214099217,0.5052219321148825,0.5082223962411903,1.0,0.0003,1.0,13160.541781663895
depth4_bal_MAMAMAMA,4,MAMAMAMA,45075,540900,0.6994846363862356,1.3495136499404907,1.3363796438489641,0.7163838120104439,0.45691906005221933,0.4625797069023381,1.0,0.0003,1.0,13168.698886156082
depth4_bal_MAMAMAMA,4,MAMAMAMA,45100,541200,0.864676907658577,1.5048989454905193,1.4746663502284458,0.6553524804177546,0.39033942558746737,0.39870231569526793,1.0,0.0003,1.0,13176.734863042831
depth4_bal_MAMAMAMA,4,MAMAMAMA,45125,541500,0.6379675616820654,1.2883965969085693,1.272076153755188,0.7421671018276762,0.46866840731070497,0.4789126300481038,1.0,0.0003,1.0,13184.236845970154
depth4_bal_MAMAMAMA,4,MAMAMAMA,45150,541800,0.7416717459758123,1.22221040725708,1.1686815602438791,0.7039817232375979,0.49216710182767626,0.5054256628258195,1.0,0.0003,1.0,13188.652999162674
depth4_bal_MAMAMAMA,4,MAMAMAMA,45175,542100,0.5378196462988853,1.3638017972310383,1.374046983037676,0.7907963446475196,0.47127937336814624,0.4596711041503524,1.0,0.0003,1.0,13196.794841051102
depth4_bal_MAMAMAMA,4,MAMAMAMA,45200,542400,0.7120026598374048,1.3310494820276897,1.3484664337975638,0.7098563968668408,0.4425587467362924,0.4649289629712496,1.0,0.0003,1.0,13204.817237377167
depth4_bal_MAMAMAMA,4,MAMAMAMA,45225,542700,0.7191529273986816,1.281989852587382,1.242155943598066,0.6932114882506527,0.5,0.48965208636312785,1.0,0.0003,1.0,13212.659156560898
depth4_bal_MAMAMAMA,4,MAMAMAMA,45250,543000,0.5268228426575661,1.1838422616322835,1.1284361158098493,0.8022193211488251,0.5195822454308094,0.5314912182570757,1.0,0.0003,1.0,13220.72234082222
depth4_bal_MAMAMAMA,4,MAMAMAMA,45275,543300,0.5347367351253828,1.1059418121973674,1.1280403409685407,0.79177545691906,0.5469973890339426,0.5385389864638103,1.0,0.0003,1.0,13228.991908788681
depth4_bal_MAMAMAMA,4,MAMAMAMA,45300,543600,0.5782183259725571,1.234756628672282,1.217641602243696,0.7702349869451697,0.489556135770235,0.49065891039266135,1.0,0.0003,1.0,13236.938573598862
depth4_bal_MAMAMAMA,4,MAMAMAMA,45325,543900,0.5632556229829788,1.2606815894444783,1.2735689742224556,0.783289817232376,0.4751958224543081,0.4812618861170153,1.0,0.0003,1.0,13245.063453674316
depth4_bal_MAMAMAMA,4,MAMAMAMA,45350,544200,0.5150546357035637,1.035191575686137,1.0149765236037118,0.8221279373368147,0.5574412532637075,0.5694149233695044,1.0,0.0003,1.0,13253.213403224945
depth4_bal_MAMAMAMA,4,MAMAMAMA,45375,544500,0.5454037015636762,1.0423108339309692,1.078092132295881,0.806135770234987,0.5600522193211488,0.5422306745720998,1.0,0.0003,1.0,13261.356930971146
depth4_bal_MAMAMAMA,4,MAMAMAMA,45400,544800,0.7323338041702906,1.150254487991333,1.1289182765143257,0.7056135770234987,0.5169712793733682,0.5254502740798747,1.0,0.0003,1.0,13269.47565984726
depth4_bal_MAMAMAMA,4,MAMAMAMA,45425,545100,0.7089758267005285,1.1903884808222454,1.1826144014086042,0.7193211488250653,0.5156657963446475,0.5039713614498266,1.0,0.0003,1.0,13272.72293138504
depth4_bal_MAMAMAMA,4,MAMAMAMA,45450,545400,0.6323338051637014,1.3376286427179973,1.3416694028036935,0.7542428198433421,0.4725848563968668,0.4564268933885222,1.0,0.0003,1.0,13279.868116378784
depth4_bal_MAMAMAMA,4,MAMAMAMA,45475,545700,0.6398426940043768,1.0357645352681477,1.0432921409606934,0.7451044386422977,0.5483028720626631,0.5559906029757243,1.0,0.0003,1.0,13287.752992153168
depth4_bal_MAMAMAMA,4,MAMAMAMA,45500,546000,0.47672826300064725,1.012822945912679,0.9932796307972499,0.8420365535248042,0.5704960835509139,0.5762389529030093,1.0,0.0003,1.0,13295.663339853287
depth4_bal_MAMAMAMA,4,MAMAMAMA,45525,546300,0.5880471542477608,1.3504679203033447,1.3392168351582119,0.7610966057441253,0.46736292428198434,0.4560912853786777,1.0,0.0003,1.0,13303.68664431572
depth4_bal_MAMAMAMA,4,MAMAMAMA,45550,546600,0.7276230007410049,1.2798668146133423,1.2978652715682983,0.6971279373368147,0.48825065274151436,0.4635865309318716,1.0,0.0003,1.0,13311.84318971634
depth4_bal_MAMAMAMA,4,MAMAMAMA,45575,546900,0.47437889377276105,1.0084374348322551,0.9693291766302926,0.8439947780678851,0.5652741514360313,0.5998433829287392,1.0,0.0003,1.0,13320.05308508873
depth4_bal_MAMAMAMA,4,MAMAMAMA,45600,547200,0.5055493439237276,0.9730895161628723,0.9691862889698574,0.8224543080939948,0.6109660574412533,0.5888801879404855,1.0,0.0003,1.0,13328.308441638947
depth4_bal_MAMAMAMA,4,MAMAMAMA,45625,547500,1.1456889311472576,1.4138498703638713,1.393117904663086,0.5538511749347258,0.402088772845953,0.40742812395122496,1.0,0.0003,1.0,13336.287201404572
depth4_bal_MAMAMAMA,4,MAMAMAMA,45650,547800,0.596213569243749,1.1316630442937214,1.1398806401661463,0.7721932114882507,0.5182767624020888,0.5093410896073386,1.0,0.0003,1.0,13344.129624128342
depth4_bal_MAMAMAMA,4,MAMAMAMA,45675,548100,0.6244631409645081,1.2916805744171143,1.2882641690117973,0.7447780678851175,0.46344647519582244,0.47667524331580713,1.0,0.0003,1.0,13349.048380613327
depth4_bal_MAMAMAMA,4,MAMAMAMA,45700,548400,1.0375393728415172,1.7043651342391968,1.7054143530981882,0.5910574412532638,0.36161879895561355,0.36648394675019574,1.0,0.0003,1.0,13356.106567382812
depth4_bal_MAMAMAMA,4,MAMAMAMA,45725,548700,0.6177138437827429,1.0938436190287273,1.1265653984887258,0.7513054830287206,0.5391644908616188,0.518514375209755,1.0,0.0003,1.0,13362.492720365524
depth4_bal_MAMAMAMA,4,MAMAMAMA,45750,549000,0.6040749773383141,1.096575935681661,1.0826661603791372,0.7643603133159269,0.5443864229765013,0.5486072267591453,1.0,0.0003,1.0,13365.5656311512
depth4_bal_MAMAMAMA,4,MAMAMAMA,45775,549300,0.5212264234821001,1.0470734039942424,1.0253494194575719,0.8185378590078329,0.5443864229765013,0.574449043517172,1.0,0.0003,1.0,13369.510195732117
depth4_bal_MAMAMAMA,4,MAMAMAMA,45800,549600,0.5635544459025065,1.0930939515431721,1.0949876580919538,0.7904699738903395,0.5600522193211488,0.5534176082335832,1.0,0.0003,1.0,13377.6027739048
depth4_bal_MAMAMAMA,4,MAMAMAMA,45825,549900,0.533420609931151,1.063344399134318,1.0538233722959245,0.8172323759791122,0.5483028720626631,0.5517395681843607,1.0,0.0003,1.0,13385.809979200363
depth4_bal_MAMAMAMA,4,MAMAMAMA,45850,550200,0.6630277782678604,1.3209707736968994,1.2666882038116456,0.7330287206266318,0.4765013054830287,0.4789126300481038,1.0,0.0003,1.0,13394.046620130539
depth4_bal_MAMAMAMA,4,MAMAMAMA,45875,550500,0.5916165560483932,1.218786597251892,1.2065943922315325,0.7614229765013055,0.52088772845953,0.514487079091621,1.0,0.0003,1.0,13400.455511808395
depth4_bal_MAMAMAMA,4,MAMAMAMA,45900,550800,0.508197712401549,1.069762905438741,1.065597185066768,0.8110313315926893,0.5613577023498695,0.5563262109855689,1.0,0.0003,1.0,13403.610168457031
depth4_bal_MAMAMAMA,4,MAMAMAMA,45925,551100,0.6763282716274261,1.1410152117411296,1.1490489993776594,0.7346605744125326,0.5130548302872062,0.5095648282805683,1.0,0.0003,1.0,13410.251340150833
depth4_bal_MAMAMAMA,4,MAMAMAMA,45950,551400,0.5055823201934496,1.0522595246632893,1.0642900926726204,0.8328981723237598,0.5639686684073107,0.5547600402729612,1.0,0.0003,1.0,13418.447952747345
depth4_bal_MAMAMAMA,4,MAMAMAMA,45975,551700,0.6704602787892023,1.1227901379267375,1.0914038045065744,0.7398825065274152,0.5130548302872062,0.5385389864638103,1.0,0.0003,1.0,13424.491421222687
depth4_bal_MAMAMAMA,4,MAMAMAMA,46000,552000,0.8517129470904669,1.1746408939361572,1.1602141380310058,0.6788511749347258,0.49738903394255873,0.49099451840250585,1.0,0.0003,1.0,13431.248412847519
depth4_bal_MAMAMAMA,4,MAMAMAMA,46025,552300,0.5282443314790726,1.1416370868682861,1.1517630645206995,0.7953655352480418,0.5065274151436031,0.5181787671999105,1.0,0.0003,1.0,13439.58548116684
depth4_bal_MAMAMAMA,4,MAMAMAMA,46050,552600,0.5170141384005547,1.0030168890953064,0.962131268637521,0.8156005221932114,0.5731070496083551,0.5938024387515382,1.0,0.0003,1.0,13447.526486873627
depth4_bal_MAMAMAMA,4,MAMAMAMA,46075,552900,0.5618284543355306,1.0439720551172893,1.0457371813910348,0.8325718015665796,0.5678851174934726,0.556214341648954,1.0,0.0003,1.0,13455.437996387482
depth4_bal_MAMAMAMA,4,MAMAMAMA,46100,553200,0.6337217390537262,1.174473802248637,1.1702834469931467,0.7490208877284595,0.5221932114882507,0.5215348472983555,1.0,0.0003,1.0,13463.774218320847
depth4_bal_MAMAMAMA,4,MAMAMAMA,46125,553500,0.5731719384590784,1.1151652733484905,1.1582505123955862,0.7839425587467362,0.5548302872062664,0.5263452287727933,1.0,0.0003,1.0,13472.182487249374
depth4_bal_MAMAMAMA,4,MAMAMAMA,46150,553800,1.0669196446736653,1.6391729911168416,1.5813162224633353,0.577023498694517,0.381201044386423,0.3962411902897416,1.0,0.0003,1.0,13480.046974182129
depth4_bal_MAMAMAMA,4,MAMAMAMA,46175,554100,0.6229754239320755,1.1790587107340496,1.1565149818147933,0.758485639686684,0.5,0.5274639221389417,1.0,0.0003,1.0,13488.386891365051
depth4_bal_MAMAMAMA,4,MAMAMAMA,46200,554400,0.4959372232357661,1.0077032248179119,1.0302927017211914,0.8156005221932114,0.5887728459530026,0.5741134355073274,1.0,0.0003,1.0,13496.696278810501
depth4_bal_MAMAMAMA,4,MAMAMAMA,46225,554700,0.5991166507204374,1.2739333311716716,1.2471597705568587,0.7672976501305483,0.48825065274151436,0.49569303054032887,1.0,0.0003,1.0,13505.038878917694
depth4_bal_MAMAMAMA,4,MAMAMAMA,46250,555000,0.6671721935272217,1.213436762491862,1.2126971346991402,0.7209530026109661,0.5013054830287206,0.4980422866092404,1.0,0.0003,1.0,13513.345884084702
depth4_bal_MAMAMAMA,4,MAMAMAMA,46275,555300,0.5742481797933578,1.0269376834233601,1.0346519572394235,0.7754569190600522,0.5691906005221932,0.5633739791923034,1.0,0.0003,1.0,13521.609696388245
depth4_bal_MAMAMAMA,4,MAMAMAMA,46300,555600,0.4913283834854762,1.0969475905100505,1.0853952186448232,0.8231070496083551,0.5443864229765013,0.5463698400268486,1.0,0.0003,1.0,13529.745965480804
depth4_bal_MAMAMAMA,4,MAMAMAMA,46325,555900,0.9430413742860159,1.2534362475077312,1.3036853177206857,0.6282637075718016,0.48825065274151436,0.46940373643584293,1.0,0.0003,1.0,13538.005249500275
depth4_bal_MAMAMAMA,4,MAMAMAMA,46350,556200,0.46352659662564594,0.954696516195933,0.9494089313915798,0.8580287206266318,0.6031331592689295,0.5943617854346124,1.0,0.0003,1.0,13546.341952085495
depth4_bal_MAMAMAMA,4,MAMAMAMA,46375,556500,0.6245974550644556,1.1136097113291423,1.1270072545324052,0.735313315926893,0.5248041775456919,0.5189618525562143,1.0,0.0003,1.0,13552.939905166626
depth4_bal_MAMAMAMA,4,MAMAMAMA,46400,556800,0.5924621721108755,1.1247047980626423,1.1000256248882838,0.7783942558746736,0.5691906005221932,0.5477122720662266,1.0,0.0003,1.0,13555.996000289917
depth4_bal_MAMAMAMA,4,MAMAMAMA,46425,557100,0.5753139704465866,1.1155837774276733,1.1341294935771398,0.7803524804177546,0.5378590078328982,0.5118022150128649,1.0,0.0003,1.0,13559.053488254547
depth4_bal_MAMAMAMA,4,MAMAMAMA,46450,557400,0.7150458345810572,1.252263069152832,1.2539767367499215,0.7007180156657964,0.48433420365535246,0.4785770220382593,1.0,0.0003,1.0,13567.099481105804
depth4_bal_MAMAMAMA,4,MAMAMAMA,46475,557700,0.5663350696365038,1.1398955583572388,1.112751453263419,0.8031984334203656,0.48825065274151436,0.519856807249133,1.0,0.0003,1.0,13575.037036657333
depth4_bal_MAMAMAMA,4,MAMAMAMA,46500,558000,0.5364602332313856,0.9679837425549825,1.0145060760634286,0.8120104438642297,0.5626631853785901,0.5727710034679494,1.0,0.0003,1.0,13583.262226819992
depth4_bal_MAMAMAMA,4,MAMAMAMA,46525,558300,0.573446994026502,1.1647907892862956,1.1670241253716604,0.7845953002610966,0.4960835509138381,0.5087817429242645,1.0,0.0003,1.0,13590.873458862305
depth4_bal_MAMAMAMA,4,MAMAMAMA,46550,558600,1.4968714714050293,1.955665389696757,1.921545774596078,0.5156657963446475,0.31723237597911225,0.34701868217921467,1.0,0.0003,1.0,13599.16750741005
depth4_bal_MAMAMAMA,4,MAMAMAMA,46575,558900,0.5059581200281779,1.01026447614034,1.0070260575839451,0.845626631853786,0.5639686684073107,0.568967446023045,1.0,0.0003,1.0,13607.314423322678
depth4_bal_MAMAMAMA,4,MAMAMAMA,46600,559200,0.5363882084687551,1.1354344288508098,1.093068812574659,0.8142950391644909,0.5117493472584856,0.5469291867099229,1.0,0.0003,1.0,13615.475649118423
depth4_bal_MAMAMAMA,4,MAMAMAMA,46625,559500,0.7432878663142523,1.3485385179519653,1.3343953405107771,0.6909268929503917,0.4321148825065274,0.4447924823805795,1.0,0.0003,1.0,13623.478692293167
depth4_bal_MAMAMAMA,4,MAMAMAMA,46650,559800,0.72805684308211,1.239208738009135,1.2404360839298794,0.7026762402088773,0.4725848563968668,0.4980422866092404,1.0,0.0003,1.0,13631.209908246994
depth4_bal_MAMAMAMA,4,MAMAMAMA,46675,560100,0.5967534830172857,1.2755399942398071,1.235908283506121,0.7725195822454308,0.4516971279373368,0.4775701980087258,1.0,0.0003,1.0,13638.992045402527
depth4_bal_MAMAMAMA,4,MAMAMAMA,46700,560400,0.8288676192363104,1.8169136842091878,1.7501434428351266,0.6478459530026109,0.391644908616188,0.39512249692359325,1.0,0.0003,1.0,13646.335696935654
depth4_bal_MAMAMAMA,4,MAMAMAMA,46725,560700,0.8741822441418966,1.3177793423334758,1.3132223776408605,0.6341383812010444,0.45300261096605743,0.4520639892605437,1.0,0.0003,1.0,13649.921375513077
depth4_bal_MAMAMAMA,4,MAMAMAMA,46750,561000,0.4874834641814232,1.160419225692749,1.1330509049551827,0.8185378590078329,0.5287206266318538,0.5316030875936906,1.0,0.0003,1.0,13656.392142295837
depth4_bal_MAMAMAMA,4,MAMAMAMA,46775,561300,0.600726363559564,1.255625327428182,1.2305811745779855,0.7672976501305483,0.5026109660574413,0.49535742253048437,1.0,0.0003,1.0,13664.618366241455
depth4_bal_MAMAMAMA,4,MAMAMAMA,46800,561600,0.7148186812798182,1.197536547978719,1.2190501962389264,0.731396866840731,0.49738903394255873,0.4838348808591565,1.0,0.0003,1.0,13672.780250549316
depth4_bal_MAMAMAMA,4,MAMAMAMA,46825,561900,0.6854749421278635,1.315010905265808,1.3308412313461304,0.7176892950391645,0.5117493472584856,0.4892046090166685,1.0,0.0003,1.0,13681.091685295105
depth4_bal_MAMAMAMA,4,MAMAMAMA,46850,562200,0.4637908960382144,1.003365953763326,0.9965717843600682,0.8462793733681462,0.5992167101827677,0.581161203714062,1.0,0.0003,1.0,13687.278719186783
depth4_bal_MAMAMAMA,4,MAMAMAMA,46875,562500,0.5079421947399775,1.039746642112732,1.0346504858561925,0.8113577023498695,0.5469973890339426,0.5630383711824589,1.0,0.0003,1.0,13694.460689544678
depth4_bal_MAMAMAMA,4,MAMAMAMA,46900,562800,0.7517607857783636,1.4462738037109375,1.4007058075496128,0.6925587467362925,0.44386422976501305,0.4460230450833427,1.0,0.0003,1.0,13702.483538150787
depth4_bal_MAMAMAMA,4,MAMAMAMA,46925,563100,0.6234415719906489,1.144018332163493,1.189059407370431,0.7447780678851175,0.5339425587467362,0.5094529589439535,1.0,0.0003,1.0,13710.707655668259
depth4_bal_MAMAMAMA,4,MAMAMAMA,46950,563400,0.5146594022711118,1.091726581255595,1.068054677758898,0.8100522193211488,0.5352480417754569,0.5383152477905806,1.0,0.0003,1.0,13718.723125457764
depth4_bal_MAMAMAMA,4,MAMAMAMA,46975,563700,0.6260499854882559,1.3576998313268025,1.3620723792484828,0.7395561357702349,0.43994778067885115,0.4310325539769549,1.0,0.0003,1.0,13725.90802526474
depth4_bal_MAMAMAMA,4,MAMAMAMA,47000,564000,0.8242985755205154,1.219836910565694,1.217326865877424,0.6837467362924282,0.46736292428198434,0.47645150464257746,1.0,0.0003,1.0,13733.560547590256
depth4_bal_MAMAMAMA,4,MAMAMAMA,47025,564300,0.8167438308397929,1.3389381567637126,1.3006528888429914,0.6690600522193212,0.42428198433420367,0.46582391766416825,1.0,0.0003,1.0,13742.021476984024
depth4_bal_MAMAMAMA,4,MAMAMAMA,47050,564600,0.6257528314987818,1.2062173287073772,1.1639861754008702,0.7545691906005222,0.49869451697127937,0.5138158630719319,1.0,0.0003,1.0,13749.489624261856
depth4_bal_MAMAMAMA,4,MAMAMAMA,47075,564900,0.5912319719791412,1.2084906895955403,1.2074080160685947,0.7823107049608355,0.5104438642297651,0.5028526680836782,1.0,0.0003,1.0,13756.120196819305
depth4_bal_MAMAMAMA,4,MAMAMAMA,47100,565200,0.633183757464091,1.307135542233785,1.2743719577789308,0.7323759791122716,0.47780678851174935,0.48305179550285265,1.0,0.0003,1.0,13763.50721025467
depth4_bal_MAMAMAMA,4,MAMAMAMA,47125,565500,0.735340490937233,1.2871140241622925,1.2129511186054776,0.7056135770234987,0.489556135770235,0.49356751314464703,1.0,0.0003,1.0,13771.284917116165
depth4_bal_MAMAMAMA,4,MAMAMAMA,47150,565800,0.5433155496915182,1.158882697423299,1.1432650225503105,0.7836161879895561,0.5391644908616188,0.5354066450385949,1.0,0.0003,1.0,13779.470770835876
depth4_bal_MAMAMAMA,4,MAMAMAMA,47175,566100,0.7990324348211288,1.2371093432108562,1.223811057635716,0.6693864229765013,0.5026109660574413,0.4878621769772905,1.0,0.0003,1.0,13787.803040266037
depth4_bal_MAMAMAMA,4,MAMAMAMA,47200,566400,0.6870758533477783,1.052635947863261,1.0548989023481097,0.7359660574412533,0.5587467362924282,0.5399932878398032,1.0,0.0003,1.0,13795.864040136337
depth4_bal_MAMAMAMA,4,MAMAMAMA,47225,566700,0.6594022164742152,1.384849747021993,1.3454604489462716,0.7614229765013055,0.4464751958224543,0.44199574896520866,1.0,0.0003,1.0,13803.973417043686
depth4_bal_MAMAMAMA,4,MAMAMAMA,47250,567000,0.5647513369719187,0.9725538094838461,0.9682744145393372,0.8015665796344648,0.6096605744125326,0.592571876048775,1.0,0.0003,1.0,13812.167506694794
depth4_bal_MAMAMAMA,4,MAMAMAMA,47275,567300,0.6142559150854746,1.1814061005910237,1.1563016380582536,0.7548955613577023,0.5039164490861618,0.5170600738337622,1.0,0.0003,1.0,13820.305448770523
depth4_bal_MAMAMAMA,4,MAMAMAMA,47300,567600,0.5135959684848785,1.0295629501342773,1.036301781449999,0.8426892950391645,0.5300261096605744,0.5414475892157959,1.0,0.0003,1.0,13828.640706777573
depth4_bal_MAMAMAMA,4,MAMAMAMA,47325,567900,0.5142923717697462,1.1264975468317668,1.132080098560878,0.8090731070496083,0.5143603133159269,0.5122496923593243,1.0,0.0003,1.0,13836.864488601685
depth4_bal_MAMAMAMA,4,MAMAMAMA,47350,568200,0.5069068868954977,1.1164861122767131,1.0864049008914403,0.8162532637075718,0.5326370757180157,0.5383152477905806,1.0,0.0003,1.0,13844.908608198166
depth4_bal_MAMAMAMA,4,MAMAMAMA,47375,568500,0.6098431795835495,1.208286960919698,1.1657530001231602,0.7604438642297651,0.49869451697127937,0.5134802550620875,1.0,0.0003,1.0,13853.039167404175
depth4_bal_MAMAMAMA,4,MAMAMAMA,47400,568800,0.5259724433223406,1.145804762840271,1.1077255249023437,0.7930809399477807,0.5117493472584856,0.5359659917216691,1.0,0.0003,1.0,13861.116886377335
depth4_bal_MAMAMAMA,4,MAMAMAMA,47425,569100,0.7387582808732986,1.2737352848052979,1.2738791976656232,0.6977806788511749,0.47389033942558745,0.4633627922586419,1.0,0.0003,1.0,13869.128733158112
depth4_bal_MAMAMAMA,4,MAMAMAMA,47450,569400,0.7086899876594543,1.2236721913019817,1.2427936043058123,0.710509138381201,0.46736292428198434,0.4699630831189171,1.0,0.0003,1.0,13877.185848474503
depth4_bal_MAMAMAMA,4,MAMAMAMA,47475,569700,0.5164711078008016,1.1505085627237956,1.1128759384155273,0.8002610966057441,0.4960835509138381,0.5204161539322072,1.0,0.0003,1.0,13886.179898500443
depth4_bal_MAMAMAMA,4,MAMAMAMA,47500,570000,0.7515204399824142,1.0848102569580078,1.1038825341633387,0.7118146214099217,0.5587467362924282,0.5320505649401499,1.0,0.0003,1.0,13891.441282272339
depth4_bal_MAMAMAMA,4,MAMAMAMA,47525,570300,0.4943794831633568,1.1793440977732341,1.1826970849718366,0.8315926892950392,0.5065274151436031,0.5044188387962859,1.0,0.0003,1.0,13900.303003787994
depth4_bal_MAMAMAMA,4,MAMAMAMA,47550,570600,0.5639284054438273,1.1646464665730794,1.1143190026283265,0.7774151436031331,0.5509138381201044,0.5384271171271955,1.0,0.0003,1.0,13903.383803844452
depth4_bal_MAMAMAMA,4,MAMAMAMA,47575,570900,0.5163858458399773,1.043111006418864,1.0628791451454163,0.8152741514360313,0.5652741514360313,0.5450274079874706,1.0,0.0003,1.0,13906.571589231491
depth4_bal_MAMAMAMA,4,MAMAMAMA,47600,571200,0.7990618199110031,1.3869574864705403,1.3718426670346942,0.6736292428198434,0.4490861618798956,0.4523995972703882,1.0,0.0003,1.0,13909.660186290741
depth4_bal_MAMAMAMA,4,MAMAMAMA,47625,571500,0.6062440574169159,1.0440909465154011,1.0877566729273116,0.7676240208877284,0.5522193211488251,0.5413357198791812,1.0,0.0003,1.0,13917.579748392105
depth4_bal_MAMAMAMA,4,MAMAMAMA,47650,571800,0.5921471069256464,1.2554250558217366,1.2360752139772688,0.7676240208877284,0.4856396866840731,0.487526568967446,1.0,0.0003,1.0,13923.260343074799
depth4_bal_MAMAMAMA,4,MAMAMAMA,47675,572100,0.4699646110335986,1.0036683082580566,0.9968816331454686,0.881201044386423,0.5900783289817232,0.5886564492672558,1.0,0.0003,1.0,13931.532068490982
depth4_bal_MAMAMAMA,4,MAMAMAMA,47700,572400,0.5813400199015936,1.0772225459416707,1.0966031074523925,0.7748041775456919,0.5483028720626631,0.5361897303948988,1.0,0.0003,1.0,13939.574823141098
depth4_bal_MAMAMAMA,4,MAMAMAMA,47725,572700,0.7357713530460993,1.3939202229181926,1.3817712306976317,0.6935378590078329,0.4086161879895561,0.4421076183018235,1.0,0.0003,1.0,13947.683017730713
depth4_bal_MAMAMAMA,4,MAMAMAMA,47750,573000,0.5422651742895445,1.0413999160130818,1.0426847270556858,0.8133159268929504,0.5483028720626631,0.5569974270052579,1.0,0.0003,1.0,13953.561316251755
depth4_bal_MAMAMAMA,4,MAMAMAMA,47775,573300,0.7549759695927302,1.3828330834706624,1.383567156110491,0.6889686684073107,0.42036553524804177,0.43315807137263673,1.0,0.0003,1.0,13958.053261995316
depth4_bal_MAMAMAMA,4,MAMAMAMA,47800,573600,0.7023240129152933,1.2354315519332886,1.2431272745132447,0.7101827676240209,0.48825065274151436,0.4745497259201253,1.0,0.0003,1.0,13964.936505794525
depth4_bal_MAMAMAMA,4,MAMAMAMA,47825,573900,0.5635888278484344,1.15352729956309,1.1114395907946995,0.7842689295039165,0.5091383812010444,0.530596263564157,1.0,0.0003,1.0,13972.867423534393
depth4_bal_MAMAMAMA,4,MAMAMAMA,47850,574200,0.514508972565333,1.1496742566426594,1.1216784817831857,0.8120104438642297,0.5443864229765013,0.5390983331468845,1.0,0.0003,1.0,13981.15476322174
depth4_bal_MAMAMAMA,4,MAMAMAMA,47875,574500,0.5111138671636581,1.0480035940806072,1.0342223984854562,0.827023498694517,0.5587467362924282,0.5610247231233919,1.0,0.0003,1.0,13989.322727680206
depth4_bal_MAMAMAMA,4,MAMAMAMA,47900,574800,0.649922750890255,1.326763113339742,1.3315609659467424,0.7454308093994778,0.49869451697127937,0.4845060968788455,1.0,0.0003,1.0,13997.488903284073
depth4_bal_MAMAMAMA,4,MAMAMAMA,47925,575100,0.67054450015227,1.1235106786092122,1.1232426575251988,0.7320496083550914,0.5469973890339426,0.5356303837118246,1.0,0.0003,1.0,14004.996459960938
depth4_bal_MAMAMAMA,4,MAMAMAMA,47950,575400,0.9991845289866129,1.2993268171946208,1.3336068732397897,0.5907310704960835,0.42950391644908614,0.43897527687660814,1.0,0.0003,1.0,14013.47877907753
depth4_bal_MAMAMAMA,4,MAMAMAMA,47975,575700,0.5231529672940572,2.6627532641092935,2.3946956941059656,0.8218015665796344,0.45822454308093996,0.4779058060185703,1.0,0.0003,1.0,14021.311737537384
depth4_bal_MAMAMAMA,4,MAMAMAMA,48000,576000,0.4972592045863469,0.9931273659070333,0.9871162005833217,0.8384464751958225,0.5639686684073107,0.5762389529030093,1.0,0.0003,1.0,14029.603546619415
depth4_bal_MAMAMAMA,4,MAMAMAMA,48025,576300,0.6261023283004761,1.428165038426717,1.4217535461698259,0.7389033942558747,0.42950391644908614,0.43226311667971806,1.0,0.0003,1.0,14038.00554060936
depth4_bal_MAMAMAMA,4,MAMAMAMA,48050,576600,0.6283080081144968,1.1048038800557454,1.0964012946401323,0.7542428198433421,0.5326370757180157,0.5371965544244323,1.0,0.0003,1.0,14046.34910416603
depth4_bal_MAMAMAMA,4,MAMAMAMA,48075,576900,0.535164142648379,1.0461722612380981,1.0305571726390295,0.8129895561357703,0.5718015665796344,0.5694149233695044,1.0,0.0003,1.0,14054.554113864899
depth4_bal_MAMAMAMA,4,MAMAMAMA,48100,577200,0.7104641099770864,1.7643093665440877,1.746276787349156,0.7010443864229765,0.391644908616188,0.3687213334824925,1.0,0.0003,1.0,14062.787006855011
depth4_bal_MAMAMAMA,4,MAMAMAMA,48125,577500,0.8153627216815948,1.4494885206222534,1.464978882244655,0.6592689295039165,0.45300261096605743,0.42924264459111755,1.0,0.0003,1.0,14070.325407743454
depth4_bal_MAMAMAMA,4,MAMAMAMA,48150,577800,0.4941939239700635,1.0053176482518513,0.9922884907041277,0.8691253263707572,0.5691906005221932,0.5808255957042174,1.0,0.0003,1.0,14078.400162696838
depth4_bal_MAMAMAMA,4,MAMAMAMA,48175,578100,0.5000745877623558,1.0446836352348328,1.0771890946796963,0.825065274151436,0.577023498694517,0.5574449043517172,1.0,0.0003,1.0,14086.494181632996
depth4_bal_MAMAMAMA,4,MAMAMAMA,48200,578400,0.693704734245936,1.231118639310201,1.2046310220445906,0.706266318537859,0.5026109660574413,0.4871909609576015,1.0,0.0003,1.0,14094.236830949783
depth4_bal_MAMAMAMA,4,MAMAMAMA,48225,578700,0.5478775774439176,1.1352332433064778,1.0974574054990496,0.7891644908616188,0.5496083550913838,0.5469291867099229,1.0,0.0003,1.0,14101.623294115067
depth4_bal_MAMAMAMA,4,MAMAMAMA,48250,579000,0.6514989584684372,1.2472258408864338,1.2246892043522426,0.7526109660574413,0.4908616187989556,0.4977066785993959,1.0,0.0003,1.0,14109.703291893005
depth4_bal_MAMAMAMA,4,MAMAMAMA,48275,579300,0.48202258596817654,1.1229242483774822,1.0815228240830557,0.8309399477806788,0.5352480417754569,0.548159749412686,1.0,0.0003,1.0,14117.947390794754
depth4_bal_MAMAMAMA,4,MAMAMAMA,48300,579600,1.1412942856550217,1.6023340622584026,1.609864980833871,0.5858355091383812,0.360313315926893,0.37565723235261217,1.0,0.0003,1.0,14125.98453259468
depth4_bal_MAMAMAMA,4,MAMAMAMA,48325,579900,0.77603380382061,1.257990558942159,1.3221525362559727,0.6752610966057441,0.5039164490861618,0.48372301152254166,1.0,0.0003,1.0,14134.218826532364
depth4_bal_MAMAMAMA,4,MAMAMAMA,48350,580200,0.6210378160079321,1.1155823469161987,1.154579540661403,0.7591383812010444,0.5156657963446475,0.4983778946190849,1.0,0.0003,1.0,14142.315564393997
depth4_bal_MAMAMAMA,4,MAMAMAMA,48375,580500,0.5713126460711161,1.1572399536768596,1.1228144475391932,0.7715404699738904,0.5261096605744126,0.5310437409106163,1.0,0.0003,1.0,14150.216072797775
depth4_bal_MAMAMAMA,4,MAMAMAMA,48400,580800,0.6259902020295461,1.4827840725580852,1.4885382550103323,0.7467362924281984,0.4216710182767624,0.40776373196106946,1.0,0.0003,1.0,14158.486177444458
depth4_bal_MAMAMAMA,4,MAMAMAMA,48425,581100,0.656931052605311,1.132723093032837,1.0728525400161744,0.7366187989556136,0.5130548302872062,0.5327217809598389,1.0,0.0003,1.0,14166.702441453934
depth4_bal_MAMAMAMA,4,MAMAMAMA,48450,581400,0.576735682785511,1.1415876547495525,1.1242335285459246,0.7813315926892951,0.5352480417754569,0.5288063541783197,1.0,0.0003,1.0,14174.930167675018
depth4_bal_MAMAMAMA,4,MAMAMAMA,48475,581700,0.47262291113535565,1.1645496686299641,1.1362262964248657,0.8351827676240209,0.5143603133159269,0.5356303837118246,1.0,0.0003,1.0,14183.11176609993
depth4_bal_MAMAMAMA,4,MAMAMAMA,48500,582000,0.6041469673315684,1.1834449768066406,1.170354948725019,0.7578328981723238,0.5039164490861618,0.5182906365365253,1.0,0.0003,1.0,14191.00381398201
depth4_bal_MAMAMAMA,4,MAMAMAMA,48525,582300,1.5292299687862396,2.1121410131454468,2.0825096777507235,0.4830287206266319,0.29765013054830286,0.2906365365253384,1.0,0.0003,1.0,14199.216434955597
depth4_bal_MAMAMAMA,4,MAMAMAMA,48550,582600,0.8573192159334818,1.351686676343282,1.3068644557680402,0.6556788511749347,0.42689295039164493,0.4301375992840362,1.0,0.0003,1.0,14207.227365016937
depth4_bal_MAMAMAMA,4,MAMAMAMA,48575,582900,0.5794467131296793,1.1052589813868205,1.1302054115704128,0.8234334203655352,0.5574412532637075,0.546146101353619,1.0,0.0003,1.0,14215.507722377777
depth4_bal_MAMAMAMA,4,MAMAMAMA,48600,583200,0.639571413397789,1.073201060295105,1.0880361539976937,0.7382506527415144,0.566579634464752,0.548159749412686,1.0,0.0003,1.0,14223.451137065887
depth4_bal_MAMAMAMA,4,MAMAMAMA,48625,583500,0.55545041958491,1.112852970759074,1.1245098778179714,0.7872062663185379,0.5378590078328982,0.5433493679382482,1.0,0.0003,1.0,14231.638360261917
depth4_bal_MAMAMAMA,4,MAMAMAMA,48650,583800,0.7377055982748667,1.302682360013326,1.3358270304543631,0.6997389033942559,0.48433420365535246,0.46615952567401275,1.0,0.0003,1.0,14239.74434518814
depth4_bal_MAMAMAMA,4,MAMAMAMA,48675,584100,0.5191682005921999,1.2285306056340535,1.202489846093314,0.8005874673629243,0.5143603133159269,0.5129209083790133,1.0,0.0003,1.0,14247.748962640762
depth4_bal_MAMAMAMA,4,MAMAMAMA,48700,584400,0.6185554365317026,1.3361978928248088,1.281727889605931,0.7441253263707572,0.45822454308093996,0.47846515270164447,1.0,0.0003,1.0,14255.80590748787
depth4_bal_MAMAMAMA,4,MAMAMAMA,48725,584700,0.7921971629063288,1.2655229171117146,1.2670112575803485,0.6671018276762402,0.5,0.4887571316702092,1.0,0.0003,1.0,14263.739052057266
depth4_bal_MAMAMAMA,4,MAMAMAMA,48750,585000,0.49853568772474927,0.9884879390398661,0.98893050466265,0.8358355091383812,0.5718015665796344,0.5821680277435954,1.0,0.0003,1.0,14271.629187107086
depth4_bal_MAMAMAMA,4,MAMAMAMA,48775,585300,0.5874617497126261,1.0647014379501343,1.0896916338375637,0.8100522193211488,0.556135770234987,0.5318268262669202,1.0,0.0003,1.0,14279.744879245758
depth4_bal_MAMAMAMA,4,MAMAMAMA,48800,585600,0.5485831548770269,0.9883564511934916,1.0128178136689323,0.8358355091383812,0.5966057441253264,0.5789238169817653,1.0,0.0003,1.0,14287.99446964264
depth4_bal_MAMAMAMA,4,MAMAMAMA,48825,585900,0.6366124252478281,1.4749530951182048,1.4717021635600498,0.7490208877284595,0.42950391644908614,0.43293433269940707,1.0,0.0003,1.0,14296.142789125443
depth4_bal_MAMAMAMA,4,MAMAMAMA,48850,586200,0.6476186364889145,1.3459147214889526,1.321162383896964,0.7349869451697127,0.45822454308093996,0.45351829063653654,1.0,0.0003,1.0,14300.129535198212
depth4_bal_MAMAMAMA,4,MAMAMAMA,48875,586500,0.6724191556374232,1.2035340865453084,1.194088271686009,0.7349869451697127,0.5104438642297651,0.5106835216467166,1.0,0.0003,1.0,14306.73821592331
depth4_bal_MAMAMAMA,4,MAMAMAMA,48900,586800,0.6627134631077448,1.380953351656596,1.3132315124784197,0.72911227154047,0.41906005221932113,0.46045418950665623,1.0,0.0003,1.0,14314.982550621033
depth4_bal_MAMAMAMA,4,MAMAMAMA,48925,587100,0.5093253627419472,1.0029054880142212,0.9828858579908099,0.8234334203655352,0.5966057441253264,0.583174851773129,1.0,0.0003,1.0,14320.213293075562
depth4_bal_MAMAMAMA,4,MAMAMAMA,48950,587400,0.7811373819907507,1.1345744927724202,1.184811316217695,0.6693864229765013,0.5117493472584856,0.49323190513480253,1.0,0.0003,1.0,14328.448652029037
depth4_bal_MAMAMAMA,4,MAMAMAMA,48975,587700,0.677867924173673,1.3224440415700276,1.268382259777614,0.7242167101827677,0.4908616187989556,0.49927284931200355,1.0,0.0003,1.0,14336.447325468063
depth4_bal_MAMAMAMA,4,MAMAMAMA,49000,588000,0.5271772493918737,1.0311741431554158,1.0588366508483886,0.8074412532637075,0.5469973890339426,0.5646045418950666,1.0,0.0003,1.0,14343.217306613922
depth4_bal_MAMAMAMA,4,MAMAMAMA,49025,588300,0.7076437522967657,1.2392218112945557,1.149065123285566,0.7193211488250653,0.47911227154047,0.5234366260208076,1.0,0.0003,1.0,14346.642060995102
depth4_bal_MAMAMAMA,4,MAMAMAMA,49050,588600,0.5394315719604492,1.1502708196640015,1.078987445150103,0.793733681462141,0.5156657963446475,0.5520751761942052,1.0,0.0003,1.0,14349.746045589447
depth4_bal_MAMAMAMA,4,MAMAMAMA,49075,588900,0.7720180253187815,1.190019925435384,1.2003833396094186,0.7627284595300261,0.4960835509138381,0.49133012641235035,1.0,0.0003,1.0,14352.976273298264
depth4_bal_MAMAMAMA,4,MAMAMAMA,49100,589200,0.9407020260890325,1.2856628894805908,1.2864577497754779,0.6086814621409922,0.41906005221932113,0.4483723011522542,1.0,0.0003,1.0,14356.063401460648
depth4_bal_MAMAMAMA,4,MAMAMAMA,49125,589500,0.5498389303684235,1.0510308742523193,1.016728709425245,0.8384464751958225,0.5574412532637075,0.574449043517172,1.0,0.0003,1.0,14359.146795272827
depth4_bal_MAMAMAMA,4,MAMAMAMA,49150,589800,0.6191529234250387,1.2760470708211262,1.2219825608389718,0.7496736292428199,0.48825065274151436,0.49692359324309204,1.0,0.0003,1.0,14366.179383516312
depth4_bal_MAMAMAMA,4,MAMAMAMA,49175,590100,1.1393106977144878,1.428995927174886,1.413356385912214,0.5545039164490861,0.4164490861618799,0.4227542230674572,1.0,0.0003,1.0,14373.83170080185
depth4_bal_MAMAMAMA,4,MAMAMAMA,49200,590400,0.4948059568802516,1.117530067761739,1.1270325796944753,0.8214751958224543,0.5443864229765013,0.5366372077413581,1.0,0.0003,1.0,14381.7655377388
depth4_bal_MAMAMAMA,4,MAMAMAMA,49225,590700,0.6686717768510183,1.0934393803278606,1.1025603907448904,0.7281331592689295,0.5483028720626631,0.5357422530484395,1.0,0.0003,1.0,14389.762567281723
depth4_bal_MAMAMAMA,4,MAMAMAMA,49250,591000,0.7626092831293741,1.1438119411468506,1.191461672101702,0.6824412532637075,0.5195822454308094,0.5112428683297908,1.0,0.0003,1.0,14398.091305732727
depth4_bal_MAMAMAMA,4,MAMAMAMA,49275,591300,0.47869793077309925,0.9421677192052206,0.9914243868419103,0.827023498694517,0.6214099216710183,0.5938024387515382,1.0,0.0003,1.0,14406.35626411438
depth4_bal_MAMAMAMA,4,MAMAMAMA,49300,591600,0.590300107995669,1.2388993899027507,1.2392385005950928,0.768603133159269,0.49869451697127937,0.4804788007607115,1.0,0.0003,1.0,14414.599690914154
depth4_bal_MAMAMAMA,4,MAMAMAMA,49325,591900,0.5945952783028284,1.093740463256836,1.1097339493887766,0.7689295039164491,0.5391644908616188,0.5277995301487862,1.0,0.0003,1.0,14422.835160255432
depth4_bal_MAMAMAMA,4,MAMAMAMA,49350,592200,0.6364146322011948,1.2323896090189617,1.2195169516972133,0.7379242819843342,0.46736292428198434,0.49725920125293654,1.0,0.0003,1.0,14430.609972715378
depth4_bal_MAMAMAMA,4,MAMAMAMA,49375,592500,0.5202759777506193,1.082004984219869,1.1081273760114396,0.8129895561357703,0.5587467362924282,0.5396576798299586,1.0,0.0003,1.0,14438.768560647964
depth4_bal_MAMAMAMA,4,MAMAMAMA,49400,592800,0.5799965932965279,1.1233929793039958,1.1568687779562814,0.7904699738903395,0.5391644908616188,0.5197449379125182,1.0,0.0003,1.0,14446.601749897003
depth4_bal_MAMAMAMA,4,MAMAMAMA,49425,593100,0.7012065500020981,1.2493813435236614,1.2250732728413174,0.7212793733681462,0.48433420365535246,0.48506544356191966,1.0,0.0003,1.0,14454.865244865417
depth4_bal_MAMAMAMA,4,MAMAMAMA,49450,593400,0.6616441458463669,1.4223850965499878,1.3652532645634243,0.7712140992167101,0.42950391644908614,0.4301375992840362,1.0,0.0003,1.0,14463.095919132233
depth4_bal_MAMAMAMA,4,MAMAMAMA,49475,593700,0.6078580866257349,1.119051734606425,1.1174256290708269,0.7911227154046997,0.5104438642297651,0.5194093299026736,1.0,0.0003,1.0,14471.073625802994
depth4_bal_MAMAMAMA,4,MAMAMAMA,49500,594000,0.6090361525615057,1.1058927377065022,1.0904278584889002,0.7780678851174935,0.5365535248041775,0.5282470074952456,1.0,0.0003,1.0,14478.242011547089
depth4_bal_MAMAMAMA,4,MAMAMAMA,49525,594300,0.5840910449624062,1.135040561358134,1.1096997720854622,0.7728459530026109,0.5287206266318538,0.5243315807137263,1.0,0.0003,1.0,14486.38768529892
depth4_bal_MAMAMAMA,4,MAMAMAMA,49550,594600,0.6150403097271919,1.328769604365031,1.369608565739223,0.7604438642297651,0.4595300261096606,0.4593354961405079,1.0,0.0003,1.0,14494.539967775345
depth4_bal_MAMAMAMA,4,MAMAMAMA,49575,594900,0.6117006540298462,1.061835765838623,1.032795524597168,0.7787206266318538,0.5548302872062664,0.5644926725584517,1.0,0.0003,1.0,14502.554438591003
depth4_bal_MAMAMAMA,4,MAMAMAMA,49600,595200,0.697143112619718,1.1399546066919963,1.1616548538208007,0.7137728459530026,0.5404699738903395,0.5029645374202931,1.0,0.0003,1.0,14510.67926812172
depth4_bal_MAMAMAMA,4,MAMAMAMA,49625,595500,0.6416968951622645,1.1447964111963909,1.1403326545442853,0.741514360313316,0.5221932114882507,0.5273520528023269,1.0,0.0003,1.0,14518.929928302765
depth4_bal_MAMAMAMA,4,MAMAMAMA,49650,595800,0.631267656882604,1.2448896964391072,1.2869806868689402,0.7575065274151436,0.4660574412532637,0.4653764403177089,1.0,0.0003,1.0,14526.53786611557
depth4_bal_MAMAMAMA,4,MAMAMAMA,49675,596100,0.5321373616655668,1.0525141557057698,1.078893152305058,0.8054830287206266,0.5456919060052219,0.5524107842040497,1.0,0.0003,1.0,14534.750294208527
depth4_bal_MAMAMAMA,4,MAMAMAMA,49700,596400,0.6173140903313955,1.0869825681050618,1.0376893026488168,0.8306135770234987,0.556135770234987,0.5694149233695044,1.0,0.0003,1.0,14542.828998804092
depth4_bal_MAMAMAMA,4,MAMAMAMA,49725,596700,0.663763570288817,1.3152977228164673,1.308564932005746,0.7392297650130548,0.46344647519582244,0.46548830965432375,1.0,0.0003,1.0,14550.01307439804
depth4_bal_MAMAMAMA,4,MAMAMAMA,49750,597000,1.0689326326052349,1.7991970777511597,1.7760801349367414,0.5629895561357703,0.32114882506527415,0.33829287392325763,1.0,0.0003,1.0,14558.085236549377
depth4_bal_MAMAMAMA,4,MAMAMAMA,49775,597300,0.6953444480895996,1.1851317882537842,1.185415278162275,0.7421671018276762,0.5013054830287206,0.49490994518402504,1.0,0.0003,1.0,14566.144405603409
depth4_bal_MAMAMAMA,4,MAMAMAMA,49800,597600,0.6044280976057053,1.0475343068440754,1.0637515834399631,0.7904699738903395,0.5731070496083551,0.5432374986016333,1.0,0.0003,1.0,14574.28430724144
depth4_bal_MAMAMAMA,4,MAMAMAMA,49825,597900,0.625721404949824,1.114375074704488,1.1472592966897146,0.7539164490861618,0.5065274151436031,0.5137039937353172,1.0,0.0003,1.0,14582.51328754425
depth4_bal_MAMAMAMA,4,MAMAMAMA,49850,598200,0.589791382352511,1.1968998114267986,1.1572262150900705,0.7725195822454308,0.4869451697127937,0.5046425774695156,1.0,0.0003,1.0,14590.74301815033
depth4_bal_MAMAMAMA,4,MAMAMAMA,49875,598500,0.7234153300523758,1.3802290360132854,1.3276233741215298,0.716710182767624,0.489556135770235,0.46750195771339076,1.0,0.0003,1.0,14598.926770925522
depth4_bal_MAMAMAMA,4,MAMAMAMA,49900,598800,0.6944947689771652,1.176658312479655,1.1593813351222446,0.7265013054830287,0.5039164490861618,0.5007271506879964,1.0,0.0003,1.0,14607.06796336174
depth4_bal_MAMAMAMA,4,MAMAMAMA,49925,599100,0.5723501493533453,1.1144204537073772,1.1181899700845992,0.7816579634464752,0.54177545691906,0.5260096207629489,1.0,0.0003,1.0,14615.049683094025
depth4_bal_MAMAMAMA,4,MAMAMAMA,49950,599400,0.6414447476466497,1.1471749146779378,1.1699009895324708,0.7395561357702349,0.5391644908616188,0.5129209083790133,1.0,0.0003,1.0,14622.965553045273
depth4_bal_MAMAMAMA,4,MAMAMAMA,49975,599700,1.8077185650666554,1.781235973040263,1.8072490964617047,0.43276762402088775,0.3681462140992167,0.3422083007047768,1.0,0.0003,1.0,14631.240294218063
depth4_bal_MAMAMAMA,4,MAMAMAMA,50000,600000,0.536859447757403,1.0672991673151653,1.057124660696302,0.8028720626631853,0.5548302872062664,0.5565499496587986,1.0,0.0003,1.0,14639.645961999893
