run_id,depth,schedule,epoch,step,train_loss,val_loss,test_loss,train_acc,val_acc,test_acc,best_val_acc_so_far,learning_rate,weight_decay,elapsed_time_seconds
depth4_bal_MAAMAMMA,4,MAAMAMMA,1,12,4.73774516582489,4.747685432434082,4.737209851401193,0.008159268929503917,0.009138381201044387,0.00839020024611254,0.009138381201044387,0.0003,1.0,0.7923774719238281
depth4_bal_MAAMAMMA,4,MAAMAMMA,25,300,4.104998350143433,5.7364678382873535,5.735467638288226,0.07865535248041776,0.0013054830287206266,0.0023492560689115116,0.009138381201044387,0.0003,1.0,7.368579387664795
depth4_bal_MAAMAMMA,4,MAAMAMMA,50,600,2.621581276257833,7.9944461186726885,8.070629923684256,0.31951697127937334,0.0026109660574412533,0.0034679494350598502,0.009138381201044387,0.0003,1.0,15.657981157302856
depth4_bal_MAAMAMMA,4,MAAMAMMA,75,900,1.9609672327836354,9.96294116973877,9.926334272112165,0.47356396866840733,0.0013054830287206266,0.006824029533504867,0.009138381201044387,0.0003,1.0,24.13009786605835
depth4_bal_MAAMAMMA,4,MAAMAMMA,100,1200,0.8387629588445028,11.6087007522583,11.505442210606166,0.8178851174934726,0.005221932114882507,0.007830853563038372,0.009138381201044387,0.0003,1.0,32.315842390060425
depth4_bal_MAAMAMMA,4,MAAMAMMA,125,1500,0.8251056869824728,12.532011032104492,12.435758318219866,0.7836161879895561,0.013054830287206266,0.009956370958720215,0.013054830287206266,0.0003,1.0,36.5307297706604
depth4_bal_MAAMAMMA,4,MAAMAMMA,150,1800,0.28158869594335556,13.582588831583658,13.440325437273298,0.9774804177545692,0.009138381201044387,0.012193757691016893,0.013054830287206266,0.0003,1.0,44.0405592918396
depth4_bal_MAAMAMMA,4,MAAMAMMA,175,2100,0.1432529961069425,13.741612752278646,13.58492270878383,1.0,0.01174934725848564,0.012081888354402059,0.013054830287206266,0.0003,1.0,51.74201440811157
depth4_bal_MAAMAMMA,4,MAAMAMMA,200,2400,0.6612391471862793,11.6759401957194,11.55747789655413,0.8534595300261096,0.013054830287206266,0.014878621769772905,0.013054830287206266,0.0003,1.0,59.87126851081848
depth4_bal_MAAMAMMA,4,MAAMAMMA,225,2700,0.13591044954955578,13.62419605255127,13.326741545540946,0.9977154046997389,0.010443864229765013,0.01610918447253608,0.013054830287206266,0.0003,1.0,67.52762150764465
depth4_bal_MAAMAMMA,4,MAAMAMMA,250,3000,0.2441343106329441,13.388714472452799,13.235613795689174,0.9774804177545692,0.014360313315926894,0.01700413916545475,0.014360313315926894,0.0003,1.0,72.83977890014648
depth4_bal_MAAMAMMA,4,MAAMAMMA,275,3300,0.6904445663094521,12.993091265360514,12.819691930498395,0.8071148825065274,0.015665796344647518,0.014990491106387739,0.015665796344647518,0.0003,1.0,75.97079682350159
depth4_bal_MAAMAMMA,4,MAAMAMMA,300,3600,0.28988147775332135,13.186471621195475,13.025011008126395,0.9556135770234987,0.016971279373368148,0.01857030987806242,0.016971279373368148,0.0003,1.0,79.24809408187866
depth4_bal_MAAMAMMA,4,MAAMAMMA,325,3900,0.07481205960114796,13.501708030700684,13.176347977774483,0.9996736292428199,0.020887728459530026,0.02170265130327777,0.020887728459530026,0.0003,1.0,82.37164664268494
depth4_bal_MAAMAMMA,4,MAAMAMMA,350,4200,0.06716189347207546,13.483530680338541,13.267695535932269,0.9996736292428199,0.016971279373368148,0.021478912630048103,0.020887728459530026,0.0003,1.0,85.50517654418945
depth4_bal_MAAMAMMA,4,MAAMAMMA,375,4500,0.4531824166576068,11.369120915730795,11.193048286437989,0.9252610966057441,0.020887728459530026,0.0204720886005146,0.020887728459530026,0.0003,1.0,88.58816599845886
depth4_bal_MAAMAMMA,4,MAAMAMMA,400,4800,0.062095243794222675,12.992342948913574,12.761402102879115,1.0,0.0195822454308094,0.023492560689115115,0.020887728459530026,0.0003,1.0,92.16116380691528
depth4_bal_MAAMAMMA,4,MAAMAMMA,425,5100,0.10511817534764607,13.093653996785482,12.893470355442592,0.9947780678851175,0.018276762402088774,0.023828168698959616,0.020887728459530026,0.0003,1.0,95.20518517494202
depth4_bal_MAAMAMMA,4,MAAMAMMA,450,5400,0.0528887128457427,13.273449261983236,12.98678400857108,0.9996736292428199,0.02349869451697128,0.029533504866316142,0.02349869451697128,0.0003,1.0,98.26080298423767
depth4_bal_MAAMAMMA,4,MAAMAMMA,475,5700,0.07966309040784836,13.121883392333984,12.935812650408064,0.9983681462140992,0.022193211488250653,0.027743595480478802,0.02349869451697128,0.0003,1.0,105.8126392364502
depth4_bal_MAAMAMMA,4,MAAMAMMA,500,6000,0.05409736062089602,13.478577613830566,13.19503470829555,0.9996736292428199,0.02349869451697128,0.030428459559234813,0.02349869451697128,0.0003,1.0,113.73798704147339
depth4_bal_MAAMAMMA,4,MAAMAMMA,525,6300,0.06681890382121007,12.544619878133139,12.271470396859305,0.9993472584856397,0.022193211488250653,0.03177089159861282,0.02349869451697128,0.0003,1.0,121.8872709274292
depth4_bal_MAAMAMMA,4,MAAMAMMA,550,6600,0.044580450281500816,12.966498692830404,12.682791791643416,0.9996736292428199,0.02349869451697128,0.03143528358876832,0.02349869451697128,0.0003,1.0,129.06931376457214
depth4_bal_MAAMAMMA,4,MAAMAMMA,575,6900,1.435218592484792,12.298476537068685,12.05985268184117,0.5982375979112271,0.02349869451697128,0.023716299362344782,0.02349869451697128,0.0003,1.0,133.5371057987213
depth4_bal_MAAMAMMA,4,MAAMAMMA,600,7200,0.03703177130470673,13.067871729532877,12.681800406319754,1.0,0.02741514360313316,0.03579818771674684,0.02741514360313316,0.0003,1.0,140.26451325416565
depth4_bal_MAAMAMMA,4,MAAMAMMA,625,7500,0.04028448493530353,13.203999519348145,12.738647733415876,1.0,0.028720626631853787,0.03523884103367267,0.028720626631853787,0.0003,1.0,147.26759457588196
depth4_bal_MAAMAMMA,4,MAAMAMMA,650,7800,0.0812968701745073,13.560771942138672,13.18009488242013,0.9951044386422977,0.03263707571801567,0.03646940373643584,0.03263707571801567,0.0003,1.0,151.7805459499359
depth4_bal_MAAMAMMA,4,MAAMAMMA,675,8100,0.03553496301174164,12.63680617014567,12.259380068097796,1.0,0.03524804177545692,0.038483051795502855,0.03524804177545692,0.0003,1.0,159.02884817123413
depth4_bal_MAAMAMMA,4,MAAMAMMA,700,8400,0.1280464076747497,13.63047981262207,13.297886848449707,0.9827023498694517,0.033942558746736295,0.03769996643919902,0.03524804177545692,0.0003,1.0,166.56518387794495
depth4_bal_MAAMAMMA,4,MAAMAMMA,725,8700,0.0379040107751886,12.300498962402344,11.956321852547783,1.0,0.04046997389033943,0.04485960398254838,0.04046997389033943,0.0003,1.0,171.39230179786682
depth4_bal_MAAMAMMA,4,MAAMAMMA,750,9000,0.03244948945939541,12.496615409851074,12.122023146493094,1.0,0.04177545691906005,0.04463586530931871,0.04177545691906005,0.0003,1.0,175.1604607105255
depth4_bal_MAAMAMMA,4,MAAMAMMA,775,9300,0.41932355612516403,11.964150428771973,11.701837130955287,0.8991514360313316,0.03263707571801567,0.034791363687213334,0.04177545691906005,0.0003,1.0,183.39815664291382
depth4_bal_MAAMAMMA,4,MAAMAMMA,800,9600,0.027973753089706104,12.300594647725424,11.998312486921037,1.0,0.04699738903394256,0.04631390535854123,0.04699738903394256,0.0003,1.0,189.2796597480774
depth4_bal_MAAMAMMA,4,MAAMAMMA,825,9900,0.03139731644963225,12.514334996541342,12.149179077148437,1.0,0.03655352480417755,0.0472088600514599,0.04699738903394256,0.0003,1.0,193.948171377182
depth4_bal_MAAMAMMA,4,MAAMAMMA,850,10200,0.3061455984910329,12.565325736999512,12.242431259155273,0.9275456919060052,0.04177545691906005,0.04564268933885222,0.04699738903394256,0.0003,1.0,199.5164167881012
depth4_bal_MAAMAMMA,4,MAAMAMMA,875,10500,0.029268577074011166,12.11168638865153,11.708965710231237,1.0,0.0639686684073107,0.05593466830741694,0.0639686684073107,0.0003,1.0,202.96632313728333
depth4_bal_MAAMAMMA,4,MAAMAMMA,900,10800,0.037167598493397236,11.527291933695475,11.128135108947754,1.0,0.06788511749347259,0.05705336167356528,0.06788511749347259,0.0003,1.0,208.73107624053955
depth4_bal_MAAMAMMA,4,MAAMAMMA,925,11100,0.029822380437205236,11.753781954447428,11.350442641122001,1.0,0.07049608355091384,0.05694149233695044,0.07049608355091384,0.0003,1.0,216.59464931488037
depth4_bal_MAAMAMMA,4,MAAMAMMA,950,11400,0.33280078570048016,11.169642766316732,10.844697380065918,0.9242819843342036,0.044386422976501305,0.05056494014990491,0.07049608355091384,0.0003,1.0,224.42871046066284
depth4_bal_MAAMAMMA,4,MAAMAMMA,975,11700,0.030367491766810417,11.327694257100424,10.884892191205706,1.0,0.07049608355091384,0.059402617742476786,0.07049608355091384,0.0003,1.0,232.5784592628479
depth4_bal_MAAMAMMA,4,MAAMAMMA,1000,12000,0.029352290245393913,11.508001645406088,11.056686619349888,1.0,0.06919060052219321,0.05917887906924712,0.07049608355091384,0.0003,1.0,240.23492670059204
depth4_bal_MAAMAMMA,4,MAAMAMMA,1025,12300,1.1569012229641278,12.662150065104166,12.341598510742188,0.6742819843342036,0.03524804177545692,0.039937353171495694,0.07049608355091384,0.0003,1.0,248.39787364006042
depth4_bal_MAAMAMMA,4,MAAMAMMA,1050,12600,0.026067154326786596,11.152862230936686,10.702125358581544,1.0,0.07180156657963446,0.06857590334489316,0.07180156657963446,0.0003,1.0,256.6263425350189
depth4_bal_MAAMAMMA,4,MAAMAMMA,1075,12900,0.027399427567919094,10.97594960530599,10.556174850463867,1.0,0.06788511749347259,0.06891151135473766,0.07180156657963446,0.0003,1.0,264.85533022880554
depth4_bal_MAAMAMMA,4,MAAMAMMA,1100,13200,0.023142478273560602,11.347275416056315,10.871584020342146,1.0,0.06919060052219321,0.07126076742364917,0.07180156657963446,0.0003,1.0,273.08682203292847
depth4_bal_MAAMAMMA,4,MAAMAMMA,1125,13500,0.31581376989682514,11.14298407236735,10.630353491646902,0.9086161879895561,0.06005221932114883,0.07897975165007272,0.07180156657963446,0.0003,1.0,281.3059434890747
depth4_bal_MAAMAMMA,4,MAAMAMMA,1150,13800,0.031583589812119804,9.695860544840494,9.317788287571497,1.0,0.09007832898172324,0.09329902673677146,0.09007832898172324,0.0003,1.0,290.0808651447296
depth4_bal_MAAMAMMA,4,MAAMAMMA,1175,14100,0.03780775082608064,10.15693473815918,9.703866168430872,0.9996736292428199,0.08224543080939947,0.08915986128202259,0.09007832898172324,0.0003,1.0,298.1573181152344
depth4_bal_MAAMAMMA,4,MAAMAMMA,1200,14400,0.023801755004872877,10.064687093098959,9.642728097098214,1.0,0.09399477806788512,0.09285154939031212,0.09399477806788512,0.0003,1.0,306.23422169685364
depth4_bal_MAAMAMMA,4,MAAMAMMA,1225,14700,0.05608663863192002,9.360164960225424,8.940845571245466,0.9993472584856397,0.08485639686684072,0.09978744826043182,0.09399477806788512,0.0003,1.0,311.12799167633057
depth4_bal_MAAMAMMA,4,MAAMAMMA,1250,15000,0.029464745117972296,9.119126955668131,8.67605904170445,1.0,0.08877284595300261,0.1053809150911735,0.09399477806788512,0.0003,1.0,314.160959482193
depth4_bal_MAAMAMMA,4,MAAMAMMA,1275,15300,0.02578002338608106,9.27260971069336,8.771432985578265,1.0,0.08877284595300261,0.10448596039825483,0.09399477806788512,0.0003,1.0,317.1904172897339
depth4_bal_MAAMAMMA,4,MAAMAMMA,1300,15600,0.022005416608105104,9.593351046244303,9.077588054112026,1.0,0.09007832898172324,0.10415035238841033,0.09399477806788512,0.0003,1.0,320.2526354789734
depth4_bal_MAAMAMMA,4,MAAMAMMA,1325,15900,0.029845376033335924,8.350720723470053,8.025746631622315,1.0,0.0926892950391645,0.11153372860498938,0.09399477806788512,0.0003,1.0,326.377560377121
depth4_bal_MAAMAMMA,4,MAAMAMMA,1350,16200,0.029008733108639717,8.170042514801025,7.855246734619141,1.0,0.09399477806788512,0.11242868329790805,0.09399477806788512,0.0003,1.0,333.9174201488495
depth4_bal_MAAMAMMA,4,MAAMAMMA,1375,16500,0.023592541615168255,8.405098915100098,8.039728341783796,1.0,0.0926892950391645,0.11735093410896073,0.09399477806788512,0.0003,1.0,340.71954798698425
depth4_bal_MAAMAMMA,4,MAAMAMMA,1400,16800,0.023171628670146067,7.732650597890218,7.556457233428955,1.0,0.12140992167101827,0.1304396464928963,0.12140992167101827,0.0003,1.0,343.7531235218048
depth4_bal_MAAMAMMA,4,MAAMAMMA,1425,17100,0.026249475466708343,7.370944817860921,7.192523738316127,1.0,0.12010443864229765,0.13122273184920014,0.12140992167101827,0.0003,1.0,346.98565435409546
depth4_bal_MAAMAMMA,4,MAAMAMMA,1450,17400,0.0227812472730875,7.506945451100667,7.317293507712228,1.0,0.1174934725848564,0.1317820785322743,0.12140992167101827,0.0003,1.0,350.06561851501465
depth4_bal_MAAMAMMA,4,MAAMAMMA,1475,17700,0.060656010483702026,8.300009727478027,8.063174792698451,0.9944516971279374,0.12402088772845953,0.12920908379013313,0.12402088772845953,0.0003,1.0,353.21196031570435
depth4_bal_MAAMAMMA,4,MAAMAMMA,1500,18000,0.020042484315733116,6.805934588114421,6.648178618294852,1.0,0.1475195822454308,0.1588544579930641,0.1475195822454308,0.0003,1.0,356.4945755004883
depth4_bal_MAAMAMMA,4,MAAMAMMA,1525,18300,0.022680186356107395,6.4603926340738935,6.353118528638567,1.0,0.15013054830287206,0.16086810605213112,0.15013054830287206,0.0003,1.0,361.6016056537628
depth4_bal_MAAMAMMA,4,MAAMAMMA,1550,18600,0.018965679686516523,6.520638465881348,6.421826553344727,1.0,0.15796344647519583,0.1624342767647388,0.15796344647519583,0.0003,1.0,369.604660987854
depth4_bal_MAAMAMMA,4,MAAMAMMA,1575,18900,0.023050797016670305,5.713949998219808,5.622379425593785,1.0,0.17362924281984335,0.19297460566058844,0.17362924281984335,0.0003,1.0,377.73385763168335
depth4_bal_MAAMAMMA,4,MAAMAMMA,1600,19200,0.02191166238238414,5.45985762278239,5.426840659550258,1.0,0.18407310704960836,0.19588320841257412,0.18407310704960836,0.0003,1.0,381.6648659706116
depth4_bal_MAAMAMMA,4,MAAMAMMA,1625,19500,0.019051361984262865,5.476643403371175,5.4738868168422155,1.0,0.1814621409921671,0.2004698512137823,0.18407310704960836,0.0003,1.0,385.5218665599823
depth4_bal_MAAMAMMA,4,MAAMAMMA,1650,19800,0.015591041495402655,5.543286005655925,5.514152227129255,1.0,0.19321148825065274,0.20516836335160532,0.19321148825065274,0.0003,1.0,389.1101312637329
depth4_bal_MAAMAMMA,4,MAAMAMMA,1675,20100,0.22357654695709547,6.569608847300212,6.609485108511788,0.9360313315926893,0.17885117493472585,0.18022150128649736,0.19321148825065274,0.0003,1.0,392.71849298477173
depth4_bal_MAAMAMMA,4,MAAMAMMA,1700,20400,0.018703827013572056,3.9815343221028647,4.027137109211513,1.0,0.2754569190600522,0.27631726143863966,0.2754569190600522,0.0003,1.0,397.40231585502625
depth4_bal_MAAMAMMA,4,MAAMAMMA,1725,20700,0.01715974664936463,3.9125539461771646,3.969616610663278,1.0,0.2885117493472585,0.2860498937241302,0.2885117493472585,0.0003,1.0,403.02595353126526
depth4_bal_MAAMAMMA,4,MAAMAMMA,1750,21000,0.015239444250861803,3.914540449778239,3.9644781453268867,1.0,0.30156657963446476,0.29846739008837675,0.30156657963446476,0.0003,1.0,409.2207465171814
depth4_bal_MAAMAMMA,4,MAAMAMMA,1775,21300,0.018576976532737415,3.9102043310801187,3.988284989765712,0.9993472584856397,0.3093994778067885,0.3079762837006377,0.3093994778067885,0.0003,1.0,416.5240077972412
depth4_bal_MAAMAMMA,4,MAAMAMMA,1800,21600,0.026334921053300302,2.2097354729970298,2.382918173926217,0.9993472584856397,0.4765013054830287,0.4559794160420629,0.4765013054830287,0.0003,1.0,424.0586783885956
depth4_bal_MAAMAMMA,4,MAAMAMMA,1825,21900,0.014717209696148833,1.8635210593541462,2.000934570176261,1.0,0.5169712793733682,0.5091173509341089,0.5169712793733682,0.0003,1.0,429.95473647117615
depth4_bal_MAAMAMMA,4,MAAMAMMA,1850,22200,0.012096058189248046,1.5138360659281414,1.6370873178754535,1.0,0.5913838120104439,0.574449043517172,0.5913838120104439,0.0003,1.0,433.58572459220886
depth4_bal_MAAMAMMA,4,MAAMAMMA,1875,22500,0.009536034272362789,1.085388461748759,1.181235030719212,1.0,0.6801566579634465,0.6657344221948763,0.6801566579634465,0.0003,1.0,437.2690849304199
depth4_bal_MAAMAMMA,4,MAAMAMMA,1900,22800,0.01082345152584215,0.6463319261868795,0.6864813225609916,0.9996736292428199,0.8015665796344648,0.7909162098668755,0.8015665796344648,0.0003,1.0,444.98490166664124
depth4_bal_MAAMAMMA,4,MAAMAMMA,1925,23100,0.006692457323273023,0.31358884771664935,0.3201966894524438,1.0,0.8890339425587467,0.8968564716411231,0.8890339425587467,0.0003,1.0,452.3174424171448
depth4_bal_MAAMAMMA,4,MAAMAMMA,1950,23400,0.004592324257828295,0.1698365956544876,0.1781564595443862,1.0,0.9490861618798956,0.9501062758697841,0.9490861618798956,0.0003,1.0,460.36783933639526
depth4_bal_MAAMAMMA,4,MAAMAMMA,1975,23700,0.0037220052521054945,0.10549063732226689,0.1164082014134952,1.0,0.9712793733681462,0.9705783644702987,0.9712793733681462,0.0003,1.0,465.7418930530548
depth4_bal_MAAMAMMA,4,MAAMAMMA,2000,24000,0.002978644818843653,0.07126954197883606,0.08223777626241957,1.0,0.9882506527415144,0.9816534287951673,0.9882506527415144,0.0003,1.0,474.1220202445984
depth4_bal_MAAMAMMA,4,MAAMAMMA,2025,24300,0.002481279099204888,0.054861860970656075,0.0679239738200392,1.0,0.9921671018276762,0.9846739008837677,0.9921671018276762,0.0003,1.0,482.6630959510803
depth4_bal_MAAMAMMA,4,MAAMAMMA,2050,24600,0.002071218409885963,0.048767391592264175,0.0597229506288256,1.0,0.9921671018276762,0.9855688555766864,0.9921671018276762,0.0003,1.0,490.601765871048
depth4_bal_MAAMAMMA,4,MAAMAMMA,2075,24900,0.01197974329503874,0.07923005521297455,0.08601382875016757,1.0,0.9856396866840731,0.9796397807361003,0.9921671018276762,0.0003,1.0,498.67546939849854
depth4_bal_MAAMAMMA,4,MAAMAMMA,2100,25200,0.01050936283233265,0.05994410440325737,0.06662118509411812,1.0,0.9895561357702349,0.9873587649625237,0.9921671018276762,0.0003,1.0,506.3029019832611
depth4_bal_MAAMAMMA,4,MAAMAMMA,2125,25500,0.008105701223636666,0.050239515801270805,0.056443665070193154,1.0,0.9921671018276762,0.9897080210314353,0.9921671018276762,0.0003,1.0,514.3968024253845
depth4_bal_MAAMAMMA,4,MAAMAMMA,2150,25800,0.006560429891881843,0.043471927444140114,0.05157613924571446,1.0,0.9934725848563969,0.9895961516948204,0.9934725848563969,0.0003,1.0,522.4890151023865
depth4_bal_MAAMAMMA,4,MAAMAMMA,2175,26100,0.00523784648006161,0.03727930411696434,0.04562254138290882,1.0,0.9934725848563969,0.9910504530708133,0.9934725848563969,0.0003,1.0,530.3002560138702
depth4_bal_MAAMAMMA,4,MAAMAMMA,2200,26400,0.015416936095183095,0.05235159521301588,0.05749589811478342,0.9990208877284595,0.9934725848563969,0.9881418503188276,0.9934725848563969,0.0003,1.0,539.3704464435577
depth4_bal_MAAMAMMA,4,MAAMAMMA,2225,26700,0.008023489499464631,0.03064127576847871,0.035778434308511874,1.0,0.9973890339425587,0.9965320505649401,0.9973890339425587,0.0003,1.0,547.334034204483
depth4_bal_MAAMAMMA,4,MAAMAMMA,2250,27000,0.006640400077837209,0.028463469818234444,0.03230886959603855,1.0,0.9960835509138382,0.9965320505649401,0.9973890339425587,0.0003,1.0,554.0807449817657
depth4_bal_MAAMAMMA,4,MAAMAMMA,2275,27300,0.005438029455641906,0.023006797457734745,0.028999112493225506,1.0,0.9986945169712794,0.9967557892381698,0.9986945169712794,0.0003,1.0,558.1551160812378
depth4_bal_MAAMAMMA,4,MAAMAMMA,2300,27600,0.004512120154686272,0.020635506138205528,0.026827067988259453,1.0,1.0,0.9964201812283253,1.0,0.0003,1.0,565.7119326591492
depth4_bal_MAAMAMMA,4,MAAMAMMA,2325,27900,0.003577124502044171,0.015048112099369368,0.022364656999707223,1.0,1.0,0.9972032665846291,1.0,0.0003,1.0,573.0720610618591
depth4_bal_MAAMAMMA,4,MAAMAMMA,2350,28200,0.0029049538619195423,0.012782668694853783,0.018660772192691053,1.0,1.0,0.9974270052578588,1.0,0.0003,1.0,578.318263053894
depth4_bal_MAAMAMMA,4,MAAMAMMA,2375,28500,1.3492409884929657,1.3279599746068318,1.3204907281058176,0.5926892950391645,0.5287206266318538,0.5368609464145878,1.0,0.0003,1.0,581.8971328735352
depth4_bal_MAAMAMMA,4,MAAMAMMA,2400,28800,0.011956691198671857,0.04473458603024483,0.04949468565838677,1.0,0.9947780678851175,0.9928403624566506,1.0,0.0003,1.0,585.4649174213409
depth4_bal_MAAMAMMA,4,MAAMAMMA,2425,29100,0.010291437385603786,0.03331035003066063,0.038840600635324206,1.0,0.9986945169712794,0.9951896185255621,1.0,0.0003,1.0,589.0248141288757
depth4_bal_MAAMAMMA,4,MAAMAMMA,2450,29400,0.00836144721445938,0.02734702204664548,0.03280420489609241,1.0,0.9973890339425587,0.9954133571987918,1.0,0.0003,1.0,592.6920309066772
depth4_bal_MAAMAMMA,4,MAAMAMMA,2475,29700,0.006923631764948368,0.021840933710336685,0.02737198192626238,1.0,0.9986945169712794,0.995972703881866,1.0,0.0003,1.0,596.2857184410095
depth4_bal_MAAMAMMA,4,MAAMAMMA,2500,30000,0.005416473955847323,0.019042567039529484,0.025036750015403543,1.0,0.9986945169712794,0.9956370958720214,1.0,0.0003,1.0,601.4327962398529
depth4_bal_MAAMAMMA,4,MAAMAMMA,2525,30300,0.004347754370731612,0.016757930318514507,0.022536051672484195,1.0,0.9973890339425587,0.9963083118917104,1.0,0.0003,1.0,605.656628370285
depth4_bal_MAAMAMMA,4,MAAMAMMA,2550,30600,0.45539945363998413,0.3557705283164978,0.3933806325708117,0.8498694516971279,0.8864229765013055,0.8709027855464817,1.0,0.0003,1.0,613.0355648994446
depth4_bal_MAAMAMMA,4,MAAMAMMA,2575,30900,0.006996852656205495,0.016504980623722076,0.022397055982479028,1.0,1.0,0.997986351940933,1.0,0.0003,1.0,620.7624459266663
depth4_bal_MAAMAMMA,4,MAAMAMMA,2600,31200,0.005983082849221925,0.013571659103035927,0.0201059863237398,1.0,1.0,0.9977626132677033,1.0,0.0003,1.0,628.0428519248962
depth4_bal_MAAMAMMA,4,MAAMAMMA,2625,31500,0.0049518278101459146,0.01188888493925333,0.018321011428322112,1.0,1.0,0.997315135921244,1.0,0.0003,1.0,635.6373910903931
depth4_bal_MAAMAMMA,4,MAAMAMMA,2650,31800,0.004056198755279183,0.01026738528162241,0.016798836125859192,1.0,1.0,0.9975388745944737,1.0,0.0003,1.0,643.7012898921967
depth4_bal_MAAMAMMA,4,MAAMAMMA,2675,32100,0.003341380584364136,0.008737278170883656,0.015721194858529738,1.0,1.0,0.9976507439310884,1.0,0.0003,1.0,651.4979710578918
depth4_bal_MAAMAMMA,4,MAAMAMMA,2700,32400,0.002755029359832406,0.008087160376211008,0.014971309501145566,1.0,1.0,0.9978744826043181,1.0,0.0003,1.0,659.5993418693542
depth4_bal_MAAMAMMA,4,MAAMAMMA,2725,32700,0.002219851283977429,0.0072373319417238235,0.014524121702249562,1.0,1.0,0.9974270052578588,1.0,0.0003,1.0,668.8916983604431
depth4_bal_MAAMAMMA,4,MAAMAMMA,2750,33000,0.0018092892714776099,0.00669131272782882,0.013695286680012941,1.0,1.0,0.9974270052578588,1.0,0.0003,1.0,676.4581964015961
depth4_bal_MAAMAMMA,4,MAAMAMMA,2775,33300,0.001483788713812828,0.006853440931687753,0.012140812964311668,1.0,0.9986945169712794,0.9976507439310884,1.0,0.0003,1.0,684.5256128311157
depth4_bal_MAAMAMMA,4,MAAMAMMA,2800,33600,0.0012061884529733409,0.005193128405759732,0.010104435103546297,1.0,1.0,0.9978744826043181,1.0,0.0003,1.0,692.6420147418976
depth4_bal_MAAMAMMA,4,MAAMAMMA,2825,33900,0.0009905343322316185,0.004783013369888067,0.009351084594215665,1.0,1.0,0.997986351940933,1.0,0.0003,1.0,699.8193752765656
depth4_bal_MAAMAMMA,4,MAAMAMMA,2850,34200,0.0008092423716637617,0.004255261272192001,0.007611408470464604,1.0,0.9986945169712794,0.9982100906141627,1.0,0.0003,1.0,702.9475772380829
depth4_bal_MAAMAMMA,4,MAAMAMMA,2875,34500,0.000670493250557532,0.002227438148111105,0.0065915247358913935,1.0,1.0,0.9984338292873923,1.0,0.0003,1.0,708.1812717914581
depth4_bal_MAAMAMMA,4,MAAMAMMA,2900,34800,0.0005438307562144473,0.0018128926943366726,0.00550415669567883,1.0,1.0,0.9988813066338517,1.0,0.0003,1.0,715.5175485610962
depth4_bal_MAAMAMMA,4,MAAMAMMA,2925,35100,0.00044842015389197815,0.0012259801927333076,0.004716479434033058,1.0,1.0,0.9989931759704664,1.0,0.0003,1.0,720.948605298996
depth4_bal_MAAMAMMA,4,MAAMAMMA,2950,35400,0.00037823692643238854,0.0009633609831022719,0.004360052382773054,1.0,1.0,0.9989931759704664,1.0,0.0003,1.0,725.1675572395325
depth4_bal_MAAMAMMA,4,MAAMAMMA,2975,35700,1.240470051765442,1.4259612957636516,1.456068982396807,0.5515665796344648,0.4608355091383812,0.4441212663608905,1.0,0.0003,1.0,728.6230790615082
depth4_bal_MAAMAMMA,4,MAAMAMMA,3000,36000,0.3576951175928116,0.43792320291201275,0.44413439972060065,0.8854438642297651,0.8550913838120104,0.8487526568967446,1.0,0.0003,1.0,732.2549891471863
depth4_bal_MAAMAMMA,4,MAAMAMMA,3025,36300,0.20258558044830957,0.20572837690512338,0.22948773631027766,0.9376631853785901,0.9425587467362925,0.9284036245665063,1.0,0.0003,1.0,740.1743755340576
depth4_bal_MAAMAMMA,4,MAAMAMMA,3050,36600,0.029823395734031994,0.056895180294911064,0.0628890338752951,0.9996736292428199,0.9973890339425587,0.9963083118917104,1.0,0.0003,1.0,746.1099529266357
depth4_bal_MAAMAMMA,4,MAAMAMMA,3075,36900,0.02253885722408692,0.0384682851533095,0.040885137766599654,1.0,0.9973890339425587,0.9989931759704664,1.0,0.0003,1.0,753.2854647636414
depth4_bal_MAAMAMMA,4,MAAMAMMA,3100,37200,0.6913051803906759,0.6753529906272888,0.7737283280917576,0.7251958224543081,0.7088772845953003,0.6696498489763956,1.0,0.0003,1.0,760.6037383079529
depth4_bal_MAAMAMMA,4,MAAMAMMA,3125,37500,0.016746194412310917,0.026334933936595917,0.028622350309576307,1.0,0.9986945169712794,0.9995525226535407,1.0,0.0003,1.0,766.9949691295624
depth4_bal_MAAMAMMA,4,MAAMAMMA,3150,37800,0.013910021012028059,0.022331471865375836,0.024488314241170882,1.0,1.0,0.9992169146436961,1.0,0.0003,1.0,770.9952442646027
depth4_bal_MAAMAMMA,4,MAAMAMMA,3175,38100,0.011364462319761515,0.020596473788221676,0.02133153650377478,1.0,0.9986945169712794,0.9996643919901554,1.0,0.0003,1.0,774.497168302536
depth4_bal_MAAMAMMA,4,MAAMAMMA,3200,38400,0.3637182141343753,0.44363100330034894,0.45015821627208163,0.9210182767624021,0.839425587467363,0.8472983555207517,1.0,0.0003,1.0,778.0280516147614
depth4_bal_MAAMAMMA,4,MAAMAMMA,3225,38700,0.21158405765891075,0.33151129881540936,0.3381610197680337,0.933420365535248,0.8825065274151436,0.8777268150799866,1.0,0.0003,1.0,781.4096281528473
depth4_bal_MAAMAMMA,4,MAAMAMMA,3250,39000,0.2574746621151765,0.3681645592053731,0.37392184819493973,0.904373368146214,0.8616187989556136,0.8607226759145318,1.0,0.0003,1.0,786.1918134689331
depth4_bal_MAAMAMMA,4,MAAMAMMA,3275,39300,0.02202348845700423,0.030499327927827835,0.037084814054625374,0.9996736292428199,1.0,0.9980982212775478,1.0,0.0003,1.0,792.1675674915314
depth4_bal_MAAMAMMA,4,MAAMAMMA,3300,39600,0.10274977299074332,0.12962617725133896,0.14305720542158398,0.9889033942558747,0.9817232375979112,0.972368273856136,1.0,0.0003,1.0,800.7855188846588
depth4_bal_MAAMAMMA,4,MAAMAMMA,3325,39900,0.5086031158765157,0.6234706242879232,0.6632749199867248,0.8580287206266318,0.7610966057441253,0.7519856807249133,1.0,0.0003,1.0,808.9194734096527
depth4_bal_MAAMAMMA,4,MAAMAMMA,3350,40200,0.7829232215881348,0.8976717193921407,0.9139987673078265,0.7682767624020888,0.6710182767624021,0.6617071260767423,1.0,0.0003,1.0,817.0420188903809
depth4_bal_MAAMAMMA,4,MAAMAMMA,3375,40500,0.3597637166579564,0.4676612416903178,0.49035060746329173,0.8668407310704961,0.8015665796344648,0.7924823805794832,1.0,0.0003,1.0,825.1721715927124
depth4_bal_MAAMAMMA,4,MAAMAMMA,3400,40800,0.20314723004897436,0.34148404002189636,0.3332660300391061,0.9350522193211488,0.8733681462140992,0.873363910952008,1.0,0.0003,1.0,833.2244319915771
depth4_bal_MAAMAMMA,4,MAAMAMMA,3425,41100,0.41956963390111923,0.5131630599498749,0.521723370041166,0.8508485639686684,0.8002610966057441,0.7965096766976172,1.0,0.0003,1.0,841.3523166179657
depth4_bal_MAAMAMMA,4,MAAMAMMA,3450,41400,0.02087321225553751,0.0418542834619681,0.04211514187710626,1.0,0.9973890339425587,0.9972032665846291,1.0,0.0003,1.0,849.5557465553284
depth4_bal_MAAMAMMA,4,MAAMAMMA,3475,41700,0.016647276779015858,0.032451234137018524,0.03304601412798677,1.0,0.9973890339425587,0.9982100906141627,1.0,0.0003,1.0,857.7301907539368
depth4_bal_MAAMAMMA,4,MAAMAMMA,3500,42000,0.018306410871446133,0.032504295309384666,0.03274756393262318,1.0,0.9973890339425587,0.9978744826043181,1.0,0.0003,1.0,864.9566745758057
depth4_bal_MAAMAMMA,4,MAAMAMMA,3525,42300,0.3923049569129944,0.5017415980497996,0.5550032913684845,0.8825065274151436,0.8159268929503917,0.7928179885893276,1.0,0.0003,1.0,870.657473564148
depth4_bal_MAAMAMMA,4,MAAMAMMA,3550,42600,0.19367111225922903,0.2732458710670471,0.2750667835984911,0.9484334203655352,0.9138381201044387,0.9117350934108961,1.0,0.0003,1.0,877.9782531261444
depth4_bal_MAAMAMMA,4,MAAMAMMA,3575,42900,0.03281368517006437,0.05767586827278137,0.05601045734116009,0.9977154046997389,0.9908616187989556,0.9941827944960286,1.0,0.0003,1.0,885.9042136669159
depth4_bal_MAAMAMMA,4,MAAMAMMA,3600,43200,1.030933807293574,1.0833501021067302,1.0954938616071428,0.6866840731070496,0.5939947780678851,0.5972703881865981,1.0,0.0003,1.0,891.3631711006165
depth4_bal_MAAMAMMA,4,MAAMAMMA,3625,43500,0.4500083699822426,0.5696799556414286,0.5854280029024397,0.85411227154047,0.7754569190600522,0.7742476787112652,1.0,0.0003,1.0,896.803154706955
depth4_bal_MAAMAMMA,4,MAAMAMMA,3650,43800,0.035624976735562086,0.0637856088578701,0.06583842518074172,0.9983681462140992,0.9934725848563969,0.9922810157735764,1.0,0.0003,1.0,901.2985746860504
depth4_bal_MAAMAMMA,4,MAAMAMMA,3675,44100,0.022749872412532568,0.042912724117437996,0.04576665354626519,1.0,0.9960835509138382,0.9974270052578588,1.0,0.0003,1.0,909.0159947872162
depth4_bal_MAAMAMMA,4,MAAMAMMA,3700,44400,0.28364939242601395,0.34894493222236633,0.3567114642688206,0.9360313315926893,0.8994778067885117,0.8941716075623671,1.0,0.0003,1.0,918.278238773346
depth4_bal_MAAMAMMA,4,MAAMAMMA,3725,44700,0.015963801881298423,0.025996796165903408,0.031429423391819,1.0,1.0,0.9992169146436961,1.0,0.0003,1.0,926.271413564682
depth4_bal_MAAMAMMA,4,MAAMAMMA,3750,45000,0.050371397441873945,0.05924291908740997,0.060272367830787384,0.9902088772845953,0.9908616187989556,0.9903792370511243,1.0,0.0003,1.0,933.6251451969147
depth4_bal_MAAMAMMA,4,MAAMAMMA,3775,45300,0.053526515451570354,0.07275901238123576,0.07666019893118313,0.9983681462140992,0.9934725848563969,0.9933997091397248,1.0,0.0003,1.0,941.4831094741821
depth4_bal_MAAMAMMA,4,MAAMAMMA,3800,45600,0.014763568450386325,0.02767747516433398,0.028985184856823512,1.0,0.9973890339425587,0.9987694372972368,1.0,0.0003,1.0,944.79807305336
depth4_bal_MAAMAMMA,4,MAAMAMMA,3825,45900,0.012625503043333689,0.021741822361946106,0.024461829768759862,1.0,0.9986945169712794,0.998657567960622,1.0,0.0003,1.0,950.543972492218
depth4_bal_MAAMAMMA,4,MAAMAMMA,3850,46200,0.011895254797612628,0.02023247753580411,0.02409723959863186,1.0,1.0,0.9994406533169258,1.0,0.0003,1.0,956.1710424423218
depth4_bal_MAAMAMMA,4,MAAMAMMA,3875,46500,0.010661151027306914,0.018387245014309883,0.019921362240399632,1.0,1.0,0.9996643919901554,1.0,0.0003,1.0,961.7657489776611
depth4_bal_MAAMAMMA,4,MAAMAMMA,3900,46800,0.008756863496576747,0.01593020868798097,0.01645008349525077,1.0,0.9986945169712794,0.9994406533169258,1.0,0.0003,1.0,967.3732557296753
depth4_bal_MAAMAMMA,4,MAAMAMMA,3925,47100,1.0100729862848918,0.8935121496518453,0.9246952789170402,0.6700391644908616,0.6932114882506527,0.6766976171831302,1.0,0.0003,1.0,970.4444010257721
depth4_bal_MAAMAMMA,4,MAAMAMMA,3950,47400,0.013360847641403476,0.020373244459430378,0.02669001104576247,1.0,1.0,0.998657567960622,1.0,0.0003,1.0,977.1787886619568
depth4_bal_MAAMAMMA,4,MAAMAMMA,3975,47700,0.011557529913261533,0.016506390646100044,0.02370631710759231,1.0,1.0,0.9980982212775478,1.0,0.0003,1.0,985.18683385849
depth4_bal_MAAMAMMA,4,MAAMAMMA,4000,48000,0.00931328806715707,0.013066938146948814,0.020790292375854082,1.0,1.0,0.997986351940933,1.0,0.0003,1.0,993.39919090271
depth4_bal_MAAMAMMA,4,MAAMAMMA,4025,48300,0.007833999620440105,0.011090331400434176,0.018002868629992008,1.0,1.0,0.9978744826043181,1.0,0.0003,1.0,1001.4664068222046
depth4_bal_MAAMAMMA,4,MAAMAMMA,4050,48600,0.006600151304155588,0.009567275332907835,0.01853017309414489,1.0,1.0,0.9974270052578588,1.0,0.0003,1.0,1009.2589139938354
depth4_bal_MAAMAMMA,4,MAAMAMMA,4075,48900,0.005442689056508243,0.008337538689374924,0.016344077007046768,1.0,1.0,0.9977626132677033,1.0,0.0003,1.0,1016.9834623336792
depth4_bal_MAAMAMMA,4,MAAMAMMA,4100,49200,0.004492978487784664,0.006632307078689337,0.011119352773364101,1.0,1.0,0.9985456986240071,1.0,0.0003,1.0,1024.6250610351562
depth4_bal_MAAMAMMA,4,MAAMAMMA,4125,49500,0.0038572974347819886,0.005772224937876065,0.008778538475079195,1.0,1.0,0.9988813066338517,1.0,0.0003,1.0,1030.4896063804626
depth4_bal_MAAMAMMA,4,MAAMAMMA,4150,49800,2.3291229605674744,2.3863413333892822,2.380173145021711,0.2078981723237598,0.1814621409921671,0.1789909385837342,1.0,0.0003,1.0,1038.3433709144592
depth4_bal_MAAMAMMA,4,MAAMAMMA,4175,50100,1.3475474392374356,1.4802616834640503,1.6621603318623135,0.6106396866840731,0.4908616187989556,0.4576574560912854,1.0,0.0003,1.0,1046.2050504684448
depth4_bal_MAAMAMMA,4,MAAMAMMA,4200,50400,0.11637858239312966,0.12640060484409332,0.13647654482296534,0.9797650130548303,0.9804177545691906,0.9731513592124399,1.0,0.0003,1.0,1053.5648746490479
depth4_bal_MAAMAMMA,4,MAAMAMMA,4225,50700,0.015865832489604752,0.027314854164918263,0.026080422422715594,1.0,0.9986945169712794,0.9995525226535407,1.0,0.0003,1.0,1057.9947972297668
depth4_bal_MAAMAMMA,4,MAAMAMMA,4250,51000,0.013385830990349254,0.018918771296739578,0.021700162440538406,1.0,1.0,0.9994406533169258,1.0,0.0003,1.0,1064.5868635177612
depth4_bal_MAAMAMMA,4,MAAMAMMA,4275,51300,0.011346059075246254,0.016371240839362144,0.019772517893995558,1.0,1.0,0.9992169146436961,1.0,0.0003,1.0,1072.9358644485474
depth4_bal_MAAMAMMA,4,MAAMAMMA,4300,51600,0.009491148870438337,0.013581389871736368,0.017395909875631332,1.0,1.0,0.9989931759704664,1.0,0.0003,1.0,1079.0812401771545
depth4_bal_MAAMAMMA,4,MAAMAMMA,4325,51900,0.008172702471104762,0.012379548512399197,0.016371208695428713,1.0,1.0,0.998657567960622,1.0,0.0003,1.0,1082.8297901153564
depth4_bal_MAAMAMMA,4,MAAMAMMA,4350,52200,0.00780252010251085,0.012330212940772375,0.01618025986743825,1.0,1.0,0.9987694372972368,1.0,0.0003,1.0,1086.5716824531555
depth4_bal_MAAMAMMA,4,MAAMAMMA,4375,52500,0.01506397764508923,0.023100679740309715,0.026632869403277123,1.0,1.0,0.9991050453070813,1.0,0.0003,1.0,1092.8758940696716
depth4_bal_MAAMAMMA,4,MAAMAMMA,4400,52800,0.01184045538927118,0.017430332799752552,0.021471099821584565,1.0,1.0,0.9987694372972368,1.0,0.0003,1.0,1101.1850624084473
depth4_bal_MAAMAMMA,4,MAAMAMMA,4425,53100,0.009838053568576774,0.014486573946972689,0.019062585782791887,1.0,1.0,0.9985456986240071,1.0,0.0003,1.0,1109.7007853984833
depth4_bal_MAAMAMMA,4,MAAMAMMA,4450,53400,0.008248761257467171,0.012290910817682743,0.017277001616145884,1.0,1.0,0.9982100906141627,1.0,0.0003,1.0,1117.7819609642029
depth4_bal_MAAMAMMA,4,MAAMAMMA,4475,53700,0.006825166754424572,0.009912751925488314,0.014696939183132989,1.0,1.0,0.9984338292873923,1.0,0.0003,1.0,1125.4593918323517
depth4_bal_MAAMAMMA,4,MAAMAMMA,4500,54000,0.005662300197097163,0.008809246743718782,0.01311307903379202,1.0,1.0,0.9985456986240071,1.0,0.0003,1.0,1133.5529067516327
depth4_bal_MAAMAMMA,4,MAAMAMMA,4525,54300,2.0759751545265317,2.3128065268198648,2.3754520552498954,0.6344647519582245,0.4164490861618799,0.39646492896297125,1.0,0.0003,1.0,1141.6238074302673
depth4_bal_MAAMAMMA,4,MAAMAMMA,4550,54600,0.010680013879512748,0.01630053110420704,0.01821457009230341,1.0,1.0,1.0,1.0,0.0003,1.0,1150.1363852024078
depth4_bal_MAAMAMMA,4,MAAMAMMA,4575,54900,0.010005626206596693,0.014223615328470865,0.01568811543818031,1.0,1.0,1.0,1.0,0.0003,1.0,1158.8855764865875
depth4_bal_MAAMAMMA,4,MAAMAMMA,4600,55200,0.008355825014101962,0.011832852537433306,0.013068552554718086,1.0,1.0,1.0,1.0,0.0003,1.0,1167.0089747905731
depth4_bal_MAAMAMMA,4,MAAMAMMA,4625,55500,0.006950790450597803,0.009996104054152966,0.01107117866298982,1.0,1.0,1.0,1.0,0.0003,1.0,1174.9441359043121
depth4_bal_MAAMAMMA,4,MAAMAMMA,4650,55800,0.005883757374249399,0.00842057354748249,0.009361300936767033,1.0,1.0,1.0,1.0,0.0003,1.0,1183.2142996788025
depth4_bal_MAAMAMMA,4,MAAMAMMA,4675,56100,0.0049232038436457515,0.0071368276452024775,0.008037504074828965,1.0,1.0,1.0,1.0,0.0003,1.0,1192.0063519477844
depth4_bal_MAAMAMMA,4,MAAMAMMA,4700,56400,0.004118545834595959,0.006067497966190179,0.007084738250289644,1.0,1.0,1.0,1.0,0.0003,1.0,1200.0197699069977
depth4_bal_MAAMAMMA,4,MAAMAMMA,4725,56700,0.0036720027565024793,0.005672720105697711,0.006862753629684448,1.0,1.0,0.9998881306633851,1.0,0.0003,1.0,1207.2575542926788
depth4_bal_MAAMAMMA,4,MAAMAMMA,4750,57000,2.292040526866913,2.436537265777588,2.471246876035418,0.21866840731070497,0.17101827676240208,0.1565052019241526,1.0,0.0003,1.0,1213.5756800174713
depth4_bal_MAAMAMMA,4,MAAMAMMA,4775,57300,0.7051959981520971,0.9133251309394836,0.9138929196766444,0.7343342036553525,0.608355091383812,0.6209866875489428,1.0,0.0003,1.0,1222.1418488025665
depth4_bal_MAAMAMMA,4,MAAMAMMA,4800,57600,0.2387525662779808,0.22754157582918802,0.2610906511545181,0.9213446475195822,0.9321148825065274,0.9124063094305851,1.0,0.0003,1.0,1229.6950771808624
depth4_bal_MAAMAMMA,4,MAAMAMMA,4825,57900,0.011896222829818726,0.017505356421073277,0.020128823444247247,1.0,1.0,0.9996643919901554,1.0,0.0003,1.0,1235.2146146297455
depth4_bal_MAAMAMMA,4,MAAMAMMA,4850,58200,0.01080389623530209,0.0160611333946387,0.017199789892349923,1.0,1.0,0.9998881306633851,1.0,0.0003,1.0,1238.7899124622345
depth4_bal_MAAMAMMA,4,MAAMAMMA,4875,58500,0.009202287998050451,0.0140953262646993,0.014717314073017665,1.0,1.0,0.9996643919901554,1.0,0.0003,1.0,1245.0507683753967
depth4_bal_MAAMAMMA,4,MAAMAMMA,4900,58800,0.007863769656978548,0.011842243683834871,0.0124350513198546,1.0,1.0,0.9998881306633851,1.0,0.0003,1.0,1251.3678679466248
depth4_bal_MAAMAMMA,4,MAAMAMMA,4925,59100,0.006656434464578827,0.010311638625959555,0.010617509643946374,1.0,1.0,0.9997762613267703,1.0,0.0003,1.0,1254.953485250473
depth4_bal_MAAMAMMA,4,MAAMAMMA,4950,59400,0.0055842647173752384,0.008581023973723253,0.009203232625233275,1.0,1.0,0.9998881306633851,1.0,0.0003,1.0,1258.9002149105072
depth4_bal_MAAMAMMA,4,MAAMAMMA,4975,59700,0.0047182294850548106,0.006992492203911145,0.008252601471862622,1.0,1.0,0.9996643919901554,1.0,0.0003,1.0,1262.581774711609
depth4_bal_MAAMAMMA,4,MAAMAMMA,5000,60000,0.003907484060619026,0.006221253580103318,0.007354404431368623,1.0,1.0,0.9995525226535407,1.0,0.0003,1.0,1266.1261146068573
depth4_bal_MAAMAMMA,4,MAAMAMMA,5025,60300,0.0032984900171868503,0.005085418621699016,0.006786036265215703,1.0,1.0,0.9995525226535407,1.0,0.0003,1.0,1274.172090768814
depth4_bal_MAAMAMMA,4,MAAMAMMA,5050,60600,0.002768632121539364,0.004339030633370082,0.005879008756684405,1.0,1.0,0.9995525226535407,1.0,0.0003,1.0,1282.3442227840424
depth4_bal_MAAMAMMA,4,MAAMAMMA,5075,60900,3.636492609977722,3.6126554012298584,3.595351300920759,0.0662532637075718,0.04046997389033943,0.05201924152589775,1.0,0.0003,1.0,1288.6823706626892
depth4_bal_MAAMAMMA,4,MAAMAMMA,5100,61200,2.271756092707316,2.3876418272654214,2.4353886468069894,0.21409921671018275,0.17754569190600522,0.1647835328336503,1.0,0.0003,1.0,1296.2005681991577
depth4_bal_MAAMAMMA,4,MAAMAMMA,5125,61500,2.151846766471863,2.2826348145802817,2.32831358228411,0.24281984334203655,0.19321148825065274,0.17843159190066002,1.0,0.0003,1.0,1303.2871747016907
depth4_bal_MAAMAMMA,4,MAAMAMMA,5150,61800,2.0507421791553497,2.2080814838409424,2.267839847292219,0.2620757180156658,0.19843342036553524,0.19968676585747847,1.0,0.0003,1.0,1310.4153344631195
depth4_bal_MAAMAMMA,4,MAAMAMMA,5175,62100,1.9976385335127513,2.1963538328806558,2.214196021216256,0.28035248041775457,0.2206266318537859,0.20953126747958384,1.0,0.0003,1.0,1316.8141553401947
depth4_bal_MAAMAMMA,4,MAAMAMMA,5200,62400,1.940249651670456,2.119938691457113,2.149827446256365,0.30156657963446476,0.2545691906005222,0.2248573665958161,1.0,0.0003,1.0,1324.854218006134
depth4_bal_MAAMAMMA,4,MAAMAMMA,5225,62700,1.9543412526448567,2.143437147140503,2.181304386683873,0.29177545691906004,0.21018276762402088,0.22284371853674909,1.0,0.0003,1.0,1332.333232164383
depth4_bal_MAAMAMMA,4,MAAMAMMA,5250,63000,1.881770799557368,2.1262214183807373,2.1311465740203857,0.31690600522193213,0.22323759791122716,0.21971137711153374,1.0,0.0003,1.0,1337.3170924186707
depth4_bal_MAAMAMMA,4,MAAMAMMA,5275,63300,1.9845752517382305,2.172672907511393,2.197912502288818,0.2796997389033943,0.19321148825065274,0.19364582168027744,1.0,0.0003,1.0,1343.9277594089508
depth4_bal_MAAMAMMA,4,MAAMAMMA,5300,63600,1.9642026623090107,2.1782661279042563,2.1911181177411763,0.2943864229765013,0.22715404699738903,0.21881642241861507,1.0,0.0003,1.0,1346.9604668617249
depth4_bal_MAAMAMMA,4,MAAMAMMA,5325,63900,1.871229459842046,2.129685322443644,2.1546792370932444,0.30842036553524804,0.20365535248041775,0.2063989260543685,1.0,0.0003,1.0,1350.1130967140198
depth4_bal_MAAMAMMA,4,MAAMAMMA,5350,64200,1.9411610066890717,2.2203938961029053,2.2394764491489956,0.2950391644908616,0.17754569190600522,0.18894730954245442,1.0,0.0003,1.0,1353.1735656261444
depth4_bal_MAAMAMMA,4,MAAMAMMA,5375,64500,1.976175496975581,2.191251516342163,2.1792117595672607,0.2725195822454308,0.21409921671018275,0.19867994182794496,1.0,0.0003,1.0,1356.229736328125
depth4_bal_MAAMAMMA,4,MAAMAMMA,5400,64800,1.9642313122749329,2.1861676375071206,2.203181893484933,0.29569190600522194,0.21671018276762402,0.20919565946973934,1.0,0.0003,1.0,1359.2907874584198
depth4_bal_MAAMAMMA,4,MAAMAMMA,5425,65100,2.1681514581044516,2.3302199045817056,2.359181935446603,0.2258485639686684,0.15535248041775457,0.1598612820225976,1.0,0.0003,1.0,1362.4518313407898
depth4_bal_MAAMAMMA,4,MAAMAMMA,5450,65400,1.9155990779399872,2.17028816541036,2.170122391836984,0.30776762402088775,0.21018276762402088,0.205392102024835,1.0,0.0003,1.0,1366.6635661125183
depth4_bal_MAAMAMMA,4,MAAMAMMA,5475,65700,1.9449120263258617,2.2470959027608237,2.253945779800415,0.293733681462141,0.19973890339425587,0.1931983443338181,1.0,0.0003,1.0,1374.1682245731354
depth4_bal_MAAMAMMA,4,MAAMAMMA,5500,66000,2.022732824087143,2.2913812001546225,2.302324628829956,0.2575065274151436,0.1801566579634465,0.173733079762837,1.0,0.0003,1.0,1379.3012018203735
depth4_bal_MAAMAMMA,4,MAAMAMMA,5525,66300,2.1745402415593467,2.329737981160482,2.3566889013562884,0.26403394255874674,0.16057441253263707,0.16355297013088713,1.0,0.0003,1.0,1388.50919175148
depth4_bal_MAAMAMMA,4,MAAMAMMA,5550,66600,2.0421832501888275,2.3009486198425293,2.2661288602011544,0.2516318537859008,0.14490861618798956,0.18122832531603086,1.0,0.0003,1.0,1396.1611094474792
depth4_bal_MAAMAMMA,4,MAAMAMMA,5575,66900,1.8845392068227131,2.1790801684061685,2.191046380996704,0.2983028720626632,0.1919060052219321,0.20102919789685647,1.0,0.0003,1.0,1400.9264941215515
depth4_bal_MAAMAMMA,4,MAAMAMMA,5600,67200,1.9180796543757122,2.1057709058125815,2.1022437402180265,0.31723237597911225,0.19973890339425587,0.21702651303277773,1.0,0.0003,1.0,1404.4983911514282
depth4_bal_MAAMAMMA,4,MAAMAMMA,5625,67500,1.9468209942181904,2.2775371074676514,2.246492460795811,0.28067885117493474,0.18407310704960836,0.1830182347018682,1.0,0.0003,1.0,1408.209973335266
depth4_bal_MAAMAMMA,4,MAAMAMMA,5650,67800,1.649413824081421,1.908513069152832,1.9409238849367414,0.38283289817232374,0.24804177545691905,0.243763284483723,1.0,0.0003,1.0,1411.8283758163452
depth4_bal_MAAMAMMA,4,MAAMAMMA,5675,68100,1.480759511391322,1.745501160621643,1.7704671485083443,0.4141644908616188,0.3185378590078329,0.2973486967222284,1.0,0.0003,1.0,1415.495682477951
depth4_bal_MAAMAMMA,4,MAAMAMMA,5700,68400,1.6520410180091858,1.9403167565663655,1.948401893888201,0.4050261096605744,0.24281984334203655,0.2526009620762949,1.0,0.0003,1.0,1419.272819519043
depth4_bal_MAAMAMMA,4,MAAMAMMA,5725,68700,1.5844115416208904,1.8353231350580852,1.8503307138170515,0.3710835509138381,0.26240208877284593,0.26871014654883096,1.0,0.0003,1.0,1422.9273431301117
depth4_bal_MAAMAMMA,4,MAAMAMMA,5750,69000,2.0926396250724792,2.2458611329396567,2.254125349862235,0.3368146214099217,0.20365535248041775,0.2021478912630048,1.0,0.0003,1.0,1426.5379462242126
depth4_bal_MAAMAMMA,4,MAAMAMMA,5775,69300,1.7995156943798065,1.997349739074707,1.9983736957822527,0.3919712793733681,0.24151436031331594,0.2566282581944289,1.0,0.0003,1.0,1430.3533115386963
depth4_bal_MAAMAMMA,4,MAAMAMMA,5800,69600,1.5661356151103973,1.8888001839319866,1.9326469761984688,0.3998041775456919,0.2454308093994778,0.23895290300928515,1.0,0.0003,1.0,1434.036387205124
depth4_bal_MAAMAMMA,4,MAAMAMMA,5825,69900,1.523113360007604,2.495882829030355,2.473325913293021,0.4259138381201044,0.27284595300261094,0.26143863966886677,1.0,0.0003,1.0,1437.5915479660034
depth4_bal_MAAMAMMA,4,MAAMAMMA,5850,70200,1.4559259315331776,1.7003618081410725,1.7173720802579606,0.4468015665796345,0.30809399477806787,0.2999216914643696,1.0,0.0003,1.0,1441.1410007476807
depth4_bal_MAAMAMMA,4,MAAMAMMA,5875,70500,1.7831741670767467,1.914777676264445,1.9457658427102225,0.3524804177545692,0.2558746736292428,0.25170600738337623,1.0,0.0003,1.0,1444.6921365261078
depth4_bal_MAAMAMMA,4,MAAMAMMA,5900,70800,1.4232290883858998,1.8220611810684204,1.859383705684117,0.4428851174934726,0.24412532637075718,0.2637878957377783,1.0,0.0003,1.0,1448.8119585514069
depth4_bal_MAAMAMMA,4,MAAMAMMA,5925,71100,1.523881693681081,1.8086198568344116,1.8255668810435703,0.42460835509138384,0.2793733681462141,0.26960510124174963,1.0,0.0003,1.0,1456.850106716156
depth4_bal_MAAMAMMA,4,MAAMAMMA,5950,71400,1.8617130815982819,2.109464486440023,2.0767617770603723,0.3727154046997389,0.24281984334203655,0.2324644814856248,1.0,0.0003,1.0,1463.1051807403564
depth4_bal_MAAMAMMA,4,MAAMAMMA,5975,71700,1.5262876947720845,1.7923463582992554,1.8164009434836252,0.3975195822454308,0.2584856396866841,0.27765969347801767,1.0,0.0003,1.0,1466.5236313343048
depth4_bal_MAAMAMMA,4,MAAMAMMA,6000,72000,1.4082804024219513,1.7547606229782104,1.7570855413164412,0.46507832898172324,0.2898172323759791,0.29320953126747956,1.0,0.0003,1.0,1470.258945465088
depth4_bal_MAAMAMMA,4,MAAMAMMA,6025,72300,1.3425132135550182,1.7240498463312786,1.720878757749285,0.4725848563968668,0.28720626631853785,0.3007047768206735,1.0,0.0003,1.0,1477.9424004554749
depth4_bal_MAAMAMMA,4,MAAMAMMA,6050,72600,1.7639381885528564,2.007828195889791,2.0177702971867153,0.35280678851174935,0.23237597911227154,0.22597605996196443,1.0,0.0003,1.0,1481.6479678153992
depth4_bal_MAAMAMMA,4,MAAMAMMA,6075,72900,1.4279007414976757,1.7498987913131714,1.738739585876465,0.4631201044386423,0.2819843342036554,0.2972368273856136,1.0,0.0003,1.0,1486.1229014396667
depth4_bal_MAAMAMMA,4,MAAMAMMA,6100,73200,2.0400625467300415,2.2839181423187256,2.199413973944528,0.287532637075718,0.16318537859007834,0.19163217362121043,1.0,0.0003,1.0,1490.1194016933441
depth4_bal_MAAMAMMA,4,MAAMAMMA,6125,73500,1.3955992857615154,1.8043266137440999,1.8004738535199847,0.44190600522193213,0.2780678851174935,0.2899653205056494,1.0,0.0003,1.0,1498.3523390293121
depth4_bal_MAAMAMMA,4,MAAMAMMA,6150,73800,2.0479961733023324,2.0789808432261148,2.073488977977208,0.2669712793733681,0.185378590078329,0.20953126747958384,1.0,0.0003,1.0,1506.2866685390472
depth4_bal_MAAMAMMA,4,MAAMAMMA,6175,74100,1.635970026254654,2.005428155263265,2.090588903427124,0.39719321148825065,0.20234986945169714,0.2160196890032442,1.0,0.0003,1.0,1514.512959241867
depth4_bal_MAAMAMMA,4,MAAMAMMA,6200,74400,1.25686115026474,1.6260473330815632,1.622095206805638,0.5345953002610966,0.3263707571801567,0.33773352724018346,1.0,0.0003,1.0,1522.2369453907013
depth4_bal_MAAMAMMA,4,MAAMAMMA,6225,74700,1.9759449660778046,2.152012348175049,2.161054267202105,0.29765013054830286,0.21018276762402088,0.21243987023156952,1.0,0.0003,1.0,1530.3323156833649
depth4_bal_MAAMAMMA,4,MAAMAMMA,6250,75000,1.6188106536865234,1.8786218166351318,1.8991064514432634,0.41808093994778067,0.2506527415143603,0.2634522877279338,1.0,0.0003,1.0,1538.4130833148956
depth4_bal_MAAMAMMA,4,MAAMAMMA,6275,75300,1.9255780478318532,2.273500363032023,2.226632308959961,0.3116840731070496,0.1906005221932115,0.206063318044524,1.0,0.0003,1.0,1546.694135427475
depth4_bal_MAAMAMMA,4,MAAMAMMA,6300,75600,1.4365743895371754,1.7227038542429607,1.7308345760617938,0.44614882506527415,0.2898172323759791,0.2919789685647164,1.0,0.0003,1.0,1553.6389486789703
depth4_bal_MAAMAMMA,4,MAAMAMMA,6325,75900,1.3573936522006989,1.5468978087107341,1.5790902103696551,0.4347258485639687,0.3368146214099217,0.33504866316142745,1.0,0.0003,1.0,1560.3074333667755
depth4_bal_MAAMAMMA,4,MAAMAMMA,6350,76200,1.475170721610387,1.7738085587819417,1.8173502240862165,0.445822454308094,0.2689295039164491,0.27889025618078084,1.0,0.0003,1.0,1567.7588732242584
depth4_bal_MAAMAMMA,4,MAAMAMMA,6375,76500,1.4092127283414204,1.7390230894088745,1.7779499394553049,0.4598563968668407,0.26240208877284593,0.27531043740910616,1.0,0.0003,1.0,1573.7523119449615
depth4_bal_MAAMAMMA,4,MAAMAMMA,6400,76800,1.8516103029251099,2.0078498125076294,2.014077571460179,0.2966710182767624,0.21148825065274152,0.20550397136144982,1.0,0.0003,1.0,1578.7451984882355
depth4_bal_MAAMAMMA,4,MAAMAMMA,6425,77100,1.3077364762624104,1.6452791690826416,1.7150959253311158,0.4810704960835509,0.31592689295039167,0.30685759033448934,1.0,0.0003,1.0,1583.515123128891
depth4_bal_MAAMAMMA,4,MAAMAMMA,6450,77400,1.3258222043514252,1.7076501448949177,1.717140701838902,0.4915143603133159,0.29112271540469975,0.2962300033560801,1.0,0.0003,1.0,1588.425549507141
depth4_bal_MAAMAMMA,4,MAAMAMMA,6475,77700,1.3363876342773438,1.6857704321543376,1.6786450624465943,0.4526762402088773,0.33550913838120106,0.31714956930305405,1.0,0.0003,1.0,1595.6131563186646
depth4_bal_MAAMAMMA,4,MAAMAMMA,6500,78000,1.250204344590505,1.713501254717509,1.699228971345084,0.5195822454308094,0.2950391644908616,0.31782078532274305,1.0,0.0003,1.0,1603.4539816379547
depth4_bal_MAAMAMMA,4,MAAMAMMA,6525,78300,1.3160403867562611,1.6633934179941814,1.6997286149433681,0.47911227154047,0.30809399477806787,0.2990267367714509,1.0,0.0003,1.0,1611.6991655826569
depth4_bal_MAAMAMMA,4,MAAMAMMA,6550,78600,1.5694938202699025,1.774861176808675,1.7865800482886178,0.3984986945169713,0.2741514360313316,0.28660924040720437,1.0,0.0003,1.0,1620.205807209015
depth4_bal_MAAMAMMA,4,MAAMAMMA,6575,78900,1.3827128807703655,1.8328852256139119,1.8250801120485578,0.4516971279373368,0.24412532637075718,0.2622217250251706,1.0,0.0003,1.0,1627.7524366378784
depth4_bal_MAAMAMMA,4,MAAMAMMA,6600,79200,1.3681185642878215,1.7687690655390422,1.7500481298991613,0.5026109660574413,0.2924281984334204,0.31681396129320955,1.0,0.0003,1.0,1635.345886707306
depth4_bal_MAAMAMMA,4,MAAMAMMA,6625,79500,1.227885236342748,1.6062031984329224,1.635957339831761,0.5212140992167101,0.30809399477806787,0.32979080434053026,1.0,0.0003,1.0,1640.6650631427765
depth4_bal_MAAMAMMA,4,MAAMAMMA,6650,79800,1.409835269053777,1.7406180302302043,1.7341891527175903,0.44386422976501305,0.2819843342036554,0.300369168810829,1.0,0.0003,1.0,1644.2982096672058
depth4_bal_MAAMAMMA,4,MAAMAMMA,6675,80100,1.4744907915592194,1.7754117250442505,1.793123653956822,0.46344647519582244,0.2845953002610966,0.28425998433829286,1.0,0.0003,1.0,1648.131102323532
depth4_bal_MAAMAMMA,4,MAAMAMMA,6700,80400,1.830338050921758,2.254384438196818,2.2519015175955635,0.3658616187989556,0.19973890339425587,0.20203602192638997,1.0,0.0003,1.0,1651.7078161239624
depth4_bal_MAAMAMMA,4,MAAMAMMA,6725,80700,1.5184394021828969,2.1298508644104004,2.116460609436035,0.418733681462141,0.17493472584856398,0.21210426222172502,1.0,0.0003,1.0,1655.581864118576
depth4_bal_MAAMAMMA,4,MAAMAMMA,6750,81000,1.7325721681118011,2.1760075887044272,2.1948265280042376,0.3619451697127937,0.19843342036553524,0.20561584069806466,1.0,0.0003,1.0,1658.6480827331543
depth4_bal_MAAMAMMA,4,MAAMAMMA,6775,81300,1.8116588195164998,2.1852126916249595,2.1994053772517614,0.3518276762402089,0.185378590078329,0.19107282693813626,1.0,0.0003,1.0,1661.7920451164246
depth4_bal_MAAMAMMA,4,MAAMAMMA,6800,81600,1.6308700144290924,2.0267484188079834,2.0662722757884433,0.3984986945169713,0.19451697127937337,0.21299921691464369,1.0,0.0003,1.0,1668.930332660675
depth4_bal_MAAMAMMA,4,MAAMAMMA,6825,81900,1.4277574121952057,1.7648252248764038,1.7918448788779122,0.43505221932114885,0.2963446475195822,0.2750866987358765,1.0,0.0003,1.0,1677.041942358017
depth4_bal_MAAMAMMA,4,MAAMAMMA,6850,82200,1.7003899216651917,3.2042435805002847,3.3828531742095946,0.36553524804177545,0.11618798955613577,0.09654323749860164,1.0,0.0003,1.0,1684.9669606685638
depth4_bal_MAAMAMMA,4,MAAMAMMA,6875,82500,1.570348580678304,1.912652055422465,1.9408884797777448,0.45300261096605743,0.2545691906005222,0.2664727598165343,1.0,0.0003,1.0,1692.4162890911102
depth4_bal_MAAMAMMA,4,MAAMAMMA,6900,82800,1.4578124781449635,1.9415289560953777,1.9145620380129134,0.4572454308093995,0.2584856396866841,0.2817988589327665,1.0,0.0003,1.0,1699.8007154464722
depth4_bal_MAAMAMMA,4,MAAMAMMA,6925,83100,1.4498630464076996,1.8670693238576253,1.8634720870426722,0.43113577023498695,0.25326370757180156,0.27329678935003915,1.0,0.0003,1.0,1708.0526404380798
depth4_bal_MAAMAMMA,4,MAAMAMMA,6950,83400,1.6762493749459584,1.9453401565551758,1.9921024799346925,0.40176240208877284,0.23890339425587467,0.2371629936234478,1.0,0.0003,1.0,1716.1819415092468
depth4_bal_MAAMAMMA,4,MAAMAMMA,6975,83700,1.388479471206665,1.8017158508300781,1.7974386862346103,0.4637728459530026,0.2741514360313316,0.28616176306074503,1.0,0.0003,1.0,1724.3317906856537
depth4_bal_MAAMAMMA,4,MAAMAMMA,7000,84000,1.2193794051806133,1.627891182899475,1.6825992788587298,0.5075065274151436,0.3433420365535248,0.3212887347578029,1.0,0.0003,1.0,1732.428988456726
depth4_bal_MAAMAMMA,4,MAAMAMMA,7025,84300,1.2743253807226818,1.7042568922042847,1.7417221478053502,0.4768276762402089,0.31723237597911225,0.2983555207517619,1.0,0.0003,1.0,1740.8478474617004
depth4_bal_MAAMAMMA,4,MAAMAMMA,7050,84600,1.1208514273166656,1.6557556788126628,1.692965636934553,0.5753916449086162,0.3289817232375979,0.3329231457657456,1.0,0.0003,1.0,1750.0865216255188
depth4_bal_MAAMAMMA,4,MAAMAMMA,7075,84900,1.2439826329549153,1.7130201657613118,1.7322956766401019,0.5163185378590078,0.30678851174934724,0.30450833426557783,1.0,0.0003,1.0,1758.8496408462524
depth4_bal_MAAMAMMA,4,MAAMAMMA,7100,85200,1.4069116314252217,1.7645629247029622,1.7469653095517839,0.4366840731070496,0.2519582245430809,0.27732408546817316,1.0,0.0003,1.0,1766.5326073169708
depth4_bal_MAAMAMMA,4,MAAMAMMA,7125,85500,1.4120857218901317,1.6109546025594075,1.6414046730313983,0.4275456919060052,0.34464751958224543,0.32911958832084126,1.0,0.0003,1.0,1774.2778401374817
depth4_bal_MAAMAMMA,4,MAAMAMMA,7150,85800,1.1495733360449474,1.5943222045898438,1.5770912340709142,0.5313315926892951,0.34595300261096606,0.35529701308871237,1.0,0.0003,1.0,1782.3791291713715
depth4_bal_MAAMAMMA,4,MAAMAMMA,7175,86100,1.210941235224406,1.7074506680170696,1.7495861496244158,0.5107702349869452,0.29765013054830286,0.30227094753328115,1.0,0.0003,1.0,1790.0687129497528
depth4_bal_MAAMAMMA,4,MAAMAMMA,7200,86400,1.1518300771713257,1.5251015424728394,1.5488887207848685,0.5359007832898173,0.36161879895561355,0.34724242085244433,1.0,0.0003,1.0,1798.1539192199707
depth4_bal_MAAMAMMA,4,MAAMAMMA,7225,86700,1.3400886257489522,1.7064326604207356,1.7365788425718034,0.48825065274151436,0.2950391644908616,0.29913860610806575,1.0,0.0003,1.0,1805.9825949668884
depth4_bal_MAAMAMMA,4,MAAMAMMA,7250,87000,1.4199164013067882,1.8246218760808308,1.845882340839931,0.43962140992167104,0.2780678851174935,0.2671439758362233,1.0,0.0003,1.0,1813.7891228199005
depth4_bal_MAAMAMMA,4,MAAMAMMA,7275,87300,1.6549593408902485,2.646730820337931,2.6797329698290144,0.3870757180156658,0.19321148825065274,0.18480814408770557,1.0,0.0003,1.0,1821.5270502567291
depth4_bal_MAAMAMMA,4,MAAMAMMA,7300,87600,1.5300507247447968,1.9474250475565593,1.9810786724090577,0.39588772845953,0.2885117493472585,0.27038818659805347,1.0,0.0003,1.0,1829.2032067775726
depth4_bal_MAAMAMMA,4,MAAMAMMA,7325,87900,1.8748585482438405,2.163105328877767,2.1756950310298375,0.33975195822454307,0.2154046997389034,0.207405750083902,1.0,0.0003,1.0,1836.8004093170166
depth4_bal_MAAMAMMA,4,MAAMAMMA,7350,88200,1.5086344579855602,1.8718396425247192,1.9284317799976893,0.3975195822454308,0.26109660574412535,0.24096655106835216,1.0,0.0003,1.0,1844.6366295814514
depth4_bal_MAAMAMMA,4,MAAMAMMA,7375,88500,1.7723102966944377,1.9993433554967244,2.0534146104540145,0.35052219321148825,0.20365535248041775,0.2334713055151583,1.0,0.0003,1.0,1852.7912948131561
depth4_bal_MAAMAMMA,4,MAAMAMMA,7400,88800,1.2573979298273723,1.6954888502756755,1.6813807487487793,0.48988250652741516,0.304177545691906,0.3172614386396689,1.0,0.0003,1.0,1859.9857788085938
depth4_bal_MAAMAMMA,4,MAAMAMMA,7425,89100,1.289675772190094,1.7018527189890544,1.699710808481489,0.5368798955613577,0.29765013054830286,0.311779841145542,1.0,0.0003,1.0,1870.022574186325
depth4_bal_MAAMAMMA,4,MAAMAMMA,7450,89400,1.232305496931076,1.6615113417307537,1.6651526723589216,0.5267624020887729,0.29112271540469975,0.30394898758250366,1.0,0.0003,1.0,1882.3938722610474
depth4_bal_MAAMAMMA,4,MAAMAMMA,7475,89700,1.3526842991511028,1.6808862288792927,1.6942655427115305,0.4725848563968668,0.29112271540469975,0.2910840138717977,1.0,0.0003,1.0,1885.5289523601532
depth4_bal_MAAMAMMA,4,MAAMAMMA,7500,90000,1.3118980626265209,1.780433217684428,1.7640527350561959,0.4637728459530026,0.2885117493472585,0.30752880635417834,1.0,0.0003,1.0,1888.5578112602234
depth4_bal_MAAMAMMA,4,MAAMAMMA,7525,90300,1.4137918551762898,1.7907163699467976,1.8281135831560407,0.4285248041775457,0.2754569190600522,0.2806801655666182,1.0,0.0003,1.0,1895.939353466034
depth4_bal_MAAMAMMA,4,MAAMAMMA,7550,90600,1.2192951639493306,1.537853757540385,1.6012290477752686,0.5114229765013055,0.3368146214099217,0.33907595927956147,1.0,0.0003,1.0,1898.976373910904
depth4_bal_MAAMAMMA,4,MAAMAMMA,7575,90900,1.3937311172485352,1.770637035369873,1.7373511280332292,0.4441906005221932,0.28720626631853785,0.30059290748405865,1.0,0.0003,1.0,1907.1841983795166
depth4_bal_MAAMAMMA,4,MAAMAMMA,7600,91200,1.3366153438886006,1.6716172297795613,1.714340489251273,0.4660574412532637,0.2950391644908616,0.2958943953462356,1.0,0.0003,1.0,1913.0626425743103
depth4_bal_MAAMAMMA,4,MAAMAMMA,7625,91500,1.2102436423301697,1.650062084197998,1.6469800063541957,0.512402088772846,0.3093994778067885,0.31983443338181006,1.0,0.0003,1.0,1916.0779883861542
depth4_bal_MAAMAMMA,4,MAAMAMMA,7650,91800,1.5542902648448944,1.9325662851333618,1.9820927688053676,0.45039164490861616,0.26240208877284593,0.25808255957042175,1.0,0.0003,1.0,1919.1245396137238
depth4_bal_MAAMAMMA,4,MAAMAMMA,7675,92100,1.5586529870827992,1.854000488917033,1.8957038572856357,0.40796344647519583,0.2545691906005222,0.24846179662154602,1.0,0.0003,1.0,1922.2581787109375
depth4_bal_MAAMAMMA,4,MAAMAMMA,7700,92400,1.6242973407109578,2.0069265762964883,2.067027013642447,0.4148172323759791,0.23890339425587467,0.2248573665958161,1.0,0.0003,1.0,1925.2684955596924
depth4_bal_MAAMAMMA,4,MAAMAMMA,7725,92700,1.4813205103079479,1.9389629761377971,2.006189104488918,0.45202349869451697,0.2859007832898172,0.2602080769661036,1.0,0.0003,1.0,1928.2975232601166
depth4_bal_MAAMAMMA,4,MAAMAMMA,7750,93000,1.3078525364398956,1.7305057446161907,1.725582660947527,0.4964099216710183,0.2859007832898172,0.31088488645262335,1.0,0.0003,1.0,1931.440131187439
depth4_bal_MAAMAMMA,4,MAAMAMMA,7775,93300,1.8219570418198903,2.0143316189448037,2.037765393938337,0.36716710182767626,0.21018276762402088,0.25539769549166574,1.0,0.0003,1.0,1934.4625482559204
depth4_bal_MAAMAMMA,4,MAAMAMMA,7800,93600,2.798160215218862,2.755842606226603,2.735825995036534,0.17134464751958225,0.1174934725848564,0.12988029980982213,1.0,0.0003,1.0,1937.4758274555206
depth4_bal_MAAMAMMA,4,MAAMAMMA,7825,93900,1.6265598436196644,1.9935040473937988,2.0453491960253034,0.39131853785900783,0.2297650130548303,0.2288846627139501,1.0,0.0003,1.0,1940.5205688476562
depth4_bal_MAAMAMMA,4,MAAMAMMA,7850,94200,1.819222907225291,2.0299694538116455,2.062748169898987,0.32571801566579633,0.22323759791122716,0.21355856359771785,1.0,0.0003,1.0,1943.6590712070465
depth4_bal_MAAMAMMA,4,MAAMAMMA,7875,94500,1.5038754840691884,1.9448941548665364,1.937298001561846,0.43701044386422977,0.27676240208877284,0.2562926501845844,1.0,0.0003,1.0,1946.6708118915558
depth4_bal_MAAMAMMA,4,MAAMAMMA,7900,94800,1.2150962948799133,1.6692383289337158,1.6973274878093174,0.5365535248041775,0.29765013054830286,0.31345788119476453,1.0,0.0003,1.0,1952.4310276508331
depth4_bal_MAAMAMMA,4,MAAMAMMA,7925,95100,1.2199775675932567,1.6877290805180867,1.701992174557277,0.537532637075718,0.31462140992167104,0.31491218257075737,1.0,0.0003,1.0,1960.5937259197235
depth4_bal_MAAMAMMA,4,MAAMAMMA,7950,95400,1.2442758580048878,1.5949032306671143,1.6431360925946916,0.5039164490861618,0.3563968668407311,0.32374986016332924,1.0,0.0003,1.0,1968.7873146533966
depth4_bal_MAAMAMMA,4,MAAMAMMA,7975,95700,1.6955015858014424,1.944252610206604,1.9598789760044644,0.3681462140992167,0.2349869451697128,0.23470186821792147,1.0,0.0003,1.0,1976.7888898849487
depth4_bal_MAAMAMMA,4,MAAMAMMA,8000,96000,1.3631243407726288,1.7100476026535034,1.7405419043132238,0.46475195822454307,0.30809399477806787,0.301040384830518,1.0,0.0003,1.0,1984.6733574867249
depth4_bal_MAAMAMMA,4,MAAMAMMA,8025,96300,1.7524710992972057,2.051866134007772,2.0967099155698503,0.4050261096605744,0.2297650130548303,0.2192638997650744,1.0,0.0003,1.0,1993.0681467056274
depth4_bal_MAAMAMMA,4,MAAMAMMA,8050,96600,1.8696159323056538,2.1367240746816,2.11963016305651,0.33550913838120106,0.19973890339425587,0.21579595033001453,1.0,0.0003,1.0,2001.7534902095795
depth4_bal_MAAMAMMA,4,MAAMAMMA,8075,96900,1.3206261098384857,1.781705379486084,1.7865523202078684,0.46050913838120106,0.2584856396866841,0.282134466942611,1.0,0.0003,1.0,2010.3289589881897
depth4_bal_MAAMAMMA,4,MAAMAMMA,8100,97200,1.4548929929733276,2.1109584967295327,2.082766417094639,0.45006527415143605,0.23890339425587467,0.2506991833538427,1.0,0.0003,1.0,2018.5975165367126
depth4_bal_MAAMAMMA,4,MAAMAMMA,8125,97500,1.163140853246053,1.718497673670451,1.7173901115145003,0.5466710182767625,0.2963446475195822,0.3120035798187717,1.0,0.0003,1.0,2026.4750413894653
depth4_bal_MAAMAMMA,4,MAAMAMMA,8150,97800,1.1949468354384105,1.7732211748758953,1.7787104879106794,0.518603133159269,0.3133159268929504,0.31983443338181006,1.0,0.0003,1.0,2034.658929347992
depth4_bal_MAAMAMMA,4,MAAMAMMA,8175,98100,1.372519354025523,1.7379540999730427,1.7824336494718278,0.4585509138381201,0.2963446475195822,0.28627363239735987,1.0,0.0003,1.0,2042.7411766052246
depth4_bal_MAAMAMMA,4,MAAMAMMA,8200,98400,1.249872197707494,1.646349271138509,1.69961747441973,0.5029373368146214,0.3133159268929504,0.3096543237498602,1.0,0.0003,1.0,2050.8996572494507
depth4_bal_MAAMAMMA,4,MAAMAMMA,8225,98700,1.7683448890844982,2.0859002272288003,2.1690118312835693,0.36488250652741516,0.2010443864229765,0.2063989260543685,1.0,0.0003,1.0,2059.174973487854
depth4_bal_MAAMAMMA,4,MAAMAMMA,8250,99000,1.5046604176362355,1.8034420013427734,1.834679651260376,0.42656657963446476,0.25326370757180156,0.26636089047991945,1.0,0.0003,1.0,2062.3100395202637
depth4_bal_MAAMAMMA,4,MAAMAMMA,8275,99300,1.2967613836129506,1.7977993885676067,1.8095603840691703,0.4742167101827676,0.2780678851174935,0.2916433605548719,1.0,0.0003,1.0,2066.509701728821
depth4_bal_MAAMAMMA,4,MAAMAMMA,8300,99600,1.2498478988806407,1.7015957832336426,1.7125919342041016,0.5075065274151436,0.2924281984334204,0.3159190066002909,1.0,0.0003,1.0,2073.4461586475372
depth4_bal_MAAMAMMA,4,MAAMAMMA,8325,99900,1.4980009694894154,1.9507968028386433,1.9704732588359288,0.41612271540469975,0.2584856396866841,0.2585300369168811,1.0,0.0003,1.0,2081.8217012882233
depth4_bal_MAAMAMMA,4,MAAMAMMA,8350,100200,1.2427766919136047,1.777500073115031,1.8021049840109689,0.4941253263707572,0.27676240208877284,0.27956147220046984,1.0,0.0003,1.0,2090.2618277072906
depth4_bal_MAAMAMMA,4,MAAMAMMA,8375,100500,1.5022030472755432,1.7989675203959148,1.821474644115993,0.4285248041775457,0.26370757180156656,0.26636089047991945,1.0,0.0003,1.0,2098.455873966217
depth4_bal_MAAMAMMA,4,MAAMAMMA,8400,100800,1.2453348338603973,1.7183542251586914,1.749776898111616,0.4856396866840731,0.2793733681462141,0.3001454301375993,1.0,0.0003,1.0,2106.3247594833374
depth4_bal_MAAMAMMA,4,MAAMAMMA,8425,101100,1.3829794824123383,1.7824785312016804,1.8385659830910819,0.47160574412532635,0.27284595300261094,0.27900212551739567,1.0,0.0003,1.0,2114.1453878879547
depth4_bal_MAAMAMMA,4,MAAMAMMA,8450,101400,1.2672450542449951,1.7089850902557373,1.7330084664481027,0.4902088772845953,0.30156657963446476,0.3140172278778387,1.0,0.0003,1.0,2122.356014251709
depth4_bal_MAAMAMMA,4,MAAMAMMA,8475,101700,2.089857836564382,2.5702277024586997,2.5320113727024625,0.31201044386422977,0.12924281984334204,0.15370846850878175,1.0,0.0003,1.0,2130.4202930927277
depth4_bal_MAAMAMMA,4,MAAMAMMA,8500,102000,1.5984702408313751,1.8465750614802043,1.8356541190828597,0.39490861618798956,0.2506527415143603,0.2745273520528023,1.0,0.0003,1.0,2138.64369392395
depth4_bal_MAAMAMMA,4,MAAMAMMA,8525,102300,2.3832773566246033,2.4365371068318686,2.420516334261213,0.23988250652741513,0.16057441253263707,0.17585859715851884,1.0,0.0003,1.0,2146.7711300849915
depth4_bal_MAAMAMMA,4,MAAMAMMA,8550,102600,2.4437554279963174,2.595440228780111,2.6507384504590714,0.26566579634464754,0.14490861618798956,0.1377111533728605,1.0,0.0003,1.0,2155.4559049606323
depth4_bal_MAAMAMMA,4,MAAMAMMA,8575,102900,1.9120779037475586,2.8309136231740317,2.7242872783115932,0.337467362924282,0.15796344647519583,0.1627698847745833,1.0,0.0003,1.0,2164.7045845985413
depth4_bal_MAAMAMMA,4,MAAMAMMA,8600,103200,1.6718476215998332,1.9527088403701782,1.9739976031439646,0.3684725848563969,0.23890339425587467,0.2265354066450386,1.0,0.0003,1.0,2173.886936187744
depth4_bal_MAAMAMMA,4,MAAMAMMA,8625,103500,1.4899949332078297,1.9470250209172566,1.9754772629056658,0.418733681462141,0.2519582245430809,0.2556214341648954,1.0,0.0003,1.0,2182.9926574230194
depth4_bal_MAAMAMMA,4,MAAMAMMA,8650,103800,1.2320506970087688,1.703770915667216,1.6856273821422032,0.5088120104438643,0.31592689295039167,0.33079762837006377,1.0,0.0003,1.0,2191.8980774879456
depth4_bal_MAAMAMMA,4,MAAMAMMA,8675,104100,1.556614230076472,1.818688193957011,1.9123273304530553,0.4236292428198433,0.2859007832898172,0.2645709810940821,1.0,0.0003,1.0,2200.7841861248016
depth4_bal_MAAMAMMA,4,MAAMAMMA,8700,104400,1.756010999282201,2.073091506958008,2.102363957677569,0.3577023498694517,0.18798955613577023,0.210090614162658,1.0,0.0003,1.0,2209.1232092380524
depth4_bal_MAAMAMMA,4,MAAMAMMA,8725,104700,1.5485493044058483,1.8509511550267537,1.9097117049353463,0.3841383812010444,0.2402088772845953,0.24353954581049334,1.0,0.0003,1.0,2217.089503288269
depth4_bal_MAAMAMMA,4,MAAMAMMA,8750,105000,1.3846994837125142,1.8441245953241985,1.898059344291687,0.4765013054830287,0.2689295039164491,0.2654659357870008,1.0,0.0003,1.0,2224.8249871730804
depth4_bal_MAAMAMMA,4,MAAMAMMA,8775,105300,1.9132535060246785,2.207564115524292,2.207556530407497,0.3302872062663185,0.18276762402088773,0.19174404295782527,1.0,0.0003,1.0,2233.1381788253784
depth4_bal_MAAMAMMA,4,MAAMAMMA,8800,105600,1.421014408270518,1.889667232831319,1.9209647791726248,0.4585509138381201,0.2454308093994778,0.26065555431256293,1.0,0.0003,1.0,2241.2991893291473
depth4_bal_MAAMAMMA,4,MAAMAMMA,8825,105900,1.3955268263816833,1.8160305817921956,1.8085469041551863,0.4552872062663185,0.26370757180156656,0.28090390423984785,1.0,0.0003,1.0,2249.398428440094
depth4_bal_MAAMAMMA,4,MAAMAMMA,8850,106200,1.4445569217205048,1.9363145033518474,1.985116812161037,0.43505221932114885,0.2362924281984334,0.23872916433605548,1.0,0.0003,1.0,2257.3637993335724
depth4_bal_MAAMAMMA,4,MAAMAMMA,8875,106500,1.187721977631251,1.688550313313802,1.727906904901777,0.5388381201044387,0.3185378590078329,0.3173733079762837,1.0,0.0003,1.0,2266.2501215934753
depth4_bal_MAAMAMMA,4,MAAMAMMA,8900,106800,1.382030725479126,1.9577159484227498,1.9708146265574864,0.46703655352480417,0.24934725848563968,0.2549502181452064,1.0,0.0003,1.0,2275.569515943527
depth4_bal_MAAMAMMA,4,MAAMAMMA,8925,107100,1.4040693640708923,1.8249799013137817,1.7956605775015695,0.4660574412532637,0.25718015665796345,0.28191072826938135,1.0,0.0003,1.0,2284.6335043907166
depth4_bal_MAAMAMMA,4,MAAMAMMA,8950,107400,1.2643986244996388,1.6544166803359985,1.6918512276240758,0.4892297650130548,0.2989556135770235,0.31189171048215686,1.0,0.0003,1.0,2292.9233119487762
depth4_bal_MAAMAMMA,4,MAAMAMMA,8975,107700,1.6920352280139923,2.136263052622477,2.2085812091827393,0.40796344647519583,0.21801566579634465,0.2235149345564381,1.0,0.0003,1.0,2300.966759443283
depth4_bal_MAAMAMMA,4,MAAMAMMA,9000,108000,1.4157269994417827,1.8058662017186482,1.8411171129771642,0.4911879895561358,0.2885117493472585,0.27195435731066114,1.0,0.0003,1.0,2310.182484149933
depth4_bal_MAAMAMMA,4,MAAMAMMA,9025,108300,1.4811803996562958,1.8321321805318196,1.8716296570641653,0.4298302872062663,0.2845953002610966,0.27228996532050564,1.0,0.0003,1.0,2319.2709019184113
depth4_bal_MAAMAMMA,4,MAAMAMMA,9050,108600,1.2888339757919312,1.8067269722620647,1.8099563666752407,0.49673629242819844,0.29112271540469975,0.304396464928963,1.0,0.0003,1.0,2328.4160227775574
depth4_bal_MAAMAMMA,4,MAAMAMMA,9075,108900,1.5218786199887593,1.773271083831787,1.7994756119591848,0.41220626631853785,0.2963446475195822,0.2674795838460678,1.0,0.0003,1.0,2337.867259502411
depth4_bal_MAAMAMMA,4,MAAMAMMA,9100,109200,1.305001050233841,1.6941457192103069,1.7338999714170182,0.5029373368146214,0.3198433420365535,0.30025729947421415,1.0,0.0003,1.0,2346.463074207306
depth4_bal_MAAMAMMA,4,MAAMAMMA,9125,109500,1.3789475361506145,1.9384968280792236,1.92146726335798,0.489556135770235,0.26370757180156656,0.25472647947197674,1.0,0.0003,1.0,2354.626443862915
depth4_bal_MAAMAMMA,4,MAAMAMMA,9150,109800,1.6132303476333618,2.1526221434275308,2.1799728155136107,0.40372062663185376,0.2362924281984334,0.22440988924935676,1.0,0.0003,1.0,2363.8283421993256
depth4_bal_MAAMAMMA,4,MAAMAMMA,9175,110100,1.3856900036334991,2.056219736735026,2.0456832477024625,0.4402741514360313,0.20365535248041775,0.22407428123951226,1.0,0.0003,1.0,2372.539490222931
depth4_bal_MAAMAMMA,4,MAAMAMMA,9200,110400,1.2384578188260396,1.6955637534459431,1.682075732094901,0.4931462140992167,0.293733681462141,0.3173733079762837,1.0,0.0003,1.0,2380.0285301208496
depth4_bal_MAAMAMMA,4,MAAMAMMA,9225,110700,1.2740999857584636,1.674285650253296,1.7369206973484583,0.5075065274151436,0.31723237597911225,0.31356975053137937,1.0,0.0003,1.0,2388.189346075058
depth4_bal_MAAMAMMA,4,MAAMAMMA,9250,111000,1.2412326335906982,1.5888796250025432,1.6119336264474051,0.5032637075718016,0.3198433420365535,0.32352612149009957,1.0,0.0003,1.0,2395.992243051529
depth4_bal_MAAMAMMA,4,MAAMAMMA,9275,111300,1.265001694361369,1.8965667088826497,1.927201008796692,0.5065274151436031,0.32506527415143605,0.30820002237386734,1.0,0.0003,1.0,2404.139043569565
depth4_bal_MAAMAMMA,4,MAAMAMMA,9300,111600,1.2648573120435078,1.687430779139201,1.702005216053554,0.4960835509138381,0.304177545691906,0.30987806242308985,1.0,0.0003,1.0,2412.1215047836304
depth4_bal_MAAMAMMA,4,MAAMAMMA,9325,111900,1.2798407971858978,1.7201168537139893,1.7062741620200021,0.508485639686684,0.3093994778067885,0.310437409106164,1.0,0.0003,1.0,2419.864177942276
depth4_bal_MAAMAMMA,4,MAAMAMMA,9350,112200,1.5861751039822896,2.048292875289917,2.081118566649301,0.4118798955613577,0.2362924281984334,0.2282134466942611,1.0,0.0003,1.0,2428.2373049259186
depth4_bal_MAAMAMMA,4,MAAMAMMA,9375,112500,1.6476102073987324,2.0743726094563804,2.085267434801374,0.3841383812010444,0.206266318537859,0.21199239288511018,1.0,0.0003,1.0,2436.2325365543365
depth4_bal_MAAMAMMA,4,MAAMAMMA,9400,112800,1.5474117398262024,2.173110246658325,2.1967161519186837,0.43537859007832896,0.21671018276762402,0.21590781966662936,1.0,0.0003,1.0,2444.28319644928
depth4_bal_MAAMAMMA,4,MAAMAMMA,9425,113100,1.1656773686408997,1.6789302031199138,1.7150503873825074,0.537532637075718,0.304177545691906,0.31882760935227655,1.0,0.0003,1.0,2452.417953968048
depth4_bal_MAAMAMMA,4,MAAMAMMA,9450,113400,1.7501687506834667,2.2673253218332925,2.196720852170672,0.35411227154047,0.19712793733681463,0.19308647499720327,1.0,0.0003,1.0,2460.654326438904
depth4_bal_MAAMAMMA,4,MAAMAMMA,9475,113700,1.2417380213737488,1.6882836023966472,1.7077807392392839,0.506201044386423,0.3002610966057441,0.308423761047097,1.0,0.0003,1.0,2468.789486885071
depth4_bal_MAAMAMMA,4,MAAMAMMA,9500,114000,1.2227565447489421,1.6383918921152751,1.6887840679713657,0.5300261096605744,0.32114882506527415,0.3243092068464034,1.0,0.0003,1.0,2476.8688905239105
depth4_bal_MAAMAMMA,4,MAAMAMMA,9525,114300,1.293809711933136,1.7333991924921672,1.7817057609558105,0.48368146214099217,0.2950391644908616,0.2797852108736995,1.0,0.0003,1.0,2485.144145965576
depth4_bal_MAAMAMMA,4,MAAMAMMA,9550,114600,1.2199877798557281,1.6533263127009075,1.6855434281485422,0.5571148825065274,0.3198433420365535,0.31714956930305405,1.0,0.0003,1.0,2492.9773831367493
depth4_bal_MAAMAMMA,4,MAAMAMMA,9575,114900,1.5961750149726868,2.04135525226593,2.024953205244882,0.43113577023498695,0.24281984334203655,0.24633627922586418,1.0,0.0003,1.0,2501.0989294052124
depth4_bal_MAAMAMMA,4,MAAMAMMA,9600,115200,1.3432723085085552,1.798003355662028,1.7545339141573224,0.4964099216710183,0.27676240208877284,0.2972368273856136,1.0,0.0003,1.0,2509.279277563095
depth4_bal_MAAMAMMA,4,MAAMAMMA,9625,115500,1.3238374094168346,1.8140214681625366,1.839145244870867,0.4631201044386423,0.25718015665796345,0.27061192527128314,1.0,0.0003,1.0,2517.494886159897
depth4_bal_MAAMAMMA,4,MAAMAMMA,9650,115800,1.6318611403306325,1.893691897392273,1.9236625841685704,0.38054830287206265,0.23237597911227154,0.23537308423761047,1.0,0.0003,1.0,2525.230223417282
depth4_bal_MAAMAMMA,4,MAAMAMMA,9675,116100,1.2511365016301472,1.7183218797047932,1.7421820538384574,0.5094647519582245,0.3302872062663185,0.31882760935227655,1.0,0.0003,1.0,2533.4007728099823
depth4_bal_MAAMAMMA,4,MAAMAMMA,9700,116400,1.2234126428763072,1.7639638582865398,1.8037903206689017,0.5241514360313316,0.31201044386422977,0.30618637431480034,1.0,0.0003,1.0,2541.1011095046997
depth4_bal_MAAMAMMA,4,MAAMAMMA,9725,116700,1.15423122048378,1.630523681640625,1.6520312854221888,0.5587467362924282,0.32114882506527415,0.3405302606555543,1.0,0.0003,1.0,2548.2542250156403
depth4_bal_MAAMAMMA,4,MAAMAMMA,9750,117000,1.673054317633311,1.9198309580485027,2.0122783286230903,0.40339425587467365,0.23890339425587467,0.2292202707237946,1.0,0.0003,1.0,2556.341593980789
depth4_bal_MAAMAMMA,4,MAAMAMMA,9775,117300,1.6586550970872243,1.978522539138794,1.9829798596245902,0.389686684073107,0.2310704960835509,0.22798970802103144,1.0,0.0003,1.0,2564.5004024505615
depth4_bal_MAAMAMMA,4,MAAMAMMA,9800,117600,1.2165448864301045,1.6917377312978108,1.7265930039542061,0.5110966057441253,0.2950391644908616,0.30193533952343665,1.0,0.0003,1.0,2572.540387868881
depth4_bal_MAAMAMMA,4,MAAMAMMA,9825,117900,1.3559771577517192,1.8198672533035278,1.7905024256025042,0.48009138381201044,0.24934725848563968,0.28884662713950104,1.0,0.0003,1.0,2580.50093460083
depth4_bal_MAAMAMMA,4,MAAMAMMA,9850,118200,1.2190730770428975,1.776871641476949,1.8120411498206002,0.5329634464751958,0.2963446475195822,0.2913077525450274,1.0,0.0003,1.0,2588.644044160843
depth4_bal_MAAMAMMA,4,MAAMAMMA,9875,118500,1.2700064877669017,1.6489075819651287,1.68390839440482,0.49053524804177545,0.3093994778067885,0.31614274527352054,1.0,0.0003,1.0,2596.3920407295227
depth4_bal_MAAMAMMA,4,MAAMAMMA,9900,118800,1.2614474495251973,1.7841849327087402,1.8065803868430002,0.4856396866840731,0.3002610966057441,0.29913860610806575,1.0,0.0003,1.0,2604.242776155472
depth4_bal_MAAMAMMA,4,MAAMAMMA,9925,119100,1.5306318700313568,1.8502490917841594,1.8828205483300344,0.40372062663185376,0.2597911227154047,0.2552858261550509,1.0,0.0003,1.0,2612.215989112854
depth4_bal_MAAMAMMA,4,MAAMAMMA,9950,119400,1.3795032302538555,2.002292195955912,2.0004154579980034,0.45430809399477806,0.2558746736292428,0.24387515382033784,1.0,0.0003,1.0,2620.273748397827
depth4_bal_MAAMAMMA,4,MAAMAMMA,9975,119700,1.2278936803340912,1.699632207552592,1.7098758493150983,0.5349216710182768,0.30548302872062666,0.31748517731289855,1.0,0.0003,1.0,2628.1343355178833
depth4_bal_MAAMAMMA,4,MAAMAMMA,10000,120000,1.731984555721283,2.1008386611938477,2.1310965401785715,0.364556135770235,0.20757180156657964,0.21669090502293323,1.0,0.0003,1.0,2636.29506111145
depth4_bal_MAAMAMMA,4,MAAMAMMA,10025,120300,1.507522036631902,2.0711100101470947,2.134673183304923,0.4112271540469974,0.2193211488250653,0.22038259313122274,1.0,0.0003,1.0,2644.6218044757843
depth4_bal_MAAMAMMA,4,MAAMAMMA,10050,120600,1.3809621930122375,1.6855194965998332,1.7460391044616699,0.4703002610966057,0.3185378590078329,0.2949994406533169,1.0,0.0003,1.0,2652.3031873703003
depth4_bal_MAAMAMMA,4,MAAMAMMA,10075,120900,1.3795344630877178,2.080061435699463,2.067719187055315,0.4722584856396867,0.21801566579634465,0.24678375657232351,1.0,0.0003,1.0,2661.2647666931152
depth4_bal_MAAMAMMA,4,MAAMAMMA,10100,121200,1.302220453818639,1.7904793818791707,1.793795473234994,0.4856396866840731,0.26109660574412535,0.2750866987358765,1.0,0.0003,1.0,2670.2155821323395
depth4_bal_MAAMAMMA,4,MAAMAMMA,10125,121500,1.2489350736141205,1.8178953329722087,1.7987143891198294,0.48596605744125326,0.27154046997389036,0.2899653205056494,1.0,0.0003,1.0,2678.9164102077484
depth4_bal_MAAMAMMA,4,MAAMAMMA,10150,121800,1.8314368426799774,2.324542681376139,2.3349515097481865,0.32539164490861616,0.16971279373368145,0.16601409553641347,1.0,0.0003,1.0,2686.945953607559
depth4_bal_MAAMAMMA,4,MAAMAMMA,10175,122100,1.2275430858135223,1.5848981539408367,1.583832573890686,0.5052219321148825,0.3133159268929504,0.34131334601185814,1.0,0.0003,1.0,2695.1877036094666
depth4_bal_MAAMAMMA,4,MAAMAMMA,10200,122400,2.727677563826243,2.760836203893026,2.7929986613137383,0.22845953002610966,0.1370757180156658,0.14856247902449937,1.0,0.0003,1.0,2703.3474016189575
depth4_bal_MAAMAMMA,4,MAAMAMMA,10225,122700,1.2194115618864696,1.7219290733337402,1.7210302318845476,0.5202349869451697,0.30156657963446476,0.31256292650184586,1.0,0.0003,1.0,2711.058334827423
depth4_bal_MAAMAMMA,4,MAAMAMMA,10250,123000,1.4276341100533803,1.8514234224955242,1.852285725729806,0.41449086161879894,0.2650130548302872,0.2662490211433046,1.0,0.0003,1.0,2719.256579875946
depth4_bal_MAAMAMMA,4,MAAMAMMA,10275,123300,1.6785829663276672,2.1024433771769204,2.0951351199831283,0.3975195822454308,0.20757180156657964,0.22743036133795727,1.0,0.0003,1.0,2727.127717733383
depth4_bal_MAAMAMMA,4,MAAMAMMA,10300,123600,1.1758547325929005,1.5324496030807495,1.5547636100224087,0.5316579634464752,0.370757180156658,0.35194093299026735,1.0,0.0003,1.0,2735.237074613571
depth4_bal_MAAMAMMA,4,MAAMAMMA,10325,123900,1.2450441122055054,1.7004330952962239,1.6957001379558019,0.508485639686684,0.3198433420365535,0.32979080434053026,1.0,0.0003,1.0,2743.268989086151
depth4_bal_MAAMAMMA,4,MAAMAMMA,10350,124200,1.2162216206391652,1.6695738236109416,1.6529775857925415,0.506201044386423,0.30678851174934724,0.31782078532274305,1.0,0.0003,1.0,2751.3926298618317
depth4_bal_MAAMAMMA,4,MAAMAMMA,10375,124500,1.4423061708609264,1.8522171179453533,1.839590777669634,0.4435378590078329,0.2506527415143603,0.2755341760823358,1.0,0.0003,1.0,2759.7608392238617
depth4_bal_MAAMAMMA,4,MAAMAMMA,10400,124800,1.9378524919350941,2.1810980637868247,2.1823910236358643,0.35672323759791125,0.19973890339425587,0.21087369951896184,1.0,0.0003,1.0,2768.0619525909424
depth4_bal_MAAMAMMA,4,MAAMAMMA,10425,125100,1.4049325784047444,1.768799106280009,1.8112460272652762,0.4595300261096606,0.26631853785900783,0.2717306186374315,1.0,0.0003,1.0,2776.188699245453
depth4_bal_MAAMAMMA,4,MAAMAMMA,10450,125400,1.8085067570209503,2.0437882343928018,2.0669103486197336,0.3563968668407311,0.19712793733681463,0.2235149345564381,1.0,0.0003,1.0,2784.130018234253
depth4_bal_MAAMAMMA,4,MAAMAMMA,10475,125700,2.6415684123833976,3.952789068222046,3.9987030982971192,0.3110313315926893,0.10052219321148825,0.12149009956370958,1.0,0.0003,1.0,2792.370749950409
depth4_bal_MAAMAMMA,4,MAAMAMMA,10500,126000,1.8305475612481434,2.180016279220581,2.1810145718710765,0.36945169712793735,0.20496083550913838,0.21702651303277773,1.0,0.0003,1.0,2800.5290603637695
depth4_bal_MAAMAMMA,4,MAAMAMMA,10525,126300,1.3675313691298168,1.820370356241862,1.8251062665666853,0.45202349869451697,0.27023498694516973,0.2672558451728381,1.0,0.0003,1.0,2809.2781903743744
depth4_bal_MAAMAMMA,4,MAAMAMMA,10550,126600,1.756165514389674,2.0551933447519937,2.0748418807983398,0.3710835509138381,0.2297650130548303,0.22843718536749077,1.0,0.0003,1.0,2818.4376940727234
depth4_bal_MAAMAMMA,4,MAAMAMMA,10575,126900,1.4310429990291595,1.741921305656433,1.7504187890461513,0.46116187989556134,0.31462140992167104,0.31088488645262335,1.0,0.0003,1.0,2826.593377351761
depth4_bal_MAAMAMMA,4,MAAMAMMA,10600,127200,1.2273772458235424,1.6776811281840007,1.6522532156535557,0.5153394255874674,0.2819843342036554,0.30685759033448934,1.0,0.0003,1.0,2834.568629026413
depth4_bal_MAAMAMMA,4,MAAMAMMA,10625,127500,1.4026611546675365,1.7153106530507405,1.8024408067975726,0.4614882506527415,0.31201044386422977,0.30987806242308985,1.0,0.0003,1.0,2842.7149426937103
depth4_bal_MAAMAMMA,4,MAAMAMMA,10650,127800,1.6036177078882854,2.1088929971059165,2.04864125592368,0.4278720626631854,0.26109660574412535,0.2744154827161875,1.0,0.0003,1.0,2851.0493330955505
depth4_bal_MAAMAMMA,4,MAAMAMMA,10675,128100,1.2823328077793121,1.6475579341252644,1.7454723937170846,0.4872715404699739,0.31462140992167104,0.31949882537196556,1.0,0.0003,1.0,2858.828757762909
depth4_bal_MAAMAMMA,4,MAAMAMMA,10700,128400,1.1493619481722515,1.5278125206629436,1.567062943322318,0.5303524804177546,0.3838120104438642,0.36614833874035124,1.0,0.0003,1.0,2866.936999797821
depth4_bal_MAAMAMMA,4,MAAMAMMA,10725,128700,1.4703486263751984,1.895162026087443,1.9565973486219133,0.4197127937336815,0.2650130548302872,0.2510347913636872,1.0,0.0003,1.0,2875.818267583847
depth4_bal_MAAMAMMA,4,MAAMAMMA,10750,129000,1.3630735377470653,1.8056312402089436,1.8792535441262381,0.4601827676240209,0.2885117493472585,0.2889584964761159,1.0,0.0003,1.0,2884.793239593506
depth4_bal_MAAMAMMA,4,MAAMAMMA,10775,129300,1.2786479989687602,1.6806429227193196,1.708482265472412,0.516644908616188,0.3237597911227154,0.31256292650184586,1.0,0.0003,1.0,2890.1049494743347
depth4_bal_MAAMAMMA,4,MAAMAMMA,10800,129600,1.3502469857533772,1.8042227427164714,1.8653464112962996,0.4539817232375979,0.26370757180156656,0.2665846291531491,1.0,0.0003,1.0,2893.1766023635864
depth4_bal_MAAMAMMA,4,MAAMAMMA,10825,129900,1.3652368585268657,1.7839916149775188,1.7976616382598878,0.4474543080939948,0.304177545691906,0.30450833426557783,1.0,0.0003,1.0,2900.9006521701813
depth4_bal_MAAMAMMA,4,MAAMAMMA,10850,130200,2.0050557255744934,2.0050023396809897,2.0477106537137715,0.3266971279373368,0.2310704960835509,0.23738673229667748,1.0,0.0003,1.0,2908.938770055771
depth4_bal_MAAMAMMA,4,MAAMAMMA,10875,130500,2.141803056001663,2.305875539779663,2.3252894060952323,0.27610966057441255,0.1514360313315927,0.1598612820225976,1.0,0.0003,1.0,2917.093639612198
depth4_bal_MAAMAMMA,4,MAAMAMMA,10900,130800,1.316423108180364,1.6790950695673625,1.709277013369969,0.5303524804177546,0.3198433420365535,0.32475668419286274,1.0,0.0003,1.0,2925.434131383896
depth4_bal_MAAMAMMA,4,MAAMAMMA,10925,131100,1.1707752446333568,1.5871316194534302,1.6225353956222535,0.5296997389033943,0.34464751958224543,0.3339299697952791,1.0,0.0003,1.0,2933.6944737434387
depth4_bal_MAAMAMMA,4,MAAMAMMA,10950,131400,1.470849523941676,1.8213486274083455,1.8188053335462298,0.402088772845953,0.26631853785900783,0.27754782414140283,1.0,0.0003,1.0,2938.5879139900208
depth4_bal_MAAMAMMA,4,MAAMAMMA,10975,131700,1.1911512911319733,1.5253565311431885,1.545934237752642,0.5068537859007833,0.3668407310704961,0.3611142185926837,1.0,0.0003,1.0,2946.3213272094727
depth4_bal_MAAMAMMA,4,MAAMAMMA,11000,132000,1.3147424062093098,1.526721676190694,1.6097165788922991,0.48890339425587465,0.3524804177545692,0.35160532498042285,1.0,0.0003,1.0,2953.5465893745422
depth4_bal_MAAMAMMA,4,MAAMAMMA,11025,132300,1.0908458630243938,1.480242649714152,1.4908922025135585,0.570822454308094,0.3537859007832898,0.3653652533840474,1.0,0.0003,1.0,2961.9484560489655
depth4_bal_MAAMAMMA,4,MAAMAMMA,11050,132600,1.4810100396474202,1.811180591583252,1.818735636983599,0.47552219321148825,0.2819843342036554,0.2983555207517619,1.0,0.0003,1.0,2969.2732582092285
depth4_bal_MAAMAMMA,4,MAAMAMMA,11075,132900,1.4676931301752727,1.905802051226298,1.9334383078983852,0.4510443864229765,0.2819843342036554,0.27005257858820897,1.0,0.0003,1.0,2976.8971071243286
depth4_bal_MAAMAMMA,4,MAAMAMMA,11100,133200,1.708911140759786,2.0509055455525718,2.0559186356408254,0.40013054830287204,0.22715404699738903,0.23660364694037364,1.0,0.0003,1.0,2984.9672191143036
depth4_bal_MAAMAMMA,4,MAAMAMMA,11125,133500,1.829936921596527,2.84316086769104,2.6556674003601075,0.3674934725848564,0.16840731070496084,0.1767535518514375,1.0,0.0003,1.0,2992.8865554332733
depth4_bal_MAAMAMMA,4,MAAMAMMA,11150,133800,1.3617342909177144,1.9062264362970989,1.929244818006243,0.48204960835509136,0.31462140992167104,0.2810157735764627,1.0,0.0003,1.0,3000.585263490677
depth4_bal_MAAMAMMA,4,MAAMAMMA,11175,134100,1.2751288414001465,2.318986972173055,2.3161613600594655,0.508485639686684,0.19712793733681463,0.20326658462915315,1.0,0.0003,1.0,3008.680793762207
depth4_bal_MAAMAMMA,4,MAAMAMMA,11200,134400,1.330894370873769,1.7469509442647297,1.7539150203977312,0.47486945169712796,0.27676240208877284,0.2996979527911399,1.0,0.0003,1.0,3012.8347034454346
depth4_bal_MAAMAMMA,4,MAAMAMMA,11225,134700,1.4171420534451802,1.8938576380411785,1.8608959674835206,0.45691906005221933,0.24151436031331594,0.2647947197673118,1.0,0.0003,1.0,3016.3682503700256
depth4_bal_MAAMAMMA,4,MAAMAMMA,11250,135000,1.5562358796596527,1.8060429096221924,1.868683123588562,0.40372062663185376,0.23759791122715404,0.2515941380467614,1.0,0.0003,1.0,3021.568179368973
depth4_bal_MAAMAMMA,4,MAAMAMMA,11275,135300,1.7074145078659058,1.8710349400838215,1.9225936242512294,0.358355091383812,0.2258485639686684,0.22977961740686878,1.0,0.0003,1.0,3026.3031935691833
depth4_bal_MAAMAMMA,4,MAAMAMMA,11300,135600,1.1383444964885712,1.6050620873769124,1.6319036517824446,0.533289817232376,0.3381201044386423,0.3418726926949323,1.0,0.0003,1.0,3029.5363109111786
depth4_bal_MAAMAMMA,4,MAAMAMMA,11325,135900,1.337995171546936,1.595777948697408,1.6406484706061226,0.45430809399477806,0.3198433420365535,0.32341425215348474,1.0,0.0003,1.0,3032.5739934444427
depth4_bal_MAAMAMMA,4,MAAMAMMA,11350,136200,1.1656361321608226,1.554635485013326,1.5776695251464843,0.5398172323759791,0.3629242819843342,0.35596822910840137,1.0,0.0003,1.0,3041.4926834106445
depth4_bal_MAAMAMMA,4,MAAMAMMA,11375,136500,1.3310228884220123,1.788730541865031,1.8202860764094762,0.483355091383812,0.28067885117493474,0.2850430696945967,1.0,0.0003,1.0,3049.6713106632233
depth4_bal_MAAMAMMA,4,MAAMAMMA,11400,136800,1.167961945136388,1.6772723197937012,1.6836759431021555,0.5590731070496083,0.304177545691906,0.32475668419286274,1.0,0.0003,1.0,3057.91770529747
depth4_bal_MAAMAMMA,4,MAAMAMMA,11425,137100,1.4501884977022808,1.8578229745229085,1.8958229882376534,0.4758485639686684,0.2885117493472585,0.2876160644367379,1.0,0.0003,1.0,3066.110909461975
depth4_bal_MAAMAMMA,4,MAAMAMMA,11450,137400,1.938612550497055,2.1065269311269126,2.2678042616162983,0.35345953002610964,0.21801566579634465,0.20695827273744266,1.0,0.0003,1.0,3074.22905087471
depth4_bal_MAAMAMMA,4,MAAMAMMA,11475,137700,1.0790914793809254,1.5696815252304077,1.5800112111227853,0.5920365535248042,0.35509138381201044,0.3621210426222172,1.0,0.0003,1.0,3083.0780761241913
depth4_bal_MAAMAMMA,4,MAAMAMMA,11500,138000,1.9137626787026722,2.105938116709391,2.1037995747157505,0.3531331592689295,0.21148825065274152,0.2295558787336391,1.0,0.0003,1.0,3091.502473115921
depth4_bal_MAAMAMMA,4,MAAMAMMA,11525,138300,1.2067487736543019,1.6008909145991008,1.6759708983557564,0.5143603133159269,0.30548302872062666,0.3273296789350039,1.0,0.0003,1.0,3099.860596895218
depth4_bal_MAAMAMMA,4,MAAMAMMA,11550,138600,1.5834553639094036,1.9826390743255615,1.9822376659938268,0.40763707571801566,0.24804177545691905,0.26076742364917777,1.0,0.0003,1.0,3108.0221331119537
depth4_bal_MAAMAMMA,4,MAAMAMMA,11575,138900,1.2008869747320812,1.7521485487620037,1.764723151070731,0.5029373368146214,0.2963446475195822,0.303054032889585,1.0,0.0003,1.0,3116.543752193451
depth4_bal_MAAMAMMA,4,MAAMAMMA,11600,139200,1.1317539016405742,1.5825937191645305,1.603667552130563,0.5476501305483029,0.3394255874673629,0.34657120483275533,1.0,0.0003,1.0,3125.586434841156
depth4_bal_MAAMAMMA,4,MAAMAMMA,11625,139500,1.0641388694445293,1.5648300250371296,1.596485379764012,0.5721279373368147,0.34986945169712796,0.35585635977178653,1.0,0.0003,1.0,3134.9214556217194
depth4_bal_MAAMAMMA,4,MAAMAMMA,11650,139800,2.5528719425201416,2.8640197118123374,2.9972128459385465,0.256201044386423,0.13838120104438642,0.14117910280792034,1.0,0.0003,1.0,3144.055637359619
depth4_bal_MAAMAMMA,4,MAAMAMMA,11675,140100,1.1126507918039958,1.9225996732711792,1.9589396510805404,0.547976501305483,0.25718015665796345,0.25741134355073275,1.0,0.0003,1.0,3151.480400800705
depth4_bal_MAAMAMMA,4,MAAMAMMA,11700,140400,1.001852035522461,1.4646843671798706,1.4692454644611903,0.6197780678851175,0.402088772845953,0.40038035574449043,1.0,0.0003,1.0,3160.2180700302124
depth4_bal_MAAMAMMA,4,MAAMAMMA,11725,140700,2.1026198863983154,2.204038619995117,2.303051819120135,0.3185378590078329,0.20365535248041775,0.19532386172949995,1.0,0.0003,1.0,3168.326367855072
depth4_bal_MAAMAMMA,4,MAAMAMMA,11750,141000,2.5433932542800903,2.584940512975057,2.717708764757429,0.25032637075718017,0.12924281984334204,0.1363687213334825,1.0,0.0003,1.0,3176.7122139930725
depth4_bal_MAAMAMMA,4,MAAMAMMA,11775,141300,1.7571197152137756,1.986586570739746,1.9618531703948974,0.35345953002610964,0.2206266318537859,0.24029533504866316,1.0,0.0003,1.0,3186.0236270427704
depth4_bal_MAAMAMMA,4,MAAMAMMA,11800,141600,1.224717269341151,1.7424592574437459,1.7781892435891287,0.5110966057441253,0.27023498694516973,0.274751090726032,1.0,0.0003,1.0,3194.4759862422943
depth4_bal_MAAMAMMA,4,MAAMAMMA,11825,141900,1.8211958209673564,2.056319793065389,2.2468346289225987,0.38740208877284593,0.2754569190600522,0.26468285043069695,1.0,0.0003,1.0,3201.582802772522
depth4_bal_MAAMAMMA,4,MAAMAMMA,11850,142200,1.0046782791614532,1.4477585156758626,1.4960555280957903,0.5848563968668408,0.40992167101827676,0.38449490994518404,1.0,0.0003,1.0,3205.661157608032
depth4_bal_MAAMAMMA,4,MAAMAMMA,11875,142500,1.2025992969671886,1.689944823582967,1.7279916661126273,0.535574412532637,0.2924281984334204,0.3120035798187717,1.0,0.0003,1.0,3210.638821363449
depth4_bal_MAAMAMMA,4,MAAMAMMA,11900,142800,1.0587705969810486,1.526875893274943,1.5164195401327951,0.5936684073107049,0.36161879895561355,0.38214565387627253,1.0,0.0003,1.0,3219.2552564144135
depth4_bal_MAAMAMMA,4,MAAMAMMA,11925,143100,1.0697720249493916,1.467268665631612,1.5072439670562745,0.6031331592689295,0.39947780678851175,0.38460677928179887,1.0,0.0003,1.0,3227.345505475998
depth4_bal_MAAMAMMA,4,MAAMAMMA,11950,143400,1.3394816915194194,1.681846261024475,1.6975180762154716,0.4660574412532637,0.3237597911227154,0.31681396129320955,1.0,0.0003,1.0,3235.5856008529663
depth4_bal_MAAMAMMA,4,MAAMAMMA,11975,143700,1.260331779718399,1.7466195027033489,1.768518614768982,0.4680156657963446,0.3002610966057441,0.3018234701868218,1.0,0.0003,1.0,3243.156000852585
depth4_bal_MAAMAMMA,4,MAAMAMMA,12000,144000,1.3223767379919689,1.6617966492970784,1.6963255507605417,0.5264360313315927,0.31592689295039167,0.32151247343103256,1.0,0.0003,1.0,3251.362663269043
depth4_bal_MAAMAMMA,4,MAAMAMMA,12025,144300,1.3524334530035655,1.8001480499903362,1.864631223678589,0.4592036553524804,0.30678851174934724,0.2883991497930417,1.0,0.0003,1.0,3259.2687532901764
depth4_bal_MAAMAMMA,4,MAAMAMMA,12050,144600,0.9811712801456451,1.4447132349014282,1.470206025668553,0.6132506527415144,0.40992167101827676,0.3916545474885334,1.0,0.0003,1.0,3267.487234354019
depth4_bal_MAAMAMMA,4,MAAMAMMA,12075,144900,1.6317261457443237,1.9065135320027669,1.9209295409066336,0.4680156657963446,0.25326370757180156,0.25349591676921357,1.0,0.0003,1.0,3275.669422388077
depth4_bal_MAAMAMMA,4,MAAMAMMA,12100,145200,1.400676300128301,1.9564687808354695,1.9287371090480259,0.4879242819843342,0.2650130548302872,0.28056829623000334,1.0,0.0003,1.0,3282.726184606552
depth4_bal_MAAMAMMA,4,MAAMAMMA,12125,145500,1.2908080319563549,1.6944595177968342,1.708260634967259,0.5205613577023499,0.3028720626631854,0.3222955587873364,1.0,0.0003,1.0,3290.5390255451202
depth4_bal_MAAMAMMA,4,MAAMAMMA,12150,145800,1.1632440586884816,1.5465377966562908,1.6216592073440552,0.5323107049608355,0.3472584856396867,0.3408658686653988,1.0,0.0003,1.0,3298.6616246700287
depth4_bal_MAAMAMMA,4,MAAMAMMA,12175,146100,1.554487407207489,1.7335559924443562,1.745906560761588,0.4112271540469974,0.27023498694516973,0.2975724353954581,1.0,0.0003,1.0,3306.736219882965
depth4_bal_MAAMAMMA,4,MAAMAMMA,12200,146400,1.0978217621644337,1.5097410281499226,1.5303810698645455,0.5783289817232375,0.3537859007832898,0.35652757579147554,1.0,0.0003,1.0,3314.7376453876495
depth4_bal_MAAMAMMA,4,MAAMAMMA,12225,146700,1.3714038928349812,1.7423350016276042,1.8630925995962961,0.47976501305483027,0.3342036553524804,0.31446470522429804,1.0,0.0003,1.0,3322.966293811798
depth4_bal_MAAMAMMA,4,MAAMAMMA,12250,147000,1.2187593380610149,1.5872696240743,1.6203607593263898,0.52088772845953,0.3302872062663185,0.3349367938248126,1.0,0.0003,1.0,3330.6863701343536
depth4_bal_MAAMAMMA,4,MAAMAMMA,12275,147300,1.079990416765213,1.5194580952326457,1.5609387840543474,0.5639686684073107,0.3472584856396867,0.36312786665175073,1.0,0.0003,1.0,3338.6197459697723
depth4_bal_MAAMAMMA,4,MAAMAMMA,12300,147600,1.173154592514038,1.5875284671783447,1.595437124797276,0.5287206266318538,0.3328981723237598,0.33571987918111645,1.0,0.0003,1.0,3341.6573536396027
depth4_bal_MAAMAMMA,4,MAAMAMMA,12325,147900,1.2427445948123932,1.8186335563659668,1.7742552893502372,0.5244778067885117,0.3093994778067885,0.2986911287616064,1.0,0.0003,1.0,3344.7906351089478
depth4_bal_MAAMAMMA,4,MAAMAMMA,12350,148200,1.3626119395097096,2.160426139831543,2.161630599839347,0.4804177545691906,0.2206266318537859,0.24253272178095983,1.0,0.0003,1.0,3350.0602197647095
depth4_bal_MAAMAMMA,4,MAAMAMMA,12375,148500,1.1246064106623332,1.5668326616287231,1.6172631059374127,0.5339425587467362,0.3472584856396867,0.3455643808032218,1.0,0.0003,1.0,3358.0730974674225
depth4_bal_MAAMAMMA,4,MAAMAMMA,12400,148800,1.166425993045171,1.5944900512695312,1.6830157245908464,0.549934725848564,0.3537859007832898,0.3366148338740351,1.0,0.0003,1.0,3366.6171333789825
depth4_bal_MAAMAMMA,4,MAAMAMMA,12425,149100,1.3356263637542725,1.8102898597717285,1.6789127894810267,0.48074412532637073,0.2989556135770235,0.32643472424208525,1.0,0.0003,1.0,3374.830459833145
depth4_bal_MAAMAMMA,4,MAAMAMMA,12450,149400,1.1846369604269664,1.559978763262431,1.55692389692579,0.5450391644908616,0.3563968668407311,0.3425439087146213,1.0,0.0003,1.0,3382.948988676071
depth4_bal_MAAMAMMA,4,MAAMAMMA,12475,149700,1.545497288306554,1.892344355583191,1.9085186788014004,0.456266318537859,0.24412532637075718,0.2496923593243092,1.0,0.0003,1.0,3390.9602069854736
depth4_bal_MAAMAMMA,4,MAAMAMMA,12500,150000,1.4188038806120555,1.8078445593516033,1.8449421405792237,0.46899477806788514,0.27676240208877284,0.27889025618078084,1.0,0.0003,1.0,3398.950269460678
depth4_bal_MAAMAMMA,4,MAAMAMMA,12525,150300,1.4514210025469463,2.1455610593159995,2.1493568897247313,0.4680156657963446,0.21671018276762402,0.23794607897975165,1.0,0.0003,1.0,3407.169598340988
depth4_bal_MAAMAMMA,4,MAAMAMMA,12550,150600,1.2988094488779705,1.753845492998759,1.770451726232256,0.4830287206266319,0.31723237597911225,0.3073050676809487,1.0,0.0003,1.0,3415.2895877361298
depth4_bal_MAAMAMMA,4,MAAMAMMA,12575,150900,1.31065434217453,1.670850356419881,1.6943408727645874,0.47095300261096606,0.33550913838120106,0.32240742812395123,1.0,0.0003,1.0,3423.367518186569
depth4_bal_MAAMAMMA,4,MAAMAMMA,12600,151200,1.077131599187851,1.5508155425389607,1.5243250472205025,0.575065274151436,0.35900783289817234,0.36793824812618864,1.0,0.0003,1.0,3431.6386449337006
depth4_bal_MAAMAMMA,4,MAAMAMMA,12625,151500,1.3326728343963623,1.714904546737671,1.7218516622270856,0.52088772845953,0.3537859007832898,0.32576350822239625,1.0,0.0003,1.0,3438.6326379776
depth4_bal_MAAMAMMA,4,MAAMAMMA,12650,151800,1.2586206197738647,1.7140380144119263,1.726860042980739,0.4830287206266319,0.293733681462141,0.3035015102360443,1.0,0.0003,1.0,3446.791937828064
depth4_bal_MAAMAMMA,4,MAAMAMMA,12675,152100,2.0605498452981315,2.3290586471557617,2.3292875698634554,0.36716710182767626,0.25718015665796345,0.24253272178095983,1.0,0.0003,1.0,3454.991988658905
depth4_bal_MAAMAMMA,4,MAAMAMMA,12700,152400,1.108921080827713,2.097578287124634,2.1282391105379377,0.564621409921671,0.2349869451697128,0.2500279673341537,1.0,0.0003,1.0,3463.2653906345367
depth4_bal_MAAMAMMA,4,MAAMAMMA,12725,152700,1.1565906405448914,1.6280665795008342,1.630987548828125,0.5486292428198434,0.31070496083550914,0.3263228549054704,1.0,0.0003,1.0,3471.302236557007
depth4_bal_MAAMAMMA,4,MAAMAMMA,12750,153000,1.5695241192976634,2.0711990197499595,2.037650091307504,0.43994778067885115,0.2506527415143603,0.2708356639445128,1.0,0.0003,1.0,3479.218691110611
depth4_bal_MAAMAMMA,4,MAAMAMMA,12775,153300,1.183516373236974,1.570408781369527,1.612442023413522,0.539490861618799,0.3198433420365535,0.3324756684192863,1.0,0.0003,1.0,3487.3136723041534
depth4_bal_MAAMAMMA,4,MAAMAMMA,12800,153600,1.0473041981458664,1.538355787595113,1.5764497246061053,0.5766971279373369,0.37467362924281983,0.3577581384942387,1.0,0.0003,1.0,3495.505851507187
depth4_bal_MAAMAMMA,4,MAAMAMMA,12825,153900,1.068916956583659,1.7021233240763347,1.6841789415904453,0.5613577023498695,0.3028720626631854,0.3179326546593579,1.0,0.0003,1.0,3503.3676874637604
depth4_bal_MAAMAMMA,4,MAAMAMMA,12850,154200,1.1542166968186696,1.6773134469985962,1.6808694975716727,0.5313315926892951,0.2989556135770235,0.32151247343103256,1.0,0.0003,1.0,3511.508764028549
depth4_bal_MAAMAMMA,4,MAAMAMMA,12875,154500,1.1206753849983215,1.568580985069275,1.6512013231004987,0.5460182767624021,0.360313315926893,0.33538427117127195,1.0,0.0003,1.0,3519.659341812134
depth4_bal_MAAMAMMA,4,MAAMAMMA,12900,154800,1.1054548819859822,1.61839493115743,1.6569039957863945,0.5427545691906005,0.3342036553524804,0.3410896073386285,1.0,0.0003,1.0,3527.749404191971
depth4_bal_MAAMAMMA,4,MAAMAMMA,12925,155100,1.1063477794329326,1.6073519786198933,1.6310841969081333,0.5535248041775457,0.3577023498694517,0.340753999328784,1.0,0.0003,1.0,3536.4870042800903
depth4_bal_MAAMAMMA,4,MAAMAMMA,12950,155400,0.9977088322242101,1.6302622556686401,1.6571796451296126,0.6057441253263708,0.34073107049608353,0.33437744714173845,1.0,0.0003,1.0,3544.8589029312134
depth4_bal_MAAMAMMA,4,MAAMAMMA,12975,155700,1.8560165166854858,2.1123390992482505,2.102583248274667,0.3472584856396867,0.27023498694516973,0.2608792929857926,1.0,0.0003,1.0,3553.0071773529053
depth4_bal_MAAMAMMA,4,MAAMAMMA,13000,156000,1.2916036943594615,1.7456002632776897,1.7411787986755372,0.47976501305483027,0.2950391644908616,0.301711600850207,1.0,0.0003,1.0,3561.0798456668854
depth4_bal_MAAMAMMA,4,MAAMAMMA,13025,156300,1.1399196585019429,1.7050576607386272,1.7607939754213606,0.5381853785900783,0.3198433420365535,0.32442107618301824,1.0,0.0003,1.0,3568.9029426574707
depth4_bal_MAAMAMMA,4,MAAMAMMA,13050,156600,0.9287687540054321,1.4481094678243,1.4594794341496058,0.6400130548302873,0.3877284595300261,0.41033672670321064,1.0,0.0003,1.0,3576.8941192626953
depth4_bal_MAAMAMMA,4,MAAMAMMA,13075,156900,1.0094852596521378,1.6301464239756267,1.658096364566258,0.5864882506527415,0.35509138381201044,0.3452287727933773,1.0,0.0003,1.0,3585.1071779727936
depth4_bal_MAAMAMMA,4,MAAMAMMA,13100,157200,1.2477598190307617,1.7018760442733765,1.7700862237385342,0.54177545691906,0.31723237597911225,0.301040384830518,1.0,0.0003,1.0,3593.256509780884
depth4_bal_MAAMAMMA,4,MAAMAMMA,13125,157500,1.1741140186786652,1.5186796585718791,1.5417883668627057,0.5267624020887729,0.3668407310704961,0.3640228213446694,1.0,0.0003,1.0,3601.1457130908966
depth4_bal_MAAMAMMA,4,MAAMAMMA,13150,157800,1.2462724248568218,1.6578126351038616,1.6620043209620885,0.5172976501305483,0.3002610966057441,0.33079762837006377,1.0,0.0003,1.0,3609.2579386234283
depth4_bal_MAAMAMMA,4,MAAMAMMA,13175,158100,1.2494856317838032,1.831812858581543,1.8328999757766724,0.5071801566579635,0.27284595300261094,0.2917552298914867,1.0,0.0003,1.0,3617.518435716629
depth4_bal_MAAMAMMA,4,MAAMAMMA,13200,158400,1.6035328308741252,2.0785366694132485,2.061148473194667,0.4552872062663185,0.26762402088772846,0.26043181563933326,1.0,0.0003,1.0,3625.5626752376556
depth4_bal_MAAMAMMA,4,MAAMAMMA,13225,158700,1.098810960849126,1.6045546531677246,1.637787229674203,0.5780026109660574,0.3433420365535248,0.3258753775590111,1.0,0.0003,1.0,3633.606664419174
depth4_bal_MAAMAMMA,4,MAAMAMMA,13250,159000,1.2427887320518494,1.6271664301554363,1.6840078932898386,0.5104438642297651,0.34856396866840733,0.3432151247343103,1.0,0.0003,1.0,3641.6015286445618
depth4_bal_MAAMAMMA,4,MAAMAMMA,13275,159300,1.2975492080052693,1.7099902629852295,1.7373461961746215,0.5698433420365535,0.2989556135770235,0.31390535854122387,1.0,0.0003,1.0,3646.2838764190674
depth4_bal_MAAMAMMA,4,MAAMAMMA,13300,159600,1.20477028687795,1.6831255356470745,1.7235220772879465,0.5577676240208878,0.34073107049608353,0.32609911623224075,1.0,0.0003,1.0,3651.1077151298523
depth4_bal_MAAMAMMA,4,MAAMAMMA,13325,159900,0.9794211039940516,1.4563920100529988,1.4749833481652397,0.610313315926893,0.4007832898172324,0.3966886676362009,1.0,0.0003,1.0,3659.204698085785
depth4_bal_MAAMAMMA,4,MAAMAMMA,13350,160200,1.0484808286031086,1.4593754212061565,1.4808284418923514,0.5780026109660574,0.39295039164490864,0.3853898646381027,1.0,0.0003,1.0,3667.4844868183136
depth4_bal_MAAMAMMA,4,MAAMAMMA,13375,160500,0.9873353838920593,1.5784306526184082,1.5841317653656006,0.6139033942558747,0.34073107049608353,0.35328336502964536,1.0,0.0003,1.0,3674.648725748062
depth4_bal_MAAMAMMA,4,MAAMAMMA,13400,160800,1.416538953781128,1.6017537117004395,1.6319137845720564,0.43048302872062666,0.3133159268929504,0.31849200134243205,1.0,0.0003,1.0,3682.4871237277985
depth4_bal_MAAMAMMA,4,MAAMAMMA,13425,161100,0.9986153990030289,1.4934284289677937,1.5460213797433036,0.5985639686684073,0.3629242819843342,0.3633516053249804,1.0,0.0003,1.0,3690.668004989624
depth4_bal_MAAMAMMA,4,MAAMAMMA,13450,161400,1.6123454868793488,1.7679455677668254,1.8061510937554495,0.3968668407310705,0.283289817232376,0.2830294216355297,1.0,0.0003,1.0,3698.833667755127
depth4_bal_MAAMAMMA,4,MAAMAMMA,13475,161700,0.9049507975578308,1.5610092878341675,1.6052550486155919,0.6367493472584856,0.3681462140992167,0.3579818771674684,1.0,0.0003,1.0,3706.7019844055176
depth4_bal_MAAMAMMA,4,MAAMAMMA,13500,162000,1.5234974126021068,1.7819356520970662,1.7782902649470738,0.43994778067885115,0.3289817232375979,0.3183801320058172,1.0,0.0003,1.0,3713.991166114807
depth4_bal_MAAMAMMA,4,MAAMAMMA,13525,162300,1.4856295188268025,1.806987961133321,1.823784511429923,0.44386422976501305,0.2297650130548303,0.24566506320617518,1.0,0.0003,1.0,3722.0570256710052
depth4_bal_MAAMAMMA,4,MAAMAMMA,13550,162600,1.69082776705424,2.0183224280675254,2.133656406402588,0.42721932114882505,0.2519582245430809,0.2414140284148115,1.0,0.0003,1.0,3729.9379959106445
depth4_bal_MAAMAMMA,4,MAAMAMMA,13575,162900,1.286000907421112,2.0503482818603516,2.0844298567090718,0.4954308093994778,0.27284595300261094,0.28783980310996754,1.0,0.0003,1.0,3738.051589012146
depth4_bal_MAAMAMMA,4,MAAMAMMA,13600,163200,1.0402431935071945,1.4788765907287598,1.5434121642793928,0.5877937336814621,0.391644908616188,0.3727486296006265,1.0,0.0003,1.0,3746.9433302879333
depth4_bal_MAAMAMMA,4,MAAMAMMA,13625,163500,0.9067476143439611,1.5186750491460164,1.5414599691118513,0.6432767624020888,0.39425587467362927,0.36156169593914306,1.0,0.0003,1.0,3754.8825976848602
depth4_bal_MAAMAMMA,4,MAAMAMMA,13650,163800,1.1699621280034382,1.8740111192067463,1.9575218643460954,0.5234986945169713,0.2963446475195822,0.28056829623000334,1.0,0.0003,1.0,3762.920730113983
depth4_bal_MAAMAMMA,4,MAAMAMMA,13675,164100,1.189700057109197,1.5178149143854778,1.5415607009615218,0.5225195822454308,0.3720626631853786,0.3715180668978633,1.0,0.0003,1.0,3770.904287338257
depth4_bal_MAAMAMMA,4,MAAMAMMA,13700,164400,1.1556705137093861,1.5918473800023396,1.5849837269101823,0.6214099216710183,0.34203655352480417,0.346794943505985,1.0,0.0003,1.0,3779.8423483371735
depth4_bal_MAAMAMMA,4,MAAMAMMA,13725,164700,1.0316800723473232,1.4523017406463623,1.4812923431396485,0.5845300261096605,0.3981723237597911,0.3874035126971697,1.0,0.0003,1.0,3788.677516222
depth4_bal_MAAMAMMA,4,MAAMAMMA,13750,165000,1.1131560852130253,1.6843808889389038,1.669455545289176,0.5806135770234987,0.3224543080939948,0.33135697505313794,1.0,0.0003,1.0,3796.8922548294067
depth4_bal_MAAMAMMA,4,MAAMAMMA,13775,165300,0.9597002665201823,1.5431028207143147,1.5682385444641114,0.631201044386423,0.38642297650130547,0.3653652533840474,1.0,0.0003,1.0,3805.697652578354
depth4_bal_MAAMAMMA,4,MAAMAMMA,13800,165600,1.0823208391666412,1.4490868250528972,1.4911002125058854,0.577023498694517,0.37989556135770236,0.3783420964313682,1.0,0.0003,1.0,3813.9103906154633
depth4_bal_MAAMAMMA,4,MAAMAMMA,13825,165900,1.1505745649337769,1.4733877182006836,1.5067583697182791,0.5228459530026109,0.3785900783289817,0.37196554424432265,1.0,0.0003,1.0,3822.6650156974792
depth4_bal_MAAMAMMA,4,MAAMAMMA,13850,166200,1.122908592224121,1.519145170847575,1.5159892695290702,0.5388381201044387,0.3629242819843342,0.3718536749077078,1.0,0.0003,1.0,3831.8754320144653
depth4_bal_MAAMAMMA,4,MAAMAMMA,13875,166500,1.4276298085848491,2.039299408594767,2.0898847920554027,0.5026109660574413,0.2989556135770235,0.2843718536749077,1.0,0.0003,1.0,3840.94317483902
depth4_bal_MAAMAMMA,4,MAAMAMMA,13900,166800,1.1664566099643707,1.5955188274383545,1.6167178869247436,0.5287206266318538,0.3368146214099217,0.3401946526457098,1.0,0.0003,1.0,3849.8179128170013
depth4_bal_MAAMAMMA,4,MAAMAMMA,13925,167100,0.8986791223287582,1.6568957169850667,1.6271588121141707,0.6292428198433421,0.36553524804177545,0.36581273073050674,1.0,0.0003,1.0,3857.647285938263
depth4_bal_MAAMAMMA,4,MAAMAMMA,13950,167400,1.0615876366694768,1.7942044337590535,1.742848995753697,0.5629895561357703,0.3289817232375979,0.3547376664056382,1.0,0.0003,1.0,3866.2661287784576
depth4_bal_MAAMAMMA,4,MAAMAMMA,13975,167700,0.9825153450171152,1.5453150669733684,1.542777521269662,0.6266318537859008,0.370757180156658,0.36312786665175073,1.0,0.0003,1.0,3874.5946247577667
depth4_bal_MAAMAMMA,4,MAAMAMMA,14000,168000,1.0472505788008373,1.4601871172587078,1.4774006979806082,0.5737597911227154,0.381201044386423,0.3801320058172055,1.0,0.0003,1.0,3883.6759281158447
depth4_bal_MAAMAMMA,4,MAAMAMMA,14025,168300,0.9462576657533646,1.4886215925216675,1.4940465177808488,0.6387075718015666,0.3681462140992167,0.3884103367267032,1.0,0.0003,1.0,3892.9721994400024
depth4_bal_MAAMAMMA,4,MAAMAMMA,14050,168600,1.2402760287125905,1.6540435949961345,1.6438148021697998,0.49967362924281983,0.31723237597911225,0.348137375545363,1.0,0.0003,1.0,3897.010152578354
depth4_bal_MAAMAMMA,4,MAAMAMMA,14075,168900,2.1977229515711465,2.2413340409596763,2.2966558524540495,0.2898172323759791,0.21801566579634465,0.19577133907595928,1.0,0.0003,1.0,3901.061556816101
depth4_bal_MAAMAMMA,4,MAAMAMMA,14100,169200,1.6999304195245106,2.302738825480143,2.2263267585209436,0.41024804177545693,0.24281984334203655,0.26132677033225193,1.0,0.0003,1.0,3905.208183526993
depth4_bal_MAAMAMMA,4,MAAMAMMA,14125,169500,0.9580821990966797,1.8904282251993816,1.9168001890182496,0.6197780678851175,0.304177545691906,0.28593802438751537,1.0,0.0003,1.0,3909.2515897750854
depth4_bal_MAAMAMMA,4,MAAMAMMA,14150,169800,0.8112195084492365,1.3687198559443157,1.3840299095426287,0.672976501305483,0.4425587467362924,0.422866092404072,1.0,0.0003,1.0,3913.2867267131805
depth4_bal_MAAMAMMA,4,MAAMAMMA,14175,170100,0.8446300476789474,1.3959427277247112,1.41018123286111,0.6638381201044387,0.4112271540469974,0.4078756012976843,1.0,0.0003,1.0,3917.32346701622
depth4_bal_MAAMAMMA,4,MAAMAMMA,14200,170400,1.2690827747186024,1.7714682817459106,1.8380688496998379,0.5463446475195822,0.3342036553524804,0.3388522206063318,1.0,0.0003,1.0,3921.4916892051697
depth4_bal_MAAMAMMA,4,MAAMAMMA,14225,170700,1.3494052588939667,2.1667019526163735,2.1268094982419696,0.5026109660574413,0.30809399477806787,0.2717306186374315,1.0,0.0003,1.0,3926.210505962372
depth4_bal_MAAMAMMA,4,MAAMAMMA,14250,171000,0.7803402046362559,1.3680158456166585,1.4217522723334177,0.6945169712793734,0.45300261096605743,0.421523660364694,1.0,0.0003,1.0,3934.3262000083923
depth4_bal_MAAMAMMA,4,MAAMAMMA,14275,171300,0.9577419559160868,1.5625337362289429,1.5749954870768956,0.6155352480417755,0.3524804177545692,0.3620091732856024,1.0,0.0003,1.0,3942.5136864185333
depth4_bal_MAAMAMMA,4,MAAMAMMA,14300,171600,1.19578817486763,1.80424165725708,1.8783335753849575,0.5545039164490861,0.26631853785900783,0.2755341760823358,1.0,0.0003,1.0,3950.3702523708344
depth4_bal_MAAMAMMA,4,MAAMAMMA,14325,171900,0.9773567964633306,1.5955408414204915,1.635384658404759,0.6037859007832899,0.34595300261096606,0.33437744714173845,1.0,0.0003,1.0,3958.4988343715668
depth4_bal_MAAMAMMA,4,MAAMAMMA,14350,172200,1.5450515747070312,2.0700777769088745,2.0699507713317873,0.42656657963446476,0.2506527415143603,0.23962411902897415,1.0,0.0003,1.0,3966.5250198841095
depth4_bal_MAAMAMMA,4,MAAMAMMA,14375,172500,1.049790620803833,1.6429355541865032,1.6679561172212873,0.570822454308094,0.34595300261096606,0.3550732744154827,1.0,0.0003,1.0,3971.168097257614
depth4_bal_MAAMAMMA,4,MAAMAMMA,14400,172800,1.102950468659401,1.7283174594243367,1.719898567880903,0.5525456919060052,0.3002610966057441,0.31882760935227655,1.0,0.0003,1.0,3976.0295934677124
depth4_bal_MAAMAMMA,4,MAAMAMMA,14425,173100,1.146751840909322,1.5473280747731526,1.559052245957511,0.5440600522193212,0.34856396866840733,0.369056941492337,1.0,0.0003,1.0,3984.2089047431946
depth4_bal_MAAMAMMA,4,MAAMAMMA,14450,173400,1.1020770122607548,1.7828623056411743,1.8653776373182025,0.5724543080939948,0.31462140992167104,0.307081329007719,1.0,0.0003,1.0,3992.3783259391785
depth4_bal_MAAMAMMA,4,MAAMAMMA,14475,173700,1.061142196257909,1.628130316734314,1.6428534712110248,0.6321801566579635,0.3328981723237598,0.3490323302382817,1.0,0.0003,1.0,4000.5354375839233
depth4_bal_MAAMAMMA,4,MAAMAMMA,14500,174000,0.9427544176578522,1.4775003989537556,1.5121053423200335,0.6315274151436031,0.39425587467362927,0.378453965767983,1.0,0.0003,1.0,4008.4074428081512
depth4_bal_MAAMAMMA,4,MAAMAMMA,14525,174300,1.0161966135104497,1.4770175218582153,1.547867328780038,0.5959530026109661,0.37597911227154046,0.3601073945631502,1.0,0.0003,1.0,4016.5019710063934
depth4_bal_MAAMAMMA,4,MAAMAMMA,14550,174600,0.9770033061504364,1.4545356432596843,1.5097726379122054,0.5959530026109661,0.3733681462140992,0.3711824588880188,1.0,0.0003,1.0,4021.7338678836823
depth4_bal_MAAMAMMA,4,MAAMAMMA,14575,174900,1.3713453610738118,1.9544262886047363,2.0334160157612393,0.506201044386423,0.2506527415143603,0.243763284483723,1.0,0.0003,1.0,4024.9112446308136
depth4_bal_MAAMAMMA,4,MAAMAMMA,14600,175200,2.03266449769338,3.019618590672811,3.022675841195243,0.3524804177545692,0.17754569190600522,0.18838796285938025,1.0,0.0003,1.0,4029.555610179901
depth4_bal_MAAMAMMA,4,MAAMAMMA,14625,175500,1.0081820289293926,1.5902349948883057,1.5722760711397443,0.612597911227154,0.3381201044386423,0.34959167692135584,1.0,0.0003,1.0,4032.6391355991364
depth4_bal_MAAMAMMA,4,MAAMAMMA,14650,175800,0.960127462943395,1.5452181100845337,1.5697050946099418,0.608355091383812,0.3720626631853786,0.37162993623447815,1.0,0.0003,1.0,4037.765531539917
depth4_bal_MAAMAMMA,4,MAAMAMMA,14675,176100,0.9171636601289114,1.5365951458613079,1.6098852838788713,0.6383812010443864,0.35900783289817234,0.34858485289182234,1.0,0.0003,1.0,4045.6684687137604
depth4_bal_MAAMAMMA,4,MAAMAMMA,14700,176400,0.8772236406803131,1.3764533599217732,1.4726345198495048,0.6566579634464752,0.4490861618798956,0.40407204385277995,1.0,0.0003,1.0,4053.7594425678253
depth4_bal_MAAMAMMA,4,MAAMAMMA,14725,176700,1.099558432896932,1.5748636325200398,1.659697914123535,0.5633159268929504,0.3642297650130548,0.34030652198232464,1.0,0.0003,1.0,4062.1101582050323
depth4_bal_MAAMAMMA,4,MAAMAMMA,14750,177000,0.8034903804461161,1.311522364616394,1.3594711984906878,0.6892950391644909,0.4699738903394256,0.4563150240519074,1.0,0.0003,1.0,4071.0837121009827
depth4_bal_MAAMAMMA,4,MAAMAMMA,14775,177300,0.9681740899880728,1.4327027002970378,1.469220791544233,0.6181462140992167,0.391644908616188,0.39512249692359325,1.0,0.0003,1.0,4079.5208661556244
depth4_bal_MAAMAMMA,4,MAAMAMMA,14800,177600,1.030521109700203,1.6592729489008586,1.7188378844942365,0.5943211488250653,0.3302872062663185,0.31748517731289855,1.0,0.0003,1.0,4087.555844783783
depth4_bal_MAAMAMMA,4,MAAMAMMA,14825,177900,0.9593411535024643,1.4980841080347698,1.5042562689099992,0.6201044386422977,0.3577023498694517,0.38393556326210987,1.0,0.0003,1.0,4095.6159501075745
depth4_bal_MAAMAMMA,4,MAAMAMMA,14850,178200,0.9434951742490133,1.6465519666671753,1.6605622529983521,0.6178198433420365,0.38511749347258484,0.352835887683186,1.0,0.0003,1.0,4103.739772081375
depth4_bal_MAAMAMMA,4,MAAMAMMA,14875,178500,0.9491972078879675,1.4651455481847127,1.4969340596880232,0.6501305483028721,0.38903394255874674,0.37789461908490884,1.0,0.0003,1.0,4112.044458866119
depth4_bal_MAAMAMMA,4,MAAMAMMA,14900,178800,1.0840361267328262,1.8163344860076904,1.8050773075648716,0.5842036553524804,0.30156657963446476,0.303054032889585,1.0,0.0003,1.0,4121.270224094391
depth4_bal_MAAMAMMA,4,MAAMAMMA,14925,179100,0.9617426445086797,1.504620353380839,1.5559606449944632,0.6517624020887729,0.38642297650130547,0.3816981765298132,1.0,0.0003,1.0,4129.6314532756805
depth4_bal_MAAMAMMA,4,MAAMAMMA,14950,179400,1.0234467436869938,1.6308941841125488,1.6398488078798568,0.6204308093994778,0.3381201044386423,0.34343886340754,1.0,0.0003,1.0,4137.656007051468
depth4_bal_MAAMAMMA,4,MAAMAMMA,14975,179700,1.1775734722614288,1.645308494567871,1.7004011937550136,0.539490861618799,0.3342036553524804,0.3093187157400157,1.0,0.0003,1.0,4140.681028366089
depth4_bal_MAAMAMMA,4,MAAMAMMA,15000,180000,0.97146937251091,1.4717475175857544,1.4927619525364466,0.6432767624020888,0.37989556135770236,0.3852779953014879,1.0,0.0003,1.0,4147.636569261551
depth4_bal_MAAMAMMA,4,MAAMAMMA,15025,180300,0.8401741335789362,1.4032713969548543,1.4297653164182391,0.6723237597911227,0.43994778067885115,0.421523660364694,1.0,0.0003,1.0,4156.127397060394
depth4_bal_MAAMAMMA,4,MAAMAMMA,15050,180600,0.9211913595596949,1.4509548743565877,1.5060956818716866,0.6439295039164491,0.40992167101827676,0.381810045866428,1.0,0.0003,1.0,4163.998408794403
depth4_bal_MAAMAMMA,4,MAAMAMMA,15075,180900,1.0741833051045735,1.6725371678670247,1.6858408178601947,0.58322454308094,0.35509138381201044,0.3720774135809375,1.0,0.0003,1.0,4171.836235046387
depth4_bal_MAAMAMMA,4,MAAMAMMA,15100,181200,1.1194462825854619,1.8600513537724812,1.862830638885498,0.554177545691906,0.293733681462141,0.2830294216355297,1.0,0.0003,1.0,4179.774800300598
depth4_bal_MAAMAMMA,4,MAAMAMMA,15125,181500,1.1106110662221909,1.82490869363149,1.8064185108457294,0.5538511749347258,0.33159268929503916,0.3455643808032218,1.0,0.0003,1.0,4183.560930013657
depth4_bal_MAAMAMMA,4,MAAMAMMA,15150,181800,0.8483217308918635,1.7191604773203533,1.7315675837653024,0.6406657963446475,0.3224543080939948,0.3435507327441548,1.0,0.0003,1.0,4189.960413694382
depth4_bal_MAAMAMMA,4,MAAMAMMA,15175,182100,0.7970308264096578,1.340449055035909,1.3837493624005999,0.6693864229765013,0.42689295039164493,0.4294663832643472,1.0,0.0003,1.0,4198.077311515808
depth4_bal_MAAMAMMA,4,MAAMAMMA,15200,182400,1.117084264755249,1.49250066280365,1.5375549248286655,0.6227154046997389,0.38903394255874674,0.371070589551404,1.0,0.0003,1.0,4206.160303354263
depth4_bal_MAAMAMMA,4,MAAMAMMA,15225,182700,0.8516219059626261,1.2584750254948933,1.3540122474942888,0.6677545691906005,0.45691906005221933,0.4380803221836895,1.0,0.0003,1.0,4214.451338291168
depth4_bal_MAAMAMMA,4,MAAMAMMA,15250,183000,1.178758054971695,1.8446425596872966,1.846310601915632,0.5613577023498695,0.304177545691906,0.31155610247231236,1.0,0.0003,1.0,4219.433276414871
depth4_bal_MAAMAMMA,4,MAAMAMMA,15275,183300,1.18854625026385,1.5914570490519206,1.62432484967368,0.5296997389033943,0.360313315926893,0.3351605324980423,1.0,0.0003,1.0,4227.197815656662
depth4_bal_MAAMAMMA,4,MAAMAMMA,15300,183600,1.046543871363004,1.7773358424504597,1.7491984605789184,0.6282637075718016,0.3877284595300261,0.37263676026401166,1.0,0.0003,1.0,4235.107865095139
depth4_bal_MAAMAMMA,4,MAAMAMMA,15325,183900,1.3501811921596527,2.0387169122695923,2.026628405707223,0.5336161879895561,0.30548302872062666,0.2980199127419174,1.0,0.0003,1.0,4243.2018756866455
depth4_bal_MAAMAMMA,4,MAAMAMMA,15350,184200,0.8866112679243088,1.6328000624974568,1.6436061552592687,0.64588772845953,0.3472584856396867,0.34634746615952566,1.0,0.0003,1.0,4251.167547225952
depth4_bal_MAAMAMMA,4,MAAMAMMA,15375,184500,1.0161396364370983,1.686490495999654,1.713700076511928,0.6390339425587467,0.33159268929503916,0.3493679382481262,1.0,0.0003,1.0,4259.020060777664
depth4_bal_MAAMAMMA,4,MAAMAMMA,15400,184800,1.5275429983933766,2.0288738012313843,1.9343969821929932,0.4497389033942559,0.2754569190600522,0.2730730506768095,1.0,0.0003,1.0,4266.821655750275
depth4_bal_MAAMAMMA,4,MAAMAMMA,15425,185100,0.9158131927251816,1.408289909362793,1.4549168143953597,0.6393603133159269,0.39033942558746737,0.39814296901219376,1.0,0.0003,1.0,4275.156752109528
depth4_bal_MAAMAMMA,4,MAAMAMMA,15450,185400,1.0572466204563777,1.8390624523162842,1.7957155874797277,0.5796344647519582,0.3263707571801567,0.3302382816869896,1.0,0.0003,1.0,4283.32901597023
depth4_bal_MAAMAMMA,4,MAAMAMMA,15475,185700,0.9340488463640213,1.5702111721038818,1.576076466696603,0.6282637075718016,0.3368146214099217,0.3640228213446694,1.0,0.0003,1.0,4291.253593206406
depth4_bal_MAAMAMMA,4,MAAMAMMA,15500,186000,0.9209023714065552,1.600640336672465,1.6178358520780292,0.6325065274151436,0.360313315926893,0.35093410896073385,1.0,0.0003,1.0,4298.430695533752
depth4_bal_MAAMAMMA,4,MAAMAMMA,15525,186300,0.9053369412819544,1.4400474627812703,1.5047087056296213,0.6560052219321149,0.39556135770234985,0.39970913972480143,1.0,0.0003,1.0,4306.051951408386
depth4_bal_MAAMAMMA,4,MAAMAMMA,15550,186600,1.280351201693217,1.6930258671442668,1.7191846200398035,0.49445169712793735,0.2845953002610966,0.3120035798187717,1.0,0.0003,1.0,4314.192494869232
depth4_bal_MAAMAMMA,4,MAAMAMMA,15575,186900,0.8860194732745489,1.5262251297632854,1.564376698221479,0.652088772845953,0.3733681462140992,0.3671551627698848,1.0,0.0003,1.0,4322.184829235077
depth4_bal_MAAMAMMA,4,MAAMAMMA,15600,187200,0.8619655817747116,1.4136143922805786,1.4816672325134277,0.6719973890339426,0.39425587467362927,0.38986463810269606,1.0,0.0003,1.0,4330.1878316402435
depth4_bal_MAAMAMMA,4,MAAMAMMA,15625,187500,0.9908295224110285,1.6560858488082886,1.7283552510397775,0.6099869451697127,0.3263707571801567,0.33874035126971697,1.0,0.0003,1.0,4338.191616535187
depth4_bal_MAAMAMMA,4,MAAMAMMA,15650,187800,0.9790305296579996,1.8776025374730427,1.9064071484974452,0.6279373368146214,0.3302872062663185,0.32934332699407093,1.0,0.0003,1.0,4346.16118645668
depth4_bal_MAAMAMMA,4,MAAMAMMA,15675,188100,0.7458577007055283,1.3195306062698364,1.37108040196555,0.7180156657963447,0.44386422976501305,0.437744714173845,1.0,0.0003,1.0,4354.10778427124
depth4_bal_MAAMAMMA,4,MAAMAMMA,15700,188400,0.9779677937428156,1.7305606603622437,1.7139487777437483,0.6152088772845953,0.30678851174934724,0.3432151247343103,1.0,0.0003,1.0,4362.209440946579
depth4_bal_MAAMAMMA,4,MAAMAMMA,15725,188700,0.7373732179403305,1.3197587728500366,1.3320363419396537,0.7271540469973891,0.4347258485639687,0.4557556773688332,1.0,0.0003,1.0,4370.389615535736
depth4_bal_MAAMAMMA,4,MAAMAMMA,15750,189000,0.8577460000912348,1.449195384979248,1.4468122448240008,0.6801566579634465,0.37597911227154046,0.3966886676362009,1.0,0.0003,1.0,4378.237633705139
depth4_bal_MAAMAMMA,4,MAAMAMMA,15775,189300,0.8779424031575521,1.380541721979777,1.4240851640701293,0.6716710182767625,0.40992167101827676,0.4142521534847298,1.0,0.0003,1.0,4386.2265956401825
depth4_bal_MAAMAMMA,4,MAAMAMMA,15800,189600,1.0731358577807744,1.5123762687047322,1.5596854925155639,0.5718015665796344,0.36945169712793735,0.3754334936793825,1.0,0.0003,1.0,4394.388558387756
depth4_bal_MAAMAMMA,4,MAAMAMMA,15825,189900,0.8703329463799795,1.435585896174113,1.4849511078425817,0.6801566579634465,0.4073107049608355,0.4088824253272178,1.0,0.0003,1.0,4402.576980113983
depth4_bal_MAAMAMMA,4,MAAMAMMA,15850,190200,0.9072961012522379,1.4849047660827637,1.5555924279349191,0.6442558746736292,0.37989556135770236,0.37532162434276767,1.0,0.0003,1.0,4410.756384372711
depth4_bal_MAAMAMMA,4,MAAMAMMA,15875,190500,0.8694873303174973,1.4728583097457886,1.4988353150231497,0.6484986945169713,0.4164490861618799,0.40642129992169146,1.0,0.0003,1.0,4418.991246700287
depth4_bal_MAAMAMMA,4,MAAMAMMA,15900,190800,1.1661359618107479,1.8231005668640137,1.9587254456111363,0.558420365535248,0.33550913838120106,0.30394898758250366,1.0,0.0003,1.0,4426.633541107178
depth4_bal_MAAMAMMA,4,MAAMAMMA,15925,191100,0.9465661694606146,1.5331806739171345,1.5793903929846627,0.6178198433420365,0.37467362924281983,0.37621657903568634,1.0,0.0003,1.0,4434.664551973343
depth4_bal_MAAMAMMA,4,MAAMAMMA,15950,191400,0.851435661315918,1.3937350114186604,1.4542644126074655,0.6592689295039165,0.41906005221932113,0.4131334601185815,1.0,0.0003,1.0,4442.762941360474
depth4_bal_MAAMAMMA,4,MAAMAMMA,15975,191700,1.2889053026835124,2.107046286265055,2.2092154366629466,0.5195822454308094,0.26631853785900783,0.27631726143863966,1.0,0.0003,1.0,4450.560492038727
depth4_bal_MAAMAMMA,4,MAAMAMMA,16000,192000,0.909303014477094,1.4802230993906658,1.4997040067400251,0.6498041775456919,0.3772845953002611,0.37621657903568634,1.0,0.0003,1.0,4458.667063713074
depth4_bal_MAAMAMMA,4,MAAMAMMA,16025,192300,0.9392168124516805,1.562611977259318,1.6374038321631295,0.6445822454308094,0.381201044386423,0.3518290636536525,1.0,0.0003,1.0,4467.623641729355
depth4_bal_MAAMAMMA,4,MAAMAMMA,16050,192600,0.8818734784921011,1.7178454001744587,1.8050746202468873,0.6292428198433421,0.3328981723237598,0.33370623112204945,1.0,0.0003,1.0,4476.051597595215
depth4_bal_MAAMAMMA,4,MAAMAMMA,16075,192900,0.7758662650982538,1.3494290908177693,1.3836020708084107,0.733355091383812,0.4425587467362924,0.4342767647387851,1.0,0.0003,1.0,4484.435671329498
depth4_bal_MAAMAMMA,4,MAAMAMMA,16100,193200,0.7977571239074072,1.3353732029596965,1.3928513969693865,0.6837467362924282,0.4621409921671018,0.4391990155498378,1.0,0.0003,1.0,4493.222378253937
depth4_bal_MAAMAMMA,4,MAAMAMMA,16125,193500,0.833730568488439,1.4457995891571045,1.4629165887832642,0.6491514360313316,0.4046997389033943,0.40507886788231345,1.0,0.0003,1.0,4501.508236169815
depth4_bal_MAAMAMMA,4,MAAMAMMA,16150,193800,1.5237875779469807,2.4754161834716797,2.518139736992972,0.5013054830287206,0.2754569190600522,0.2605436849759481,1.0,0.0003,1.0,4508.705756902695
depth4_bal_MAAMAMMA,4,MAAMAMMA,16175,194100,0.7451574951410294,1.4477752844492595,1.5278491258621216,0.716710182767624,0.4699738903394256,0.44132453294551965,1.0,0.0003,1.0,4511.776594400406
depth4_bal_MAAMAMMA,4,MAAMAMMA,16200,194400,0.8389723400274912,1.5365962584813435,1.6023218938282557,0.6876631853785901,0.4255874673629243,0.4097773800201365,1.0,0.0003,1.0,4514.831120014191
depth4_bal_MAAMAMMA,4,MAAMAMMA,16225,194700,1.3854331870873768,2.1088595390319824,2.061077203069414,0.4892297650130548,0.2689295039164491,0.2837006376552187,1.0,0.0003,1.0,4517.898314476013
depth4_bal_MAAMAMMA,4,MAAMAMMA,16250,195000,1.0545521626869838,1.5658779939015706,1.6611497913088118,0.5838772845953003,0.3642297650130548,0.3537308423761047,1.0,0.0003,1.0,4521.104679107666
depth4_bal_MAAMAMMA,4,MAAMAMMA,16275,195300,1.4839977423350017,2.35318390528361,2.2337053333009993,0.5300261096605744,0.30156657963446476,0.28023268822015884,1.0,0.0003,1.0,4524.18553686142
depth4_bal_MAAMAMMA,4,MAAMAMMA,16300,195600,0.9463402777910233,1.5473829507827759,1.5951111997876848,0.6321801566579635,0.37989556135770236,0.3780064884215237,1.0,0.0003,1.0,4527.240117073059
depth4_bal_MAAMAMMA,4,MAAMAMMA,16325,195900,1.0623426189025242,2.145492156346639,2.177220092500959,0.5740861618798956,0.24934725848563968,0.2588656449267256,1.0,0.0003,1.0,4534.148252487183
depth4_bal_MAAMAMMA,4,MAAMAMMA,16350,196200,1.1881598929564159,1.644225041071574,1.685613478933062,0.5248041775456919,0.3394255874673629,0.32934332699407093,1.0,0.0003,1.0,4542.41397356987
depth4_bal_MAAMAMMA,4,MAAMAMMA,16375,196500,0.9905047416687012,1.427578290303548,1.4586775439126152,0.5796344647519582,0.40992167101827676,0.40765186262445463,1.0,0.0003,1.0,4550.299436569214
depth4_bal_MAAMAMMA,4,MAAMAMMA,16400,196800,1.2398601869742076,1.8982887665430705,1.9264328718185424,0.6037859007832899,0.30156657963446476,0.3155833985904464,1.0,0.0003,1.0,4558.489953517914
depth4_bal_MAAMAMMA,4,MAAMAMMA,16425,197100,0.8699324975411097,1.4993357261021931,1.5576999494007655,0.658289817232376,0.3825065274151436,0.37554536301599734,1.0,0.0003,1.0,4566.631436347961
depth4_bal_MAAMAMMA,4,MAAMAMMA,16450,197400,0.6986286838849386,1.3368792533874512,1.3764352185385569,0.7330287206266318,0.47911227154047,0.46146101353618973,1.0,0.0003,1.0,4574.636079549789
depth4_bal_MAAMAMMA,4,MAAMAMMA,16475,197700,0.8483646909395853,1.4963740905125935,1.5568012748445783,0.6690600522193212,0.39295039164490864,0.38415930193533954,1.0,0.0003,1.0,4582.278874874115
depth4_bal_MAAMAMMA,4,MAAMAMMA,16500,198000,1.264560043811798,1.7574863036473591,1.8164971283503941,0.529373368146214,0.33159268929503916,0.3233023828168699,1.0,0.0003,1.0,4590.130506277084
depth4_bal_MAAMAMMA,4,MAAMAMMA,16525,198300,0.8268854717413584,1.4316673278808594,1.5042714425495693,0.6772193211488251,0.40992167101827676,0.39948540105157176,1.0,0.0003,1.0,4598.351561307907
depth4_bal_MAAMAMMA,4,MAAMAMMA,16550,198600,0.8209360092878342,1.6841201384862263,1.7031284877232142,0.6906005221932114,0.4007832898172324,0.4006040944177201,1.0,0.0003,1.0,4601.419716596603
depth4_bal_MAAMAMMA,4,MAAMAMMA,16575,198900,0.7572062710920969,1.3860111633936565,1.400277805328369,0.6968015665796344,0.44386422976501305,0.4395346235596823,1.0,0.0003,1.0,4609.518112182617
depth4_bal_MAAMAMMA,4,MAAMAMMA,16600,199200,0.7827524890502294,1.3318404356638591,1.3563629184450423,0.7278067885117493,0.43733681462140994,0.4339411567289406,1.0,0.0003,1.0,4617.396846532822
depth4_bal_MAAMAMMA,4,MAAMAMMA,16625,199500,0.7645615339279175,1.4777551889419556,1.5399564640862602,0.7356396866840731,0.40600522193211486,0.39937353171495693,1.0,0.0003,1.0,4625.646560430527
depth4_bal_MAAMAMMA,4,MAAMAMMA,16650,199800,0.9019174128770828,1.7268195152282715,1.806865497997829,0.6259791122715405,0.3368146214099217,0.3146884438975277,1.0,0.0003,1.0,4633.013492822647
depth4_bal_MAAMAMMA,4,MAAMAMMA,16675,200100,0.8975549787282944,1.375726302464803,1.4350105796541486,0.6360966057441253,0.43342036553524804,0.40910616400044747,1.0,0.0003,1.0,4640.919736623764
depth4_bal_MAAMAMMA,4,MAAMAMMA,16700,200400,0.7099925180276235,1.3146872917811077,1.388613476072039,0.7327023498694517,0.4556135770234987,0.4414364022821345,1.0,0.0003,1.0,4649.204883813858
depth4_bal_MAAMAMMA,4,MAAMAMMA,16725,200700,0.7734364718198776,1.2991087436676025,1.3476399660110474,0.712467362924282,0.45822454308093996,0.439758362232912,1.0,0.0003,1.0,4657.319241762161
depth4_bal_MAAMAMMA,4,MAAMAMMA,16750,201000,0.7751268545786539,1.6296347777048747,1.6375881944383894,0.695822454308094,0.36553524804177545,0.3607786105828392,1.0,0.0003,1.0,4665.499654054642
depth4_bal_MAAMAMMA,4,MAAMAMMA,16775,201300,1.1836618185043335,1.9368174076080322,2.0091978992734636,0.5691906005221932,0.283289817232376,0.28616176306074503,1.0,0.0003,1.0,4673.725968122482
depth4_bal_MAAMAMMA,4,MAAMAMMA,16800,201600,0.7834519743919373,1.4161546627680461,1.4804835898535593,0.7114882506527415,0.40600522193211486,0.40116344110079427,1.0,0.0003,1.0,4681.464189052582
depth4_bal_MAAMAMMA,4,MAAMAMMA,16825,201900,0.9482957969109217,1.5761375824610393,1.632934468133109,0.6116187989556136,0.370757180156658,0.3653652533840474,1.0,0.0003,1.0,4689.357387065887
depth4_bal_MAAMAMMA,4,MAAMAMMA,16850,202200,0.7647458910942078,1.4122302134831746,1.4415994576045446,0.6964751958224543,0.41906005221932113,0.41078420404967,1.0,0.0003,1.0,4694.722209692001
depth4_bal_MAAMAMMA,4,MAAMAMMA,16875,202500,0.7540681312481562,1.3701122601826985,1.3862015008926392,0.6987597911227154,0.42950391644908614,0.44233135697505316,1.0,0.0003,1.0,4697.748324394226
depth4_bal_MAAMAMMA,4,MAAMAMMA,16900,202800,0.676740899682045,1.3414621750513713,1.3812972749982562,0.7372715404699739,0.47127937336814624,0.46806130439646493,1.0,0.0003,1.0,4700.908485412598
depth4_bal_MAAMAMMA,4,MAAMAMMA,16925,203100,0.8927756498257319,1.5697480042775471,1.5679135186331612,0.6455613577023499,0.3577023498694517,0.36391095200805457,1.0,0.0003,1.0,4703.927308320999
depth4_bal_MAAMAMMA,4,MAAMAMMA,16950,203400,0.9642513543367386,1.4553377230962117,1.5199583087648665,0.6106396866840731,0.3877284595300261,0.4021702651303278,1.0,0.0003,1.0,4706.951549053192
depth4_bal_MAAMAMMA,4,MAAMAMMA,16975,203700,1.1135615706443787,1.6287154754002888,1.6238995347704206,0.5877937336814621,0.34203655352480417,0.3574225304843942,1.0,0.0003,1.0,4713.328303337097
depth4_bal_MAAMAMMA,4,MAAMAMMA,17000,204000,1.0525779177745183,1.711338480313619,1.732336677823748,0.6015013054830287,0.3133159268929504,0.3089831077301712,1.0,0.0003,1.0,4721.494208574295
depth4_bal_MAAMAMMA,4,MAAMAMMA,17025,204300,0.7538355241219202,1.4078739086786907,1.4272799934659686,0.7163838120104439,0.42428198433420367,0.4298019912741917,1.0,0.0003,1.0,4729.708057403564
depth4_bal_MAAMAMMA,4,MAAMAMMA,17050,204600,0.865174392859141,1.4947786728541057,1.5554171766553606,0.7173629242819843,0.3825065274151436,0.36547712272066224,1.0,0.0003,1.0,4737.743658065796
depth4_bal_MAAMAMMA,4,MAAMAMMA,17075,204900,0.795164222518603,1.5797802607218425,1.619740298816136,0.6948433420365535,0.4112271540469974,0.40709251594138046,1.0,0.0003,1.0,4745.384713888168
depth4_bal_MAAMAMMA,4,MAAMAMMA,17100,205200,0.8005668570597967,1.365955909093221,1.4249682528632028,0.6997389033942559,0.45039164490861616,0.4251034791363687,1.0,0.0003,1.0,4753.36182808876
depth4_bal_MAAMAMMA,4,MAAMAMMA,17125,205500,1.5798187851905823,2.7774791717529297,2.66885484286717,0.4703002610966057,0.24281984334203655,0.23772234030652198,1.0,0.0003,1.0,4761.113574743271
depth4_bal_MAAMAMMA,4,MAAMAMMA,17150,205800,0.8359096050262451,1.4620153903961182,1.5302435874938964,0.6814621409921671,0.4112271540469974,0.3962411902897416,1.0,0.0003,1.0,4769.215193748474
depth4_bal_MAAMAMMA,4,MAAMAMMA,17175,206100,0.8690132349729538,1.5596155722935994,1.6170487471989223,0.6635117493472585,0.381201044386423,0.3731961069470858,1.0,0.0003,1.0,4777.510667324066
depth4_bal_MAAMAMMA,4,MAAMAMMA,17200,206400,1.1456088622411091,2.0200881958007812,2.0714424542018346,0.5714751958224543,0.3224543080939948,0.3192750866987359,1.0,0.0003,1.0,4786.267745733261
depth4_bal_MAAMAMMA,4,MAAMAMMA,17225,206700,1.0248825550079346,1.7193634510040283,1.8332519565309797,0.597911227154047,0.360313315926893,0.34768989819890367,1.0,0.0003,1.0,4794.748384952545
depth4_bal_MAAMAMMA,4,MAAMAMMA,17250,207000,0.9078458994626999,1.6815061171849568,1.832906256403242,0.6579634464751958,0.35900783289817234,0.3395234366260208,1.0,0.0003,1.0,4803.284077167511
depth4_bal_MAAMAMMA,4,MAAMAMMA,17275,207300,1.1882341504096985,1.7671767870585124,1.8386259964534215,0.5463446475195822,0.3224543080939948,0.31278666517507553,1.0,0.0003,1.0,4811.441963434219
depth4_bal_MAAMAMMA,4,MAAMAMMA,17300,207600,1.1872446437676747,2.035671869913737,2.1631038291113716,0.5476501305483029,0.24673629242819844,0.25013983667076856,1.0,0.0003,1.0,4819.897491693497
depth4_bal_MAAMAMMA,4,MAAMAMMA,17325,207900,0.9786721418301264,1.6654142538706462,1.6914715562547957,0.6220626631853786,0.3577023498694517,0.3375097885669538,1.0,0.0003,1.0,4828.92365527153
depth4_bal_MAAMAMMA,4,MAAMAMMA,17350,208200,1.1137042095263798,1.8719632228215535,1.9067819084439959,0.5469973890339426,0.2689295039164491,0.2876160644367379,1.0,0.0003,1.0,4838.168265581131
depth4_bal_MAAMAMMA,4,MAAMAMMA,17375,208500,0.9174709717432658,1.6027234395345051,1.654415157863072,0.639686684073107,0.35509138381201044,0.33963530596263564,1.0,0.0003,1.0,4847.051249265671
depth4_bal_MAAMAMMA,4,MAAMAMMA,17400,208800,1.2886642316977184,1.909429947535197,1.9332267148154123,0.5342689295039165,0.3342036553524804,0.3203937800648842,1.0,0.0003,1.0,4855.577344179153
depth4_bal_MAAMAMMA,4,MAAMAMMA,17425,209100,0.7512058218320211,1.5623914400736492,1.6590427160263062,0.7222584856396866,0.391644908616188,0.3599955252265354,1.0,0.0003,1.0,4863.708952665329
depth4_bal_MAAMAMMA,4,MAAMAMMA,17450,209400,0.8146998832623163,1.5028127829233806,1.5326731988361904,0.6808093994778068,0.3981723237597911,0.3938919342208301,1.0,0.0003,1.0,4872.43580532074
depth4_bal_MAAMAMMA,4,MAAMAMMA,17475,209700,1.5043559571107228,1.8424177169799805,1.9072192873273577,0.44386422976501305,0.28720626631853785,0.2804564268933885,1.0,0.0003,1.0,4880.635071992874
depth4_bal_MAAMAMMA,4,MAAMAMMA,17500,210000,1.0019229799509048,1.7069334189097087,1.7672917774745396,0.6096605744125326,0.34203655352480417,0.33337062311220494,1.0,0.0003,1.0,4888.660420894623
depth4_bal_MAAMAMMA,4,MAAMAMMA,17525,210300,0.8013123174508413,1.6549792687098186,1.710886801992144,0.6827676240208878,0.3537859007832898,0.34668307416937016,1.0,0.0003,1.0,4894.882409572601
depth4_bal_MAAMAMMA,4,MAAMAMMA,17550,210600,0.8314865976572037,1.4905386368433635,1.5537531784602574,0.660574412532637,0.3877284595300261,0.3849423872916434,1.0,0.0003,1.0,4902.802358627319
depth4_bal_MAAMAMMA,4,MAAMAMMA,17575,210900,0.7728465050458908,1.555314580599467,1.6018820251737322,0.6892950391644909,0.38511749347258484,0.37532162434276767,1.0,0.0003,1.0,4910.842604160309
depth4_bal_MAAMAMMA,4,MAAMAMMA,17600,211200,0.77044644455115,1.2479255199432373,1.337258608000619,0.6997389033942559,0.4804177545691906,0.445799306410113,1.0,0.0003,1.0,4918.984467506409
depth4_bal_MAAMAMMA,4,MAAMAMMA,17625,211500,0.8516765634218851,1.5723545551300049,1.5846208606447492,0.64588772845953,0.37989556135770236,0.37465040832307867,1.0,0.0003,1.0,4927.0658802986145
depth4_bal_MAAMAMMA,4,MAAMAMMA,17650,211800,0.6368799110253652,1.2385622262954712,1.3129857233592441,0.7777415143603134,0.49738903394255873,0.4829399261662378,1.0,0.0003,1.0,4931.683938503265
depth4_bal_MAAMAMMA,4,MAAMAMMA,17675,212100,0.8628063152233759,1.410913387934367,1.4535522494997297,0.6566579634464752,0.4073107049608355,0.420181228325316,1.0,0.0003,1.0,4934.83349943161
depth4_bal_MAAMAMMA,4,MAAMAMMA,17700,212400,0.925798828403155,1.541050672531128,1.5726448501859391,0.6181462140992167,0.3642297650130548,0.35596822910840137,1.0,0.0003,1.0,4937.888260602951
depth4_bal_MAAMAMMA,4,MAAMAMMA,17725,212700,0.7419615536928177,1.5390750567118328,1.5588490758623397,0.7131201044386423,0.381201044386423,0.3963530596263564,1.0,0.0003,1.0,4941.073366880417
depth4_bal_MAAMAMMA,4,MAAMAMMA,17750,213000,0.72643314798673,1.4545748233795166,1.4912924119404385,0.7483681462140992,0.391644908616188,0.40843494798075847,1.0,0.0003,1.0,4944.1332178115845
depth4_bal_MAAMAMMA,4,MAAMAMMA,17775,213300,1.1302836139996846,2.003412445386251,1.9864665406090873,0.5460182767624021,0.31462140992167104,0.2962300033560801,1.0,0.0003,1.0,4947.204633951187
depth4_bal_MAAMAMMA,4,MAAMAMMA,17800,213600,0.7616873135169347,1.3772075176239014,1.4563289608274188,0.6968015665796344,0.43733681462140994,0.4108960733862848,1.0,0.0003,1.0,4950.296560525894
depth4_bal_MAAMAMMA,4,MAAMAMMA,17825,213900,0.8084456324577332,1.578393856684367,1.5670849697930471,0.6677545691906005,0.370757180156658,0.38818659805347355,1.0,0.0003,1.0,4953.614530086517
depth4_bal_MAAMAMMA,4,MAAMAMMA,17850,214200,0.8543482174475988,1.5461117029190063,1.6135175841195242,0.6752610966057441,0.3772845953002611,0.38460677928179887,1.0,0.0003,1.0,4962.486328601837
depth4_bal_MAAMAMMA,4,MAAMAMMA,17875,214500,0.811321035027504,1.5571841796239216,1.609066414833069,0.6716710182767625,0.39033942558746737,0.38214565387627253,1.0,0.0003,1.0,4970.70112490654
depth4_bal_MAAMAMMA,4,MAAMAMMA,17900,214800,0.7230077733596166,1.3188456296920776,1.367708648954119,0.7320496083550914,0.45822454308093996,0.4468061304396465,1.0,0.0003,1.0,4978.819404363632
depth4_bal_MAAMAMMA,4,MAAMAMMA,17925,215100,0.8137510468562444,1.4852142731348674,1.497394118990217,0.6837467362924282,0.402088772845953,0.3935563262109856,1.0,0.0003,1.0,4986.964359283447
depth4_bal_MAAMAMMA,4,MAAMAMMA,17950,215400,0.9552864581346512,1.6422102451324463,1.6336977209363666,0.6070496083550914,0.3577023498694517,0.37465040832307867,1.0,0.0003,1.0,4995.1518034935
depth4_bal_MAAMAMMA,4,MAAMAMMA,17975,215700,0.7734918495019277,1.3652668396631877,1.4323956285204207,0.7056135770234987,0.44386422976501305,0.4294663832643472,1.0,0.0003,1.0,5003.052809000015
depth4_bal_MAAMAMMA,4,MAAMAMMA,18000,216000,0.8606299509604772,1.5510801871617634,1.6221815483910698,0.6537206266318538,0.3720626631853786,0.37364358429354516,1.0,0.0003,1.0,5010.856064558029
depth4_bal_MAAMAMMA,4,MAAMAMMA,18025,216300,0.8756427417198817,1.531886100769043,1.5549268960952758,0.6514360313315927,0.381201044386423,0.37062311220494465,1.0,0.0003,1.0,5015.507168531418
depth4_bal_MAAMAMMA,4,MAAMAMMA,18050,216600,0.9790855993827184,1.768100619316101,1.807873923437936,0.6057441253263708,0.3289817232375979,0.33102136704329344,1.0,0.0003,1.0,5019.209748268127
depth4_bal_MAAMAMMA,4,MAAMAMMA,18075,216900,0.8439693202575048,1.689532955487569,1.735456415585109,0.674934725848564,0.34464751958224543,0.3309094977066786,1.0,0.0003,1.0,5026.968700170517
depth4_bal_MAAMAMMA,4,MAAMAMMA,18100,217200,0.839108427365621,1.4866990248362224,1.485667872428894,0.6599216710182768,0.39556135770234985,0.4149233695044188,1.0,0.0003,1.0,5035.161323547363
depth4_bal_MAAMAMMA,4,MAAMAMMA,18125,217500,0.7906525979439417,1.4924733241399128,1.4938527720315116,0.6906005221932114,0.40600522193211486,0.40608569191184696,1.0,0.0003,1.0,5043.133474349976
depth4_bal_MAAMAMMA,4,MAAMAMMA,18150,217800,1.1412585477034252,1.721125841140747,1.7860983950751168,0.5522193211488251,0.35117493472584854,0.32542790021255175,1.0,0.0003,1.0,5051.080041885376
depth4_bal_MAAMAMMA,4,MAAMAMMA,18175,218100,1.0008374899625778,1.576678991317749,1.5958042791911533,0.6099869451697127,0.40600522193211486,0.4016109184472536,1.0,0.0003,1.0,5059.284822940826
depth4_bal_MAAMAMMA,4,MAAMAMMA,18200,218400,0.7549010465542475,1.4141905307769775,1.494962307385036,0.7180156657963447,0.4412532637075718,0.4270052578588209,1.0,0.0003,1.0,5067.544602155685
depth4_bal_MAAMAMMA,4,MAAMAMMA,18225,218700,0.9589523921410242,1.4675062497456868,1.5318306684494019,0.6344647519582245,0.4046997389033943,0.3932207182011411,1.0,0.0003,1.0,5075.513713121414
depth4_bal_MAAMAMMA,4,MAAMAMMA,18250,219000,0.8270569195350012,1.6338926156361897,1.698876190185547,0.6768929503916449,0.3472584856396867,0.3498154155945855,1.0,0.0003,1.0,5083.537442684174
depth4_bal_MAAMAMMA,4,MAAMAMMA,18275,219300,0.7200956791639328,1.4491866032282512,1.4670730795179094,0.7095300261096605,0.4412532637075718,0.4345005034120148,1.0,0.0003,1.0,5091.403092622757
depth4_bal_MAAMAMMA,4,MAAMAMMA,18300,219600,0.7383188456296921,1.4657506148020427,1.5053706066949026,0.7069190600522193,0.402088772845953,0.4124622440988925,1.0,0.0003,1.0,5099.542596340179
depth4_bal_MAAMAMMA,4,MAAMAMMA,18325,219900,0.7131992131471634,1.3903482755025227,1.4273168052945817,0.7323759791122716,0.45039164490861616,0.43640228213446697,1.0,0.0003,1.0,5107.503629207611
depth4_bal_MAAMAMMA,4,MAAMAMMA,18350,220200,0.8926812460025152,1.5115511814753215,1.5595343044825962,0.6471932114882507,0.3968668407310705,0.3903121154491554,1.0,0.0003,1.0,5114.78707408905
depth4_bal_MAAMAMMA,4,MAAMAMMA,18375,220500,0.7924631436665853,1.5211886564890544,1.5401699440819876,0.6987597911227154,0.40992167101827676,0.39780736100234926,1.0,0.0003,1.0,5123.776515007019
depth4_bal_MAAMAMMA,4,MAAMAMMA,18400,220800,0.7770280838012695,1.5858933528264363,1.698937804358346,0.6755874673629243,0.3720626631853786,0.3604430025729947,1.0,0.0003,1.0,5132.889466524124
depth4_bal_MAAMAMMA,4,MAAMAMMA,18425,221100,0.7174863914648691,1.3623522917429607,1.3843697581972394,0.7297650130548303,0.43342036553524804,0.4425550956482828,1.0,0.0003,1.0,5140.756908655167
depth4_bal_MAAMAMMA,4,MAAMAMMA,18450,221400,0.6955931931734085,1.39565114180247,1.4377456358500889,0.7307441253263708,0.4464751958224543,0.420852444345005,1.0,0.0003,1.0,5148.846903562546
depth4_bal_MAAMAMMA,4,MAAMAMMA,18475,221700,0.8032277226448059,1.478655735651652,1.5015930516379221,0.7030026109660574,0.39295039164490864,0.4009397024275646,1.0,0.0003,1.0,5156.938661813736
depth4_bal_MAAMAMMA,4,MAAMAMMA,18500,222000,0.6956858485937119,1.4484026034673054,1.5073478528431483,0.743798955613577,0.43994778067885115,0.41895066562255284,1.0,0.0003,1.0,5165.125413894653
depth4_bal_MAAMAMMA,4,MAAMAMMA,18525,222300,0.7370911637941996,1.5947466691335042,1.6393025398254395,0.722911227154047,0.370757180156658,0.36581273073050674,1.0,0.0003,1.0,5172.731651306152
depth4_bal_MAAMAMMA,4,MAAMAMMA,18550,222600,0.9126346806685129,1.6225647926330566,1.6556752000536237,0.6325065274151436,0.35900783289817234,0.35417831972256403,1.0,0.0003,1.0,5178.850133657455
depth4_bal_MAAMAMMA,4,MAAMAMMA,18575,222900,0.7311590313911438,1.6213361819585164,1.6222530671528408,0.7056135770234987,0.370757180156658,0.36648394675019574,1.0,0.0003,1.0,5185.149152994156
depth4_bal_MAAMAMMA,4,MAAMAMMA,18600,223200,0.9869307577610016,1.6087114413579304,1.6641322885240828,0.6214099216710183,0.35900783289817234,0.3464593354961405,1.0,0.0003,1.0,5193.074377298355
depth4_bal_MAAMAMMA,4,MAAMAMMA,18625,223500,0.9950346897045771,1.5886164903640747,1.648808138711112,0.6099869451697127,0.36161879895561355,0.348137375545363,1.0,0.0003,1.0,5200.984101772308
depth4_bal_MAAMAMMA,4,MAAMAMMA,18650,223800,1.0333846708138783,1.8975108464558919,1.8431255647114344,0.6024804177545692,0.3133159268929504,0.31815639333258755,1.0,0.0003,1.0,5209.0205092430115
depth4_bal_MAAMAMMA,4,MAAMAMMA,18675,224100,0.9629322588443756,1.5847602287928264,1.6711074011666434,0.6109660574412533,0.36161879895561355,0.3418726926949323,1.0,0.0003,1.0,5217.857887029648
depth4_bal_MAAMAMMA,4,MAAMAMMA,18700,224400,0.9082511762777964,1.6487547953923543,1.7066246134894234,0.641644908616188,0.3642297650130548,0.3544020583957937,1.0,0.0003,1.0,5225.973940849304
depth4_bal_MAAMAMMA,4,MAAMAMMA,18725,224700,1.0056912451982498,1.572790503501892,1.6529417446681431,0.5864882506527415,0.3681462140992167,0.3533952343662602,1.0,0.0003,1.0,5234.114265680313
depth4_bal_MAAMAMMA,4,MAAMAMMA,18750,225000,1.0018064379692078,1.494648814201355,1.5501559291567122,0.6494778067885117,0.3838120104438642,0.374426669649849,1.0,0.0003,1.0,5242.329909324646
depth4_bal_MAAMAMMA,4,MAAMAMMA,18775,225300,0.8384699324766794,1.457380771636963,1.49060594694955,0.7023498694516971,0.39947780678851175,0.39646492896297125,1.0,0.0003,1.0,5250.489232778549
depth4_bal_MAAMAMMA,4,MAAMAMMA,18800,225600,1.7536777953306835,2.2239805857340493,2.235062176840646,0.4412532637075718,0.2519582245430809,0.26300481038147444,1.0,0.0003,1.0,5258.649075984955
depth4_bal_MAAMAMMA,4,MAAMAMMA,18825,225900,1.2010644872983296,1.958091417948405,2.026192668506077,0.566579634464752,0.29765013054830286,0.28056829623000334,1.0,0.0003,1.0,5266.262874364853
depth4_bal_MAAMAMMA,4,MAAMAMMA,18850,226200,1.171837439139684,1.840225100517273,1.9439687967300414,0.568864229765013,0.33550913838120106,0.32374986016332924,1.0,0.0003,1.0,5273.694068193436
depth4_bal_MAAMAMMA,4,MAAMAMMA,18875,226500,0.9994572997093201,1.8561941385269165,1.8888605219977244,0.6148825065274152,0.28067885117493474,0.2982436514151471,1.0,0.0003,1.0,5281.782629489899
depth4_bal_MAAMAMMA,4,MAAMAMMA,18900,226800,0.7874645839134852,1.620397925376892,1.6477974040167673,0.6928851174934726,0.40992167101827676,0.3863966886676362,1.0,0.0003,1.0,5289.86478972435
depth4_bal_MAAMAMMA,4,MAAMAMMA,18925,227100,0.9603076080481211,2.001265366872152,1.9791516304016112,0.6233681462140992,0.3472584856396867,0.32542790021255175,1.0,0.0003,1.0,5296.979738473892
depth4_bal_MAAMAMMA,4,MAAMAMMA,18950,227400,1.0914900749921799,1.866830547650655,1.903867585318429,0.587467362924282,0.2989556135770235,0.3047320729388075,1.0,0.0003,1.0,5305.266138076782
depth4_bal_MAAMAMMA,4,MAAMAMMA,18975,227700,1.1614023546377819,1.8621776898701985,1.9116828680038451,0.5466710182767625,0.2584856396866841,0.279449602863855,1.0,0.0003,1.0,5313.468088388443
depth4_bal_MAAMAMMA,4,MAAMAMMA,19000,228000,1.062108889222145,1.6248915592829387,1.6882463353020805,0.5881201044386423,0.3302872062663185,0.3338181004586643,1.0,0.0003,1.0,5321.636611938477
depth4_bal_MAAMAMMA,4,MAAMAMMA,19025,228300,0.8300315092007319,1.4398229122161865,1.5037052358899798,0.6739556135770235,0.412532637075718,0.40272961181340194,1.0,0.0003,1.0,5329.797726392746
depth4_bal_MAAMAMMA,4,MAAMAMMA,19050,228600,0.8787152220805486,1.5420359373092651,1.6401857137680054,0.6471932114882507,0.39295039164490864,0.3646940373643584,1.0,0.0003,1.0,5338.055827856064
depth4_bal_MAAMAMMA,4,MAAMAMMA,19075,228900,1.1648516406615574,2.1740869681040444,2.1801369496754237,0.5675587467362925,0.29112271540469975,0.274751090726032,1.0,0.0003,1.0,5346.233270406723
depth4_bal_MAAMAMMA,4,MAAMAMMA,19100,229200,1.3849360644817352,1.7821482419967651,1.8695095334734235,0.4934725848563969,0.2950391644908616,0.307752545027408,1.0,0.0003,1.0,5354.392049789429
depth4_bal_MAAMAMMA,4,MAAMAMMA,19125,229500,0.881974329551061,1.4983547925949097,1.5562296186174664,0.6563315926892951,0.3825065274151436,0.3814744378565835,1.0,0.0003,1.0,5362.636212587357
depth4_bal_MAAMAMMA,4,MAAMAMMA,19150,229800,0.7479781607786814,1.418745517730713,1.4773844276155745,0.7176892950391645,0.43342036553524804,0.40966551068352164,1.0,0.0003,1.0,5370.8418781757355
depth4_bal_MAAMAMMA,4,MAAMAMMA,19175,230100,0.779543454448382,1.5196414391199748,1.5581044946398055,0.7108355091383812,0.39556135770234985,0.38292873923257637,1.0,0.0003,1.0,5378.827906847
depth4_bal_MAAMAMMA,4,MAAMAMMA,19200,230400,0.9492536733547846,1.4875100056330364,1.5259469883782524,0.6302219321148825,0.3772845953002611,0.38348808591565053,1.0,0.0003,1.0,5385.658740520477
depth4_bal_MAAMAMMA,4,MAAMAMMA,19225,230700,0.7572689900795618,1.617226481437683,1.6593643188476563,0.6948433420365535,0.3838120104438642,0.3636872133348249,1.0,0.0003,1.0,5394.0364537239075
depth4_bal_MAAMAMMA,4,MAAMAMMA,19250,231000,0.9293328126271566,1.468956192334493,1.5348116568156651,0.6285900783289817,0.370757180156658,0.3950106275869784,1.0,0.0003,1.0,5402.154295682907
depth4_bal_MAAMAMMA,4,MAAMAMMA,19275,231300,1.045722872018814,1.7007333437601726,1.6811136416026524,0.577023498694517,0.35117493472584854,0.3626803893052914,1.0,0.0003,1.0,5410.303707122803
depth4_bal_MAAMAMMA,4,MAAMAMMA,19300,231600,1.3059812436501186,2.9409449895222983,2.893780926295689,0.5319843342036553,0.195822454308094,0.22407428123951226,1.0,0.0003,1.0,5418.414558887482
depth4_bal_MAAMAMMA,4,MAAMAMMA,19325,231900,1.2446890771389008,1.737657070159912,1.7558276312691825,0.5117493472584856,0.30809399477806787,0.303054032889585,1.0,0.0003,1.0,5426.330422639847
depth4_bal_MAAMAMMA,4,MAAMAMMA,19350,232200,0.7847162783145905,1.4120122194290161,1.472007315499442,0.7173629242819843,0.4007832898172324,0.3956818436066674,1.0,0.0003,1.0,5434.50169301033
depth4_bal_MAAMAMMA,4,MAAMAMMA,19375,232500,0.9164475053548813,1.6773900588353474,1.7139540229524886,0.6380548302872062,0.35509138381201044,0.33012641235037476,1.0,0.0003,1.0,5442.643455505371
depth4_bal_MAAMAMMA,4,MAAMAMMA,19400,232800,1.448891321818034,1.8161183993021648,1.9047957420349122,0.4703002610966057,0.31462140992167104,0.2919789685647164,1.0,0.0003,1.0,5447.8256046772
depth4_bal_MAAMAMMA,4,MAAMAMMA,19425,233100,1.8999258081118267,2.1570211251576743,2.1396093096051896,0.34627937336814624,0.20887728459530025,0.21904016109184474,1.0,0.0003,1.0,5456.01052570343
depth4_bal_MAAMAMMA,4,MAAMAMMA,19450,233400,0.7592103779315948,1.6107510328292847,1.6277336290904454,0.7078981723237598,0.38903394255874674,0.39254950218145207,1.0,0.0003,1.0,5463.940129041672
depth4_bal_MAAMAMMA,4,MAAMAMMA,19475,233700,0.9489424377679825,1.5987424453099568,1.6336151804242816,0.6240208877284595,0.38511749347258484,0.374426669649849,1.0,0.0003,1.0,5472.00764298439
depth4_bal_MAAMAMMA,4,MAAMAMMA,19500,234000,0.7194029341141382,1.397550066312154,1.4742213010787963,0.7163838120104439,0.43342036553524804,0.4230898310773017,1.0,0.0003,1.0,5480.2042100429535
depth4_bal_MAAMAMMA,4,MAAMAMMA,19525,234300,0.7750230928262075,1.5277092854181926,1.518087819644383,0.706266318537859,0.3825065274151436,0.3933325875377559,1.0,0.0003,1.0,5488.3866674900055
depth4_bal_MAAMAMMA,4,MAAMAMMA,19550,234600,1.106480101744334,1.784497340520223,1.846002973828997,0.5652741514360313,0.3394255874673629,0.3309094977066786,1.0,0.0003,1.0,5496.48341012001
depth4_bal_MAAMAMMA,4,MAAMAMMA,19575,234900,1.099416842063268,1.9583838780721028,2.0650670255933488,0.5825718015665796,0.30809399477806787,0.30025729947421415,1.0,0.0003,1.0,5504.656180381775
depth4_bal_MAAMAMMA,4,MAAMAMMA,19600,235200,0.999455581108729,1.9050225019454956,1.8692914281572615,0.6050913838120104,0.29765013054830286,0.30719319834433384,1.0,0.0003,1.0,5512.94068980217
depth4_bal_MAAMAMMA,4,MAAMAMMA,19625,235500,0.9411895424127579,1.5653833548227947,1.5871539831161499,0.6223890339425587,0.370757180156658,0.3754334936793825,1.0,0.0003,1.0,5521.148230552673
depth4_bal_MAAMAMMA,4,MAAMAMMA,19650,235800,1.2182178795337677,1.5165396928787231,1.6162271635872978,0.5636422976501305,0.3577023498694517,0.33236379908267144,1.0,0.0003,1.0,5529.329062223434
depth4_bal_MAAMAMMA,4,MAAMAMMA,19675,236100,0.8629006495078405,1.6350264151891072,1.6379284143447876,0.6471932114882507,0.3524804177545692,0.37722340306521984,1.0,0.0003,1.0,5537.528429508209
depth4_bal_MAAMAMMA,4,MAAMAMMA,19700,236400,0.9920030732949575,1.4777796665827434,1.5424081563949585,0.6001958224543081,0.3968668407310705,0.38248126188611703,1.0,0.0003,1.0,5545.73237490654
depth4_bal_MAAMAMMA,4,MAAMAMMA,19725,236700,0.7782190144062042,1.4735571146011353,1.5116489444460188,0.7003916449086162,0.39295039164490864,0.4021702651303278,1.0,0.0003,1.0,5553.829346895218
depth4_bal_MAAMAMMA,4,MAAMAMMA,19750,237000,1.1894921908775966,1.6241358915964763,1.699087337085179,0.5303524804177546,0.34595300261096606,0.32106499608457323,1.0,0.0003,1.0,5561.782370090485
depth4_bal_MAAMAMMA,4,MAAMAMMA,19775,237300,0.8345820804437002,1.4982203245162964,1.5676688875470843,0.6648172323759791,0.402088772845953,0.3948987582503636,1.0,0.0003,1.0,5569.60157418251
depth4_bal_MAAMAMMA,4,MAAMAMMA,19800,237600,1.224675918618838,1.6643109321594238,1.6995026009423393,0.5669060052219321,0.34856396866840733,0.3445575567736883,1.0,0.0003,1.0,5577.926158428192
depth4_bal_MAAMAMMA,4,MAAMAMMA,19825,237900,0.7243247727553049,1.4943410158157349,1.5548143761498587,0.7147519582245431,0.37989556135770236,0.4029533504866316,1.0,0.0003,1.0,5586.101413488388
depth4_bal_MAAMAMMA,4,MAAMAMMA,19850,238200,0.9956763535737991,1.6450554132461548,1.6980274064200265,0.6246736292428199,0.35900783289817234,0.3633516053249804,1.0,0.0003,1.0,5593.630576610565
depth4_bal_MAAMAMMA,4,MAAMAMMA,19875,238500,1.0691778908173244,1.889686902364095,1.9696489640644619,0.5685378590078329,0.30156657963446476,0.2777715628146325,1.0,0.0003,1.0,5601.880248308182
depth4_bal_MAAMAMMA,4,MAAMAMMA,19900,238800,0.7919341176748276,1.4601328770319622,1.5016630683626448,0.6935378590078329,0.40339425587467365,0.38818659805347355,1.0,0.0003,1.0,5609.955217838287
depth4_bal_MAAMAMMA,4,MAAMAMMA,19925,239100,0.75284144282341,1.4034041563669841,1.4310290813446045,0.7304177545691906,0.39556135770234985,0.42823582056158405,1.0,0.0003,1.0,5618.111439228058
depth4_bal_MAAMAMMA,4,MAAMAMMA,19950,239400,0.7997466723124186,1.438413103421529,1.5143462317330496,0.6733028720626631,0.4164490861618799,0.3980310996755789,1.0,0.0003,1.0,5626.087140083313
depth4_bal_MAAMAMMA,4,MAAMAMMA,19975,239700,0.8031992018222809,1.5452308257420857,1.6137980699539185,0.689621409921671,0.36553524804177545,0.3653652533840474,1.0,0.0003,1.0,5634.046528100967
depth4_bal_MAAMAMMA,4,MAAMAMMA,20000,240000,0.9172655940055847,1.7504473129908245,1.7928414923804148,0.6693864229765013,0.3537859007832898,0.3464593354961405,1.0,0.0003,1.0,5642.219697713852
depth4_bal_MAAMAMMA,4,MAAMAMMA,20025,240300,0.8407408446073532,1.4720403750737507,1.5058845962796892,0.6494778067885117,0.39033942558746737,0.3972480143192751,1.0,0.0003,1.0,5651.589426279068
depth4_bal_MAAMAMMA,4,MAAMAMMA,20050,240600,1.0616601010163624,1.8681175311406453,1.918841178076608,0.5766971279373369,0.304177545691906,0.29522317932654657,1.0,0.0003,1.0,5660.556402206421
depth4_bal_MAAMAMMA,4,MAAMAMMA,20075,240900,0.7400556206703186,1.5514209667841594,1.6112127644675118,0.7327023498694517,0.3733681462140992,0.378453965767983,1.0,0.0003,1.0,5669.783107757568
depth4_bal_MAAMAMMA,4,MAAMAMMA,20100,241200,1.00474414229393,1.7200359503428142,1.7738309826169696,0.6142297650130548,0.31201044386422977,0.30596263564157067,1.0,0.0003,1.0,5678.9827082157135
depth4_bal_MAAMAMMA,4,MAAMAMMA,20125,241500,1.163462907075882,2.045989155769348,2.051039900098528,0.5678851174934726,0.3133159268929504,0.31021367043293435,1.0,0.0003,1.0,5685.871152162552
depth4_bal_MAAMAMMA,4,MAAMAMMA,20150,241800,0.8632352948188782,1.652186671892802,1.7059599229267666,0.6710182767624021,0.360313315926893,0.35552075176194203,1.0,0.0003,1.0,5695.221168994904
depth4_bal_MAAMAMMA,4,MAAMAMMA,20175,242100,0.8806046495834986,1.781617005666097,1.8396532773971557,0.6400130548302873,0.3772845953002611,0.346794943505985,1.0,0.0003,1.0,5702.765781164169
depth4_bal_MAAMAMMA,4,MAAMAMMA,20200,242400,0.7469463646411896,1.5412870645523071,1.5681559222085135,0.7323759791122716,0.3981723237597911,0.3903121154491554,1.0,0.0003,1.0,5711.927756309509
depth4_bal_MAAMAMMA,4,MAAMAMMA,20225,242700,0.9071434090534846,1.645829399426778,1.6418663093021937,0.6308746736292428,0.3629242819843342,0.3693925495021815,1.0,0.0003,1.0,5720.6649396419525
depth4_bal_MAAMAMMA,4,MAAMAMMA,20250,243000,0.8544424722592036,1.5966419378916423,1.6097896201269968,0.6697127937336814,0.34595300261096606,0.3597717865533057,1.0,0.0003,1.0,5729.395938634872
depth4_bal_MAAMAMMA,4,MAAMAMMA,20275,243300,0.935904935002327,1.4551072518030803,1.4991876534053257,0.6465404699738904,0.3981723237597911,0.39713614498266026,1.0,0.0003,1.0,5737.146083116531
depth4_bal_MAAMAMMA,4,MAAMAMMA,20300,243600,0.8578364700078964,1.5003267923990886,1.5130565336772375,0.6713446475195822,0.38511749347258484,0.39075959279561473,1.0,0.0003,1.0,5743.972399234772
depth4_bal_MAAMAMMA,4,MAAMAMMA,20325,243900,1.2536938736836116,2.485907951990763,2.5000760555267334,0.5453655352480418,0.27023498694516973,0.27228996532050564,1.0,0.0003,1.0,5752.124673128128
depth4_bal_MAAMAMMA,4,MAAMAMMA,20350,244200,0.8675357749064764,1.4951014121373494,1.5507449763161796,0.6690600522193212,0.3968668407310705,0.4012753104374091,1.0,0.0003,1.0,5760.391649007797
depth4_bal_MAAMAMMA,4,MAAMAMMA,20375,244500,1.154639611641566,1.839599847793579,1.8545433044433595,0.5842036553524804,0.34464751958224543,0.3344893164783533,1.0,0.0003,1.0,5768.50757932663
depth4_bal_MAAMAMMA,4,MAAMAMMA,20400,244800,1.0689660608768463,1.8142797946929932,1.8215170076915197,0.5913838120104439,0.3368146214099217,0.3365029645374203,1.0,0.0003,1.0,5776.487593412399
depth4_bal_MAAMAMMA,4,MAAMAMMA,20425,245100,0.9109197904666265,1.5733421643575032,1.6154871123177665,0.6422976501305483,0.381201044386423,0.3646940373643584,1.0,0.0003,1.0,5784.418589115143
depth4_bal_MAAMAMMA,4,MAAMAMMA,20450,245400,0.7967555870612463,1.4430071512858074,1.4973225968224662,0.7085509138381201,0.38903394255874674,0.38281686989596153,1.0,0.0003,1.0,5791.9511704444885
depth4_bal_MAAMAMMA,4,MAAMAMMA,20475,245700,1.491412838300069,2.1744842529296875,2.2932185173034667,0.5068537859007833,0.24151436031331594,0.2649065891039266,1.0,0.0003,1.0,5800.148266553879
depth4_bal_MAAMAMMA,4,MAAMAMMA,20500,246000,0.910500834385554,1.8053114414215088,1.8082663808550155,0.664490861618799,0.34203655352480417,0.34299138606108065,1.0,0.0003,1.0,5807.835199832916
depth4_bal_MAAMAMMA,4,MAAMAMMA,20525,246300,1.055953860282898,1.7334341208140056,1.7691766977310182,0.6031331592689295,0.3002610966057441,0.3229667748070254,1.0,0.0003,1.0,5816.218195438385
depth4_bal_MAAMAMMA,4,MAAMAMMA,20550,246600,1.1150518755118053,1.9188211758931477,2.037373297555106,0.5633159268929504,0.3028720626631854,0.2976843047320729,1.0,0.0003,1.0,5824.247491121292
depth4_bal_MAAMAMMA,4,MAAMAMMA,20575,246900,1.0212142368157704,1.991826097170512,2.1249816315514702,0.6070496083550914,0.3276762402088773,0.30517955028526683,1.0,0.0003,1.0,5832.343888282776
depth4_bal_MAAMAMMA,4,MAAMAMMA,20600,247200,1.1794861753781636,1.6114497184753418,1.6608330420085362,0.5760443864229765,0.33159268929503916,0.33773352724018346,1.0,0.0003,1.0,5840.326058149338
depth4_bal_MAAMAMMA,4,MAAMAMMA,20625,247500,1.091686099767685,1.8242099682490032,1.9370071240833828,0.6093342036553525,0.3289817232375979,0.31513592124398704,1.0,0.0003,1.0,5848.463817834854
depth4_bal_MAAMAMMA,4,MAAMAMMA,20650,247800,0.766125480333964,1.4396752913792927,1.519442674091884,0.6922323759791122,0.39295039164490864,0.4016109184472536,1.0,0.0003,1.0,5856.571511268616
depth4_bal_MAAMAMMA,4,MAAMAMMA,20675,248100,0.8831755866607031,1.5921290318171184,1.5869725908551897,0.6504569190600522,0.39033942558746737,0.3857254726479472,1.0,0.0003,1.0,5864.701251506805
depth4_bal_MAAMAMMA,4,MAAMAMMA,20700,248400,0.7733713835477829,1.5377459128697712,1.5819695098059519,0.6919060052219321,0.38642297650130547,0.3877391207070142,1.0,0.0003,1.0,5872.770985364914
depth4_bal_MAAMAMMA,4,MAAMAMMA,20725,248700,1.0288969278335571,1.5694183111190796,1.6529485702514648,0.6096605744125326,0.3524804177545692,0.3547376664056382,1.0,0.0003,1.0,5880.913036108017
depth4_bal_MAAMAMMA,4,MAAMAMMA,20750,249000,0.9296411722898483,1.6158909400304158,1.6524959768567766,0.6403394255874674,0.3733681462140992,0.37722340306521984,1.0,0.0003,1.0,5889.070977687836
depth4_bal_MAAMAMMA,4,MAAMAMMA,20775,249300,0.8006942669550577,1.7565823793411255,1.8466258559908186,0.706266318537859,0.3472584856396867,0.3490323302382817,1.0,0.0003,1.0,5896.679470062256
depth4_bal_MAAMAMMA,4,MAAMAMMA,20800,249600,0.8397604823112488,1.6291370391845703,1.6663107361112321,0.6599216710182768,0.3681462140992167,0.38057948316366486,1.0,0.0003,1.0,5904.862990617752
depth4_bal_MAAMAMMA,4,MAAMAMMA,20825,249900,1.0943976243336995,1.6528846422831218,1.6896461691175189,0.587467362924282,0.3263707571801567,0.3285602416377671,1.0,0.0003,1.0,5913.140149593353
depth4_bal_MAAMAMMA,4,MAAMAMMA,20850,250200,0.8593582212924957,1.7227427164713542,1.7611794573920114,0.660574412532637,0.3472584856396867,0.350822239624119,1.0,0.0003,1.0,5921.314280748367
depth4_bal_MAAMAMMA,4,MAAMAMMA,20875,250500,0.7554521361986796,1.6204537153244019,1.640895700454712,0.7183420365535248,0.3563968668407311,0.375769101689227,1.0,0.0003,1.0,5929.436643362045
depth4_bal_MAAMAMMA,4,MAAMAMMA,20900,250800,0.7452750305334727,1.526591181755066,1.5522954872676304,0.7212793733681462,0.4177545691906005,0.40116344110079427,1.0,0.0003,1.0,5937.646171331406
depth4_bal_MAAMAMMA,4,MAAMAMMA,20925,251100,0.8216989586750666,1.5122853914896648,1.5530842781066894,0.6847258485639687,0.38642297650130547,0.3879628593802439,1.0,0.0003,1.0,5945.639298439026
depth4_bal_MAAMAMMA,4,MAAMAMMA,20950,251400,0.9614706883827845,1.549841006596883,1.5893761498587473,0.639686684073107,0.3668407310704961,0.3701756348584853,1.0,0.0003,1.0,5953.62563252449
depth4_bal_MAAMAMMA,4,MAAMAMMA,20975,251700,1.0467921892801921,1.88561216990153,2.0150118385042464,0.6057441253263708,0.3133159268929504,0.31088488645262335,1.0,0.0003,1.0,5961.491215229034
depth4_bal_MAAMAMMA,4,MAAMAMMA,21000,252000,1.0436187734206517,2.351912498474121,2.3804359912872313,0.6099869451697127,0.2650130548302872,0.2960062646828504,1.0,0.0003,1.0,5969.458212852478
depth4_bal_MAAMAMMA,4,MAAMAMMA,21025,252300,1.7299701770146687,2.0783501466115317,2.170647920880999,0.42199738903394257,0.2650130548302872,0.23492560689115113,1.0,0.0003,1.0,5977.321452140808
depth4_bal_MAAMAMMA,4,MAAMAMMA,21050,252600,1.2465648452440898,1.8093246221542358,1.8193866627556936,0.5336161879895561,0.31070496083550914,0.3253160308759369,1.0,0.0003,1.0,5985.140208244324
depth4_bal_MAAMAMMA,4,MAAMAMMA,21075,252900,0.8803498148918152,1.5080663363138835,1.5643056188310895,0.6781984334203656,0.38511749347258484,0.3816981765298132,1.0,0.0003,1.0,5993.055274009705
depth4_bal_MAAMAMMA,4,MAAMAMMA,21100,253200,1.163348486026128,1.6673086484273274,1.7289385080337525,0.5342689295039165,0.3198433420365535,0.32442107618301824,1.0,0.0003,1.0,6001.209463357925
depth4_bal_MAAMAMMA,4,MAAMAMMA,21125,253500,0.7867162624994913,1.4175700743993123,1.4780368430273874,0.7078981723237598,0.39947780678851175,0.40944177201029197,1.0,0.0003,1.0,6009.236599683762
depth4_bal_MAAMAMMA,4,MAAMAMMA,21150,253800,1.055331438779831,1.850566824277242,1.8545503003256663,0.5845300261096605,0.3198433420365535,0.32341425215348474,1.0,0.0003,1.0,6017.099498271942
depth4_bal_MAAMAMMA,4,MAAMAMMA,21175,254100,0.8828237305084864,1.7051884333292644,1.7357365199497767,0.6471932114882507,0.3537859007832898,0.3607786105828392,1.0,0.0003,1.0,6025.358622074127
depth4_bal_MAAMAMMA,4,MAAMAMMA,21200,254400,0.8877205948034922,1.7350187699000041,1.796482743535723,0.6527415143603134,0.34073107049608353,0.34399821009061415,1.0,0.0003,1.0,6033.526487112045
depth4_bal_MAAMAMMA,4,MAAMAMMA,21225,254700,0.7624486088752747,1.7688435316085815,1.8670048645564488,0.7036553524804178,0.3289817232375979,0.32967893500391543,1.0,0.0003,1.0,6041.294852018356
depth4_bal_MAAMAMMA,4,MAAMAMMA,21250,255000,0.9539123078187307,1.6289721330006917,1.633672148840768,0.6462140992167101,0.34203655352480417,0.35194093299026735,1.0,0.0003,1.0,6047.699515104294
depth4_bal_MAAMAMMA,4,MAAMAMMA,21275,255300,0.8546279122432073,1.6229250033696492,1.6417197568075999,0.6654699738903395,0.34464751958224543,0.36413469068128423,1.0,0.0003,1.0,6050.860080957413
depth4_bal_MAAMAMMA,4,MAAMAMMA,21300,255600,1.0471991747617722,1.6301987568537395,1.700981228692191,0.5890992167101827,0.3224543080939948,0.3200581720550397,1.0,0.0003,1.0,6053.88863492012
depth4_bal_MAAMAMMA,4,MAAMAMMA,21325,255900,0.9191723714272181,1.6563056310017903,1.6976058312824793,0.6331592689295039,0.3289817232375979,0.3338181004586643,1.0,0.0003,1.0,6056.91105222702
depth4_bal_MAAMAMMA,4,MAAMAMMA,21350,256200,0.7453733185927073,1.5903753836949666,1.6235056230000087,0.7216057441253264,0.3681462140992167,0.369056941492337,1.0,0.0003,1.0,6059.972780227661
depth4_bal_MAAMAMMA,4,MAAMAMMA,21375,256500,1.128053719798724,1.8566909631093342,1.8859203849520003,0.568864229765013,0.30678851174934724,0.2969012193757691,1.0,0.0003,1.0,6063.1449592113495
depth4_bal_MAAMAMMA,4,MAAMAMMA,21400,256800,1.1706999739011128,1.8462291955947876,1.9485522099903652,0.5362271540469974,0.33550913838120106,0.2960062646828504,1.0,0.0003,1.0,6066.605328321457
depth4_bal_MAAMAMMA,4,MAAMAMMA,21425,257100,2.027865012486776,2.9848082860310874,2.831730965205601,0.42036553524804177,0.1801566579634465,0.21590781966662936,1.0,0.0003,1.0,6073.847663402557
depth4_bal_MAAMAMMA,4,MAAMAMMA,21450,257400,0.9553169310092926,1.6348760922749836,1.6627130542482649,0.6240208877284595,0.34595300261096606,0.34836111421859267,1.0,0.0003,1.0,6081.9769604206085
depth4_bal_MAAMAMMA,4,MAAMAMMA,21475,257700,1.5097357829411824,2.0726139545440674,2.067713553564889,0.4983681462140992,0.2950391644908616,0.2892941044859604,1.0,0.0003,1.0,6090.117985963821
depth4_bal_MAAMAMMA,4,MAAMAMMA,21500,258000,1.0814914604028065,1.7825838327407837,1.7940753493990218,0.5838772845953003,0.34856396866840733,0.34634746615952566,1.0,0.0003,1.0,6098.2998740673065
depth4_bal_MAAMAMMA,4,MAAMAMMA,21525,258300,1.2831589380900066,1.7078863779703777,1.7720466681889124,0.4970626631853786,0.31462140992167104,0.2986911287616064,1.0,0.0003,1.0,6106.575053691864
depth4_bal_MAAMAMMA,4,MAAMAMMA,21550,258600,1.7553866704305012,2.2247987588246665,2.402988065992083,0.47127937336814624,0.2754569190600522,0.2748629600626468,1.0,0.0003,1.0,6115.5601506233215
depth4_bal_MAAMAMMA,4,MAAMAMMA,21575,258900,1.0778116782506306,1.717205802599589,1.80352680683136,0.589425587467363,0.34203655352480417,0.34992728493120034,1.0,0.0003,1.0,6124.806961774826
depth4_bal_MAAMAMMA,4,MAAMAMMA,21600,259200,1.353614350159963,1.7736868460973103,1.7959502288273403,0.47486945169712796,0.2963446475195822,0.28783980310996754,1.0,0.0003,1.0,6134.045205593109
depth4_bal_MAAMAMMA,4,MAAMAMMA,21625,259500,0.7317684988180796,1.4132693608601887,1.480111036981855,0.7421671018276762,0.41906005221932113,0.4191744042957825,1.0,0.0003,1.0,6143.293871164322
depth4_bal_MAAMAMMA,4,MAAMAMMA,21650,259800,1.0614426632722218,1.7068142493565877,1.7091480936322894,0.5652741514360313,0.3224543080939948,0.33303501510236044,1.0,0.0003,1.0,6151.492516279221
depth4_bal_MAAMAMMA,4,MAAMAMMA,21675,260100,0.9722654471794764,1.688921372095744,1.7309860706329345,0.608355091383812,0.34203655352480417,0.3369504418838796,1.0,0.0003,1.0,6159.461668014526
depth4_bal_MAAMAMMA,4,MAAMAMMA,21700,260400,0.9109748254219691,1.7134298880894978,1.7152499880109515,0.6364229765013055,0.3302872062663185,0.33404183913189395,1.0,0.0003,1.0,6164.2090220451355
depth4_bal_MAAMAMMA,4,MAAMAMMA,21725,260700,0.9513692806164423,1.7368976672490437,1.8312175682612828,0.6243472584856397,0.3328981723237598,0.342096431368162,1.0,0.0003,1.0,6172.161529541016
depth4_bal_MAAMAMMA,4,MAAMAMMA,21750,261000,1.2934450805187225,1.9654467503229778,2.0986402818134855,0.5362271540469974,0.30678851174934724,0.28728045642689337,1.0,0.0003,1.0,6180.417039394379
depth4_bal_MAAMAMMA,4,MAAMAMMA,21775,261300,1.0800024668375652,1.7353185017903645,1.7847700016839163,0.58322454308094,0.32114882506527415,0.3283365029645374,1.0,0.0003,1.0,6188.576633691788
depth4_bal_MAAMAMMA,4,MAAMAMMA,21800,261600,0.9074121862649918,1.5497334798177083,1.6097950867244175,0.6439295039164491,0.35509138381201044,0.3688332028191073,1.0,0.0003,1.0,6196.724608421326
depth4_bal_MAAMAMMA,4,MAAMAMMA,21825,261900,0.7551248073577881,1.5224145253499348,1.555013108253479,0.7114882506527415,0.3838120104438642,0.3850542566282582,1.0,0.0003,1.0,6204.806862831116
depth4_bal_MAAMAMMA,4,MAAMAMMA,21850,262200,0.9260946810245514,1.686499794324239,1.7288729395185198,0.6566579634464752,0.3368146214099217,0.3405302606555543,1.0,0.0003,1.0,6213.663633823395
depth4_bal_MAAMAMMA,4,MAAMAMMA,21875,262500,0.8855720460414886,2.041595458984375,1.9972669397081648,0.6465404699738904,0.28720626631853785,0.30361337957265916,1.0,0.0003,1.0,6222.1135811805725
depth4_bal_MAAMAMMA,4,MAAMAMMA,21900,262800,1.184441477060318,1.9875681002934773,1.9825103861945017,0.5515665796344648,0.26631853785900783,0.2909721445351829,1.0,0.0003,1.0,6230.197972774506
depth4_bal_MAAMAMMA,4,MAAMAMMA,21925,263100,0.8692829012870789,1.6321089267730713,1.7218367201941354,0.6569843342036553,0.35117493472584854,0.3497035462579707,1.0,0.0003,1.0,6238.411967039108
depth4_bal_MAAMAMMA,4,MAAMAMMA,21950,263400,1.110925520459811,1.8472373088200886,1.8942681448800223,0.575065274151436,0.2819843342036554,0.29309766193086473,1.0,0.0003,1.0,6246.348941087723
depth4_bal_MAAMAMMA,4,MAAMAMMA,21975,263700,0.8843247791131338,1.5291415452957153,1.538772211756025,0.6560052219321149,0.3720626631853786,0.37386732296677483,1.0,0.0003,1.0,6254.546326637268
depth4_bal_MAAMAMMA,4,MAAMAMMA,22000,264000,0.9535695612430573,1.6515124241511028,1.7763873508998327,0.6109660574412533,0.3720626631853786,0.3369504418838796,1.0,0.0003,1.0,6262.6416919231415
depth4_bal_MAAMAMMA,4,MAAMAMMA,22025,264300,0.8151219834884008,1.4546832243601482,1.4802831172943116,0.6974543080939948,0.40339425587467365,0.4042957825260096,1.0,0.0003,1.0,6270.575741529465
depth4_bal_MAAMAMMA,4,MAAMAMMA,22050,264600,1.1798947950204213,1.656495451927185,1.692662579672677,0.5629895561357703,0.3198433420365535,0.3177089159861282,1.0,0.0003,1.0,6278.977830886841
depth4_bal_MAAMAMMA,4,MAAMAMMA,22075,264900,0.9330438623825709,1.53503421942393,1.5754460334777831,0.6191253263707572,0.37467362924281983,0.36860946414587764,1.0,0.0003,1.0,6287.215274095535
depth4_bal_MAAMAMMA,4,MAAMAMMA,22100,265200,1.54850768049558,2.9416916370391846,2.8823123046330044,0.5447127937336814,0.26109660574412535,0.25741134355073275,1.0,0.0003,1.0,6296.217418909073
depth4_bal_MAAMAMMA,4,MAAMAMMA,22125,265500,1.7866077919801076,2.1553215185801187,2.143570750100272,0.4663838120104439,0.25718015665796345,0.25998433829287393,1.0,0.0003,1.0,6305.399530172348
depth4_bal_MAAMAMMA,4,MAAMAMMA,22150,265800,1.1311375002066295,1.8031670252482097,1.858735476221357,0.5669060052219321,0.29112271540469975,0.29544691799977624,1.0,0.0003,1.0,6314.056827545166
depth4_bal_MAAMAMMA,4,MAAMAMMA,22175,266100,0.9704114496707916,1.607791821161906,1.6955438477652414,0.618798955613577,0.34856396866840733,0.3334824924488198,1.0,0.0003,1.0,6322.2186896800995
depth4_bal_MAAMAMMA,4,MAAMAMMA,22200,266400,1.1087673753499985,1.9721315304438274,1.8817056655883788,0.6184725848563969,0.3224543080939948,0.3196106947085804,1.0,0.0003,1.0,6330.5644409656525
depth4_bal_MAAMAMMA,4,MAAMAMMA,22225,266700,1.1904158691565196,1.7435306708017986,1.7985688141414098,0.5319843342036553,0.30548302872062666,0.29779617406868775,1.0,0.0003,1.0,6338.833137750626
depth4_bal_MAAMAMMA,4,MAAMAMMA,22250,267000,0.9695656398932139,1.7440988222757976,1.732414470400129,0.6560052219321149,0.3394255874673629,0.3451169034567625,1.0,0.0003,1.0,6347.009469270706
depth4_bal_MAAMAMMA,4,MAAMAMMA,22275,267300,1.0578175336122513,1.9864173730214436,1.9774582147598267,0.5793080939947781,0.24412532637075718,0.2645709810940821,1.0,0.0003,1.0,6355.212539196014
depth4_bal_MAAMAMMA,4,MAAMAMMA,22300,267600,1.2370373407999675,1.744682510693868,1.7817259992871965,0.5026109660574413,0.32506527415143605,0.33113323637990827,1.0,0.0003,1.0,6363.5157952308655
depth4_bal_MAAMAMMA,4,MAAMAMMA,22325,267900,0.8415286739667257,1.6573466062545776,1.6918404374803815,0.6742819843342036,0.35117493472584854,0.3510459782973487,1.0,0.0003,1.0,6371.678197145462
depth4_bal_MAAMAMMA,4,MAAMAMMA,22350,268200,1.0896502633889515,1.8677684466044109,1.9421346630368914,0.5868146214099217,0.3185378590078329,0.30126412350374765,1.0,0.0003,1.0,6378.722608804703
depth4_bal_MAAMAMMA,4,MAAMAMMA,22375,268500,1.0213777869939804,1.719685475031535,1.8019619703292846,0.5851827676240209,0.3629242819843342,0.3269940709251594,1.0,0.0003,1.0,6387.575325727463
depth4_bal_MAAMAMMA,4,MAAMAMMA,22400,268800,0.9175650576750437,1.6997350454330444,1.740722267968314,0.6409921671018277,0.33550913838120106,0.33236379908267144,1.0,0.0003,1.0,6397.004323720932
depth4_bal_MAAMAMMA,4,MAAMAMMA,22425,269100,0.8655074785153071,1.9822003841400146,2.0054529666900636,0.664490861618799,0.3394255874673629,0.3183801320058172,1.0,0.0003,1.0,6404.928835868835
depth4_bal_MAAMAMMA,4,MAAMAMMA,22450,269400,0.8133045136928558,1.582927147547404,1.6070275681359427,0.6798302872062664,0.381201044386423,0.3983667076854234,1.0,0.0003,1.0,6410.637650728226
depth4_bal_MAAMAMMA,4,MAAMAMMA,22475,269700,1.0232193320989609,1.7295393546422322,1.7611842700413296,0.5776762402088773,0.35900783289817234,0.37062311220494465,1.0,0.0003,1.0,6416.629867315292
depth4_bal_MAAMAMMA,4,MAAMAMMA,22500,270000,0.9261540472507477,1.9953199625015259,2.0792921100343977,0.6393603133159269,0.3002610966057441,0.2860498937241302,1.0,0.0003,1.0,6424.903084516525
depth4_bal_MAAMAMMA,4,MAAMAMMA,22525,270300,0.8481904814640681,1.687188943227132,1.666842828478132,0.679177545691906,0.37597911227154046,0.34757802886228883,1.0,0.0003,1.0,6432.9131989479065
depth4_bal_MAAMAMMA,4,MAAMAMMA,22550,270600,0.8565846135218939,1.5409946044286091,1.610594551903861,0.66677545691906,0.38642297650130547,0.375769101689227,1.0,0.0003,1.0,6440.4799156188965
depth4_bal_MAAMAMMA,4,MAAMAMMA,22575,270900,1.0490761895974476,1.7528464396794636,1.7719870567321778,0.6011749347258486,0.2924281984334204,0.31647835328336504,1.0,0.0003,1.0,6446.302761077881
depth4_bal_MAAMAMMA,4,MAAMAMMA,22600,271200,0.9995477547248205,1.6997593641281128,1.705804307120187,0.6217362924281984,0.35117493472584854,0.3513815863071932,1.0,0.0003,1.0,6452.707123041153
depth4_bal_MAAMAMMA,4,MAAMAMMA,22625,271500,0.7970692763725916,1.4679312705993652,1.5213010004588536,0.689621409921671,0.4086161879895561,0.4021702651303278,1.0,0.0003,1.0,6460.692222118378
depth4_bal_MAAMAMMA,4,MAAMAMMA,22650,271800,1.1059019962946575,1.7907880147298176,1.8282000609806606,0.5907310704960835,0.33159268929503916,0.33079762837006377,1.0,0.0003,1.0,6468.704388856888
depth4_bal_MAAMAMMA,4,MAAMAMMA,22675,272100,1.0490873058636982,1.648013949394226,1.730982255935669,0.6426240208877284,0.3263707571801567,0.3183801320058172,1.0,0.0003,1.0,6476.931169509888
depth4_bal_MAAMAMMA,4,MAAMAMMA,22700,272400,0.8660771598418554,1.9030263821283977,1.845078454698835,0.6772193211488251,0.32506527415143605,0.3292314576574561,1.0,0.0003,1.0,6480.655695199966
depth4_bal_MAAMAMMA,4,MAAMAMMA,22725,272700,0.827441136042277,1.5335091749827068,1.5805750029427665,0.7222584856396866,0.3681462140992167,0.3847186486184137,1.0,0.0003,1.0,6483.685743808746
depth4_bal_MAAMAMMA,4,MAAMAMMA,22750,273000,1.082453931371371,1.607773780822754,1.686651315007891,0.5776762402088773,0.37989556135770236,0.33907595927956147,1.0,0.0003,1.0,6486.713744163513
depth4_bal_MAAMAMMA,4,MAAMAMMA,22775,273300,1.016433944304784,1.8213553031285603,1.943814103943961,0.6155352480417755,0.3133159268929504,0.32979080434053026,1.0,0.0003,1.0,6489.866980075836
depth4_bal_MAAMAMMA,4,MAAMAMMA,22800,273600,0.7602201501528422,1.475699782371521,1.5147803340639387,0.7349869451697127,0.4007832898172324,0.40138717977402394,1.0,0.0003,1.0,6496.229424715042
depth4_bal_MAAMAMMA,4,MAAMAMMA,22825,273900,1.0614013870557149,2.066372354825338,2.0874198300497873,0.5920365535248042,0.2885117493472585,0.2816869895961517,1.0,0.0003,1.0,6503.5434486866
depth4_bal_MAAMAMMA,4,MAAMAMMA,22850,274200,1.1631395518779755,2.2546115716298423,2.307154294422695,0.5616840731070496,0.2454308093994778,0.2364917776037588,1.0,0.0003,1.0,6512.096350431442
depth4_bal_MAAMAMMA,4,MAAMAMMA,22875,274500,0.8402103533347448,1.6033573547999065,1.6478020531790598,0.6768929503916449,0.3577023498694517,0.35552075176194203,1.0,0.0003,1.0,6521.396330356598
depth4_bal_MAAMAMMA,4,MAAMAMMA,22900,274800,0.837815468509992,1.6796468098958333,1.6960309846060617,0.6641644908616188,0.36553524804177545,0.36223291195883206,1.0,0.0003,1.0,6530.326546192169
depth4_bal_MAAMAMMA,4,MAAMAMMA,22925,275100,1.2205480287472408,2.1140037377675376,2.194683814048767,0.5669060052219321,0.2597911227154047,0.26859827721221613,1.0,0.0003,1.0,6538.977059602737
depth4_bal_MAAMAMMA,4,MAAMAMMA,22950,275400,0.8732529481252035,1.6085450649261475,1.6877797024590628,0.64588772845953,0.3772845953002611,0.3674907707797293,1.0,0.0003,1.0,6547.07678604126
depth4_bal_MAAMAMMA,4,MAAMAMMA,22975,275700,0.8152092893918356,1.7020750840504963,1.7766453640801565,0.6922323759791122,0.37597911227154046,0.34601185814968116,1.0,0.0003,1.0,6555.72313284874
depth4_bal_MAAMAMMA,4,MAAMAMMA,23000,276000,0.7722536474466324,1.5333028237024944,1.603128239086696,0.7317232375979112,0.3825065274151436,0.3780064884215237,1.0,0.0003,1.0,6564.6797688007355
depth4_bal_MAAMAMMA,4,MAAMAMMA,23025,276300,0.8166910856962204,1.4926710923512776,1.5726750101361955,0.7059399477806788,0.3785900783289817,0.37722340306521984,1.0,0.0003,1.0,6572.972900152206
depth4_bal_MAAMAMMA,4,MAAMAMMA,23050,276600,0.9108085036277771,1.660366455713908,1.708093786239624,0.6680809399477807,0.35117493472584854,0.344781295446918,1.0,0.0003,1.0,6580.966295957565
depth4_bal_MAAMAMMA,4,MAAMAMMA,23075,276900,1.1327592134475708,1.9145272970199585,1.968750262260437,0.5819190600522193,0.33159268929503916,0.3202819107282694,1.0,0.0003,1.0,6589.694021224976
depth4_bal_MAAMAMMA,4,MAAMAMMA,23100,277200,0.759486640493075,1.5459483067194622,1.5871399811335973,0.702023498694517,0.3968668407310705,0.38617294999440654,1.0,0.0003,1.0,6597.759437084198
depth4_bal_MAAMAMMA,4,MAAMAMMA,23125,277500,0.830714151263237,1.8386375109354656,1.947568382535662,0.6824412532637075,0.2950391644908616,0.30987806242308985,1.0,0.0003,1.0,6605.77405834198
depth4_bal_MAAMAMMA,4,MAAMAMMA,23150,277800,1.1312693854173024,1.781432310740153,1.8183692148753574,0.5776762402088773,0.27676240208877284,0.2910840138717977,1.0,0.0003,1.0,6613.937636137009
depth4_bal_MAAMAMMA,4,MAAMAMMA,23175,278100,1.5321875313917797,2.233699639638265,2.2369331700461252,0.5179503916449086,0.30809399477806787,0.27989708021031434,1.0,0.0003,1.0,6621.713720083237
depth4_bal_MAAMAMMA,4,MAAMAMMA,23200,278400,0.9513115584850311,1.7412242492039998,1.7491996356419155,0.6768929503916449,0.3328981723237598,0.3356080098445016,1.0,0.0003,1.0,6629.907508134842
depth4_bal_MAAMAMMA,4,MAAMAMMA,23225,278700,1.1325462212165196,2.3467329343159995,2.378769247872489,0.577023498694517,0.2010443864229765,0.20796509676697617,1.0,0.0003,1.0,6638.196071863174
depth4_bal_MAAMAMMA,4,MAAMAMMA,23250,279000,1.060163622101148,1.8138878742853801,1.85294759954725,0.5825718015665796,0.29112271540469975,0.307752545027408,1.0,0.0003,1.0,6645.954673051834
depth4_bal_MAAMAMMA,4,MAAMAMMA,23275,279300,1.194095065196355,1.730921467145284,1.8100693668637957,0.5231723237597912,0.31462140992167104,0.309094977066786,1.0,0.0003,1.0,6653.95480799675
depth4_bal_MAAMAMMA,4,MAAMAMMA,23300,279600,0.9541844427585602,1.6982394059499104,1.748670734677996,0.6302219321148825,0.32114882506527415,0.3233023828168699,1.0,0.0003,1.0,6661.30585360527
depth4_bal_MAAMAMMA,4,MAAMAMMA,23325,279900,1.140281577905019,2.00031046072642,1.9761545453752791,0.5835509138381201,0.3224543080939948,0.32475668419286274,1.0,0.0003,1.0,6669.308918714523
depth4_bal_MAAMAMMA,4,MAAMAMMA,23350,280200,0.7966822932163874,1.5761254231135051,1.6319375957761493,0.6821148825065274,0.3772845953002611,0.3671551627698848,1.0,0.0003,1.0,6676.907618761063
depth4_bal_MAAMAMMA,4,MAAMAMMA,23375,280500,1.2289758423964183,2.5707449118296304,2.5164091995784212,0.5401436031331592,0.2193211488250653,0.22206063318044525,1.0,0.0003,1.0,6685.142292499542
depth4_bal_MAAMAMMA,4,MAAMAMMA,23400,280800,0.9607772628466288,1.7931854724884033,1.8005502121789114,0.6145561357702349,0.3028720626631854,0.3302382816869896,1.0,0.0003,1.0,6693.360764503479
depth4_bal_MAAMAMMA,4,MAAMAMMA,23425,281100,1.3061050772666931,2.2775841554005942,2.282757966859,0.5740861618798956,0.3028720626631854,0.3004810381474438,1.0,0.0003,1.0,6701.479819774628
depth4_bal_MAAMAMMA,4,MAAMAMMA,23450,281400,0.9534922242164612,1.8905937671661377,1.9100085428782871,0.6380548302872062,0.2845953002610966,0.30361337957265916,1.0,0.0003,1.0,6709.473391532898
depth4_bal_MAAMAMMA,4,MAAMAMMA,23475,281700,1.6144202947616577,2.4256335894266763,2.4214419637407576,0.45463446475195823,0.2506527415143603,0.25741134355073275,1.0,0.0003,1.0,6717.477225780487
depth4_bal_MAAMAMMA,4,MAAMAMMA,23500,282000,0.8729763875404993,1.6659598350524902,1.7179032496043614,0.6537206266318538,0.3563968668407311,0.3344893164783533,1.0,0.0003,1.0,6725.15002989769
depth4_bal_MAAMAMMA,4,MAAMAMMA,23525,282300,0.9607518464326859,1.8876254161198933,1.8819363525935582,0.608355091383812,0.2989556135770235,0.3286721109743819,1.0,0.0003,1.0,6733.334197759628
depth4_bal_MAAMAMMA,4,MAAMAMMA,23550,282600,0.760414332151413,1.613714575767517,1.6588652031762259,0.6928851174934726,0.38642297650130547,0.37990826714397585,1.0,0.0003,1.0,6741.249908208847
depth4_bal_MAAMAMMA,4,MAAMAMMA,23575,282900,0.9023168633381525,1.7070048252741497,1.719850502695356,0.6380548302872062,0.3668407310704961,0.35194093299026735,1.0,0.0003,1.0,6749.444138288498
depth4_bal_MAAMAMMA,4,MAAMAMMA,23600,283200,0.7763871202866236,1.6073192358016968,1.683116705077035,0.6971279373368147,0.39425587467362927,0.3691688108289518,1.0,0.0003,1.0,6757.636981010437
depth4_bal_MAAMAMMA,4,MAAMAMMA,23625,283500,0.7430276125669479,1.6443561712900798,1.6643649169376917,0.716710182767624,0.36945169712793735,0.36614833874035124,1.0,0.0003,1.0,6764.924204349518
depth4_bal_MAAMAMMA,4,MAAMAMMA,23650,283800,0.8053979724645615,1.6628559430440266,1.7592458077839443,0.7075718015665796,0.3681462140992167,0.3674907707797293,1.0,0.0003,1.0,6773.128383874893
depth4_bal_MAAMAMMA,4,MAAMAMMA,23675,284100,0.7886083920796713,1.5369598070780437,1.6180718626294817,0.7088772845953003,0.39033942558746737,0.3800201364805907,1.0,0.0003,1.0,6781.19416642189
depth4_bal_MAAMAMMA,4,MAAMAMMA,23700,284400,1.3208760718504589,2.408394734064738,2.4905729906899587,0.5414490861618799,0.24281984334203655,0.2407428123951225,1.0,0.0003,1.0,6789.41442489624
depth4_bal_MAAMAMMA,4,MAAMAMMA,23725,284700,1.1669379969437916,1.8163102467854817,1.8698510885238648,0.5636422976501305,0.293733681462141,0.3027184248797405,1.0,0.0003,1.0,6797.579918384552
depth4_bal_MAAMAMMA,4,MAAMAMMA,23750,285000,1.0049323538939159,1.6506292422612507,1.6707511731556484,0.6289164490861618,0.3472584856396867,0.35026289294104485,1.0,0.0003,1.0,6805.655935049057
depth4_bal_MAAMAMMA,4,MAAMAMMA,23775,285300,1.5145092606544495,1.9217162132263184,2.008695670536586,0.4278720626631854,0.283289817232376,0.26468285043069695,1.0,0.0003,1.0,6813.839421987534
depth4_bal_MAAMAMMA,4,MAAMAMMA,23800,285600,1.2919436991214752,1.8025436798731487,1.8619742121015277,0.5365535248041775,0.3394255874673629,0.3156952679270612,1.0,0.0003,1.0,6822.128969669342
depth4_bal_MAAMAMMA,4,MAAMAMMA,23825,285900,0.8475251644849777,1.6094042460123699,1.6559060505458287,0.6609007832898173,0.3524804177545692,0.38091509117350936,1.0,0.0003,1.0,6829.753751277924
depth4_bal_MAAMAMMA,4,MAAMAMMA,23850,286200,0.9480545620123545,1.761525829633077,1.8217415843691145,0.6481723237597912,0.3394255874673629,0.3372860498937241,1.0,0.0003,1.0,6837.902651786804
depth4_bal_MAAMAMMA,4,MAAMAMMA,23875,286500,0.8266692658265432,1.5393857955932617,1.5768982546670096,0.6997389033942559,0.36945169712793735,0.37397919230338966,1.0,0.0003,1.0,6845.850600481033
depth4_bal_MAAMAMMA,4,MAAMAMMA,23900,286800,1.2976180811723073,2.0921994050343833,2.1574289798736572,0.5407963446475196,0.2754569190600522,0.29388074728716856,1.0,0.0003,1.0,6854.132181406021
depth4_bal_MAAMAMMA,4,MAAMAMMA,23925,287100,0.8513534565766653,1.6005497773488362,1.598428841999599,0.672976501305483,0.34595300261096606,0.37330797628370066,1.0,0.0003,1.0,6862.286428451538
depth4_bal_MAAMAMMA,4,MAAMAMMA,23950,287400,0.7622373302777609,1.4183316628138225,1.4858793701444353,0.7121409921671018,0.42036553524804177,0.4198456203154715,1.0,0.0003,1.0,6870.232813119888
depth4_bal_MAAMAMMA,4,MAAMAMMA,23975,287700,0.7008468409379324,1.4085354804992676,1.4517112800053187,0.7575065274151436,0.4490861618798956,0.4149233695044188,1.0,0.0003,1.0,6878.098272323608
depth4_bal_MAAMAMMA,4,MAAMAMMA,24000,288000,0.6708883891503016,1.4471930662790935,1.4952316147940499,0.758485639686684,0.42036553524804177,0.41928627363239734,1.0,0.0003,1.0,6886.0119869709015
depth4_bal_MAAMAMMA,4,MAAMAMMA,24025,288300,1.1633088986078899,1.6616579294204712,1.6691591024398804,0.560378590078329,0.3368146214099217,0.3537308423761047,1.0,0.0003,1.0,6894.25407242775
depth4_bal_MAAMAMMA,4,MAAMAMMA,24050,288600,1.0000015050172806,1.9241174459457397,1.9699111291340419,0.6295691906005222,0.3328981723237598,0.34030652198232464,1.0,0.0003,1.0,6902.343173980713
depth4_bal_MAAMAMMA,4,MAAMAMMA,24075,288900,1.3321817219257355,1.7726144790649414,1.7663612127304078,0.5029373368146214,0.31070496083550914,0.32050564940149906,1.0,0.0003,1.0,6910.539018392563
depth4_bal_MAAMAMMA,4,MAAMAMMA,24100,289200,0.8728813529014587,1.6659858226776123,1.701440978050232,0.6507832898172323,0.34203655352480417,0.3464593354961405,1.0,0.0003,1.0,6918.714105606079
depth4_bal_MAAMAMMA,4,MAAMAMMA,24125,289500,0.8784501999616623,1.6581480900446575,1.6915108408246722,0.6517624020887729,0.35117493472584854,0.348137375545363,1.0,0.0003,1.0,6926.810264110565
depth4_bal_MAAMAMMA,4,MAAMAMMA,24150,289800,1.4472489853700001,1.984369119008382,2.0728224311556134,0.4970626631853786,0.30678851174934724,0.3021590781966663,1.0,0.0003,1.0,6934.606739997864
depth4_bal_MAAMAMMA,4,MAAMAMMA,24175,290100,0.9060941288868586,1.796814242998759,1.8671136549540928,0.6380548302872062,0.29765013054830286,0.2900771898422642,1.0,0.0003,1.0,6942.847102880478
depth4_bal_MAAMAMMA,4,MAAMAMMA,24200,290400,0.88365009923776,1.7974717219670613,1.853338180269514,0.6491514360313316,0.3133159268929504,0.33068575903344893,1.0,0.0003,1.0,6950.5600938797
depth4_bal_MAAMAMMA,4,MAAMAMMA,24225,290700,0.8443793505430222,1.8415005604426067,1.898467206954956,0.662532637075718,0.3394255874673629,0.32542790021255175,1.0,0.0003,1.0,6958.530405044556
depth4_bal_MAAMAMMA,4,MAAMAMMA,24250,291000,1.131267915169398,1.8667653401692708,1.9216452734810965,0.5881201044386423,0.3263707571801567,0.32151247343103256,1.0,0.0003,1.0,6964.3900027275085
depth4_bal_MAAMAMMA,4,MAAMAMMA,24275,291300,0.9427049259344736,1.6009150743484497,1.639795402118138,0.6367493472584856,0.3524804177545692,0.3657008613938919,1.0,0.0003,1.0,6967.5461258888245
depth4_bal_MAAMAMMA,4,MAAMAMMA,24300,291600,0.63326795399189,1.5483514467875164,1.5667078631264824,0.7872062663185379,0.4086161879895561,0.40642129992169146,1.0,0.0003,1.0,6974.760835886002
depth4_bal_MAAMAMMA,4,MAAMAMMA,24325,291900,1.1657618284225464,1.9045534531275432,1.9381569044930593,0.5381853785900783,0.27154046997389036,0.2985792594249916,1.0,0.0003,1.0,6982.66675901413
depth4_bal_MAAMAMMA,4,MAAMAMMA,24350,292200,0.8725335597991943,1.6758766174316406,1.7065520252500261,0.662532637075718,0.3328981723237598,0.34232017004139165,1.0,0.0003,1.0,6990.833545923233
depth4_bal_MAAMAMMA,4,MAAMAMMA,24375,292500,0.8473029285669327,2.0804100036621094,2.1858256816864015,0.6684073107049608,0.30156657963446476,0.29678935003915424,1.0,0.0003,1.0,6998.85915851593
depth4_bal_MAAMAMMA,4,MAAMAMMA,24400,292800,0.903458853562673,1.6667270263036091,1.7128813198634556,0.6546997389033943,0.3472584856396867,0.348137375545363,1.0,0.0003,1.0,7006.962413549423
depth4_bal_MAAMAMMA,4,MAAMAMMA,24425,293100,0.8158015807469686,1.7144813934961955,1.7321893113000053,0.6886422976501305,0.31723237597911225,0.33941156728940597,1.0,0.0003,1.0,7015.084805488586
depth4_bal_MAAMAMMA,4,MAAMAMMA,24450,293400,0.956469918290774,1.6412984132766724,1.690118418421064,0.6060704960835509,0.34856396866840733,0.3448931647835328,1.0,0.0003,1.0,7023.70853805542
depth4_bal_MAAMAMMA,4,MAAMAMMA,24475,293700,0.8507317950328191,1.605607509613037,1.6775620835168021,0.6566579634464752,0.3733681462140992,0.3583174851773129,1.0,0.0003,1.0,7031.876578330994
depth4_bal_MAAMAMMA,4,MAAMAMMA,24500,294000,0.8544904589653015,1.5980294148127239,1.6373035873685564,0.6618798955613577,0.37597911227154046,0.37487414699630833,1.0,0.0003,1.0,7040.010435819626
depth4_bal_MAAMAMMA,4,MAAMAMMA,24525,294300,0.7678864449262619,1.7805476188659668,1.8189821822302683,0.7212793733681462,0.3198433420365535,0.3162546146101354,1.0,0.0003,1.0,7048.786483764648
depth4_bal_MAAMAMMA,4,MAAMAMMA,24550,294600,0.8760281999905905,1.651348312695821,1.6760182550975256,0.6684073107049608,0.3394255874673629,0.3531714956930305,1.0,0.0003,1.0,7057.057861804962
depth4_bal_MAAMAMMA,4,MAAMAMMA,24575,294900,1.1842867285013199,2.033707539240519,2.0503405809402464,0.5551566579634465,0.2741514360313316,0.28694484841704887,1.0,0.0003,1.0,7065.063093423843
depth4_bal_MAAMAMMA,4,MAAMAMMA,24600,295200,1.0007152060667674,1.654072880744934,1.7106657641274587,0.6491514360313316,0.32114882506527415,0.33795726591341313,1.0,0.0003,1.0,7073.199906349182
depth4_bal_MAAMAMMA,4,MAAMAMMA,24625,295500,1.2602656781673431,2.047302563985189,2.059385936600821,0.5280678851174935,0.23368146214099217,0.26401163441100794,1.0,0.0003,1.0,7081.300920724869
depth4_bal_MAAMAMMA,4,MAAMAMMA,24650,295800,0.850444162885348,1.7087003787358601,1.7556419713156564,0.6422976501305483,0.34203655352480417,0.33941156728940597,1.0,0.0003,1.0,7089.244780302048
depth4_bal_MAAMAMMA,4,MAAMAMMA,24675,296100,1.1362733046213787,2.228748162587484,2.246532610484532,0.549934725848564,0.2741514360313316,0.26468285043069695,1.0,0.0003,1.0,7096.695526838303
depth4_bal_MAAMAMMA,4,MAAMAMMA,24700,296400,1.2086695233980815,1.7471526861190796,1.7900611128125872,0.5290469973890339,0.27154046997389036,0.2913077525450274,1.0,0.0003,1.0,7104.734004020691
depth4_bal_MAAMAMMA,4,MAAMAMMA,24725,296700,2.4533263544241586,2.4290279547373452,2.506972578593663,0.2983028720626632,0.17754569190600522,0.17597046649513368,1.0,0.0003,1.0,7112.451819419861
depth4_bal_MAAMAMMA,4,MAAMAMMA,24750,297000,0.8859177231788635,2.1365906397501626,2.1158036504473006,0.6775456919060052,0.24934725848563968,0.2684864078756013,1.0,0.0003,1.0,7120.543385028839
depth4_bal_MAAMAMMA,4,MAAMAMMA,24775,297300,0.8348347047964731,1.5797290404637654,1.62459226335798,0.6768929503916449,0.3537859007832898,0.3678263787895738,1.0,0.0003,1.0,7126.077101230621
depth4_bal_MAAMAMMA,4,MAAMAMMA,24800,297600,0.9554587105909983,1.7555636167526245,1.7709001507077897,0.6236945169712794,0.3302872062663185,0.33762165790356863,1.0,0.0003,1.0,7129.112295866013
depth4_bal_MAAMAMMA,4,MAAMAMMA,24825,297900,0.7610721588134766,1.5752882957458496,1.6559654338019234,0.7095300261096605,0.3733681462140992,0.38583734198456204,1.0,0.0003,1.0,7132.2510805130005
depth4_bal_MAAMAMMA,4,MAAMAMMA,24850,298200,1.0084641774495442,1.9533625443776448,2.092913396017892,0.6057441253263708,0.31070496083550914,0.30260655554312565,1.0,0.0003,1.0,7135.276661872864
depth4_bal_MAAMAMMA,4,MAAMAMMA,24875,298500,1.0207245250542958,1.69279678662618,1.7492531265531268,0.6109660574412533,0.34073107049608353,0.3437744714173845,1.0,0.0003,1.0,7138.306927204132
depth4_bal_MAAMAMMA,4,MAAMAMMA,24900,298800,1.3544517556826274,1.843145767847697,1.8715886218207223,0.5215404699738904,0.33159268929503916,0.3186038706790469,1.0,0.0003,1.0,7144.207716464996
depth4_bal_MAAMAMMA,4,MAAMAMMA,24925,299100,0.8370486249526342,1.5389126936594646,1.554786252975464,0.7189947780678851,0.3577023498694517,0.3849423872916434,1.0,0.0003,1.0,7149.636449813843
depth4_bal_MAAMAMMA,4,MAAMAMMA,24950,299400,1.0284060786167781,1.7855336268742878,1.813008679662432,0.5780026109660574,0.34856396866840733,0.3338181004586643,1.0,0.0003,1.0,7152.655457735062
depth4_bal_MAAMAMMA,4,MAAMAMMA,24975,299700,0.7801698495944341,1.8084779580434163,1.7887650217328752,0.6948433420365535,0.31462140992167104,0.33236379908267144,1.0,0.0003,1.0,7155.6859838962555
depth4_bal_MAAMAMMA,4,MAAMAMMA,25000,300000,0.8175874004761378,1.5981541474660237,1.697140077182225,0.6886422976501305,0.34464751958224543,0.3464593354961405,1.0,0.0003,1.0,7158.85459113121
depth4_bal_MAAMAMMA,4,MAAMAMMA,25025,300300,0.9512938509384791,1.7630583842595418,1.845921696935381,0.6321801566579635,0.30809399477806787,0.30663385166125967,1.0,0.0003,1.0,7166.94527888298
depth4_bal_MAAMAMMA,4,MAAMAMMA,25050,300600,0.8944527059793472,1.4833579858144124,1.5292736223765782,0.6445822454308094,0.41383812010443866,0.39881418503188276,1.0,0.0003,1.0,7175.573082208633
depth4_bal_MAAMAMMA,4,MAAMAMMA,25075,300900,0.7902136196692785,1.5487553278605144,1.6023717437471663,0.7003916449086162,0.37989556135770236,0.3698400268486408,1.0,0.0003,1.0,7183.282655715942
depth4_bal_MAAMAMMA,4,MAAMAMMA,25100,301200,0.8012906064589819,1.6242526769638062,1.634056500026158,0.6778720626631853,0.3720626631853786,0.38382369392549504,1.0,0.0003,1.0,7191.122603654861
depth4_bal_MAAMAMMA,4,MAAMAMMA,25125,301500,1.0200197199980419,2.821345329284668,2.8194506100245884,0.5926892950391645,0.2402088772845953,0.23850542566282582,1.0,0.0003,1.0,7199.291152715683
depth4_bal_MAAMAMMA,4,MAAMAMMA,25150,301800,0.9564935117959976,1.6659889221191406,1.7199097190584456,0.64588772845953,0.3720626631853786,0.35417831972256403,1.0,0.0003,1.0,7207.443610668182
depth4_bal_MAAMAMMA,4,MAAMAMMA,25175,302100,0.9357056121031443,1.6910666624704997,1.7551359789712089,0.6223890339425587,0.3328981723237598,0.35585635977178653,1.0,0.0003,1.0,7214.819660902023
depth4_bal_MAAMAMMA,4,MAAMAMMA,25200,302400,1.3453369388977687,2.081321636835734,2.1192477907453267,0.5016318537859008,0.26109660574412535,0.28481933102136703,1.0,0.0003,1.0,7223.064500331879
depth4_bal_MAAMAMMA,4,MAAMAMMA,25225,302700,1.0443494121233623,1.6905278364817302,1.7117266723087856,0.5936684073107049,0.3537859007832898,0.351493455643808,1.0,0.0003,1.0,7231.011938095093
depth4_bal_MAAMAMMA,4,MAAMAMMA,25250,303000,0.8583688884973526,1.7379147211710613,1.8042259693145752,0.6595953002610966,0.31462140992167104,0.3265465935787001,1.0,0.0003,1.0,7239.364349365234
depth4_bal_MAAMAMMA,4,MAAMAMMA,25275,303300,1.5020970404148102,2.265775521596273,2.2245838505881173,0.47715404699738906,0.206266318537859,0.2282134466942611,1.0,0.0003,1.0,7245.19363951683
depth4_bal_MAAMAMMA,4,MAAMAMMA,25300,303600,1.397644837697347,2.2043649355570474,2.234529767717634,0.49445169712793735,0.26109660574412535,0.26244546369840027,1.0,0.0003,1.0,7248.331313610077
depth4_bal_MAAMAMMA,4,MAAMAMMA,25325,303900,1.006228193640709,2.308069944381714,2.3263020719800678,0.616514360313316,0.23759791122715404,0.24353954581049334,1.0,0.0003,1.0,7251.354611635208
depth4_bal_MAAMAMMA,4,MAAMAMMA,25350,304200,0.976335753997167,1.661576787630717,1.7597604206630162,0.6106396866840731,0.36161879895561355,0.3381810045866428,1.0,0.0003,1.0,7254.367755651474
depth4_bal_MAAMAMMA,4,MAAMAMMA,25375,304500,0.978702132900556,2.452525536219279,2.530195106778826,0.6122715404699739,0.2258485639686684,0.21210426222172502,1.0,0.0003,1.0,7257.486964702606
depth4_bal_MAAMAMMA,4,MAAMAMMA,25400,304800,0.8922350903352102,1.7224870522816975,1.7350638219288417,0.6635117493472585,0.33159268929503916,0.3405302606555543,1.0,0.0003,1.0,7264.44394493103
depth4_bal_MAAMAMMA,4,MAAMAMMA,25425,305100,0.9264700462420782,1.7196309566497803,1.7182903902871267,0.6393603133159269,0.3368146214099217,0.33896408994294663,1.0,0.0003,1.0,7272.505422592163
depth4_bal_MAAMAMMA,4,MAAMAMMA,25450,305400,0.8877984682718912,1.8221194744110107,1.806567587171282,0.660574412532637,0.30156657963446476,0.3332587537755901,1.0,0.0003,1.0,7280.637578248978
depth4_bal_MAAMAMMA,4,MAAMAMMA,25475,305700,1.1069867759943008,1.9144751628239949,2.0795064074652534,0.5593994778067886,0.2924281984334204,0.2771003467949435,1.0,0.0003,1.0,7289.467018127441
depth4_bal_MAAMAMMA,4,MAAMAMMA,25500,306000,1.0974007298549016,1.9921679496765137,2.039554490361895,0.5616840731070496,0.23368146214099217,0.22810157735764627,1.0,0.0003,1.0,7297.598876237869
depth4_bal_MAAMAMMA,4,MAAMAMMA,25525,306300,0.9767366101344427,1.6731298367182414,1.7198826687676565,0.6174934725848564,0.3524804177545692,0.3583174851773129,1.0,0.0003,1.0,7305.525027751923
depth4_bal_MAAMAMMA,4,MAAMAMMA,25550,306600,0.98119089504083,1.7489960590998332,1.8230918509619576,0.6302219321148825,0.30156657963446476,0.31748517731289855,1.0,0.0003,1.0,7313.377990245819
depth4_bal_MAAMAMMA,4,MAAMAMMA,25575,306900,0.6603985180457433,1.5794402360916138,1.6303603376661029,0.7610966057441253,0.37597911227154046,0.38550173397471754,1.0,0.0003,1.0,7321.191450595856
depth4_bal_MAAMAMMA,4,MAAMAMMA,25600,307200,0.8657829513152441,1.6146260102589924,1.682251569202968,0.6622062663185379,0.3733681462140992,0.35954804788007605,1.0,0.0003,1.0,7329.348713636398
depth4_bal_MAAMAMMA,4,MAAMAMMA,25625,307500,1.5613884925842285,2.0741109053293862,2.0607536486216955,0.4830287206266319,0.2780678851174935,0.27296118134019465,1.0,0.0003,1.0,7337.526959896088
depth4_bal_MAAMAMMA,4,MAAMAMMA,25650,307800,0.7351278215646744,1.5516764322916667,1.6160310847418649,0.731396866840731,0.402088772845953,0.3900883767759257,1.0,0.0003,1.0,7345.829847097397
depth4_bal_MAAMAMMA,4,MAAMAMMA,25675,308100,0.716227799654007,1.5840600728988647,1.5920043604714529,0.7265013054830287,0.39556135770234985,0.4036245665063206,1.0,0.0003,1.0,7353.936389684677
depth4_bal_MAAMAMMA,4,MAAMAMMA,25700,308400,0.8692344725131989,1.731887658437093,1.788002095903669,0.660574412532637,0.35900783289817234,0.3451169034567625,1.0,0.0003,1.0,7362.037256717682
depth4_bal_MAAMAMMA,4,MAAMAMMA,25725,308700,0.9647484024365743,1.7702144384384155,1.8177214588437762,0.6325065274151436,0.31070496083550914,0.3054032889584965,1.0,0.0003,1.0,7370.180093765259
depth4_bal_MAAMAMMA,4,MAAMAMMA,25750,309000,0.7729472021261851,1.6786924203236897,1.6596143450055802,0.6935378590078329,0.3524804177545692,0.3720774135809375,1.0,0.0003,1.0,7378.397629976273
depth4_bal_MAAMAMMA,4,MAAMAMMA,25775,309300,0.8186147709687551,1.945576508839925,1.9768727234431676,0.6765665796344648,0.2989556135770235,0.2843718536749077,1.0,0.0003,1.0,7386.517824888229
depth4_bal_MAAMAMMA,4,MAAMAMMA,25800,309600,0.8228722959756851,1.7538101275761921,1.770586064883641,0.6746083550913838,0.3093994778067885,0.33471305515158295,1.0,0.0003,1.0,7394.682803630829
depth4_bal_MAAMAMMA,4,MAAMAMMA,25825,309900,1.0407019555568695,1.9868979851404827,2.0312312534877233,0.589425587467363,0.2650130548302872,0.27721221613155833,1.0,0.0003,1.0,7402.81734752655
depth4_bal_MAAMAMMA,4,MAAMAMMA,25850,310200,0.9340184728304545,1.8593730926513672,1.9799106052943638,0.6413185378590078,0.35900783289817234,0.33874035126971697,1.0,0.0003,1.0,7410.9593324661255
depth4_bal_MAAMAMMA,4,MAAMAMMA,25875,310500,1.0239403297503789,1.7758021354675293,1.7929272617612566,0.6001958224543081,0.3394255874673629,0.3334824924488198,1.0,0.0003,1.0,7418.903305053711
depth4_bal_MAAMAMMA,4,MAAMAMMA,25900,310800,1.2050591210524242,2.0094621181488037,2.036486530303955,0.6360966057441253,0.34203655352480417,0.35015102360443,1.0,0.0003,1.0,7426.921993017197
depth4_bal_MAAMAMMA,4,MAAMAMMA,25925,311100,0.7534648527701696,1.632492979367574,1.7057665484292166,0.7418407310704961,0.3642297650130548,0.35552075176194203,1.0,0.0003,1.0,7435.02666759491
depth4_bal_MAAMAMMA,4,MAAMAMMA,25950,311400,0.6909775485595068,1.6117461522420247,1.657085030419486,0.743798955613577,0.39033942558746737,0.39937353171495693,1.0,0.0003,1.0,7443.171777248383
depth4_bal_MAAMAMMA,4,MAAMAMMA,25975,311700,0.8437015761931738,1.6866155465443928,1.749272268159049,0.6622062663185379,0.3524804177545692,0.3422083007047768,1.0,0.0003,1.0,7451.169132709503
depth4_bal_MAAMAMMA,4,MAAMAMMA,26000,312000,0.7927140444517136,1.734713077545166,1.786154338291713,0.6899477806788512,0.34986945169712796,0.33795726591341313,1.0,0.0003,1.0,7459.177848339081
depth4_bal_MAAMAMMA,4,MAAMAMMA,26025,312300,0.9336894303560257,1.6857668956120808,1.7111007179532731,0.6455613577023499,0.34203655352480417,0.33605548719096096,1.0,0.0003,1.0,7467.638930797577
depth4_bal_MAAMAMMA,4,MAAMAMMA,26050,312600,1.0427438914775848,1.7799702882766724,1.8051096064703804,0.5949738903394256,0.3381201044386423,0.32173621210426223,1.0,0.0003,1.0,7475.571364164352
depth4_bal_MAAMAMMA,4,MAAMAMMA,26075,312900,1.2236961623032887,1.85654616355896,1.8544587986809866,0.5385117493472585,0.30156657963446476,0.3096543237498602,1.0,0.0003,1.0,7483.389804363251
depth4_bal_MAAMAMMA,4,MAAMAMMA,26100,313200,1.8079566955566406,2.4797932306925454,2.457677916118077,0.4383159268929504,0.20234986945169714,0.20091732856024164,1.0,0.0003,1.0,7491.254316806793
depth4_bal_MAAMAMMA,4,MAAMAMMA,26125,313500,0.7846642881631851,1.648924708366394,1.6778085027422225,0.691579634464752,0.3642297650130548,0.37722340306521984,1.0,0.0003,1.0,7499.225762605667
depth4_bal_MAAMAMMA,4,MAAMAMMA,26150,313800,0.9579114566246668,1.6417962710062664,1.6696198872157506,0.6563315926892951,0.3289817232375979,0.32979080434053026,1.0,0.0003,1.0,7507.430235385895
depth4_bal_MAAMAMMA,4,MAAMAMMA,26175,314100,0.8069113145271937,1.7683258056640625,1.7774420057024274,0.6879895561357703,0.31201044386422977,0.34232017004139165,1.0,0.0003,1.0,7515.616770029068
depth4_bal_MAAMAMMA,4,MAAMAMMA,26200,314400,1.0034014185269673,1.6712676286697388,1.7612775189535959,0.608355091383812,0.34856396866840733,0.34735429018905917,1.0,0.0003,1.0,7523.514981985092
depth4_bal_MAAMAMMA,4,MAAMAMMA,26225,314700,0.9220955669879913,2.1308186054229736,2.0975695746285576,0.6651436031331592,0.31201044386422977,0.3192750866987359,1.0,0.0003,1.0,7532.516929864883
depth4_bal_MAAMAMMA,4,MAAMAMMA,26250,315000,1.1559640566507976,2.0334225495656333,2.0516710690089632,0.543733681462141,0.28067885117493474,0.28918223514934555,1.0,0.0003,1.0,7541.076694011688
depth4_bal_MAAMAMMA,4,MAAMAMMA,26275,315300,0.7852962712446848,1.7362777789433796,1.7381177084786552,0.6951697127937336,0.34464751958224543,0.3520528023268822,1.0,0.0003,1.0,7549.8962025642395
depth4_bal_MAAMAMMA,4,MAAMAMMA,26300,315600,0.9450294276078542,1.906366229057312,1.9780354636056083,0.6328328981723238,0.2780678851174935,0.2892941044859604,1.0,0.0003,1.0,7558.0444259643555
depth4_bal_MAAMAMMA,4,MAAMAMMA,26325,315900,1.5155453383922577,2.1984917322794595,2.2838992255074637,0.48400783289817234,0.2506527415143603,0.2505873140172279,1.0,0.0003,1.0,7567.403376579285
depth4_bal_MAAMAMMA,4,MAAMAMMA,26350,316200,0.7965678522984186,1.5291061798731487,1.5971841028758458,0.7046344647519582,0.40339425587467365,0.3859492113211769,1.0,0.0003,1.0,7576.601917982101
depth4_bal_MAAMAMMA,4,MAAMAMMA,26375,316500,1.157225102186203,1.7723547617594402,1.839710409300668,0.5447127937336814,0.3642297650130548,0.3366148338740351,1.0,0.0003,1.0,7585.882230520248
depth4_bal_MAAMAMMA,4,MAAMAMMA,26400,316800,0.852522095044454,1.695112983385722,1.778822101865496,0.6586161879895561,0.35900783289817234,0.3518290636536525,1.0,0.0003,1.0,7595.284246206284
depth4_bal_MAAMAMMA,4,MAAMAMMA,26425,317100,0.7521755745013555,2.0164741675059,2.0332552296774726,0.7186684073107049,0.3394255874673629,0.3329231457657456,1.0,0.0003,1.0,7604.624178886414
depth4_bal_MAAMAMMA,4,MAAMAMMA,26450,317400,0.7048136939605077,1.5701241890589397,1.5948000226702008,0.7607702349869452,0.37989556135770236,0.39545810493343775,1.0,0.0003,1.0,7613.925080060959
depth4_bal_MAAMAMMA,4,MAAMAMMA,26475,317700,0.8001696864763895,1.5969071785608928,1.6571509429386684,0.6906005221932114,0.37989556135770236,0.3691688108289518,1.0,0.0003,1.0,7621.496328353882
depth4_bal_MAAMAMMA,4,MAAMAMMA,26500,318000,1.1183399160703023,1.9455089966456096,1.9946230343409947,0.5691906005221932,0.30678851174934724,0.28616176306074503,1.0,0.0003,1.0,7629.026926517487
depth4_bal_MAAMAMMA,4,MAAMAMMA,26525,318300,0.7570099184910456,1.7478444576263428,1.772163895198277,0.7209530026109661,0.36553524804177545,0.349479807584741,1.0,0.0003,1.0,7638.010326862335
depth4_bal_MAAMAMMA,4,MAAMAMMA,26550,318600,1.1145396927992504,2.5002636909484863,2.5980853421347483,0.5953002610966057,0.23368146214099217,0.24734310325539768,1.0,0.0003,1.0,7646.935350179672
depth4_bal_MAAMAMMA,4,MAAMAMMA,26575,318900,0.7004138380289078,1.7184087832768757,1.7321939740862164,0.762402088772846,0.35900783289817234,0.3444456874370735,1.0,0.0003,1.0,7655.081451416016
depth4_bal_MAAMAMMA,4,MAAMAMMA,26600,319200,1.0863671799500783,1.6926487286885579,1.723776408604213,0.570822454308094,0.3028720626631854,0.32643472424208525,1.0,0.0003,1.0,7663.38267159462
depth4_bal_MAAMAMMA,4,MAAMAMMA,26625,319500,0.7352380404869715,1.6557051340738933,1.732415815762111,0.7340078328981723,0.35509138381201044,0.36122608792929856,1.0,0.0003,1.0,7671.535735845566
depth4_bal_MAAMAMMA,4,MAAMAMMA,26650,319800,1.1412901133298874,1.8979314963022869,1.9566764320646013,0.5659268929503917,0.31462140992167104,0.29220270723794606,1.0,0.0003,1.0,7679.66718173027
depth4_bal_MAAMAMMA,4,MAAMAMMA,26675,320100,0.7531960109869639,1.574849526087443,1.6214789015906197,0.7160574412532638,0.3772845953002611,0.3769996643919902,1.0,0.0003,1.0,7687.670858860016
depth4_bal_MAAMAMMA,4,MAAMAMMA,26700,320400,0.8714700241883596,1.821607271830241,1.8179096017565046,0.6579634464751958,0.3289817232375979,0.3266584629153149,1.0,0.0003,1.0,7695.814107656479
depth4_bal_MAAMAMMA,4,MAAMAMMA,26725,320700,1.094163179397583,1.7240205605824788,1.7451337609972273,0.58322454308094,0.3433420365535248,0.34198456203154715,1.0,0.0003,1.0,7704.004055261612
depth4_bal_MAAMAMMA,4,MAAMAMMA,26750,321000,0.8156768133242925,1.5337920586268108,1.6294237511498588,0.6710182767624021,0.39425587467362927,0.37990826714397585,1.0,0.0003,1.0,7711.995382785797
depth4_bal_MAAMAMMA,4,MAAMAMMA,26775,321300,0.9145845075448354,1.6975466012954712,1.7567315884998866,0.6439295039164491,0.31462140992167104,0.3362792258641906,1.0,0.0003,1.0,7719.403702259064
depth4_bal_MAAMAMMA,4,MAAMAMMA,26800,321600,0.805119256178538,1.5474272966384888,1.6063801629202707,0.7369451697127938,0.3825065274151436,0.37688779505537534,1.0,0.0003,1.0,7727.50833439827
depth4_bal_MAAMAMMA,4,MAAMAMMA,26825,321900,1.1374321232239406,1.865786075592041,1.8883133070809501,0.5672323759791122,0.31462140992167104,0.31345788119476453,1.0,0.0003,1.0,7735.671750068665
depth4_bal_MAAMAMMA,4,MAAMAMMA,26850,322200,1.8417852918306987,2.3468309243520102,2.4968295301709857,0.4513707571801567,0.2258485639686684,0.2251929746056606,1.0,0.0003,1.0,7749.018380880356
depth4_bal_MAAMAMMA,4,MAAMAMMA,26875,322500,1.100783884525299,1.8483924468358357,1.9316286938531058,0.5685378590078329,0.2989556135770235,0.29018905917887905,1.0,0.0003,1.0,7763.918357372284
depth4_bal_MAAMAMMA,4,MAAMAMMA,26900,322800,1.192131410042445,1.766169548034668,1.8022630895887102,0.5718015665796344,0.29112271540469975,0.307752545027408,1.0,0.0003,1.0,7771.315011262894
depth4_bal_MAAMAMMA,4,MAAMAMMA,26925,323100,1.0329241901636124,1.8083957433700562,1.8602952684674945,0.595626631853786,0.3198433420365535,0.3136816198679942,1.0,0.0003,1.0,7779.252680540085
depth4_bal_MAAMAMMA,4,MAAMAMMA,26950,323400,0.7750585327545801,1.8131190538406372,1.8456689596176148,0.7127937336814621,0.34073107049608353,0.3375097885669538,1.0,0.0003,1.0,7787.462196826935
depth4_bal_MAAMAMMA,4,MAAMAMMA,26975,323700,0.8692922989527384,1.6430315971374512,1.7013148750577654,0.6804830287206266,0.34595300261096606,0.34959167692135584,1.0,0.0003,1.0,7795.752194404602
depth4_bal_MAAMAMMA,4,MAAMAMMA,27000,324000,0.9309850484132767,1.8189515670140584,1.809021248136248,0.6445822454308094,0.31723237597911225,0.34623559682291083,1.0,0.0003,1.0,7803.894782781601
depth4_bal_MAAMAMMA,4,MAAMAMMA,27025,324300,0.9053705036640167,1.6926462650299072,1.7830771820885793,0.6641644908616188,0.36161879895561355,0.33146884438975277,1.0,0.0003,1.0,7812.251426458359
depth4_bal_MAAMAMMA,4,MAAMAMMA,27050,324600,1.032390410701434,1.909370978673299,1.920869483266558,0.6018276762402088,0.293733681462141,0.2953350486631614,1.0,0.0003,1.0,7820.242444992065
depth4_bal_MAAMAMMA,4,MAAMAMMA,27075,324900,0.8983731518189112,1.8004573980967205,1.868308278492519,0.6680809399477807,0.3368146214099217,0.3259872468956259,1.0,0.0003,1.0,7828.396965503693
depth4_bal_MAAMAMMA,4,MAAMAMMA,27100,325200,1.352941979964574,2.6524876753489175,2.5662532942635674,0.5359007832898173,0.2519582245430809,0.2572994742141179,1.0,0.0003,1.0,7833.414035320282
depth4_bal_MAAMAMMA,4,MAAMAMMA,27125,325500,1.3009958465894063,2.088193416595459,2.0905421597617013,0.5179503916449086,0.2689295039164491,0.2867211097438192,1.0,0.0003,1.0,7841.52361369133
depth4_bal_MAAMAMMA,4,MAAMAMMA,27150,325800,0.6203315258026123,1.4442026615142822,1.5270127398627145,0.7878590078328982,0.4412532637075718,0.4198456203154715,1.0,0.0003,1.0,7849.752871274948
depth4_bal_MAAMAMMA,4,MAAMAMMA,27175,326100,0.8124826550483704,1.7691963116327922,1.7661986316953386,0.6755874673629243,0.32114882506527415,0.33538427117127195,1.0,0.0003,1.0,7857.739826440811
depth4_bal_MAAMAMMA,4,MAAMAMMA,27200,326400,0.7936306993166605,1.632275104522705,1.691984851019723,0.7069190600522193,0.34986945169712796,0.35462579706902336,1.0,0.0003,1.0,7865.779130220413
depth4_bal_MAAMAMMA,4,MAAMAMMA,27225,326700,0.7817182491223017,1.6574357350667317,1.691526222229004,0.7085509138381201,0.34986945169712796,0.36089047991945405,1.0,0.0003,1.0,7873.879153251648
depth4_bal_MAAMAMMA,4,MAAMAMMA,27250,327000,0.9431988298892975,1.9835723638534546,2.004817233766828,0.6243472584856397,0.2741514360313316,0.28425998433829286,1.0,0.0003,1.0,7882.180783748627
depth4_bal_MAAMAMMA,4,MAAMAMMA,27275,327300,0.9042703062295914,1.825142502784729,1.8605965035302299,0.6426240208877284,0.31201044386422977,0.31491218257075737,1.0,0.0003,1.0,7890.280137062073
depth4_bal_MAAMAMMA,4,MAAMAMMA,27300,327600,1.0074462940295537,1.7744471629460652,1.8426345688956125,0.5910574412532638,0.3302872062663185,0.3290077189842264,1.0,0.0003,1.0,7898.478529214859
depth4_bal_MAAMAMMA,4,MAAMAMMA,27325,327900,0.8558884610732397,1.6486562490463257,1.709936227117266,0.6932114882506527,0.3433420365535248,0.347466159525674,1.0,0.0003,1.0,7907.363597154617
depth4_bal_MAAMAMMA,4,MAAMAMMA,27350,328200,0.8475532333056132,1.5789390405019124,1.6225484371185304,0.6775456919060052,0.3668407310704961,0.35596822910840137,1.0,0.0003,1.0,7916.443233251572
depth4_bal_MAAMAMMA,4,MAAMAMMA,27375,328500,0.9761430124441782,1.7120014031728108,1.7335445063454764,0.689621409921671,0.3302872062663185,0.3418726926949323,1.0,0.0003,1.0,7924.424800634384
depth4_bal_MAAMAMMA,4,MAAMAMMA,27400,328800,0.723876158396403,1.6860018173853557,1.7116926499775478,0.7274804177545692,0.3368146214099217,0.35753439982100904,1.0,0.0003,1.0,7933.010849475861
depth4_bal_MAAMAMMA,4,MAAMAMMA,27425,329100,0.920493428905805,1.9290562868118286,1.9485918590000697,0.6344647519582245,0.2819843342036554,0.29153149121825706,1.0,0.0003,1.0,7941.626363515854
depth4_bal_MAAMAMMA,4,MAAMAMMA,27450,329400,0.813953032096227,1.7384896675745647,1.765786906651088,0.7069190600522193,0.31070496083550914,0.3268822015885446,1.0,0.0003,1.0,7947.903785467148
depth4_bal_MAAMAMMA,4,MAAMAMMA,27475,329700,0.9398221373558044,1.7499007383982341,1.7594726290021623,0.6546997389033943,0.28720626631853785,0.31815639333258755,1.0,0.0003,1.0,7954.529559135437
depth4_bal_MAAMAMMA,4,MAAMAMMA,27500,330000,1.5475719273090363,1.9220419724782307,1.9726441723959787,0.4402741514360313,0.28067885117493474,0.26244546369840027,1.0,0.0003,1.0,7962.470069885254
depth4_bal_MAAMAMMA,4,MAAMAMMA,27525,330300,0.9895720928907394,1.7707825899124146,1.7762746470315116,0.6347911227154047,0.3198433420365535,0.33404183913189395,1.0,0.0003,1.0,7970.382041215897
depth4_bal_MAAMAMMA,4,MAAMAMMA,27550,330600,0.9896341413259506,1.7018792231877644,1.7274866376604352,0.6060704960835509,0.34595300261096606,0.34690681284259983,1.0,0.0003,1.0,7978.730229377747
depth4_bal_MAAMAMMA,4,MAAMAMMA,27575,330900,0.845416525999705,1.9166779120763142,1.9027900559561592,0.6768929503916449,0.3302872062663185,0.33504866316142745,1.0,0.0003,1.0,7987.141889810562
depth4_bal_MAAMAMMA,4,MAAMAMMA,27600,331200,1.0997658024231594,2.121344248453776,2.2680809429713658,0.5695169712793734,0.28067885117493474,0.2595368609464146,1.0,0.0003,1.0,7995.26228761673
depth4_bal_MAAMAMMA,4,MAAMAMMA,27625,331500,0.7634978791077932,1.6379751364390056,1.6916770798819405,0.7271540469973891,0.34595300261096606,0.35652757579147554,1.0,0.0003,1.0,8003.4581525325775
depth4_bal_MAAMAMMA,4,MAAMAMMA,27650,331800,0.8597807635863622,1.707923173904419,1.7454431295394897,0.6690600522193212,0.34464751958224543,0.34265577805123615,1.0,0.0003,1.0,8012.664310455322
depth4_bal_MAAMAMMA,4,MAAMAMMA,27675,332100,1.2178691824277241,2.3874942461649575,2.3176935740879605,0.5923629242819843,0.22845953002610966,0.245105716523101,1.0,0.0003,1.0,8021.600486278534
depth4_bal_MAAMAMMA,4,MAAMAMMA,27700,332400,1.1484076082706451,1.9847925901412964,2.016316076687404,0.5682114882506527,0.29765013054830286,0.3020472088600515,1.0,0.0003,1.0,8029.976704835892
depth4_bal_MAAMAMMA,4,MAAMAMMA,27725,332700,0.9326802790164948,1.6310608784357707,1.6619570629937308,0.6677545691906005,0.34073107049608353,0.33862848193310213,1.0,0.0003,1.0,8038.862936496735
depth4_bal_MAAMAMMA,4,MAAMAMMA,27750,333000,1.1555266032616298,2.083951791127523,2.1676075390407017,0.568864229765013,0.2754569190600522,0.2804564268933885,1.0,0.0003,1.0,8048.193544387817
depth4_bal_MAAMAMMA,4,MAAMAMMA,27775,333300,1.4324693481127422,2.1833459536234536,2.3340121814182826,0.5163185378590078,0.29112271540469975,0.29678935003915424,1.0,0.0003,1.0,8057.492334604263
depth4_bal_MAAMAMMA,4,MAAMAMMA,27800,333600,0.9596867263317108,1.8224178155263264,1.8226499285016742,0.6119451697127938,0.3185378590078329,0.31614274527352054,1.0,0.0003,1.0,8065.2561864852905
depth4_bal_MAAMAMMA,4,MAAMAMMA,27825,333900,0.7995365063349406,1.80814790725708,1.8021347488675798,0.7258485639686684,0.3237597911227154,0.3285602416377671,1.0,0.0003,1.0,8071.241554737091
depth4_bal_MAAMAMMA,4,MAAMAMMA,27850,334200,0.8106038769086202,1.752207597096761,1.7706935814448765,0.7036553524804178,0.3289817232375979,0.3490323302382817,1.0,0.0003,1.0,8074.567071676254
depth4_bal_MAAMAMMA,4,MAAMAMMA,27875,334500,0.8635600507259369,1.8237225612004597,1.8272399936403547,0.66677545691906,0.293733681462141,0.32475668419286274,1.0,0.0003,1.0,8077.624809503555
depth4_bal_MAAMAMMA,4,MAAMAMMA,27900,334800,1.0954344669977825,1.8607793649037678,1.8883771351405552,0.5796344647519582,0.304177545691906,0.2993623447812954,1.0,0.0003,1.0,8080.842963695526
depth4_bal_MAAMAMMA,4,MAAMAMMA,27925,335100,0.8490845908721288,1.779665430386861,1.8171983105795724,0.6837467362924282,0.32506527415143605,0.3258753775590111,1.0,0.0003,1.0,8086.519663095474
depth4_bal_MAAMAMMA,4,MAAMAMMA,27950,335400,0.9403170198202133,1.9165749549865723,1.9657362256731306,0.6347911227154047,0.2845953002610966,0.2920908379013312,1.0,0.0003,1.0,8094.628051996231
depth4_bal_MAAMAMMA,4,MAAMAMMA,27975,335700,0.7251493285099665,1.946850856145223,1.962037365777152,0.7265013054830287,0.29765013054830286,0.30428459559234816,1.0,0.0003,1.0,8102.766130208969
depth4_bal_MAAMAMMA,4,MAAMAMMA,28000,336000,1.0318698585033417,1.7295007705688477,1.7479295355933053,0.6132506527415144,0.31592689295039167,0.31222731849200136,1.0,0.0003,1.0,8111.16792845726
depth4_bal_MAAMAMMA,4,MAAMAMMA,28025,336300,0.8728667000929514,1.7137096722920735,1.760426902770996,0.6723237597911227,0.3302872062663185,0.3321400604094418,1.0,0.0003,1.0,8119.422245025635
depth4_bal_MAAMAMMA,4,MAAMAMMA,28050,336600,0.9590003987153372,1.7411476373672485,1.7778668097087316,0.6220626631853786,0.3368146214099217,0.3464593354961405,1.0,0.0003,1.0,8127.364219903946
depth4_bal_MAAMAMMA,4,MAAMAMMA,28075,336900,0.8125353256861368,1.580441912015279,1.6304086889539446,0.6977806788511749,0.37989556135770236,0.38192191520304286,1.0,0.0003,1.0,8136.446511507034
depth4_bal_MAAMAMMA,4,MAAMAMMA,28100,337200,1.0429261078437169,1.6120698849360149,1.6816949810300554,0.5926892950391645,0.35900783289817234,0.3538427117127195,1.0,0.0003,1.0,8144.619209289551
depth4_bal_MAAMAMMA,4,MAAMAMMA,28125,337500,1.9219844440619152,2.2067936261494956,2.23513366154262,0.35900783289817234,0.2154046997389034,0.20024611254055263,1.0,0.0003,1.0,8149.26122713089
depth4_bal_MAAMAMMA,4,MAAMAMMA,28150,337800,1.075344478090604,2.2628184954325357,2.2856936046055387,0.5972584856396866,0.2558746736292428,0.26401163441100794,1.0,0.0003,1.0,8157.1436557769775
depth4_bal_MAAMAMMA,4,MAAMAMMA,28175,338100,0.7985496620337168,1.5964324871699016,1.6912766797201975,0.7049608355091384,0.3825065274151436,0.370399373531715,1.0,0.0003,1.0,8165.998124361038
depth4_bal_MAAMAMMA,4,MAAMAMMA,28200,338400,1.8758019804954529,2.4717392921447754,2.4481948716299873,0.412532637075718,0.26240208877284593,0.24398702315695267,1.0,0.0003,1.0,8175.336417675018
depth4_bal_MAAMAMMA,4,MAAMAMMA,28225,338700,0.9384186565876007,1.8465498685836792,1.9053923538752964,0.6370757180156658,0.30156657963446476,0.2996979527911399,1.0,0.0003,1.0,8184.636961936951
depth4_bal_MAAMAMMA,4,MAAMAMMA,28250,339000,0.8856396774450938,1.775653600692749,1.81566207749503,0.6468668407310705,0.31201044386422977,0.3114442331356975,1.0,0.0003,1.0,8193.150166273117
depth4_bal_MAAMAMMA,4,MAAMAMMA,28275,339300,0.8900309304396311,1.8803046147028606,1.909423633984157,0.6772193211488251,0.3133159268929504,0.3252041615393221,1.0,0.0003,1.0,8201.733125209808
depth4_bal_MAAMAMMA,4,MAAMAMMA,28300,339600,1.0102569212516148,1.802612026532491,1.8998020614896503,0.6174934725848564,0.35117493472584854,0.349479807584741,1.0,0.0003,1.0,8210.483958005905
depth4_bal_MAAMAMMA,4,MAAMAMMA,28325,339900,0.9109295209248861,1.8679836988449097,1.8849350554602486,0.6364229765013055,0.29112271540469975,0.31379348920460903,1.0,0.0003,1.0,8219.719256401062
depth4_bal_MAAMAMMA,4,MAAMAMMA,28350,340200,0.6633473734060923,1.705499569574992,1.7197633062090192,0.7548955613577023,0.3720626631853786,0.37062311220494465,1.0,0.0003,1.0,8228.949972867966
depth4_bal_MAAMAMMA,4,MAAMAMMA,28375,340500,0.735804965098699,1.6262553930282593,1.6917530127934046,0.7330287206266318,0.3668407310704961,0.3695044188387963,1.0,0.0003,1.0,8237.125167608261
depth4_bal_MAAMAMMA,4,MAAMAMMA,28400,340800,1.2967361311117809,1.9661864439646404,2.1066227640424455,0.5512402088772846,0.2963446475195822,0.2892941044859604,1.0,0.0003,1.0,8244.963954210281
depth4_bal_MAAMAMMA,4,MAAMAMMA,28425,341100,0.853729839126269,1.8546148538589478,1.9543419531413486,0.6814621409921671,0.304177545691906,0.29477570198008723,1.0,0.0003,1.0,8253.06682062149
depth4_bal_MAAMAMMA,4,MAAMAMMA,28450,341400,1.1948003073533375,1.9066232442855835,1.9241548095430647,0.5616840731070496,0.31723237597911225,0.3286721109743819,1.0,0.0003,1.0,8261.227581977844
depth4_bal_MAAMAMMA,4,MAAMAMMA,28475,341700,1.0887187073628108,1.970872163772583,2.0665856259209767,0.5766971279373369,0.30548302872062666,0.28157512025953685,1.0,0.0003,1.0,8269.300220012665
depth4_bal_MAAMAMMA,4,MAAMAMMA,28500,342000,0.9506433655818304,1.7679757674535115,1.8324605635234288,0.6253263707571801,0.3224543080939948,0.32251929746056607,1.0,0.0003,1.0,8277.333141326904
depth4_bal_MAAMAMMA,4,MAAMAMMA,28525,342300,1.310950020949046,2.751242240269979,2.8862599781581335,0.5221932114882507,0.17885117493472585,0.1855912294440094,1.0,0.0003,1.0,8286.11792063713
depth4_bal_MAAMAMMA,4,MAAMAMMA,28550,342600,0.875421384970347,1.6540531714757283,1.7066656861986433,0.66677545691906,0.35900783289817234,0.3523884103367267,1.0,0.0003,1.0,8293.801248788834
depth4_bal_MAAMAMMA,4,MAAMAMMA,28575,342900,0.7765125979979833,1.5800056457519531,1.6259472233908516,0.7010443864229765,0.3838120104438642,0.37520975500615283,1.0,0.0003,1.0,8301.80474448204
depth4_bal_MAAMAMMA,4,MAAMAMMA,28600,343200,0.9880134910345078,1.6957026720046997,1.7356187854494367,0.6161879895561357,0.37597911227154046,0.3607786105828392,1.0,0.0003,1.0,8309.820807218552
depth4_bal_MAAMAMMA,4,MAAMAMMA,28625,343500,0.944621279835701,1.900614062945048,1.9339759690420968,0.664490861618799,0.33159268929503916,0.31513592124398704,1.0,0.0003,1.0,8317.84314084053
depth4_bal_MAAMAMMA,4,MAAMAMMA,28650,343800,2.0648942987124124,2.544475555419922,2.6340229306902203,0.3537859007832898,0.1814621409921671,0.18055710929634186,1.0,0.0003,1.0,8326.029910564423
depth4_bal_MAAMAMMA,4,MAAMAMMA,28675,344100,1.2905194858709972,2.0261627038319907,2.21238614491054,0.5518929503916449,0.2859007832898172,0.29746056605884325,1.0,0.0003,1.0,8330.662691354752
depth4_bal_MAAMAMMA,4,MAAMAMMA,28700,344400,1.0030752917130787,2.030573566754659,2.274772844995771,0.64588772845953,0.283289817232376,0.31390535854122387,1.0,0.0003,1.0,8333.688862800598
depth4_bal_MAAMAMMA,4,MAAMAMMA,28725,344700,1.4221778213977814,2.2158926328023276,2.4766315868922644,0.4964099216710183,0.22715404699738903,0.2447701085132565,1.0,0.0003,1.0,8336.716229915619
depth4_bal_MAAMAMMA,4,MAAMAMMA,28750,345000,1.2095692654450734,2.225194215774536,2.4465775762285507,0.539490861618799,0.27284595300261094,0.27654100011186933,1.0,0.0003,1.0,8339.873396873474
depth4_bal_MAAMAMMA,4,MAAMAMMA,28775,345300,1.156233698129654,2.070312023162842,2.266758292061942,0.5714751958224543,0.29112271540469975,0.2833650296453742,1.0,0.0003,1.0,8342.900739192963
depth4_bal_MAAMAMMA,4,MAAMAMMA,28800,345600,1.0584658533334732,2.101384162902832,2.352195474079677,0.606396866840731,0.29112271540469975,0.2962300033560801,1.0,0.0003,1.0,8347.960334777832
depth4_bal_MAAMAMMA,4,MAAMAMMA,28825,345900,1.5707223614056904,2.2957396507263184,2.3254685129438126,0.46573107049608353,0.24804177545691905,0.24756684192862735,1.0,0.0003,1.0,8356.214204788208
depth4_bal_MAAMAMMA,4,MAAMAMMA,28850,346200,1.0386341313521068,2.0873297850290933,2.280609829085214,0.610313315926893,0.27023498694516973,0.2897415818324197,1.0,0.0003,1.0,8364.282084703445
depth4_bal_MAAMAMMA,4,MAAMAMMA,28875,346500,1.0550471047560375,2.027130047480265,2.2155552932194302,0.5881201044386423,0.2859007832898172,0.29018905917887905,1.0,0.0003,1.0,8372.419751405716
depth4_bal_MAAMAMMA,4,MAAMAMMA,28900,346800,1.3199850817521412,1.9650357961654663,2.1119791643960135,0.5300261096605744,0.2754569190600522,0.2627810717082448,1.0,0.0003,1.0,8380.382578372955
depth4_bal_MAAMAMMA,4,MAAMAMMA,28925,347100,1.0651312271753948,2.054077903429667,2.2749411514827185,0.5936684073107049,0.26370757180156656,0.27989708021031434,1.0,0.0003,1.0,8389.597835540771
depth4_bal_MAAMAMMA,4,MAAMAMMA,28950,347400,1.016424094637235,2.0796040693918862,2.2743878500802177,0.6112924281984334,0.29112271540469975,0.29343326994070923,1.0,0.0003,1.0,8397.670505285263
depth4_bal_MAAMAMMA,4,MAAMAMMA,28975,347700,1.1799488067626953,2.2008734544118247,2.4360744953155518,0.5590731070496083,0.26631853785900783,0.27072379460789797,1.0,0.0003,1.0,8405.84818983078
depth4_bal_MAAMAMMA,4,MAAMAMMA,29000,348000,1.1371239125728607,2.1346569061279297,2.310732695034572,0.5577676240208878,0.3133159268929504,0.2973486967222284,1.0,0.0003,1.0,8414.060856819153
depth4_bal_MAAMAMMA,4,MAAMAMMA,29025,348300,1.400251458088557,1.9889464378356934,2.2103401047842843,0.4725848563968668,0.2793733681462141,0.28358876831860386,1.0,0.0003,1.0,8422.437105178833
depth4_bal_MAAMAMMA,4,MAAMAMMA,29050,348600,1.2648278971513112,2.073335647583008,2.2726829392569408,0.5264360313315927,0.23890339425587467,0.26076742364917777,1.0,0.0003,1.0,8430.60214304924
depth4_bal_MAAMAMMA,4,MAAMAMMA,29075,348900,1.1302501757939656,2.31929079691569,2.4901040281568254,0.6028067885117493,0.27676240208877284,0.27531043740910616,1.0,0.0003,1.0,8438.7503490448
depth4_bal_MAAMAMMA,4,MAAMAMMA,29100,349200,1.4412076075871785,2.150264342625936,2.3350737299237934,0.5058746736292428,0.24673629242819844,0.23906477234589998,1.0,0.0003,1.0,8447.022561788559
depth4_bal_MAAMAMMA,4,MAAMAMMA,29125,349500,0.9278871019681295,2.0704739093780518,2.2517437866755894,0.6788511749347258,0.3302872062663185,0.3252041615393221,1.0,0.0003,1.0,8455.136032104492
depth4_bal_MAAMAMMA,4,MAAMAMMA,29150,349800,1.0429564118385315,2.2417100270589194,2.3354955536978586,0.612597911227154,0.2924281984334204,0.3167020919565947,1.0,0.0003,1.0,8463.333953142166
depth4_bal_MAAMAMMA,4,MAAMAMMA,29175,350100,1.3890388210614522,2.6079866886138916,2.704567064557757,0.48857702349869453,0.2258485639686684,0.246448148562479,1.0,0.0003,1.0,8471.142513275146
depth4_bal_MAAMAMMA,4,MAAMAMMA,29200,350400,1.252840628226598,2.3079111576080322,2.619801528113229,0.5662532637075718,0.2819843342036554,0.26602528247007495,1.0,0.0003,1.0,8479.395020961761
depth4_bal_MAAMAMMA,4,MAAMAMMA,29225,350700,1.0833951383829117,2.397212266921997,2.706558404650007,0.6047650130548303,0.27676240208877284,0.280120818883544,1.0,0.0003,1.0,8487.561442613602
depth4_bal_MAAMAMMA,4,MAAMAMMA,29250,351000,1.3047648966312408,2.3679428100585938,2.6728221825190954,0.5326370757180157,0.2402088772845953,0.25204161539322073,1.0,0.0003,1.0,8495.651756048203
depth4_bal_MAAMAMMA,4,MAAMAMMA,29275,351300,1.0141138136386871,2.386721213658651,2.598624311174665,0.6292428198433421,0.2454308093994778,0.2579706902338069,1.0,0.0003,1.0,8503.797112464905
depth4_bal_MAAMAMMA,4,MAAMAMMA,29300,351600,1.3019523322582245,2.5148491859436035,2.687833295549665,0.5189295039164491,0.21018276762402088,0.22329119588320842,1.0,0.0003,1.0,8512.034878492355
depth4_bal_MAAMAMMA,4,MAAMAMMA,29325,351900,1.3363731801509857,2.3893372217814126,2.5326154368264335,0.5055483028720626,0.24281984334203655,0.24051907372189282,1.0,0.0003,1.0,8520.194097280502
depth4_bal_MAAMAMMA,4,MAAMAMMA,29350,352200,1.1198133528232574,2.2666308085123696,2.4274741513388496,0.5786553524804178,0.2545691906005222,0.27765969347801767,1.0,0.0003,1.0,8528.337028265
depth4_bal_MAAMAMMA,4,MAAMAMMA,29375,352500,1.1646764079729717,2.202459176381429,2.3224435806274415,0.5969321148825065,0.2545691906005222,0.26300481038147444,1.0,0.0003,1.0,8536.434519052505
depth4_bal_MAAMAMMA,4,MAAMAMMA,29400,352800,1.0895681877930958,2.0490833123524985,2.3212286336081367,0.585509138381201,0.29765013054830286,0.2999216914643696,1.0,0.0003,1.0,8544.313333034515
depth4_bal_MAAMAMMA,4,MAAMAMMA,29425,353100,1.0971639255682628,2.2382418314615884,2.455324677058629,0.5793080939947781,0.26762402088772846,0.26110303165902227,1.0,0.0003,1.0,8552.476143598557
depth4_bal_MAAMAMMA,4,MAAMAMMA,29450,353400,1.2145838737487793,2.19818385442098,2.3405668224607195,0.5205613577023499,0.2819843342036554,0.278778386844166,1.0,0.0003,1.0,8560.457027196884
depth4_bal_MAAMAMMA,4,MAAMAMMA,29475,353700,1.1030023594697316,2.3177009423573813,2.4636202675955636,0.5920365535248042,0.28720626631853785,0.27005257858820897,1.0,0.0003,1.0,8568.759898424149
depth4_bal_MAAMAMMA,4,MAAMAMMA,29500,354000,1.5231791734695435,2.531777779261271,2.712179783412388,0.4654046997389034,0.2310704960835509,0.23458999888130663,1.0,0.0003,1.0,8576.918316841125
depth4_bal_MAAMAMMA,4,MAAMAMMA,29525,354300,1.1292345027128856,2.4064737955729165,2.569634635107858,0.5760443864229765,0.2297650130548303,0.23917664168251482,1.0,0.0003,1.0,8585.171321868896
depth4_bal_MAAMAMMA,4,MAAMAMMA,29550,354600,1.0813070336977642,2.1440935134887695,2.243419735772269,0.5861618798955613,0.30678851174934724,0.31289853451169036,1.0,0.0003,1.0,8592.98743891716
depth4_bal_MAAMAMMA,4,MAAMAMMA,29575,354900,1.4700869619846344,2.3763793309529624,2.533659301485334,0.48466057441253263,0.26631853785900783,0.2684864078756013,1.0,0.0003,1.0,8600.794212579727
depth4_bal_MAAMAMMA,4,MAAMAMMA,29600,355200,1.05718798438708,2.273606618245443,2.4795712266649517,0.610313315926893,0.2780678851174935,0.2823582056158407,1.0,0.0003,1.0,8608.672844648361
depth4_bal_MAAMAMMA,4,MAAMAMMA,29625,355500,1.116868515809377,2.128547032674154,2.3233565875462125,0.5773498694516971,0.2819843342036554,0.2882872804564269,1.0,0.0003,1.0,8616.63707280159
depth4_bal_MAAMAMMA,4,MAAMAMMA,29650,355800,1.058045710126559,2.2389883995056152,2.3990697588239396,0.5910574412532638,0.2819843342036554,0.3018234701868218,1.0,0.0003,1.0,8624.678120136261
depth4_bal_MAAMAMMA,4,MAAMAMMA,29675,356100,1.3135686218738556,2.8025461037953696,2.879852478844779,0.5137075718015666,0.18929503916449086,0.1891710482156841,1.0,0.0003,1.0,8632.903456449509
depth4_bal_MAAMAMMA,4,MAAMAMMA,29700,356400,1.230435272057851,2.1350948810577393,2.304179729734148,0.5492819843342036,0.24281984334203655,0.26770332251929746,1.0,0.0003,1.0,8641.003017663956
depth4_bal_MAAMAMMA,4,MAAMAMMA,29725,356700,1.4085047245025635,2.3183581829071045,2.437172910145351,0.4813968668407311,0.20887728459530025,0.21736212104262223,1.0,0.0003,1.0,8648.41764163971
depth4_bal_MAAMAMMA,4,MAAMAMMA,29750,357000,1.243055025736491,2.404332478841146,2.5449847289494105,0.5153394255874674,0.24804177545691905,0.2480143192750867,1.0,0.0003,1.0,8655.509253263474
depth4_bal_MAAMAMMA,4,MAAMAMMA,29775,357300,1.204935799042384,2.513964811960856,2.6824275629861014,0.5528720626631853,0.20887728459530025,0.23593243092068464,1.0,0.0003,1.0,8662.774307727814
depth4_bal_MAAMAMMA,4,MAAMAMMA,29800,357600,0.9932767152786255,2.1896092891693115,2.4557107516697476,0.6171671018276762,0.30548302872062666,0.27855464817093634,1.0,0.0003,1.0,8670.598455667496
depth4_bal_MAAMAMMA,4,MAAMAMMA,29825,357900,1.1697727640469868,2.0566956996917725,2.2371751955577306,0.5763707571801566,0.29112271540469975,0.3031659022261998,1.0,0.0003,1.0,8678.77155637741
depth4_bal_MAAMAMMA,4,MAAMAMMA,29850,358200,1.3000751634438832,2.2719523906707764,2.408890976224627,0.5127284595300261,0.25718015665796345,0.2659134131334601,1.0,0.0003,1.0,8686.86449098587
depth4_bal_MAAMAMMA,4,MAAMAMMA,29875,358500,1.279119739929835,2.4910945892333984,2.608641658510481,0.516644908616188,0.2402088772845953,0.2348137375545363,1.0,0.0003,1.0,8695.034739255905
depth4_bal_MAAMAMMA,4,MAAMAMMA,29900,358800,1.1328313847382863,2.3342296282450357,2.531947592326573,0.5897519582245431,0.2650130548302872,0.2658015437968453,1.0,0.0003,1.0,8703.109269618988
depth4_bal_MAAMAMMA,4,MAAMAMMA,29925,359100,1.0954170326391857,2.258225361506144,2.437513065338135,0.5822454308093995,0.2989556135770235,0.2913077525450274,1.0,0.0003,1.0,8711.892660617828
depth4_bal_MAAMAMMA,4,MAAMAMMA,29950,359400,1.2951529324054718,2.4667716026306152,2.702685751233782,0.5192558746736292,0.2258485639686684,0.23828168698959615,1.0,0.0003,1.0,8721.163715362549
depth4_bal_MAAMAMMA,4,MAAMAMMA,29975,359700,1.2806003590424855,2.1421268781026206,2.253884209905352,0.5381853785900783,0.2650130548302872,0.26043181563933326,1.0,0.0003,1.0,8730.288187503815
depth4_bal_MAAMAMMA,4,MAAMAMMA,30000,360000,1.055835356314977,2.1947216987609863,2.3137432677405223,0.6047650130548303,0.29765013054830286,0.2985792594249916,1.0,0.0003,1.0,8738.76175236702
depth4_bal_MAAMAMMA,4,MAAMAMMA,30025,360300,1.1415934364000957,2.1053760051727295,2.3872192246573314,0.5531984334203656,0.2689295039164491,0.2679270611925271,1.0,0.0003,1.0,8747.21766424179
depth4_bal_MAAMAMMA,4,MAAMAMMA,30050,360600,0.9952647636334101,2.2290237744649253,2.51626284463065,0.6106396866840731,0.26762402088772846,0.27821904016109184,1.0,0.0003,1.0,8751.025485277176
depth4_bal_MAAMAMMA,4,MAAMAMMA,30075,360900,0.8207154075304667,2.0049618085225425,2.312714753832136,0.7039817232375979,0.34595300261096606,0.3457881194764515,1.0,0.0003,1.0,8754.081225156784
depth4_bal_MAAMAMMA,4,MAAMAMMA,30100,361200,1.0431930373112361,2.22107195854187,2.4707370349339075,0.597911227154047,0.27154046997389036,0.27732408546817316,1.0,0.0003,1.0,8757.138543844223
depth4_bal_MAAMAMMA,4,MAAMAMMA,30125,361500,1.1542095243930817,2.19616429011027,2.4302499839237757,0.564621409921671,0.27023498694516973,0.2631166797180893,1.0,0.0003,1.0,8765.8878698349
depth4_bal_MAAMAMMA,4,MAAMAMMA,30150,361800,1.1413502196470897,2.186604897181193,2.4705356802259173,0.5522193211488251,0.2963446475195822,0.2919789685647164,1.0,0.0003,1.0,8774.099550247192
depth4_bal_MAAMAMMA,4,MAAMAMMA,30175,362100,0.989042321840922,2.102443059285482,2.3329673290252684,0.6077023498694517,0.2989556135770235,0.29980982212775475,1.0,0.0003,1.0,8779.920556783676
depth4_bal_MAAMAMMA,4,MAAMAMMA,30200,362400,1.0866943846146266,2.151381572087606,2.3903723989214214,0.5933420365535248,0.29112271540469975,0.27956147220046984,1.0,0.0003,1.0,8785.49733877182
depth4_bal_MAAMAMMA,4,MAAMAMMA,30225,362700,1.0065880169471104,2.25218399365743,2.4160091945103237,0.6292428198433421,0.26370757180156656,0.26938136256851997,1.0,0.0003,1.0,8793.706816911697
depth4_bal_MAAMAMMA,4,MAAMAMMA,30250,363000,1.3683156470457714,2.2548317114512124,2.3905504090445384,0.49967362924281983,0.2558746736292428,0.2762053921020248,1.0,0.0003,1.0,8801.579504728317
depth4_bal_MAAMAMMA,4,MAAMAMMA,30275,363300,1.1049145211776097,2.30458927154541,2.525082608631679,0.5864882506527415,0.2558746736292428,0.2655778051236156,1.0,0.0003,1.0,8809.674356460571
depth4_bal_MAAMAMMA,4,MAAMAMMA,30300,363600,0.8958964695533117,2.1084415117899575,2.3201120615005495,0.6514360313315927,0.3237597911227154,0.32911958832084126,1.0,0.0003,1.0,8817.695873975754
depth4_bal_MAAMAMMA,4,MAAMAMMA,30325,363900,1.0848168631394703,2.3294125398000083,2.505190188544137,0.5864882506527415,0.2741514360313316,0.28056829623000334,1.0,0.0003,1.0,8825.960581064224
depth4_bal_MAAMAMMA,4,MAAMAMMA,30350,364200,1.257002130150795,3.1060828367869058,3.019607605252947,0.5535248041775457,0.21018276762402088,0.21982324644814857,1.0,0.0003,1.0,8834.071880102158
depth4_bal_MAAMAMMA,4,MAAMAMMA,30375,364500,0.9703302383422852,2.273772637049357,2.5390347140175957,0.6292428198433421,0.304177545691906,0.2956706566730059,1.0,0.0003,1.0,8842.11068701744
depth4_bal_MAAMAMMA,4,MAAMAMMA,30400,364800,1.3151070574919383,2.3460782368977866,2.463473245075771,0.5189295039164491,0.26240208877284593,0.26636089047991945,1.0,0.0003,1.0,8849.102317810059
depth4_bal_MAAMAMMA,4,MAAMAMMA,30425,365100,1.3030563990275066,2.457258701324463,2.4952987125941686,0.5652741514360313,0.22193211488250653,0.25114666070030206,1.0,0.0003,1.0,8852.218365430832
depth4_bal_MAAMAMMA,4,MAAMAMMA,30450,365400,1.3543341557184856,2.1234774589538574,2.329854965209961,0.5143603133159269,0.27154046997389036,0.26568967446023045,1.0,0.0003,1.0,8859.387447595596
depth4_bal_MAAMAMMA,4,MAAMAMMA,30475,365700,1.1062182933092117,2.414846579233805,2.546495989390782,0.5718015665796344,0.26631853785900783,0.2545027407987471,1.0,0.0003,1.0,8867.214656352997
depth4_bal_MAAMAMMA,4,MAAMAMMA,30500,366000,1.013939877351125,2.069915453592936,2.1989513329097203,0.6194516971279374,0.2989556135770235,0.31345788119476453,1.0,0.0003,1.0,8875.464529752731
depth4_bal_MAAMAMMA,4,MAAMAMMA,30525,366300,1.0767407317956288,2.158918619155884,2.3760299069540842,0.5819190600522193,0.27023498694516973,0.27631726143863966,1.0,0.0003,1.0,8883.522177934647
depth4_bal_MAAMAMMA,4,MAAMAMMA,30550,366600,1.2884370684623718,2.2701450188954673,2.4437111718314033,0.5359007832898173,0.24281984334203655,0.2555095648282806,1.0,0.0003,1.0,8891.66723871231
depth4_bal_MAAMAMMA,4,MAAMAMMA,30575,366900,1.2299253245194752,2.5983787377675376,2.670490387507847,0.5385117493472585,0.19712793733681463,0.2143416489540217,1.0,0.0003,1.0,8899.822330236435
depth4_bal_MAAMAMMA,4,MAAMAMMA,30600,367200,1.3417644302050273,2.5011038780212402,2.6204934188297817,0.5058746736292428,0.2349869451697128,0.23526121490099564,1.0,0.0003,1.0,8908.08196759224
depth4_bal_MAAMAMMA,4,MAAMAMMA,30625,367500,1.1240671078364055,2.2404990990956626,2.471211065564837,0.5721279373368147,0.2754569190600522,0.2542790021255174,1.0,0.0003,1.0,8916.238815546036
depth4_bal_MAAMAMMA,4,MAAMAMMA,30650,367800,0.9700929522514343,2.189441124598185,2.327157061440604,0.6308746736292428,0.2558746736292428,0.2863855017339747,1.0,0.0003,1.0,8924.410227060318
depth4_bal_MAAMAMMA,4,MAAMAMMA,30675,368100,1.112401122848193,2.1587663491566977,2.3388921465192523,0.5574412532637075,0.283289817232376,0.28358876831860386,1.0,0.0003,1.0,8932.14900302887
depth4_bal_MAAMAMMA,4,MAAMAMMA,30700,368400,1.7036419411500294,2.5099973678588867,2.6658282893044607,0.4259138381201044,0.19973890339425587,0.209419398142969,1.0,0.0003,1.0,8940.40362906456
depth4_bal_MAAMAMMA,4,MAAMAMMA,30725,368700,1.020743618408839,2.21867299079895,2.3885710171290806,0.5871409921671018,0.3028720626631854,0.2960062646828504,1.0,0.0003,1.0,8948.580060958862
depth4_bal_MAAMAMMA,4,MAAMAMMA,30750,369000,1.0480330139398575,2.2897528807322183,2.4428214550018312,0.610313315926893,0.2245430809399478,0.24958048998769436,1.0,0.0003,1.0,8956.316179990768
depth4_bal_MAAMAMMA,4,MAAMAMMA,30775,369300,0.9115236749251684,2.0970367590586343,2.3517883709498815,0.6533942558746736,0.30548302872062666,0.3094305850766305,1.0,0.0003,1.0,8963.897604942322
depth4_bal_MAAMAMMA,4,MAAMAMMA,30800,369600,1.1012898236513138,2.0669895807902017,2.2736886331013273,0.5877937336814621,0.2689295039164491,0.2882872804564269,1.0,0.0003,1.0,8971.946413755417
depth4_bal_MAAMAMMA,4,MAAMAMMA,30825,369900,1.4087673326333363,2.4791785875956216,2.646368271963937,0.48759791122715407,0.22845953002610966,0.2150128649737107,1.0,0.0003,1.0,8979.864203929901
depth4_bal_MAAMAMMA,4,MAAMAMMA,30850,370200,1.6294858157634735,2.3795289993286133,2.475727163042341,0.4768276762402089,0.20365535248041775,0.20069358988701197,1.0,0.0003,1.0,8987.906326293945
depth4_bal_MAAMAMMA,4,MAAMAMMA,30875,370500,1.162818044424057,2.383428970972697,2.6139747755868092,0.5629895561357703,0.22715404699738903,0.241749636424656,1.0,0.0003,1.0,8996.122398853302
depth4_bal_MAAMAMMA,4,MAAMAMMA,30900,370800,1.3922248979409535,2.311736742655436,2.4549162183489117,0.47486945169712796,0.2258485639686684,0.2251929746056606,1.0,0.0003,1.0,9004.324427127838
depth4_bal_MAAMAMMA,4,MAAMAMMA,30925,371100,1.239754597345988,2.4075659116109214,2.5936745711735316,0.558420365535248,0.2558746736292428,0.25304843942275423,1.0,0.0003,1.0,9011.159177064896
depth4_bal_MAAMAMMA,4,MAAMAMMA,30950,371400,1.8432238300641377,2.6044309933980307,2.7585279600960866,0.36716710182767626,0.1801566579634465,0.18223514934556437,1.0,0.0003,1.0,9019.290725708008
depth4_bal_MAAMAMMA,4,MAAMAMMA,30975,371700,1.579775442679723,3.0462586085001626,3.109024395261492,0.44092689295039167,0.1618798955613577,0.17955028526680836,1.0,0.0003,1.0,9023.328076124191
depth4_bal_MAAMAMMA,4,MAAMAMMA,31000,372000,1.25861390431722,2.459994077682495,2.6578629084995815,0.5169712793733682,0.24412532637075718,0.23101018010963195,1.0,0.0003,1.0,9029.315541028976
depth4_bal_MAAMAMMA,4,MAAMAMMA,31025,372300,1.2148904204368591,2.2689123153686523,2.493978404998779,0.5257832898172323,0.2545691906005222,0.2549502181452064,1.0,0.0003,1.0,9037.49937748909
depth4_bal_MAAMAMMA,4,MAAMAMMA,31050,372600,1.20906995733579,2.3831114768981934,2.588591636930193,0.5218668407310705,0.23890339425587467,0.23078644143640228,1.0,0.0003,1.0,9045.603050470352
depth4_bal_MAAMAMMA,4,MAAMAMMA,31075,372900,1.1004066864649455,2.436136563618978,2.5352899823869977,0.5789817232375979,0.25718015665796345,0.27005257858820897,1.0,0.0003,1.0,9053.863024234772
depth4_bal_MAAMAMMA,4,MAAMAMMA,31100,373200,1.5557429591814678,2.510653575261434,2.7442300660269603,0.4556135770234987,0.22715404699738903,0.2195995077749189,1.0,0.0003,1.0,9062.04224205017
depth4_bal_MAAMAMMA,4,MAAMAMMA,31125,373500,1.1139852305253346,2.2621635595957437,2.3705582686832973,0.5953002610966057,0.24934725848563968,0.2627810717082448,1.0,0.0003,1.0,9070.214173316956
depth4_bal_MAAMAMMA,4,MAAMAMMA,31150,373800,1.2109903792540233,2.2542458375295005,2.4021482399531773,0.5531984334203656,0.26109660574412535,0.2612149009956371,1.0,0.0003,1.0,9078.200829029083
depth4_bal_MAAMAMMA,4,MAAMAMMA,31175,374100,1.9478229780991871,2.878688414891561,2.9835848263331823,0.36716710182767626,0.195822454308094,0.1905134802550621,1.0,0.0003,1.0,9081.368595838547
depth4_bal_MAAMAMMA,4,MAAMAMMA,31200,374400,1.2396259605884552,2.3616017500559487,2.5201567922319685,0.5199086161879896,0.2206266318537859,0.23526121490099564,1.0,0.0003,1.0,9084.389765739441
depth4_bal_MAAMAMMA,4,MAAMAMMA,31225,374700,1.046017825603485,2.0870081583658853,2.3440732751573834,0.6073759791122716,0.3028720626631854,0.2737442666964985,1.0,0.0003,1.0,9089.12616610527
depth4_bal_MAAMAMMA,4,MAAMAMMA,31250,375000,1.0883816132942836,2.3064454396565757,2.5055247034345354,0.5789817232375979,0.28067885117493474,0.27732408546817316,1.0,0.0003,1.0,9097.30799460411
depth4_bal_MAAMAMMA,4,MAAMAMMA,31275,375300,1.8171921173731487,2.5244598388671875,2.78387861933027,0.40535248041775457,0.20887728459530025,0.21188052354849535,1.0,0.0003,1.0,9105.434450626373
depth4_bal_MAAMAMMA,4,MAAMAMMA,31300,375600,1.52343953649203,2.2395984331766763,2.3746192114693776,0.44386422976501305,0.2454308093994778,0.23895290300928515,1.0,0.0003,1.0,9113.55039858818
depth4_bal_MAAMAMMA,4,MAAMAMMA,31325,375900,1.3627701103687286,2.597259998321533,2.7815611907414026,0.49281984334203655,0.23368146214099217,0.23358317485177313,1.0,0.0003,1.0,9121.979897737503
depth4_bal_MAAMAMMA,4,MAAMAMMA,31350,376200,1.1077302992343903,2.3681559562683105,2.581980126244681,0.5780026109660574,0.2349869451697128,0.23537308423761047,1.0,0.0003,1.0,9131.232081413269
depth4_bal_MAAMAMMA,4,MAAMAMMA,31375,376500,1.1512587517499924,2.555187145868937,2.6853332451411656,0.5629895561357703,0.24412532637075718,0.25998433829287393,1.0,0.0003,1.0,9140.20611834526
depth4_bal_MAAMAMMA,4,MAAMAMMA,31400,376800,1.5403929154078166,2.277759393056234,2.459023312159947,0.42689295039164493,0.2362924281984334,0.22832531603087594,1.0,0.0003,1.0,9149.162456512451
depth4_bal_MAAMAMMA,4,MAAMAMMA,31425,377100,1.0571750501791637,2.1725438435872397,2.339540522439139,0.5838772845953003,0.25326370757180156,0.2796733415370847,1.0,0.0003,1.0,9157.359231710434
depth4_bal_MAAMAMMA,4,MAAMAMMA,31450,377400,1.1233414312203724,2.34218700726827,2.486760139465332,0.5587467362924282,0.2297650130548303,0.25875377559011076,1.0,0.0003,1.0,9165.199885129929
depth4_bal_MAAMAMMA,4,MAAMAMMA,31475,377700,1.1248314281304677,2.1557106971740723,2.3218974011284965,0.5864882506527415,0.25326370757180156,0.2698288399149793,1.0,0.0003,1.0,9172.85265994072
depth4_bal_MAAMAMMA,4,MAAMAMMA,31500,378000,1.1547199587027233,2.078396956125895,2.1850117785590037,0.5825718015665796,0.28067885117493474,0.27732408546817316,1.0,0.0003,1.0,9181.144802808762
depth4_bal_MAAMAMMA,4,MAAMAMMA,31525,378300,1.3809761603673298,2.2970527013142905,2.462292698451451,0.5055483028720626,0.2558746736292428,0.23537308423761047,1.0,0.0003,1.0,9188.731490373611
depth4_bal_MAAMAMMA,4,MAAMAMMA,31550,378600,1.217232306798299,2.5115195910135903,2.6180606705801828,0.5447127937336814,0.21148825065274152,0.20953126747958384,1.0,0.0003,1.0,9196.743868350983
depth4_bal_MAAMAMMA,4,MAAMAMMA,31575,378900,1.1383626858393352,2.044724941253662,2.0764198303222656,0.5936684073107049,0.27023498694516973,0.272066226647276,1.0,0.0003,1.0,9204.883375406265
depth4_bal_MAAMAMMA,4,MAAMAMMA,31600,379200,1.0565905918677647,2.04157825311025,2.1485570669174194,0.612597911227154,0.2845953002610966,0.2985792594249916,1.0,0.0003,1.0,9213.05309009552
depth4_bal_MAAMAMMA,4,MAAMAMMA,31625,379500,1.022688701748848,2.0107142130533853,2.1808980873652866,0.6018276762402088,0.2924281984334204,0.29444009397024273,1.0,0.0003,1.0,9221.323076725006
depth4_bal_MAAMAMMA,4,MAAMAMMA,31650,379800,1.1118144790331523,2.0779912074406943,2.301165212903704,0.5636422976501305,0.26762402088772846,0.2556214341648954,1.0,0.0003,1.0,9229.449274778366
depth4_bal_MAAMAMMA,4,MAAMAMMA,31675,380100,1.404078205426534,2.3361194928487143,2.393464742388044,0.47095300261096606,0.20757180156657964,0.22731849200134244,1.0,0.0003,1.0,9237.657345056534
depth4_bal_MAAMAMMA,4,MAAMAMMA,31700,380400,1.0447306831677754,2.204515059789022,2.3810235023498536,0.5900783289817232,0.26762402088772846,0.24958048998769436,1.0,0.0003,1.0,9245.969964027405
depth4_bal_MAAMAMMA,4,MAAMAMMA,31725,380700,0.994947150349617,1.889124075571696,2.044532217298235,0.60411227154047,0.31592689295039167,0.31547152925383154,1.0,0.0003,1.0,9253.931149482727
depth4_bal_MAAMAMMA,4,MAAMAMMA,31750,381000,1.039118950565656,2.2713741461435952,2.4375612463269913,0.6197780678851175,0.2780678851174935,0.2414140284148115,1.0,0.0003,1.0,9262.785826444626
depth4_bal_MAAMAMMA,4,MAAMAMMA,31775,381300,1.432083547115326,2.3368192513783774,2.477257238115583,0.4676892950391645,0.24934725848563968,0.23403065219823246,1.0,0.0003,1.0,9271.347630739212
depth4_bal_MAAMAMMA,4,MAAMAMMA,31800,381600,1.1613426605860393,2.054087519645691,2.1956479787826537,0.5538511749347258,0.28720626631853785,0.2672558451728381,1.0,0.0003,1.0,9279.523913383484
depth4_bal_MAAMAMMA,4,MAAMAMMA,31825,381900,0.9082813163598379,1.9324326117833455,2.1083740302494594,0.6566579634464752,0.34203655352480417,0.32173621210426223,1.0,0.0003,1.0,9287.784001350403
depth4_bal_MAAMAMMA,4,MAAMAMMA,31850,382200,1.0041091988484065,2.0441752274831138,2.201018272127424,0.6011749347258486,0.31070496083550914,0.3067457209978745,1.0,0.0003,1.0,9295.767027139664
depth4_bal_MAAMAMMA,4,MAAMAMMA,31875,382500,0.9193059901396433,2.124047040939331,2.3298296417508806,0.6364229765013055,0.2898172323759791,0.2983555207517619,1.0,0.0003,1.0,9303.875516653061
depth4_bal_MAAMAMMA,4,MAAMAMMA,31900,382800,1.1033748537302017,2.397440751393636,2.475816924231393,0.5920365535248042,0.2859007832898172,0.2946638326434724,1.0,0.0003,1.0,9312.092651605606
depth4_bal_MAAMAMMA,4,MAAMAMMA,31925,383100,1.0520558257897694,1.9638309081395466,2.0830589941569735,0.5920365535248042,0.2898172323759791,0.29410448596039823,1.0,0.0003,1.0,9320.241965293884
depth4_bal_MAAMAMMA,4,MAAMAMMA,31950,383400,0.9669843365748724,2.0593291918436685,2.2619484526770455,0.6142297650130548,0.2793733681462141,0.2916433605548719,1.0,0.0003,1.0,9328.292070627213
depth4_bal_MAAMAMMA,4,MAAMAMMA,31975,383700,1.0182992418607075,2.113799810409546,2.1620804582323347,0.6099869451697127,0.2885117493472585,0.2843718536749077,1.0,0.0003,1.0,9336.031873941422
depth4_bal_MAAMAMMA,4,MAAMAMMA,32000,384000,1.3493189414342244,2.235031525293986,2.3568245479038783,0.508485639686684,0.22845953002610966,0.23089831077301712,1.0,0.0003,1.0,9339.57973241806
depth4_bal_MAAMAMMA,4,MAAMAMMA,32025,384300,1.236537476380666,2.3091432253519693,2.5475910323006765,0.5045691906005222,0.2545691906005222,0.23011522541671328,1.0,0.0003,1.0,9347.882731437683
depth4_bal_MAAMAMMA,4,MAAMAMMA,32050,384600,1.3537498613198597,2.3390187422434487,2.461717224121094,0.4879242819843342,0.2558746736292428,0.23828168698959615,1.0,0.0003,1.0,9356.02292728424
depth4_bal_MAAMAMMA,4,MAAMAMMA,32075,384900,0.9467039356629053,2.051799257596334,2.170260787010193,0.6566579634464752,0.3028720626631854,0.3000335608009845,1.0,0.0003,1.0,9364.111877679825
depth4_bal_MAAMAMMA,4,MAAMAMMA,32100,385200,1.2208971579869587,2.0337524811426797,2.1210435015814646,0.5685378590078329,0.26109660574412535,0.27855464817093634,1.0,0.0003,1.0,9372.412592887878
depth4_bal_MAAMAMMA,4,MAAMAMMA,32125,385500,1.1164044837156932,2.1222331523895264,2.24161719254085,0.5819190600522193,0.2558746736292428,0.2641235037476228,1.0,0.0003,1.0,9380.53328371048
depth4_bal_MAAMAMMA,4,MAAMAMMA,32150,385800,1.4188878734906514,2.207470496495565,2.3348871094839914,0.46279373368146215,0.24281984334203655,0.2169146436961629,1.0,0.0003,1.0,9385.892543554306
depth4_bal_MAAMAMMA,4,MAAMAMMA,32175,386100,1.3612770736217499,2.153578996658325,2.200967856815883,0.48759791122715407,0.23759791122715404,0.24734310325539768,1.0,0.0003,1.0,9394.045076847076
depth4_bal_MAAMAMMA,4,MAAMAMMA,32200,386400,1.3997985323270161,2.190455754597982,2.3252668108258927,0.4924934725848564,0.2506527415143603,0.24029533504866316,1.0,0.0003,1.0,9398.556168794632
depth4_bal_MAAMAMMA,4,MAAMAMMA,32225,386700,1.437499354283015,2.4714388052622476,2.6018634251185824,0.4608355091383812,0.21801566579634465,0.21579595033001453,1.0,0.0003,1.0,9401.636828184128
depth4_bal_MAAMAMMA,4,MAAMAMMA,32250,387000,0.9848168343305588,1.9455037514368694,2.0908822740827286,0.6367493472584856,0.29112271540469975,0.29947421411791025,1.0,0.0003,1.0,9407.453094005585
depth4_bal_MAAMAMMA,4,MAAMAMMA,32275,387300,0.9752753227949142,2.152912974357605,2.3384889670780726,0.6246736292428199,0.2584856396866841,0.2738561360331133,1.0,0.0003,1.0,9415.09218788147
depth4_bal_MAAMAMMA,4,MAAMAMMA,32300,387600,1.0407498925924301,2.25557533899943,2.4310633999960762,0.6054177545691906,0.23759791122715404,0.24432263116679717,1.0,0.0003,1.0,9423.140198230743
depth4_bal_MAAMAMMA,4,MAAMAMMA,32325,387900,0.9678096522887548,2.1092275778452554,2.2425857305526735,0.6214099216710183,0.3002610966057441,0.29880299809822125,1.0,0.0003,1.0,9430.87004995346
depth4_bal_MAAMAMMA,4,MAAMAMMA,32350,388200,1.1559945046901703,2.3335838317871094,2.5117863178253175,0.5509138381201044,0.2780678851174935,0.25606891151135475,1.0,0.0003,1.0,9438.93061208725
depth4_bal_MAAMAMMA,4,MAAMAMMA,32375,388500,1.0592129230499268,2.067560871442159,2.2319914170673916,0.5845300261096605,0.27676240208877284,0.28358876831860386,1.0,0.0003,1.0,9447.672543525696
depth4_bal_MAAMAMMA,4,MAAMAMMA,32400,388800,1.1794643998146057,2.101719538370768,2.3031205211366927,0.5574412532637075,0.2793733681462141,0.2870567177536637,1.0,0.0003,1.0,9455.786530971527
depth4_bal_MAAMAMMA,4,MAAMAMMA,32425,389100,1.1103441466887791,2.2084848086039224,2.2909431900296893,0.5887728459530026,0.30156657963446476,0.27833090949770667,1.0,0.0003,1.0,9460.465252399445
depth4_bal_MAAMAMMA,4,MAAMAMMA,32450,389400,1.1127520104249318,1.9579089482625325,2.1755368777683803,0.5607049608355091,0.3133159268929504,0.2843718536749077,1.0,0.0003,1.0,9465.701600313187
depth4_bal_MAAMAMMA,4,MAAMAMMA,32475,389700,1.2711062828699748,2.7006927331288657,2.894775356565203,0.5323107049608355,0.19712793733681463,0.19476451504642578,1.0,0.0003,1.0,9470.988638877869
depth4_bal_MAAMAMMA,4,MAAMAMMA,32500,390000,0.9189079602559408,2.3061129252115884,2.508538178035191,0.6488250652741514,0.27284595300261094,0.2598724689562591,1.0,0.0003,1.0,9479.377979040146
depth4_bal_MAAMAMMA,4,MAAMAMMA,32525,390300,0.928740844130516,2.0254050890604653,2.2404937641961236,0.6380548302872062,0.3224543080939948,0.3024946862065108,1.0,0.0003,1.0,9488.174290657043
depth4_bal_MAAMAMMA,4,MAAMAMMA,32550,390600,1.2769284049669902,2.0659467379252114,2.2020365612847463,0.5039164490861618,0.27154046997389036,0.277435954804788,1.0,0.0003,1.0,9496.480997562408
depth4_bal_MAAMAMMA,4,MAAMAMMA,32575,390900,1.1060542066891987,2.00640074412028,2.1280141966683526,0.5806135770234987,0.304177545691906,0.30786441436402284,1.0,0.0003,1.0,9504.356106042862
depth4_bal_MAAMAMMA,4,MAAMAMMA,32600,391200,1.454405516386032,2.269641081492106,2.4237434523446217,0.4810704960835509,0.25326370757180156,0.2351493455643808,1.0,0.0003,1.0,9512.134018182755
depth4_bal_MAAMAMMA,4,MAAMAMMA,32625,391500,0.862506295243899,1.9215885798136394,2.085676564489092,0.674934725848564,0.3263707571801567,0.3275534176082336,1.0,0.0003,1.0,9520.585451364517
depth4_bal_MAAMAMMA,4,MAAMAMMA,32650,391800,1.0419157048066456,1.921222726504008,2.095965140206473,0.6018276762402088,0.3002610966057441,0.29578252600962074,1.0,0.0003,1.0,9528.7896463871
depth4_bal_MAAMAMMA,4,MAAMAMMA,32675,392100,0.9668678690989813,2.1172800064086914,2.3536496094294956,0.6325065274151436,0.3224543080939948,0.27531043740910616,1.0,0.0003,1.0,9536.893901109695
depth4_bal_MAAMAMMA,4,MAAMAMMA,32700,392400,2.133286714553833,3.158254543940226,3.4142595767974853,0.3472584856396867,0.14360313315926893,0.138046761382705,1.0,0.0003,1.0,9545.948625087738
depth4_bal_MAAMAMMA,4,MAAMAMMA,32725,392700,2.3322500387827554,3.167484680811564,3.2143689700535365,0.3495430809399478,0.21409921671018275,0.17261438639668866,1.0,0.0003,1.0,9555.171980142593
depth4_bal_MAAMAMMA,4,MAAMAMMA,32750,393000,1.078548143307368,2.1720165411631265,2.327460936137608,0.5760443864229765,0.24673629242819844,0.24890927396800536,1.0,0.0003,1.0,9564.416187286377
depth4_bal_MAAMAMMA,4,MAAMAMMA,32775,393300,0.9821121692657471,1.8943262894948323,2.030064456803458,0.6403394255874674,0.3276762402088773,0.3170376999664392,1.0,0.0003,1.0,9572.49890255928
depth4_bal_MAAMAMMA,4,MAAMAMMA,32800,393600,0.9442229469617208,1.925323486328125,2.1362689699445454,0.6321801566579635,0.31723237597911225,0.30887123839355635,1.0,0.0003,1.0,9580.661494255066
depth4_bal_MAAMAMMA,4,MAAMAMMA,32825,393900,0.8238192250331243,1.7744759321212769,2.055002798352923,0.6863577023498695,0.3681462140992167,0.34824924488197784,1.0,0.0003,1.0,9588.765034675598
depth4_bal_MAAMAMMA,4,MAAMAMMA,32850,394200,0.8935885081688563,1.9252246220906575,2.047543021610805,0.6484986945169713,0.30809399477806787,0.3252041615393221,1.0,0.0003,1.0,9596.989947080612
depth4_bal_MAAMAMMA,4,MAAMAMMA,32875,394500,1.007982353369395,2.038495143254598,2.2157808371952603,0.6080287206266318,0.30678851174934724,0.301711600850207,1.0,0.0003,1.0,9605.513124465942
depth4_bal_MAAMAMMA,4,MAAMAMMA,32900,394800,1.134234458208084,2.031721353530884,2.161239729608808,0.5662532637075718,0.3185378590078329,0.29980982212775475,1.0,0.0003,1.0,9613.415939569473
depth4_bal_MAAMAMMA,4,MAAMAMMA,32925,395100,0.9918646762768427,1.8829519748687744,2.065813309805734,0.6259791122715405,0.3093994778067885,0.28481933102136703,1.0,0.0003,1.0,9621.824622631073
depth4_bal_MAAMAMMA,4,MAAMAMMA,32950,395400,0.9739026427268982,2.2537717819213867,2.3146803310939243,0.6240208877284595,0.26240208877284593,0.2718424879740463,1.0,0.0003,1.0,9629.82693195343
depth4_bal_MAAMAMMA,4,MAAMAMMA,32975,395700,1.0171020378669102,2.0720481872558594,2.285282322338649,0.5995430809399478,0.30548302872062666,0.280792034903233,1.0,0.0003,1.0,9638.078776597977
depth4_bal_MAAMAMMA,4,MAAMAMMA,33000,396000,0.9612994293371836,1.9702470699946086,2.2380028179713656,0.6174934725848564,0.29112271540469975,0.3000335608009845,1.0,0.0003,1.0,9646.128391504288
depth4_bal_MAAMAMMA,4,MAAMAMMA,33025,396300,1.2319296797116597,2.249243418375651,2.3995970726013183,0.5189295039164491,0.2597911227154047,0.25248909273968007,1.0,0.0003,1.0,9654.337983846664
depth4_bal_MAAMAMMA,4,MAAMAMMA,33050,396600,1.1898528287808101,2.223904848098755,2.46084532056536,0.5845300261096605,0.2845953002610966,0.27989708021031434,1.0,0.0003,1.0,9660.940434217453
depth4_bal_MAAMAMMA,4,MAAMAMMA,33075,396900,0.7843650182088217,1.8153812090555828,1.965714032309396,0.7085509138381201,0.3825065274151436,0.36156169593914306,1.0,0.0003,1.0,9663.986535310745
depth4_bal_MAAMAMMA,4,MAAMAMMA,33100,397200,0.8365198771158854,1.7932056188583374,1.947571165221078,0.7016971279373369,0.36161879895561355,0.3425439087146213,1.0,0.0003,1.0,9667.031987190247
depth4_bal_MAAMAMMA,4,MAAMAMMA,33125,397500,0.9037349820137024,1.9914042949676514,2.121457174846104,0.6357702349869452,0.32114882506527415,0.32352612149009957,1.0,0.0003,1.0,9674.634901046753
depth4_bal_MAAMAMMA,4,MAAMAMMA,33150,397800,1.0473323613405228,1.917195240656535,2.0126193148749216,0.6184725848563969,0.2950391644908616,0.28951784315919005,1.0,0.0003,1.0,9682.614902496338
depth4_bal_MAAMAMMA,4,MAAMAMMA,33175,398100,0.9203291237354279,1.8376975059509277,1.8832393169403077,0.6906005221932114,0.3002610966057441,0.31748517731289855,1.0,0.0003,1.0,9690.317742347717
depth4_bal_MAAMAMMA,4,MAAMAMMA,33200,398400,0.9935938864946365,1.8688671986262004,2.047313414301191,0.5992167101827677,0.3198433420365535,0.3233023828168699,1.0,0.0003,1.0,9698.483961820602
depth4_bal_MAAMAMMA,4,MAAMAMMA,33225,398700,0.9018485794464747,1.9869019587834675,2.1147736072540284,0.681135770234987,0.2898172323759791,0.3047320729388075,1.0,0.0003,1.0,9706.762660980225
depth4_bal_MAAMAMMA,4,MAAMAMMA,33250,399000,1.2956715871890385,2.2250940004984536,2.352836867741176,0.5385117493472585,0.2950391644908616,0.2850430696945967,1.0,0.0003,1.0,9714.400990486145
depth4_bal_MAAMAMMA,4,MAAMAMMA,33275,399300,1.271270255247752,1.9807018836339314,2.1396008798054287,0.6077023498694517,0.29112271540469975,0.2777715628146325,1.0,0.0003,1.0,9723.721359014511
depth4_bal_MAAMAMMA,4,MAAMAMMA,33300,399600,1.133010243376096,2.0750033855438232,2.1893392290387834,0.5593994778067886,0.2859007832898172,0.2844837230115225,1.0,0.0003,1.0,9733.053030729294
depth4_bal_MAAMAMMA,4,MAAMAMMA,33325,399900,1.1197594553232193,2.312612771987915,2.4418718678610665,0.5789817232375979,0.2506527415143603,0.2532721780959839,1.0,0.0003,1.0,9742.361201047897
depth4_bal_MAAMAMMA,4,MAAMAMMA,33350,400200,1.004478394985199,2.012321949005127,2.087447306088039,0.6099869451697127,0.31070496083550914,0.31949882537196556,1.0,0.0003,1.0,9750.529446601868
depth4_bal_MAAMAMMA,4,MAAMAMMA,33375,400500,2.005996217330297,2.7422706286112466,2.838788788659232,0.44157963446475196,0.2154046997389034,0.208076966103591,1.0,0.0003,1.0,9757.840420722961
depth4_bal_MAAMAMMA,4,MAAMAMMA,33400,400800,0.9758650014797846,2.219938596089681,2.3160415955952236,0.618798955613577,0.2506527415143603,0.27654100011186933,1.0,0.0003,1.0,9765.613367557526
depth4_bal_MAAMAMMA,4,MAAMAMMA,33425,401100,0.9657402833302816,2.0416667064030967,2.1645010471343995,0.6207571801566579,0.3302872062663185,0.3035015102360443,1.0,0.0003,1.0,9773.969069957733
depth4_bal_MAAMAMMA,4,MAAMAMMA,33450,401400,0.7515403181314468,1.8176064093907673,2.009310681479318,0.70822454308094,0.3772845953002611,0.3584293545139277,1.0,0.0003,1.0,9781.726526975632
depth4_bal_MAAMAMMA,4,MAAMAMMA,33475,401700,0.9126534163951874,1.756917913754781,1.9152623312813895,0.7186684073107049,0.3394255874673629,0.36055487190960955,1.0,0.0003,1.0,9789.863062143326
depth4_bal_MAAMAMMA,4,MAAMAMMA,33500,402000,0.9245268354813257,1.959298809369405,2.1471202509743827,0.6383812010443864,0.34073107049608353,0.31256292650184586,1.0,0.0003,1.0,9798.166715621948
depth4_bal_MAAMAMMA,4,MAAMAMMA,33525,402300,1.176336149374644,2.0251383781433105,2.171371633665902,0.5407963446475196,0.3093994778067885,0.28526680836782636,1.0,0.0003,1.0,9805.994451284409
depth4_bal_MAAMAMMA,4,MAAMAMMA,33550,402600,1.5930629273255665,2.1578099727630615,2.2936712878090995,0.44190600522193213,0.24934725848563968,0.2434276764738785,1.0,0.0003,1.0,9813.896856307983
depth4_bal_MAAMAMMA,4,MAAMAMMA,33575,402900,1.047516996661822,2.0081637303034463,2.2135951042175295,0.5946475195822454,0.2859007832898172,0.278107170824477,1.0,0.0003,1.0,9822.185119628906
depth4_bal_MAAMAMMA,4,MAAMAMMA,33600,403200,0.9399481614430746,1.789358655611674,1.9959444522857666,0.6491514360313316,0.3276762402088773,0.3099899317597047,1.0,0.0003,1.0,9830.090531110764
depth4_bal_MAAMAMMA,4,MAAMAMMA,33625,403500,1.5343068142731984,2.499974330266317,2.5310105187552314,0.5029373368146214,0.21671018276762402,0.207405750083902,1.0,0.0003,1.0,9838.028643846512
depth4_bal_MAAMAMMA,4,MAAMAMMA,33650,403800,1.0034371962149937,1.8752387364705403,2.015204324041094,0.6145561357702349,0.3302872062663185,0.3180445239959727,1.0,0.0003,1.0,9845.863853693008
depth4_bal_MAAMAMMA,4,MAAMAMMA,33675,404100,1.1196491916974385,1.9266775051752727,2.0389934267316545,0.5577676240208878,0.30678851174934724,0.307081329007719,1.0,0.0003,1.0,9853.72702217102
depth4_bal_MAAMAMMA,4,MAAMAMMA,33700,404400,0.9476937552293142,1.8348686695098877,1.960659054347447,0.6351174934725848,0.34595300261096606,0.3269940709251594,1.0,0.0003,1.0,9861.844010591507
depth4_bal_MAAMAMMA,4,MAAMAMMA,33725,404700,1.3275625705718994,3.6027112007141113,3.7462043489728654,0.518603133159269,0.17362924281984335,0.17127195435731066,1.0,0.0003,1.0,9870.2966132164
depth4_bal_MAAMAMMA,4,MAAMAMMA,33750,405000,1.0351214160521824,2.5601464112599692,2.6997959681919643,0.6028067885117493,0.2558746736292428,0.2371629936234478,1.0,0.0003,1.0,9878.399006605148
depth4_bal_MAAMAMMA,4,MAAMAMMA,33775,405300,0.9955940842628479,2.0694100856781006,2.1840659243719918,0.6044386422976501,0.3028720626631854,0.2986911287616064,1.0,0.0003,1.0,9886.68188738823
depth4_bal_MAAMAMMA,4,MAAMAMMA,33800,405600,0.8117002348105112,1.7841290632883708,1.996401309967041,0.6821148825065274,0.3668407310704961,0.3445575567736883,1.0,0.0003,1.0,9894.870557308197
depth4_bal_MAAMAMMA,4,MAAMAMMA,33825,405900,0.9577532559633255,1.7258310715357463,1.895296393121992,0.6892950391644909,0.35900783289817234,0.3371741805571093,1.0,0.0003,1.0,9902.918799877167
depth4_bal_MAAMAMMA,4,MAAMAMMA,33850,406200,1.0245717962582905,1.9797378381093342,2.1488243988582068,0.618798955613577,0.33159268929503916,0.30394898758250366,1.0,0.0003,1.0,9911.049110889435
depth4_bal_MAAMAMMA,4,MAAMAMMA,33875,406500,0.9012618114550909,1.8538445234298706,2.017244829450335,0.6589425587467362,0.3289817232375979,0.32979080434053026,1.0,0.0003,1.0,9919.273611783981
depth4_bal_MAAMAMMA,4,MAAMAMMA,33900,406800,1.3207046488920848,2.204876184463501,2.3534614699227467,0.5071801566579635,0.2859007832898172,0.28616176306074503,1.0,0.0003,1.0,9927.454933643341
depth4_bal_MAAMAMMA,4,MAAMAMMA,33925,407100,0.8511235862970352,1.8404278755187988,1.9679034199033465,0.700065274151436,0.3394255874673629,0.3275534176082336,1.0,0.0003,1.0,9935.633870124817
depth4_bal_MAAMAMMA,4,MAAMAMMA,33950,407400,1.0330455948909123,1.9124447107315063,2.0632455451147895,0.6070496083550914,0.32114882506527415,0.30853563038371185,1.0,0.0003,1.0,9943.644454717636
depth4_bal_MAAMAMMA,4,MAAMAMMA,33975,407700,0.9316531221071879,1.9507418076197307,2.1018915959766935,0.631201044386423,0.3276762402088773,0.31189171048215686,1.0,0.0003,1.0,9951.712236404419
depth4_bal_MAAMAMMA,4,MAAMAMMA,34000,408000,0.8274177759885788,1.7396113475163777,1.8825517654418946,0.681135770234987,0.36161879895561355,0.3569750531379349,1.0,0.0003,1.0,9959.916367530823
depth4_bal_MAAMAMMA,4,MAAMAMMA,34025,408300,1.5296019266049068,2.3584121068318686,2.490004525865827,0.4765013054830287,0.2206266318537859,0.24264459111757467,1.0,0.0003,1.0,9968.255222797394
depth4_bal_MAAMAMMA,4,MAAMAMMA,34050,408600,0.8441551178693771,1.7931297222773235,1.9481266600745064,0.6733028720626631,0.3433420365535248,0.34735429018905917,1.0,0.0003,1.0,9984.39617395401
depth4_bal_MAAMAMMA,4,MAAMAMMA,34075,408900,0.8068032215038935,1.7720288038253784,1.9203578914914812,0.6762402088772846,0.37467362924281983,0.3695044188387963,1.0,0.0003,1.0,9996.700200080872
depth4_bal_MAAMAMMA,4,MAAMAMMA,34100,409200,0.836913118759791,1.8345173597335815,2.037386965751648,0.660574412532637,0.3433420365535248,0.3319163217362121,1.0,0.0003,1.0,10004.860450983047
depth4_bal_MAAMAMMA,4,MAAMAMMA,34125,409500,0.9569451957941055,1.8820502360661824,2.0842722586223057,0.6295691906005222,0.2989556135770235,0.302382816869896,1.0,0.0003,1.0,10013.002703428268
depth4_bal_MAAMAMMA,4,MAAMAMMA,34150,409800,0.7599765757719675,1.9072087208429973,2.0589476312909807,0.7150783289817232,0.31462140992167104,0.3352724018346571,1.0,0.0003,1.0,10021.297013759613
depth4_bal_MAAMAMMA,4,MAAMAMMA,34175,410100,0.8161023010810217,1.7144039869308472,1.8776762349264962,0.7092036553524804,0.3772845953002611,0.36021926389976505,1.0,0.0003,1.0,10029.673685073853
depth4_bal_MAAMAMMA,4,MAAMAMMA,34200,410400,1.2442275087038677,2.1219563484191895,2.2606731278555734,0.5137075718015666,0.27676240208877284,0.26076742364917777,1.0,0.0003,1.0,10038.52830004692
depth4_bal_MAAMAMMA,4,MAAMAMMA,34225,410700,1.0257810652256012,2.2412679195404053,2.4387327671051025,0.6028067885117493,0.2297650130548303,0.2328000894954693,1.0,0.0003,1.0,10046.651714801788
depth4_bal_MAAMAMMA,4,MAAMAMMA,34250,411000,0.7971737037102381,2.126912275950114,2.248196366855076,0.6785248041775457,0.2924281984334204,0.31222731849200136,1.0,0.0003,1.0,10055.418249607086
depth4_bal_MAAMAMMA,4,MAAMAMMA,34275,411300,0.773617168267568,1.8939043283462524,2.090572830608913,0.7052872062663186,0.3276762402088773,0.3190513480255062,1.0,0.0003,1.0,10064.191422224045
depth4_bal_MAAMAMMA,4,MAAMAMMA,34300,411600,0.8989086548487345,1.951697587966919,2.116285603387015,0.6524151436031331,0.3394255874673629,0.31480031323414254,1.0,0.0003,1.0,10073.429495096207
depth4_bal_MAAMAMMA,4,MAAMAMMA,34325,411900,0.9937627265850703,2.0869393348693848,2.251202998842512,0.6419712793733682,0.28720626631853785,0.2715068799642018,1.0,0.0003,1.0,10081.15145778656
depth4_bal_MAAMAMMA,4,MAAMAMMA,34350,412200,0.8999241441488266,1.8976387182871501,2.035545355933053,0.6654699738903395,0.3342036553524804,0.3348249244881978,1.0,0.0003,1.0,10090.364929199219
depth4_bal_MAAMAMMA,4,MAAMAMMA,34375,412500,1.0984142025311787,1.912045160929362,2.0382011345454623,0.5799608355091384,0.2819843342036554,0.28258194428907035,1.0,0.0003,1.0,10099.533631563187
depth4_bal_MAAMAMMA,4,MAAMAMMA,34400,412800,1.0061531215906143,1.9361656109491985,2.0889281341007777,0.610313315926893,0.3328981723237598,0.3020472088600515,1.0,0.0003,1.0,10107.775339365005
depth4_bal_MAAMAMMA,4,MAAMAMMA,34425,413100,1.0355608562628429,1.9866249958674114,2.143585651261466,0.6001958224543081,0.30678851174934724,0.2976843047320729,1.0,0.0003,1.0,10115.735252141953
depth4_bal_MAAMAMMA,4,MAAMAMMA,34450,413400,0.8003032108147939,1.824713150660197,2.0491166966302052,0.6948433420365535,0.3537859007832898,0.3395234366260208,1.0,0.0003,1.0,10123.743305921555
depth4_bal_MAAMAMMA,4,MAAMAMMA,34475,413700,0.878724604845047,1.9083385467529297,2.072823670932225,0.6537206266318538,0.31723237597911225,0.31815639333258755,1.0,0.0003,1.0,10131.46353840828
depth4_bal_MAAMAMMA,4,MAAMAMMA,34500,414000,0.6825171659390131,1.9633509318033855,2.2428057057516915,0.735313315926893,0.3524804177545692,0.33471305515158295,1.0,0.0003,1.0,10139.652195453644
depth4_bal_MAAMAMMA,4,MAAMAMMA,34525,414300,2.3861545523007712,3.1203882694244385,3.2097143650054933,0.3501958224543081,0.16318537859007834,0.16735652757579147,1.0,0.0003,1.0,10147.75415468216
depth4_bal_MAAMAMMA,4,MAAMAMMA,34550,414600,1.006726235151291,1.843033234278361,2.0041706664221626,0.6047650130548303,0.3381201044386423,0.3265465935787001,1.0,0.0003,1.0,10155.938065052032
depth4_bal_MAAMAMMA,4,MAAMAMMA,34575,414900,0.984613890449206,2.131453355153402,2.289867516926357,0.6031331592689295,0.28067885117493474,0.2777715628146325,1.0,0.0003,1.0,10163.77685713768
depth4_bal_MAAMAMMA,4,MAAMAMMA,34600,415200,0.748641570409139,1.8450192213058472,2.018272488457816,0.7251958224543081,0.34203655352480417,0.3607786105828392,1.0,0.0003,1.0,10171.301532268524
depth4_bal_MAAMAMMA,4,MAAMAMMA,34625,415500,0.8637490222851435,1.9497554302215576,2.0521518979753766,0.6857049608355091,0.33159268929503916,0.3315807137263676,1.0,0.0003,1.0,10179.567253112793
depth4_bal_MAAMAMMA,4,MAAMAMMA,34650,415800,1.002187505364418,1.9526963233947754,2.1184979268482755,0.6112924281984334,0.30548302872062666,0.2960062646828504,1.0,0.0003,1.0,10187.60186958313
depth4_bal_MAAMAMMA,4,MAAMAMMA,34675,416100,0.802645723025004,1.7939352591832478,1.991942082132612,0.6990861618798956,0.3577023498694517,0.3531714956930305,1.0,0.0003,1.0,10195.658408641815
depth4_bal_MAAMAMMA,4,MAAMAMMA,34700,416400,0.8337645481030146,1.8656250635782878,2.063263613837106,0.6736292428198434,0.34986945169712796,0.34097773800201364,1.0,0.0003,1.0,10200.214925050735
depth4_bal_MAAMAMMA,4,MAAMAMMA,34725,416700,1.3109042644500732,2.516695976257324,2.674852521078927,0.5525456919060052,0.2519582245430809,0.2664727598165343,1.0,0.0003,1.0,10203.27213549614
depth4_bal_MAAMAMMA,4,MAAMAMMA,34750,417000,0.8319549908240637,1.915268063545227,2.0704442126410347,0.689621409921671,0.30809399477806787,0.3162546146101354,1.0,0.0003,1.0,10206.330834627151
depth4_bal_MAAMAMMA,4,MAAMAMMA,34775,417300,1.1154040098190308,1.9665456215540569,2.126916183744158,0.5766971279373369,0.28067885117493474,0.2816869895961517,1.0,0.0003,1.0,10209.415777683258
depth4_bal_MAAMAMMA,4,MAAMAMMA,34800,417600,1.0754689673582714,1.923402984937032,2.0821823971612115,0.5946475195822454,0.31723237597911225,0.309094977066786,1.0,0.0003,1.0,10212.596250534058
depth4_bal_MAAMAMMA,4,MAAMAMMA,34825,417900,0.8982181449731191,2.031660238901774,2.2832506009510585,0.64588772845953,0.304177545691906,0.29555878733639107,1.0,0.0003,1.0,10215.802931308746
depth4_bal_MAAMAMMA,4,MAAMAMMA,34850,418200,1.0120732287565868,2.155996084213257,2.4139573505946568,0.6021540469973891,0.28720626631853785,0.27721221613155833,1.0,0.0003,1.0,10224.248334407806
depth4_bal_MAAMAMMA,4,MAAMAMMA,34875,418500,0.8326585193475088,1.8141675392786663,1.9987084797450474,0.6951697127937336,0.3472584856396867,0.33907595927956147,1.0,0.0003,1.0,10233.213067054749
depth4_bal_MAAMAMMA,4,MAAMAMMA,34900,418800,1.1440588235855103,1.9442942937215169,2.063723077092852,0.5744125326370757,0.2924281984334204,0.29253831524779056,1.0,0.0003,1.0,10241.808764696121
depth4_bal_MAAMAMMA,4,MAAMAMMA,34925,419100,0.7282551030317942,1.79224427541097,1.9346934693200248,0.7477154046997389,0.3537859007832898,0.37162993623447815,1.0,0.0003,1.0,10250.109027385712
depth4_bal_MAAMAMMA,4,MAAMAMMA,34950,419400,0.9045047760009766,1.970077395439148,2.1090623787471228,0.6504569190600522,0.2963446475195822,0.32106499608457323,1.0,0.0003,1.0,10258.635626077652
depth4_bal_MAAMAMMA,4,MAAMAMMA,34975,419700,0.8792940576871237,2.053909420967102,2.2770308698926653,0.6504569190600522,0.2845953002610966,0.2910840138717977,1.0,0.0003,1.0,10266.934515953064
depth4_bal_MAAMAMMA,4,MAAMAMMA,35000,420000,1.0360181778669357,2.0735702514648438,2.206037402153015,0.6001958224543081,0.2898172323759791,0.29086027519856805,1.0,0.0003,1.0,10274.893147468567
depth4_bal_MAAMAMMA,4,MAAMAMMA,35025,420300,1.403921127319336,1.9974422454833984,2.0294795070375713,0.5483028720626631,0.2741514360313316,0.26803893052914196,1.0,0.0003,1.0,10283.819065570831
depth4_bal_MAAMAMMA,4,MAAMAMMA,35050,420600,0.9635667453209559,2.2606236139933267,2.49988979612078,0.6468668407310705,0.28067885117493474,0.24532945519633068,1.0,0.0003,1.0,10292.695052862167
depth4_bal_MAAMAMMA,4,MAAMAMMA,35075,420900,1.0306027730305989,2.194263219833374,2.2516062906810217,0.6191253263707572,0.2741514360313316,0.2791139948540105,1.0,0.0003,1.0,10301.633046627045
depth4_bal_MAAMAMMA,4,MAAMAMMA,35100,421200,1.3884718616803486,2.331510066986084,2.451238032749721,0.47911227154047,0.22323759791122716,0.23112204944624679,1.0,0.0003,1.0,10309.820963859558
depth4_bal_MAAMAMMA,4,MAAMAMMA,35125,421500,1.1198453704516094,2.0730010668436685,2.1971620729991366,0.575065274151436,0.2793733681462141,0.271395010627587,1.0,0.0003,1.0,10317.957778453827
depth4_bal_MAAMAMMA,4,MAAMAMMA,35150,421800,1.19825213154157,2.2545053164164224,2.3672065666743687,0.5535248041775457,0.2545691906005222,0.24745497259201252,1.0,0.0003,1.0,10326.125587463379
depth4_bal_MAAMAMMA,4,MAAMAMMA,35175,422100,0.8132373442252477,1.7777212460835774,1.9654883214405605,0.7163838120104439,0.35509138381201044,0.3381810045866428,1.0,0.0003,1.0,10334.476335048676
depth4_bal_MAAMAMMA,4,MAAMAMMA,35200,422400,1.0260621309280396,1.8659991423288982,2.0740027938570296,0.5953002610966057,0.3263707571801567,0.30887123839355635,1.0,0.0003,1.0,10343.62700510025
depth4_bal_MAAMAMMA,4,MAAMAMMA,35225,422700,0.8377829094727834,1.947100559870402,2.0961770398276194,0.6974543080939948,0.32506527415143605,0.32106499608457323,1.0,0.0003,1.0,10352.877945184708
depth4_bal_MAAMAMMA,4,MAAMAMMA,35250,423000,1.1872629821300507,2.0882626374562583,2.1362263100487846,0.5610313315926893,0.26109660574412535,0.28716858709027854,1.0,0.0003,1.0,10361.94591641426
depth4_bal_MAAMAMMA,4,MAAMAMMA,35275,423300,0.8425054202477137,1.8433846235275269,1.9884583234786988,0.685378590078329,0.360313315926893,0.3445575567736883,1.0,0.0003,1.0,10370.65001320839
depth4_bal_MAAMAMMA,4,MAAMAMMA,35300,423600,0.8032925774653753,1.850385030110677,1.99705742086683,0.6889686684073107,0.35509138381201044,0.34802550620874817,1.0,0.0003,1.0,10379.785953760147
depth4_bal_MAAMAMMA,4,MAAMAMMA,35325,423900,0.8162653793891271,1.8448141018549602,2.005170614378793,0.6925587467362925,0.3681462140992167,0.32811276429130776,1.0,0.0003,1.0,10389.110912799835
depth4_bal_MAAMAMMA,4,MAAMAMMA,35350,424200,0.7581776330868403,1.7913427750269573,1.9601917607443673,0.7176892950391645,0.3642297650130548,0.37129432822463365,1.0,0.0003,1.0,10398.388458013535
depth4_bal_MAAMAMMA,4,MAAMAMMA,35375,424500,1.027169441183408,1.8221669594446819,1.9581902367728097,0.6077023498694517,0.30548302872062666,0.3014878621769773,1.0,0.0003,1.0,10406.568237543106
depth4_bal_MAAMAMMA,4,MAAMAMMA,35400,424800,0.7470075984795889,1.8682173093159993,2.0414970806666783,0.7379242819843342,0.33550913838120106,0.3408658686653988,1.0,0.0003,1.0,10414.758359670639
depth4_bal_MAAMAMMA,4,MAAMAMMA,35425,425100,1.1125808358192444,1.8886638879776,2.0041820662362233,0.5610313315926893,0.30548302872062666,0.2892941044859604,1.0,0.0003,1.0,10422.936013936996
depth4_bal_MAAMAMMA,4,MAAMAMMA,35450,425400,0.8175493329763412,1.997239311536153,2.161515712738037,0.6866840731070496,0.32114882506527415,0.2985792594249916,1.0,0.0003,1.0,10431.03303360939
depth4_bal_MAAMAMMA,4,MAAMAMMA,35475,425700,0.9965464472770691,1.8189876079559326,1.9654123272214616,0.6037859007832899,0.34073107049608353,0.32017004139165456,1.0,0.0003,1.0,10438.620448589325
depth4_bal_MAAMAMMA,4,MAAMAMMA,35500,426000,0.8335656225681305,1.767678181330363,1.9264243841171265,0.6990861618798956,0.34073107049608353,0.3391878286161763,1.0,0.0003,1.0,10446.560824155807
depth4_bal_MAAMAMMA,4,MAAMAMMA,35525,426300,1.0083028475443523,2.0484188397725425,2.2875972270965574,0.6230417754569191,0.3093994778067885,0.2943282246336279,1.0,0.0003,1.0,10453.99428153038
depth4_bal_MAAMAMMA,4,MAAMAMMA,35550,426600,0.9191809693972269,1.8936694065729778,2.0314304522105626,0.6478459530026109,0.34856396866840733,0.3325875377559011,1.0,0.0003,1.0,10460.413205862045
depth4_bal_MAAMAMMA,4,MAAMAMMA,35575,426900,1.189411570628484,2.10170849164327,2.322343873977661,0.5434073107049608,0.2650130548302872,0.25304843942275423,1.0,0.0003,1.0,10463.437503576279
depth4_bal_MAAMAMMA,4,MAAMAMMA,35600,427200,1.0127825091282527,1.99344003200531,2.08905542237418,0.6077023498694517,0.31723237597911225,0.30887123839355635,1.0,0.0003,1.0,10466.457790851593
depth4_bal_MAAMAMMA,4,MAAMAMMA,35625,427500,1.0449728469053905,2.1402553717295327,2.2878552164350237,0.5825718015665796,0.29112271540469975,0.28258194428907035,1.0,0.0003,1.0,10474.080030441284
depth4_bal_MAAMAMMA,4,MAAMAMMA,35650,427800,1.0641233325004578,1.9762852191925049,2.129327389172145,0.5760443864229765,0.2924281984334204,0.28549054704105603,1.0,0.0003,1.0,10482.253767251968
depth4_bal_MAAMAMMA,4,MAAMAMMA,35675,428100,0.9383614261945089,2.0364393393198648,2.1969324009759084,0.6266318537859008,0.2950391644908616,0.284148115001678,1.0,0.0003,1.0,10490.820787906647
depth4_bal_MAAMAMMA,4,MAAMAMMA,35700,428400,0.9005336066087087,1.8772290547688801,2.000708164487566,0.6612271540469974,0.31462140992167104,0.31222731849200136,1.0,0.0003,1.0,10498.936971902847
depth4_bal_MAAMAMMA,4,MAAMAMMA,35725,428700,1.348528375228246,2.241023858388265,2.3046441350664413,0.48629242819843344,0.26109660574412535,0.2480143192750867,1.0,0.0003,1.0,10507.185405254364
depth4_bal_MAAMAMMA,4,MAAMAMMA,35750,429000,0.9718677004178365,2.1046009063720703,2.166855161530631,0.6285900783289817,0.2519582245430809,0.2652421971137711,1.0,0.0003,1.0,10515.318940162659
depth4_bal_MAAMAMMA,4,MAAMAMMA,35775,429300,1.1080084145069122,1.9730509122212727,2.068072373526437,0.5864882506527415,0.2924281984334204,0.28593802438751537,1.0,0.0003,1.0,10523.448557853699
depth4_bal_MAAMAMMA,4,MAAMAMMA,35800,429600,0.7977874328692754,1.9354499578475952,2.079354957171849,0.7160574412532638,0.32114882506527415,0.32151247343103256,1.0,0.0003,1.0,10531.60038304329
depth4_bal_MAAMAMMA,4,MAAMAMMA,35825,429900,0.8785606523354849,1.831488569577535,1.9955427850995744,0.6445822454308094,0.34595300261096606,0.34768989819890367,1.0,0.0003,1.0,10539.839931249619
depth4_bal_MAAMAMMA,4,MAAMAMMA,35850,430200,1.2990589042504628,2.16210675239563,2.2854978697640553,0.5283942558746736,0.2310704960835509,0.25248909273968007,1.0,0.0003,1.0,10547.985353469849
depth4_bal_MAAMAMMA,4,MAAMAMMA,35875,430500,1.0525589386622112,2.1612144311269126,2.344453648158482,0.5939947780678851,0.26762402088772846,0.2552858261550509,1.0,0.0003,1.0,10556.14280796051
depth4_bal_MAAMAMMA,4,MAAMAMMA,35900,430800,0.9200584590435028,1.9753174781799316,2.0988495758601595,0.6331592689295039,0.3185378590078329,0.3183801320058172,1.0,0.0003,1.0,10563.938247680664
depth4_bal_MAAMAMMA,4,MAAMAMMA,35925,431100,0.8952813148498535,1.7945760488510132,1.9433186667306082,0.6484986945169713,0.3368146214099217,0.34366260208076965,1.0,0.0003,1.0,10572.215876340866
depth4_bal_MAAMAMMA,4,MAAMAMMA,35950,431400,1.1792157689730327,2.188758611679077,2.297313063485282,0.5512402088772846,0.2754569190600522,0.2661371518066898,1.0,0.0003,1.0,10580.397855520248
depth4_bal_MAAMAMMA,4,MAAMAMMA,35975,431700,1.109294722477595,1.899767319361369,2.0142481429236274,0.5786553524804178,0.3028720626631854,0.29488757131670207,1.0,0.0003,1.0,10588.554861545563
depth4_bal_MAAMAMMA,4,MAAMAMMA,36000,432000,1.000697856148084,1.839826226234436,1.9674611364092145,0.6429503916449086,0.31592689295039167,0.3179326546593579,1.0,0.0003,1.0,10596.71318078041
depth4_bal_MAAMAMMA,4,MAAMAMMA,36025,432300,1.5155990521113079,2.321838696797689,2.386869873319353,0.4663838120104439,0.2362924281984334,0.23805794831636648,1.0,0.0003,1.0,10602.847670316696
depth4_bal_MAAMAMMA,4,MAAMAMMA,36050,432600,1.2273828089237213,2.22826353708903,2.2050757884979246,0.5545039164490861,0.2650130548302872,0.2725137039937353,1.0,0.0003,1.0,10606.451289653778
depth4_bal_MAAMAMMA,4,MAAMAMMA,36075,432900,0.9787354469299316,2.216280937194824,2.355208284514291,0.6285900783289817,0.29765013054830286,0.29578252600962074,1.0,0.0003,1.0,10610.142693281174
depth4_bal_MAAMAMMA,4,MAAMAMMA,36100,433200,0.8770321557919184,1.8700420061747234,2.0746995517185756,0.6569843342036553,0.3328981723237598,0.3165902226199799,1.0,0.0003,1.0,10618.115681886673
depth4_bal_MAAMAMMA,4,MAAMAMMA,36125,433500,1.3696613212426503,2.317066272099813,2.3745314053126743,0.518603133159269,0.2754569190600522,0.28649737107058953,1.0,0.0003,1.0,10626.15721487999
depth4_bal_MAAMAMMA,4,MAAMAMMA,36150,433800,0.8080079158147176,1.8395834763844807,2.0640823807035176,0.6984334203655352,0.34464751958224543,0.3369504418838796,1.0,0.0003,1.0,10634.274131298065
depth4_bal_MAAMAMMA,4,MAAMAMMA,36175,434100,0.9066959619522095,1.9712090889612834,2.1412154742649623,0.6615535248041775,0.3198433420365535,0.30428459559234816,1.0,0.0003,1.0,10642.26130080223
depth4_bal_MAAMAMMA,4,MAAMAMMA,36200,434400,0.8177666763464609,1.852863351504008,2.0329526117869787,0.6889686684073107,0.3224543080939948,0.32509229220270724,1.0,0.0003,1.0,10650.53357744217
depth4_bal_MAAMAMMA,4,MAAMAMMA,36225,434700,0.8943559428056082,1.9801263809204102,2.105186254637582,0.6494778067885117,0.3185378590078329,0.3179326546593579,1.0,0.0003,1.0,10658.661103010178
depth4_bal_MAAMAMMA,4,MAAMAMMA,36250,435000,0.8873402178287506,1.9757381280263264,2.1258065359933034,0.6569843342036553,0.30809399477806787,0.30294216355297016,1.0,0.0003,1.0,10666.81235051155
depth4_bal_MAAMAMMA,4,MAAMAMMA,36275,435300,0.7955793539683024,1.8758801619211833,2.0980922869273595,0.6866840731070496,0.34856396866840733,0.32677033225192975,1.0,0.0003,1.0,10674.717814445496
depth4_bal_MAAMAMMA,4,MAAMAMMA,36300,435600,0.8850287199020386,1.966152310371399,2.175426391192845,0.6465404699738904,0.3394255874673629,0.30685759033448934,1.0,0.0003,1.0,10683.010229587555
depth4_bal_MAAMAMMA,4,MAAMAMMA,36325,435900,0.9589170416196188,1.8273768027623494,1.9623314005987984,0.6821148825065274,0.32506527415143605,0.31278666517507553,1.0,0.0003,1.0,10691.098017930984
depth4_bal_MAAMAMMA,4,MAAMAMMA,36350,436200,0.850273405512174,2.019978642463684,2.1877247878483366,0.6762402088772846,0.26370757180156656,0.28593802438751537,1.0,0.0003,1.0,10698.060709476471
depth4_bal_MAAMAMMA,4,MAAMAMMA,36375,436500,0.7270033607880274,1.7466461658477783,1.9530974354062762,0.7189947780678851,0.39425587467362927,0.3781183577581385,1.0,0.0003,1.0,10706.297948360443
depth4_bal_MAAMAMMA,4,MAAMAMMA,36400,436800,0.9044418931007385,1.8542319138844807,1.9725909539631434,0.6383812010443864,0.3198433420365535,0.33706231122049446,1.0,0.0003,1.0,10714.242436408997
depth4_bal_MAAMAMMA,4,MAAMAMMA,36425,437100,1.3127044091622035,2.3064022858937583,2.5409482410975865,0.5678851174934726,0.2845953002610966,0.2652421971137711,1.0,0.0003,1.0,10720.011669158936
depth4_bal_MAAMAMMA,4,MAAMAMMA,36450,437400,1.150547355413437,2.0088448921839395,2.1439235959734235,0.549934725848564,0.2845953002610966,0.27296118134019465,1.0,0.0003,1.0,10723.045140743256
depth4_bal_MAAMAMMA,4,MAAMAMMA,36475,437700,0.9635737339655558,1.9649639527002971,2.050785974093846,0.631201044386423,0.2950391644908616,0.2933214006040944,1.0,0.0003,1.0,10726.158886671066
depth4_bal_MAAMAMMA,4,MAAMAMMA,36500,438000,0.7626483291387558,1.8962407509485881,2.1061883551733835,0.7199738903394256,0.3237597911227154,0.3241973375097886,1.0,0.0003,1.0,10729.170799016953
depth4_bal_MAAMAMMA,4,MAAMAMMA,36525,438300,0.9371180832386017,2.15207576751709,2.3603879860469275,0.6429503916449086,0.2950391644908616,0.2758697840921803,1.0,0.0003,1.0,10732.249592065811
depth4_bal_MAAMAMMA,4,MAAMAMMA,36550,438600,1.24772975842158,2.1400797367095947,2.352109227861677,0.539490861618799,0.2793733681462141,0.2678151918559123,1.0,0.0003,1.0,10735.263211965561
depth4_bal_MAAMAMMA,4,MAAMAMMA,36575,438900,1.0373330861330032,2.0453646183013916,2.195311498641968,0.5985639686684073,0.29765013054830286,0.2887347578028862,1.0,0.0003,1.0,10742.884757995605
depth4_bal_MAAMAMMA,4,MAAMAMMA,36600,439200,2.4641115069389343,2.748603582382202,2.7992023468017577,0.27839425587467365,0.1906005221932115,0.1585188499832196,1.0,0.0003,1.0,10750.482761621475
depth4_bal_MAAMAMMA,4,MAAMAMMA,36625,439500,0.8484758685032526,1.9297146797180176,2.07681747845241,0.6579634464751958,0.3289817232375979,0.3328112764291308,1.0,0.0003,1.0,10758.665951490402
depth4_bal_MAAMAMMA,4,MAAMAMMA,36650,439800,0.8142721553643545,1.8751400311787922,2.0671669823782786,0.6857049608355091,0.34986945169712796,0.35395458104933436,1.0,0.0003,1.0,10766.743426084518
depth4_bal_MAAMAMMA,4,MAAMAMMA,36675,440100,1.0058224300543468,1.8678512970606487,2.0238484484808787,0.595626631853786,0.2924281984334204,0.2995860834545251,1.0,0.0003,1.0,10774.821974754333
depth4_bal_MAAMAMMA,4,MAAMAMMA,36700,440400,0.9446830252806345,1.9215354919433594,2.0987801790237426,0.6266318537859008,0.3185378590078329,0.3089831077301712,1.0,0.0003,1.0,10782.928617954254
depth4_bal_MAAMAMMA,4,MAAMAMMA,36725,440700,1.0113216986258824,2.121339956919352,2.3632729053497314,0.6181462140992167,0.27676240208877284,0.29544691799977624,1.0,0.0003,1.0,10790.847002744675
depth4_bal_MAAMAMMA,4,MAAMAMMA,36750,441000,0.8325746407111486,2.2127323150634766,2.414311562265669,0.6873368146214099,0.2597911227154047,0.2817988589327665,1.0,0.0003,1.0,10798.731605052948
depth4_bal_MAAMAMMA,4,MAAMAMMA,36775,441300,1.0178398887316387,2.0616480509440103,2.142766635758536,0.6295691906005222,0.3185378590078329,0.303725248909274,1.0,0.0003,1.0,10806.812170267105
depth4_bal_MAAMAMMA,4,MAAMAMMA,36800,441600,1.188648243745168,2.1784162521362305,2.3071792568479266,0.5616840731070496,0.2885117493472585,0.280792034903233,1.0,0.0003,1.0,10814.584833621979
depth4_bal_MAAMAMMA,4,MAAMAMMA,36825,441900,1.0467062691847484,2.0504141648610434,2.1523282051086428,0.6018276762402088,0.3133159268929504,0.30428459559234816,1.0,0.0003,1.0,10822.541284322739
depth4_bal_MAAMAMMA,4,MAAMAMMA,36850,442200,0.9921805361906687,2.164160887400309,2.2068483318601335,0.6109660574412533,0.2898172323759791,0.29186709922810156,1.0,0.0003,1.0,10830.626281499863
depth4_bal_MAAMAMMA,4,MAAMAMMA,36875,442500,0.8953466018040975,2.0565456549326577,2.1831277915409633,0.6814621409921671,0.2859007832898172,0.2863855017339747,1.0,0.0003,1.0,10836.737235069275
depth4_bal_MAAMAMMA,4,MAAMAMMA,36900,442800,1.3388603528340657,2.1421590646107993,2.323381853103638,0.49738903394255873,0.27284595300261094,0.24588880187940484,1.0,0.0003,1.0,10839.783992767334
depth4_bal_MAAMAMMA,4,MAAMAMMA,36925,443100,1.0977633794148762,2.1561733881632485,2.250351561818804,0.5959530026109661,0.26370757180156656,0.26770332251929746,1.0,0.0003,1.0,10842.811753034592
depth4_bal_MAAMAMMA,4,MAAMAMMA,36950,443400,1.3980313042799632,2.4315938154856362,2.549896914618356,0.4954308093994778,0.2558746736292428,0.22977961740686878,1.0,0.0003,1.0,10850.741689920425
depth4_bal_MAAMAMMA,4,MAAMAMMA,36975,443700,1.0720126628875732,2.0839637915293374,2.2357204164777484,0.5969321148825065,0.26240208877284593,0.27531043740910616,1.0,0.0003,1.0,10858.847602367401
depth4_bal_MAAMAMMA,4,MAAMAMMA,37000,444000,0.9903103162844976,2.3076772689819336,2.3630673953465053,0.6243472584856397,0.25718015665796345,0.2679270611925271,1.0,0.0003,1.0,10866.834990978241
depth4_bal_MAAMAMMA,4,MAAMAMMA,37025,444300,1.0438034186760585,2.30321470896403,2.4080964088439942,0.6112924281984334,0.2584856396866841,0.26803893052914196,1.0,0.0003,1.0,10875.091359138489
depth4_bal_MAAMAMMA,4,MAAMAMMA,37050,444600,1.0371180127064388,2.076606512069702,2.15835953099387,0.5913838120104439,0.283289817232376,0.2995860834545251,1.0,0.0003,1.0,10883.215729475021
depth4_bal_MAAMAMMA,4,MAAMAMMA,37075,444900,0.9322943091392517,2.083800474802653,2.204552776472909,0.6546997389033943,0.2845953002610966,0.28358876831860386,1.0,0.0003,1.0,10891.151416301727
depth4_bal_MAAMAMMA,4,MAAMAMMA,37100,445200,1.5000800788402557,2.7216713428497314,2.86675660269601,0.4872715404699739,0.22193211488250653,0.2104262221725025,1.0,0.0003,1.0,10898.191504240036
depth4_bal_MAAMAMMA,4,MAAMAMMA,37125,445500,0.9421393225590388,2.1108084519704184,2.2816324302128383,0.6439295039164491,0.2793733681462141,0.2810157735764627,1.0,0.0003,1.0,10906.422370672226
depth4_bal_MAAMAMMA,4,MAAMAMMA,37150,445800,1.0462376525004704,2.1037758191426597,2.1831733431134905,0.5949738903394256,0.2898172323759791,0.27833090949770667,1.0,0.0003,1.0,10914.641322612762
depth4_bal_MAAMAMMA,4,MAAMAMMA,37175,446100,0.8276030719280243,2.0829521814982095,2.256919254575457,0.6906005221932114,0.30156657963446476,0.30126412350374765,1.0,0.0003,1.0,10922.711728572845
depth4_bal_MAAMAMMA,4,MAAMAMMA,37200,446400,1.048897425333659,2.043466806411743,2.141497993469238,0.5939947780678851,0.2924281984334204,0.29746056605884325,1.0,0.0003,1.0,10930.90482378006
depth4_bal_MAAMAMMA,4,MAAMAMMA,37225,446700,1.0103763441244762,2.1561119556427,2.302293130329677,0.6106396866840731,0.27284595300261094,0.2586419062534959,1.0,0.0003,1.0,10939.163733243942
depth4_bal_MAAMAMMA,4,MAAMAMMA,37250,447000,0.9737142870823542,2.402153650919596,2.5483901160103932,0.6246736292428199,0.24412532637075718,0.23291195883208413,1.0,0.0003,1.0,10947.09860253334
depth4_bal_MAAMAMMA,4,MAAMAMMA,37275,447300,0.944272185365359,2.0288287003835044,2.1092958314078194,0.6494778067885117,0.2885117493472585,0.29645374202930974,1.0,0.0003,1.0,10954.719916343689
depth4_bal_MAAMAMMA,4,MAAMAMMA,37300,447600,0.8937591761350632,2.0699098904927573,2.1796823467527116,0.6501305483028721,0.3002610966057441,0.3089831077301712,1.0,0.0003,1.0,10962.81029176712
depth4_bal_MAAMAMMA,4,MAAMAMMA,37325,447900,0.8943793872992197,2.0235265493392944,2.2077510799680438,0.6592689295039165,0.3237597911227154,0.3153596599172167,1.0,0.0003,1.0,10970.611605644226
depth4_bal_MAAMAMMA,4,MAAMAMMA,37350,448200,0.9805658012628555,2.2117578983306885,2.393360948562622,0.6217362924281984,0.26762402088772846,0.25181787671999106,1.0,0.0003,1.0,10978.68975687027
depth4_bal_MAAMAMMA,4,MAAMAMMA,37375,448500,1.022993306318919,1.9979369242986043,2.1536112206322806,0.5959530026109661,0.3263707571801567,0.28728045642689337,1.0,0.0003,1.0,10986.809930086136
depth4_bal_MAAMAMMA,4,MAAMAMMA,37400,448800,1.4150015612443287,2.53342334429423,2.6623565605708532,0.49510443864229764,0.2154046997389034,0.20796509676697617,1.0,0.0003,1.0,10994.537003040314
depth4_bal_MAAMAMMA,4,MAAMAMMA,37425,449100,0.8692582497994105,1.8918309609095256,2.0405511243002756,0.6827676240208878,0.3342036553524804,0.3266584629153149,1.0,0.0003,1.0,10997.587853431702
depth4_bal_MAAMAMMA,4,MAAMAMMA,37450,449400,0.9981573869784673,2.1854590574900308,2.239259903771537,0.6409921671018277,0.293733681462141,0.2877279337733527,1.0,0.0003,1.0,11001.833148956299
depth4_bal_MAAMAMMA,4,MAAMAMMA,37475,449700,0.9297983646392822,2.162595589955648,2.2128860882350376,0.6752610966057441,0.3237597911227154,0.30786441436402284,1.0,0.0003,1.0,11004.884180545807
depth4_bal_MAAMAMMA,4,MAAMAMMA,37500,450000,0.9763223677873611,2.2338093916575112,2.2998952286584036,0.6360966057441253,0.2845953002610966,0.28884662713950104,1.0,0.0003,1.0,11008.991542577744
depth4_bal_MAAMAMMA,4,MAAMAMMA,37525,450300,1.2181850671768188,2.2040783564249673,2.2979751314435686,0.5649477806788512,0.2362924281984334,0.2510347913636872,1.0,0.0003,1.0,11017.03025841713
depth4_bal_MAAMAMMA,4,MAAMAMMA,37550,450600,1.04157189031442,2.411354939142863,2.438235024043492,0.6024804177545692,0.26109660574412535,0.2490211433046202,1.0,0.0003,1.0,11025.160251140594
depth4_bal_MAAMAMMA,4,MAAMAMMA,37575,450900,1.0600120822588603,2.259542385737101,2.3216792583465575,0.5959530026109661,0.2898172323759791,0.2803445575567737,1.0,0.0003,1.0,11033.174976110458
depth4_bal_MAAMAMMA,4,MAAMAMMA,37600,451200,1.0745698859294255,2.3791020711263022,2.4631968702588765,0.6018276762402088,0.26240208877284593,0.245105716523101,1.0,0.0003,1.0,11041.26228761673
depth4_bal_MAAMAMMA,4,MAAMAMMA,37625,451500,1.0080672552188237,2.353391408920288,2.402196979522705,0.6214099216710183,0.26631853785900783,0.2665846291531491,1.0,0.0003,1.0,11048.903177022934
depth4_bal_MAAMAMMA,4,MAAMAMMA,37650,451800,1.3350276052951813,2.377310355504354,2.3961912291390557,0.49281984334203655,0.26370757180156656,0.2669202371629936,1.0,0.0003,1.0,11056.12991142273
depth4_bal_MAAMAMMA,4,MAAMAMMA,37675,452100,1.0266356120506923,2.185631275177002,2.233337014062064,0.6191253263707572,0.2741514360313316,0.27564604541895066,1.0,0.0003,1.0,11063.875667333603
depth4_bal_MAAMAMMA,4,MAAMAMMA,37700,452400,1.1510401169459026,2.4085683822631836,2.4788508347102574,0.570822454308094,0.2193211488250653,0.2440988924935675,1.0,0.0003,1.0,11072.124785661697
depth4_bal_MAAMAMMA,4,MAAMAMMA,37725,452700,1.1942976812521617,2.1121888160705566,2.2022947038922993,0.5789817232375979,0.2859007832898172,0.27598165342879516,1.0,0.0003,1.0,11080.287422180176
depth4_bal_MAAMAMMA,4,MAAMAMMA,37750,453000,0.943938285112381,2.153657078742981,2.256909077508109,0.6445822454308094,0.30548302872062666,0.30529141962188167,1.0,0.0003,1.0,11088.378078222275
depth4_bal_MAAMAMMA,4,MAAMAMMA,37775,453300,0.9563413461049398,2.218140443166097,2.317663587842669,0.616514360313316,0.2780678851174935,0.2910840138717977,1.0,0.0003,1.0,11096.630620002747
depth4_bal_MAAMAMMA,4,MAAMAMMA,37800,453600,0.9867060085137686,2.1982954343159995,2.303554058074951,0.6233681462140992,0.2597911227154047,0.27161874930081664,1.0,0.0003,1.0,11104.517665863037
depth4_bal_MAAMAMMA,4,MAAMAMMA,37825,453900,0.9838423579931259,2.180786609649658,2.221793930871146,0.616514360313316,0.31592689295039167,0.3196106947085804,1.0,0.0003,1.0,11112.639965057373
depth4_bal_MAAMAMMA,4,MAAMAMMA,37850,454200,0.8655197223027548,2.122318903605143,2.2147863354001727,0.695822454308094,0.29765013054830286,0.3000335608009845,1.0,0.0003,1.0,11120.505383968353
depth4_bal_MAAMAMMA,4,MAAMAMMA,37875,454500,1.4676756759484608,2.46805747350057,2.55006628036499,0.483355091383812,0.2310704960835509,0.23335943617854346,1.0,0.0003,1.0,11128.713553190231
depth4_bal_MAAMAMMA,4,MAAMAMMA,37900,454800,0.9033710261185964,2.192375103632609,2.3156450952802388,0.6635117493472585,0.32114882506527415,0.29522317932654657,1.0,0.0003,1.0,11136.820119142532
depth4_bal_MAAMAMMA,4,MAAMAMMA,37925,455100,1.2886556486288707,2.281820774078369,2.3201311724526543,0.5234986945169713,0.25326370757180156,0.2669202371629936,1.0,0.0003,1.0,11144.986679077148
depth4_bal_MAAMAMMA,4,MAAMAMMA,37950,455400,1.162690172592799,2.2757558822631836,2.3008956364222937,0.5447127937336814,0.2597911227154047,0.27061192527128314,1.0,0.0003,1.0,11153.186242818832
depth4_bal_MAAMAMMA,4,MAAMAMMA,37975,455700,0.8935709794362386,2.22764523824056,2.2950611659458704,0.6690600522193212,0.2924281984334204,0.28616176306074503,1.0,0.0003,1.0,11161.39366197586
depth4_bal_MAAMAMMA,4,MAAMAMMA,38000,456000,0.9509598861138026,2.1882685820261636,2.280390780312674,0.6409921671018277,0.2689295039164491,0.2751985680724913,1.0,0.0003,1.0,11169.572899341583
depth4_bal_MAAMAMMA,4,MAAMAMMA,38025,456300,1.1121967683235805,2.4457267920176187,2.4298646177564347,0.5884464751958225,0.26762402088772846,0.2708356639445128,1.0,0.0003,1.0,11177.903236627579
depth4_bal_MAAMAMMA,4,MAAMAMMA,38050,456600,0.9347154448429743,2.160193840662638,2.276620476586478,0.6494778067885117,0.31070496083550914,0.2889584964761159,1.0,0.0003,1.0,11186.065025568008
depth4_bal_MAAMAMMA,4,MAAMAMMA,38075,456900,0.8409502605597178,2.1804304917653403,2.3175520624433243,0.6951697127937336,0.3002610966057441,0.29320953126747956,1.0,0.0003,1.0,11194.365880966187
depth4_bal_MAAMAMMA,4,MAAMAMMA,38100,457200,1.0494478195905685,2.239809989929199,2.3779741525650024,0.5907310704960835,0.2845953002610966,0.27654100011186933,1.0,0.0003,1.0,11202.440804481506
depth4_bal_MAAMAMMA,4,MAAMAMMA,38125,457500,0.8875846862792969,2.211279312769572,2.2876914501190186,0.6560052219321149,0.2963446475195822,0.28549054704105603,1.0,0.0003,1.0,11209.842851400375
depth4_bal_MAAMAMMA,4,MAAMAMMA,38150,457800,1.0275598019361496,2.126255750656128,2.2116423232214792,0.6217362924281984,0.2950391644908616,0.27094753328112764,1.0,0.0003,1.0,11218.03646159172
depth4_bal_MAAMAMMA,4,MAAMAMMA,38175,458100,1.0516736755768459,2.4063212871551514,2.4182325090680803,0.5992167101827677,0.27284595300261094,0.26871014654883096,1.0,0.0003,1.0,11226.099147319794
depth4_bal_MAAMAMMA,4,MAAMAMMA,38200,458400,1.1429939568042755,2.246499538421631,2.27798889705113,0.5545039164490861,0.2506527415143603,0.2737442666964985,1.0,0.0003,1.0,11234.27030134201
depth4_bal_MAAMAMMA,4,MAAMAMMA,38225,458700,0.9224650114774704,2.2638416290283203,2.2753139904567172,0.6354438642297651,0.2924281984334204,0.29444009397024273,1.0,0.0003,1.0,11242.44500374794
depth4_bal_MAAMAMMA,4,MAAMAMMA,38250,459000,1.0523892839749653,2.2385827700297036,2.2853447573525565,0.5943211488250653,0.27154046997389036,0.2886228884662714,1.0,0.0003,1.0,11250.870066404343
depth4_bal_MAAMAMMA,4,MAAMAMMA,38275,459300,0.8827358434597651,2.1904141902923584,2.2998754024505614,0.6579634464751958,0.2989556135770235,0.283476898981989,1.0,0.0003,1.0,11259.169117450714
depth4_bal_MAAMAMMA,4,MAAMAMMA,38300,459600,1.3550604184468586,2.0483442147572837,2.1360490322113037,0.5101174934725848,0.2819843342036554,0.25998433829287393,1.0,0.0003,1.0,11267.319892406464
depth4_bal_MAAMAMMA,4,MAAMAMMA,38325,459900,0.8285367339849472,2.174238999684652,2.2821594783238,0.6974543080939948,0.370757180156658,0.3167020919565947,1.0,0.0003,1.0,11275.449664592743
depth4_bal_MAAMAMMA,4,MAAMAMMA,38350,460200,1.3258958260218303,2.1555294195810952,2.238355670656477,0.5169712793733682,0.24934725848563968,0.23872916433605548,1.0,0.0003,1.0,11283.683110952377
depth4_bal_MAAMAMMA,4,MAAMAMMA,38375,460500,0.9336188733577728,2.2289013067881265,2.32936258997236,0.6530678851174935,0.2859007832898172,0.2810157735764627,1.0,0.0003,1.0,11291.843096256256
depth4_bal_MAAMAMMA,4,MAAMAMMA,38400,460800,0.8499254335959753,2.2822651863098145,2.354473546573094,0.6912532637075718,0.2754569190600522,0.28493120035798186,1.0,0.0003,1.0,11299.991528749466
depth4_bal_MAAMAMMA,4,MAAMAMMA,38425,461100,0.9808083524306616,2.198930263519287,2.273988587515695,0.6145561357702349,0.2741514360313316,0.2886228884662714,1.0,0.0003,1.0,11308.256468296051
depth4_bal_MAAMAMMA,4,MAAMAMMA,38450,461400,1.1612951159477234,2.4924821853637695,2.5524878570011684,0.5659268929503917,0.22323759791122716,0.24063094305850766,1.0,0.0003,1.0,11316.454606056213
depth4_bal_MAAMAMMA,4,MAAMAMMA,38475,461700,0.896524061759313,2.2377471129099527,2.298243805340358,0.6524151436031331,0.3028720626631854,0.30596263564157067,1.0,0.0003,1.0,11324.63763999939
depth4_bal_MAAMAMMA,4,MAAMAMMA,38500,462000,0.9933429459730784,2.1081525484720864,2.275283282143729,0.6129242819843342,0.3028720626631854,0.28884662713950104,1.0,0.0003,1.0,11332.774447917938
depth4_bal_MAAMAMMA,4,MAAMAMMA,38525,462300,1.0484631210565567,2.2139004866282144,2.2409963165010724,0.5864882506527415,0.2584856396866841,0.26938136256851997,1.0,0.0003,1.0,11340.430069446564
depth4_bal_MAAMAMMA,4,MAAMAMMA,38550,462600,1.2260302404562633,2.309706131617228,2.388848440987723,0.5659268929503917,0.2898172323759791,0.27721221613155833,1.0,0.0003,1.0,11348.311553001404
depth4_bal_MAAMAMMA,4,MAAMAMMA,38575,462900,0.8239650825659434,2.231670379638672,2.3196566104888916,0.6876631853785901,0.31723237597911225,0.30987806242308985,1.0,0.0003,1.0,11356.434473276138
depth4_bal_MAAMAMMA,4,MAAMAMMA,38600,463200,0.8084575235843658,2.139083464940389,2.25889778477805,0.693864229765013,0.31462140992167104,0.32777715628146326,1.0,0.0003,1.0,11364.592045545578
depth4_bal_MAAMAMMA,4,MAAMAMMA,38625,463500,1.0417349686225255,2.1993838946024575,2.300091253008161,0.5969321148825065,0.30156657963446476,0.2916433605548719,1.0,0.0003,1.0,11372.876416921616
depth4_bal_MAAMAMMA,4,MAAMAMMA,38650,463800,1.1019334693749745,2.441014369328817,2.6248510224478587,0.5809399477806788,0.2689295039164491,0.2589775142633404,1.0,0.0003,1.0,11381.2013733387
depth4_bal_MAAMAMMA,4,MAAMAMMA,38675,464100,0.7888912806908289,2.1513819694519043,2.2309163672583443,0.7111618798955613,0.33159268929503916,0.3276652869448484,1.0,0.0003,1.0,11389.383400678635
depth4_bal_MAAMAMMA,4,MAAMAMMA,38700,464400,0.8691596686840057,2.3038979371388755,2.459295851843698,0.6671018276762402,0.2845953002610966,0.28728045642689337,1.0,0.0003,1.0,11397.53973197937
depth4_bal_MAAMAMMA,4,MAAMAMMA,38725,464700,0.8935179114341736,2.2616869608561196,2.37849976675851,0.6507832898172323,0.32506527415143605,0.3047320729388075,1.0,0.0003,1.0,11405.820219516754
depth4_bal_MAAMAMMA,4,MAAMAMMA,38750,465000,1.165512998898824,2.6271232763926187,2.693275281361171,0.543733681462141,0.21279373368146215,0.2163552970130887,1.0,0.0003,1.0,11414.007728815079
depth4_bal_MAAMAMMA,4,MAAMAMMA,38775,465300,0.8794852942228317,2.055693030357361,2.1765617609024046,0.6618798955613577,0.31462140992167104,0.31356975053137937,1.0,0.0003,1.0,11420.78355050087
depth4_bal_MAAMAMMA,4,MAAMAMMA,38800,465600,0.9476349502801895,2.262035369873047,2.3594036647251673,0.6338120104438643,0.304177545691906,0.2896297124958049,1.0,0.0003,1.0,11423.956492185593
depth4_bal_MAAMAMMA,4,MAAMAMMA,38825,465900,1.127684046824773,2.177013317743937,2.251437967164176,0.5600522193211488,0.26631853785900783,0.2637878957377783,1.0,0.0003,1.0,11432.368001937866
depth4_bal_MAAMAMMA,4,MAAMAMMA,38850,466200,0.9008429050445557,2.170938730239868,2.3169566222599576,0.6817885117493473,0.31592689295039167,0.3130104038483052,1.0,0.0003,1.0,11440.54809641838
depth4_bal_MAAMAMMA,4,MAAMAMMA,38875,466500,1.8204277952512105,2.9302684466044107,3.0964078085763114,0.43342036553524804,0.206266318537859,0.209419398142969,1.0,0.0003,1.0,11448.75701880455
depth4_bal_MAAMAMMA,4,MAAMAMMA,38900,466800,1.0126912047465642,2.4772415161132812,2.5943096569606237,0.6109660574412533,0.2859007832898172,0.25204161539322073,1.0,0.0003,1.0,11457.113143444061
depth4_bal_MAAMAMMA,4,MAAMAMMA,38925,467100,0.959444652001063,2.371250947316488,2.4435246671949113,0.6142297650130548,0.283289817232376,0.2804564268933885,1.0,0.0003,1.0,11465.27503657341
depth4_bal_MAAMAMMA,4,MAAMAMMA,38950,467400,1.1025161494811375,2.4354306856791177,2.4913063526153563,0.5780026109660574,0.2558746736292428,0.25013983667076856,1.0,0.0003,1.0,11473.313413619995
depth4_bal_MAAMAMMA,4,MAAMAMMA,38975,467700,1.8395400544007618,3.1665945053100586,3.1555548804146905,0.4360313315926893,0.17493472584856398,0.19196778163105493,1.0,0.0003,1.0,11481.036534547806
depth4_bal_MAAMAMMA,4,MAAMAMMA,39000,468000,0.8141383081674576,2.245604991912842,2.3179435866219658,0.6925587467362925,0.28720626631853785,0.29880299809822125,1.0,0.0003,1.0,11488.96224284172
depth4_bal_MAAMAMMA,4,MAAMAMMA,39025,468300,0.9278231759866079,2.352632919947306,2.414489916392735,0.6592689295039165,0.2924281984334204,0.27989708021031434,1.0,0.0003,1.0,11496.649367332458
depth4_bal_MAAMAMMA,4,MAAMAMMA,39050,468600,1.1901190479596455,2.268964926401774,2.4231656960078647,0.5496083550913838,0.27023498694516973,0.2583062982436514,1.0,0.0003,1.0,11505.421596765518
depth4_bal_MAAMAMMA,4,MAAMAMMA,39075,468900,1.2847360670566559,2.7545295556386313,2.7337727751050678,0.5535248041775457,0.18407310704960836,0.20550397136144982,1.0,0.0003,1.0,11514.610571861267
depth4_bal_MAAMAMMA,4,MAAMAMMA,39100,469200,1.0770657062530518,2.348745902379354,2.3976463522229876,0.5763707571801566,0.27284595300261094,0.2539433941156729,1.0,0.0003,1.0,11522.60264658928
depth4_bal_MAAMAMMA,4,MAAMAMMA,39125,469500,0.9015799065430959,2.1809122562408447,2.2615373611450194,0.6599216710182768,0.30809399477806787,0.30562702763172617,1.0,0.0003,1.0,11530.56427359581
depth4_bal_MAAMAMMA,4,MAAMAMMA,39150,469800,1.0767050385475159,2.322943925857544,2.399739524296352,0.5593994778067886,0.2741514360313316,0.26468285043069695,1.0,0.0003,1.0,11538.594613075256
depth4_bal_MAAMAMMA,4,MAAMAMMA,39175,470100,0.9445300499598185,2.065659681955973,2.109438473837716,0.6609007832898173,0.3093994778067885,0.3008166461572883,1.0,0.0003,1.0,11546.46578168869
depth4_bal_MAAMAMMA,4,MAAMAMMA,39200,470400,1.102884829044342,2.329901615778605,2.429165642602103,0.5616840731070496,0.25326370757180156,0.2632285490547041,1.0,0.0003,1.0,11554.500185012817
depth4_bal_MAAMAMMA,4,MAAMAMMA,39225,470700,0.8814068088928858,2.211548089981079,2.2767641714641025,0.6553524804177546,0.30678851174934724,0.3000335608009845,1.0,0.0003,1.0,11559.152792215347
depth4_bal_MAAMAMMA,4,MAAMAMMA,39250,471000,1.1271097958087921,2.1304712295532227,2.238805171421596,0.5685378590078329,0.2584856396866841,0.2579706902338069,1.0,0.0003,1.0,11563.567053079605
depth4_bal_MAAMAMMA,4,MAAMAMMA,39275,471300,1.1087824404239655,2.3348151048024497,2.3363289969308036,0.5936684073107049,0.2689295039164491,0.27788343215124733,1.0,0.0003,1.0,11571.774230957031
depth4_bal_MAAMAMMA,4,MAAMAMMA,39300,471600,0.8294856051603953,2.1333491802215576,2.2657627173832484,0.6883159268929504,0.3002610966057441,0.3140172278778387,1.0,0.0003,1.0,11579.766375541687
depth4_bal_MAAMAMMA,4,MAAMAMMA,39325,471900,1.4007839659849803,2.525029023488363,2.467529501233782,0.5153394255874674,0.2206266318537859,0.23291195883208413,1.0,0.0003,1.0,11587.910410165787
depth4_bal_MAAMAMMA,4,MAAMAMMA,39350,472200,1.3373154203097026,2.2972539265950522,2.3966841084616526,0.5388381201044387,0.22323759791122716,0.2195995077749189,1.0,0.0003,1.0,11596.250060796738
depth4_bal_MAAMAMMA,4,MAAMAMMA,39375,472500,1.1816010475158691,2.376460870107015,2.490752519880022,0.5492819843342036,0.23890339425587467,0.23033896408994295,1.0,0.0003,1.0,11604.700145721436
depth4_bal_MAAMAMMA,4,MAAMAMMA,39400,472800,1.0420144200325012,2.295142332712809,2.4059821469443183,0.5988903394255874,0.27284595300261094,0.2496923593243092,1.0,0.0003,1.0,11612.87505698204
depth4_bal_MAAMAMMA,4,MAAMAMMA,39425,473100,1.2092360357443492,2.349487543106079,2.5214470863342284,0.5580939947780679,0.24281984334203655,0.2334713055151583,1.0,0.0003,1.0,11621.050420284271
depth4_bal_MAAMAMMA,4,MAAMAMMA,39450,473400,1.073034663995107,2.1114485263824463,2.217831199509757,0.6403394255874674,0.2780678851174935,0.2737442666964985,1.0,0.0003,1.0,11629.348289966583
depth4_bal_MAAMAMMA,4,MAAMAMMA,39475,473700,1.0283557971318562,2.000384489695231,2.1629811355045865,0.6279373368146214,0.293733681462141,0.2882872804564269,1.0,0.0003,1.0,11637.219239234924
depth4_bal_MAAMAMMA,4,MAAMAMMA,39500,474000,1.2384486397107441,2.2258099714914956,2.432280949183873,0.558420365535248,0.26762402088772846,0.2539433941156729,1.0,0.0003,1.0,11644.732952356339
depth4_bal_MAAMAMMA,4,MAAMAMMA,39525,474300,0.9363301744063696,2.2250810464223227,2.3659934725080216,0.6351174934725848,0.283289817232376,0.28728045642689337,1.0,0.0003,1.0,11652.143097877502
depth4_bal_MAAMAMMA,4,MAAMAMMA,39550,474600,0.8712215969959894,2.1060801347096763,2.287453017915998,0.6765665796344648,0.29765013054830286,0.28918223514934555,1.0,0.0003,1.0,11655.321381568909
depth4_bal_MAAMAMMA,4,MAAMAMMA,39575,474900,1.1027978956699371,2.3857642809549966,2.4672782761710033,0.5936684073107049,0.24673629242819844,0.24667188723570868,1.0,0.0003,1.0,11663.13842844963
depth4_bal_MAAMAMMA,4,MAAMAMMA,39600,475200,1.0282349288463593,2.287564675013224,2.3846167973109655,0.6116187989556136,0.26240208877284593,0.2708356639445128,1.0,0.0003,1.0,11671.778847455978
depth4_bal_MAAMAMMA,4,MAAMAMMA,39625,475500,0.9738842149575552,2.249553600947062,2.3608593361718313,0.6236945169712794,0.26370757180156656,0.28549054704105603,1.0,0.0003,1.0,11679.31688785553
depth4_bal_MAAMAMMA,4,MAAMAMMA,39650,475800,1.2901191115379333,2.4275901317596436,2.54493499483381,0.5221932114882507,0.22193211488250653,0.23671551627698847,1.0,0.0003,1.0,11686.015890359879
depth4_bal_MAAMAMMA,4,MAAMAMMA,39675,476100,0.9881031364202499,2.240126291910807,2.361207866668701,0.6135770234986945,0.3002610966057441,0.279449602863855,1.0,0.0003,1.0,11690.631802797318
depth4_bal_MAAMAMMA,4,MAAMAMMA,39700,476400,1.0376748939355214,2.0739389260609946,2.2063041891370503,0.6054177545691906,0.26370757180156656,0.278107170824477,1.0,0.0003,1.0,11698.802234172821
depth4_bal_MAAMAMMA,4,MAAMAMMA,39725,476700,1.6509839097658794,2.384913603464762,2.4585895129612516,0.4474543080939948,0.24934725848563968,0.24566506320617518,1.0,0.0003,1.0,11706.814170360565
depth4_bal_MAAMAMMA,4,MAAMAMMA,39750,477000,1.2717675467332203,2.6041296323140464,2.8016957010541645,0.5267624020887729,0.2154046997389034,0.2057277100346795,1.0,0.0003,1.0,11714.552158355713
depth4_bal_MAAMAMMA,4,MAAMAMMA,39775,477300,0.9863050580024719,1.9890185594558716,2.148009296825954,0.6387075718015666,0.2845953002610966,0.3074169370175635,1.0,0.0003,1.0,11722.436140298843
depth4_bal_MAAMAMMA,4,MAAMAMMA,39800,477600,1.2332693835099537,2.043906490008036,2.1606655904224943,0.5407963446475196,0.2754569190600522,0.2684864078756013,1.0,0.0003,1.0,11730.584273576736
depth4_bal_MAAMAMMA,4,MAAMAMMA,39825,477900,0.9472127010424932,1.9243522882461548,2.0540824583598547,0.6328328981723238,0.30678851174934724,0.31513592124398704,1.0,0.0003,1.0,11738.689442157745
depth4_bal_MAAMAMMA,4,MAAMAMMA,39850,478200,0.9254881491263708,1.9515936772028606,2.126126139504569,0.6449086161879896,0.3302872062663185,0.311779841145542,1.0,0.0003,1.0,11746.813547611237
depth4_bal_MAAMAMMA,4,MAAMAMMA,39875,478500,1.0382085293531418,2.2135310967763266,2.3436281204223635,0.5988903394255874,0.2950391644908616,0.2674795838460678,1.0,0.0003,1.0,11754.983502864838
depth4_bal_MAAMAMMA,4,MAAMAMMA,39900,478800,1.4720755219459534,2.605553070704142,2.769673476900373,0.46050913838120106,0.1919060052219321,0.1740686877726815,1.0,0.0003,1.0,11763.128904819489
depth4_bal_MAAMAMMA,4,MAAMAMMA,39925,479100,0.9076197594404221,2.0603171984354653,2.195887793813433,0.6550261096605744,0.2859007832898172,0.284148115001678,1.0,0.0003,1.0,11771.390185594559
depth4_bal_MAAMAMMA,4,MAAMAMMA,39950,479400,1.175011416276296,2.137157440185547,2.327288351740156,0.5469973890339426,0.2780678851174935,0.2519297460566059,1.0,0.0003,1.0,11779.250128269196
depth4_bal_MAAMAMMA,4,MAAMAMMA,39975,479700,1.492873301108678,2.0928707917531333,2.2583410944257465,0.46866840731070497,0.2519582245430809,0.23458999888130663,1.0,0.0003,1.0,11787.436435461044
depth4_bal_MAAMAMMA,4,MAAMAMMA,40000,480000,1.0375132312377293,2.1818477312723794,2.268546533584595,0.6305483028720626,0.283289817232376,0.27061192527128314,1.0,0.0003,1.0,11795.391243934631
depth4_bal_MAAMAMMA,4,MAAMAMMA,40025,480300,0.9795981794595718,2.1732065677642822,2.3297785009656633,0.6197780678851175,0.3002610966057441,0.2744154827161875,1.0,0.0003,1.0,11803.71313381195
depth4_bal_MAAMAMMA,4,MAAMAMMA,40050,480600,1.6601764460404713,2.725818951924642,2.67651857648577,0.40567885117493474,0.17101827676240208,0.1984562031547153,1.0,0.0003,1.0,11811.484774112701
depth4_bal_MAAMAMMA,4,MAAMAMMA,40075,480900,1.1222760478655498,2.4364169438680015,2.6835914748055596,0.5828981723237598,0.27023498694516973,0.24398702315695267,1.0,0.0003,1.0,11816.372386693954
depth4_bal_MAAMAMMA,4,MAAMAMMA,40100,481200,1.4353213608264923,2.440338452657064,2.518019730704171,0.5287206266318538,0.27154046997389036,0.2559570421747399,1.0,0.0003,1.0,11819.828158855438
depth4_bal_MAAMAMMA,4,MAAMAMMA,40125,481500,1.1860648492972057,2.1832966804504395,2.2902017933981758,0.5718015665796344,0.2859007832898172,0.2764291307752545,1.0,0.0003,1.0,11828.097941875458
depth4_bal_MAAMAMMA,4,MAAMAMMA,40150,481800,1.1508530924717586,2.3726329803466797,2.49105418069022,0.5704960835509139,0.26370757180156656,0.26210985568855577,1.0,0.0003,1.0,11835.563714027405
depth4_bal_MAAMAMMA,4,MAAMAMMA,40175,482100,0.8893389751513799,1.9147136211395264,2.0429079464503697,0.6837467362924282,0.30678851174934724,0.302382816869896,1.0,0.0003,1.0,11843.79470539093
depth4_bal_MAAMAMMA,4,MAAMAMMA,40200,482400,0.9922585586706797,2.1343117554982505,2.205685227257865,0.6276109660574413,0.29112271540469975,0.2659134131334601,1.0,0.0003,1.0,11852.07898736
depth4_bal_MAAMAMMA,4,MAAMAMMA,40225,482700,1.120863785346349,2.0585203965504966,2.292440278189523,0.5773498694516971,0.3133159268929504,0.2681507998657568,1.0,0.0003,1.0,11860.303411483765
depth4_bal_MAAMAMMA,4,MAAMAMMA,40250,483000,0.7393826047579447,2.059221625328064,2.25045850276947,0.7193211488250653,0.3224543080939948,0.3086474997203267,1.0,0.0003,1.0,11868.262620687485
depth4_bal_MAAMAMMA,4,MAAMAMMA,40275,483300,1.3638221621513367,2.634209076563517,2.748632860183716,0.5140339425587467,0.2193211488250653,0.21657903568631837,1.0,0.0003,1.0,11876.409774303436
depth4_bal_MAAMAMMA,4,MAAMAMMA,40300,483600,1.094899798432986,1.9988949696222942,2.0961752687181745,0.5998694516971279,0.25326370757180156,0.27262557333035015,1.0,0.0003,1.0,11884.59546136856
depth4_bal_MAAMAMMA,4,MAAMAMMA,40325,483900,1.3466874559720357,2.52754537264506,2.6750057288578577,0.5088120104438643,0.20887728459530025,0.22541671327889026,1.0,0.0003,1.0,11893.088384866714
depth4_bal_MAAMAMMA,4,MAAMAMMA,40350,484200,1.330880622069041,2.1368422508239746,2.32681416784014,0.5339425587467362,0.29112271540469975,0.2665846291531491,1.0,0.0003,1.0,11902.258384227753
depth4_bal_MAAMAMMA,4,MAAMAMMA,40375,484500,0.8804496824741364,1.9592961470286052,2.1367214134761263,0.6511096605744126,0.31723237597911225,0.304396464928963,1.0,0.0003,1.0,11910.557087659836
depth4_bal_MAAMAMMA,4,MAAMAMMA,40400,484800,0.9660304387410482,2.171035051345825,2.3170877082007273,0.6498041775456919,0.27023498694516973,0.27698847745832866,1.0,0.0003,1.0,11917.071454048157
depth4_bal_MAAMAMMA,4,MAAMAMMA,40425,485100,1.2157504459222157,2.095623334248861,2.278910449572972,0.5505874673629243,0.2950391644908616,0.26334041839131894,1.0,0.0003,1.0,11925.261902093887
depth4_bal_MAAMAMMA,4,MAAMAMMA,40450,485400,1.9637515048185985,2.4933506647745767,2.4667628696986608,0.35052219321148825,0.18407310704960836,0.19129656561136593,1.0,0.0003,1.0,11932.97005534172
depth4_bal_MAAMAMMA,4,MAAMAMMA,40475,485700,1.1550450523694356,2.128451347351074,2.2936986582619805,0.5489556135770235,0.2506527415143603,0.24879740463139052,1.0,0.0003,1.0,11941.742186307907
depth4_bal_MAAMAMMA,4,MAAMAMMA,40500,486000,1.0746244390805562,2.1132709980010986,2.251034324509757,0.5890992167101827,0.26109660574412535,0.2651303277771563,1.0,0.0003,1.0,11949.805614471436
depth4_bal_MAAMAMMA,4,MAAMAMMA,40525,486300,0.8600218892097473,2.0165027379989624,2.1913457495825632,0.6902741514360313,0.3289817232375979,0.30652198232464484,1.0,0.0003,1.0,11957.89692568779
depth4_bal_MAAMAMMA,4,MAAMAMMA,40550,486600,1.1273074944814045,2.0562426249186196,2.2108222348349433,0.5538511749347258,0.2924281984334204,0.27754782414140283,1.0,0.0003,1.0,11965.837070703506
depth4_bal_MAAMAMMA,4,MAAMAMMA,40575,486900,1.1568435728549957,2.000753482182821,2.118212733949934,0.5626631853785901,0.27676240208877284,0.28493120035798186,1.0,0.0003,1.0,11973.945306301117
depth4_bal_MAAMAMMA,4,MAAMAMMA,40600,487200,1.060943325360616,2.326035420099894,2.4431039810180666,0.5936684073107049,0.2597911227154047,0.242420852444345,1.0,0.0003,1.0,11982.120695352554
depth4_bal_MAAMAMMA,4,MAAMAMMA,40625,487500,1.2205978234608967,2.0785454909006753,2.17010977268219,0.533289817232376,0.2584856396866841,0.2711712719543573,1.0,0.0003,1.0,11990.288131952286
depth4_bal_MAAMAMMA,4,MAAMAMMA,40650,487800,0.999425008893013,2.029341538747152,2.1485900129590716,0.6285900783289817,0.2885117493472585,0.2877279337733527,1.0,0.0003,1.0,11998.415354251862
depth4_bal_MAAMAMMA,4,MAAMAMMA,40675,488100,1.0307202239831288,1.9691731532414753,2.0595802204949516,0.6145561357702349,0.2859007832898172,0.30361337957265916,1.0,0.0003,1.0,12006.378466844559
depth4_bal_MAAMAMMA,4,MAAMAMMA,40700,488400,2.703606605529785,3.0943760871887207,3.123127542223249,0.28035248041775457,0.14882506527415143,0.13961293209531267,1.0,0.0003,1.0,12014.570684194565
depth4_bal_MAAMAMMA,4,MAAMAMMA,40725,488700,1.524188329776128,2.088895003000895,2.190903288977487,0.466710182767624,0.24412532637075718,0.24857366595816086,1.0,0.0003,1.0,12022.750841379166
depth4_bal_MAAMAMMA,4,MAAMAMMA,40750,489000,0.940776988863945,1.9119017124176025,2.062404455457415,0.652088772845953,0.31462140992167104,0.30887123839355635,1.0,0.0003,1.0,12030.67478632927
depth4_bal_MAAMAMMA,4,MAAMAMMA,40775,489300,0.90324667096138,1.850511948267619,1.9858160836356027,0.6710182767624021,0.33550913838120106,0.32878398031099676,1.0,0.0003,1.0,12038.90875673294
depth4_bal_MAAMAMMA,4,MAAMAMMA,40800,489600,0.8522588312625885,1.9399974346160889,2.0889181682041715,0.6932114882506527,0.31070496083550914,0.3109967557892382,1.0,0.0003,1.0,12047.03601193428
depth4_bal_MAAMAMMA,4,MAAMAMMA,40825,489900,1.0806496491034825,1.9596051772435505,2.116707682609558,0.5734334203655352,0.3028720626631854,0.28481933102136703,1.0,0.0003,1.0,12055.191146373749
depth4_bal_MAAMAMMA,4,MAAMAMMA,40850,490200,0.8560782372951508,1.9241549571355183,2.080779443468366,0.6671018276762402,0.3394255874673629,0.3222955587873364,1.0,0.0003,1.0,12063.45783996582
depth4_bal_MAAMAMMA,4,MAAMAMMA,40875,490500,0.9391728490591049,2.171376943588257,2.342564194543021,0.6201044386422977,0.2885117493472585,0.272066226647276,1.0,0.0003,1.0,12071.239135980606
depth4_bal_MAAMAMMA,4,MAAMAMMA,40900,490800,0.8446421424547831,1.939756989479065,2.1007238354001725,0.681135770234987,0.3328981723237598,0.32442107618301824,1.0,0.0003,1.0,12079.362051486969
depth4_bal_MAAMAMMA,4,MAAMAMMA,40925,491100,0.845947265625,1.9273169835408528,2.0897531373160225,0.6671018276762402,0.3328981723237598,0.33795726591341313,1.0,0.0003,1.0,12087.398984193802
depth4_bal_MAAMAMMA,4,MAAMAMMA,40950,491400,0.8473387310902277,1.9516125122706096,2.1337574754442485,0.6817885117493473,0.3185378590078329,0.3087593690569415,1.0,0.0003,1.0,12095.659103631973
depth4_bal_MAAMAMMA,4,MAAMAMMA,40975,491700,0.8669355909029642,2.474411646525065,2.6139351776668005,0.6746083550913838,0.2506527415143603,0.27038818659805347,1.0,0.0003,1.0,12103.853066682816
depth4_bal_MAAMAMMA,4,MAAMAMMA,41000,492000,0.8598282088836035,2.0474972327550254,2.196669394629342,0.6795039164490861,0.3028720626631854,0.31614274527352054,1.0,0.0003,1.0,12112.015389680862
depth4_bal_MAAMAMMA,4,MAAMAMMA,41025,492300,0.8949499328931173,2.122476100921631,2.315055738176618,0.6527415143603134,0.2689295039164491,0.2655778051236156,1.0,0.0003,1.0,12119.922576665878
depth4_bal_MAAMAMMA,4,MAAMAMMA,41050,492600,1.1212195257345836,2.238383134206136,2.395572192328317,0.5554830287206266,0.2454308093994778,0.25338404743259874,1.0,0.0003,1.0,12128.159702062607
depth4_bal_MAAMAMMA,4,MAAMAMMA,41075,492900,1.2514493664105732,2.565089464187622,2.6963718823024205,0.5704960835509139,0.25718015665796345,0.24230898310773016,1.0,0.0003,1.0,12137.069993257523
depth4_bal_MAAMAMMA,4,MAAMAMMA,41100,493200,0.8413573900858561,2.1664318243662515,2.334417418071202,0.6785248041775457,0.29765013054830286,0.29813178207853225,1.0,0.0003,1.0,12144.338429927826
depth4_bal_MAAMAMMA,4,MAAMAMMA,41125,493500,0.9130957325299581,2.04482901096344,2.194476614679609,0.6602480417754569,0.3093994778067885,0.29410448596039823,1.0,0.0003,1.0,12152.501500844955
depth4_bal_MAAMAMMA,4,MAAMAMMA,41150,493800,0.8835950096448263,1.8797247409820557,2.0353658642087664,0.6752610966057441,0.34464751958224543,0.32744154827161875,1.0,0.0003,1.0,12160.578707933426
depth4_bal_MAAMAMMA,4,MAAMAMMA,41175,494100,1.2572006185849507,2.126701911290487,2.3781068597521102,0.5313315926892951,0.26240208877284593,0.2559570421747399,1.0,0.0003,1.0,12168.529920339584
depth4_bal_MAAMAMMA,4,MAAMAMMA,41200,494400,1.0444308519363403,2.222599744796753,2.359908172062465,0.5881201044386423,0.283289817232376,0.275422306745721,1.0,0.0003,1.0,12176.669900655746
depth4_bal_MAAMAMMA,4,MAAMAMMA,41225,494700,1.2124902705351512,2.031662901242574,2.3237129279545377,0.5593994778067886,0.3224543080939948,0.3031659022261998,1.0,0.0003,1.0,12184.434896469116
depth4_bal_MAAMAMMA,4,MAAMAMMA,41250,495000,1.2770380477110546,2.550581614176432,2.7607614312853133,0.5398172323759791,0.22715404699738903,0.2231793265465936,1.0,0.0003,1.0,12192.50280547142
depth4_bal_MAAMAMMA,4,MAAMAMMA,41275,495300,1.371371587117513,2.9128087361653647,3.187838840484619,0.5319843342036553,0.19321148825065274,0.1948763843830406,1.0,0.0003,1.0,12200.405169487
depth4_bal_MAAMAMMA,4,MAAMAMMA,41300,495600,0.9217208623886108,1.9873503843943279,2.1880275419780184,0.6341383812010444,0.30548302872062666,0.30954245441324535,1.0,0.0003,1.0,12208.234950780869
depth4_bal_MAAMAMMA,4,MAAMAMMA,41325,495900,0.8285622696081797,1.934886376063029,2.091204707963126,0.6964751958224543,0.32506527415143605,0.3263228549054704,1.0,0.0003,1.0,12216.430372714996
depth4_bal_MAAMAMMA,4,MAAMAMMA,41350,496200,1.072018414735794,1.9359349012374878,2.071647766658238,0.616514360313316,0.2924281984334204,0.3028302942163553,1.0,0.0003,1.0,12224.6039249897
depth4_bal_MAAMAMMA,4,MAAMAMMA,41375,496500,1.131520022948583,1.9678407907485962,2.1100400175367082,0.568864229765013,0.2950391644908616,0.28918223514934555,1.0,0.0003,1.0,12232.585523843765
depth4_bal_MAAMAMMA,4,MAAMAMMA,41400,496800,1.277838220198949,2.193751414616903,2.3974621636526927,0.5153394255874674,0.2519582245430809,0.24734310325539768,1.0,0.0003,1.0,12240.395220041275
depth4_bal_MAAMAMMA,4,MAAMAMMA,41425,497100,1.1942229121923447,1.9970226685206096,2.172100850514003,0.535574412532637,0.2898172323759791,0.2737442666964985,1.0,0.0003,1.0,12248.671607971191
depth4_bal_MAAMAMMA,4,MAAMAMMA,41450,497400,0.8413029412428538,1.963792125384013,2.0989632844924926,0.6592689295039165,0.3524804177545692,0.3425439087146213,1.0,0.0003,1.0,12256.819040060043
depth4_bal_MAAMAMMA,4,MAAMAMMA,41475,497700,0.8137417187293371,1.8708735704421997,2.0101124797548566,0.7098563968668408,0.3328981723237598,0.33046202036021927,1.0,0.0003,1.0,12264.889642000198
depth4_bal_MAAMAMMA,4,MAAMAMMA,41500,498000,1.1733500411113102,2.2520031929016113,2.4215402330671036,0.5476501305483029,0.2545691906005222,0.2556214341648954,1.0,0.0003,1.0,12272.940697908401
depth4_bal_MAAMAMMA,4,MAAMAMMA,41525,498300,0.9648112207651138,2.1561047236124673,2.3427958079746793,0.6158616187989556,0.24934725848563968,0.2571876048775031,1.0,0.0003,1.0,12281.133449316025
depth4_bal_MAAMAMMA,4,MAAMAMMA,41550,498600,1.1406605939070384,1.8852630853652954,1.989155830655779,0.5616840731070496,0.2950391644908616,0.30954245441324535,1.0,0.0003,1.0,12289.245421886444
depth4_bal_MAAMAMMA,4,MAAMAMMA,41575,498900,1.0683239847421646,2.007834037144979,2.156185950551714,0.5864882506527415,0.2597911227154047,0.277435954804788,1.0,0.0003,1.0,12297.375351905823
depth4_bal_MAAMAMMA,4,MAAMAMMA,41600,499200,1.0347967843214672,1.9418386618296306,2.0339496306010654,0.6011749347258486,0.2924281984334204,0.3094305850766305,1.0,0.0003,1.0,12305.675061941147
depth4_bal_MAAMAMMA,4,MAAMAMMA,41625,499500,0.9281794975201288,1.9114866654078166,2.128489429610116,0.6360966057441253,0.3224543080939948,0.30652198232464484,1.0,0.0003,1.0,12313.58476138115
depth4_bal_MAAMAMMA,4,MAAMAMMA,41650,499800,0.9798324704170227,1.8669177293777466,1.9588259424482073,0.6220626631853786,0.3185378590078329,0.3358317485177313,1.0,0.0003,1.0,12321.951141834259
depth4_bal_MAAMAMMA,4,MAAMAMMA,41675,500100,0.7526733527580897,1.7249705791473389,1.9039832421711513,0.7212793733681462,0.3733681462140992,0.3596599172166909,1.0,0.0003,1.0,12329.95904135704
depth4_bal_MAAMAMMA,4,MAAMAMMA,41700,500400,0.8120420227448145,2.1398606300354004,2.2245672225952147,0.6919060052219321,0.304177545691906,0.3109967557892382,1.0,0.0003,1.0,12338.210132837296
depth4_bal_MAAMAMMA,4,MAAMAMMA,41725,500700,0.9460598280032476,2.391129732131958,2.625100530896868,0.652088772845953,0.2885117493472585,0.2853786777044412,1.0,0.0003,1.0,12346.277931690216
depth4_bal_MAAMAMMA,4,MAAMAMMA,41750,501000,1.5417766571044922,2.4293251037597656,2.536838218144008,0.4830287206266319,0.23368146214099217,0.23257635082223962,1.0,0.0003,1.0,12353.920105218887
depth4_bal_MAAMAMMA,4,MAAMAMMA,41775,501300,0.7635486225287119,1.8377012014389038,1.9219453811645508,0.7251958224543081,0.34856396866840733,0.34657120483275533,1.0,0.0003,1.0,12362.000980615616
depth4_bal_MAAMAMMA,4,MAAMAMMA,41800,501600,0.9501622666915258,1.8822226126988728,1.9918923480170114,0.6285900783289817,0.32506527415143605,0.32140060409441773,1.0,0.0003,1.0,12370.17000412941
depth4_bal_MAAMAMMA,4,MAAMAMMA,41825,501900,0.9169624348481497,1.991012414296468,2.101413314683097,0.6426240208877284,0.2963446475195822,0.2965656113659246,1.0,0.0003,1.0,12378.327079296112
depth4_bal_MAAMAMMA,4,MAAMAMMA,41850,502200,1.0316623349984486,1.9318819046020508,2.049715954916818,0.6560052219321149,0.31070496083550914,0.3086474997203267,1.0,0.0003,1.0,12385.943908691406
depth4_bal_MAAMAMMA,4,MAAMAMMA,41875,502500,0.8290172219276428,1.7864551544189453,1.9538397482463292,0.6840731070496083,0.34856396866840733,0.3405302606555543,1.0,0.0003,1.0,12392.623351573944
depth4_bal_MAAMAMMA,4,MAAMAMMA,41900,502800,0.8260917166868845,2.0007846355438232,2.141828169141497,0.7016971279373369,0.29112271540469975,0.29746056605884325,1.0,0.0003,1.0,12400.711573839188
depth4_bal_MAAMAMMA,4,MAAMAMMA,41925,503100,0.9712233543395996,1.9548341035842896,2.1917541197368076,0.6357702349869452,0.3185378590078329,0.3040608569191185,1.0,0.0003,1.0,12408.810381412506
depth4_bal_MAAMAMMA,4,MAAMAMMA,41950,503400,0.8006339420874914,1.978256622950236,2.1460366283144268,0.6866840731070496,0.30809399477806787,0.3106611477793937,1.0,0.0003,1.0,12416.990807533264
depth4_bal_MAAMAMMA,4,MAAMAMMA,41975,503700,2.111690938472748,2.5715766747792563,2.5486546039581297,0.30842036553524804,0.13577023498694518,0.15762389529030094,1.0,0.0003,1.0,12425.128993034363
depth4_bal_MAAMAMMA,4,MAAMAMMA,42000,504000,1.625642329454422,2.5250631173451743,2.5935174328940254,0.40926892950391647,0.17754569190600522,0.16400044747734646,1.0,0.0003,1.0,12433.23808646202
depth4_bal_MAAMAMMA,4,MAAMAMMA,42025,504300,1.4960052371025085,2.340247869491577,2.343190656389509,0.4383159268929504,0.21671018276762402,0.21915203042845957,1.0,0.0003,1.0,12441.5132958889
depth4_bal_MAAMAMMA,4,MAAMAMMA,42050,504600,1.461486240228017,2.1954096953074136,2.1763577120644704,0.47389033942558745,0.21671018276762402,0.23022709475332812,1.0,0.0003,1.0,12449.35732960701
depth4_bal_MAAMAMMA,4,MAAMAMMA,42075,504900,1.3648356993993123,2.097525676091512,2.117517713138035,0.4781331592689295,0.2793733681462141,0.2556214341648954,1.0,0.0003,1.0,12457.450951337814
depth4_bal_MAAMAMMA,4,MAAMAMMA,42100,505200,1.3597169816493988,2.1390878359476724,2.1533641236168997,0.4758485639686684,0.22845953002610966,0.23671551627698847,1.0,0.0003,1.0,12465.442551851273
depth4_bal_MAAMAMMA,4,MAAMAMMA,42125,505500,1.1423767159382503,2.0022389888763428,2.034240085738046,0.5642950391644909,0.2819843342036554,0.28694484841704887,1.0,0.0003,1.0,12472.631809711456
depth4_bal_MAAMAMMA,4,MAAMAMMA,42150,505800,1.634232372045517,2.4189538955688477,2.476655183519636,0.41808093994778067,0.23368146214099217,0.20002237386732297,1.0,0.0003,1.0,12477.710624456406
depth4_bal_MAAMAMMA,4,MAAMAMMA,42175,506100,1.5841567516326904,2.403251568476359,2.522517272404262,0.43962140992167104,0.20757180156657964,0.19297460566058844,1.0,0.0003,1.0,12484.215554475784
depth4_bal_MAAMAMMA,4,MAAMAMMA,42200,506400,1.3546095192432404,2.0804757277170816,2.119112546103341,0.4993472584856397,0.2584856396866841,0.2571876048775031,1.0,0.0003,1.0,12492.329200029373
depth4_bal_MAAMAMMA,4,MAAMAMMA,42225,506700,1.366602788368861,2.0530996322631836,2.0919813326426913,0.5075065274151436,0.27284595300261094,0.2532721780959839,1.0,0.0003,1.0,12500.78632569313
depth4_bal_MAAMAMMA,4,MAAMAMMA,42250,507000,1.3260695040225983,1.9376789728800456,2.00660606111799,0.5075065274151436,0.2402088772845953,0.24767871126524219,1.0,0.0003,1.0,12507.994956970215
depth4_bal_MAAMAMMA,4,MAAMAMMA,42275,507300,1.1255343059698741,1.796125332514445,1.8362956217357091,0.5545039164490861,0.32114882506527415,0.31480031323414254,1.0,0.0003,1.0,12515.866874456406
depth4_bal_MAAMAMMA,4,MAAMAMMA,42300,507600,1.0733726421991985,1.797714352607727,1.8967069183077132,0.5776762402088773,0.3093994778067885,0.29376887795055373,1.0,0.0003,1.0,12520.26085138321
depth4_bal_MAAMAMMA,4,MAAMAMMA,42325,507900,1.2145438989003499,2.0543130238850913,2.079758105959211,0.5267624020887729,0.23237597911227154,0.25439087146213224,1.0,0.0003,1.0,12523.321626663208
depth4_bal_MAAMAMMA,4,MAAMAMMA,42350,508200,1.1499499181906383,1.969930648803711,2.015915152004787,0.5440600522193212,0.27284595300261094,0.27765969347801767,1.0,0.0003,1.0,12526.487654685974
depth4_bal_MAAMAMMA,4,MAAMAMMA,42375,508500,1.0408708850542705,1.8272993961970012,1.8409065621239797,0.6184725848563969,0.3263707571801567,0.3136816198679942,1.0,0.0003,1.0,12529.574722290039
depth4_bal_MAAMAMMA,4,MAAMAMMA,42400,508800,1.1306797365347545,2.0385159254074097,2.119169477054051,0.558420365535248,0.26370757180156656,0.2559570421747399,1.0,0.0003,1.0,12532.648000478745
depth4_bal_MAAMAMMA,4,MAAMAMMA,42425,509100,1.1001811474561691,2.057088772455851,2.039509916305542,0.5662532637075718,0.2741514360313316,0.26826266920237163,1.0,0.0003,1.0,12535.718927145004
depth4_bal_MAAMAMMA,4,MAAMAMMA,42450,509400,1.42788964509964,1.8797930876413982,1.9108926057815552,0.4539817232375979,0.27023498694516973,0.26468285043069695,1.0,0.0003,1.0,12540.512079238892
depth4_bal_MAAMAMMA,4,MAAMAMMA,42475,509700,1.1902867952982585,2.2070324420928955,2.170388351167951,0.5453655352480418,0.22193211488250653,0.24331580713726367,1.0,0.0003,1.0,12548.676082611084
depth4_bal_MAAMAMMA,4,MAAMAMMA,42500,510000,1.517515242099762,2.063549598058065,2.0168961252485005,0.4654046997389034,0.2754569190600522,0.26893388522206063,1.0,0.0003,1.0,12556.407243013382
depth4_bal_MAAMAMMA,4,MAAMAMMA,42525,510300,1.272510329882304,2.3259859879811606,2.3684661660875594,0.5130548302872062,0.2650130548302872,0.24711936458216802,1.0,0.0003,1.0,12564.242999792099
depth4_bal_MAAMAMMA,4,MAAMAMMA,42550,510600,1.205294410387675,2.0312167406082153,2.1404907771519253,0.5267624020887729,0.2859007832898172,0.2503635753439982,1.0,0.0003,1.0,12572.501425266266
depth4_bal_MAAMAMMA,4,MAAMAMMA,42575,510900,1.454542467991511,2.2260762055714927,2.2149394239698137,0.4585509138381201,0.22845953002610966,0.2354849535742253,1.0,0.0003,1.0,12580.208432912827
depth4_bal_MAAMAMMA,4,MAAMAMMA,42600,511200,1.2220995823542278,2.0581441720326743,2.062203652518136,0.529373368146214,0.23759791122715404,0.27396800536972815,1.0,0.0003,1.0,12588.34497308731
depth4_bal_MAAMAMMA,4,MAAMAMMA,42625,511500,1.5550294021765392,2.283353567123413,2.309552764892578,0.43342036553524804,0.23368146214099217,0.23850542566282582,1.0,0.0003,1.0,12596.468198537827
depth4_bal_MAAMAMMA,4,MAAMAMMA,42650,511800,1.410889208316803,2.2356111208597818,2.2768016065870014,0.47976501305483027,0.2545691906005222,0.24454636984002684,1.0,0.0003,1.0,12604.464187145233
depth4_bal_MAAMAMMA,4,MAAMAMMA,42675,512100,1.433731456597646,2.0500800609588623,2.0689866849354335,0.483355091383812,0.2519582245430809,0.24320393780064883,1.0,0.0003,1.0,12612.46228146553
depth4_bal_MAAMAMMA,4,MAAMAMMA,42700,512400,1.1465365787347157,2.035565813382467,2.049302073887416,0.5616840731070496,0.26240208877284593,0.27296118134019465,1.0,0.0003,1.0,12620.530223608017
depth4_bal_MAAMAMMA,4,MAAMAMMA,42725,512700,1.2848432064056396,2.05798610051473,2.0522609778812955,0.5296997389033943,0.25718015665796345,0.2512585300369169,1.0,0.0003,1.0,12628.61331653595
depth4_bal_MAAMAMMA,4,MAAMAMMA,42750,513000,1.0463068336248398,1.8719699780146282,1.8763371978487287,0.6028067885117493,0.2793733681462141,0.305738896968341,1.0,0.0003,1.0,12635.229309797287
depth4_bal_MAAMAMMA,4,MAAMAMMA,42775,513300,1.2983833253383636,2.010014057159424,2.066504342215402,0.52088772845953,0.2898172323759791,0.26669649848976396,1.0,0.0003,1.0,12643.363925933838
depth4_bal_MAAMAMMA,4,MAAMAMMA,42800,513600,1.1336518029371898,2.164546807607015,2.1330690690449305,0.5525456919060052,0.24412532637075718,0.2522653540664504,1.0,0.0003,1.0,12651.211531162262
depth4_bal_MAAMAMMA,4,MAAMAMMA,42825,513900,1.1881283620993297,1.903382380803426,1.9742855957576206,0.5336161879895561,0.2780678851174935,0.2850430696945967,1.0,0.0003,1.0,12654.338627576828
depth4_bal_MAAMAMMA,4,MAAMAMMA,42850,514200,1.3252296845118205,1.9764169057210286,2.0353244951793124,0.4993472584856397,0.27023498694516973,0.23403065219823246,1.0,0.0003,1.0,12657.352877616882
depth4_bal_MAAMAMMA,4,MAAMAMMA,42875,514500,1.116221119960149,2.061191201210022,2.064380305153983,0.5656005221932114,0.2597911227154047,0.26132677033225193,1.0,0.0003,1.0,12661.364176034927
depth4_bal_MAAMAMMA,4,MAAMAMMA,42900,514800,1.2147099475065868,2.2116533120473227,2.2030552046639578,0.5234986945169713,0.23368146214099217,0.2503635753439982,1.0,0.0003,1.0,12669.578493833542
depth4_bal_MAAMAMMA,4,MAAMAMMA,42925,515100,1.2772437532742817,1.9804508686065674,1.9906788349151612,0.518603133159269,0.24934725848563968,0.2581944289070366,1.0,0.0003,1.0,12677.640475988388
depth4_bal_MAAMAMMA,4,MAAMAMMA,42950,515400,1.4231232106685638,2.258946736653646,2.324205800465175,0.47160574412532635,0.23759791122715404,0.22429801991274192,1.0,0.0003,1.0,12683.808022022247
depth4_bal_MAAMAMMA,4,MAAMAMMA,42975,515700,1.1703300972779591,1.872969349225362,1.9368757895060948,0.5407963446475196,0.2885117493472585,0.27765969347801767,1.0,0.0003,1.0,12686.825208425522
depth4_bal_MAAMAMMA,4,MAAMAMMA,43000,516000,0.9848482310771942,1.7750536600748699,1.8134188652038574,0.6347911227154047,0.34856396866840733,0.33337062311220494,1.0,0.0003,1.0,12689.993548870087
depth4_bal_MAAMAMMA,4,MAAMAMMA,43025,516300,1.6146813134352367,2.145123243331909,2.1660656213760374,0.4813968668407311,0.2402088772845953,0.23526121490099564,1.0,0.0003,1.0,12697.565208435059
depth4_bal_MAAMAMMA,4,MAAMAMMA,43050,516600,1.4004154404004414,2.0724759896596274,2.1040103537695747,0.46736292428198434,0.24281984334203655,0.240407204385278,1.0,0.0003,1.0,12705.613910198212
depth4_bal_MAAMAMMA,4,MAAMAMMA,43075,516900,1.6717589795589447,2.292464256286621,2.324795239312308,0.39099216710182766,0.19843342036553524,0.20237162993623448,1.0,0.0003,1.0,12713.783201932907
depth4_bal_MAAMAMMA,4,MAAMAMMA,43100,517200,1.0511145045359929,1.9467720985412598,1.9673144578933717,0.5884464751958225,0.30678851174934724,0.3014878621769773,1.0,0.0003,1.0,12717.686962842941
depth4_bal_MAAMAMMA,4,MAAMAMMA,43125,517500,1.2127222418785095,1.9390630722045898,1.9677097014018468,0.5404699738903395,0.29112271540469975,0.30462020360219266,1.0,0.0003,1.0,12721.34931588173
depth4_bal_MAAMAMMA,4,MAAMAMMA,43150,517800,1.403340756893158,2.1781133810679116,2.195820913996015,0.5525456919060052,0.26109660574412535,0.25170600738337623,1.0,0.0003,1.0,12724.407817840576
depth4_bal_MAAMAMMA,4,MAAMAMMA,43175,518100,1.3704768220583599,2.255092223485311,2.262324973515102,0.49281984334203655,0.2297650130548303,0.22698288399149794,1.0,0.0003,1.0,12727.459368228912
depth4_bal_MAAMAMMA,4,MAAMAMMA,43200,518400,1.354161024093628,2.1809237003326416,2.2265063728605,0.5006527415143603,0.2349869451697128,0.22989148674348361,1.0,0.0003,1.0,12730.636685609818
depth4_bal_MAAMAMMA,4,MAAMAMMA,43225,518700,1.301441917816798,1.9096595843633015,1.954426053592137,0.5006527415143603,0.30809399477806787,0.2669202371629936,1.0,0.0003,1.0,12733.695629835129
depth4_bal_MAAMAMMA,4,MAAMAMMA,43250,519000,1.0460220227638881,1.8391246795654297,1.8381383589335851,0.5946475195822454,0.3185378590078329,0.3116679718089272,1.0,0.0003,1.0,12736.748233556747
depth4_bal_MAAMAMMA,4,MAAMAMMA,43275,519300,1.1825763881206512,1.8991710742314656,1.952510530608041,0.5313315926892951,0.29112271540469975,0.273408658686654,1.0,0.0003,1.0,12739.938664197922
depth4_bal_MAAMAMMA,4,MAAMAMMA,43300,519600,1.1476693550745647,1.9706855217615764,1.956902357510158,0.5434073107049608,0.2545691906005222,0.2793377335272402,1.0,0.0003,1.0,12746.124455690384
depth4_bal_MAAMAMMA,4,MAAMAMMA,43325,519900,1.1358823378880818,2.04910409450531,2.028046461514064,0.5639686684073107,0.2924281984334204,0.28716858709027854,1.0,0.0003,1.0,12754.276088476181
depth4_bal_MAAMAMMA,4,MAAMAMMA,43350,520200,1.2742305994033813,2.26668651898702,2.2747666767665318,0.5075065274151436,0.2454308093994778,0.23168139612932095,1.0,0.0003,1.0,12762.326619625092
depth4_bal_MAAMAMMA,4,MAAMAMMA,43375,520500,1.5715763966242473,2.6938302516937256,2.7259028230394637,0.42199738903394257,0.20496083550913838,0.19867994182794496,1.0,0.0003,1.0,12768.10268855095
depth4_bal_MAAMAMMA,4,MAAMAMMA,43400,520800,1.0479011585315068,1.8268060286839802,1.859938417162214,0.5907310704960835,0.33550913838120106,0.3197225640451952,1.0,0.0003,1.0,12775.884930849075
depth4_bal_MAAMAMMA,4,MAAMAMMA,43425,521100,1.108753631512324,2.0519073406855264,2.0412128618785315,0.5580939947780679,0.2780678851174935,0.25539769549166574,1.0,0.0003,1.0,12784.065394878387
depth4_bal_MAAMAMMA,4,MAAMAMMA,43450,521400,1.2056977252165477,2.074317534764608,2.0459236758095876,0.5215404699738904,0.2519582245430809,0.2637878957377783,1.0,0.0003,1.0,12792.122857570648
depth4_bal_MAAMAMMA,4,MAAMAMMA,43475,521700,1.2168599764506023,1.9761453866958618,1.9514973333903722,0.5192558746736292,0.27284595300261094,0.26859827721221613,1.0,0.0003,1.0,12800.571707487106
depth4_bal_MAAMAMMA,4,MAAMAMMA,43500,522000,0.9871048430601755,1.922036051750183,1.9504620620182582,0.6184725848563969,0.3563968668407311,0.31513592124398704,1.0,0.0003,1.0,12808.346584320068
depth4_bal_MAAMAMMA,4,MAAMAMMA,43525,522300,1.1538274784882863,1.919048269589742,1.9532592739377703,0.5545039164490861,0.304177545691906,0.28459559234813736,1.0,0.0003,1.0,12816.578113555908
depth4_bal_MAAMAMMA,4,MAAMAMMA,43550,522600,1.3835495213667552,2.096333662668864,2.0903593369892666,0.49902088772845954,0.2402088772845953,0.25976059961964426,1.0,0.0003,1.0,12821.459024190903
depth4_bal_MAAMAMMA,4,MAAMAMMA,43575,522900,1.4837640921274822,2.079301913579305,2.0927203280585154,0.4474543080939948,0.2297650130548303,0.23056270276317262,1.0,0.0003,1.0,12824.60571551323
depth4_bal_MAAMAMMA,4,MAAMAMMA,43600,523200,1.2654403448104858,1.9002123673756917,1.912031670979091,0.5345953002610966,0.27023498694516973,0.2828056829623,1.0,0.0003,1.0,12830.662031888962
depth4_bal_MAAMAMMA,4,MAAMAMMA,43625,523500,1.170045514901479,2.046226898829142,2.093752316066197,0.5577676240208878,0.24934725848563968,0.2536077861058284,1.0,0.0003,1.0,12838.87506389618
depth4_bal_MAAMAMMA,4,MAAMAMMA,43650,523800,0.9623236457506815,1.8997371594111125,1.8745538677488054,0.6158616187989556,0.31201044386422977,0.31983443338181006,1.0,0.0003,1.0,12847.146146059036
depth4_bal_MAAMAMMA,4,MAAMAMMA,43675,524100,0.9636315802733103,1.7898515860239665,1.8171334641320365,0.6279373368146214,0.34986945169712796,0.3286721109743819,1.0,0.0003,1.0,12855.223011255264
depth4_bal_MAAMAMMA,4,MAAMAMMA,43700,524400,1.7858250836531322,2.4082748889923096,2.46689099584307,0.4171018276762402,0.22845953002610966,0.20830070477682067,1.0,0.0003,1.0,12863.43946814537
depth4_bal_MAAMAMMA,4,MAAMAMMA,43725,524700,1.1191627581914265,1.9894630908966064,2.0432464259011405,0.5678851174934726,0.2558746736292428,0.27363239735988365,1.0,0.0003,1.0,12871.372210979462
depth4_bal_MAAMAMMA,4,MAAMAMMA,43750,525000,1.5326428810755413,2.262221574783325,2.3815325532640728,0.4810704960835509,0.2154046997389034,0.21546034232017003,1.0,0.0003,1.0,12879.292970895767
depth4_bal_MAAMAMMA,4,MAAMAMMA,43775,525300,1.315252681573232,2.124764839808146,2.0872885465621946,0.5081592689295039,0.2584856396866841,0.25204161539322073,1.0,0.0003,1.0,12884.703050136566
depth4_bal_MAAMAMMA,4,MAAMAMMA,43800,525600,1.9807022015253704,2.3608058293660483,2.4117983613695415,0.36553524804177545,0.21409921671018275,0.210761830182347,1.0,0.0003,1.0,12891.995683908463
depth4_bal_MAAMAMMA,4,MAAMAMMA,43825,525900,1.0456981807947159,1.8017349640528362,1.8531540325709752,0.5890992167101827,0.3276762402088773,0.30820002237386734,1.0,0.0003,1.0,12900.113907337189
depth4_bal_MAAMAMMA,4,MAAMAMMA,43850,526200,1.6845858097076416,2.2268316745758057,2.238324076788766,0.47780678851174935,0.21801566579634465,0.22966774807025395,1.0,0.0003,1.0,12908.368250608444
depth4_bal_MAAMAMMA,4,MAAMAMMA,43875,526500,1.3434321880340576,2.0540685653686523,2.107592351096017,0.5009791122715405,0.26109660574412535,0.26031994630271843,1.0,0.0003,1.0,12916.46617603302
depth4_bal_MAAMAMMA,4,MAAMAMMA,43900,526800,1.2131632665793102,1.949855128924052,2.012507881437029,0.5287206266318538,0.27676240208877284,0.26837453853898646,1.0,0.0003,1.0,12924.579575300217
depth4_bal_MAAMAMMA,4,MAAMAMMA,43925,527100,0.9724371085564295,1.8189073006312053,1.8386661767959596,0.6210835509138382,0.29765013054830286,0.31390535854122387,1.0,0.0003,1.0,12932.85725569725
depth4_bal_MAAMAMMA,4,MAAMAMMA,43950,527400,1.6637063423792522,2.0723129908243814,2.14365496976035,0.3936031331592689,0.22715404699738903,0.22977961740686878,1.0,0.0003,1.0,12940.94998049736
depth4_bal_MAAMAMMA,4,MAAMAMMA,43975,527700,1.123315155506134,1.8645793596903484,1.9105026858193535,0.5773498694516971,0.2950391644908616,0.28123951224969235,1.0,0.0003,1.0,12949.108083248138
depth4_bal_MAAMAMMA,4,MAAMAMMA,44000,528000,1.0955675393342972,1.8229465087254841,1.8916035856519426,0.5613577023498695,0.3093994778067885,0.30719319834433384,1.0,0.0003,1.0,12957.268005132675
depth4_bal_MAAMAMMA,4,MAAMAMMA,44025,528300,1.1794266005357106,1.992701252301534,1.9849797930036273,0.568864229765013,0.2898172323759791,0.28549054704105603,1.0,0.0003,1.0,12965.673265457153
depth4_bal_MAAMAMMA,4,MAAMAMMA,44050,528600,0.943452462553978,1.8305917978286743,1.8715533018112183,0.639686684073107,0.3328981723237598,0.32967893500391543,1.0,0.0003,1.0,12973.872042655945
depth4_bal_MAAMAMMA,4,MAAMAMMA,44075,528900,1.3928563197453816,2.066382964452108,2.0466142177581785,0.485313315926893,0.2859007832898172,0.27430361337957265,1.0,0.0003,1.0,12982.02753853798
depth4_bal_MAAMAMMA,4,MAAMAMMA,44100,529200,1.2511044939359028,2.3382091522216797,2.3537794998713903,0.5261096605744126,0.23759791122715404,0.23335943617854346,1.0,0.0003,1.0,12990.13616490364
depth4_bal_MAAMAMMA,4,MAAMAMMA,44125,529500,1.0489179193973541,1.8079144557317097,1.7629278898239136,0.5923629242819843,0.2963446475195822,0.3239735988365589,1.0,0.0003,1.0,12994.445981740952
depth4_bal_MAAMAMMA,4,MAAMAMMA,44150,529800,1.361327052116394,1.978543758392334,2.0158065795898437,0.5094647519582245,0.2741514360313316,0.2638997650743931,1.0,0.0003,1.0,12997.461391210556
depth4_bal_MAAMAMMA,4,MAAMAMMA,44175,530100,1.0247436116139095,1.8179324865341187,1.85376227583204,0.5802872062663186,0.3028720626631854,0.3074169370175635,1.0,0.0003,1.0,13001.36767911911
depth4_bal_MAAMAMMA,4,MAAMAMMA,44200,530400,0.9837728142738342,1.9203734397888184,1.8853380646024431,0.6080287206266318,0.2754569190600522,0.2969012193757691,1.0,0.0003,1.0,13004.388079881668
depth4_bal_MAAMAMMA,4,MAAMAMMA,44225,530700,1.684472958246867,2.6484866937001548,2.661296646935599,0.40176240208877284,0.18798955613577023,0.17776037588097102,1.0,0.0003,1.0,13007.508816719055
depth4_bal_MAAMAMMA,4,MAAMAMMA,44250,531000,1.0568394760290782,1.7535454432169597,1.7901982273374284,0.5711488250652742,0.3185378590078329,0.3140172278778387,1.0,0.0003,1.0,13010.541291713715
depth4_bal_MAAMAMMA,4,MAAMAMMA,44275,531300,0.833076482017835,1.6467076142628987,1.706147619656154,0.6935378590078329,0.3524804177545692,0.34343886340754,1.0,0.0003,1.0,13013.553538560867
depth4_bal_MAAMAMMA,4,MAAMAMMA,44300,531600,1.1032877763112385,1.723590572675069,1.7812182324273245,0.5678851174934726,0.3381201044386423,0.30719319834433384,1.0,0.0003,1.0,13016.675294399261
depth4_bal_MAAMAMMA,4,MAAMAMMA,44325,531900,0.8388747374216715,1.5451005299886067,1.6066322122301375,0.6785248041775457,0.4007832898172324,0.3688332028191073,1.0,0.0003,1.0,13022.480983495712
depth4_bal_MAAMAMMA,4,MAAMAMMA,44350,532200,1.0262716213862102,1.8696287870407104,1.905955447469439,0.6174934725848564,0.2924281984334204,0.29555878733639107,1.0,0.0003,1.0,13030.530969142914
depth4_bal_MAAMAMMA,4,MAAMAMMA,44375,532500,1.3972088992595673,2.2808635234832764,2.3013815334865027,0.4849869451697128,0.2506527415143603,0.2206063318044524,1.0,0.0003,1.0,13038.39544916153
depth4_bal_MAAMAMMA,4,MAAMAMMA,44400,532800,1.1449054876963298,1.7879388332366943,1.8789188487189157,0.560378590078329,0.3198433420365535,0.2910840138717977,1.0,0.0003,1.0,13046.671198129654
depth4_bal_MAAMAMMA,4,MAAMAMMA,44425,533100,0.9078220377365748,1.606115698814392,1.6450874396732875,0.6566579634464752,0.3394255874673629,0.353507103702875,1.0,0.0003,1.0,13054.81195807457
depth4_bal_MAAMAMMA,4,MAAMAMMA,44450,533400,1.1780245453119278,1.976397196451823,2.0130064589636665,0.5466710182767625,0.26240208877284593,0.2797852108736995,1.0,0.0003,1.0,13062.679566383362
depth4_bal_MAAMAMMA,4,MAAMAMMA,44475,533700,1.3720384041468303,2.201833883921305,2.066071217400687,0.5081592689295039,0.2506527415143603,0.26871014654883096,1.0,0.0003,1.0,13070.690355062485
depth4_bal_MAAMAMMA,4,MAAMAMMA,44500,534000,1.015268142024676,2.219024896621704,2.1647450310843332,0.6073759791122716,0.2545691906005222,0.2659134131334601,1.0,0.0003,1.0,13079.705798625946
depth4_bal_MAAMAMMA,4,MAAMAMMA,44525,534300,0.9392311175664266,1.7732867399851482,1.7738522154944283,0.6449086161879896,0.3185378590078329,0.3366148338740351,1.0,0.0003,1.0,13088.77820944786
depth4_bal_MAAMAMMA,4,MAAMAMMA,44550,534600,0.9077012886603674,1.7531291643778484,1.7639630385807583,0.6941906005221932,0.31723237597911225,0.31647835328336504,1.0,0.0003,1.0,13096.722449541092
depth4_bal_MAAMAMMA,4,MAAMAMMA,44575,534900,1.3709906836350758,2.427553653717041,2.3970109598977225,0.5218668407310705,0.2506527415143603,0.23872916433605548,1.0,0.0003,1.0,13104.604714393616
depth4_bal_MAAMAMMA,4,MAAMAMMA,44600,535200,1.401143103837967,2.05987278620402,2.204270396913801,0.5195822454308094,0.2597911227154047,0.2592012529365701,1.0,0.0003,1.0,13112.849684238434
depth4_bal_MAAMAMMA,4,MAAMAMMA,44625,535500,1.0294209122657776,1.9506199359893799,2.000342730113438,0.6142297650130548,0.24934725848563968,0.25573330350151025,1.0,0.0003,1.0,13120.697475910187
depth4_bal_MAAMAMMA,4,MAAMAMMA,44650,535800,0.7899560332298279,1.584088961283366,1.6334854330335344,0.6860313315926893,0.38642297650130547,0.37095872021478915,1.0,0.0003,1.0,13128.367567777634
depth4_bal_MAAMAMMA,4,MAAMAMMA,44675,536100,1.1395459572474163,1.9330393075942993,1.9465547902243479,0.5704960835509139,0.26762402088772846,0.2618861170153261,1.0,0.0003,1.0,13136.577669620514
depth4_bal_MAAMAMMA,4,MAAMAMMA,44700,536400,0.9920555849870046,1.762988805770874,1.8304422548839023,0.6171671018276762,0.3342036553524804,0.31088488645262335,1.0,0.0003,1.0,13144.719337463379
depth4_bal_MAAMAMMA,4,MAAMAMMA,44725,536700,1.1388443609078724,1.6565863688786824,1.7532414674758912,0.5597258485639687,0.3302872062663185,0.3153596599172167,1.0,0.0003,1.0,13152.778176784515
depth4_bal_MAAMAMMA,4,MAAMAMMA,44750,537000,0.9645396322011948,2.0376229286193848,2.125781944819859,0.6279373368146214,0.29112271540469975,0.283476898981989,1.0,0.0003,1.0,13160.886961460114
depth4_bal_MAAMAMMA,4,MAAMAMMA,44775,537300,0.9192227919896444,1.6758060057957966,1.7375649281910488,0.6449086161879896,0.34073107049608353,0.3325875377559011,1.0,0.0003,1.0,13169.09201002121
depth4_bal_MAAMAMMA,4,MAAMAMMA,44800,537600,0.871158649524053,1.8450947999954224,1.9221885238374983,0.6576370757180157,0.31462140992167104,0.30484394227542233,1.0,0.0003,1.0,13177.164465904236
depth4_bal_MAAMAMMA,4,MAAMAMMA,44825,537900,0.8468378086884817,1.5939510663350422,1.6356623308999199,0.66677545691906,0.3733681462140992,0.37397919230338966,1.0,0.0003,1.0,13184.898182630539
depth4_bal_MAAMAMMA,4,MAAMAMMA,44850,538200,0.9008898387352625,1.7567537625630696,1.8355456454413277,0.6494778067885117,0.3668407310704961,0.34064212999216914,1.0,0.0003,1.0,13192.937353610992
depth4_bal_MAAMAMMA,4,MAAMAMMA,44875,538500,0.9706305811802546,1.7601592938105266,1.7657756907599313,0.6240208877284595,0.3002610966057441,0.3190513480255062,1.0,0.0003,1.0,13201.189359903336
depth4_bal_MAAMAMMA,4,MAAMAMMA,44900,538800,0.8477974086999893,1.5870819489161174,1.602150661604745,0.7013707571801566,0.38511749347258484,0.3660364694037364,1.0,0.0003,1.0,13209.361858844757
depth4_bal_MAAMAMMA,4,MAAMAMMA,44925,539100,1.0407608201106389,2.1278677781422934,2.1733537673950196,0.5923629242819843,0.24934725848563968,0.2569638662042734,1.0,0.0003,1.0,13217.462744951248
depth4_bal_MAAMAMMA,4,MAAMAMMA,44950,539400,0.9851530839999517,2.015844742457072,2.161925782476153,0.6171671018276762,0.3328981723237598,0.2824700749524555,1.0,0.0003,1.0,13225.571527719498
depth4_bal_MAAMAMMA,4,MAAMAMMA,44975,539700,0.9432259301344553,1.624151388804118,1.6820050954818726,0.6527415143603134,0.3328981723237598,0.3464593354961405,1.0,0.0003,1.0,13233.584448337555
depth4_bal_MAAMAMMA,4,MAAMAMMA,45000,540000,1.0207615842421849,1.660932143529256,1.7069812672478812,0.5819190600522193,0.3472584856396867,0.33001454301375993,1.0,0.0003,1.0,13241.679200172424
depth4_bal_MAAMAMMA,4,MAAMAMMA,45025,540300,0.9472239762544632,1.5406663020451863,1.5835944175720216,0.6465404699738904,0.38511749347258484,0.36279225864190623,1.0,0.0003,1.0,13250.120965957642
depth4_bal_MAAMAMMA,4,MAAMAMMA,45050,540600,1.038264974951744,1.9076741536458333,1.93667939049857,0.5868146214099217,0.3002610966057441,0.29287392325763506,1.0,0.0003,1.0,13258.18023610115
depth4_bal_MAAMAMMA,4,MAAMAMMA,45075,540900,0.9201599359512329,1.7428325017293294,1.8023098400660924,0.6409921671018277,0.34073107049608353,0.3258753775590111,1.0,0.0003,1.0,13266.320369720459
depth4_bal_MAAMAMMA,4,MAAMAMMA,45100,541200,0.921032244960467,1.6838924090067546,1.7026861803872244,0.6452349869451697,0.3263707571801567,0.33829287392325763,1.0,0.0003,1.0,13274.459417104721
depth4_bal_MAAMAMMA,4,MAAMAMMA,45125,541500,1.0049897929032643,1.799576719601949,1.8562356437955583,0.5959530026109661,0.3133159268929504,0.2979080434053026,1.0,0.0003,1.0,13283.13398861885
depth4_bal_MAAMAMMA,4,MAAMAMMA,45150,541800,0.9100382526715597,2.128429889678955,2.147893169948033,0.6432767624020888,0.25718015665796345,0.2916433605548719,1.0,0.0003,1.0,13291.979689836502
depth4_bal_MAAMAMMA,4,MAAMAMMA,45175,542100,1.37228062748909,2.2190937201182046,2.201118036678859,0.5075065274151436,0.27154046997389036,0.26099116232240743,1.0,0.0003,1.0,13299.826918125153
depth4_bal_MAAMAMMA,4,MAAMAMMA,45200,542400,1.6985506415367126,2.157910108566284,2.177838032586234,0.4383159268929504,0.23759791122715404,0.23302382816869896,1.0,0.0003,1.0,13307.965602636337
depth4_bal_MAAMAMMA,4,MAAMAMMA,45225,542700,0.9536285996437073,1.7402414480845134,1.7676108019692558,0.6054177545691906,0.34595300261096606,0.3361673565275758,1.0,0.0003,1.0,13315.899534702301
depth4_bal_MAAMAMMA,4,MAAMAMMA,45250,543000,0.8826479564110438,1.9868192672729492,2.034416243008205,0.6589425587467362,0.31592689295039167,0.303725248909274,1.0,0.0003,1.0,13323.871398448944
depth4_bal_MAAMAMMA,4,MAAMAMMA,45275,543300,0.9386623005072275,1.6686960458755493,1.6607265370232718,0.633485639686684,0.34203655352480417,0.36122608792929856,1.0,0.0003,1.0,13331.928052663803
depth4_bal_MAAMAMMA,4,MAAMAMMA,45300,543600,1.4362219870090485,2.258308251698812,2.2340070111410957,0.48433420365535246,0.2362924281984334,0.24152589775142633,1.0,0.0003,1.0,13339.774372339249
depth4_bal_MAAMAMMA,4,MAAMAMMA,45325,543900,1.4478849271933238,2.04611337184906,2.0602005515779767,0.456266318537859,0.22845953002610966,0.23570869224745497,1.0,0.0003,1.0,13348.051126241684
depth4_bal_MAAMAMMA,4,MAAMAMMA,45350,544200,1.0071782767772675,1.761289914449056,1.8355501311165945,0.6207571801566579,0.31201044386422977,0.2903009285154939,1.0,0.0003,1.0,13356.231002807617
depth4_bal_MAAMAMMA,4,MAAMAMMA,45375,544500,1.0444391816854477,1.6114049752553303,1.665915652683803,0.5930156657963447,0.34986945169712796,0.33997091397248014,1.0,0.0003,1.0,13364.334055900574
depth4_bal_MAAMAMMA,4,MAAMAMMA,45400,544800,1.3184500833352406,1.759890874226888,1.8174716302326748,0.49738903394255873,0.2885117493472585,0.27463922138941715,1.0,0.0003,1.0,13373.00245308876
depth4_bal_MAAMAMMA,4,MAAMAMMA,45425,545100,1.0416152874628704,1.8297499815622966,1.8175776072910854,0.5613577023498695,0.293733681462141,0.3027184248797405,1.0,0.0003,1.0,13381.812724590302
depth4_bal_MAAMAMMA,4,MAAMAMMA,45450,545400,1.178009460369746,1.796899676322937,1.8358072212764196,0.5456919060052219,0.3537859007832898,0.3442219487638438,1.0,0.0003,1.0,13389.889708518982
depth4_bal_MAAMAMMA,4,MAAMAMMA,45475,545700,0.9485413531462351,1.6142139434814453,1.6616886581693378,0.6292428198433421,0.381201044386423,0.35552075176194203,1.0,0.0003,1.0,13398.625700473785
depth4_bal_MAAMAMMA,4,MAAMAMMA,45500,546000,1.2273921767870586,2.4232842922210693,2.411531754902431,0.5535248041775457,0.26240208877284593,0.25371965544244324,1.0,0.0003,1.0,13407.434811592102
depth4_bal_MAAMAMMA,4,MAAMAMMA,45525,546300,0.8949481000502905,1.5865551630655925,1.6519126551491874,0.6468668407310705,0.3772845953002611,0.36189730394898756,1.0,0.0003,1.0,13415.794875144958
depth4_bal_MAAMAMMA,4,MAAMAMMA,45550,546600,0.8675271471341451,1.6270997524261475,1.696047272000994,0.6638381201044387,0.3629242819843342,0.35093410896073385,1.0,0.0003,1.0,13424.16583776474
depth4_bal_MAAMAMMA,4,MAAMAMMA,45575,546900,1.126451551914215,1.72634752591451,1.7629617384501866,0.566579634464752,0.31462140992167104,0.3276652869448484,1.0,0.0003,1.0,13429.184495210648
depth4_bal_MAAMAMMA,4,MAAMAMMA,45600,547200,1.075752114256223,1.9579696257909138,2.0526714188711983,0.5678851174934726,0.2819843342036554,0.27765969347801767,1.0,0.0003,1.0,13437.055574655533
depth4_bal_MAAMAMMA,4,MAAMAMMA,45625,547500,1.3027866184711456,2.113865693410238,2.16532678604126,0.5398172323759791,0.28720626631853785,0.26837453853898646,1.0,0.0003,1.0,13445.27898812294
depth4_bal_MAAMAMMA,4,MAAMAMMA,45650,547800,1.2144481539726257,1.8983102639516194,1.9707927295139858,0.5620104438642297,0.2885117493472585,0.2755341760823358,1.0,0.0003,1.0,13453.198028564453
depth4_bal_MAAMAMMA,4,MAAMAMMA,45675,548100,1.111782004435857,1.7539691527684529,1.8107586077281408,0.6047650130548303,0.3133159268929504,0.29488757131670207,1.0,0.0003,1.0,13461.300247907639
depth4_bal_MAAMAMMA,4,MAAMAMMA,45700,548400,1.3236488997936249,2.062283913294474,2.1016687086650303,0.48629242819843344,0.2650130548302872,0.2637878957377783,1.0,0.0003,1.0,13469.30536866188
depth4_bal_MAAMAMMA,4,MAAMAMMA,45725,548700,1.30426158507665,2.0997679233551025,2.1541403089250837,0.5101174934725848,0.27676240208877284,0.2556214341648954,1.0,0.0003,1.0,13477.405523777008
depth4_bal_MAAMAMMA,4,MAAMAMMA,45750,549000,1.0633949438730876,1.7273972829182942,1.7973559652056013,0.6044386422976501,0.30548302872062666,0.30193533952343665,1.0,0.0003,1.0,13485.386113166809
depth4_bal_MAAMAMMA,4,MAAMAMMA,45775,549300,1.055513893564542,1.7659591833750408,1.8164251293454852,0.6018276762402088,0.30809399477806787,0.30361337957265916,1.0,0.0003,1.0,13493.405561685562
depth4_bal_MAAMAMMA,4,MAAMAMMA,45800,549600,0.9552720685799917,1.6525860627492268,1.7107811723436628,0.6393603133159269,0.3381201044386423,0.33571987918111645,1.0,0.0003,1.0,13501.527114391327
depth4_bal_MAAMAMMA,4,MAAMAMMA,45825,549900,0.9018085499604543,1.6475895245869954,1.6870771339961461,0.6710182767624021,0.35117493472584854,0.36312786665175073,1.0,0.0003,1.0,13510.261136054993
depth4_bal_MAAMAMMA,4,MAAMAMMA,45850,550200,0.7522690693537394,1.5702826579411824,1.6567476340702603,0.7255221932114883,0.37989556135770236,0.36894507215572214,1.0,0.0003,1.0,13518.54520535469
depth4_bal_MAAMAMMA,4,MAAMAMMA,45875,550500,0.9203582058350245,1.7589630683263142,1.8654911177498954,0.6184725848563969,0.3224543080939948,0.3109967557892382,1.0,0.0003,1.0,13526.661727905273
depth4_bal_MAAMAMMA,4,MAAMAMMA,45900,550800,1.0542123715082805,1.6607118050257366,1.7449288947241648,0.5982375979112271,0.34203655352480417,0.33929969795279113,1.0,0.0003,1.0,13534.947905302048
depth4_bal_MAAMAMMA,4,MAAMAMMA,45925,551100,0.921991248925527,1.7997994422912598,1.8355479172297886,0.6409921671018277,0.31462140992167104,0.3187157400156617,1.0,0.0003,1.0,13542.869919538498
depth4_bal_MAAMAMMA,4,MAAMAMMA,45950,551400,1.1848510205745697,1.985384504000346,2.0927550179617747,0.5391644908616188,0.304177545691906,0.27598165342879516,1.0,0.0003,1.0,13550.771368265152
depth4_bal_MAAMAMMA,4,MAAMAMMA,45975,551700,0.7876087923844656,1.6942180792490642,1.7221668209348406,0.6994125326370757,0.360313315926893,0.34567625013983666,1.0,0.0003,1.0,13558.843744039536
depth4_bal_MAAMAMMA,4,MAAMAMMA,46000,552000,0.8451173106829325,1.6157920360565186,1.6844934395381383,0.6631853785900783,0.36945169712793735,0.35395458104933436,1.0,0.0003,1.0,13567.093895196915
depth4_bal_MAAMAMMA,4,MAAMAMMA,46025,552300,0.8304065813620886,2.1572752793629966,2.157272151538304,0.6713446475195822,0.28720626631853785,0.28851101912965654,1.0,0.0003,1.0,13575.326487779617
depth4_bal_MAAMAMMA,4,MAAMAMMA,46050,552600,0.7412032236655554,1.568597952524821,1.6460400785718645,0.7108355091383812,0.3877284595300261,0.3803557444904352,1.0,0.0003,1.0,13578.687074661255
depth4_bal_MAAMAMMA,4,MAAMAMMA,46075,552900,0.7663877010345459,1.5796399513880413,1.6637366499219621,0.710509138381201,0.3772845953002611,0.3731961069470858,1.0,0.0003,1.0,13581.840799331665
depth4_bal_MAAMAMMA,4,MAAMAMMA,46100,553200,0.9522207379341125,1.8532233635584514,1.9019796916416714,0.6279373368146214,0.3093994778067885,0.3054032889584965,1.0,0.0003,1.0,13584.867047071457
depth4_bal_MAAMAMMA,4,MAAMAMMA,46125,553500,0.8978491574525833,1.7106115420659382,1.7872787986482892,0.6664490861618799,0.32114882506527415,0.30663385166125967,1.0,0.0003,1.0,13587.892590045929
depth4_bal_MAAMAMMA,4,MAAMAMMA,46150,553800,1.691839575767517,2.1463712056477866,2.238977452686855,0.418733681462141,0.2584856396866841,0.24723123391878285,1.0,0.0003,1.0,13592.910423278809
depth4_bal_MAAMAMMA,4,MAAMAMMA,46175,554100,1.0293721407651901,1.7910438378651936,1.8481538534164428,0.6067232375979112,0.30678851174934724,0.30092851549390315,1.0,0.0003,1.0,13598.109812498093
depth4_bal_MAAMAMMA,4,MAAMAMMA,46200,554400,0.8998838663101196,1.6408780018488567,1.7317863259996686,0.6579634464751958,0.3368146214099217,0.34724242085244433,1.0,0.0003,1.0,13605.012206077576
depth4_bal_MAAMAMMA,4,MAAMAMMA,46225,554700,0.9098799079656601,1.6252928972244263,1.6941453116280691,0.6338120104438643,0.3772845953002611,0.34802550620874817,1.0,0.0003,1.0,13613.734662532806
depth4_bal_MAAMAMMA,4,MAAMAMMA,46250,555000,1.1788610219955444,1.8723365863164265,1.8990129504884992,0.5401436031331592,0.283289817232376,0.2949994406533169,1.0,0.0003,1.0,13616.769603729248
depth4_bal_MAAMAMMA,4,MAAMAMMA,46275,555300,1.461842139561971,2.274235645929972,2.269285546030317,0.5029373368146214,0.29112271540469975,0.2579706902338069,1.0,0.0003,1.0,13619.919680595398
depth4_bal_MAAMAMMA,4,MAAMAMMA,46300,555600,0.9996885855992635,1.9751644531885784,2.034446828705924,0.6142297650130548,0.3002610966057441,0.2806801655666182,1.0,0.0003,1.0,13622.974422216415
depth4_bal_MAAMAMMA,4,MAAMAMMA,46325,555900,0.9371536721785864,1.73086682955424,1.7754036460603986,0.6638381201044387,0.3289817232375979,0.32218368945072157,1.0,0.0003,1.0,13626.018048763275
depth4_bal_MAAMAMMA,4,MAAMAMMA,46350,556200,1.7108736634254456,2.1018542448679605,2.1327096155711582,0.4073107049608355,0.2506527415143603,0.26166237834209644,1.0,0.0003,1.0,13629.19191646576
depth4_bal_MAAMAMMA,4,MAAMAMMA,46375,556500,0.9625784705082575,1.7146840890248616,1.7951194661004202,0.6021540469973891,0.34595300261096606,0.32151247343103256,1.0,0.0003,1.0,13632.230251789093
depth4_bal_MAAMAMMA,4,MAAMAMMA,46400,556800,1.091025933623314,1.7190011342366536,1.7861712864467076,0.587467362924282,0.30678851174934724,0.3107730171160085,1.0,0.0003,1.0,13635.267260551453
depth4_bal_MAAMAMMA,4,MAAMAMMA,46425,557100,1.141258309284846,1.7993982632954915,1.8276050329208373,0.5629895561357703,0.30548302872062666,0.30227094753328115,1.0,0.0003,1.0,13638.338831663132
depth4_bal_MAAMAMMA,4,MAAMAMMA,46450,557400,1.0056406607230504,1.731681187947591,1.7948140621185302,0.6269582245430809,0.36161879895561355,0.33963530596263564,1.0,0.0003,1.0,13641.496666193008
depth4_bal_MAAMAMMA,4,MAAMAMMA,46475,557700,0.7999598830938339,1.5862845182418823,1.6885913372039796,0.6843994778067886,0.39425587467362927,0.36648394675019574,1.0,0.0003,1.0,13644.522388458252
depth4_bal_MAAMAMMA,4,MAAMAMMA,46500,558000,0.8818121204773585,1.6957351764043171,1.7452849524361747,0.637402088772846,0.3381201044386423,0.3352724018346571,1.0,0.0003,1.0,13647.55457520485
depth4_bal_MAAMAMMA,4,MAAMAMMA,46525,558300,0.9322939117749532,1.7060606479644775,1.8172141994748796,0.6148825065274152,0.3642297650130548,0.3272178095983891,1.0,0.0003,1.0,13650.689272880554
depth4_bal_MAAMAMMA,4,MAAMAMMA,46550,558600,0.8346458325783411,1.5814297993977864,1.639692497253418,0.6560052219321149,0.37467362924281983,0.371741805571093,1.0,0.0003,1.0,13653.843934297562
depth4_bal_MAAMAMMA,4,MAAMAMMA,46575,558900,0.9898556272188822,1.8344030380249023,1.849187445640564,0.6106396866840731,0.3328981723237598,0.3305738896968341,1.0,0.0003,1.0,13660.230678319931
depth4_bal_MAAMAMMA,4,MAAMAMMA,46600,559200,1.1340474883715312,1.7902072270711262,1.8074283633913313,0.5633159268929504,0.2845953002610966,0.29186709922810156,1.0,0.0003,1.0,13668.288183450699
depth4_bal_MAAMAMMA,4,MAAMAMMA,46625,559500,1.0865609844525654,1.9856396516164143,2.029810656820025,0.589425587467363,0.27023498694516973,0.26367602640116344,1.0,0.0003,1.0,13675.924893856049
depth4_bal_MAAMAMMA,4,MAAMAMMA,46650,559800,1.1493850350379944,1.8926056623458862,1.9360890695026942,0.5558093994778068,0.28067885117493474,0.2831412909721445,1.0,0.0003,1.0,13684.014729261398
depth4_bal_MAAMAMMA,4,MAAMAMMA,46675,560100,1.2708412905534108,1.9057659308115642,1.9459329571042743,0.5039164490861618,0.283289817232376,0.27396800536972815,1.0,0.0003,1.0,13692.167219400406
depth4_bal_MAAMAMMA,4,MAAMAMMA,46700,560400,1.221363772948583,1.8692107995351155,1.8272880860737393,0.5372062663185379,0.293733681462141,0.3031659022261998,1.0,0.0003,1.0,13700.328407287598
depth4_bal_MAAMAMMA,4,MAAMAMMA,46725,560700,1.2346896727879841,1.8783034086227417,1.9067746128354754,0.5345953002610966,0.31070496083550914,0.30786441436402284,1.0,0.0003,1.0,13708.246003389359
depth4_bal_MAAMAMMA,4,MAAMAMMA,46750,561000,0.7624083260695139,1.5751468737920125,1.6667688301631383,0.7150783289817232,0.391644908616188,0.36491777603758807,1.0,0.0003,1.0,13716.397048711777
depth4_bal_MAAMAMMA,4,MAAMAMMA,46775,561300,1.0118692616621654,1.890775203704834,1.9583354711532592,0.5995430809399478,0.29112271540469975,0.284148115001678,1.0,0.0003,1.0,13724.460488080978
depth4_bal_MAAMAMMA,4,MAAMAMMA,46800,561600,1.2728650569915771,1.732833464940389,1.8136016164507185,0.5172976501305483,0.3028720626631854,0.309094977066786,1.0,0.0003,1.0,13732.773198604584
depth4_bal_MAAMAMMA,4,MAAMAMMA,46825,561900,1.0520195613304775,2.180912176767985,2.181711483001709,0.5819190600522193,0.2584856396866841,0.2762053921020248,1.0,0.0003,1.0,13740.854729890823
depth4_bal_MAAMAMMA,4,MAAMAMMA,46850,562200,1.103533814350764,1.7620338201522827,1.8061769826071603,0.5714751958224543,0.3028720626631854,0.31949882537196556,1.0,0.0003,1.0,13748.789181232452
depth4_bal_MAAMAMMA,4,MAAMAMMA,46875,562500,0.9523832301298777,1.613482117652893,1.7452666555132186,0.6024804177545692,0.391644908616188,0.349479807584741,1.0,0.0003,1.0,13757.44058561325
depth4_bal_MAAMAMMA,4,MAAMAMMA,46900,562800,1.287995417912801,1.9705535968144734,2.0067189216613768,0.529373368146214,0.2859007832898172,0.2896297124958049,1.0,0.0003,1.0,13766.43136882782
depth4_bal_MAAMAMMA,4,MAAMAMMA,46925,563100,0.7732365280389786,1.7375251452128093,1.76271561895098,0.7039817232375979,0.3342036553524804,0.3328112764291308,1.0,0.0003,1.0,13773.627609968185
depth4_bal_MAAMAMMA,4,MAAMAMMA,46950,563400,0.8162514468034109,1.5619367361068726,1.601616621017456,0.714425587467363,0.38642297650130547,0.37487414699630833,1.0,0.0003,1.0,13781.521082401276
depth4_bal_MAAMAMMA,4,MAAMAMMA,46975,563700,1.3334419926007588,2.37164306640625,2.4438734803880964,0.5081592689295039,0.2245430809399478,0.22910840138717978,1.0,0.0003,1.0,13789.537566184998
depth4_bal_MAAMAMMA,4,MAAMAMMA,47000,564000,0.9752953052520752,1.741294542948405,1.787164889063154,0.6315274151436031,0.3302872062663185,0.3074169370175635,1.0,0.0003,1.0,13797.531141757965
depth4_bal_MAAMAMMA,4,MAAMAMMA,47025,564300,1.0378415832916896,1.974255641301473,2.0006043672561646,0.6021540469973891,0.2963446475195822,0.282134466942611,1.0,0.0003,1.0,13802.249378919601
depth4_bal_MAAMAMMA,4,MAAMAMMA,47050,564600,1.1254163881142933,1.742301066716512,1.7687691961015974,0.5545039164490861,0.29112271540469975,0.30618637431480034,1.0,0.0003,1.0,13805.277525186539
depth4_bal_MAAMAMMA,4,MAAMAMMA,47075,564900,1.438797950744629,2.0800377130508423,2.0868673494883945,0.45202349869451697,0.24151436031331594,0.22396241190289742,1.0,0.0003,1.0,13808.314270734787
depth4_bal_MAAMAMMA,4,MAAMAMMA,47100,565200,0.9032149513562521,1.7762333552042644,1.8157318898609707,0.6697127937336814,0.30678851174934724,0.31446470522429804,1.0,0.0003,1.0,13811.47564959526
depth4_bal_MAAMAMMA,4,MAAMAMMA,47125,565500,1.1492292632659276,1.9510244528452556,2.016220991952079,0.5698433420365535,0.30156657963446476,0.2903009285154939,1.0,0.0003,1.0,13814.510378360748
depth4_bal_MAAMAMMA,4,MAAMAMMA,47150,565800,0.952024832367897,1.904140830039978,1.9682560273579188,0.625,0.34203655352480417,0.3150240519073722,1.0,0.0003,1.0,13820.20902466774
depth4_bal_MAAMAMMA,4,MAAMAMMA,47175,566100,1.0079439481099446,1.745155652364095,1.7634952647345408,0.608355091383812,0.32506527415143605,0.3286721109743819,1.0,0.0003,1.0,13827.539573192596
depth4_bal_MAAMAMMA,4,MAAMAMMA,47200,566400,1.3949316143989563,1.9232890208562214,1.944679982321603,0.5362271540469974,0.2859007832898172,0.29488757131670207,1.0,0.0003,1.0,13835.17726445198
depth4_bal_MAAMAMMA,4,MAAMAMMA,47225,566700,0.9925732960303625,1.8908729950586955,1.941527806009565,0.6011749347258486,0.2963446475195822,0.27855464817093634,1.0,0.0003,1.0,13842.753084897995
depth4_bal_MAAMAMMA,4,MAAMAMMA,47250,567000,1.0803124209245045,1.7393718560536702,1.7618551015853883,0.5580939947780679,0.30548302872062666,0.3083118917104822,1.0,0.0003,1.0,13851.84732222557
depth4_bal_MAAMAMMA,4,MAAMAMMA,47275,567300,0.7898224890232086,1.5686322848002117,1.604550324167524,0.693864229765013,0.3877284595300261,0.39545810493343775,1.0,0.0003,1.0,13861.129145860672
depth4_bal_MAAMAMMA,4,MAAMAMMA,47300,567600,0.8811794916788737,1.6079914569854736,1.6784747770854405,0.6755874673629243,0.35509138381201044,0.3510459782973487,1.0,0.0003,1.0,13870.571100473404
depth4_bal_MAAMAMMA,4,MAAMAMMA,47325,567900,1.226292073726654,1.7610814571380615,1.800814369746617,0.5205613577023499,0.2584856396866841,0.2963418726926949,1.0,0.0003,1.0,13878.834092140198
depth4_bal_MAAMAMMA,4,MAAMAMMA,47350,568200,1.3476039071877797,1.9996246894200642,2.0416305235454013,0.5172976501305483,0.23237597911227154,0.2542790021255174,1.0,0.0003,1.0,13882.871660232544
depth4_bal_MAAMAMMA,4,MAAMAMMA,47375,568500,1.1818479895591736,1.9819662968317668,2.0736982992717197,0.533289817232376,0.26631853785900783,0.26859827721221613,1.0,0.0003,1.0,13887.054718255997
depth4_bal_MAAMAMMA,4,MAAMAMMA,47400,568800,1.3520825405915577,1.9236127138137817,1.9648267337254115,0.49216710182767626,0.2454308093994778,0.26535406645038595,1.0,0.0003,1.0,13891.134799480438
depth4_bal_MAAMAMMA,4,MAAMAMMA,47425,569100,1.1397382020950317,1.9643909533818562,2.058242242676871,0.5799608355091384,0.26631853785900783,0.2505873140172279,1.0,0.0003,1.0,13895.167350769043
depth4_bal_MAAMAMMA,4,MAAMAMMA,47450,569400,1.0454888343811035,1.8909915288289387,1.9659190280096872,0.6008485639686684,0.29112271540469975,0.28425998433829286,1.0,0.0003,1.0,13899.218086242676
depth4_bal_MAAMAMMA,4,MAAMAMMA,47475,569700,1.2944157620271046,2.2392927010854087,2.2606958253043037,0.5104438642297651,0.24412532637075718,0.23503747622776597,1.0,0.0003,1.0,13903.371070623398
depth4_bal_MAAMAMMA,4,MAAMAMMA,47500,570000,1.468304028113683,2.0428035259246826,2.182426152910505,0.508485639686684,0.24281984334203655,0.2414140284148115,1.0,0.0003,1.0,13907.410217523575
depth4_bal_MAAMAMMA,4,MAAMAMMA,47525,570300,0.9145097484191259,1.7832723061243694,1.8170880624226162,0.6263054830287206,0.31070496083550914,0.3252041615393221,1.0,0.0003,1.0,13915.571202278137
depth4_bal_MAAMAMMA,4,MAAMAMMA,47550,570600,0.9939328481753668,1.7762844959894817,1.8377828053065708,0.5930156657963447,0.28720626631853785,0.30260655554312565,1.0,0.0003,1.0,13924.712442398071
depth4_bal_MAAMAMMA,4,MAAMAMMA,47575,570900,0.9552632967631022,1.7976179122924805,1.922143462726048,0.6227154046997389,0.30548302872062666,0.2919789685647164,1.0,0.0003,1.0,13933.871217250824
depth4_bal_MAAMAMMA,4,MAAMAMMA,47600,571200,1.0152283410231273,2.0281426509221396,2.1215297733034406,0.6086814621409922,0.2950391644908616,0.29913860610806575,1.0,0.0003,1.0,13942.779131174088
depth4_bal_MAAMAMMA,4,MAAMAMMA,47625,571500,1.4054554601510365,2.3525938193003335,2.4397263663155693,0.4993472584856397,0.23759791122715404,0.24365141514710817,1.0,0.0003,1.0,13951.757841587067
depth4_bal_MAAMAMMA,4,MAAMAMMA,47650,571800,0.9821629822254181,1.7575194438298543,1.8074626786368233,0.6034595300261096,0.32114882506527415,0.31390535854122387,1.0,0.0003,1.0,13960.308354854584
depth4_bal_MAAMAMMA,4,MAAMAMMA,47675,572100,1.280481646458308,1.7647822697957356,1.7796499456678119,0.5091383812010444,0.293733681462141,0.29052466718872355,1.0,0.0003,1.0,13964.886776208878
depth4_bal_MAAMAMMA,4,MAAMAMMA,47700,572400,1.1831485430399578,1.7462753454844158,1.7931783846446445,0.5352480417754569,0.3198433420365535,0.31782078532274305,1.0,0.0003,1.0,13973.45087981224
depth4_bal_MAAMAMMA,4,MAAMAMMA,47725,572700,0.731350302696228,1.6971163352330525,1.7528105088642665,0.710509138381201,0.3368146214099217,0.35429018905917886,1.0,0.0003,1.0,13982.552609443665
depth4_bal_MAAMAMMA,4,MAAMAMMA,47750,573000,1.240412324666977,1.9498432477315266,1.9691863468715123,0.5323107049608355,0.26631853785900783,0.2735205280232688,1.0,0.0003,1.0,13991.090231657028
depth4_bal_MAAMAMMA,4,MAAMAMMA,47775,573300,1.0986842463413875,1.8635752598444622,1.8815266677311488,0.5682114882506527,0.293733681462141,0.29511130998993174,1.0,0.0003,1.0,13998.684975862503
depth4_bal_MAAMAMMA,4,MAAMAMMA,47800,573600,0.9386627624432246,1.7341294288635254,1.7659177950450353,0.6259791122715405,0.32506527415143605,0.3312451057165231,1.0,0.0003,1.0,14006.815255403519
depth4_bal_MAAMAMMA,4,MAAMAMMA,47825,573900,1.0101197858651478,1.8972149292627971,1.9257392270224436,0.6152088772845953,0.29765013054830286,0.32017004139165456,1.0,0.0003,1.0,14015.106595039368
depth4_bal_MAAMAMMA,4,MAAMAMMA,47850,574200,0.9944286743799845,1.8435146808624268,1.8653662613459996,0.6491514360313316,0.26762402088772846,0.2953350486631614,1.0,0.0003,1.0,14021.009958744049
depth4_bal_MAAMAMMA,4,MAAMAMMA,47875,574500,1.4235914746920268,2.068725029627482,2.260407985959734,0.5140339425587467,0.28067885117493474,0.26099116232240743,1.0,0.0003,1.0,14025.038695812225
depth4_bal_MAAMAMMA,4,MAAMAMMA,47900,574800,1.1804051945606868,2.1149858633677163,2.159353232383728,0.5476501305483029,0.2506527415143603,0.2542790021255174,1.0,0.0003,1.0,14029.096405506134
depth4_bal_MAAMAMMA,4,MAAMAMMA,47925,575100,1.492333362499873,2.219456434249878,2.238024071284703,0.48204960835509136,0.2245430809399478,0.24320393780064883,1.0,0.0003,1.0,14033.137158632278
depth4_bal_MAAMAMMA,4,MAAMAMMA,47950,575400,1.1690407693386078,1.9754807551701863,1.9987383195332118,0.5483028720626631,0.2519582245430809,0.2668083678263788,1.0,0.0003,1.0,14037.275723934174
depth4_bal_MAAMAMMA,4,MAAMAMMA,47975,575700,1.450540562470754,2.581069548924764,2.6609023094177244,0.47552219321148825,0.19321148825065274,0.18581496811723908,1.0,0.0003,1.0,14041.331631422043
depth4_bal_MAAMAMMA,4,MAAMAMMA,48000,576000,1.0948129296302795,1.8498972256978352,1.8807810204369682,0.6106396866840731,0.32506527415143605,0.30450833426557783,1.0,0.0003,1.0,14045.369447469711
depth4_bal_MAAMAMMA,4,MAAMAMMA,48025,576300,1.1191210548082988,1.776038924853007,1.841980539049421,0.5793080939947781,0.3224543080939948,0.304396464928963,1.0,0.0003,1.0,14053.58071565628
depth4_bal_MAAMAMMA,4,MAAMAMMA,48050,576600,0.9217956066131592,1.7319161891937256,1.7535868235996792,0.6514360313315927,0.3133159268929504,0.3190513480255062,1.0,0.0003,1.0,14061.463599920273
depth4_bal_MAAMAMMA,4,MAAMAMMA,48075,576900,0.9933708806832632,2.023888190587362,2.1031301294054305,0.6298955613577023,0.3002610966057441,0.2668083678263788,1.0,0.0003,1.0,14069.205026388168
depth4_bal_MAAMAMMA,4,MAAMAMMA,48100,577200,0.8768279155095419,1.9793637196222942,2.0054597105298724,0.639686684073107,0.2963446475195822,0.31480031323414254,1.0,0.0003,1.0,14077.50628232956
depth4_bal_MAAMAMMA,4,MAAMAMMA,48125,577500,1.0111206471920013,1.685375412305196,1.7485554865428379,0.6044386422976501,0.33550913838120106,0.33337062311220494,1.0,0.0003,1.0,14085.648446559906
depth4_bal_MAAMAMMA,4,MAAMAMMA,48150,577800,0.8706828355789185,1.790608565012614,1.8362346070153373,0.6755874673629243,0.30678851174934724,0.3079762837006377,1.0,0.0003,1.0,14093.755581617355
depth4_bal_MAAMAMMA,4,MAAMAMMA,48175,578100,0.8618940909703573,1.7321181297302246,1.8286503178732736,0.6657963446475196,0.3289817232375979,0.32475668419286274,1.0,0.0003,1.0,14101.32143998146
depth4_bal_MAAMAMMA,4,MAAMAMMA,48200,578400,2.1430764297644296,2.704315741856893,2.8124232700892855,0.36357702349869453,0.2258485639686684,0.20304284595592348,1.0,0.0003,1.0,14108.481220006943
depth4_bal_MAAMAMMA,4,MAAMAMMA,48225,578700,0.9371654043594996,2.100480635960897,2.1427252871649607,0.639686684073107,0.25718015665796345,0.2684864078756013,1.0,0.0003,1.0,14116.61354804039
depth4_bal_MAAMAMMA,4,MAAMAMMA,48250,579000,0.8536254614591599,1.6695692539215088,1.725573444366455,0.679177545691906,0.3368146214099217,0.346794943505985,1.0,0.0003,1.0,14124.703110933304
depth4_bal_MAAMAMMA,4,MAAMAMMA,48275,579300,1.0688323229551315,1.9570703903834026,1.9826315709522793,0.5904046997389034,0.31592689295039167,0.3035015102360443,1.0,0.0003,1.0,14133.037586927414
depth4_bal_MAAMAMMA,4,MAAMAMMA,48300,579600,0.8679527391990026,1.701682488123576,1.757527838434492,0.6612271540469974,0.360313315926893,0.3408658686653988,1.0,0.0003,1.0,14141.4950568676
depth4_bal_MAAMAMMA,4,MAAMAMMA,48325,579900,0.9745528250932693,1.7587464253107707,1.8258789096559798,0.6422976501305483,0.3276762402088773,0.30663385166125967,1.0,0.0003,1.0,14150.23399066925
depth4_bal_MAAMAMMA,4,MAAMAMMA,48350,580200,1.171892409523328,1.8627151250839233,1.9111059631620135,0.5430809399477807,0.31070496083550914,0.2982436514151471,1.0,0.0003,1.0,14159.352744579315
depth4_bal_MAAMAMMA,4,MAAMAMMA,48375,580500,0.8156428635120392,1.849130352338155,1.8357008423124042,0.6752610966057441,0.3276762402088773,0.346794943505985,1.0,0.0003,1.0,14167.049422979355
depth4_bal_MAAMAMMA,4,MAAMAMMA,48400,580800,0.9444270034631094,1.6163676182428997,1.6598657063075475,0.6432767624020888,0.34595300261096606,0.34466942611030316,1.0,0.0003,1.0,14174.346487522125
depth4_bal_MAAMAMMA,4,MAAMAMMA,48425,581100,0.7330935100714365,1.475994308789571,1.5264039891106742,0.7457571801566579,0.39425587467362927,0.3999328783980311,1.0,0.0003,1.0,14182.504913330078
depth4_bal_MAAMAMMA,4,MAAMAMMA,48450,581400,1.4366555213928223,2.093134562174479,2.127287663732256,0.4924934725848564,0.24804177545691905,0.2559570421747399,1.0,0.0003,1.0,14190.695538282394
depth4_bal_MAAMAMMA,4,MAAMAMMA,48475,581700,1.267056127389272,2.0746813217798867,2.172463151386806,0.52088772845953,0.24804177545691905,0.2502517060073834,1.0,0.0003,1.0,14198.86394572258
depth4_bal_MAAMAMMA,4,MAAMAMMA,48500,582000,0.9396965155998865,1.795161763827006,1.8644145590918404,0.6426240208877284,0.33550913838120106,0.31424096655106837,1.0,0.0003,1.0,14206.815519094467
depth4_bal_MAAMAMMA,4,MAAMAMMA,48525,582300,1.2472613553206127,1.9170373678207397,1.936405771119254,0.5127284595300261,0.2741514360313316,0.29186709922810156,1.0,0.0003,1.0,14216.098700523376
depth4_bal_MAAMAMMA,4,MAAMAMMA,48550,582600,0.8289297223091125,1.6508453289667766,1.7455437523978097,0.6631853785900783,0.39295039164490864,0.3698400268486408,1.0,0.0003,1.0,14225.349962234497
depth4_bal_MAAMAMMA,4,MAAMAMMA,48575,582900,0.7803505758444468,1.6986802021662395,1.7616430725370134,0.6892950391644909,0.36553524804177545,0.34802550620874817,1.0,0.0003,1.0,14233.874937534332
depth4_bal_MAAMAMMA,4,MAAMAMMA,48600,583200,1.2410592436790466,2.309255679448446,2.251081166948591,0.5466710182767625,0.27676240208877284,0.28783980310996754,1.0,0.0003,1.0,14242.116106271744
depth4_bal_MAAMAMMA,4,MAAMAMMA,48625,583500,0.9038121253252029,1.6779741843541462,1.7272333894457137,0.6240208877284595,0.37597911227154046,0.3586530931871574,1.0,0.0003,1.0,14250.115972280502
depth4_bal_MAAMAMMA,4,MAAMAMMA,48650,583800,0.7816018561522166,1.6907755136489868,1.7080127205167497,0.706266318537859,0.34856396866840733,0.35462579706902336,1.0,0.0003,1.0,14258.252388954163
depth4_bal_MAAMAMMA,4,MAAMAMMA,48675,584100,1.5728371143341064,2.3192944526672363,2.3188446657998223,0.4533289817232376,0.2193211488250653,0.23951224969235932,1.0,0.0003,1.0,14266.323983430862
depth4_bal_MAAMAMMA,4,MAAMAMMA,48700,584400,1.3048037191232045,1.881395936012268,1.945192745753697,0.4941253263707572,0.2924281984334204,0.28549054704105603,1.0,0.0003,1.0,14274.49020767212
depth4_bal_MAAMAMMA,4,MAAMAMMA,48725,584700,1.1208432912826538,1.8220577239990234,1.866502513204302,0.5744125326370757,0.29765013054830286,0.2953350486631614,1.0,0.0003,1.0,14282.661830663681
depth4_bal_MAAMAMMA,4,MAAMAMMA,48750,585000,0.9619831293821335,1.7830509344736736,1.8180331298283168,0.6191253263707572,0.2989556135770235,0.3226311667971809,1.0,0.0003,1.0,14290.79334115982
depth4_bal_MAAMAMMA,4,MAAMAMMA,48775,585300,1.2015818456808727,2.000569740931193,2.0439863511494227,0.5571148825065274,0.27023498694516973,0.2678151918559123,1.0,0.0003,1.0,14298.936457633972
depth4_bal_MAAMAMMA,4,MAAMAMMA,48800,585600,0.8731170545021693,1.6518823305765789,1.7137037311281478,0.6706919060052219,0.34073107049608353,0.34343886340754,1.0,0.0003,1.0,14306.265469551086
depth4_bal_MAAMAMMA,4,MAAMAMMA,48825,585900,1.1026840607325237,1.825284202893575,1.8755908625466482,0.5496083550913838,0.30809399477806787,0.30663385166125967,1.0,0.0003,1.0,14314.41820526123
depth4_bal_MAAMAMMA,4,MAAMAMMA,48850,586200,1.0011727611223857,1.7466211318969727,1.7738547495433263,0.616514360313316,0.31592689295039167,0.3103255397695492,1.0,0.0003,1.0,14322.944755077362
depth4_bal_MAAMAMMA,4,MAAMAMMA,48875,586500,1.0511981844902039,1.8299388488133748,1.9128882237843106,0.591710182767624,0.28067885117493474,0.28515493903121153,1.0,0.0003,1.0,14331.507328033447
depth4_bal_MAAMAMMA,4,MAAMAMMA,48900,586800,0.8202831447124481,1.6316698392232258,1.700213268824986,0.691579634464752,0.360313315926893,0.3510459782973487,1.0,0.0003,1.0,14339.737622976303
depth4_bal_MAAMAMMA,4,MAAMAMMA,48925,587100,1.0363145271937053,2.1595967610677085,2.1199081693376813,0.6028067885117493,0.283289817232376,0.2879516724465824,1.0,0.0003,1.0,14348.970685243607
depth4_bal_MAAMAMMA,4,MAAMAMMA,48950,587400,1.1872510413328807,1.857654094696045,1.8305145502090454,0.5949738903394256,0.283289817232376,0.28817541111981204,1.0,0.0003,1.0,14358.16498208046
depth4_bal_MAAMAMMA,4,MAAMAMMA,48975,587700,1.5678476293881733,3.0420080025990806,3.1003735746656145,0.47617493472584854,0.1762402088772846,0.18726926949323192,1.0,0.0003,1.0,14367.322700023651
depth4_bal_MAAMAMMA,4,MAAMAMMA,49000,588000,0.9928311556577682,1.6814932028452556,1.7578167745045252,0.6174934725848564,0.3328981723237598,0.3278890256180781,1.0,0.0003,1.0,14375.615323543549
depth4_bal_MAAMAMMA,4,MAAMAMMA,49025,588300,0.9144928505023321,1.832331895828247,1.8732344320842198,0.625,0.304177545691906,0.3150240519073722,1.0,0.0003,1.0,14383.96842288971
depth4_bal_MAAMAMMA,4,MAAMAMMA,49050,588600,0.8659097204605738,1.773625334103902,1.8132125752312795,0.6716710182767625,0.31070496083550914,0.31513592124398704,1.0,0.0003,1.0,14392.215455532074
depth4_bal_MAAMAMMA,4,MAAMAMMA,49075,588900,1.176990548769633,1.8743078708648682,1.9064738818577358,0.5691906005221932,0.3028720626631854,0.3080881530372525,1.0,0.0003,1.0,14401.321491003036
depth4_bal_MAAMAMMA,4,MAAMAMMA,49100,589200,0.9529116104046503,1.8778629700342815,1.9106408085141864,0.6357702349869452,0.2885117493472585,0.29488757131670207,1.0,0.0003,1.0,14409.359295845032
depth4_bal_MAAMAMMA,4,MAAMAMMA,49125,589500,1.2757607847452164,2.279903014500936,2.4089265619005475,0.5463446475195822,0.27284595300261094,0.2641235037476228,1.0,0.0003,1.0,14417.0602145195
depth4_bal_MAAMAMMA,4,MAAMAMMA,49150,589800,0.8325359125932058,1.7468502124150593,1.7557493959154402,0.6723237597911227,0.31723237597911225,0.34791363687213334,1.0,0.0003,1.0,14425.160744428635
depth4_bal_MAAMAMMA,4,MAAMAMMA,49175,590100,0.8649147848288218,1.6934532324473064,1.7704668010984148,0.6762402088772846,0.36161879895561355,0.3432151247343103,1.0,0.0003,1.0,14433.278653621674
depth4_bal_MAAMAMMA,4,MAAMAMMA,49200,590400,1.0780660559733708,1.9631545941034954,2.006587154524667,0.5695169712793734,0.26631853785900783,0.26871014654883096,1.0,0.0003,1.0,14441.464129447937
depth4_bal_MAAMAMMA,4,MAAMAMMA,49225,590700,1.008963276942571,1.71351953347524,1.7695272479738509,0.5920365535248042,0.35900783289817234,0.3256516388857814,1.0,0.0003,1.0,14449.497643947601
depth4_bal_MAAMAMMA,4,MAAMAMMA,49250,591000,0.8445527255535126,1.8086100419362385,1.8305596555982317,0.6723237597911227,0.31201044386422977,0.32374986016332924,1.0,0.0003,1.0,14457.762196063995
depth4_bal_MAAMAMMA,4,MAAMAMMA,49275,591300,1.0560258626937866,2.060418645540873,2.1610402856554303,0.5953002610966057,0.2754569190600522,0.26501845844054145,1.0,0.0003,1.0,14465.95475077629
depth4_bal_MAAMAMMA,4,MAAMAMMA,49300,591600,0.9895129253466924,2.0156176487604776,2.0299782378332956,0.6197780678851175,0.27154046997389036,0.28224633627922585,1.0,0.0003,1.0,14474.06520485878
depth4_bal_MAAMAMMA,4,MAAMAMMA,49325,591900,0.866148978471756,1.6914701859156291,1.691227466719491,0.7147519582245431,0.3342036553524804,0.3493679382481262,1.0,0.0003,1.0,14482.118328809738
depth4_bal_MAAMAMMA,4,MAAMAMMA,49350,592200,0.9376219063997269,1.8985531330108643,1.9856360469545637,0.6347911227154047,0.2989556135770235,0.2999216914643696,1.0,0.0003,1.0,14490.737024068832
depth4_bal_MAAMAMMA,4,MAAMAMMA,49375,592500,0.9597425609827042,1.8268771568934123,1.881057698386056,0.6305483028720626,0.31070496083550914,0.3094305850766305,1.0,0.0003,1.0,14498.68697309494
depth4_bal_MAAMAMMA,4,MAAMAMMA,49400,592800,1.1082524061203003,2.0043455362319946,2.03573910849435,0.5926892950391645,0.27284595300261094,0.28056829623000334,1.0,0.0003,1.0,14506.806488990784
depth4_bal_MAAMAMMA,4,MAAMAMMA,49425,593100,1.3603023091952007,1.822506586710612,1.8887902225766864,0.5026109660574413,0.2859007832898172,0.284148115001678,1.0,0.0003,1.0,14515.0823700428
depth4_bal_MAAMAMMA,4,MAAMAMMA,49450,593400,1.4080082674821217,2.1318026383717856,2.224464157649449,0.5019582245430809,0.2650130548302872,0.25606891151135475,1.0,0.0003,1.0,14523.15381026268
depth4_bal_MAAMAMMA,4,MAAMAMMA,49475,593700,1.3898804386456807,2.1417839527130127,2.188432993207659,0.5231723237597912,0.2545691906005222,0.2586419062534959,1.0,0.0003,1.0,14531.317556142807
depth4_bal_MAAMAMMA,4,MAAMAMMA,49500,594000,1.0857402632633846,2.055946389834086,2.095606633595058,0.5825718015665796,0.26109660574412535,0.2561807808479696,1.0,0.0003,1.0,14536.3940179348
depth4_bal_MAAMAMMA,4,MAAMAMMA,49525,594300,0.9299255659182867,1.8425185680389404,1.8705866745540074,0.6357702349869452,0.3093994778067885,0.31323414252153486,1.0,0.0003,1.0,14544.612489700317
depth4_bal_MAAMAMMA,4,MAAMAMMA,49550,594600,0.9133536517620087,1.707727273305257,1.8257667371204922,0.6573107049608355,0.3472584856396867,0.3245329455196331,1.0,0.0003,1.0,14552.456058979034
depth4_bal_MAAMAMMA,4,MAAMAMMA,49575,594900,1.1374255468448002,1.7589714527130127,1.8274181059428625,0.5616840731070496,0.32506527415143605,0.3179326546593579,1.0,0.0003,1.0,14560.711617469788
depth4_bal_MAAMAMMA,4,MAAMAMMA,49600,595200,0.8013671338558197,1.8566085894902546,1.9534106527056012,0.6935378590078329,0.3524804177545692,0.3493679382481262,1.0,0.0003,1.0,14568.77089881897
depth4_bal_MAAMAMMA,4,MAAMAMMA,49625,595500,0.7974920570850372,1.5787748098373413,1.616046380996704,0.6847258485639687,0.3720626631853786,0.3806913525002797,1.0,0.0003,1.0,14576.982780694962
depth4_bal_MAAMAMMA,4,MAAMAMMA,49650,595800,0.795458123087883,1.9411749442418416,1.9707696301596505,0.6742819843342036,0.3224543080939948,0.32140060409441773,1.0,0.0003,1.0,14580.744869232178
depth4_bal_MAAMAMMA,4,MAAMAMMA,49675,596100,0.6728381315867106,1.5974749326705933,1.6308407613209315,0.7336814621409922,0.39033942558746737,0.39646492896297125,1.0,0.0003,1.0,14584.404958248138
depth4_bal_MAAMAMMA,4,MAAMAMMA,49700,596400,0.8726333230733871,1.6537477572758992,1.683143949508667,0.654373368146214,0.34595300261096606,0.36894507215572214,1.0,0.0003,1.0,14592.579094171524
depth4_bal_MAAMAMMA,4,MAAMAMMA,49725,596700,0.6634547263383865,1.5786400238672893,1.617867340360369,0.7620757180156658,0.370757180156658,0.3827050005593467,1.0,0.0003,1.0,14600.98077249527
depth4_bal_MAAMAMMA,4,MAAMAMMA,49750,597000,0.7856292823950449,1.5589375098546345,1.589141825267247,0.7078981723237598,0.39295039164490864,0.37856583510459785,1.0,0.0003,1.0,14610.196223020554
depth4_bal_MAAMAMMA,4,MAAMAMMA,49775,597300,1.0209970374902089,1.9179783662160237,1.915926057951791,0.5946475195822454,0.28067885117493474,0.29880299809822125,1.0,0.0003,1.0,14618.306416511536
depth4_bal_MAAMAMMA,4,MAAMAMMA,49800,597600,1.0197596102952957,1.812451442082723,1.9122513975415911,0.5815926892950392,0.3133159268929504,0.3004810381474438,1.0,0.0003,1.0,14626.079313516617
depth4_bal_MAAMAMMA,4,MAAMAMMA,49825,597900,0.9940604567527771,1.7092713912328084,1.7504732949393136,0.6161879895561357,0.3342036553524804,0.3130104038483052,1.0,0.0003,1.0,14634.07317686081
depth4_bal_MAAMAMMA,4,MAAMAMMA,49850,598200,0.7746511697769165,1.5873939990997314,1.6464142629078455,0.689621409921671,0.3642297650130548,0.3774471417384495,1.0,0.0003,1.0,14642.197399139404
depth4_bal_MAAMAMMA,4,MAAMAMMA,49875,598500,1.0231979091962178,1.806151310602824,1.8697684560503278,0.6168407310704961,0.30548302872062666,0.3160308759369057,1.0,0.0003,1.0,14650.289770841599
depth4_bal_MAAMAMMA,4,MAAMAMMA,49900,598800,1.1009950240453084,1.9283735752105713,2.014088467189244,0.6067232375979112,0.2898172323759791,0.2850430696945967,1.0,0.0003,1.0,14658.587522983551
depth4_bal_MAAMAMMA,4,MAAMAMMA,49925,599100,1.0068945586681366,1.828262726465861,1.9449687787464687,0.612597911227154,0.3276762402088773,0.29913860610806575,1.0,0.0003,1.0,14666.7441675663
depth4_bal_MAAMAMMA,4,MAAMAMMA,49950,599400,0.8992006679375967,1.7711060444513957,1.8550838436399186,0.6566579634464752,0.3093994778067885,0.31189171048215686,1.0,0.0003,1.0,14675.03293800354
depth4_bal_MAAMAMMA,4,MAAMAMMA,49975,599700,0.9206858376661936,1.6254987319310505,1.6735038314546857,0.6537206266318538,0.3381201044386423,0.34768989819890367,1.0,0.0003,1.0,14680.364228248596
depth4_bal_MAAMAMMA,4,MAAMAMMA,50000,600000,1.0189700027306874,1.9879779418309529,2.061304306983948,0.6227154046997389,0.2989556135770235,0.2791139948540105,1.0,0.0003,1.0,14685.151473999023
