run_id,depth,schedule,epoch,step,train_loss,val_loss,test_loss,train_acc,val_acc,test_acc,best_val_acc_so_far,learning_rate,weight_decay,elapsed_time_seconds
depth4_bal_AAAAMMMM,4,AAAAMMMM,1,12,4.736466447512309,4.743255138397217,4.736806406293597,0.00881201044386423,0.010443864229765013,0.007271506879964202,0.010443864229765013,0.0003,1.0,0.7593750953674316
depth4_bal_AAAAMMMM,4,AAAAMMMM,25,300,4.149842222531636,5.690721352895101,5.684776156289237,0.07343342036553525,0.0013054830287206266,0.0045866428012081885,0.010443864229765013,0.0003,1.0,8.715483903884888
depth4_bal_AAAAMMMM,4,AAAAMMMM,50,600,2.1409588158130646,9.506148974100748,9.6063294001988,0.445822454308094,0.015665796344647518,0.018010963194988253,0.015665796344647518,0.0003,1.0,16.86248755455017
depth4_bal_AAAAMMMM,4,AAAAMMMM,75,900,0.365496260424455,18.747804641723633,18.87873954772949,0.9115535248041775,0.022193211488250653,0.028079203490323303,0.022193211488250653,0.0003,1.0,24.984715461730957
depth4_bal_AAAAMMMM,4,AAAAMMMM,100,1200,0.041099115585287414,21.10810915629069,21.252741840907504,1.0,0.031331592689295036,0.03098780624230898,0.031331592689295036,0.0003,1.0,32.745882987976074
depth4_bal_AAAAMMMM,4,AAAAMMMM,125,1500,0.2608326276143392,17.070464452107746,17.231723403930665,0.952023498694517,0.03524804177545692,0.034791363687213334,0.03524804177545692,0.0003,1.0,40.65073919296265
depth4_bal_AAAAMMMM,4,AAAAMMMM,150,1800,0.037967853248119354,18.82091013590495,18.95809233529227,1.0,0.033942558746736295,0.03579818771674684,0.03524804177545692,0.0003,1.0,48.83219909667969
depth4_bal_AAAAMMMM,4,AAAAMMMM,175,2100,0.033294216419259705,19.88034439086914,20.03647608075823,1.0,0.03524804177545692,0.03445575567736883,0.03524804177545692,0.0003,1.0,57.019240617752075
depth4_bal_AAAAMMMM,4,AAAAMMMM,200,2400,0.10382441431283951,16.647667566935223,16.830729293823243,0.993798955613577,0.03263707571801567,0.04049669985456986,0.03524804177545692,0.0003,1.0,65.34781169891357
depth4_bal_AAAAMMMM,4,AAAAMMMM,225,2700,0.033406919023642935,17.613998413085938,17.778549139840262,1.0,0.03263707571801567,0.03960174516165119,0.03524804177545692,0.0003,1.0,73.58341908454895
depth4_bal_AAAAMMMM,4,AAAAMMMM,250,3000,0.02983693064500888,18.66514778137207,18.834779412405833,1.0,0.033942558746736295,0.040832307864414365,0.03524804177545692,0.0003,1.0,81.83584070205688
depth4_bal_AAAAMMMM,4,AAAAMMMM,275,3300,0.024932406687488157,19.466346104939777,19.60804045540946,1.0,0.033942558746736295,0.041727262557333035,0.03524804177545692,0.0003,1.0,89.80221247673035
depth4_bal_AAAAMMMM,4,AAAAMMMM,300,3600,0.03074335337926944,16.47398312886556,16.57377471923828,1.0,0.03655352480417755,0.04463586530931871,0.03655352480417755,0.0003,1.0,98.12323594093323
depth4_bal_AAAAMMMM,4,AAAAMMMM,325,3900,0.029912046777705353,17.313204447428387,17.39320068359375,1.0,0.03655352480417755,0.045978297348696726,0.03655352480417755,0.0003,1.0,106.03893542289734
depth4_bal_AAAAMMMM,4,AAAAMMMM,350,4200,0.026264301656434935,18.04886817932129,18.15641681126186,1.0,0.04177545691906005,0.04586642801208189,0.04177545691906005,0.0003,1.0,114.29307317733765
depth4_bal_AAAAMMMM,4,AAAAMMMM,375,4500,0.026111264402667683,16.014180819193523,16.1086058480399,1.0,0.04177545691906005,0.050676809486519744,0.04177545691906005,0.0003,1.0,122.63758563995361
depth4_bal_AAAAMMMM,4,AAAAMMMM,400,4800,0.026809432233373325,16.666659037272137,16.746721894400462,1.0,0.04699738903394256,0.05145989484282358,0.04699738903394256,0.0003,1.0,130.62565064430237
depth4_bal_AAAAMMMM,4,AAAAMMMM,425,5100,0.022916647139936686,17.47549819946289,17.492046465192523,1.0,0.04569190600522193,0.05112428683297908,0.04699738903394256,0.0003,1.0,138.76618576049805
depth4_bal_AAAAMMMM,4,AAAAMMMM,450,5400,0.30819594363371533,13.514555295308432,13.549733216421945,0.9572454308093995,0.04308093994778068,0.04944624678375657,0.04699738903394256,0.0003,1.0,146.97705960273743
depth4_bal_AAAAMMMM,4,AAAAMMMM,475,5700,0.0260541884539028,15.954216003417969,15.974636949811662,1.0,0.05221932114882506,0.054927844277883435,0.05221932114882506,0.0003,1.0,155.1376645565033
depth4_bal_AAAAMMMM,4,AAAAMMMM,500,6000,0.023676755372434855,16.686627705891926,16.687716266087122,1.0,0.05352480417754569,0.0548159749412686,0.05352480417754569,0.0003,1.0,163.56835627555847
depth4_bal_AAAAMMMM,4,AAAAMMMM,525,6300,0.10735706674555938,15.343730290730795,15.310524232046944,0.9918407310704961,0.04699738903394256,0.053026065555431254,0.05352480417754569,0.0003,1.0,171.72741961479187
depth4_bal_AAAAMMMM,4,AAAAMMMM,550,6600,0.025227718365689118,15.673857688903809,15.57537670135498,1.0,0.05352480417754569,0.058172055039713615,0.05352480417754569,0.0003,1.0,180.00569128990173
depth4_bal_AAAAMMMM,4,AAAAMMMM,575,6900,0.02288889590029915,16.36740207672119,16.273030935014997,1.0,0.057441253263707574,0.05772457769325428,0.057441253263707574,0.0003,1.0,188.2728133201599
depth4_bal_AAAAMMMM,4,AAAAMMMM,600,7200,0.019842554970333975,17.037974039713543,16.95039588383266,1.0,0.057441253263707574,0.05861953238617295,0.057441253263707574,0.0003,1.0,196.49992442131042
depth4_bal_AAAAMMMM,4,AAAAMMMM,625,7500,0.02536723157390952,16.95664405822754,16.857692418779646,0.9993472584856397,0.057441253263707574,0.06432486855352948,0.057441253263707574,0.0003,1.0,204.76302671432495
depth4_bal_AAAAMMMM,4,AAAAMMMM,650,7800,0.022729423362761736,15.597230275472006,15.489096859523228,1.0,0.06135770234986945,0.06119252712831413,0.06135770234986945,0.0003,1.0,212.9417862892151
depth4_bal_AAAAMMMM,4,AAAAMMMM,675,8100,0.02020157982284824,16.297309557596844,16.155458913530623,1.0,0.06266318537859007,0.06309430585076631,0.06266318537859007,0.0003,1.0,221.14052939414978
depth4_bal_AAAAMMMM,4,AAAAMMMM,700,8400,0.01752188087751468,16.897005081176758,16.729771069117955,1.0,0.06527415143603134,0.06287056717753664,0.06527415143603134,0.0003,1.0,229.45945048332214
depth4_bal_AAAAMMMM,4,AAAAMMMM,725,8700,0.05319317181905111,17.42392349243164,17.252658544267927,0.9924934725848564,0.06527415143603134,0.06164000447477346,0.06527415143603134,0.0003,1.0,237.7235152721405
depth4_bal_AAAAMMMM,4,AAAAMMMM,750,9000,0.022474005507926147,15.244193394978842,15.106647164481027,1.0,0.06788511749347259,0.06622664727598165,0.06788511749347259,0.0003,1.0,245.63886070251465
depth4_bal_AAAAMMMM,4,AAAAMMMM,775,9300,0.019847868165622156,15.882460912068685,15.719933237348284,1.0,0.06135770234986945,0.06499608457321848,0.06788511749347259,0.0003,1.0,254.01831364631653
depth4_bal_AAAAMMMM,4,AAAAMMMM,800,9600,0.01710735463226835,16.466108322143555,16.29269174848284,1.0,0.0639686684073107,0.06611477793936682,0.06788511749347259,0.0003,1.0,261.90893173217773
depth4_bal_AAAAMMMM,4,AAAAMMMM,825,9900,0.019948368271191914,16.13851197560628,16.005600357055663,1.0,0.07180156657963446,0.06779281798858933,0.07180156657963446,0.0003,1.0,270.2450420856476
depth4_bal_AAAAMMMM,4,AAAAMMMM,850,10200,0.02217270154505968,15.330192565917969,15.174922098432269,1.0,0.07180156657963446,0.06600290860275199,0.07180156657963446,0.0003,1.0,278.58447670936584
depth4_bal_AAAAMMMM,4,AAAAMMMM,875,10500,0.01941556188588341,15.911975224812826,15.716651807512555,1.0,0.06919060052219321,0.06723347130551516,0.07180156657963446,0.0003,1.0,286.9994456768036
depth4_bal_AAAAMMMM,4,AAAAMMMM,900,10800,0.016620245839779575,16.415254592895508,16.221580832345143,1.0,0.07180156657963446,0.06924711936458217,0.07180156657963446,0.0003,1.0,294.9879651069641
depth4_bal_AAAAMMMM,4,AAAAMMMM,925,11100,4.106350342432658,7.492640972137451,7.507351071493966,0.2372715404699739,0.033942558746736295,0.03221836894507216,0.07180156657963446,0.0003,1.0,303.2444269657135
depth4_bal_AAAAMMMM,4,AAAAMMMM,950,11400,0.13898070094486079,17.53667640686035,17.517845862252372,0.9634464751958225,0.05483028720626632,0.06264682850430697,0.07180156657963446,0.0003,1.0,311.1011390686035
depth4_bal_AAAAMMMM,4,AAAAMMMM,975,11700,0.021165579091757536,14.375942548116049,14.214588465009417,1.0,0.07571801566579635,0.07428123951224969,0.07571801566579635,0.0003,1.0,318.8838758468628
depth4_bal_AAAAMMMM,4,AAAAMMMM,1000,12000,0.02127736605082949,14.918953895568848,14.734835379464286,1.0,0.07441253263707572,0.07282693813625685,0.07571801566579635,0.0003,1.0,327.1113076210022
depth4_bal_AAAAMMMM,4,AAAAMMMM,1025,12300,0.01833171971763174,15.544200897216797,15.352358300345285,1.0,0.07441253263707572,0.07237946078979751,0.07571801566579635,0.0003,1.0,335.45748472213745
depth4_bal_AAAAMMMM,4,AAAAMMMM,1050,12600,0.015695722696060937,16.106667200724285,15.926579584394183,1.0,0.07963446475195822,0.07148450609687884,0.07963446475195822,0.0003,1.0,343.82084584236145
depth4_bal_AAAAMMMM,4,AAAAMMMM,1075,12900,0.07749191919962566,15.63868490854899,15.42373755318778,0.9944516971279374,0.06919060052219321,0.070030204720886,0.07963446475195822,0.0003,1.0,350.59357929229736
depth4_bal_AAAAMMMM,4,AAAAMMMM,1100,13200,0.022498381479332846,14.831546465555826,14.629510361807688,1.0,0.07049608355091384,0.0752880635417832,0.07963446475195822,0.0003,1.0,357.0838611125946
depth4_bal_AAAAMMMM,4,AAAAMMMM,1125,13500,0.019549991314609844,15.376522699991861,15.170426368713379,1.0,0.0783289817232376,0.07316254614610135,0.07963446475195822,0.0003,1.0,364.58326148986816
depth4_bal_AAAAMMMM,4,AAAAMMMM,1150,13800,0.01670885233518978,15.895929336547852,15.664689554486955,1.0,0.07441253263707572,0.07215572211656784,0.07963446475195822,0.0003,1.0,372.7212567329407
depth4_bal_AAAAMMMM,4,AAAAMMMM,1175,14100,0.014505184333150586,16.33535385131836,16.10592430659703,1.0,0.08093994778067885,0.07148450609687884,0.08093994778067885,0.0003,1.0,376.7279245853424
depth4_bal_AAAAMMMM,4,AAAAMMMM,1200,14400,0.11478821560740471,16.47816785176595,16.31038703918457,0.9787859007832899,0.06135770234986945,0.06533169258306298,0.08093994778067885,0.0003,1.0,384.9081611633301
depth4_bal_AAAAMMMM,4,AAAAMMMM,1225,14700,0.01855525483066837,14.581806500752768,14.341194806780134,1.0,0.07571801566579635,0.08043405302606556,0.08093994778067885,0.0003,1.0,393.0640106201172
depth4_bal_AAAAMMMM,4,AAAAMMMM,1250,15000,0.019483239700396855,14.92988109588623,14.683894457135882,1.0,0.07702349869451697,0.07707797292762054,0.08093994778067885,0.0003,1.0,401.1318271160126
depth4_bal_AAAAMMMM,4,AAAAMMMM,1275,15300,0.016763334395363927,15.48182233174642,15.232666506086076,1.0,0.0783289817232376,0.0752880635417832,0.08093994778067885,0.0003,1.0,409.23521971702576
depth4_bal_AAAAMMMM,4,AAAAMMMM,1300,15600,0.014467745941753188,16.084206581115723,15.76828727722168,1.0,0.07571801566579635,0.07495245553193869,0.08093994778067885,0.0003,1.0,416.9319682121277
depth4_bal_AAAAMMMM,4,AAAAMMMM,1325,15900,0.012233180381978551,16.601231892903645,16.326425198146275,1.0,0.08093994778067885,0.07539993287839804,0.08093994778067885,0.0003,1.0,424.9588854312897
depth4_bal_AAAAMMMM,4,AAAAMMMM,1350,16200,0.10238735812405746,17.21368344624837,16.946667562212262,0.9784595300261096,0.06527415143603134,0.069358988701197,0.08093994778067885,0.0003,1.0,433.042197227478
depth4_bal_AAAAMMMM,4,AAAAMMMM,1375,16500,0.020385399150351684,14.476690292358398,14.174220766339984,1.0,0.08224543080939947,0.08054592236268039,0.08224543080939947,0.0003,1.0,441.2847797870636
depth4_bal_AAAAMMMM,4,AAAAMMMM,1400,16800,0.018571182309339445,15.052462895711264,14.702427346365793,1.0,0.07963446475195822,0.08009844501622106,0.08224543080939947,0.0003,1.0,448.17738676071167
depth4_bal_AAAAMMMM,4,AAAAMMMM,1425,17100,0.015853756495441,15.599187215169271,15.251464326041086,1.0,0.08224543080939947,0.07875601297684305,0.08224543080939947,0.0003,1.0,456.212908744812
depth4_bal_AAAAMMMM,4,AAAAMMMM,1450,17400,0.013913314944754044,16.0943390528361,15.750759833199638,1.0,0.07963446475195822,0.07674236491777604,0.08224543080939947,0.0003,1.0,464.51605224609375
depth4_bal_AAAAMMMM,4,AAAAMMMM,1475,17700,0.2746524487932523,13.605101267496744,13.452289390563966,0.9412532637075718,0.06135770234986945,0.07226759145318268,0.08224543080939947,0.0003,1.0,472.8660523891449
depth4_bal_AAAAMMMM,4,AAAAMMMM,1500,18000,0.014310524876539906,14.364160537719727,14.095537621634348,1.0,0.0835509138381201,0.08502069582727374,0.0835509138381201,0.0003,1.0,479.46293807029724
depth4_bal_AAAAMMMM,4,AAAAMMMM,1525,18300,0.02068555649990837,14.1000763575236,13.792648233686174,1.0,0.08093994778067885,0.08021031435283589,0.0835509138381201,0.0003,1.0,487.92655062675476
depth4_bal_AAAAMMMM,4,AAAAMMMM,1550,18600,0.01784741614634792,14.775580406188965,14.443052864074707,1.0,0.08224543080939947,0.07875601297684305,0.0835509138381201,0.0003,1.0,496.13084626197815
depth4_bal_AAAAMMMM,4,AAAAMMMM,1575,18900,0.01576209665896992,15.37733014424642,15.045911189488002,1.0,0.07702349869451697,0.07842040496699855,0.0835509138381201,0.0003,1.0,503.97864508628845
depth4_bal_AAAAMMMM,4,AAAAMMMM,1600,19200,0.013053194697325429,15.850965817769369,15.498456464494978,1.0,0.0783289817232376,0.07663049558116121,0.0835509138381201,0.0003,1.0,511.9603943824768
depth4_bal_AAAAMMMM,4,AAAAMMMM,1625,19500,3.0572345852851868,5.90780782699585,5.923161765507289,0.2568537859007833,0.04308093994778068,0.041391654547488534,0.0835509138381201,0.0003,1.0,520.0311419963837
depth4_bal_AAAAMMMM,4,AAAAMMMM,1650,19800,0.03846387114996711,16.077775637308758,15.787143680027553,0.9980417754569191,0.07571801566579635,0.08311891710482157,0.0835509138381201,0.0003,1.0,528.0795373916626
depth4_bal_AAAAMMMM,4,AAAAMMMM,1675,20100,0.02073904126882553,13.591973622639975,13.307314573015486,1.0,0.08485639686684072,0.08558004251034791,0.08485639686684072,0.0003,1.0,535.834525346756
depth4_bal_AAAAMMMM,4,AAAAMMMM,1700,20400,0.018550921541949112,14.25385602315267,13.953000695364816,1.0,0.08877284595300261,0.0832307864414364,0.08877284595300261,0.0003,1.0,544.0805389881134
depth4_bal_AAAAMMMM,4,AAAAMMMM,1725,20700,0.01595232356339693,14.81315835316976,14.501040867396764,1.0,0.08093994778067885,0.08021031435283589,0.08877284595300261,0.0003,1.0,552.1949775218964
depth4_bal_AAAAMMMM,4,AAAAMMMM,1750,21000,0.013444188827027878,15.29335848490397,15.010317093985421,1.0,0.08616187989556136,0.07976283700637656,0.08877284595300261,0.0003,1.0,560.2335543632507
depth4_bal_AAAAMMMM,4,AAAAMMMM,1775,21300,0.01138665589193503,15.780349413553873,15.50540599822998,1.0,0.08485639686684072,0.07920349032330239,0.08877284595300261,0.0003,1.0,568.1288189888
depth4_bal_AAAAMMMM,4,AAAAMMMM,1800,21600,0.07503604454298814,15.638997077941895,15.503559385027204,0.9895561357702349,0.06657963446475196,0.07696610359100571,0.08877284595300261,0.0003,1.0,575.9611656665802
depth4_bal_AAAAMMMM,4,AAAAMMMM,1825,21900,0.020174631072829168,13.775487263997396,13.574166624886649,1.0,0.0835509138381201,0.08804116791587425,0.08877284595300261,0.0003,1.0,584.0351674556732
depth4_bal_AAAAMMMM,4,AAAAMMMM,1850,22200,0.017901592732717592,14.345609982808432,14.107504408700125,1.0,0.08877284595300261,0.08401387179774024,0.08877284595300261,0.0003,1.0,592.1066038608551
depth4_bal_AAAAMMMM,4,AAAAMMMM,1875,22500,0.01531869227377077,14.856966654459635,14.602968352181572,1.0,0.0835509138381201,0.08300704776820673,0.08877284595300261,0.0003,1.0,599.8928787708282
depth4_bal_AAAAMMMM,4,AAAAMMMM,1900,22800,0.013490555807948112,15.313049952189127,15.047362899780273,1.0,0.08877284595300261,0.0812171383823694,0.08877284595300261,0.0003,1.0,607.7433793544769
depth4_bal_AAAAMMMM,4,AAAAMMMM,1925,23100,0.010833085048943758,15.742202758789062,15.493723024640765,1.0,0.08485639686684072,0.08144087705559906,0.08877284595300261,0.0003,1.0,610.798015832901
depth4_bal_AAAAMMMM,4,AAAAMMMM,1950,23400,0.2139031464854876,15.558741251627604,15.287114361354282,0.9386422976501305,0.07963446475195822,0.07976283700637656,0.08877284595300261,0.0003,1.0,615.8330247402191
depth4_bal_AAAAMMMM,4,AAAAMMMM,1975,23700,0.019299769929299753,12.96599006652832,12.759701538085938,1.0,0.097911227154047,0.09777380020136481,0.097911227154047,0.0003,1.0,624.183666229248
depth4_bal_AAAAMMMM,4,AAAAMMMM,2000,24000,0.01906329160556197,13.426137288411459,13.18308037349156,1.0,0.09530026109660575,0.09251594138046762,0.097911227154047,0.0003,1.0,632.1116144657135
depth4_bal_AAAAMMMM,4,AAAAMMMM,2025,24300,0.016690178696687024,13.991579373677572,13.757607460021973,1.0,0.09138381201044386,0.08915986128202259,0.097911227154047,0.0003,1.0,640.2008304595947
depth4_bal_AAAAMMMM,4,AAAAMMMM,2050,24600,0.01417778393564125,14.510086059570312,14.278373963492257,1.0,0.09138381201044386,0.08792929857925942,0.097911227154047,0.0003,1.0,648.1720931529999
depth4_bal_AAAAMMMM,4,AAAAMMMM,2075,24900,0.012234567198902369,15.000210762023926,14.754337338038853,1.0,0.09007832898172324,0.08535630383711824,0.097911227154047,0.0003,1.0,656.4883942604065
depth4_bal_AAAAMMMM,4,AAAAMMMM,2100,25200,0.05454281469186147,14.19787311553955,14.084716878618513,0.9957571801566579,0.10182767624020887,0.09956370958720215,0.10182767624020887,0.0003,1.0,664.7152082920074
depth4_bal_AAAAMMMM,4,AAAAMMMM,2125,25500,0.01969636433447401,13.264786720275879,13.034433610098702,1.0,0.097911227154047,0.09810940821120931,0.10182767624020887,0.0003,1.0,673.0195026397705
depth4_bal_AAAAMMMM,4,AAAAMMMM,2150,25800,0.016993171302601695,13.79521910349528,13.536636461530414,1.0,0.09530026109660575,0.09374650408323079,0.10182767624020887,0.0003,1.0,681.0778422355652
depth4_bal_AAAAMMMM,4,AAAAMMMM,2175,26100,0.014488907530903816,14.292842229207357,14.016376522609166,1.0,0.09399477806788512,0.09162098668754894,0.10182767624020887,0.0003,1.0,689.3356277942657
depth4_bal_AAAAMMMM,4,AAAAMMMM,2200,26400,0.012470996550594768,14.75341796875,14.457227597917829,1.0,0.08746736292428199,0.0898310773017116,0.10182767624020887,0.0003,1.0,697.5880916118622
depth4_bal_AAAAMMMM,4,AAAAMMMM,2225,26700,0.5236881673336029,10.24199644724528,10.160311862400599,0.8668407310704961,0.09138381201044386,0.09810940821120931,0.10182767624020887,0.0003,1.0,705.8213572502136
depth4_bal_AAAAMMMM,4,AAAAMMMM,2250,27000,0.013959297832722465,12.43517780303955,12.268870271955217,1.0,0.10835509138381201,0.11746280344557557,0.10835509138381201,0.0003,1.0,714.1231708526611
depth4_bal_AAAAMMMM,4,AAAAMMMM,2275,27300,0.017909718366960686,12.413585980733236,12.213449042184012,1.0,0.10443864229765012,0.10851325651638886,0.10835509138381201,0.0003,1.0,722.4210379123688
depth4_bal_AAAAMMMM,4,AAAAMMMM,2300,27600,0.015587211431314548,13.025309562683105,12.820588929312569,1.0,0.10052219321148825,0.10168922698288399,0.10835509138381201,0.0003,1.0,730.2673597335815
depth4_bal_AAAAMMMM,4,AAAAMMMM,2325,27900,0.013306076172739267,13.621270179748535,13.384512519836425,1.0,0.09399477806788512,0.09900436290412798,0.10835509138381201,0.0003,1.0,738.3172612190247
depth4_bal_AAAAMMMM,4,AAAAMMMM,2350,28200,0.012118557468056679,14.117184003194174,13.877388736179897,1.0,0.08746736292428199,0.09777380020136481,0.10835509138381201,0.0003,1.0,746.4813330173492
depth4_bal_AAAAMMMM,4,AAAAMMMM,2375,28500,0.039040984430660806,13.722963015238443,13.345824432373046,0.9957571801566579,0.12010443864229765,0.12070701420740575,0.12010443864229765,0.0003,1.0,754.5523574352264
depth4_bal_AAAAMMMM,4,AAAAMMMM,2400,28800,0.017754247256865103,11.608945846557617,11.345481382097518,1.0,0.1174934725848564,0.12361561695939143,0.12010443864229765,0.0003,1.0,762.1620025634766
depth4_bal_AAAAMMMM,4,AAAAMMMM,2425,29100,0.015984750197579462,12.153756459554037,11.912023626055037,1.0,0.11357702349869452,0.11768654211880523,0.12010443864229765,0.0003,1.0,770.5209031105042
depth4_bal_AAAAMMMM,4,AAAAMMMM,2450,29400,0.013416500529274344,12.67895253499349,12.435253361293247,1.0,0.10704960835509138,0.11276429130775255,0.12010443864229765,0.0003,1.0,778.8474490642548
depth4_bal_AAAAMMMM,4,AAAAMMMM,2475,29700,0.011742711843301853,13.200089454650879,12.949144445146834,1.0,0.11096605744125326,0.11007942722899654,0.12010443864229765,0.0003,1.0,787.0777921676636
depth4_bal_AAAAMMMM,4,AAAAMMMM,2500,30000,0.04082962249716123,12.920005798339844,12.644247273036411,0.9957571801566579,0.11618798955613577,0.1304396464928963,0.12010443864229765,0.0003,1.0,795.306161403656
depth4_bal_AAAAMMMM,4,AAAAMMMM,2525,30300,0.01584283510843913,10.922574996948242,10.723994990757534,1.0,0.12924281984334204,0.13267703322519298,0.12924281984334204,0.0003,1.0,803.6400454044342
depth4_bal_AAAAMMMM,4,AAAAMMMM,2550,30600,0.014342704710240165,11.529364903767904,11.316477721078055,1.0,0.1227154046997389,0.12562926501845845,0.12924281984334204,0.0003,1.0,812.1647005081177
depth4_bal_AAAAMMMM,4,AAAAMMMM,2575,30900,0.012316664991279444,12.087323188781738,11.845053345816476,1.0,0.12010443864229765,0.12193757691016892,0.12924281984334204,0.0003,1.0,820.0357058048248
depth4_bal_AAAAMMMM,4,AAAAMMMM,2600,31200,0.011671469857295355,12.631880442301432,12.401270375932967,1.0,0.12010443864229765,0.11701532609911623,0.12924281984334204,0.0003,1.0,828.1027684211731
depth4_bal_AAAAMMMM,4,AAAAMMMM,2625,31500,0.013185800363620123,9.386449813842773,9.155861854553223,1.0,0.20496083550913838,0.20449714733191632,0.20496083550913838,0.0003,1.0,836.4268050193787
depth4_bal_AAAAMMMM,4,AAAAMMMM,2650,31800,0.018754275670895975,8.885669072469076,8.64048911503383,1.0,0.20365535248041775,0.20595144870790916,0.20496083550913838,0.0003,1.0,844.8698990345001
depth4_bal_AAAAMMMM,4,AAAAMMMM,2675,32100,0.016153944966693718,9.260080337524414,9.000944328308105,1.0,0.19321148825065274,0.20069358988701197,0.20496083550913838,0.0003,1.0,852.8641440868378
depth4_bal_AAAAMMMM,4,AAAAMMMM,2700,32400,0.013774587695176402,9.529245694478353,9.270537376403809,1.0,0.18929503916449086,0.19901554983778946,0.20496083550913838,0.0003,1.0,861.2355098724365
depth4_bal_AAAAMMMM,4,AAAAMMMM,2725,32700,0.011631182938193282,9.761313438415527,9.498513657706125,1.0,0.185378590078329,0.19655442443226312,0.20496083550913838,0.0003,1.0,869.6944377422333
depth4_bal_AAAAMMMM,4,AAAAMMMM,2750,33000,0.2786523563166459,5.187243938446045,5.083743013654437,0.9471279373368147,0.23759791122715404,0.2440988924935675,0.23759791122715404,0.0003,1.0,877.5579786300659
depth4_bal_AAAAMMMM,4,AAAAMMMM,2775,33300,0.01963789202272892,6.289508819580078,6.1413376535688124,1.0,0.24804177545691905,0.26031994630271843,0.24804177545691905,0.0003,1.0,885.6066191196442
depth4_bal_AAAAMMMM,4,AAAAMMMM,2800,33600,0.016585634943718713,6.2918938000996905,6.140993322644915,1.0,0.24934725848563968,0.2644591117574673,0.24934725848563968,0.0003,1.0,893.611932516098
depth4_bal_AAAAMMMM,4,AAAAMMMM,2825,33900,0.01415611912185947,6.268014907836914,6.102103573935373,1.0,0.2558746736292428,0.27161874930081664,0.2558746736292428,0.0003,1.0,901.6888315677643
depth4_bal_AAAAMMMM,4,AAAAMMMM,2850,34200,0.011904134415090084,6.133509476979573,5.973746463230678,1.0,0.26109660574412535,0.27866651750755117,0.26109660574412535,0.0003,1.0,909.9279413223267
depth4_bal_AAAAMMMM,4,AAAAMMMM,2875,34500,0.00923484757853051,5.908793608347575,5.74404296875,1.0,0.27676240208877284,0.2924264459111757,0.27676240208877284,0.0003,1.0,918.157767534256
depth4_bal_AAAAMMMM,4,AAAAMMMM,2900,34800,1.2243405679861705,3.218165318171183,3.2478256157466343,0.6671018276762402,0.23368146214099217,0.2505873140172279,0.27676240208877284,0.0003,1.0,926.3972837924957
depth4_bal_AAAAMMMM,4,AAAAMMMM,2925,35100,0.02665701803440849,2.148542324701945,2.148545493398394,1.0,0.5156657963446475,0.5288063541783197,0.5156657963446475,0.0003,1.0,934.7005484104156
depth4_bal_AAAAMMMM,4,AAAAMMMM,2950,35400,0.022094840339074533,1.6298535664876301,1.6434065682547434,1.0,0.5953002610966057,0.5933549614050788,0.5953002610966057,0.0003,1.0,942.9762012958527
depth4_bal_AAAAMMMM,4,AAAAMMMM,2975,35700,0.018212879697481792,1.2365322907765706,1.2337589468274797,1.0,0.6527415143603134,0.6636089047991945,0.6527415143603134,0.0003,1.0,951.0907373428345
depth4_bal_AAAAMMMM,4,AAAAMMMM,3000,36000,0.014844877490152916,0.9118998646736145,0.8913623741694859,1.0,0.7389033942558747,0.7397919230338964,0.7389033942558747,0.0003,1.0,958.887791633606
depth4_bal_AAAAMMMM,4,AAAAMMMM,3025,36300,0.012068186110506455,0.6966350873311361,0.664482011113848,1.0,0.783289817232376,0.8009844501622105,0.783289817232376,0.0003,1.0,967.0737135410309
depth4_bal_AAAAMMMM,4,AAAAMMMM,3050,36600,0.01082495724161466,0.5666431784629822,0.519305671112878,1.0,0.8368146214099217,0.8399149793041727,0.8368146214099217,0.0003,1.0,974.6518030166626
depth4_bal_AAAAMMMM,4,AAAAMMMM,3075,36900,0.046788545325398445,0.5314981540044149,0.5352240877492087,1.0,0.8342036553524804,0.8234701868217922,0.8368146214099217,0.0003,1.0,982.7986454963684
depth4_bal_AAAAMMMM,4,AAAAMMMM,3100,37200,0.02992005863537391,0.377523531516393,0.3955972330910819,1.0,0.8825065274151436,0.8723570869224746,0.8825065274151436,0.0003,1.0,991.1102800369263
depth4_bal_AAAAMMMM,4,AAAAMMMM,3125,37500,0.02229880231122176,0.2776937484741211,0.2992758572101593,1.0,0.9046997389033943,0.9073721892829175,0.9046997389033943,0.0003,1.0,999.3805446624756
depth4_bal_AAAAMMMM,4,AAAAMMMM,3150,37800,0.017345580272376537,0.20605616768201193,0.2241287695510047,1.0,0.9386422976501305,0.9337733527240184,0.9386422976501305,0.0003,1.0,1004.1148881912231
depth4_bal_AAAAMMMM,4,AAAAMMMM,3175,38100,0.013693337483952442,0.15141497552394867,0.16294325909444263,1.0,0.9647519582245431,0.9558116120371406,0.9647519582245431,0.0003,1.0,1012.2817957401276
depth4_bal_AAAAMMMM,4,AAAAMMMM,3200,38400,0.011053455605482062,0.11865515510241191,0.1201485486967223,1.0,0.9765013054830287,0.968340977738002,0.9765013054830287,0.0003,1.0,1018.606826543808
depth4_bal_AAAAMMMM,4,AAAAMMMM,3225,38700,0.008942522651826343,0.09208546330531438,0.09123439405645643,1.0,0.9778067885117493,0.9787448260431816,0.9778067885117493,0.0003,1.0,1025.5683336257935
depth4_bal_AAAAMMMM,4,AAAAMMMM,3250,39000,0.007335897147034605,0.06963438043991725,0.07201528549194336,1.0,0.9908616187989556,0.9847857702203826,0.9908616187989556,0.0003,1.0,1031.4288928508759
depth4_bal_AAAAMMMM,4,AAAAMMMM,3275,39300,0.005960749617467324,0.05175554379820824,0.056411020244870866,1.0,0.9934725848563969,0.9887011970019017,0.9934725848563969,0.0003,1.0,1039.9365043640137
depth4_bal_AAAAMMMM,4,AAAAMMMM,3300,39600,0.004924119838202993,0.04291679461797079,0.04652976239366191,1.0,0.9934725848563969,0.991945407763732,0.9934725848563969,0.0003,1.0,1047.9892735481262
depth4_bal_AAAAMMMM,4,AAAAMMMM,3325,39900,0.0038036568051514528,0.03878963366150856,0.038935803888099536,1.0,0.9947780678851175,0.9930641011298803,0.9947780678851175,0.0003,1.0,1056.0002715587616
depth4_bal_AAAAMMMM,4,AAAAMMMM,3350,40200,0.003085402053936074,0.03593488410115242,0.033785151637026244,1.0,0.9947780678851175,0.9944065331692583,0.9947780678851175,0.0003,1.0,1063.9815101623535
depth4_bal_AAAAMMMM,4,AAAAMMMM,3375,40500,0.0025773763579005995,0.03522303948799769,0.030970322606819017,1.0,0.9934725848563969,0.9944065331692583,0.9947780678851175,0.0003,1.0,1071.8905999660492
depth4_bal_AAAAMMMM,4,AAAAMMMM,3400,40800,0.0022960774852739028,0.0416593998670578,0.03434412085584232,1.0,0.9882506527415144,0.9925047544468061,0.9947780678851175,0.0003,1.0,1080.1635603904724
depth4_bal_AAAAMMMM,4,AAAAMMMM,3425,41100,2.9107023844553623,5.441818078358968,5.441760444641114,0.793733681462141,0.19451697127937337,0.20069358988701197,0.9947780678851175,0.0003,1.0,1088.3733451366425
depth4_bal_AAAAMMMM,4,AAAAMMMM,3450,41400,0.018249581024671595,0.13769803444544473,0.14146192989179066,1.0,0.9595300261096605,0.9599507774918895,0.9947780678851175,0.0003,1.0,1096.6488835811615
depth4_bal_AAAAMMMM,4,AAAAMMMM,3475,41700,0.013237565755844116,0.10045914351940155,0.10611592403479984,1.0,0.9738903394255874,0.9709139724801432,0.9947780678851175,0.0003,1.0,1105.0220892429352
depth4_bal_AAAAMMMM,4,AAAAMMMM,3500,42000,0.010399725288152695,0.08504348248243332,0.08771123183625085,1.0,0.9765013054830287,0.9780736100234926,0.9947780678851175,0.0003,1.0,1113.2748799324036
depth4_bal_AAAAMMMM,4,AAAAMMMM,3525,42300,0.015186896082013845,0.07831285645564397,0.07634574409042086,1.0,0.9921671018276762,0.987918111645598,0.9947780678851175,0.0003,1.0,1121.5982506275177
depth4_bal_AAAAMMMM,4,AAAAMMMM,3550,42600,0.01225596914688746,0.07243622591098149,0.06617247994456972,1.0,0.9921671018276762,0.9910504530708133,0.9947780678851175,0.0003,1.0,1129.4435603618622
depth4_bal_AAAAMMMM,4,AAAAMMMM,3575,42900,0.010148990666493773,0.06842435896396637,0.06146880526627813,1.0,0.9908616187989556,0.989931759704665,0.9947780678851175,0.0003,1.0,1137.5075180530548
depth4_bal_AAAAMMMM,4,AAAAMMMM,3600,43200,0.008304369635879993,0.06341360012690227,0.05721835164087159,1.0,0.9921671018276762,0.9903792370511243,0.9947780678851175,0.0003,1.0,1145.7706408500671
depth4_bal_AAAAMMMM,4,AAAAMMMM,3625,43500,0.006865400432919462,0.0597717339793841,0.054858081255640304,1.0,0.9908616187989556,0.9887011970019017,0.9947780678851175,0.0003,1.0,1154.0064601898193
depth4_bal_AAAAMMMM,4,AAAAMMMM,3650,43800,0.005592778325080872,0.05464062839746475,0.051408250257372855,1.0,0.9895561357702349,0.9891486743483611,0.9947780678851175,0.0003,1.0,1162.2617826461792
depth4_bal_AAAAMMMM,4,AAAAMMMM,3675,44100,0.00429826866214474,0.050286389887332916,0.047568219101854735,1.0,0.9908616187989556,0.9893724130215907,0.9947780678851175,0.0003,1.0,1170.5196771621704
depth4_bal_AAAAMMMM,4,AAAAMMMM,3700,44400,0.03045540473734339,0.13726663837830225,0.13823781396661486,0.9986945169712794,0.9621409921671018,0.964984897639557,0.9947780678851175,0.0003,1.0,1178.7218873500824
depth4_bal_AAAAMMMM,4,AAAAMMMM,3725,44700,0.015126737455526987,0.11133531977732976,0.11581028997898102,1.0,0.9699738903394256,0.972368273856136,0.9947780678851175,0.0003,1.0,1186.981496334076
depth4_bal_AAAAMMMM,4,AAAAMMMM,3750,45000,0.011657132456700007,0.10238113378485043,0.10816320521490914,1.0,0.9738903394255874,0.9749412685982772,0.9947780678851175,0.0003,1.0,1195.2704391479492
depth4_bal_AAAAMMMM,4,AAAAMMMM,3775,45300,0.02636636250341932,0.11705726633469264,0.11541872524789401,1.0,0.9725848563968669,0.9752768766081217,0.9947780678851175,0.0003,1.0,1203.21520113945
depth4_bal_AAAAMMMM,4,AAAAMMMM,3800,45600,0.016432221746072173,0.10940484205881755,0.10416782913463456,1.0,0.9699738903394256,0.9746056605884327,0.9947780678851175,0.0003,1.0,1206.1714162826538
depth4_bal_AAAAMMMM,4,AAAAMMMM,3825,45900,0.013392616994678974,0.10976804047822952,0.10000765068190438,1.0,0.9712793733681462,0.9752768766081217,0.9947780678851175,0.0003,1.0,1209.1321921348572
depth4_bal_AAAAMMMM,4,AAAAMMMM,3850,46200,0.01721531874500215,0.10536240537961324,0.10360293132918222,0.9993472584856397,0.9778067885117493,0.9732632285490547,0.9947780678851175,0.0003,1.0,1215.6806259155273
depth4_bal_AAAAMMMM,4,AAAAMMMM,3875,46500,0.010732418081412712,0.09747583170731862,0.09370960380349841,1.0,0.9751958224543081,0.9765074393108849,0.9947780678851175,0.0003,1.0,1223.8039193153381
depth4_bal_AAAAMMMM,4,AAAAMMMM,3900,46800,0.008660366642288864,0.09627097596724828,0.08749135487845966,1.0,0.9738903394255874,0.97639556997427,0.9947780678851175,0.0003,1.0,1232.0503525733948
depth4_bal_AAAAMMMM,4,AAAAMMMM,3925,47100,0.007630876149050891,0.09616386766235034,0.08874046834451811,1.0,0.9751958224543081,0.9748293992616623,0.9947780678851175,0.0003,1.0,1240.293979883194
depth4_bal_AAAAMMMM,4,AAAAMMMM,3950,47400,0.058322285301983356,0.1627631038427353,0.15581265283482415,1.0,0.9595300261096605,0.9654323749860163,0.9947780678851175,0.0003,1.0,1248.4864056110382
depth4_bal_AAAAMMMM,4,AAAAMMMM,3975,47700,0.018739083083346486,0.11133600274721782,0.113777572874512,1.0,0.9738903394255874,0.9724801431927509,0.9947780678851175,0.0003,1.0,1256.5582761764526
depth4_bal_AAAAMMMM,4,AAAAMMMM,4000,48000,0.014876259413237372,0.10512381047010422,0.10787445328065327,1.0,0.9725848563968669,0.9720326658462916,0.9947780678851175,0.0003,1.0,1264.6165409088135
depth4_bal_AAAAMMMM,4,AAAAMMMM,4025,48300,0.011672080882514516,0.09461722026268642,0.09971082285046577,1.0,0.9751958224543081,0.9738225752321289,0.9947780678851175,0.0003,1.0,1272.8649291992188
depth4_bal_AAAAMMMM,4,AAAAMMMM,4050,48600,0.009374265985873839,0.08822843432426453,0.09524065160325595,1.0,0.9751958224543081,0.9734869672222843,0.9947780678851175,0.0003,1.0,1280.4140167236328
depth4_bal_AAAAMMMM,4,AAAAMMMM,4075,48900,0.02809869040114184,0.2394493967294693,0.21361758964402336,0.9944516971279374,0.9177545691906005,0.9338852220606332,0.9947780678851175,0.0003,1.0,1288.4318890571594
depth4_bal_AAAAMMMM,4,AAAAMMMM,4100,49200,0.017196522559970617,0.09715794026851654,0.09610065860407693,1.0,0.9804177545691906,0.9785210873699519,0.9947780678851175,0.0003,1.0,1296.6786663532257
depth4_bal_AAAAMMMM,4,AAAAMMMM,4125,49500,0.01323251953969399,0.08255131418506305,0.08937508101974215,1.0,0.9856396866840731,0.9803109967557893,0.9947780678851175,0.0003,1.0,1305.0764636993408
depth4_bal_AAAAMMMM,4,AAAAMMMM,4150,49800,0.010453318090488514,0.07822932427128156,0.08432684200150627,1.0,0.9817232375979112,0.9788566953797964,0.9947780678851175,0.0003,1.0,1313.1969928741455
depth4_bal_AAAAMMMM,4,AAAAMMMM,4175,50100,0.008612674932616452,0.07840277254581451,0.08217414553676333,1.0,0.97911227154047,0.9776261326770332,0.9947780678851175,0.0003,1.0,1321.1662929058075
depth4_bal_AAAAMMMM,4,AAAAMMMM,4200,50400,0.06512180157005787,0.11820739756027858,0.1137127976332392,0.9934725848563969,0.9621409921671018,0.9711377111533729,0.9947780678851175,0.0003,1.0,1329.188261270523
depth4_bal_AAAAMMMM,4,AAAAMMMM,4225,50700,0.011388775892555714,0.08629887302716573,0.08425079094512122,1.0,0.9738903394255874,0.9776261326770332,0.9947780678851175,0.0003,1.0,1336.8921737670898
depth4_bal_AAAAMMMM,4,AAAAMMMM,4250,51000,0.009441681671887636,0.0844265694419543,0.08273109378559249,1.0,0.9765013054830287,0.9769549166573442,0.9947780678851175,0.0003,1.0,1345.1198449134827
depth4_bal_AAAAMMMM,4,AAAAMMMM,4275,51300,0.007472503697499633,0.0819174200296402,0.07967772361423288,1.0,0.9765013054830287,0.97639556997427,0.9947780678851175,0.0003,1.0,1352.9823229312897
depth4_bal_AAAAMMMM,4,AAAAMMMM,4300,51600,0.006507588860889276,0.08754944304625194,0.08077473395637104,1.0,0.9712793733681462,0.9761718313010403,0.9947780678851175,0.0003,1.0,1361.2513182163239
depth4_bal_AAAAMMMM,4,AAAAMMMM,4325,51900,0.005275636717366676,0.07737360646327336,0.07821776254900864,1.0,0.97911227154047,0.9759480926278107,0.9947780678851175,0.0003,1.0,1369.0776579380035
depth4_bal_AAAAMMMM,4,AAAAMMMM,4350,52200,1.5908207098642986,1.5701285203297932,1.5676332882472448,0.5737597911227154,0.5718015665796344,0.5703098780624231,0.9947780678851175,0.0003,1.0,1377.2256290912628
depth4_bal_AAAAMMMM,4,AAAAMMMM,4375,52500,0.026743303673962753,0.1249659111102422,0.14328360334038734,0.9993472584856397,0.9817232375979112,0.9789685647164112,0.9947780678851175,0.0003,1.0,1384.9526150226593
depth4_bal_AAAAMMMM,4,AAAAMMMM,4400,52800,0.017349155542130273,0.10142813622951508,0.12023898363113403,0.9993472584856397,0.9843342036553525,0.9799753887459447,0.9947780678851175,0.0003,1.0,1393.2281641960144
depth4_bal_AAAAMMMM,4,AAAAMMMM,4425,53100,0.01310845441184938,0.09041546036799748,0.10590760793004717,1.0,0.9856396866840731,0.9825483834880859,0.9947780678851175,0.0003,1.0,1401.4976181983948
depth4_bal_AAAAMMMM,4,AAAAMMMM,4450,53400,0.010594647921000918,0.0823886791865031,0.09754794271928924,1.0,0.9882506527415144,0.9826602528247007,0.9947780678851175,0.0003,1.0,1409.7043030261993
depth4_bal_AAAAMMMM,4,AAAAMMMM,4475,53700,0.008554724122708043,0.0761209453145663,0.08893514743873052,1.0,0.9895561357702349,0.9838908155274639,0.9947780678851175,0.0003,1.0,1417.9348032474518
depth4_bal_AAAAMMMM,4,AAAAMMMM,4500,54000,0.006730550395635267,0.0706866942346096,0.0830467871257237,1.0,0.9908616187989556,0.9845620315471529,0.9947780678851175,0.0003,1.0,1426.155874490738
depth4_bal_AAAAMMMM,4,AAAAMMMM,4525,54300,0.005475009636332591,0.06786233310898145,0.07762234317404883,1.0,0.9908616187989556,0.9852332475668419,0.9947780678851175,0.0003,1.0,1434.1652817726135
depth4_bal_AAAAMMMM,4,AAAAMMMM,4550,54600,0.0044398902682587504,0.06267119199037552,0.0716594496741891,1.0,0.9908616187989556,0.9859044635865309,0.9947780678851175,0.0003,1.0,1442.227284193039
depth4_bal_AAAAMMMM,4,AAAAMMMM,4575,54900,0.0036489904935782156,0.06019102285305659,0.06933920958212443,1.0,0.9908616187989556,0.9867994182794496,0.9947780678851175,0.0003,1.0,1450.1730999946594
depth4_bal_AAAAMMMM,4,AAAAMMMM,4600,55200,0.0029501391109079123,0.056622487803300224,0.06729929774467434,1.0,0.9908616187989556,0.9864638102696051,0.9947780678851175,0.0003,1.0,1457.7473566532135
depth4_bal_AAAAMMMM,4,AAAAMMMM,4625,55500,4.541476130485535,4.613878568013509,4.606964329310826,0.022845953002610966,0.007832898172323759,0.015437968452847074,0.9947780678851175,0.0003,1.0,1465.741613149643
depth4_bal_AAAAMMMM,4,AAAAMMMM,4650,55800,2.6537145376205444,2.71545680363973,2.771637337548392,0.1641644908616188,0.16971279373368145,0.14610135361897303,0.9947780678851175,0.0003,1.0,1473.7531440258026
depth4_bal_AAAAMMMM,4,AAAAMMMM,4675,56100,2.2152449091275535,2.3426694869995117,2.396252053124564,0.22486945169712794,0.22193211488250653,0.19789685647164112,0.9947780678851175,0.0003,1.0,1481.9576156139374
depth4_bal_AAAAMMMM,4,AAAAMMMM,4700,56400,2.051513582468033,2.1312267780303955,2.1816844940185547,0.2477154046997389,0.2584856396866841,0.22944400939702428,0.9947780678851175,0.0003,1.0,1490.0896215438843
depth4_bal_AAAAMMMM,4,AAAAMMMM,4725,56700,1.9982105990250905,2.038372755050659,2.122622346878052,0.25032637075718017,0.26109660574412535,0.23257635082223962,0.9947780678851175,0.0003,1.0,1498.0534205436707
depth4_bal_AAAAMMMM,4,AAAAMMMM,4750,57000,1.9121156136194866,1.977613925933838,2.0298656906400407,0.2963446475195822,0.29765013054830286,0.26501845844054145,0.9947780678851175,0.0003,1.0,1506.083328485489
depth4_bal_AAAAMMMM,4,AAAAMMMM,4775,57300,1.8705304662386577,2.0158795515696206,2.039287608010428,0.2983028720626632,0.293733681462141,0.29455196330685757,0.9947780678851175,0.0003,1.0,1514.5187141895294
depth4_bal_AAAAMMMM,4,AAAAMMMM,4800,57600,2.01669043302536,2.1366034348805747,2.1873560224260604,0.22389033942558748,0.21409921671018275,0.19957489652086363,0.9947780678851175,0.0003,1.0,1522.908810377121
depth4_bal_AAAAMMMM,4,AAAAMMMM,4825,57900,1.85239444176356,1.8419931729634602,1.8849567924227033,0.28100522193211486,0.3133159268929504,0.30618637431480034,0.9947780678851175,0.0003,1.0,1531.0884490013123
depth4_bal_AAAAMMMM,4,AAAAMMMM,4850,58200,1.7332731386025746,1.7595363855361938,1.7913325718470983,0.3266971279373368,0.34203655352480417,0.3315807137263676,0.9947780678851175,0.0003,1.0,1539.2150650024414
depth4_bal_AAAAMMMM,4,AAAAMMMM,4875,58500,2.054485023021698,2.0597652594248452,2.0907305376870293,0.21801566579634465,0.19712793733681463,0.20002237386732297,0.9947780678851175,0.0003,1.0,1547.3953638076782
depth4_bal_AAAAMMMM,4,AAAAMMMM,4900,58800,1.8771767516930897,1.8266475598017375,1.8869366884231566,0.26338120104438645,0.2741514360313316,0.2665846291531491,0.9947780678851175,0.0003,1.0,1555.4048206806183
depth4_bal_AAAAMMMM,4,AAAAMMMM,4925,59100,1.7980520327885945,1.8990240891774495,1.9358764614377704,0.2754569190600522,0.25326370757180156,0.2509229220270724,0.9947780678851175,0.0003,1.0,1563.452026128769
depth4_bal_AAAAMMMM,4,AAAAMMMM,4950,59400,1.8418524265289307,1.8172814846038818,1.834771238054548,0.27447780678851175,0.2989556135770235,0.2867211097438192,0.9947780678851175,0.0003,1.0,1571.3755948543549
depth4_bal_AAAAMMMM,4,AAAAMMMM,4975,59700,1.6757646600405376,1.678889552752177,1.7035658052989415,0.3191906005221932,0.35509138381201044,0.34198456203154715,0.9947780678851175,0.0003,1.0,1579.4887158870697
depth4_bal_AAAAMMMM,4,AAAAMMMM,5000,60000,1.5975322524706523,1.7308250665664673,1.7219298056193761,0.36977806788511747,0.283289817232376,0.3106611477793937,0.9947780678851175,0.0003,1.0,1587.5308074951172
depth4_bal_AAAAMMMM,4,AAAAMMMM,5025,60300,1.601617008447647,1.6620956261952717,1.6806887831006732,0.3537859007832898,0.30809399477806787,0.31289853451169036,0.9947780678851175,0.0003,1.0,1595.8520903587341
depth4_bal_AAAAMMMM,4,AAAAMMMM,5050,60600,1.5915774603684743,1.6239946683247883,1.6381051915032523,0.3531331592689295,0.3381201044386423,0.3352724018346571,0.9947780678851175,0.0003,1.0,1603.8818910121918
depth4_bal_AAAAMMMM,4,AAAAMMMM,5075,60900,1.6346777776877086,1.6946780284245808,1.723507707459586,0.3266971279373368,0.26631853785900783,0.2883991497930417,0.9947780678851175,0.0003,1.0,1611.9777793884277
depth4_bal_AAAAMMMM,4,AAAAMMMM,5100,61200,1.6367021004358928,1.7068209250768025,1.7229716335024152,0.31462140992167104,0.2989556135770235,0.2963418726926949,0.9947780678851175,0.0003,1.0,1619.9840128421783
depth4_bal_AAAAMMMM,4,AAAAMMMM,5125,61500,1.4400812983512878,1.4331763585408528,1.451334660393851,0.4592036553524804,0.47780678851174935,0.47745832867211097,0.9947780678851175,0.0003,1.0,1627.7700169086456
depth4_bal_AAAAMMMM,4,AAAAMMMM,5150,61800,1.4558397432168324,1.4568143288294475,1.4904912165233066,0.408289817232376,0.42689295039164493,0.39814296901219376,0.9947780678851175,0.0003,1.0,1635.994312286377
depth4_bal_AAAAMMMM,4,AAAAMMMM,5175,62100,1.414322296778361,1.413844625155131,1.4342642443520681,0.42493472584856395,0.4699738903394256,0.46806130439646493,0.9947780678851175,0.0003,1.0,1644.2123181819916
depth4_bal_AAAAMMMM,4,AAAAMMMM,5200,62400,1.3878489633401234,1.4481420119603474,1.4723615305764335,0.4608355091383812,0.4151436031331593,0.42633404183913187,0.9947780678851175,0.0003,1.0,1652.0577430725098
depth4_bal_AAAAMMMM,4,AAAAMMMM,5225,62700,1.3774886727333069,1.4073351621627808,1.4429971286228724,0.4497389033942559,0.44386422976501305,0.422194876384383,0.9947780678851175,0.0003,1.0,1660.086817741394
depth4_bal_AAAAMMMM,4,AAAAMMMM,5250,63000,2.124976317087809,2.204755703608195,2.190975686482021,0.21442558746736293,0.1618798955613577,0.19510012305627028,0.9947780678851175,0.0003,1.0,1668.2768332958221
depth4_bal_AAAAMMMM,4,AAAAMMMM,5275,63300,1.415250966946284,1.4158766269683838,1.4335001502718245,0.45039164490861616,0.4934725848563969,0.47745832867211097,0.9947780678851175,0.0003,1.0,1676.1603586673737
depth4_bal_AAAAMMMM,4,AAAAMMMM,5300,63600,1.7114606499671936,1.704664985338847,1.6967613424573627,0.2839425587467363,0.30809399477806787,0.28716858709027854,0.9947780678851175,0.0003,1.0,1684.2592759132385
depth4_bal_AAAAMMMM,4,AAAAMMMM,5325,63900,1.379769076903661,1.3721774419148762,1.4001523426600866,0.4872715404699739,0.5065274151436031,0.4988253719655442,0.9947780678851175,0.0003,1.0,1692.5598120689392
depth4_bal_AAAAMMMM,4,AAAAMMMM,5350,64200,1.4833237528800964,1.5963245630264282,1.626117287363325,0.37761096605744127,0.3237597911227154,0.29477570198008723,0.9947780678851175,0.0003,1.0,1700.8315317630768
depth4_bal_AAAAMMMM,4,AAAAMMMM,5375,64500,1.451243261496226,1.40354589621226,1.4386655909674508,0.381201044386423,0.4412532637075718,0.41760823358317484,0.9947780678851175,0.0003,1.0,1709.0701711177826
depth4_bal_AAAAMMMM,4,AAAAMMMM,5400,64800,1.3609683116277058,1.3897442022959392,1.408027059691293,0.4595300261096606,0.4725848563968668,0.46123727486296007,0.9947780678851175,0.0003,1.0,1717.332991361618
depth4_bal_AAAAMMMM,4,AAAAMMMM,5425,65100,1.634165366490682,1.6655280987421672,1.6551243134907314,0.29797650130548303,0.28067885117493474,0.2762053921020248,0.9947780678851175,0.0003,1.0,1723.1798083782196
depth4_bal_AAAAMMMM,4,AAAAMMMM,5450,65400,1.5235116978486378,1.5094073216120403,1.5328676428113666,0.40567885117493474,0.44778067885117495,0.4193981429690122,0.9947780678851175,0.0003,1.0,1729.9781951904297
depth4_bal_AAAAMMMM,4,AAAAMMMM,5475,65700,1.9150755107402802,2.3161627451578775,2.328946229389736,0.22911227154046998,0.13577023498694518,0.138717977402394,0.9947780678851175,0.0003,1.0,1737.8112852573395
depth4_bal_AAAAMMMM,4,AAAAMMMM,5500,66000,1.4541547695795696,1.4309755563735962,1.4746119737625123,0.4135117493472585,0.4386422976501306,0.3979192303389641,0.9947780678851175,0.0003,1.0,1746.0762283802032
depth4_bal_AAAAMMMM,4,AAAAMMMM,5525,66300,1.6067262689272563,1.593050241470337,1.6121388367244176,0.3244125326370757,0.3276762402088773,0.32374986016332924,0.9947780678851175,0.0003,1.0,1754.4248008728027
depth4_bal_AAAAMMMM,4,AAAAMMMM,5550,66600,1.4095892906188965,1.399680256843567,1.427440619468689,0.42885117493472585,0.44778067885117495,0.4348361114218593,0.9947780678851175,0.0003,1.0,1762.546374320984
depth4_bal_AAAAMMMM,4,AAAAMMMM,5575,66900,1.6329339742660522,1.541803518931071,1.5938875334603446,0.3185378590078329,0.36945169712793735,0.35462579706902336,0.9947780678851175,0.0003,1.0,1770.7178137302399
depth4_bal_AAAAMMMM,4,AAAAMMMM,5600,67200,1.3610509236653645,1.4188123941421509,1.43647198677063,0.45691906005221933,0.41906005221932113,0.41693701756348583,0.9947780678851175,0.0003,1.0,1778.9017434120178
depth4_bal_AAAAMMMM,4,AAAAMMMM,5625,67500,1.4864745140075684,1.6832027832667034,1.6950062411172049,0.3622715404699739,0.2950391644908616,0.28526680836782636,0.9947780678851175,0.0003,1.0,1787.1054220199585
depth4_bal_AAAAMMMM,4,AAAAMMMM,5650,67800,1.54082586367925,1.5550347963968914,1.5598425456455776,0.35345953002610964,0.3524804177545692,0.3650296453742029,0.9947780678851175,0.0003,1.0,1795.2203443050385
depth4_bal_AAAAMMMM,4,AAAAMMMM,5675,68100,1.3588459690411885,1.4941649436950684,1.525132782118661,0.4608355091383812,0.3472584856396867,0.33907595927956147,0.9947780678851175,0.0003,1.0,1802.883206129074
depth4_bal_AAAAMMMM,4,AAAAMMMM,5700,68400,1.4084809521834056,1.4686808188756306,1.4827436889920915,0.4164490861618799,0.39556135770234985,0.39579371294328225,0.9947780678851175,0.0003,1.0,1811.6170756816864
depth4_bal_AAAAMMMM,4,AAAAMMMM,5725,68700,1.4407469034194946,1.445696194966634,1.4795161860329764,0.4135117493472585,0.4412532637075718,0.4039601745161651,0.9947780678851175,0.0003,1.0,1819.9321451187134
depth4_bal_AAAAMMMM,4,AAAAMMMM,5750,69000,1.491435577472051,1.4706050952275593,1.505358052253723,0.37826370757180156,0.370757180156658,0.37162993623447815,0.9947780678851175,0.0003,1.0,1828.0099442005157
depth4_bal_AAAAMMMM,4,AAAAMMMM,5775,69300,1.447731574376424,1.4634209871292114,1.4844224759510585,0.4027415143603133,0.42036553524804177,0.3972480143192751,0.9947780678851175,0.0003,1.0,1836.0643091201782
depth4_bal_AAAAMMMM,4,AAAAMMMM,5800,69600,1.684372713168462,1.4738211631774902,1.5011713981628418,0.2901436031331593,0.412532637075718,0.40474325987246895,0.9947780678851175,0.0003,1.0,1843.8396747112274
depth4_bal_AAAAMMMM,4,AAAAMMMM,5825,69900,1.3797770142555237,1.4076273441314697,1.4460994447980609,0.4513707571801567,0.4725848563968668,0.444456874370735,0.9947780678851175,0.0003,1.0,1852.063003540039
depth4_bal_AAAAMMMM,4,AAAAMMMM,5850,70200,1.4473555982112885,1.5473099152247112,1.5874220132827759,0.40796344647519583,0.36553524804177545,0.340753999328784,0.9947780678851175,0.0003,1.0,1860.1426961421967
depth4_bal_AAAAMMMM,4,AAAAMMMM,5875,70500,1.3298517564932506,1.3506405750910442,1.38815564087459,0.48629242819843344,0.49869451697127937,0.4779058060185703,0.9947780678851175,0.0003,1.0,1868.1885607242584
depth4_bal_AAAAMMMM,4,AAAAMMMM,5900,70800,1.4918329815069835,1.4636751413345337,1.509639525413513,0.3785900783289817,0.3825065274151436,0.37957265913413135,0.9947780678851175,0.0003,1.0,1875.915613412857
depth4_bal_AAAAMMMM,4,AAAAMMMM,5925,71100,1.4760169287522633,1.4476499160130818,1.4672581195831298,0.38903394255874674,0.4046997389033943,0.40015661707126077,0.9947780678851175,0.0003,1.0,1883.6581387519836
depth4_bal_AAAAMMMM,4,AAAAMMMM,5950,71400,1.4285456836223602,1.3238343397776287,1.3530220133917672,0.38903394255874674,0.5143603133159269,0.4918894730954245,0.9947780678851175,0.0003,1.0,1891.7145946025848
depth4_bal_AAAAMMMM,4,AAAAMMMM,5975,71700,1.6554268896579742,1.5517080227533977,1.592401933670044,0.3051566579634465,0.34856396866840733,0.3295670656673006,0.9947780678851175,0.0003,1.0,1899.745201587677
depth4_bal_AAAAMMMM,4,AAAAMMMM,6000,72000,1.3129352033138275,1.3527292807896931,1.3735321521759034,0.4911879895561358,0.4595300261096606,0.47018682179214677,0.9947780678851175,0.0003,1.0,1907.9679608345032
depth4_bal_AAAAMMMM,4,AAAAMMMM,6025,72300,1.726377119620641,1.8002111911773682,1.83960896560124,0.2947127937336815,0.25718015665796345,0.2539433941156729,0.9947780678851175,0.0003,1.0,1915.3593695163727
depth4_bal_AAAAMMMM,4,AAAAMMMM,6050,72600,1.3071784277757008,1.3359820048014324,1.346956123624529,0.5195822454308094,0.5613577023498695,0.5255621434164895,0.9947780678851175,0.0003,1.0,1923.3854012489319
depth4_bal_AAAAMMMM,4,AAAAMMMM,6075,72900,1.7318825721740723,1.5359946091969807,1.5711227996008736,0.2718668407310705,0.3642297650130548,0.3378453965767983,0.9947780678851175,0.0003,1.0,1931.7693276405334
depth4_bal_AAAAMMMM,4,AAAAMMMM,6100,73200,1.6040527025858562,1.5035299857457478,1.5502230780465263,0.31266318537859006,0.39295039164490864,0.34824924488197784,0.9947780678851175,0.0003,1.0,1940.0032532215118
depth4_bal_AAAAMMMM,4,AAAAMMMM,6125,73500,1.491205056508382,1.413436770439148,1.4388695205960955,0.368798955613577,0.44778067885117495,0.4149233695044188,0.9947780678851175,0.0003,1.0,1948.2157368659973
depth4_bal_AAAAMMMM,4,AAAAMMMM,6150,73800,1.4156188070774078,1.5246473948160808,1.5655707938330514,0.3880548302872063,0.34073107049608353,0.32207182011410673,0.9947780678851175,0.0003,1.0,1956.2394592761993
depth4_bal_AAAAMMMM,4,AAAAMMMM,6175,74100,1.407004435857137,1.4843918482462566,1.4973290681838989,0.41449086161879894,0.40339425587467365,0.3886340753999329,0.9947780678851175,0.0003,1.0,1961.8016448020935
depth4_bal_AAAAMMMM,4,AAAAMMMM,6200,74400,1.4561270376046498,1.457967718442281,1.5040052107402258,0.39033942558746737,0.4177545691906005,0.38292873923257637,0.9947780678851175,0.0003,1.0,1967.7325537204742
depth4_bal_AAAAMMMM,4,AAAAMMMM,6225,74700,1.6159485677878063,1.591548005739848,1.5801078694207327,0.3116840731070496,0.2963446475195822,0.32576350822239625,0.9947780678851175,0.0003,1.0,1975.7000632286072
depth4_bal_AAAAMMMM,4,AAAAMMMM,6250,75000,1.3294395009676616,1.3301024039586384,1.3575620583125523,0.456266318537859,0.46344647519582244,0.45788119476451505,0.9947780678851175,0.0003,1.0,1983.5086901187897
depth4_bal_AAAAMMMM,4,AAAAMMMM,6275,75300,1.386953890323639,1.4723459482192993,1.49029826096126,0.4262402088772846,0.40992167101827676,0.4045195211992393,0.9947780678851175,0.0003,1.0,1991.7002618312836
depth4_bal_AAAAMMMM,4,AAAAMMMM,6300,75600,1.3498593270778656,1.3194047212600708,1.3559700557163783,0.44549608355091386,0.5130548302872062,0.4728716858709028,0.9947780678851175,0.0003,1.0,1995.81298995018
depth4_bal_AAAAMMMM,4,AAAAMMMM,6325,75900,1.3697097599506378,1.3706571658452351,1.4009652205875942,0.43407310704960833,0.43994778067885115,0.42062870567177535,0.9947780678851175,0.0003,1.0,1998.7681481838226
depth4_bal_AAAAMMMM,4,AAAAMMMM,6350,76200,1.4728242258230846,1.4420180320739746,1.482007690838405,0.38022193211488253,0.4086161879895561,0.38348808591565053,0.9947780678851175,0.0003,1.0,2001.8424248695374
depth4_bal_AAAAMMMM,4,AAAAMMMM,6375,76500,1.370454380909602,1.4725707372029622,1.504733851977757,0.42460835509138384,0.3381201044386423,0.3381810045866428,0.9947780678851175,0.0003,1.0,2005.202700138092
depth4_bal_AAAAMMMM,4,AAAAMMMM,6400,76800,1.408554474512736,1.4406689008076985,1.448840515954154,0.4239556135770235,0.4255874673629243,0.4225304843942275,0.9947780678851175,0.0003,1.0,2013.1681623458862
depth4_bal_AAAAMMMM,4,AAAAMMMM,6425,77100,1.3603072464466095,1.310145616531372,1.3251530476978848,0.4223237597911227,0.47780678851174935,0.4709699071484506,0.9947780678851175,0.0003,1.0,2020.8602287769318
depth4_bal_AAAAMMMM,4,AAAAMMMM,6450,77400,1.5584793587525685,1.476881464322408,1.4891232524599347,0.34889033942558745,0.39425587467362927,0.39747175299250476,0.9947780678851175,0.0003,1.0,2028.9425489902496
depth4_bal_AAAAMMMM,4,AAAAMMMM,6475,77700,1.405702402194341,1.3555527130762737,1.39585337638855,0.4024151436031332,0.4412532637075718,0.4142521534847298,0.9947780678851175,0.0003,1.0,2036.929542541504
depth4_bal_AAAAMMMM,4,AAAAMMMM,6500,78000,1.625579963127772,1.504797379175822,1.5099615267344884,0.33779373368146215,0.3394255874673629,0.36458216802774357,0.9947780678851175,0.0003,1.0,2044.8579382896423
depth4_bal_AAAAMMMM,4,AAAAMMMM,6525,78300,1.3767189582188923,1.4618933995564778,1.4888516664505005,0.45659268929503916,0.3825065274151436,0.3979192303389641,0.9947780678851175,0.0003,1.0,2052.9898591041565
depth4_bal_AAAAMMMM,4,AAAAMMMM,6550,78600,1.8952776590983074,1.6076905330022175,1.6520110062190465,0.25261096605744127,0.29112271540469975,0.3080881530372525,0.9947780678851175,0.0003,1.0,2061.0950570106506
depth4_bal_AAAAMMMM,4,AAAAMMMM,6575,78900,1.3105090657869976,1.2903764247894287,1.325216177531651,0.47911227154047,0.5456919060052219,0.5194093299026736,0.9947780678851175,0.0003,1.0,2069.200082540512
depth4_bal_AAAAMMMM,4,AAAAMMMM,6600,79200,1.406918466091156,1.5638293425242107,1.5880637747900828,0.41383812010443866,0.3289817232375979,0.31390535854122387,0.9947780678851175,0.0003,1.0,2077.3384630680084
depth4_bal_AAAAMMMM,4,AAAAMMMM,6625,79500,1.2315736611684163,1.3918824593226116,1.4228760514940535,0.5538511749347258,0.40600522193211486,0.40038035574449043,0.9947780678851175,0.0003,1.0,2085.3978083133698
depth4_bal_AAAAMMMM,4,AAAAMMMM,6650,79800,1.3173936903476715,1.3828351497650146,1.396350257737296,0.4585509138381201,0.4321148825065274,0.44691799977626134,0.9947780678851175,0.0003,1.0,2093.575805902481
depth4_bal_AAAAMMMM,4,AAAAMMMM,6675,80100,1.494087318579356,1.457427978515625,1.4929491077150618,0.3691253263707572,0.40339425587467365,0.37420293097661933,0.9947780678851175,0.0003,1.0,2101.8231613636017
depth4_bal_AAAAMMMM,4,AAAAMMMM,6700,80400,1.3688954710960388,1.600462794303894,1.5925551448549544,0.4425587467362924,0.2859007832898172,0.2990267367714509,0.9947780678851175,0.0003,1.0,2110.1021308898926
depth4_bal_AAAAMMMM,4,AAAAMMMM,6725,80700,1.2591534852981567,1.3313674132029216,1.3708306210381644,0.5156657963446475,0.46344647519582244,0.4673900883767759,0.9947780678851175,0.0003,1.0,2118.5241961479187
depth4_bal_AAAAMMMM,4,AAAAMMMM,6750,81000,1.4032502869764965,1.4445160230000813,1.5064278296061924,0.42428198433420367,0.4086161879895561,0.3843830406085692,0.9947780678851175,0.0003,1.0,2126.450622320175
depth4_bal_AAAAMMMM,4,AAAAMMMM,6775,81300,1.4917119443416595,1.3843329350153606,1.4185254982539586,0.35966057441253263,0.4281984334203655,0.4227542230674572,0.9947780678851175,0.0003,1.0,2134.705065727234
depth4_bal_AAAAMMMM,4,AAAAMMMM,6800,81600,1.3081797162691753,1.300584038098653,1.332840176991054,0.47780678851174935,0.5104438642297651,0.5044188387962859,0.9947780678851175,0.0003,1.0,2142.9657979011536
depth4_bal_AAAAMMMM,4,AAAAMMMM,6825,81900,1.2581656873226166,1.3371543884277344,1.3608182294028146,0.5678851174934726,0.4830287206266319,0.49390312115449153,0.9947780678851175,0.0003,1.0,2151.1856179237366
depth4_bal_AAAAMMMM,4,AAAAMMMM,6850,82200,1.3576022287209828,1.2974601586659749,1.3311243329729352,0.412532637075718,0.5078328981723238,0.4947980758474102,0.9947780678851175,0.0003,1.0,2159.491598844528
depth4_bal_AAAAMMMM,4,AAAAMMMM,6875,82500,1.30110964179039,1.3761045535405476,1.3984559059143067,0.4578981723237598,0.42428198433420367,0.41704888690010067,0.9947780678851175,0.0003,1.0,2167.795933008194
depth4_bal_AAAAMMMM,4,AAAAMMMM,6900,82800,1.410729209582011,1.3445062239964802,1.3767724514007569,0.40143603133159267,0.45300261096605743,0.4425550956482828,0.9947780678851175,0.0003,1.0,2174.2315323352814
depth4_bal_AAAAMMMM,4,AAAAMMMM,6925,83100,1.2668709854284923,1.3257484038670857,1.3523760727473668,0.5737597911227154,0.5234986945169713,0.5094529589439535,0.9947780678851175,0.0003,1.0,2177.6051576137543
depth4_bal_AAAAMMMM,4,AAAAMMMM,6950,83400,1.2865334351857503,1.3247588872909546,1.36296261378697,0.5323107049608355,0.5300261096605744,0.5131446470522429,0.9947780678851175,0.0003,1.0,2185.823244571686
depth4_bal_AAAAMMMM,4,AAAAMMMM,6975,83700,1.3799716532230377,1.438294529914856,1.449081107548305,0.4200391644908616,0.4046997389033943,0.3869560353507104,0.9947780678851175,0.0003,1.0,2194.028079032898
depth4_bal_AAAAMMMM,4,AAAAMMMM,7000,84000,1.4393775661786397,1.4044065475463867,1.4207727125712803,0.4050261096605744,0.4308093994778068,0.43696162881754114,0.9947780678851175,0.0003,1.0,2202.171418905258
depth4_bal_AAAAMMMM,4,AAAAMMMM,7025,84300,1.349645624558131,1.3128440777460735,1.3451505558831351,0.43994778067885115,0.49738903394255873,0.49558116120371404,0.9947780678851175,0.0003,1.0,2210.015464782715
depth4_bal_AAAAMMMM,4,AAAAMMMM,7050,84600,1.263277570406596,1.3053719600041707,1.3430400746209281,0.5372062663185379,0.5378590078328982,0.4880859156505202,0.9947780678851175,0.0003,1.0,2218.068730354309
depth4_bal_AAAAMMMM,4,AAAAMMMM,7075,84900,1.4496630827585857,1.4387753804524739,1.4771027428763253,0.4050261096605744,0.41906005221932113,0.4036245665063206,0.9947780678851175,0.0003,1.0,2226.11985707283
depth4_bal_AAAAMMMM,4,AAAAMMMM,7100,85200,1.61539688706398,1.944757302602132,1.9974044595445906,0.3426892950391645,0.27154046997389036,0.2662490211433046,0.9947780678851175,0.0003,1.0,2233.93807220459
depth4_bal_AAAAMMMM,4,AAAAMMMM,7125,85500,1.3722726305325825,1.370370348294576,1.3805533068520681,0.4758485639686684,0.48172323759791125,0.5025170600738338,0.9947780678851175,0.0003,1.0,2239.1706557273865
depth4_bal_AAAAMMMM,4,AAAAMMMM,7150,85800,1.2216412425041199,1.2818564573923747,1.302622846194676,0.5900783289817232,0.5339425587467362,0.5320505649401499,0.9947780678851175,0.0003,1.0,2247.2736048698425
depth4_bal_AAAAMMMM,4,AAAAMMMM,7175,86100,1.423421065012614,1.441249171892802,1.4739069393702915,0.41383812010443866,0.40992167101827676,0.40116344110079427,0.9947780678851175,0.0003,1.0,2254.5566051006317
depth4_bal_AAAAMMMM,4,AAAAMMMM,7200,86400,1.2868422865867615,1.3026995261510212,1.3234244006020681,0.5391644908616188,0.5496083550913838,0.5317149569303053,0.9947780678851175,0.0003,1.0,2262.999757051468
depth4_bal_AAAAMMMM,4,AAAAMMMM,7225,86700,1.6584731141726177,1.7238915761311848,1.7739996331078665,0.32963446475195823,0.2584856396866841,0.25640451952119925,0.9947780678851175,0.0003,1.0,2271.392012834549
depth4_bal_AAAAMMMM,4,AAAAMMMM,7250,87000,1.404657502969106,1.406990925470988,1.4520212718418666,0.4255874673629243,0.43733681462140994,0.40541447589215795,0.9947780678851175,0.0003,1.0,2279.582583427429
depth4_bal_AAAAMMMM,4,AAAAMMMM,7275,87300,1.6562454501787822,1.6244977712631226,1.631065491267613,0.32963446475195823,0.3185378590078329,0.31356975053137937,0.9947780678851175,0.0003,1.0,2287.7792885303497
depth4_bal_AAAAMMMM,4,AAAAMMMM,7300,87600,1.4423535863558452,1.6578692992528279,1.6803348166602,0.391644908616188,0.3028720626631854,0.2509229220270724,0.9947780678851175,0.0003,1.0,2296.0943636894226
depth4_bal_AAAAMMMM,4,AAAAMMMM,7325,87900,1.4565258920192719,1.9133400519688923,1.9534969125475203,0.39784595300261094,0.26762402088772846,0.24723123391878285,0.9947780678851175,0.0003,1.0,2304.4995188713074
depth4_bal_AAAAMMMM,4,AAAAMMMM,7350,88200,1.278645932674408,1.5167444944381714,1.529225969314575,0.5065274151436031,0.3224543080939948,0.344781295446918,0.9947780678851175,0.0003,1.0,2312.794667482376
depth4_bal_AAAAMMMM,4,AAAAMMMM,7375,88500,1.3218461573123932,1.4147828022638957,1.4664280721119471,0.47715404699738906,0.4112271540469974,0.38248126188611703,0.9947780678851175,0.0003,1.0,2320.93598985672
depth4_bal_AAAAMMMM,4,AAAAMMMM,7400,88800,1.3545174101988475,1.322075088818868,1.3657026290893555,0.4533289817232376,0.5143603133159269,0.48763843830406084,0.9947780678851175,0.0003,1.0,2328.953016281128
depth4_bal_AAAAMMMM,4,AAAAMMMM,7425,89100,1.260323703289032,1.349596659342448,1.3906358786991664,0.5088120104438643,0.44386422976501305,0.43338181004586646,0.9947780678851175,0.0003,1.0,2337.083506345749
depth4_bal_AAAAMMMM,4,AAAAMMMM,7450,89400,1.4799742499987285,1.399188796679179,1.4192368575504848,0.3691253263707572,0.4360313315926893,0.42230674572099786,0.9947780678851175,0.0003,1.0,2345.048426389694
depth4_bal_AAAAMMMM,4,AAAAMMMM,7475,89700,2.9827248255411782,2.797783454259237,2.806077071598598,0.16024804177545693,0.1618798955613577,0.14777939366819554,0.9947780678851175,0.0003,1.0,2353.0095767974854
depth4_bal_AAAAMMMM,4,AAAAMMMM,7500,90000,1.2358561754226685,1.3198167483011882,1.3372212444032943,0.547976501305483,0.5169712793733682,0.5135921243987023,0.9947780678851175,0.0003,1.0,2361.0639963150024
depth4_bal_AAAAMMMM,4,AAAAMMMM,7525,90300,1.6517210006713867,1.4984801610310872,1.5320163590567453,0.31070496083550914,0.37467362924281983,0.379125181787672,0.9947780678851175,0.0003,1.0,2369.2082974910736
depth4_bal_AAAAMMMM,4,AAAAMMMM,7550,90600,1.344530075788498,1.3116198778152466,1.3473484822681971,0.46050913838120106,0.5248041775456919,0.49793041727262555,0.9947780678851175,0.0003,1.0,2377.1732082366943
depth4_bal_AAAAMMMM,4,AAAAMMMM,7575,90900,1.2545481622219086,1.4265230496724446,1.4554977008274623,0.48172323759791125,0.3877284595300261,0.3820337845396577,0.9947780678851175,0.0003,1.0,2385.3617804050446
depth4_bal_AAAAMMMM,4,AAAAMMMM,7600,91200,1.379717379808426,1.3845393657684326,1.4016244309289114,0.44778067885117495,0.49869451697127937,0.4768989819890368,0.9947780678851175,0.0003,1.0,2393.3848967552185
depth4_bal_AAAAMMMM,4,AAAAMMMM,7625,91500,1.2479413350423176,1.256847858428955,1.277302953175136,0.5156657963446475,0.5365535248041775,0.5294775701980087,0.9947780678851175,0.0003,1.0,2401.467779159546
depth4_bal_AAAAMMMM,4,AAAAMMMM,7650,91800,1.518320659796397,1.5200496912002563,1.5458893844059536,0.35476501305483027,0.3237597911227154,0.31480031323414254,0.9947780678851175,0.0003,1.0,2409.537699699402
depth4_bal_AAAAMMMM,4,AAAAMMMM,7675,92100,1.1961250106493633,1.2161993583043416,1.2250690596444267,0.6018276762402088,0.6305483028720626,0.6582391766416825,0.9947780678851175,0.0003,1.0,2417.553462266922
depth4_bal_AAAAMMMM,4,AAAAMMMM,7700,92400,1.2335378626982372,1.3565149704615276,1.3807232277733938,0.5518929503916449,0.46475195822454307,0.442443226311668,0.9947780678851175,0.0003,1.0,2425.7103185653687
depth4_bal_AAAAMMMM,4,AAAAMMMM,7725,92700,1.3625650803248088,1.338456352551778,1.370367635999407,0.456266318537859,0.49738903394255873,0.4738785099004363,0.9947780678851175,0.0003,1.0,2433.973334312439
depth4_bal_AAAAMMMM,4,AAAAMMMM,7750,93000,1.74940491716067,1.9307998816172283,1.978975752421788,0.3185378590078329,0.22323759791122716,0.23403065219823246,0.9947780678851175,0.0003,1.0,2442.3632674217224
depth4_bal_AAAAMMMM,4,AAAAMMMM,7775,93300,1.2763724327087402,1.3255949815114338,1.35562264919281,0.5554830287206266,0.5261096605744126,0.5041951001230562,0.9947780678851175,0.0003,1.0,2450.6283423900604
depth4_bal_AAAAMMMM,4,AAAAMMMM,7800,93600,1.3574824333190918,1.6732815504074097,1.6861508199146815,0.4497389033942559,0.3302872062663185,0.32542790021255175,0.9947780678851175,0.0003,1.0,2458.759829521179
depth4_bal_AAAAMMMM,4,AAAAMMMM,7825,93900,1.3607523441314697,1.3658563296000164,1.3935810020991735,0.4827023498694517,0.47127937336814624,0.4583286721109744,0.9947780678851175,0.0003,1.0,2466.924259662628
depth4_bal_AAAAMMMM,4,AAAAMMMM,7850,94200,1.2410842080911,1.255503535270691,1.2986008848462787,0.5574412532637075,0.5639686684073107,0.5517395681843607,0.9947780678851175,0.0003,1.0,2475.223888397217
depth4_bal_AAAAMMMM,4,AAAAMMMM,7875,94500,1.5314211348692577,1.386685808499654,1.4080801180430822,0.4030678851174935,0.4347258485639687,0.4388634075399933,0.9947780678851175,0.0003,1.0,2483.2850868701935
depth4_bal_AAAAMMMM,4,AAAAMMMM,7900,94800,1.2786460121472676,1.4699053764343262,1.4696233136313301,0.48074412532637073,0.34595300261096606,0.37420293097661933,0.9947780678851175,0.0003,1.0,2491.127537250519
depth4_bal_AAAAMMMM,4,AAAAMMMM,7925,95100,1.3974771996339161,1.4739542404810588,1.490969933782305,0.4069843342036554,0.3629242819843342,0.37487414699630833,0.9947780678851175,0.0003,1.0,2499.3789739608765
depth4_bal_AAAAMMMM,4,AAAAMMMM,7950,95400,1.7026681800683339,1.6236186027526855,1.621163742882865,0.29797650130548303,0.3237597911227154,0.33672670321064996,0.9947780678851175,0.0003,1.0,2507.314917087555
depth4_bal_AAAAMMMM,4,AAAAMMMM,7975,95700,1.6749093532562256,1.4027018547058105,1.4234494652066911,0.28720626631853785,0.39947780678851175,0.4025058731401723,0.9947780678851175,0.0003,1.0,2513.398675918579
depth4_bal_AAAAMMMM,4,AAAAMMMM,8000,96000,1.2985218067963917,1.4232078790664673,1.4573826210839407,0.462467362924282,0.3785900783289817,0.36312786665175073,0.9947780678851175,0.0003,1.0,2520.784685611725
depth4_bal_AAAAMMMM,4,AAAAMMMM,8025,96300,2.611517528692881,7.61757755279541,7.648028986794608,0.2477154046997389,0.06266318537859007,0.06611477793936682,0.9947780678851175,0.0003,1.0,2528.9777715206146
depth4_bal_AAAAMMMM,4,AAAAMMMM,8050,96600,1.3110462029774983,1.4286167621612549,1.4432999406542097,0.5026109660574413,0.42036553524804177,0.4125741134355073,0.9947780678851175,0.0003,1.0,2536.8439989089966
depth4_bal_AAAAMMMM,4,AAAAMMMM,8075,96900,1.3814725577831268,1.3663616975148518,1.404836940765381,0.4366840731070496,0.46344647519582244,0.43539545810493346,0.9947780678851175,0.0003,1.0,2544.895780324936
depth4_bal_AAAAMMMM,4,AAAAMMMM,8100,97200,1.4809458156426747,1.4261475801467896,1.4616536583219255,0.37597911227154046,0.4255874673629243,0.4286832979080434,0.9947780678851175,0.0003,1.0,2553.074495792389
depth4_bal_AAAAMMMM,4,AAAAMMMM,8125,97500,1.430860032637914,1.6400442520777385,1.6731720617839267,0.3818537859007833,0.2780678851174935,0.2718424879740463,0.9947780678851175,0.0003,1.0,2561.407497882843
depth4_bal_AAAAMMMM,4,AAAAMMMM,8150,97800,1.344550261894862,1.441459019978841,1.4941961629050118,0.4425587467362924,0.45300261096605743,0.4032889584964761,0.9947780678851175,0.0003,1.0,2569.6372652053833
depth4_bal_AAAAMMMM,4,AAAAMMMM,8175,98100,1.2801917990048726,1.2782059510548909,1.3034715550286429,0.489556135770235,0.5287206266318538,0.5064324868553529,0.9947780678851175,0.0003,1.0,2577.703914165497
depth4_bal_AAAAMMMM,4,AAAAMMMM,8200,98400,1.46890190243721,1.3894773324330647,1.4182766607829502,0.358355091383812,0.4360313315926893,0.4131334601185815,0.9947780678851175,0.0003,1.0,2585.7727575302124
depth4_bal_AAAAMMMM,4,AAAAMMMM,8225,98700,1.58325590689977,1.431297779083252,1.4680724791118076,0.3335509138381201,0.38903394255874674,0.38125069918335386,0.9947780678851175,0.0003,1.0,2593.9369702339172
depth4_bal_AAAAMMMM,4,AAAAMMMM,8250,99000,1.3390176892280579,1.4213800430297852,1.451498109953744,0.43929503916449086,0.3981723237597911,0.38315247790580603,0.9947780678851175,0.0003,1.0,2601.9306921958923
depth4_bal_AAAAMMMM,4,AAAAMMMM,8275,99300,1.3368934293588002,1.4260280132293701,1.4366015877042497,0.46116187989556134,0.3968668407310705,0.4028414811500168,0.9947780678851175,0.0003,1.0,2609.7585961818695
depth4_bal_AAAAMMMM,4,AAAAMMMM,8300,99600,1.247106562058131,1.4327787160873413,1.454579472541809,0.49281984334203655,0.370757180156658,0.3653652533840474,0.9947780678851175,0.0003,1.0,2617.9317107200623
depth4_bal_AAAAMMMM,4,AAAAMMMM,8325,99900,1.4765737056732178,1.4440422852834065,1.4537924902779715,0.37369451697127937,0.4086161879895561,0.40407204385277995,0.9947780678851175,0.0003,1.0,2626.262715101242
depth4_bal_AAAAMMMM,4,AAAAMMMM,8350,100200,1.220617155234019,1.2029707829157512,1.2392706871032715,0.5179503916449086,0.5835509138381201,0.5612484617966216,0.9947780678851175,0.0003,1.0,2634.4116842746735
depth4_bal_AAAAMMMM,4,AAAAMMMM,8375,100500,1.2165332635243733,1.225675900777181,1.2636336803436279,0.5505874673629243,0.6018276762402088,0.560241637767088,0.9947780678851175,0.0003,1.0,2641.910404443741
depth4_bal_AAAAMMMM,4,AAAAMMMM,8400,100800,1.2669776578744252,1.4473512172698975,1.4788732835224696,0.5110966057441253,0.39295039164490864,0.38717977402394005,0.9947780678851175,0.0003,1.0,2649.8446757793427
depth4_bal_AAAAMMMM,4,AAAAMMMM,8425,101100,1.325985272725423,1.2440690994262695,1.2772019181932721,0.43733681462140994,0.5300261096605744,0.527240183465712,0.9947780678851175,0.0003,1.0,2657.874643802643
depth4_bal_AAAAMMMM,4,AAAAMMMM,8450,101400,1.300858775774638,1.5127491156260173,1.575226971081325,0.4614882506527415,0.34073107049608353,0.2973486967222284,0.9947780678851175,0.0003,1.0,2665.5904479026794
depth4_bal_AAAAMMMM,4,AAAAMMMM,8475,101700,1.86038942138354,2.0206459363301597,2.122925819669451,0.3191906005221932,0.31070496083550914,0.27430361337957265,0.9947780678851175,0.0003,1.0,2673.4008853435516
depth4_bal_AAAAMMMM,4,AAAAMMMM,8500,102000,1.2810722291469574,1.3023142019907634,1.3271472658429826,0.506201044386423,0.48172323759791125,0.47969571540440764,0.9947780678851175,0.0003,1.0,2681.327430009842
depth4_bal_AAAAMMMM,4,AAAAMMMM,8525,102300,1.573251982529958,1.3999183177947998,1.456943726539612,0.32343342036553524,0.39425587467362927,0.3790133124510572,0.9947780678851175,0.0003,1.0,2689.2532732486725
depth4_bal_AAAAMMMM,4,AAAAMMMM,8550,102600,1.3528561294078827,1.3477935393651326,1.3577719381877353,0.418733681462141,0.42689295039164493,0.4400939702427565,0.9947780678851175,0.0003,1.0,2697.0927636623383
depth4_bal_AAAAMMMM,4,AAAAMMMM,8575,102900,1.367641160885493,1.3922601143519084,1.4025174754006522,0.43342036553524804,0.4321148825065274,0.4277883432151247,0.9947780678851175,0.0003,1.0,2704.9489090442657
depth4_bal_AAAAMMMM,4,AAAAMMMM,8600,103200,1.9460923473040264,1.7390692631403606,1.7348035982676915,0.2588120104438642,0.30678851174934724,0.30450833426557783,0.9947780678851175,0.0003,1.0,2712.9737339019775
depth4_bal_AAAAMMMM,4,AAAAMMMM,8625,103500,1.4110110501448314,1.3815284570058186,1.4103151287351336,0.3880548302872063,0.4451697127937337,0.4152589775142633,0.9947780678851175,0.0003,1.0,2720.965552330017
depth4_bal_AAAAMMMM,4,AAAAMMMM,8650,103800,1.2266327142715454,1.3591317335764568,1.3737408706120082,0.5192558746736292,0.4164490861618799,0.4129097214453518,0.9947780678851175,0.0003,1.0,2724.334157705307
depth4_bal_AAAAMMMM,4,AAAAMMMM,8675,104100,1.2773515681425731,1.2783020734786987,1.307705112865993,0.5310052219321149,0.5953002610966057,0.5499496587985233,0.9947780678851175,0.0003,1.0,2727.2991156578064
depth4_bal_AAAAMMMM,4,AAAAMMMM,8700,104400,1.328997145096461,1.3439879417419434,1.371166614123753,0.4654046997389034,0.45300261096605743,0.45295894395346237,0.9947780678851175,0.0003,1.0,2730.3762197494507
depth4_bal_AAAAMMMM,4,AAAAMMMM,8725,104700,1.1798788507779439,1.270262360572815,1.3008395705904279,0.5492819843342036,0.47389033942558745,0.47510907260319946,0.9947780678851175,0.0003,1.0,2733.403732061386
depth4_bal_AAAAMMMM,4,AAAAMMMM,8750,105000,1.2166795929272969,1.2288848161697388,1.2601376022611346,0.5512402088772846,0.6227154046997389,0.5750083902002461,0.9947780678851175,0.0003,1.0,2740.5152757167816
depth4_bal_AAAAMMMM,4,AAAAMMMM,8775,105300,1.5014381508032482,1.4860606988271077,1.494075632095337,0.379242819843342,0.3681462140992167,0.3840474325987247,0.9947780678851175,0.0003,1.0,2748.6953206062317
depth4_bal_AAAAMMMM,4,AAAAMMMM,8800,105600,1.2427277565002441,1.2762633959452312,1.3022328002112253,0.5512402088772846,0.5365535248041775,0.5352947757019801,0.9947780678851175,0.0003,1.0,2756.7831671237946
depth4_bal_AAAAMMMM,4,AAAAMMMM,8825,105900,1.2960720260938008,1.3147608041763306,1.3362657172339303,0.4787859007832898,0.4725848563968668,0.49401499049110636,0.9947780678851175,0.0003,1.0,2765.054165840149
depth4_bal_AAAAMMMM,4,AAAAMMMM,8850,106200,1.245339920123418,1.3740425109863281,1.3983368975775583,0.5091383812010444,0.45300261096605743,0.4291307752545027,0.9947780678851175,0.0003,1.0,2771.678683757782
depth4_bal_AAAAMMMM,4,AAAAMMMM,8875,106500,1.3481593231360118,1.3410604000091553,1.3682699067252022,0.46573107049608353,0.5195822454308094,0.490211433046202,0.9947780678851175,0.0003,1.0,2778.4477367401123
depth4_bal_AAAAMMMM,4,AAAAMMMM,8900,106800,1.282806654771169,1.296644687652588,1.3164148807525635,0.45659268929503916,0.47389033942558745,0.46683074169370176,0.9947780678851175,0.0003,1.0,2786.362204313278
depth4_bal_AAAAMMMM,4,AAAAMMMM,8925,107100,1.2568843960762024,1.2544756333033245,1.276639189038958,0.5251305483028721,0.5548302872062664,0.5596822910840139,0.9947780678851175,0.0003,1.0,2794.6711206436157
depth4_bal_AAAAMMMM,4,AAAAMMMM,8950,107400,1.1573290328184764,1.1708614826202393,1.1963485445295061,0.6093342036553525,0.6227154046997389,0.6357534399821009,0.9947780678851175,0.0003,1.0,2802.8579432964325
depth4_bal_AAAAMMMM,4,AAAAMMMM,8975,107700,1.282298316558202,1.319994330406189,1.3405194452830724,0.527088772845953,0.5143603133159269,0.5175075511802215,0.9947780678851175,0.0003,1.0,2811.0874876976013
depth4_bal_AAAAMMMM,4,AAAAMMMM,9000,108000,1.4112979571024578,1.3120640118916829,1.3651083605630057,0.39784595300261094,0.47780678851174935,0.43707349815415597,0.9947780678851175,0.0003,1.0,2818.375025033951
depth4_bal_AAAAMMMM,4,AAAAMMMM,9025,108300,1.2223517795403798,1.2929866313934326,1.3043694462094988,0.5176240208877284,0.5013054830287206,0.4990491106387739,0.9947780678851175,0.0003,1.0,2826.7334921360016
depth4_bal_AAAAMMMM,4,AAAAMMMM,9050,108600,1.3989763756593068,1.5203950802485149,1.5492854493004935,0.4177545691906005,0.4007832898172324,0.3948987582503636,0.9947780678851175,0.0003,1.0,2834.3578732013702
depth4_bal_AAAAMMMM,4,AAAAMMMM,9075,108900,1.2069548567136128,1.2343636353810628,1.2531448057719639,0.5502610966057441,0.54177545691906,0.5309318715740016,0.9947780678851175,0.0003,1.0,2842.370429754257
depth4_bal_AAAAMMMM,4,AAAAMMMM,9100,109200,1.4516791502634685,1.7159149249394734,1.7450777769088746,0.40372062663185376,0.27154046997389036,0.25908938359995526,0.9947780678851175,0.0003,1.0,2850.389544725418
depth4_bal_AAAAMMMM,4,AAAAMMMM,9125,109500,1.370373527208964,1.6696805556615193,1.6863830498286656,0.4112271540469974,0.2963446475195822,0.27195435731066114,0.9947780678851175,0.0003,1.0,2858.4683876037598
depth4_bal_AAAAMMMM,4,AAAAMMMM,9150,109800,1.4397086401780446,1.3465253909428914,1.376823101724897,0.39295039164490864,0.4751958224543081,0.46414587761494575,0.9947780678851175,0.0003,1.0,2866.6184458732605
depth4_bal_AAAAMMMM,4,AAAAMMMM,9175,110100,1.6362332900365193,1.59503972530365,1.6022509540830339,0.3260443864229765,0.31462140992167104,0.32140060409441773,0.9947780678851175,0.0003,1.0,2874.7695877552032
depth4_bal_AAAAMMMM,4,AAAAMMMM,9200,110400,1.942284454902013,2.192732810974121,2.2891705649239675,0.2591383812010444,0.22845953002610966,0.21243987023156952,0.9947780678851175,0.0003,1.0,2882.174302339554
depth4_bal_AAAAMMMM,4,AAAAMMMM,9225,110700,1.9067394038041432,2.0722915728886924,2.0688396079199656,0.32539164490861616,0.2741514360313316,0.2595368609464146,0.9947780678851175,0.0003,1.0,2890.1761696338654
depth4_bal_AAAAMMMM,4,AAAAMMMM,9250,111000,1.4995604157447815,1.454323371251424,1.4854232822145734,0.3945822454308094,0.43994778067885115,0.4301375992840362,0.9947780678851175,0.0003,1.0,2898.3686442375183
depth4_bal_AAAAMMMM,4,AAAAMMMM,9275,111300,1.2879859705766041,1.3003273010253906,1.3332479579108103,0.5352480417754569,0.5600522193211488,0.5137039937353172,0.9947780678851175,0.0003,1.0,2906.4759435653687
depth4_bal_AAAAMMMM,4,AAAAMMMM,9300,111600,1.276276449362437,1.2579470078150432,1.278637742996216,0.4787859007832898,0.5039164490861618,0.5068799642018122,0.9947780678851175,0.0003,1.0,2914.8034055233
depth4_bal_AAAAMMMM,4,AAAAMMMM,9325,111900,1.4216290613015492,1.450965444246928,1.4654919351850237,0.39523498694516973,0.4151436031331593,0.3955699742700526,0.9947780678851175,0.0003,1.0,2922.9152965545654
depth4_bal_AAAAMMMM,4,AAAAMMMM,9350,112200,1.3026259144147236,1.481652061144511,1.4905046667371478,0.4471279373368146,0.3629242819843342,0.3486967222284372,0.9947780678851175,0.0003,1.0,2931.2877173423767
depth4_bal_AAAAMMMM,4,AAAAMMMM,9375,112500,1.3315308094024658,1.7298387289047241,1.7501409360340663,0.4441906005221932,0.35900783289817234,0.35787000783085354,0.9947780678851175,0.0003,1.0,2939.4203152656555
depth4_bal_AAAAMMMM,4,AAAAMMMM,9400,112800,1.6854613522688549,1.6873229344685872,1.6790692022868565,0.3156005221932115,0.30678851174934724,0.30629824365141517,0.9947780678851175,0.0003,1.0,2947.558964252472
depth4_bal_AAAAMMMM,4,AAAAMMMM,9425,113100,1.2085275848706563,1.232059160868327,1.264070555141994,0.58322454308094,0.5783289817232375,0.5741134355073274,0.9947780678851175,0.0003,1.0,2954.6193811893463
depth4_bal_AAAAMMMM,4,AAAAMMMM,9450,113400,1.2247795760631561,1.2712793747584026,1.3018885578427997,0.5421018276762402,0.5326370757180157,0.5026289294104486,0.9947780678851175,0.0003,1.0,2962.7449860572815
depth4_bal_AAAAMMMM,4,AAAAMMMM,9475,113700,1.2530060211817424,1.2455631097157795,1.2595261233193533,0.5257832898172323,0.5574412532637075,0.5624790244993847,0.9947780678851175,0.0003,1.0,2970.6903240680695
depth4_bal_AAAAMMMM,4,AAAAMMMM,9500,114000,1.4268144865830739,1.3644527594248455,1.380501627922058,0.38511749347258484,0.4464751958224543,0.443114442331357,0.9947780678851175,0.0003,1.0,2978.781940460205
depth4_bal_AAAAMMMM,4,AAAAMMMM,9525,114300,1.2227658132712047,1.2265105644861858,1.257778365271432,0.5460182767624021,0.5626631853785901,0.5561024723123392,0.9947780678851175,0.0003,1.0,2987.1432189941406
depth4_bal_AAAAMMMM,4,AAAAMMMM,9550,114600,1.3972466091314952,1.3053784370422363,1.3266598054340908,0.42069190600522194,0.4490861618798956,0.45228772793377336,0.9947780678851175,0.0003,1.0,2990.724937438965
depth4_bal_AAAAMMMM,4,AAAAMMMM,9575,114900,1.4283204972743988,1.325837771097819,1.3676549536841256,0.39066579634464754,0.4660574412532637,0.44233135697505316,0.9947780678851175,0.0003,1.0,2993.7137320041656
depth4_bal_AAAAMMMM,4,AAAAMMMM,9600,115200,1.2804973721504211,1.3019784688949585,1.3270879473005022,0.49477806788511747,0.5117493472584856,0.5045307081329008,0.9947780678851175,0.0003,1.0,2996.686781167984
depth4_bal_AAAAMMMM,4,AAAAMMMM,9625,115500,1.3833324710528057,1.6156036456425984,1.6281676428658622,0.4275456919060052,0.30156657963446476,0.3074169370175635,0.9947780678851175,0.0003,1.0,2999.7716686725616
depth4_bal_AAAAMMMM,4,AAAAMMMM,9650,115800,1.264457215865453,1.2398236592610676,1.2689034564154489,0.5019582245430809,0.5104438642297651,0.5063206175187381,0.9947780678851175,0.0003,1.0,3002.7713170051575
depth4_bal_AAAAMMMM,4,AAAAMMMM,9675,116100,1.4300398627916973,1.5205198923746746,1.5869992698941913,0.40372062663185376,0.42036553524804177,0.36312786665175073,0.9947780678851175,0.0003,1.0,3005.739010334015
depth4_bal_AAAAMMMM,4,AAAAMMMM,9700,116400,1.6150945325692494,1.473738193511963,1.5091810771397183,0.3335509138381201,0.35509138381201044,0.3611142185926837,0.9947780678851175,0.0003,1.0,3011.669818162918
depth4_bal_AAAAMMMM,4,AAAAMMMM,9725,116700,1.2618357241153717,1.2606035868326824,1.291533078466143,0.5434073107049608,0.577023498694517,0.5605772457769326,0.9947780678851175,0.0003,1.0,3017.8552401065826
depth4_bal_AAAAMMMM,4,AAAAMMMM,9750,117000,1.1667404373486836,1.2021345297495525,1.2299077068056379,0.616514360313316,0.6070496083550914,0.603423201700414,0.9947780678851175,0.0003,1.0,3020.824478626251
depth4_bal_AAAAMMMM,4,AAAAMMMM,9775,117300,1.4524289071559906,1.4411074320475261,1.465101558821542,0.38903394255874674,0.412532637075718,0.3980310996755789,0.9947780678851175,0.0003,1.0,3025.867237329483
depth4_bal_AAAAMMMM,4,AAAAMMMM,9800,117600,1.5669967929522197,1.5006321271260579,1.5179930482591901,0.347911227154047,0.3276762402088773,0.3586530931871574,0.9947780678851175,0.0003,1.0,3034.1282711029053
depth4_bal_AAAAMMMM,4,AAAAMMMM,9825,117900,1.2564885516961415,1.2772501707077026,1.301495463507516,0.5140339425587467,0.5156657963446475,0.5084461349144199,0.9947780678851175,0.0003,1.0,3041.045569896698
depth4_bal_AAAAMMMM,4,AAAAMMMM,9850,118200,1.2944611310958862,1.6485936641693115,1.6524245500564576,0.4631201044386423,0.24934725848563968,0.2625573330350151,0.9947780678851175,0.0003,1.0,3047.849066734314
depth4_bal_AAAAMMMM,4,AAAAMMMM,9875,118500,1.3841156363487244,1.2604682048161824,1.2832192795617239,0.41612271540469975,0.5391644908616188,0.5088936122608793,0.9947780678851175,0.0003,1.0,3055.919238805771
depth4_bal_AAAAMMMM,4,AAAAMMMM,9900,118800,1.1901103258132935,1.2859772443771362,1.3125291994639805,0.5773498694516971,0.5169712793733682,0.5118022150128649,0.9947780678851175,0.0003,1.0,3064.2004776000977
depth4_bal_AAAAMMMM,4,AAAAMMMM,9925,119100,1.2556500434875488,1.3031015793482463,1.3369205338614327,0.5486292428198434,0.4830287206266319,0.4819331021367043,0.9947780678851175,0.0003,1.0,3072.4150195121765
depth4_bal_AAAAMMMM,4,AAAAMMMM,9950,119400,1.268730988105138,1.2747822999954224,1.3179339000156947,0.5248041775456919,0.5169712793733682,0.5020695827273745,0.9947780678851175,0.0003,1.0,3080.34029006958
depth4_bal_AAAAMMMM,4,AAAAMMMM,9975,119700,1.5125502149264018,1.3639535506566365,1.4103559459958757,0.3456266318537859,0.4255874673629243,0.3938919342208301,0.9947780678851175,0.0003,1.0,3088.301094055176
depth4_bal_AAAAMMMM,4,AAAAMMMM,10000,120000,1.2236293256282806,1.271882136662801,1.2992134741374424,0.6204308093994778,0.6109660574412533,0.5785882089719208,0.9947780678851175,0.0003,1.0,3096.4670872688293
depth4_bal_AAAAMMMM,4,AAAAMMMM,10025,120300,1.7712909579277039,1.5975144704182942,1.5932700429643905,0.2983028720626632,0.3642297650130548,0.34366260208076965,0.9947780678851175,0.0003,1.0,3104.2738225460052
depth4_bal_AAAAMMMM,4,AAAAMMMM,10050,120600,1.1912821630636852,1.2356094121932983,1.2566257953643798,0.6364229765013055,0.587467362924282,0.5840698064660477,0.9947780678851175,0.0003,1.0,3112.1866884231567
depth4_bal_AAAAMMMM,4,AAAAMMMM,10075,120900,1.4620363314946492,1.4589910904566448,1.471174761227199,0.3975195822454308,0.4112271540469974,0.39254950218145207,0.9947780678851175,0.0003,1.0,3120.351180791855
depth4_bal_AAAAMMMM,4,AAAAMMMM,10100,121200,1.314379096031189,1.4165430068969727,1.4558054072516304,0.4856396866840731,0.43733681462140994,0.4301375992840362,0.9947780678851175,0.0003,1.0,3128.5007977485657
depth4_bal_AAAAMMMM,4,AAAAMMMM,10125,121500,1.2494581242402394,1.2842853864034016,1.3044363124029976,0.4892297650130548,0.4464751958224543,0.4415482716187493,0.9947780678851175,0.0003,1.0,3136.678215265274
depth4_bal_AAAAMMMM,4,AAAAMMMM,10150,121800,1.2538637816905975,1.261553208033244,1.2880554676055909,0.6119451697127938,0.6031331592689295,0.5913413133460118,0.9947780678851175,0.0003,1.0,3144.9160108566284
depth4_bal_AAAAMMMM,4,AAAAMMMM,10175,122100,1.338990310827891,1.3042460680007935,1.3251167569841658,0.4324412532637076,0.47389033942558745,0.46347466159525674,0.9947780678851175,0.0003,1.0,3153.2389509677887
depth4_bal_AAAAMMMM,4,AAAAMMMM,10200,122400,1.4521205325921376,1.4648865858713787,1.4726742880684989,0.37467362924281983,0.40339425587467365,0.3823693925495022,0.9947780678851175,0.0003,1.0,3161.514237880707
depth4_bal_AAAAMMMM,4,AAAAMMMM,10225,122700,1.4460113942623138,2.2944792906443277,2.4009354863848005,0.41220626631853785,0.1370757180156658,0.14945743371741804,0.9947780678851175,0.0003,1.0,3169.8455810546875
depth4_bal_AAAAMMMM,4,AAAAMMMM,10250,123000,1.3449096481005351,1.3166803121566772,1.353586425100054,0.4608355091383812,0.5026109660574413,0.47208860051459894,0.9947780678851175,0.0003,1.0,3177.5609521865845
depth4_bal_AAAAMMMM,4,AAAAMMMM,10275,123300,1.4014694690704346,1.2984719673792522,1.3403704064232962,0.40600522193211486,0.5026109660574413,0.4594473654771227,0.9947780678851175,0.0003,1.0,3185.9874355793
depth4_bal_AAAAMMMM,4,AAAAMMMM,10300,123600,1.2493851681550343,1.2664035161336262,1.2932145936148507,0.5045691906005222,0.49216710182767626,0.47880076071148897,0.9947780678851175,0.0003,1.0,3194.2105889320374
depth4_bal_AAAAMMMM,4,AAAAMMMM,10325,123900,1.4213007986545563,1.5186123847961426,1.5460442917687551,0.4066579634464752,0.3394255874673629,0.3335943617854346,0.9947780678851175,0.0003,1.0,3202.3896543979645
depth4_bal_AAAAMMMM,4,AAAAMMMM,10350,124200,1.4800125658512115,1.4683780272801716,1.5044986384255545,0.36488250652741516,0.39033942558746737,0.36413469068128423,0.9947780678851175,0.0003,1.0,3210.6371891498566
depth4_bal_AAAAMMMM,4,AAAAMMMM,10375,124500,1.2646196881930034,1.281499981880188,1.2746255976813181,0.5013054830287206,0.4856396866840731,0.5029645374202931,0.9947780678851175,0.0003,1.0,3218.9462988376617
depth4_bal_AAAAMMMM,4,AAAAMMMM,10400,124800,1.3428959548473358,1.3091371059417725,1.3290680783135551,0.5019582245430809,0.6018276762402088,0.5752321288734757,0.9947780678851175,0.0003,1.0,3227.0520889759064
depth4_bal_AAAAMMMM,4,AAAAMMMM,10425,125100,1.3151058455308278,1.386897365252177,1.402856527056013,0.4572454308093995,0.45430809399477806,0.42633404183913187,0.9947780678851175,0.0003,1.0,3235.2937071323395
depth4_bal_AAAAMMMM,4,AAAAMMMM,10450,125400,1.3058815797170003,1.3395273288091023,1.3432474613189698,0.4676892950391645,0.4660574412532637,0.45720997874482605,0.9947780678851175,0.0003,1.0,3243.5840368270874
depth4_bal_AAAAMMMM,4,AAAAMMMM,10475,125700,1.2485313713550568,1.2959229548772175,1.3127276965550014,0.5985639686684073,0.5626631853785901,0.5511802215012865,0.9947780678851175,0.0003,1.0,3251.880994796753
depth4_bal_AAAAMMMM,4,AAAAMMMM,10500,126000,1.4603251616160076,1.4740039904912312,1.468904311316354,0.385443864229765,0.35117493472584854,0.3721892829175523,0.9947780678851175,0.0003,1.0,3259.9375097751617
depth4_bal_AAAAMMMM,4,AAAAMMMM,10525,126300,1.2560621897379558,1.3430778980255127,1.370432584626334,0.5248041775456919,0.4425587467362924,0.439758362232912,0.9947780678851175,0.0003,1.0,3267.7371933460236
depth4_bal_AAAAMMMM,4,AAAAMMMM,10550,126600,1.2143110235532124,1.2555577357610066,1.2737532445362636,0.5359007832898173,0.5352480417754569,0.5052019241525898,0.9947780678851175,0.0003,1.0,3275.9171624183655
depth4_bal_AAAAMMMM,4,AAAAMMMM,10575,126900,1.3076249261697133,1.3089694182078044,1.3326586518968855,0.48368146214099217,0.4660574412532637,0.4635865309318716,0.9947780678851175,0.0003,1.0,3283.994358062744
depth4_bal_AAAAMMMM,4,AAAAMMMM,10600,127200,1.5485743085543315,1.4932888746261597,1.5060120786939348,0.33975195822454307,0.3577023498694517,0.35227654100011185,0.9947780678851175,0.0003,1.0,3292.030357837677
depth4_bal_AAAAMMMM,4,AAAAMMMM,10625,127500,1.6691698928674061,1.6079690059026082,1.6203064714159285,0.3198433420365535,0.32114882506527415,0.3140172278778387,0.9947780678851175,0.0003,1.0,3300.1410331726074
depth4_bal_AAAAMMMM,4,AAAAMMMM,10650,127800,1.5160967111587524,1.4310118357340496,1.4397274085453577,0.3730417754569191,0.40339425587467365,0.3909833314688444,0.9947780678851175,0.0003,1.0,3307.3952176570892
depth4_bal_AAAAMMMM,4,AAAAMMMM,10675,128100,1.3539825975894928,1.4942355155944824,1.5296267475400651,0.4663838120104439,0.31592689295039167,0.30719319834433384,0.9947780678851175,0.0003,1.0,3312.2263951301575
depth4_bal_AAAAMMMM,4,AAAAMMMM,10700,128400,1.8832850257555644,1.7403254906336467,1.7387358154569352,0.2800261096605744,0.34986945169712796,0.3342655778051236,0.9947780678851175,0.0003,1.0,3319.935343980789
depth4_bal_AAAAMMMM,4,AAAAMMMM,10725,128700,1.2324683169523876,1.2255584796269734,1.2533822093691145,0.558420365535248,0.6318537859007833,0.6008502069582727,0.9947780678851175,0.0003,1.0,3327.560647726059
depth4_bal_AAAAMMMM,4,AAAAMMMM,10750,129000,1.412277231613795,1.3701905409495037,1.3918706042425972,0.4066579634464752,0.45300261096605743,0.4320393780064884,0.9947780678851175,0.0003,1.0,3335.935557603836
depth4_bal_AAAAMMMM,4,AAAAMMMM,10775,129300,1.4204415678977966,1.25996732711792,1.3006704909460884,0.3727154046997389,0.5117493472584856,0.4838348808591565,0.9947780678851175,0.0003,1.0,3344.3008377552032
depth4_bal_AAAAMMMM,4,AAAAMMMM,10800,129600,1.2925965587298076,1.280664602915446,1.2977090290614537,0.4781331592689295,0.5052219321148825,0.5059850095088936,0.9947780678851175,0.0003,1.0,3352.5669164657593
depth4_bal_AAAAMMMM,4,AAAAMMMM,10825,129900,1.4033479392528534,1.446218729019165,1.401726416179112,0.37989556135770236,0.3733681462140992,0.40865868665398813,0.9947780678851175,0.0003,1.0,3360.6840562820435
depth4_bal_AAAAMMMM,4,AAAAMMMM,10850,130200,1.6497623324394226,1.498212178548177,1.5244542258126395,0.33975195822454307,0.3629242819843342,0.3564157064548607,0.9947780678851175,0.0003,1.0,3368.422430038452
depth4_bal_AAAAMMMM,4,AAAAMMMM,10875,130500,1.4273633261521657,1.4606449206670125,1.482108780315944,0.38870757180156656,0.3733681462140992,0.36480590670097324,0.9947780678851175,0.0003,1.0,3376.0594849586487
depth4_bal_AAAAMMMM,4,AAAAMMMM,10900,130800,1.9602636992931366,1.9647303422292073,1.9163036210196358,0.2447780678851175,0.2310704960835509,0.23828168698959615,0.9947780678851175,0.0003,1.0,3384.132754087448
depth4_bal_AAAAMMMM,4,AAAAMMMM,10925,131100,1.431713769833247,1.4168119033177693,1.4415701116834367,0.4112271540469974,0.43994778067885115,0.423537308423761,0.9947780678851175,0.0003,1.0,3392.456179380417
depth4_bal_AAAAMMMM,4,AAAAMMMM,10950,131400,1.400478462378184,1.4299389123916626,1.4474354778017318,0.42199738903394257,0.3968668407310705,0.3714061975612485,0.9947780678851175,0.0003,1.0,3400.3395490646362
depth4_bal_AAAAMMMM,4,AAAAMMMM,10975,131700,1.3036579887072246,1.3115277687708538,1.3371014731270927,0.483355091383812,0.5078328981723238,0.4934556438080322,0.9947780678851175,0.0003,1.0,3408.477828025818
depth4_bal_AAAAMMMM,4,AAAAMMMM,11000,132000,1.370018740495046,1.3824872970581055,1.403564361163548,0.41906005221932113,0.4595300261096606,0.439087146213223,0.9947780678851175,0.0003,1.0,3416.6505064964294
depth4_bal_AAAAMMMM,4,AAAAMMMM,11025,132300,1.6825695435206096,1.597607930501302,1.6039533410753524,0.3136422976501306,0.2845953002610966,0.3163664839467502,0.9947780678851175,0.0003,1.0,3425.1169488430023
depth4_bal_AAAAMMMM,4,AAAAMMMM,11050,132600,1.2083065509796143,1.2542446454366047,1.2799106768199375,0.560378590078329,0.5287206266318538,0.5066562255285826,0.9947780678851175,0.0003,1.0,3433.3438470363617
depth4_bal_AAAAMMMM,4,AAAAMMMM,11075,132900,1.2578625082969666,1.2465675671895344,1.2777234997068132,0.5091383812010444,0.5091383812010444,0.517843159190066,0.9947780678851175,0.0003,1.0,3441.63836312294
depth4_bal_AAAAMMMM,4,AAAAMMMM,11100,133200,1.5191525717576344,1.3733979066212971,1.4164219209126063,0.3710835509138381,0.42036553524804177,0.4220830070477682,0.9947780678851175,0.0003,1.0,3449.643864631653
depth4_bal_AAAAMMMM,4,AAAAMMMM,11125,133500,1.2788114150365193,1.3738244771957397,1.4004956075123378,0.5055483028720626,0.391644908616188,0.38393556326210987,0.9947780678851175,0.0003,1.0,3457.6333770751953
depth4_bal_AAAAMMMM,4,AAAAMMMM,11150,133800,1.3328805069128673,1.2935340801874797,1.3432571240833828,0.4435378590078329,0.4660574412532637,0.4534064212999217,0.9947780678851175,0.0003,1.0,3465.479459285736
depth4_bal_AAAAMMMM,4,AAAAMMMM,11175,134100,1.330416629711787,1.410057544708252,1.4323477029800415,0.4637728459530026,0.4321148825065274,0.40116344110079427,0.9947780678851175,0.0003,1.0,3473.4442393779755
depth4_bal_AAAAMMMM,4,AAAAMMMM,11200,134400,1.5574179192384083,1.39978822072347,1.4134582315172468,0.3515013054830287,0.42036553524804177,0.4158183241973375,0.9947780678851175,0.0003,1.0,3481.084841966629
depth4_bal_AAAAMMMM,4,AAAAMMMM,11225,134700,1.215720425049464,1.2614258527755737,1.2987944875444686,0.5515665796344648,0.5639686684073107,0.5109072603199463,0.9947780678851175,0.0003,1.0,3489.371036052704
depth4_bal_AAAAMMMM,4,AAAAMMMM,11250,135000,1.7872865597407024,2.435819625854492,2.4541623864855087,0.2731723237597911,0.185378590078329,0.1637767088041168,0.9947780678851175,0.0003,1.0,3497.5944530963898
depth4_bal_AAAAMMMM,4,AAAAMMMM,11275,135300,1.396896521250407,1.367594599723816,1.3900832959583826,0.3975195822454308,0.42428198433420367,0.42622217250251704,0.9947780678851175,0.0003,1.0,3505.849053621292
depth4_bal_AAAAMMMM,4,AAAAMMMM,11300,135600,1.3811559677124023,1.3768161137898762,1.3892399651663645,0.41906005221932113,0.4490861618798956,0.43528358876831863,0.9947780678851175,0.0003,1.0,3513.983592748642
depth4_bal_AAAAMMMM,4,AAAAMMMM,11325,135900,1.3582544128100078,1.4256988366444905,1.427527059827532,0.44386422976501305,0.42297650130548303,0.41827944960286384,0.9947780678851175,0.0003,1.0,3522.0494842529297
depth4_bal_AAAAMMMM,4,AAAAMMMM,11350,136200,1.2550806800524394,1.2794599533081055,1.2985230990818568,0.4902088772845953,0.4960835509138381,0.4819331021367043,0.9947780678851175,0.0003,1.0,3530.0964345932007
depth4_bal_AAAAMMMM,4,AAAAMMMM,11375,136500,1.6661867797374725,2.7574302355448403,2.7212934766496932,0.32049608355091386,0.2349869451697128,0.22150128649737108,0.9947780678851175,0.0003,1.0,3538.2264301776886
depth4_bal_AAAAMMMM,4,AAAAMMMM,11400,136800,1.4193063577016194,1.762339433034261,1.7707438026155744,0.4086161879895561,0.29112271540469975,0.27665286944848416,0.9947780678851175,0.0003,1.0,3546.351204395294
depth4_bal_AAAAMMMM,4,AAAAMMMM,11425,137100,1.3401284714539845,1.3990627527236938,1.4110512324741908,0.4614882506527415,0.45822454308093996,0.43539545810493346,0.9947780678851175,0.0003,1.0,3554.3982894420624
depth4_bal_AAAAMMMM,4,AAAAMMMM,11450,137400,1.546875685453415,1.6003193457921345,1.6018838609967914,0.3518276762402089,0.31070496083550914,0.3153596599172167,0.9947780678851175,0.0003,1.0,3562.4318606853485
depth4_bal_AAAAMMMM,4,AAAAMMMM,11475,137700,1.2204223970572154,1.3500009377797444,1.3828521592276437,0.5391644908616188,0.47389033942558745,0.4553082000223739,0.9947780678851175,0.0003,1.0,3570.7219660282135
depth4_bal_AAAAMMMM,4,AAAAMMMM,11500,138000,1.2283435463905334,1.2923036019007366,1.3056270088468278,0.6011749347258486,0.5300261096605744,0.5552075176194206,0.9947780678851175,0.0003,1.0,3575.6802492141724
depth4_bal_AAAAMMMM,4,AAAAMMMM,11525,138300,1.4552094837029774,1.4865934054056804,1.511921296800886,0.4621409921671018,0.4425587467362924,0.4254390871462132,0.9947780678851175,0.0003,1.0,3583.2602486610413
depth4_bal_AAAAMMMM,4,AAAAMMMM,11550,138600,1.554806540409724,1.6645209789276123,1.6353440625326974,0.3515013054830287,0.2819843342036554,0.3196106947085804,0.9947780678851175,0.0003,1.0,3591.4774601459503
depth4_bal_AAAAMMMM,4,AAAAMMMM,11575,138900,1.3232844173908234,1.3099857966105144,1.3323110444205148,0.49738903394255873,0.5535248041775457,0.5280232688220159,0.9947780678851175,0.0003,1.0,3598.5318660736084
depth4_bal_AAAAMMMM,4,AAAAMMMM,11600,139200,1.174935519695282,1.2160624265670776,1.2342969315392631,0.5851827676240209,0.5926892950391645,0.5763508222396241,0.9947780678851175,0.0003,1.0,3606.641808271408
depth4_bal_AAAAMMMM,4,AAAAMMMM,11625,139500,1.3674161334832509,1.4022629658381145,1.4292196103504726,0.4089425587467363,0.3720626631853786,0.3837118245888802,0.9947780678851175,0.0003,1.0,3614.934093952179
depth4_bal_AAAAMMMM,4,AAAAMMMM,11650,139800,1.7489371796449025,1.7318390210469563,1.736078715324402,0.28133159268929503,0.2819843342036554,0.27631726143863966,0.9947780678851175,0.0003,1.0,3622.9278061389923
depth4_bal_AAAAMMMM,4,AAAAMMMM,11675,140100,1.2698260446389515,1.3654435475667317,1.3917365516935076,0.48890339425587465,0.4281984334203655,0.4276764738785099,0.9947780678851175,0.0003,1.0,3631.285846233368
depth4_bal_AAAAMMMM,4,AAAAMMMM,11700,140400,1.3581463197867076,1.4370426734288533,1.4413698741367884,0.43407310704960833,0.3433420365535248,0.3580937465040832,0.9947780678851175,0.0003,1.0,3639.424338579178
depth4_bal_AAAAMMMM,4,AAAAMMMM,11725,140700,1.4838713606198628,1.3961837689081829,1.4005892208644322,0.3730417754569191,0.3968668407310705,0.3992616623783421,0.9947780678851175,0.0003,1.0,3646.7057008743286
depth4_bal_AAAAMMMM,4,AAAAMMMM,11750,141000,1.3803078830242157,1.5098752578099568,1.5235001291547503,0.41155352480417756,0.3289817232375979,0.3199463027184249,0.9947780678851175,0.0003,1.0,3651.549296617508
depth4_bal_AAAAMMMM,4,AAAAMMMM,11775,141300,1.1837788820266724,1.2527931928634644,1.2630680901663645,0.6272845953002611,0.5352480417754569,0.5403288958496476,0.9947780678851175,0.0003,1.0,3659.3817892074585
depth4_bal_AAAAMMMM,4,AAAAMMMM,11800,141600,1.3758873641490936,1.3702073097229004,1.3879019601004465,0.41449086161879894,0.4595300261096606,0.44501622105380917,0.9947780678851175,0.0003,1.0,3667.3982672691345
depth4_bal_AAAAMMMM,4,AAAAMMMM,11825,141900,1.2423935333887737,1.2719924052556355,1.2965480497905186,0.6005221932114883,0.6214099216710183,0.5792594249916098,0.9947780678851175,0.0003,1.0,3675.4538662433624
depth4_bal_AAAAMMMM,4,AAAAMMMM,11850,142200,1.3292735715707142,1.3704912662506104,1.3767293316977365,0.44223237597911225,0.4164490861618799,0.4072043852779953,0.9947780678851175,0.0003,1.0,3683.264696598053
depth4_bal_AAAAMMMM,4,AAAAMMMM,11875,142500,1.217851330836614,1.2479538122812908,1.2754560845238823,0.5691906005221932,0.5691906005221932,0.5328336502964537,0.9947780678851175,0.0003,1.0,3691.493946790695
depth4_bal_AAAAMMMM,4,AAAAMMMM,11900,142800,1.2080703278382618,1.3445252577463787,1.349371109689985,0.5463446475195822,0.42689295039164493,0.414811500167804,0.9947780678851175,0.0003,1.0,3699.696095943451
depth4_bal_AAAAMMMM,4,AAAAMMMM,11925,143100,1.6278774340947468,1.4321224292119343,1.442686755316598,0.3191906005221932,0.39556135770234985,0.4068687772681508,0.9947780678851175,0.0003,1.0,3707.9310607910156
depth4_bal_AAAAMMMM,4,AAAAMMMM,11950,143400,1.1763036847114563,1.2068645159403484,1.2247015510286603,0.5656005221932114,0.5587467362924282,0.5587873363910952,0.9947780678851175,0.0003,1.0,3716.0676741600037
depth4_bal_AAAAMMMM,4,AAAAMMMM,11975,143700,1.4401805698871613,1.3481786251068115,1.381372972897121,0.389686684073107,0.4281984334203655,0.43259872468956256,0.9947780678851175,0.0003,1.0,3723.8114738464355
depth4_bal_AAAAMMMM,4,AAAAMMMM,12000,144000,1.6077492535114288,1.6353391011555989,1.6331543786185128,0.35509138381201044,0.31201044386422977,0.32352612149009957,0.9947780678851175,0.0003,1.0,3731.7896003723145
depth4_bal_AAAAMMMM,4,AAAAMMMM,12025,144300,1.3654240369796753,1.382182200749715,1.3895436116627284,0.48400783289817234,0.48172323759791125,0.4824924488197785,0.9947780678851175,0.0003,1.0,3739.941803455353
depth4_bal_AAAAMMMM,4,AAAAMMMM,12050,144600,1.234883298476537,1.307437260945638,1.314594762665885,0.5277415143603134,0.4804177545691906,0.4758921579595033,0.9947780678851175,0.0003,1.0,3747.810797929764
depth4_bal_AAAAMMMM,4,AAAAMMMM,12075,144900,1.1836554408073425,1.1594398419062297,1.1942217792783465,0.5890992167101827,0.6697127937336814,0.6298243651415147,0.9947780678851175,0.0003,1.0,3755.9720821380615
depth4_bal_AAAAMMMM,4,AAAAMMMM,12100,145200,1.543627272049586,1.6482214132944744,1.6876963751656668,0.3518276762402089,0.3198433420365535,0.29522317932654657,0.9947780678851175,0.0003,1.0,3764.1954369544983
depth4_bal_AAAAMMMM,4,AAAAMMMM,12125,145500,1.7490289807319641,1.8169436852137248,1.7501025336129326,0.28426892950391647,0.2793733681462141,0.27654100011186933,0.9947780678851175,0.0003,1.0,3772.444252729416
depth4_bal_AAAAMMMM,4,AAAAMMMM,12150,145800,1.2626952528953552,1.263702352841695,1.2821871655327932,0.5088120104438643,0.5221932114882507,0.5337286049893725,0.9947780678851175,0.0003,1.0,3780.401535511017
depth4_bal_AAAAMMMM,4,AAAAMMMM,12175,146100,1.284469097852707,1.2788102229436238,1.3074744871684483,0.47160574412532635,0.5039164490861618,0.48204497147331915,0.9947780678851175,0.0003,1.0,3783.4094092845917
depth4_bal_AAAAMMMM,4,AAAAMMMM,12200,146400,1.85697074731191,1.4902845621109009,1.466101598739624,0.283289817232376,0.3394255874673629,0.36793824812618864,0.9947780678851175,0.0003,1.0,3786.393235206604
depth4_bal_AAAAMMMM,4,AAAAMMMM,12225,146700,1.1909922659397125,1.29642653465271,1.3056436164038523,0.5378590078328982,0.48433420365535246,0.4670544803669314,0.9947780678851175,0.0003,1.0,3789.4941189289093
depth4_bal_AAAAMMMM,4,AAAAMMMM,12250,147000,1.3971540927886963,1.3537183205286663,1.3779816559382847,0.41024804177545693,0.4516971279373368,0.4441212663608905,0.9947780678851175,0.0003,1.0,3795.611573457718
depth4_bal_AAAAMMMM,4,AAAAMMMM,12275,147300,1.2076558073361714,1.2719440460205078,1.2948223965508596,0.5388381201044387,0.49869451697127937,0.4997203266584629,0.9947780678851175,0.0003,1.0,3803.7518730163574
depth4_bal_AAAAMMMM,4,AAAAMMMM,12300,147600,1.2773325443267822,1.3216177225112915,1.3523652485438755,0.5450391644908616,0.49477806788511747,0.4925606891151135,0.9947780678851175,0.0003,1.0,3812.001074075699
depth4_bal_AAAAMMMM,4,AAAAMMMM,12325,147900,1.3467745681603749,1.3673603137334187,1.3752565656389508,0.4719321148825065,0.4660574412532637,0.4819331021367043,0.9947780678851175,0.0003,1.0,3820.35862326622
depth4_bal_AAAAMMMM,4,AAAAMMMM,12350,148200,1.2417585651079814,1.3553726275761921,1.3751263448170252,0.5228459530026109,0.4216710182767624,0.40709251594138046,0.9947780678851175,0.0003,1.0,3828.6254041194916
depth4_bal_AAAAMMMM,4,AAAAMMMM,12375,148500,1.3625738720099132,1.3549573421478271,1.3853549480438232,0.44451697127937334,0.48433420365535246,0.4662713950106276,0.9947780678851175,0.0003,1.0,3836.8856797218323
depth4_bal_AAAAMMMM,4,AAAAMMMM,12400,148800,1.2284666796525319,1.264916221300761,1.285453132220677,0.6573107049608355,0.6331592689295039,0.6283700637655218,0.9947780678851175,0.0003,1.0,3845.0930531024933
depth4_bal_AAAAMMMM,4,AAAAMMMM,12425,149100,1.3425327738126118,1.313934286435445,1.344642424583435,0.4324412532637076,0.46344647519582244,0.44389752768766083,0.9947780678851175,0.0003,1.0,3853.3955085277557
depth4_bal_AAAAMMMM,4,AAAAMMMM,12450,149400,1.3909055491288502,1.4400564829508464,1.4549937180110386,0.4066579634464752,0.39947780678851175,0.3867322966774807,0.9947780678851175,0.0003,1.0,3861.27752161026
depth4_bal_AAAAMMMM,4,AAAAMMMM,12475,149700,2.04256264368693,1.908513029416402,1.940741719518389,0.24379895561357703,0.2793733681462141,0.24186150576127083,0.9947780678851175,0.0003,1.0,3869.093760728836
depth4_bal_AAAAMMMM,4,AAAAMMMM,12500,150000,1.5535501043001811,1.7051363786061604,1.7171840156827654,0.32539164490861616,0.2793733681462141,0.27598165342879516,0.9947780678851175,0.0003,1.0,3876.976701974869
depth4_bal_AAAAMMMM,4,AAAAMMMM,12525,150300,1.3246710896492004,1.3137423992156982,1.320515693937029,0.42428198433420367,0.45822454308093996,0.46347466159525674,0.9947780678851175,0.0003,1.0,3884.908321619034
depth4_bal_AAAAMMMM,4,AAAAMMMM,12550,150600,1.1904980540275574,1.2787806590398152,1.3072877270834786,0.5610313315926893,0.46866840731070497,0.47477346459335495,0.9947780678851175,0.0003,1.0,3893.0138218402863
depth4_bal_AAAAMMMM,4,AAAAMMMM,12575,150900,1.607724795738856,1.8387750387191772,1.8933911289487566,0.3381201044386423,0.25326370757180156,0.25674012753104375,0.9947780678851175,0.0003,1.0,3901.0895454883575
depth4_bal_AAAAMMMM,4,AAAAMMMM,12600,151200,1.6174388428529103,1.8419708013534546,1.874446439743042,0.3665143603133159,0.293733681462141,0.29376887795055373,0.9947780678851175,0.0003,1.0,3908.832773923874
depth4_bal_AAAAMMMM,4,AAAAMMMM,12625,151500,1.2056125104427338,1.2197820742925007,1.248806824002947,0.5675587467362925,0.5757180156657964,0.5729947421411791,0.9947780678851175,0.0003,1.0,3913.220841407776
depth4_bal_AAAAMMMM,4,AAAAMMMM,12650,151800,1.3777966698010762,1.4928493897120159,1.5059827940804618,0.42885117493472585,0.3877284595300261,0.38415930193533954,0.9947780678851175,0.0003,1.0,3919.116991519928
depth4_bal_AAAAMMMM,4,AAAAMMMM,12675,152100,1.2914536396662395,1.3536935647328694,1.379315233230591,0.5306788511749347,0.48172323759791125,0.46481709363463475,0.9947780678851175,0.0003,1.0,3927.327611923218
depth4_bal_AAAAMMMM,4,AAAAMMMM,12700,152400,1.4411418437957764,1.6055339574813843,1.5783770322799682,0.3815274151436031,0.33550913838120106,0.3338181004586643,0.9947780678851175,0.0003,1.0,3935.3198120594025
depth4_bal_AAAAMMMM,4,AAAAMMMM,12725,152700,1.3156985243161519,1.3316843509674072,1.358311367034912,0.5055483028720626,0.4830287206266319,0.4735429018905918,0.9947780678851175,0.0003,1.0,3943.46715092659
depth4_bal_AAAAMMMM,4,AAAAMMMM,12750,153000,1.3463087876637776,1.531195084253947,1.531057071685791,0.42297650130548303,0.34595300261096606,0.3569750531379349,0.9947780678851175,0.0003,1.0,3951.7641100883484
depth4_bal_AAAAMMMM,4,AAAAMMMM,12775,153300,1.406307150920232,1.5263091723124187,1.537736017363412,0.4131853785900783,0.3838120104438642,0.34690681284259983,0.9947780678851175,0.0003,1.0,3959.908061981201
depth4_bal_AAAAMMMM,4,AAAAMMMM,12800,153600,1.5230084260304768,1.5428390105565388,1.5528955323355538,0.46507832898172324,0.4412532637075718,0.439758362232912,0.9947780678851175,0.0003,1.0,3968.1244485378265
depth4_bal_AAAAMMMM,4,AAAAMMMM,12825,153900,1.3852743903795879,1.4118361473083496,1.4269102505275182,0.4118798955613577,0.43342036553524804,0.4240966551068352,0.9947780678851175,0.0003,1.0,3976.2033467292786
depth4_bal_AAAAMMMM,4,AAAAMMMM,12850,154200,1.2936869462331135,1.2903620799382527,1.3039331674575805,0.4703002610966057,0.4830287206266319,0.4878621769772905,0.9947780678851175,0.0003,1.0,3984.416981935501
depth4_bal_AAAAMMMM,4,AAAAMMMM,12875,154500,1.4620867768923442,1.9815678596496582,2.00568414415632,0.3880548302872063,0.23759791122715404,0.2502517060073834,0.9947780678851175,0.0003,1.0,3992.465842962265
depth4_bal_AAAAMMMM,4,AAAAMMMM,12900,154800,1.4799322585264842,1.396435260772705,1.3949261801583426,0.3795691906005222,0.44778067885117495,0.44624678375657234,0.9947780678851175,0.0003,1.0,4000.298532962799
depth4_bal_AAAAMMMM,4,AAAAMMMM,12925,155100,1.4310346742471058,1.3498484293619792,1.3667156219482421,0.40013054830287204,0.4464751958224543,0.4470298691128762,0.9947780678851175,0.0003,1.0,4008.343950510025
depth4_bal_AAAAMMMM,4,AAAAMMMM,12950,155400,1.1856636106967926,1.1953034400939941,1.2234105212347848,0.5946475195822454,0.5939947780678851,0.5801543796845284,0.9947780678851175,0.0003,1.0,4014.0270380973816
depth4_bal_AAAAMMMM,4,AAAAMMMM,12975,155700,1.4407514830430348,1.4288642406463623,1.4432791778019496,0.39131853785900783,0.4151436031331593,0.41962188164224185,0.9947780678851175,0.0003,1.0,4022.1622993946075
depth4_bal_AAAAMMMM,4,AAAAMMMM,13000,156000,1.38694163163503,1.3413050572077434,1.3655415534973145,0.4066579634464752,0.46475195822454307,0.4388634075399933,0.9947780678851175,0.0003,1.0,4030.281996011734
depth4_bal_AAAAMMMM,4,AAAAMMMM,13025,156300,1.1754260857899983,1.2059048016866047,1.2374619211469378,0.6719973890339426,0.6657963446475196,0.6419062534959168,0.9947780678851175,0.0003,1.0,4038.623988389969
depth4_bal_AAAAMMMM,4,AAAAMMMM,13050,156600,1.2427382071812947,1.2230541706085205,1.2535989148276192,0.539490861618799,0.5835509138381201,0.5722116567848753,0.9947780678851175,0.0003,1.0,4046.696285009384
depth4_bal_AAAAMMMM,4,AAAAMMMM,13075,156900,1.3093866109848022,1.28594970703125,1.3270109449114118,0.4321148825065274,0.489556135770235,0.4576574560912854,0.9947780678851175,0.0003,1.0,4054.792827606201
depth4_bal_AAAAMMMM,4,AAAAMMMM,13100,157200,1.355034629503886,1.3215382099151611,1.3521896328244891,0.45300261096605743,0.5156657963446475,0.48998769437297235,0.9947780678851175,0.0003,1.0,4062.9530992507935
depth4_bal_AAAAMMMM,4,AAAAMMMM,13125,157500,1.2219963669776917,1.2329414288202922,1.2506501708711897,0.5531984334203656,0.5600522193211488,0.566953797963978,0.9947780678851175,0.0003,1.0,4070.9946422576904
depth4_bal_AAAAMMMM,4,AAAAMMMM,13150,157800,1.3517054716746013,1.358066479365031,1.37845527444567,0.558420365535248,0.6292428198433421,0.5876496252377224,0.9947780678851175,0.0003,1.0,4078.940817117691
depth4_bal_AAAAMMMM,4,AAAAMMMM,13175,158100,1.4318939844767253,1.3469391663869221,1.3776575769696917,0.3772845953002611,0.4360313315926893,0.45161651191408436,0.9947780678851175,0.0003,1.0,4087.0679247379303
depth4_bal_AAAAMMMM,4,AAAAMMMM,13200,158400,1.3508376677831013,1.427424709002177,1.4510269607816424,0.45202349869451697,0.4255874673629243,0.414140284148115,0.9947780678851175,0.0003,1.0,4094.9648911952972
depth4_bal_AAAAMMMM,4,AAAAMMMM,13225,158700,1.2303367853164673,1.3803203105926514,1.4077791622706821,0.5362271540469974,0.4595300261096606,0.4483723011522542,0.9947780678851175,0.0003,1.0,4102.8596749305725
depth4_bal_AAAAMMMM,4,AAAAMMMM,13250,159000,1.3774244487285614,1.3856460650761921,1.4017489876065936,0.4281984334203655,0.42428198433420367,0.4138046761382705,0.9947780678851175,0.0003,1.0,4110.934742927551
depth4_bal_AAAAMMMM,4,AAAAMMMM,13275,159300,1.2112761934598286,1.2028904755910237,1.2253422328404018,0.5104438642297651,0.556135770234987,0.551515829511131,0.9947780678851175,0.0003,1.0,4117.97095656395
depth4_bal_AAAAMMMM,4,AAAAMMMM,13300,159600,1.2621237734953563,1.263209581375122,1.292197390965053,0.5721279373368147,0.6096605744125326,0.5850766304955811,0.9947780678851175,0.0003,1.0,4122.602193117142
depth4_bal_AAAAMMMM,4,AAAAMMMM,13325,159900,1.2600864668687184,1.3234505653381348,1.3154286588941302,0.49967362924281983,0.47911227154047,0.49860163329231455,0.9947780678851175,0.0003,1.0,4130.203129053116
depth4_bal_AAAAMMMM,4,AAAAMMMM,13350,160200,1.5839155713717143,1.4415897925694783,1.470302108355931,0.33975195822454307,0.39033942558746737,0.3728604989372413,0.9947780678851175,0.0003,1.0,4138.407538175583
depth4_bal_AAAAMMMM,4,AAAAMMMM,13375,160500,1.7953913708527882,1.7124627033869426,1.7361176865441459,0.28883812010443866,0.30156657963446476,0.28123951224969235,0.9947780678851175,0.0003,1.0,4145.942879199982
depth4_bal_AAAAMMMM,4,AAAAMMMM,13400,160800,1.627515971660614,1.7210478782653809,1.6698043959481375,0.3139686684073107,0.3028720626631854,0.30618637431480034,0.9947780678851175,0.0003,1.0,4153.470363140106
depth4_bal_AAAAMMMM,4,AAAAMMMM,13425,161100,1.407634288072586,1.4251660505930583,1.4445851053510392,0.3922976501305483,0.4046997389033943,0.39914979304172726,0.9947780678851175,0.0003,1.0,4161.089994907379
depth4_bal_AAAAMMMM,4,AAAAMMMM,13450,161400,1.4120378692944844,1.3948876063028972,1.4370823417391096,0.3893603133159269,0.3981723237597911,0.3869560353507104,0.9947780678851175,0.0003,1.0,4169.28749871254
depth4_bal_AAAAMMMM,4,AAAAMMMM,13475,161700,1.636114130417506,1.5730904340744019,1.5815824951444353,0.3289817232375979,0.3002610966057441,0.31412909721445353,0.9947780678851175,0.0003,1.0,4177.553670167923
depth4_bal_AAAAMMMM,4,AAAAMMMM,13500,162000,1.3707028428713481,1.5385077794392903,1.5672711849212646,0.429177545691906,0.3668407310704961,0.37062311220494465,0.9947780678851175,0.0003,1.0,4185.231577634811
depth4_bal_AAAAMMMM,4,AAAAMMMM,13525,162300,1.7181501686573029,1.5798104206720989,1.6182663747242518,0.331266318537859,0.3302872062663185,0.3206175187381139,0.9947780678851175,0.0003,1.0,4193.564302206039
depth4_bal_AAAAMMMM,4,AAAAMMMM,13550,162600,1.4443080723285675,1.4081958134969075,1.4447333438055856,0.39262402088772846,0.4164490861618799,0.3882984673900884,0.9947780678851175,0.0003,1.0,4201.945088386536
depth4_bal_AAAAMMMM,4,AAAAMMMM,13575,162900,1.3043952981630962,1.3741497993469238,1.4115990570613317,0.4598563968668407,0.4451697127937337,0.41033672670321064,0.9947780678851175,0.0003,1.0,4210.34303355217
depth4_bal_AAAAMMMM,4,AAAAMMMM,13600,163200,1.6339340806007385,1.3975034554799397,1.4207095009940012,0.3266971279373368,0.4177545691906005,0.3972480143192751,0.9947780678851175,0.0003,1.0,4218.697220563889
depth4_bal_AAAAMMMM,4,AAAAMMMM,13625,163500,1.2872488896052043,1.3029580116271973,1.3372508525848388,0.4970626631853786,0.48433420365535246,0.47768206734534063,0.9947780678851175,0.0003,1.0,4226.738280534744
depth4_bal_AAAAMMMM,4,AAAAMMMM,13650,163800,1.316745440165202,1.5263745387395222,1.525477487700326,0.46932114882506526,0.32506527415143605,0.31054927844277885,0.9947780678851175,0.0003,1.0,4234.714578151703
depth4_bal_AAAAMMMM,4,AAAAMMMM,13675,164100,1.3278870681921642,1.2991435527801514,1.3173734664916992,0.4536553524804178,0.4934725848563969,0.49390312115449153,0.9947780678851175,0.0003,1.0,4242.915904998779
depth4_bal_AAAAMMMM,4,AAAAMMMM,13700,164400,1.669726550579071,1.4257234334945679,1.446978623526437,0.34073107049608353,0.4046997389033943,0.38885781407316256,0.9947780678851175,0.0003,1.0,4251.041236639023
depth4_bal_AAAAMMMM,4,AAAAMMMM,13725,164700,1.4148087600866954,1.5021342436472576,1.5082805940083095,0.39490861618798956,0.3524804177545692,0.3577581384942387,0.9947780678851175,0.0003,1.0,4259.488696098328
depth4_bal_AAAAMMMM,4,AAAAMMMM,13750,165000,1.7201197842756908,1.7702416976292927,1.7748724426542009,0.33550913838120106,0.28067885117493474,0.29947421411791025,0.9947780678851175,0.0003,1.0,4267.619738578796
depth4_bal_AAAAMMMM,4,AAAAMMMM,13775,165300,1.2571547230084736,1.2940865357716878,1.3077140842165267,0.48661879895561355,0.47780678851174935,0.4650408323078644,0.9947780678851175,0.0003,1.0,4275.745146274567
depth4_bal_AAAAMMMM,4,AAAAMMMM,13800,165600,1.137842873732249,1.2205209732055664,1.2260028055735996,0.6227154046997389,0.5966057441253264,0.5888801879404855,0.9947780678851175,0.0003,1.0,4283.942255973816
depth4_bal_AAAAMMMM,4,AAAAMMMM,13825,165900,1.3825989762941997,1.4581101338068645,1.5007163763046265,0.40372062663185376,0.3981723237597911,0.3800201364805907,0.9947780678851175,0.0003,1.0,4292.07365322113
depth4_bal_AAAAMMMM,4,AAAAMMMM,13850,166200,1.209323098262151,1.2227383454640706,1.2493324926921299,0.570822454308094,0.6227154046997389,0.5988365588992057,0.9947780678851175,0.0003,1.0,4299.869258642197
depth4_bal_AAAAMMMM,4,AAAAMMMM,13875,166500,1.2609861493110657,1.2686136563618977,1.2796917131968908,0.4879242819843342,0.5221932114882507,0.5083342655778051,0.9947780678851175,0.0003,1.0,4308.011974811554
depth4_bal_AAAAMMMM,4,AAAAMMMM,13900,166800,1.4341153800487518,1.4224239587783813,1.4515198707580566,0.4402741514360313,0.489556135770235,0.4523995972703882,0.9947780678851175,0.0003,1.0,4315.998152017593
depth4_bal_AAAAMMMM,4,AAAAMMMM,13925,167100,1.384830355644226,1.3911163409550984,1.4029854127338954,0.4262402088772846,0.4086161879895561,0.4132453294551963,0.9947780678851175,0.0003,1.0,4324.106300830841
depth4_bal_AAAAMMMM,4,AAAAMMMM,13950,167400,1.200411468744278,1.2203641335169475,1.2441866636276244,0.6338120104438643,0.6775456919060052,0.6457098109408211,0.9947780678851175,0.0003,1.0,4332.126760959625
depth4_bal_AAAAMMMM,4,AAAAMMMM,13975,167700,1.5206217368443806,1.4609636465708415,1.491227354322161,0.3554177545691906,0.37467362924281983,0.3932207182011411,0.9947780678851175,0.0003,1.0,4340.062496423721
depth4_bal_AAAAMMMM,4,AAAAMMMM,14000,168000,1.4108380476633708,2.459329128265381,2.434550632749285,0.3815274151436031,0.1422976501305483,0.1397248014319275,0.9947780678851175,0.0003,1.0,4347.94654750824
depth4_bal_AAAAMMMM,4,AAAAMMMM,14025,168300,1.5331354240576427,1.5045675834019978,1.4968998568398613,0.3622715404699739,0.39425587467362927,0.3897527687660812,0.9947780678851175,0.0003,1.0,4355.261209011078
depth4_bal_AAAAMMMM,4,AAAAMMMM,14050,168600,1.4358549614747365,1.3490523497263591,1.3517078978674752,0.3789164490861619,0.42950391644908614,0.439087146213223,0.9947780678851175,0.0003,1.0,4363.305512189865
depth4_bal_AAAAMMMM,4,AAAAMMMM,14075,168900,1.3622784316539764,1.4297913312911987,1.4553995064326695,0.44157963446475196,0.3785900783289817,0.3946750195771339,0.9947780678851175,0.0003,1.0,4371.371784687042
depth4_bal_AAAAMMMM,4,AAAAMMMM,14100,169200,1.2533406913280487,1.2537815173467,1.269828612463815,0.5,0.5104438642297651,0.5119140843494798,0.9947780678851175,0.0003,1.0,4379.452419996262
depth4_bal_AAAAMMMM,4,AAAAMMMM,14125,169500,1.4962034424146016,1.7622193495432537,1.7813070263181414,0.3720626631853786,0.2402088772845953,0.24432263116679717,0.9947780678851175,0.0003,1.0,4387.513488769531
depth4_bal_AAAAMMMM,4,AAAAMMMM,14150,169800,1.1579844653606415,1.2126959562301636,1.247611893926348,0.6429503916449086,0.6031331592689295,0.5576686430249469,0.9947780678851175,0.0003,1.0,4395.245316982269
depth4_bal_AAAAMMMM,4,AAAAMMMM,14175,170100,1.179097165664037,1.2359986702601116,1.2594799620764596,0.633485639686684,0.5391644908616188,0.527911399485401,0.9947780678851175,0.0003,1.0,4403.458172559738
depth4_bal_AAAAMMMM,4,AAAAMMMM,14200,170400,1.4227139751116435,1.630365292231242,1.651267181124006,0.3834856396866841,0.34464751958224543,0.3391878286161763,0.9947780678851175,0.0003,1.0,4411.699553728104
depth4_bal_AAAAMMMM,4,AAAAMMMM,14225,170700,1.3544960021972656,1.4528849522272747,1.4666486740112306,0.41612271540469975,0.381201044386423,0.35988365588992055,0.9947780678851175,0.0003,1.0,4419.705434322357
depth4_bal_AAAAMMMM,4,AAAAMMMM,14250,171000,1.2886999944845836,1.4709103504816692,1.4729440723146712,0.4640992167101828,0.360313315926893,0.36704329343326997,0.9947780678851175,0.0003,1.0,4427.943110227585
depth4_bal_AAAAMMMM,4,AAAAMMMM,14275,171300,1.2495925625165303,1.7448421716690063,1.7728388684136527,0.489556135770235,0.2950391644908616,0.2970130887123839,0.9947780678851175,0.0003,1.0,4436.32065820694
depth4_bal_AAAAMMMM,4,AAAAMMMM,14300,171600,1.4407528738180797,1.4920319318771362,1.5020395006452287,0.385443864229765,0.37597911227154046,0.3688332028191073,0.9947780678851175,0.0003,1.0,4444.551981925964
depth4_bal_AAAAMMMM,4,AAAAMMMM,14325,171900,1.236587663491567,1.240371306737264,1.2678930725370134,0.5904046997389034,0.6449086161879896,0.6153932207182011,0.9947780678851175,0.0003,1.0,4452.268998384476
depth4_bal_AAAAMMMM,4,AAAAMMMM,14350,172200,1.2728031277656555,1.3099288145701091,1.3044425691877093,0.49477806788511747,0.5026109660574413,0.5082223962411903,0.9947780678851175,0.0003,1.0,4460.585860967636
depth4_bal_AAAAMMMM,4,AAAAMMMM,14375,172500,1.5339446067810059,1.5512981812159221,1.5590269804000854,0.33616187989556134,0.36161879895561355,0.3385166125964873,0.9947780678851175,0.0003,1.0,4468.970800638199
depth4_bal_AAAAMMMM,4,AAAAMMMM,14400,172800,1.36061696211497,1.3472776412963867,1.3673814535140991,0.48433420365535246,0.5352480417754569,0.5276876608121713,0.9947780678851175,0.0003,1.0,4477.217340707779
depth4_bal_AAAAMMMM,4,AAAAMMMM,14425,173100,1.3052264352639515,1.2842580080032349,1.3403190646852765,0.46279373368146215,0.5287206266318538,0.4722004698512138,0.9947780678851175,0.0003,1.0,4485.243574380875
depth4_bal_AAAAMMMM,4,AAAAMMMM,14450,173400,1.324279208978017,1.9442765712738037,2.0234248638153076,0.4474543080939948,0.2258485639686684,0.2179214677256964,0.9947780678851175,0.0003,1.0,4493.2437336444855
depth4_bal_AAAAMMMM,4,AAAAMMMM,14475,173700,1.1280865371227264,1.147621750831604,1.1722728558949063,0.6442558746736292,0.7023498694516971,0.6765857478465153,0.9947780678851175,0.0003,1.0,4501.4324860572815
depth4_bal_AAAAMMMM,4,AAAAMMMM,14500,174000,1.141753375530243,1.1721419890721638,1.1932380778448923,0.6455613577023499,0.6357702349869452,0.6360890479919454,0.9947780678851175,0.0003,1.0,4509.413213968277
depth4_bal_AAAAMMMM,4,AAAAMMMM,14525,174300,1.7349906265735626,1.8654969533284504,1.9201088769095285,0.28883812010443866,0.20887728459530025,0.22194876384383042,0.9947780678851175,0.0003,1.0,4517.5029537677765
depth4_bal_AAAAMMMM,4,AAAAMMMM,14550,174600,1.3889034887154896,1.4333224693934123,1.4524663822991508,0.4171018276762402,0.4151436031331593,0.3950106275869784,0.9947780678851175,0.0003,1.0,4525.393842697144
depth4_bal_AAAAMMMM,4,AAAAMMMM,14575,174900,1.3002309600512187,1.2547763586044312,1.271344484601702,0.4585509138381201,0.4908616187989556,0.5013983667076855,0.9947780678851175,0.0003,1.0,4533.478458404541
depth4_bal_AAAAMMMM,4,AAAAMMMM,14600,175200,1.3701540231704712,1.3723483085632324,1.38797869682312,0.483355091383812,0.5378590078328982,0.5097885669537979,0.9947780678851175,0.0003,1.0,4541.665142297745
depth4_bal_AAAAMMMM,4,AAAAMMMM,14625,175500,1.33097971479098,1.2563057740529378,1.2863858563559396,0.4233028720626632,0.5248041775456919,0.5097885669537979,0.9947780678851175,0.0003,1.0,4549.687945604324
depth4_bal_AAAAMMMM,4,AAAAMMMM,14650,175800,1.2711186309655507,1.3300277789433796,1.3675400631768362,0.4980417754569191,0.4660574412532637,0.4371853674907708,0.9947780678851175,0.0003,1.0,4557.775683641434
depth4_bal_AAAAMMMM,4,AAAAMMMM,14675,176100,1.394363244374593,1.3750232060750325,1.4073735782078334,0.4595300261096606,0.4073107049608355,0.40877055599060297,0.9947780678851175,0.0003,1.0,4566.117847204208
depth4_bal_AAAAMMMM,4,AAAAMMMM,14700,176400,1.227613131205241,1.2014336585998535,1.2324031591415405,0.5078328981723238,0.5626631853785901,0.5378677704441213,0.9947780678851175,0.0003,1.0,4574.2365827560425
depth4_bal_AAAAMMMM,4,AAAAMMMM,14725,176700,1.2723805407683055,1.277005950609843,1.3083891119275775,0.5071801566579635,0.54177545691906,0.515829511130999,0.9947780678851175,0.0003,1.0,4580.441877365112
depth4_bal_AAAAMMMM,4,AAAAMMMM,14750,177000,1.1232609351476033,1.2276054620742798,1.2389792476381574,0.6674281984334204,0.5313315926892951,0.5442443226311668,0.9947780678851175,0.0003,1.0,4588.712035894394
depth4_bal_AAAAMMMM,4,AAAAMMMM,14775,177300,1.3664337297280629,1.4370529254277546,1.4888109070914133,0.39882506527415146,0.3537859007832898,0.3190513480255062,0.9947780678851175,0.0003,1.0,4596.699662685394
depth4_bal_AAAAMMMM,4,AAAAMMMM,14800,177600,1.313574622074763,1.3602982362111409,1.3848341430936542,0.5182767624020888,0.4960835509138381,0.4574337174180557,0.9947780678851175,0.0003,1.0,4604.885127782822
depth4_bal_AAAAMMMM,4,AAAAMMMM,14825,177900,1.6642307341098785,1.4109872579574585,1.4406007937022618,0.3012402088772846,0.42036553524804177,0.42096431368161985,0.9947780678851175,0.0003,1.0,4612.6898584365845
depth4_bal_AAAAMMMM,4,AAAAMMMM,14850,178200,1.4526722033818562,1.5609529813130696,1.5880047525678362,0.36488250652741516,0.34856396866840733,0.35619196778163104,0.9947780678851175,0.0003,1.0,4621.053095579147
depth4_bal_AAAAMMMM,4,AAAAMMMM,14875,178500,1.2318786283334096,1.282478928565979,1.2883310556411742,0.5339425587467362,0.5261096605744126,0.525897751426334,0.9947780678851175,0.0003,1.0,4629.121868848801
depth4_bal_AAAAMMMM,4,AAAAMMMM,14900,178800,1.3559835255146027,1.4393626848856609,1.478533853803362,0.4425587467362924,0.3733681462140992,0.35451392773240853,0.9947780678851175,0.0003,1.0,4637.350679636002
depth4_bal_AAAAMMMM,4,AAAAMMMM,14925,179100,1.620698740084966,1.5291717847188313,1.5399842977523803,0.3371409921671018,0.36553524804177545,0.3520528023268822,0.9947780678851175,0.0003,1.0,4645.560945034027
depth4_bal_AAAAMMMM,4,AAAAMMMM,14950,179400,1.2178032298882802,1.2901371717453003,1.3062734297343663,0.5672323759791122,0.5039164490861618,0.49692359324309204,0.9947780678851175,0.0003,1.0,4653.905348300934
depth4_bal_AAAAMMMM,4,AAAAMMMM,14975,179700,1.190720111131668,1.2115456660588582,1.226436073439462,0.5806135770234987,0.5848563968668408,0.5735540888242533,0.9947780678851175,0.0003,1.0,4660.219367980957
depth4_bal_AAAAMMMM,4,AAAAMMMM,15000,180000,1.3083420594533284,1.2425923347473145,1.2702967643737793,0.47715404699738906,0.5678851174934726,0.5540888242532722,0.9947780678851175,0.0003,1.0,4666.933093547821
depth4_bal_AAAAMMMM,4,AAAAMMMM,15025,180300,1.7727510531743367,1.756427486737569,1.7496942111424036,0.3116840731070496,0.26109660574412535,0.2546146101353619,0.9947780678851175,0.0003,1.0,4675.342079401016
depth4_bal_AAAAMMMM,4,AAAAMMMM,15050,180600,1.6753169198830922,1.80318816502889,1.8446460042681012,0.3449738903394256,0.30809399477806787,0.2882872804564269,0.9947780678851175,0.0003,1.0,4682.966993093491
depth4_bal_AAAAMMMM,4,AAAAMMMM,15075,180900,1.2748077114423115,1.4629262685775757,1.506214165687561,0.4510443864229765,0.34203655352480417,0.3162546146101354,0.9947780678851175,0.0003,1.0,4691.201108455658
depth4_bal_AAAAMMMM,4,AAAAMMMM,15100,181200,1.2014172871907551,1.188297947247823,1.1949889932359967,0.5430809399477807,0.6331592689295039,0.6172949994406534,0.9947780678851175,0.0003,1.0,4699.288094758987
depth4_bal_AAAAMMMM,4,AAAAMMMM,15125,181500,1.2403346002101898,1.2875384092330933,1.2901429687227521,0.5081592689295039,0.5221932114882507,0.5132565163888578,0.9947780678851175,0.0003,1.0,4707.523387432098
depth4_bal_AAAAMMMM,4,AAAAMMMM,15150,181800,1.2236136595408122,1.222906192143758,1.2376735244478498,0.5159921671018277,0.5626631853785901,0.5435731066114778,0.9947780678851175,0.0003,1.0,4715.671607017517
depth4_bal_AAAAMMMM,4,AAAAMMMM,15175,182100,1.3241276641686757,1.3732382853825886,1.415673886026655,0.4441906005221932,0.45300261096605743,0.4271171271954357,0.9947780678851175,0.0003,1.0,4723.857995033264
depth4_bal_AAAAMMMM,4,AAAAMMMM,15200,182400,1.3525214890638988,1.5006494522094727,1.5538253647940499,0.4174281984334204,0.3093994778067885,0.2949994406533169,0.9947780678851175,0.0003,1.0,4732.028395414352
depth4_bal_AAAAMMMM,4,AAAAMMMM,15225,182700,1.357827216386795,1.3186936775843303,1.3294635874884468,0.4363577023498694,0.4765013054830287,0.47007495245553194,0.9947780678851175,0.0003,1.0,4739.942284584045
depth4_bal_AAAAMMMM,4,AAAAMMMM,15250,183000,1.7810547649860382,1.6865813732147217,1.6827151128223965,0.2793733681462141,0.26762402088772846,0.2853786777044412,0.9947780678851175,0.0003,1.0,4748.178286314011
depth4_bal_AAAAMMMM,4,AAAAMMMM,15275,183300,1.308623860279719,1.4962215026219685,1.4994288682937622,0.4464751958224543,0.4046997389033943,0.3874035126971697,0.9947780678851175,0.0003,1.0,4756.197960615158
depth4_bal_AAAAMMMM,4,AAAAMMMM,15300,183600,1.2864631414413452,1.269571582476298,1.2806361028126307,0.4614882506527415,0.5078328981723238,0.5047544468061305,0.9947780678851175,0.0003,1.0,4764.344735860825
depth4_bal_AAAAMMMM,4,AAAAMMMM,15325,183900,1.3589951793352764,1.3416321277618408,1.3704494748796736,0.4428851174934726,0.43342036553524804,0.4287951672446582,0.9947780678851175,0.0003,1.0,4772.363830566406
depth4_bal_AAAAMMMM,4,AAAAMMMM,15350,184200,1.3722186783949535,1.571544885635376,1.5809877634048461,0.4281984334203655,0.28067885117493474,0.2744154827161875,0.9947780678851175,0.0003,1.0,4780.583590507507
depth4_bal_AAAAMMMM,4,AAAAMMMM,15375,184500,1.1857992211977642,1.2060189644495647,1.2304944549288068,0.6204308093994778,0.6462140992167101,0.6444792482380579,0.9947780678851175,0.0003,1.0,4788.793512582779
depth4_bal_AAAAMMMM,4,AAAAMMMM,15400,184800,1.4831809500853221,1.5658921400705974,1.580952787399292,0.3642297650130548,0.3028720626631854,0.2857142857142857,0.9947780678851175,0.0003,1.0,4797.10445022583
depth4_bal_AAAAMMMM,4,AAAAMMMM,15425,185100,1.5059814453125,1.3342215220133464,1.3528575795037405,0.35672323759791125,0.4621409921671018,0.4477010851325652,0.9947780678851175,0.0003,1.0,4805.463898897171
depth4_bal_AAAAMMMM,4,AAAAMMMM,15450,185400,1.7128010193506877,1.4945282141367595,1.5272639036178588,0.3031984334203655,0.36553524804177545,0.35417831972256403,0.9947780678851175,0.0003,1.0,4813.724786520004
depth4_bal_AAAAMMMM,4,AAAAMMMM,15475,185700,1.1991769274075825,1.3416905005772908,1.378453687259129,0.5773498694516971,0.42950391644908614,0.41537084685087816,0.9947780678851175,0.0003,1.0,4821.981800079346
depth4_bal_AAAAMMMM,4,AAAAMMMM,15500,186000,1.2303543190161388,1.226238528887431,1.2544146878378732,0.49967362924281983,0.5652741514360313,0.532609911623224,0.9947780678851175,0.0003,1.0,4830.438943862915
depth4_bal_AAAAMMMM,4,AAAAMMMM,15525,186300,1.3819359044233959,1.4762755632400513,1.5346813542502267,0.4324412532637076,0.3642297650130548,0.33471305515158295,0.9947780678851175,0.0003,1.0,4838.731846570969
depth4_bal_AAAAMMMM,4,AAAAMMMM,15550,186600,1.3293086886405945,1.4956310987472534,1.5339215346745083,0.4386422976501306,0.3720626631853786,0.3607786105828392,0.9947780678851175,0.0003,1.0,4846.7252497673035
depth4_bal_AAAAMMMM,4,AAAAMMMM,15575,186900,1.2044773201147716,1.2716031471888225,1.284521974836077,0.5101174934725848,0.4934725848563969,0.486184136928068,0.9947780678851175,0.0003,1.0,4854.912070989609
depth4_bal_AAAAMMMM,4,AAAAMMMM,15600,187200,1.1991373697916667,1.2546141544977825,1.2666784252439227,0.5189295039164491,0.47389033942558745,0.4980422866092404,0.9947780678851175,0.0003,1.0,4863.006673574448
depth4_bal_AAAAMMMM,4,AAAAMMMM,15625,187500,1.339237670103709,1.3408079544703166,1.3704494340079172,0.43537859007832896,0.4608355091383812,0.43707349815415597,0.9947780678851175,0.0003,1.0,4871.189255952835
depth4_bal_AAAAMMMM,4,AAAAMMMM,15650,187800,1.7859211166699727,1.7891019185384114,1.8200376919337682,0.30907310704960833,0.29112271540469975,0.28291755229891485,0.9947780678851175,0.0003,1.0,4879.237455129623
depth4_bal_AAAAMMMM,4,AAAAMMMM,15675,188100,1.4234851499398549,1.8101106484731038,1.7956254380089895,0.40404699738903394,0.26240208877284593,0.23940038035574449,0.9947780678851175,0.0003,1.0,4887.517199516296
depth4_bal_AAAAMMMM,4,AAAAMMMM,15700,188400,1.349079688390096,1.2486778100331624,1.2743209157671247,0.4366840731070496,0.556135770234987,0.5336167356527576,0.9947780678851175,0.0003,1.0,4895.613427877426
depth4_bal_AAAAMMMM,4,AAAAMMMM,15725,188700,1.3268356323242188,1.2862213452657063,1.298316560472761,0.42069190600522194,0.4908616187989556,0.4842823582056158,0.9947780678851175,0.0003,1.0,4903.781347513199
depth4_bal_AAAAMMMM,4,AAAAMMMM,15750,189000,1.3253776133060455,1.3063092629114788,1.3327332428523473,0.46279373368146215,0.5091383812010444,0.46582391766416825,0.9947780678851175,0.0003,1.0,4911.904127120972
depth4_bal_AAAAMMMM,4,AAAAMMMM,15775,189300,1.7607696851094563,1.5740537643432617,1.6018166405814034,0.29699738903394257,0.32114882506527415,0.3206175187381139,0.9947780678851175,0.0003,1.0,4920.140877723694
depth4_bal_AAAAMMMM,4,AAAAMMMM,15800,189600,1.2694109678268433,1.3472437063852947,1.3422566890716552,0.48172323759791125,0.4151436031331593,0.43573106611477797,0.9947780678851175,0.0003,1.0,4928.310162067413
depth4_bal_AAAAMMMM,4,AAAAMMMM,15825,189900,1.2184621493021648,1.3150291045506795,1.320130695615496,0.5427545691906005,0.5013054830287206,0.5041951001230562,0.9947780678851175,0.0003,1.0,4935.885406970978
depth4_bal_AAAAMMMM,4,AAAAMMMM,15850,190200,1.2671109636624653,1.2878985007603962,1.2978317941938127,0.5313315926892951,0.5117493472584856,0.5282470074952456,0.9947780678851175,0.0003,1.0,4943.91041469574
depth4_bal_AAAAMMMM,4,AAAAMMMM,15875,190500,1.244078089793523,1.3901114066441853,1.4071431500571114,0.5,0.4151436031331593,0.4230898310773017,0.9947780678851175,0.0003,1.0,4952.098785877228
depth4_bal_AAAAMMMM,4,AAAAMMMM,15900,190800,1.2293681104977925,1.25362495581309,1.2704777240753173,0.6197780678851175,0.6201044386422977,0.602751985680725,0.9947780678851175,0.0003,1.0,4959.5991423130035
depth4_bal_AAAAMMMM,4,AAAAMMMM,15925,191100,1.262310951948166,1.215564449628194,1.2465969119753157,0.4827023498694517,0.5443864229765013,0.5110191296565612,0.9947780678851175,0.0003,1.0,4967.589959144592
depth4_bal_AAAAMMMM,4,AAAAMMMM,15950,191400,1.5756244162718456,1.5859055121739705,1.5964682034083775,0.34366840731070497,0.31723237597911225,0.3295670656673006,0.9947780678851175,0.0003,1.0,4975.599627494812
depth4_bal_AAAAMMMM,4,AAAAMMMM,15975,191700,1.1947855452696483,1.1982823610305786,1.212909208025251,0.5385117493472585,0.5678851174934726,0.5696386620427341,0.9947780678851175,0.0003,1.0,4982.393308401108
depth4_bal_AAAAMMMM,4,AAAAMMMM,16000,192000,1.240675727526347,1.3250595728556316,1.345237708091736,0.5003263707571801,0.46344647519582244,0.4490435171719432,0.9947780678851175,0.0003,1.0,4990.499372005463
depth4_bal_AAAAMMMM,4,AAAAMMMM,16025,192300,1.6970806419849396,1.551111380259196,1.5478337560381208,0.2947127937336815,0.3642297650130548,0.376440317708916,0.9947780678851175,0.0003,1.0,4998.665778636932
depth4_bal_AAAAMMMM,4,AAAAMMMM,16050,192600,1.2652928233146667,1.2121127049128215,1.228091403416225,0.485313315926893,0.5691906005221932,0.5596822910840139,0.9947780678851175,0.0003,1.0,5006.849620103836
depth4_bal_AAAAMMMM,4,AAAAMMMM,16075,192900,1.310258646806081,1.4879759550094604,1.48960497038705,0.4513707571801567,0.3263707571801567,0.3123391878286162,0.9947780678851175,0.0003,1.0,5014.901604175568
depth4_bal_AAAAMMMM,4,AAAAMMMM,16100,193200,1.3192211389541626,1.2487163543701172,1.281825246129717,0.47127937336814624,0.577023498694517,0.5458104933437745,0.9947780678851175,0.0003,1.0,5023.014105796814
depth4_bal_AAAAMMMM,4,AAAAMMMM,16125,193500,1.275900920232137,1.4066638946533203,1.4381106887544906,0.48433420365535246,0.42428198433420367,0.3884103367267032,0.9947780678851175,0.0003,1.0,5031.240330457687
depth4_bal_AAAAMMMM,4,AAAAMMMM,16150,193800,1.312095046043396,1.4382806221644084,1.4485852139336721,0.4676892950391645,0.3733681462140992,0.37554536301599734,0.9947780678851175,0.0003,1.0,5039.4305465221405
depth4_bal_AAAAMMMM,4,AAAAMMMM,16175,194100,1.3976955314477284,1.3477816581726074,1.360647780554635,0.4073107049608355,0.44778067885117495,0.44423313569750533,0.9947780678851175,0.0003,1.0,5047.500759124756
depth4_bal_AAAAMMMM,4,AAAAMMMM,16200,194400,1.1245425045490265,1.3753911256790161,1.4144638981137956,0.6011749347258486,0.4960835509138381,0.46973934444568743,0.9947780678851175,0.0003,1.0,5055.6324298381805
depth4_bal_AAAAMMMM,4,AAAAMMMM,16225,194700,1.433482180039088,1.7402838071187336,1.7985205582209995,0.3975195822454308,0.20496083550913838,0.20002237386732297,0.9947780678851175,0.0003,1.0,5063.731026887894
depth4_bal_AAAAMMMM,4,AAAAMMMM,16250,195000,1.1429723302523296,1.224044919013977,1.2427992412022182,0.5995430809399478,0.46344647519582244,0.48372301152254166,0.9947780678851175,0.0003,1.0,5071.964452505112
depth4_bal_AAAAMMMM,4,AAAAMMMM,16275,195300,1.2199186185995738,1.2443809509277344,1.2611164024897985,0.5558093994778068,0.5548302872062664,0.5654994965879853,0.9947780678851175,0.0003,1.0,5080.353426933289
depth4_bal_AAAAMMMM,4,AAAAMMMM,16300,195600,1.2593095203240712,1.2906434535980225,1.3055840151650564,0.46932114882506526,0.4765013054830287,0.4566506320617519,0.9947780678851175,0.0003,1.0,5088.702092885971
depth4_bal_AAAAMMMM,4,AAAAMMMM,16325,195900,1.133522739013036,1.1910487810770671,1.203071563584464,0.5711488250652742,0.5626631853785901,0.5442443226311668,0.9947780678851175,0.0003,1.0,5095.4751760959625
depth4_bal_AAAAMMMM,4,AAAAMMMM,16350,196200,1.1775171756744385,1.3042851686477661,1.322984446798052,0.5323107049608355,0.45430809399477806,0.4345005034120148,0.9947780678851175,0.0003,1.0,5103.795984745026
depth4_bal_AAAAMMMM,4,AAAAMMMM,16375,196500,1.519625832637151,1.4509150981903076,1.455301376751491,0.3449738903394256,0.3642297650130548,0.3852779953014879,0.9947780678851175,0.0003,1.0,5112.029773950577
depth4_bal_AAAAMMMM,4,AAAAMMMM,16400,196800,1.0709614356358845,1.1236072381337483,1.1351002046040126,0.6507832898172323,0.6449086161879896,0.6604765633739792,0.9947780678851175,0.0003,1.0,5120.256223917007
depth4_bal_AAAAMMMM,4,AAAAMMMM,16425,197100,1.1642742951711018,1.1937981446584065,1.2127967187336512,0.60411227154047,0.5913838120104439,0.5841816758026624,0.9947780678851175,0.0003,1.0,5128.498820543289
depth4_bal_AAAAMMMM,4,AAAAMMMM,16450,197400,1.1600232024987538,1.1945462226867676,1.2041867392403738,0.5766971279373369,0.597911227154047,0.604765633739792,0.9947780678851175,0.0003,1.0,5136.499099254608
depth4_bal_AAAAMMMM,4,AAAAMMMM,16475,197700,1.3369685014088948,1.2876781225204468,1.31049987248012,0.4663838120104439,0.5078328981723238,0.49927284931200355,0.9947780678851175,0.0003,1.0,5144.520220279694
depth4_bal_AAAAMMMM,4,AAAAMMMM,16500,198000,1.699123462041219,1.462940017382304,1.4703489235469274,0.2960182767624021,0.4007832898172324,0.37890144311444235,0.9947780678851175,0.0003,1.0,5152.2869827747345
depth4_bal_AAAAMMMM,4,AAAAMMMM,16525,198300,1.30840665102005,1.4436890681584675,1.446614476612636,0.4435378590078329,0.3368146214099217,0.3504866316142745,0.9947780678851175,0.0003,1.0,5160.47625541687
depth4_bal_AAAAMMMM,4,AAAAMMMM,16550,198600,1.3060543636480968,1.33890696366628,1.3381718397140503,0.4428851174934726,0.4216710182767624,0.43438863407539996,0.9947780678851175,0.0003,1.0,5168.43740606308
depth4_bal_AAAAMMMM,4,AAAAMMMM,16575,198900,1.9129554331302643,1.8494208653767903,1.8515987191881453,0.29536553524804177,0.30156657963446476,0.3008166461572883,0.9947780678851175,0.0003,1.0,5176.110652446747
depth4_bal_AAAAMMMM,4,AAAAMMMM,16600,199200,1.477727234363556,1.7663412888844807,1.7817209686551776,0.3342036553524804,0.24673629242819844,0.24465823917664167,0.9947780678851175,0.0003,1.0,5183.746302127838
depth4_bal_AAAAMMMM,4,AAAAMMMM,16625,199500,1.146055668592453,1.170865495999654,1.203432103565761,0.6426240208877284,0.6566579634464752,0.6311667971808927,0.9947780678851175,0.0003,1.0,5191.660244703293
depth4_bal_AAAAMMMM,4,AAAAMMMM,16650,199800,2.1096155643463135,1.490046223004659,1.4923348018101283,0.2927545691906005,0.36945169712793735,0.3747622776596935,0.9947780678851175,0.0003,1.0,5199.82665348053
depth4_bal_AAAAMMMM,4,AAAAMMMM,16675,200100,1.1149525841077168,1.1514561971028645,1.1672443049294607,0.7069190600522193,0.695822454308094,0.704329343326994,0.9947780678851175,0.0003,1.0,5207.7372610569
depth4_bal_AAAAMMMM,4,AAAAMMMM,16700,200400,1.9231504599253337,2.2154971758524575,2.2662444932120187,0.2754569190600522,0.2310704960835509,0.2172502517060074,0.9947780678851175,0.0003,1.0,5215.14972114563
depth4_bal_AAAAMMMM,4,AAAAMMMM,16725,200700,1.2616784969965618,1.2369827032089233,1.2651652915137155,0.48074412532637073,0.5430809399477807,0.5227654100011186,0.9947780678851175,0.0003,1.0,5221.787258386612
depth4_bal_AAAAMMMM,4,AAAAMMMM,16750,201000,1.6838441391785939,1.810869296391805,1.8572074685777937,0.3051566579634465,0.30548302872062666,0.29287392325763506,0.9947780678851175,0.0003,1.0,5230.03289604187
depth4_bal_AAAAMMMM,4,AAAAMMMM,16775,201300,1.3807637294133503,1.4641746679941814,1.5015662431716919,0.402088772845953,0.34856396866840733,0.34064212999216914,0.9947780678851175,0.0003,1.0,5237.933526515961
depth4_bal_AAAAMMMM,4,AAAAMMMM,16800,201600,1.4664525985717773,2.1229581038157144,2.1502240998404365,0.34660574412532635,0.1227154046997389,0.1241749636424656,0.9947780678851175,0.0003,1.0,5246.185039758682
depth4_bal_AAAAMMMM,4,AAAAMMMM,16825,201900,1.290691355864207,1.2103790442148845,1.2514678171702793,0.4513707571801567,0.489556135770235,0.49524555319386954,0.9947780678851175,0.0003,1.0,5254.406946182251
depth4_bal_AAAAMMMM,4,AAAAMMMM,16850,202200,1.6975974043210347,1.4135632117589314,1.4422236851283483,0.31462140992167104,0.4046997389033943,0.3989260543684976,0.9947780678851175,0.0003,1.0,5262.556524038315
depth4_bal_AAAAMMMM,4,AAAAMMMM,16875,202500,1.2702478766441345,1.307421604792277,1.3313500881195068,0.47486945169712796,0.45039164490861616,0.43606667412462247,0.9947780678851175,0.0003,1.0,5270.828765630722
depth4_bal_AAAAMMMM,4,AAAAMMMM,16900,202800,1.3798974653085072,1.6462124188741047,1.6672429425375803,0.42297650130548303,0.36945169712793735,0.340753999328784,0.9947780678851175,0.0003,1.0,5279.134863138199
depth4_bal_AAAAMMMM,4,AAAAMMMM,16925,203100,1.4579826692740123,1.7185578346252441,1.729495464052473,0.3877284595300261,0.20757180156657964,0.21311108625125852,0.9947780678851175,0.0003,1.0,5287.229641914368
depth4_bal_AAAAMMMM,4,AAAAMMMM,16950,203400,1.0859807630379994,1.104538877805074,1.1279191732406617,0.6230417754569191,0.6631853785900783,0.6529813178207853,0.9947780678851175,0.0003,1.0,5295.288207292557
depth4_bal_AAAAMMMM,4,AAAAMMMM,16975,203700,1.288652817408244,1.2753057479858398,1.3035834312438965,0.5110966057441253,0.5182767624020888,0.48674348361114217,0.9947780678851175,0.0003,1.0,5302.770481586456
depth4_bal_AAAAMMMM,4,AAAAMMMM,17000,204000,1.68957124153773,1.737245241800944,1.7452891758510045,0.3175587467362924,0.27676240208877284,0.27900212551739567,0.9947780678851175,0.0003,1.0,5311.125129938126
depth4_bal_AAAAMMMM,4,AAAAMMMM,17025,204300,1.1548733313878377,1.1650209426879883,1.1839044502803258,0.5554830287206266,0.5953002610966057,0.5833985904463587,0.9947780678851175,0.0003,1.0,5319.187420129776
depth4_bal_AAAAMMMM,4,AAAAMMMM,17050,204600,1.3783716956774394,1.2412020365397136,1.252546967778887,0.40535248041775457,0.5052219321148825,0.49960845732184805,0.9947780678851175,0.0003,1.0,5327.42302107811
depth4_bal_AAAAMMMM,4,AAAAMMMM,17075,204900,1.4862058063348134,2.4179651737213135,2.4194606236049108,0.3426892950391645,0.19321148825065274,0.208076966103591,0.9947780678851175,0.0003,1.0,5335.731958150864
depth4_bal_AAAAMMMM,4,AAAAMMMM,17100,205200,1.0846570432186127,1.220353364944458,1.254990703719003,0.6236945169712794,0.46736292428198434,0.46582391766416825,0.9947780678851175,0.0003,1.0,5344.000650167465
depth4_bal_AAAAMMMM,4,AAAAMMMM,17125,205500,1.6628089547157288,1.6273322502772014,1.652499154635838,0.32278067885117495,0.3328981723237598,0.32341425215348474,0.9947780678851175,0.0003,1.0,5352.270586490631
depth4_bal_AAAAMMMM,4,AAAAMMMM,17150,205800,1.3387076258659363,1.3124443292617798,1.3452249152319773,0.4197127937336815,0.45430809399477806,0.43662602080769664,0.9947780678851175,0.0003,1.0,5360.486583471298
depth4_bal_AAAAMMMM,4,AAAAMMMM,17175,206100,1.2533775866031647,1.2891504367192586,1.3081641333443779,0.4879242819843342,0.4908616187989556,0.45978297348696723,0.9947780678851175,0.0003,1.0,5368.476119756699
depth4_bal_AAAAMMMM,4,AAAAMMMM,17200,206400,1.3470723827679951,1.4788976113001506,1.523543725694929,0.44157963446475196,0.4347258485639687,0.4075399932878398,0.9947780678851175,0.0003,1.0,5376.533568382263
depth4_bal_AAAAMMMM,4,AAAAMMMM,17225,206700,1.1634919146696727,1.238343358039856,1.2444060938698904,0.5339425587467362,0.49738903394255873,0.5182906365365253,0.9947780678851175,0.0003,1.0,5384.549802064896
depth4_bal_AAAAMMMM,4,AAAAMMMM,17250,207000,1.447375665108363,1.6293621460596721,1.5980205059051513,0.40796344647519583,0.3093994778067885,0.30260655554312565,0.9947780678851175,0.0003,1.0,5392.619242429733
depth4_bal_AAAAMMMM,4,AAAAMMMM,17275,207300,1.1024654010931652,1.2965192000071208,1.3093974658421108,0.6018276762402088,0.47911227154047,0.4745497259201253,0.9947780678851175,0.0003,1.0,5400.7305772304535
depth4_bal_AAAAMMMM,4,AAAAMMMM,17300,207600,1.2400052050749462,1.314550240834554,1.3508872815540858,0.4924934725848564,0.4830287206266319,0.446470522429802,0.9947780678851175,0.0003,1.0,5407.603363752365
depth4_bal_AAAAMMMM,4,AAAAMMMM,17325,207900,2.5582237044970193,2.5019733905792236,2.4946293217795237,0.19321148825065274,0.24673629242819844,0.2364917776037588,0.9947780678851175,0.0003,1.0,5415.661328077316
depth4_bal_AAAAMMMM,4,AAAAMMMM,17350,208200,1.1616556147734325,1.1939963102340698,1.216191073826381,0.6739556135770235,0.6657963446475196,0.6675243315807138,0.9947780678851175,0.0003,1.0,5423.879438638687
depth4_bal_AAAAMMMM,4,AAAAMMMM,17375,208500,1.1650703052679698,1.8089970747629802,1.8391994067600794,0.5372062663185379,0.27023498694516973,0.2512585300369169,0.9947780678851175,0.0003,1.0,5431.783243894577
depth4_bal_AAAAMMMM,4,AAAAMMMM,17400,208800,1.1840056379636128,1.3807055552800496,1.4135093791144235,0.58322454308094,0.38903394255874674,0.37923705112428685,0.9947780678851175,0.0003,1.0,5439.800098896027
depth4_bal_AAAAMMMM,4,AAAAMMMM,17425,209100,1.160416305065155,1.1820448239644368,1.2098325286592757,0.5476501305483029,0.5574412532637075,0.5439087146213223,0.9947780678851175,0.0003,1.0,5447.601269483566
depth4_bal_AAAAMMMM,4,AAAAMMMM,17450,209400,1.1604765951633453,1.147769292195638,1.173843468938555,0.5502610966057441,0.6122715404699739,0.5934668307416937,0.9947780678851175,0.0003,1.0,5455.883576631546
depth4_bal_AAAAMMMM,4,AAAAMMMM,17475,209700,1.2801391780376434,1.4201174974441528,1.4715894051960536,0.46344647519582244,0.391644908616188,0.3596599172166909,0.9947780678851175,0.0003,1.0,5464.092351675034
depth4_bal_AAAAMMMM,4,AAAAMMMM,17500,210000,1.1740436653296153,1.1770456631978352,1.20389518397195,0.6204308093994778,0.660574412532637,0.6401163441100794,0.9947780678851175,0.0003,1.0,5472.358396053314
depth4_bal_AAAAMMMM,4,AAAAMMMM,17525,210300,1.185295393069585,1.285740892092387,1.3028629847935267,0.5228459530026109,0.4386422976501306,0.443114442331357,0.9947780678851175,0.0003,1.0,5480.571184873581
depth4_bal_AAAAMMMM,4,AAAAMMMM,17550,210600,1.247551331917445,1.1958970228830974,1.2321863378797258,0.4640992167101828,0.54177545691906,0.5248909273968005,0.9947780678851175,0.0003,1.0,5488.746106624603
depth4_bal_AAAAMMMM,4,AAAAMMMM,17575,210900,1.3481640617052715,1.2639615138371785,1.273812917300633,0.4174281984334204,0.4804177545691906,0.49524555319386954,0.9947780678851175,0.0003,1.0,5496.887022256851
depth4_bal_AAAAMMMM,4,AAAAMMMM,17600,211200,1.191011220216751,1.1590537230173747,1.186442882674081,0.5349216710182768,0.5704960835509139,0.5511802215012865,0.9947780678851175,0.0003,1.0,5505.0390625
depth4_bal_AAAAMMMM,4,AAAAMMMM,17625,211500,1.2457747260729473,1.2750691175460815,1.2974308695111956,0.47486945169712796,0.4934725848563969,0.47343103255397695,0.9947780678851175,0.0003,1.0,5513.2909326553345
depth4_bal_AAAAMMMM,4,AAAAMMMM,17650,211800,1.1917265852292378,1.1648941437403362,1.1948682035718645,0.5251305483028721,0.5691906005221932,0.564940149904911,0.9947780678851175,0.0003,1.0,5521.5203676223755
depth4_bal_AAAAMMMM,4,AAAAMMMM,17675,212100,1.239551305770874,1.2481515804926555,1.2740152086530412,0.4879242819843342,0.4516971279373368,0.44859603982548385,0.9947780678851175,0.0003,1.0,5529.77546787262
depth4_bal_AAAAMMMM,4,AAAAMMMM,17700,212400,1.143321285645167,1.138317306836446,1.160577801295689,0.5861618798955613,0.6357702349869452,0.6331804452399598,0.9947780678851175,0.0003,1.0,5538.0166528224945
depth4_bal_AAAAMMMM,4,AAAAMMMM,17725,212700,1.3663617471853893,1.3548678159713745,1.3796788317816597,0.41449086161879894,0.4321148825065274,0.42432039378006486,0.9947780678851175,0.0003,1.0,5546.288006067276
depth4_bal_AAAAMMMM,4,AAAAMMMM,17750,213000,1.203333556652069,1.391493797302246,1.4344121149608067,0.5182767624020888,0.4007832898172324,0.3813625685199687,0.9947780678851175,0.0003,1.0,5554.440105438232
depth4_bal_AAAAMMMM,4,AAAAMMMM,17775,213300,1.13677279651165,1.1412777503331502,1.1665993179593768,0.6285900783289817,0.6148825065274152,0.6178543461237275,0.9947780678851175,0.0003,1.0,5562.518038511276
depth4_bal_AAAAMMMM,4,AAAAMMMM,17800,213600,1.1030137240886688,1.1271833181381226,1.1515961068017142,0.6579634464751958,0.6945169712793734,0.6752433158071373,0.9947780678851175,0.0003,1.0,5570.90061879158
depth4_bal_AAAAMMMM,4,AAAAMMMM,17825,213900,1.1698987185955048,1.2503455877304077,1.2807537896292551,0.5672323759791122,0.5326370757180157,0.5250027967334153,0.9947780678851175,0.0003,1.0,5579.213039398193
depth4_bal_AAAAMMMM,4,AAAAMMMM,17850,214200,1.3251612782478333,1.2075122197469075,1.236784873689924,0.43276762402088775,0.5848563968668408,0.5581161203714062,0.9947780678851175,0.0003,1.0,5587.448155403137
depth4_bal_AAAAMMMM,4,AAAAMMMM,17875,214500,1.339008758465449,1.238219141960144,1.2651747397014073,0.44549608355091386,0.5326370757180157,0.5104597829734869,0.9947780678851175,0.0003,1.0,5595.800908565521
depth4_bal_AAAAMMMM,4,AAAAMMMM,17900,214800,1.158281644185384,1.1830584208170574,1.1971359831946238,0.5512402088772846,0.5626631853785901,0.5841816758026624,0.9947780678851175,0.0003,1.0,5604.140201091766
depth4_bal_AAAAMMMM,4,AAAAMMMM,17925,215100,1.6366639733314514,1.703033685684204,1.6887737478528704,0.3289817232375979,0.26762402088772846,0.2645709810940821,0.9947780678851175,0.0003,1.0,5612.275385379791
depth4_bal_AAAAMMMM,4,AAAAMMMM,17950,215400,1.2155707279841106,1.2765304644902546,1.3038179976599558,0.4980417754569191,0.43994778067885115,0.41637767088041167,0.9947780678851175,0.0003,1.0,5620.199979543686
depth4_bal_AAAAMMMM,4,AAAAMMMM,17975,215700,1.8018124798933666,1.549680511156718,1.5735819237572806,0.26762402088772846,0.3394255874673629,0.34164895402170264,0.9947780678851175,0.0003,1.0,5628.070269107819
depth4_bal_AAAAMMMM,4,AAAAMMMM,18000,216000,1.199205756187439,1.3333179950714111,1.359085076195853,0.5737597911227154,0.44778067885117495,0.4570981094082112,0.9947780678851175,0.0003,1.0,5636.368847131729
depth4_bal_AAAAMMMM,4,AAAAMMMM,18025,216300,1.1897122462590535,1.2422333558400471,1.2639809506280082,0.5711488250652742,0.52088772845953,0.5235484953574225,0.9947780678851175,0.0003,1.0,5644.701525211334
depth4_bal_AAAAMMMM,4,AAAAMMMM,18050,216600,1.361711452404658,1.4291582902272542,1.4513904980250767,0.4046997389033943,0.3381201044386423,0.34892046090166684,0.9947780678851175,0.0003,1.0,5652.817785739899
depth4_bal_AAAAMMMM,4,AAAAMMMM,18075,216900,1.2413833439350128,1.2234892845153809,1.2528167826788765,0.4980417754569191,0.5339425587467362,0.5096766976171831,0.9947780678851175,0.0003,1.0,5661.2093114852905
depth4_bal_AAAAMMMM,4,AAAAMMMM,18100,217200,1.1520475447177887,1.220377802848816,1.2515985148293631,0.5966057441253264,0.5404699738903395,0.5044188387962859,0.9947780678851175,0.0003,1.0,5669.670948982239
depth4_bal_AAAAMMMM,4,AAAAMMMM,18125,217500,1.4519082605838776,1.5523829062779744,1.573871762411935,0.37989556135770236,0.3224543080939948,0.32710594026177425,0.9947780678851175,0.0003,1.0,5677.98323059082
depth4_bal_AAAAMMMM,4,AAAAMMMM,18150,217800,1.136948049068451,1.1764593919118245,1.1984432390757969,0.6445822454308094,0.6422976501305483,0.624902114330462,0.9947780678851175,0.0003,1.0,5686.051279067993
depth4_bal_AAAAMMMM,4,AAAAMMMM,18175,218100,1.8413180112838745,1.6541877190272014,1.6491723026548113,0.29177545691906004,0.3133159268929504,0.3253160308759369,0.9947780678851175,0.0003,1.0,5694.266158103943
depth4_bal_AAAAMMMM,4,AAAAMMMM,18200,218400,1.3958078920841217,1.3767350912094116,1.4038031271525793,0.38609660574412535,0.40992167101827676,0.3979192303389641,0.9947780678851175,0.0003,1.0,5702.510159254074
depth4_bal_AAAAMMMM,4,AAAAMMMM,18225,218700,1.728909581899643,1.7113279898961384,1.744354122025626,0.3058093994778068,0.283289817232376,0.25707573554088825,0.9947780678851175,0.0003,1.0,5710.599631071091
depth4_bal_AAAAMMMM,4,AAAAMMMM,18250,219000,1.1533485651016235,1.1378462711970012,1.1596962009157454,0.5757180156657964,0.6305483028720626,0.6337397919230339,0.9947780678851175,0.0003,1.0,5718.824350357056
depth4_bal_AAAAMMMM,4,AAAAMMMM,18275,219300,1.333323081334432,1.225958267847697,1.2407689435141427,0.44810704960835507,0.49869451697127937,0.5031882760935228,0.9947780678851175,0.0003,1.0,5727.073088169098
depth4_bal_AAAAMMMM,4,AAAAMMMM,18300,219600,1.2060857911904652,1.1781357924143474,1.210818794795445,0.5163185378590078,0.5678851174934726,0.546146101353619,0.9947780678851175,0.0003,1.0,5735.372485399246
depth4_bal_AAAAMMMM,4,AAAAMMMM,18325,219900,1.2113563219706218,1.213836391766866,1.249962602342878,0.5558093994778068,0.5913838120104439,0.5715404407651863,0.9947780678851175,0.0003,1.0,5744.902574777603
depth4_bal_AAAAMMMM,4,AAAAMMMM,18350,220200,1.1452213327089946,1.1467191775639851,1.169836517742702,0.5701697127937336,0.5796344647519582,0.5809374650408323,0.9947780678851175,0.0003,1.0,5753.571137428284
depth4_bal_AAAAMMMM,4,AAAAMMMM,18375,220500,1.1507612218459446,1.1661134958267212,1.1917609351021903,0.5737597911227154,0.5574412532637075,0.5514039601745162,0.9947780678851175,0.0003,1.0,5761.644655704498
depth4_bal_AAAAMMMM,4,AAAAMMMM,18400,220800,1.3674578964710236,1.2938382625579834,1.3163237605776106,0.40926892950391647,0.4608355091383812,0.4543013759928404,0.9947780678851175,0.0003,1.0,5769.798615217209
depth4_bal_AAAAMMMM,4,AAAAMMMM,18425,221100,1.2873175144195557,1.2320778767267864,1.2647792169025966,0.4631201044386423,0.5548302872062664,0.5307081329007719,0.9947780678851175,0.0003,1.0,5777.7115161418915
depth4_bal_AAAAMMMM,4,AAAAMMMM,18450,221400,1.4598299364248912,1.521630088488261,1.550109270640782,0.3945822454308094,0.37989556135770236,0.36424656001789907,0.9947780678851175,0.0003,1.0,5785.971710681915
depth4_bal_AAAAMMMM,4,AAAAMMMM,18475,221700,1.4856910010178883,1.583962361017863,1.6015581505639211,0.3733681462140992,0.30156657963446476,0.2962300033560801,0.9947780678851175,0.0003,1.0,5794.321143388748
depth4_bal_AAAAMMMM,4,AAAAMMMM,18500,222000,1.5382449229558308,1.3830763896306355,1.390514087677002,0.35672323759791125,0.4164490861618799,0.4293545139277324,0.9947780678851175,0.0003,1.0,5802.551886796951
depth4_bal_AAAAMMMM,4,AAAAMMMM,18525,222300,1.3379706343015034,1.3496054410934448,1.4143515212195261,0.44451697127937334,0.43342036553524804,0.412126636089048,0.9947780678851175,0.0003,1.0,5810.857933282852
depth4_bal_AAAAMMMM,4,AAAAMMMM,18550,222600,1.1861651440461476,1.1140711307525635,1.156667675290789,0.5274151436031331,0.6449086161879896,0.60610806577917,0.9947780678851175,0.0003,1.0,5819.1070165634155
depth4_bal_AAAAMMMM,4,AAAAMMMM,18575,222900,1.148198127746582,1.1949880917867024,1.2228575229644776,0.5580939947780679,0.5300261096605744,0.514487079091621,0.9947780678851175,0.0003,1.0,5827.484844446182
depth4_bal_AAAAMMMM,4,AAAAMMMM,18600,223200,1.2952136596043904,1.5114783843358357,1.5563931976045882,0.4644255874673629,0.3563968668407311,0.34623559682291083,0.9947780678851175,0.0003,1.0,5835.769165277481
depth4_bal_AAAAMMMM,4,AAAAMMMM,18625,223500,1.233379105726878,1.2850682735443115,1.3084087133407594,0.4872715404699739,0.4425587467362924,0.4408770555990603,0.9947780678851175,0.0003,1.0,5843.700838804245
depth4_bal_AAAAMMMM,4,AAAAMMMM,18650,223800,1.1593564252058666,1.1681702136993408,1.1973575728280204,0.5388381201044387,0.6005221932114883,0.596599172166909,0.9947780678851175,0.0003,1.0,5852.001172780991
depth4_bal_AAAAMMMM,4,AAAAMMMM,18675,224100,1.1756558219591777,1.2591424783070881,1.2775844369615827,0.5359007832898173,0.4464751958224543,0.44132453294551965,0.9947780678851175,0.0003,1.0,5860.223827838898
depth4_bal_AAAAMMMM,4,AAAAMMMM,18700,224400,1.2670600414276123,1.248340368270874,1.2806743315287998,0.47911227154047,0.5,0.5030764067569079,0.9947780678851175,0.0003,1.0,5868.316584825516
depth4_bal_AAAAMMMM,4,AAAAMMMM,18725,224700,1.3674499094486237,1.3182889620463054,1.3526060921805245,0.370757180156658,0.4216710182767624,0.42924264459111755,0.9947780678851175,0.0003,1.0,5876.3975994586945
depth4_bal_AAAAMMMM,4,AAAAMMMM,18750,225000,1.2937736511230469,1.3448865016301472,1.35532260962895,0.4497389033942559,0.42950391644908614,0.4254390871462132,0.9947780678851175,0.0003,1.0,5884.686560153961
depth4_bal_AAAAMMMM,4,AAAAMMMM,18775,225300,1.3619440793991089,1.2932872374852498,1.3144012893949235,0.4197127937336815,0.489556135770235,0.4739903792370511,0.9947780678851175,0.0003,1.0,5892.926367998123
depth4_bal_AAAAMMMM,4,AAAAMMMM,18800,225600,1.3173276384671528,1.2143210570017497,1.248569597516741,0.45430809399477806,0.5352480417754569,0.5213111086251259,0.9947780678851175,0.0003,1.0,5898.6483244895935
depth4_bal_AAAAMMMM,4,AAAAMMMM,18825,225900,1.1689641773700714,1.2166828314463298,1.2515158789498466,0.5492819843342036,0.5274151436031331,0.5109072603199463,0.9947780678851175,0.0003,1.0,5906.339375495911
depth4_bal_AAAAMMMM,4,AAAAMMMM,18850,226200,1.2988873223463695,1.2328405380249023,1.2498255559376308,0.4621409921671018,0.5678851174934726,0.5416713278890256,0.9947780678851175,0.0003,1.0,5914.317288398743
depth4_bal_AAAAMMMM,4,AAAAMMMM,18875,226500,1.1240537663300831,1.1658702691396077,1.192009687423706,0.5913838120104439,0.6122715404699739,0.5886564492672558,0.9947780678851175,0.0003,1.0,5922.531346797943
depth4_bal_AAAAMMMM,4,AAAAMMMM,18900,226800,1.222001741329829,1.2984453042348225,1.3280275787625995,0.4993472584856397,0.489556135770235,0.4673900883767759,0.9947780678851175,0.0003,1.0,5930.773605823517
depth4_bal_AAAAMMMM,4,AAAAMMMM,18925,227100,1.2258914411067963,1.6086560487747192,1.6518942049571446,0.47356396866840733,0.25326370757180156,0.2351493455643808,0.9947780678851175,0.0003,1.0,5938.968667507172
depth4_bal_AAAAMMMM,4,AAAAMMMM,18950,227400,1.222369780143102,1.2114988168080647,1.2526334626334055,0.4781331592689295,0.5130548302872062,0.49032330238281685,0.9947780678851175,0.0003,1.0,5947.281990289688
depth4_bal_AAAAMMMM,4,AAAAMMMM,18975,227700,1.1597517132759094,1.1731866200764973,1.2170589787619455,0.5737597911227154,0.6227154046997389,0.5855241078420405,0.9947780678851175,0.0003,1.0,5955.256716251373
depth4_bal_AAAAMMMM,4,AAAAMMMM,19000,228000,1.526002546151479,1.481583555539449,1.5390527623040335,0.34073107049608353,0.3642297650130548,0.34634746615952566,0.9947780678851175,0.0003,1.0,5963.512443304062
depth4_bal_AAAAMMMM,4,AAAAMMMM,19025,228300,1.3311104774475098,1.5847714742024739,1.5927879435675485,0.4406005221932115,0.34203655352480417,0.3577581384942387,0.9947780678851175,0.0003,1.0,5971.6257309913635
depth4_bal_AAAAMMMM,4,AAAAMMMM,19050,228600,1.3934231797854106,1.4109346469243367,1.4401899882725306,0.4298302872062663,0.38642297650130547,0.3698400268486408,0.9947780678851175,0.0003,1.0,5979.962645530701
depth4_bal_AAAAMMMM,4,AAAAMMMM,19075,228900,1.317011723915736,1.270038406054179,1.2800978422164917,0.4366840731070496,0.47389033942558745,0.4805906700973263,0.9947780678851175,0.0003,1.0,5988.216473817825
depth4_bal_AAAAMMMM,4,AAAAMMMM,19100,229200,1.2679201364517212,1.2054285605748494,1.2287378992353166,0.46279373368146215,0.5835509138381201,0.5573330350151023,0.9947780678851175,0.0003,1.0,5996.333991765976
depth4_bal_AAAAMMMM,4,AAAAMMMM,19125,229500,1.1017365455627441,1.1174614429473877,1.1431241921016149,0.6546997389033943,0.6932114882506527,0.6864302494686206,0.9947780678851175,0.0003,1.0,6004.454802036285
depth4_bal_AAAAMMMM,4,AAAAMMMM,19150,229800,1.2166196703910828,1.2433268229166667,1.2756241798400878,0.5078328981723238,0.4765013054830287,0.4760040272961181,0.9947780678851175,0.0003,1.0,6012.644137620926
depth4_bal_AAAAMMMM,4,AAAAMMMM,19175,230100,1.7350997924804688,1.8586535851160686,1.8901581185204641,0.31070496083550914,0.26631853785900783,0.2641235037476228,0.9947780678851175,0.0003,1.0,6020.813324928284
depth4_bal_AAAAMMMM,4,AAAAMMMM,19200,230400,1.1057293613751729,1.11702299118042,1.1490506138120378,0.6302219321148825,0.6840731070496083,0.6725584517283812,0.9947780678851175,0.0003,1.0,6028.999653816223
depth4_bal_AAAAMMMM,4,AAAAMMMM,19225,230700,1.1421598593393962,1.1784004370371501,1.2029744727270943,0.714425587467363,0.7219321148825065,0.703658127307305,0.9947780678851175,0.0003,1.0,6037.164921283722
depth4_bal_AAAAMMMM,4,AAAAMMMM,19250,231000,1.294589142004649,1.8173898458480835,1.8541090318134852,0.4706266318537859,0.3877284595300261,0.35484953574225303,0.9947780678851175,0.0003,1.0,6045.1328818798065
depth4_bal_AAAAMMMM,4,AAAAMMMM,19275,231300,1.4912235240141551,1.4376900990804036,1.4665883200509207,0.3743472584856397,0.4216710182767624,0.42029309766193085,0.9947780678851175,0.0003,1.0,6053.102112770081
depth4_bal_AAAAMMMM,4,AAAAMMMM,19300,231600,1.3348811666170757,1.2751175165176392,1.2872523954936437,0.42297650130548303,0.5026109660574413,0.49457433717418053,0.9947780678851175,0.0003,1.0,6061.083332777023
depth4_bal_AAAAMMMM,4,AAAAMMMM,19325,231900,1.1277642647425334,1.178367058436076,1.2030094146728516,0.6161879895561357,0.5731070496083551,0.5729947421411791,0.9947780678851175,0.0003,1.0,6069.161742448807
depth4_bal_AAAAMMMM,4,AAAAMMMM,19350,232200,1.0781376163164775,1.188227375348409,1.2138255970818657,0.6912532637075718,0.5221932114882507,0.5237722340306522,0.9947780678851175,0.0003,1.0,6077.080926895142
depth4_bal_AAAAMMMM,4,AAAAMMMM,19375,232500,1.1739688118298848,1.1920920610427856,1.2259498596191407,0.5407963446475196,0.5052219321148825,0.515829511130999,0.9947780678851175,0.0003,1.0,6084.908975839615
depth4_bal_AAAAMMMM,4,AAAAMMMM,19400,232800,1.2925122578938801,1.3605372905731201,1.383706978389195,0.4993472584856397,0.4164490861618799,0.4296901219375769,0.9947780678851175,0.0003,1.0,6092.678411960602
depth4_bal_AAAAMMMM,4,AAAAMMMM,19425,233100,1.1768527428309123,1.1435601711273193,1.1596041236604964,0.5496083550913838,0.6266318537859008,0.6270276317261438,0.9947780678851175,0.0003,1.0,6101.008043289185
depth4_bal_AAAAMMMM,4,AAAAMMMM,19450,233400,1.323892096678416,1.5040582815806072,1.5361980506352015,0.44190600522193213,0.304177545691906,0.33046202036021927,0.9947780678851175,0.0003,1.0,6109.257833003998
depth4_bal_AAAAMMMM,4,AAAAMMMM,19475,233700,1.0951731006304424,1.1715964078903198,1.2042423112051828,0.6494778067885117,0.6122715404699739,0.5879852332475668,0.9947780678851175,0.0003,1.0,6117.5473001003265
depth4_bal_AAAAMMMM,4,AAAAMMMM,19500,234000,1.2236398061116536,1.2156630357106526,1.257229607445853,0.5150130548302873,0.5548302872062664,0.5281351381586307,0.9947780678851175,0.0003,1.0,6125.883926868439
depth4_bal_AAAAMMMM,4,AAAAMMMM,19525,234300,1.2775588532288868,1.2019189198811848,1.2577522448131015,0.48074412532637073,0.5234986945169713,0.4822687101465488,0.9947780678851175,0.0003,1.0,6134.190901517868
depth4_bal_AAAAMMMM,4,AAAAMMMM,19550,234600,1.4084434807300568,1.4579459428787231,1.4800768681934902,0.4004569190600522,0.34856396866840733,0.36223291195883206,0.9947780678851175,0.0003,1.0,6142.424612522125
depth4_bal_AAAAMMMM,4,AAAAMMMM,19575,234900,1.363195429245631,1.3249244292577107,1.3714339085987637,0.4308093994778068,0.4347258485639687,0.43338181004586646,0.9947780678851175,0.0003,1.0,6150.65595293045
depth4_bal_AAAAMMMM,4,AAAAMMMM,19600,235200,1.1642612914244335,1.198314627011617,1.2337869814464024,0.5359007832898173,0.4908616187989556,0.49457433717418053,0.9947780678851175,0.0003,1.0,6159.044665813446
depth4_bal_AAAAMMMM,4,AAAAMMMM,19625,235500,1.3269176284472148,1.4967277844746907,1.5105237415858677,0.4281984334203655,0.35509138381201044,0.3580937465040832,0.9947780678851175,0.0003,1.0,6167.203810930252
depth4_bal_AAAAMMMM,4,AAAAMMMM,19650,235800,1.1510465145111084,1.1729670365651448,1.2002928733825684,0.5401436031331592,0.5600522193211488,0.5432374986016333,0.9947780678851175,0.0003,1.0,6175.420875549316
depth4_bal_AAAAMMMM,4,AAAAMMMM,19675,236100,1.2397327621777852,1.272873083750407,1.3185120582580567,0.47323759791122716,0.45822454308093996,0.43024946862065105,0.9947780678851175,0.0003,1.0,6183.68735408783
depth4_bal_AAAAMMMM,4,AAAAMMMM,19700,236400,1.3010182778040569,1.5390499035517375,1.548784647669111,0.44843342036553524,0.31592689295039167,0.3083118917104822,0.9947780678851175,0.0003,1.0,6191.392422676086
depth4_bal_AAAAMMMM,4,AAAAMMMM,19725,236700,1.2034108638763428,1.3126022815704346,1.3642001594815936,0.5153394255874674,0.46344647519582244,0.4402058395793713,0.9947780678851175,0.0003,1.0,6199.615552186966
depth4_bal_AAAAMMMM,4,AAAAMMMM,19750,237000,1.1896385848522186,1.2123787800470989,1.2400327512196132,0.6054177545691906,0.6331592689295039,0.5989484282358205,0.9947780678851175,0.0003,1.0,6207.855112791061
depth4_bal_AAAAMMMM,4,AAAAMMMM,19775,237300,1.153876135746638,1.2263685464859009,1.2630137784140452,0.560378590078329,0.47911227154047,0.46973934444568743,0.9947780678851175,0.0003,1.0,6216.062886714935
depth4_bal_AAAAMMMM,4,AAAAMMMM,19800,237600,1.1508058110872905,1.203284740447998,1.2260067769459315,0.5721279373368147,0.566579634464752,0.5507327441548272,0.9947780678851175,0.0003,1.0,6224.141503572464
depth4_bal_AAAAMMMM,4,AAAAMMMM,19825,237900,1.231557846069336,1.5764164129892986,1.5764819894518172,0.483355091383812,0.19843342036553524,0.21299921691464369,0.9947780678851175,0.0003,1.0,6231.666852474213
depth4_bal_AAAAMMMM,4,AAAAMMMM,19850,238200,1.3034161229928334,1.3295776049296062,1.3618935108184815,0.4598563968668407,0.40339425587467365,0.39914979304172726,0.9947780678851175,0.0003,1.0,6239.940467834473
depth4_bal_AAAAMMMM,4,AAAAMMMM,19875,238500,1.2557519574960072,1.2609890302022297,1.2917411736079625,0.4908616187989556,0.5156657963446475,0.5235484953574225,0.9947780678851175,0.0003,1.0,6247.84575343132
depth4_bal_AAAAMMMM,4,AAAAMMMM,19900,238800,1.353745659192403,1.2733710606892903,1.3037601539066859,0.4324412532637076,0.4556135770234987,0.4345005034120148,0.9947780678851175,0.0003,1.0,6255.815089702606
depth4_bal_AAAAMMMM,4,AAAAMMMM,19925,239100,1.385107417901357,1.4472276369730632,1.4523786204201834,0.4109007832898172,0.3772845953002611,0.35820561584069804,0.9947780678851175,0.0003,1.0,6263.92607998848
depth4_bal_AAAAMMMM,4,AAAAMMMM,19950,239400,1.125964234272639,1.1566560665766399,1.1746640818459646,0.5809399477806788,0.5639686684073107,0.5762389529030093,0.9947780678851175,0.0003,1.0,6272.046624422073
depth4_bal_AAAAMMMM,4,AAAAMMMM,19975,239700,1.358477423588435,1.3236089547475178,1.346410928453718,0.4174281984334204,0.4556135770234987,0.45418950665622554,0.9947780678851175,0.0003,1.0,6280.174423217773
depth4_bal_AAAAMMMM,4,AAAAMMMM,20000,240000,1.3709220985571544,1.7044319709142048,1.7670238665172031,0.38838120104438645,0.3028720626631854,0.3116679718089272,0.9947780678851175,0.0003,1.0,6286.012560367584
depth4_bal_AAAAMMMM,4,AAAAMMMM,20025,240300,1.3873229523499806,1.5416255791982014,1.5576424326215472,0.42428198433420367,0.2885117493472585,0.2969012193757691,0.9947780678851175,0.0003,1.0,6294.416219949722
depth4_bal_AAAAMMMM,4,AAAAMMMM,20050,240600,1.1567327479521434,1.1887501080830891,1.217269277572632,0.5453655352480418,0.5652741514360313,0.5394339411567289,0.9947780678851175,0.0003,1.0,6302.304571151733
depth4_bal_AAAAMMMM,4,AAAAMMMM,20075,240900,1.1156180202960968,1.229531725247701,1.2608490909848895,0.6439295039164491,0.5456919060052219,0.5267927061192527,0.9947780678851175,0.0003,1.0,6310.4318153858185
depth4_bal_AAAAMMMM,4,AAAAMMMM,20100,241200,1.20279194911321,1.3523046175638835,1.3780126469475882,0.5110966057441253,0.3537859007832898,0.3540664503859492,0.9947780678851175,0.0003,1.0,6318.586545467377
depth4_bal_AAAAMMMM,4,AAAAMMMM,20125,241500,1.4812434017658234,1.3607728878657024,1.3954960448401315,0.3789164490861619,0.45691906005221933,0.42566282581944287,0.9947780678851175,0.0003,1.0,6326.730902194977
depth4_bal_AAAAMMMM,4,AAAAMMMM,20150,241800,1.2045061886310577,1.18906565507253,1.216821438925607,0.49869451697127937,0.5652741514360313,0.5465935787000783,0.9947780678851175,0.0003,1.0,6334.911433935165
depth4_bal_AAAAMMMM,4,AAAAMMMM,20175,242100,1.1764862636725109,1.2959635257720947,1.3162385054997034,0.5280678851174935,0.44386422976501305,0.4342767647387851,0.9947780678851175,0.0003,1.0,6342.922899484634
depth4_bal_AAAAMMMM,4,AAAAMMMM,20200,242400,1.2852720419565837,1.2551122109095256,1.2798695325851441,0.46279373368146215,0.5091383812010444,0.48797404631390534,0.9947780678851175,0.0003,1.0,6351.144412517548
depth4_bal_AAAAMMMM,4,AAAAMMMM,20225,242700,1.1424485544363658,1.214545766512553,1.2339611223765783,0.5685378590078329,0.5195822454308094,0.5237722340306522,0.9947780678851175,0.0003,1.0,6359.260221242905
depth4_bal_AAAAMMMM,4,AAAAMMMM,20250,243000,1.1229938765366871,1.1780285437901814,1.2047926119395664,0.5776762402088773,0.5809399477806788,0.5502852668083679,0.9947780678851175,0.0003,1.0,6367.5404307842255
depth4_bal_AAAAMMMM,4,AAAAMMMM,20275,243300,1.3725577493508656,1.3719371159871419,1.4197499309267316,0.4210182767624021,0.40600522193211486,0.3867322966774807,0.9947780678851175,0.0003,1.0,6375.49152135849
depth4_bal_AAAAMMMM,4,AAAAMMMM,20300,243600,1.2174929281075795,1.2864118417104085,1.3106037718909127,0.4931462140992167,0.4856396866840731,0.486184136928068,0.9947780678851175,0.0003,1.0,6383.761951684952
depth4_bal_AAAAMMMM,4,AAAAMMMM,20325,243900,1.1759762267271678,1.1992676258087158,1.2120533670697893,0.5486292428198434,0.5404699738903395,0.5549837789461909,0.9947780678851175,0.0003,1.0,6391.8330409526825
depth4_bal_AAAAMMMM,4,AAAAMMMM,20350,244200,1.0663674175739288,1.104013482729594,1.1308664219720024,0.6772193211488251,0.7010443864229765,0.6801655666181899,0.9947780678851175,0.0003,1.0,6400.023558855057
depth4_bal_AAAAMMMM,4,AAAAMMMM,20375,244500,1.1436029970645905,1.342307408650716,1.3567617620740617,0.5724543080939948,0.36945169712793735,0.3624566506320617,0.9947780678851175,0.0003,1.0,6407.928982019424
depth4_bal_AAAAMMMM,4,AAAAMMMM,20400,244800,1.1452912191549938,1.1832496325174968,1.199038427216666,0.5845300261096605,0.5731070496083551,0.579818771674684,0.9947780678851175,0.0003,1.0,6416.1739275455475
depth4_bal_AAAAMMMM,4,AAAAMMMM,20425,245100,1.1853644053141277,1.2258864243825276,1.2463207517351422,0.7203002610966057,0.6788511749347258,0.665286944848417,0.9947780678851175,0.0003,1.0,6424.431364059448
depth4_bal_AAAAMMMM,4,AAAAMMMM,20450,245400,1.1102942029635112,1.1497628688812256,1.1832352093287877,0.5877937336814621,0.5953002610966057,0.5585635977178656,0.9947780678851175,0.0003,1.0,6432.804193973541
depth4_bal_AAAAMMMM,4,AAAAMMMM,20475,245700,1.3459102908770244,1.1999794244766235,1.234110610825675,0.4086161879895561,0.587467362924282,0.5390983331468845,0.9947780678851175,0.0003,1.0,6441.110502004623
depth4_bal_AAAAMMMM,4,AAAAMMMM,20500,246000,1.4075763424237568,1.327841838200887,1.3497528212411063,0.4216710182767624,0.42689295039164493,0.4330462020360219,0.9947780678851175,0.0003,1.0,6449.379200220108
depth4_bal_AAAAMMMM,4,AAAAMMMM,20525,246300,1.1541107992331188,1.1563903093338013,1.1744398491723196,0.5822454308093995,0.6305483028720626,0.6397807361002349,0.9947780678851175,0.0003,1.0,6457.811493635178
depth4_bal_AAAAMMMM,4,AAAAMMMM,20550,246600,1.5553184946378071,1.473366419474284,1.4986897536686488,0.3289817232375979,0.40339425587467365,0.3813625685199687,0.9947780678851175,0.0003,1.0,6466.042876243591
depth4_bal_AAAAMMMM,4,AAAAMMMM,20575,246900,1.6249349315961201,2.148989756902059,2.1800247737339564,0.364556135770235,0.28720626631853785,0.2797852108736995,0.9947780678851175,0.0003,1.0,6474.249134302139
depth4_bal_AAAAMMMM,4,AAAAMMMM,20600,247200,1.1753700474898021,1.210204044977824,1.2355474472045898,0.5593994778067886,0.5587467362924282,0.5314912182570757,0.9947780678851175,0.0003,1.0,6482.436510801315
depth4_bal_AAAAMMMM,4,AAAAMMMM,20625,247500,1.6650217374165852,1.6885556777318318,1.6986585140228272,0.32310704960835507,0.24412532637075718,0.26859827721221613,0.9947780678851175,0.0003,1.0,6490.464742898941
depth4_bal_AAAAMMMM,4,AAAAMMMM,20650,247800,1.1385405162970226,1.2281594673792522,1.2404616900852747,0.577023498694517,0.5013054830287206,0.5019577133907596,0.9947780678851175,0.0003,1.0,6494.700853586197
depth4_bal_AAAAMMMM,4,AAAAMMMM,20675,248100,1.3994777003924053,2.107558488845825,2.157007714680263,0.3838120104438642,0.2206266318537859,0.21702651303277773,0.9947780678851175,0.0003,1.0,6497.696384906769
depth4_bal_AAAAMMMM,4,AAAAMMMM,20700,248400,1.1472248037656148,1.3135345776875813,1.327719613483974,0.5607049608355091,0.45300261096605743,0.4473654771227207,0.9947780678851175,0.0003,1.0,6500.686618804932
depth4_bal_AAAAMMMM,4,AAAAMMMM,20725,248700,1.2023996810118358,1.2955034573872883,1.315868742125375,0.5319843342036553,0.46344647519582244,0.46548830965432375,0.9947780678851175,0.0003,1.0,6503.824961900711
depth4_bal_AAAAMMMM,4,AAAAMMMM,20750,249000,1.2708528439203899,1.2130802869796753,1.2477650676454817,0.4699738903394256,0.49869451697127937,0.49133012641235035,0.9947780678851175,0.0003,1.0,6506.858651399612
depth4_bal_AAAAMMMM,4,AAAAMMMM,20775,249300,1.578342874844869,1.3747085730234783,1.401952920641218,0.33779373368146215,0.4151436031331593,0.4145877614945743,0.9947780678851175,0.0003,1.0,6514.769085407257
depth4_bal_AAAAMMMM,4,AAAAMMMM,20800,249600,1.2976082762082417,1.47824227809906,1.4760488646371024,0.43276762402088775,0.360313315926893,0.38125069918335386,0.9947780678851175,0.0003,1.0,6522.98845744133
depth4_bal_AAAAMMMM,4,AAAAMMMM,20825,249900,1.3901100258032482,1.2465654214223225,1.2826592070715768,0.40633159268929503,0.5026109660574413,0.4947980758474102,0.9947780678851175,0.0003,1.0,6531.324855566025
depth4_bal_AAAAMMMM,4,AAAAMMMM,20850,250200,1.088722397883733,1.1564481655756633,1.1966067382267542,0.6808093994778068,0.6318537859007833,0.5933549614050788,0.9947780678851175,0.0003,1.0,6538.922733783722
depth4_bal_AAAAMMMM,4,AAAAMMMM,20875,250500,1.1230713327725728,1.26460595925649,1.291435776438032,0.5656005221932114,0.4621409921671018,0.44926725584517285,0.9947780678851175,0.0003,1.0,6547.065102100372
depth4_bal_AAAAMMMM,4,AAAAMMMM,20900,250800,1.2892385522524517,1.2377191384633381,1.2703105926513671,0.44614882506527415,0.46344647519582244,0.47376664056382145,0.9947780678851175,0.0003,1.0,6555.215657949448
depth4_bal_AAAAMMMM,4,AAAAMMMM,20925,251100,1.6282107730706532,1.5714975198109944,1.610444174494062,0.3237597911227154,0.33550913838120106,0.32352612149009957,0.9947780678851175,0.0003,1.0,6563.289910554886
depth4_bal_AAAAMMMM,4,AAAAMMMM,20950,251400,1.1649355789025624,1.1688646872838337,1.186960220336914,0.5766971279373369,0.6240208877284595,0.6230003356080098,0.9947780678851175,0.0003,1.0,6571.129775524139
depth4_bal_AAAAMMMM,4,AAAAMMMM,20975,251700,1.323796659708023,1.4191460609436035,1.4488167933055334,0.4654046997389034,0.40992167101827676,0.39478688891374875,0.9947780678851175,0.0003,1.0,6579.192936897278
depth4_bal_AAAAMMMM,4,AAAAMMMM,21000,252000,1.4135783513387044,1.200557549794515,1.2487850393567765,0.37630548302872063,0.5757180156657964,0.5128090390423985,0.9947780678851175,0.0003,1.0,6587.203053236008
depth4_bal_AAAAMMMM,4,AAAAMMMM,21025,252300,1.1264315644900005,1.153516451517741,1.1846628257206508,0.6054177545691906,0.5966057441253264,0.5619196778163106,0.9947780678851175,0.0003,1.0,6595.337753534317
depth4_bal_AAAAMMMM,4,AAAAMMMM,21050,252600,1.1437414288520813,1.1098273992538452,1.1383492980684553,0.5678851174934726,0.6775456919060052,0.6530931871574002,0.9947780678851175,0.0003,1.0,6603.166826725006
depth4_bal_AAAAMMMM,4,AAAAMMMM,21075,252900,1.1716768046220143,1.1898796558380127,1.22195554460798,0.64588772845953,0.6879895561357703,0.6668531155610248,0.9947780678851175,0.0003,1.0,6611.240386009216
depth4_bal_AAAAMMMM,4,AAAAMMMM,21100,253200,1.526941140492757,1.4127548138300579,1.4258616753986904,0.3531331592689295,0.3981723237597911,0.4046313905358541,0.9947780678851175,0.0003,1.0,6619.381880283356
depth4_bal_AAAAMMMM,4,AAAAMMMM,21125,253500,1.165121967593829,1.3189777135849,1.351204013824463,0.5939947780678851,0.45039164490861616,0.41704888690010067,0.9947780678851175,0.0003,1.0,6627.403568744659
depth4_bal_AAAAMMMM,4,AAAAMMMM,21150,253800,1.1529439091682434,1.1326618989308674,1.1525647027151926,0.5378590078328982,0.5613577023498695,0.5651638885781407,0.9947780678851175,0.0003,1.0,6634.968425989151
depth4_bal_AAAAMMMM,4,AAAAMMMM,21175,254100,1.2112557391325633,1.2576536734898884,1.3121765272957937,0.5287206266318538,0.5195822454308094,0.48674348361114217,0.9947780678851175,0.0003,1.0,6643.173364162445
depth4_bal_AAAAMMMM,4,AAAAMMMM,21200,254400,1.3786566356817882,1.5553160111109416,1.5804208653313774,0.4216710182767624,0.30678851174934724,0.29119588320841255,0.9947780678851175,0.0003,1.0,6651.1319761276245
depth4_bal_AAAAMMMM,4,AAAAMMMM,21225,254700,1.6303374568621318,1.4070696830749512,1.456081301825387,0.3156005221932115,0.402088772845953,0.3810269605101242,0.9947780678851175,0.0003,1.0,6659.123204708099
depth4_bal_AAAAMMMM,4,AAAAMMMM,21250,255000,1.267110288143158,1.311467965443929,1.3441978352410453,0.47356396866840733,0.43342036553524804,0.45150464257746953,0.9947780678851175,0.0003,1.0,6666.870577335358
depth4_bal_AAAAMMMM,4,AAAAMMMM,21275,255300,1.0623942663272221,1.083667476971944,1.1160453183310373,0.7193211488250653,0.7036553524804178,0.6948204497147332,0.9947780678851175,0.0003,1.0,6674.896080732346
depth4_bal_AAAAMMMM,4,AAAAMMMM,21300,255600,1.19716943303744,1.2080755631128948,1.2345077923366001,0.529373368146214,0.5574412532637075,0.54547488533393,0.9947780678851175,0.0003,1.0,6682.929342985153
depth4_bal_AAAAMMMM,4,AAAAMMMM,21325,255900,1.2471334437529247,1.2615025440851848,1.2839759724480766,0.4781331592689295,0.5039164490861618,0.47880076071148897,0.9947780678851175,0.0003,1.0,6688.640467882156
depth4_bal_AAAAMMMM,4,AAAAMMMM,21350,256200,1.182858814795812,1.190673033396403,1.2242655617850167,0.5251305483028721,0.5352480417754569,0.532609911623224,0.9947780678851175,0.0003,1.0,6696.560719490051
depth4_bal_AAAAMMMM,4,AAAAMMMM,21375,256500,1.2727020780245464,1.340825080871582,1.3613322598593576,0.4774804177545692,0.4360313315926893,0.4296901219375769,0.9947780678851175,0.0003,1.0,6704.756476402283
depth4_bal_AAAAMMMM,4,AAAAMMMM,21400,256800,1.2204790115356445,1.315765659014384,1.3547638790948051,0.49216710182767626,0.4804177545691906,0.446470522429802,0.9947780678851175,0.0003,1.0,6712.7455797195435
depth4_bal_AAAAMMMM,4,AAAAMMMM,21425,257100,1.1646253565947216,1.2485017776489258,1.2628724983760289,0.5483028720626631,0.4386422976501306,0.4702986911287616,0.9947780678851175,0.0003,1.0,6721.084388494492
depth4_bal_AAAAMMMM,4,AAAAMMMM,21450,257400,1.3859332501888275,1.4987426201502483,1.5263632195336478,0.4004569190600522,0.3328981723237598,0.3371741805571093,0.9947780678851175,0.0003,1.0,6729.195130825043
depth4_bal_AAAAMMMM,4,AAAAMMMM,21475,257700,1.195415774981181,1.1948591470718384,1.2172783783503942,0.5682114882506527,0.6214099216710183,0.6129320953126748,0.9947780678851175,0.0003,1.0,6737.274415969849
depth4_bal_AAAAMMMM,4,AAAAMMMM,21500,258000,1.2479222416877747,1.2014858722686768,1.22872553893498,0.49738903394255873,0.587467362924282,0.5745609128537867,0.9947780678851175,0.0003,1.0,6745.499336242676
depth4_bal_AAAAMMMM,4,AAAAMMMM,21525,258300,2.1361674269040427,2.976998964945475,3.118311997822353,0.293733681462141,0.15926892950391644,0.17630607450497818,0.9947780678851175,0.0003,1.0,6753.655523777008
depth4_bal_AAAAMMMM,4,AAAAMMMM,21550,258600,1.1751251220703125,1.2207852999369304,1.2454025404793876,0.5398172323759791,0.5287206266318538,0.5307081329007719,0.9947780678851175,0.0003,1.0,6762.0022485256195
depth4_bal_AAAAMMMM,4,AAAAMMMM,21575,258900,1.161267340183258,1.4138135115305583,1.4737030369894846,0.5571148825065274,0.3720626631853786,0.3695044188387963,0.9947780678851175,0.0003,1.0,6770.306326389313
depth4_bal_AAAAMMMM,4,AAAAMMMM,21600,259200,1.3082193930943806,1.5613700151443481,1.6491850001471384,0.42036553524804177,0.3289817232375979,0.29052466718872355,0.9947780678851175,0.0003,1.0,6778.581964015961
depth4_bal_AAAAMMMM,4,AAAAMMMM,21625,259500,1.2687442302703857,1.274410565694173,1.3087093830108643,0.4621409921671018,0.4960835509138381,0.46873252041615393,0.9947780678851175,0.0003,1.0,6786.780616044998
depth4_bal_AAAAMMMM,4,AAAAMMMM,21650,259800,1.4946687320868175,1.3430173794428508,1.39476980141231,0.36977806788511747,0.4608355091383812,0.43662602080769664,0.9947780678851175,0.0003,1.0,6795.179101467133
depth4_bal_AAAAMMMM,4,AAAAMMMM,21675,260100,1.3542743027210236,1.3621376355489094,1.4097450971603394,0.40176240208877284,0.3968668407310705,0.3970242756460454,0.9947780678851175,0.0003,1.0,6803.423774719238
depth4_bal_AAAAMMMM,4,AAAAMMMM,21700,260400,1.1143333315849304,1.229425271352132,1.2687715905053274,0.6119451697127938,0.4908616187989556,0.4877503076406757,0.9947780678851175,0.0003,1.0,6811.720707178116
depth4_bal_AAAAMMMM,4,AAAAMMMM,21725,260700,1.2643567820390065,1.3960742155710857,1.4261702639716012,0.47715404699738906,0.34595300261096606,0.34232017004139165,0.9947780678851175,0.0003,1.0,6820.059633016586
depth4_bal_AAAAMMMM,4,AAAAMMMM,21750,261000,1.3514104286829631,1.7714650630950928,1.821469361441476,0.39719321148825065,0.3472584856396867,0.3160308759369057,0.9947780678851175,0.0003,1.0,6828.510540962219
depth4_bal_AAAAMMMM,4,AAAAMMMM,21775,261300,1.1926207840442657,1.1719129085540771,1.210759094783238,0.5545039164490861,0.6305483028720626,0.617518738113883,0.9947780678851175,0.0003,1.0,6836.741306304932
depth4_bal_AAAAMMMM,4,AAAAMMMM,21800,261600,1.1608079373836517,1.3313592672348022,1.3843494926180158,0.5558093994778068,0.4960835509138381,0.46123727486296007,0.9947780678851175,0.0003,1.0,6844.958195209503
depth4_bal_AAAAMMMM,4,AAAAMMMM,21825,261900,1.2157110472520192,1.271381139755249,1.308970216342381,0.5045691906005222,0.4856396866840731,0.4760040272961181,0.9947780678851175,0.0003,1.0,6852.385649204254
depth4_bal_AAAAMMMM,4,AAAAMMMM,21850,262200,1.2565901080767314,1.3873726924260457,1.4228243657520838,0.4924934725848564,0.381201044386423,0.4061975612484618,0.9947780678851175,0.0003,1.0,6855.429333686829
depth4_bal_AAAAMMMM,4,AAAAMMMM,21875,262500,1.284653623898824,1.265614112218221,1.293893269130162,0.495757180156658,0.5496083550913838,0.5537532162434277,0.9947780678851175,0.0003,1.0,6862.491813421249
depth4_bal_AAAAMMMM,4,AAAAMMMM,21900,262800,1.5738544861475627,1.3887515862782795,1.418735327039446,0.3244125326370757,0.4660574412532637,0.41637767088041167,0.9947780678851175,0.0003,1.0,6870.725306034088
depth4_bal_AAAAMMMM,4,AAAAMMMM,21925,263100,1.21760227282842,1.2368746201197307,1.262199558530535,0.5016318537859008,0.5287206266318538,0.5137039937353172,0.9947780678851175,0.0003,1.0,6878.040595769882
depth4_bal_AAAAMMMM,4,AAAAMMMM,21950,263400,1.2146628002325695,1.1913961966832478,1.227466903414045,0.5254569190600522,0.6005221932114883,0.5735540888242533,0.9947780678851175,0.0003,1.0,6886.213212251663
depth4_bal_AAAAMMMM,4,AAAAMMMM,21975,263700,1.2266375422477722,1.2110921144485474,1.2370324645723616,0.495757180156658,0.5300261096605744,0.5402170265130328,0.9947780678851175,0.0003,1.0,6894.444585323334
depth4_bal_AAAAMMMM,4,AAAAMMMM,22000,264000,1.2807081242402394,1.223950703938802,1.2681668826511927,0.46344647519582244,0.5574412532637075,0.5199686765857479,0.9947780678851175,0.0003,1.0,6902.638963699341
depth4_bal_AAAAMMMM,4,AAAAMMMM,22025,264300,1.2020303507645924,1.2207352717717488,1.2511153391429357,0.5130548302872062,0.5339425587467362,0.5261214900995637,0.9947780678851175,0.0003,1.0,6910.979340553284
depth4_bal_AAAAMMMM,4,AAAAMMMM,22050,264600,1.2580091059207916,1.2234950462977092,1.2637774058750697,0.47552219321148825,0.566579634464752,0.5337286049893725,0.9947780678851175,0.0003,1.0,6919.207149982452
depth4_bal_AAAAMMMM,4,AAAAMMMM,22075,264900,1.1868597169717152,1.2302324771881104,1.257570597103664,0.5414490861618799,0.5404699738903395,0.5082223962411903,0.9947780678851175,0.0003,1.0,6927.5099329948425
depth4_bal_AAAAMMMM,4,AAAAMMMM,22100,265200,1.2304096321264903,1.3291282653808594,1.3785189560481481,0.5130548302872062,0.4869451697127937,0.4606779281798859,0.9947780678851175,0.0003,1.0,6934.919140577316
depth4_bal_AAAAMMMM,4,AAAAMMMM,22125,265500,1.9096257189909618,2.0274614890416465,2.0421218735831124,0.25718015665796345,0.2297650130548303,0.21288734757802885,0.9947780678851175,0.0003,1.0,6943.076687812805
depth4_bal_AAAAMMMM,4,AAAAMMMM,22150,265800,1.4097440938154857,1.4190239508946736,1.4650909185409546,0.40600522193211486,0.4516971279373368,0.43573106611477797,0.9947780678851175,0.0003,1.0,6951.045625448227
depth4_bal_AAAAMMMM,4,AAAAMMMM,22175,266100,1.312502145767212,1.2175559202829997,1.2493213415145874,0.44810704960835507,0.5404699738903395,0.5348472983555208,0.9947780678851175,0.0003,1.0,6959.229584693909
depth4_bal_AAAAMMMM,4,AAAAMMMM,22200,266400,1.225576142470042,1.1690861384073894,1.1977750641959055,0.48400783289817234,0.5926892950391645,0.5684080993399709,0.9947780678851175,0.0003,1.0,6967.517526388168
depth4_bal_AAAAMMMM,4,AAAAMMMM,22225,266700,1.0474782486756642,1.1073005596796672,1.1376974003655569,0.6684073107049608,0.6553524804177546,0.6357534399821009,0.9947780678851175,0.0003,1.0,6975.762991189957
depth4_bal_AAAAMMMM,4,AAAAMMMM,22250,267000,1.1636708577473958,1.2580227454503377,1.3114552906581334,0.5515665796344648,0.49216710182767626,0.4667188723570869,0.9947780678851175,0.0003,1.0,6983.981004714966
depth4_bal_AAAAMMMM,4,AAAAMMMM,22275,267300,1.417181412378947,1.3778626124064128,1.432197380065918,0.40567885117493474,0.3838120104438642,0.35652757579147554,0.9947780678851175,0.0003,1.0,6987.133547544479
depth4_bal_AAAAMMMM,4,AAAAMMMM,22300,267600,1.2687149544556935,1.2901330788930256,1.3192075559071132,0.5048955613577023,0.5613577023498695,0.5367490770779729,0.9947780678851175,0.0003,1.0,6990.164942979813
depth4_bal_AAAAMMMM,4,AAAAMMMM,22325,267900,1.2858483890692394,1.21780260403951,1.2471028804779052,0.4347258485639687,0.5261096605744126,0.5082223962411903,0.9947780678851175,0.0003,1.0,6993.770359992981
depth4_bal_AAAAMMMM,4,AAAAMMMM,22350,268200,1.1839083135128021,1.224511981010437,1.251554638998849,0.5339425587467362,0.5234986945169713,0.5320505649401499,0.9947780678851175,0.0003,1.0,6996.712943315506
depth4_bal_AAAAMMMM,4,AAAAMMMM,22375,268500,1.2536691029866536,1.234355092048645,1.2622996125902448,0.48466057441253263,0.5613577023498695,0.556885557668643,0.9947780678851175,0.0003,1.0,6999.6608872413635
depth4_bal_AAAAMMMM,4,AAAAMMMM,22400,268800,1.3610621790091197,1.3378829558690388,1.4259798220225743,0.4389686684073107,0.4164490861618799,0.39937353171495693,0.9947780678851175,0.0003,1.0,7002.742421388626
depth4_bal_AAAAMMMM,4,AAAAMMMM,22425,269100,1.5112318992614746,1.5973773002624512,1.6545167071478708,0.3577023498694517,0.2819843342036554,0.28660924040720437,0.9947780678851175,0.0003,1.0,7005.6846697330475
depth4_bal_AAAAMMMM,4,AAAAMMMM,22450,269400,1.1686601142088573,1.1528981924057007,1.1877835648400443,0.5359007832898173,0.5822454308093995,0.577805123615617,0.9947780678851175,0.0003,1.0,7008.630075216293
depth4_bal_AAAAMMMM,4,AAAAMMMM,22475,269700,1.1693366765975952,1.1871978044509888,1.2132737943104335,0.5248041775456919,0.5509138381201044,0.5339523436626021,0.9947780678851175,0.0003,1.0,7011.582259654999
depth4_bal_AAAAMMMM,4,AAAAMMMM,22500,270000,1.0736945569515228,1.0962478717168171,1.133734839303153,0.7108355091383812,0.7349869451697127,0.71048215684081,0.9947780678851175,0.0003,1.0,7014.687490224838
depth4_bal_AAAAMMMM,4,AAAAMMMM,22525,270300,1.4931293626626332,1.6188977559407551,1.6460435799189976,0.3456266318537859,0.31592689295039167,0.33471305515158295,0.9947780678851175,0.0003,1.0,7021.002107858658
depth4_bal_AAAAMMMM,4,AAAAMMMM,22550,270600,1.7393528322378795,1.94712233543396,1.9633146967206683,0.30156657963446476,0.18276762402088773,0.1835775813849424,0.9947780678851175,0.0003,1.0,7029.23694896698
depth4_bal_AAAAMMMM,4,AAAAMMMM,22575,270900,1.2539889266093571,2.5177414417266846,2.6157799584524972,0.5225195822454308,0.2245430809399478,0.2192638997650744,0.9947780678851175,0.0003,1.0,7037.15466427803
depth4_bal_AAAAMMMM,4,AAAAMMMM,22600,271200,1.2254925866921742,1.2275549173355103,1.266559863090515,0.5691906005221932,0.5992167101827677,0.5681843606667413,0.9947780678851175,0.0003,1.0,7045.182233572006
depth4_bal_AAAAMMMM,4,AAAAMMMM,22625,271500,1.155677576859792,1.237195611000061,1.282258745602199,0.5763707571801566,0.5169712793733682,0.48931647835328335,0.9947780678851175,0.0003,1.0,7053.071785449982
depth4_bal_AAAAMMMM,4,AAAAMMMM,22650,271800,1.393778125445048,1.2357488075892131,1.2626850366592408,0.391644908616188,0.49477806788511747,0.5037476227765969,0.9947780678851175,0.0003,1.0,7061.32296705246
depth4_bal_AAAAMMMM,4,AAAAMMMM,22675,272100,1.3555336495240529,1.3046748240788777,1.3471851927893503,0.4487597911227154,0.4908616187989556,0.46481709363463475,0.9947780678851175,0.0003,1.0,7069.378499984741
depth4_bal_AAAAMMMM,4,AAAAMMMM,22700,272400,1.3198380172252655,1.18096125125885,1.2050532817840576,0.4131853785900783,0.5652741514360313,0.5557668643024947,0.9947780678851175,0.0003,1.0,7077.628161907196
depth4_bal_AAAAMMMM,4,AAAAMMMM,22725,272700,1.5411491990089417,1.964863379796346,2.000830684389387,0.3475848563968668,0.26370757180156656,0.2592012529365701,0.9947780678851175,0.0003,1.0,7085.874433755875
depth4_bal_AAAAMMMM,4,AAAAMMMM,22750,273000,1.291270802418391,1.318233847618103,1.35392792565482,0.4618146214099217,0.44778067885117495,0.43058507663049556,0.9947780678851175,0.0003,1.0,7094.1129739284515
depth4_bal_AAAAMMMM,4,AAAAMMMM,22775,273300,1.4429165224234264,1.5161004066467285,1.5467514514923095,0.37761096605744127,0.38642297650130547,0.37062311220494465,0.9947780678851175,0.0003,1.0,7102.275695800781
depth4_bal_AAAAMMMM,4,AAAAMMMM,22800,273600,1.0945870677630107,1.131456772486369,1.1540105751582554,0.6347911227154047,0.608355091383812,0.6133795726591341,0.9947780678851175,0.0003,1.0,7110.693800210953
depth4_bal_AAAAMMMM,4,AAAAMMMM,22825,273900,1.287487119436264,1.4305257399876912,1.478022793361119,0.4337467362924282,0.3577023498694517,0.3442219487638438,0.9947780678851175,0.0003,1.0,7118.92241859436
depth4_bal_AAAAMMMM,4,AAAAMMMM,22850,274200,1.186937391757965,1.6788777907689412,1.7266384499413627,0.5368798955613577,0.39947780678851175,0.3882984673900884,0.9947780678851175,0.0003,1.0,7127.030963420868
depth4_bal_AAAAMMMM,4,AAAAMMMM,22875,274500,1.3434161742528279,1.3818482160568237,1.4171187707356043,0.43309399477806787,0.42950391644908614,0.40474325987246895,0.9947780678851175,0.0003,1.0,7135.443952798843
depth4_bal_AAAAMMMM,4,AAAAMMMM,22900,274800,1.1115059753259022,1.1732111771901448,1.1953727756227766,0.6099869451697127,0.6096605744125326,0.5849647611589663,0.9947780678851175,0.0003,1.0,7143.666336297989
depth4_bal_AAAAMMMM,4,AAAAMMMM,22925,275100,1.4402394493420918,1.5530043840408325,1.6338682004383631,0.3998041775456919,0.3537859007832898,0.352164671663497,0.9947780678851175,0.0003,1.0,7151.921565055847
depth4_bal_AAAAMMMM,4,AAAAMMMM,22950,275400,1.166157841682434,1.2742236057917278,1.3074651854378836,0.5362271540469974,0.49738903394255873,0.4669426110303166,0.9947780678851175,0.0003,1.0,7160.416083097458
depth4_bal_AAAAMMMM,4,AAAAMMMM,22975,275700,1.1680967609087627,1.206382195154826,1.2562307834625244,0.5672323759791122,0.54177545691906,0.5124734310325539,0.9947780678851175,0.0003,1.0,7166.791129827499
depth4_bal_AAAAMMMM,4,AAAAMMMM,23000,276000,1.2365257044633229,1.2868353923161824,1.301349173273359,0.5525456919060052,0.5248041775456919,0.5393220718201142,0.9947780678851175,0.0003,1.0,7174.697793960571
depth4_bal_AAAAMMMM,4,AAAAMMMM,23025,276300,1.2914872864882152,1.1950904925664265,1.2395290034157889,0.46475195822454307,0.5248041775456919,0.5085580042510348,0.9947780678851175,0.0003,1.0,7182.9944190979
depth4_bal_AAAAMMMM,4,AAAAMMMM,23050,276600,1.3856510122617085,1.2743141253789265,1.2822232586996896,0.40110966057441255,0.47389033942558745,0.4822687101465488,0.9947780678851175,0.0003,1.0,7191.26148891449
depth4_bal_AAAAMMMM,4,AAAAMMMM,23075,276900,1.4253704249858856,1.6589996417363484,1.7162982327597482,0.4066579634464752,0.28720626631853785,0.25908938359995526,0.9947780678851175,0.0003,1.0,7199.531562805176
depth4_bal_AAAAMMMM,4,AAAAMMMM,23100,277200,1.3288904825846355,1.4141010840733845,1.4572964872632708,0.44190600522193213,0.40339425587467365,0.3735317149569303,0.9947780678851175,0.0003,1.0,7207.121356248856
depth4_bal_AAAAMMMM,4,AAAAMMMM,23125,277500,1.4221128324667613,1.3899007240931194,1.4149179152079991,0.42885117493472585,0.44386422976501305,0.4414364022821345,0.9947780678851175,0.0003,1.0,7215.293987989426
depth4_bal_AAAAMMMM,4,AAAAMMMM,23150,277800,1.161023070414861,1.2256392637888591,1.2460713250296456,0.5434073107049608,0.52088772845953,0.5160532498042286,0.9947780678851175,0.0003,1.0,7223.524863243103
depth4_bal_AAAAMMMM,4,AAAAMMMM,23175,278100,1.2800410091876984,1.262998143831889,1.292726973124913,0.46344647519582244,0.5156657963446475,0.49524555319386954,0.9947780678851175,0.0003,1.0,7231.598443984985
depth4_bal_AAAAMMMM,4,AAAAMMMM,23200,278400,1.3101848562558491,1.2445441881815593,1.2684482404163906,0.4343994778067885,0.5143603133159269,0.49390312115449153,0.9947780678851175,0.0003,1.0,7237.937538146973
depth4_bal_AAAAMMMM,4,AAAAMMMM,23225,278700,1.4438315033912659,1.4758514960606892,1.5045155388968332,0.3681462140992167,0.360313315926893,0.3404183913189395,0.9947780678851175,0.0003,1.0,7242.682877063751
depth4_bal_AAAAMMMM,4,AAAAMMMM,23250,279000,1.267874926328659,1.3035005331039429,1.352256965637207,0.47127937336814624,0.45300261096605743,0.4361785434612373,0.9947780678851175,0.0003,1.0,7245.648212194443
depth4_bal_AAAAMMMM,4,AAAAMMMM,23275,279300,1.1673760414123535,1.183061957359314,1.2031945637294224,0.5571148825065274,0.6005221932114883,0.580489987694373,0.9947780678851175,0.0003,1.0,7248.617188453674
depth4_bal_AAAAMMMM,4,AAAAMMMM,23300,279600,1.2606600125630696,1.5417057673136394,1.5286481823240008,0.47552219321148825,0.37597911227154046,0.37990826714397585,0.9947780678851175,0.0003,1.0,7251.57058429718
depth4_bal_AAAAMMMM,4,AAAAMMMM,23325,279900,1.1794143716494243,1.1927591562271118,1.2135907990591868,0.5652741514360313,0.5783289817232375,0.5677368833202819,0.9947780678851175,0.0003,1.0,7254.652456998825
depth4_bal_AAAAMMMM,4,AAAAMMMM,23350,280200,1.1311453481515248,1.2376043796539307,1.267473224231175,0.568864229765013,0.4765013054830287,0.46917999776261327,0.9947780678851175,0.0003,1.0,7257.602344274521
depth4_bal_AAAAMMMM,4,AAAAMMMM,23375,280500,1.3642412424087524,1.332947810490926,1.3597963809967042,0.40567885117493474,0.4164490861618799,0.4198456203154715,0.9947780678851175,0.0003,1.0,7260.554537057877
depth4_bal_AAAAMMMM,4,AAAAMMMM,23400,280800,1.1585961878299713,1.1311941146850586,1.1579564571380616,0.5580939947780679,0.5835509138381201,0.5942499160979975,0.9947780678851175,0.0003,1.0,7264.350615501404
depth4_bal_AAAAMMMM,4,AAAAMMMM,23425,281100,1.6234371960163116,1.7548126379648845,1.7849222455705915,0.3554177545691906,0.24673629242819844,0.22440988924935676,0.9947780678851175,0.0003,1.0,7272.63879442215
depth4_bal_AAAAMMMM,4,AAAAMMMM,23450,281400,1.0908549626668294,1.1986639897028606,1.226595721926008,0.6282637075718016,0.5117493472584856,0.492225081105269,0.9947780678851175,0.0003,1.0,7280.719960451126
depth4_bal_AAAAMMMM,4,AAAAMMMM,23475,281700,1.2577962179978688,1.3904829025268555,1.4235268252236501,0.45006527415143605,0.40600522193211486,0.39881418503188276,0.9947780678851175,0.0003,1.0,7288.974676847458
depth4_bal_AAAAMMMM,4,AAAAMMMM,23500,282000,1.4961707790692647,1.6391297181447346,1.6460824762071882,0.3665143603133159,0.2650130548302872,0.26859827721221613,0.9947780678851175,0.0003,1.0,7297.086802482605
depth4_bal_AAAAMMMM,4,AAAAMMMM,23525,282300,1.4938180843989055,1.8464529116948445,1.907118705340794,0.4255874673629243,0.3133159268929504,0.30025729947421415,0.9947780678851175,0.0003,1.0,7305.011528015137
depth4_bal_AAAAMMMM,4,AAAAMMMM,23550,282600,1.4996469418207805,1.3942071199417114,1.477423906326294,0.37989556135770236,0.3981723237597911,0.3594361785434612,0.9947780678851175,0.0003,1.0,7312.337826490402
depth4_bal_AAAAMMMM,4,AAAAMMMM,23575,282900,1.2796645561854045,1.4955159425735474,1.5312591314315795,0.4654046997389034,0.38511749347258484,0.35921243987023155,0.9947780678851175,0.0003,1.0,7320.3640921115875
depth4_bal_AAAAMMMM,4,AAAAMMMM,23600,283200,1.362290471792221,1.256980021794637,1.311194143976484,0.4131853785900783,0.49477806788511747,0.46615952567401275,0.9947780678851175,0.0003,1.0,7328.575485467911
depth4_bal_AAAAMMMM,4,AAAAMMMM,23625,283500,1.3988475898901622,1.3446561892827351,1.3567062411989486,0.41024804177545693,0.43994778067885115,0.44333818100458666,0.9947780678851175,0.0003,1.0,7336.74894785881
depth4_bal_AAAAMMMM,4,AAAAMMMM,23650,283800,1.3140006462732952,1.3853142261505127,1.405707699911935,0.4539817232375979,0.38903394255874674,0.3896408994294664,0.9947780678851175,0.0003,1.0,7344.511561393738
depth4_bal_AAAAMMMM,4,AAAAMMMM,23675,284100,1.3233759204546611,1.5098551511764526,1.529855397769383,0.45430809399477806,0.38511749347258484,0.36312786665175073,0.9947780678851175,0.0003,1.0,7352.73220038414
depth4_bal_AAAAMMMM,4,AAAAMMMM,23700,284400,1.2343929708003998,1.2529240051905315,1.2799080610275269,0.6533942558746736,0.6514360313315927,0.6312786665175075,0.9947780678851175,0.0003,1.0,7360.919845581055
depth4_bal_AAAAMMMM,4,AAAAMMMM,23725,284700,1.2469304899374645,1.4019909302393596,1.430336332321167,0.47486945169712796,0.3537859007832898,0.3725248909273968,0.9947780678851175,0.0003,1.0,7368.922282218933
depth4_bal_AAAAMMMM,4,AAAAMMMM,23750,285000,1.0930064221223195,1.1280619303385417,1.1622806446892875,0.6713446475195822,0.6710182767624021,0.6586866539881419,0.9947780678851175,0.0003,1.0,7377.14817404747
depth4_bal_AAAAMMMM,4,AAAAMMMM,23775,285300,1.5154422024885814,1.50379745165507,1.5490492446081978,0.34007832898172324,0.34986945169712796,0.344781295446918,0.9947780678851175,0.0003,1.0,7385.455212831497
depth4_bal_AAAAMMMM,4,AAAAMMMM,23800,285600,1.1679699420928955,1.1258060932159424,1.1557665109634399,0.5642950391644909,0.6762402088772846,0.6603646940373643,0.9947780678851175,0.0003,1.0,7393.5887632369995
depth4_bal_AAAAMMMM,4,AAAAMMMM,23825,285900,1.1611640652020772,1.1716550191243489,1.187594996179853,0.5727806788511749,0.5887728459530026,0.5920125293657008,0.9947780678851175,0.0003,1.0,7401.82994556427
depth4_bal_AAAAMMMM,4,AAAAMMMM,23850,286200,1.3758837680021923,2.6700193881988525,2.732960251399449,0.4526762402088773,0.2845953002610966,0.2549502181452064,0.9947780678851175,0.0003,1.0,7409.9372482299805
depth4_bal_AAAAMMMM,4,AAAAMMMM,23875,286500,1.2118755678335826,1.1533900499343872,1.1921483073915755,0.5192558746736292,0.6227154046997389,0.6071148898087034,0.9947780678851175,0.0003,1.0,7418.157997369766
depth4_bal_AAAAMMMM,4,AAAAMMMM,23900,286800,1.0957011878490448,1.155975302060445,1.17454605783735,0.6227154046997389,0.5522193211488251,0.563597717865533,0.9947780678851175,0.0003,1.0,7425.73624587059
depth4_bal_AAAAMMMM,4,AAAAMMMM,23925,287100,1.2564804355303447,1.4179351329803467,1.464697813987732,0.4719321148825065,0.45430809399477806,0.4214117910280792,0.9947780678851175,0.0003,1.0,7428.675466299057
depth4_bal_AAAAMMMM,4,AAAAMMMM,23950,287400,1.1600160598754883,1.1818516254425049,1.2019291809626989,0.5838772845953003,0.5966057441253264,0.604094417720103,0.9947780678851175,0.0003,1.0,7431.617073297501
depth4_bal_AAAAMMMM,4,AAAAMMMM,23975,287700,1.1896205147107441,1.2201886971791585,1.2851094450269427,0.514686684073107,0.5313315926892951,0.5066562255285826,0.9947780678851175,0.0003,1.0,7434.69283747673
depth4_bal_AAAAMMMM,4,AAAAMMMM,24000,288000,1.2424963414669037,1.261092185974121,1.2903315373829434,0.6556788511749347,0.6723237597911227,0.6310549278442779,0.9947780678851175,0.0003,1.0,7437.635362863541
depth4_bal_AAAAMMMM,4,AAAAMMMM,24025,288300,1.1817484895388286,1.2170594135920207,1.2258644138063703,0.5496083550913838,0.5522193211488251,0.5399932878398032,0.9947780678851175,0.0003,1.0,7445.595137119293
depth4_bal_AAAAMMMM,4,AAAAMMMM,24050,288600,1.2048023144404094,1.1853553851445515,1.215140414237976,0.5133812010443864,0.5574412532637075,0.544132453294552,0.9947780678851175,0.0003,1.0,7453.838301181793
depth4_bal_AAAAMMMM,4,AAAAMMMM,24075,288900,1.0983902712663014,1.1231135924657185,1.1677375520978654,0.6671018276762402,0.6945169712793734,0.6490658910392662,0.9947780678851175,0.0003,1.0,7462.170710802078
depth4_bal_AAAAMMMM,4,AAAAMMMM,24100,289200,1.2267737487951915,1.2289941310882568,1.256229455130441,0.49673629242819844,0.5261096605744126,0.5025170600738338,0.9947780678851175,0.0003,1.0,7470.39227437973
depth4_bal_AAAAMMMM,4,AAAAMMMM,24125,289500,1.3240930438041687,1.7923051913579304,1.8144833087921142,0.4308093994778068,0.1514360313315927,0.16467166349703546,0.9947780678851175,0.0003,1.0,7478.697160720825
depth4_bal_AAAAMMMM,4,AAAAMMMM,24150,289800,1.5117534001668294,1.3170073827107747,1.3336247682571412,0.3681462140992167,0.4725848563968668,0.4626915762389529,0.9947780678851175,0.0003,1.0,7487.033120632172
depth4_bal_AAAAMMMM,4,AAAAMMMM,24175,290100,1.2884096205234528,1.2550002733866374,1.2921463353293283,0.47486945169712796,0.5,0.47175299250475444,0.9947780678851175,0.0003,1.0,7495.205921411514
depth4_bal_AAAAMMMM,4,AAAAMMMM,24200,290400,1.2518787185351055,1.6519227822621663,1.722288601739066,0.4830287206266319,0.3433420365535248,0.3106611477793937,0.9947780678851175,0.0003,1.0,7501.808869361877
depth4_bal_AAAAMMMM,4,AAAAMMMM,24225,290700,1.1312627494335175,1.150098204612732,1.182961790902274,0.6484986945169713,0.6331592689295039,0.620874818212328,0.9947780678851175,0.0003,1.0,7509.842061281204
depth4_bal_AAAAMMMM,4,AAAAMMMM,24250,291000,1.1819811165332794,1.5264729658762615,1.5567343882152012,0.5228459530026109,0.3563968668407311,0.373084237610471,0.9947780678851175,0.0003,1.0,7517.2555203437805
depth4_bal_AAAAMMMM,4,AAAAMMMM,24275,291300,1.4811973770459492,1.6123572985331218,1.6239643233163017,0.35933420365535246,0.2650130548302872,0.2764291307752545,0.9947780678851175,0.0003,1.0,7524.486752510071
depth4_bal_AAAAMMMM,4,AAAAMMMM,24300,291600,1.4129461844762166,1.515785574913025,1.5598561900002617,0.4128590078328982,0.35509138381201044,0.33404183913189395,0.9947780678851175,0.0003,1.0,7532.504055738449
depth4_bal_AAAAMMMM,4,AAAAMMMM,24325,291900,1.1461687783400218,1.2795217037200928,1.30794449533735,0.5489556135770235,0.45822454308093996,0.4591117574672782,0.9947780678851175,0.0003,1.0,7540.537160158157
depth4_bal_AAAAMMMM,4,AAAAMMMM,24350,292200,1.2721854746341705,1.2121448516845703,1.245972044127328,0.47323759791122716,0.5143603133159269,0.48730283029421634,0.9947780678851175,0.0003,1.0,7548.680128335953
depth4_bal_AAAAMMMM,4,AAAAMMMM,24375,292500,1.3554108440876007,1.2970682382583618,1.3357209273747035,0.44223237597911225,0.45822454308093996,0.4380803221836895,0.9947780678851175,0.0003,1.0,7556.708861351013
depth4_bal_AAAAMMMM,4,AAAAMMMM,24400,292800,1.2245631913344066,1.2002960840861003,1.2396531854357038,0.537532637075718,0.5939947780678851,0.567625013983667,0.9947780678851175,0.0003,1.0,7564.757231473923
depth4_bal_AAAAMMMM,4,AAAAMMMM,24425,293100,1.233417401711146,1.464791218439738,1.4982996259416852,0.5130548302872062,0.43733681462140994,0.4068687772681508,0.9947780678851175,0.0003,1.0,7572.7757930755615
depth4_bal_AAAAMMMM,4,AAAAMMMM,24450,293400,1.318561464548111,1.373157540957133,1.4009184496743339,0.5045691906005222,0.4595300261096606,0.4500503412014767,0.9947780678851175,0.0003,1.0,7580.945090055466
depth4_bal_AAAAMMMM,4,AAAAMMMM,24475,293700,1.1585941910743713,1.2019294897715251,1.2417670454297747,0.5424281984334204,0.5300261096605744,0.4937912518178767,0.9947780678851175,0.0003,1.0,7588.915660142899
depth4_bal_AAAAMMMM,4,AAAAMMMM,24500,294000,1.115039716164271,1.103594223658244,1.1415098939623152,0.618798955613577,0.6932114882506527,0.6622664727598165,0.9947780678851175,0.0003,1.0,7597.127149105072
depth4_bal_AAAAMMMM,4,AAAAMMMM,24525,294300,1.130567044019699,1.2930043538411458,1.3260226828711374,0.5629895561357703,0.4699738903394256,0.4586642801208189,0.9947780678851175,0.0003,1.0,7604.977656841278
depth4_bal_AAAAMMMM,4,AAAAMMMM,24550,294600,1.1711514989535015,1.2150732676188152,1.2434299400874547,0.5858355091383812,0.5326370757180157,0.5293657008613939,0.9947780678851175,0.0003,1.0,7613.198611497879
depth4_bal_AAAAMMMM,4,AAAAMMMM,24575,294900,1.1777118345101674,1.242149035135905,1.261725469997951,0.5535248041775457,0.4660574412532637,0.47410224857366595,0.9947780678851175,0.0003,1.0,7621.268361091614
depth4_bal_AAAAMMMM,4,AAAAMMMM,24600,295200,1.1637190878391266,1.1917924483617146,1.2027058056422641,0.5639686684073107,0.5469973890339426,0.5584517283812507,0.9947780678851175,0.0003,1.0,7629.537024497986
depth4_bal_AAAAMMMM,4,AAAAMMMM,24625,295500,1.259499877691269,1.4497222900390625,1.4783451693398613,0.4908616187989556,0.35900783289817234,0.33773352724018346,0.9947780678851175,0.0003,1.0,7635.936011791229
depth4_bal_AAAAMMMM,4,AAAAMMMM,24650,295800,1.1489871541659038,1.1727654139200847,1.1941639627729144,0.6152088772845953,0.6227154046997389,0.621546034232017,0.9947780678851175,0.0003,1.0,7644.160346508026
depth4_bal_AAAAMMMM,4,AAAAMMMM,24675,296100,1.3904108107089996,1.4390968084335327,1.4515176330293929,0.4128590078328982,0.39556135770234985,0.3952343662602081,0.9947780678851175,0.0003,1.0,7652.3126745224
depth4_bal_AAAAMMMM,4,AAAAMMMM,24700,296400,1.2998655438423157,1.4729629755020142,1.4760708706719534,0.4360313315926893,0.35900783289817234,0.35294775701980086,0.9947780678851175,0.0003,1.0,7660.156945943832
depth4_bal_AAAAMMMM,4,AAAAMMMM,24725,296700,1.442854881286621,1.397850513458252,1.4362262453351702,0.39556135770234985,0.42428198433420367,0.4124622440988925,0.9947780678851175,0.0003,1.0,7667.56133890152
depth4_bal_AAAAMMMM,4,AAAAMMMM,24750,297000,1.1779436866442363,1.1704941590627034,1.2004600048065186,0.54177545691906,0.5691906005221932,0.5591229444009397,0.9947780678851175,0.0003,1.0,7675.722409963608
depth4_bal_AAAAMMMM,4,AAAAMMMM,24775,297300,1.3299703498681386,1.2756102482477825,1.301477725165231,0.47389033942558745,0.4765013054830287,0.46973934444568743,0.9947780678851175,0.0003,1.0,7683.822035074234
depth4_bal_AAAAMMMM,4,AAAAMMMM,24800,297600,1.3385819693406422,1.826637903849284,1.88754723072052,0.4386422976501306,0.16840731070496084,0.1720550397136145,0.9947780678851175,0.0003,1.0,7691.694944620132
depth4_bal_AAAAMMMM,4,AAAAMMMM,24825,297900,1.1329790651798248,1.17017928759257,1.1876077583857945,0.589425587467363,0.6057441253263708,0.6167356527575791,0.9947780678851175,0.0003,1.0,7699.981080293655
depth4_bal_AAAAMMMM,4,AAAAMMMM,24850,298200,1.5423978666464488,1.8051112095514934,1.8711947372981481,0.3629242819843342,0.28720626631853785,0.2515941380467614,0.9947780678851175,0.0003,1.0,7708.216616153717
depth4_bal_AAAAMMMM,4,AAAAMMMM,24875,298500,1.2769862016042073,1.2877506812413533,1.3145276716777257,0.462467362924282,0.45822454308093996,0.45396576798299587,0.9947780678851175,0.0003,1.0,7716.4535365104675
depth4_bal_AAAAMMMM,4,AAAAMMMM,24900,298800,1.4181589384873707,1.5619993209838867,1.5614292519433157,0.3847911227154047,0.31201044386422977,0.32319051348025507,0.9947780678851175,0.0003,1.0,7723.671438455582
depth4_bal_AAAAMMMM,4,AAAAMMMM,24925,299100,1.3741840720176697,1.6145731210708618,1.6440462044307165,0.418733681462141,0.2362924281984334,0.24230898310773016,0.9947780678851175,0.0003,1.0,7726.7548797130585
depth4_bal_AAAAMMMM,4,AAAAMMMM,24950,299400,1.3016131619612377,1.4449524482091267,1.4579702036721365,0.43929503916449086,0.3537859007832898,0.3610023492560689,0.9947780678851175,0.0003,1.0,7729.717716217041
depth4_bal_AAAAMMMM,4,AAAAMMMM,24975,299700,1.123715231815974,1.1378177404403687,1.1620191982814243,0.6778720626631853,0.7493472584856397,0.7189842264235373,0.9947780678851175,0.0003,1.0,7734.329304218292
depth4_bal_AAAAMMMM,4,AAAAMMMM,25000,300000,1.6596941649913788,1.6678435802459717,1.7689694166183472,0.2973237597911227,0.31070496083550914,0.2907484058619532,0.9947780678851175,0.0003,1.0,7742.649835348129
depth4_bal_AAAAMMMM,4,AAAAMMMM,25025,300300,1.4943648080031078,1.340348720550537,1.4136014768055507,0.3681462140992167,0.4216710182767624,0.4012753104374091,0.9947780678851175,0.0003,1.0,7751.0124361515045
depth4_bal_AAAAMMMM,4,AAAAMMMM,25050,300600,1.6615437666575115,2.2311104933420816,2.2603323595864433,0.31298955613577023,0.1409921671018277,0.12562926501845845,0.9947780678851175,0.0003,1.0,7759.199502229691
depth4_bal_AAAAMMMM,4,AAAAMMMM,25075,300900,1.336033155520757,1.3045090039571126,1.32401625088283,0.48204960835509136,0.5626631853785901,0.5417831972256405,0.9947780678851175,0.0003,1.0,7767.224108457565
depth4_bal_AAAAMMMM,4,AAAAMMMM,25100,301200,1.2742523849010468,1.2480278015136719,1.2895723615373884,0.45659268929503916,0.5078328981723238,0.47510907260319946,0.9947780678851175,0.0003,1.0,7775.500049829483
depth4_bal_AAAAMMMM,4,AAAAMMMM,25125,301500,1.2636291285355885,1.2671618461608887,1.2985134192875454,0.5130548302872062,0.5404699738903395,0.5088936122608793,0.9947780678851175,0.0003,1.0,7783.652027606964
depth4_bal_AAAAMMMM,4,AAAAMMMM,25150,301800,1.3128133714199066,1.2858802477518718,1.3320298194885254,0.4556135770234987,0.489556135770235,0.4546369840026849,0.9947780678851175,0.0003,1.0,7791.910880088806
depth4_bal_AAAAMMMM,4,AAAAMMMM,25175,302100,1.1423743565877278,1.1395671367645264,1.1675960745130267,0.5669060052219321,0.5953002610966057,0.5761270835663944,0.9947780678851175,0.0003,1.0,7799.623457670212
depth4_bal_AAAAMMMM,4,AAAAMMMM,25200,302400,1.6199147403240204,1.5710064967473347,1.573380286352975,0.3191906005221932,0.34073107049608353,0.3464593354961405,0.9947780678851175,0.0003,1.0,7807.596421718597
depth4_bal_AAAAMMMM,4,AAAAMMMM,25225,302700,1.2991741299629211,1.3200406630833943,1.381712143761771,0.4490861618798956,0.43994778067885115,0.42532721780959837,0.9947780678851175,0.0003,1.0,7815.594804048538
depth4_bal_AAAAMMMM,4,AAAAMMMM,25250,303000,1.412672519683838,1.4194161494572957,1.4153332812445505,0.42265013054830286,0.4046997389033943,0.3969124063094306,0.9947780678851175,0.0003,1.0,7823.489442825317
depth4_bal_AAAAMMMM,4,AAAAMMMM,25275,303300,1.4280557135740917,1.381616512934367,1.413839398111616,0.385443864229765,0.4086161879895561,0.4002684864078756,0.9947780678851175,0.0003,1.0,7831.6959908008575
depth4_bal_AAAAMMMM,4,AAAAMMMM,25300,303600,1.124779462814331,1.1559749046961467,1.1855768884931293,0.722911227154047,0.7245430809399478,0.7066785993959056,0.9947780678851175,0.0003,1.0,7840.009202480316
depth4_bal_AAAAMMMM,4,AAAAMMMM,25325,303900,1.6698322991530101,1.5498491525650024,1.5978635958262852,0.3097258485639687,0.31723237597911225,0.3179326546593579,0.9947780678851175,0.0003,1.0,7848.182176351547
depth4_bal_AAAAMMMM,4,AAAAMMMM,25350,304200,1.7281199097633362,1.5407960812250774,1.6033771344593593,0.3152741514360313,0.3577023498694517,0.33929969795279113,0.9947780678851175,0.0003,1.0,7856.4243268966675
depth4_bal_AAAAMMMM,4,AAAAMMMM,25375,304500,1.4053373734156291,1.2872498830159504,1.2979417800903321,0.4066579634464752,0.4608355091383812,0.4632509229220271,0.9947780678851175,0.0003,1.0,7864.762404918671
depth4_bal_AAAAMMMM,4,AAAAMMMM,25400,304800,1.3222285707791646,1.2566197315851848,1.2974362100873675,0.44810704960835507,0.5143603133159269,0.4785770220382593,0.9947780678851175,0.0003,1.0,7873.014801025391
depth4_bal_AAAAMMMM,4,AAAAMMMM,25425,305100,1.2763069768746693,1.268465797106425,1.2978145258767264,0.4631201044386423,0.47911227154047,0.46940373643584293,0.9947780678851175,0.0003,1.0,7881.298358201981
depth4_bal_AAAAMMMM,4,AAAAMMMM,25450,305400,1.3213157057762146,1.538822611172994,1.5920963593891688,0.43798955613577023,0.3328981723237598,0.32609911623224075,0.9947780678851175,0.0003,1.0,7889.408437728882
depth4_bal_AAAAMMMM,4,AAAAMMMM,25475,305700,1.401842514673869,1.4243100484212239,1.4438475506646293,0.40372062663185376,0.41906005221932113,0.3963530596263564,0.9947780678851175,0.0003,1.0,7897.415237903595
depth4_bal_AAAAMMMM,4,AAAAMMMM,25500,306000,1.2703481912612915,1.4124421278635662,1.4568506036485944,0.49281984334203655,0.3877284595300261,0.3665958160868106,0.9947780678851175,0.0003,1.0,7905.625278234482
depth4_bal_AAAAMMMM,4,AAAAMMMM,25525,306300,1.2455915411313374,1.2677436272303264,1.305867488043649,0.4575718015665796,0.4725848563968668,0.4647052242980199,0.9947780678851175,0.0003,1.0,7913.680458068848
depth4_bal_AAAAMMMM,4,AAAAMMMM,25550,306600,1.7679964701334636,1.6304862101872761,1.6503361770084926,0.30450391644908614,0.32114882506527415,0.3159190066002909,0.9947780678851175,0.0003,1.0,7921.944839477539
depth4_bal_AAAAMMMM,4,AAAAMMMM,25575,306900,1.445247362057368,1.3594518502553303,1.3681569133486067,0.3743472584856397,0.46866840731070497,0.4553082000223739,0.9947780678851175,0.0003,1.0,7930.233056783676
depth4_bal_AAAAMMMM,4,AAAAMMMM,25600,307200,1.3136996924877167,1.306494156519572,1.3282355036054339,0.4706266318537859,0.5026109660574413,0.5008390200246112,0.9947780678851175,0.0003,1.0,7938.368934392929
depth4_bal_AAAAMMMM,4,AAAAMMMM,25625,307500,1.279789686203003,1.2116355101267497,1.2282635007585798,0.47715404699738906,0.5274151436031331,0.5280232688220159,0.9947780678851175,0.0003,1.0,7946.608914852142
depth4_bal_AAAAMMMM,4,AAAAMMMM,25650,307800,1.2174601356188457,1.467604398727417,1.5040432044437952,0.4954308093994778,0.3668407310704961,0.36447029869112874,0.9947780678851175,0.0003,1.0,7954.94406580925
depth4_bal_AAAAMMMM,4,AAAAMMMM,25675,308100,1.1740022699038188,1.1306760708491008,1.1725165707724434,0.5257832898172323,0.6174934725848564,0.5829511130998993,0.9947780678851175,0.0003,1.0,7963.159428358078
depth4_bal_AAAAMMMM,4,AAAAMMMM,25700,308400,1.3479078511397045,1.4492993354797363,1.4831206457955497,0.4066579634464752,0.3785900783289817,0.3681619867994183,0.9947780678851175,0.0003,1.0,7971.392091989517
depth4_bal_AAAAMMMM,4,AAAAMMMM,25725,308700,1.2442545394102733,1.34464426835378,1.3700214828763688,0.48825065274151436,0.39033942558746737,0.38717977402394005,0.9947780678851175,0.0003,1.0,7979.625226736069
depth4_bal_AAAAMMMM,4,AAAAMMMM,25750,309000,1.3129719694455464,1.3482266664505005,1.3670473643711636,0.679177545691906,0.6227154046997389,0.6102472312339188,0.9947780678851175,0.0003,1.0,7987.50045800209
depth4_bal_AAAAMMMM,4,AAAAMMMM,25775,309300,1.235352764527003,1.242011030515035,1.285186174937657,0.5427545691906005,0.5639686684073107,0.5351829063653653,0.9947780678851175,0.0003,1.0,7995.664585828781
depth4_bal_AAAAMMMM,4,AAAAMMMM,25800,309600,1.2230940262476604,1.2502715587615967,1.2594757965632848,0.5110966057441253,0.5078328981723238,0.49490994518402504,0.9947780678851175,0.0003,1.0,8003.8440001010895
depth4_bal_AAAAMMMM,4,AAAAMMMM,25825,309900,1.593304713567098,1.6085489590962727,1.642124571119036,0.3263707571801567,0.36553524804177545,0.3591005705336167,0.9947780678851175,0.0003,1.0,8012.0852653980255
depth4_bal_AAAAMMMM,4,AAAAMMMM,25850,310200,1.1486705541610718,1.2076459725697835,1.2472486530031477,0.5678851174934726,0.566579634464752,0.5435731066114778,0.9947780678851175,0.0003,1.0,8019.974999189377
depth4_bal_AAAAMMMM,4,AAAAMMMM,25875,310500,1.1834994653860729,1.1605412165323894,1.183830063683646,0.5264360313315927,0.5704960835509139,0.5661707126076743,0.9947780678851175,0.0003,1.0,8028.15914106369
depth4_bal_AAAAMMMM,4,AAAAMMMM,25900,310800,1.2558542688687642,1.6583120425542195,1.704233877999442,0.4787859007832898,0.2454308093994778,0.243092068464034,0.9947780678851175,0.0003,1.0,8036.441873788834
depth4_bal_AAAAMMMM,4,AAAAMMMM,25925,311100,1.2682988444964092,1.2038203080495198,1.2335006271089826,0.46703655352480417,0.5639686684073107,0.5473766640563822,0.9947780678851175,0.0003,1.0,8044.668820619583
depth4_bal_AAAAMMMM,4,AAAAMMMM,25950,311400,1.518817146619161,1.6259859800338745,1.6722366639545985,0.35345953002610964,0.2650130548302872,0.26166237834209644,0.9947780678851175,0.0003,1.0,8052.957654237747
depth4_bal_AAAAMMMM,4,AAAAMMMM,25975,311700,1.249395529429118,1.2563611666361492,1.2752960715975081,0.4768276762402089,0.48172323759791125,0.48238057948316365,0.9947780678851175,0.0003,1.0,8061.181856393814
depth4_bal_AAAAMMMM,4,AAAAMMMM,26000,312000,1.2253219882647197,1.2484261989593506,1.2743949822017124,0.495757180156658,0.5326370757180157,0.5078867882313458,0.9947780678851175,0.0003,1.0,8069.456379652023
depth4_bal_AAAAMMMM,4,AAAAMMMM,26025,312300,1.4499379396438599,1.9838436841964722,2.017777919769287,0.41612271540469975,0.26631853785900783,0.28023268822015884,0.9947780678851175,0.0003,1.0,8074.709783792496
depth4_bal_AAAAMMMM,4,AAAAMMMM,26050,312600,1.1530905763308208,1.1999824444452922,1.2164585317884173,0.5718015665796344,0.5796344647519582,0.5794831636648394,0.9947780678851175,0.0003,1.0,8082.942638158798
depth4_bal_AAAAMMMM,4,AAAAMMMM,26075,312900,1.1475391884644826,1.5145995616912842,1.529162904194423,0.5819190600522193,0.4086161879895561,0.4119028974158183,0.9947780678851175,0.0003,1.0,8091.099421739578
depth4_bal_AAAAMMMM,4,AAAAMMMM,26100,313200,1.2541310489177704,1.2255982160568237,1.263587168284825,0.47486945169712796,0.5195822454308094,0.48629600626468283,0.9947780678851175,0.0003,1.0,8099.195796489716
depth4_bal_AAAAMMMM,4,AAAAMMMM,26125,313500,1.1080999771753948,1.130419651667277,1.1529596328735352,0.6494778067885117,0.6945169712793734,0.6803893052914196,0.9947780678851175,0.0003,1.0,8107.561654806137
depth4_bal_AAAAMMMM,4,AAAAMMMM,26150,313800,1.096755176782608,1.1297271251678467,1.1560790640967233,0.6661227154046997,0.6801566579634465,0.6645038594921132,0.9947780678851175,0.0003,1.0,8114.910660266876
depth4_bal_AAAAMMMM,4,AAAAMMMM,26175,314100,1.1726823449134827,1.1946449279785156,1.2227224928992135,0.5411227154046997,0.5443864229765013,0.527240183465712,0.9947780678851175,0.0003,1.0,8122.943878173828
depth4_bal_AAAAMMMM,4,AAAAMMMM,26200,314400,1.0880286196867626,1.0880574385325115,1.1252260003771102,0.6449086161879896,0.7193211488250653,0.6850878174292426,0.9947780678851175,0.0003,1.0,8130.800039052963
depth4_bal_AAAAMMMM,4,AAAAMMMM,26225,314700,1.1459348400433857,1.2310772736867268,1.2532526424952917,0.5786553524804178,0.5430809399477807,0.5416713278890256,0.9947780678851175,0.0003,1.0,8138.669921875
depth4_bal_AAAAMMMM,4,AAAAMMMM,26250,315000,1.3981446623802185,1.368122935295105,1.4089596339634487,0.40600522193211486,0.4216710182767624,0.39982100906141627,0.9947780678851175,0.0003,1.0,8146.798575878143
depth4_bal_AAAAMMMM,4,AAAAMMMM,26275,315300,1.4446832239627838,1.4712249437967937,1.4846915926252093,0.37173629242819844,0.3733681462140992,0.37465040832307867,0.9947780678851175,0.0003,1.0,8155.028769254684
depth4_bal_AAAAMMMM,4,AAAAMMMM,26300,315600,1.1753295361995697,1.210322340329488,1.2416831629616873,0.5345953002610966,0.5274151436031331,0.5135921243987023,0.9947780678851175,0.0003,1.0,8163.098847150803
depth4_bal_AAAAMMMM,4,AAAAMMMM,26325,315900,1.24112073580424,1.2161051432291667,1.2342299597603934,0.47486945169712796,0.5496083550913838,0.5295894395346236,0.9947780678851175,0.0003,1.0,8171.4802622795105
depth4_bal_AAAAMMMM,4,AAAAMMMM,26350,316200,1.301362286011378,1.6669321457544963,1.7139535801751273,0.4595300261096606,0.3433420365535248,0.32844837230115226,0.9947780678851175,0.0003,1.0,8179.716891288757
depth4_bal_AAAAMMMM,4,AAAAMMMM,26375,316500,1.3264565666516621,1.3271055618921916,1.358207127026149,0.4281984334203655,0.4412532637075718,0.43159190066002906,0.9947780678851175,0.0003,1.0,8187.823191404343
depth4_bal_AAAAMMMM,4,AAAAMMMM,26400,316800,1.5860731204350789,1.599057634671529,1.6304608310971942,0.3838120104438642,0.3472584856396867,0.32106499608457323,0.9947780678851175,0.0003,1.0,8195.956843614578
depth4_bal_AAAAMMMM,4,AAAAMMMM,26425,317100,1.1812536617120106,1.158666729927063,1.179639652797154,0.5091383812010444,0.5939947780678851,0.5860834545251147,0.9947780678851175,0.0003,1.0,8204.026902914047
depth4_bal_AAAAMMMM,4,AAAAMMMM,26450,317400,1.2285877168178558,1.363987962404887,1.387641201700483,0.5022845953002611,0.370757180156658,0.38583734198456204,0.9947780678851175,0.0003,1.0,8211.72738313675
depth4_bal_AAAAMMMM,4,AAAAMMMM,26475,317700,1.3415024081865947,1.3050930500030518,1.3454647779464721,0.40535248041775457,0.4112271540469974,0.3894171607562367,0.9947780678851175,0.0003,1.0,8219.87329173088
depth4_bal_AAAAMMMM,4,AAAAMMMM,26500,318000,1.5624303221702576,1.737256646156311,1.7729135683604649,0.35737597911227154,0.29765013054830286,0.2816869895961517,0.9947780678851175,0.0003,1.0,8228.039252281189
depth4_bal_AAAAMMMM,4,AAAAMMMM,26525,318300,2.3129354218641915,2.234379212061564,2.3048391478402275,0.21638381201044388,0.20365535248041775,0.19666629376887795,0.9947780678851175,0.0003,1.0,8236.226197957993
depth4_bal_AAAAMMMM,4,AAAAMMMM,26550,318600,1.0884796977043152,1.132153073946635,1.1504056589944023,0.6961488250652742,0.6801566579634465,0.6764738785099005,0.9947780678851175,0.0003,1.0,8244.242866277695
depth4_bal_AAAAMMMM,4,AAAAMMMM,26575,318900,1.1642726163069408,1.186760385831197,1.2227475370679584,0.5385117493472585,0.5522193211488251,0.5389864638102696,0.9947780678851175,0.0003,1.0,8252.294537305832
depth4_bal_AAAAMMMM,4,AAAAMMMM,26600,319200,1.317998508612315,1.278122862180074,1.3087821347372872,0.4549608355091384,0.4608355091383812,0.44792482380579485,0.9947780678851175,0.0003,1.0,8260.454475402832
depth4_bal_AAAAMMMM,4,AAAAMMMM,26625,319500,1.27915092309316,1.3421498537063599,1.3445545366832188,0.5169712793733682,0.4556135770234987,0.4635865309318716,0.9947780678851175,0.0003,1.0,8268.52385020256
depth4_bal_AAAAMMMM,4,AAAAMMMM,26650,319800,1.4810234705607097,1.3684868415196736,1.415769100189209,0.368798955613577,0.4164490861618799,0.3950106275869784,0.9947780678851175,0.0003,1.0,8276.40205836296
depth4_bal_AAAAMMMM,4,AAAAMMMM,26675,320100,1.2516306638717651,1.2803425391515095,1.305444312095642,0.4699738903394256,0.43733681462140994,0.42633404183913187,0.9947780678851175,0.0003,1.0,8284.570807218552
depth4_bal_AAAAMMMM,4,AAAAMMMM,26700,320400,1.1265140771865845,1.132483681042989,1.1624735832214355,0.595626631853786,0.6266318537859008,0.5964873028302942,0.9947780678851175,0.0003,1.0,8292.423610210419
depth4_bal_AAAAMMMM,4,AAAAMMMM,26725,320700,1.143038014570872,1.1516854763031006,1.1766053983143399,0.5848563968668408,0.6279373368146214,0.6265801543796845,0.9947780678851175,0.0003,1.0,8300.340017795563
depth4_bal_AAAAMMMM,4,AAAAMMMM,26750,321000,1.3622573018074036,1.2907150189081829,1.3260421548570906,0.41155352480417756,0.4451697127937337,0.44110079427229,0.9947780678851175,0.0003,1.0,8308.401810646057
depth4_bal_AAAAMMMM,4,AAAAMMMM,26775,321300,1.271624098221461,1.2092384894688923,1.230109657560076,0.4699738903394256,0.5378590078328982,0.52858261550509,0.9947780678851175,0.0003,1.0,8316.5352602005
depth4_bal_AAAAMMMM,4,AAAAMMMM,26800,321600,1.2833617627620697,1.2927720944086711,1.323460122517177,0.4601827676240209,0.4621409921671018,0.4616847522094194,0.9947780678851175,0.0003,1.0,8324.658959150314
depth4_bal_AAAAMMMM,4,AAAAMMMM,26825,321900,1.2643588781356812,1.3303810358047485,1.3361139501844133,0.4578981723237598,0.4255874673629243,0.4422194876384383,0.9947780678851175,0.0003,1.0,8332.71611070633
depth4_bal_AAAAMMMM,4,AAAAMMMM,26850,322200,1.1240035891532898,1.1440768241882324,1.180640230860029,0.5721279373368147,0.6240208877284595,0.5814968117239064,0.9947780678851175,0.0003,1.0,8340.746689081192
depth4_bal_AAAAMMMM,4,AAAAMMMM,26875,322500,1.1893761952718098,1.1983463366826375,1.2280072620936802,0.5267624020887729,0.5404699738903395,0.5308200022373867,0.9947780678851175,0.0003,1.0,8349.044360876083
depth4_bal_AAAAMMMM,4,AAAAMMMM,26900,322800,1.3241795003414154,1.3182685772577922,1.347522555078779,0.4278720626631854,0.40600522193211486,0.42465600178990937,0.9947780678851175,0.0003,1.0,8357.275687456131
depth4_bal_AAAAMMMM,4,AAAAMMMM,26925,323100,1.2209592759609222,1.2169784307479858,1.2387880870274135,0.5055483028720626,0.52088772845953,0.5087817429242645,0.9947780678851175,0.0003,1.0,8365.121926546097
depth4_bal_AAAAMMMM,4,AAAAMMMM,26950,323400,1.0982186396916707,1.1234919627507527,1.1588568108422415,0.5913838120104439,0.5953002610966057,0.5712048327553417,0.9947780678851175,0.0003,1.0,8373.339307785034
depth4_bal_AAAAMMMM,4,AAAAMMMM,26975,323700,1.4232159753640492,1.4632263978322346,1.4937102930886406,0.3769582245430809,0.34464751958224543,0.353507103702875,0.9947780678851175,0.0003,1.0,8381.652839660645
depth4_bal_AAAAMMMM,4,AAAAMMMM,27000,324000,1.1361303528149922,1.1782190004984539,1.1976292882646833,0.5685378590078329,0.5809399477806788,0.5706454860722676,0.9947780678851175,0.0003,1.0,8389.553625822067
depth4_bal_AAAAMMMM,4,AAAAMMMM,27025,324300,1.1078438758850098,1.1806378364562988,1.2080417633056642,0.5920365535248042,0.54177545691906,0.5451392773240855,0.9947780678851175,0.0003,1.0,8397.607362031937
depth4_bal_AAAAMMMM,4,AAAAMMMM,27050,324600,1.1557002663612366,1.2637516260147095,1.292751864024571,0.5685378590078329,0.45300261096605743,0.4574337174180557,0.9947780678851175,0.0003,1.0,8405.801667928696
depth4_bal_AAAAMMMM,4,AAAAMMMM,27075,324900,1.4518645703792572,1.4096169471740723,1.4346296072006226,0.3857702349869452,0.3772845953002611,0.38717977402394005,0.9947780678851175,0.0003,1.0,8414.041751384735
depth4_bal_AAAAMMMM,4,AAAAMMMM,27100,325200,1.3200317720572154,1.2711585760116577,1.3089813368661063,0.43798955613577023,0.48433420365535246,0.4818212328000895,0.9947780678851175,0.0003,1.0,8422.097785949707
depth4_bal_AAAAMMMM,4,AAAAMMMM,27125,325500,1.11898277203242,1.1345396041870117,1.1735245977129256,0.6690600522193212,0.7297650130548303,0.681507998657568,0.9947780678851175,0.0003,1.0,8430.07608294487
depth4_bal_AAAAMMMM,4,AAAAMMMM,27150,325800,1.2026696403821309,1.6252068678538005,1.6841784409114293,0.5094647519582245,0.39295039164490864,0.36648394675019574,0.9947780678851175,0.0003,1.0,8438.244574308395
depth4_bal_AAAAMMMM,4,AAAAMMMM,27175,326100,1.3081868290901184,1.231180191040039,1.2780107395989555,0.43505221932114885,0.4908616187989556,0.47041056046537644,0.9947780678851175,0.0003,1.0,8446.076224565506
depth4_bal_AAAAMMMM,4,AAAAMMMM,27200,326400,1.3490555584430695,1.328674594561259,1.343115234375,0.42199738903394257,0.44778067885117495,0.42890703658127305,0.9947780678851175,0.0003,1.0,8454.175063610077
depth4_bal_AAAAMMMM,4,AAAAMMMM,27225,326700,1.290034939845403,1.2702821095784504,1.2841662951878139,0.4787859007832898,0.47127937336814624,0.49625237722340304,0.9947780678851175,0.0003,1.0,8462.38313794136
depth4_bal_AAAAMMMM,4,AAAAMMMM,27250,327000,1.2669431567192078,1.2059478362401326,1.246504831314087,0.4644255874673629,0.5104438642297651,0.49625237722340304,0.9947780678851175,0.0003,1.0,8470.737091064453
depth4_bal_AAAAMMMM,4,AAAAMMMM,27275,327300,1.0980347295602162,1.0893853108088176,1.129706461088998,0.6295691906005222,0.7271540469973891,0.6934780176753552,0.9947780678851175,0.0003,1.0,8478.976801395416
depth4_bal_AAAAMMMM,4,AAAAMMMM,27300,327600,1.2177775104840596,1.3745641708374023,1.425897032873971,0.4983681462140992,0.35117493472584854,0.34466942611030316,0.9947780678851175,0.0003,1.0,8487.159918308258
depth4_bal_AAAAMMMM,4,AAAAMMMM,27325,327900,1.343754917383194,1.7324257294336955,1.788080746786935,0.47356396866840733,0.3472584856396867,0.3222955587873364,0.9947780678851175,0.0003,1.0,8495.357289075851
depth4_bal_AAAAMMMM,4,AAAAMMMM,27350,328200,1.1831725537776947,1.1460553407669067,1.1595267125538418,0.4983681462140992,0.5678851174934726,0.5986128202259761,0.9947780678851175,0.0003,1.0,8503.721120119095
depth4_bal_AAAAMMMM,4,AAAAMMMM,27375,328500,1.1627983351548512,1.165950059890747,1.183269851548331,0.5261096605744126,0.577023498694517,0.5694149233695044,0.9947780678851175,0.0003,1.0,8511.749413013458
depth4_bal_AAAAMMMM,4,AAAAMMMM,27400,328800,1.194356362024943,1.2798888683319092,1.337533984865461,0.529373368146214,0.4386422976501306,0.4425550956482828,0.9947780678851175,0.0003,1.0,8520.013645410538
depth4_bal_AAAAMMMM,4,AAAAMMMM,27425,329100,1.1276062925656636,1.2269660631815593,1.2704777376992362,0.577023498694517,0.5065274151436031,0.49535742253048437,0.9947780678851175,0.0003,1.0,8527.825048446655
depth4_bal_AAAAMMMM,4,AAAAMMMM,27450,329400,1.1221832633018494,1.1468605200449626,1.162451366015843,0.6018276762402088,0.6005221932114883,0.6178543461237275,0.9947780678851175,0.0003,1.0,8535.802665948868
depth4_bal_AAAAMMMM,4,AAAAMMMM,27475,329700,1.103087802728017,1.158199389775594,1.1902319703783308,0.6409921671018277,0.6253263707571801,0.600067121601969,0.9947780678851175,0.0003,1.0,8543.990565538406
depth4_bal_AAAAMMMM,4,AAAAMMMM,27500,330000,1.4400266706943512,1.2897531588872273,1.3208049433571951,0.3785900783289817,0.4321148825065274,0.4530708132900772,0.9947780678851175,0.0003,1.0,8552.240582227707
depth4_bal_AAAAMMMM,4,AAAAMMMM,27525,330300,1.1258404950300853,1.108708659807841,1.1402349642344884,0.5962793733681462,0.6762402088772846,0.6641682514822687,0.9947780678851175,0.0003,1.0,8560.399756193161
depth4_bal_AAAAMMMM,4,AAAAMMMM,27550,330600,1.3600610693295796,1.3707739512125652,1.41040255682809,0.4308093994778068,0.4360313315926893,0.4345005034120148,0.9947780678851175,0.0003,1.0,8568.296788215637
depth4_bal_AAAAMMMM,4,AAAAMMMM,27575,330900,1.2758629421393077,1.2866520484288533,1.3239857946123397,0.4614882506527415,0.4621409921671018,0.43662602080769664,0.9947780678851175,0.0003,1.0,8576.513577222824
depth4_bal_AAAAMMMM,4,AAAAMMMM,27600,331200,1.1146561602751415,1.2015751202901204,1.2414548737662179,0.5825718015665796,0.5104438642297651,0.4699630831189171,0.9947780678851175,0.0003,1.0,8584.766808271408
depth4_bal_AAAAMMMM,4,AAAAMMMM,27625,331500,1.2923159301280975,1.2527352174123128,1.2784002780914308,0.5153394255874674,0.5535248041775457,0.5487190960957602,0.9947780678851175,0.0003,1.0,8593.074016809464
depth4_bal_AAAAMMMM,4,AAAAMMMM,27650,331800,1.5497978329658508,2.0744908253351846,2.123966063771929,0.34366840731070497,0.21409921671018275,0.20494462467837565,0.9947780678851175,0.0003,1.0,8601.066269397736
depth4_bal_AAAAMMMM,4,AAAAMMMM,27675,332100,1.2107165952523549,1.2005497614542644,1.2457590682165964,0.47911227154047,0.5052219321148825,0.4984897639556997,0.9947780678851175,0.0003,1.0,8609.19289779663
depth4_bal_AAAAMMMM,4,AAAAMMMM,27700,332400,1.2770853439966838,1.3927561442057292,1.3967085429600308,0.5068537859007833,0.4086161879895561,0.40832307864414363,0.9947780678851175,0.0003,1.0,8617.055792570114
depth4_bal_AAAAMMMM,4,AAAAMMMM,27725,332700,1.309369444847107,1.3556832869847615,1.4054893118994576,0.4575718015665796,0.4046997389033943,0.3877391207070142,0.9947780678851175,0.0003,1.0,8625.355852603912
depth4_bal_AAAAMMMM,4,AAAAMMMM,27750,333000,1.2911697626113892,1.22908620039622,1.2657422746930804,0.4513707571801567,0.54177545691906,0.4974829399261662,0.9947780678851175,0.0003,1.0,8633.39215707779
depth4_bal_AAAAMMMM,4,AAAAMMMM,27775,333300,1.2780640820662181,1.3163795868555705,1.3637401240212577,0.4552872062663185,0.5078328981723238,0.4832755341760823,0.9947780678851175,0.0003,1.0,8641.427469491959
depth4_bal_AAAAMMMM,4,AAAAMMMM,27800,333600,1.340957522392273,1.2037250995635986,1.2382238592420305,0.4275456919060052,0.5404699738903395,0.5263452287727933,0.9947780678851175,0.0003,1.0,8649.72383403778
depth4_bal_AAAAMMMM,4,AAAAMMMM,27825,333900,1.2100843389829,1.2745900948842366,1.313099775995527,0.5094647519582245,0.4699738903394256,0.44781295446918,0.9947780678851175,0.0003,1.0,8657.991198301315
depth4_bal_AAAAMMMM,4,AAAAMMMM,27850,334200,1.0768997768561046,1.107692837715149,1.1476161071232387,0.6677545691906005,0.6475195822454308,0.6385501733974718,0.9947780678851175,0.0003,1.0,8666.149124860764
depth4_bal_AAAAMMMM,4,AAAAMMMM,27875,334500,1.213273862997691,1.1959398984909058,1.2274752344403947,0.5130548302872062,0.5626631853785901,0.5554312562926502,0.9947780678851175,0.0003,1.0,8674.274196624756
depth4_bal_AAAAMMMM,4,AAAAMMMM,27900,334800,1.1960942447185516,1.2000693480173747,1.231733410699027,0.5104438642297651,0.5548302872062664,0.5452511466607003,0.9947780678851175,0.0003,1.0,8682.58094882965
depth4_bal_AAAAMMMM,4,AAAAMMMM,27925,335100,1.6476350625356038,1.5827165842056274,1.5888019153050015,0.304177545691906,0.3093994778067885,0.30517955028526683,0.9947780678851175,0.0003,1.0,8690.839298009872
depth4_bal_AAAAMMMM,4,AAAAMMMM,27950,335400,1.1897882918516796,1.239903728167216,1.2761601652417864,0.512402088772846,0.49738903394255873,0.4831636648394675,0.9947780678851175,0.0003,1.0,8698.850076198578
depth4_bal_AAAAMMMM,4,AAAAMMMM,27975,335700,1.5228087802728016,1.5821029742558796,1.637012815475464,0.3515013054830287,0.34986945169712796,0.3255397695491666,0.9947780678851175,0.0003,1.0,8706.75600862503
depth4_bal_AAAAMMMM,4,AAAAMMMM,28000,336000,1.2207480867703755,1.184708555539449,1.2215602942875454,0.5202349869451697,0.6357702349869452,0.6077861058283924,0.9947780678851175,0.0003,1.0,8715.085667610168
depth4_bal_AAAAMMMM,4,AAAAMMMM,28025,336300,1.416857272386551,1.3279027541478474,1.3687569107328141,0.37630548302872063,0.45039164490861616,0.43326994070925157,0.9947780678851175,0.0003,1.0,8723.378536462784
depth4_bal_AAAAMMMM,4,AAAAMMMM,28050,336600,1.283345450957616,1.273301084836324,1.3150754690170288,0.4592036553524804,0.4765013054830287,0.44098892493567515,0.9947780678851175,0.0003,1.0,8731.62196135521
depth4_bal_AAAAMMMM,4,AAAAMMMM,28075,336900,1.2039683163166046,1.2753644784291585,1.292576721736363,0.4918407310704961,0.47389033942558745,0.4643696162881754,0.9947780678851175,0.0003,1.0,8739.915644407272
depth4_bal_AAAAMMMM,4,AAAAMMMM,28100,337200,1.3176116446654003,1.4270033836364746,1.4587188141686576,0.4448433420365535,0.42428198433420367,0.43215124734310323,0.9947780678851175,0.0003,1.0,8748.120854377747
depth4_bal_AAAAMMMM,4,AAAAMMMM,28125,337500,1.1396321952342987,1.2317659854888916,1.262970382826669,0.5757180156657964,0.5052219321148825,0.5003915426781519,0.9947780678851175,0.0003,1.0,8756.338165998459
depth4_bal_AAAAMMMM,4,AAAAMMMM,28150,337800,1.1795485814412434,1.7451701164245605,1.797948064122881,0.5329634464751958,0.3472584856396867,0.32140060409441773,0.9947780678851175,0.0003,1.0,8764.487751722336
depth4_bal_AAAAMMMM,4,AAAAMMMM,28175,338100,1.5405819217363994,1.6584559679031372,1.7155671869005475,0.3328981723237598,0.33550913838120106,0.32341425215348474,0.9947780678851175,0.0003,1.0,8772.454827547073
depth4_bal_AAAAMMMM,4,AAAAMMMM,28200,338400,1.2220103243986766,1.3058633009592693,1.3409561395645142,0.5414490861618799,0.5078328981723238,0.47343103255397695,0.9947780678851175,0.0003,1.0,8780.587049007416
depth4_bal_AAAAMMMM,4,AAAAMMMM,28225,338700,1.3896840810775757,1.2719474633534749,1.304675657408578,0.40600522193211486,0.5013054830287206,0.4718648618413693,0.9947780678851175,0.0003,1.0,8787.969745874405
depth4_bal_AAAAMMMM,4,AAAAMMMM,28250,339000,1.1104662319024403,1.1631979942321777,1.2105242899485997,0.6484986945169713,0.6253263707571801,0.5967110415035238,0.9947780678851175,0.0003,1.0,8796.092823982239
depth4_bal_AAAAMMMM,4,AAAAMMMM,28275,339300,2.725799103577932,2.580084721247355,2.6103650774274554,0.19647519582245432,0.1866840731070496,0.17988589327665286,0.9947780678851175,0.0003,1.0,8804.388556718826
depth4_bal_AAAAMMMM,4,AAAAMMMM,28300,339600,1.2091353138287861,1.2047384977340698,1.2320762361798967,0.5205613577023499,0.5731070496083551,0.5652757579147556,0.9947780678851175,0.0003,1.0,8812.614352464676
depth4_bal_AAAAMMMM,4,AAAAMMMM,28325,339900,1.487181693315506,1.4371974070866902,1.4616809027535576,0.4151436031331593,0.47389033942558745,0.4709699071484506,0.9947780678851175,0.0003,1.0,8820.835493564606
depth4_bal_AAAAMMMM,4,AAAAMMMM,28350,340200,1.3485811750094097,1.3337905406951904,1.3751234872000557,0.4236292428198433,0.46475195822454307,0.4380803221836895,0.9947780678851175,0.0003,1.0,8824.866134166718
depth4_bal_AAAAMMMM,4,AAAAMMMM,28375,340500,1.0807400246461232,1.0975966453552246,1.1345000335148403,0.6762402088772846,0.7219321148825065,0.7041056046537644,0.9947780678851175,0.0003,1.0,8827.912301540375
depth4_bal_AAAAMMMM,4,AAAAMMMM,28400,340800,1.1074932217597961,1.12747589747111,1.1571210929325648,0.625,0.6866840731070496,0.6557780512361562,0.9947780678851175,0.0003,1.0,8830.861380815506
depth4_bal_AAAAMMMM,4,AAAAMMMM,28425,341100,1.1447780430316925,1.1795321305592854,1.220998569897243,0.5695169712793734,0.5809399477806788,0.5472647947197673,0.9947780678851175,0.0003,1.0,8833.83998465538
depth4_bal_AAAAMMMM,4,AAAAMMMM,28450,341400,1.4828325311342876,1.4225085973739624,1.464602153641837,0.37630548302872063,0.4007832898172324,0.3879628593802439,0.9947780678851175,0.0003,1.0,8837.24563574791
depth4_bal_AAAAMMMM,4,AAAAMMMM,28475,341700,1.356484939654668,1.3250135978062947,1.377540043422154,0.42656657963446476,0.4451697127937337,0.4264459111757467,0.9947780678851175,0.0003,1.0,8845.560330629349
depth4_bal_AAAAMMMM,4,AAAAMMMM,28500,342000,1.1527446607748668,1.1480211814244587,1.1833800724574497,0.5920365535248042,0.6723237597911227,0.6417943841593019,0.9947780678851175,0.0003,1.0,8853.801431655884
depth4_bal_AAAAMMMM,4,AAAAMMMM,28525,342300,1.0792962710062664,1.113388458887736,1.132972833088466,0.6246736292428199,0.6292428198433421,0.623559682291084,0.9947780678851175,0.0003,1.0,8862.112119197845
depth4_bal_AAAAMMMM,4,AAAAMMMM,28550,342600,1.1040542324384053,1.182313323020935,1.2185599395206996,0.6168407310704961,0.577023498694517,0.5701980087258083,0.9947780678851175,0.0003,1.0,8870.42288017273
depth4_bal_AAAAMMMM,4,AAAAMMMM,28575,342900,1.1168858508268993,1.1213270823160808,1.169716623851231,0.5871409921671018,0.6462140992167101,0.6090166685311557,0.9947780678851175,0.0003,1.0,8878.745629549026
depth4_bal_AAAAMMMM,4,AAAAMMMM,28600,343200,1.2491499384244282,1.240655541419983,1.2889347859791347,0.4908616187989556,0.5483028720626631,0.49457433717418053,0.9947780678851175,0.0003,1.0,8887.135711431503
depth4_bal_AAAAMMMM,4,AAAAMMMM,28625,343500,1.048599402109782,1.1764700810114543,1.227383085659572,0.6671018276762402,0.5378590078328982,0.49099451840250585,0.9947780678851175,0.0003,1.0,8895.439483165741
depth4_bal_AAAAMMMM,4,AAAAMMMM,28650,343800,1.1595462659994762,1.1284819046656291,1.1652205535343716,0.5577676240208878,0.6592689295039165,0.6372077413580938,0.9947780678851175,0.0003,1.0,8903.593875408173
depth4_bal_AAAAMMMM,4,AAAAMMMM,28675,344100,1.4189360737800598,1.3355439901351929,1.3520211730684553,0.40992167101827676,0.39947780678851175,0.414140284148115,0.9947780678851175,0.0003,1.0,8911.56717967987
depth4_bal_AAAAMMMM,4,AAAAMMMM,28700,344400,1.3804530501365662,1.3140808741251628,1.3685315234320505,0.408289817232376,0.46344647519582244,0.4441212663608905,0.9947780678851175,0.0003,1.0,8914.599380254745
depth4_bal_AAAAMMMM,4,AAAAMMMM,28725,344700,1.2479703724384308,1.2573140859603882,1.2877612148012434,0.5946475195822454,0.6383812010443864,0.6196442555095648,0.9947780678851175,0.0003,1.0,8917.59502530098
depth4_bal_AAAAMMMM,4,AAAAMMMM,28750,345000,1.1534609198570251,1.1784099737803142,1.2230597223554338,0.5626631853785901,0.5587467362924282,0.5387627251370399,0.9947780678851175,0.0003,1.0,8920.702040672302
depth4_bal_AAAAMMMM,4,AAAAMMMM,28775,345300,1.3293171723683674,1.3855260213216145,1.421521612576076,0.4575718015665796,0.4412532637075718,0.4560912853786777,0.9947780678851175,0.0003,1.0,8924.842408180237
depth4_bal_AAAAMMMM,4,AAAAMMMM,28800,345600,1.135429710149765,1.1190147797266643,1.1705701453345163,0.5861618798955613,0.6657963446475196,0.6223291195883208,0.9947780678851175,0.0003,1.0,8933.138169527054
depth4_bal_AAAAMMMM,4,AAAAMMMM,28825,345900,1.2471417486667633,1.2237379153569539,1.265356809752328,0.48433420365535246,0.5182767624020888,0.5038594921132118,0.9947780678851175,0.0003,1.0,8941.514389753342
depth4_bal_AAAAMMMM,4,AAAAMMMM,28850,346200,1.2982195317745209,1.2813746134440105,1.3172994136810303,0.46703655352480417,0.4412532637075718,0.4494909945184025,0.9947780678851175,0.0003,1.0,8949.78127503395
depth4_bal_AAAAMMMM,4,AAAAMMMM,28875,346500,1.3154892027378082,1.299374262491862,1.3517133269991193,0.43766318537859006,0.4608355091383812,0.4483723011522542,0.9947780678851175,0.0003,1.0,8958.000563383102
depth4_bal_AAAAMMMM,4,AAAAMMMM,28900,346800,1.413199375073115,1.540984312693278,1.574493714741298,0.39262402088772846,0.3772845953002611,0.3698400268486408,0.9947780678851175,0.0003,1.0,8965.855110645294
depth4_bal_AAAAMMMM,4,AAAAMMMM,28925,347100,1.1783886353174846,1.1671801805496216,1.1942185299737114,0.49869451697127937,0.5522193211488251,0.5387627251370399,0.9947780678851175,0.0003,1.0,8974.10230588913
depth4_bal_AAAAMMMM,4,AAAAMMMM,28950,347400,1.063700368007024,1.1184897025426228,1.1641992534909928,0.6951697127937336,0.6422976501305483,0.6139389193422083,0.9947780678851175,0.0003,1.0,8982.37884569168
depth4_bal_AAAAMMMM,4,AAAAMMMM,28975,347700,1.1576225558916728,1.2301044066747029,1.2802127190998622,0.5336161879895561,0.5013054830287206,0.4728716858709028,0.9947780678851175,0.0003,1.0,8990.529584884644
depth4_bal_AAAAMMMM,4,AAAAMMMM,29000,348000,1.3823378284772236,1.2907096942265828,1.330317803791591,0.4066579634464752,0.4451697127937337,0.4339411567289406,0.9947780678851175,0.0003,1.0,8998.385198831558
depth4_bal_AAAAMMMM,4,AAAAMMMM,29025,348300,1.1242853899796803,1.2133657932281494,1.2432841539382935,0.6031331592689295,0.5013054830287206,0.49065891039266135,0.9947780678851175,0.0003,1.0,9006.453298330307
depth4_bal_AAAAMMMM,4,AAAAMMMM,29050,348600,1.379911760489146,1.2567499081293743,1.2870270763124738,0.4164490861618799,0.5378590078328982,0.5239959727038819,0.9947780678851175,0.0003,1.0,9013.929364919662
depth4_bal_AAAAMMMM,4,AAAAMMMM,29075,348900,1.2898616194725037,1.7112407684326172,1.7453717810767038,0.4510443864229765,0.4046997389033943,0.39982100906141627,0.9947780678851175,0.0003,1.0,9021.712239265442
depth4_bal_AAAAMMMM,4,AAAAMMMM,29100,349200,1.1464697321256,1.327622930208842,1.3788395575114658,0.5492819843342036,0.41906005221932113,0.37621657903568634,0.9947780678851175,0.0003,1.0,9029.921736240387
depth4_bal_AAAAMMMM,4,AAAAMMMM,29125,349500,2.3432272573312125,1.7217260201772053,1.759411461012704,0.21214099216710183,0.293733681462141,0.28683297908043404,0.9947780678851175,0.0003,1.0,9038.097928285599
depth4_bal_AAAAMMMM,4,AAAAMMMM,29150,349800,1.0667495528856914,1.0842869679133098,1.1155699253082276,0.7046344647519582,0.7193211488250653,0.7224521758585971,0.9947780678851175,0.0003,1.0,9046.193216085434
depth4_bal_AAAAMMMM,4,AAAAMMMM,29175,350100,1.3033443093299866,1.212711771329244,1.246357832636152,0.41840731070496084,0.5078328981723238,0.5039713614498266,0.9947780678851175,0.0003,1.0,9054.180900335312
depth4_bal_AAAAMMMM,4,AAAAMMMM,29200,350400,1.2090298930803935,1.3776063521703084,1.3961020026888167,0.48466057441253263,0.39947780678851175,0.4104485960398255,0.9947780678851175,0.0003,1.0,9062.329469203949
depth4_bal_AAAAMMMM,4,AAAAMMMM,29225,350700,1.5323796768983204,1.5996640920639038,1.6196715661457606,0.3404046997389034,0.3289817232375979,0.3275534176082336,0.9947780678851175,0.0003,1.0,9070.384400129318
depth4_bal_AAAAMMMM,4,AAAAMMMM,29250,351000,1.8576242725054424,1.8040472269058228,1.9073703152792794,0.28883812010443866,0.21409921671018275,0.20964313681619867,0.9947780678851175,0.0003,1.0,9078.382781744003
depth4_bal_AAAAMMMM,4,AAAAMMMM,29275,351300,1.1091087460517883,1.1434340079625447,1.1831844057355607,0.6341383812010444,0.6305483028720626,0.6030875936905694,0.9947780678851175,0.0003,1.0,9086.429029226303
depth4_bal_AAAAMMMM,4,AAAAMMMM,29300,351600,1.1832178632418315,1.2226309378941853,1.2423137903213501,0.5231723237597912,0.5391644908616188,0.518514375209755,0.9947780678851175,0.0003,1.0,9094.58800816536
depth4_bal_AAAAMMMM,4,AAAAMMMM,29325,351900,1.0902569790681202,1.1523040533065796,1.191087065424238,0.6595953002610966,0.6057441253263708,0.5729947421411791,0.9947780678851175,0.0003,1.0,9102.645198345184
depth4_bal_AAAAMMMM,4,AAAAMMMM,29350,352200,1.3898477951685588,1.547197739283244,1.610128903388977,0.39490861618798956,0.36553524804177545,0.345452511466607,0.9947780678851175,0.0003,1.0,9110.635719537735
depth4_bal_AAAAMMMM,4,AAAAMMMM,29375,352500,1.1685037116209667,1.1261716683705647,1.1721005167279925,0.5404699738903395,0.6409921671018277,0.5846291531491218,0.9947780678851175,0.0003,1.0,9118.820704221725
depth4_bal_AAAAMMMM,4,AAAAMMMM,29400,352800,1.291403998931249,1.2787955204645793,1.3088966948645455,0.47486945169712796,0.5339425587467362,0.5236603646940373,0.9947780678851175,0.0003,1.0,9126.790628910065
depth4_bal_AAAAMMMM,4,AAAAMMMM,29425,353100,1.4765673875808716,1.3933947881062825,1.4332197291510447,0.3857702349869452,0.43342036553524804,0.4336055487190961,0.9947780678851175,0.0003,1.0,9134.860347270966
depth4_bal_AAAAMMMM,4,AAAAMMMM,29450,353400,1.2754255334536235,1.180967887242635,1.216972974368504,0.4363577023498694,0.54177545691906,0.5253384047432599,0.9947780678851175,0.0003,1.0,9142.681917190552
depth4_bal_AAAAMMMM,4,AAAAMMMM,29475,353700,1.2397115925947826,1.2044754028320312,1.243224436896188,0.4892297650130548,0.5652741514360313,0.5451392773240855,0.9947780678851175,0.0003,1.0,9150.238467931747
depth4_bal_AAAAMMMM,4,AAAAMMMM,29500,354000,1.231718122959137,1.3108829657236736,1.3454178844179425,0.4983681462140992,0.42689295039164493,0.41604206287056716,0.9947780678851175,0.0003,1.0,9158.521836996078
depth4_bal_AAAAMMMM,4,AAAAMMMM,29525,354300,1.0862010022004445,1.0829298098882039,1.1208525317055837,0.6383812010443864,0.7127937336814621,0.6822910840138718,0.9947780678851175,0.0003,1.0,9166.875142335892
depth4_bal_AAAAMMMM,4,AAAAMMMM,29550,354600,1.448507736126582,1.331501881281535,1.3829184668404715,0.38283289817232374,0.45822454308093996,0.43326994070925157,0.9947780678851175,0.0003,1.0,9174.985559225082
depth4_bal_AAAAMMMM,4,AAAAMMMM,29575,354900,1.1913191278775532,1.2031121253967285,1.23658515725817,0.5907310704960835,0.6070496083550914,0.6033113323637991,0.9947780678851175,0.0003,1.0,9183.180049180984
depth4_bal_AAAAMMMM,4,AAAAMMMM,29600,355200,1.140539030234019,1.140569766362508,1.1818478073392595,0.5822454308093995,0.6292428198433421,0.6016332923145766,0.9947780678851175,0.0003,1.0,9191.328443288803
depth4_bal_AAAAMMMM,4,AAAAMMMM,29625,355500,1.1558156212170918,1.1461219390233357,1.1826567036764963,0.5842036553524804,0.6501305483028721,0.6167356527575791,0.9947780678851175,0.0003,1.0,9199.417778253555
depth4_bal_AAAAMMMM,4,AAAAMMMM,29650,355800,1.3586953580379486,1.5300995111465454,1.5255033731460572,0.42656657963446476,0.27154046997389036,0.30517955028526683,0.9947780678851175,0.0003,1.0,9207.651352882385
depth4_bal_AAAAMMMM,4,AAAAMMMM,29675,356100,1.4246578415234883,1.2857667605082195,1.2998543500900268,0.418733681462141,0.4934725848563969,0.4878621769772905,0.9947780678851175,0.0003,1.0,9216.036626338959
depth4_bal_AAAAMMMM,4,AAAAMMMM,29700,356400,1.2811793784300487,1.344711184501648,1.3982379538672312,0.4513707571801567,0.4255874673629243,0.41827944960286384,0.9947780678851175,0.0003,1.0,9224.28938794136
depth4_bal_AAAAMMMM,4,AAAAMMMM,29725,356700,1.9807559947172801,1.72772212823232,1.7571591649736678,0.24902088772845954,0.30156657963446476,0.30641011298803,0.9947780678851175,0.0003,1.0,9232.181270122528
depth4_bal_AAAAMMMM,4,AAAAMMMM,29750,357000,1.1842005550861359,1.2572725613911946,1.2667594875608172,0.5326370757180157,0.5091383812010444,0.516500727150688,0.9947780678851175,0.0003,1.0,9240.145272016525
depth4_bal_AAAAMMMM,4,AAAAMMMM,29775,357300,1.158561905225118,1.1437719662984211,1.1807103020804268,0.5659268929503917,0.6201044386422977,0.6080098445016221,0.9947780678851175,0.0003,1.0,9248.448813915253
depth4_bal_AAAAMMMM,4,AAAAMMMM,29800,357600,1.2944734891255696,1.2044613361358643,1.2282975809914725,0.4435378590078329,0.5221932114882507,0.5087817429242645,0.9947780678851175,0.0003,1.0,9256.701696157455
depth4_bal_AAAAMMMM,4,AAAAMMMM,29825,357900,1.4581204454104106,1.2680712540944417,1.3110130071640014,0.3658616187989556,0.4934725848563969,0.4799194540776373,0.9947780678851175,0.0003,1.0,9264.990493774414
depth4_bal_AAAAMMMM,4,AAAAMMMM,29850,358200,1.3237822850545247,1.3095976909001668,1.3545212881905693,0.43342036553524804,0.43994778067885115,0.4287951672446582,0.9947780678851175,0.0003,1.0,9273.320457220078
depth4_bal_AAAAMMMM,4,AAAAMMMM,29875,358500,1.3976169029871623,1.4673824707667034,1.4895639283316475,0.429177545691906,0.3577023498694517,0.36223291195883206,0.9947780678851175,0.0003,1.0,9281.607778787613
depth4_bal_AAAAMMMM,4,AAAAMMMM,29900,358800,1.3354602853457134,1.3376391331354778,1.3634878362928118,0.4490861618798956,0.4386422976501306,0.4546369840026849,0.9947780678851175,0.0003,1.0,9289.89063668251
depth4_bal_AAAAMMMM,4,AAAAMMMM,29925,359100,1.0419000089168549,1.104396144549052,1.1475452491215297,0.7509791122715405,0.6879895561357703,0.6591341313346012,0.9947780678851175,0.0003,1.0,9298.154898405075
depth4_bal_AAAAMMMM,4,AAAAMMMM,29950,359400,1.118943730990092,1.1465685367584229,1.1687321186065673,0.5884464751958225,0.6031331592689295,0.5927956147220047,0.9947780678851175,0.0003,1.0,9306.492798089981
depth4_bal_AAAAMMMM,4,AAAAMMMM,29975,359700,1.190755287806193,1.1393842697143555,1.1827991349356515,0.5107702349869452,0.5861618798955613,0.5556549949658799,0.9947780678851175,0.0003,1.0,9314.773799657822
depth4_bal_AAAAMMMM,4,AAAAMMMM,30000,360000,1.3184841076533,1.3557850917180378,1.3766745328903198,0.4585509138381201,0.4177545691906005,0.422194876384383,0.9947780678851175,0.0003,1.0,9322.881764888763
depth4_bal_AAAAMMMM,4,AAAAMMMM,30025,360300,1.2912658055623372,1.305694580078125,1.357675804410662,0.43962140992167104,0.4216710182767624,0.42129992169146435,0.9947780678851175,0.0003,1.0,9330.279298067093
depth4_bal_AAAAMMMM,4,AAAAMMMM,30050,360600,1.1850115756193798,1.2078171968460083,1.2349904469081334,0.585509138381201,0.6174934725848564,0.5938024387515382,0.9947780678851175,0.0003,1.0,9338.543882131577
depth4_bal_AAAAMMMM,4,AAAAMMMM,30075,360900,1.2798639635245006,1.3026540279388428,1.3263412577765328,0.5179503916449086,0.5130548302872062,0.5150464257746952,0.9947780678851175,0.0003,1.0,9346.670964717865
depth4_bal_AAAAMMMM,4,AAAAMMMM,30100,361200,1.931005209684372,2.2332302729288735,2.26897953578404,0.3009138381201044,0.17885117493472585,0.16724465823917664,0.9947780678851175,0.0003,1.0,9354.861219406128
depth4_bal_AAAAMMMM,4,AAAAMMMM,30125,361500,1.1315121948719025,1.1612178484598796,1.198893448284694,0.5838772845953003,0.6057441253263708,0.5698624007159637,0.9947780678851175,0.0003,1.0,9363.119169712067
depth4_bal_AAAAMMMM,4,AAAAMMMM,30150,361800,1.350182702143987,1.2922836939493816,1.3235347986221313,0.43309399477806787,0.47911227154047,0.4647052242980199,0.9947780678851175,0.0003,1.0,9371.169943332672
depth4_bal_AAAAMMMM,4,AAAAMMMM,30175,362100,1.3304597934087117,1.2060386737187703,1.2562316417694093,0.45071801566579633,0.5365535248041775,0.5116903456762502,0.9947780678851175,0.0003,1.0,9378.908789157867
depth4_bal_AAAAMMMM,4,AAAAMMMM,30200,362400,1.1110613445440929,1.1156933705012004,1.1494488613946097,0.6253263707571801,0.674934725848564,0.6385501733974718,0.9947780678851175,0.0003,1.0,9386.877744913101
depth4_bal_AAAAMMMM,4,AAAAMMMM,30225,362700,1.3656055331230164,1.3040815591812134,1.310689994267055,0.4233028720626632,0.42036553524804177,0.4723123391878286,0.9947780678851175,0.0003,1.0,9394.975350618362
depth4_bal_AAAAMMMM,4,AAAAMMMM,30250,363000,2.0235618551572165,1.776347557703654,1.8107901471001762,0.233355091383812,0.2650130548302872,0.24779058060185702,0.9947780678851175,0.0003,1.0,9402.838185071945
depth4_bal_AAAAMMMM,4,AAAAMMMM,30275,363300,1.0625745952129364,1.0951554775238037,1.1371446541377477,0.72911227154047,0.716710182767624,0.6879964201812283,0.9947780678851175,0.0003,1.0,9411.061973810196
depth4_bal_AAAAMMMM,4,AAAAMMMM,30300,363600,1.4928451279799144,1.4803402026494343,1.5059594120298112,0.3661879895561358,0.3981723237597911,0.3691688108289518,0.9947780678851175,0.0003,1.0,9419.261003255844
depth4_bal_AAAAMMMM,4,AAAAMMMM,30325,363900,1.1312538782755535,1.1419856150945027,1.176907355444772,0.6116187989556136,0.6370757180156658,0.612149009956371,0.9947780678851175,0.0003,1.0,9427.617479085922
depth4_bal_AAAAMMMM,4,AAAAMMMM,30350,364200,1.2765254775683086,1.3754932085673015,1.4323192187717984,0.47356396866840733,0.4725848563968668,0.4460230450833427,0.9947780678851175,0.0003,1.0,9435.821549415588
depth4_bal_AAAAMMMM,4,AAAAMMMM,30375,364500,1.2114717463652294,1.3276071548461914,1.3649344716753278,0.5029373368146214,0.43994778067885115,0.42129992169146435,0.9947780678851175,0.0003,1.0,9443.973756790161
depth4_bal_AAAAMMMM,4,AAAAMMMM,30400,364800,1.345447947581609,1.5395346879959106,1.5956221682684761,0.43342036553524804,0.360313315926893,0.34299138606108065,0.9947780678851175,0.0003,1.0,9452.189303398132
depth4_bal_AAAAMMMM,4,AAAAMMMM,30425,365100,1.1310785015424092,1.1949619054794312,1.2301288638796126,0.5783289817232375,0.5248041775456919,0.5095648282805683,0.9947780678851175,0.0003,1.0,9460.508523702621
depth4_bal_AAAAMMMM,4,AAAAMMMM,30450,365400,1.418024609486262,1.289884130160014,1.3112647363117762,0.39033942558746737,0.4856396866840731,0.46246783756572324,0.9947780678851175,0.0003,1.0,9468.541387557983
depth4_bal_AAAAMMMM,4,AAAAMMMM,30475,365700,1.670711060365041,1.8592859109242756,1.8727603571755544,0.3191906005221932,0.2349869451697128,0.25047544468061306,0.9947780678851175,0.0003,1.0,9476.311699390411
depth4_bal_AAAAMMMM,4,AAAAMMMM,30500,366000,1.216611385345459,1.2000831365585327,1.2153219972337996,0.5052219321148825,0.5313315926892951,0.5310437409106163,0.9947780678851175,0.0003,1.0,9484.640813112259
depth4_bal_AAAAMMMM,4,AAAAMMMM,30525,366300,1.1776309808095295,1.4363775650660198,1.5005271094185966,0.6028067885117493,0.4151436031331593,0.37923705112428685,0.9947780678851175,0.0003,1.0,9492.712556123734
depth4_bal_AAAAMMMM,4,AAAAMMMM,30550,366600,1.2999144196510315,1.3549824158350627,1.3926150390080043,0.43178851174934724,0.4386422976501306,0.41827944960286384,0.9947780678851175,0.0003,1.0,9500.917695760727
depth4_bal_AAAAMMMM,4,AAAAMMMM,30575,366900,1.2439364393552144,1.1644850571950276,1.2075409889221191,0.46507832898172324,0.556135770234987,0.5516276988477459,0.9947780678851175,0.0003,1.0,9509.097903490067
depth4_bal_AAAAMMMM,4,AAAAMMMM,30600,367200,1.2069332202275593,1.208627978960673,1.2409067392349242,0.5326370757180157,0.5483028720626631,0.5189618525562143,0.9947780678851175,0.0003,1.0,9517.42249250412
depth4_bal_AAAAMMMM,4,AAAAMMMM,30625,367500,1.265988568464915,1.2049301465352376,1.2561469793319702,0.4526762402088773,0.5091383812010444,0.48562479024499383,0.9947780678851175,0.0003,1.0,9525.649422883987
depth4_bal_AAAAMMMM,4,AAAAMMMM,30650,367800,1.2996037205060322,1.278133233388265,1.3053217240742274,0.4389686684073107,0.46475195822454307,0.449155386508558,0.9947780678851175,0.0003,1.0,9533.790740966797
depth4_bal_AAAAMMMM,4,AAAAMMMM,30675,368100,1.2256549497445424,1.1842673619588215,1.21399758543287,0.5009791122715405,0.5600522193211488,0.5256740127531043,0.9947780678851175,0.0003,1.0,9542.014811038971
depth4_bal_AAAAMMMM,4,AAAAMMMM,30700,368400,1.7268730600674946,1.7081873019536336,1.74313383102417,0.3364882506527415,0.33550913838120106,0.32677033225192975,0.9947780678851175,0.0003,1.0,9550.34416794777
depth4_bal_AAAAMMMM,4,AAAAMMMM,30725,368700,1.1296418408552806,1.1463484366734822,1.1723063400813512,0.5623368146214099,0.5939947780678851,0.5940261774247678,0.9947780678851175,0.0003,1.0,9558.354481458664
depth4_bal_AAAAMMMM,4,AAAAMMMM,30750,369000,1.127553015947342,1.28753662109375,1.3163499355316162,0.5724543080939948,0.5221932114882507,0.5142633404183913,0.9947780678851175,0.0003,1.0,9566.157581806183
depth4_bal_AAAAMMMM,4,AAAAMMMM,30775,369300,1.142075538635254,1.1802256107330322,1.2037173918315343,0.6253263707571801,0.6201044386422977,0.6009620762948876,0.9947780678851175,0.0003,1.0,9573.961175203323
depth4_bal_AAAAMMMM,4,AAAAMMMM,30800,369600,1.296042670806249,1.2882366577784221,1.3218125820159912,0.462467362924282,0.4765013054830287,0.44691799977626134,0.9947780678851175,0.0003,1.0,9582.055362224579
depth4_bal_AAAAMMMM,4,AAAAMMMM,30825,369900,1.2084804276625316,1.2428536017735798,1.2729711941310338,0.5137075718015666,0.49477806788511747,0.49658798523324754,0.9947780678851175,0.0003,1.0,9590.105217695236
depth4_bal_AAAAMMMM,4,AAAAMMMM,30850,370200,1.0843673050403595,1.1035465796788533,1.1299706935882567,0.6759138381201044,0.6775456919060052,0.6734534064212999,0.9947780678851175,0.0003,1.0,9595.787094831467
depth4_bal_AAAAMMMM,4,AAAAMMMM,30875,370500,1.0676106760899227,1.1272927522659302,1.1541463443211146,0.6491514360313316,0.5926892950391645,0.5860834545251147,0.9947780678851175,0.0003,1.0,9598.859431028366
depth4_bal_AAAAMMMM,4,AAAAMMMM,30900,370800,1.1807518601417542,1.175696889559428,1.204487374850682,0.5502610966057441,0.5639686684073107,0.5620315471529254,0.9947780678851175,0.0003,1.0,9601.82264137268
depth4_bal_AAAAMMMM,4,AAAAMMMM,30925,371100,1.1344810922940571,1.1526995499928792,1.1796109063284739,0.5574412532637075,0.5574412532637075,0.552858261550509,0.9947780678851175,0.0003,1.0,9604.784523963928
depth4_bal_AAAAMMMM,4,AAAAMMMM,30950,371400,1.2724085748195648,1.468303879102071,1.5285361630575998,0.4787859007832898,0.30548302872062666,0.280120818883544,0.9947780678851175,0.0003,1.0,9607.74099445343
depth4_bal_AAAAMMMM,4,AAAAMMMM,30975,371700,1.1224427719910939,1.1107405424118042,1.1504733051572527,0.5776762402088773,0.597911227154047,0.583174851773129,0.9947780678851175,0.0003,1.0,9610.810774564743
depth4_bal_AAAAMMMM,4,AAAAMMMM,31000,372000,1.3201744258403778,1.3548633257548015,1.417302792412894,0.41808093994778067,0.43342036553524804,0.3966886676362009,0.9947780678851175,0.0003,1.0,9613.799290657043
depth4_bal_AAAAMMMM,4,AAAAMMMM,31025,372300,1.1640489002068837,1.1688781181971233,1.2004437105996268,0.5545039164490861,0.5900783289817232,0.5817205503971361,0.9947780678851175,0.0003,1.0,9617.077000379562
depth4_bal_AAAAMMMM,4,AAAAMMMM,31050,372600,1.2103721102078755,1.1980528036753337,1.2115726334708077,0.5137075718015666,0.5261096605744126,0.5365253384047433,0.9947780678851175,0.0003,1.0,9620.033512353897
depth4_bal_AAAAMMMM,4,AAAAMMMM,31075,372900,1.2456826567649841,1.1686761379241943,1.194940972328186,0.47976501305483027,0.5783289817232375,0.574449043517172,0.9947780678851175,0.0003,1.0,9623.131144046783
depth4_bal_AAAAMMMM,4,AAAAMMMM,31100,373200,1.5359399517377217,1.4971928993860881,1.5752897466932023,0.3413838120104439,0.391644908616188,0.34589998881306633,0.9947780678851175,0.0003,1.0,9626.08073592186
depth4_bal_AAAAMMMM,4,AAAAMMMM,31125,373500,1.119583745797475,1.1775349775950115,1.2026726348059518,0.6194516971279374,0.6031331592689295,0.5606891151135474,0.9947780678851175,0.0003,1.0,9629.032784461975
depth4_bal_AAAAMMMM,4,AAAAMMMM,31150,373800,1.1331660449504852,1.154602328936259,1.1825190816606794,0.633485639686684,0.6762402088772846,0.6451504642577469,0.9947780678851175,0.0003,1.0,9632.1076233387
depth4_bal_AAAAMMMM,4,AAAAMMMM,31175,374100,1.4612139463424683,1.361811677614848,1.3976548569543021,0.3766318537859008,0.42428198433420367,0.3979192303389641,0.9947780678851175,0.0003,1.0,9635.07487654686
depth4_bal_AAAAMMMM,4,AAAAMMMM,31200,374400,1.1912466088930767,1.2272229194641113,1.2375213929585047,0.5616840731070496,0.5639686684073107,0.5585635977178656,0.9947780678851175,0.0003,1.0,9638.026880025864
depth4_bal_AAAAMMMM,4,AAAAMMMM,31225,374700,1.2329449852307637,1.3597736756006877,1.3859559808458601,0.47552219321148825,0.45430809399477806,0.4237610470969907,0.9947780678851175,0.0003,1.0,9640.982533454895
depth4_bal_AAAAMMMM,4,AAAAMMMM,31250,375000,1.3218064804871876,1.326150894165039,1.3593162740979876,0.4402741514360313,0.4490861618798956,0.4117910280792035,0.9947780678851175,0.0003,1.0,9644.057775974274
depth4_bal_AAAAMMMM,4,AAAAMMMM,31275,375300,1.2121955553690593,1.2275231281916301,1.2299737691879273,0.5212140992167101,0.5287206266318538,0.5147108177648506,0.9947780678851175,0.0003,1.0,9650.510947227478
depth4_bal_AAAAMMMM,4,AAAAMMMM,31300,375600,1.0789428154627483,1.1058995723724365,1.1313041993549893,0.7278067885117493,0.741514360313316,0.7180892717306187,0.9947780678851175,0.0003,1.0,9657.9754383564
depth4_bal_AAAAMMMM,4,AAAAMMMM,31325,375900,1.3994474212328594,1.4932575225830078,1.5270237922668457,0.4148172323759791,0.34595300261096606,0.3569750531379349,0.9947780678851175,0.0003,1.0,9665.893413066864
depth4_bal_AAAAMMMM,4,AAAAMMMM,31350,376200,1.2014382481575012,1.1905715862909954,1.2156110865729195,0.5048955613577023,0.5574412532637075,0.5435731066114778,0.9947780678851175,0.0003,1.0,9673.867504119873
depth4_bal_AAAAMMMM,4,AAAAMMMM,31375,376500,1.1606763899326324,1.1585888465245564,1.1877537012100219,0.5502610966057441,0.5796344647519582,0.5442443226311668,0.9947780678851175,0.0003,1.0,9680.375344753265
depth4_bal_AAAAMMMM,4,AAAAMMMM,31400,376800,1.2517584363619487,1.3049908081690471,1.340556001663208,0.4680156657963446,0.43733681462140994,0.439087146213223,0.9947780678851175,0.0003,1.0,9688.43725681305
depth4_bal_AAAAMMMM,4,AAAAMMMM,31425,377100,1.0937702258427937,1.1149192651112874,1.13919347013746,0.6054177545691906,0.6318537859007833,0.6219935115784764,0.9947780678851175,0.0003,1.0,9696.552258014679
depth4_bal_AAAAMMMM,4,AAAAMMMM,31450,377400,1.1648779014746349,1.1515409549077351,1.1684795924595424,0.5342689295039165,0.5430809399477807,0.5539769549166573,0.9947780678851175,0.0003,1.0,9704.763010501862
depth4_bal_AAAAMMMM,4,AAAAMMMM,31475,377700,1.3322510917981465,1.2958187262217205,1.3080778462546212,0.4321148825065274,0.4347258485639687,0.4470298691128762,0.9947780678851175,0.0003,1.0,9712.665585756302
depth4_bal_AAAAMMMM,4,AAAAMMMM,31500,378000,1.2869178454081218,1.2815267244974773,1.329571727343968,0.4618146214099217,0.49216710182767626,0.4546369840026849,0.9947780678851175,0.0003,1.0,9720.92453622818
depth4_bal_AAAAMMMM,4,AAAAMMMM,31525,378300,1.3627553482850392,1.534946362177531,1.5566606657845634,0.4109007832898172,0.37467362924281983,0.35887683186038705,0.9947780678851175,0.0003,1.0,9729.29934668541
depth4_bal_AAAAMMMM,4,AAAAMMMM,31550,378600,1.2901475032170613,1.3299412329991658,1.3770049912588938,0.4725848563968668,0.4151436031331593,0.3992616623783421,0.9947780678851175,0.0003,1.0,9737.445020198822
depth4_bal_AAAAMMMM,4,AAAAMMMM,31575,378900,1.2532257239023845,1.2850769758224487,1.3301636491503035,0.46866840731070497,0.47127937336814624,0.44893164783532835,0.9947780678851175,0.0003,1.0,9745.665425300598
depth4_bal_AAAAMMMM,4,AAAAMMMM,31600,379200,1.1657462815443675,1.1778758366902669,1.200644871166774,0.5434073107049608,0.5861618798955613,0.5426781519185592,0.9947780678851175,0.0003,1.0,9753.86840891838
depth4_bal_AAAAMMMM,4,AAAAMMMM,31625,379500,1.1453166902065277,1.152991493542989,1.1918393680027553,0.5421018276762402,0.6109660574412533,0.553529477570198,0.9947780678851175,0.0003,1.0,9762.220097780228
depth4_bal_AAAAMMMM,4,AAAAMMMM,31650,379800,1.1631513039271038,1.3121280272801716,1.3402116434914726,0.543733681462141,0.4255874673629243,0.42722899653205054,0.9947780678851175,0.0003,1.0,9770.454762220383
depth4_bal_AAAAMMMM,4,AAAAMMMM,31675,380100,1.292775313059489,1.2720861832300823,1.2916996206556048,0.5097911227154047,0.5953002610966057,0.5754558675467054,0.9947780678851175,0.0003,1.0,9778.602663993835
depth4_bal_AAAAMMMM,4,AAAAMMMM,31700,380400,1.2994012137254078,1.6058935324350994,1.6597994463784354,0.4490861618798956,0.2793733681462141,0.28515493903121153,0.9947780678851175,0.0003,1.0,9786.767144918442
depth4_bal_AAAAMMMM,4,AAAAMMMM,31725,380700,1.3393354018529255,1.2536245187123616,1.27098822253091,0.40567885117493474,0.4856396866840731,0.4890927396800537,0.9947780678851175,0.0003,1.0,9795.08888888359
depth4_bal_AAAAMMMM,4,AAAAMMMM,31750,381000,1.4276256958643596,1.252091368039449,1.2857902492795672,0.40176240208877284,0.5130548302872062,0.4839467501957713,0.9947780678851175,0.0003,1.0,9803.09736084938
depth4_bal_AAAAMMMM,4,AAAAMMMM,31775,381300,1.0966112812360127,1.1257800658543904,1.1525470290865216,0.6380548302872062,0.639686684073107,0.6279225864190625,0.9947780678851175,0.0003,1.0,9811.370975017548
depth4_bal_AAAAMMMM,4,AAAAMMMM,31800,381600,1.1974408427874248,1.2397750616073608,1.258448348726545,0.535574412532637,0.5104438642297651,0.5025170600738338,0.9947780678851175,0.0003,1.0,9819.424035549164
depth4_bal_AAAAMMMM,4,AAAAMMMM,31825,381900,1.0639592409133911,1.0937979221343994,1.1229363645826067,0.7193211488250653,0.7389033942558747,0.7045530820002237,0.9947780678851175,0.0003,1.0,9827.38820362091
depth4_bal_AAAAMMMM,4,AAAAMMMM,31850,382200,1.1469846765200298,1.1853731075922649,1.2097603525434222,0.5600522193211488,0.5574412532637075,0.5159413804676138,0.9947780678851175,0.0003,1.0,9835.441960573196
depth4_bal_AAAAMMMM,4,AAAAMMMM,31875,382500,1.1815679371356964,1.1656378904978435,1.1952784776687622,0.5326370757180157,0.5652741514360313,0.5476004027296119,0.9947780678851175,0.0003,1.0,9843.455350637436
depth4_bal_AAAAMMMM,4,AAAAMMMM,31900,382800,1.36046701669693,1.2555569410324097,1.2821240493229458,0.41906005221932113,0.5013054830287206,0.49356751314464703,0.9947780678851175,0.0003,1.0,9851.349760770798
depth4_bal_AAAAMMMM,4,AAAAMMMM,31925,383100,1.676082968711853,2.398345470428467,2.4311248779296877,0.3185378590078329,0.097911227154047,0.0974381921915203,0.9947780678851175,0.0003,1.0,9859.614503145218
depth4_bal_AAAAMMMM,4,AAAAMMMM,31950,383400,1.7088493406772614,1.6698436339696248,1.7388460738318308,0.3351827676240209,0.28067885117493474,0.2664727598165343,0.9947780678851175,0.0003,1.0,9867.89366865158
depth4_bal_AAAAMMMM,4,AAAAMMMM,31975,383700,1.6630818645159404,1.6232655843098958,1.6487132140568324,0.3113577023498694,0.3263707571801567,0.3120035798187717,0.9947780678851175,0.0003,1.0,9876.16493010521
depth4_bal_AAAAMMMM,4,AAAAMMMM,32000,384000,1.2162869175275166,1.3784796794255574,1.4239679813385009,0.5022845953002611,0.46736292428198434,0.4286832979080434,0.9947780678851175,0.0003,1.0,9880.175034046173
depth4_bal_AAAAMMMM,4,AAAAMMMM,32025,384300,1.3041263322035472,1.3415937821070354,1.3666149616241454,0.44190600522193213,0.4621409921671018,0.44367378901443116,0.9947780678851175,0.0003,1.0,9888.394852399826
depth4_bal_AAAAMMMM,4,AAAAMMMM,32050,384600,1.0857233107089996,1.1579004923502605,1.186946167264666,0.6422976501305483,0.5744125326370757,0.5680724913301264,0.9947780678851175,0.0003,1.0,9896.647025346756
depth4_bal_AAAAMMMM,4,AAAAMMMM,32075,384900,1.3343908886114757,1.3227189381917317,1.3433438982282366,0.4151436031331593,0.4516971279373368,0.4422194876384383,0.9947780678851175,0.0003,1.0,9904.85002565384
depth4_bal_AAAAMMMM,4,AAAAMMMM,32100,385200,1.5601117710272472,1.5156793594360352,1.5313537733895437,0.35966057441253263,0.31723237597911225,0.3170376999664392,0.9947780678851175,0.0003,1.0,9913.188592672348
depth4_bal_AAAAMMMM,4,AAAAMMMM,32125,385500,1.3976923922697704,1.5890261729558308,1.6253867932728359,0.4216710182767624,0.4151436031331593,0.3935563262109856,0.9947780678851175,0.0003,1.0,9921.388885736465
depth4_bal_AAAAMMMM,4,AAAAMMMM,32150,385800,1.2308930854002635,1.2148765325546265,1.2414401054382325,0.4774804177545692,0.5221932114882507,0.5090054815974941,0.9947780678851175,0.0003,1.0,9929.574183225632
depth4_bal_AAAAMMMM,4,AAAAMMMM,32175,386100,1.2612222532431285,1.1802446444829304,1.2099229982921056,0.46866840731070497,0.5900783289817232,0.5616959391430809,0.9947780678851175,0.0003,1.0,9937.233410835266
depth4_bal_AAAAMMMM,4,AAAAMMMM,32200,386400,1.1780170798301697,1.7833868662516277,1.8625176531927927,0.5192558746736292,0.2754569190600522,0.2588656449267256,0.9947780678851175,0.0003,1.0,9945.492157459259
depth4_bal_AAAAMMMM,4,AAAAMMMM,32225,386700,1.3261708815892537,1.2669895887374878,1.2722856998443604,0.4213446475195822,0.5600522193211488,0.5380915091173509,0.9947780678851175,0.0003,1.0,9953.633389949799
depth4_bal_AAAAMMMM,4,AAAAMMMM,32250,387000,1.4457030693689983,1.2648640871047974,1.29855591910226,0.35868146214099217,0.4765013054830287,0.4603423201700414,0.9947780678851175,0.0003,1.0,9961.682492256165
depth4_bal_AAAAMMMM,4,AAAAMMMM,32275,387300,1.1484403610229492,1.1654123067855835,1.1859649351664951,0.597911227154047,0.639686684073107,0.6214341648954022,0.9947780678851175,0.0003,1.0,9969.603644371033
depth4_bal_AAAAMMMM,4,AAAAMMMM,32300,387600,1.1982237696647644,1.4108633200327556,1.4625150884900775,0.5068537859007833,0.34073107049608353,0.3455643808032218,0.9947780678851175,0.0003,1.0,9977.46432852745
depth4_bal_AAAAMMMM,4,AAAAMMMM,32325,387900,1.4078074892361958,1.8567758003870647,1.9243115765707834,0.38218015665796345,0.21801566579634465,0.2282134466942611,0.9947780678851175,0.0003,1.0,9984.964771986008
depth4_bal_AAAAMMMM,4,AAAAMMMM,32350,388200,1.4792218307654064,1.3503297964731853,1.3649609293256486,0.37369451697127937,0.4073107049608355,0.41727262557333034,0.9947780678851175,0.0003,1.0,9992.929427146912
depth4_bal_AAAAMMMM,4,AAAAMMMM,32375,388500,1.2351044416427612,1.4140619039535522,1.4445108141217913,0.47845953002610964,0.39425587467362927,0.37655218704553084,0.9947780678851175,0.0003,1.0,10000.89589214325
depth4_bal_AAAAMMMM,4,AAAAMMMM,32400,388800,1.5731436212857564,1.945780873298645,1.9892589535032,0.37989556135770236,0.27284595300261094,0.26926949323190513,0.9947780678851175,0.0003,1.0,10009.030584096909
depth4_bal_AAAAMMMM,4,AAAAMMMM,32425,389100,1.3508048554261525,1.1887099345525105,1.2225428206580027,0.4281984334203655,0.5678851174934726,0.5519633068575903,0.9947780678851175,0.0003,1.0,10016.78755402565
depth4_bal_AAAAMMMM,4,AAAAMMMM,32450,389400,1.6336959600448608,1.5104883511861165,1.5432622705187116,0.32343342036553524,0.35509138381201044,0.3362792258641906,0.9947780678851175,0.0003,1.0,10024.865223169327
depth4_bal_AAAAMMMM,4,AAAAMMMM,32475,389700,1.4138387044270833,1.268892486890157,1.2997295549937657,0.3880548302872063,0.47780678851174935,0.4554200693589887,0.9947780678851175,0.0003,1.0,10032.017873287201
depth4_bal_AAAAMMMM,4,AAAAMMMM,32500,390000,1.1465936402479808,1.1564864317576091,1.1814190864562988,0.6096605744125326,0.6422976501305483,0.6403400827833091,0.9947780678851175,0.0003,1.0,10040.022793769836
depth4_bal_AAAAMMMM,4,AAAAMMMM,32525,390300,1.2537011007467906,1.2142045100529988,1.2529149191720146,0.472911227154047,0.5248041775456919,0.5058731401722788,0.9947780678851175,0.0003,1.0,10048.252483129501
depth4_bal_AAAAMMMM,4,AAAAMMMM,32550,390600,1.1025363306204479,1.4074992338816326,1.4188948052270072,0.5786553524804178,0.3772845953002611,0.38852220606331805,0.9947780678851175,0.0003,1.0,10056.586796045303
depth4_bal_AAAAMMMM,4,AAAAMMMM,32575,390900,1.2469213704268138,1.255730430285136,1.296302740914481,0.5127284595300261,0.5221932114882507,0.5039713614498266,0.9947780678851175,0.0003,1.0,10064.799357891083
depth4_bal_AAAAMMMM,4,AAAAMMMM,32600,391200,1.0936193863550823,1.1256526708602905,1.1493539571762086,0.6494778067885117,0.6723237597911227,0.6665175075511802,0.9947780678851175,0.0003,1.0,10072.977633237839
depth4_bal_AAAAMMMM,4,AAAAMMMM,32625,391500,1.2625676890214284,1.3188385168711345,1.3514585494995117,0.4556135770234987,0.4699738903394256,0.4613491441995749,0.9947780678851175,0.0003,1.0,10081.18833231926
depth4_bal_AAAAMMMM,4,AAAAMMMM,32650,391800,1.152645468711853,1.1578482786814372,1.1835312536784581,0.5884464751958225,0.6161879895561357,0.6019689003244211,0.9947780678851175,0.0003,1.0,10089.494090080261
depth4_bal_AAAAMMMM,4,AAAAMMMM,32675,392100,1.1697003642717998,1.1916605631510417,1.2091816970280238,0.5336161879895561,0.5626631853785901,0.5646045418950666,0.9947780678851175,0.0003,1.0,10097.07007431984
depth4_bal_AAAAMMMM,4,AAAAMMMM,32700,392400,1.1083328525225322,1.1621921062469482,1.1955303703035627,0.5972584856396866,0.5835509138381201,0.562926501845844,0.9947780678851175,0.0003,1.0,10105.471962213516
depth4_bal_AAAAMMMM,4,AAAAMMMM,32725,392700,1.2288896143436432,1.1872825622558594,1.1942306654793875,0.48172323759791125,0.5757180156657964,0.5668419286273633,0.9947780678851175,0.0003,1.0,10113.864326953888
depth4_bal_AAAAMMMM,4,AAAAMMMM,32750,393000,1.088961273431778,1.127853512763977,1.1552699872425625,0.6830939947780679,0.7101827676240209,0.6783756572323526,0.9947780678851175,0.0003,1.0,10122.211874723434
depth4_bal_AAAAMMMM,4,AAAAMMMM,32775,393300,1.3960210879643757,1.4206184148788452,1.474925194467817,0.38446475195822455,0.3785900783289817,0.3554088824253272,0.9947780678851175,0.0003,1.0,10130.60335946083
depth4_bal_AAAAMMMM,4,AAAAMMMM,32800,393600,1.1641774475574493,1.2276720603307087,1.247411366871425,0.5411227154046997,0.4908616187989556,0.5037476227765969,0.9947780678851175,0.0003,1.0,10138.835433959961
depth4_bal_AAAAMMMM,4,AAAAMMMM,32825,393900,1.0966667830944061,1.1903148492177327,1.227001793043954,0.6080287206266318,0.5234986945169713,0.527240183465712,0.9947780678851175,0.0003,1.0,10146.713541030884
depth4_bal_AAAAMMMM,4,AAAAMMMM,32850,394200,1.1205322841803234,1.1388328870137532,1.1752635955810546,0.6080287206266318,0.6161879895561357,0.588544579930641,0.9947780678851175,0.0003,1.0,10154.767046451569
depth4_bal_AAAAMMMM,4,AAAAMMMM,32875,394500,1.0681040734052658,1.133653163909912,1.158446056502206,0.681135770234987,0.6318537859007833,0.6368721333482492,0.9947780678851175,0.0003,1.0,10162.97464299202
depth4_bal_AAAAMMMM,4,AAAAMMMM,32900,394800,1.21736678481102,1.387021501859029,1.3991609982081823,0.495757180156658,0.42297650130548303,0.4035126971697058,0.9947780678851175,0.0003,1.0,10171.223778963089
depth4_bal_AAAAMMMM,4,AAAAMMMM,32925,395100,1.405806948741277,1.4015447696050007,1.4298587526593889,0.40567885117493474,0.40339425587467365,0.376440317708916,0.9947780678851175,0.0003,1.0,10179.286564826965
depth4_bal_AAAAMMMM,4,AAAAMMMM,32950,395400,1.340871900320053,1.4703075488408406,1.4937790427889144,0.43701044386422977,0.38511749347258484,0.3573106611477794,0.9947780678851175,0.0003,1.0,10186.018636226654
depth4_bal_AAAAMMMM,4,AAAAMMMM,32975,395700,1.2373209198315938,1.3553001880645752,1.3612892627716064,0.4827023498694517,0.38511749347258484,0.38214565387627253,0.9947780678851175,0.0003,1.0,10194.248279571533
depth4_bal_AAAAMMMM,4,AAAAMMMM,33000,396000,1.3941935698191326,1.246818741162618,1.2806728839874268,0.40567885117493474,0.5052219321148825,0.4997203266584629,0.9947780678851175,0.0003,1.0,10202.492830753326
depth4_bal_AAAAMMMM,4,AAAAMMMM,33025,396300,1.1371097564697266,1.1668005386988323,1.1897472654070174,0.5639686684073107,0.5887728459530026,0.5827273744266697,0.9947780678851175,0.0003,1.0,10210.856157779694
depth4_bal_AAAAMMMM,4,AAAAMMMM,33050,396600,1.3439843555291493,1.4622901280721028,1.4919354438781738,0.40535248041775457,0.3563968668407311,0.34657120483275533,0.9947780678851175,0.0003,1.0,10218.994981050491
depth4_bal_AAAAMMMM,4,AAAAMMMM,33075,396900,1.3346131046613057,1.5041327476501465,1.5449285915919713,0.412532637075718,0.3537859007832898,0.32374986016332924,0.9947780678851175,0.0003,1.0,10226.762393712997
depth4_bal_AAAAMMMM,4,AAAAMMMM,33100,397200,1.3082330723603566,1.2324154376983643,1.2483107328414917,0.44778067885117495,0.5169712793733682,0.5015102360443002,0.9947780678851175,0.0003,1.0,10234.310748577118
depth4_bal_AAAAMMMM,4,AAAAMMMM,33125,397500,1.16909259557724,1.1574933926264446,1.17663072177342,0.5319843342036553,0.5496083550913838,0.5661707126076743,0.9947780678851175,0.0003,1.0,10242.279066801071
depth4_bal_AAAAMMMM,4,AAAAMMMM,33150,397800,1.1032845278580983,1.1285448869069417,1.1588879449026925,0.6507832898172323,0.695822454308094,0.6698735876496252,0.9947780678851175,0.0003,1.0,10250.241607666016
depth4_bal_AAAAMMMM,4,AAAAMMMM,33175,398100,1.1096624235312145,1.156941334406535,1.1812581981931414,0.6775456919060052,0.6631853785900783,0.6472759816534288,0.9947780678851175,0.0003,1.0,10258.260140657425
depth4_bal_AAAAMMMM,4,AAAAMMMM,33200,398400,1.3723503549893696,1.2997114260991414,1.3258038759231567,0.4089425587467363,0.46736292428198434,0.44893164783532835,0.9947780678851175,0.0003,1.0,10266.406206846237
depth4_bal_AAAAMMMM,4,AAAAMMMM,33225,398700,1.4091889758904774,1.300146182378133,1.3041834660938807,0.379242819843342,0.4464751958224543,0.47801767535518513,0.9947780678851175,0.0003,1.0,10274.680208683014
depth4_bal_AAAAMMMM,4,AAAAMMMM,33250,399000,1.2997004389762878,1.4842996994654338,1.4853502273559571,0.46507832898172324,0.34203655352480417,0.3533952343662602,0.9947780678851175,0.0003,1.0,10282.911360740662
depth4_bal_AAAAMMMM,4,AAAAMMMM,33275,399300,1.194816251595815,1.2169359922409058,1.2281227690832957,0.5231723237597912,0.5430809399477807,0.5367490770779729,0.9947780678851175,0.0003,1.0,10291.128477811813
depth4_bal_AAAAMMMM,4,AAAAMMMM,33300,399600,1.0937479039033253,1.1288466453552246,1.1545245136533464,0.7059399477806788,0.7193211488250653,0.7032106499608457,0.9947780678851175,0.0003,1.0,10299.425564050674
depth4_bal_AAAAMMMM,4,AAAAMMMM,33325,399900,2.0555216471354165,1.8369512955347698,1.8781200545174734,0.23563968668407312,0.26240208877284593,0.2635641570645486,0.9947780678851175,0.0003,1.0,10307.631157159805
depth4_bal_AAAAMMMM,4,AAAAMMMM,33350,400200,1.173570767045021,1.245993693669637,1.2700104883738927,0.5662532637075718,0.5300261096605744,0.5267927061192527,0.9947780678851175,0.0003,1.0,10315.676257133484
depth4_bal_AAAAMMMM,4,AAAAMMMM,33375,400500,1.1814817587534587,1.1760493516921997,1.2147162743977138,0.5450391644908616,0.6279373368146214,0.5573330350151023,0.9947780678851175,0.0003,1.0,10323.324616670609
depth4_bal_AAAAMMMM,4,AAAAMMMM,33400,400800,1.1347037553787231,1.1395652294158936,1.1604703290121896,0.5505874673629243,0.618798955613577,0.6045418950665623,0.9947780678851175,0.0003,1.0,10331.41385269165
depth4_bal_AAAAMMMM,4,AAAAMMMM,33425,401100,1.2611704270044963,1.269945502281189,1.294526025227138,0.485313315926893,0.4751958224543081,0.4584405414475892,0.9947780678851175,0.0003,1.0,10339.539791345596
depth4_bal_AAAAMMMM,4,AAAAMMMM,33450,401400,1.7537302772204082,1.7601159016291301,1.765651055744716,0.29765013054830286,0.2898172323759791,0.2665846291531491,0.9947780678851175,0.0003,1.0,10347.61213517189
depth4_bal_AAAAMMMM,4,AAAAMMMM,33475,401700,1.1964652140935261,1.2283315261205037,1.257657139641898,0.5822454308093995,0.6109660574412533,0.5789238169817653,0.9947780678851175,0.0003,1.0,10355.649307727814
depth4_bal_AAAAMMMM,4,AAAAMMMM,33500,402000,1.2326358457406361,1.254611333211263,1.2733958380562918,0.5391644908616188,0.5600522193211488,0.5367490770779729,0.9947780678851175,0.0003,1.0,10363.80600643158
depth4_bal_AAAAMMMM,4,AAAAMMMM,33525,402300,1.1903249720732372,1.2103177706400554,1.2433787175587245,0.5345953002610966,0.6044386422976501,0.5639333258753776,0.9947780678851175,0.0003,1.0,10372.011013269424
depth4_bal_AAAAMMMM,4,AAAAMMMM,33550,402600,1.1720381180445354,1.2488259474436443,1.267807960510254,0.5597258485639687,0.49216710182767626,0.49725920125293654,0.9947780678851175,0.0003,1.0,10380.293598413467
depth4_bal_AAAAMMMM,4,AAAAMMMM,33575,402900,1.1954005459944408,1.2811657190322876,1.3204403911318099,0.5127284595300261,0.48825065274151436,0.46280344557556774,0.9947780678851175,0.0003,1.0,10388.712811470032
depth4_bal_AAAAMMMM,4,AAAAMMMM,33600,403200,1.1469896237055461,1.166816512743632,1.1941861493246897,0.5669060052219321,0.577023498694517,0.5660588432710594,0.9947780678851175,0.0003,1.0,10396.919311761856
depth4_bal_AAAAMMMM,4,AAAAMMMM,33625,403500,1.343390166759491,1.3515160481135051,1.382311190877642,0.41220626631853785,0.4321148825065274,0.40910616400044747,0.9947780678851175,0.0003,1.0,10405.095744371414
depth4_bal_AAAAMMMM,4,AAAAMMMM,33650,403800,1.29267351826032,1.4105506738026936,1.460618019104004,0.44321148825065276,0.3342036553524804,0.344781295446918,0.9947780678851175,0.0003,1.0,10413.079820156097
depth4_bal_AAAAMMMM,4,AAAAMMMM,33675,404100,1.643912563721339,1.5758835872014363,1.6050381422042848,0.3325718015665796,0.3524804177545692,0.3579818771674684,0.9947780678851175,0.0003,1.0,10421.456470012665
depth4_bal_AAAAMMMM,4,AAAAMMMM,33700,404400,1.249585618575414,1.514322320620219,1.5449060882840837,0.49445169712793735,0.39556135770234985,0.4042957825260096,0.9947780678851175,0.0003,1.0,10429.648231267929
depth4_bal_AAAAMMMM,4,AAAAMMMM,33725,404700,1.157966564098994,1.1724537213643391,1.202490997314453,0.5946475195822454,0.6357702349869452,0.6146101353618973,0.9947780678851175,0.0003,1.0,10437.61383485794
depth4_bal_AAAAMMMM,4,AAAAMMMM,33750,405000,1.1076791485150654,1.1541808048884075,1.1836391414914813,0.6197780678851175,0.5992167101827677,0.5814968117239064,0.9947780678851175,0.0003,1.0,10445.871397733688
depth4_bal_AAAAMMMM,4,AAAAMMMM,33775,405300,1.2858952283859253,1.2000928322474163,1.230638575553894,0.46736292428198434,0.5313315926892951,0.5053137934892046,0.9947780678851175,0.0003,1.0,10454.215324163437
depth4_bal_AAAAMMMM,4,AAAAMMMM,33800,405600,1.3922073245048523,1.485530972480774,1.5195484808513096,0.37989556135770236,0.3263707571801567,0.3259872468956259,0.9947780678851175,0.0003,1.0,10462.489756584167
depth4_bal_AAAAMMMM,4,AAAAMMMM,33825,405900,1.1498430569966633,1.2091052134831746,1.224589821270534,0.6109660574412533,0.6161879895561357,0.5814968117239064,0.9947780678851175,0.0003,1.0,10470.535499095917
depth4_bal_AAAAMMMM,4,AAAAMMMM,33850,406200,1.310243586699168,1.2580947478612263,1.2670476640973771,0.44451697127937334,0.5130548302872062,0.5037476227765969,0.9947780678851175,0.0003,1.0,10478.73803114891
depth4_bal_AAAAMMMM,4,AAAAMMMM,33875,406500,1.0813633998235066,1.120790918668111,1.1442962305886404,0.6409921671018277,0.6292428198433421,0.6219935115784764,0.9947780678851175,0.0003,1.0,10486.98763871193
depth4_bal_AAAAMMMM,4,AAAAMMMM,33900,406800,1.1372549732526143,1.3354231516520183,1.3700911011014665,0.5881201044386423,0.4556135770234987,0.4317037699966439,0.9947780678851175,0.0003,1.0,10495.137397289276
depth4_bal_AAAAMMMM,4,AAAAMMMM,33925,407100,1.1393334170182545,1.2149245738983154,1.232721335547311,0.568864229765013,0.5391644908616188,0.5293657008613939,0.9947780678851175,0.0003,1.0,10503.199368715286
depth4_bal_AAAAMMMM,4,AAAAMMMM,33950,407400,1.5518205066521962,1.552623947461446,1.5581642866134644,0.3599869451697128,0.3263707571801567,0.3283365029645374,0.9947780678851175,0.0003,1.0,10511.350006818771
depth4_bal_AAAAMMMM,4,AAAAMMMM,33975,407700,1.3195658028125763,1.2333767811457317,1.2779838289533343,0.42656657963446476,0.5300261096605744,0.49356751314464703,0.9947780678851175,0.0003,1.0,10519.430569887161
depth4_bal_AAAAMMMM,4,AAAAMMMM,34000,408000,1.2372982501983643,1.294558008511861,1.311781018120902,0.4908616187989556,0.5013054830287206,0.4792482380579483,0.9947780678851175,0.0003,1.0,10527.615732908249
depth4_bal_AAAAMMMM,4,AAAAMMMM,34025,408300,1.3460258046785991,1.3430578311284382,1.362475095476423,0.4275456919060052,0.4451697127937337,0.42230674572099786,0.9947780678851175,0.0003,1.0,10535.322986125946
depth4_bal_AAAAMMMM,4,AAAAMMMM,34050,408600,1.3634875615437825,1.575762192408244,1.590891923223223,0.41677545691906004,0.2845953002610966,0.2899653205056494,0.9947780678851175,0.0003,1.0,10543.35260128975
depth4_bal_AAAAMMMM,4,AAAAMMMM,34075,408900,1.1131808658440907,1.1326831579208374,1.1523698670523508,0.5920365535248042,0.6318537859007833,0.6304955811612037,0.9947780678851175,0.0003,1.0,10551.36268401146
depth4_bal_AAAAMMMM,4,AAAAMMMM,34100,409200,1.3697033325831096,1.5022309223810832,1.5000831604003906,0.42493472584856395,0.3381201044386423,0.35328336502964536,0.9947780678851175,0.0003,1.0,10559.492308139801
depth4_bal_AAAAMMMM,4,AAAAMMMM,34125,409500,1.9345681369304657,1.8969857692718506,1.8872294868741717,0.256201044386423,0.23237597911227154,0.26535406645038595,0.9947780678851175,0.0003,1.0,10567.479242801666
depth4_bal_AAAAMMMM,4,AAAAMMMM,34150,409800,1.4858995874722798,1.49029541015625,1.512491420337132,0.3779373368146214,0.360313315926893,0.35686318380132004,0.9947780678851175,0.0003,1.0,10575.70485663414
depth4_bal_AAAAMMMM,4,AAAAMMMM,34175,410100,1.3888788123925526,1.4598206679026287,1.487719644818987,0.39099216710182766,0.3328981723237598,0.3189394786888914,0.9947780678851175,0.0003,1.0,10583.916749954224
depth4_bal_AAAAMMMM,4,AAAAMMMM,34200,410400,1.1351968844731648,1.1840291420618694,1.2146144492285593,0.5558093994778068,0.5391644908616188,0.5242197113771115,0.9947780678851175,0.0003,1.0,10591.986595630646
depth4_bal_AAAAMMMM,4,AAAAMMMM,34225,410700,1.276559333006541,1.2149693965911865,1.2087774344852993,0.48400783289817234,0.5339425587467362,0.5456986240071596,0.9947780678851175,0.0003,1.0,10600.275050640106
depth4_bal_AAAAMMMM,4,AAAAMMMM,34250,411000,1.1627557078997295,1.153269648551941,1.1752169813428606,0.5554830287206266,0.6214099216710183,0.5942499160979975,0.9947780678851175,0.0003,1.0,10608.691694498062
depth4_bal_AAAAMMMM,4,AAAAMMMM,34275,411300,1.433484435081482,1.3103323380152385,1.3244610718318395,0.37467362924281983,0.49738903394255873,0.4682850430696946,0.9947780678851175,0.0003,1.0,10616.847841501236
depth4_bal_AAAAMMMM,4,AAAAMMMM,34300,411600,1.3139480749766033,1.2975124915440877,1.3353339433670044,0.43798955613577023,0.4516971279373368,0.4339411567289406,0.9947780678851175,0.0003,1.0,10625.116072893143
depth4_bal_AAAAMMMM,4,AAAAMMMM,34325,411900,1.4486708343029022,1.4234225352605183,1.4336792162486485,0.36781984334203655,0.4073107049608355,0.4059738225752321,0.9947780678851175,0.0003,1.0,10633.480859994888
depth4_bal_AAAAMMMM,4,AAAAMMMM,34350,412200,1.7977282007535298,1.7611335515975952,1.8059334789003645,0.2757832898172324,0.3342036553524804,0.3172614386396689,0.9947780678851175,0.0003,1.0,10641.428093194962
depth4_bal_AAAAMMMM,4,AAAAMMMM,34375,412500,1.3757838209470112,1.3755033413569133,1.3942981822150093,0.40926892950391647,0.4595300261096606,0.43998210090614165,0.9947780678851175,0.0003,1.0,10649.315635681152
depth4_bal_AAAAMMMM,4,AAAAMMMM,34400,412800,1.1905967096487682,1.176325837771098,1.2031269584383284,0.5345953002610966,0.5809399477806788,0.5732184808144087,0.9947780678851175,0.0003,1.0,10657.446696043015
depth4_bal_AAAAMMMM,4,AAAAMMMM,34425,413100,1.5747108558813732,1.4048251708348591,1.4380146435328893,0.3218015665796345,0.4086161879895561,0.39254950218145207,0.9947780678851175,0.0003,1.0,10665.761685848236
depth4_bal_AAAAMMMM,4,AAAAMMMM,34450,413400,1.098081111907959,1.1360046863555908,1.1570659739630562,0.5969321148825065,0.6318537859007833,0.6136033113323638,0.9947780678851175,0.0003,1.0,10673.983018398285
depth4_bal_AAAAMMMM,4,AAAAMMMM,34475,413700,1.2723401188850403,1.431354324022929,1.4079060656683786,0.46050913838120106,0.381201044386423,0.38952903009285156,0.9947780678851175,0.0003,1.0,10682.234417200089
depth4_bal_AAAAMMMM,4,AAAAMMMM,34500,414000,1.1725692947705586,1.2070533434549968,1.239808143888201,0.5182767624020888,0.52088772845953,0.5018458440541448,0.9947780678851175,0.0003,1.0,10690.437019824982
depth4_bal_AAAAMMMM,4,AAAAMMMM,34525,414300,1.1056832075119019,1.1410378615061443,1.1594072682516916,0.6586161879895561,0.7114882506527415,0.6979527911399486,0.9947780678851175,0.0003,1.0,10698.741127967834
depth4_bal_AAAAMMMM,4,AAAAMMMM,34550,414600,1.178827206293742,1.1911755402882893,1.20652152129582,0.5159921671018277,0.5535248041775457,0.5540888242532722,0.9947780678851175,0.0003,1.0,10706.9450340271
depth4_bal_AAAAMMMM,4,AAAAMMMM,34575,414900,1.5082728167374928,1.5988277594248455,1.607151358468192,0.3658616187989556,0.26240208877284593,0.310437409106164,0.9947780678851175,0.0003,1.0,10715.110085248947
depth4_bal_AAAAMMMM,4,AAAAMMMM,34600,415200,1.1749660670757294,1.3396892547607422,1.3649753502437048,0.5195822454308094,0.4086161879895561,0.3982548383488086,0.9947780678851175,0.0003,1.0,10723.332957029343
depth4_bal_AAAAMMMM,4,AAAAMMMM,34625,415500,1.2672262887159984,1.2232407728830974,1.2524012906210764,0.48237597911227154,0.5456919060052219,0.5147108177648506,0.9947780678851175,0.0003,1.0,10731.524805545807
depth4_bal_AAAAMMMM,4,AAAAMMMM,34650,415800,1.324918935696284,1.4567699829737346,1.484982306616647,0.4402741514360313,0.39295039164490864,0.3718536749077078,0.9947780678851175,0.0003,1.0,10739.642772436142
depth4_bal_AAAAMMMM,4,AAAAMMMM,34675,416100,1.196211169163386,1.1939862569173176,1.2228077820369176,0.49902088772845954,0.5339425587467362,0.5222060633180445,0.9947780678851175,0.0003,1.0,10747.287734746933
depth4_bal_AAAAMMMM,4,AAAAMMMM,34700,416400,1.2503474255402882,1.2671373287836711,1.2895972047533308,0.5780026109660574,0.6344647519582245,0.6197561248461797,0.9947780678851175,0.0003,1.0,10755.399390220642
depth4_bal_AAAAMMMM,4,AAAAMMMM,34725,416700,1.1870207687218983,1.3178946574529011,1.3424270936420986,0.5287206266318538,0.42297650130548303,0.4129097214453518,0.9947780678851175,0.0003,1.0,10763.605505228043
depth4_bal_AAAAMMMM,4,AAAAMMMM,34750,417000,1.5328728953997295,1.520838975906372,1.5414560011454992,0.35443864229765015,0.3381201044386423,0.32341425215348474,0.9947780678851175,0.0003,1.0,10771.760688781738
depth4_bal_AAAAMMMM,4,AAAAMMMM,34775,417300,1.6347238620122273,1.3934821685155232,1.4212944507598877,0.3266971279373368,0.44386422976501305,0.412126636089048,0.9947780678851175,0.0003,1.0,10780.02979683876
depth4_bal_AAAAMMMM,4,AAAAMMMM,34800,417600,1.608015884955724,1.516591231028239,1.5097609043121338,0.33975195822454307,0.3524804177545692,0.3813625685199687,0.9947780678851175,0.0003,1.0,10788.326637029648
depth4_bal_AAAAMMMM,4,AAAAMMMM,34825,417900,1.3100777566432953,1.5751700003941853,1.6197186129433767,0.43113577023498695,0.34464751958224543,0.3527240183465712,0.9947780678851175,0.0003,1.0,10796.384231090546
depth4_bal_AAAAMMMM,4,AAAAMMMM,34850,418200,1.4797558188438416,1.674758752187093,1.673957794053214,0.37402088772845954,0.2650130548302872,0.2758697840921803,0.9947780678851175,0.0003,1.0,10804.224640369415
depth4_bal_AAAAMMMM,4,AAAAMMMM,34875,418500,1.2143600086371105,1.1889617443084717,1.2161840779440745,0.508485639686684,0.5731070496083551,0.5518514375209755,0.9947780678851175,0.0003,1.0,10812.483990907669
depth4_bal_AAAAMMMM,4,AAAAMMMM,34900,418800,1.181952029466629,1.229917287826538,1.2671009234019688,0.5313315926892951,0.5248041775456919,0.4865197449379125,0.9947780678851175,0.0003,1.0,10820.786266565323
depth4_bal_AAAAMMMM,4,AAAAMMMM,34925,419100,1.1550079782803853,1.1559608379999797,1.163437455041068,0.5234986945169713,0.6148825065274152,0.5950330014543014,0.9947780678851175,0.0003,1.0,10829.002489089966
depth4_bal_AAAAMMMM,4,AAAAMMMM,34950,419400,1.2389791905879974,1.2001818021138508,1.222977420261928,0.4983681462140992,0.5678851174934726,0.5550956482828057,0.9947780678851175,0.0003,1.0,10837.20331978798
depth4_bal_AAAAMMMM,4,AAAAMMMM,34975,419700,1.1419994334379833,1.1567293802897136,1.1824343374797277,0.5545039164490861,0.5887728459530026,0.5776932542790021,0.9947780678851175,0.0003,1.0,10845.564640760422
depth4_bal_AAAAMMMM,4,AAAAMMMM,35000,420000,1.1423267722129822,1.1812339226404827,1.2231920685086932,0.5887728459530026,0.6070496083550914,0.5511802215012865,0.9947780678851175,0.0003,1.0,10853.91048359871
depth4_bal_AAAAMMMM,4,AAAAMMMM,35025,420300,1.6636196275552113,2.072913646697998,2.12258609022413,0.3368146214099217,0.21279373368146215,0.20785322743036133,0.9947780678851175,0.0003,1.0,10862.139768362045
depth4_bal_AAAAMMMM,4,AAAAMMMM,35050,420600,1.3515993356704712,1.2646852731704712,1.2939136232648576,0.4050261096605744,0.45300261096605743,0.45855241078420406,0.9947780678851175,0.0003,1.0,10865.132862091064
depth4_bal_AAAAMMMM,4,AAAAMMMM,35075,420900,1.3656970858573914,1.2487170298894246,1.271447995730809,0.39556135770234985,0.49869451697127937,0.4907707797292762,0.9947780678851175,0.0003,1.0,10868.230266809464
depth4_bal_AAAAMMMM,4,AAAAMMMM,35100,421200,1.2114816705385845,1.3478732109069824,1.3889034475599016,0.5058746736292428,0.44386422976501305,0.42890703658127305,0.9947780678851175,0.0003,1.0,10871.217194795609
depth4_bal_AAAAMMMM,4,AAAAMMMM,35125,421500,1.1800475716590881,1.2732705275217693,1.291603204182216,0.5783289817232375,0.5169712793733682,0.49759480926278105,0.9947780678851175,0.0003,1.0,10874.246345758438
depth4_bal_AAAAMMMM,4,AAAAMMMM,35150,421800,1.1068155268828075,1.291341781616211,1.3216271945408413,0.560378590078329,0.42428198433420367,0.416153932207182,0.9947780678851175,0.0003,1.0,10881.433614730835
depth4_bal_AAAAMMMM,4,AAAAMMMM,35175,422100,1.2401105562845867,1.4863136212031047,1.5384724072047642,0.4654046997389034,0.3981723237597911,0.3707349815415595,0.9947780678851175,0.0003,1.0,10889.778113126755
depth4_bal_AAAAMMMM,4,AAAAMMMM,35200,422400,1.2046760420004528,1.2806657155354817,1.3084940603801183,0.537532637075718,0.45430809399477806,0.46414587761494575,0.9947780678851175,0.0003,1.0,10897.440536022186
depth4_bal_AAAAMMMM,4,AAAAMMMM,35225,422700,1.21434419353803,1.658461054166158,1.689989185333252,0.4911879895561358,0.3838120104438642,0.38248126188611703,0.9947780678851175,0.0003,1.0,10905.544012784958
depth4_bal_AAAAMMMM,4,AAAAMMMM,35250,423000,1.158048947652181,1.1494745016098022,1.1700892278126307,0.5607049608355091,0.6370757180156658,0.6219935115784764,0.9947780678851175,0.0003,1.0,10913.473528862
depth4_bal_AAAAMMMM,4,AAAAMMMM,35275,423300,1.1318286557992299,1.1487138668696086,1.183799512045724,0.5871409921671018,0.5992167101827677,0.5864190625349591,0.9947780678851175,0.0003,1.0,10921.812807559967
depth4_bal_AAAAMMMM,4,AAAAMMMM,35300,423600,1.0913330415884654,1.1621670325597127,1.2138462100710188,0.6135770234986945,0.6109660574412533,0.5404407651862625,0.9947780678851175,0.0003,1.0,10929.835654258728
depth4_bal_AAAAMMMM,4,AAAAMMMM,35325,423900,1.1465618511041005,1.2446386814117432,1.2664566959653583,0.5675587467362925,0.5313315926892951,0.5354066450385949,0.9947780678851175,0.0003,1.0,10938.110205411911
depth4_bal_AAAAMMMM,4,AAAAMMMM,35350,424200,1.4792157212893169,1.4931928316752117,1.50333092212677,0.40143603133159267,0.40600522193211486,0.3919901554983779,0.9947780678851175,0.0003,1.0,10946.34363937378
depth4_bal_AAAAMMMM,4,AAAAMMMM,35375,424500,1.1766629815101624,1.1260918378829956,1.1637106452669417,0.5179503916449086,0.618798955613577,0.6120371406197561,0.9947780678851175,0.0003,1.0,10954.438201189041
depth4_bal_AAAAMMMM,4,AAAAMMMM,35400,424800,1.2004780272642772,1.3779439131418865,1.4041166033063617,0.5110966057441253,0.35900783289817234,0.344110079427229,0.9947780678851175,0.0003,1.0,10962.47803735733
depth4_bal_AAAAMMMM,4,AAAAMMMM,35425,425100,1.386435180902481,2.1287471453348794,2.180432401384626,0.4030678851174935,0.2297650130548303,0.2199351157847634,0.9947780678851175,0.0003,1.0,10970.322271108627
depth4_bal_AAAAMMMM,4,AAAAMMMM,35450,425400,1.406957318385442,1.2583208878835042,1.300562800679888,0.37467362924281983,0.49738903394255873,0.4716411231681396,0.9947780678851175,0.0003,1.0,10978.278043746948
depth4_bal_AAAAMMMM,4,AAAAMMMM,35475,425700,1.2569198211034138,1.2123258511225383,1.2391110113688877,0.483355091383812,0.5691906005221932,0.5473766640563822,0.9947780678851175,0.0003,1.0,10986.333166599274
depth4_bal_AAAAMMMM,4,AAAAMMMM,35500,426000,1.1358824769655864,1.2235092322031658,1.2690294538225446,0.5554830287206266,0.52088772845953,0.5102360443002573,0.9947780678851175,0.0003,1.0,10994.583911895752
depth4_bal_AAAAMMMM,4,AAAAMMMM,35525,426300,1.347758690516154,1.3813190460205078,1.4174071380070277,0.429177545691906,0.4412532637075718,0.4225304843942275,0.9947780678851175,0.0003,1.0,11002.892807483673
depth4_bal_AAAAMMMM,4,AAAAMMMM,35550,426600,1.2928030391534169,1.274487813313802,1.2832429817744664,0.4494125326370757,0.45430809399477806,0.47108177648506544,0.9947780678851175,0.0003,1.0,11011.25380897522
depth4_bal_AAAAMMMM,4,AAAAMMMM,35575,426900,1.2015323241551716,1.1875193913777669,1.218384235245841,0.5607049608355091,0.6292428198433421,0.5988365588992057,0.9947780678851175,0.0003,1.0,11019.470652341843
depth4_bal_AAAAMMMM,4,AAAAMMMM,35600,427200,1.150532474120458,1.2888076305389404,1.3333322593144008,0.5496083550913838,0.5065274151436031,0.48540105157176416,0.9947780678851175,0.0003,1.0,11027.396245718002
depth4_bal_AAAAMMMM,4,AAAAMMMM,35625,427500,1.6119297246138256,1.384906808535258,1.4352877719061716,0.31951697127937334,0.4164490861618799,0.38460677928179887,0.9947780678851175,0.0003,1.0,11035.401241064072
depth4_bal_AAAAMMMM,4,AAAAMMMM,35650,427800,1.1408584614594777,1.2628534237543743,1.3141884633472987,0.5636422976501305,0.4281984334203655,0.4049669985456986,0.9947780678851175,0.0003,1.0,11043.752547979355
depth4_bal_AAAAMMMM,4,AAAAMMMM,35675,428100,1.2866060535113018,1.2222613096237183,1.2642954281398229,0.47389033942558745,0.5835509138381201,0.549502181452064,0.9947780678851175,0.0003,1.0,11052.045713186264
depth4_bal_AAAAMMMM,4,AAAAMMMM,35700,428400,1.1909722288449605,1.2257637182871501,1.2510368960244316,0.6504569190600522,0.6775456919060052,0.6414587761494575,0.9947780678851175,0.0003,1.0,11060.326313734055
depth4_bal_AAAAMMMM,4,AAAAMMMM,35725,428700,1.3221796651681264,1.5254846413930256,1.5801345586776734,0.4383159268929504,0.34203655352480417,0.3259872468956259,0.9947780678851175,0.0003,1.0,11068.817560434341
depth4_bal_AAAAMMMM,4,AAAAMMMM,35750,429000,1.2007350623607635,1.2600703239440918,1.2902936560767038,0.52088772845953,0.5013054830287206,0.47902449938471864,0.9947780678851175,0.0003,1.0,11077.13385105133
depth4_bal_AAAAMMMM,4,AAAAMMMM,35775,429300,1.0634090801080067,1.1730525493621826,1.2162928785596574,0.6674281984334204,0.5404699738903395,0.561584069806466,0.9947780678851175,0.0003,1.0,11085.394309043884
depth4_bal_AAAAMMMM,4,AAAAMMMM,35800,429600,1.1722489992777507,1.244163155555725,1.2570965766906739,0.5848563968668408,0.5391644908616188,0.5386508558004252,0.9947780678851175,0.0003,1.0,11093.135612010956
depth4_bal_AAAAMMMM,4,AAAAMMMM,35825,429900,1.3638840715090434,1.2773292462031047,1.2946867363793508,0.4255874673629243,0.47780678851174935,0.4483723011522542,0.9947780678851175,0.0003,1.0,11101.50450015068
depth4_bal_AAAAMMMM,4,AAAAMMMM,35850,430200,1.1753875215848286,1.226104736328125,1.2405245746885027,0.6527415143603134,0.6657963446475196,0.6488421523660365,0.9947780678851175,0.0003,1.0,11109.772491455078
depth4_bal_AAAAMMMM,4,AAAAMMMM,35875,430500,1.2254409889380138,1.2051815589269002,1.2372679812567575,0.4941253263707572,0.5587467362924282,0.5407763731961069,0.9947780678851175,0.0003,1.0,11117.872108697891
depth4_bal_AAAAMMMM,4,AAAAMMMM,35900,430800,1.0853037337462108,1.0945715109507244,1.1215275049209594,0.6325065274151436,0.7101827676240209,0.681507998657568,0.9947780678851175,0.0003,1.0,11125.669777393341
depth4_bal_AAAAMMMM,4,AAAAMMMM,35925,431100,1.2246507108211517,1.309824029604594,1.3499434403010777,0.4879242819843342,0.44778067885117495,0.4336055487190961,0.9947780678851175,0.0003,1.0,11133.967347860336
depth4_bal_AAAAMMMM,4,AAAAMMMM,35950,431400,1.1570651630560558,1.316994031270345,1.3669897896902903,0.539490861618799,0.44778067885117495,0.4227542230674572,0.9947780678851175,0.0003,1.0,11142.116749286652
depth4_bal_AAAAMMMM,4,AAAAMMMM,35975,431700,1.2193145155906677,1.2192737658818562,1.231188828604562,0.4970626631853786,0.49869451697127937,0.5041951001230562,0.9947780678851175,0.0003,1.0,11150.376019477844
depth4_bal_AAAAMMMM,4,AAAAMMMM,36000,432000,1.040760949254036,1.120662252108256,1.1541607448032924,0.7052872062663186,0.6671018276762402,0.6404519521199239,0.9947780678851175,0.0003,1.0,11157.96635723114
depth4_bal_AAAAMMMM,4,AAAAMMMM,36025,432300,1.1075847744941711,1.1194541056950886,1.152744003704616,0.6093342036553525,0.6631853785900783,0.6268038930529142,0.9947780678851175,0.0003,1.0,11166.232329845428
depth4_bal_AAAAMMMM,4,AAAAMMMM,36050,432600,1.5435347457726796,1.8083137671152751,1.7880290542330062,0.3577023498694517,0.2297650130548303,0.26177424767871127,0.9947780678851175,0.0003,1.0,11174.4048974514
depth4_bal_AAAAMMMM,4,AAAAMMMM,36075,432900,1.222365528345108,1.2146310011545818,1.2598809140069145,0.4924934725848564,0.5496083550913838,0.5280232688220159,0.9947780678851175,0.0003,1.0,11182.44595336914
depth4_bal_AAAAMMMM,4,AAAAMMMM,36100,433200,1.1283959746360779,1.1747091213862102,1.199201478276934,0.7349869451697127,0.7127937336814621,0.7014207405750084,0.9947780678851175,0.0003,1.0,11190.784356117249
depth4_bal_AAAAMMMM,4,AAAAMMMM,36125,433500,1.10689377784729,1.232356071472168,1.273248859814235,0.5982375979112271,0.5143603133159269,0.48674348361114217,0.9947780678851175,0.0003,1.0,11198.670866012573
depth4_bal_AAAAMMMM,4,AAAAMMMM,36150,433800,1.2622466882069905,1.1825855175654094,1.2174537658691407,0.49053524804177545,0.6070496083550914,0.5802662490211433,0.9947780678851175,0.0003,1.0,11206.782635211945
depth4_bal_AAAAMMMM,4,AAAAMMMM,36175,434100,1.3885367314020793,1.3211970726648967,1.3376389878136772,0.4050261096605744,0.41383812010443866,0.44490435171719434,0.9947780678851175,0.0003,1.0,11214.959379196167
depth4_bal_AAAAMMMM,4,AAAAMMMM,36200,434400,1.2394788563251495,1.4615739981333415,1.5172159671783447,0.4964099216710183,0.370757180156658,0.3498154155945855,0.9947780678851175,0.0003,1.0,11223.203778028488
depth4_bal_AAAAMMMM,4,AAAAMMMM,36225,434700,1.1490928928057353,1.1912351846694946,1.2186631849833898,0.6181462140992167,0.6266318537859008,0.5911175746727821,0.9947780678851175,0.0003,1.0,11231.576421499252
depth4_bal_AAAAMMMM,4,AAAAMMMM,36250,435000,1.3655904531478882,1.2145590782165527,1.2551050118037632,0.4314621409921671,0.5378590078328982,0.5033001454301376,0.9947780678851175,0.0003,1.0,11239.919321775436
depth4_bal_AAAAMMMM,4,AAAAMMMM,36275,435300,1.5699245631694794,1.6585965553919475,1.6772011518478394,0.3410574412532637,0.3028720626631854,0.3014878621769773,0.9947780678851175,0.0003,1.0,11248.286197423935
depth4_bal_AAAAMMMM,4,AAAAMMMM,36300,435600,1.4049294888973236,1.4468185504277546,1.517474729674203,0.38903394255874674,0.370757180156658,0.3547376664056382,0.9947780678851175,0.0003,1.0,11256.522374153137
depth4_bal_AAAAMMMM,4,AAAAMMMM,36325,435900,1.1322462558746338,1.153146505355835,1.1802421740123203,0.5953002610966057,0.6266318537859008,0.6185255621434165,0.9947780678851175,0.0003,1.0,11264.557597875595
depth4_bal_AAAAMMMM,4,AAAAMMMM,36350,436200,1.5888891319433849,1.478036602338155,1.5216860668999808,0.34236292428198434,0.381201044386423,0.3604430025729947,0.9947780678851175,0.0003,1.0,11272.708815813065
depth4_bal_AAAAMMMM,4,AAAAMMMM,36375,436500,1.4656473994255066,1.276841163635254,1.3032094206128801,0.40535248041775457,0.5078328981723238,0.48573665958160867,0.9947780678851175,0.0003,1.0,11281.155997037888
depth4_bal_AAAAMMMM,4,AAAAMMMM,36400,436800,1.282178709904353,1.419257918993632,1.4526516471590314,0.4813968668407311,0.3563968668407311,0.33113323637990827,0.9947780678851175,0.0003,1.0,11289.338500976562
depth4_bal_AAAAMMMM,4,AAAAMMMM,36425,437100,1.2619409362475078,1.329179326693217,1.3490070785794939,0.5163185378590078,0.4621409921671018,0.44826043181563935,0.9947780678851175,0.0003,1.0,11297.467987537384
depth4_bal_AAAAMMMM,4,AAAAMMMM,36450,437400,1.2598169247309368,1.3205724557240803,1.3340726069041662,0.466710182767624,0.39947780678851175,0.41369280680165565,0.9947780678851175,0.0003,1.0,11305.495238780975
depth4_bal_AAAAMMMM,4,AAAAMMMM,36475,437700,1.1233285069465637,1.2874585390090942,1.3098496845790317,0.5943211488250653,0.41906005221932113,0.4111198120595145,0.9947780678851175,0.0003,1.0,11313.85456776619
depth4_bal_AAAAMMMM,4,AAAAMMMM,36500,438000,1.539380669593811,1.581536094347636,1.6004312344959803,0.3515013054830287,0.3772845953002611,0.39221389417160757,0.9947780678851175,0.0003,1.0,11322.122957468033
depth4_bal_AAAAMMMM,4,AAAAMMMM,36525,438300,1.1472056210041046,1.23513396581014,1.2695370469774518,0.5564621409921671,0.5169712793733682,0.4997203266584629,0.9947780678851175,0.0003,1.0,11330.42488861084
depth4_bal_AAAAMMMM,4,AAAAMMMM,36550,438600,1.3123927315076191,1.3909564812978108,1.427715287889753,0.4200391644908616,0.39947780678851175,0.39075959279561473,0.9947780678851175,0.0003,1.0,11338.697797298431
depth4_bal_AAAAMMMM,4,AAAAMMMM,36575,438900,1.2483347058296204,1.2618720134099324,1.289203384944371,0.4830287206266319,0.5013054830287206,0.483499272849312,0.9947780678851175,0.0003,1.0,11347.036691904068
depth4_bal_AAAAMMMM,4,AAAAMMMM,36600,439200,1.412511686484019,1.4338338375091553,1.457457481111799,0.4109007832898172,0.39947780678851175,0.3810269605101242,0.9947780678851175,0.0003,1.0,11355.262964010239
depth4_bal_AAAAMMMM,4,AAAAMMMM,36625,439500,1.2549177408218384,1.4490857124328613,1.490070949281965,0.48074412532637073,0.43733681462140994,0.41402841481150016,0.9947780678851175,0.0003,1.0,11363.481409072876
depth4_bal_AAAAMMMM,4,AAAAMMMM,36650,439800,1.1473377545674641,1.1461635033289592,1.1726008381162372,0.5460182767624021,0.5835509138381201,0.5611365924600067,0.9947780678851175,0.0003,1.0,11371.754041433334
depth4_bal_AAAAMMMM,4,AAAAMMMM,36675,440100,1.3009921212991078,1.4730029900868733,1.4924656084605625,0.4510443864229765,0.3198433420365535,0.32374986016332924,0.9947780678851175,0.0003,1.0,11379.8637778759
depth4_bal_AAAAMMMM,4,AAAAMMMM,36700,440400,1.3573667009671528,1.4653695424397786,1.4919502973556518,0.4680156657963446,0.34986945169712796,0.3219599507774919,0.9947780678851175,0.0003,1.0,11388.1353328228
depth4_bal_AAAAMMMM,4,AAAAMMMM,36725,440700,1.2157816290855408,1.7324455976486206,1.733177195276533,0.5153394255874674,0.23759791122715404,0.23727486296006264,0.9947780678851175,0.0003,1.0,11396.363585948944
depth4_bal_AAAAMMMM,4,AAAAMMMM,36750,441000,1.3893104195594788,1.2952208121617634,1.3178703784942627,0.39523498694516973,0.4869451697127937,0.47846515270164447,0.9947780678851175,0.0003,1.0,11404.53734588623
depth4_bal_AAAAMMMM,4,AAAAMMMM,36775,441300,1.091447005669276,1.1394920349121094,1.1518365110669817,0.6573107049608355,0.6592689295039165,0.6754670544803669,0.9947780678851175,0.0003,1.0,11412.622009515762
depth4_bal_AAAAMMMM,4,AAAAMMMM,36800,441600,1.0742094616095226,1.1296321551005046,1.1657530273709977,0.6556788511749347,0.6449086161879896,0.6184136928068017,0.9947780678851175,0.0003,1.0,11420.734958171844
depth4_bal_AAAAMMMM,4,AAAAMMMM,36825,441900,1.231747994820277,1.1849509477615356,1.198680635860988,0.48009138381201044,0.5639686684073107,0.5594585524107842,0.9947780678851175,0.0003,1.0,11428.810549736023
depth4_bal_AAAAMMMM,4,AAAAMMMM,36850,442200,1.1559773186842601,1.1902312437693279,1.2244560991014752,0.6321801566579635,0.6005221932114883,0.5846291531491218,0.9947780678851175,0.0003,1.0,11436.564532279968
depth4_bal_AAAAMMMM,4,AAAAMMMM,36875,442500,1.1974441309769948,1.2301183541615803,1.2525867870875766,0.6354438642297651,0.6318537859007833,0.6214341648954022,0.9947780678851175,0.0003,1.0,11444.712304592133
depth4_bal_AAAAMMMM,4,AAAAMMMM,36900,442800,1.1036065220832825,1.157434622446696,1.1934742859431675,0.6315274151436031,0.5939947780678851,0.5653876272513704,0.9947780678851175,0.0003,1.0,11452.64184641838
depth4_bal_AAAAMMMM,4,AAAAMMMM,36925,443100,1.2161190410455067,1.211245099703471,1.2304841722760882,0.5009791122715405,0.5718015665796344,0.5429018905917888,0.9947780678851175,0.0003,1.0,11460.603936433792
depth4_bal_AAAAMMMM,4,AAAAMMMM,36950,443400,1.1778598129749298,1.1435443957646687,1.1634459563664028,0.5483028720626631,0.660574412532637,0.6422418615057612,0.9947780678851175,0.0003,1.0,11468.966210603714
depth4_bal_AAAAMMMM,4,AAAAMMMM,36975,443700,1.141808996597926,1.1370462973912556,1.1635129077093942,0.5711488250652742,0.6018276762402088,0.5876496252377224,0.9947780678851175,0.0003,1.0,11477.167271852493
depth4_bal_AAAAMMMM,4,AAAAMMMM,37000,444000,1.3637450138727825,1.5992451906204224,1.6338576214654106,0.42265013054830286,0.2845953002610966,0.2820225976059962,0.9947780678851175,0.0003,1.0,11485.251661539078
depth4_bal_AAAAMMMM,4,AAAAMMMM,37025,444300,1.173588941494624,1.2274646361668904,1.2445980310440063,0.5310052219321149,0.49738903394255873,0.488869001006824,0.9947780678851175,0.0003,1.0,11492.007212162018
depth4_bal_AAAAMMMM,4,AAAAMMMM,37050,444600,1.269195596377055,1.423091729482015,1.4389379024505615,0.4585509138381201,0.4164490861618799,0.40843494798075847,0.9947780678851175,0.0003,1.0,11500.117061376572
depth4_bal_AAAAMMMM,4,AAAAMMMM,37075,444900,1.2962699731190999,1.3306073347727458,1.3568049873624528,0.4533289817232376,0.4281984334203655,0.42230674572099786,0.9947780678851175,0.0003,1.0,11508.297099113464
depth4_bal_AAAAMMMM,4,AAAAMMMM,37100,445200,1.3690154453118641,1.26276691754659,1.307691410609654,0.3984986945169713,0.49738903394255873,0.4811500167804005,0.9947780678851175,0.0003,1.0,11516.551617383957
depth4_bal_AAAAMMMM,4,AAAAMMMM,37125,445500,1.239612301190694,1.5792503356933594,1.5992786237171719,0.4869451697127937,0.304177545691906,0.2963418726926949,0.9947780678851175,0.0003,1.0,11524.585267066956
depth4_bal_AAAAMMMM,4,AAAAMMMM,37150,445800,1.1697902580102284,1.2499298652013142,1.2700511830193655,0.5590731070496083,0.4934725848563969,0.48730283029421634,0.9947780678851175,0.0003,1.0,11532.755498886108
depth4_bal_AAAAMMMM,4,AAAAMMMM,37175,446100,1.431036372979482,1.3362839221954346,1.3610699006489344,0.39066579634464754,0.42297650130548303,0.4217473990379237,0.9947780678851175,0.0003,1.0,11541.072586774826
depth4_bal_AAAAMMMM,4,AAAAMMMM,37200,446400,1.2315906087557476,1.367104212443034,1.372422674724034,0.47389033942558745,0.40600522193211486,0.41335719879181115,0.9947780678851175,0.0003,1.0,11549.24528837204
depth4_bal_AAAAMMMM,4,AAAAMMMM,37225,446700,1.1328314542770386,1.1620354652404785,1.196677586010524,0.5574412532637075,0.6096605744125326,0.5761270835663944,0.9947780678851175,0.0003,1.0,11557.462466478348
depth4_bal_AAAAMMMM,4,AAAAMMMM,37250,447000,1.15891495347023,1.2062115669250488,1.2356375421796526,0.5558093994778068,0.5391644908616188,0.5476004027296119,0.9947780678851175,0.0003,1.0,11565.558693170547
depth4_bal_AAAAMMMM,4,AAAAMMMM,37275,447300,1.1482322911421459,1.1897497177124023,1.214271286555699,0.5453655352480418,0.54177545691906,0.5497259201252936,0.9947780678851175,0.0003,1.0,11573.833312988281
depth4_bal_AAAAMMMM,4,AAAAMMMM,37300,447600,1.5601791739463806,1.4591141541798909,1.484943039076669,0.3299608355091384,0.37597911227154046,0.3721892829175523,0.9947780678851175,0.0003,1.0,11581.956255435944
depth4_bal_AAAAMMMM,4,AAAAMMMM,37325,447900,1.1227741241455078,1.1380499601364136,1.1888031244277955,0.5988903394255874,0.6305483028720626,0.6004027296118134,0.9947780678851175,0.0003,1.0,11589.876737117767
depth4_bal_AAAAMMMM,4,AAAAMMMM,37350,448200,1.1504031320412953,1.4083387851715088,1.4319320235933577,0.5251305483028721,0.3263707571801567,0.31345788119476453,0.9947780678851175,0.0003,1.0,11597.717809915543
depth4_bal_AAAAMMMM,4,AAAAMMMM,37375,448500,1.1430381337801616,1.181637167930603,1.2129363230296544,0.5610313315926893,0.5522193211488251,0.5342879516724466,0.9947780678851175,0.0003,1.0,11605.86301612854
depth4_bal_AAAAMMMM,4,AAAAMMMM,37400,448800,1.2024331986904144,1.5693672100702922,1.58433997631073,0.5042428198433421,0.3263707571801567,0.312451057165231,0.9947780678851175,0.0003,1.0,11614.168551445007
depth4_bal_AAAAMMMM,4,AAAAMMMM,37425,449100,1.1289407809575398,1.1588466962178547,1.183826756477356,0.5678851174934726,0.5861618798955613,0.5510683521646716,0.9947780678851175,0.0003,1.0,11623.032027244568
depth4_bal_AAAAMMMM,4,AAAAMMMM,37450,449400,1.1949685215950012,1.2718653678894043,1.2985768420355661,0.533289817232376,0.47911227154047,0.47477346459335495,0.9947780678851175,0.0003,1.0,11631.331983804703
depth4_bal_AAAAMMMM,4,AAAAMMMM,37475,449700,1.755388230085373,1.5697920719782512,1.655532969747271,0.2878590078328982,0.3289817232375979,0.30417272625573333,0.9947780678851175,0.0003,1.0,11639.615371227264
depth4_bal_AAAAMMMM,4,AAAAMMMM,37500,450000,1.284151126941045,1.2726937929789226,1.285821008682251,0.47095300261096606,0.5143603133159269,0.5162769884774583,0.9947780678851175,0.0003,1.0,11647.800587892532
depth4_bal_AAAAMMMM,4,AAAAMMMM,37525,450300,1.6585904657840729,1.4546359777450562,1.4624819108418057,0.42265013054830286,0.42036553524804177,0.41827944960286384,0.9947780678851175,0.0003,1.0,11655.960020780563
depth4_bal_AAAAMMMM,4,AAAAMMMM,37550,450600,1.5187252064545949,1.4665578206380208,1.4989695378712244,0.35345953002610964,0.3720626631853786,0.3518290636536525,0.9947780678851175,0.0003,1.0,11664.215888023376
depth4_bal_AAAAMMMM,4,AAAAMMMM,37575,450900,1.3457493881384532,1.2126753727595012,1.243904982294355,0.47943864229765015,0.5483028720626631,0.5090054815974941,0.9947780678851175,0.0003,1.0,11672.457682132721
depth4_bal_AAAAMMMM,4,AAAAMMMM,37600,451200,1.2981520394484203,1.4288829167683919,1.470324284689767,0.43309399477806787,0.4046997389033943,0.3956818436066674,0.9947780678851175,0.0003,1.0,11680.754228591919
depth4_bal_AAAAMMMM,4,AAAAMMMM,37625,451500,1.1196574469407399,1.1458059151967366,1.1566358804702759,0.556135770234987,0.5953002610966057,0.5891039266137151,0.9947780678851175,0.0003,1.0,11688.921994924545
depth4_bal_AAAAMMMM,4,AAAAMMMM,37650,451800,1.2309559484322865,1.2781449556350708,1.2906982285635813,0.48466057441253263,0.47911227154047,0.46078979751650073,0.9947780678851175,0.0003,1.0,11697.099017620087
depth4_bal_AAAAMMMM,4,AAAAMMMM,37675,452100,1.2600002984205882,1.247106909751892,1.2973192351205007,0.46573107049608353,0.5143603133159269,0.47645150464257746,0.9947780678851175,0.0003,1.0,11705.413442850113
depth4_bal_AAAAMMMM,4,AAAAMMMM,37700,452400,1.1135078171888988,1.1311403512954712,1.174220531327384,0.585509138381201,0.6227154046997389,0.5773576462691576,0.9947780678851175,0.0003,1.0,11713.256401777267
depth4_bal_AAAAMMMM,4,AAAAMMMM,37725,452700,1.5041321416695912,1.466583530108134,1.4990998268127442,0.3577023498694517,0.35117493472584854,0.3630159973151359,0.9947780678851175,0.0003,1.0,11720.94173336029
depth4_bal_AAAAMMMM,4,AAAAMMMM,37750,453000,1.2766912877559662,1.7279061079025269,1.8219165222985403,0.4412532637075718,0.34464751958224543,0.3170376999664392,0.9947780678851175,0.0003,1.0,11729.221466302872
depth4_bal_AAAAMMMM,4,AAAAMMMM,37775,453300,1.1489489773909252,1.2333210309346516,1.2628313064575196,0.5509138381201044,0.5039164490861618,0.48931647835328335,0.9947780678851175,0.0003,1.0,11737.592410564423
depth4_bal_AAAAMMMM,4,AAAAMMMM,37800,453600,1.2422877152760823,1.2615959246953328,1.2925500971930368,0.47323759791122716,0.49216710182767626,0.488197784987135,0.9947780678851175,0.0003,1.0,11745.225009918213
depth4_bal_AAAAMMMM,4,AAAAMMMM,37825,453900,1.3092076083024342,1.4222174088160198,1.481001343045916,0.4383159268929504,0.4046997389033943,0.3610023492560689,0.9947780678851175,0.0003,1.0,11753.343798398972
depth4_bal_AAAAMMMM,4,AAAAMMMM,37850,454200,1.3152563671271007,1.3997844060262044,1.4042291641235352,0.445822454308094,0.41383812010443866,0.4058619532386173,0.9947780678851175,0.0003,1.0,11761.496531248093
depth4_bal_AAAAMMMM,4,AAAAMMMM,37875,454500,1.08526811003685,1.0730252265930176,1.1060652085712979,0.5953002610966057,0.7101827676240209,0.6850878174292426,0.9947780678851175,0.0003,1.0,11769.64544725418
depth4_bal_AAAAMMMM,4,AAAAMMMM,37900,454800,1.3190267384052277,1.2925289471944172,1.3129004444394792,0.44321148825065276,0.47780678851174935,0.47041056046537644,0.9947780678851175,0.0003,1.0,11777.694201231003
depth4_bal_AAAAMMMM,4,AAAAMMMM,37925,455100,1.5373514691988628,1.6018240054448445,1.6508156538009644,0.34823759791122716,0.3342036553524804,0.31412909721445353,0.9947780678851175,0.0003,1.0,11785.49735736847
depth4_bal_AAAAMMMM,4,AAAAMMMM,37950,455400,1.078499714533488,1.1192588408788045,1.1464986256190708,0.6592689295039165,0.7127937336814621,0.6839691240630943,0.9947780678851175,0.0003,1.0,11793.716804265976
depth4_bal_AAAAMMMM,4,AAAAMMMM,37975,455700,1.2381048103173573,1.282734711964925,1.3115333795547486,0.4765013054830287,0.4804177545691906,0.47768206734534063,0.9947780678851175,0.0003,1.0,11802.094265937805
depth4_bal_AAAAMMMM,4,AAAAMMMM,38000,456000,1.3239376445611317,1.5038960377375286,1.591913206236703,0.44190600522193213,0.3524804177545692,0.33180445239959727,0.9947780678851175,0.0003,1.0,11810.364083051682
depth4_bal_AAAAMMMM,4,AAAAMMMM,38025,456300,1.3374466399351757,1.4404520591100056,1.4711753129959106,0.4259138381201044,0.3629242819843342,0.3538427117127195,0.9947780678851175,0.0003,1.0,11818.596890211105
depth4_bal_AAAAMMMM,4,AAAAMMMM,38050,456600,1.4359463254610698,1.4372344414393108,1.4615087747573852,0.3919712793733681,0.4112271540469974,0.38617294999440654,0.9947780678851175,0.0003,1.0,11826.722082853317
depth4_bal_AAAAMMMM,4,AAAAMMMM,38075,456900,1.2783369322617848,1.599511702855428,1.652767825126648,0.4585509138381201,0.3720626631853786,0.35015102360443,0.9947780678851175,0.0003,1.0,11834.93228340149
depth4_bal_AAAAMMMM,4,AAAAMMMM,38100,457200,1.336373011271159,1.3050272862116497,1.3429314238684518,0.4298302872062663,0.5052219321148825,0.47018682179214677,0.9947780678851175,0.0003,1.0,11843.276689529419
depth4_bal_AAAAMMMM,4,AAAAMMMM,38125,457500,1.2310470541318257,1.2437005837758381,1.2447777475629533,0.5078328981723238,0.5313315926892951,0.5352947757019801,0.9947780678851175,0.0003,1.0,11850.935614585876
depth4_bal_AAAAMMMM,4,AAAAMMMM,38150,457800,1.418299267689387,1.55522354443868,1.5737355027879987,0.41383812010443866,0.360313315926893,0.36290412797852106,0.9947780678851175,0.0003,1.0,11859.005064249039
depth4_bal_AAAAMMMM,4,AAAAMMMM,38175,458100,1.2779610256354015,1.2453213532765706,1.2794714450836182,0.49281984334203655,0.5156657963446475,0.48305179550285265,0.9947780678851175,0.0003,1.0,11866.928037166595
depth4_bal_AAAAMMMM,4,AAAAMMMM,38200,458400,1.27126278479894,1.188539187113444,1.2082337890352521,0.4663838120104439,0.5587467362924282,0.559570421747399,0.9947780678851175,0.0003,1.0,11874.486427545547
depth4_bal_AAAAMMMM,4,AAAAMMMM,38225,458700,1.115429292122523,1.2201646169026692,1.2415197610855102,0.5786553524804178,0.5104438642297651,0.5073274415482716,0.9947780678851175,0.0003,1.0,11882.585636138916
depth4_bal_AAAAMMMM,4,AAAAMMMM,38250,459000,1.2209290067354839,1.348394234975179,1.369167287009103,0.508485639686684,0.4725848563968668,0.43371741805571096,0.9947780678851175,0.0003,1.0,11890.87417435646
depth4_bal_AAAAMMMM,4,AAAAMMMM,38275,459300,1.4531403481960297,1.4732768535614014,1.4997839484895978,0.3674934725848564,0.3681462140992167,0.3700637655218705,0.9947780678851175,0.0003,1.0,11898.984415769577
depth4_bal_AAAAMMMM,4,AAAAMMMM,38300,459600,1.3539123336474101,1.3457873662312825,1.3750123500823974,0.4252610966057441,0.4490861618798956,0.4291307752545027,0.9947780678851175,0.0003,1.0,11907.300567150116
depth4_bal_AAAAMMMM,4,AAAAMMMM,38325,459900,1.3725390036900837,1.211499293645223,1.2451841388429914,0.4004569190600522,0.5221932114882507,0.49267255845172836,0.9947780678851175,0.0003,1.0,11915.11886548996
depth4_bal_AAAAMMMM,4,AAAAMMMM,38350,460200,1.2908002734184265,1.4782020648320515,1.5001383134296962,0.4425587467362924,0.35900783289817234,0.3533952343662602,0.9947780678851175,0.0003,1.0,11923.387973070145
depth4_bal_AAAAMMMM,4,AAAAMMMM,38375,460500,1.080792059501012,1.2284891208012898,1.272186735698155,0.6452349869451697,0.5117493472584856,0.4723123391878286,0.9947780678851175,0.0003,1.0,11931.6726500988
depth4_bal_AAAAMMMM,4,AAAAMMMM,38400,460800,1.1195150911808014,1.1219838857650757,1.157372784614563,0.5851827676240209,0.6814621409921671,0.6435842935451392,0.9947780678851175,0.0003,1.0,11939.569791078568
depth4_bal_AAAAMMMM,4,AAAAMMMM,38425,461100,1.094552328189214,1.104122281074524,1.1207186767033168,0.652088772845953,0.7154046997389034,0.7022038259313123,0.9947780678851175,0.0003,1.0,11946.246447086334
depth4_bal_AAAAMMMM,4,AAAAMMMM,38450,461400,1.1017709871133168,1.1573223272959392,1.171260905265808,0.5975848563968669,0.608355091383812,0.6099116232240743,0.9947780678851175,0.0003,1.0,11952.746355295181
depth4_bal_AAAAMMMM,4,AAAAMMMM,38475,461700,1.0497870842615764,1.0850431124369304,1.1187307494027274,0.6739556135770235,0.7154046997389034,0.6953797963978073,0.9947780678851175,0.0003,1.0,11955.700984239578
depth4_bal_AAAAMMMM,4,AAAAMMMM,38500,462000,1.1497170428435008,1.1692790587743123,1.1977622747421264,0.5828981723237598,0.6031331592689295,0.5953686094641458,0.9947780678851175,0.0003,1.0,11958.653430461884
depth4_bal_AAAAMMMM,4,AAAAMMMM,38525,462300,1.196898380915324,1.1452940305074055,1.172054168156215,0.4827023498694517,0.6057441253263708,0.5833985904463587,0.9947780678851175,0.0003,1.0,11961.779804468155
depth4_bal_AAAAMMMM,4,AAAAMMMM,38550,462600,1.2491480608781178,1.2231285969416301,1.2583530528204783,0.49477806788511747,0.5326370757180157,0.5143752097550062,0.9947780678851175,0.0003,1.0,11964.736817598343
depth4_bal_AAAAMMMM,4,AAAAMMMM,38575,462900,1.1131677130858104,1.159850279490153,1.1843257427215577,0.6269582245430809,0.6057441253263708,0.583846067792818,0.9947780678851175,0.0003,1.0,11967.791634082794
depth4_bal_AAAAMMMM,4,AAAAMMMM,38600,463200,1.1331463555494945,1.2025766372680664,1.2279104573386057,0.5793080939947781,0.5639686684073107,0.563597717865533,0.9947780678851175,0.0003,1.0,11975.970119476318
depth4_bal_AAAAMMMM,4,AAAAMMMM,38625,463500,1.1533343493938446,1.1660668055216472,1.1889857496534075,0.5509138381201044,0.5900783289817232,0.5853003691688108,0.9947780678851175,0.0003,1.0,11984.341293096542
depth4_bal_AAAAMMMM,4,AAAAMMMM,38650,463800,1.4236185153325398,1.4467217524846394,1.4481293950762069,0.39131853785900783,0.3785900783289817,0.4006040944177201,0.9947780678851175,0.0003,1.0,11992.184944152832
depth4_bal_AAAAMMMM,4,AAAAMMMM,38675,464100,1.1111273765563965,1.1958926518758137,1.2463614089148385,0.591710182767624,0.5026109660574413,0.485512920908379,0.9947780678851175,0.0003,1.0,12000.317401647568
depth4_bal_AAAAMMMM,4,AAAAMMMM,38700,464400,1.5324603021144867,2.0714450677235923,2.1221756424222673,0.391644908616188,0.1514360313315927,0.1644479248238058,0.9947780678851175,0.0003,1.0,12008.549129724503
depth4_bal_AAAAMMMM,4,AAAAMMMM,38725,464700,1.252403974533081,1.2383131583531697,1.2643291882106236,0.4745430809399478,0.5261096605744126,0.5184025058731402,0.9947780678851175,0.0003,1.0,12016.869764328003
depth4_bal_AAAAMMMM,4,AAAAMMMM,38750,465000,1.175372968117396,1.3443843921025593,1.4134272030421666,0.5300261096605744,0.46475195822454307,0.3929969795279114,0.9947780678851175,0.0003,1.0,12024.886401414871
depth4_bal_AAAAMMMM,4,AAAAMMMM,38775,465300,1.2845067779223125,1.4711359739303589,1.5101249592644828,0.4383159268929504,0.3276762402088773,0.3239735988365589,0.9947780678851175,0.0003,1.0,12032.95801949501
depth4_bal_AAAAMMMM,4,AAAAMMMM,38800,465600,1.3670357763767242,1.8163016239802043,1.81614100251879,0.42069190600522194,0.1801566579634465,0.18044523995972703,0.9947780678851175,0.0003,1.0,12041.12824511528
depth4_bal_AAAAMMMM,4,AAAAMMMM,38825,465900,1.2077276408672333,1.1908238331476848,1.2243547133037023,0.5443864229765013,0.6292428198433421,0.6115896632732968,0.9947780678851175,0.0003,1.0,12049.09155535698
depth4_bal_AAAAMMMM,4,AAAAMMMM,38850,466200,1.1261074145634968,1.1853807369867961,1.1937828029905047,0.6060704960835509,0.6057441253263708,0.614833874035127,0.9947780678851175,0.0003,1.0,12056.892280340195
depth4_bal_AAAAMMMM,4,AAAAMMMM,38875,466500,1.1800107558568318,1.2102587620417278,1.234285419327872,0.5414490861618799,0.5469973890339426,0.5601297684304732,0.9947780678851175,0.0003,1.0,12065.004635334015
depth4_bal_AAAAMMMM,4,AAAAMMMM,38900,466800,1.1122414469718933,1.1254286766052246,1.154970165661403,0.6044386422976501,0.6501305483028721,0.6180780847969571,0.9947780678851175,0.0003,1.0,12073.247685909271
depth4_bal_AAAAMMMM,4,AAAAMMMM,38925,467100,1.435956875483195,1.2777318159739177,1.2911551577704294,0.3808746736292428,0.4751958224543081,0.4914419957489652,0.9947780678851175,0.0003,1.0,12081.304238796234
depth4_bal_AAAAMMMM,4,AAAAMMMM,38950,467400,1.1255231201648712,1.1703440348307292,1.2079851150512695,0.5799608355091384,0.6018276762402088,0.5847410224857367,0.9947780678851175,0.0003,1.0,12089.293788909912
depth4_bal_AAAAMMMM,4,AAAAMMMM,38975,467700,1.4948741694291432,1.304677406946818,1.3436017070497785,0.3710835509138381,0.47127937336814624,0.4593354961405079,0.9947780678851175,0.0003,1.0,12096.519107103348
depth4_bal_AAAAMMMM,4,AAAAMMMM,39000,468000,1.3690597017606099,1.4871965646743774,1.5012809821537563,0.43798955613577023,0.41383812010443866,0.4361785434612373,0.9947780678851175,0.0003,1.0,12104.687924146652
depth4_bal_AAAAMMMM,4,AAAAMMMM,39025,468300,1.2930612762769063,1.2941994667053223,1.3203491551535471,0.45691906005221933,0.4960835509138381,0.5029645374202931,0.9947780678851175,0.0003,1.0,12112.776582479477
depth4_bal_AAAAMMMM,4,AAAAMMMM,39050,468600,1.4102275768915813,1.3954661289850872,1.4146143879209245,0.45071801566579633,0.41906005221932113,0.3942275422306746,0.9947780678851175,0.0003,1.0,12120.81703710556
depth4_bal_AAAAMMMM,4,AAAAMMMM,39075,468900,1.3812478284041088,1.4809141953786213,1.560305997303554,0.40763707571801566,0.36945169712793735,0.341425215348473,0.9947780678851175,0.0003,1.0,12128.998344659805
depth4_bal_AAAAMMMM,4,AAAAMMMM,39100,469200,1.140364408493042,1.2692397435506184,1.2911484343664987,0.5675587467362925,0.40600522193211486,0.4218592683745385,0.9947780678851175,0.0003,1.0,12137.036076068878
depth4_bal_AAAAMMMM,4,AAAAMMMM,39125,469500,1.0578702986240387,1.0927333037058513,1.1268735681261335,0.6759138381201044,0.7297650130548303,0.7132788902561807,0.9947780678851175,0.0003,1.0,12145.177190542221
depth4_bal_AAAAMMMM,4,AAAAMMMM,39150,469800,1.3893646399180095,1.4761040210723877,1.5326904364994594,0.39654046997389036,0.3577023498694517,0.32352612149009957,0.9947780678851175,0.0003,1.0,12153.17362999916
depth4_bal_AAAAMMMM,4,AAAAMMMM,39175,470100,1.5661423405011494,1.407910943031311,1.4295635155269077,0.33616187989556134,0.4255874673629243,0.42197113771115335,0.9947780678851175,0.0003,1.0,12161.045642375946
depth4_bal_AAAAMMMM,4,AAAAMMMM,39200,470400,1.4660059611002605,1.456589142481486,1.5087252071925572,0.3975195822454308,0.38903394255874674,0.368385725472648,0.9947780678851175,0.0003,1.0,12169.281732559204
depth4_bal_AAAAMMMM,4,AAAAMMMM,39225,470700,1.200915942589442,1.2696068286895752,1.295862020765032,0.506201044386423,0.5443864229765013,0.515829511130999,0.9947780678851175,0.0003,1.0,12177.492628097534
depth4_bal_AAAAMMMM,4,AAAAMMMM,39250,471000,1.0963819126288097,1.128638466199239,1.169861739022391,0.595626631853786,0.6174934725848564,0.5987246895625908,0.9947780678851175,0.0003,1.0,12185.75726890564
depth4_bal_AAAAMMMM,4,AAAAMMMM,39275,471300,1.2475608587265015,1.3472599585851033,1.3729633740016391,0.47911227154047,0.4255874673629243,0.4313681619867994,0.9947780678851175,0.0003,1.0,12194.076823949814
depth4_bal_AAAAMMMM,4,AAAAMMMM,39300,471600,1.1387946208318074,1.1753052870432537,1.2059939554759433,0.5943211488250653,0.6266318537859008,0.5997315135921244,0.9947780678851175,0.0003,1.0,12201.916905879974
depth4_bal_AAAAMMMM,4,AAAAMMMM,39325,471900,1.3930381139119465,1.3650500377019246,1.4065181868416923,0.39295039164490864,0.46344647519582244,0.42622217250251704,0.9947780678851175,0.0003,1.0,12209.876401662827
depth4_bal_AAAAMMMM,4,AAAAMMMM,39350,472200,1.311950554450353,1.2928280035654705,1.3074697119849068,0.4471279373368146,0.5091383812010444,0.4954692918670992,0.9947780678851175,0.0003,1.0,12218.065268993378
depth4_bal_AAAAMMMM,4,AAAAMMMM,39375,472500,1.1918027997016907,1.3017618656158447,1.3254572255270822,0.5127284595300261,0.41906005221932113,0.442443226311668,0.9947780678851175,0.0003,1.0,12226.45255112648
depth4_bal_AAAAMMMM,4,AAAAMMMM,39400,472800,1.3852063814798992,1.3284312884012859,1.343019574029105,0.41840731070496084,0.45430809399477806,0.4748853339299698,0.9947780678851175,0.0003,1.0,12234.73225903511
depth4_bal_AAAAMMMM,4,AAAAMMMM,39425,473100,1.044976368546486,1.1116069952646892,1.1410520451409476,0.6951697127937336,0.6762402088772846,0.6694261103031659,0.9947780678851175,0.0003,1.0,12242.97035574913
depth4_bal_AAAAMMMM,4,AAAAMMMM,39450,473400,1.1935522655646007,1.182289958000183,1.211348751613072,0.5127284595300261,0.6148825065274152,0.5787000783085356,0.9947780678851175,0.0003,1.0,12251.009598255157
depth4_bal_AAAAMMMM,4,AAAAMMMM,39475,473700,1.1544138193130493,1.1724921067555745,1.2031717334474836,0.5368798955613577,0.5548302872062664,0.5452511466607003,0.9947780678851175,0.0003,1.0,12258.890225172043
depth4_bal_AAAAMMMM,4,AAAAMMMM,39500,474000,1.2813795904318492,1.5066173076629639,1.554308615412031,0.45006527415143605,0.3772845953002611,0.3586530931871574,0.9947780678851175,0.0003,1.0,12266.68024778366
depth4_bal_AAAAMMMM,4,AAAAMMMM,39525,474300,1.3115250666936238,1.3796240886052449,1.4096495968954903,0.4337467362924282,0.4308093994778068,0.41335719879181115,0.9947780678851175,0.0003,1.0,12273.375335931778
depth4_bal_AAAAMMMM,4,AAAAMMMM,39550,474600,1.084371288617452,1.231709361076355,1.2584235055106028,0.664490861618799,0.52088772845953,0.5206398926054369,0.9947780678851175,0.0003,1.0,12281.416836977005
depth4_bal_AAAAMMMM,4,AAAAMMMM,39575,474900,1.2353716790676117,1.2639196713765461,1.282101961544582,0.5456919060052219,0.5887728459530026,0.5790356863183801,0.9947780678851175,0.0003,1.0,12289.511618614197
depth4_bal_AAAAMMMM,4,AAAAMMMM,39600,475200,1.2829689880212147,1.3238174120585124,1.3517780099596297,0.4464751958224543,0.4516971279373368,0.44691799977626134,0.9947780678851175,0.0003,1.0,12297.624907970428
depth4_bal_AAAAMMMM,4,AAAAMMMM,39625,475500,1.2075095772743225,1.1962344646453857,1.2412237235477992,0.4980417754569191,0.5013054830287206,0.4987135026289294,0.9947780678851175,0.0003,1.0,12305.84359407425
depth4_bal_AAAAMMMM,4,AAAAMMMM,39650,475800,1.3045179347197216,1.3579353094100952,1.4205223321914673,0.445822454308094,0.44778067885117495,0.39713614498266026,0.9947780678851175,0.0003,1.0,12314.002629041672
depth4_bal_AAAAMMMM,4,AAAAMMMM,39675,476100,1.2244198222955067,1.2911289930343628,1.3164713825498309,0.5068537859007833,0.48433420365535246,0.481485624790245,0.9947780678851175,0.0003,1.0,12322.061247348785
depth4_bal_AAAAMMMM,4,AAAAMMMM,39700,476400,1.392409324645996,1.3529637257258098,1.3811206647327967,0.45463446475195823,0.52088772845953,0.4947980758474102,0.9947780678851175,0.0003,1.0,12330.157456636429
depth4_bal_AAAAMMMM,4,AAAAMMMM,39725,476700,1.1305904686450958,1.1217384338378906,1.160470758165632,0.5649477806788512,0.6579634464751958,0.6247902449938472,0.9947780678851175,0.0003,1.0,12338.40937614441
depth4_bal_AAAAMMMM,4,AAAAMMMM,39750,477000,1.5733062426249187,1.330553372701009,1.3515316043581282,0.3469321148825065,0.49869451697127937,0.4990491106387739,0.9947780678851175,0.0003,1.0,12346.680832386017
depth4_bal_AAAAMMMM,4,AAAAMMMM,39775,477300,1.2002824246883392,1.2221067349116008,1.2418249675205775,0.5192558746736292,0.5731070496083551,0.5573330350151023,0.9947780678851175,0.0003,1.0,12354.853456258774
depth4_bal_AAAAMMMM,4,AAAAMMMM,39800,477600,1.063820054133733,1.1363951365152996,1.1606817211423601,0.64588772845953,0.639686684073107,0.6049893724130216,0.9947780678851175,0.0003,1.0,12363.075449466705
depth4_bal_AAAAMMMM,4,AAAAMMMM,39825,477900,1.1339006821314495,1.226700782775879,1.2741770505905152,0.5440600522193212,0.4699738903394256,0.4546369840026849,0.9947780678851175,0.0003,1.0,12371.381279468536
depth4_bal_AAAAMMMM,4,AAAAMMMM,39850,478200,1.096975788474083,1.1755930185317993,1.2202053138187954,0.6073759791122716,0.5365535248041775,0.5150464257746952,0.9947780678851175,0.0003,1.0,12379.39362168312
depth4_bal_AAAAMMMM,4,AAAAMMMM,39875,478500,1.2041355669498444,1.238112211227417,1.263415445600237,0.5695169712793734,0.5887728459530026,0.5970466495133684,0.9947780678851175,0.0003,1.0,12387.313909769058
depth4_bal_AAAAMMMM,4,AAAAMMMM,39900,478800,1.4122384091218312,1.353291114171346,1.411506029537746,0.4109007832898172,0.49869451697127937,0.4574337174180557,0.9947780678851175,0.0003,1.0,12395.075770616531
depth4_bal_AAAAMMMM,4,AAAAMMMM,39925,479100,1.3725824852784474,1.4192285935084026,1.4481875726154871,0.43048302872062666,0.4516971279373368,0.418838796285938,0.9947780678851175,0.0003,1.0,12402.783052444458
depth4_bal_AAAAMMMM,4,AAAAMMMM,39950,479400,1.168798565864563,1.2005133628845215,1.2281894854136877,0.5868146214099217,0.6501305483028721,0.6365365253384048,0.9947780678851175,0.0003,1.0,12411.015611410141
depth4_bal_AAAAMMMM,4,AAAAMMMM,39975,479700,1.225976973772049,1.3946246703465779,1.4330979381288802,0.48857702349869453,0.3877284595300261,0.39478688891374875,0.9947780678851175,0.0003,1.0,12419.288344621658
depth4_bal_AAAAMMMM,4,AAAAMMMM,40000,480000,1.0725726087888081,1.1766974131266277,1.2198481355394637,0.6795039164490861,0.5822454308093995,0.5592348137375546,0.9947780678851175,0.0003,1.0,12427.51416349411
depth4_bal_AAAAMMMM,4,AAAAMMMM,40025,480300,1.2356136341889699,1.2131356795628865,1.236303356715611,0.5071801566579635,0.6240208877284595,0.6044300257299474,0.9947780678851175,0.0003,1.0,12432.962289333344
depth4_bal_AAAAMMMM,4,AAAAMMMM,40050,480600,1.340916355450948,1.3441468874613445,1.3604151964187623,0.43733681462140994,0.4464751958224543,0.4487079091620987,0.9947780678851175,0.0003,1.0,12435.961271047592
depth4_bal_AAAAMMMM,4,AAAAMMMM,40075,480900,1.3305824001630147,1.3867060740788777,1.409253512110029,0.4148172323759791,0.4164490861618799,0.3983667076854234,0.9947780678851175,0.0003,1.0,12442.177075147629
depth4_bal_AAAAMMMM,4,AAAAMMMM,40100,481200,1.5720944305260975,1.7621914943059285,1.825095122201102,0.34399477806788514,0.3263707571801567,0.28851101912965654,0.9947780678851175,0.0003,1.0,12445.7447514534
depth4_bal_AAAAMMMM,4,AAAAMMMM,40125,481500,1.3159888585408528,1.3375216722488403,1.3656072889055524,0.5633159268929504,0.577023498694517,0.5590110750643249,0.9947780678851175,0.0003,1.0,12451.57827448845
depth4_bal_AAAAMMMM,4,AAAAMMMM,40150,481800,1.3149984776973724,1.288798729578654,1.3183393308094569,0.43962140992167104,0.489556135770235,0.47611589663273296,0.9947780678851175,0.0003,1.0,12459.680616855621
depth4_bal_AAAAMMMM,4,AAAAMMMM,40175,482100,1.7484811345736186,1.9448182980219524,1.9921177523476736,0.29112271540469975,0.2362924281984334,0.23940038035574449,0.9947780678851175,0.0003,1.0,12467.942569732666
depth4_bal_AAAAMMMM,4,AAAAMMMM,40200,482400,1.27561554312706,1.3586934010187786,1.4237580333437239,0.47486945169712796,0.42428198433420367,0.3665958160868106,0.9947780678851175,0.0003,1.0,12476.347336530685
depth4_bal_AAAAMMMM,4,AAAAMMMM,40225,482700,1.104027251402537,1.1724962790807087,1.2031695093427386,0.7065926892950392,0.6631853785900783,0.6747958384606779,0.9947780678851175,0.0003,1.0,12484.70503282547
depth4_bal_AAAAMMMM,4,AAAAMMMM,40250,483000,1.5992161929607391,1.6834547122319539,1.7480425800595965,0.3335509138381201,0.3289817232375979,0.3133460118581497,0.9947780678851175,0.0003,1.0,12492.974142313004
depth4_bal_AAAAMMMM,4,AAAAMMMM,40275,483300,1.2681391835212708,1.4249791701634724,1.5004329340798515,0.4513707571801567,0.3838120104438642,0.3471305515158295,0.9947780678851175,0.0003,1.0,12501.341374635696
depth4_bal_AAAAMMMM,4,AAAAMMMM,40300,483600,1.4977078239123027,1.4045781294504802,1.4302294152123587,0.37238903394255873,0.4164490861618799,0.4227542230674572,0.9947780678851175,0.0003,1.0,12509.687394857407
depth4_bal_AAAAMMMM,4,AAAAMMMM,40325,483900,1.2695833643277485,1.2315618991851807,1.281909717832293,0.4676892950391645,0.5378590078328982,0.5122496923593243,0.9947780678851175,0.0003,1.0,12517.951317548752
depth4_bal_AAAAMMMM,4,AAAAMMMM,40350,484200,1.3283887008825939,1.2408618927001953,1.2702259370258877,0.42493472584856395,0.5,0.5005034120147668,0.9947780678851175,0.0003,1.0,12526.16809463501
depth4_bal_AAAAMMMM,4,AAAAMMMM,40375,484500,1.5360155900319417,1.6919469833374023,1.6921156815120153,0.33616187989556134,0.30156657963446476,0.30495581161203716,0.9947780678851175,0.0003,1.0,12533.427736520767
depth4_bal_AAAAMMMM,4,AAAAMMMM,40400,484800,1.1809227267901103,1.273310661315918,1.3375537633895873,0.5502610966057441,0.4386422976501306,0.39814296901219376,0.9947780678851175,0.0003,1.0,12536.471055984497
depth4_bal_AAAAMMMM,4,AAAAMMMM,40425,485100,1.6207525233427684,1.4217143058776855,1.458844062260219,0.3240861618798956,0.37989556135770236,0.39847857702203826,0.9947780678851175,0.0003,1.0,12539.410998821259
depth4_bal_AAAAMMMM,4,AAAAMMMM,40450,485400,1.193346048394839,1.3847020864486694,1.406730386189052,0.5345953002610966,0.40339425587467365,0.39747175299250476,0.9947780678851175,0.0003,1.0,12542.365874528885
depth4_bal_AAAAMMMM,4,AAAAMMMM,40475,485700,1.2087346812089284,1.1986949841181438,1.2410568237304687,0.5006527415143603,0.5626631853785901,0.550173397471753,0.9947780678851175,0.0003,1.0,12545.406856298447
depth4_bal_AAAAMMMM,4,AAAAMMMM,40500,486000,1.1612678567568462,1.5170056422551472,1.55524765423366,0.5466710182767625,0.37467362924281983,0.3517171943170377,0.9947780678851175,0.0003,1.0,12548.938104629517
depth4_bal_AAAAMMMM,4,AAAAMMMM,40525,486300,1.122907429933548,1.1410465637842815,1.1855202777045113,0.575065274151436,0.6357702349869452,0.6125964873028303,0.9947780678851175,0.0003,1.0,12555.417518615723
depth4_bal_AAAAMMMM,4,AAAAMMMM,40550,486600,1.3744849960009258,1.3920363982518513,1.4410581656864712,0.41449086161879894,0.4347258485639687,0.4049669985456986,0.9947780678851175,0.0003,1.0,12563.652631521225
depth4_bal_AAAAMMMM,4,AAAAMMMM,40575,486900,1.1081708073616028,1.2418711582819622,1.2845837354660035,0.6214099216710183,0.5600522193211488,0.5410001118693366,0.9947780678851175,0.0003,1.0,12571.995959758759
depth4_bal_AAAAMMMM,4,AAAAMMMM,40600,487200,1.2232053677241008,1.3852086067199707,1.4014546734946114,0.5078328981723238,0.3825065274151436,0.38326434724242087,0.9947780678851175,0.0003,1.0,12580.221123218536
depth4_bal_AAAAMMMM,4,AAAAMMMM,40625,487500,1.1051331957181294,1.1542973518371582,1.1866110222680228,0.6863577023498695,0.6932114882506527,0.6831860387067905,0.9947780678851175,0.0003,1.0,12588.339440584183
depth4_bal_AAAAMMMM,4,AAAAMMMM,40650,487800,1.1527575155099232,1.1356544494628906,1.1874499320983887,0.5287206266318538,0.6070496083550914,0.5867546705448037,0.9947780678851175,0.0003,1.0,12596.398580312729
depth4_bal_AAAAMMMM,4,AAAAMMMM,40675,488100,1.3685280879338582,1.301469047864278,1.3482647282736642,0.4050261096605744,0.4804177545691906,0.46873252041615393,0.9947780678851175,0.0003,1.0,12603.930441856384
depth4_bal_AAAAMMMM,4,AAAAMMMM,40700,488400,1.3658720552921295,1.648012399673462,1.6925908190863472,0.42199738903394257,0.3133159268929504,0.2850430696945967,0.9947780678851175,0.0003,1.0,12606.890857696533
depth4_bal_AAAAMMMM,4,AAAAMMMM,40725,488700,1.066834529240926,1.147135853767395,1.1762185096740723,0.6902741514360313,0.639686684073107,0.6334041839131894,0.9947780678851175,0.0003,1.0,12609.841472387314
depth4_bal_AAAAMMMM,4,AAAAMMMM,40750,489000,1.3858985503514607,1.387165625890096,1.4167457989283971,0.4066579634464752,0.4347258485639687,0.4308088153037252,0.9947780678851175,0.0003,1.0,12613.94742488861
depth4_bal_AAAAMMMM,4,AAAAMMMM,40775,489300,1.2199782232443492,1.2562484741210938,1.2815086160387312,0.556135770234987,0.566579634464752,0.5594585524107842,0.9947780678851175,0.0003,1.0,12617.014002084732
depth4_bal_AAAAMMMM,4,AAAAMMMM,40800,489600,1.3893279731273651,1.362330436706543,1.4273871966770717,0.39066579634464754,0.4151436031331593,0.3800201364805907,0.9947780678851175,0.0003,1.0,12619.956085681915
depth4_bal_AAAAMMMM,4,AAAAMMMM,40825,489900,1.262238512436549,1.2518328825632732,1.2859744548797607,0.4683420365535248,0.5143603133159269,0.5116903456762502,0.9947780678851175,0.0003,1.0,12622.925172328949
depth4_bal_AAAAMMMM,4,AAAAMMMM,40850,490200,1.273047814766566,1.3035714626312256,1.3038424832480295,0.4572454308093995,0.47127937336814624,0.47768206734534063,0.9947780678851175,0.0003,1.0,12626.757385253906
depth4_bal_AAAAMMMM,4,AAAAMMMM,40875,490500,1.2558343807856243,1.2706681489944458,1.2889091355460032,0.47911227154047,0.4908616187989556,0.4931200357981877,0.9947780678851175,0.0003,1.0,12629.707134246826
depth4_bal_AAAAMMMM,4,AAAAMMMM,40900,490800,1.1526318192481995,1.1881760756174724,1.2221549442836217,0.5838772845953003,0.6527415143603134,0.6139389193422083,0.9947780678851175,0.0003,1.0,12632.662108182907
depth4_bal_AAAAMMMM,4,AAAAMMMM,40925,491100,1.2429140210151672,1.2098614772160847,1.252103349140712,0.466710182767624,0.54177545691906,0.5281351381586307,0.9947780678851175,0.0003,1.0,12635.614209413528
depth4_bal_AAAAMMMM,4,AAAAMMMM,40950,491400,1.2324145833651226,1.2183867295583088,1.24303354876382,0.49869451697127937,0.587467362924282,0.5688555766864303,0.9947780678851175,0.0003,1.0,12638.66790485382
depth4_bal_AAAAMMMM,4,AAAAMMMM,40975,491700,1.4669696986675262,1.3110294342041016,1.3270294155393327,0.381201044386423,0.48433420365535246,0.4689562590893836,0.9947780678851175,0.0003,1.0,12641.620818138123
depth4_bal_AAAAMMMM,4,AAAAMMMM,41000,492000,1.0998790562152863,1.1585105260213215,1.1931554419653756,0.6599216710182768,0.6566579634464752,0.6372077413580938,0.9947780678851175,0.0003,1.0,12644.597252845764
depth4_bal_AAAAMMMM,4,AAAAMMMM,41025,492300,1.3251405656337738,1.3044031063715618,1.3629873207637242,0.43701044386422977,0.47911227154047,0.44960286385501735,0.9947780678851175,0.0003,1.0,12652.675027608871
depth4_bal_AAAAMMMM,4,AAAAMMMM,41050,492600,1.0656525095303853,1.103749434153239,1.1499347073691233,0.6481723237597912,0.6827676240208878,0.6708804116791588,0.9947780678851175,0.0003,1.0,12660.806938886642
depth4_bal_AAAAMMMM,4,AAAAMMMM,41075,492900,1.1948683460553486,1.3824876546859741,1.3986470324652536,0.5234986945169713,0.4464751958224543,0.44031770891598615,0.9947780678851175,0.0003,1.0,12668.817934274673
depth4_bal_AAAAMMMM,4,AAAAMMMM,41100,493200,1.0847077469031017,1.181480606396993,1.22135032585689,0.6680809399477807,0.6070496083550914,0.6009620762948876,0.9947780678851175,0.0003,1.0,12676.947853565216
depth4_bal_AAAAMMMM,4,AAAAMMMM,41125,493500,1.098639686902364,1.163169225056966,1.1990424054009574,0.5936684073107049,0.5887728459530026,0.5503971361449826,0.9947780678851175,0.0003,1.0,12685.237918376923
depth4_bal_AAAAMMMM,4,AAAAMMMM,41150,493800,1.1334904929002125,1.1302168766657512,1.1850234474454606,0.5633159268929504,0.6579634464751958,0.6109184472536078,0.9947780678851175,0.0003,1.0,12693.529698133469
depth4_bal_AAAAMMMM,4,AAAAMMMM,41175,494100,1.4106538991133373,1.4847633838653564,1.5276163135256087,0.391644908616188,0.3877284595300261,0.3674907707797293,0.9947780678851175,0.0003,1.0,12701.218510389328
depth4_bal_AAAAMMMM,4,AAAAMMMM,41200,494400,1.1782287657260895,1.1835633118947346,1.2056042228426251,0.5179503916449086,0.6122715404699739,0.5969347801767535,0.9947780678851175,0.0003,1.0,12709.356378793716
depth4_bal_AAAAMMMM,4,AAAAMMMM,41225,494700,2.4910631279150643,3.085294326146444,3.1372175557272777,0.23074412532637076,0.18407310704960836,0.17518738113882984,0.9947780678851175,0.0003,1.0,12717.148026704788
depth4_bal_AAAAMMMM,4,AAAAMMMM,41250,495000,1.3336236874262493,1.533193826675415,1.5567692586353847,0.4497389033942559,0.3028720626631854,0.29980982212775475,0.9947780678851175,0.0003,1.0,12725.0040204525
depth4_bal_AAAAMMMM,4,AAAAMMMM,41275,495300,1.5709182520707448,1.3278502623240154,1.3627969673701694,0.33191906005221933,0.43994778067885115,0.42465600178990937,0.9947780678851175,0.0003,1.0,12733.140954971313
depth4_bal_AAAAMMMM,4,AAAAMMMM,41300,495600,1.1466216444969177,1.3387457132339478,1.3881178344999041,0.5590731070496083,0.49477806788511747,0.4594473654771227,0.9947780678851175,0.0003,1.0,12741.276195526123
depth4_bal_AAAAMMMM,4,AAAAMMMM,41325,495900,1.0616208612918854,1.170644998550415,1.1942128385816302,0.7121409921671018,0.6318537859007833,0.6272513703993735,0.9947780678851175,0.0003,1.0,12749.522752285004
depth4_bal_AAAAMMMM,4,AAAAMMMM,41350,496200,1.0790777107079823,1.1262599627176921,1.1610742058072772,0.7297650130548303,0.7545691906005222,0.7224521758585971,0.9947780678851175,0.0003,1.0,12756.472272634506
depth4_bal_AAAAMMMM,4,AAAAMMMM,41375,496500,1.414923091729482,1.6479717095692952,1.6662154606410435,0.4030678851174935,0.3472584856396867,0.3352724018346571,0.9947780678851175,0.0003,1.0,12764.525685071945
depth4_bal_AAAAMMMM,4,AAAAMMMM,41400,496800,1.148655225833257,1.5028907855351765,1.5097564152308873,0.5407963446475196,0.3002610966057441,0.31312227318492003,0.9947780678851175,0.0003,1.0,12772.636926412582
depth4_bal_AAAAMMMM,4,AAAAMMMM,41425,497100,1.3761745591958363,1.424365758895874,1.4491120542798723,0.42460835509138384,0.402088772845953,0.39143080881530373,0.9947780678851175,0.0003,1.0,12779.457001209259
depth4_bal_AAAAMMMM,4,AAAAMMMM,41450,497400,1.2018269002437592,1.177424947420756,1.2176170042582921,0.5192558746736292,0.5887728459530026,0.5741134355073274,0.9947780678851175,0.0003,1.0,12787.672152042389
depth4_bal_AAAAMMMM,4,AAAAMMMM,41475,497700,1.2868117888768513,1.3873202403386433,1.400161497933524,0.4494125326370757,0.37989556135770236,0.4016109184472536,0.9947780678851175,0.0003,1.0,12795.791138410568
depth4_bal_AAAAMMMM,4,AAAAMMMM,41500,498000,1.2094338337580364,1.3443374633789062,1.361430593899318,0.49902088772845954,0.4608355091383812,0.46246783756572324,0.9947780678851175,0.0003,1.0,12804.074558258057
depth4_bal_AAAAMMMM,4,AAAAMMMM,41525,498300,1.1162961026032765,1.2269991238911946,1.2466124432427543,0.6129242819843342,0.5078328981723238,0.5197449379125182,0.9947780678851175,0.0003,1.0,12812.405400514603
depth4_bal_AAAAMMMM,4,AAAAMMMM,41550,498600,1.3792847692966461,1.2546968062718709,1.2842580965587072,0.42721932114882505,0.5326370757180157,0.5204161539322072,0.9947780678851175,0.0003,1.0,12820.659624099731
depth4_bal_AAAAMMMM,4,AAAAMMMM,41575,498900,1.132063130537669,1.155670166015625,1.1781686305999757,0.6034595300261096,0.6697127937336814,0.6651750755118022,0.9947780678851175,0.0003,1.0,12828.835321903229
depth4_bal_AAAAMMMM,4,AAAAMMMM,41600,499200,1.131547083457311,1.1715480089187622,1.1983589274542672,0.5806135770234987,0.5887728459530026,0.5667300592907484,0.9947780678851175,0.0003,1.0,12837.121640443802
depth4_bal_AAAAMMMM,4,AAAAMMMM,41625,499500,1.3275217513243358,1.2725811799367268,1.3295720849718367,0.4347258485639687,0.5078328981723238,0.4653764403177089,0.9947780678851175,0.0003,1.0,12845.317190885544
depth4_bal_AAAAMMMM,4,AAAAMMMM,41650,499800,1.2757269044717152,1.2919392983118694,1.326798391342163,0.4774804177545692,0.4908616187989556,0.4831636648394675,0.9947780678851175,0.0003,1.0,12853.435058355331
depth4_bal_AAAAMMMM,4,AAAAMMMM,41675,500100,1.1688674489657085,1.2107375860214233,1.2454838480268207,0.549934725848564,0.5613577023498695,0.5476004027296119,0.9947780678851175,0.0003,1.0,12861.619781255722
depth4_bal_AAAAMMMM,4,AAAAMMMM,41700,500400,3.0817344586054483,1.845532496770223,1.8539703709738595,0.17656657963446476,0.2793733681462141,0.27161874930081664,0.9947780678851175,0.0003,1.0,12869.914197206497
depth4_bal_AAAAMMMM,4,AAAAMMMM,41725,500700,1.0620259841283162,1.2024472554524739,1.2370681762695312,0.6599216710182768,0.48825065274151436,0.4745497259201253,0.9947780678851175,0.0003,1.0,12877.877104997635
depth4_bal_AAAAMMMM,4,AAAAMMMM,41750,501000,1.1722681522369385,1.1744188865025837,1.2135788576943534,0.5362271540469974,0.5966057441253264,0.5705336167356527,0.9947780678851175,0.0003,1.0,12885.998655319214
depth4_bal_AAAAMMMM,4,AAAAMMMM,41775,501300,1.2680230538050334,1.16324516137441,1.1902646098818097,0.46573107049608353,0.5783289817232375,0.564268933885222,0.9947780678851175,0.0003,1.0,12894.187882184982
depth4_bal_AAAAMMMM,4,AAAAMMMM,41800,501600,1.224573016166687,1.4533838828404744,1.4899085794176374,0.5199086161879896,0.42428198433420367,0.41928627363239734,0.9947780678851175,0.0003,1.0,12902.251029253006
depth4_bal_AAAAMMMM,4,AAAAMMMM,41825,501900,1.5425230662027996,1.7015504837036133,1.7342234679630824,0.3524804177545692,0.2924281984334204,0.2831412909721445,0.9947780678851175,0.0003,1.0,12910.33034324646
depth4_bal_AAAAMMMM,4,AAAAMMMM,41850,502200,1.4086223244667053,1.396949291229248,1.4008163690567017,0.41840731070496084,0.4464751958224543,0.43282246336279223,0.9947780678851175,0.0003,1.0,12918.580247402191
depth4_bal_AAAAMMMM,4,AAAAMMMM,41875,502500,1.1830021440982819,1.2439001003901164,1.2654596635273525,0.5427545691906005,0.5195822454308094,0.5234366260208076,0.9947780678851175,0.0003,1.0,12926.958023309708
depth4_bal_AAAAMMMM,4,AAAAMMMM,41900,502800,1.3123914500077565,1.4357720216115315,1.453570100239345,0.4233028720626632,0.36945169712793735,0.3856136033113324,0.9947780678851175,0.0003,1.0,12935.22101855278
depth4_bal_AAAAMMMM,4,AAAAMMMM,41925,503100,1.2036656737327576,1.2190072139104207,1.2638140201568604,0.5107702349869452,0.5443864229765013,0.5131446470522429,0.9947780678851175,0.0003,1.0,12943.2025244236
depth4_bal_AAAAMMMM,4,AAAAMMMM,41950,503400,1.237324059009552,1.2988091309865315,1.3292491095406669,0.4640992167101828,0.4595300261096606,0.44658239176641684,0.9947780678851175,0.0003,1.0,12951.428221702576
depth4_bal_AAAAMMMM,4,AAAAMMMM,41975,503700,1.1404593288898468,1.2340569496154785,1.2570244244166784,0.5724543080939948,0.5156657963446475,0.5301487862176977,0.9947780678851175,0.0003,1.0,12956.230133533478
depth4_bal_AAAAMMMM,4,AAAAMMMM,42000,504000,1.271235724290212,1.3704457680384319,1.417536973953247,0.472911227154047,0.41906005221932113,0.4296901219375769,0.9947780678851175,0.0003,1.0,12959.159625768661
depth4_bal_AAAAMMMM,4,AAAAMMMM,42025,504300,1.3344782690207164,1.38888418674469,1.4099315336772373,0.42428198433420367,0.38642297650130547,0.40105157176417944,0.9947780678851175,0.0003,1.0,12965.825950860977
depth4_bal_AAAAMMMM,4,AAAAMMMM,42050,504600,1.0678094923496246,1.1178726355234783,1.1428804738180978,0.6987597911227154,0.7232375979112271,0.7227877838684417,0.9947780678851175,0.0003,1.0,12968.772302627563
depth4_bal_AAAAMMMM,4,AAAAMMMM,42075,504900,1.3617413540681202,1.5407006740570068,1.575379524912153,0.4223237597911227,0.3720626631853786,0.3503747622776597,0.9947780678851175,0.0003,1.0,12971.83282828331
depth4_bal_AAAAMMMM,4,AAAAMMMM,42100,505200,1.1425720155239105,1.1604419946670532,1.1998526879719325,0.5773498694516971,0.6370757180156658,0.6105828392437633,0.9947780678851175,0.0003,1.0,12974.812398433685
depth4_bal_AAAAMMMM,4,AAAAMMMM,42125,505500,1.089784175157547,1.200217326482137,1.229142141342163,0.6181462140992167,0.5926892950391645,0.5794831636648394,0.9947780678851175,0.0003,1.0,12977.764139175415
depth4_bal_AAAAMMMM,4,AAAAMMMM,42150,505800,1.0929780701796215,1.2261641422907512,1.2572297130312238,0.6197780678851175,0.5248041775456919,0.48931647835328335,0.9947780678851175,0.0003,1.0,12980.70865559578
depth4_bal_AAAAMMMM,4,AAAAMMMM,42175,506100,1.2990914583206177,1.2222987016042073,1.240825877870832,0.4572454308093995,0.5535248041775457,0.5181787671999105,0.9947780678851175,0.0003,1.0,12983.78680562973
depth4_bal_AAAAMMMM,4,AAAAMMMM,42200,506400,1.3058915336926777,1.2811104853947957,1.3142663887568882,0.4389686684073107,0.4908616187989556,0.4904351717194317,0.9947780678851175,0.0003,1.0,12990.32166838646
depth4_bal_AAAAMMMM,4,AAAAMMMM,42225,506700,1.1770014663537343,1.3798610766728718,1.4091502836772374,0.5058746736292428,0.412532637075718,0.4204049669985457,0.9947780678851175,0.0003,1.0,12998.460525989532
depth4_bal_AAAAMMMM,4,AAAAMMMM,42250,507000,1.3166207075119019,1.2503098249435425,1.2882027455738612,0.4768276762402089,0.5052219321148825,0.486855352947757,0.9947780678851175,0.0003,1.0,13006.708114385605
depth4_bal_AAAAMMMM,4,AAAAMMMM,42275,507300,1.2655687928199768,1.3169305721918743,1.3436461005892073,0.4621409921671018,0.5052219321148825,0.4652645709810941,0.9947780678851175,0.0003,1.0,13014.44666481018
depth4_bal_AAAAMMMM,4,AAAAMMMM,42300,507600,1.1224237283070881,1.1266765991846721,1.1497248308999197,0.6158616187989556,0.6618798955613577,0.6723347130551516,0.9947780678851175,0.0003,1.0,13022.43774175644
depth4_bal_AAAAMMMM,4,AAAAMMMM,42325,507900,1.353988955418269,1.3823896249135335,1.4033334357397897,0.43276762402088775,0.40992167101827676,0.372413021590782,0.9947780678851175,0.0003,1.0,13025.388829231262
depth4_bal_AAAAMMMM,4,AAAAMMMM,42350,508200,1.623209277788798,1.4576780796051025,1.4837489400591168,0.31723237597911225,0.42950391644908614,0.40742812395122496,0.9947780678851175,0.0003,1.0,13031.46445274353
depth4_bal_AAAAMMMM,4,AAAAMMMM,42375,508500,1.2198082506656647,1.396955410639445,1.4344715118408202,0.48596605744125326,0.3524804177545692,0.3617854346123727,0.9947780678851175,0.0003,1.0,13039.361692667007
depth4_bal_AAAAMMMM,4,AAAAMMMM,42400,508800,1.515504280726115,1.970471700032552,2.043980475834438,0.3704308093994778,0.20365535248041775,0.21713838236939256,0.9947780678851175,0.0003,1.0,13047.429897785187
depth4_bal_AAAAMMMM,4,AAAAMMMM,42425,509100,1.1465066870053608,1.2041641076405842,1.2415278707231794,0.6132506527415144,0.639686684073107,0.608792929857926,0.9947780678851175,0.0003,1.0,13055.095400333405
depth4_bal_AAAAMMMM,4,AAAAMMMM,42450,509400,1.6811035474141438,1.542770783106486,1.584308818408421,0.3214751958224543,0.3342036553524804,0.34030652198232464,0.9947780678851175,0.0003,1.0,13063.286531686783
depth4_bal_AAAAMMMM,4,AAAAMMMM,42475,509700,1.3165205816427867,1.4404830535252888,1.4950361115591866,0.43048302872062666,0.3825065274151436,0.3850542566282582,0.9947780678851175,0.0003,1.0,13071.375228404999
depth4_bal_AAAAMMMM,4,AAAAMMMM,42500,510000,1.3647806743780773,1.3495700359344482,1.37772068636758,0.4343994778067885,0.45691906005221933,0.43472424208524446,0.9947780678851175,0.0003,1.0,13079.082837343216
depth4_bal_AAAAMMMM,4,AAAAMMMM,42525,510300,1.408167024453481,1.325965682665507,1.355165147781372,0.4252610966057441,0.4934725848563969,0.4812618861170153,0.9947780678851175,0.0003,1.0,13087.540788173676
depth4_bal_AAAAMMMM,4,AAAAMMMM,42550,510600,1.286952366431554,1.2447407643000286,1.284130563054766,0.4441906005221932,0.5248041775456919,0.49759480926278105,0.9947780678851175,0.0003,1.0,13095.761846780777
depth4_bal_AAAAMMMM,4,AAAAMMMM,42575,510900,1.3687173128128052,1.303797721862793,1.3504529816763742,0.402088772845953,0.4699738903394256,0.4387515382033785,0.9947780678851175,0.0003,1.0,13103.955574274063
depth4_bal_AAAAMMMM,4,AAAAMMMM,42600,511200,1.243488997220993,1.4861894051233928,1.5433392218181066,0.46736292428198434,0.34073107049608353,0.33538427117127195,0.9947780678851175,0.0003,1.0,13112.257502555847
depth4_bal_AAAAMMMM,4,AAAAMMMM,42625,511500,1.3618397812048595,1.7153869072596233,1.75276403767722,0.4131853785900783,0.2741514360313316,0.272737442666965,0.9947780678851175,0.0003,1.0,13120.63559293747
depth4_bal_AAAAMMMM,4,AAAAMMMM,42650,511800,1.0424270977576573,1.1310066382090251,1.1551820516586304,0.6654699738903395,0.660574412532637,0.6520863631278666,0.9947780678851175,0.0003,1.0,13128.872533798218
depth4_bal_AAAAMMMM,4,AAAAMMMM,42675,512100,1.0542649924755096,1.1522894303003948,1.184268546104431,0.6706919060052219,0.5848563968668408,0.563597717865533,0.9947780678851175,0.0003,1.0,13137.080087900162
depth4_bal_AAAAMMMM,4,AAAAMMMM,42700,512400,1.0347011437018712,1.0888545115788777,1.1273566586630686,0.7010443864229765,0.7571801566579635,0.7195435731066114,0.9947780678851175,0.0003,1.0,13145.306582212448
depth4_bal_AAAAMMMM,4,AAAAMMMM,42725,512700,1.1014895737171173,1.1598471800486247,1.2026962586811611,0.6429503916449086,0.639686684073107,0.6033113323637991,0.9947780678851175,0.0003,1.0,13153.561154127121
depth4_bal_AAAAMMMM,4,AAAAMMMM,42750,513000,1.3874414165814717,1.3172358274459839,1.3415169886180334,0.3870757180156658,0.4425587467362924,0.44300257299474216,0.9947780678851175,0.0003,1.0,13161.802439451218
depth4_bal_AAAAMMMM,4,AAAAMMMM,42775,513300,1.2366124093532562,1.2341051896413167,1.2954539094652449,0.4725848563968668,0.5430809399477807,0.481485624790245,0.9947780678851175,0.0003,1.0,13169.99588561058
depth4_bal_AAAAMMMM,4,AAAAMMMM,42800,513600,1.192891796429952,1.2493667205174763,1.2675680977957589,0.5326370757180157,0.5378590078328982,0.5235484953574225,0.9947780678851175,0.0003,1.0,13178.059141159058
depth4_bal_AAAAMMMM,4,AAAAMMMM,42825,513900,1.1696968575318654,1.1821448802947998,1.2154749597821917,0.5737597911227154,0.6344647519582245,0.6273632397359884,0.9947780678851175,0.0003,1.0,13186.350928544998
depth4_bal_AAAAMMMM,4,AAAAMMMM,42850,514200,1.1374868154525757,1.1656867663065593,1.2010289090020316,0.6050913838120104,0.6201044386422977,0.620203602192639,0.9947780678851175,0.0003,1.0,13194.596851110458
depth4_bal_AAAAMMMM,4,AAAAMMMM,42875,514500,1.638185093800227,1.554917852083842,1.6071994474955968,0.3152741514360313,0.3263707571801567,0.32084125741134356,0.9947780678851175,0.0003,1.0,13202.845356464386
depth4_bal_AAAAMMMM,4,AAAAMMMM,42900,514800,1.6503322422504425,1.6862987279891968,1.749772936957223,0.3430156657963446,0.31723237597911225,0.2750866987358765,0.9947780678851175,0.0003,1.0,13210.890084981918
depth4_bal_AAAAMMMM,4,AAAAMMMM,42925,515100,1.4306699931621552,1.4670039415359497,1.5102249383926392,0.3818537859007833,0.4177545691906005,0.40116344110079427,0.9947780678851175,0.0003,1.0,13218.945276260376
depth4_bal_AAAAMMMM,4,AAAAMMMM,42950,515400,1.1502316693464916,1.195707639058431,1.2142500843320574,0.5558093994778068,0.5587467362924282,0.5733303501510236,0.9947780678851175,0.0003,1.0,13226.96908211708
depth4_bal_AAAAMMMM,4,AAAAMMMM,42975,515700,1.3807406226793926,1.3176326354344685,1.3515309129442488,0.3847911227154047,0.4516971279373368,0.4355073274415483,0.9947780678851175,0.0003,1.0,13234.844883441925
depth4_bal_AAAAMMMM,4,AAAAMMMM,43000,516000,1.472564955552419,1.5034274657567341,1.5661119392939977,0.3619451697127937,0.360313315926893,0.30954245441324535,0.9947780678851175,0.0003,1.0,13242.818824529648
depth4_bal_AAAAMMMM,4,AAAAMMMM,43025,516300,1.554097553094228,1.6297845443089802,1.6426296540669032,0.32800261096605743,0.2885117493472585,0.2975724353954581,0.9947780678851175,0.0003,1.0,13251.20527601242
depth4_bal_AAAAMMMM,4,AAAAMMMM,43050,516600,1.2795474529266357,1.3487546841303508,1.3894379036767142,0.47323759791122716,0.4490861618798956,0.44233135697505316,0.9947780678851175,0.0003,1.0,13259.30546092987
depth4_bal_AAAAMMMM,4,AAAAMMMM,43075,516900,1.1099571386973064,1.1196980476379395,1.1591670785631452,0.6096605744125326,0.6788511749347258,0.6707685423425439,0.9947780678851175,0.0003,1.0,13267.492688417435
depth4_bal_AAAAMMMM,4,AAAAMMMM,43100,517200,1.413876752058665,1.2414521773656209,1.2826440232140677,0.36488250652741516,0.52088772845953,0.5045307081329008,0.9947780678851175,0.0003,1.0,13275.786484003067
depth4_bal_AAAAMMMM,4,AAAAMMMM,43125,517500,1.5177045265833538,1.397163947423299,1.431289792060852,0.3410574412532637,0.39425587467362927,0.3853898646381027,0.9947780678851175,0.0003,1.0,13284.052436590195
depth4_bal_AAAAMMMM,4,AAAAMMMM,43150,517800,1.2037461797396343,1.2321279048919678,1.274797797203064,0.5114229765013055,0.5548302872062664,0.5066562255285826,0.9947780678851175,0.0003,1.0,13292.193205356598
depth4_bal_AAAAMMMM,4,AAAAMMMM,43175,518100,1.1111941536267598,1.2466063499450684,1.28535555430821,0.6227154046997389,0.5143603133159269,0.487526568967446,0.9947780678851175,0.0003,1.0,13300.258284568787
depth4_bal_AAAAMMMM,4,AAAAMMMM,43200,518400,1.1643658181031544,1.2809296449025471,1.3064964124134608,0.527088772845953,0.4556135770234987,0.44400939702427566,0.9947780678851175,0.0003,1.0,13308.392201662064
depth4_bal_AAAAMMMM,4,AAAAMMMM,43225,518700,1.4362389544645946,1.503233273824056,1.5439373356955393,0.39066579634464754,0.3328981723237598,0.34601185814968116,0.9947780678851175,0.0003,1.0,13316.346103429794
depth4_bal_AAAAMMMM,4,AAAAMMMM,43250,519000,1.429069052139918,1.5832583109537761,1.5913614443370274,0.4027415143603133,0.31723237597911225,0.3179326546593579,0.9947780678851175,0.0003,1.0,13324.081111192703
depth4_bal_AAAAMMMM,4,AAAAMMMM,43275,519300,1.2750064531962078,1.292375922203064,1.3269292967660087,0.46866840731070497,0.44386422976501305,0.43092068464034006,0.9947780678851175,0.0003,1.0,13331.622049331665
depth4_bal_AAAAMMMM,4,AAAAMMMM,43300,519600,1.3099011679490407,1.3293880621592205,1.3468931777136666,0.43798955613577023,0.41906005221932113,0.4447924823805795,0.9947780678851175,0.0003,1.0,13339.626055717468
depth4_bal_AAAAMMMM,4,AAAAMMMM,43325,519900,1.4229951004187267,1.7126100460688274,1.753819339615958,0.39295039164490864,0.3524804177545692,0.34232017004139165,0.9947780678851175,0.0003,1.0,13347.92336654663
depth4_bal_AAAAMMMM,4,AAAAMMMM,43350,520200,1.779046207666397,1.5775001049041748,1.5797255311693463,0.2960182767624021,0.3642297650130548,0.36737890144311447,0.9947780678851175,0.0003,1.0,13356.151322841644
depth4_bal_AAAAMMMM,4,AAAAMMMM,43375,520500,1.3895411392052968,1.5961546500523884,1.6350926773888723,0.3975195822454308,0.30809399477806787,0.28191072826938135,0.9947780678851175,0.0003,1.0,13364.413672685623
depth4_bal_AAAAMMMM,4,AAAAMMMM,43400,520800,1.0858459273974101,1.164920965830485,1.1966617175510952,0.6648172323759791,0.6318537859007833,0.61282022597606,0.9947780678851175,0.0003,1.0,13372.725549697876
depth4_bal_AAAAMMMM,4,AAAAMMMM,43425,521100,1.3716841042041779,1.2604400316874187,1.2943099669047764,0.418733681462141,0.5026109660574413,0.48998769437297235,0.9947780678851175,0.0003,1.0,13381.043004751205
depth4_bal_AAAAMMMM,4,AAAAMMMM,43450,521400,1.1850630740324657,1.2492307821909587,1.2693945952824184,0.5137075718015666,0.5195822454308094,0.5115784763396353,0.9947780678851175,0.0003,1.0,13389.336052656174
depth4_bal_AAAAMMMM,4,AAAAMMMM,43475,521700,1.1553327937920888,1.1904057264328003,1.2275274651391166,0.5473237597911227,0.5600522193211488,0.5407763731961069,0.9947780678851175,0.0003,1.0,13396.433247566223
depth4_bal_AAAAMMMM,4,AAAAMMMM,43500,522000,1.1726669768492382,1.2086363236109416,1.2535207305635725,0.5509138381201044,0.5926892950391645,0.5672894059738226,0.9947780678851175,0.0003,1.0,13404.416241884232
depth4_bal_AAAAMMMM,4,AAAAMMMM,43525,522300,1.2162199318408966,1.2496671279271443,1.2640288625444684,0.5035900783289817,0.5548302872062664,0.5403288958496476,0.9947780678851175,0.0003,1.0,13412.555860757828
depth4_bal_AAAAMMMM,4,AAAAMMMM,43550,522600,1.252732167641322,1.2991624275843303,1.3251290798187256,0.483355091383812,0.49477806788511747,0.47108177648506544,0.9947780678851175,0.0003,1.0,13420.70246887207
depth4_bal_AAAAMMMM,4,AAAAMMMM,43575,522900,1.269355167945226,1.4819878737131755,1.5261943306241716,0.46964751958224543,0.3381201044386423,0.3292314576574561,0.9947780678851175,0.0003,1.0,13428.964743852615
depth4_bal_AAAAMMMM,4,AAAAMMMM,43600,523200,1.112829993168513,1.2054940064748128,1.2375498703547887,0.6279373368146214,0.6031331592689295,0.5761270835663944,0.9947780678851175,0.0003,1.0,13437.237382888794
depth4_bal_AAAAMMMM,4,AAAAMMMM,43625,523500,1.3269962668418884,1.3425864775975545,1.3870964731488908,0.43309399477806787,0.48172323759791125,0.4477010851325652,0.9947780678851175,0.0003,1.0,13444.593044996262
depth4_bal_AAAAMMMM,4,AAAAMMMM,43650,523800,1.127497911453247,1.3977556626001995,1.421280438559396,0.570822454308094,0.39425587467362927,0.37923705112428685,0.9947780678851175,0.0003,1.0,13447.675174951553
depth4_bal_AAAAMMMM,4,AAAAMMMM,43675,524100,1.400879790385564,1.2733208735783894,1.3172381707600185,0.42265013054830286,0.5091383812010444,0.48562479024499383,0.9947780678851175,0.0003,1.0,13450.651160240173
depth4_bal_AAAAMMMM,4,AAAAMMMM,43700,524400,1.1405833562215169,1.2606757084528606,1.2833410842078072,0.5486292428198434,0.4595300261096606,0.47108177648506544,0.9947780678851175,0.0003,1.0,13453.638123750687
depth4_bal_AAAAMMMM,4,AAAAMMMM,43725,524700,1.1844966212908428,1.174854318300883,1.212013966696603,0.5179503916449086,0.6540469973890339,0.6313905358541224,0.9947780678851175,0.0003,1.0,13456.608634471893
depth4_bal_AAAAMMMM,4,AAAAMMMM,43750,525000,1.4852544367313385,1.4239010413487752,1.4363205705370221,0.3599869451697128,0.40600522193211486,0.3900883767759257,0.9947780678851175,0.0003,1.0,13459.69057893753
depth4_bal_AAAAMMMM,4,AAAAMMMM,43775,525300,1.481303830941518,1.6327914794286091,1.6452389785221644,0.368798955613577,0.36553524804177545,0.34634746615952566,0.9947780678851175,0.0003,1.0,13462.681396007538
depth4_bal_AAAAMMMM,4,AAAAMMMM,43800,525600,1.2011920710404713,1.2749033371607463,1.3003932918821062,0.5336161879895561,0.49738903394255873,0.5195211992392885,0.9947780678851175,0.0003,1.0,13465.652580738068
depth4_bal_AAAAMMMM,4,AAAAMMMM,43825,525900,1.0945924818515778,1.2247642278671265,1.23902336869921,0.6263054830287206,0.49738903394255873,0.49625237722340304,0.9947780678851175,0.0003,1.0,13471.312494754791
depth4_bal_AAAAMMMM,4,AAAAMMMM,43850,526200,1.3869686325391133,1.5991460084915161,1.5751061950411116,0.40796344647519583,0.30678851174934724,0.307081329007719,0.9947780678851175,0.0003,1.0,13479.495204210281
depth4_bal_AAAAMMMM,4,AAAAMMMM,43875,526500,1.2159922420978546,1.2812170187632244,1.2911168336868286,0.49510443864229764,0.46866840731070497,0.4782414140284148,0.9947780678851175,0.0003,1.0,13487.474312067032
depth4_bal_AAAAMMMM,4,AAAAMMMM,43900,526800,1.5563207964102428,1.5264641841252644,1.559116084235055,0.36716710182767626,0.34464751958224543,0.34724242085244433,0.9947780678851175,0.0003,1.0,13495.430349349976
depth4_bal_AAAAMMMM,4,AAAAMMMM,43925,527100,1.1932579378286998,1.470934311548869,1.4826246670314245,0.5032637075718016,0.3838120104438642,0.3975836223291196,0.9947780678851175,0.0003,1.0,13503.643675804138
depth4_bal_AAAAMMMM,4,AAAAMMMM,43950,527400,1.348793625831604,1.3341870705286663,1.365057417324611,0.4030678851174935,0.4164490861618799,0.41100794272289964,0.9947780678851175,0.0003,1.0,13511.67529463768
depth4_bal_AAAAMMMM,4,AAAAMMMM,43975,527700,1.0955781141916912,1.1353698174158733,1.1632123947143556,0.6504569190600522,0.6814621409921671,0.662602080769661,0.9947780678851175,0.0003,1.0,13519.49926161766
depth4_bal_AAAAMMMM,4,AAAAMMMM,44000,528000,1.2321258385976155,1.7109759251276653,1.7597084045410156,0.4869451697127937,0.4177545691906005,0.4042957825260096,0.9947780678851175,0.0003,1.0,13527.36665225029
depth4_bal_AAAAMMMM,4,AAAAMMMM,44025,528300,1.2314558426539104,1.1990244388580322,1.219294330051967,0.4941253263707572,0.5939947780678851,0.5774695156057724,0.9947780678851175,0.0003,1.0,13535.830414772034
depth4_bal_AAAAMMMM,4,AAAAMMMM,44050,528600,1.4284250636895497,1.4546817541122437,1.4748935426984515,0.3880548302872063,0.3785900783289817,0.3870679046873252,0.9947780678851175,0.0003,1.0,13544.066463947296
depth4_bal_AAAAMMMM,4,AAAAMMMM,44075,528900,1.303955316543579,1.4282541672388713,1.4527895893369402,0.4324412532637076,0.3772845953002611,0.3518290636536525,0.9947780678851175,0.0003,1.0,13552.378348827362
depth4_bal_AAAAMMMM,4,AAAAMMMM,44100,529200,1.279127577940623,1.530161698659261,1.5507870844432285,0.456266318537859,0.3681462140992167,0.347466159525674,0.9947780678851175,0.0003,1.0,13560.738001823425
depth4_bal_AAAAMMMM,4,AAAAMMMM,44125,529500,1.3454558551311493,1.3664086262385051,1.3814436776297434,0.42721932114882505,0.4177545691906005,0.42163552970130885,0.9947780678851175,0.0003,1.0,13569.19262123108
depth4_bal_AAAAMMMM,4,AAAAMMMM,44150,529800,1.0699717899163563,1.134197473526001,1.1608711106436593,0.6387075718015666,0.6383812010443864,0.6110303165902227,0.9947780678851175,0.0003,1.0,13577.425410747528
depth4_bal_AAAAMMMM,4,AAAAMMMM,44175,530100,1.188563048839569,1.1515334447224934,1.1797859430313111,0.5274151436031331,0.6370757180156658,0.6317261438639669,0.9947780678851175,0.0003,1.0,13585.140037536621
depth4_bal_AAAAMMMM,4,AAAAMMMM,44200,530400,1.040746678908666,1.1481364568074544,1.1796270404543197,0.6664490861618799,0.5926892950391645,0.5632621098556886,0.9947780678851175,0.0003,1.0,13593.379081726074
depth4_bal_AAAAMMMM,4,AAAAMMMM,44225,530700,1.303007831176122,1.3361109097798665,1.343971358026777,0.44778067885117495,0.41906005221932113,0.42029309766193085,0.9947780678851175,0.0003,1.0,13601.625610589981
depth4_bal_AAAAMMMM,4,AAAAMMMM,44250,531000,1.3905835251013439,1.2298541069030762,1.2830055441175188,0.40404699738903394,0.5221932114882507,0.4900995637095872,0.9947780678851175,0.0003,1.0,13609.745346784592
depth4_bal_AAAAMMMM,4,AAAAMMMM,44275,531300,1.1197901169459026,1.1306750774383545,1.136224808011736,0.5789817232375979,0.6892950391644909,0.6853115561024723,0.9947780678851175,0.0003,1.0,13617.95616889
depth4_bal_AAAAMMMM,4,AAAAMMMM,44300,531600,1.120349794626236,1.1492938597997029,1.1720623254776001,0.6070496083550914,0.6631853785900783,0.6564492672558452,0.9947780678851175,0.0003,1.0,13626.263981819153
depth4_bal_AAAAMMMM,4,AAAAMMMM,44325,531900,1.1027737359205882,1.1556740204493205,1.1832380669457572,0.6112924281984334,0.5926892950391645,0.5762389529030093,0.9947780678851175,0.0003,1.0,13634.496132135391
depth4_bal_AAAAMMMM,4,AAAAMMMM,44350,532200,1.1226552923520405,1.3542465368906658,1.3867895262581962,0.5704960835509139,0.48433420365535246,0.4593354961405079,0.9947780678851175,0.0003,1.0,13642.342646121979
depth4_bal_AAAAMMMM,4,AAAAMMMM,44375,532500,1.1816909710566204,1.2357111771901448,1.2675193105425153,0.5453655352480418,0.566579634464752,0.5316030875936906,0.9947780678851175,0.0003,1.0,13650.3986723423
depth4_bal_AAAAMMMM,4,AAAAMMMM,44400,532800,1.3570378422737122,1.3039435148239136,1.3303883961268834,0.412532637075718,0.48433420365535246,0.4746615952567401,0.9947780678851175,0.0003,1.0,13658.186482906342
depth4_bal_AAAAMMMM,4,AAAAMMMM,44425,533100,1.22499884168307,1.2321373224258423,1.2634355817522323,0.5107702349869452,0.5169712793733682,0.514487079091621,0.9947780678851175,0.0003,1.0,13666.262429475784
depth4_bal_AAAAMMMM,4,AAAAMMMM,44450,533400,1.2009059488773346,1.1601460774739583,1.18128947189876,0.5182767624020888,0.6096605744125326,0.607450497818548,0.9947780678851175,0.0003,1.0,13674.318450212479
depth4_bal_AAAAMMMM,4,AAAAMMMM,44475,533700,1.2843531171480815,1.4350087642669678,1.4685430662972587,0.43798955613577023,0.34073107049608353,0.33471305515158295,0.9947780678851175,0.0003,1.0,13682.329498529434
depth4_bal_AAAAMMMM,4,AAAAMMMM,44500,534000,1.1890965004762013,1.2255096435546875,1.251770864214216,0.5629895561357703,0.6279373368146214,0.6062199351157848,0.9947780678851175,0.0003,1.0,13690.445861816406
depth4_bal_AAAAMMMM,4,AAAAMMMM,44525,534300,1.3214150965213776,1.697820504506429,1.7674424137387956,0.43962140992167104,0.2989556135770235,0.27665286944848416,0.9947780678851175,0.0003,1.0,13698.743952035904
depth4_bal_AAAAMMMM,4,AAAAMMMM,44550,534600,1.1725317140420277,1.2055594126383464,1.2352346113749912,0.5283942558746736,0.5822454308093995,0.5678487526568967,0.9947780678851175,0.0003,1.0,13706.779232263565
depth4_bal_AAAAMMMM,4,AAAAMMMM,44575,534900,1.0878766079743702,1.153603474299113,1.1830190011433193,0.6011749347258486,0.6174934725848564,0.6164000447477347,0.9947780678851175,0.0003,1.0,13714.843397140503
depth4_bal_AAAAMMMM,4,AAAAMMMM,44600,535200,1.2526361644268036,1.2939204374949138,1.3357138769967216,0.47911227154047,0.49477806788511747,0.4556438080322184,0.9947780678851175,0.0003,1.0,13723.0554459095
depth4_bal_AAAAMMMM,4,AAAAMMMM,44625,535500,1.4450226823488872,1.3804572423299153,1.3729757479258946,0.37238903394255873,0.4412532637075718,0.4308088153037252,0.9947780678851175,0.0003,1.0,13731.06131362915
depth4_bal_AAAAMMMM,4,AAAAMMMM,44650,535800,1.1549824078877766,1.1688307523727417,1.1991243260247366,0.5737597911227154,0.639686684073107,0.6271395010627587,0.9947780678851175,0.0003,1.0,13739.298528909683
depth4_bal_AAAAMMMM,4,AAAAMMMM,44675,536100,2.0700283348560333,1.763605793317159,1.8163842950548446,0.26827676240208875,0.28720626631853785,0.2826938136256852,0.9947780678851175,0.0003,1.0,13747.347194194794
depth4_bal_AAAAMMMM,4,AAAAMMMM,44700,536400,1.4003295600414276,2.7020630836486816,2.815054191861834,0.3847911227154047,0.12924281984334204,0.11455420069358989,0.9947780678851175,0.0003,1.0,13755.267904043198
depth4_bal_AAAAMMMM,4,AAAAMMMM,44725,536700,1.0898526807626088,1.1268296241760254,1.1533036504473004,0.6060704960835509,0.6788511749347258,0.6628258194428907,0.9947780678851175,0.0003,1.0,13763.476932048798
depth4_bal_AAAAMMMM,4,AAAAMMMM,44750,537000,1.2664880553881328,1.4596095482508342,1.4702938386372157,0.4598563968668407,0.34464751958224543,0.3252041615393221,0.9947780678851175,0.0003,1.0,13771.736849069595
depth4_bal_AAAAMMMM,4,AAAAMMMM,44775,537300,1.178802361090978,1.203573187192281,1.248296216556004,0.5231723237597912,0.5783289817232375,0.5307081329007719,0.9947780678851175,0.0003,1.0,13780.082379102707
depth4_bal_AAAAMMMM,4,AAAAMMMM,44800,537600,1.0977937877178192,1.1541266441345215,1.1796777827399119,0.6475195822454308,0.6827676240208878,0.6697617183130105,0.9947780678851175,0.0003,1.0,13788.29814362526
depth4_bal_AAAAMMMM,4,AAAAMMMM,44825,537900,1.2546265920003254,1.290128231048584,1.3176965985979352,0.4931462140992167,0.5169712793733682,0.5034120147667525,0.9947780678851175,0.0003,1.0,13796.548177719116
depth4_bal_AAAAMMMM,4,AAAAMMMM,44850,538200,1.5688333610693614,1.423801104227702,1.4436538355691093,0.34432114882506526,0.42689295039164493,0.3983667076854234,0.9947780678851175,0.0003,1.0,13804.779181480408
depth4_bal_AAAAMMMM,4,AAAAMMMM,44875,538500,1.1849680642286937,1.2098723252614338,1.2545747552599227,0.5401436031331592,0.5274151436031331,0.5199686765857479,0.9947780678851175,0.0003,1.0,13812.420551776886
depth4_bal_AAAAMMMM,4,AAAAMMMM,44900,538800,1.210922102133433,1.2245293458302815,1.2583495514733452,0.49477806788511747,0.5731070496083551,0.5462579706902339,0.9947780678851175,0.0003,1.0,13820.637543916702
depth4_bal_AAAAMMMM,4,AAAAMMMM,44925,539100,1.075739065806071,1.158634861310323,1.194316816329956,0.6618798955613577,0.6514360313315927,0.6214341648954022,0.9947780678851175,0.0003,1.0,13828.972399234772
depth4_bal_AAAAMMMM,4,AAAAMMMM,44950,539400,1.194386621316274,1.3666369517644246,1.379257709639413,0.5120757180156658,0.42297650130548303,0.41995748965208635,0.9947780678851175,0.0003,1.0,13837.294147729874
depth4_bal_AAAAMMMM,4,AAAAMMMM,44975,539700,1.1060021221637726,1.2650693257649739,1.3145327295575824,0.5992167101827677,0.5182767624020888,0.47969571540440764,0.9947780678851175,0.0003,1.0,13845.511667966843
depth4_bal_AAAAMMMM,4,AAAAMMMM,45000,540000,1.1210570633411407,1.1797532240549724,1.2147866828101022,0.6070496083550914,0.597911227154047,0.5855241078420405,0.9947780678851175,0.0003,1.0,13853.69152879715
depth4_bal_AAAAMMMM,4,AAAAMMMM,45025,540300,1.150294264157613,1.2436719338099163,1.27008216381073,0.5747389033942559,0.5456919060052219,0.530596263564157,0.9947780678851175,0.0003,1.0,13861.796212673187
depth4_bal_AAAAMMMM,4,AAAAMMMM,45050,540600,1.2551033894220989,1.5538509289423625,1.5540393011910574,0.4699738903394256,0.3681462140992167,0.3774471417384495,0.9947780678851175,0.0003,1.0,13870.036498308182
depth4_bal_AAAAMMMM,4,AAAAMMMM,45075,540900,1.191668798526128,1.321115533510844,1.3350483587809971,0.5316579634464752,0.4386422976501306,0.4574337174180557,0.9947780678851175,0.0003,1.0,13877.860899209976
depth4_bal_AAAAMMMM,4,AAAAMMMM,45100,541200,1.0989551345507305,1.2038761774698894,1.224187571661813,0.618798955613577,0.5757180156657964,0.5632621098556886,0.9947780678851175,0.0003,1.0,13885.211378097534
depth4_bal_AAAAMMMM,4,AAAAMMMM,45125,541500,1.1420499285062153,1.2189410130182903,1.2402964285441807,0.5835509138381201,0.5861618798955613,0.562926501845844,0.9947780678851175,0.0003,1.0,13893.437661409378
depth4_bal_AAAAMMMM,4,AAAAMMMM,45150,541800,1.370384434858958,1.4756388266881306,1.5211338485990251,0.40992167101827676,0.3394255874673629,0.30887123839355635,0.9947780678851175,0.0003,1.0,13901.767488956451
depth4_bal_AAAAMMMM,4,AAAAMMMM,45175,542100,1.3271413743495941,1.4003411134084065,1.4234524829047066,0.4644255874673629,0.4281984334203655,0.420852444345005,0.9947780678851175,0.0003,1.0,13909.955409526825
depth4_bal_AAAAMMMM,4,AAAAMMMM,45200,542400,1.499079167842865,1.528666575749715,1.5172375747135707,0.3789164490861619,0.3472584856396867,0.3684975948092628,0.9947780678851175,0.0003,1.0,13917.814329147339
depth4_bal_AAAAMMMM,4,AAAAMMMM,45225,542700,1.0907129247983296,1.139108141263326,1.1630153690065657,0.6220626631853786,0.6579634464751958,0.6363127866651751,0.9947780678851175,0.0003,1.0,13925.798228740692
depth4_bal_AAAAMMMM,4,AAAAMMMM,45250,543000,1.154768208662669,1.2481594880421956,1.268604564666748,0.5672323759791122,0.5483028720626631,0.548159749412686,0.9947780678851175,0.0003,1.0,13933.318666219711
depth4_bal_AAAAMMMM,4,AAAAMMMM,45275,543300,1.1873509685198467,1.3962148427963257,1.4249445949281965,0.52088772845953,0.4112271540469974,0.37856583510459785,0.9947780678851175,0.0003,1.0,13941.225672245026
depth4_bal_AAAAMMMM,4,AAAAMMMM,45300,543600,1.1905064980189006,1.25583020846049,1.2761658498219082,0.6184725848563969,0.6070496083550914,0.5832867211097438,0.9947780678851175,0.0003,1.0,13949.459170818329
depth4_bal_AAAAMMMM,4,AAAAMMMM,45325,543900,1.1237293779850006,1.1644313732783,1.1939013889857701,0.6344647519582245,0.6697127937336814,0.6523101018010963,0.9947780678851175,0.0003,1.0,13954.13106417656
depth4_bal_AAAAMMMM,4,AAAAMMMM,45350,544200,1.3749343752861023,1.413607120513916,1.4229010002953666,0.39947780678851175,0.39033942558746737,0.3956818436066674,0.9947780678851175,0.0003,1.0,13957.072770357132
depth4_bal_AAAAMMMM,4,AAAAMMMM,45375,544500,1.7116005619366963,1.57551105817159,1.6351895843233382,0.31005221932114885,0.3629242819843342,0.3255397695491666,0.9947780678851175,0.0003,1.0,13960.02078962326
depth4_bal_AAAAMMMM,4,AAAAMMMM,45400,544800,1.2227295835812886,1.325802206993103,1.3713723966053555,0.5101174934725848,0.5026109660574413,0.47712272066226646,0.9947780678851175,0.0003,1.0,13962.997177124023
depth4_bal_AAAAMMMM,4,AAAAMMMM,45425,545100,1.5089356203873951,1.4986649751663208,1.5371201753616333,0.34236292428198434,0.3642297650130548,0.3486967222284372,0.9947780678851175,0.0003,1.0,13966.050721168518
depth4_bal_AAAAMMMM,4,AAAAMMMM,45450,545400,1.097371478875478,1.1922058661778767,1.223019848551069,0.6289164490861618,0.6122715404699739,0.5990602975724354,0.9947780678851175,0.0003,1.0,13968.992936372757
depth4_bal_AAAAMMMM,4,AAAAMMMM,45475,545700,1.1421705683072407,1.2243481079737346,1.2501113993780955,0.6230417754569191,0.5992167101827677,0.5854122385054257,0.9947780678851175,0.0003,1.0,13972.032483816147
depth4_bal_AAAAMMMM,4,AAAAMMMM,45500,546000,1.2042541801929474,1.1890366474787395,1.2094646079199656,0.5254569190600522,0.6449086161879896,0.6321736212104262,0.9947780678851175,0.0003,1.0,13980.132272720337
depth4_bal_AAAAMMMM,4,AAAAMMMM,45525,546300,1.1034607688585918,1.1904178857803345,1.2146886791501725,0.6347911227154047,0.5926892950391645,0.591229444009397,0.9947780678851175,0.0003,1.0,13988.540438652039
depth4_bal_AAAAMMMM,4,AAAAMMMM,45550,546600,1.1237275699774425,1.1906340916951497,1.2241523844855173,0.5656005221932114,0.5744125326370757,0.5478241414028415,0.9947780678851175,0.0003,1.0,13996.749299049377
depth4_bal_AAAAMMMM,4,AAAAMMMM,45575,546900,1.6564611792564392,1.4444283246994019,1.5051695925848825,0.3178851174934726,0.4360313315926893,0.3754334936793825,0.9947780678851175,0.0003,1.0,14004.611016750336
depth4_bal_AAAAMMMM,4,AAAAMMMM,45600,547200,1.654384841521581,2.213498036066691,2.211958156313215,0.31429503916449086,0.21409921671018275,0.21344669426110302,0.9947780678851175,0.0003,1.0,14012.386490345001
depth4_bal_AAAAMMMM,4,AAAAMMMM,45625,547500,1.1728034019470215,1.3211702505747478,1.3381769623075213,0.5388381201044387,0.46736292428198434,0.44792482380579485,0.9947780678851175,0.0003,1.0,14015.447299003601
depth4_bal_AAAAMMMM,4,AAAAMMMM,45650,547800,1.148418088754018,1.1826356252034504,1.216599828856332,0.5933420365535248,0.6279373368146214,0.6078979751650073,0.9947780678851175,0.0003,1.0,14018.396516561508
depth4_bal_AAAAMMMM,4,AAAAMMMM,45675,548100,1.213348517815272,1.3315903743108113,1.3420627798352922,0.4768276762402089,0.4386422976501306,0.4587761494574337,0.9947780678851175,0.0003,1.0,14021.339401245117
depth4_bal_AAAAMMMM,4,AAAAMMMM,45700,548400,1.1500900089740753,1.348841945330302,1.4046831335340226,0.5531984334203656,0.39425587467362927,0.3767759257187605,0.9947780678851175,0.0003,1.0,14026.684892416
depth4_bal_AAAAMMMM,4,AAAAMMMM,45725,548700,1.1546400288740795,1.1856944561004639,1.2214631114687238,0.5580939947780679,0.597911227154047,0.5591229444009397,0.9947780678851175,0.0003,1.0,14034.845078706741
depth4_bal_AAAAMMMM,4,AAAAMMMM,45750,549000,1.1271841327349346,1.206345836321513,1.2337978192738124,0.556135770234987,0.5783289817232375,0.5547600402729612,0.9947780678851175,0.0003,1.0,14042.989224433899
depth4_bal_AAAAMMMM,4,AAAAMMMM,45775,549300,1.2546491126219432,1.3188939094543457,1.354816620690482,0.4924934725848564,0.42297650130548303,0.4149233695044188,0.9947780678851175,0.0003,1.0,14051.18832373619
depth4_bal_AAAAMMMM,4,AAAAMMMM,45800,549600,1.2203660507996876,1.3783209721247356,1.4151409591947284,0.4911879895561358,0.381201044386423,0.3540664503859492,0.9947780678851175,0.0003,1.0,14059.22861289978
depth4_bal_AAAAMMMM,4,AAAAMMMM,45825,549900,1.3600200414657593,1.2798324823379517,1.3213310309818813,0.39654046997389036,0.4830287206266319,0.4745497259201253,0.9947780678851175,0.0003,1.0,14067.424093008041
depth4_bal_AAAAMMMM,4,AAAAMMMM,45850,550200,1.518227885166804,1.4631091356277466,1.4773716313498362,0.3893603133159269,0.4164490861618799,0.41794384159301934,0.9947780678851175,0.0003,1.0,14075.67370724678
depth4_bal_AAAAMMMM,4,AAAAMMMM,45875,550500,1.2588978509108226,1.2735012769699097,1.2896761723927088,0.48433420365535246,0.5,0.4824924488197785,0.9947780678851175,0.0003,1.0,14083.555325746536
depth4_bal_AAAAMMMM,4,AAAAMMMM,45900,550800,1.0863782564798992,1.124678095181783,1.1682224443980627,0.6452349869451697,0.6409921671018277,0.6276988477458328,0.9947780678851175,0.0003,1.0,14091.927018404007
depth4_bal_AAAAMMMM,4,AAAAMMMM,45925,551100,1.1200497547785442,1.1956302324930828,1.2097716433661325,0.5943211488250653,0.5966057441253264,0.5886564492672558,0.9947780678851175,0.0003,1.0,14099.995267629623
depth4_bal_AAAAMMMM,4,AAAAMMMM,45950,551400,1.2622539897759755,1.22820246219635,1.2618447814668927,0.4425587467362924,0.49738903394255873,0.49927284931200355,0.9947780678851175,0.0003,1.0,14108.266465425491
depth4_bal_AAAAMMMM,4,AAAAMMMM,45975,551700,1.4299769202868144,1.3659448623657227,1.386548066139221,0.3880548302872063,0.4451697127937337,0.4330462020360219,0.9947780678851175,0.0003,1.0,14116.499508857727
depth4_bal_AAAAMMMM,4,AAAAMMMM,46000,552000,1.2582984268665314,1.2487425406773884,1.289092377253941,0.46344647519582244,0.5274151436031331,0.5181787671999105,0.9947780678851175,0.0003,1.0,14124.64882516861
depth4_bal_AAAAMMMM,4,AAAAMMMM,46025,552300,1.1930561264355977,1.2756528854370117,1.3039507525307792,0.5163185378590078,0.49869451697127937,0.5139277324085468,0.9947780678851175,0.0003,1.0,14132.809529542923
depth4_bal_AAAAMMMM,4,AAAAMMMM,46050,552600,1.1071861386299133,1.1418743530909221,1.1728012255259923,0.5890992167101827,0.6109660574412533,0.6164000447477347,0.9947780678851175,0.0003,1.0,14141.068588018417
depth4_bal_AAAAMMMM,4,AAAAMMMM,46075,552900,1.8637650112311046,1.5571144421895344,1.5852957350867136,0.2748041775456919,0.34073107049608353,0.3417608233583175,0.9947780678851175,0.0003,1.0,14149.470690250397
depth4_bal_AAAAMMMM,4,AAAAMMMM,46100,553200,1.1952557464440663,1.3231197992960613,1.346337059565953,0.5172976501305483,0.47780678851174935,0.45788119476451505,0.9947780678851175,0.0003,1.0,14157.71780872345
depth4_bal_AAAAMMMM,4,AAAAMMMM,46125,553500,1.141329328219096,1.1934037605921428,1.2214939526149204,0.7046344647519582,0.716710182767624,0.7000783085356304,0.9947780678851175,0.0003,1.0,14165.996545553207
depth4_bal_AAAAMMMM,4,AAAAMMMM,46150,553800,1.4870066046714783,1.6398632923762004,1.7081653050013952,0.3524804177545692,0.283289817232376,0.2708356639445128,0.9947780678851175,0.0003,1.0,14174.217494487762
depth4_bal_AAAAMMMM,4,AAAAMMMM,46175,554100,1.2278520663579304,1.3834321896235149,1.4365491492407663,0.47356396866840733,0.4216710182767624,0.38684416601409555,0.9947780678851175,0.0003,1.0,14182.327476024628
depth4_bal_AAAAMMMM,4,AAAAMMMM,46200,554400,1.2483142813046773,1.2132563591003418,1.2570407254355294,0.49477806788511747,0.5926892950391645,0.5526345228772793,0.9947780678851175,0.0003,1.0,14190.577265262604
depth4_bal_AAAAMMMM,4,AAAAMMMM,46225,554700,1.3216724594434102,1.3209211826324463,1.3468164988926479,0.4526762402088773,0.4960835509138381,0.48036693142409664,0.9947780678851175,0.0003,1.0,14198.607163906097
depth4_bal_AAAAMMMM,4,AAAAMMMM,46250,555000,1.2447188099225361,1.2404477993647258,1.2707189014979772,0.4774804177545692,0.5443864229765013,0.530596263564157,0.9947780678851175,0.0003,1.0,14206.903636217117
depth4_bal_AAAAMMMM,4,AAAAMMMM,46275,555300,1.2146425942579906,1.2178120215733845,1.247544036592756,0.5721279373368147,0.6070496083550914,0.6143863966886677,0.9947780678851175,0.0003,1.0,14214.930739879608
depth4_bal_AAAAMMMM,4,AAAAMMMM,46300,555600,1.3832147816816966,1.7290653387705486,1.7503223555428642,0.40796344647519583,0.24934725848563968,0.24454636984002684,0.9947780678851175,0.0003,1.0,14223.023596525192
depth4_bal_AAAAMMMM,4,AAAAMMMM,46325,555900,1.3903069098790486,1.6087589661280315,1.6861606563840594,0.38511749347258484,0.31201044386422977,0.30227094753328115,0.9947780678851175,0.0003,1.0,14231.07654094696
depth4_bal_AAAAMMMM,4,AAAAMMMM,46350,556200,1.6542590359846752,1.761706789334615,1.7725767714636667,0.30613577023498695,0.2193211488250653,0.24857366595816086,0.9947780678851175,0.0003,1.0,14239.249284267426
depth4_bal_AAAAMMMM,4,AAAAMMMM,46375,556500,1.4367282092571259,1.5616172552108765,1.618091286931719,0.4236292428198433,0.3877284595300261,0.35518514375209753,0.9947780678851175,0.0003,1.0,14247.388951539993
depth4_bal_AAAAMMMM,4,AAAAMMMM,46400,556800,1.1065075993537903,1.168447216351827,1.1977965661457606,0.6047650130548303,0.5913838120104439,0.5743371741805571,0.9947780678851175,0.0003,1.0,14255.393533468246
depth4_bal_AAAAMMMM,4,AAAAMMMM,46425,557100,1.9030783275763195,1.721469481786092,1.7326192004340035,0.264686684073107,0.2819843342036554,0.3008166461572883,0.9947780678851175,0.0003,1.0,14260.538139104843
depth4_bal_AAAAMMMM,4,AAAAMMMM,46450,557400,1.7039140661557515,2.034556031227112,2.105166186605181,0.3152741514360313,0.2689295039164491,0.23850542566282582,0.9947780678851175,0.0003,1.0,14267.12720489502
depth4_bal_AAAAMMMM,4,AAAAMMMM,46475,557700,1.3314582407474518,1.278705318768819,1.3169156653540475,0.44157963446475196,0.5274151436031331,0.5103479136368722,0.9947780678851175,0.0003,1.0,14273.205500125885
depth4_bal_AAAAMMMM,4,AAAAMMMM,46500,558000,1.3710899154345195,1.2835310300191243,1.328078590120588,0.4086161879895561,0.4725848563968668,0.4676138270500056,0.9947780678851175,0.0003,1.0,14276.14734530449
depth4_bal_AAAAMMMM,4,AAAAMMMM,46525,558300,1.2592224876085918,1.221675992012024,1.250220022882734,0.4676892950391645,0.5287206266318538,0.5346235596822911,0.9947780678851175,0.0003,1.0,14283.772118806839
depth4_bal_AAAAMMMM,4,AAAAMMMM,46550,558600,1.190636287132899,1.2542735735575359,1.280070778301784,0.5225195822454308,0.5248041775456919,0.5204161539322072,0.9947780678851175,0.0003,1.0,14292.119288921356
depth4_bal_AAAAMMMM,4,AAAAMMMM,46575,558900,1.0615564584732056,1.1275947093963623,1.1620288916996546,0.6775456919060052,0.6253263707571801,0.6076742364917777,0.9947780678851175,0.0003,1.0,14300.31888794899
depth4_bal_AAAAMMMM,4,AAAAMMMM,46600,559200,1.4732490479946136,1.5042381286621094,1.5334440163203649,0.37467362924281983,0.3433420365535248,0.3518290636536525,0.9947780678851175,0.0003,1.0,14308.29519534111
depth4_bal_AAAAMMMM,4,AAAAMMMM,46625,559500,1.445114940404892,1.4857407808303833,1.5123348338263376,0.3831592689295039,0.3825065274151436,0.39075959279561473,0.9947780678851175,0.0003,1.0,14316.538219451904
depth4_bal_AAAAMMMM,4,AAAAMMMM,46650,559800,1.0912516911824544,1.1825918753941853,1.2302197865077427,0.6370757180156658,0.5639686684073107,0.5269045754558676,0.9947780678851175,0.0003,1.0,14324.848225593567
depth4_bal_AAAAMMMM,4,AAAAMMMM,46675,560100,1.2592725853125255,1.2489999930063884,1.2906938280378069,0.4810704960835509,0.54177545691906,0.527911399485401,0.9947780678851175,0.0003,1.0,14333.093166589737
depth4_bal_AAAAMMMM,4,AAAAMMMM,46700,560400,1.1371259987354279,1.163880745569865,1.20088324206216,0.5669060052219321,0.5887728459530026,0.5597941604206287,0.9947780678851175,0.0003,1.0,14341.28912949562
depth4_bal_AAAAMMMM,4,AAAAMMMM,46725,560700,1.3075169324874878,1.2540470361709595,1.3030770778656007,0.44843342036553524,0.4934725848563969,0.4836111421859268,0.9947780678851175,0.0003,1.0,14349.440903186798
depth4_bal_AAAAMMMM,4,AAAAMMMM,46750,561000,1.1581517060597737,1.1872455676396687,1.2201503276824952,0.5607049608355091,0.5809399477806788,0.5732184808144087,0.9947780678851175,0.0003,1.0,14357.43024802208
depth4_bal_AAAAMMMM,4,AAAAMMMM,46775,561300,1.165294071038564,1.2233678102493286,1.243901072229658,0.568864229765013,0.5352480417754569,0.5357422530484395,0.9947780678851175,0.0003,1.0,14365.49402475357
depth4_bal_AAAAMMMM,4,AAAAMMMM,46800,561600,1.4041583438714345,1.370044191678365,1.410186035292489,0.4174281984334204,0.4360313315926893,0.4063094305850766,0.9947780678851175,0.0003,1.0,14373.572228908539
depth4_bal_AAAAMMMM,4,AAAAMMMM,46825,561900,1.208507498105367,1.3360212643941243,1.395874810218811,0.489556135770235,0.4164490861618799,0.3992616623783421,0.9947780678851175,0.0003,1.0,14381.938980340958
depth4_bal_AAAAMMMM,4,AAAAMMMM,46850,562200,1.3822196026643117,1.3187057971954346,1.3368254218782698,0.4157963446475196,0.48172323759791125,0.47913636872133347,0.9947780678851175,0.0003,1.0,14390.186126232147
depth4_bal_AAAAMMMM,4,AAAAMMMM,46875,562500,1.4990922609965007,1.318164308865865,1.3676664352416992,0.35737597911227154,0.4556135770234987,0.4230898310773017,0.9947780678851175,0.0003,1.0,14398.173535585403
depth4_bal_AAAAMMMM,4,AAAAMMMM,46900,562800,1.1341759463151295,1.1559906800587971,1.1959109340395246,0.633485639686684,0.6488250652741514,0.6096878845508447,0.9947780678851175,0.0003,1.0,14405.072546720505
depth4_bal_AAAAMMMM,4,AAAAMMMM,46925,563100,1.2767049074172974,1.2503200769424438,1.3241505759102958,0.4425587467362924,0.4699738903394256,0.444456874370735,0.9947780678851175,0.0003,1.0,14408.153255939484
depth4_bal_AAAAMMMM,4,AAAAMMMM,46950,563400,1.4905994236469269,1.4072182575861614,1.4377905743462698,0.4007832898172324,0.4556135770234987,0.45184025058731403,0.9947780678851175,0.0003,1.0,14411.111782073975
depth4_bal_AAAAMMMM,4,AAAAMMMM,46975,563700,1.4123492340246837,1.5059974590937297,1.5362581968307496,0.39882506527415146,0.3563968668407311,0.3510459782973487,0.9947780678851175,0.0003,1.0,14414.159327507019
depth4_bal_AAAAMMMM,4,AAAAMMMM,47000,564000,1.2141506274541218,1.1883468230565388,1.2265774590628489,0.4977154046997389,0.566579634464752,0.5413357198791812,0.9947780678851175,0.0003,1.0,14417.213134288788
depth4_bal_AAAAMMMM,4,AAAAMMMM,47025,564300,1.222037633260091,1.2214091618855794,1.2531885317393712,0.4980417754569191,0.52088772845953,0.5445799306410113,0.9947780678851175,0.0003,1.0,14425.47942519188
depth4_bal_AAAAMMMM,4,AAAAMMMM,47050,564600,1.256717175245285,1.3918019930521648,1.4240041971206665,0.4993472584856397,0.3772845953002611,0.39187828616176307,0.9947780678851175,0.0003,1.0,14433.723581790924
depth4_bal_AAAAMMMM,4,AAAAMMMM,47075,564900,1.190132051706314,1.253800630569458,1.2942768437521799,0.5280678851174935,0.5130548302872062,0.5218704553082,0.9947780678851175,0.0003,1.0,14441.957085132599
depth4_bal_AAAAMMMM,4,AAAAMMMM,47100,565200,1.2372545103232067,1.4391144116719563,1.486384538241795,0.4931462140992167,0.3328981723237598,0.3280008949546929,0.9947780678851175,0.0003,1.0,14447.653703451157
depth4_bal_AAAAMMMM,4,AAAAMMMM,47125,565500,1.5006967683633168,1.4528581301371257,1.4903044973100934,0.3563968668407311,0.381201044386423,0.3849423872916434,0.9947780678851175,0.0003,1.0,14450.595858573914
depth4_bal_AAAAMMMM,4,AAAAMMMM,47150,565800,1.4303295115629833,1.4024405876795452,1.4438735042299544,0.4128590078328982,0.38642297650130547,0.3518290636536525,0.9947780678851175,0.0003,1.0,14453.54854631424
depth4_bal_AAAAMMMM,4,AAAAMMMM,47175,566100,1.3666607240835826,1.3235169251759846,1.3551380123410905,0.40926892950391647,0.44778067885117495,0.4342767647387851,0.9947780678851175,0.0003,1.0,14456.492281198502
depth4_bal_AAAAMMMM,4,AAAAMMMM,47200,566400,1.166600118080775,1.1869092384974163,1.2200105939592634,0.539490861618799,0.5456919060052219,0.5719879181116456,0.9947780678851175,0.0003,1.0,14463.595069646835
depth4_bal_AAAAMMMM,4,AAAAMMMM,47225,566700,1.2284513314565022,1.3542025089263916,1.3880439928599766,0.5022845953002611,0.4386422976501306,0.40071596375433494,0.9947780678851175,0.0003,1.0,14471.660998821259
depth4_bal_AAAAMMMM,4,AAAAMMMM,47250,567000,1.2097246050834656,1.2549899816513062,1.287773268563407,0.5068537859007833,0.5221932114882507,0.49334377447141736,0.9947780678851175,0.0003,1.0,14479.603093147278
depth4_bal_AAAAMMMM,4,AAAAMMMM,47275,567300,1.2221051752567291,1.2103248834609985,1.25168240410941,0.5469973890339426,0.5913838120104439,0.573777827497483,0.9947780678851175,0.0003,1.0,14487.806023836136
depth4_bal_AAAAMMMM,4,AAAAMMMM,47300,567600,1.114597241083781,1.2574547131856282,1.2920607839311873,0.6178198433420365,0.4725848563968668,0.46615952567401275,0.9947780678851175,0.0003,1.0,14496.108165740967
depth4_bal_AAAAMMMM,4,AAAAMMMM,47325,567900,1.083991418282191,1.1349856853485107,1.1909578493663242,0.6233681462140992,0.6240208877284595,0.5868665398814185,0.9947780678851175,0.0003,1.0,14504.368332624435
depth4_bal_AAAAMMMM,4,AAAAMMMM,47350,568200,1.2540922562281291,1.3216340939203899,1.3482731989451817,0.4572454308093995,0.4164490861618799,0.43629041279785213,0.9947780678851175,0.0003,1.0,14512.60600399971
depth4_bal_AAAAMMMM,4,AAAAMMMM,47375,568500,1.4904292523860931,1.4609059890111287,1.4746806417192733,0.36553524804177545,0.4046997389033943,0.3853898646381027,0.9947780678851175,0.0003,1.0,14521.271692037582
depth4_bal_AAAAMMMM,4,AAAAMMMM,47400,568800,1.2502191066741943,1.3003208637237549,1.3339844260896956,0.4813968668407311,0.4699738903394256,0.46649513368385725,0.9947780678851175,0.0003,1.0,14529.28604388237
depth4_bal_AAAAMMMM,4,AAAAMMMM,47425,569100,1.108191817998886,1.1516039371490479,1.2016619035175868,0.6008485639686684,0.6331592689295039,0.5921243987023157,0.9947780678851175,0.0003,1.0,14536.983565330505
depth4_bal_AAAAMMMM,4,AAAAMMMM,47450,569400,1.2483613193035126,1.4340425332387288,1.480565745489938,0.4654046997389034,0.39556135770234985,0.3584293545139277,0.9947780678851175,0.0003,1.0,14544.993056297302
depth4_bal_AAAAMMMM,4,AAAAMMMM,47475,569700,1.1096250663201015,1.505088448524475,1.5475717612675257,0.5802872062663186,0.3720626631853786,0.3603311332363799,0.9947780678851175,0.0003,1.0,14553.243950843811
depth4_bal_AAAAMMMM,4,AAAAMMMM,47500,570000,1.1366787155469258,1.1661235491434734,1.2104888916015626,0.5453655352480418,0.5848563968668408,0.5604653764403177,0.9947780678851175,0.0003,1.0,14561.293800830841
depth4_bal_AAAAMMMM,4,AAAAMMMM,47525,570300,1.372622122367223,1.2903273900349934,1.323969841003418,0.408289817232376,0.45691906005221933,0.46123727486296007,0.9947780678851175,0.0003,1.0,14569.434216976166
depth4_bal_AAAAMMMM,4,AAAAMMMM,47550,570600,1.5732589761416118,1.5288398265838623,1.5450448308672224,0.3518276762402089,0.34595300261096606,0.350822239624119,0.9947780678851175,0.0003,1.0,14577.492152452469
depth4_bal_AAAAMMMM,4,AAAAMMMM,47575,570900,1.1472023526827495,1.1619559129079182,1.2266584260123117,0.549934725848564,0.6044386422976501,0.5470410560465376,0.9947780678851175,0.0003,1.0,14585.662453651428
depth4_bal_AAAAMMMM,4,AAAAMMMM,47600,571200,1.169795388976733,1.3515268564224243,1.3888009548187257,0.5430809399477807,0.4216710182767624,0.4006040944177201,0.9947780678851175,0.0003,1.0,14593.330233573914
depth4_bal_AAAAMMMM,4,AAAAMMMM,47625,571500,1.331110805273056,1.4187483390172322,1.4392097915921893,0.4239556135770235,0.3681462140992167,0.3857254726479472,0.9947780678851175,0.0003,1.0,14601.114183425903
depth4_bal_AAAAMMMM,4,AAAAMMMM,47650,571800,1.1745283404986064,1.2141182820002239,1.2530104569026401,0.5290469973890339,0.5456919060052219,0.5226535406645039,0.9947780678851175,0.0003,1.0,14609.192620038986
depth4_bal_AAAAMMMM,4,AAAAMMMM,47675,572100,1.3528967599074047,1.4977422555287678,1.5452403920037405,0.4262402088772846,0.3838120104438642,0.37621657903568634,0.9947780678851175,0.0003,1.0,14617.551002502441
depth4_bal_AAAAMMMM,4,AAAAMMMM,47700,572400,1.2159964442253113,1.2346325715382893,1.2552821636199951,0.5241514360313316,0.5966057441253264,0.5726591341313346,0.9947780678851175,0.0003,1.0,14624.83690571785
depth4_bal_AAAAMMMM,4,AAAAMMMM,47725,572700,1.1868850390116374,1.3902401129404705,1.4297879321234568,0.5143603133159269,0.39295039164490864,0.3781183577581385,0.9947780678851175,0.0003,1.0,14632.835566043854
depth4_bal_AAAAMMMM,4,AAAAMMMM,47750,573000,1.3545211950937908,1.3904516696929932,1.4186766488211495,0.4337467362924282,0.4112271540469974,0.4031770891598613,0.9947780678851175,0.0003,1.0,14641.187891721725
depth4_bal_AAAAMMMM,4,AAAAMMMM,47775,573300,1.2034970323244731,1.2846510012944539,1.3269558225359235,0.5215404699738904,0.5013054830287206,0.46806130439646493,0.9947780678851175,0.0003,1.0,14649.391669750214
depth4_bal_AAAAMMMM,4,AAAAMMMM,47800,573600,1.3385913968086243,1.257006009419759,1.2886450835636685,0.43929503916449086,0.5443864229765013,0.5389864638102696,0.9947780678851175,0.0003,1.0,14657.625871419907
depth4_bal_AAAAMMMM,4,AAAAMMMM,47825,573900,1.7208654085795085,1.548210620880127,1.5996989488601685,0.29993472584856395,0.3524804177545692,0.32777715628146326,0.9947780678851175,0.0003,1.0,14665.868622303009
depth4_bal_AAAAMMMM,4,AAAAMMMM,47850,574200,1.2543097635110219,1.203379511833191,1.254345464706421,0.49902088772845954,0.6044386422976501,0.5678487526568967,0.9947780678851175,0.0003,1.0,14674.160957336426
depth4_bal_AAAAMMMM,4,AAAAMMMM,47875,574500,1.2622283399105072,1.2261581818262737,1.28159168107169,0.48661879895561355,0.5261096605744126,0.5130327777156282,0.9947780678851175,0.0003,1.0,14682.360567331314
depth4_bal_AAAAMMMM,4,AAAAMMMM,47900,574800,1.331025501092275,1.5228338241577148,1.557452838761466,0.4262402088772846,0.39295039164490864,0.38684416601409555,0.9947780678851175,0.0003,1.0,14690.37608909607
depth4_bal_AAAAMMMM,4,AAAAMMMM,47925,575100,1.6995516022046406,1.6923744678497314,1.6969275985445296,0.30189295039164493,0.304177545691906,0.32509229220270724,0.9947780678851175,0.0003,1.0,14698.571222782135
depth4_bal_AAAAMMMM,4,AAAAMMMM,47950,575400,1.5040307343006134,1.5634123881657918,1.632646417617798,0.34856396866840733,0.36161879895561355,0.33303501510236044,0.9947780678851175,0.0003,1.0,14706.763573646545
depth4_bal_AAAAMMMM,4,AAAAMMMM,47975,575700,1.1154219110806782,1.2173128525416057,1.254880714416504,0.585509138381201,0.5391644908616188,0.5143752097550062,0.9947780678851175,0.0003,1.0,14714.764614582062
depth4_bal_AAAAMMMM,4,AAAAMMMM,48000,576000,1.254145661989848,1.2844278415044148,1.321624868256705,0.5463446475195822,0.6109660574412533,0.569750531379349,0.9947780678851175,0.0003,1.0,14722.8001704216
depth4_bal_AAAAMMMM,4,AAAAMMMM,48025,576300,1.4900215963522594,1.4116783539454143,1.4437749998910085,0.358355091383812,0.39947780678851175,0.4122385054256628,0.9947780678851175,0.0003,1.0,14731.133623600006
depth4_bal_AAAAMMMM,4,AAAAMMMM,48050,576600,1.0969859957695007,1.159861167271932,1.1931120327540807,0.6364229765013055,0.6840731070496083,0.659917216690905,0.9947780678851175,0.0003,1.0,14739.241274356842
depth4_bal_AAAAMMMM,4,AAAAMMMM,48075,576900,1.2099672357241313,1.2478344837824504,1.2839439698628017,0.5502610966057441,0.5822454308093995,0.5603535071037029,0.9947780678851175,0.0003,1.0,14747.16785788536
depth4_bal_AAAAMMMM,4,AAAAMMMM,48100,577200,1.4744873642921448,1.5566044648488362,1.5946215050561088,0.38642297650130547,0.3785900783289817,0.3579818771674684,0.9947780678851175,0.0003,1.0,14755.102793455124
depth4_bal_AAAAMMMM,4,AAAAMMMM,48125,577500,1.2176643908023834,1.6496347188949585,1.6590295348848616,0.4601827676240209,0.24412532637075718,0.23570869224745497,0.9947780678851175,0.0003,1.0,14763.400505781174
depth4_bal_AAAAMMMM,4,AAAAMMMM,48150,577800,1.3774296045303345,1.2620293299357097,1.296139373098101,0.3975195822454308,0.49869451697127937,0.49334377447141736,0.9947780678851175,0.0003,1.0,14771.435503482819
depth4_bal_AAAAMMMM,4,AAAAMMMM,48175,578100,1.4416625797748566,1.6947638988494873,1.7520087684903827,0.3893603133159269,0.31462140992167104,0.29410448596039823,0.9947780678851175,0.0003,1.0,14779.235639333725
depth4_bal_AAAAMMMM,4,AAAAMMMM,48200,578400,1.3840814630190532,1.2645329236984253,1.3095477615083968,0.40567885117493474,0.5104438642297651,0.492896297124958,0.9947780678851175,0.0003,1.0,14787.024376869202
depth4_bal_AAAAMMMM,4,AAAAMMMM,48225,578700,1.267515887816747,1.314013123512268,1.3702893018722535,0.4621409921671018,0.4516971279373368,0.41637767088041167,0.9947780678851175,0.0003,1.0,14795.11717247963
depth4_bal_AAAAMMMM,4,AAAAMMMM,48250,579000,1.904076079527537,1.4997464021046956,1.5176169838224138,0.2845953002610966,0.35900783289817234,0.37129432822463365,0.9947780678851175,0.0003,1.0,14802.996561288834
depth4_bal_AAAAMMMM,4,AAAAMMMM,48275,579300,1.4594573080539703,1.6377900044123332,1.6870434965406145,0.39654046997389036,0.2950391644908616,0.28526680836782636,0.9947780678851175,0.0003,1.0,14811.174021482468
depth4_bal_AAAAMMMM,4,AAAAMMMM,48300,579600,1.196205735206604,1.1893502473831177,1.2234091077532088,0.5097911227154047,0.6201044386422977,0.58921579595033,0.9947780678851175,0.0003,1.0,14819.131202220917
depth4_bal_AAAAMMMM,4,AAAAMMMM,48325,579900,1.1747697591781616,1.2688027222951253,1.3055482864379884,0.5323107049608355,0.5104438642297651,0.49300816646157286,0.9947780678851175,0.0003,1.0,14827.323295593262
depth4_bal_AAAAMMMM,4,AAAAMMMM,48350,580200,1.142578512430191,1.2137763102849324,1.251543848855155,0.5868146214099217,0.5900783289817232,0.5677368833202819,0.9947780678851175,0.0003,1.0,14835.328626394272
depth4_bal_AAAAMMMM,4,AAAAMMMM,48375,580500,1.3119758665561676,1.6089670260747273,1.622318162236895,0.4278720626631854,0.2859007832898172,0.3011522541671328,0.9947780678851175,0.0003,1.0,14843.390000581741
depth4_bal_AAAAMMMM,4,AAAAMMMM,48400,580800,1.3645033439000447,1.9692180554072063,1.9527225460324968,0.4516971279373368,0.19712793733681463,0.20561584069806466,0.9947780678851175,0.0003,1.0,14851.776418447495
depth4_bal_AAAAMMMM,4,AAAAMMMM,48425,581100,1.252764234940211,1.2041627566019695,1.240131688117981,0.4872715404699739,0.5757180156657964,0.5527463922138942,0.9947780678851175,0.0003,1.0,14859.459156751633
depth4_bal_AAAAMMMM,4,AAAAMMMM,48450,581400,1.5169513126214345,1.5681735674540203,1.5956231389726911,0.36390339425587465,0.34986945169712796,0.33269940709251594,0.9947780678851175,0.0003,1.0,14867.34845995903
depth4_bal_AAAAMMMM,4,AAAAMMMM,48475,581700,1.1940889656543732,1.2359837293624878,1.271527773993356,0.6984334203655352,0.7467362924281984,0.7088041167915874,0.9947780678851175,0.0003,1.0,14875.58284330368
depth4_bal_AAAAMMMM,4,AAAAMMMM,48500,582000,1.5671364068984985,1.5369884173075359,1.5990220785140992,0.3531331592689295,0.3342036553524804,0.3172614386396689,0.9947780678851175,0.0003,1.0,14883.938014030457
depth4_bal_AAAAMMMM,4,AAAAMMMM,48525,582300,1.156973958015442,1.247876723607381,1.2877416951315743,0.5868146214099217,0.5691906005221932,0.5503971361449826,0.9947780678851175,0.0003,1.0,14891.949029684067
depth4_bal_AAAAMMMM,4,AAAAMMMM,48550,582600,1.7443008323510487,1.5510085026423137,1.6022782291684832,0.36325065274151436,0.35117493472584854,0.33874035126971697,0.9947780678851175,0.0003,1.0,14900.154429674149
depth4_bal_AAAAMMMM,4,AAAAMMMM,48575,582900,1.1810362637043,1.2647649049758911,1.3168326718466623,0.5753916449086162,0.5313315926892951,0.48696722228437184,0.9947780678851175,0.0003,1.0,14908.296018600464
depth4_bal_AAAAMMMM,4,AAAAMMMM,48600,583200,1.2008249660332997,1.2940984964370728,1.3209285293306623,0.5238250652741514,0.47911227154047,0.486855352947757,0.9947780678851175,0.0003,1.0,14916.343919754028
depth4_bal_AAAAMMMM,4,AAAAMMMM,48625,583500,1.5567820072174072,1.956877628962199,1.9793069192341395,0.33159268929503916,0.2859007832898172,0.27430361337957265,0.9947780678851175,0.0003,1.0,14923.822375059128
depth4_bal_AAAAMMMM,4,AAAAMMMM,48650,583800,1.4148413340250652,1.397018313407898,1.4552955389022828,0.4007832898172324,0.4412532637075718,0.4200693589887012,0.9947780678851175,0.0003,1.0,14932.084568738937
depth4_bal_AAAAMMMM,4,AAAAMMMM,48675,584100,1.3579283555348713,1.315381407737732,1.3422827652522495,0.4366840731070496,0.489556135770235,0.5036357534399821,0.9947780678851175,0.0003,1.0,14940.246947288513
depth4_bal_AAAAMMMM,4,AAAAMMMM,48700,584400,1.3251223961512248,1.412935733795166,1.4647926773343767,0.4301566579634465,0.4425587467362924,0.4139165454748853,0.9947780678851175,0.0003,1.0,14948.586313009262
depth4_bal_AAAAMMMM,4,AAAAMMMM,48725,584700,1.1085016429424286,1.18734876314799,1.2202372312545777,0.5842036553524804,0.5966057441253264,0.5866428012081888,0.9947780678851175,0.0003,1.0,14956.740943908691
depth4_bal_AAAAMMMM,4,AAAAMMMM,48750,585000,1.3128574987252553,1.3449020783106487,1.3745457921709334,0.4490861618798956,0.4856396866840731,0.48405861953238616,0.9947780678851175,0.0003,1.0,14964.807009935379
depth4_bal_AAAAMMMM,4,AAAAMMMM,48775,585300,1.185516615708669,1.1530838807423909,1.1998368774141583,0.5153394255874674,0.6344647519582245,0.5998433829287392,0.9947780678851175,0.0003,1.0,14972.874263763428
depth4_bal_AAAAMMMM,4,AAAAMMMM,48800,585600,1.15313059091568,1.1905603408813477,1.230137654713222,0.5900783289817232,0.5992167101827677,0.5923481373755454,0.9947780678851175,0.0003,1.0,14980.63984823227
depth4_bal_AAAAMMMM,4,AAAAMMMM,48825,585900,1.1046662628650665,1.3044346570968628,1.339998596055167,0.5943211488250653,0.4360313315926893,0.4311444233135697,0.9947780678851175,0.0003,1.0,14988.499525308609
depth4_bal_AAAAMMMM,4,AAAAMMMM,48850,586200,1.2019435067971547,1.2559332052866619,1.3002311876841954,0.5169712793733682,0.5130548302872062,0.5021814520639892,0.9947780678851175,0.0003,1.0,14996.546914815903
depth4_bal_AAAAMMMM,4,AAAAMMMM,48875,586500,1.270595560471217,1.3200304508209229,1.3381649460111344,0.4575718015665796,0.4751958224543081,0.4960286385501734,0.9947780678851175,0.0003,1.0,15004.743060827255
depth4_bal_AAAAMMMM,4,AAAAMMMM,48900,586800,1.1326147417227428,1.3304656346638997,1.3469495943614416,0.5587467362924282,0.44778067885117495,0.4523995972703882,0.9947780678851175,0.0003,1.0,15012.81802892685
depth4_bal_AAAAMMMM,4,AAAAMMMM,48925,587100,1.1837825179100037,1.232249657313029,1.2589773757117135,0.5995430809399478,0.6240208877284595,0.6232240742812395,0.9947780678851175,0.0003,1.0,15020.95253109932
depth4_bal_AAAAMMMM,4,AAAAMMMM,48950,587400,1.575001339117686,1.8435401519139607,1.895872483934675,0.33191906005221933,0.30809399477806787,0.30562702763172617,0.9947780678851175,0.0003,1.0,15029.110818386078
depth4_bal_AAAAMMMM,4,AAAAMMMM,48975,587700,2.081582357486089,1.7574118375778198,1.794256728036063,0.23857702349869453,0.30156657963446476,0.2876160644367379,0.9947780678851175,0.0003,1.0,15037.33575129509
depth4_bal_AAAAMMMM,4,AAAAMMMM,49000,588000,1.1174538632233937,1.1754775444666545,1.2080675431660244,0.60411227154047,0.6279373368146214,0.6187493008166461,0.9947780678851175,0.0003,1.0,15045.350217819214
depth4_bal_AAAAMMMM,4,AAAAMMMM,49025,588300,1.3049047589302063,1.281929850578308,1.3141812358583722,0.4383159268929504,0.5404699738903395,0.5095648282805683,0.9947780678851175,0.0003,1.0,15053.807520866394
depth4_bal_AAAAMMMM,4,AAAAMMMM,49050,588600,1.3822760184605916,1.3102270762125652,1.370609324319022,0.4105744125326371,0.46344647519582244,0.43438863407539996,0.9947780678851175,0.0003,1.0,15062.086773395538
depth4_bal_AAAAMMMM,4,AAAAMMMM,49075,588900,1.4939347604910533,1.3483270804087322,1.4158603055136545,0.3518276762402089,0.4595300261096606,0.4058619532386173,0.9947780678851175,0.0003,1.0,15070.529474258423
depth4_bal_AAAAMMMM,4,AAAAMMMM,49100,589200,1.0913940171400707,1.206949790318807,1.245686936378479,0.5988903394255874,0.5339425587467362,0.5138158630719319,0.9947780678851175,0.0003,1.0,15078.961324930191
depth4_bal_AAAAMMMM,4,AAAAMMMM,49125,589500,1.1098792751630147,1.2163745562235515,1.2480554342269898,0.6132506527415144,0.5835509138381201,0.5525226535406645,0.9947780678851175,0.0003,1.0,15087.252607584
depth4_bal_AAAAMMMM,4,AAAAMMMM,49150,589800,1.2750322222709656,1.2999697923660278,1.338823710169111,0.5019582245430809,0.4908616187989556,0.4679494350598501,0.9947780678851175,0.0003,1.0,15095.662317991257
depth4_bal_AAAAMMMM,4,AAAAMMMM,49175,590100,1.1964093248049419,1.2651741902033489,1.3020378555570329,0.5368798955613577,0.5052219321148825,0.5060968788455085,0.9947780678851175,0.0003,1.0,15103.63939499855
depth4_bal_AAAAMMMM,4,AAAAMMMM,49200,590400,1.1819999814033508,1.177836815516154,1.2173552138464792,0.5362271540469974,0.5835509138381201,0.5780288622888466,0.9947780678851175,0.0003,1.0,15111.729102134705
depth4_bal_AAAAMMMM,4,AAAAMMMM,49225,590700,1.963518540064494,1.734389861424764,1.823117641040257,0.2650130548302872,0.27676240208877284,0.28660924040720437,0.9947780678851175,0.0003,1.0,15119.718452453613
depth4_bal_AAAAMMMM,4,AAAAMMMM,49250,591000,1.1968064705530803,1.3154667615890503,1.3619075400488718,0.5052219321148825,0.4164490861618799,0.4139165454748853,0.9947780678851175,0.0003,1.0,15127.76503109932
depth4_bal_AAAAMMMM,4,AAAAMMMM,49275,591300,1.2190354466438293,1.3096710046132405,1.3586264371871948,0.5137075718015666,0.45300261096605743,0.4348361114218593,0.9947780678851175,0.0003,1.0,15136.017637252808
depth4_bal_AAAAMMMM,4,AAAAMMMM,49300,591600,1.5505667229493458,1.6341958045959473,1.6807534524372645,0.3577023498694517,0.3433420365535248,0.3126747958384607,0.9947780678851175,0.0003,1.0,15144.208314418793
depth4_bal_AAAAMMMM,4,AAAAMMMM,49325,591900,1.1249366601308186,1.17253843943278,1.2330013717923844,0.5766971279373369,0.5757180156657964,0.5646045418950666,0.9947780678851175,0.0003,1.0,15152.44617843628
depth4_bal_AAAAMMMM,4,AAAAMMMM,49350,592200,1.2415228982766469,1.3616338570912678,1.3975636448178972,0.5404699738903395,0.47389033942558745,0.47052242980199127,0.9947780678851175,0.0003,1.0,15160.797985553741
depth4_bal_AAAAMMMM,4,AAAAMMMM,49375,592500,1.5765922367572784,1.8057868083318074,1.8539146048682076,0.3413838120104439,0.27023498694516973,0.24879740463139052,0.9947780678851175,0.0003,1.0,15169.03063750267
depth4_bal_AAAAMMMM,4,AAAAMMMM,49400,592800,1.097265640894572,1.167190154393514,1.214330325807844,0.6716710182767625,0.6449086161879896,0.6384383040608569,0.9947780678851175,0.0003,1.0,15177.273955106735
depth4_bal_AAAAMMMM,4,AAAAMMMM,49425,593100,1.0716516176859539,1.179805596669515,1.2181463650294713,0.6507832898172323,0.6370757180156658,0.6150576127083567,0.9947780678851175,0.0003,1.0,15185.329959869385
depth4_bal_AAAAMMMM,4,AAAAMMMM,49450,593400,1.1897074778874714,1.2093865871429443,1.2598824569157192,0.5456919060052219,0.6057441253263708,0.57579147555655,0.9947780678851175,0.0003,1.0,15193.401867389679
depth4_bal_AAAAMMMM,4,AAAAMMMM,49475,593700,1.161961982647578,1.2147964636484783,1.2576116221291678,0.5505874673629243,0.5274151436031331,0.5119140843494798,0.9947780678851175,0.0003,1.0,15199.533351659775
depth4_bal_AAAAMMMM,4,AAAAMMMM,49500,594000,1.4070830047130585,1.373799443244934,1.4468752213886806,0.39295039164490864,0.4386422976501306,0.4149233695044188,0.9947780678851175,0.0003,1.0,15203.890567779541
depth4_bal_AAAAMMMM,4,AAAAMMMM,49525,594300,1.2677312294642131,1.3489726384480794,1.3873235872813634,0.4654046997389034,0.4595300261096606,0.4346123727486296,0.9947780678851175,0.0003,1.0,15211.946496248245
depth4_bal_AAAAMMMM,4,AAAAMMMM,49550,594600,1.3599461416403453,1.490338404973348,1.536249167578561,0.4255874673629243,0.38903394255874674,0.3707349815415595,0.9947780678851175,0.0003,1.0,15220.145629405975
depth4_bal_AAAAMMMM,4,AAAAMMMM,49575,594900,1.1088457504908245,1.1372809012730916,1.1844045639038085,0.5936684073107049,0.6422976501305483,0.6200917328560241,0.9947780678851175,0.0003,1.0,15228.40156364441
depth4_bal_AAAAMMMM,4,AAAAMMMM,49600,595200,1.3631707231203716,1.3620254596074421,1.3872365917478289,0.41840731070496084,0.4412532637075718,0.44691799977626134,0.9947780678851175,0.0003,1.0,15236.049719810486
depth4_bal_AAAAMMMM,4,AAAAMMMM,49625,595500,1.4138915340105693,1.5200234651565552,1.5622772557394846,0.4281984334203655,0.36945169712793735,0.3610023492560689,0.9947780678851175,0.0003,1.0,15242.589465856552
depth4_bal_AAAAMMMM,4,AAAAMMMM,49650,595800,1.289032260576884,1.2534775733947754,1.299614415849958,0.44386422976501305,0.52088772845953,0.519185591229444,0.9947780678851175,0.0003,1.0,15245.577631950378
depth4_bal_AAAAMMMM,4,AAAAMMMM,49675,596100,1.2924403647581737,1.4512699445088704,1.4848566770553588,0.4177545691906005,0.3877284595300261,0.38292873923257637,0.9947780678851175,0.0003,1.0,15248.549426078796
depth4_bal_AAAAMMMM,4,AAAAMMMM,49700,596400,1.3288225432236989,1.3341986735661824,1.4008147103445872,0.4516971279373368,0.5234986945169713,0.4738785099004363,0.9947780678851175,0.0003,1.0,15255.751309394836
depth4_bal_AAAAMMMM,4,AAAAMMMM,49725,596700,1.2425748407840729,1.1997165282567341,1.2492478609085083,0.4663838120104439,0.5483028720626631,0.5349591676921356,0.9947780678851175,0.0003,1.0,15264.076293945312
depth4_bal_AAAAMMMM,4,AAAAMMMM,49750,597000,1.1598150134086609,1.1631112098693848,1.2113297837121146,0.5851827676240209,0.6762402088772846,0.665286944848417,0.9947780678851175,0.0003,1.0,15272.288100004196
depth4_bal_AAAAMMMM,4,AAAAMMMM,49775,597300,1.4501667320728302,1.4074376821517944,1.4598252262387956,0.40339425587467365,0.4007832898172324,0.3896408994294664,0.9947780678851175,0.0003,1.0,15280.572598934174
depth4_bal_AAAAMMMM,4,AAAAMMMM,49800,597600,1.2662361562252045,1.341060956319173,1.4282126869474139,0.5013054830287206,0.4464751958224543,0.3955699742700526,0.9947780678851175,0.0003,1.0,15288.558387994766
depth4_bal_AAAAMMMM,4,AAAAMMMM,49825,597900,1.1473057766755421,1.2522438367207844,1.3082143749509538,0.5626631853785901,0.5091383812010444,0.49267255845172836,0.9947780678851175,0.0003,1.0,15296.413520812988
depth4_bal_AAAAMMMM,4,AAAAMMMM,49850,598200,1.3226396044095357,1.1931135654449463,1.234238450867789,0.45659268929503916,0.5652741514360313,0.560241637767088,0.9947780678851175,0.0003,1.0,15304.68764257431
depth4_bal_AAAAMMMM,4,AAAAMMMM,49875,598500,1.161672294139862,1.1846423149108887,1.2407846246446883,0.5659268929503917,0.5966057441253264,0.575120259536861,0.9947780678851175,0.0003,1.0,15312.95177578926
depth4_bal_AAAAMMMM,4,AAAAMMMM,49900,598800,1.3385101358095806,1.4267584880193074,1.4970378194536482,0.4252610966057441,0.39033942558746737,0.379125181787672,0.9947780678851175,0.0003,1.0,15321.342036008835
depth4_bal_AAAAMMMM,4,AAAAMMMM,49925,599100,1.5281032919883728,1.441123406092326,1.4852081298828126,0.3342036553524804,0.40992167101827676,0.4041839131893948,0.9947780678851175,0.0003,1.0,15329.539118289948
depth4_bal_AAAAMMMM,4,AAAAMMMM,49950,599400,1.4060516953468323,1.4515806039174397,1.536335917881557,0.4216710182767624,0.3381201044386423,0.341425215348473,0.9947780678851175,0.0003,1.0,15337.763917684555
depth4_bal_AAAAMMMM,4,AAAAMMMM,49975,599700,1.1620429555575054,1.170031189918518,1.2219409567969186,0.5580939947780679,0.6240208877284595,0.5874258865644927,0.9947780678851175,0.0003,1.0,15345.836532354355
depth4_bal_AAAAMMMM,4,AAAAMMMM,50000,600000,1.2839202483495076,1.441291610399882,1.5038758993148804,0.4474543080939948,0.3629242819843342,0.35361897303948986,0.9947780678851175,0.0003,1.0,15353.97350859642
