run_id,depth,schedule,epoch,step,train_loss,val_loss,test_loss,train_acc,val_acc,test_acc,best_val_acc_so_far,learning_rate,weight_decay,elapsed_time_seconds
depth4_bal_MAAMAMAM,4,MAAMAMAM,1,12,4.737432678540547,4.746729691823323,4.737264374324254,0.008159268929503917,0.007832898172323759,0.00839020024611254,0.007832898172323759,0.0003,1.0,1.5124239921569824
depth4_bal_MAAMAMAM,4,MAAMAMAM,25,300,4.067321300506592,5.76684554417928,5.773383903503418,0.0806135770234987,0.0,0.002684864078756013,0.007832898172323759,0.0003,1.0,12.197671890258789
depth4_bal_MAAMAMAM,4,MAAMAMAM,50,600,2.1210924784342446,9.185489654541016,9.340428352355957,0.43766318537859006,0.0039164490861618795,0.003579818771674684,0.007832898172323759,0.0003,1.0,22.485742807388306
depth4_bal_MAAMAMAM,4,MAAMAMAM,75,900,0.8421831776698431,13.19752057393392,13.514214161464146,0.7845953002610966,0.006527415143603133,0.00548159749412686,0.007832898172323759,0.0003,1.0,33.482274532318115
depth4_bal_MAAMAMAM,4,MAAMAMAM,100,1200,0.29835715765754384,15.364978790283203,15.613474246433803,0.9539817232375979,0.007832898172323759,0.005593466830741693,0.007832898172323759,0.0003,1.0,44.3768355846405
depth4_bal_MAAMAMAM,4,MAAMAMAM,125,1500,0.9240567833185196,12.46129290262858,12.600167628696987,0.7418407310704961,0.009138381201044387,0.005257858820897192,0.009138381201044387,0.0003,1.0,55.220030784606934
depth4_bal_MAAMAMAM,4,MAAMAMAM,150,1800,0.09215133016308148,15.182825406392416,15.421641404288156,0.9977154046997389,0.0039164490861618795,0.005705336167356527,0.009138381201044387,0.0003,1.0,66.12221240997314
depth4_bal_MAAMAMAM,4,MAAMAMAM,175,2100,0.7432033767302831,12.173534075419107,12.301826177324568,0.8191906005221932,0.006527415143603133,0.0064884215236603645,0.009138381201044387,0.0003,1.0,76.68655586242676
depth4_bal_MAAMAMAM,4,MAAMAMAM,200,2400,0.06849807873368263,14.580191930135092,14.67598282950265,0.9996736292428199,0.005221932114882507,0.006264682850430697,0.009138381201044387,0.0003,1.0,85.16769814491272
depth4_bal_MAAMAMAM,4,MAAMAMAM,225,2700,0.14471195141474405,15.235754330952963,15.376116861615863,0.9859660574412533,0.005221932114882507,0.007047768206734534,0.009138381201044387,0.0003,1.0,95.96983695030212
depth4_bal_MAAMAMAM,4,MAAMAMAM,250,3000,0.09796019022663434,14.39617888132731,14.477743421282087,0.9973890339425587,0.005221932114882507,0.006376552187045531,0.009138381201044387,0.0003,1.0,106.69446754455566
depth4_bal_MAAMAMAM,4,MAAMAMAM,275,3300,0.058164156042039394,13.845157623291016,14.048142269679479,1.0,0.0039164490861618795,0.006824029533504867,0.009138381201044387,0.0003,1.0,117.20760321617126
depth4_bal_MAAMAMAM,4,MAAMAMAM,300,3600,0.25518790632486343,14.137554168701172,14.41028630392892,0.9543080939947781,0.010443864229765013,0.007271506879964202,0.010443864229765013,0.0003,1.0,128.51965761184692
depth4_bal_MAAMAMAM,4,MAAMAMAM,325,3900,0.05110899327943722,13.718884150187174,13.809348869323731,1.0,0.009138381201044387,0.007495245553193869,0.010443864229765013,0.0003,1.0,139.50814032554626
depth4_bal_MAAMAMAM,4,MAAMAMAM,350,4200,0.2710391792158286,13.84396743774414,13.926623589651925,0.9490861618798956,0.006527415143603133,0.007383376216579036,0.010443864229765013,0.0003,1.0,150.41911506652832
depth4_bal_MAAMAMAM,4,MAAMAMAM,375,4500,0.047418948262929916,13.473353068033854,13.569357708522253,1.0,0.006527415143603133,0.007495245553193869,0.010443864229765013,0.0003,1.0,161.37386393547058
depth4_bal_MAAMAMAM,4,MAAMAMAM,400,4800,0.4551445084313552,14.401701291402182,14.577295276096889,0.8782637075718016,0.005221932114882507,0.007383376216579036,0.010443864229765013,0.0003,1.0,172.13605260849
depth4_bal_MAAMAMAM,4,MAAMAMAM,425,5100,0.04027876630425453,13.980592409769693,13.975111879621233,1.0,0.005221932114882507,0.008502069582727374,0.010443864229765013,0.0003,1.0,182.89008498191833
depth4_bal_MAAMAMAM,4,MAAMAMAM,450,5400,1.2550094624360402,12.145895957946777,12.219073241097586,0.6380548302872062,0.0026109660574412533,0.010068240295335049,0.010443864229765013,0.0003,1.0,192.87893152236938
depth4_bal_MAAMAMAM,4,MAAMAMAM,475,5700,0.03982352620611588,13.408093770345053,13.476456533159528,1.0,0.0026109660574412533,0.007942722899653205,0.010443864229765013,0.0003,1.0,203.93966794013977
depth4_bal_MAAMAMAM,4,MAAMAMAM,500,6000,0.6676396181186041,13.765606244405111,13.951214327130998,0.8074412532637075,0.0039164490861618795,0.006824029533504867,0.010443864229765013,0.0003,1.0,214.9624047279358
depth4_bal_MAAMAMAM,4,MAAMAMAM,525,6300,0.044249117374420166,13.135251681009928,13.182234518868583,1.0,0.006527415143603133,0.008278330909497707,0.010443864229765013,0.0003,1.0,224.88795065879822
depth4_bal_MAAMAMAM,4,MAAMAMAM,550,6600,0.10459373984485865,14.120859464009603,14.146586227416993,0.9898825065274152,0.006527415143603133,0.00805459223626804,0.010443864229765013,0.0003,1.0,235.5800802707672
depth4_bal_MAAMAMAM,4,MAAMAMAM,575,6900,0.03999769501388073,13.065390904744467,13.084871973310198,1.0,0.007832898172323759,0.00805459223626804,0.010443864229765013,0.0003,1.0,246.93374180793762
depth4_bal_MAAMAMAM,4,MAAMAMAM,600,7200,0.7356492678324381,14.55593458811442,14.510747446332658,0.7911227154046997,0.007832898172323759,0.0069358988701197005,0.010443864229765013,0.0003,1.0,257.9243252277374
depth4_bal_MAAMAMAM,4,MAAMAMAM,625,7500,0.047985825377206005,12.809569676717123,12.860261590140206,1.0,0.01174934725848564,0.009397024275646046,0.01174934725848564,0.0003,1.0,268.5585882663727
depth4_bal_MAAMAMAM,4,MAAMAMAM,650,7800,0.05603845417499542,12.930787086486816,12.99256692613874,1.0,0.01174934725848564,0.00839020024611254,0.01174934725848564,0.0003,1.0,279.6222174167633
depth4_bal_MAAMAMAM,4,MAAMAMAM,675,8100,0.1555168516933918,13.503813107808432,13.554455021449497,0.9765013054830287,0.010443864229765013,0.009732632285490548,0.01174934725848564,0.0003,1.0,290.75426387786865
depth4_bal_MAAMAMAM,4,MAAMAMAM,700,8400,0.05452309859295686,12.86648686726888,12.915911974225725,0.9993472584856397,0.006527415143603133,0.009061416265801543,0.01174934725848564,0.0003,1.0,301.6842589378357
depth4_bal_MAAMAMAM,4,MAAMAMAM,725,8700,0.03901435900479555,12.995904604593912,12.99536931174142,0.9996736292428199,0.010443864229765013,0.007942722899653205,0.01174934725848564,0.0003,1.0,310.04974579811096
depth4_bal_MAAMAMAM,4,MAAMAMAM,750,9000,0.44927045206228894,12.171950976053873,12.22874537876674,0.8903394255874674,0.01174934725848564,0.007495245553193869,0.01174934725848564,0.0003,1.0,321.01459288597107
depth4_bal_MAAMAMAM,4,MAAMAMAM,775,9300,0.036976960487663746,12.464948972066244,12.565439632960729,1.0,0.006527415143603133,0.008502069582727374,0.01174934725848564,0.0003,1.0,332.23428654670715
depth4_bal_MAAMAMAM,4,MAAMAMAM,800,9600,0.04518870636820793,12.507362047831217,12.635152217320034,1.0,0.005221932114882507,0.009173285602416377,0.01174934725848564,0.0003,1.0,343.06600880622864
depth4_bal_MAAMAMAM,4,MAAMAMAM,825,9900,0.4225643028815587,14.24805736541748,14.293381009783063,0.8759791122715405,0.007832898172323759,0.008837677592571876,0.01174934725848564,0.0003,1.0,354.03094696998596
depth4_bal_MAAMAMAM,4,MAAMAMAM,850,10200,0.043317949709792934,12.522583961486816,12.534864262172155,1.0,0.007832898172323759,0.007495245553193869,0.01174934725848564,0.0003,1.0,364.73319935798645
depth4_bal_MAAMAMAM,4,MAAMAMAM,875,10500,0.03971568960696459,12.721868197123209,12.761165373665946,1.0,0.006527415143603133,0.008725808255957042,0.01174934725848564,0.0003,1.0,375.63660311698914
depth4_bal_MAAMAMAM,4,MAAMAMAM,900,10800,0.19186741237839064,13.415773073832193,13.647981534685407,0.9676892950391645,0.009138381201044387,0.00894954692918671,0.01174934725848564,0.0003,1.0,386.80841636657715
depth4_bal_MAAMAMAM,4,MAAMAMAM,925,11100,0.03935803131510814,12.213943481445312,12.291323498317174,1.0,0.007832898172323759,0.009732632285490548,0.01174934725848564,0.0003,1.0,397.0649461746216
depth4_bal_MAAMAMAM,4,MAAMAMAM,950,11400,0.04162015331288179,12.063856760660807,12.115881402151926,1.0,0.01174934725848564,0.011746280344557557,0.01174934725848564,0.0003,1.0,405.85477328300476
depth4_bal_MAAMAMAM,4,MAAMAMAM,975,11700,0.8356246699889501,10.694259325663248,10.533697618756975,0.7705613577023499,0.005221932114882507,0.010180109631949883,0.01174934725848564,0.0003,1.0,414.21669912338257
depth4_bal_MAAMAMAM,4,MAAMAMAM,1000,12000,0.03972002056737741,11.97437604268392,12.02095947265625,1.0,0.010443864229765013,0.012193757691016893,0.01174934725848564,0.0003,1.0,422.5541818141937
depth4_bal_MAAMAMAM,4,MAAMAMAM,1025,12300,0.04336837244530519,12.807332674662272,12.870599474225726,0.9986945169712794,0.013054830287206266,0.012305627027631726,0.013054830287206266,0.0003,1.0,434.0635595321655
depth4_bal_MAAMAMAM,4,MAAMAMAM,1050,12600,0.7945888439814249,10.247159957885742,10.389076614379883,0.7780678851174935,0.013054830287206266,0.012976843047320729,0.013054830287206266,0.0003,1.0,445.11349391937256
depth4_bal_MAAMAMAM,4,MAAMAMAM,1075,12900,0.04840367132176956,11.998260498046875,12.10668819972447,0.9996736292428199,0.009138381201044387,0.013424320393780064,0.013054830287206266,0.0003,1.0,455.9735028743744
depth4_bal_MAAMAMAM,4,MAAMAMAM,1100,13200,0.03328890229264895,12.005936622619629,12.10544319152832,1.0,0.013054830287206266,0.012305627027631726,0.013054830287206266,0.0003,1.0,466.88125562667847
depth4_bal_MAAMAMAM,4,MAAMAMAM,1125,13500,0.032366500391314425,11.82036018371582,11.887559945242746,1.0,0.014360313315926894,0.014990491106387739,0.014360313315926894,0.0003,1.0,477.7237708568573
depth4_bal_MAAMAMAM,4,MAAMAMAM,1150,13800,1.3016724636157353,11.544601440429688,11.364567293439592,0.6109660574412533,0.006527415143603133,0.01610918447253608,0.014360313315926894,0.0003,1.0,488.82178497314453
depth4_bal_MAAMAMAM,4,MAAMAMAM,1175,14100,0.038478740801413856,11.222399393717447,11.32456853049142,0.9996736292428199,0.0195822454308094,0.02024834992728493,0.0195822454308094,0.0003,1.0,499.8640959262848
depth4_bal_MAAMAMAM,4,MAAMAMAM,1200,14400,0.055533086570600666,11.420217831929525,11.49328441619873,1.0,0.020887728459530026,0.01957713390759593,0.020887728459530026,0.0003,1.0,510.6656303405762
depth4_bal_MAAMAMAM,4,MAAMAMAM,1225,14700,0.2517016182343165,11.638082504272461,11.755612809317453,0.9461488250652742,0.015665796344647518,0.015997315135921245,0.020887728459530026,0.0003,1.0,521.8563416004181
depth4_bal_MAAMAMAM,4,MAAMAMAM,1250,15000,0.027723214123398066,11.438263575236002,11.453300748552595,1.0,0.0195822454308094,0.02136704329343327,0.020887728459530026,0.0003,1.0,532.6852478981018
depth4_bal_MAAMAMAM,4,MAAMAMAM,1275,15300,0.03411632776260376,10.68440850575765,10.764388493129186,1.0,0.022193211488250653,0.0204720886005146,0.022193211488250653,0.0003,1.0,544.0534284114838
depth4_bal_MAAMAMAM,4,MAAMAMAM,1300,15600,1.0547006924947102,8.937301635742188,8.947202001299177,0.6795039164490861,0.02741514360313316,0.028638550173397472,0.02741514360313316,0.0003,1.0,554.9997713565826
depth4_bal_MAAMAMAM,4,MAAMAMAM,1325,15900,0.053981597535312176,9.570653279622396,9.545913696289062,0.9996736292428199,0.03655352480417755,0.02886228884662714,0.03655352480417755,0.0003,1.0,566.5208790302277
depth4_bal_MAAMAMAM,4,MAAMAMAM,1350,16200,0.041437565659483276,9.70763874053955,9.681740597316198,1.0,0.028720626631853787,0.030875936905694148,0.03655352480417755,0.0003,1.0,577.8054375648499
depth4_bal_MAAMAMAM,4,MAAMAMAM,1375,16500,0.15463447012007236,10.296914418538412,10.191947882516043,0.9755221932114883,0.033942558746736295,0.02975724353954581,0.03655352480417755,0.0003,1.0,588.2263386249542
depth4_bal_MAAMAMAM,4,MAAMAMAM,1400,16800,0.025270213993887108,9.391929626464844,9.41964214869908,1.0,0.03524804177545692,0.03591005705336167,0.03655352480417755,0.0003,1.0,599.2145462036133
depth4_bal_MAAMAMAM,4,MAAMAMAM,1425,17100,0.039574105913440384,8.944138526916504,8.946035575866699,0.9996736292428199,0.03263707571801567,0.034791363687213334,0.03655352480417755,0.0003,1.0,608.4308619499207
depth4_bal_MAAMAMAM,4,MAAMAMAM,1450,17400,0.8953219205141068,7.859424750010173,7.898533167157854,0.7235639686684073,0.04046997389033943,0.041727262557333035,0.04046997389033943,0.0003,1.0,619.432785987854
depth4_bal_MAAMAMAM,4,MAAMAMAM,1475,17700,0.026453503252317507,8.292482058207193,8.34112731388637,1.0,0.05483028720626632,0.05201924152589775,0.05483028720626632,0.0003,1.0,630.2142589092255
depth4_bal_MAAMAMAM,4,MAAMAMAM,1500,18000,0.03341162328918775,7.919442335764567,7.934721265520368,1.0,0.057441253263707574,0.055263452287727936,0.057441253263707574,0.0003,1.0,639.1023466587067
depth4_bal_MAAMAMAM,4,MAAMAMAM,1525,18300,0.031120190707345802,7.994868755340576,7.943994413103376,0.9996736292428199,0.06135770234986945,0.06074504978185479,0.06135770234986945,0.0003,1.0,650.377955198288
depth4_bal_MAAMAMAM,4,MAAMAMAM,1550,18600,0.10459228542943795,6.33061949412028,6.278101130894252,0.9947780678851175,0.07963446475195822,0.08591565052019241,0.07963446475195822,0.0003,1.0,661.4171102046967
depth4_bal_MAAMAMAM,4,MAAMAMAM,1575,18900,0.03702806572740277,6.614571412404378,6.535527460915702,0.9996736292428199,0.07441253263707572,0.08725808255957042,0.07963446475195822,0.0003,1.0,672.1179413795471
depth4_bal_MAAMAMAM,4,MAAMAMAM,1600,19200,0.03466988572229942,6.3973056475321455,6.340975080217634,1.0,0.0926892950391645,0.09318715740015662,0.0926892950391645,0.0003,1.0,683.2466599941254
depth4_bal_MAAMAMAM,4,MAAMAMAM,1625,19500,0.0451173751304547,6.0394894282023115,5.984657028743199,0.9983681462140992,0.10574412532637076,0.10750643248685535,0.10574412532637076,0.0003,1.0,694.6389238834381
depth4_bal_MAAMAMAM,4,MAAMAMAM,1650,19800,0.030631789627174538,5.668870449066162,5.6293521472385954,1.0,0.10574412532637076,0.1169034567625014,0.10574412532637076,0.0003,1.0,706.0944657325745
depth4_bal_MAAMAMAM,4,MAAMAMAM,1675,20100,0.17625423272450766,4.5313394864400225,4.543105248042515,0.9846605744125326,0.1409921671018277,0.13457881194764515,0.1409921671018277,0.0003,1.0,716.7384374141693
depth4_bal_MAAMAMAM,4,MAAMAMAM,1700,20400,0.03458285874997576,5.064258098602295,5.053359535762242,1.0,0.14490861618798956,0.14509452958943952,0.14490861618798956,0.0003,1.0,728.0058445930481
depth4_bal_MAAMAMAM,4,MAAMAMAM,1725,20700,0.029718482711662848,5.045268376668294,5.055234541211809,1.0,0.1462140992167102,0.15113547376664058,0.1462140992167102,0.0003,1.0,739.4125230312347
depth4_bal_MAAMAMAM,4,MAAMAMAM,1750,21000,0.04422665014863014,5.211999416351318,5.212220791407994,0.9990208877284595,0.14882506527415143,0.1496811723906477,0.14882506527415143,0.0003,1.0,750.6828832626343
depth4_bal_MAAMAMAM,4,MAAMAMAM,1775,21300,0.02770070576419433,4.767868995666504,4.70503020967756,1.0,0.1514360313315927,0.1713838236939255,0.1514360313315927,0.0003,1.0,761.4272737503052
depth4_bal_MAAMAMAM,4,MAAMAMAM,1800,21600,0.02835545347382625,4.716610272725423,4.675953388214111,0.9996736292428199,0.1618798955613577,0.17395681843606667,0.1618798955613577,0.0003,1.0,772.6428487300873
depth4_bal_MAAMAMAM,4,MAAMAMAM,1825,21900,0.026727248448878527,4.595372200012207,4.602501487731933,0.9996736292428199,0.17101827676240208,0.18245888801879404,0.17101827676240208,0.0003,1.0,783.6049644947052
depth4_bal_MAAMAMAM,4,MAAMAMAM,1850,22200,0.11068304876486461,5.06568972269694,5.101263059888567,0.9810704960835509,0.1566579634464752,0.16914643696162882,0.17101827676240208,0.0003,1.0,794.4601635932922
depth4_bal_MAAMAMAM,4,MAAMAMAM,1875,22500,0.022229374231149752,4.489991188049316,4.515935802459717,1.0,0.1906005221932115,0.1945407763731961,0.1906005221932115,0.0003,1.0,805.2408225536346
depth4_bal_MAAMAMAM,4,MAAMAMAM,1900,22800,0.6903767039378484,5.010341167449951,5.021930231366839,0.7757832898172323,0.1475195822454308,0.14319275086698735,0.1906005221932115,0.0003,1.0,816.0716853141785
depth4_bal_MAAMAMAM,4,MAAMAMAM,1925,23100,0.02123188739642501,4.325863043467204,4.3389667102268765,1.0,0.19843342036553524,0.20349032330238281,0.19843342036553524,0.0003,1.0,826.7913699150085
depth4_bal_MAAMAMAM,4,MAAMAMAM,1950,23400,0.020278687433650095,4.248781681060791,4.304906163896833,1.0,0.21801566579634465,0.21120930752880634,0.21801566579634465,0.0003,1.0,835.3964173793793
depth4_bal_MAAMAMAM,4,MAAMAMAM,1975,23700,0.060493484449883304,4.775616963704427,4.768151909964425,0.9924934725848564,0.21801566579634465,0.20796509676697617,0.21801566579634465,0.0003,1.0,843.9084346294403
depth4_bal_MAAMAMAM,4,MAAMAMAM,2000,24000,0.017450048588216305,4.073510646820068,3.9954589230673654,1.0,0.2245430809399478,0.2407428123951225,0.2245430809399478,0.0003,1.0,852.2714464664459
depth4_bal_MAAMAMAM,4,MAAMAMAM,2025,24300,0.01954866371427973,3.980070114135742,3.937600701195853,1.0,0.2310704960835509,0.24656001789909385,0.2310704960835509,0.0003,1.0,864.2187879085541
depth4_bal_MAAMAMAM,4,MAAMAMAM,2050,24600,0.015543117110307017,3.94954784711202,3.9386867795671736,1.0,0.23890339425587467,0.25405526345228774,0.23890339425587467,0.0003,1.0,875.4881150722504
depth4_bal_MAAMAMAM,4,MAAMAMAM,2075,24900,0.02332981334378322,3.741501490275065,3.7618204866136824,0.9990208877284595,0.2597911227154047,0.28918223514934555,0.2597911227154047,0.0003,1.0,886.4214646816254
depth4_bal_MAAMAMAM,4,MAAMAMAM,2100,25200,0.01553804885285596,3.257195472717285,3.266917725971767,1.0,0.2963446475195822,0.3140172278778387,0.2963446475195822,0.0003,1.0,896.7972884178162
depth4_bal_MAAMAMAM,4,MAAMAMAM,2125,25500,0.013253582486261925,3.185560623804728,3.1804239341190885,1.0,0.3263707571801567,0.33762165790356863,0.3263707571801567,0.0003,1.0,907.4363358020782
depth4_bal_MAAMAMAM,4,MAAMAMAM,2150,25800,0.6788586129744848,4.1593546867370605,4.04031184060233,0.7921018276762402,0.2297650130548303,0.23693925495021814,0.3263707571801567,0.0003,1.0,918.4804878234863
depth4_bal_MAAMAMAM,4,MAAMAMAM,2175,26100,0.012324497724572817,1.3355738321940105,1.3175688062395368,1.0,0.6057441253263708,0.607450497818548,0.6057441253263708,0.0003,1.0,929.3623824119568
depth4_bal_MAAMAMAM,4,MAAMAMAM,2200,26400,0.014512251131236553,0.8784432808558146,0.8936195697103227,1.0,0.7219321148825065,0.7139501062758697,0.7219321148825065,0.0003,1.0,940.2447440624237
depth4_bal_MAAMAMAM,4,MAAMAMAM,2225,26700,0.01141428085975349,0.4798509478569031,0.5097721474511283,1.0,0.8420365535248042,0.8278330909497706,0.8420365535248042,0.0003,1.0,951.2117881774902
depth4_bal_MAAMAMAM,4,MAAMAMAM,2250,27000,0.008959893214826783,0.24786911408106485,0.2802350925547736,1.0,0.9268929503916449,0.9097214453518291,0.9268929503916449,0.0003,1.0,962.0555319786072
depth4_bal_MAAMAMAM,4,MAAMAMAM,2275,27300,0.40768787761529285,0.6461225350697836,0.6794594134603228,0.918733681462141,0.7885117493472585,0.7701085132565164,0.9268929503916449,0.0003,1.0,972.7916247844696
depth4_bal_MAAMAMAM,4,MAAMAMAM,2300,27600,0.012983352799589435,0.07345231125752132,0.09035588737045015,1.0,0.9947780678851175,0.9880299809822127,0.9947780678851175,0.0003,1.0,983.698469877243
depth4_bal_MAAMAMAM,4,MAAMAMAM,2325,27900,0.010210382441679636,0.045342087745666504,0.05455346384218761,1.0,0.9986945169712794,0.9958608345452511,0.9986945169712794,0.0003,1.0,994.5314989089966
depth4_bal_MAAMAMAM,4,MAAMAMAM,2350,28200,0.008072440085622171,0.03182464155058066,0.037057283414261684,1.0,0.9986945169712794,0.9975388745944737,0.9986945169712794,0.0003,1.0,1003.5209181308746
depth4_bal_MAAMAMAM,4,MAAMAMAM,2375,28500,0.006459003430791199,0.0238508606950442,0.027016729967934746,1.0,0.9986945169712794,0.9982100906141627,0.9986945169712794,0.0003,1.0,1014.8639664649963
depth4_bal_MAAMAMAM,4,MAAMAMAM,2400,28800,0.005187094599629442,0.018633499120672543,0.020564143625753265,1.0,0.9986945169712794,0.998657567960622,0.9986945169712794,0.0003,1.0,1025.7321858406067
depth4_bal_MAAMAMAM,4,MAAMAMAM,2425,29100,0.0900842899767061,0.32739320397377014,0.23997105743203845,0.9823759791122716,0.9164490861618799,0.9391430808815304,0.9986945169712794,0.0003,1.0,1036.583906173706
depth4_bal_MAAMAMAM,4,MAAMAMAM,2450,29400,0.006459017905096213,0.020142023141185444,0.022461313807538578,1.0,1.0,0.998657567960622,1.0,0.0003,1.0,1047.3444211483002
depth4_bal_MAAMAMAM,4,MAAMAMAM,2475,29700,0.005607888917438686,0.016790420437852543,0.017547913268208502,1.0,1.0,0.9991050453070813,1.0,0.0003,1.0,1058.283703804016
depth4_bal_MAAMAMAM,4,MAAMAMAM,2500,30000,0.004730512814906736,0.014234773193796476,0.013449391296931675,1.0,0.9986945169712794,0.9998881306633851,1.0,0.0003,1.0,1069.2178587913513
depth4_bal_MAAMAMAM,4,MAAMAMAM,2525,30300,0.004041387311493357,0.01189730999370416,0.011757527265165534,1.0,0.9986945169712794,0.9997762613267703,1.0,0.0003,1.0,1080.1849029064178
depth4_bal_MAAMAMAM,4,MAAMAMAM,2550,30600,0.0033648942674820623,0.010359139492114386,0.010033390977020775,1.0,0.9986945169712794,0.9996643919901554,1.0,0.0003,1.0,1091.3545882701874
depth4_bal_MAAMAMAM,4,MAAMAMAM,2575,30900,0.002965542817643533,0.008388650448371967,0.00769701890115227,1.0,1.0,0.9997762613267703,1.0,0.0003,1.0,1102.2058866024017
depth4_bal_MAAMAMAM,4,MAAMAMAM,2600,31200,0.0023706097854301333,0.007738579685489337,0.0069672237150371075,1.0,1.0,0.9998881306633851,1.0,0.0003,1.0,1113.8089036941528
depth4_bal_MAAMAMAM,4,MAAMAMAM,2625,31500,0.002010111182850475,0.0053390744142234325,0.005599487014114857,1.0,1.0,0.9998881306633851,1.0,0.0003,1.0,1124.7740132808685
depth4_bal_MAAMAMAM,4,MAAMAMAM,2650,31800,0.001662422058871016,0.004619313403964043,0.004832332827416914,1.0,1.0,0.9997762613267703,1.0,0.0003,1.0,1135.7636425495148
depth4_bal_MAAMAMAM,4,MAAMAMAM,2675,32100,0.0014119999735460926,0.003956071411569913,0.004771387517186147,1.0,1.0,0.9995525226535407,1.0,0.0003,1.0,1146.897209405899
depth4_bal_MAAMAMAM,4,MAAMAMAM,2700,32400,0.24273800229032835,0.46988483270009357,0.48898497905050003,0.924934725848564,0.8263707571801566,0.8257075735540889,1.0,0.0003,1.0,1157.7624878883362
depth4_bal_MAAMAMAM,4,MAAMAMAM,2725,32700,0.039204805778960385,0.2014101246992747,0.1643498141850744,0.9980417754569191,0.9516971279373369,0.9494350598500951,1.0,0.0003,1.0,1166.6142692565918
depth4_bal_MAAMAMAM,4,MAAMAMAM,2750,33000,0.015258841294174394,0.09710723161697388,0.09888151490262577,1.0,0.9804177545691906,0.9774023940038036,1.0,0.0003,1.0,1176.7455582618713
depth4_bal_MAAMAMAM,4,MAAMAMAM,2775,33300,0.012042792203525702,0.07685485606392224,0.07413367448108536,1.0,0.9895561357702349,0.9840026848640787,1.0,0.0003,1.0,1187.570897102356
depth4_bal_MAAMAMAM,4,MAAMAMAM,2800,33600,0.009422972643127045,0.06316804389158885,0.061112742338861735,1.0,0.9908616187989556,0.987246895625909,1.0,0.0003,1.0,1198.4179382324219
depth4_bal_MAAMAMAM,4,MAAMAMAM,2825,33900,0.007616592803969979,0.052098886420329414,0.04870630758149283,1.0,0.9947780678851175,0.9918335384271171,1.0,0.0003,1.0,1209.4768340587616
depth4_bal_MAAMAMAM,4,MAAMAMAM,2850,34200,0.3622063683966796,0.353183646996816,0.38266979200499396,0.893603133159269,0.8864229765013055,0.8843271059402618,1.0,0.0003,1.0,1220.710339307785
depth4_bal_MAAMAMAM,4,MAAMAMAM,2875,34500,0.0067773290211334825,0.019969680656989414,0.023455241482172692,1.0,1.0,0.9982100906141627,1.0,0.0003,1.0,1231.5753569602966
depth4_bal_MAAMAMAM,4,MAAMAMAM,2900,34800,0.0059102862142026424,0.017843881621956825,0.020913504915578026,1.0,1.0,0.9982100906141627,1.0,0.0003,1.0,1242.3840079307556
depth4_bal_MAAMAMAM,4,MAAMAMAM,2925,35100,0.004955734863566856,0.016165375399092834,0.01903447455593518,1.0,0.9986945169712794,0.9984338292873923,1.0,0.0003,1.0,1252.6811227798462
depth4_bal_MAAMAMAM,4,MAAMAMAM,2950,35400,0.00415048129313315,0.017079058724145096,0.017398469895124436,1.0,0.9986945169712794,0.9984338292873923,1.0,0.0003,1.0,1261.0547847747803
depth4_bal_MAAMAMAM,4,MAAMAMAM,2975,35700,0.0034599065935860076,0.01499771730353435,0.016115348706288,1.0,0.9973890339425587,0.997986351940933,1.0,0.0003,1.0,1272.2448089122772
depth4_bal_MAAMAMAM,4,MAAMAMAM,3000,36000,0.0029201703728176653,0.014638343515495459,0.013970156120402472,1.0,0.9986945169712794,0.997986351940933,1.0,0.0003,1.0,1282.9953343868256
depth4_bal_MAAMAMAM,4,MAAMAMAM,3025,36300,0.0065826704958453774,0.016492268070578575,0.016762896041784967,1.0,1.0,0.9998881306633851,1.0,0.0003,1.0,1294.5999841690063
depth4_bal_MAAMAMAM,4,MAAMAMAM,3050,36600,0.005724456355286141,0.01319246677060922,0.013482985379440444,1.0,1.0,1.0,1.0,0.0003,1.0,1304.8850152492523
depth4_bal_MAAMAMAM,4,MAAMAMAM,3075,36900,0.004774123275031646,0.010990028890470663,0.01099634441946234,1.0,1.0,1.0,1.0,0.0003,1.0,1314.501870393753
depth4_bal_MAAMAMAM,4,MAAMAMAM,3100,37200,0.003952664711202185,0.009345291492839655,0.009292767183589084,1.0,1.0,1.0,1.0,0.0003,1.0,1323.131222486496
depth4_bal_MAAMAMAM,4,MAAMAMAM,3125,37500,0.003259845970508953,0.00788823546220859,0.007919500315827983,1.0,1.0,1.0,1.0,0.0003,1.0,1331.7549769878387
depth4_bal_MAAMAMAM,4,MAAMAMAM,3150,37800,0.002688698198956748,0.006631182196239631,0.006885755501155342,1.0,1.0,1.0,1.0,0.0003,1.0,1340.0955951213837
depth4_bal_MAAMAMAM,4,MAAMAMAM,3175,38100,0.00222108072678869,0.005706702048579852,0.005980180975581918,1.0,1.0,1.0,1.0,0.0003,1.0,1348.4448301792145
depth4_bal_MAAMAMAM,4,MAAMAMAM,3200,38400,0.0018429748403529327,0.0050659153300027055,0.005240093836826938,1.0,1.0,1.0,1.0,0.0003,1.0,1356.868756532669
depth4_bal_MAAMAMAM,4,MAAMAMAM,3225,38700,0.005035767409329613,0.01261303418626388,0.012759832239576748,1.0,1.0,1.0,1.0,0.0003,1.0,1367.7284724712372
depth4_bal_MAAMAMAM,4,MAAMAMAM,3250,39000,0.0048270348537092405,0.011073125215868155,0.011259545093136175,1.0,1.0,0.9997762613267703,1.0,0.0003,1.0,1377.3187742233276
depth4_bal_MAAMAMAM,4,MAAMAMAM,3275,39300,0.004016211042956759,0.009102914482355118,0.009467261151543685,1.0,1.0,0.9998881306633851,1.0,0.0003,1.0,1386.0576767921448
depth4_bal_MAAMAMAM,4,MAAMAMAM,3300,39600,0.0033103401074185967,0.0076376151603957014,0.008146693836897612,1.0,1.0,0.9998881306633851,1.0,0.0003,1.0,1394.2558209896088
depth4_bal_MAAMAMAM,4,MAAMAMAM,3325,39900,0.0027126058315237365,0.006325542305906613,0.006996254622936249,1.0,1.0,0.9998881306633851,1.0,0.0003,1.0,1402.4694349765778
depth4_bal_MAAMAMAM,4,MAAMAMAM,3350,40200,0.0022345775117476783,0.0063191453615824384,0.006129268556833267,1.0,1.0,1.0,1.0,0.0003,1.0,1413.2532291412354
depth4_bal_MAAMAMAM,4,MAAMAMAM,3375,40500,0.0018607954649875562,0.0056313554135461645,0.005472058523446321,1.0,1.0,0.9998881306633851,1.0,0.0003,1.0,1422.4000952243805
depth4_bal_MAAMAMAM,4,MAAMAMAM,3400,40800,0.0015526444379550715,0.005353567500909169,0.004764710566295045,1.0,1.0,0.9998881306633851,1.0,0.0003,1.0,1431.115730047226
depth4_bal_MAAMAMAM,4,MAAMAMAM,3425,41100,0.00471824830553184,0.01934518354634444,0.018904518681977477,1.0,0.9986945169712794,0.9984338292873923,1.0,0.0003,1.0,1441.1760983467102
depth4_bal_MAAMAMAM,4,MAAMAMAM,3450,41400,0.006316205525460343,0.017308858533700306,0.017054934187659194,1.0,1.0,0.9997762613267703,1.0,0.0003,1.0,1450.9505908489227
depth4_bal_MAAMAMAM,4,MAAMAMAM,3475,41700,0.0052709542990972596,0.013061254285275936,0.01321170274168253,1.0,1.0,0.9998881306633851,1.0,0.0003,1.0,1462.3511047363281
depth4_bal_MAAMAMAM,4,MAAMAMAM,3500,42000,0.0043571900653963285,0.010340175280968348,0.010614223192845072,1.0,1.0,0.9998881306633851,1.0,0.0003,1.0,1471.6257326602936
depth4_bal_MAAMAMAM,4,MAAMAMAM,3525,42300,0.003597632904226581,0.008603757247328758,0.0088502062484622,1.0,1.0,0.9998881306633851,1.0,0.0003,1.0,1481.0451781749725
depth4_bal_MAAMAMAM,4,MAAMAMAM,3550,42600,0.002965077330979208,0.007185718355079492,0.007650255438472544,1.0,1.0,0.9998881306633851,1.0,0.0003,1.0,1492.2971668243408
depth4_bal_MAAMAMAM,4,MAAMAMAM,3575,42900,0.002452710197151949,0.006115624060233434,0.006823621810014759,1.0,1.0,0.9997762613267703,1.0,0.0003,1.0,1503.3112516403198
depth4_bal_MAAMAMAM,4,MAAMAMAM,3600,43200,0.0020282552286516875,0.005502312599370877,0.00612413990976555,1.0,1.0,0.9997762613267703,1.0,0.0003,1.0,1514.071759223938
depth4_bal_MAAMAMAM,4,MAAMAMAM,3625,43500,0.0016806937637738883,0.005172388084853689,0.005626877131206649,1.0,1.0,0.9997762613267703,1.0,0.0003,1.0,1524.9934041500092
depth4_bal_MAAMAMAM,4,MAAMAMAM,3650,43800,0.00140333089317816,0.005202848852301638,0.005171144613996148,1.0,0.9986945169712794,0.9996643919901554,1.0,0.0003,1.0,1536.0407915115356
depth4_bal_MAAMAMAM,4,MAAMAMAM,3675,44100,0.004608306451700628,0.011998512471715609,0.013330811129084656,1.0,1.0,0.9995525226535407,1.0,0.0003,1.0,1546.9317495822906
depth4_bal_MAAMAMAM,4,MAAMAMAM,3700,44400,0.004734044894576073,0.010963782978554567,0.011815365723201207,1.0,1.0,1.0,1.0,0.0003,1.0,1557.6490397453308
depth4_bal_MAAMAMAM,4,MAAMAMAM,3725,44700,0.003939226463747521,0.008973740041255951,0.009453472548297473,1.0,1.0,1.0,1.0,0.0003,1.0,1568.413634300232
depth4_bal_MAAMAMAM,4,MAAMAMAM,3750,45000,0.0032624471932649612,0.007415879052132368,0.0077805179304310254,1.0,1.0,1.0,1.0,0.0003,1.0,1579.289640903473
depth4_bal_MAAMAMAM,4,MAAMAMAM,3775,45300,0.0027009868645109236,0.006153716240078211,0.006664723650153194,1.0,1.0,0.9998881306633851,1.0,0.0003,1.0,1589.8208842277527
depth4_bal_MAAMAMAM,4,MAAMAMAM,3800,45600,0.002239926853993287,0.005229729538162549,0.006071829449917589,1.0,1.0,0.9998881306633851,1.0,0.0003,1.0,1600.8649156093597
depth4_bal_MAAMAMAM,4,MAAMAMAM,3825,45900,0.001859827801429977,0.004541889609148105,0.005331551902262228,1.0,1.0,0.9996643919901554,1.0,0.0003,1.0,1612.0532948970795
depth4_bal_MAAMAMAM,4,MAAMAMAM,3850,46200,0.0024960356143613658,0.0065709687769412994,0.006211338498230491,1.0,1.0,0.9998881306633851,1.0,0.0003,1.0,1622.867731332779
depth4_bal_MAAMAMAM,4,MAAMAMAM,3875,46500,0.0037007104450215897,0.007275315312047799,0.007204749940761498,1.0,1.0,1.0,1.0,0.0003,1.0,1634.1384456157684
depth4_bal_MAAMAMAM,4,MAAMAMAM,3900,46800,0.0031067092010440924,0.006026631221175194,0.006025739865643638,1.0,1.0,1.0,1.0,0.0003,1.0,1645.2982902526855
depth4_bal_MAAMAMAM,4,MAAMAMAM,3925,47100,0.002564233048663785,0.005068579533447822,0.005239189136773348,1.0,1.0,1.0,1.0,0.0003,1.0,1656.4973990917206
depth4_bal_MAAMAMAM,4,MAAMAMAM,3950,47400,0.0021266366626756885,0.004335248377174139,0.005054763864193644,1.0,1.0,0.9996643919901554,1.0,0.0003,1.0,1667.5788819789886
depth4_bal_MAAMAMAM,4,MAAMAMAM,3975,47700,0.0017740606660178553,0.0037035264540463686,0.004819924889930657,1.0,1.0,0.999328783980311,1.0,0.0003,1.0,1678.4885222911835
depth4_bal_MAAMAMAM,4,MAAMAMAM,4000,48000,0.0014809678250458091,0.003124541137367487,0.004654867155477404,1.0,1.0,0.9992169146436961,1.0,0.0003,1.0,1689.338294506073
depth4_bal_MAAMAMAM,4,MAAMAMAM,4025,48300,0.0012389073769251506,0.0026453862277170024,0.004257372340985707,1.0,1.0,0.999328783980311,1.0,0.0003,1.0,1700.6728501319885
depth4_bal_MAAMAMAM,4,MAAMAMAM,4050,48600,0.001037061515186603,0.002186800275618831,0.0034999930865264365,1.0,1.0,0.999328783980311,1.0,0.0003,1.0,1711.4398641586304
depth4_bal_MAAMAMAM,4,MAAMAMAM,4075,48900,0.0008683095802552998,0.0018369061484312017,0.0027036275248974563,1.0,1.0,0.9996643919901554,1.0,0.0003,1.0,1721.9166457653046
depth4_bal_MAAMAMAM,4,MAAMAMAM,4100,49200,0.0007347143303680544,0.0015540211849535506,0.001966005513843681,1.0,1.0,0.9997762613267703,1.0,0.0003,1.0,1731.134241104126
depth4_bal_MAAMAMAM,4,MAAMAMAM,4125,49500,0.0006131537860104194,0.0013263038514802854,0.0015611612869958792,1.0,1.0,0.9998881306633851,1.0,0.0003,1.0,1739.3935024738312
depth4_bal_MAAMAMAM,4,MAAMAMAM,4150,49800,0.9945600926876068,1.158756971359253,1.164617783682687,0.6047650130548303,0.5052219321148825,0.5093410896073386,1.0,0.0003,1.0,1749.5887637138367
depth4_bal_MAAMAMAM,4,MAAMAMAM,4175,50100,0.2973306675752004,0.46243180831273395,0.4932999679020473,0.9027415143603134,0.8185378590078329,0.8059067009732632,1.0,0.0003,1.0,1760.6853332519531
depth4_bal_MAAMAMAM,4,MAAMAMAM,4200,50400,0.43108536303043365,0.593166450659434,0.579844503743308,0.8909921671018277,0.7898172323759791,0.7989708021031435,1.0,0.0003,1.0,1771.728703737259
depth4_bal_MAAMAMAM,4,MAAMAMAM,4225,50700,0.03733293619006872,0.12031172712643941,0.12449810739074435,1.0,0.9778067885117493,0.9760599619644256,1.0,0.0003,1.0,1782.1557183265686
depth4_bal_MAAMAMAM,4,MAAMAMAM,4250,51000,0.02609856892377138,0.08694617698589961,0.08470160035150391,1.0,0.9921671018276762,0.989260543684976,1.0,0.0003,1.0,1793.1708991527557
depth4_bal_MAAMAMAM,4,MAAMAMAM,4275,51300,0.08759410679340363,0.26541514197985333,0.23780440773282732,0.9862924281984334,0.8955613577023499,0.9149793041727262,1.0,0.0003,1.0,1802.545727968216
depth4_bal_MAAMAMAM,4,MAAMAMAM,4300,51600,0.01915331045165658,0.09897743662198384,0.0917054893715041,1.0,0.9817232375979112,0.9841145542006936,1.0,0.0003,1.0,1813.6344497203827
depth4_bal_MAAMAMAM,4,MAAMAMAM,4325,51900,0.4957902319729328,1.0505405465761821,1.048020875453949,0.8178851174934726,0.6579634464751958,0.6640563821456539,1.0,0.0003,1.0,1824.7158589363098
depth4_bal_MAAMAMAM,4,MAAMAMAM,4350,52200,0.2387161614994208,0.604387124379476,0.5777221347604479,0.918733681462141,0.7872062663185379,0.7855464817093635,1.0,0.0003,1.0,1835.8021457195282
depth4_bal_MAAMAMAM,4,MAAMAMAM,4375,52500,0.1748335361480713,0.4788958529631297,0.46408509952681404,0.9595300261096605,0.8015665796344648,0.8279449602863855,1.0,0.0003,1.0,1846.7096588611603
depth4_bal_MAAMAMAM,4,MAAMAMAM,4400,52800,0.033848415284107126,0.31670716404914856,0.3040944793394634,0.9996736292428199,0.8877284595300261,0.893612260879293,1.0,0.0003,1.0,1857.7562515735626
depth4_bal_MAAMAMAM,4,MAAMAMAM,4425,53100,0.8560004631678263,1.1721521615982056,1.1199012296540396,0.7046344647519582,0.5939947780678851,0.612149009956371,1.0,0.0003,1.0,1868.4414920806885
depth4_bal_MAAMAMAM,4,MAAMAMAM,4450,53400,0.03745666782682141,0.31122928857803345,0.2994361000401633,0.9986945169712794,0.8851174934725848,0.8879069247119364,1.0,0.0003,1.0,1879.1227521896362
depth4_bal_MAAMAMAM,4,MAAMAMAM,4475,53700,0.055457645716766514,0.4675393303235372,0.38961097087178914,0.9905352480417755,0.8433420365535248,0.8560241637767088,1.0,0.0003,1.0,1889.9266731739044
depth4_bal_MAAMAMAM,4,MAAMAMAM,4500,54000,0.03077288530766964,0.4094490706920624,0.3594493244375501,1.0,0.8524804177545692,0.867322966774807,1.0,0.0003,1.0,1900.9212293624878
depth4_bal_MAAMAMAM,4,MAAMAMAM,4525,54300,0.0829211100935936,0.48793532450993854,0.490866995709283,0.987597911227154,0.8328981723237598,0.8244770108513256,1.0,0.0003,1.0,1911.9244616031647
depth4_bal_MAAMAMAM,4,MAAMAMAM,4550,54600,0.03293152479454875,0.48086486260096234,0.42296106559889657,0.9990208877284595,0.8315926892950392,0.8495357422530484,1.0,0.0003,1.0,1922.8740174770355
depth4_bal_MAAMAMAM,4,MAAMAMAM,4575,54900,0.017624807466442387,0.40953882535298664,0.3677551133292062,1.0,0.8655352480417755,0.8704553082000224,1.0,0.0003,1.0,1934.1925375461578
depth4_bal_MAAMAMAM,4,MAAMAMAM,4600,55200,0.21541490654150644,1.0385301907857258,1.0034546766962325,0.9301566579634465,0.674934725848564,0.6784875265689675,1.0,0.0003,1.0,1945.5624241828918
depth4_bal_MAAMAMAM,4,MAAMAMAM,4625,55500,0.20201221605141959,0.7019016941388448,0.6575155070849827,0.960509138381201,0.7297650130548303,0.7592571876048775,1.0,0.0003,1.0,1956.6550915241241
depth4_bal_MAAMAMAM,4,MAAMAMAM,4650,55800,0.04038148590674003,0.5411673585573832,0.5022220875535692,0.9980417754569191,0.8093994778067886,0.8206734534064213,1.0,0.0003,1.0,1967.7089657783508
depth4_bal_MAAMAMAM,4,MAAMAMAM,4675,56100,0.13738438114523888,0.6605246663093567,0.6297814846038818,0.966710182767624,0.7610966057441253,0.7712272066226648,1.0,0.0003,1.0,1979.6290378570557
depth4_bal_MAAMAMAM,4,MAAMAMAM,4700,56400,0.6742596427599589,1.102476954460144,1.0225002680506026,0.7865535248041775,0.5718015665796344,0.608792929857926,1.0,0.0003,1.0,1989.447023153305
depth4_bal_MAAMAMAM,4,MAAMAMAM,4725,56700,0.047791151950756706,0.6355151931444804,0.543312132358551,0.9980417754569191,0.7767624020887729,0.8056829623000336,1.0,0.0003,1.0,2000.956680059433
depth4_bal_MAAMAMAM,4,MAAMAMAM,4750,57000,0.8014057725667953,1.2726611296335857,1.152044291155679,0.7385770234986945,0.5130548302872062,0.5795950330014543,1.0,0.0003,1.0,2012.1053013801575
depth4_bal_MAAMAMAM,4,MAAMAMAM,4775,57300,0.41302355378866196,0.9205580751101176,0.8379652568272182,0.891644908616188,0.6422976501305483,0.6897863295670656,1.0,0.0003,1.0,2022.9507730007172
depth4_bal_MAAMAMAM,4,MAAMAMAM,4800,57600,0.05001626070588827,0.5941307147343954,0.5542181108679091,0.9986945169712794,0.7859007832898173,0.8085915650520192,1.0,0.0003,1.0,2033.5835461616516
depth4_bal_MAAMAMAM,4,MAAMAMAM,4825,57900,0.08358374300102393,0.6799639860788981,0.6209898241928645,0.985313315926893,0.7689295039164491,0.7908043405302606,1.0,0.0003,1.0,2043.5597548484802
depth4_bal_MAAMAMAM,4,MAAMAMAM,4850,58200,0.05972012567023436,0.742814819018046,0.6658761518342154,0.991514360313316,0.7610966057441253,0.7773800201364806,1.0,0.0003,1.0,2054.492654800415
depth4_bal_MAAMAMAM,4,MAAMAMAM,4875,58500,0.16643964871764183,0.7410226066907247,0.7025004625320435,0.9575718015665796,0.7558746736292428,0.7512025953686094,1.0,0.0003,1.0,2065.361501455307
depth4_bal_MAAMAMAM,4,MAAMAMAM,4900,58800,0.06800473481416702,0.7122787237167358,0.6647478597504752,0.9957571801566579,0.7545691906005222,0.7750307640675691,1.0,0.0003,1.0,2076.4048404693604
depth4_bal_MAAMAMAM,4,MAAMAMAM,4925,59100,0.04250234334419171,0.7118947505950928,0.6520175388881139,0.9970626631853786,0.7728459530026109,0.7859939590558228,1.0,0.0003,1.0,2087.0928242206573
depth4_bal_MAAMAMAM,4,MAAMAMAM,4950,59400,0.9057040562232336,1.5450280110041301,1.4926544632230485,0.6873368146214099,0.5156657963446475,0.5371965544244323,1.0,0.0003,1.0,2098.305839776993
depth4_bal_MAAMAMAM,4,MAAMAMAM,4975,59700,0.09366096369922161,0.8606790701548258,0.7937423314367021,0.9820496083550914,0.7258485639686684,0.743483611142186,1.0,0.0003,1.0,2109.4002873897552
depth4_bal_MAAMAMAM,4,MAAMAMAM,5000,60000,0.17074748997886977,0.8482686877250671,0.8036159583500453,0.9592036553524804,0.6879895561357703,0.7116008502069583,1.0,0.0003,1.0,2120.64639878273
depth4_bal_MAAMAMAM,4,MAAMAMAM,5025,60300,0.6255586743354797,1.240228494008382,1.1547128575188772,0.8097258485639687,0.5313315926892951,0.5648282805682963,1.0,0.0003,1.0,2132.0131661891937
depth4_bal_MAAMAMAM,4,MAAMAMAM,5050,60600,0.07194336131215096,0.8261426289876302,0.7661727428436279,0.9977154046997389,0.7010443864229765,0.7435954804788008,1.0,0.0003,1.0,2141.1746928691864
depth4_bal_MAAMAMAM,4,MAAMAMAM,5075,60900,0.0481440257281065,0.8234742482503256,0.7829326953206743,0.9980417754569191,0.7284595300261096,0.7504195100123057,1.0,0.0003,1.0,2151.7452161312103
depth4_bal_MAAMAMAM,4,MAAMAMAM,5100,61200,0.0395661306877931,0.8368437091509501,0.7808972682271685,0.9990208877284595,0.7402088772845953,0.7544468061304397,1.0,0.0003,1.0,2160.129235267639
depth4_bal_MAAMAMAM,4,MAAMAMAM,5125,61500,0.032128443786253534,0.8526546557744344,0.7936293244361877,0.9990208877284595,0.7336814621409922,0.758250363575344,1.0,0.0003,1.0,2168.433487892151
depth4_bal_MAAMAMAM,4,MAAMAMAM,5150,61800,0.2889692721267541,1.2883267402648926,1.3629540511540004,0.9151436031331592,0.608355091383812,0.6120371406197561,1.0,0.0003,1.0,2177.378130197525
depth4_bal_MAAMAMAM,4,MAAMAMAM,5175,62100,0.0383715620264411,0.7461103200912476,0.6803774510111128,0.9964099216710183,0.7519582245430809,0.7805123615616959,1.0,0.0003,1.0,2187.4888830184937
depth4_bal_MAAMAMAM,4,MAAMAMAM,5200,62400,0.01946534449234605,0.6638581355412801,0.6378894014017923,1.0,0.7859007832898173,0.7980758474102249,1.0,0.0003,1.0,2197.4424312114716
depth4_bal_MAAMAMAM,4,MAAMAMAM,5225,62700,0.18447420001029968,0.919373075167338,0.8066993389810835,0.9546344647519582,0.6762402088772846,0.7203266584629153,1.0,0.0003,1.0,2207.683281183243
depth4_bal_MAAMAMAM,4,MAAMAMAM,5250,63000,0.01839610810081164,0.6864673892656962,0.6277871446950095,0.9996736292428199,0.7872062663185379,0.8027743595480479,1.0,0.0003,1.0,2218.832324028015
depth4_bal_MAAMAMAM,4,MAAMAMAM,5275,63300,0.09090904022256534,1.0878455241521199,0.9986848592758178,0.9748694516971279,0.7036553524804178,0.7188723570869224,1.0,0.0003,1.0,2229.806282520294
depth4_bal_MAAMAMAM,4,MAAMAMAM,5300,63600,0.24221979081630707,1.318089207013448,1.311385975565229,0.9259138381201044,0.5913838120104439,0.602751985680725,1.0,0.0003,1.0,2240.72745347023
depth4_bal_MAAMAMAM,4,MAAMAMAM,5325,63900,0.022349207817266386,0.6375378767649332,0.5891220441886357,1.0,0.7859007832898173,0.8010963194988254,1.0,0.0003,1.0,2251.6583321094513
depth4_bal_MAAMAMAM,4,MAAMAMAM,5350,64200,0.01933223909387986,0.654020090897878,0.5805947073868343,1.0,0.7806788511749347,0.8047880076071149,1.0,0.0003,1.0,2262.584124803543
depth4_bal_MAAMAMAM,4,MAAMAMAM,5375,64500,0.08464939581851165,0.7712602019309998,0.7158324207578387,0.9918407310704961,0.7532637075718016,0.7554536301599731,1.0,0.0003,1.0,2273.5596096515656
depth4_bal_MAAMAMAM,4,MAAMAMAM,5400,64800,0.30659157534440357,2.0424509048461914,2.0624443667275565,0.9086161879895561,0.49869451697127937,0.517171943170377,1.0,0.0003,1.0,2282.8100180625916
depth4_bal_MAAMAMAM,4,MAAMAMAM,5425,65100,0.0844429712742567,0.7069515784581503,0.6886839049203055,0.9840078328981723,0.7610966057441253,0.7660812171383824,1.0,0.0003,1.0,2294.372144460678
depth4_bal_MAAMAMAM,4,MAAMAMAM,5450,65400,0.2941242518524329,0.9571758111317953,0.8701858401298523,0.9219973890339426,0.6540469973890339,0.6831860387067905,1.0,0.0003,1.0,2304.1748983860016
depth4_bal_MAAMAMAM,4,MAAMAMAM,5475,65700,0.052433243642250695,0.6557839115460714,0.6354936267648424,0.9921671018276762,0.7715404699738904,0.7881194764515046,1.0,0.0003,1.0,2312.9038095474243
depth4_bal_MAAMAMAM,4,MAAMAMAM,5500,66000,0.02084031126772364,0.6179132660230001,0.5732909458024161,1.0,0.7963446475195822,0.8108289517843159,1.0,0.0003,1.0,2321.2135429382324
depth4_bal_MAAMAMAM,4,MAAMAMAM,5525,66300,0.04566950739050905,0.7369850079218546,0.6595424132687705,0.9944516971279374,0.762402088772846,0.7816310549278442,1.0,0.0003,1.0,2331.838233947754
depth4_bal_MAAMAMAM,4,MAAMAMAM,5550,66600,0.022518398705869913,0.6415468255678812,0.574438978093011,1.0,0.779373368146214,0.8082559570421748,1.0,0.0003,1.0,2340.7909240722656
depth4_bal_MAAMAMAM,4,MAAMAMAM,5575,66900,0.016983885783702135,0.5913992524147034,0.5330908085618701,1.0,0.8120104438642297,0.822239624119029,1.0,0.0003,1.0,2349.1233372688293
depth4_bal_MAAMAMAM,4,MAAMAMAM,5600,67200,0.08030053041875362,0.7406011819839478,0.7131324018750872,0.9869451697127938,0.7637075718015666,0.7614945743371742,1.0,0.0003,1.0,2357.327515602112
depth4_bal_MAAMAMAM,4,MAAMAMAM,5625,67500,0.38451995700597763,1.2962122758229573,1.1999742371695383,0.8668407310704961,0.6031331592689295,0.6368721333482492,1.0,0.0003,1.0,2365.802433490753
depth4_bal_MAAMAMAM,4,MAAMAMAM,5650,67800,0.017663532091925543,0.5890425443649292,0.5681126952171326,1.0,0.7989556135770235,0.8130663385166126,1.0,0.0003,1.0,2374.1424560546875
depth4_bal_MAAMAMAM,4,MAAMAMAM,5675,68100,0.015457266087954244,0.596072793006897,0.5613897970744541,1.0,0.804177545691906,0.8158630719319835,1.0,0.0003,1.0,2382.482851266861
depth4_bal_MAAMAMAM,4,MAAMAMAM,5700,68400,0.012169365771114826,0.615363339583079,0.5657588141305107,1.0,0.8107049608355091,0.8178767199910505,1.0,0.0003,1.0,2392.520876646042
depth4_bal_MAAMAMAM,4,MAAMAMAM,5725,68700,0.025609951155881088,0.7172311544418335,0.6362732682909285,0.9996736292428199,0.7780678851174935,0.7934892046090166,1.0,0.0003,1.0,2403.404300928116
depth4_bal_MAAMAMAM,4,MAAMAMAM,5750,69000,0.02335223648697138,0.7246784170468649,0.6695567684514182,0.9980417754569191,0.7702349869451697,0.7912518178767199,1.0,0.0003,1.0,2414.090666294098
depth4_bal_MAAMAMAM,4,MAAMAMAM,5775,69300,0.15882794186472893,0.9309341907501221,0.8434997269085476,0.9712793733681462,0.6723237597911227,0.702315695267927,1.0,0.0003,1.0,2424.7653510570526
depth4_bal_MAAMAMAM,4,MAAMAMAM,5800,69600,0.24312153831124306,0.9077969590822855,0.8133806194577898,0.9510443864229765,0.674934725848564,0.7053361673565276,1.0,0.0003,1.0,2435.786109685898
depth4_bal_MAAMAMAM,4,MAAMAMAM,5825,69900,0.03404223375643293,0.7727487683296204,0.6804005827222551,0.9986945169712794,0.7663185378590078,0.7828616176306075,1.0,0.0003,1.0,2446.6226155757904
depth4_bal_MAAMAMAM,4,MAAMAMAM,5850,70200,0.25880782802899677,1.1466703017552693,1.0389809404100692,0.9131853785900783,0.6488250652741514,0.6782637878957378,1.0,0.0003,1.0,2457.4477972984314
depth4_bal_MAAMAMAM,4,MAAMAMAM,5875,70500,0.02226570077861349,0.7118562062581381,0.6063689844948905,1.0,0.7780678851174935,0.8002013648059068,1.0,0.0003,1.0,2466.6907789707184
depth4_bal_MAAMAMAM,4,MAAMAMAM,5900,70800,0.020666940448184807,0.7291257580121359,0.6095691519124168,0.9996736292428199,0.7754569190600522,0.8009844501622105,1.0,0.0003,1.0,2476.218338251114
depth4_bal_MAAMAMAM,4,MAAMAMAM,5925,71100,0.01593173178844154,0.7574833631515503,0.6166262439319066,1.0,0.7715404699738904,0.8062423089831078,1.0,0.0003,1.0,2485.95121216774
depth4_bal_MAAMAMAM,4,MAAMAMAM,5950,71400,0.18917672956983247,1.0196092526117961,0.9093254889760699,0.9357049608355091,0.6801566579634465,0.7136144982660253,1.0,0.0003,1.0,2496.1488902568817
depth4_bal_MAAMAMAM,4,MAAMAMAM,5975,71700,0.014321491665517291,0.6850402355194092,0.6081221180302756,1.0,0.783289817232376,0.8043405302606556,1.0,0.0003,1.0,2506.4106266498566
depth4_bal_MAAMAMAM,4,MAAMAMAM,6000,72000,0.01286161046785613,0.6767526666323344,0.6032192443098341,1.0,0.7963446475195822,0.8063541783197226,1.0,0.0003,1.0,2517.1947996616364
depth4_bal_MAAMAMAM,4,MAAMAMAM,6025,72300,0.016935306290785473,0.7641750772794088,0.6683441681521279,0.9993472584856397,0.7754569190600522,0.795279113994854,1.0,0.0003,1.0,2527.926964521408
depth4_bal_MAAMAMAM,4,MAAMAMAM,6050,72600,0.10606938910981019,0.804269274075826,0.7121069329125541,0.9846605744125326,0.7245430809399478,0.757579147555655,1.0,0.0003,1.0,2538.8241596221924
depth4_bal_MAAMAMAM,4,MAAMAMAM,6075,72900,0.015028893404329816,0.6578143239021301,0.5924662147249494,1.0,0.7767624020887729,0.8052354849535742,1.0,0.0003,1.0,2549.760185956955
depth4_bal_MAAMAMAM,4,MAAMAMAM,6100,73200,0.012995665737738213,0.6491276621818542,0.5871518807751792,1.0,0.779373368146214,0.8145206398926055,1.0,0.0003,1.0,2560.398939847946
depth4_bal_MAAMAMAM,4,MAAMAMAM,6125,73500,0.18203405663371086,1.0767213900883992,1.0279113054275513,0.9516971279373369,0.6579634464751958,0.658574784651527,1.0,0.0003,1.0,2571.2136483192444
depth4_bal_MAAMAMAM,4,MAAMAMAM,6150,73800,0.04656276339665055,0.7875615755716959,0.6932739836829049,0.9941253263707572,0.7310704960835509,0.7758138494238729,1.0,0.0003,1.0,2582.171008825302
depth4_bal_MAAMAMAM,4,MAAMAMAM,6175,74100,0.020210844619820516,0.6677064696947733,0.5948677590915135,0.9993472584856397,0.7676240208877284,0.8036693142409665,1.0,0.0003,1.0,2595.191853284836
depth4_bal_MAAMAMAM,4,MAAMAMAM,6200,74400,0.05577166316409906,0.8379772901535034,0.7256563646452767,0.987597911227154,0.741514360313316,0.7736883320281911,1.0,0.0003,1.0,2611.8392295837402
depth4_bal_MAAMAMAM,4,MAAMAMAM,6225,74700,0.020040093300243218,0.6946619550387064,0.5760341320719038,1.0,0.7650130548302873,0.8048998769437298,1.0,0.0003,1.0,2622.7256710529327
depth4_bal_MAAMAMAM,4,MAAMAMAM,6250,75000,0.015275239323576292,0.6646569569905599,0.568708918775831,1.0,0.7819843342036553,0.8104933437744715,1.0,0.0003,1.0,2633.641922712326
depth4_bal_MAAMAMAM,4,MAAMAMAM,6275,75300,0.012334868311882019,0.6717315912246704,0.561140296288899,1.0,0.7845953002610966,0.8146325092292203,1.0,0.0003,1.0,2644.6635637283325
depth4_bal_MAAMAMAM,4,MAAMAMAM,6300,75600,0.09626142183939616,0.9295698205629984,0.8485132438795907,0.9735639686684073,0.695822454308094,0.733974717529925,1.0,0.0003,1.0,2655.477948665619
depth4_bal_MAAMAMAM,4,MAAMAMAM,6325,75900,0.038954525565107666,0.9141040245691935,0.7961454715047563,0.9964099216710183,0.7140992167101827,0.7466159525674013,1.0,0.0003,1.0,2665.489597558975
depth4_bal_MAAMAMAM,4,MAAMAMAM,6350,76200,0.4569862311085065,1.4236453771591187,1.3451024089540755,0.8488903394255874,0.5744125326370757,0.5936905694149234,1.0,0.0003,1.0,2676.507465839386
depth4_bal_MAAMAMAM,4,MAAMAMAM,6375,76500,0.02456650882959366,0.8073112964630127,0.7177046860967363,0.9990208877284595,0.7336814621409922,0.7655218704553082,1.0,0.0003,1.0,2686.3868227005005
depth4_bal_MAAMAMAM,4,MAAMAMAM,6400,76800,0.016868014199038345,0.7356687784194946,0.6562030332429069,1.0,0.7493472584856397,0.7908043405302606,1.0,0.0003,1.0,2694.6930825710297
depth4_bal_MAAMAMAM,4,MAAMAMAM,6425,77100,0.02326668504004677,0.7867241501808167,0.6928973538534982,0.9980417754569191,0.7336814621409922,0.7798411455420069,1.0,0.0003,1.0,2705.5325293540955
depth4_bal_MAAMAMAM,4,MAAMAMAM,6450,77400,0.0153306406767418,0.7735886772473654,0.6733258690152849,1.0,0.7637075718015666,0.7865533057388969,1.0,0.0003,1.0,2716.45121717453
depth4_bal_MAAMAMAM,4,MAAMAMAM,6475,77700,0.01292397043046852,0.7630906899770101,0.6590727124895368,1.0,0.7610966057441253,0.7931535965991722,1.0,0.0003,1.0,2727.2757222652435
depth4_bal_MAAMAMAM,4,MAAMAMAM,6500,78000,0.11127406979600589,0.9450577894846598,0.8517110296658107,0.9725848563968669,0.706266318537859,0.7206622664727598,1.0,0.0003,1.0,2738.0274770259857
depth4_bal_MAAMAMAM,4,MAAMAMAM,6525,78300,0.02094370514775316,0.7088181575139364,0.6583886282784598,1.0,0.7650130548302873,0.7892381698176529,1.0,0.0003,1.0,2748.863389492035
depth4_bal_MAAMAMAM,4,MAAMAMAM,6550,78600,0.016466340981423855,0.6887516578038534,0.6653106519154139,1.0,0.7663185378590078,0.7878957377782749,1.0,0.0003,1.0,2758.2325472831726
depth4_bal_MAAMAMAM,4,MAAMAMAM,6575,78900,0.013070366578176618,0.6868827939033508,0.6547470314162118,1.0,0.779373368146214,0.7971808927173062,1.0,0.0003,1.0,2768.093342781067
depth4_bal_MAAMAMAM,4,MAAMAMAM,6600,79200,0.20284169415632883,0.8087586760520935,0.7526880196162633,0.9575718015665796,0.7088772845953003,0.7287168587090278,1.0,0.0003,1.0,2778.9807007312775
depth4_bal_MAAMAMAM,4,MAAMAMAM,6625,79500,0.020480200958748657,0.6654672821362814,0.6094784804752895,1.0,0.7780678851174935,0.8012081888354402,1.0,0.0003,1.0,2789.28342962265
depth4_bal_MAAMAMAM,4,MAAMAMAM,6650,79800,0.013562386001770696,0.6490251421928406,0.5976996260029929,1.0,0.7885117493472585,0.8061304396464929,1.0,0.0003,1.0,2800.114177942276
depth4_bal_MAAMAMAM,4,MAAMAMAM,6675,80100,0.17483820766210556,1.18258269627889,1.0100748896598817,0.9481070496083551,0.618798955613577,0.682179214677257,1.0,0.0003,1.0,2810.875592947006
depth4_bal_MAAMAMAM,4,MAAMAMAM,6700,80400,0.014794037599737445,0.6953444878260294,0.6542228375162397,1.0,0.7702349869451697,0.7895737778274975,1.0,0.0003,1.0,2821.4720180034637
depth4_bal_MAAMAMAM,4,MAAMAMAM,6725,80700,0.014280720303455988,0.6920509934425354,0.6474771686962673,1.0,0.779373368146214,0.7930417272625573,1.0,0.0003,1.0,2832.34619140625
depth4_bal_MAAMAMAM,4,MAAMAMAM,6750,81000,0.031284170147652425,0.9172442952791849,0.7967863474573408,0.9967362924281984,0.7232375979112271,0.7611589663273297,1.0,0.0003,1.0,2843.420305252075
depth4_bal_MAAMAMAM,4,MAAMAMAM,6775,81300,0.11248808105786641,0.9074699680010477,0.8279140966279166,0.9654046997389034,0.7271540469973891,0.7498601633292314,1.0,0.0003,1.0,2854.3147308826447
depth4_bal_MAAMAMAM,4,MAAMAMAM,6800,81600,0.16668806287149587,1.0369065602620442,0.9002446498189653,0.9556135770234987,0.6527415143603134,0.697617183130104,1.0,0.0003,1.0,2865.177310228348
depth4_bal_MAAMAMAM,4,MAAMAMAM,6825,81900,0.018903979410727818,0.6540563305219015,0.6136394160134452,1.0,0.7976501305483029,0.7961740686877726,1.0,0.0003,1.0,2874.845537185669
depth4_bal_MAAMAMAM,4,MAAMAMAM,6850,82200,0.01740272156894207,0.6490891774495443,0.5988901828016554,1.0,0.7872062663185379,0.8048998769437298,1.0,0.0003,1.0,2883.162716627121
depth4_bal_MAAMAMAM,4,MAAMAMAM,6875,82500,0.016065769906466205,0.6879179279009501,0.629670159305845,0.9993472584856397,0.7767624020887729,0.7995301487862176,1.0,0.0003,1.0,2891.4884424209595
depth4_bal_MAAMAMAM,4,MAAMAMAM,6900,82800,0.04076852990935246,0.6605187058448792,0.6178411449704851,0.9990208877284595,0.7819843342036553,0.7916992952231793,1.0,0.0003,1.0,2902.3601336479187
depth4_bal_MAAMAMAM,4,MAAMAMAM,6925,83100,0.018802879222979147,0.604222317536672,0.5620807213442666,1.0,0.8067885117493473,0.8154155945855242,1.0,0.0003,1.0,2913.333644390106
depth4_bal_MAAMAMAM,4,MAAMAMAM,6950,83400,0.015572122298181057,0.6315357089042664,0.5675781488418579,1.0,0.7924281984334204,0.8179885893276653,1.0,0.0003,1.0,2924.1154267787933
depth4_bal_MAAMAMAM,4,MAAMAMAM,6975,83700,0.0142967045151939,0.6383553743362427,0.5656477034091949,1.0,0.793733681462141,0.8205615840698065,1.0,0.0003,1.0,2934.9881777763367
depth4_bal_MAAMAMAM,4,MAAMAMAM,7000,84000,0.03806304465979338,0.6945937077204386,0.6453671148845128,0.9967362924281984,0.7702349869451697,0.7892381698176529,1.0,0.0003,1.0,2945.7128665447235
depth4_bal_MAAMAMAM,4,MAAMAMAM,7025,84300,0.015457181570430597,0.6153685649236044,0.5688941197735923,1.0,0.7976501305483029,0.8137375545363016,1.0,0.0003,1.0,2956.69188785553
depth4_bal_MAAMAMAM,4,MAAMAMAM,7050,84600,1.4505225270986557,1.9086320400238037,1.8490848677498954,0.581266318537859,0.402088772845953,0.4310325539769549,1.0,0.0003,1.0,2967.348402738571
depth4_bal_MAAMAMAM,4,MAAMAMAM,7075,84900,0.048691002341608204,0.7367245157559713,0.6433414799826486,0.9986945169712794,0.7493472584856397,0.7724577693254279,1.0,0.0003,1.0,2977.848902463913
depth4_bal_MAAMAMAM,4,MAAMAMAM,7100,85200,0.022133517544716597,0.6863378485043844,0.5982415454728263,1.0,0.7754569190600522,0.7970690233806913,1.0,0.0003,1.0,2988.8993821144104
depth4_bal_MAAMAMAM,4,MAAMAMAM,7125,85500,0.02411191677674651,0.622557540734609,0.5763803771563939,1.0,0.7741514360313316,0.8002013648059068,1.0,0.0003,1.0,2999.4806747436523
depth4_bal_MAAMAMAM,4,MAAMAMAM,7150,85800,0.04996123599509398,0.6705527106920878,0.6357290012495859,0.9911879895561357,0.7676240208877284,0.7885669537979639,1.0,0.0003,1.0,3010.0851759910583
depth4_bal_MAAMAMAM,4,MAAMAMAM,7175,86100,0.01495445892214775,0.5888901352882385,0.5598901953016009,1.0,0.793733681462141,0.8145206398926055,1.0,0.0003,1.0,3020.698490858078
depth4_bal_MAAMAMAM,4,MAAMAMAM,7200,86400,0.019991415087133646,0.6572718421618143,0.5916482797690801,0.9986945169712794,0.7806788511749347,0.8052354849535742,1.0,0.0003,1.0,3031.6844997406006
depth4_bal_MAAMAMAM,4,MAAMAMAM,7225,86700,0.07614590786397457,0.7059209942817688,0.7024496146610805,0.9843342036553525,0.7532637075718016,0.7714509452958944,1.0,0.0003,1.0,3042.4742403030396
depth4_bal_MAAMAMAM,4,MAAMAMAM,7250,87000,0.016289306106045842,0.6154553095499674,0.5795658690588815,1.0,0.7989556135770235,0.8082559570421748,1.0,0.0003,1.0,3053.3452961444855
depth4_bal_MAAMAMAM,4,MAAMAMAM,7275,87300,0.013054076426972946,0.6135685046513876,0.5621805480548314,1.0,0.793733681462141,0.8125069918335385,1.0,0.0003,1.0,3063.6880054473877
depth4_bal_MAAMAMAM,4,MAAMAMAM,7300,87600,0.14913074672222137,0.7299792965253195,0.7065252372196742,0.962467362924282,0.7506527415143603,0.7581384942387291,1.0,0.0003,1.0,3074.4028627872467
depth4_bal_MAAMAMAM,4,MAAMAMAM,7325,87900,0.013006191390256086,0.6237766742706299,0.5852883526257107,0.9996736292428199,0.8015665796344648,0.8106052131110862,1.0,0.0003,1.0,3085.1998348236084
depth4_bal_MAAMAMAM,4,MAAMAMAM,7350,88200,0.012853728296856085,0.7057907581329346,0.6282642355987004,1.0,0.7859007832898173,0.8038930529141962,1.0,0.0003,1.0,3095.897548675537
depth4_bal_MAAMAMAM,4,MAAMAMAM,7375,88500,0.09284066129475832,0.9155182043711344,0.8854245322091239,0.9778067885117493,0.706266318537859,0.7195435731066114,1.0,0.0003,1.0,3106.386714696884
depth4_bal_MAAMAMAM,4,MAAMAMAM,7400,88800,0.02425047755241394,0.6144429047902426,0.5958394033568246,1.0,0.783289817232376,0.796621546034232,1.0,0.0003,1.0,3117.3081991672516
depth4_bal_MAAMAMAM,4,MAAMAMAM,7425,89100,0.018786462334295113,0.6058052976926168,0.5757030240127019,1.0,0.8015665796344648,0.8062423089831078,1.0,0.0003,1.0,3128.0171349048615
depth4_bal_MAAMAMAM,4,MAAMAMAM,7450,89400,0.022461033271004755,0.6261936624844869,0.5857561596802303,0.9993472584856397,0.7976501305483029,0.8090390423984786,1.0,0.0003,1.0,3138.8055374622345
depth4_bal_MAAMAMAM,4,MAAMAMAM,7475,89700,0.021110148169100285,0.6134519577026367,0.5991879676069533,0.9996736292428199,0.804177545691906,0.7997538874594473,1.0,0.0003,1.0,3149.7434661388397
depth4_bal_MAAMAMAM,4,MAAMAMAM,7500,90000,0.026596899920453627,0.6931215127309164,0.6333627564566476,0.9983681462140992,0.779373368146214,0.7933773352724018,1.0,0.0003,1.0,3160.5685262680054
depth4_bal_MAAMAMAM,4,MAAMAMAM,7525,90300,0.5669086625178655,1.2975409825642903,1.1853511197226387,0.7914490861618799,0.6201044386422977,0.6045418950665623,1.0,0.0003,1.0,3171.7095897197723
depth4_bal_MAAMAMAM,4,MAAMAMAM,7550,90600,0.015347050580506524,0.6522809863090515,0.5835833013057709,1.0,0.793733681462141,0.8059067009732632,1.0,0.0003,1.0,3182.7059276103973
depth4_bal_MAAMAMAM,4,MAAMAMAM,7575,90900,0.01340205354305605,0.606360932191213,0.5675247609615326,1.0,0.8054830287206266,0.8122832531603088,1.0,0.0003,1.0,3193.649186372757
depth4_bal_MAAMAMAM,4,MAAMAMAM,7600,91200,0.09267539344727993,0.7560689449310303,0.7280299459184919,0.9797650130548303,0.7571801566579635,0.7559011075064325,1.0,0.0003,1.0,3204.659910440445
depth4_bal_MAAMAMAM,4,MAAMAMAM,7625,91500,0.013139741883302728,0.5898971557617188,0.5561588960034507,1.0,0.8093994778067886,0.8147443785658351,1.0,0.0003,1.0,3215.543262720108
depth4_bal_MAAMAMAM,4,MAAMAMAM,7650,91800,0.0135591229579101,0.5834856232007345,0.5506759541375297,1.0,0.814621409921671,0.8181004586642802,1.0,0.0003,1.0,3226.37260556221
depth4_bal_MAAMAMAM,4,MAAMAMAM,7675,92100,0.05822965378562609,0.6666343212127686,0.6097986689635686,0.9931462140992167,0.762402088772846,0.7868889137487415,1.0,0.0003,1.0,3237.2928071022034
depth4_bal_MAAMAMAM,4,MAAMAMAM,7700,92400,0.013549972403173646,0.5698145627975464,0.524270910024643,1.0,0.8067885117493473,0.8241414028414812,1.0,0.0003,1.0,3247.7540566921234
depth4_bal_MAAMAMAM,4,MAAMAMAM,7725,92700,0.012671409174799919,0.5688357353210449,0.5182399204799107,1.0,0.8107049608355091,0.8278330909497706,1.0,0.0003,1.0,3258.5012974739075
depth4_bal_MAAMAMAM,4,MAAMAMAM,7750,93000,0.009989281340191761,0.5631285111109415,0.5140499591827392,1.0,0.8198433420365535,0.8338740351269717,1.0,0.0003,1.0,3268.754025697708
depth4_bal_MAAMAMAM,4,MAAMAMAM,7775,93300,0.06366085571547349,0.8252933025360107,0.7299927319799151,0.9836814621409922,0.7571801566579635,0.7765969347801768,1.0,0.0003,1.0,3279.1351289749146
depth4_bal_MAAMAMAM,4,MAAMAMAM,7800,93600,0.22399123385548592,0.975456178188324,0.9508075049945286,0.9252610966057441,0.6370757180156658,0.6647275981653429,1.0,0.0003,1.0,3290.089220762253
depth4_bal_MAAMAMAM,4,MAAMAMAM,7825,93900,0.02142128363872568,0.6324978272120158,0.5668219540800367,1.0,0.7806788511749347,0.8071372636760265,1.0,0.0003,1.0,3300.9935216903687
depth4_bal_MAAMAMAM,4,MAAMAMAM,7850,94200,0.01831061967338125,0.6390373508135477,0.5599462509155273,1.0,0.7819843342036553,0.8125069918335385,1.0,0.0003,1.0,3311.805956363678
depth4_bal_MAAMAMAM,4,MAAMAMAM,7875,94500,0.10793955127398173,0.7837687333424886,0.7052959901945931,0.9807441253263708,0.7232375979112271,0.7517619420516837,1.0,0.0003,1.0,3321.5675506591797
depth4_bal_MAAMAMAM,4,MAAMAMAM,7900,94800,0.047348073683679104,0.7260118126869202,0.6461218595504761,0.9944516971279374,0.7650130548302873,0.7776037588097102,1.0,0.0003,1.0,3331.0829219818115
depth4_bal_MAAMAMAM,4,MAAMAMAM,7925,95100,0.017166742822155356,0.6086796124776205,0.5261033918176379,1.0,0.8093994778067886,0.8186598053473543,1.0,0.0003,1.0,3341.8180842399597
depth4_bal_MAAMAMAM,4,MAAMAMAM,7950,95400,0.014073975384235382,0.6000929077466329,0.5129196848188128,1.0,0.825065274151436,0.824924488197785,1.0,0.0003,1.0,3352.809769630432
depth4_bal_MAAMAMAM,4,MAAMAMAM,7975,95700,2.6682713826497397,5.96392806371053,6.08400137765067,0.39131853785900783,0.13185378590078328,0.11768654211880523,1.0,0.0003,1.0,3363.618021965027
depth4_bal_MAAMAMAM,4,MAAMAMAM,8000,96000,0.06314706802368164,0.6791577339172363,0.605071187870843,0.993798955613577,0.7741514360313316,0.7856583510459783,1.0,0.0003,1.0,3374.451521396637
depth4_bal_MAAMAMAM,4,MAAMAMAM,8025,96300,0.0242791463000079,0.587273915608724,0.5176657387188502,1.0,0.7872062663185379,0.8176529813178208,1.0,0.0003,1.0,3385.7169020175934
depth4_bal_MAAMAMAM,4,MAAMAMAM,8050,96600,0.03082068000609676,0.6133265892664591,0.5513434852872576,0.9977154046997389,0.7767624020887729,0.8132900771898423,1.0,0.0003,1.0,3396.3641335964203
depth4_bal_MAAMAMAM,4,MAAMAMAM,8075,96900,0.03543379126737515,0.5798837145169576,0.5721835264137813,0.9967362924281984,0.793733681462141,0.8015437968452848,1.0,0.0003,1.0,3406.5817317962646
depth4_bal_MAAMAMAM,4,MAAMAMAM,8100,97200,0.01680906442925334,0.559296041727066,0.5147094598838261,1.0,0.8054830287206266,0.8226871014654883,1.0,0.0003,1.0,3417.3367624282837
depth4_bal_MAAMAMAM,4,MAAMAMAM,8125,97500,0.014346717934434613,0.56522469719251,0.5087481839316231,1.0,0.8120104438642297,0.8274974829399262,1.0,0.0003,1.0,3428.243179321289
depth4_bal_MAAMAMAM,4,MAAMAMAM,8150,97800,0.0178363179632773,0.6259032487869263,0.5364028624125889,0.9996736292428199,0.7885117493472585,0.8169817652981318,1.0,0.0003,1.0,3438.311924934387
depth4_bal_MAAMAMAM,4,MAAMAMAM,8175,98100,0.06470847098777692,0.7801319559415182,0.7174261025020054,0.9902088772845953,0.7297650130548303,0.7563485848528918,1.0,0.0003,1.0,3448.819591283798
depth4_bal_MAAMAMAM,4,MAAMAMAM,8200,98400,0.014706746364633242,0.6422357161839803,0.5676365988595146,1.0,0.7898172323759791,0.8110526904575456,1.0,0.0003,1.0,3459.686822414398
depth4_bal_MAAMAMAM,4,MAAMAMAM,8225,98700,0.013406735534469286,0.6547114054361979,0.5812019024576459,1.0,0.7898172323759791,0.8115001678040049,1.0,0.0003,1.0,3470.617738008499
depth4_bal_MAAMAMAM,4,MAAMAMAM,8250,99000,0.02399380427474777,0.6312775413195292,0.5900369967733111,0.9986945169712794,0.7924281984334204,0.8034455755677369,1.0,0.0003,1.0,3480.761619091034
depth4_bal_MAAMAMAM,4,MAAMAMAM,8275,99300,0.013916933365787068,0.5968706210454305,0.5656203925609589,1.0,0.8015665796344648,0.8153037252489093,1.0,0.0003,1.0,3491.527051448822
depth4_bal_MAAMAMAM,4,MAAMAMAM,8300,99600,0.011205970154454311,0.6059094270070394,0.5623784780502319,1.0,0.7989556135770235,0.8176529813178208,1.0,0.0003,1.0,3502.2784702777863
depth4_bal_MAAMAMAM,4,MAAMAMAM,8325,99900,0.011366902229686579,0.6359328826268514,0.5788858379636492,1.0,0.783289817232376,0.8155274639221389,1.0,0.0003,1.0,3513.22296667099
depth4_bal_MAAMAMAM,4,MAAMAMAM,8350,100200,0.11783181317150593,0.922187089920044,0.8168187805584499,0.9680156657963447,0.7101827676240209,0.7289405973822575,1.0,0.0003,1.0,3523.6844890117645
depth4_bal_MAAMAMAM,4,MAAMAMAM,8375,100500,0.010973000821347037,0.6071234742800394,0.576177567243576,1.0,0.8054830287206266,0.8107170824477011,1.0,0.0003,1.0,3534.405875682831
depth4_bal_MAAMAMAM,4,MAAMAMAM,8400,100800,0.011760494749372205,0.6177439490954081,0.5648757338523864,1.0,0.8080939947780679,0.8129544691799978,1.0,0.0003,1.0,3545.331975221634
depth4_bal_MAAMAMAM,4,MAAMAMAM,8425,101100,0.9302871425946554,1.690596620241801,1.6982610702514649,0.7118146214099217,0.5496083550913838,0.5397695491665735,1.0,0.0003,1.0,3556.371876478195
depth4_bal_MAAMAMAM,4,MAAMAMAM,8450,101400,0.06143810537954172,0.7618325153986613,0.7068072812897819,0.9921671018276762,0.7323759791122716,0.7623895290300928,1.0,0.0003,1.0,3567.1520392894745
depth4_bal_MAAMAMAM,4,MAAMAMAM,8475,101700,0.019832477283974487,0.6304329832394918,0.5551433665411812,1.0,0.7950391644908616,0.8109408211209308,1.0,0.0003,1.0,3577.028141260147
depth4_bal_MAAMAMAM,4,MAAMAMAM,8500,102000,0.017699684559678037,0.6226380666097006,0.5500516661575863,1.0,0.7924281984334204,0.8175411119812059,1.0,0.0003,1.0,3587.6388132572174
depth4_bal_MAAMAMAM,4,MAAMAMAM,8525,102300,0.014534175318355361,0.6216768423716227,0.5443576710564749,1.0,0.7859007832898173,0.82156840809934,1.0,0.0003,1.0,3598.296799182892
depth4_bal_MAAMAMAM,4,MAAMAMAM,8550,102600,0.6595111588637034,1.1419666210810344,1.0596294351986477,0.7996083550913838,0.5261096605744126,0.5806018570309878,1.0,0.0003,1.0,3609.2131633758545
depth4_bal_MAAMAMAM,4,MAAMAMAM,8575,102900,0.025435656930009525,0.6733596126238505,0.5919207453727722,1.0,0.7650130548302873,0.794607897975165,1.0,0.0003,1.0,3619.9926319122314
depth4_bal_MAAMAMAM,4,MAAMAMAM,8600,103200,0.08850174428274234,0.7164101004600525,0.6669492874826703,0.9830287206266318,0.7519582245430809,0.7680948651974494,1.0,0.0003,1.0,3630.699999809265
depth4_bal_MAAMAMAM,4,MAAMAMAM,8625,103500,0.017027814872562885,0.6388775904973348,0.5578005867344993,1.0,0.7872062663185379,0.8101577357646269,1.0,0.0003,1.0,3641.4912383556366
depth4_bal_MAAMAMAM,4,MAAMAMAM,8650,103800,0.014033305769165358,0.6462753812472025,0.5591088201318468,1.0,0.783289817232376,0.8156393332587538,1.0,0.0003,1.0,3652.394862651825
depth4_bal_MAAMAMAM,4,MAAMAMAM,8675,104100,0.02465786909063657,0.705601712067922,0.6312103680201939,0.9993472584856397,0.7558746736292428,0.7899093858373419,1.0,0.0003,1.0,3663.1852157115936
depth4_bal_MAAMAMAM,4,MAAMAMAM,8700,104400,0.014787377634396156,0.6181660691897074,0.5550667413643429,1.0,0.7859007832898173,0.8151918559122945,1.0,0.0003,1.0,3674.1671891212463
depth4_bal_MAAMAMAM,4,MAAMAMAM,8725,104700,0.012809005488331119,0.6086247563362122,0.5464493828160423,1.0,0.7963446475195822,0.8185479360107395,1.0,0.0003,1.0,3684.9517364501953
depth4_bal_MAAMAMAM,4,MAAMAMAM,8750,105000,0.25296234029034775,1.1330279509226482,1.0297964300428117,0.9118798955613577,0.6422976501305483,0.6774807025394339,1.0,0.0003,1.0,3695.311928987503
depth4_bal_MAAMAMAM,4,MAAMAMAM,8775,105300,0.013276783439020315,0.6217284202575684,0.5554470590182713,1.0,0.8002610966057441,0.8178767199910505,1.0,0.0003,1.0,3705.724181652069
depth4_bal_MAAMAMAM,4,MAAMAMAM,8800,105600,0.011447669317324957,0.6153280933698019,0.5523549548217228,1.0,0.804177545691906,0.8205615840698065,1.0,0.0003,1.0,3715.859392642975
depth4_bal_MAAMAMAM,4,MAAMAMAM,8825,105900,0.022188588433588546,0.6620306571324667,0.5562683956963675,0.9993472584856397,0.7819843342036553,0.8163105492784428,1.0,0.0003,1.0,3726.4950683116913
depth4_bal_MAAMAMAM,4,MAAMAMAM,8850,106200,0.012773954076692462,0.5836007396380106,0.503252192054476,1.0,0.8120104438642297,0.8347689898198903,1.0,0.0003,1.0,3737.1041514873505
depth4_bal_MAAMAMAM,4,MAAMAMAM,8875,106500,0.13532404725750288,0.8872535824775696,0.7599025777408055,0.9627937336814621,0.7193211488250653,0.7443785658351046,1.0,0.0003,1.0,3747.079948425293
depth4_bal_MAAMAMAM,4,MAAMAMAM,8900,106800,0.1296480322877566,0.8164363702138265,0.7074426259313311,0.9735639686684073,0.7075718015665796,0.744826043181564,1.0,0.0003,1.0,3757.8806619644165
depth4_bal_MAAMAMAM,4,MAAMAMAM,8925,107100,0.01790054344261686,0.6409502228101095,0.5888711128916059,0.9993472584856397,0.7898172323759791,0.8043405302606556,1.0,0.0003,1.0,3766.4603283405304
depth4_bal_MAAMAMAM,4,MAAMAMAM,8950,107400,0.0786858939876159,0.7638964851697286,0.6983964358057294,0.9918407310704961,0.7467362924281984,0.7586978409218034,1.0,0.0003,1.0,3777.350920200348
depth4_bal_MAAMAMAM,4,MAAMAMAM,8975,107700,0.019265501915166777,0.7118885119756063,0.626441081081118,1.0,0.7754569190600522,0.7916992952231793,1.0,0.0003,1.0,3788.334164381027
depth4_bal_MAAMAMAM,4,MAAMAMAM,9000,108000,0.015708763618022203,0.6871543924013773,0.6109126550810677,1.0,0.7885117493472585,0.8000894954692919,1.0,0.0003,1.0,3799.2365803718567
depth4_bal_MAAMAMAM,4,MAAMAMAM,9025,108300,0.475940798719724,1.4057073593139648,1.4025931085859027,0.8426892950391645,0.5339425587467362,0.5623671551627699,1.0,0.0003,1.0,3810.5457305908203
depth4_bal_MAAMAMAM,4,MAAMAMAM,9050,108600,0.014406305582573017,0.6538298527399699,0.5905393753732954,1.0,0.7924281984334204,0.8064660476563374,1.0,0.0003,1.0,3821.3820724487305
depth4_bal_MAAMAMAM,4,MAAMAMAM,9075,108900,0.03808005154132843,0.8646252353986105,0.8207607218197414,0.9944516971279374,0.7245430809399478,0.7546705448036694,1.0,0.0003,1.0,3832.3130316734314
depth4_bal_MAAMAMAM,4,MAAMAMAM,9100,109200,0.012031462198744217,0.615083118279775,0.5769301516669137,1.0,0.7845953002610966,0.8060185703098781,1.0,0.0003,1.0,3842.943895816803
depth4_bal_MAAMAMAM,4,MAAMAMAM,9125,109500,0.012155426666140556,0.6273662646611532,0.5744167361940656,1.0,0.7872062663185379,0.8138494238729165,1.0,0.0003,1.0,3853.3012857437134
depth4_bal_MAAMAMAM,4,MAAMAMAM,9150,109800,0.16062289600570998,0.9979981780052185,0.9572182161467416,0.9412532637075718,0.7010443864229765,0.7004139165454749,1.0,0.0003,1.0,3863.8209779262543
depth4_bal_MAAMAMAM,4,MAAMAMAM,9175,110100,0.06820298917591572,0.7377269466718038,0.66812595810209,0.9911879895561357,0.7506527415143603,0.7763731961069471,1.0,0.0003,1.0,3874.267653942108
depth4_bal_MAAMAMAM,4,MAAMAMAM,9200,110400,0.033728782863666616,0.923637588818868,0.8149265238216945,0.9957571801566579,0.6971279373368147,0.741469963083119,1.0,0.0003,1.0,3885.009098291397
depth4_bal_MAAMAMAM,4,MAAMAMAM,9225,110700,0.016764579496035974,0.5767954389254252,0.5151942738464901,1.0,0.8028720626631853,0.8308535630383712,1.0,0.0003,1.0,3895.7195196151733
depth4_bal_MAAMAMAM,4,MAAMAMAM,9250,111000,0.012606252683326602,0.5586825013160706,0.4748360514640808,1.0,0.8185378590078329,0.8425998433829287,1.0,0.0003,1.0,3905.5467550754547
depth4_bal_MAAMAMAM,4,MAAMAMAM,9275,111300,0.46735671907663345,0.9832116961479187,0.9145102909633092,0.8531331592689295,0.6344647519582245,0.6661818995413357,1.0,0.0003,1.0,3916.359184026718
depth4_bal_MAAMAMAM,4,MAAMAMAM,9300,111600,0.025113622037072975,0.621649444103241,0.5388147830963135,1.0,0.7845953002610966,0.8160868106052132,1.0,0.0003,1.0,3927.049768447876
depth4_bal_MAAMAMAM,4,MAAMAMAM,9325,111900,0.08071982488036156,0.7129056453704834,0.6603796073368617,0.9846605744125326,0.758485639686684,0.7784987135026289,1.0,0.0003,1.0,3937.481666326523
depth4_bal_MAAMAMAM,4,MAAMAMAM,9350,112200,0.0268954886123538,0.5558593571186066,0.5184023984840938,0.9986945169712794,0.8028720626631853,0.8270500055934669,1.0,0.0003,1.0,3948.4023127555847
depth4_bal_MAAMAMAM,4,MAAMAMAM,9375,112500,0.01581492569918434,0.5085508128007253,0.45323340807642254,1.0,0.8276762402088773,0.847857702203826,1.0,0.0003,1.0,3959.0297660827637
depth4_bal_MAAMAMAM,4,MAAMAMAM,9400,112800,0.013398497520635525,0.4819534222284953,0.4395263876233782,1.0,0.839425587467363,0.8522206063318044,1.0,0.0003,1.0,3969.7858698368073
depth4_bal_MAAMAMAM,4,MAAMAMAM,9425,113100,0.482015219827493,1.3670156796773274,1.3513912439346314,0.8335509138381201,0.5574412532637075,0.5942499160979975,1.0,0.0003,1.0,3980.5035529136658
depth4_bal_MAAMAMAM,4,MAAMAMAM,9450,113400,0.015896197486047942,0.5481775403022766,0.44945977074759347,1.0,0.8159268929503917,0.8456203154715293,1.0,0.0003,1.0,3991.26221203804
depth4_bal_MAAMAMAM,4,MAAMAMAM,9475,113700,0.0148203920883437,0.49666205048561096,0.42600319044930596,1.0,0.8185378590078329,0.8580378118357758,1.0,0.0003,1.0,4002.0834443569183
depth4_bal_MAAMAMAM,4,MAAMAMAM,9500,114000,0.2930601288874944,0.8738534053166708,0.7827367578233991,0.9419060052219321,0.6697127937336814,0.71048215684081,1.0,0.0003,1.0,4012.8419375419617
depth4_bal_MAAMAMAM,4,MAAMAMAM,9525,114300,0.023548265919089317,0.5596357186635336,0.47752394591059005,1.0,0.8002610966057441,0.8354402058395793,1.0,0.0003,1.0,4023.7876811027527
depth4_bal_MAAMAMAM,4,MAAMAMAM,9550,114600,0.02268394377703468,0.5168815354506174,0.4572186018739428,0.9996736292428199,0.814621409921671,0.84170488869001,1.0,0.0003,1.0,4034.607353210449
depth4_bal_MAAMAMAM,4,MAAMAMAM,9575,114900,0.02890764254455765,0.5365508596102396,0.48250921879495895,0.9990208877284595,0.8133159268929504,0.843047320729388,1.0,0.0003,1.0,4045.299442768097
depth4_bal_MAAMAMAM,4,MAAMAMAM,9600,115200,0.016021479852497578,0.5099876224994659,0.4301214601312365,1.0,0.8211488250652742,0.8528918223514934,1.0,0.0003,1.0,4056.0762503147125
depth4_bal_MAAMAMAM,4,MAAMAMAM,9625,115500,0.015329697945465645,0.47256694237391156,0.40202986768313814,1.0,0.8368146214099217,0.863966886676362,1.0,0.0003,1.0,4066.900582075119
depth4_bal_MAAMAMAM,4,MAAMAMAM,9650,115800,0.01192803323889772,0.43258912364641827,0.37622930577823094,1.0,0.856396866840731,0.8735876496252377,1.0,0.0003,1.0,4077.5274477005005
depth4_bal_MAAMAMAM,4,MAAMAMAM,9675,116100,0.012393481253335873,0.4321649173895518,0.3776362921510424,1.0,0.8577023498694517,0.870007830853563,1.0,0.0003,1.0,4088.8015117645264
depth4_bal_MAAMAMAM,4,MAAMAMAM,9700,116400,0.011331735411658883,0.42168718576431274,0.3628948152065277,1.0,0.8655352480417755,0.8802998098221277,1.0,0.0003,1.0,4099.679348945618
depth4_bal_MAAMAMAM,4,MAAMAMAM,9725,116700,0.009669859117517868,0.4086209336916606,0.35201359518936703,1.0,0.8681462140992167,0.8825371965544244,1.0,0.0003,1.0,4110.626629590988
depth4_bal_MAAMAMAM,4,MAAMAMAM,9750,117000,2.038450644661983,3.915257136027018,3.932043961116246,0.7036553524804178,0.2845953002610966,0.29119588320841255,1.0,0.0003,1.0,4121.422819852829
depth4_bal_MAAMAMAM,4,MAAMAMAM,9775,117300,0.024369698173056047,0.6851744055747986,0.5865131650652204,1.0,0.7702349869451697,0.8082559570421748,1.0,0.0003,1.0,4132.163854598999
depth4_bal_MAAMAMAM,4,MAAMAMAM,9800,117600,0.04654297356804212,0.6095339159170786,0.5358495082174028,0.9947780678851175,0.8093994778067886,0.8193310213670433,1.0,0.0003,1.0,4143.146803855896
depth4_bal_MAAMAMAM,4,MAAMAMAM,9825,117900,0.015579621773213148,0.4899239440759023,0.4226056252207075,1.0,0.8224543080939948,0.8594921132117687,1.0,0.0003,1.0,4154.005089521408
depth4_bal_MAAMAMAM,4,MAAMAMAM,9850,118200,0.013338080064083139,0.4719991286595662,0.4022413892405374,1.0,0.8289817232375979,0.8663161427452735,1.0,0.0003,1.0,4164.387983083725
depth4_bal_MAAMAMAM,4,MAAMAMAM,9875,118500,0.011817095568403602,0.46530310312906903,0.39813473905835833,1.0,0.8420365535248042,0.8721333482492449,1.0,0.0003,1.0,4175.241542100906
depth4_bal_MAAMAMAM,4,MAAMAMAM,9900,118800,0.7815032253662745,1.1679628292719524,1.1388912541525704,0.7444516971279374,0.5887728459530026,0.6070030204720887,1.0,0.0003,1.0,4186.088741064072
depth4_bal_MAAMAMAM,4,MAAMAMAM,9925,119100,0.011523947662984332,0.409823735555013,0.3816610242639269,1.0,0.8498694516971279,0.8712383935563263,1.0,0.0003,1.0,4196.328505992889
depth4_bal_MAAMAMAM,4,MAAMAMAM,9950,119400,0.011030393031736216,0.3811930815378825,0.3579696272100721,1.0,0.8694516971279374,0.8804116791587426,1.0,0.0003,1.0,4206.589260339737
depth4_bal_MAAMAMAM,4,MAAMAMAM,9975,119700,0.009544323043276867,0.36892151832580566,0.34340228608676365,1.0,0.8733681462140992,0.886900100682403,1.0,0.0003,1.0,4215.538982391357
depth4_bal_MAAMAMAM,4,MAAMAMAM,10000,120000,0.008036048306773106,0.353929062684377,0.3288330772093364,1.0,0.8825065274151436,0.892941044859604,1.0,0.0003,1.0,4225.325314283371
depth4_bal_MAAMAMAM,4,MAAMAMAM,10025,120300,0.06578759662806988,0.521093507607778,0.5084819580827441,0.9882506527415144,0.8054830287206266,0.8245888801879405,1.0,0.0003,1.0,4234.9673109054565
depth4_bal_MAAMAMAM,4,MAAMAMAM,10050,120600,0.022170857681582373,0.4368151128292084,0.4165616852896554,1.0,0.8381201044386423,0.8563597717865533,1.0,0.0003,1.0,4245.967244625092
depth4_bal_MAAMAMAM,4,MAAMAMAM,10075,120900,0.012226355882982412,0.3888804614543915,0.3529014021158218,1.0,0.8616187989556136,0.8800760711488981,1.0,0.0003,1.0,4256.769392251968
depth4_bal_MAAMAMAM,4,MAAMAMAM,10100,121200,0.015891382393116753,0.3793284793694814,0.3483350055558341,0.9996736292428199,0.8681462140992167,0.8824253272178096,1.0,0.0003,1.0,4267.669746637344
depth4_bal_MAAMAMAM,4,MAAMAMAM,10125,121500,0.010471459943801165,0.3665880858898163,0.3231368614094598,1.0,0.8785900783289817,0.8912630048103815,1.0,0.0003,1.0,4278.552102088928
depth4_bal_MAAMAMAM,4,MAAMAMAM,10150,121800,1.3753850956757863,1.5871389706929524,1.5536797625677927,0.5718015665796344,0.46475195822454307,0.47007495245553194,1.0,0.0003,1.0,4288.493845701218
depth4_bal_MAAMAMAM,4,MAAMAMAM,10175,122100,0.01279220551562806,0.35860975583394367,0.3521944318498884,0.9996736292428199,0.8655352480417755,0.8778386844166014,1.0,0.0003,1.0,4298.709101438522
depth4_bal_MAAMAMAM,4,MAAMAMAM,10200,122400,0.009487470301489035,0.3365507225195567,0.33260747194290163,1.0,0.8838120104438643,0.8864526233359437,1.0,0.0003,1.0,4308.240307092667
depth4_bal_MAAMAMAM,4,MAAMAMAM,10225,122700,0.2318447269499302,0.7718033393224081,0.6374889160905566,0.9206919060052219,0.7297650130548303,0.7647387850990044,1.0,0.0003,1.0,4318.010222196579
depth4_bal_MAAMAMAM,4,MAAMAMAM,10250,123000,0.014307606111591062,0.41919265190760296,0.383491256407329,0.9996736292428199,0.8577023498694517,0.8734757802886229,1.0,0.0003,1.0,4328.6778564453125
depth4_bal_MAAMAMAM,4,MAAMAMAM,10275,123300,0.013671359668175379,0.37422587474187213,0.3279177073921476,1.0,0.8785900783289817,0.8907036581273073,1.0,0.0003,1.0,4339.600442409515
depth4_bal_MAAMAMAM,4,MAAMAMAM,10300,123600,0.01166512374766171,0.3597072164217631,0.3074194682495935,1.0,0.8864229765013055,0.9006600290860275,1.0,0.0003,1.0,4350.297831058502
depth4_bal_MAAMAMAM,4,MAAMAMAM,10325,123900,0.009752432893340787,0.34395135442415875,0.2927411679710661,1.0,0.8968668407310705,0.9033448931647835,1.0,0.0003,1.0,4360.926206111908
depth4_bal_MAAMAMAM,4,MAAMAMAM,10350,124200,2.1640502711137137,3.3968424797058105,3.3668709414345876,0.506201044386423,0.2310704960835509,0.24577693254279,1.0,0.0003,1.0,4371.313561439514
depth4_bal_MAAMAMAM,4,MAAMAMAM,10375,124500,0.22042266403635344,0.7230552832285563,0.7042923671858651,0.9676892950391645,0.7297650130548303,0.7476227765969348,1.0,0.0003,1.0,4381.626446485519
depth4_bal_MAAMAMAM,4,MAAMAMAM,10400,124800,0.036109857726842165,0.5098898112773895,0.47482512508119856,1.0,0.8172323759791122,0.8357758138494239,1.0,0.0003,1.0,4392.309703826904
depth4_bal_MAAMAMAM,4,MAAMAMAM,10425,125100,0.02724379984041055,0.4902632137139638,0.4370009669235774,1.0,0.8342036553524804,0.853898646381027,1.0,0.0003,1.0,4402.855187654495
depth4_bal_MAAMAMAM,4,MAAMAMAM,10450,125400,0.022819419701894123,0.4246777494748433,0.4122596323490143,0.9996736292428199,0.8550913838120104,0.8607226759145318,1.0,0.0003,1.0,4413.690734386444
depth4_bal_MAAMAMAM,4,MAAMAMAM,10475,125700,0.017379242771615584,0.41029855608940125,0.37931425145694186,0.9996736292428199,0.8577023498694517,0.873363910952008,1.0,0.0003,1.0,4424.735077381134
depth4_bal_MAAMAMAM,4,MAAMAMAM,10500,126000,0.01628956097799043,0.3917320867379506,0.3562862583569118,1.0,0.8642297650130548,0.882872804564269,1.0,0.0003,1.0,4435.630413532257
depth4_bal_MAAMAMAM,4,MAAMAMAM,10525,126300,0.013347758911550045,0.37619534134864807,0.35133069327899386,1.0,0.8785900783289817,0.8844389752768766,1.0,0.0003,1.0,4446.224115848541
depth4_bal_MAAMAMAM,4,MAAMAMAM,10550,126600,0.016871241231759388,0.3893111248811086,0.34788914578301566,1.0,0.8746736292428199,0.8852220606331804,1.0,0.0003,1.0,4456.357606887817
depth4_bal_MAAMAMAM,4,MAAMAMAM,10575,126900,0.012564813330148658,0.34306631485621136,0.3094515042645591,1.0,0.8864229765013055,0.9022261997986352,1.0,0.0003,1.0,4465.583289384842
depth4_bal_MAAMAMAM,4,MAAMAMAM,10600,127200,0.011017943965271115,0.33337969581286114,0.3026215566056115,1.0,0.8877284595300261,0.9050229332140061,1.0,0.0003,1.0,4476.319250822067
depth4_bal_MAAMAMAM,4,MAAMAMAM,10625,127500,0.008947158853212992,0.32128265500068665,0.29238890154021124,1.0,0.8981723237597912,0.9070365812730731,1.0,0.0003,1.0,4486.00662612915
depth4_bal_MAAMAMAM,4,MAAMAMAM,10650,127800,0.09621226228773594,0.5680571993192037,0.5169181363923209,0.9872715404699739,0.7911227154046997,0.8250363575343999,1.0,0.0003,1.0,4496.944031238556
depth4_bal_MAAMAMAM,4,MAAMAMAM,10675,128100,0.012428111241509518,0.34539928038914997,0.32241327847753254,1.0,0.8785900783289817,0.8928291755229891,1.0,0.0003,1.0,4507.878848552704
depth4_bal_MAAMAMAM,4,MAAMAMAM,10700,128400,0.010541171999648213,0.3296284079551697,0.2993679417031152,1.0,0.8890339425587467,0.9037923705112428,1.0,0.0003,1.0,4518.6469922065735
depth4_bal_MAAMAMAM,4,MAAMAMAM,10725,128700,0.008744492273156842,0.32140427827835083,0.28754058735711235,1.0,0.8968668407310705,0.9063653652533841,1.0,0.0003,1.0,4529.5987458229065
depth4_bal_MAAMAMAM,4,MAAMAMAM,10750,129000,0.3366180608669917,0.7400838732719421,0.7054364391735621,0.9011096605744126,0.7428198433420365,0.752880635417832,1.0,0.0003,1.0,4540.56161570549
depth4_bal_MAAMAMAM,4,MAAMAMAM,10775,129300,0.10733140694598357,0.4840002159277598,0.4574607065745762,0.9719321148825065,0.8263707571801566,0.8415930193533953,1.0,0.0003,1.0,4551.359120845795
depth4_bal_MAAMAMAM,4,MAAMAMAM,10800,129600,0.010519087159385284,0.2535630812247594,0.2389550656080246,1.0,0.9190600522193212,0.9247119364582168,1.0,0.0003,1.0,4562.215226650238
depth4_bal_MAAMAMAM,4,MAAMAMAM,10825,129900,0.009181439022844037,0.2507198800643285,0.22824257101331438,1.0,0.9177545691906005,0.9300816646157288,1.0,0.0003,1.0,4573.043948173523
depth4_bal_MAAMAMAM,4,MAAMAMAM,10850,130200,0.0077536018410076695,0.24848353366057077,0.22212851558412824,1.0,0.912532637075718,0.9300816646157288,1.0,0.0003,1.0,4583.8978905677795
depth4_bal_MAAMAMAM,4,MAAMAMAM,10875,130500,0.0067660683222735924,0.2457339664300283,0.22073489342417035,1.0,0.9216710182767625,0.9304172726255733,1.0,0.0003,1.0,4593.659007310867
depth4_bal_MAAMAMAM,4,MAAMAMAM,10900,130800,0.03285816125571728,0.354170282681783,0.34574454937662397,0.993798955613577,0.8903394255874674,0.892269828839915,1.0,0.0003,1.0,4604.129756689072
depth4_bal_MAAMAMAM,4,MAAMAMAM,10925,131100,0.008429875054086248,0.2218056321144104,0.21798471127237593,1.0,0.9386422976501305,0.9317597046649513,1.0,0.0003,1.0,4614.88601231575
depth4_bal_MAAMAMAM,4,MAAMAMAM,10950,131400,0.007449205925998588,0.2234785258769989,0.2099672189780644,1.0,0.9308093994778068,0.9351157847633964,1.0,0.0003,1.0,4625.433134317398
depth4_bal_MAAMAMAM,4,MAAMAMAM,10975,131700,0.6615708917379379,0.910429577032725,0.8691818049975804,0.8142950391644909,0.6657963446475196,0.6906812842599843,1.0,0.0003,1.0,4636.169932126999
depth4_bal_MAAMAMAM,4,MAAMAMAM,11000,132000,0.011729537431771556,0.29772035280863446,0.2701713936669486,1.0,0.9007832898172323,0.9126300481038148,1.0,0.0003,1.0,4646.905389547348
depth4_bal_MAAMAMAM,4,MAAMAMAM,11025,132300,0.009138909711812934,0.24091782669226328,0.22561853229999543,1.0,0.9177545691906005,0.9292985792594249,1.0,0.0003,1.0,4658.200628042221
depth4_bal_MAAMAMAM,4,MAAMAMAM,11050,132600,0.008372310005749265,0.2188964088757833,0.20454333275556563,1.0,0.9268929503916449,0.9365700861393892,1.0,0.0003,1.0,4668.758493185043
depth4_bal_MAAMAMAM,4,MAAMAMAM,11075,132900,0.010256692844753465,0.2252399226029714,0.2131958497422082,0.9993472584856397,0.9255874673629243,0.9348920460901667,1.0,0.0003,1.0,4679.4706864356995
depth4_bal_MAAMAMAM,4,MAAMAMAM,11100,133200,0.013087323789174357,0.2766502797603607,0.2620710470846721,0.9993472584856397,0.9112271540469974,0.9176641682514822,1.0,0.0003,1.0,4690.278250217438
depth4_bal_MAAMAMAM,4,MAAMAMAM,11125,133500,0.020478914802273113,0.2944038013617198,0.2812149580035891,1.0,0.9086161879895561,0.9102807920349032,1.0,0.0003,1.0,4700.89177107811
depth4_bal_MAAMAMAM,4,MAAMAMAM,11150,133800,0.008665935330403348,0.24156987170378366,0.21553272008895874,1.0,0.9255874673629243,0.9356751314464705,1.0,0.0003,1.0,4711.582898139954
depth4_bal_MAAMAMAM,4,MAAMAMAM,11175,134100,0.007562387695846458,0.2310552398363749,0.2091588311961719,1.0,0.9295039164490861,0.9370175634858485,1.0,0.0003,1.0,4722.337877750397
depth4_bal_MAAMAMAM,4,MAAMAMAM,11200,134400,1.5411971622767549,3.6268180211385093,3.566206693649292,0.7265013054830287,0.2963446475195822,0.3273296789350039,1.0,0.0003,1.0,4733.240828514099
depth4_bal_MAAMAMAM,4,MAAMAMAM,11225,134700,0.034517557049791016,0.36694953838984173,0.3176278667790549,0.9931462140992167,0.8890339425587467,0.8992057277100347,1.0,0.0003,1.0,4744.067722082138
depth4_bal_MAAMAMAM,4,MAAMAMAM,11250,135000,0.010939892148599029,0.23459026714166006,0.21928216261523112,1.0,0.9360313315926893,0.9352276541000112,1.0,0.0003,1.0,4754.345980167389
depth4_bal_MAAMAMAM,4,MAAMAMAM,11275,135300,0.009311224333941936,0.22416057686010996,0.20754812508821488,1.0,0.9386422976501305,0.9407092515941381,1.0,0.0003,1.0,4764.693834543228
depth4_bal_MAAMAMAM,4,MAAMAMAM,11300,135600,0.008235307992435992,0.2132278432448705,0.19345517733267376,0.9996736292428199,0.9412532637075718,0.9435059850095089,1.0,0.0003,1.0,4775.608246088028
depth4_bal_MAAMAMAM,4,MAAMAMAM,11325,135900,0.08050183330972989,0.4497607946395874,0.4419117297445025,0.9810704960835509,0.8498694516971279,0.8490882649065891,1.0,0.0003,1.0,4786.379289627075
depth4_bal_MAAMAMAM,4,MAAMAMAM,11350,136200,0.009865773686518272,0.2478401263554891,0.2368033996650151,1.0,0.9177545691906005,0.9276205392102025,1.0,0.0003,1.0,4797.327427864075
depth4_bal_MAAMAMAM,4,MAAMAMAM,11375,136500,0.007995888086346289,0.2301933914422989,0.21682667306491307,1.0,0.9268929503916449,0.9374650408323079,1.0,0.0003,1.0,4807.9641535282135
depth4_bal_MAAMAMAM,4,MAAMAMAM,11400,136800,0.007383468172823389,0.24229465425014496,0.23341616647584099,1.0,0.9347258485639687,0.9281798858932766,1.0,0.0003,1.0,4818.723861217499
depth4_bal_MAAMAMAM,4,MAAMAMAM,11425,137100,0.00794207820824037,0.23422700663407645,0.21109375187328883,1.0,0.9347258485639687,0.9392549502181452,1.0,0.0003,1.0,4829.669673681259
depth4_bal_MAAMAMAM,4,MAAMAMAM,11450,137400,0.007098723785020411,0.21404441197713217,0.20282845539706093,1.0,0.9347258485639687,0.9417160756236715,1.0,0.0003,1.0,4840.2983248233795
depth4_bal_MAAMAMAM,4,MAAMAMAM,11475,137700,0.13203497603535652,0.48452112078666687,0.49049067412103925,0.9712793733681462,0.8472584856396866,0.8361114218592683,1.0,0.0003,1.0,4850.6713078022
depth4_bal_MAAMAMAM,4,MAAMAMAM,11500,138000,0.009868991017962495,0.25808778901894885,0.25947159145559584,1.0,0.9308093994778068,0.9209083790133125,1.0,0.0003,1.0,4861.803202152252
depth4_bal_MAAMAMAM,4,MAAMAMAM,11525,138300,0.008246211723114053,0.24797297020753226,0.2449735816035952,1.0,0.9386422976501305,0.9260543684975948,1.0,0.0003,1.0,4872.6550188064575
depth4_bal_MAAMAMAM,4,MAAMAMAM,11550,138600,0.03467015875503421,0.3398012121518453,0.32962213712079186,0.9954308093994778,0.8877284595300261,0.894283476898982,1.0,0.0003,1.0,4883.448027133942
depth4_bal_MAAMAMAM,4,MAAMAMAM,11575,138900,0.007918345897148052,0.22473848859469095,0.22832206061908178,1.0,0.9360313315926893,0.9335496140507887,1.0,0.0003,1.0,4894.206137895584
depth4_bal_MAAMAMAM,4,MAAMAMAM,11600,139200,0.006908692070282996,0.21900836626688638,0.21344920098781586,1.0,0.9347258485639687,0.9376887795055375,1.0,0.0003,1.0,4904.981348991394
depth4_bal_MAAMAMAM,4,MAAMAMAM,11625,139500,0.0765115162357688,0.44947736461957294,0.4404351958206722,0.9784595300261096,0.8446475195822454,0.861282022597606,1.0,0.0003,1.0,4915.670034646988
depth4_bal_MAAMAMAM,4,MAAMAMAM,11650,139800,0.012080397844935456,0.26935725410779315,0.2647521904536656,1.0,0.8942558746736292,0.9166573442219488,1.0,0.0003,1.0,4926.419599056244
depth4_bal_MAAMAMAM,4,MAAMAMAM,11675,140100,0.01019786725131174,0.26122407615184784,0.24345067782061441,1.0,0.9099216710182768,0.9253831524779058,1.0,0.0003,1.0,4935.850257396698
depth4_bal_MAAMAMAM,4,MAAMAMAM,11700,140400,0.00852212954002122,0.24772214889526367,0.2351766871554511,1.0,0.9190600522193212,0.9300816646157288,1.0,0.0003,1.0,4945.285475730896
depth4_bal_MAAMAMAM,4,MAAMAMAM,11725,140700,0.006989994086325169,0.2345548023780187,0.22405071088245937,1.0,0.9255874673629243,0.9365700861393892,1.0,0.0003,1.0,4955.949679374695
depth4_bal_MAAMAMAM,4,MAAMAMAM,11750,141000,0.006232578385000427,0.22953860461711884,0.22071254806859153,1.0,0.9268929503916449,0.9369056941492337,1.0,0.0003,1.0,4966.801721811295
depth4_bal_MAAMAMAM,4,MAAMAMAM,11775,141300,0.005098734361430009,0.21794110039869943,0.2114721668618066,1.0,0.9308093994778068,0.9402617742476788,1.0,0.0003,1.0,4977.507206201553
depth4_bal_MAAMAMAM,4,MAAMAMAM,11800,141600,0.40550920863946277,0.8446859320004781,0.8352196931838989,0.8593342036553525,0.6775456919060052,0.6923593243092069,1.0,0.0003,1.0,4988.267691850662
depth4_bal_MAAMAMAM,4,MAAMAMAM,11825,141900,0.0735246151064833,0.39327970147132874,0.41044148802757263,0.9823759791122716,0.8720626631853786,0.862624454636984,1.0,0.0003,1.0,4999.580358028412
depth4_bal_MAAMAMAM,4,MAAMAMAM,11850,142200,0.0129740370127062,0.27209824323654175,0.2625870828117643,1.0,0.9164490861618799,0.9164336055487191,1.0,0.0003,1.0,5010.344783067703
depth4_bal_MAAMAMAM,4,MAAMAMAM,11875,142500,0.011500949505716562,0.25065766274929047,0.2429042718240193,1.0,0.9321148825065274,0.9252712831412909,1.0,0.0003,1.0,5021.172599554062
depth4_bal_MAAMAMAM,4,MAAMAMAM,11900,142800,0.9191280802090963,1.1221778790156047,1.0996936219079154,0.681135770234987,0.6070496083550914,0.6097997538874594,1.0,0.0003,1.0,5031.8666961193085
depth4_bal_MAAMAMAM,4,MAAMAMAM,11925,143100,0.011597493973871073,0.2519584248463313,0.2551337080342429,1.0,0.922976501305483,0.9218033337062311,1.0,0.0003,1.0,5042.441350221634
depth4_bal_MAAMAMAM,4,MAAMAMAM,11950,143400,0.010207106514523426,0.2346755564212799,0.23544216326304845,1.0,0.9321148825065274,0.9281798858932766,1.0,0.0003,1.0,5053.308848619461
depth4_bal_MAAMAMAM,4,MAAMAMAM,11975,143700,0.008680505794472992,0.21710482239723206,0.21695417932101657,1.0,0.9373368146214099,0.9348920460901667,1.0,0.0003,1.0,5063.493825912476
depth4_bal_MAAMAMAM,4,MAAMAMAM,12000,144000,0.00804954580962658,0.20629517237345377,0.2209515882389886,0.9996736292428199,0.9425587467362925,0.9353395234366261,1.0,0.0003,1.0,5074.329629421234
depth4_bal_MAAMAMAM,4,MAAMAMAM,12025,144300,0.4360091984272003,0.6662907004356384,0.6384056551115853,0.8815274151436031,0.758485639686684,0.7854346123727486,1.0,0.0003,1.0,5085.558804988861
depth4_bal_MAAMAMAM,4,MAAMAMAM,12050,144600,0.009075890916089216,0.2668236295382182,0.2603314672197614,1.0,0.9177545691906005,0.9167692135585636,1.0,0.0003,1.0,5096.477860450745
depth4_bal_MAAMAMAM,4,MAAMAMAM,12075,144900,0.008854110958054662,0.25750798980395,0.24058490608419691,1.0,0.9177545691906005,0.9269493231905135,1.0,0.0003,1.0,5107.317980766296
depth4_bal_MAAMAMAM,4,MAAMAMAM,12100,145200,0.0075597044778987765,0.2388253261645635,0.22866363610540116,1.0,0.9255874673629243,0.9336614833874035,1.0,0.0003,1.0,5118.015684843063
depth4_bal_MAAMAMAM,4,MAAMAMAM,12125,145500,0.006514435401186347,0.2206833710273107,0.22067623138427733,1.0,0.9281984334203656,0.9356751314464705,1.0,0.0003,1.0,5128.733913421631
depth4_bal_MAAMAMAM,4,MAAMAMAM,12150,145800,0.005439718641961615,0.21883819500605264,0.21134513403688157,1.0,0.933420365535248,0.9381362568519969,1.0,0.0003,1.0,5139.71227645874
depth4_bal_MAAMAMAM,4,MAAMAMAM,12175,146100,0.004621406008178989,0.21085943281650543,0.2057179991688047,1.0,0.9360313315926893,0.9391430808815304,1.0,0.0003,1.0,5150.512098312378
depth4_bal_MAAMAMAM,4,MAAMAMAM,12200,146400,0.06567070974657933,0.43167830506960553,0.41481786796024867,0.987597911227154,0.8498694516971279,0.8662042734086587,1.0,0.0003,1.0,5161.382937192917
depth4_bal_MAAMAMAM,4,MAAMAMAM,12225,146700,0.01163961443429192,0.25428691506385803,0.24059457778930665,1.0,0.9216710182767625,0.9257187604877503,1.0,0.0003,1.0,5171.740838527679
depth4_bal_MAAMAMAM,4,MAAMAMAM,12250,147000,0.011475685130183896,0.25882765650749207,0.23051214601312364,1.0,0.9295039164490861,0.9281798858932766,1.0,0.0003,1.0,5182.520609617233
depth4_bal_MAAMAMAM,4,MAAMAMAM,12275,147300,0.02755912533029914,0.33316582441329956,0.31765347250870296,0.9986945169712794,0.8981723237597912,0.8995413357198792,1.0,0.0003,1.0,5193.108154773712
depth4_bal_MAAMAMAM,4,MAAMAMAM,12300,147600,0.010735723578060666,0.2606697777907054,0.2479991980961391,1.0,0.9255874673629243,0.9271730618637432,1.0,0.0003,1.0,5204.235994815826
depth4_bal_MAAMAMAM,4,MAAMAMAM,12325,147900,0.009290492084498206,0.24749280015627542,0.22919240934508187,1.0,0.9295039164490861,0.9327665286944848,1.0,0.0003,1.0,5215.453373908997
depth4_bal_MAAMAMAM,4,MAAMAMAM,12350,148200,0.007941603932219246,0.22854400177796683,0.2111596786550113,1.0,0.9308093994778068,0.9376887795055375,1.0,0.0003,1.0,5226.579546689987
depth4_bal_MAAMAMAM,4,MAAMAMAM,12375,148500,0.8186975667874018,1.0732177297274272,0.9901474833488464,0.7163838120104439,0.6135770234986945,0.6516388857814073,1.0,0.0003,1.0,5237.698982000351
depth4_bal_MAAMAMAM,4,MAAMAMAM,12400,148800,0.007691397254044811,0.2211586038271586,0.2222003698348999,1.0,0.9295039164490861,0.9369056941492337,1.0,0.0003,1.0,5248.607868671417
depth4_bal_MAAMAMAM,4,MAAMAMAM,12425,149100,0.006518792826682329,0.19519723455111185,0.20868096734796251,1.0,0.943864229765013,0.9397024275646045,1.0,0.0003,1.0,5259.380059957504
depth4_bal_MAAMAMAM,4,MAAMAMAM,12450,149400,0.005906338104978204,0.2008729229370753,0.2022466338106564,1.0,0.9412532637075718,0.9422754223067458,1.0,0.0003,1.0,5270.176371335983
depth4_bal_MAAMAMAM,4,MAAMAMAM,12475,149700,1.1803086660802364,2.7703502972920737,2.4799206256866455,0.7007180156657964,0.36553524804177545,0.39903792370511243,1.0,0.0003,1.0,5280.822561264038
depth4_bal_MAAMAMAM,4,MAAMAMAM,12500,150000,0.09048621573795874,0.6374265352884928,0.5822150894573757,0.981396866840731,0.7963446475195822,0.8115001678040049,1.0,0.0003,1.0,5291.64012336731
depth4_bal_MAAMAMAM,4,MAAMAMAM,12525,150300,0.018322279832015436,0.32943352063496906,0.30257634605680195,1.0,0.8981723237597912,0.9033448931647835,1.0,0.0003,1.0,5302.628744125366
depth4_bal_MAAMAMAM,4,MAAMAMAM,12550,150600,0.015202780719846487,0.2926175494988759,0.260177481174469,1.0,0.912532637075718,0.9230338964089942,1.0,0.0003,1.0,5313.486487388611
depth4_bal_MAAMAMAM,4,MAAMAMAM,12575,150900,0.012875484302639961,0.2835693955421448,0.24771958419254847,1.0,0.922976501305483,0.9292985792594249,1.0,0.0003,1.0,5324.30867099762
depth4_bal_MAAMAMAM,4,MAAMAMAM,12600,151200,0.01099474960938096,0.24016458292802176,0.22021114315305437,1.0,0.9308093994778068,0.9364582168027744,1.0,0.0003,1.0,5335.2749581336975
depth4_bal_MAAMAMAM,4,MAAMAMAM,12625,151500,0.03730123210698366,0.3440459370613098,0.34156779902321954,0.9993472584856397,0.881201044386423,0.886228884662714,1.0,0.0003,1.0,5346.150060415268
depth4_bal_MAAMAMAM,4,MAAMAMAM,12650,151800,0.014176190442716083,0.2682291766007741,0.24735972242695944,1.0,0.9164490861618799,0.9247119364582168,1.0,0.0003,1.0,5356.9959416389465
depth4_bal_MAAMAMAM,4,MAAMAMAM,12675,152100,0.011616744101047516,0.2445222089687983,0.23098703495093753,1.0,0.9242819843342036,0.931983443338181,1.0,0.0003,1.0,5367.818542718887
depth4_bal_MAAMAMAM,4,MAAMAMAM,12700,152400,0.010015995164091388,0.23640061418215433,0.2231562269585473,1.0,0.9255874673629243,0.9334377447141738,1.0,0.0003,1.0,5377.851541519165
depth4_bal_MAAMAMAM,4,MAAMAMAM,12725,152700,0.5664593937496344,1.857943336168925,1.8485425642558506,0.8273498694516971,0.5313315926892951,0.5543125629265019,1.0,0.0003,1.0,5386.235031604767
depth4_bal_MAAMAMAM,4,MAAMAMAM,12750,153000,0.009868171764537692,0.2079534282286962,0.20816265898091452,1.0,0.9347258485639687,0.9369056941492337,1.0,0.0003,1.0,5395.263923406601
depth4_bal_MAAMAMAM,4,MAAMAMAM,12775,153300,0.008601565845310688,0.18929900725682577,0.192923484316894,1.0,0.9412532637075718,0.9436178543461238,1.0,0.0003,1.0,5403.4453501701355
depth4_bal_MAAMAMAM,4,MAAMAMAM,12800,153600,0.007270345192713042,0.18241803844769797,0.18651299199887683,1.0,0.943864229765013,0.9479807584741022,1.0,0.0003,1.0,5411.755267620087
depth4_bal_MAAMAMAM,4,MAAMAMAM,12825,153900,1.4831439057985942,1.6183876593907673,1.5967057738985335,0.506201044386423,0.4386422976501306,0.45385389864638104,1.0,0.0003,1.0,5419.971354722977
depth4_bal_MAAMAMAM,4,MAAMAMAM,12850,154200,0.012310067346940437,0.28810401757558185,0.26915565516267503,1.0,0.9151436031331592,0.9181116455979416,1.0,0.0003,1.0,5428.13002705574
depth4_bal_MAAMAMAM,4,MAAMAMAM,12875,154500,0.33752280722061795,0.6436628301938375,0.621628589289529,0.9281984334203656,0.7885117493472585,0.7947197673117798,1.0,0.0003,1.0,5436.373228788376
depth4_bal_MAAMAMAM,4,MAAMAMAM,12900,154800,0.03276123075435559,0.36570216218630475,0.37298073768615725,0.9993472584856397,0.8772845953002611,0.8783980310996756,1.0,0.0003,1.0,5444.802608728409
depth4_bal_MAAMAMAM,4,MAAMAMAM,12925,155100,0.017491453948120277,0.310519943634669,0.3117548188992909,1.0,0.9086161879895561,0.9045754558675467,1.0,0.0003,1.0,5453.113582134247
depth4_bal_MAAMAMAM,4,MAAMAMAM,12950,155400,0.014676675588513413,0.2777080237865448,0.27850663874830517,1.0,0.9151436031331592,0.9175522989148674,1.0,0.0003,1.0,5461.539768457413
depth4_bal_MAAMAMAM,4,MAAMAMAM,12975,155700,0.015240511080871025,0.2521488269170125,0.2597308886902673,1.0,0.922976501305483,0.9240407204385278,1.0,0.0003,1.0,5472.347212553024
depth4_bal_MAAMAMAM,4,MAAMAMAM,13000,156000,0.8369364688793818,1.1015594005584717,1.1981970735958645,0.7255221932114883,0.6370757180156658,0.5970466495133684,1.0,0.0003,1.0,5482.481318235397
depth4_bal_MAAMAMAM,4,MAAMAMAM,13025,156300,0.010803459910675883,0.26178762316703796,0.26038571894168855,1.0,0.922976501305483,0.9216914643696162,1.0,0.0003,1.0,5493.820696592331
depth4_bal_MAAMAMAM,4,MAAMAMAM,13050,156600,0.009481472506498298,0.24823999404907227,0.24014141815049309,1.0,0.9255874673629243,0.9301935339523436,1.0,0.0003,1.0,5504.61115860939
depth4_bal_MAAMAMAM,4,MAAMAMAM,13075,156900,0.021051846056555707,0.3119421601295471,0.2973541204418455,0.9960835509138382,0.9099216710182768,0.9108401387179774,1.0,0.0003,1.0,5515.471479892731
depth4_bal_MAAMAMAM,4,MAAMAMAM,13100,157200,0.09207451033095519,0.4537724554538727,0.452565427337374,0.9745430809399478,0.8498694516971279,0.848528918223515,1.0,0.0003,1.0,5524.656206846237
depth4_bal_MAAMAMAM,4,MAAMAMAM,13125,157500,0.011160082649439573,0.2528408070405324,0.23249938913754054,1.0,0.9177545691906005,0.931312227318492,1.0,0.0003,1.0,5535.023106098175
depth4_bal_MAAMAMAM,4,MAAMAMAM,13150,157800,0.009930914578338465,0.2477128505706787,0.22021595069340297,1.0,0.9138381201044387,0.9370175634858485,1.0,0.0003,1.0,5545.878394842148
depth4_bal_MAAMAMAM,4,MAAMAMAM,13175,158100,0.009952472755685449,0.2723354250192642,0.24909360536507197,1.0,0.9060052219321149,0.9240407204385278,1.0,0.0003,1.0,5556.6206612586975
depth4_bal_MAAMAMAM,4,MAAMAMAM,13200,158400,0.009838684384400645,0.2566532591978709,0.22970112264156342,1.0,0.9216710182767625,0.9337733527240184,1.0,0.0003,1.0,5567.265475988388
depth4_bal_MAAMAMAM,4,MAAMAMAM,13225,158700,0.008747966339190802,0.2400582234064738,0.22068192788532803,1.0,0.9295039164490861,0.9372413021590782,1.0,0.0003,1.0,5578.073627471924
depth4_bal_MAAMAMAM,4,MAAMAMAM,13250,159000,0.007110831948618094,0.23420370618502298,0.2099423640540668,1.0,0.933420365535248,0.9397024275646045,1.0,0.0003,1.0,5588.794588088989
depth4_bal_MAAMAMAM,4,MAAMAMAM,13275,159300,0.2816265821456909,0.5440166195233663,0.5131701367241995,0.9357049608355091,0.7924281984334204,0.8258194428907036,1.0,0.0003,1.0,5600.43333864212
depth4_bal_MAAMAMAM,4,MAAMAMAM,13300,159600,0.00744504287528495,0.2374588300784429,0.21137549238545553,1.0,0.9255874673629243,0.9380243875153821,1.0,0.0003,1.0,5611.5284786224365
depth4_bal_MAAMAMAM,4,MAAMAMAM,13325,159900,0.008414161236335834,0.20559137066205344,0.19727327270167214,1.0,0.9386422976501305,0.9441772010291979,1.0,0.0003,1.0,5622.241891145706
depth4_bal_MAAMAMAM,4,MAAMAMAM,13350,160200,0.007587089358518521,0.19254018863042197,0.18845213268484387,1.0,0.9477806788511749,0.9488757131670209,1.0,0.0003,1.0,5633.19225025177
depth4_bal_MAAMAMAM,4,MAAMAMAM,13375,160500,0.14642603260775408,0.5134063164393107,0.46181712576321193,0.9627937336814621,0.8302872062663186,0.8479695715404407,1.0,0.0003,1.0,5643.874208450317
depth4_bal_MAAMAMAM,4,MAAMAMAM,13400,160800,0.007912652955080072,0.22761720418930054,0.20561781355312891,1.0,0.922976501305483,0.9407092515941381,1.0,0.0003,1.0,5654.795138835907
depth4_bal_MAAMAMAM,4,MAAMAMAM,13425,161100,0.00685183626289169,0.20734524726867676,0.1938577170882906,1.0,0.9347258485639687,0.9442890703658128,1.0,0.0003,1.0,5665.556609630585
depth4_bal_MAAMAMAM,4,MAAMAMAM,13450,161400,0.005655871393779914,0.1915194441874822,0.18359426472868237,1.0,0.943864229765013,0.9475332811276429,1.0,0.0003,1.0,5676.515313386917
depth4_bal_MAAMAMAM,4,MAAMAMAM,13475,161700,0.005521989000650744,0.18095517655213675,0.17840868404933385,1.0,0.9347258485639687,0.9505537532162435,1.0,0.0003,1.0,5686.9831285476685
depth4_bal_MAAMAMAM,4,MAAMAMAM,13500,162000,0.8614295870065689,1.157738208770752,1.098886125428336,0.741514360313316,0.6070496083550914,0.6157288287280457,1.0,0.0003,1.0,5697.834301710129
depth4_bal_MAAMAMAM,4,MAAMAMAM,13525,162300,0.08904168320198853,0.45255640149116516,0.42232817837170195,0.9817232375979112,0.856396866840731,0.8598277212216131,1.0,0.0003,1.0,5708.810747385025
depth4_bal_MAAMAMAM,4,MAAMAMAM,13550,162600,0.019804438420881827,0.3090074360370636,0.3248624942132405,1.0,0.9112271540469974,0.8931647835328337,1.0,0.0003,1.0,5718.029116153717
depth4_bal_MAAMAMAM,4,MAAMAMAM,13575,162900,0.015516315509254733,0.2709657947222392,0.26927430416856496,1.0,0.9190600522193212,0.9166573442219488,1.0,0.0003,1.0,5726.250524044037
depth4_bal_MAAMAMAM,4,MAAMAMAM,13600,163200,0.013779389904811978,0.24238898356755575,0.24730107060500553,1.0,0.9295039164490861,0.9259424991609799,1.0,0.0003,1.0,5734.970932483673
depth4_bal_MAAMAMAM,4,MAAMAMAM,13625,163500,0.010663458611816168,0.24959213038285574,0.2483817811523165,1.0,0.9216710182767625,0.9246000671216019,1.0,0.0003,1.0,5745.494338750839
depth4_bal_MAAMAMAM,4,MAAMAMAM,13650,163800,0.011254346386219064,0.21814454098542532,0.22605811187199185,1.0,0.9268929503916449,0.9338852220606332,1.0,0.0003,1.0,5756.3594172000885
depth4_bal_MAAMAMAM,4,MAAMAMAM,13675,164100,0.009569239957878986,0.20294455190499625,0.21805722330297742,1.0,0.9321148825065274,0.9394786888913749,1.0,0.0003,1.0,5767.059350013733
depth4_bal_MAAMAMAM,4,MAAMAMAM,13700,164400,0.008065103747261068,0.1898563653230667,0.20269942326205118,1.0,0.9386422976501305,0.9423872916433605,1.0,0.0003,1.0,5777.333081483841
depth4_bal_MAAMAMAM,4,MAAMAMAM,13725,164700,0.01460304429444174,0.2885815004507701,0.275751519203186,0.9993472584856397,0.9046997389033943,0.9152030428459559,1.0,0.0003,1.0,5787.829535961151
depth4_bal_MAAMAMAM,4,MAAMAMAM,13750,165000,0.008042744089228412,0.19766345620155334,0.20432627456528799,1.0,0.933420365535248,0.9389193422083008,1.0,0.0003,1.0,5798.589140176773
depth4_bal_MAAMAMAM,4,MAAMAMAM,13775,165300,0.007098101389904817,0.1782499055067698,0.19133603956018175,1.0,0.9399477806788512,0.9447365477122721,1.0,0.0003,1.0,5809.451465606689
depth4_bal_MAAMAMAM,4,MAAMAMAM,13800,165600,0.4441354324420293,0.7206681768099467,0.7597388063158308,0.8622715404699739,0.7389033942558747,0.7248014319275087,1.0,0.0003,1.0,5820.2796902656555
depth4_bal_MAAMAMAM,4,MAAMAMAM,13825,165900,0.01948540626714627,0.35096872846285504,0.30217578283378055,1.0,0.8955613577023499,0.9027855464817094,1.0,0.0003,1.0,5831.222884654999
depth4_bal_MAAMAMAM,4,MAAMAMAM,13850,166200,0.04957511213918527,0.4138714671134949,0.40160077469689504,0.9993472584856397,0.8642297650130548,0.8692247454972593,1.0,0.0003,1.0,5841.990592241287
depth4_bal_MAAMAMAM,4,MAAMAMAM,13875,166500,0.019349670348068077,0.31133729219436646,0.2993001686675208,1.0,0.902088772845953,0.9088264906589104,1.0,0.0003,1.0,5852.810953617096
depth4_bal_MAAMAMAM,4,MAAMAMAM,13900,166800,0.022841275669634342,0.29046804706255597,0.28164009281567165,0.9993472584856397,0.902088772845953,0.9186709922810158,1.0,0.0003,1.0,5863.143150806427
depth4_bal_MAAMAMAM,4,MAAMAMAM,13925,167100,0.013116905310501656,0.24246159692605337,0.24295716966901507,1.0,0.9255874673629243,0.9287392325763508,1.0,0.0003,1.0,5874.022392988205
depth4_bal_MAAMAMAM,4,MAAMAMAM,13950,167400,0.011150815524160862,0.2353308250506719,0.2257911422422954,1.0,0.9295039164490861,0.9320953126747958,1.0,0.0003,1.0,5884.475394248962
depth4_bal_MAAMAMAM,4,MAAMAMAM,13975,167700,0.009286145912483335,0.2321519354979197,0.22232006405081067,1.0,0.9242819843342036,0.9358988701197002,1.0,0.0003,1.0,5894.996161937714
depth4_bal_MAAMAMAM,4,MAAMAMAM,14000,168000,0.30834929396708805,0.7602759599685669,0.7700470992497035,0.8994778067885117,0.7049608355091384,0.7186486184136928,1.0,0.0003,1.0,5905.223885774612
depth4_bal_MAAMAMAM,4,MAAMAMAM,14025,168300,0.021779547135035198,0.39876734217007953,0.36396632535117013,0.9993472584856397,0.860313315926893,0.8792929857925943,1.0,0.0003,1.0,5916.130733251572
depth4_bal_MAAMAMAM,4,MAAMAMAM,14050,168600,0.014962114626541734,0.3144645194212596,0.2922577921833311,1.0,0.8968668407310705,0.9077077972927621,1.0,0.0003,1.0,5927.055331230164
depth4_bal_MAAMAMAM,4,MAAMAMAM,14075,168900,0.01169951205762724,0.28906940420468646,0.2734095356294087,1.0,0.9073107049608355,0.9159861282022598,1.0,0.0003,1.0,5936.296821594238
depth4_bal_MAAMAMAM,4,MAAMAMAM,14100,169200,0.009583061483378211,0.30655938386917114,0.2664183293070112,1.0,0.9112271540469974,0.9205727710034679,1.0,0.0003,1.0,5944.717735528946
depth4_bal_MAAMAMAM,4,MAAMAMAM,14125,169500,0.008036029796736935,0.2759920159975688,0.25644983989851816,1.0,0.9190600522193212,0.9249356751314465,1.0,0.0003,1.0,5953.029689788818
depth4_bal_MAAMAMAM,4,MAAMAMAM,14150,169800,0.13011342473328114,0.5239140292008718,0.49710567849023,0.964425587467363,0.8289817232375979,0.8375657232352612,1.0,0.0003,1.0,5961.335144996643
depth4_bal_MAAMAMAM,4,MAAMAMAM,14175,170100,0.013104677510758242,0.3356661895910899,0.29657783039978575,1.0,0.902088772845953,0.9052466718872357,1.0,0.0003,1.0,5969.641470909119
depth4_bal_MAAMAMAM,4,MAAMAMAM,14200,170400,0.011459304252639413,0.32383230328559875,0.28131707608699796,1.0,0.9007832898172323,0.9133012641235038,1.0,0.0003,1.0,5980.194366693497
depth4_bal_MAAMAMAM,4,MAAMAMAM,14225,170700,0.009345282179613909,0.29380999008814496,0.26307651954037803,1.0,0.912532637075718,0.9206846403400828,1.0,0.0003,1.0,5990.949144601822
depth4_bal_MAAMAMAM,4,MAAMAMAM,14250,171000,0.007594504626467824,0.27713338534037274,0.2534809840576989,1.0,0.9203655352480418,0.9216914643696162,1.0,0.0003,1.0,6001.6338539123535
depth4_bal_MAAMAMAM,4,MAAMAMAM,14275,171300,0.11311826917032401,0.5640395283699036,0.5812238437788827,0.9712793733681462,0.7963446475195822,0.8045642689338852,1.0,0.0003,1.0,6012.343808889389
depth4_bal_MAAMAMAM,4,MAAMAMAM,14300,171600,0.01325016732638081,0.2770507484674454,0.27825209966727665,1.0,0.9164490861618799,0.9139724801431928,1.0,0.0003,1.0,6023.072327375412
depth4_bal_MAAMAMAM,4,MAAMAMAM,14325,171900,0.012335895715902248,0.26104018092155457,0.24925661172185626,1.0,0.9164490861618799,0.9201252936570086,1.0,0.0003,1.0,6033.842702388763
depth4_bal_MAAMAMAM,4,MAAMAMAM,14350,172200,0.009309645975008607,0.22461862365404764,0.22960846764700754,1.0,0.933420365535248,0.9305291419621882,1.0,0.0003,1.0,6044.50207233429
depth4_bal_MAAMAMAM,4,MAAMAMAM,14375,172500,0.5968093375364939,0.8516720334688822,0.826740232535771,0.8276762402088773,0.6879895561357703,0.6997427005257859,1.0,0.0003,1.0,6052.981465339661
depth4_bal_MAAMAMAM,4,MAAMAMAM,14400,172800,0.012942290321613351,0.3025878667831421,0.2694291915212359,1.0,0.8994778067885117,0.9152030428459559,1.0,0.0003,1.0,6061.289709568024
depth4_bal_MAAMAMAM,4,MAAMAMAM,14425,173100,1.155707190434138,1.3672230243682861,1.3877548796789987,0.6171671018276762,0.5130548302872062,0.5048663161427452,1.0,0.0003,1.0,6069.60013628006
depth4_bal_MAAMAMAM,4,MAAMAMAM,14450,173400,0.07192254594216745,0.4587718943754832,0.47434078540120805,0.9921671018276762,0.8381201044386423,0.8385725472647947,1.0,0.0003,1.0,6079.713114500046
depth4_bal_MAAMAMAM,4,MAAMAMAM,14475,173700,0.024817392230033875,0.36651404698689777,0.3559953502246312,0.9996736292428199,0.8825065274151436,0.886228884662714,1.0,0.0003,1.0,6090.7266499996185
depth4_bal_MAAMAMAM,4,MAAMAMAM,14500,174000,0.04594405756021539,0.3769392768541972,0.36056927612849643,0.9931462140992167,0.8838120104438643,0.8804116791587426,1.0,0.0003,1.0,6101.463566541672
depth4_bal_MAAMAMAM,4,MAAMAMAM,14525,174300,0.014524955147256454,0.2951984604199727,0.2881366069827761,1.0,0.9033942558746736,0.9091620986687549,1.0,0.0003,1.0,6112.257118940353
depth4_bal_MAAMAMAM,4,MAAMAMAM,14550,174600,0.011498062017684182,0.2626169075568517,0.2726424936737333,1.0,0.922976501305483,0.9141962188164224,1.0,0.0003,1.0,6123.064826488495
depth4_bal_MAAMAMAM,4,MAAMAMAM,14575,174900,0.021216804316888254,0.3211854100227356,0.3206325373479298,0.9996736292428199,0.8890339425587467,0.9024499384718648,1.0,0.0003,1.0,6133.940757274628
depth4_bal_MAAMAMAM,4,MAAMAMAM,14600,175200,0.011983963660895824,0.2509687542915344,0.2509897513048989,1.0,0.9190600522193212,0.9256068911511355,1.0,0.0003,1.0,6144.53218460083
depth4_bal_MAAMAMAM,4,MAAMAMAM,14625,175500,0.00993340314986805,0.2317167967557907,0.23246658061231887,1.0,0.9308093994778068,0.9305291419621882,1.0,0.0003,1.0,6155.270238399506
depth4_bal_MAAMAMAM,4,MAAMAMAM,14650,175800,0.008620784540350238,0.22509033481280008,0.21588295719453265,1.0,0.9386422976501305,0.9369056941492337,1.0,0.0003,1.0,6166.182663679123
depth4_bal_MAAMAMAM,4,MAAMAMAM,14675,176100,0.007013326045125723,0.2001438041528066,0.19870952963829042,1.0,0.9412532637075718,0.9424991609799754,1.0,0.0003,1.0,6176.867085456848
depth4_bal_MAAMAMAM,4,MAAMAMAM,14700,176400,0.009349608172972998,0.2801036238670349,0.24187401490552085,0.9996736292428199,0.9060052219321149,0.9243763284483723,1.0,0.0003,1.0,6187.582823753357
depth4_bal_MAAMAMAM,4,MAAMAMAM,14725,176700,0.007158293155953288,0.21259534855683646,0.20142228603363038,1.0,0.9347258485639687,0.9408211209307529,1.0,0.0003,1.0,6197.959240913391
depth4_bal_MAAMAMAM,4,MAAMAMAM,14750,177000,0.006102515462165077,0.18542697032292685,0.18851081196750913,1.0,0.9451697127937336,0.9444009397024276,1.0,0.0003,1.0,6208.862700223923
depth4_bal_MAAMAMAM,4,MAAMAMAM,14775,177300,0.2854990561803182,1.080445925394694,1.0679397293499537,0.9252610966057441,0.6710182767624021,0.6677480702539434,1.0,0.0003,1.0,6219.728528261185
depth4_bal_MAAMAMAM,4,MAAMAMAM,14800,177600,0.017122612101957202,0.2930533190568288,0.2764498595680509,1.0,0.8981723237597912,0.9163217362121042,1.0,0.0003,1.0,6230.719045877457
depth4_bal_MAAMAMAM,4,MAAMAMAM,14825,177900,0.023171082139015198,0.2792317072550456,0.26392130979469847,0.9970626631853786,0.9099216710182768,0.9213558563597718,1.0,0.0003,1.0,6241.578571557999
depth4_bal_MAAMAMAM,4,MAAMAMAM,14850,178200,0.01104465794439117,0.2704472740491231,0.2291200659104756,1.0,0.9177545691906005,0.9362344781295447,1.0,0.0003,1.0,6252.569852352142
depth4_bal_MAAMAMAM,4,MAAMAMAM,14875,178500,0.009341820996875564,0.24828783174355826,0.2148416783128466,1.0,0.9255874673629243,0.9390312115449155,1.0,0.0003,1.0,6263.438882112503
depth4_bal_MAAMAMAM,4,MAAMAMAM,14900,178800,0.008047463605180383,0.2270976503690084,0.20232115600790296,1.0,0.933420365535248,0.9412685982772122,1.0,0.0003,1.0,6274.2661299705505
depth4_bal_MAAMAMAM,4,MAAMAMAM,14925,179100,0.0064515417131284876,0.22545384367307028,0.20460412417139326,1.0,0.9347258485639687,0.9417160756236715,1.0,0.0003,1.0,6285.0161826610565
depth4_bal_MAAMAMAM,4,MAAMAMAM,14950,179400,0.1140389150629441,0.4696134527524312,0.47597102693149024,0.9699738903394256,0.8407310704960835,0.8367826378789573,1.0,0.0003,1.0,6294.3615465164185
depth4_bal_MAAMAMAM,4,MAAMAMAM,14975,179700,0.15648586178819338,0.5407288869222006,0.5403433850833348,0.9614882506527415,0.8328981723237598,0.8241414028414812,1.0,0.0003,1.0,6302.527698516846
depth4_bal_MAAMAMAM,4,MAAMAMAM,15000,180000,0.011684547954549393,0.24971788128217062,0.23989291191101075,1.0,0.9138381201044387,0.930641011298803,1.0,0.0003,1.0,6310.749112844467
depth4_bal_MAAMAMAM,4,MAAMAMAM,15025,180300,0.01020999524431924,0.21083045999209085,0.21868683568068914,1.0,0.933420365535248,0.9367938248126189,1.0,0.0003,1.0,6320.683214426041
depth4_bal_MAAMAMAM,4,MAAMAMAM,15050,180600,0.008905899866173664,0.20562096436818442,0.21036032778876168,1.0,0.9360313315926893,0.9389193422083008,1.0,0.0003,1.0,6328.918292760849
depth4_bal_MAAMAMAM,4,MAAMAMAM,15075,180900,1.1729357639948528,1.451764742533366,1.5002865280423845,0.625,0.5430809399477807,0.5336167356527576,1.0,0.0003,1.0,6338.180836677551
depth4_bal_MAAMAMAM,4,MAAMAMAM,15100,181200,0.009463705471716821,0.23342874149481455,0.22827996270997183,1.0,0.9177545691906005,0.9304172726255733,1.0,0.0003,1.0,6346.392682313919
depth4_bal_MAAMAMAM,4,MAAMAMAM,15125,181500,0.008823272539302707,0.2051233947277069,0.2052954456635884,1.0,0.9373368146214099,0.9395905582279898,1.0,0.0003,1.0,6354.526253938675
depth4_bal_MAAMAMAM,4,MAAMAMAM,15150,181800,0.00750457701118042,0.18944263954957327,0.2010670713015965,1.0,0.9386422976501305,0.9431703769996644,1.0,0.0003,1.0,6364.296539068222
depth4_bal_MAAMAMAM,4,MAAMAMAM,15175,182100,0.15731249190866947,0.4343382716178894,0.44833406465394154,0.9647519582245431,0.8485639686684073,0.8531155610247231,1.0,0.0003,1.0,6375.098317623138
depth4_bal_MAAMAMAM,4,MAAMAMAM,15200,182400,0.008670501643791795,0.21109558641910553,0.1948789596557617,1.0,0.9399477806788512,0.9409329902673678,1.0,0.0003,1.0,6386.1083109378815
depth4_bal_MAAMAMAM,4,MAAMAMAM,15225,182700,0.00788115217195203,0.19246762990951538,0.17377250982182366,1.0,0.9412532637075718,0.9505537532162435,1.0,0.0003,1.0,6397.242444038391
depth4_bal_MAAMAMAM,4,MAAMAMAM,15250,183000,0.008432603247153262,0.24588939547538757,0.18990701330559595,0.9996736292428199,0.9242819843342036,0.9452958943953462,1.0,0.0003,1.0,6408.063343763351
depth4_bal_MAAMAMAM,4,MAAMAMAM,15275,183300,0.4635797714193662,0.7882558902104696,0.7792594535010201,0.8736945169712794,0.737597911227154,0.7236827385613603,1.0,0.0003,1.0,6419.097404241562
depth4_bal_MAAMAMAM,4,MAAMAMAM,15300,183600,0.014703946886584163,0.2822420597076416,0.26006028269018444,1.0,0.8968668407310705,0.9138606108065779,1.0,0.0003,1.0,6429.924609899521
depth4_bal_MAAMAMAM,4,MAAMAMAM,15325,183900,0.012478543057416877,0.2504500498374303,0.23545620484011515,1.0,0.9151436031331592,0.9246000671216019,1.0,0.0003,1.0,6440.8246874809265
depth4_bal_MAAMAMAM,4,MAAMAMAM,15350,184200,0.010537569411098957,0.2297077775001526,0.21406749870095934,1.0,0.9242819843342036,0.9334377447141738,1.0,0.0003,1.0,6451.953005075455
depth4_bal_MAAMAMAM,4,MAAMAMAM,15375,184500,0.35313872372110683,0.6789093613624573,0.6698612928390503,0.8998041775456919,0.7715404699738904,0.7706678599395905,1.0,0.0003,1.0,6462.9754276275635
depth4_bal_MAAMAMAM,4,MAAMAMAM,15400,184800,0.03162493836134672,0.3623566726843516,0.36235819714409967,0.9996736292428199,0.8681462140992167,0.8847745832867211,1.0,0.0003,1.0,6474.028034210205
depth4_bal_MAAMAMAM,4,MAAMAMAM,15425,185100,0.01876250049099326,0.3119887014230092,0.30009043557303294,1.0,0.9060052219321149,0.9069247119364582,1.0,0.0003,1.0,6484.885617733002
depth4_bal_MAAMAMAM,4,MAAMAMAM,15450,185400,0.014996515664582452,0.27700438102086383,0.2702352770737239,1.0,0.9268929503916449,0.9186709922810158,1.0,0.0003,1.0,6495.760646104813
depth4_bal_MAAMAMAM,4,MAAMAMAM,15475,185700,0.012824338162317872,0.2594374467929204,0.2562619873455593,1.0,0.9268929503916449,0.9247119364582168,1.0,0.0003,1.0,6506.562937736511
depth4_bal_MAAMAMAM,4,MAAMAMAM,15500,186000,0.01068175071850419,0.25869595011075336,0.23890479121889388,1.0,0.9308093994778068,0.9307528806354178,1.0,0.0003,1.0,6517.3527228832245
depth4_bal_MAAMAMAM,4,MAAMAMAM,15525,186300,0.00918612334256371,0.24737649162610373,0.2325818887778691,1.0,0.9373368146214099,0.9314240966551068,1.0,0.0003,1.0,6528.048326015472
depth4_bal_MAAMAMAM,4,MAAMAMAM,15550,186600,0.016263879757995408,0.3064503272374471,0.29158324343817577,0.9993472584856397,0.9060052219321149,0.9100570533616735,1.0,0.0003,1.0,6538.843439817429
depth4_bal_MAAMAMAM,4,MAAMAMAM,15575,186900,0.011960102012380958,0.2444508969783783,0.24739894185747419,1.0,0.922976501305483,0.9266137151806689,1.0,0.0003,1.0,6549.425086736679
depth4_bal_MAAMAMAM,4,MAAMAMAM,15600,187200,0.009986906855677566,0.23853001991907755,0.23565399008137838,1.0,0.9308093994778068,0.930641011298803,1.0,0.0003,1.0,6559.746386528015
depth4_bal_MAAMAMAM,4,MAAMAMAM,15625,187500,0.008536240551620722,0.2216601918141047,0.22576666006020138,1.0,0.9386422976501305,0.93265465935787,1.0,0.0003,1.0,6570.065829753876
depth4_bal_MAAMAMAM,4,MAAMAMAM,15650,187800,0.0073311350618799525,0.24800843993822733,0.23240336052009036,1.0,0.9151436031331592,0.9305291419621882,1.0,0.0003,1.0,6580.949130058289
depth4_bal_MAAMAMAM,4,MAAMAMAM,15675,188100,0.008172580817093452,0.21914761265118918,0.20851026347705295,1.0,0.9216710182767625,0.9383599955252265,1.0,0.0003,1.0,6591.705198526382
depth4_bal_MAAMAMAM,4,MAAMAMAM,15700,188400,0.006981296852851908,0.2046710948149363,0.19792136890547615,1.0,0.9308093994778068,0.9423872916433605,1.0,0.0003,1.0,6602.486748456955
depth4_bal_MAAMAMAM,4,MAAMAMAM,15725,188700,0.0075874193183456855,0.19961857299009958,0.1934713342360088,1.0,0.9412532637075718,0.9447365477122721,1.0,0.0003,1.0,6613.228411436081
depth4_bal_MAAMAMAM,4,MAAMAMAM,15750,189000,0.007191630662418902,0.21321047842502594,0.22219993344375066,1.0,0.922976501305483,0.9298579259424992,1.0,0.0003,1.0,6623.997349023819
depth4_bal_MAAMAMAM,4,MAAMAMAM,15775,189300,0.007219964172691107,0.19132928053538004,0.19607958538191658,1.0,0.9373368146214099,0.9404855129209084,1.0,0.0003,1.0,6634.328328847885
depth4_bal_MAAMAMAM,4,MAAMAMAM,15800,189600,0.006502077487918238,0.17988922695318857,0.18871194635118757,1.0,0.943864229765013,0.9432822463362792,1.0,0.0003,1.0,6645.164541006088
depth4_bal_MAAMAMAM,4,MAAMAMAM,15825,189900,0.005181501658322911,0.16311749319235483,0.17549649327993394,1.0,0.95822454308094,0.9477570198008726,1.0,0.0003,1.0,6655.928239583969
depth4_bal_MAAMAMAM,4,MAAMAMAM,15850,190200,0.13157295746107897,0.49611036976178485,0.5265078374317714,0.9686684073107049,0.8185378590078329,0.8182123280008949,1.0,0.0003,1.0,6666.4918076992035
depth4_bal_MAAMAMAM,4,MAAMAMAM,15875,190500,0.012047089713936051,0.27972137928009033,0.2779475778341293,1.0,0.9112271540469974,0.9102807920349032,1.0,0.0003,1.0,6677.311999082565
depth4_bal_MAAMAMAM,4,MAAMAMAM,15900,190800,0.011069028483082851,0.25902359187602997,0.25099104217120577,1.0,0.912532637075718,0.9224745497259201,1.0,0.0003,1.0,6688.2480318546295
depth4_bal_MAAMAMAM,4,MAAMAMAM,15925,191100,0.008573295005286733,0.2390377422173818,0.2334389695099422,1.0,0.9216710182767625,0.9265018458440542,1.0,0.0003,1.0,6698.729061603546
depth4_bal_MAAMAMAM,4,MAAMAMAM,15950,191400,0.007304991168590884,0.2250001778205236,0.21823492092745644,1.0,0.9255874673629243,0.9337733527240184,1.0,0.0003,1.0,6709.473167419434
depth4_bal_MAAMAMAM,4,MAAMAMAM,15975,191700,0.08804420133431752,0.45886707305908203,0.40402998157909936,0.9771540469973891,0.860313315926893,0.8694484841704889,1.0,0.0003,1.0,6720.479088783264
depth4_bal_MAAMAMAM,4,MAAMAMAM,16000,192000,0.009909947325165072,0.20421084264914194,0.20321144078459058,1.0,0.9386422976501305,0.9398142969012194,1.0,0.0003,1.0,6731.310970783234
depth4_bal_MAAMAMAM,4,MAAMAMAM,16025,192300,0.011696662365769347,0.20423131684462228,0.20120631477662496,1.0,0.9295039164490861,0.9404855129209084,1.0,0.0003,1.0,6742.472071647644
depth4_bal_MAAMAMAM,4,MAAMAMAM,16050,192600,0.5888677251835664,1.6163103580474854,1.6695457901273454,0.8097258485639687,0.5443864229765013,0.566953797963978,1.0,0.0003,1.0,6753.345723628998
depth4_bal_MAAMAMAM,4,MAAMAMAM,16075,192900,0.006324919794375698,0.18999741971492767,0.18859462525163379,1.0,0.9373368146214099,0.9442890703658128,1.0,0.0003,1.0,6763.421016216278
depth4_bal_MAAMAMAM,4,MAAMAMAM,16100,193200,0.006942528998479247,0.17953969538211823,0.18029949430908476,1.0,0.9464751958224543,0.9487638438304061,1.0,0.0003,1.0,6774.251189470291
depth4_bal_MAAMAMAM,4,MAAMAMAM,16125,193500,0.006123559549450874,0.17253942787647247,0.17234870152814047,1.0,0.9399477806788512,0.9516724465823918,1.0,0.0003,1.0,6784.979381322861
depth4_bal_MAAMAMAM,4,MAAMAMAM,16150,193800,0.005188665896033247,0.1614337315162023,0.1663672809089933,1.0,0.9464751958224543,0.9516724465823918,1.0,0.0003,1.0,6795.79616355896
depth4_bal_MAAMAMAM,4,MAAMAMAM,16175,194100,0.004233665395683299,0.14981355766455332,0.15498876848391124,1.0,0.9516971279373369,0.9543573106611478,1.0,0.0003,1.0,6806.557176351547
depth4_bal_MAAMAMAM,4,MAAMAMAM,16200,194400,0.05240006589641174,0.4503922363122304,0.4644107299191611,0.987597911227154,0.8433420365535248,0.8544579930641011,1.0,0.0003,1.0,6817.286665201187
depth4_bal_MAAMAMAM,4,MAAMAMAM,16225,194700,0.00883435046610733,0.2190984090169271,0.2057716305766787,1.0,0.922976501305483,0.9388074728716859,1.0,0.0003,1.0,6827.828602075577
depth4_bal_MAAMAMAM,4,MAAMAMAM,16250,195000,0.007249746626863877,0.20075715581576029,0.18880329110792704,1.0,0.9268929503916449,0.9435059850095089,1.0,0.0003,1.0,6838.770187616348
depth4_bal_MAAMAMAM,4,MAAMAMAM,16275,195300,0.006464973324909806,0.18157232304414114,0.17586000774587904,1.0,0.9360313315926893,0.9476451504642578,1.0,0.0003,1.0,6849.704565048218
depth4_bal_MAAMAMAM,4,MAAMAMAM,16300,195600,0.005425253960614403,0.1752522736787796,0.17208297827414104,1.0,0.9412532637075718,0.9517843159190066,1.0,0.0003,1.0,6860.478475093842
depth4_bal_MAAMAMAM,4,MAAMAMAM,16325,195900,0.004694813396781683,0.17349335054556528,0.1645141446164676,1.0,0.9373368146214099,0.9542454413245329,1.0,0.0003,1.0,6871.373059988022
depth4_bal_MAAMAMAM,4,MAAMAMAM,16350,196200,0.003930946870241314,0.1676996350288391,0.15979377031326295,1.0,0.9425587467362925,0.9546929186709923,1.0,0.0003,1.0,6882.386520385742
depth4_bal_MAAMAMAM,4,MAAMAMAM,16375,196500,0.02771569322794676,0.285281906525294,0.2843485730034964,0.9967362924281984,0.9060052219321149,0.9028974158183242,1.0,0.0003,1.0,6892.795201063156
depth4_bal_MAAMAMAM,4,MAAMAMAM,16400,196800,0.009598329663276672,0.21400077641010284,0.2072310822350638,1.0,0.9268929503916449,0.9378006488421524,1.0,0.0003,1.0,6903.6905682086945
depth4_bal_MAAMAMAM,4,MAAMAMAM,16425,197100,0.00814233033452183,0.19004644950230917,0.1876115315726825,1.0,0.9399477806788512,0.9454077637319611,1.0,0.0003,1.0,6914.68785238266
depth4_bal_MAAMAMAM,4,MAAMAMAM,16450,197400,0.006672515766695142,0.1608870526154836,0.16974260296140398,1.0,0.9556135770234987,0.9502181452063989,1.0,0.0003,1.0,6925.572088956833
depth4_bal_MAAMAMAM,4,MAAMAMAM,16475,197700,0.005813441743763785,0.15918214619159698,0.16675984540155955,1.0,0.95822454308094,0.9512249692359325,1.0,0.0003,1.0,6936.458563566208
depth4_bal_MAAMAMAM,4,MAAMAMAM,16500,198000,0.06137330581744512,0.45769747098286945,0.3968062903199877,0.9856396866840731,0.8577023498694517,0.8678823134578812,1.0,0.0003,1.0,6947.359803438187
depth4_bal_MAAMAMAM,4,MAAMAMAM,16525,198300,0.01572949959275623,0.2893238365650177,0.2717529858861651,0.9996736292428199,0.9046997389033943,0.9101689226982884,1.0,0.0003,1.0,6958.309698343277
depth4_bal_MAAMAMAM,4,MAAMAMAM,16550,198600,0.011756943771615624,0.213974858323733,0.20292835789067404,1.0,0.9360313315926893,0.9379125181787672,1.0,0.0003,1.0,6969.257763624191
depth4_bal_MAAMAMAM,4,MAAMAMAM,16575,198900,0.03349530464038253,0.2932835519313812,0.29161028478826795,0.9964099216710183,0.8968668407310705,0.9041279785210874,1.0,0.0003,1.0,6980.167887926102
depth4_bal_MAAMAMAM,4,MAAMAMAM,16600,199200,0.008238001183296243,0.1942767153183619,0.1734568768313953,1.0,0.9425587467362925,0.9482044971473319,1.0,0.0003,1.0,6991.031378984451
depth4_bal_MAAMAMAM,4,MAAMAMAM,16625,199500,0.23400437956055006,0.6202330787976583,0.6561586158616203,0.9330939947780679,0.8080939947780679,0.7819666629376888,1.0,0.0003,1.0,7001.99564409256
depth4_bal_MAAMAMAM,4,MAAMAMAM,16650,199800,0.009558991917098561,0.1931747297445933,0.19574270801884788,1.0,0.9295039164490861,0.9408211209307529,1.0,0.0003,1.0,7012.876018047333
depth4_bal_MAAMAMAM,4,MAAMAMAM,16675,200100,0.010987408459186554,0.21196754773457846,0.20179455748626163,0.9996736292428199,0.9295039164490861,0.9394786888913749,1.0,0.0003,1.0,7023.717987298965
depth4_bal_MAAMAMAM,4,MAAMAMAM,16700,200400,0.00810707884375006,0.17430591583251953,0.15727701655455997,1.0,0.9490861618798956,0.9573777827497483,1.0,0.0003,1.0,7034.916846990585
depth4_bal_MAAMAMAM,4,MAAMAMAM,16725,200700,0.007253880884187917,0.17303729554017386,0.15313287036759513,1.0,0.9451697127937336,0.9580489987694373,1.0,0.0003,1.0,7045.695480823517
depth4_bal_MAAMAMAM,4,MAAMAMAM,16750,201000,0.00591584275631855,0.1626685212055842,0.14646928885153362,1.0,0.9516971279373369,0.9592795614722005,1.0,0.0003,1.0,7056.4767253398895
depth4_bal_MAAMAMAM,4,MAAMAMAM,16775,201300,0.005007211506987612,0.1492141584555308,0.13987752412046706,1.0,0.9556135770234987,0.959615169482045,1.0,0.0003,1.0,7067.237684726715
depth4_bal_MAAMAMAM,4,MAAMAMAM,16800,201600,0.2039429135620594,0.6861845850944519,0.6377650465284075,0.9324412532637075,0.7454308093994778,0.7720102919789685,1.0,0.0003,1.0,7078.029386997223
depth4_bal_MAAMAMAM,4,MAAMAMAM,16825,201900,0.022199212728689115,0.3593244055906932,0.36373785776751383,0.9996736292428199,0.8681462140992167,0.8804116791587426,1.0,0.0003,1.0,7088.713902235031
depth4_bal_MAAMAMAM,4,MAAMAMAM,16850,202200,0.01681741458984713,0.3349833885828654,0.3055755138397217,1.0,0.8864229765013055,0.9020024611254055,1.0,0.0003,1.0,7099.085518121719
depth4_bal_MAAMAMAM,4,MAAMAMAM,16875,202500,0.015278459837039312,0.31520121296246845,0.293380326458386,1.0,0.8798955613577023,0.9045754558675467,1.0,0.0003,1.0,7109.861881017685
depth4_bal_MAAMAMAM,4,MAAMAMAM,16900,202800,0.010808395920321345,0.25342995921770733,0.25846807956695556,1.0,0.9164490861618799,0.9199015549837789,1.0,0.0003,1.0,7120.709037065506
depth4_bal_MAAMAMAM,4,MAAMAMAM,16925,203100,0.009462810509527722,0.23319577674070993,0.23648840316704342,1.0,0.9242819843342036,0.9265018458440542,1.0,0.0003,1.0,7130.7746250629425
depth4_bal_MAAMAMAM,4,MAAMAMAM,16950,203400,0.8053495784600576,0.9618386626243591,0.9540920291628157,0.7552219321148825,0.6919060052219321,0.6799418279449603,1.0,0.0003,1.0,7139.079523086548
depth4_bal_MAAMAMAM,4,MAAMAMAM,16975,203700,0.05628877288351456,0.4463505148887634,0.4696039003985269,0.9931462140992167,0.8381201044386423,0.8433829287392326,1.0,0.0003,1.0,7148.556269407272
depth4_bal_MAAMAMAM,4,MAAMAMAM,17000,204000,0.018501261093964178,0.27719805141290027,0.25477653912135534,1.0,0.9164490861618799,0.9221389417160756,1.0,0.0003,1.0,7159.324941396713
depth4_bal_MAAMAMAM,4,MAAMAMAM,17025,204300,0.015936717856675386,0.2515951246023178,0.22921336208071028,1.0,0.922976501305483,0.9323190513480255,1.0,0.0003,1.0,7170.237816333771
depth4_bal_MAAMAMAM,4,MAAMAMAM,17050,204600,0.013703373027965426,0.23958319425582886,0.2160194422517504,1.0,0.922976501305483,0.9380243875153821,1.0,0.0003,1.0,7180.995840072632
depth4_bal_MAAMAMAM,4,MAAMAMAM,17075,204900,0.017192600294947624,0.263235608736674,0.2319018474646977,0.9990208877284595,0.9151436031331592,0.9324309206846403,1.0,0.0003,1.0,7192.008342027664
depth4_bal_MAAMAMAM,4,MAAMAMAM,17100,205200,0.228116728986303,1.4576114813486736,1.3803232022694178,0.9223237597911227,0.6214099216710183,0.6367602640116344,1.0,0.0003,1.0,7202.887335062027
depth4_bal_MAAMAMAM,4,MAAMAMAM,17125,205500,0.01901551343811055,0.31690242886543274,0.2798556962183544,0.9977154046997389,0.8864229765013055,0.9139724801431928,1.0,0.0003,1.0,7213.940725803375
depth4_bal_MAAMAMAM,4,MAAMAMAM,17150,205800,0.009345048572868109,0.21909849842389426,0.20465856194496154,1.0,0.9321148825065274,0.9398142969012194,1.0,0.0003,1.0,7224.748446941376
depth4_bal_MAAMAMAM,4,MAAMAMAM,17175,206100,0.008082413580268621,0.21374045312404633,0.1915148070880345,1.0,0.9216710182767625,0.9449602863855018,1.0,0.0003,1.0,7235.774432659149
depth4_bal_MAAMAMAM,4,MAAMAMAM,17200,206400,0.0068288634065538645,0.2087204505999883,0.18428573480674199,1.0,0.9308093994778068,0.9477570198008726,1.0,0.0003,1.0,7246.593554735184
depth4_bal_MAAMAMAM,4,MAAMAMAM,17225,206700,0.019488407531753182,0.30801773567994434,0.2887658464057105,0.9986945169712794,0.8929503916449086,0.9069247119364582,1.0,0.0003,1.0,7257.547247171402
depth4_bal_MAAMAMAM,4,MAAMAMAM,17250,207000,0.011985496074582139,0.2168970207373301,0.21844218884195601,0.9996736292428199,0.9295039164490861,0.9358988701197002,1.0,0.0003,1.0,7268.447852134705
depth4_bal_MAAMAMAM,4,MAAMAMAM,17275,207300,0.031913690734654665,0.31745723883310956,0.31381224053246637,0.9964099216710183,0.9046997389033943,0.9035686318380132,1.0,0.0003,1.0,7279.646014451981
depth4_bal_MAAMAMAM,4,MAAMAMAM,17300,207600,0.007294581310513119,0.23311696449915567,0.21438362683568682,1.0,0.9308093994778068,0.9353395234366261,1.0,0.0003,1.0,7290.510584354401
depth4_bal_MAAMAMAM,4,MAAMAMAM,17325,207900,0.11977813268701236,0.5213681757450104,0.5373226761817932,0.9673629242819843,0.8342036553524804,0.8361114218592683,1.0,0.0003,1.0,7301.208965301514
depth4_bal_MAAMAMAM,4,MAAMAMAM,17350,208200,0.01838446765517195,0.3110466996828715,0.30545224973133633,1.0,0.8903394255874674,0.9018905917887907,1.0,0.0003,1.0,7311.880888223648
depth4_bal_MAAMAMAM,4,MAAMAMAM,17375,208500,0.01369675388559699,0.25795990725358325,0.2651420657123838,1.0,0.9138381201044387,0.9185591229444009,1.0,0.0003,1.0,7322.924633026123
depth4_bal_MAAMAMAM,4,MAAMAMAM,17400,208800,0.011795410420745611,0.23073373238245645,0.24242305329867772,1.0,0.9268929503916449,0.9258306298243651,1.0,0.0003,1.0,7333.78177189827
depth4_bal_MAAMAMAM,4,MAAMAMAM,17425,209100,0.009706953540444374,0.22112748523553213,0.23358572125434876,1.0,0.9281984334203656,0.9288511019129656,1.0,0.0003,1.0,7344.3755667209625
depth4_bal_MAAMAMAM,4,MAAMAMAM,17450,209400,0.3044266464809577,0.8022459348042806,0.8084498575755528,0.9060052219321149,0.737597911227154,0.733303501510236,1.0,0.0003,1.0,7355.260723590851
depth4_bal_MAAMAMAM,4,MAAMAMAM,17475,209700,0.02053676297267278,0.3161726693312327,0.2922932003225599,1.0,0.8955613577023499,0.9083790133124511,1.0,0.0003,1.0,7366.207776784897
depth4_bal_MAAMAMAM,4,MAAMAMAM,17500,210000,0.016423235181719065,0.28244802355766296,0.24499635100364686,1.0,0.912532637075718,0.9238169817652981,1.0,0.0003,1.0,7376.6936814785
depth4_bal_MAAMAMAM,4,MAAMAMAM,17525,210300,0.014027736304948727,0.25173231462637585,0.21798236966133117,1.0,0.9255874673629243,0.9343326994070925,1.0,0.0003,1.0,7387.063700199127
depth4_bal_MAAMAMAM,4,MAAMAMAM,17550,210600,0.0112553172900031,0.22099803388118744,0.1941887255225863,1.0,0.933420365535248,0.9419398142969012,1.0,0.0003,1.0,7398.126011133194
depth4_bal_MAAMAMAM,4,MAAMAMAM,17575,210900,0.00958091338785986,0.2113091101249059,0.18407474628516607,1.0,0.9360313315926893,0.9459671104150352,1.0,0.0003,1.0,7408.85337471962
depth4_bal_MAAMAMAM,4,MAAMAMAM,17600,211200,1.8176667888959248,1.9090970357259114,1.923050992829459,0.5127284595300261,0.42950391644908614,0.4270052578588209,1.0,0.0003,1.0,7419.402091503143
depth4_bal_MAAMAMAM,4,MAAMAMAM,17625,211500,0.010060679943611225,0.23438785473505655,0.22682256954056876,1.0,0.9308093994778068,0.9305291419621882,1.0,0.0003,1.0,7429.977058649063
depth4_bal_MAAMAMAM,4,MAAMAMAM,17650,211800,0.008159133916099867,0.20854677259922028,0.20446013084479742,1.0,0.9386422976501305,0.9383599955252265,1.0,0.0003,1.0,7440.789095163345
depth4_bal_MAAMAMAM,4,MAAMAMAM,17675,212100,0.008763254387304187,0.2127933700879415,0.19936554857662747,1.0,0.933420365535248,0.9414923369504419,1.0,0.0003,1.0,7451.677880764008
depth4_bal_MAAMAMAM,4,MAAMAMAM,17700,212400,0.005962953863975902,0.17702669898668924,0.17719561670507702,1.0,0.9516971279373369,0.9486519744937912,1.0,0.0003,1.0,7462.520916938782
depth4_bal_MAAMAMAM,4,MAAMAMAM,17725,212700,0.6376876135667165,1.09797998269399,1.0523833649499075,0.7836161879895561,0.6135770234986945,0.6515270164447925,1.0,0.0003,1.0,7473.5107843875885
depth4_bal_MAAMAMAM,4,MAAMAMAM,17750,213000,0.01914055598899722,0.2517205278078715,0.2680303305387497,1.0,0.9164490861618799,0.9128537867770444,1.0,0.0003,1.0,7483.851302623749
depth4_bal_MAAMAMAM,4,MAAMAMAM,17775,213300,0.3737516850233078,0.737366517384847,0.7476801991462707,0.8753263707571801,0.7519582245430809,0.7586978409218034,1.0,0.0003,1.0,7494.611011981964
depth4_bal_MAAMAMAM,4,MAAMAMAM,17800,213600,0.014239385103185972,0.2121642380952835,0.23666039024080548,1.0,0.9268929503916449,0.9266137151806689,1.0,0.0003,1.0,7505.446647167206
depth4_bal_MAAMAMAM,4,MAAMAMAM,17825,213900,0.012686202147354683,0.1919180005788803,0.20922008199351175,1.0,0.9412532637075718,0.9378006488421524,1.0,0.0003,1.0,7516.492788314819
depth4_bal_MAAMAMAM,4,MAAMAMAM,17850,214200,0.011348107752079764,0.18101116518179575,0.2021553580250059,1.0,0.9373368146214099,0.9378006488421524,1.0,0.0003,1.0,7527.318353176117
depth4_bal_MAAMAMAM,4,MAAMAMAM,17875,214500,0.013548002966369191,0.2913071612517039,0.28092218126569474,0.9996736292428199,0.9007832898172323,0.9078196666293769,1.0,0.0003,1.0,7538.106814861298
depth4_bal_MAAMAMAM,4,MAAMAMAM,17900,214800,0.010202345748742422,0.23518300553162894,0.22993021947996958,1.0,0.9203655352480418,0.9276205392102025,1.0,0.0003,1.0,7548.9657781124115
depth4_bal_MAAMAMAM,4,MAAMAMAM,17925,215100,0.00864391797222197,0.2109092523654302,0.21403442323207855,1.0,0.9268929503916449,0.9361226087929299,1.0,0.0003,1.0,7559.837191104889
depth4_bal_MAAMAMAM,4,MAAMAMAM,17950,215400,0.41735755155483883,0.6475567619005839,0.6651638558932713,0.8697780678851175,0.7754569190600522,0.7801767535518515,1.0,0.0003,1.0,7570.562190532684
depth4_bal_MAAMAMAM,4,MAAMAMAM,17975,215700,0.008488588655988375,0.21837939818700156,0.22484294601849147,1.0,0.9295039164490861,0.9291867099228102,1.0,0.0003,1.0,7581.322843790054
depth4_bal_MAAMAMAM,4,MAAMAMAM,18000,216000,0.007962963543832302,0.20481262604395548,0.20826047658920288,1.0,0.9347258485639687,0.9356751314464705,1.0,0.0003,1.0,7591.979827642441
depth4_bal_MAAMAMAM,4,MAAMAMAM,18025,216300,0.007066174449088673,0.1968345195055008,0.19291187226772308,0.9996736292428199,0.9360313315926893,0.9414923369504419,1.0,0.0003,1.0,7603.4573719501495
depth4_bal_MAAMAMAM,4,MAAMAMAM,18050,216600,0.062234563675398626,0.946113387743632,0.8893074716840471,0.9889033942558747,0.7140992167101827,0.723235261214901,1.0,0.0003,1.0,7614.285125494003
depth4_bal_MAAMAMAM,4,MAAMAMAM,18075,216900,0.023352941187719505,0.2859088083108266,0.25661563873291016,1.0,0.8981723237597912,0.9165454748853339,1.0,0.0003,1.0,7625.103253364563
depth4_bal_MAAMAMAM,4,MAAMAMAM,18100,217200,0.01258156068312625,0.22158094743887582,0.199556337084089,1.0,0.9281984334203656,0.9413804676138271,1.0,0.0003,1.0,7636.0537033081055
depth4_bal_MAAMAMAM,4,MAAMAMAM,18125,217500,0.01073656619216005,0.19596758981545767,0.18487699776887895,1.0,0.9347258485639687,0.9461908490882649,1.0,0.0003,1.0,7646.94238781929
depth4_bal_MAAMAMAM,4,MAAMAMAM,18150,217800,0.009000563334363202,0.17485279341538748,0.16756343990564346,1.0,0.9451697127937336,0.9523436626020808,1.0,0.0003,1.0,7657.73127913475
depth4_bal_MAAMAMAM,4,MAAMAMAM,18175,218100,0.00959979851419727,0.22426527241865793,0.2145674407482147,1.0,0.9203655352480418,0.9294104485960398,1.0,0.0003,1.0,7667.468920946121
depth4_bal_MAAMAMAM,4,MAAMAMAM,18200,218400,0.009007427919035157,0.18769855300585428,0.1859910990510668,1.0,0.9425587467362925,0.9426110303165902,1.0,0.0003,1.0,7678.1883244514465
depth4_bal_MAAMAMAM,4,MAAMAMAM,18225,218700,0.00951671057070295,0.18849176665147147,0.17607642816645758,1.0,0.9386422976501305,0.9457433717418056,1.0,0.0003,1.0,7688.900701284409
depth4_bal_MAAMAMAM,4,MAAMAMAM,18250,219000,0.006810290544914703,0.18241052826245627,0.16554607919284275,1.0,0.943864229765013,0.9505537532162435,1.0,0.0003,1.0,7699.282470464706
depth4_bal_MAAMAMAM,4,MAAMAMAM,18275,219300,0.8199047793944677,0.9823028445243835,0.9943218776157924,0.7454308093994778,0.6527415143603134,0.6447029869112876,1.0,0.0003,1.0,7709.988258123398
depth4_bal_MAAMAMAM,4,MAAMAMAM,18300,219600,0.036860139264414706,0.3114364743232727,0.2894226108278547,0.993798955613577,0.8890339425587467,0.9061416265801544,1.0,0.0003,1.0,7720.843019962311
depth4_bal_MAAMAMAM,4,MAAMAMAM,18325,219900,0.00885198979328076,0.1974294384320577,0.17914204342024667,1.0,0.9386422976501305,0.9486519744937912,1.0,0.0003,1.0,7731.59371805191
depth4_bal_MAAMAMAM,4,MAAMAMAM,18350,220200,0.007753529547092815,0.18711905181407928,0.16723567417689733,1.0,0.9425587467362925,0.9512249692359325,1.0,0.0003,1.0,7742.21420955658
depth4_bal_MAAMAMAM,4,MAAMAMAM,18375,220500,0.006590189024185141,0.17414885759353638,0.16058393163340431,1.0,0.9451697127937336,0.9540217026513033,1.0,0.0003,1.0,7752.735157728195
depth4_bal_MAAMAMAM,4,MAAMAMAM,18400,220800,0.17216627672314644,0.5472845236460367,0.5613663903304509,0.9539817232375979,0.8185378590078329,0.8060185703098781,1.0,0.0003,1.0,7763.419827699661
depth4_bal_MAAMAMAM,4,MAAMAMAM,18425,221100,0.005891224563432236,0.21492904424667358,0.20808289349079132,1.0,0.9347258485639687,0.9348920460901667,1.0,0.0003,1.0,7773.949563741684
depth4_bal_MAAMAMAM,4,MAAMAMAM,18450,221400,0.007242324956071873,0.1982229600350062,0.1928536819560187,1.0,0.9295039164490861,0.9404855129209084,1.0,0.0003,1.0,7784.7545602321625
depth4_bal_MAAMAMAM,4,MAAMAMAM,18475,221700,0.006306886362532775,0.18706454833348593,0.18142035177775792,1.0,0.9373368146214099,0.9431703769996644,1.0,0.0003,1.0,7795.6660006046295
depth4_bal_MAAMAMAM,4,MAAMAMAM,18500,222000,0.8691185315450033,1.093910853068034,1.0773964711597988,0.7170365535248042,0.6266318537859008,0.6261326770332252,1.0,0.0003,1.0,7806.520089387894
depth4_bal_MAAMAMAM,4,MAAMAMAM,18525,222300,0.014819432826091846,0.27304185430208844,0.26436499059200286,1.0,0.9099216710182768,0.9165454748853339,1.0,0.0003,1.0,7817.475383281708
depth4_bal_MAAMAMAM,4,MAAMAMAM,18550,222600,0.011207676182190577,0.23777751624584198,0.22867066477026257,1.0,0.922976501305483,0.9298579259424992,1.0,0.0003,1.0,7828.383723020554
depth4_bal_MAAMAMAM,4,MAAMAMAM,18575,222900,0.010536023958896598,0.20619005461533865,0.20421909136431557,1.0,0.9373368146214099,0.9404855129209084,1.0,0.0003,1.0,7838.804989814758
depth4_bal_MAAMAMAM,4,MAAMAMAM,18600,223200,0.27141785621643066,0.653895099957784,0.6207904645374843,0.9164490861618799,0.7676240208877284,0.7808479695715405,1.0,0.0003,1.0,7849.210811138153
depth4_bal_MAAMAMAM,4,MAAMAMAM,18625,223500,0.015916113120814163,0.2779744863510132,0.2685547075101307,1.0,0.922976501305483,0.9177760375880971,1.0,0.0003,1.0,7860.005299568176
depth4_bal_MAAMAMAM,4,MAAMAMAM,18650,223800,0.014961178414523602,0.24773219724496207,0.24152941959244864,1.0,0.9347258485639687,0.9289629712495805,1.0,0.0003,1.0,7870.6549570560455
depth4_bal_MAAMAMAM,4,MAAMAMAM,18675,224100,0.012652559904381633,0.22174992660681406,0.2154186568089894,1.0,0.9373368146214099,0.9371294328224634,1.0,0.0003,1.0,7881.543810367584
depth4_bal_MAAMAMAM,4,MAAMAMAM,18700,224400,0.010977188978965083,0.20847703516483307,0.20704723255974905,1.0,0.9386422976501305,0.9383599955252265,1.0,0.0003,1.0,7892.275212049484
depth4_bal_MAAMAMAM,4,MAAMAMAM,18725,224700,0.3302313859264056,0.608849028746287,0.5835896262100765,0.9259138381201044,0.793733681462141,0.8041167915874259,1.0,0.0003,1.0,7903.084803342819
depth4_bal_MAAMAMAM,4,MAAMAMAM,18750,225000,0.011848762088144818,0.25414294997851056,0.2439542587314333,1.0,0.9046997389033943,0.9221389417160756,1.0,0.0003,1.0,7913.573574542999
depth4_bal_MAAMAMAM,4,MAAMAMAM,18775,225300,0.009306273345525065,0.2351441482702891,0.2210740319320134,1.0,0.9255874673629243,0.9327665286944848,1.0,0.0003,1.0,7924.73167514801
depth4_bal_MAAMAMAM,4,MAAMAMAM,18800,225600,0.008385449570293227,0.22825544575850168,0.20729103961161205,1.0,0.933420365535248,0.9381362568519969,1.0,0.0003,1.0,7935.727686166763
depth4_bal_MAAMAMAM,4,MAAMAMAM,18825,225900,0.006996700307354331,0.18996996680895487,0.19951138645410538,1.0,0.9360313315926893,0.9390312115449155,1.0,0.0003,1.0,7946.53954744339
depth4_bal_MAAMAMAM,4,MAAMAMAM,18850,226200,0.006001204407463471,0.17757018407185873,0.19301316291093826,1.0,0.9399477806788512,0.9421635529701309,1.0,0.0003,1.0,7957.483621120453
depth4_bal_MAAMAMAM,4,MAAMAMAM,18875,226500,0.07333872187882662,0.5587270259857178,0.49336690987859455,0.9846605744125326,0.8237597911227154,0.8327553417608233,1.0,0.0003,1.0,7966.637465238571
depth4_bal_MAAMAMAM,4,MAAMAMAM,18900,226800,0.02582553867250681,0.3557582199573517,0.3416655761854989,0.9986945169712794,0.8746736292428199,0.884886452623336,1.0,0.0003,1.0,7977.236767530441
depth4_bal_MAAMAMAM,4,MAAMAMAM,18925,227100,0.015444954158738256,0.34604354699452716,0.29785266305719105,0.9993472584856397,0.8851174934725848,0.8978632956706567,1.0,0.0003,1.0,7988.064663648605
depth4_bal_MAAMAMAM,4,MAAMAMAM,18950,227400,0.012257441179826856,0.26952459911505383,0.23545558665479932,1.0,0.9151436031331592,0.9262781071708245,1.0,0.0003,1.0,7999.223123788834
depth4_bal_MAAMAMAM,4,MAAMAMAM,18975,227700,0.01070381918301185,0.24926893909772238,0.2247915459530694,1.0,0.9216710182767625,0.930641011298803,1.0,0.0003,1.0,8010.276752948761
depth4_bal_MAAMAMAM,4,MAAMAMAM,19000,228000,0.04891464517762264,0.3293663760026296,0.33465460113116674,0.9934725848563969,0.8942558746736292,0.8938359995525227,1.0,0.0003,1.0,8021.206286907196
depth4_bal_MAAMAMAM,4,MAAMAMAM,19025,228300,0.010963739128783345,0.29468393325805664,0.2708015033176967,0.9996736292428199,0.8903394255874674,0.9134131334601185,1.0,0.0003,1.0,8032.366828680038
depth4_bal_MAAMAMAM,4,MAAMAMAM,19050,228600,0.010814100736752152,0.26298385858535767,0.24361280160290855,1.0,0.9086161879895561,0.9241525897751426,1.0,0.0003,1.0,8042.893280267715
depth4_bal_MAAMAMAM,4,MAAMAMAM,19075,228900,0.009199264847363034,0.24480211238066354,0.2271846660545894,1.0,0.9216710182767625,0.9312003579818772,1.0,0.0003,1.0,8052.9387550354
depth4_bal_MAAMAMAM,4,MAAMAMAM,19100,229200,0.2732106956342856,0.6540890137354533,0.6404702135494778,0.9099216710182768,0.7924281984334204,0.7828616176306075,1.0,0.0003,1.0,8061.255238771439
depth4_bal_MAAMAMAM,4,MAAMAMAM,19125,229500,0.010722036939114332,0.22778698801994324,0.23618464469909667,1.0,0.9190600522193212,0.9269493231905135,1.0,0.0003,1.0,8072.428720235825
depth4_bal_MAAMAMAM,4,MAAMAMAM,19150,229800,0.00924380635842681,0.21700560549894968,0.2200264777456011,1.0,0.9281984334203656,0.9341089607338628,1.0,0.0003,1.0,8083.603858947754
depth4_bal_MAAMAMAM,4,MAAMAMAM,19175,230100,0.007784775303055842,0.22460543115933737,0.2070513482604708,1.0,0.9281984334203656,0.9383599955252265,1.0,0.0003,1.0,8094.537933588028
depth4_bal_MAAMAMAM,4,MAAMAMAM,19200,230400,0.0067933974011490745,0.2293655425310135,0.20310756947313036,1.0,0.9308093994778068,0.9400380355744491,1.0,0.0003,1.0,8105.348886728287
depth4_bal_MAAMAMAM,4,MAAMAMAM,19225,230700,0.2871302080651124,0.6785452365875244,0.6675468223435538,0.9157963446475196,0.7702349869451697,0.7649625237722341,1.0,0.0003,1.0,8116.3634622097015
depth4_bal_MAAMAMAM,4,MAAMAMAM,19250,231000,0.00986938263910512,0.24713472525278726,0.23245730357510702,1.0,0.9203655352480418,0.9277324085468173,1.0,0.0003,1.0,8127.350440740585
depth4_bal_MAAMAMAM,4,MAAMAMAM,19275,231300,0.008994469108680883,0.24129464228947958,0.21376913743359702,1.0,0.9268929503916449,0.9354513927732409,1.0,0.0003,1.0,8138.166928768158
depth4_bal_MAAMAMAM,4,MAAMAMAM,19300,231600,0.007594764038609962,0.22793308893839517,0.19374924004077912,1.0,0.9268929503916449,0.9430585076630496,1.0,0.0003,1.0,8148.86611366272
depth4_bal_MAAMAMAM,4,MAAMAMAM,19325,231900,0.0069146759730453295,0.22429053485393524,0.19362821238381522,1.0,0.9347258485639687,0.9431703769996644,1.0,0.0003,1.0,8159.667449474335
depth4_bal_MAAMAMAM,4,MAAMAMAM,19350,232200,0.13192235305905342,0.5227541327476501,0.547402069398335,0.9673629242819843,0.8159268929503917,0.8148562479024499,1.0,0.0003,1.0,8170.500751256943
depth4_bal_MAAMAMAM,4,MAAMAMAM,19375,232500,0.012533057481050491,0.26726945241292316,0.2375807808978217,1.0,0.9177545691906005,0.9244881977849871,1.0,0.0003,1.0,8181.2679307460785
depth4_bal_MAAMAMAM,4,MAAMAMAM,19400,232800,0.014335435504714647,0.26857714851697284,0.22927386505263192,0.9986945169712794,0.9151436031331592,0.9292985792594249,1.0,0.0003,1.0,8192.078538656235
depth4_bal_MAAMAMAM,4,MAAMAMAM,19425,233100,0.009030684983978668,0.23326371610164642,0.19731838618006026,1.0,0.9255874673629243,0.9401499049110639,1.0,0.0003,1.0,8202.929675102234
depth4_bal_MAAMAMAM,4,MAAMAMAM,19450,233400,0.008876447565853596,0.2250514179468155,0.18729971093790873,1.0,0.9321148825065274,0.9440653316925831,1.0,0.0003,1.0,8213.58832359314
depth4_bal_MAAMAMAM,4,MAAMAMAM,19475,233700,1.1306443363428116,1.3771109183629353,1.3649833236421858,0.6037859007832899,0.49738903394255873,0.5184025058731402,1.0,0.0003,1.0,8224.336852788925
depth4_bal_MAAMAMAM,4,MAAMAMAM,19500,234000,0.048357161382834114,0.4288467268149058,0.4005087673664093,0.9993472584856397,0.8550913838120104,0.8703434388634076,1.0,0.0003,1.0,8235.330002069473
depth4_bal_MAAMAMAM,4,MAAMAMAM,19525,234300,0.02403720359628399,0.3086783091227214,0.29184224605560305,1.0,0.8994778067885117,0.9093858373419845,1.0,0.0003,1.0,8246.029851436615
depth4_bal_MAAMAMAM,4,MAAMAMAM,19550,234600,0.02007567835971713,0.2683277428150177,0.2577732882329396,1.0,0.9164490861618799,0.9234813737554536,1.0,0.0003,1.0,8256.98391199112
depth4_bal_MAAMAMAM,4,MAAMAMAM,19575,234900,0.016637611590946715,0.24185347060362497,0.24289432678903852,1.0,0.9295039164490861,0.9270611925271283,1.0,0.0003,1.0,8267.919617891312
depth4_bal_MAAMAMAM,4,MAAMAMAM,19600,235200,0.04688241984695196,0.28260167439778644,0.31584398448467255,0.993798955613577,0.8994778067885117,0.8998769437297237,1.0,0.0003,1.0,8278.85713648796
depth4_bal_MAAMAMAM,4,MAAMAMAM,19625,235500,0.011613248769814769,0.22698964178562164,0.20675288013049534,1.0,0.9295039164490861,0.9393668195547601,1.0,0.0003,1.0,8289.543926239014
depth4_bal_MAAMAMAM,4,MAAMAMAM,19650,235800,0.009510547776396075,0.20680258174737295,0.19422214329242707,1.0,0.9373368146214099,0.9439534623559682,1.0,0.0003,1.0,8298.542664051056
depth4_bal_MAAMAMAM,4,MAAMAMAM,19675,236100,0.007827651764576634,0.19580976168314615,0.18022190183401107,1.0,0.943864229765013,0.9464145877614946,1.0,0.0003,1.0,8309.054256916046
depth4_bal_MAAMAMAM,4,MAAMAMAM,19700,236400,0.00682968048689266,0.18698923786481222,0.17261862371649062,1.0,0.943864229765013,0.9501062758697841,1.0,0.0003,1.0,8320.057577848434
depth4_bal_MAAMAMAM,4,MAAMAMAM,19725,236700,0.00577844256379952,0.19102873901526132,0.17041516878775187,1.0,0.9399477806788512,0.9484282358205616,1.0,0.0003,1.0,8330.746631622314
depth4_bal_MAAMAMAM,4,MAAMAMAM,19750,237000,0.2828918198744456,0.7292759021123251,0.7077837909970964,0.9033942558746736,0.741514360313316,0.7516500727150688,1.0,0.0003,1.0,8341.292022228241
depth4_bal_MAAMAMAM,4,MAAMAMAM,19775,237300,0.012537487084046006,0.281089981396993,0.26227436065673826,1.0,0.912532637075718,0.9141962188164224,1.0,0.0003,1.0,8351.983889341354
depth4_bal_MAAMAMAM,4,MAAMAMAM,19800,237600,0.010981219355016947,0.2546904484430949,0.24581745394638607,1.0,0.9281984334203656,0.9238169817652981,1.0,0.0003,1.0,8360.434909820557
depth4_bal_MAAMAMAM,4,MAAMAMAM,19825,237900,0.009427979278067747,0.2364281415939331,0.22774107073034558,1.0,0.9295039164490861,0.9314240966551068,1.0,0.0003,1.0,8368.735428333282
depth4_bal_MAAMAMAM,4,MAAMAMAM,19850,238200,0.007421544714209934,0.22487991054852804,0.2140767127275467,1.0,0.9412532637075718,0.9328783980310996,1.0,0.0003,1.0,8377.064512014389
depth4_bal_MAAMAMAM,4,MAAMAMAM,19875,238500,0.019587146118283272,0.3091098566850026,0.2788373121193477,0.9986945169712794,0.9073107049608355,0.9112876160644368,1.0,0.0003,1.0,8385.482393980026
depth4_bal_MAAMAMAM,4,MAAMAMAM,19900,238800,0.009211108088493347,0.2363408406575521,0.2209097070353372,1.0,0.9242819843342036,0.9322071820114106,1.0,0.0003,1.0,8393.857003211975
depth4_bal_MAAMAMAM,4,MAAMAMAM,19925,239100,0.008379320769260326,0.2211308628320694,0.21017955924783435,1.0,0.9295039164490861,0.9355632621098557,1.0,0.0003,1.0,8402.842447519302
depth4_bal_MAAMAMAM,4,MAAMAMAM,19950,239400,0.0058997120553006726,0.22114775081475577,0.19597119476114,1.0,0.9373368146214099,0.9420516836335161,1.0,0.0003,1.0,8413.704986572266
depth4_bal_MAAMAMAM,4,MAAMAMAM,19975,239700,0.008182129551035663,0.242103839914004,0.2136865019798279,0.9993472584856397,0.9295039164490861,0.9361226087929299,1.0,0.0003,1.0,8424.646693706512
depth4_bal_MAAMAMAM,4,MAAMAMAM,20000,240000,0.2446740654607614,0.5960830251375834,0.5764607974461147,0.9513707571801566,0.8002610966057441,0.8087034343886341,1.0,0.0003,1.0,8435.552846431732
depth4_bal_MAAMAMAM,4,MAAMAMAM,20025,240300,0.015932846736783784,0.3314814368883769,0.29623941395963943,1.0,0.8877284595300261,0.9052466718872357,1.0,0.0003,1.0,8446.560933589935
depth4_bal_MAAMAMAM,4,MAAMAMAM,20050,240600,0.15447175626953444,0.5329639315605164,0.5784479234899793,0.9552872062663186,0.8289817232375979,0.8091509117350935,1.0,0.0003,1.0,8458.153296232224
depth4_bal_MAAMAMAM,4,MAAMAMAM,20075,240900,0.010522818736111125,0.24443181355794272,0.21560147021498,1.0,0.9268929503916449,0.9343326994070925,1.0,0.0003,1.0,8473.127832651138
depth4_bal_MAAMAMAM,4,MAAMAMAM,20100,241200,0.009430138937508067,0.2293986678123474,0.2062009483575821,1.0,0.9360313315926893,0.9388074728716859,1.0,0.0003,1.0,8489.697324991226
depth4_bal_MAAMAMAM,4,MAAMAMAM,20125,241500,0.013146975620960196,0.228584885597229,0.21511439255305698,0.9996736292428199,0.9308093994778068,0.9355632621098557,1.0,0.0003,1.0,8500.43712234497
depth4_bal_MAAMAMAM,4,MAAMAMAM,20150,241800,0.717691590388616,1.5706217288970947,1.5008294241768974,0.7819843342036553,0.5691906005221932,0.5842935451392773,1.0,0.0003,1.0,8511.216151714325
depth4_bal_MAAMAMAM,4,MAAMAMAM,20175,242100,0.01993439408640067,0.35846338669459027,0.34089886035237993,1.0,0.8720626631853786,0.885557668643025,1.0,0.0003,1.0,8521.92131972313
depth4_bal_MAAMAMAM,4,MAAMAMAM,20200,242400,0.016118317532042663,0.3446674148241679,0.3010815032890865,1.0,0.8955613577023499,0.9025618078084797,1.0,0.0003,1.0,8532.653524637222
depth4_bal_MAAMAMAM,4,MAAMAMAM,20225,242700,0.1479280305405458,0.5397482911745707,0.4965311075959887,0.9552872062663186,0.8133159268929504,0.8300704776820673,1.0,0.0003,1.0,8542.886488437653
depth4_bal_MAAMAMAM,4,MAAMAMAM,20250,243000,0.01112014870159328,0.24668812255064645,0.24309477252619607,1.0,0.9268929503916449,0.9249356751314465,1.0,0.0003,1.0,8553.435806035995
depth4_bal_MAAMAMAM,4,MAAMAMAM,20275,243300,0.011275296409924826,0.2670812209447225,0.2440878416810717,0.9996736292428199,0.9151436031331592,0.9232576350822239,1.0,0.0003,1.0,8563.948975801468
depth4_bal_MAAMAMAM,4,MAAMAMAM,20300,243600,0.09506156295537949,0.46537808577219647,0.4142437483583178,0.9827023498694517,0.8433420365535248,0.865980534735429,1.0,0.0003,1.0,8574.779001712799
depth4_bal_MAAMAMAM,4,MAAMAMAM,20325,243900,0.01256925348813335,0.3085811237494151,0.2617392859288624,0.9996736292428199,0.9073107049608355,0.9178879069247119,1.0,0.0003,1.0,8585.417870283127
depth4_bal_MAAMAMAM,4,MAAMAMAM,20350,244200,0.04665949692328771,0.41092661023139954,0.36879132219723293,0.9908616187989556,0.8720626631853786,0.8794048551292091,1.0,0.0003,1.0,8596.416710853577
depth4_bal_MAAMAMAM,4,MAAMAMAM,20375,244500,0.013362650526687503,0.2379921426375707,0.24991890532629832,1.0,0.9190600522193212,0.9211321176865421,1.0,0.0003,1.0,8607.293880224228
depth4_bal_MAAMAMAM,4,MAAMAMAM,20400,244800,0.009970940106237927,0.23633583386739096,0.22353621295520237,1.0,0.9190600522193212,0.931312227318492,1.0,0.0003,1.0,8618.13546204567
depth4_bal_MAAMAMAM,4,MAAMAMAM,20425,245100,0.008782583056017756,0.22726122538248697,0.21793615179402487,1.0,0.9295039164490861,0.9360107394563151,1.0,0.0003,1.0,8628.6944668293
depth4_bal_MAAMAMAM,4,MAAMAMAM,20450,245400,0.007501632363225023,0.24068682392438254,0.21506796394075667,1.0,0.9216710182767625,0.9336614833874035,1.0,0.0003,1.0,8639.425899267197
depth4_bal_MAAMAMAM,4,MAAMAMAM,20475,245700,0.024742684947947662,0.30547596017519635,0.2811488547495433,0.9954308093994778,0.8994778067885117,0.9130775254502741,1.0,0.0003,1.0,8650.216861724854
depth4_bal_MAAMAMAM,4,MAAMAMAM,20500,246000,0.07828431762754917,0.38558993736902875,0.3792153307369777,0.9879242819843342,0.8785900783289817,0.8672110974381922,1.0,0.0003,1.0,8660.95856165886
depth4_bal_MAAMAMAM,4,MAAMAMAM,20525,246300,0.016442493225137394,0.2721795936425527,0.2764136714594705,1.0,0.9073107049608355,0.9127419174404295,1.0,0.0003,1.0,8671.621945858002
depth4_bal_MAAMAMAM,4,MAAMAMAM,20550,246600,0.014902208310862383,0.2521017442146937,0.24614090323448182,1.0,0.9086161879895561,0.9271730618637432,1.0,0.0003,1.0,8682.22095131874
depth4_bal_MAAMAMAM,4,MAAMAMAM,20575,246900,0.01370910353337725,0.23525501290957132,0.22205292625086648,1.0,0.9268929503916449,0.9352276541000112,1.0,0.0003,1.0,8692.676135540009
depth4_bal_MAAMAMAM,4,MAAMAMAM,20600,247200,0.009928402956575155,0.2098157008488973,0.2019721784761974,1.0,0.933420365535248,0.9395905582279898,1.0,0.0003,1.0,8703.565017938614
depth4_bal_MAAMAMAM,4,MAAMAMAM,20625,247500,0.011652877709517876,0.20400442679723105,0.20678556816918509,0.9996736292428199,0.9268929503916449,0.9371294328224634,1.0,0.0003,1.0,8714.425041437149
depth4_bal_MAAMAMAM,4,MAAMAMAM,20650,247800,0.02198780475494762,0.32068944970766705,0.32609972272600446,0.9983681462140992,0.8981723237597912,0.8932766528694485,1.0,0.0003,1.0,8725.31806397438
depth4_bal_MAAMAMAM,4,MAAMAMAM,20675,248100,0.010658242351685962,0.26488468050956726,0.24471989401749203,1.0,0.9177545691906005,0.9287392325763508,1.0,0.0003,1.0,8736.181377410889
depth4_bal_MAAMAMAM,4,MAAMAMAM,20700,248400,0.00896342828248938,0.2420289913813273,0.2269409784248897,1.0,0.9242819843342036,0.9337733527240184,1.0,0.0003,1.0,8746.933089494705
depth4_bal_MAAMAMAM,4,MAAMAMAM,20725,248700,0.007677109834427635,0.237042302886645,0.21819292434624263,1.0,0.9268929503916449,0.9369056941492337,1.0,0.0003,1.0,8758.017046928406
depth4_bal_MAAMAMAM,4,MAAMAMAM,20750,249000,0.1375161986798048,0.587924579779307,0.5784353605338506,0.9703002610966057,0.7976501305483029,0.8008725808255958,1.0,0.0003,1.0,8768.808173894882
depth4_bal_MAAMAMAM,4,MAAMAMAM,20775,249300,0.01360084186308086,0.30488471190134686,0.27550974828856334,1.0,0.9007832898172323,0.9108401387179774,1.0,0.0003,1.0,8778.492784023285
depth4_bal_MAAMAMAM,4,MAAMAMAM,20800,249600,0.01220735146974524,0.2772342761357625,0.25302350435938153,1.0,0.902088772845953,0.9212439870231569,1.0,0.0003,1.0,8788.3112616539
depth4_bal_MAAMAMAM,4,MAAMAMAM,20825,249900,0.009097435278818011,0.2522500952084859,0.22979109329836708,1.0,0.9268929503916449,0.9310884886452623,1.0,0.0003,1.0,8799.020382404327
depth4_bal_MAAMAMAM,4,MAAMAMAM,20850,250200,0.009207362309098244,0.24076753358046213,0.22223533179078783,1.0,0.9138381201044387,0.9341089607338628,1.0,0.0003,1.0,8809.388295173645
depth4_bal_MAAMAMAM,4,MAAMAMAM,20875,250500,0.277715219805638,0.7053787509600321,0.6825584650039673,0.9154699738903395,0.7597911227154047,0.7713390759592795,1.0,0.0003,1.0,8820.142971515656
depth4_bal_MAAMAMAM,4,MAAMAMAM,20900,250800,0.01225260621868074,0.3095463116963704,0.28261863589286806,1.0,0.8968668407310705,0.9118469627475109,1.0,0.0003,1.0,8831.29410290718
depth4_bal_MAAMAMAM,4,MAAMAMAM,20925,251100,0.01102949034733077,0.2598382035891215,0.25316195487976073,1.0,0.9177545691906005,0.9242644591117575,1.0,0.0003,1.0,8842.064293384552
depth4_bal_MAAMAMAM,4,MAAMAMAM,20950,251400,0.008801897211621204,0.25074928005536395,0.235394737975938,1.0,0.9138381201044387,0.9299697952791139,1.0,0.0003,1.0,8852.929872751236
depth4_bal_MAAMAMAM,4,MAAMAMAM,20975,251700,0.05162395086760322,0.5080735981464386,0.44387662921633037,0.9882506527415144,0.8328981723237598,0.8611701532609911,1.0,0.0003,1.0,8863.421942710876
depth4_bal_MAAMAMAM,4,MAAMAMAM,21000,252000,0.09169238774726789,0.4217890699704488,0.4422617384365627,0.9843342036553525,0.8511749347258486,0.8495357422530484,1.0,0.0003,1.0,8874.148947238922
depth4_bal_MAAMAMAM,4,MAAMAMAM,21025,252300,0.015625853867580492,0.28919710715611774,0.2861881967101778,1.0,0.9007832898172323,0.9100570533616735,1.0,0.0003,1.0,8882.93294262886
depth4_bal_MAAMAMAM,4,MAAMAMAM,21050,252600,0.041949262376874685,0.39560621976852417,0.40435891577175687,0.9941253263707572,0.8694516971279374,0.8753775590110751,1.0,0.0003,1.0,8891.258415222168
depth4_bal_MAAMAMAM,4,MAAMAMAM,21075,252900,0.010322105760375658,0.2747316261132558,0.24660251694066185,1.0,0.9216710182767625,0.9248238057948316,1.0,0.0003,1.0,8899.579701900482
depth4_bal_MAAMAMAM,4,MAAMAMAM,21100,253200,0.009848223688701788,0.25620609025160473,0.23809715126241957,1.0,0.9190600522193212,0.9292985792594249,1.0,0.0003,1.0,8907.980281829834
depth4_bal_MAAMAMAM,4,MAAMAMAM,21125,253500,0.007932823617011309,0.2520998219648997,0.23550547233649663,1.0,0.9203655352480418,0.9304172726255733,1.0,0.0003,1.0,8916.293660879135
depth4_bal_MAAMAMAM,4,MAAMAMAM,21150,253800,0.00637911007894824,0.23629101614157358,0.2215983463185174,1.0,0.9308093994778068,0.9331021367043293,1.0,0.0003,1.0,8924.608502149582
depth4_bal_MAAMAMAM,4,MAAMAMAM,21175,254100,0.005218137249660988,0.24251916507879892,0.2188803698335375,1.0,0.9242819843342036,0.9343326994070925,1.0,0.0003,1.0,8933.027877569199
depth4_bal_MAAMAMAM,4,MAAMAMAM,21200,254400,0.3479950353503227,1.0758227109909058,1.0027065941265652,0.8808746736292428,0.6814621409921671,0.7099228101577357,1.0,0.0003,1.0,8940.982255458832
depth4_bal_MAAMAMAM,4,MAAMAMAM,21225,254700,0.016812782268971205,0.26320111751556396,0.2447230270930699,1.0,0.912532637075718,0.9242644591117575,1.0,0.0003,1.0,8949.491553783417
depth4_bal_MAAMAMAM,4,MAAMAMAM,21250,255000,0.03486831377570828,0.2777028481165568,0.26649227823529925,0.9973890339425587,0.9073107049608355,0.9163217362121042,1.0,0.0003,1.0,8957.722732067108
depth4_bal_MAAMAMAM,4,MAAMAMAM,21275,255300,0.012079897336661816,0.2268778383731842,0.20251614195959908,1.0,0.9242819843342036,0.9420516836335161,1.0,0.0003,1.0,8967.20243525505
depth4_bal_MAAMAMAM,4,MAAMAMAM,21300,255600,0.010765093068281809,0.2194820096095403,0.193568189229284,1.0,0.9308093994778068,0.9441772010291979,1.0,0.0003,1.0,8977.972427606583
depth4_bal_MAAMAMAM,4,MAAMAMAM,21325,255900,0.009909230982884765,0.20786765217781067,0.1775087079831532,1.0,0.9360313315926893,0.9489875825036358,1.0,0.0003,1.0,8988.748762369156
depth4_bal_MAAMAMAM,4,MAAMAMAM,21350,256200,0.11228863957027595,0.4201010564963023,0.45356921894209723,0.9768276762402088,0.8577023498694517,0.8503188276093523,1.0,0.0003,1.0,8999.527213335037
depth4_bal_MAAMAMAM,4,MAAMAMAM,21375,256500,0.00831588078290224,0.22232397894064584,0.21067567765712739,1.0,0.9164490861618799,0.9339970913972481,1.0,0.0003,1.0,9010.380327701569
depth4_bal_MAAMAMAM,4,MAAMAMAM,21400,256800,0.0079187813680619,0.2157247761885325,0.19915866553783418,1.0,0.9190600522193212,0.9388074728716859,1.0,0.0003,1.0,9021.234374761581
depth4_bal_MAAMAMAM,4,MAAMAMAM,21425,257100,0.006504273973405361,0.20807336767514548,0.18645354637077877,1.0,0.9321148825065274,0.9437297236827386,1.0,0.0003,1.0,9032.14947605133
depth4_bal_MAAMAMAM,4,MAAMAMAM,21450,257400,0.005633894509325425,0.20458948612213135,0.1779344705598695,1.0,0.9360313315926893,0.9449602863855018,1.0,0.0003,1.0,9042.963132619858
depth4_bal_MAAMAMAM,4,MAAMAMAM,21475,257700,0.544779029985269,0.9702297846476237,0.9899649722235543,0.8172323759791122,0.695822454308094,0.7011970019017787,1.0,0.0003,1.0,9053.84847164154
depth4_bal_MAAMAMAM,4,MAAMAMAM,21500,258000,0.008860897505655885,0.24795053899288177,0.22315641939640046,1.0,0.9177545691906005,0.9292985792594249,1.0,0.0003,1.0,9064.605306863785
depth4_bal_MAAMAMAM,4,MAAMAMAM,21525,258300,0.007837684786257645,0.23722199102242789,0.20983518489769526,1.0,0.9347258485639687,0.9346683074169371,1.0,0.0003,1.0,9075.46022772789
depth4_bal_MAAMAMAM,4,MAAMAMAM,21550,258600,0.006618499561833839,0.21702903509140015,0.1995154082775116,1.0,0.9347258485639687,0.9376887795055375,1.0,0.0003,1.0,9086.231061697006
depth4_bal_MAAMAMAM,4,MAAMAMAM,21575,258900,0.0055168236916263895,0.2174415042002996,0.19086658571447646,1.0,0.9295039164490861,0.9426110303165902,1.0,0.0003,1.0,9096.237958908081
depth4_bal_MAAMAMAM,4,MAAMAMAM,21600,259200,0.3227258448799451,0.8192332983016968,0.7299690859658378,0.8860966057441253,0.7389033942558747,0.7644031770891598,1.0,0.0003,1.0,9105.622183561325
depth4_bal_MAAMAMAM,4,MAAMAMAM,21625,259500,0.04561933812995752,0.3692442278067271,0.3459845074585506,0.9954308093994778,0.8668407310704961,0.8818659805347354,1.0,0.0003,1.0,9116.328562259674
depth4_bal_MAAMAMAM,4,MAAMAMAM,21650,259800,0.011978570449476441,0.2189132422208786,0.2224428061928068,1.0,0.933420365535248,0.9324309206846403,1.0,0.0003,1.0,9127.28629040718
depth4_bal_MAAMAMAM,4,MAAMAMAM,21675,260100,0.01031930511817336,0.2073045571645101,0.20979430505207608,1.0,0.9399477806788512,0.9374650408323079,1.0,0.0003,1.0,9138.024196386337
depth4_bal_MAAMAMAM,4,MAAMAMAM,21700,260400,0.008601906981008748,0.20605447391668955,0.20358822899205345,1.0,0.9373368146214099,0.9399261662378342,1.0,0.0003,1.0,9148.76128911972
depth4_bal_MAAMAMAM,4,MAAMAMAM,21725,260700,0.025469570731123287,0.4171827932198842,0.37475866334778923,0.9970626631853786,0.8655352480417755,0.8792929857925943,1.0,0.0003,1.0,9159.671409130096
depth4_bal_MAAMAMAM,4,MAAMAMAM,21750,261000,0.009297852637246251,0.23388860126336417,0.2346822725875037,1.0,0.9321148825065274,0.9290748405861953,1.0,0.0003,1.0,9170.9048807621
depth4_bal_MAAMAMAM,4,MAAMAMAM,21775,261300,0.008080400836964449,0.2255829026301702,0.2153958567551204,1.0,0.9308093994778068,0.9346683074169371,1.0,0.0003,1.0,9182.02232003212
depth4_bal_MAAMAMAM,4,MAAMAMAM,21800,261600,0.3722054346775015,1.5521835088729858,1.4848562615258354,0.8883812010443864,0.5913838120104439,0.5983890815527464,1.0,0.0003,1.0,9192.774084329605
depth4_bal_MAAMAMAM,4,MAAMAMAM,21825,261900,0.015174739450837174,0.24792175988356271,0.2659816133124488,0.9996736292428199,0.9203655352480418,0.9122944400939702,1.0,0.0003,1.0,9203.828169345856
depth4_bal_MAAMAMAM,4,MAAMAMAM,21850,262200,0.011131450921917955,0.21475882331530252,0.2175105026790074,1.0,0.9295039164490861,0.9363463474661595,1.0,0.0003,1.0,9215.03154873848
depth4_bal_MAAMAMAM,4,MAAMAMAM,21875,262500,0.009362072528650364,0.19984464347362518,0.19910930160965237,1.0,0.9321148825065274,0.9441772010291979,1.0,0.0003,1.0,9226.148515224457
depth4_bal_MAAMAMAM,4,MAAMAMAM,21900,262800,0.008082275356476506,0.197756494084994,0.18818021267652513,1.0,0.9386422976501305,0.9475332811276429,1.0,0.0003,1.0,9237.276965618134
depth4_bal_MAAMAMAM,4,MAAMAMAM,21925,263100,0.01344915273754547,0.25913835565249127,0.21245838212115423,0.9986945169712794,0.9177545691906005,0.9353395234366261,1.0,0.0003,1.0,9248.215695381165
depth4_bal_MAAMAMAM,4,MAAMAMAM,21950,263400,0.038692052165667214,0.29901833335558575,0.2933316937514714,0.9990208877284595,0.8968668407310705,0.9052466718872357,1.0,0.0003,1.0,9259.00126028061
depth4_bal_MAAMAMAM,4,MAAMAMAM,21975,263700,0.0163959424632291,0.2137319246927897,0.22489667790276663,1.0,0.9295039164490861,0.931983443338181,1.0,0.0003,1.0,9269.828105926514
depth4_bal_MAAMAMAM,4,MAAMAMAM,22000,264000,0.015761155712728698,0.20733350018660227,0.21450348666736058,1.0,0.9347258485639687,0.9354513927732409,1.0,0.0003,1.0,9279.875845193863
depth4_bal_MAAMAMAM,4,MAAMAMAM,22025,264300,0.011603466467931867,0.18253649771213531,0.1954976905669485,1.0,0.9425587467362925,0.9418279449602864,1.0,0.0003,1.0,9291.152261257172
depth4_bal_MAAMAMAM,4,MAAMAMAM,22050,264600,0.00988973715963463,0.17287902534008026,0.18627417513302394,1.0,0.943864229765013,0.9458552410784205,1.0,0.0003,1.0,9301.96703839302
depth4_bal_MAAMAMAM,4,MAAMAMAM,22075,264900,0.008791832408557335,0.1774617979923884,0.1890775435737201,1.0,0.9412532637075718,0.9428347689898199,1.0,0.0003,1.0,9312.658102750778
depth4_bal_MAAMAMAM,4,MAAMAMAM,22100,265200,0.04730204508329431,0.34735172986984253,0.3116376740591867,0.9918407310704961,0.8798955613577023,0.89562590893836,1.0,0.0003,1.0,9323.384285211563
depth4_bal_MAAMAMAM,4,MAAMAMAM,22125,265500,0.011454591993242502,0.20451406141122183,0.2051382350070136,1.0,0.9373368146214099,0.9375769101689228,1.0,0.0003,1.0,9334.378980398178
depth4_bal_MAAMAMAM,4,MAAMAMAM,22150,265800,0.010596317083885273,0.1893970121939977,0.18833115143435342,1.0,0.9451697127937336,0.9437297236827386,1.0,0.0003,1.0,9344.91798043251
depth4_bal_MAAMAMAM,4,MAAMAMAM,22175,266100,0.008868137762571374,0.185810387134552,0.17526061236858367,1.0,0.9464751958224543,0.9489875825036358,1.0,0.0003,1.0,9355.543469905853
depth4_bal_MAAMAMAM,4,MAAMAMAM,22200,266400,0.006822770228609443,0.18193887174129486,0.17071131254945482,1.0,0.9386422976501305,0.9493231905134802,1.0,0.0003,1.0,9366.218296051025
depth4_bal_MAAMAMAM,4,MAAMAMAM,22225,266700,0.006416602137808998,0.17801742752393088,0.16083745360374452,1.0,0.9451697127937336,0.9531267479583846,1.0,0.0003,1.0,9376.907661914825
depth4_bal_MAAMAMAM,4,MAAMAMAM,22250,267000,0.005418620615576704,0.17141087353229523,0.15316109912736076,1.0,0.9530026109660574,0.9559234813737555,1.0,0.0003,1.0,9387.581730365753
depth4_bal_MAAMAMAM,4,MAAMAMAM,22275,267300,0.005863812131186326,0.17464105288187662,0.15674032866954804,1.0,0.9477806788511749,0.9537979639780736,1.0,0.0003,1.0,9397.950581789017
depth4_bal_MAAMAMAM,4,MAAMAMAM,22300,267600,0.00432540262894084,0.16108552614847818,0.14527255041258677,1.0,0.9556135770234987,0.9572659134131335,1.0,0.0003,1.0,9408.686096668243
depth4_bal_MAAMAMAM,4,MAAMAMAM,22325,267900,0.17303462202350298,0.6842573285102844,0.6775793109621321,0.9487597911227154,0.7545691906005222,0.7604877503076407,1.0,0.0003,1.0,9419.402644872665
depth4_bal_MAAMAMAM,4,MAAMAMAM,22350,268200,0.6848683382074038,1.17536461353302,1.1053856457982745,0.7973237597911227,0.6409921671018277,0.658574784651527,1.0,0.0003,1.0,9428.59902381897
depth4_bal_MAAMAMAM,4,MAAMAMAM,22375,268500,0.027661854556451242,0.3319700558980306,0.3291223313127245,0.9996736292428199,0.8942558746736292,0.893612260879293,1.0,0.0003,1.0,9438.162624835968
depth4_bal_MAAMAMAM,4,MAAMAMAM,22400,268800,0.020071111309031647,0.316886027654012,0.297174813917705,1.0,0.9099216710182768,0.9059178879069247,1.0,0.0003,1.0,9449.205183029175
depth4_bal_MAAMAMAM,4,MAAMAMAM,22425,269100,0.016377326644336183,0.2896771232287089,0.2696962254387992,1.0,0.9138381201044387,0.9173285602416378,1.0,0.0003,1.0,9460.071465969086
depth4_bal_MAAMAMAM,4,MAAMAMAM,22450,269400,0.050981346517801285,0.39763989051183063,0.32490555729184833,0.9944516971279374,0.8785900783289817,0.8977514263340418,1.0,0.0003,1.0,9470.321662664413
depth4_bal_MAAMAMAM,4,MAAMAMAM,22475,269700,0.011225209416200718,0.28075042366981506,0.2458571744816644,1.0,0.9112271540469974,0.9263899765074393,1.0,0.0003,1.0,9480.81969332695
depth4_bal_MAAMAMAM,4,MAAMAMAM,22500,270000,0.009367664266998569,0.26647521555423737,0.23675096716199603,1.0,0.9203655352480418,0.9303054032889585,1.0,0.0003,1.0,9489.244219064713
depth4_bal_MAAMAMAM,4,MAAMAMAM,22525,270300,0.35208739588658017,0.7307076652844747,0.7081021768706185,0.8860966057441253,0.7402088772845953,0.7537755901107507,1.0,0.0003,1.0,9499.768012285233
depth4_bal_MAAMAMAM,4,MAAMAMAM,22550,270600,0.019298681213210028,0.3220090369383494,0.3020519631249564,0.9986945169712794,0.891644908616188,0.9034567625013984,1.0,0.0003,1.0,9510.063725948334
depth4_bal_MAAMAMAM,4,MAAMAMAM,22575,270900,0.012203367349381248,0.261034220457077,0.24481172859668732,1.0,0.9177545691906005,0.9260543684975948,1.0,0.0003,1.0,9518.646649122238
depth4_bal_MAAMAMAM,4,MAAMAMAM,22600,271200,0.012446205752591291,0.2545120269060135,0.2337440209729331,0.9996736292428199,0.9203655352480418,0.9303054032889585,1.0,0.0003,1.0,9527.504037380219
depth4_bal_MAAMAMAM,4,MAAMAMAM,22625,271500,0.009155928545321027,0.23107783496379852,0.2193227857351303,1.0,0.933420365535248,0.9369056941492337,1.0,0.0003,1.0,9538.301613807678
depth4_bal_MAAMAMAM,4,MAAMAMAM,22650,271800,0.07169789137939613,0.4384794731934865,0.42350232005119326,0.9843342036553525,0.856396866840731,0.8634075399932878,1.0,0.0003,1.0,9548.991052389145
depth4_bal_MAAMAMAM,4,MAAMAMAM,22675,272100,0.007457125194681187,0.22671378155549368,0.21323929003306796,1.0,0.9190600522193212,0.9335496140507887,1.0,0.0003,1.0,9559.37510585785
depth4_bal_MAAMAMAM,4,MAAMAMAM,22700,272400,0.007818268495611846,0.22124810020128885,0.20139377287455967,1.0,0.933420365535248,0.9402617742476788,1.0,0.0003,1.0,9570.196537733078
depth4_bal_MAAMAMAM,4,MAAMAMAM,22725,272700,0.006426628679037094,0.21053317189216614,0.18886793298380716,1.0,0.9347258485639687,0.9438415930193534,1.0,0.0003,1.0,9580.815390348434
depth4_bal_MAAMAMAM,4,MAAMAMAM,22750,273000,0.0057766545020664735,0.2029129018386205,0.18070663873638426,1.0,0.9360313315926893,0.9474214117910281,1.0,0.0003,1.0,9591.178483963013
depth4_bal_MAAMAMAM,4,MAAMAMAM,22775,273300,0.3639418880144755,0.8982865214347839,0.8570017031260899,0.8887075718015666,0.664490861618799,0.6905694149233695,1.0,0.0003,1.0,9602.043229818344
depth4_bal_MAAMAMAM,4,MAAMAMAM,22800,273600,0.026918695929149788,0.48054081201553345,0.4304968110152653,1.0,0.8368146214099217,0.8551292090837901,1.0,0.0003,1.0,9612.874566793442
depth4_bal_MAAMAMAM,4,MAAMAMAM,22825,273900,0.03377997518206636,0.49574921528498334,0.4190724338803973,0.9964099216710183,0.8381201044386423,0.8620651079539098,1.0,0.0003,1.0,9623.681395053864
depth4_bal_MAAMAMAM,4,MAAMAMAM,22850,274200,0.0149885726471742,0.3815412024656932,0.3160050664629255,1.0,0.8720626631853786,0.8977514263340418,1.0,0.0003,1.0,9634.21280670166
depth4_bal_MAAMAMAM,4,MAAMAMAM,22875,274500,0.013434591625506679,0.3656063775221507,0.29095988486494334,1.0,0.8864229765013055,0.9064772345899988,1.0,0.0003,1.0,9645.067695856094
depth4_bal_MAAMAMAM,4,MAAMAMAM,22900,274800,0.010424560634419322,0.3319642146428426,0.2657016647713525,1.0,0.8968668407310705,0.9171048215684081,1.0,0.0003,1.0,9655.734632730484
depth4_bal_MAAMAMAM,4,MAAMAMAM,22925,275100,0.3869936689734459,1.1021887858708699,1.0110186849321638,0.8838120104438643,0.6997389033942559,0.7298355520751761,1.0,0.0003,1.0,9666.73461818695
depth4_bal_MAAMAMAM,4,MAAMAMAM,22950,275400,0.010410113570590815,0.23559729754924774,0.22371452067579542,1.0,0.9321148825065274,0.931983443338181,1.0,0.0003,1.0,9677.878415822983
depth4_bal_MAAMAMAM,4,MAAMAMAM,22975,275700,0.009199495815361539,0.22946467498938242,0.21299471344266618,1.0,0.9308093994778068,0.9367938248126189,1.0,0.0003,1.0,9688.604430675507
depth4_bal_MAAMAMAM,4,MAAMAMAM,23000,276000,0.007980640046298504,0.22564119597276053,0.2062025453363146,1.0,0.9347258485639687,0.9375769101689228,1.0,0.0003,1.0,9699.514793872833
depth4_bal_MAAMAMAM,4,MAAMAMAM,23025,276300,0.8844781816005707,1.2568186124165852,1.2332541942596436,0.706266318537859,0.5678851174934726,0.5929074840586195,1.0,0.0003,1.0,9710.32747387886
depth4_bal_MAAMAMAM,4,MAAMAMAM,23050,276600,0.017943459019685786,0.3211687703927358,0.31697130799293516,0.9990208877284595,0.8890339425587467,0.8995413357198792,1.0,0.0003,1.0,9721.157217025757
depth4_bal_MAAMAMAM,4,MAAMAMAM,23075,276900,0.012757868816455206,0.28661133845647174,0.27651440969535285,0.9996736292428199,0.9086161879895561,0.9125181787671999,1.0,0.0003,1.0,9731.793292999268
depth4_bal_MAAMAMAM,4,MAAMAMAM,23100,277200,0.009867443858335415,0.2504593829313914,0.24178362148148672,1.0,0.9203655352480418,0.9247119364582168,1.0,0.0003,1.0,9742.366262197495
depth4_bal_MAAMAMAM,4,MAAMAMAM,23125,277500,0.38516877094904584,0.7597885330518087,0.7372941034180778,0.868798955613577,0.7389033942558747,0.7446023045083343,1.0,0.0003,1.0,9752.965514183044
depth4_bal_MAAMAMAM,4,MAAMAMAM,23150,277800,0.009371015553673109,0.22511272132396698,0.20913610586098264,1.0,0.9360313315926893,0.9354513927732409,1.0,0.0003,1.0,9763.908553600311
depth4_bal_MAAMAMAM,4,MAAMAMAM,23175,278100,0.007635211998907228,0.2094739725192388,0.18925093965870993,1.0,0.943864229765013,0.9435059850095089,1.0,0.0003,1.0,9774.959505081177
depth4_bal_MAAMAMAM,4,MAAMAMAM,23200,278400,0.0066439894726499915,0.2070514460404714,0.1789071915405137,1.0,0.9425587467362925,0.9471976731177985,1.0,0.0003,1.0,9785.687260866165
depth4_bal_MAAMAMAM,4,MAAMAMAM,23225,278700,0.005782278759094576,0.1866278350353241,0.16843383759260178,1.0,0.9477806788511749,0.9510012305627028,1.0,0.0003,1.0,9796.394227981567
depth4_bal_MAAMAMAM,4,MAAMAMAM,23250,279000,0.004930205992422998,0.1887507438659668,0.16585909873247145,1.0,0.943864229765013,0.9526792706119253,1.0,0.0003,1.0,9807.32308602333
depth4_bal_MAAMAMAM,4,MAAMAMAM,23275,279300,0.00406394072342664,0.17730544010798135,0.15613682397774287,1.0,0.9490861618798956,0.9554760040272962,1.0,0.0003,1.0,9818.156292200089
depth4_bal_MAAMAMAM,4,MAAMAMAM,23300,279600,0.10855177417397499,0.41944706439971924,0.41897728613444735,0.985313315926893,0.856396866840731,0.8644143640228213,1.0,0.0003,1.0,9828.948489189148
depth4_bal_MAAMAMAM,4,MAAMAMAM,23325,279900,0.014460089694087705,0.24158088366190592,0.24626657239028385,1.0,0.9203655352480418,0.9250475444680613,1.0,0.0003,1.0,9839.866378307343
depth4_bal_MAAMAMAM,4,MAAMAMAM,23350,280200,0.026404200897862513,0.2498234361410141,0.2515321293047496,0.9996736292428199,0.9177545691906005,0.9228101577357646,1.0,0.0003,1.0,9850.75551867485
depth4_bal_MAAMAMAM,4,MAAMAMAM,23375,280500,0.01197003829292953,0.19980600476264954,0.19599875254290444,1.0,0.9347258485639687,0.9433941156728941,1.0,0.0003,1.0,9861.423685789108
depth4_bal_MAAMAMAM,4,MAAMAMAM,23400,280800,0.035350295094152294,0.2809159755706787,0.2943374297448567,0.9947780678851175,0.8994778067885117,0.9046873252041615,1.0,0.0003,1.0,9872.054797649384
depth4_bal_MAAMAMAM,4,MAAMAMAM,23425,281100,0.010667608041937152,0.2187847097714742,0.2040169779743467,1.0,0.9242819843342036,0.9395905582279898,1.0,0.0003,1.0,9883.004483699799
depth4_bal_MAAMAMAM,4,MAAMAMAM,23450,281400,0.009404031792655587,0.1982530653476715,0.19587008357048036,1.0,0.9308093994778068,0.9420516836335161,1.0,0.0003,1.0,9893.807046413422
depth4_bal_MAAMAMAM,4,MAAMAMAM,23475,281700,0.35727742065985996,0.6578300992647806,0.6836104699543544,0.9024151436031331,0.779373368146214,0.7567960621993511,1.0,0.0003,1.0,9904.386506795883
depth4_bal_MAAMAMAM,4,MAAMAMAM,23500,282000,0.009848996841659149,0.2148591031630834,0.20376072249242239,1.0,0.9373368146214099,0.9378006488421524,1.0,0.0003,1.0,9914.9377887249
depth4_bal_MAAMAMAM,4,MAAMAMAM,23525,282300,0.008455741258027652,0.20061717927455902,0.1853866253580366,1.0,0.9360313315926893,0.9441772010291979,1.0,0.0003,1.0,9925.96214556694
depth4_bal_MAAMAMAM,4,MAAMAMAM,23550,282600,0.0071985694812610745,0.18334797521432242,0.17339935302734374,1.0,0.9477806788511749,0.9467501957713391,1.0,0.0003,1.0,9936.911227941513
depth4_bal_MAAMAMAM,4,MAAMAMAM,23575,282900,0.016956645995378494,0.3112909197807312,0.2950974647487913,1.0,0.902088772845953,0.9055822798970802,1.0,0.0003,1.0,9947.757915019989
depth4_bal_MAAMAMAM,4,MAAMAMAM,23600,283200,0.011443834441403547,0.24462892611821493,0.24480397743838175,1.0,0.922976501305483,0.9254950218145206,1.0,0.0003,1.0,9958.471192121506
depth4_bal_MAAMAMAM,4,MAAMAMAM,23625,283500,0.0105837006897976,0.23343703150749207,0.22696107583386557,1.0,0.9268929503916449,0.931983443338181,1.0,0.0003,1.0,9968.934292554855
depth4_bal_MAAMAMAM,4,MAAMAMAM,23650,283800,0.01766289087633292,0.26984328031539917,0.2911828845739365,0.9967362924281984,0.9190600522193212,0.9099451840250588,1.0,0.0003,1.0,9979.516432523727
depth4_bal_MAAMAMAM,4,MAAMAMAM,23675,284100,0.007396944526893397,0.2088501900434494,0.2087966284581593,1.0,0.9360313315926893,0.9364582168027744,1.0,0.0003,1.0,9990.257294654846
depth4_bal_MAAMAMAM,4,MAAMAMAM,23700,284400,0.008119265199638903,0.1940049429734548,0.19314075452940804,1.0,0.9425587467362925,0.9442890703658128,1.0,0.0003,1.0,10001.085490942001
depth4_bal_MAAMAMAM,4,MAAMAMAM,23725,284700,0.006980521837249398,0.1888559361298879,0.18462329038551875,1.0,0.9425587467362925,0.9464145877614946,1.0,0.0003,1.0,10011.824014902115
depth4_bal_MAAMAMAM,4,MAAMAMAM,23750,285000,0.006057253185038765,0.18558684984842935,0.17954633704253606,1.0,0.9464751958224543,0.9478688891374875,1.0,0.0003,1.0,10022.34625172615
depth4_bal_MAAMAMAM,4,MAAMAMAM,23775,285300,0.09398472619553407,0.45982717474301654,0.42841819609914505,0.97911227154047,0.8420365535248042,0.8577022038259313,1.0,0.0003,1.0,10033.130496025085
depth4_bal_MAAMAMAM,4,MAAMAMAM,23800,285600,0.007114269421435893,0.2123732070128123,0.2098772700343813,1.0,0.9347258485639687,0.9352276541000112,1.0,0.0003,1.0,10043.923427343369
depth4_bal_MAAMAMAM,4,MAAMAMAM,23825,285900,0.007963524704488615,0.20748001833756766,0.2079473342214312,1.0,0.9386422976501305,0.9395905582279898,1.0,0.0003,1.0,10054.709771871567
depth4_bal_MAAMAMAM,4,MAAMAMAM,23850,286200,0.005829638374658923,0.20817906657854715,0.2037693121603557,1.0,0.9399477806788512,0.9400380355744491,1.0,0.0003,1.0,10065.361157894135
depth4_bal_MAAMAMAM,4,MAAMAMAM,23875,286500,0.007278010249137878,0.22422167658805847,0.21681823176997048,1.0,0.9373368146214099,0.9390312115449155,1.0,0.0003,1.0,10076.222997903824
depth4_bal_MAAMAMAM,4,MAAMAMAM,23900,286800,0.01782256457954645,0.2763593892256419,0.2862732074090413,0.9986945169712794,0.9073107049608355,0.9117350934108961,1.0,0.0003,1.0,10086.534335136414
depth4_bal_MAAMAMAM,4,MAAMAMAM,23925,287100,0.01216847434019049,0.23502367238203684,0.2247529557773045,0.9996736292428199,0.9203655352480418,0.9304172726255733,1.0,0.0003,1.0,10095.83522105217
depth4_bal_MAAMAMAM,4,MAAMAMAM,23950,287400,0.008586532203480601,0.21062186360359192,0.2058941717658724,0.9996736292428199,0.933420365535248,0.9373531714956931,1.0,0.0003,1.0,10106.65577173233
depth4_bal_MAAMAMAM,4,MAAMAMAM,23975,287700,0.006506471157384415,0.20648391048113504,0.1877631868634905,1.0,0.9360313315926893,0.9438415930193534,1.0,0.0003,1.0,10117.662437677383
depth4_bal_MAAMAMAM,4,MAAMAMAM,24000,288000,0.2857022782166799,1.0858919620513916,1.0475390979221888,0.9076370757180157,0.7049608355091384,0.7010851325651639,1.0,0.0003,1.0,10128.46028828621
depth4_bal_MAAMAMAM,4,MAAMAMAM,24025,288300,0.7230546474456787,0.9712348977724711,0.9725186892918178,0.8067885117493473,0.6827676240208878,0.684192862736324,1.0,0.0003,1.0,10137.758271932602
depth4_bal_MAAMAMAM,4,MAAMAMAM,24050,288600,0.035888443856189646,0.3038464883963267,0.31026566326618193,0.9986945169712794,0.9007832898172323,0.9002125517395682,1.0,0.0003,1.0,10148.593242406845
depth4_bal_MAAMAMAM,4,MAAMAMAM,24075,288900,0.019705738872289658,0.2383467505375544,0.2316536383969443,1.0,0.9360313315926893,0.9303054032889585,1.0,0.0003,1.0,10159.39699292183
depth4_bal_MAAMAMAM,4,MAAMAMAM,24100,289200,0.015585851312304536,0.21865244706471762,0.21561326725142343,1.0,0.9386422976501305,0.9336614833874035,1.0,0.0003,1.0,10170.226857662201
depth4_bal_MAAMAMAM,4,MAAMAMAM,24125,289500,0.013514445396140218,0.1997209390004476,0.1935567061815943,1.0,0.9399477806788512,0.9446246783756572,1.0,0.0003,1.0,10181.188732385635
depth4_bal_MAAMAMAM,4,MAAMAMAM,24150,289800,0.0121155451827993,0.1976205458243688,0.1856703281402588,1.0,0.943864229765013,0.9436178543461238,1.0,0.0003,1.0,10192.186348676682
depth4_bal_MAAMAMAM,4,MAAMAMAM,24175,290100,0.13568623177707195,0.7939018607139587,0.8987038033349174,0.9595300261096605,0.7506527415143603,0.7336391095200806,1.0,0.0003,1.0,10203.076127052307
depth4_bal_MAAMAMAM,4,MAAMAMAM,24200,290400,0.012266237521544099,0.2050246944030126,0.20619158148765565,1.0,0.9373368146214099,0.9388074728716859,1.0,0.0003,1.0,10213.64949631691
depth4_bal_MAAMAMAM,4,MAAMAMAM,24225,290700,0.011382549380262693,0.19681177039941153,0.19299068791525706,1.0,0.9399477806788512,0.9432822463362792,1.0,0.0003,1.0,10224.526180028915
depth4_bal_MAAMAMAM,4,MAAMAMAM,24250,291000,0.009799403992171088,0.18347227573394775,0.18482688665390015,1.0,0.9464751958224543,0.9484282358205616,1.0,0.0003,1.0,10235.338829755783
depth4_bal_MAAMAMAM,4,MAAMAMAM,24275,291300,0.008208877872675657,0.17601566016674042,0.1705395172749247,1.0,0.943864229765013,0.9496587985233248,1.0,0.0003,1.0,10246.179178237915
depth4_bal_MAAMAMAM,4,MAAMAMAM,24300,291600,0.01451084033275644,0.24304133653640747,0.23175846295697347,1.0,0.9203655352480418,0.9273968005369728,1.0,0.0003,1.0,10256.882217884064
depth4_bal_MAAMAMAM,4,MAAMAMAM,24325,291900,0.011111139475057522,0.2125176191329956,0.1986667594739369,1.0,0.9386422976501305,0.9394786888913749,1.0,0.0003,1.0,10267.701291799545
depth4_bal_MAAMAMAM,4,MAAMAMAM,24350,292200,0.009243739147981008,0.20382059613863626,0.18716960911239897,1.0,0.9451697127937336,0.9440653316925831,1.0,0.0003,1.0,10278.689536094666
depth4_bal_MAAMAMAM,4,MAAMAMAM,24375,292500,0.007831975080383321,0.19625317056973776,0.17974062263965607,1.0,0.9373368146214099,0.9457433717418056,1.0,0.0003,1.0,10289.531501531601
depth4_bal_MAAMAMAM,4,MAAMAMAM,24400,292800,0.006383569639486571,0.18332948784033457,0.17332743938480105,1.0,0.9451697127937336,0.9478688891374875,1.0,0.0003,1.0,10300.239300727844
depth4_bal_MAAMAMAM,4,MAAMAMAM,24425,293100,0.005446230449403326,0.18531890710194907,0.1748755748782839,1.0,0.9477806788511749,0.9486519744937912,1.0,0.0003,1.0,10311.01234793663
depth4_bal_MAAMAMAM,4,MAAMAMAM,24450,293400,0.4884379307428996,0.885335385799408,0.9190072246960231,0.8325718015665796,0.6710182767624021,0.6843047320729388,1.0,0.0003,1.0,10321.892973423004
depth4_bal_MAAMAMAM,4,MAAMAMAM,24475,293700,0.013137764995917678,0.24459928274154663,0.24260357405458177,1.0,0.9151436031331592,0.9251594138046761,1.0,0.0003,1.0,10332.556537866592
depth4_bal_MAAMAMAM,4,MAAMAMAM,24500,294000,0.011091811116784811,0.2171167035897573,0.2191752621105739,1.0,0.9268929503916449,0.9332140060409442,1.0,0.0003,1.0,10343.239040613174
depth4_bal_MAAMAMAM,4,MAAMAMAM,24525,294300,0.009271318558603525,0.20176416635513306,0.20278883916991097,1.0,0.9373368146214099,0.9411567289405974,1.0,0.0003,1.0,10353.9671728611
depth4_bal_MAAMAMAM,4,MAAMAMAM,24550,294600,0.20333072418967882,0.5590147177378336,0.5419580927916936,0.9445169712793734,0.8211488250652742,0.820897192079651,1.0,0.0003,1.0,10364.81051659584
depth4_bal_MAAMAMAM,4,MAAMAMAM,24575,294900,0.008350133740653595,0.2148436407248179,0.20670707523822784,1.0,0.933420365535248,0.9378006488421524,1.0,0.0003,1.0,10375.32042837143
depth4_bal_MAAMAMAM,4,MAAMAMAM,24600,295200,0.008230340861094495,0.20995442072550455,0.1936212182044983,1.0,0.9399477806788512,0.9428347689898199,1.0,0.0003,1.0,10386.124398469925
depth4_bal_MAAMAMAM,4,MAAMAMAM,24625,295500,0.006406157820795973,0.1965862661600113,0.17805370943886892,1.0,0.9451697127937336,0.9461908490882649,1.0,0.0003,1.0,10397.065408468246
depth4_bal_MAAMAMAM,4,MAAMAMAM,24650,295800,0.0054548221329847974,0.18523478011290231,0.16767256068331854,1.0,0.9425587467362925,0.9488757131670209,1.0,0.0003,1.0,10407.735818624496
depth4_bal_MAAMAMAM,4,MAAMAMAM,24675,296100,0.09779765581091245,0.4472319881121318,0.4678867254938398,0.9778067885117493,0.8485639686684073,0.8372301152254167,1.0,0.0003,1.0,10418.51660490036
depth4_bal_MAAMAMAM,4,MAAMAMAM,24700,296400,0.01608636408733825,0.2713829775651296,0.26266794545309885,0.9996736292428199,0.9060052219321149,0.9153149121825708,1.0,0.0003,1.0,10429.380481481552
depth4_bal_MAAMAMAM,4,MAAMAMAM,24725,296700,0.1375278625637293,0.45063788692156476,0.4911079568522317,0.9640992167101827,0.835509138381201,0.8345452511466607,1.0,0.0003,1.0,10440.224135398865
depth4_bal_MAAMAMAM,4,MAAMAMAM,24750,297000,0.019046040019020438,0.24434488515059152,0.24863655950341906,0.9996736292428199,0.9255874673629243,0.9237051124286833,1.0,0.0003,1.0,10451.042429685593
depth4_bal_MAAMAMAM,4,MAAMAMAM,24775,297300,0.015087334671989083,0.21281550327936807,0.21906176550047737,1.0,0.9321148825065274,0.9351157847633964,1.0,0.0003,1.0,10461.995678424835
depth4_bal_MAAMAMAM,4,MAAMAMAM,24800,297600,0.012157006577278176,0.1871828387180964,0.19939813571316856,1.0,0.9399477806788512,0.9438415930193534,1.0,0.0003,1.0,10470.759379386902
depth4_bal_MAAMAMAM,4,MAAMAMAM,24825,297900,0.010551595439513525,0.18499631683031717,0.18800188324281147,1.0,0.943864229765013,0.9458552410784205,1.0,0.0003,1.0,10479.962635993958
depth4_bal_MAAMAMAM,4,MAAMAMAM,24850,298200,0.008630425940888623,0.1787836750348409,0.18192575850657056,1.0,0.9464751958224543,0.9454077637319611,1.0,0.0003,1.0,10490.074314117432
depth4_bal_MAAMAMAM,4,MAAMAMAM,24875,298500,0.0075482633740951615,0.17029581467310587,0.16742874554225376,1.0,0.9477806788511749,0.9505537532162435,1.0,0.0003,1.0,10498.302649021149
depth4_bal_MAAMAMAM,4,MAAMAMAM,24900,298800,0.05326541264851888,0.29035523533821106,0.30581619484083994,0.9908616187989556,0.902088772845953,0.9034567625013984,1.0,0.0003,1.0,10509.154502153397
depth4_bal_MAAMAMAM,4,MAAMAMAM,24925,299100,0.009807637349391976,0.20463481545448303,0.19881499026502883,1.0,0.9321148825065274,0.9372413021590782,1.0,0.0003,1.0,10519.578838348389
depth4_bal_MAAMAMAM,4,MAAMAMAM,24950,299400,0.20223947738607725,0.4830938180287679,0.46935497096606665,0.9627937336814621,0.8381201044386423,0.8452847074616847,1.0,0.0003,1.0,10530.361367940903
depth4_bal_MAAMAMAM,4,MAAMAMAM,24975,299700,0.016137313020105164,0.23950162529945374,0.23868980067116874,1.0,0.9190600522193212,0.9284036245665063,1.0,0.0003,1.0,10541.110779762268
depth4_bal_MAAMAMAM,4,MAAMAMAM,25000,300000,0.01622870642070969,0.23183655242125192,0.23281142115592957,0.9996736292428199,0.9295039164490861,0.930641011298803,1.0,0.0003,1.0,10552.066240549088
depth4_bal_MAAMAMAM,4,MAAMAMAM,25025,300300,0.011295194427172342,0.21953815718491873,0.2169988764183862,1.0,0.9321148825065274,0.9357870007830854,1.0,0.0003,1.0,10563.15098953247
depth4_bal_MAAMAMAM,4,MAAMAMAM,25050,300600,0.009727209263170758,0.2141184409459432,0.21280607283115388,1.0,0.9321148825065274,0.9379125181787672,1.0,0.0003,1.0,10573.90183877945
depth4_bal_MAAMAMAM,4,MAAMAMAM,25075,300900,0.009322314755991101,0.20401358107725778,0.20826344490051268,1.0,0.9386422976501305,0.9390312115449155,1.0,0.0003,1.0,10584.500573158264
depth4_bal_MAAMAMAM,4,MAAMAMAM,25100,301200,0.006794072920456529,0.19939281543095908,0.20681874177285603,1.0,0.9347258485639687,0.9409329902673678,1.0,0.0003,1.0,10595.365711927414
depth4_bal_MAAMAMAM,4,MAAMAMAM,25125,301500,0.31382849005361396,0.842397928237915,0.8579709189278739,0.8903394255874674,0.7245430809399478,0.734645933549614,1.0,0.0003,1.0,10606.112356424332
depth4_bal_MAAMAMAM,4,MAAMAMAM,25150,301800,0.012911246080572406,0.231454998254776,0.22431096860340663,1.0,0.9281984334203656,0.9292985792594249,1.0,0.0003,1.0,10616.988725185394
depth4_bal_MAAMAMAM,4,MAAMAMAM,25175,302100,0.011588810943067074,0.20635554194450378,0.20008357720715658,1.0,0.9386422976501305,0.9414923369504419,1.0,0.0003,1.0,10627.80215382576
depth4_bal_MAAMAMAM,4,MAAMAMAM,25200,302400,0.010472146483759085,0.20158949991067251,0.18843432537146976,0.9996736292428199,0.9360313315926893,0.9447365477122721,1.0,0.0003,1.0,10638.754217624664
depth4_bal_MAAMAMAM,4,MAAMAMAM,25225,302700,0.008218737163891396,0.18990442156791687,0.1777394473552704,1.0,0.9399477806788512,0.9494350598500951,1.0,0.0003,1.0,10648.867862939835
depth4_bal_MAAMAMAM,4,MAAMAMAM,25250,303000,0.007019942665162186,0.18483911454677582,0.16939834547894342,1.0,0.9399477806788512,0.9495469291867099,1.0,0.0003,1.0,10659.654162883759
depth4_bal_MAAMAMAM,4,MAAMAMAM,25275,303300,0.005981371272355318,0.17832920948664346,0.16532850052629197,1.0,0.9477806788511749,0.9532386172949995,1.0,0.0003,1.0,10670.462433099747
depth4_bal_MAAMAMAM,4,MAAMAMAM,25300,303600,0.673187700410684,1.1864289840062459,1.1295887981142316,0.8005874673629243,0.6488250652741514,0.6656225528582616,1.0,0.0003,1.0,10681.296175956726
depth4_bal_MAAMAMAM,4,MAAMAMAM,25325,303900,0.010065376603355011,0.23942036430040994,0.22308683906282697,1.0,0.9177545691906005,0.9287392325763508,1.0,0.0003,1.0,10692.049141645432
depth4_bal_MAAMAMAM,4,MAAMAMAM,25350,304200,0.009006299544125795,0.2168472856283188,0.1965642077582223,1.0,0.9321148825065274,0.9407092515941381,1.0,0.0003,1.0,10714.909550189972
depth4_bal_MAAMAMAM,4,MAAMAMAM,25375,304500,0.007931264272580544,0.2008122354745865,0.18934451767376492,1.0,0.9360313315926893,0.9423872916433605,1.0,0.0003,1.0,10725.659520626068
depth4_bal_MAAMAMAM,4,MAAMAMAM,25400,304800,0.006356908124871552,0.19006705780824026,0.17357937672308513,1.0,0.9412532637075718,0.9469739344445688,1.0,0.0003,1.0,10736.2809715271
depth4_bal_MAAMAMAM,4,MAAMAMAM,25425,305100,1.1813787122567494,1.282891035079956,1.3003094128199986,0.6080287206266318,0.5182767624020888,0.5442443226311668,1.0,0.0003,1.0,10747.112456083298
depth4_bal_MAAMAMAM,4,MAAMAMAM,25450,305400,0.01078040882324179,0.2595093945662181,0.23056726711136954,1.0,0.9151436031331592,0.9281798858932766,1.0,0.0003,1.0,10757.756015062332
depth4_bal_MAAMAMAM,4,MAAMAMAM,25475,305700,0.010824012104421854,0.23164481421311697,0.20704284693513597,1.0,0.9268929503916449,0.9391430808815304,1.0,0.0003,1.0,10766.965345859528
depth4_bal_MAAMAMAM,4,MAAMAMAM,25500,306000,0.008264759322628379,0.20454201102256775,0.1846896314195224,1.0,0.9347258485639687,0.9456315024051908,1.0,0.0003,1.0,10776.942486763
depth4_bal_MAAMAMAM,4,MAAMAMAM,25525,306300,0.0069226816995069385,0.19076589246590933,0.17321102278573172,1.0,0.9386422976501305,0.9503300145430138,1.0,0.0003,1.0,10787.711563825607
depth4_bal_MAAMAMAM,4,MAAMAMAM,25550,306600,0.005919384382044275,0.1785753866036733,0.16002634572131294,1.0,0.9373368146214099,0.9539098333146885,1.0,0.0003,1.0,10798.514287948608
depth4_bal_MAAMAMAM,4,MAAMAMAM,25575,306900,0.33875008672475815,0.7288205424944559,0.6839302403586252,0.8909921671018277,0.7428198433420365,0.7619420516836335,1.0,0.0003,1.0,10809.382385730743
depth4_bal_MAAMAMAM,4,MAAMAMAM,25600,307200,0.06100263151650628,1.8131801287333171,1.725784308569772,0.9856396866840731,0.5300261096605744,0.5404407651862625,1.0,0.0003,1.0,10820.025606155396
depth4_bal_MAAMAMAM,4,MAAMAMAM,25625,307500,0.01792242641871174,0.32227184375127155,0.3058436172349112,1.0,0.891644908616188,0.9070365812730731,1.0,0.0003,1.0,10830.766358852386
depth4_bal_MAAMAMAM,4,MAAMAMAM,25650,307800,0.045530167097846665,0.3770815928777059,0.33213441244193487,0.9954308093994778,0.881201044386423,0.8914867434836111,1.0,0.0003,1.0,10841.626688957214
depth4_bal_MAAMAMAM,4,MAAMAMAM,25675,308100,0.012467443632582823,0.24963884552319845,0.23397424135889325,1.0,0.9151436031331592,0.9307528806354178,1.0,0.0003,1.0,10852.12366604805
depth4_bal_MAAMAMAM,4,MAAMAMAM,25700,308400,0.01053141220472753,0.25708258152008057,0.21632198861667087,1.0,0.9177545691906005,0.9358988701197002,1.0,0.0003,1.0,10862.986989498138
depth4_bal_MAAMAMAM,4,MAAMAMAM,25725,308700,0.008945309479410449,0.21651028096675873,0.203022757598332,1.0,0.9321148825065274,0.9411567289405974,1.0,0.0003,1.0,10873.570408821106
depth4_bal_MAAMAMAM,4,MAAMAMAM,25750,309000,0.013005555452158054,0.30567331115404767,0.2861962016139712,1.0,0.8955613577023499,0.9094977066785994,1.0,0.0003,1.0,10884.4693775177
depth4_bal_MAAMAMAM,4,MAAMAMAM,25775,309300,0.01083216342764596,0.27316389481226605,0.2555681266954967,1.0,0.912532637075718,0.9203490323302382,1.0,0.0003,1.0,10895.089252948761
depth4_bal_MAAMAMAM,4,MAAMAMAM,25800,309600,0.008880297808597485,0.24912936985492706,0.24186486644404276,1.0,0.9203655352480418,0.9278442778834322,1.0,0.0003,1.0,10905.709154129028
depth4_bal_MAAMAMAM,4,MAAMAMAM,25825,309900,0.24075962354739508,0.7818629940350851,0.7335998501096453,0.9197127937336814,0.7597911227154047,0.7716746839691241,1.0,0.0003,1.0,10916.302365779877
depth4_bal_MAAMAMAM,4,MAAMAMAM,25850,310200,0.015339585564409694,0.2860419551531474,0.28446847881589615,1.0,0.9164490861618799,0.9120707014207405,1.0,0.0003,1.0,10927.257587432861
depth4_bal_MAAMAMAM,4,MAAMAMAM,25875,310500,0.015254408509160081,0.25606968998908997,0.2760867352996554,1.0,0.9242819843342036,0.9150911735093411,1.0,0.0003,1.0,10937.401921749115
depth4_bal_MAAMAMAM,4,MAAMAMAM,25900,310800,0.011229084571823478,0.23496211568514505,0.2440822869539261,1.0,0.9268929503916449,0.9265018458440542,1.0,0.0003,1.0,10948.153836727142
depth4_bal_MAAMAMAM,4,MAAMAMAM,25925,311100,0.00915067883518835,0.22343225280443826,0.23227776033537728,1.0,0.9360313315926893,0.9309766193086475,1.0,0.0003,1.0,10958.928608417511
depth4_bal_MAAMAMAM,4,MAAMAMAM,25950,311400,0.007791676442138851,0.2189937432607015,0.22462094681603567,1.0,0.933420365535248,0.933325875377559,1.0,0.0003,1.0,10969.770926475525
depth4_bal_MAAMAMAM,4,MAAMAMAM,25975,311700,0.754825676480929,1.1379940509796143,1.1598394666399274,0.7281331592689295,0.5613577023498695,0.5437968452847075,1.0,0.0003,1.0,10980.429931402206
depth4_bal_MAAMAMAM,4,MAAMAMAM,26000,312000,0.30317602058251697,0.646154781182607,0.6536239981651306,0.893603133159269,0.762402088772846,0.7572435395458105,1.0,0.0003,1.0,10991.21948504448
depth4_bal_MAAMAMAM,4,MAAMAMAM,26025,312300,0.11888991110026836,0.42222001155217487,0.49384505833898273,0.9817232375979112,0.8485639686684073,0.8163105492784428,1.0,0.0003,1.0,11002.585142612457
depth4_bal_MAAMAMAM,4,MAAMAMAM,26050,312600,0.024844045440355938,0.24208836257457733,0.2869742512702942,1.0,0.9295039164490861,0.9014431144423314,1.0,0.0003,1.0,11013.38994216919
depth4_bal_MAAMAMAM,4,MAAMAMAM,26075,312900,0.018037050341566403,0.18416439990202585,0.21215546471732002,1.0,0.9516971279373369,0.9327665286944848,1.0,0.0003,1.0,11024.207338094711
depth4_bal_MAAMAMAM,4,MAAMAMAM,26100,313200,0.015448993615185222,0.17929348846276602,0.19681980056422096,1.0,0.9516971279373369,0.9405973822575232,1.0,0.0003,1.0,11035.0754840374
depth4_bal_MAAMAMAM,4,MAAMAMAM,26125,313500,0.015059214861442646,0.1904254456361135,0.1948604587997709,1.0,0.9490861618798956,0.9419398142969012,1.0,0.0003,1.0,11044.750422477722
depth4_bal_MAAMAMAM,4,MAAMAMAM,26150,313800,0.13868548286457857,0.3858852783838908,0.40429246255329676,0.9680156657963447,0.8642297650130548,0.8604989372413021,1.0,0.0003,1.0,11055.184706687927
depth4_bal_MAAMAMAM,4,MAAMAMAM,26175,314100,0.012858920032158494,0.17995841801166534,0.18269052122320448,1.0,0.9503916449086162,0.9475332811276429,1.0,0.0003,1.0,11066.030162334442
depth4_bal_MAAMAMAM,4,MAAMAMAM,26200,314400,0.011345713321740428,0.17746806144714355,0.17504061545644486,1.0,0.943864229765013,0.9499944065331692,1.0,0.0003,1.0,11076.858880758286
depth4_bal_MAAMAMAM,4,MAAMAMAM,26225,314700,0.00931159903605779,0.17370021839936575,0.16671821858201707,1.0,0.9543080939947781,0.9508893612260879,1.0,0.0003,1.0,11087.760169267654
depth4_bal_MAAMAMAM,4,MAAMAMAM,26250,315000,0.008173771280174455,0.15732067823410034,0.16153120355946676,1.0,0.9556135770234987,0.9532386172949995,1.0,0.0003,1.0,11098.454813718796
depth4_bal_MAAMAMAM,4,MAAMAMAM,26275,315300,0.7078984854742885,2.7277892430623374,2.790868330001831,0.8508485639686684,0.4490861618798956,0.4164895402170265,1.0,0.0003,1.0,11109.101649284363
depth4_bal_MAAMAMAM,4,MAAMAMAM,26300,315600,0.010524232406169176,0.25127793351809186,0.21943319439888,1.0,0.9177545691906005,0.931983443338181,1.0,0.0003,1.0,11119.913404941559
depth4_bal_MAAMAMAM,4,MAAMAMAM,26325,315900,0.01857628021389246,0.3932886521021525,0.35080294268471857,0.9990208877284595,0.8720626631853786,0.8824253272178096,1.0,0.0003,1.0,11130.111720323563
depth4_bal_MAAMAMAM,4,MAAMAMAM,26350,316200,0.014550651966904601,0.24287345012029013,0.2317033133336476,1.0,0.9190600522193212,0.9256068911511355,1.0,0.0003,1.0,11140.44551062584
depth4_bal_MAAMAMAM,4,MAAMAMAM,26375,316500,0.011884723169108232,0.20622036854426065,0.20155185375894819,1.0,0.9321148825065274,0.9385837341984562,1.0,0.0003,1.0,11150.143376588821
depth4_bal_MAAMAMAM,4,MAAMAMAM,26400,316800,0.010129917801047364,0.1843131184577942,0.18382369939770019,1.0,0.9477806788511749,0.9454077637319611,1.0,0.0003,1.0,11158.71785569191
depth4_bal_MAAMAMAM,4,MAAMAMAM,26425,317100,0.008424492087215185,0.1751346786816915,0.17199660603489195,1.0,0.9451697127937336,0.9514487079091621,1.0,0.0003,1.0,11169.570105314255
depth4_bal_MAAMAMAM,4,MAAMAMAM,26450,317400,0.006903074410123129,0.15730226039886475,0.15347440327916825,1.0,0.9464751958224543,0.9562590893835999,1.0,0.0003,1.0,11179.495549201965
depth4_bal_MAAMAMAM,4,MAAMAMAM,26475,317700,1.5432877242565155,2.0533878803253174,2.086783116204398,0.5842036553524804,0.4046997389033943,0.4014990491106388,1.0,0.0003,1.0,11189.613546609879
depth4_bal_MAAMAMAM,4,MAAMAMAM,26500,318000,0.06795276111612718,0.3331936001777649,0.34385160378047397,0.9898825065274152,0.8851174934725848,0.8867882313457881,1.0,0.0003,1.0,11200.34094285965
depth4_bal_MAAMAMAM,4,MAAMAMAM,26525,318300,0.010182986579214534,0.19662357370058695,0.19377205478293555,1.0,0.9360313315926893,0.9426110303165902,1.0,0.0003,1.0,11211.206848859787
depth4_bal_MAAMAMAM,4,MAAMAMAM,26550,318600,0.00869398998717467,0.1805412918329239,0.1780080280133656,1.0,0.9386422976501305,0.9471976731177985,1.0,0.0003,1.0,11221.927410840988
depth4_bal_MAAMAMAM,4,MAAMAMAM,26575,318900,0.007466900511644781,0.1621342102686564,0.16832073628902436,1.0,0.9464751958224543,0.9517843159190066,1.0,0.0003,1.0,11232.210950613022
depth4_bal_MAAMAMAM,4,MAAMAMAM,26600,319200,0.0070014783802131815,0.1749537835518519,0.1796963789633342,1.0,0.9451697127937336,0.9479807584741022,1.0,0.0003,1.0,11242.824368476868
depth4_bal_MAAMAMAM,4,MAAMAMAM,26625,319500,0.06789290718734264,0.398955633242925,0.38320845876421245,0.985313315926893,0.8694516971279374,0.878174292426446,1.0,0.0003,1.0,11253.551095247269
depth4_bal_MAAMAMAM,4,MAAMAMAM,26650,319800,0.3881680518388748,1.0490190188090007,1.0516446113586426,0.8694516971279374,0.6788511749347258,0.6717753663720775,1.0,0.0003,1.0,11264.379628181458
depth4_bal_MAAMAMAM,4,MAAMAMAM,26675,320100,0.018986030636976164,0.3102118770281474,0.2722901029246194,1.0,0.9060052219321149,0.9100570533616735,1.0,0.0003,1.0,11275.136363744736
depth4_bal_MAAMAMAM,4,MAAMAMAM,26700,320400,0.017240634343276422,0.2740528533856074,0.2523566492966243,1.0,0.9177545691906005,0.9252712831412909,1.0,0.0003,1.0,11285.813701152802
depth4_bal_MAAMAMAM,4,MAAMAMAM,26725,320700,0.013792999554425478,0.24797654648621878,0.22776937910488673,1.0,0.9268929503916449,0.931983443338181,1.0,0.0003,1.0,11296.892810821533
depth4_bal_MAAMAMAM,4,MAAMAMAM,26750,321000,0.011501109382758537,0.23799359798431396,0.2180587146963392,1.0,0.9268929503916449,0.9337733527240184,1.0,0.0003,1.0,11307.73715043068
depth4_bal_MAAMAMAM,4,MAAMAMAM,26775,321300,0.00940821187881132,0.22081242005030313,0.20259374848433903,1.0,0.9308093994778068,0.9401499049110639,1.0,0.0003,1.0,11318.718698978424
depth4_bal_MAAMAMAM,4,MAAMAMAM,26800,321600,0.008322256617248058,0.21635832885901132,0.19602582092796053,1.0,0.9412532637075718,0.9407092515941381,1.0,0.0003,1.0,11329.424566745758
depth4_bal_MAAMAMAM,4,MAAMAMAM,26825,321900,1.1717886477708817,1.2418431440989177,1.2706556081771851,0.6498041775456919,0.5926892950391645,0.5996196442555095,1.0,0.0003,1.0,11340.008086919785
depth4_bal_MAAMAMAM,4,MAAMAMAM,26850,322200,0.05409904041637977,0.3455659548441569,0.30621143281459806,0.9964099216710183,0.8942558746736292,0.898310773017116,1.0,0.0003,1.0,11350.750138998032
depth4_bal_MAAMAMAM,4,MAAMAMAM,26875,322500,0.012738931768884262,0.2260951449473699,0.21430175517286573,1.0,0.9321148825065274,0.9353395234366261,1.0,0.0003,1.0,11361.739622354507
depth4_bal_MAAMAMAM,4,MAAMAMAM,26900,322800,0.010442626972993216,0.1984590341647466,0.19746300194944655,0.9996736292428199,0.9399477806788512,0.9414923369504419,1.0,0.0003,1.0,11372.559088468552
depth4_bal_MAAMAMAM,4,MAAMAMAM,26925,323100,0.010977528057992458,0.18894822895526886,0.18249303911413464,0.9996736292428199,0.9464751958224543,0.9482044971473319,1.0,0.0003,1.0,11383.484572649002
depth4_bal_MAAMAMAM,4,MAAMAMAM,26950,323400,0.008223316709821423,0.1774811049302419,0.17112632798297064,1.0,0.9543080939947781,0.9497706678599396,1.0,0.0003,1.0,11394.263171195984
depth4_bal_MAAMAMAM,4,MAAMAMAM,26975,323700,0.00671564481065919,0.1710318922996521,0.1601796825017248,1.0,0.9516971279373369,0.9541335719879181,1.0,0.0003,1.0,11405.169467926025
depth4_bal_MAAMAMAM,4,MAAMAMAM,27000,324000,0.39006995409727097,0.6331622203191122,0.6603311521666391,0.8903394255874674,0.7767624020887729,0.7658574784651527,1.0,0.0003,1.0,11414.454529762268
depth4_bal_MAAMAMAM,4,MAAMAMAM,27025,324300,0.013988824173187217,0.26611905296643573,0.2425000203507287,1.0,0.912532637075718,0.9247119364582168,1.0,0.0003,1.0,11425.58752322197
depth4_bal_MAAMAMAM,4,MAAMAMAM,27050,324600,0.01948679160947601,0.25345645348231,0.2455140505518232,0.9993472584856397,0.9177545691906005,0.9222508110526905,1.0,0.0003,1.0,11436.393803358078
depth4_bal_MAAMAMAM,4,MAAMAMAM,27075,324900,0.014842899361004433,0.2493982861439387,0.21643880690847125,0.9996736292428199,0.9255874673629243,0.9355632621098557,1.0,0.0003,1.0,11446.922476530075
depth4_bal_MAAMAMAM,4,MAAMAMAM,27100,325200,0.29598872115214664,0.8630282084147135,0.7760806032589503,0.9017624020887729,0.7349869451697127,0.7576910168922698,1.0,0.0003,1.0,11457.79267525673
depth4_bal_MAAMAMAM,4,MAAMAMAM,27125,325500,0.012609085688988367,0.25428234537442523,0.2337291338614055,1.0,0.9190600522193212,0.9305291419621882,1.0,0.0003,1.0,11468.348566055298
depth4_bal_MAAMAMAM,4,MAAMAMAM,27150,325800,0.011516458898161849,0.2340804636478424,0.21058888392789024,1.0,0.9281984334203656,0.9395905582279898,1.0,0.0003,1.0,11479.262097120285
depth4_bal_MAAMAMAM,4,MAAMAMAM,27175,326100,0.3227984930078189,1.0796780586242676,1.0588957497051783,0.8971932114882507,0.6618798955613577,0.6743483611142186,1.0,0.0003,1.0,11490.132376670837
depth4_bal_MAAMAMAM,4,MAAMAMAM,27200,326400,0.009056790576626858,0.23846615850925446,0.2163985231092998,1.0,0.9190600522193212,0.9335496140507887,1.0,0.0003,1.0,11500.733973026276
depth4_bal_MAAMAMAM,4,MAAMAMAM,27225,326700,0.009245132561773062,0.2283926804860433,0.20240858495235442,1.0,0.9281984334203656,0.9404855129209084,1.0,0.0003,1.0,11511.525223731995
depth4_bal_MAAMAMAM,4,MAAMAMAM,27250,327000,0.24202679470181465,0.6242541074752808,0.6197925610201699,0.9288511749347258,0.7859007832898173,0.795279113994854,1.0,0.0003,1.0,11522.231793165207
depth4_bal_MAAMAMAM,4,MAAMAMAM,27275,327300,0.008872527939577898,0.23359385132789612,0.21248602824551718,1.0,0.9242819843342036,0.9392549502181452,1.0,0.0003,1.0,11533.020284891129
depth4_bal_MAAMAMAM,4,MAAMAMAM,27300,327600,0.008213065952683488,0.22490720947583517,0.20024529865809848,1.0,0.9347258485639687,0.9418279449602864,1.0,0.0003,1.0,11543.8962225914
depth4_bal_MAAMAMAM,4,MAAMAMAM,27325,327900,0.00700489121178786,0.20041526854038239,0.18985088425023214,1.0,0.9347258485639687,0.9444009397024276,1.0,0.0003,1.0,11554.669157505035
depth4_bal_MAAMAMAM,4,MAAMAMAM,27350,328200,0.008206993457861245,0.21627100308736166,0.22650806861264364,1.0,0.9268929503916449,0.9266137151806689,1.0,0.0003,1.0,11565.637458562851
depth4_bal_MAAMAMAM,4,MAAMAMAM,27375,328500,0.009129501025502881,0.1885905017455419,0.19982839567320687,1.0,0.9386422976501305,0.9399261662378342,1.0,0.0003,1.0,11576.334121704102
depth4_bal_MAAMAMAM,4,MAAMAMAM,27400,328800,0.007810886056783299,0.17072861889998117,0.18115623593330382,1.0,0.9503916449086162,0.9483163664839468,1.0,0.0003,1.0,11586.827587127686
depth4_bal_MAAMAMAM,4,MAAMAMAM,27425,329100,0.00660703672717015,0.1470149060090383,0.16371639796665738,1.0,0.9621409921671018,0.9511130998993176,1.0,0.0003,1.0,11597.513488531113
depth4_bal_MAAMAMAM,4,MAAMAMAM,27450,329400,0.021811728598549962,0.26680198311805725,0.25081286983830586,0.9973890339425587,0.9138381201044387,0.9204609016668531,1.0,0.0003,1.0,11608.04465341568
depth4_bal_MAAMAMAM,4,MAAMAMAM,27475,329700,0.008488325634971261,0.1862544467051824,0.18041897543839047,1.0,0.9477806788511749,0.9466383264347242,1.0,0.0003,1.0,11617.528260469437
depth4_bal_MAAMAMAM,4,MAAMAMAM,27500,330000,0.007425994612276554,0.16512816647688547,0.16667621731758117,1.0,0.9530026109660574,0.9503300145430138,1.0,0.0003,1.0,11626.417751073837
depth4_bal_MAAMAMAM,4,MAAMAMAM,27525,330300,0.006320270321642359,0.15912848711013794,0.15158769956656865,1.0,0.95822454308094,0.9569303054032889,1.0,0.0003,1.0,11637.413609266281
depth4_bal_MAAMAMAM,4,MAAMAMAM,27550,330600,1.3972043345371883,1.8283192316691081,1.8070123468126569,0.6161879895561357,0.4608355091383812,0.4749972032665846,1.0,0.0003,1.0,11648.281668424606
depth4_bal_MAAMAMAM,4,MAAMAMAM,27575,330900,0.043448024429380894,0.34284113844235736,0.3207263865641185,0.9967362924281984,0.891644908616188,0.8924935675131447,1.0,0.0003,1.0,11659.186730384827
depth4_bal_MAAMAMAM,4,MAAMAMAM,27600,331200,0.020850900715837877,0.25124338269233704,0.2505554441894804,0.9996736292428199,0.912532637075718,0.9212439870231569,1.0,0.0003,1.0,11670.02673459053
depth4_bal_MAAMAMAM,4,MAAMAMAM,27625,331500,0.027124544295171898,0.28437675535678864,0.2667970440217427,0.9996736292428199,0.8994778067885117,0.9146436961628818,1.0,0.0003,1.0,11680.921016454697
depth4_bal_MAAMAMAM,4,MAAMAMAM,27650,331800,0.0155281494371593,0.2244007686773936,0.20962176067488533,1.0,0.922976501305483,0.9389193422083008,1.0,0.0003,1.0,11691.637839078903
depth4_bal_MAAMAMAM,4,MAAMAMAM,27675,332100,0.013374582088241974,0.20739354193210602,0.20463963747024536,1.0,0.933420365535248,0.9421635529701309,1.0,0.0003,1.0,11702.416517019272
depth4_bal_MAAMAMAM,4,MAAMAMAM,27700,332400,0.0148513566236943,0.2479261358579,0.2281179985829762,1.0,0.9203655352480418,0.9305291419621882,1.0,0.0003,1.0,11712.716775655746
depth4_bal_MAAMAMAM,4,MAAMAMAM,27725,332700,0.011364416452124715,0.2011497219403585,0.19603840623583113,1.0,0.9425587467362925,0.9432822463362792,1.0,0.0003,1.0,11723.630700588226
depth4_bal_MAAMAMAM,4,MAAMAMAM,27750,333000,0.009694856125861406,0.18186830480893454,0.1805678889155388,1.0,0.943864229765013,0.9486519744937912,1.0,0.0003,1.0,11734.435177087784
depth4_bal_MAAMAMAM,4,MAAMAMAM,27775,333300,0.0095046308512489,0.18741766115029654,0.1784145182796887,1.0,0.9464751958224543,0.9489875825036358,1.0,0.0003,1.0,11745.16972208023
depth4_bal_MAAMAMAM,4,MAAMAMAM,27800,333600,0.006909785404180487,0.1685105264186859,0.16997562987463816,1.0,0.9464751958224543,0.9487638438304061,1.0,0.0003,1.0,11756.227277040482
depth4_bal_MAAMAMAM,4,MAAMAMAM,27825,333900,0.9033776273330053,1.0355767409006755,1.0098074964114598,0.7196475195822454,0.6566579634464752,0.6589103926613715,1.0,0.0003,1.0,11766.797339439392
depth4_bal_MAAMAMAM,4,MAAMAMAM,27850,334200,0.00728204349676768,0.22994735836982727,0.21311352252960206,1.0,0.9242819843342036,0.9322071820114106,1.0,0.0003,1.0,11777.659945964813
depth4_bal_MAAMAMAM,4,MAAMAMAM,27875,334500,0.008245687116868794,0.2071890781323115,0.19451148978301458,1.0,0.9373368146214099,0.9423872916433605,1.0,0.0003,1.0,11788.44653058052
depth4_bal_MAAMAMAM,4,MAAMAMAM,27900,334800,0.007059239665977657,0.18914642930030823,0.17953274782214845,1.0,0.9399477806788512,0.9475332811276429,1.0,0.0003,1.0,11799.250108003616
depth4_bal_MAAMAMAM,4,MAAMAMAM,27925,335100,0.005976871664946278,0.17296461264292398,0.16925433512244906,1.0,0.9464751958224543,0.9505537532162435,1.0,0.0003,1.0,11810.132982969284
depth4_bal_MAAMAMAM,4,MAAMAMAM,27950,335400,0.10007657296955585,0.42670191327730816,0.42665262392589026,0.9742167101827677,0.8498694516971279,0.8687772681507999,1.0,0.0003,1.0,11820.849544286728
depth4_bal_MAAMAMAM,4,MAAMAMAM,27975,335700,0.008027667296119034,0.2259929676850637,0.22441724325929369,1.0,0.9242819843342036,0.9282917552298915,1.0,0.0003,1.0,11831.522038459778
depth4_bal_MAAMAMAM,4,MAAMAMAM,28000,336000,0.01650400327829023,0.3050485849380493,0.28442379959992,0.9996736292428199,0.902088772845953,0.9078196666293769,1.0,0.0003,1.0,11842.271967172623
depth4_bal_MAAMAMAM,4,MAAMAMAM,28025,336300,0.011954990914091468,0.2437195877234141,0.2395785404103143,1.0,0.9255874673629243,0.9253831524779058,1.0,0.0003,1.0,11853.35895872116
depth4_bal_MAAMAMAM,4,MAAMAMAM,28050,336600,0.21414990102251372,0.5639518896738688,0.5391846094812666,0.9608355091383812,0.8185378590078329,0.8173173733079763,1.0,0.0003,1.0,11864.198851823807
depth4_bal_MAAMAMAM,4,MAAMAMAM,28075,336900,0.022395862887303036,0.3075043062369029,0.3184271369661604,1.0,0.8968668407310705,0.8977514263340418,1.0,0.0003,1.0,11875.11971616745
depth4_bal_MAAMAMAM,4,MAAMAMAM,28100,337200,0.04917889926582575,0.3755161166191101,0.3595076297010694,0.9947780678851175,0.8785900783289817,0.8817541111981206,1.0,0.0003,1.0,11885.89042043686
depth4_bal_MAAMAMAM,4,MAAMAMAM,28125,337500,0.014961890565852324,0.22378828128178915,0.22973085727010453,1.0,0.9295039164490861,0.9316478353283365,1.0,0.0003,1.0,11896.33054471016
depth4_bal_MAAMAMAM,4,MAAMAMAM,28150,337800,0.012529466844474276,0.1906982958316803,0.20473576315811703,1.0,0.9412532637075718,0.9407092515941381,1.0,0.0003,1.0,11907.139394283295
depth4_bal_MAAMAMAM,4,MAAMAMAM,28175,338100,0.18859122196833292,0.4968383212884267,0.488459758247648,0.9428851174934726,0.8342036553524804,0.8366707685423426,1.0,0.0003,1.0,11918.072583436966
depth4_bal_MAAMAMAM,4,MAAMAMAM,28200,338400,0.01081815455108881,0.21265555918216705,0.20187330884592875,1.0,0.9386422976501305,0.9403736435842935,1.0,0.0003,1.0,11928.89648270607
depth4_bal_MAAMAMAM,4,MAAMAMAM,28225,338700,0.015647886010507744,0.19850896298885345,0.20972431642668588,0.9990208877284595,0.9360313315926893,0.9375769101689228,1.0,0.0003,1.0,11939.628136396408
depth4_bal_MAAMAMAM,4,MAAMAMAM,28250,339000,0.007954397704452276,0.1635559399922689,0.17373990757124766,1.0,0.9569190600522193,0.9479807584741022,1.0,0.0003,1.0,11950.73426413536
depth4_bal_MAAMAMAM,4,MAAMAMAM,28275,339300,0.006842592149041593,0.1531175822019577,0.16673295008284705,1.0,0.9556135770234987,0.9485401051571765,1.0,0.0003,1.0,11961.69631409645
depth4_bal_MAAMAMAM,4,MAAMAMAM,28300,339600,0.005791538666623334,0.14329091211160025,0.15563809935535702,1.0,0.95822454308094,0.9518961852556215,1.0,0.0003,1.0,11972.459454774857
depth4_bal_MAAMAMAM,4,MAAMAMAM,28325,339900,0.18774237111210823,0.5684424042701721,0.5622856054987226,0.9461488250652742,0.8107049608355091,0.795950330014543,1.0,0.0003,1.0,11982.879126548767
depth4_bal_MAAMAMAM,4,MAAMAMAM,28350,340200,0.018417500114689272,0.25438706080118817,0.24174368679523467,0.9996736292428199,0.9203655352480418,0.9215795950330015,1.0,0.0003,1.0,11993.880969524384
depth4_bal_MAAMAMAM,4,MAAMAMAM,28375,340500,0.013526799700533351,0.21676907440026602,0.20555670644555774,1.0,0.9295039164490861,0.9365700861393892,1.0,0.0003,1.0,12004.84978890419
depth4_bal_MAAMAMAM,4,MAAMAMAM,28400,340800,0.010353611782193184,0.20868448913097382,0.19522237862859454,1.0,0.9308093994778068,0.9394786888913749,1.0,0.0003,1.0,12015.58923959732
depth4_bal_MAAMAMAM,4,MAAMAMAM,28425,341100,0.00881961810713013,0.20377183953921,0.18865702961172376,1.0,0.9399477806788512,0.9405973822575232,1.0,0.0003,1.0,12026.426602363586
depth4_bal_MAAMAMAM,4,MAAMAMAM,28450,341400,0.009046212847655019,0.20110249519348145,0.20476827110563006,0.9996736292428199,0.9321148825065274,0.9331021367043293,1.0,0.0003,1.0,12037.383399248123
depth4_bal_MAAMAMAM,4,MAAMAMAM,28475,341700,0.1386042491843303,0.5728970368703207,0.5462632707187107,0.9660574412532638,0.8015665796344648,0.8129544691799978,1.0,0.0003,1.0,12048.259397745132
depth4_bal_MAAMAMAM,4,MAAMAMAM,28500,342000,0.021657166071236134,0.28346622983614606,0.2780319005250931,1.0,0.9033942558746736,0.9153149121825708,1.0,0.0003,1.0,12058.84727025032
depth4_bal_MAAMAMAM,4,MAAMAMAM,28525,342300,0.01928396491954724,0.25612367192904156,0.24490091630390712,1.0,0.912532637075718,0.9246000671216019,1.0,0.0003,1.0,12069.547060489655
depth4_bal_MAAMAMAM,4,MAAMAMAM,28550,342600,0.04199547025685509,0.30427757402261096,0.3015805516924177,0.9970626631853786,0.9007832898172323,0.9036805011746281,1.0,0.0003,1.0,12080.398658275604
depth4_bal_MAAMAMAM,4,MAAMAMAM,28575,342900,0.022163507528603077,0.3079858124256134,0.28403009602001733,0.9996736292428199,0.8942558746736292,0.9099451840250588,1.0,0.0003,1.0,12091.055930614471
depth4_bal_MAAMAMAM,4,MAAMAMAM,28600,343200,0.015572963980957866,0.28698016206423443,0.24467894392354148,1.0,0.9099216710182768,0.9253831524779058,1.0,0.0003,1.0,12101.77814078331
depth4_bal_MAAMAMAM,4,MAAMAMAM,28625,343500,0.013518994829307,0.26752112805843353,0.23526715040206908,1.0,0.912532637075718,0.9276205392102025,1.0,0.0003,1.0,12112.556706666946
depth4_bal_MAAMAMAM,4,MAAMAMAM,28650,343800,0.010847423691302538,0.25108911097049713,0.21882255588259017,1.0,0.9216710182767625,0.9324309206846403,1.0,0.0003,1.0,12123.558854103088
depth4_bal_MAAMAMAM,4,MAAMAMAM,28675,344100,0.016853771560514968,0.254909669359525,0.24408109188079835,0.9990208877284595,0.9164490861618799,0.9250475444680613,1.0,0.0003,1.0,12134.35690331459
depth4_bal_MAAMAMAM,4,MAAMAMAM,28700,344400,0.015080075012519956,0.24962439139684042,0.24586249206747327,1.0,0.9216710182767625,0.9228101577357646,1.0,0.0003,1.0,12145.197895765305
depth4_bal_MAAMAMAM,4,MAAMAMAM,28725,344700,0.012111036572605371,0.21770818531513214,0.21349662797791616,1.0,0.9242819843342036,0.9365700861393892,1.0,0.0003,1.0,12155.942365407944
depth4_bal_MAAMAMAM,4,MAAMAMAM,28750,345000,0.01003153397080799,0.20287473499774933,0.19982767232826779,1.0,0.9399477806788512,0.9412685982772122,1.0,0.0003,1.0,12166.887037992477
depth4_bal_MAAMAMAM,4,MAAMAMAM,28775,345300,0.008462193538434803,0.18702994783719382,0.1842152863740921,1.0,0.9425587467362925,0.9471976731177985,1.0,0.0003,1.0,12177.606539011002
depth4_bal_MAAMAMAM,4,MAAMAMAM,28800,345600,0.007323836674913764,0.18325772881507874,0.1737533639584269,1.0,0.9451697127937336,0.9504418838796286,1.0,0.0003,1.0,12187.873790979385
depth4_bal_MAAMAMAM,4,MAAMAMAM,28825,345900,0.010225208631406227,0.24809630711873373,0.22615014910697936,0.9996736292428199,0.9164490861618799,0.9257187604877503,1.0,0.0003,1.0,12198.69374871254
depth4_bal_MAAMAMAM,4,MAAMAMAM,28850,346200,0.008490990032441914,0.19385931392510733,0.1872626821909632,1.0,0.943864229765013,0.9429466383264348,1.0,0.0003,1.0,12209.429634809494
depth4_bal_MAAMAMAM,4,MAAMAMAM,28875,346500,0.006801272432009379,0.1750485599040985,0.17021474625383104,1.0,0.9516971279373369,0.9496587985233248,1.0,0.0003,1.0,12220.063127756119
depth4_bal_MAAMAMAM,4,MAAMAMAM,28900,346800,0.005710968553709487,0.16894799967606863,0.16435429198401316,1.0,0.9543080939947781,0.9510012305627028,1.0,0.0003,1.0,12230.759540557861
depth4_bal_MAAMAMAM,4,MAAMAMAM,28925,347100,0.29970357070366543,0.7705844640731812,0.7190281340054103,0.910574412532637,0.7010443864229765,0.7264794719767311,1.0,0.0003,1.0,12241.621982097626
depth4_bal_MAAMAMAM,4,MAAMAMAM,28950,347400,0.0753761064261198,0.4563036461671193,0.4007043719291687,0.9869451697127938,0.8446475195822454,0.8658686653988141,1.0,0.0003,1.0,12250.037359714508
depth4_bal_MAAMAMAM,4,MAAMAMAM,28975,347700,0.014028556489696106,0.29263047377268475,0.24730204258646285,1.0,0.8955613577023499,0.9234813737554536,1.0,0.0003,1.0,12258.349211931229
depth4_bal_MAAMAMAM,4,MAAMAMAM,29000,348000,0.01211463543586433,0.26742084821065265,0.24363477868693215,1.0,0.8994778067885117,0.9201252936570086,1.0,0.0003,1.0,12266.659232854843
depth4_bal_MAAMAMAM,4,MAAMAMAM,29025,348300,0.009950472585236033,0.2524399757385254,0.23280406040804727,1.0,0.9151436031331592,0.9256068911511355,1.0,0.0003,1.0,12278.101091861725
depth4_bal_MAAMAMAM,4,MAAMAMAM,29050,348600,0.31681566312909126,0.8140916426976522,0.8236340182168144,0.8975195822454308,0.758485639686684,0.7600402729611814,1.0,0.0003,1.0,12288.75185585022
depth4_bal_MAAMAMAM,4,MAAMAMAM,29075,348900,0.008985130349174142,0.22305785616238913,0.21238552119050708,1.0,0.9268929503916449,0.9337733527240184,1.0,0.0003,1.0,12299.55396270752
depth4_bal_MAAMAMAM,4,MAAMAMAM,29100,349200,0.008955736644566059,0.20973323782285055,0.19626156049115318,1.0,0.9321148825065274,0.9420516836335161,1.0,0.0003,1.0,12310.507377386093
depth4_bal_MAAMAMAM,4,MAAMAMAM,29125,349500,0.0074707067882021265,0.19826316833496094,0.18472879316125598,1.0,0.9373368146214099,0.9450721557221166,1.0,0.0003,1.0,12321.359767913818
depth4_bal_MAAMAMAM,4,MAAMAMAM,29150,349800,0.4400027294953664,1.2750988403956096,1.3275762813431875,0.8632506527415144,0.6462140992167101,0.6624902114330462,1.0,0.0003,1.0,12332.117284297943
depth4_bal_MAAMAMAM,4,MAAMAMAM,29175,350100,0.007406827256393929,0.20452572902043661,0.19775830166680472,1.0,0.9386422976501305,0.9371294328224634,1.0,0.0003,1.0,12342.969194889069
depth4_bal_MAAMAMAM,4,MAAMAMAM,29200,350400,0.006650660458641748,0.19662754237651825,0.1876543091876166,1.0,0.9373368146214099,0.9411567289405974,1.0,0.0003,1.0,12353.67596578598
depth4_bal_MAAMAMAM,4,MAAMAMAM,29225,350700,0.005711369798518717,0.1962074339389801,0.17960508040019443,1.0,0.9464751958224543,0.9452958943953462,1.0,0.0003,1.0,12361.831585645676
depth4_bal_MAAMAMAM,4,MAAMAMAM,29250,351000,0.13631822634488344,0.9989522695541382,0.9842465570994786,0.9575718015665796,0.695822454308094,0.7083566394451281,1.0,0.0003,1.0,12370.767917871475
depth4_bal_MAAMAMAM,4,MAAMAMAM,29275,351300,0.06823290108392636,0.3319235146045685,0.33672816327639987,0.9921671018276762,0.8877284595300261,0.886900100682403,1.0,0.0003,1.0,12380.476621389389
depth4_bal_MAAMAMAM,4,MAAMAMAM,29300,351600,0.017667270575960476,0.24332681794961294,0.24879074565001896,1.0,0.9203655352480418,0.9266137151806689,1.0,0.0003,1.0,12389.260381698608
depth4_bal_MAAMAMAM,4,MAAMAMAM,29325,351900,0.01471893636820217,0.2230038990577062,0.23085963768618448,1.0,0.9242819843342036,0.9323190513480255,1.0,0.0003,1.0,12398.506340742111
depth4_bal_MAAMAMAM,4,MAAMAMAM,29350,352200,0.012000523740425706,0.21490244567394257,0.21598021132605416,1.0,0.9360313315926893,0.9366819554760041,1.0,0.0003,1.0,12407.278774261475
depth4_bal_MAAMAMAM,4,MAAMAMAM,29375,352500,0.010753048428644737,0.19898462295532227,0.20554144254752568,1.0,0.9360313315926893,0.9398142969012194,1.0,0.0003,1.0,12417.728721380234
depth4_bal_MAAMAMAM,4,MAAMAMAM,29400,352800,0.014260458915183941,0.23441768685976663,0.24002737871238164,1.0,0.9216710182767625,0.9241525897751426,1.0,0.0003,1.0,12428.591082334518
depth4_bal_MAAMAMAM,4,MAAMAMAM,29425,353100,0.010044010821729898,0.19269157946109772,0.20401868522167205,1.0,0.9464751958224543,0.9389193422083008,1.0,0.0003,1.0,12439.382816791534
depth4_bal_MAAMAMAM,4,MAAMAMAM,29450,353400,0.008480540205103656,0.18043752014636993,0.18811182975769042,1.0,0.9451697127937336,0.9460789797516501,1.0,0.0003,1.0,12450.15340089798
depth4_bal_MAAMAMAM,4,MAAMAMAM,29475,353700,0.007551726147842904,0.16622207562128702,0.1748653790780476,1.0,0.9543080939947781,0.9512249692359325,1.0,0.0003,1.0,12461.11699295044
depth4_bal_MAAMAMAM,4,MAAMAMAM,29500,354000,0.017526300546402734,0.2352717568476995,0.23678711354732512,0.9967362924281984,0.9242819843342036,0.9291867099228102,1.0,0.0003,1.0,12471.977023363113
depth4_bal_MAAMAMAM,4,MAAMAMAM,29525,354300,0.00916974184413751,0.2182741016149521,0.2221237680741719,1.0,0.933420365535248,0.9336614833874035,1.0,0.0003,1.0,12482.833616733551
depth4_bal_MAAMAMAM,4,MAAMAMAM,29550,354600,0.007954084974092742,0.21624717116355896,0.2047701839889799,1.0,0.9386422976501305,0.9391430808815304,1.0,0.0003,1.0,12493.599863767624
depth4_bal_MAAMAMAM,4,MAAMAMAM,29575,354900,0.006648573442362249,0.18311765789985657,0.19060294670718056,1.0,0.9490861618798956,0.9441772010291979,1.0,0.0003,1.0,12504.451823472977
depth4_bal_MAAMAMAM,4,MAAMAMAM,29600,355200,1.1810191124677658,2.9876126448313394,2.7822212627955847,0.702023498694517,0.35900783289817234,0.37028750419510015,1.0,0.0003,1.0,12514.83275771141
depth4_bal_MAAMAMAM,4,MAAMAMAM,29625,355500,0.009792915157352885,0.2225266695022583,0.21610858142375947,1.0,0.9177545691906005,0.9288511019129656,1.0,0.0003,1.0,12525.482372760773
depth4_bal_MAAMAMAM,4,MAAMAMAM,29650,355800,0.009140743796403209,0.19340346256891885,0.19209376786436352,1.0,0.9295039164490861,0.9413804676138271,1.0,0.0003,1.0,12536.27628493309
depth4_bal_MAAMAMAM,4,MAAMAMAM,29675,356100,0.4651748115817706,0.739810029665629,0.7864655103002276,0.837467362924282,0.7389033942558747,0.7384494909945184,1.0,0.0003,1.0,12545.830745697021
depth4_bal_MAAMAMAM,4,MAAMAMAM,29700,356400,0.148589376360178,0.4954790771007538,0.5133319326809475,0.9588772845953003,0.814621409921671,0.8251482268710146,1.0,0.0003,1.0,12554.110194444656
depth4_bal_MAAMAMAM,4,MAAMAMAM,29725,356700,0.013181976353128752,0.2555792033672333,0.2585812543119703,1.0,0.9177545691906005,0.9187828616176306,1.0,0.0003,1.0,12563.61171245575
depth4_bal_MAAMAMAM,4,MAAMAMAM,29750,357000,0.4204245060682297,1.0271274050076802,1.0536676287651061,0.8616187989556136,0.695822454308094,0.6773688332028192,1.0,0.0003,1.0,12574.250792264938
depth4_bal_MAAMAMAM,4,MAAMAMAM,29775,357300,0.010851729040344557,0.2173279325167338,0.22096831628254482,1.0,0.9190600522193212,0.9352276541000112,1.0,0.0003,1.0,12585.232731103897
depth4_bal_MAAMAMAM,4,MAAMAMAM,29800,357600,0.011690393323078752,0.19882062077522278,0.196908957191876,1.0,0.9360313315926893,0.9418279449602864,1.0,0.0003,1.0,12595.89936876297
depth4_bal_MAAMAMAM,4,MAAMAMAM,29825,357900,0.009366707876324654,0.17114415764808655,0.17350044271775655,1.0,0.9516971279373369,0.9501062758697841,1.0,0.0003,1.0,12606.681107759476
depth4_bal_MAAMAMAM,4,MAAMAMAM,29850,358200,0.008222110220231116,0.16586261987686157,0.16103416234254836,1.0,0.9530026109660574,0.9524555319386956,1.0,0.0003,1.0,12617.601348161697
depth4_bal_MAAMAMAM,4,MAAMAMAM,29875,358500,0.006931704042168955,0.14946667850017548,0.15100129587309702,1.0,0.9543080939947781,0.9561472200469852,1.0,0.0003,1.0,12628.005363225937
depth4_bal_MAAMAMAM,4,MAAMAMAM,29900,358800,3.254916727542877,2.5569214820861816,2.5327629361833846,0.381201044386423,0.2741514360313316,0.2674795838460678,1.0,0.0003,1.0,12638.776568174362
depth4_bal_MAAMAMAM,4,MAAMAMAM,29925,359100,0.016019098383064072,0.30147214730580646,0.2870418033429554,1.0,0.8955613577023499,0.9046873252041615,1.0,0.0003,1.0,12649.55256986618
depth4_bal_MAAMAMAM,4,MAAMAMAM,29950,359400,0.012902850595613321,0.24339632193247476,0.24152920842170716,1.0,0.9216710182767625,0.9228101577357646,1.0,0.0003,1.0,12660.009327888489
depth4_bal_MAAMAMAM,4,MAAMAMAM,29975,359700,0.010603229592864713,0.21751112242539725,0.21575756881918226,1.0,0.922976501305483,0.9323190513480255,1.0,0.0003,1.0,12670.026544332504
depth4_bal_MAAMAMAM,4,MAAMAMAM,30000,360000,0.0762255781640609,0.37234315276145935,0.4086600601673126,0.9830287206266318,0.8655352480417755,0.8593802438751538,1.0,0.0003,1.0,12680.92353796959
depth4_bal_MAAMAMAM,4,MAAMAMAM,30025,360300,0.011523539821306864,0.22245663901170096,0.21461400389671326,1.0,0.9242819843342036,0.9334377447141738,1.0,0.0003,1.0,12690.248802900314
depth4_bal_MAAMAMAM,4,MAAMAMAM,30050,360600,0.00963137981792291,0.2069110373655955,0.20080049335956573,1.0,0.9295039164490861,0.9385837341984562,1.0,0.0003,1.0,12698.680584430695
depth4_bal_MAAMAMAM,4,MAAMAMAM,30075,360900,0.00820790211825321,0.17713781197865805,0.18391137335981642,1.0,0.9464751958224543,0.9438415930193534,1.0,0.0003,1.0,12707.329292297363
depth4_bal_MAAMAMAM,4,MAAMAMAM,30100,361200,0.022297128336504102,0.27209073305130005,0.2654474675655365,0.9970626631853786,0.9099216710182768,0.9165454748853339,1.0,0.0003,1.0,12716.779294967651
depth4_bal_MAAMAMAM,4,MAAMAMAM,30125,361500,0.12887445278465748,0.4249855975310008,0.42476322054862975,0.9765013054830287,0.8629242819843342,0.8609464145877614,1.0,0.0003,1.0,12726.967545986176
depth4_bal_MAAMAMAM,4,MAAMAMAM,30150,361800,0.01006999999905626,0.2039141058921814,0.21771752408572606,1.0,0.943864229765013,0.9345564380803222,1.0,0.0003,1.0,12737.781775712967
depth4_bal_MAAMAMAM,4,MAAMAMAM,30175,362100,0.008830658936252197,0.18944705029328665,0.1922489093882697,1.0,0.943864229765013,0.9439534623559682,1.0,0.0003,1.0,12748.480446100235
depth4_bal_MAAMAMAM,4,MAAMAMAM,30200,362400,0.007434277601229648,0.1825310985247294,0.17491148156779154,1.0,0.9490861618798956,0.9489875825036358,1.0,0.0003,1.0,12759.292837619781
depth4_bal_MAAMAMAM,4,MAAMAMAM,30225,362700,0.006316136064318319,0.16459915041923523,0.1618844753929547,1.0,0.9477806788511749,0.9529030092851549,1.0,0.0003,1.0,12770.07976937294
depth4_bal_MAAMAMAM,4,MAAMAMAM,30250,363000,0.2739840894937515,0.6667497754096985,0.6214326075145177,0.9223237597911227,0.7663185378590078,0.7886788231345788,1.0,0.0003,1.0,12780.933232784271
depth4_bal_MAAMAMAM,4,MAAMAMAM,30275,363300,0.17620809748768806,0.6206183036168417,0.5604256297860827,0.9618146214099217,0.7898172323759791,0.8093746504083231,1.0,0.0003,1.0,12791.66623711586
depth4_bal_MAAMAMAM,4,MAAMAMAM,30300,363600,0.020169044534365337,0.272076149781545,0.2642805248498917,1.0,0.9151436031331592,0.9174404295782526,1.0,0.0003,1.0,12802.35312962532
depth4_bal_MAAMAMAM,4,MAAMAMAM,30325,363900,0.01844051107764244,0.23744505643844604,0.2457972147635051,1.0,0.9190600522193212,0.9232576350822239,1.0,0.0003,1.0,12813.176704645157
depth4_bal_MAAMAMAM,4,MAAMAMAM,30350,364200,0.014041179713482657,0.20815732081731161,0.2234133575643812,1.0,0.9399477806788512,0.9331021367043293,1.0,0.0003,1.0,12823.728798389435
depth4_bal_MAAMAMAM,4,MAAMAMAM,30375,364500,0.011934827159469327,0.19646921257177988,0.20848069489002227,1.0,0.9490861618798956,0.9393668195547601,1.0,0.0003,1.0,12833.729995965958
depth4_bal_MAAMAMAM,4,MAAMAMAM,30400,364800,0.5183605601390203,1.2707160313924153,1.3302768502916609,0.841710182767624,0.6070496083550914,0.6223291195883208,1.0,0.0003,1.0,12844.567821264267
depth4_bal_MAAMAMAM,4,MAAMAMAM,30425,365100,0.19078865026434264,0.586698591709137,0.5891370006969997,0.9647519582245431,0.7963446475195822,0.8028862288846628,1.0,0.0003,1.0,12855.677420854568
depth4_bal_MAAMAMAM,4,MAAMAMAM,30450,365400,0.022919986086587112,0.3563215434551239,0.3413822523185185,0.9996736292428199,0.881201044386423,0.8894730954245441,1.0,0.0003,1.0,12866.45673418045
depth4_bal_MAAMAMAM,4,MAAMAMAM,30475,365700,0.015531160403043032,0.26507144669691723,0.2570072570017406,1.0,0.9177545691906005,0.9195659469739345,1.0,0.0003,1.0,12877.31819987297
depth4_bal_MAAMAMAM,4,MAAMAMAM,30500,366000,0.013350438404207429,0.24301029245058695,0.23427554539271764,1.0,0.9216710182767625,0.930641011298803,1.0,0.0003,1.0,12888.068469047546
depth4_bal_MAAMAMAM,4,MAAMAMAM,30525,366300,0.01583929577221473,0.23617236812909445,0.23116193967206136,1.0,0.9190600522193212,0.9299697952791139,1.0,0.0003,1.0,12898.95468378067
depth4_bal_MAAMAMAM,4,MAAMAMAM,30550,366600,0.008400373277254403,0.21212666233380637,0.2063019961118698,1.0,0.9360313315926893,0.9380243875153821,1.0,0.0003,1.0,12909.55913066864
depth4_bal_MAAMAMAM,4,MAAMAMAM,30575,366900,0.007675200739564995,0.2114844669898351,0.20089273963655743,1.0,0.9347258485639687,0.9413804676138271,1.0,0.0003,1.0,12920.442249774933
depth4_bal_MAAMAMAM,4,MAAMAMAM,30600,367200,0.023443604276205104,0.326940655708313,0.30558845954281944,0.9973890339425587,0.8981723237597912,0.9032330238281687,1.0,0.0003,1.0,12931.248359203339
depth4_bal_MAAMAMAM,4,MAAMAMAM,30625,367500,0.502600667377313,0.8927556475003561,0.9081072977610997,0.8286553524804178,0.706266318537859,0.7130551515829511,1.0,0.0003,1.0,12941.963950872421
depth4_bal_MAAMAMAM,4,MAAMAMAM,30650,367800,0.014246033426995078,0.2551000813643138,0.2502844546522413,1.0,0.9099216710182768,0.9220270723794608,1.0,0.0003,1.0,12952.707465410233
depth4_bal_MAAMAMAM,4,MAAMAMAM,30675,368100,0.012106542863572637,0.2375801851352056,0.2309784757239478,1.0,0.9151436031331592,0.9291867099228102,1.0,0.0003,1.0,12963.002742528915
depth4_bal_MAAMAMAM,4,MAAMAMAM,30700,368400,0.009503679350018501,0.22842398285865784,0.21274446036134448,1.0,0.9203655352480418,0.9342208300704777,1.0,0.0003,1.0,12973.566986083984
depth4_bal_MAAMAMAM,4,MAAMAMAM,30725,368700,0.2699868492782116,0.8658309777577718,0.800171058518546,0.910574412532637,0.706266318537859,0.7380020136480591,1.0,0.0003,1.0,12984.161383867264
depth4_bal_MAAMAMAM,4,MAAMAMAM,30750,369000,0.013809483808775743,0.24623281260331473,0.2543323069810867,1.0,0.9203655352480418,0.9210202483499272,1.0,0.0003,1.0,12995.033176898956
depth4_bal_MAAMAMAM,4,MAAMAMAM,30775,369300,0.011926523332173625,0.22201471527417502,0.22778412955147878,1.0,0.9281984334203656,0.9288511019129656,1.0,0.0003,1.0,13005.78315782547
depth4_bal_MAAMAMAM,4,MAAMAMAM,30800,369600,0.009994515605891744,0.2010210007429123,0.20705291884286062,1.0,0.9399477806788512,0.9382481261886118,1.0,0.0003,1.0,13016.694678783417
depth4_bal_MAAMAMAM,4,MAAMAMAM,30825,369900,0.008837812735388676,0.18477284908294678,0.19273553958960943,1.0,0.9451697127937336,0.9407092515941381,1.0,0.0003,1.0,13027.129366159439
depth4_bal_MAAMAMAM,4,MAAMAMAM,30850,370200,0.03718312100196878,0.3181875944137573,0.31025476327964235,0.9957571801566579,0.8929503916449086,0.8984226423537308,1.0,0.0003,1.0,13037.947727918625
depth4_bal_MAAMAMAM,4,MAAMAMAM,30875,370500,0.009676327928900719,0.22759588062763214,0.22689007009778703,1.0,0.9360313315926893,0.9287392325763508,1.0,0.0003,1.0,13048.821685552597
depth4_bal_MAAMAMAM,4,MAAMAMAM,30900,370800,0.007825674101089438,0.20667547484238943,0.2057077305657523,1.0,0.9425587467362925,0.9353395234366261,1.0,0.0003,1.0,13057.568724632263
depth4_bal_MAAMAMAM,4,MAAMAMAM,30925,371100,0.006836397262911002,0.19527371724446616,0.19423945971897671,1.0,0.9464751958224543,0.9401499049110639,1.0,0.0003,1.0,13068.474751710892
depth4_bal_MAAMAMAM,4,MAAMAMAM,30950,371400,0.3837609142065048,0.8396307826042175,0.797931832926614,0.8798955613577023,0.7284595300261096,0.7314017227877838,1.0,0.0003,1.0,13079.350392103195
depth4_bal_MAAMAMAM,4,MAAMAMAM,30975,371700,0.07960488336781661,0.41941624879837036,0.3911207692963736,0.9774804177545692,0.8550913838120104,0.8678823134578812,1.0,0.0003,1.0,13090.221903324127
depth4_bal_MAAMAMAM,4,MAAMAMAM,31000,372000,0.01009658343779544,0.20569835106531778,0.19429485372134617,1.0,0.9321148825065274,0.9421635529701309,1.0,0.0003,1.0,13100.756690740585
depth4_bal_MAAMAMAM,4,MAAMAMAM,31025,372300,0.008817840367555618,0.19449580212434134,0.18024155965873173,1.0,0.9425587467362925,0.9463027184248798,1.0,0.0003,1.0,13112.011888027191
depth4_bal_MAAMAMAM,4,MAAMAMAM,31050,372600,0.007991689490154386,0.1910670300324758,0.17298696892602103,1.0,0.943864229765013,0.9486519744937912,1.0,0.0003,1.0,13122.862861394882
depth4_bal_MAAMAMAM,4,MAAMAMAM,31075,372900,0.006386978745770951,0.1754315843184789,0.16174481681415012,1.0,0.9490861618798956,0.9524555319386956,1.0,0.0003,1.0,13133.581316232681
depth4_bal_MAAMAMAM,4,MAAMAMAM,31100,373200,0.02660808068079253,0.35001853108406067,0.3072726173060281,0.9957571801566579,0.8968668407310705,0.8975276876608121,1.0,0.0003,1.0,13144.43716931343
depth4_bal_MAAMAMAM,4,MAAMAMAM,31125,373500,0.2324316551287969,0.6643710136413574,0.6366837842123849,0.9366840731070496,0.7532637075718016,0.7710034679494351,1.0,0.0003,1.0,13155.208938837051
depth4_bal_MAAMAMAM,4,MAAMAMAM,31150,373800,0.016183851985260844,0.2818984091281891,0.2732875006539481,1.0,0.8968668407310705,0.9168810828951784,1.0,0.0003,1.0,13165.771723031998
depth4_bal_MAAMAMAM,4,MAAMAMAM,31175,374100,0.013502326483527819,0.23384124537309012,0.2308704823255539,1.0,0.9308093994778068,0.9299697952791139,1.0,0.0003,1.0,13176.709378957748
depth4_bal_MAAMAMAM,4,MAAMAMAM,31200,374400,0.011406707189356288,0.23649186392625174,0.22445184758731296,1.0,0.9268929503916449,0.9315359659917216,1.0,0.0003,1.0,13187.134288787842
depth4_bal_MAAMAMAM,4,MAAMAMAM,31225,374700,0.009859092688808838,0.207197239001592,0.2058405088526862,1.0,0.9347258485639687,0.9378006488421524,1.0,0.0003,1.0,13197.458445549011
depth4_bal_MAAMAMAM,4,MAAMAMAM,31250,375000,0.2333336522181829,0.7805733879407247,0.7066369550568717,0.9327676240208878,0.7245430809399478,0.7655218704553082,1.0,0.0003,1.0,13208.263678073883
depth4_bal_MAAMAMAM,4,MAAMAMAM,31275,375300,0.013159026857465506,0.24742849171161652,0.24195568646703447,1.0,0.9164490861618799,0.9239288511019129,1.0,0.0003,1.0,13217.421581983566
depth4_bal_MAAMAMAM,4,MAAMAMAM,31300,375600,0.011019631676996747,0.22535673280556998,0.22203126890318733,1.0,0.9281984334203656,0.9317597046649513,1.0,0.0003,1.0,13225.720624685287
depth4_bal_MAAMAMAM,4,MAAMAMAM,31325,375900,0.009235338385527333,0.2128834823767344,0.20202916094235013,1.0,0.9386422976501305,0.9381362568519969,1.0,0.0003,1.0,13234.391273021698
depth4_bal_MAAMAMAM,4,MAAMAMAM,31350,376200,0.00792379017608861,0.1960230420033137,0.19340622339929853,1.0,0.9464751958224543,0.9418279449602864,1.0,0.0003,1.0,13245.30486536026
depth4_bal_MAAMAMAM,4,MAAMAMAM,31375,376500,0.006495525361970067,0.19482025504112244,0.18287928168262754,1.0,0.9425587467362925,0.9447365477122721,1.0,0.0003,1.0,13255.831539154053
depth4_bal_MAAMAMAM,4,MAAMAMAM,31400,376800,0.287231416751941,0.9588117202123007,0.9286780067852565,0.9046997389033943,0.7010443864229765,0.7120483275534176,1.0,0.0003,1.0,13266.511173009872
depth4_bal_MAAMAMAM,4,MAAMAMAM,31425,377100,0.012915449449792504,0.27640320857365924,0.265990064399583,1.0,0.8903394255874674,0.9133012641235038,1.0,0.0003,1.0,13277.285024642944
depth4_bal_MAAMAMAM,4,MAAMAMAM,31450,377400,0.009685749420896173,0.25785637895266217,0.22699147292545863,1.0,0.9151436031331592,0.9262781071708245,1.0,0.0003,1.0,13288.038016080856
depth4_bal_MAAMAMAM,4,MAAMAMAM,31475,377700,0.01139844092540443,0.23641240100065866,0.2083811410835811,1.0,0.9308093994778068,0.9374650408323079,1.0,0.0003,1.0,13298.782528877258
depth4_bal_MAAMAMAM,4,MAAMAMAM,31500,378000,0.010162582388147712,0.21479110419750214,0.19486794216292244,1.0,0.9360313315926893,0.9430585076630496,1.0,0.0003,1.0,13309.451490402222
depth4_bal_MAAMAMAM,4,MAAMAMAM,31525,378300,0.008242765946003297,0.2076341211795807,0.18692541420459746,1.0,0.9360313315926893,0.9460789797516501,1.0,0.0003,1.0,13320.501283168793
depth4_bal_MAAMAMAM,4,MAAMAMAM,31550,378600,0.013942443455259005,0.2576529532670975,0.258259197643825,1.0,0.9151436031331592,0.9175522989148674,1.0,0.0003,1.0,13330.817814350128
depth4_bal_MAAMAMAM,4,MAAMAMAM,31575,378900,0.010489710684244832,0.21225698292255402,0.20897179884569986,1.0,0.9360313315926893,0.9389193422083008,1.0,0.0003,1.0,13341.721191167831
depth4_bal_MAAMAMAM,4,MAAMAMAM,31600,379200,0.009393624340494474,0.20802628000577292,0.1999753360237394,1.0,0.9321148825065274,0.9403736435842935,1.0,0.0003,1.0,13352.607166528702
depth4_bal_MAAMAMAM,4,MAAMAMAM,31625,379500,0.23203165208299956,0.466419776280721,0.48705924579075405,0.9419060052219321,0.8289817232375979,0.8327553417608233,1.0,0.0003,1.0,13363.584299325943
depth4_bal_MAAMAMAM,4,MAAMAMAM,31650,379800,0.011049351654946804,0.264453003803889,0.24003406081880843,0.9996736292428199,0.9112271540469974,0.9250475444680613,1.0,0.0003,1.0,13373.980507850647
depth4_bal_MAAMAMAM,4,MAAMAMAM,31675,380100,0.008995924765865007,0.20452367266019186,0.19111446014472416,1.0,0.9373368146214099,0.9439534623559682,1.0,0.0003,1.0,13384.771877765656
depth4_bal_MAAMAMAM,4,MAAMAMAM,31700,380400,0.00791534991003573,0.18783689538637796,0.17752227974789483,1.0,0.9425587467362925,0.9499944065331692,1.0,0.0003,1.0,13395.480565309525
depth4_bal_MAAMAMAM,4,MAAMAMAM,31725,380700,0.00683487249383082,0.17864011228084564,0.16965141211237225,1.0,0.9386422976501305,0.9507774918894731,1.0,0.0003,1.0,13406.408920526505
depth4_bal_MAAMAMAM,4,MAAMAMAM,31750,381000,0.005833582719787955,0.1733440856138865,0.16759676464966367,1.0,0.9477806788511749,0.9539098333146885,1.0,0.0003,1.0,13416.889773607254
depth4_bal_MAAMAMAM,4,MAAMAMAM,31775,381300,0.04091509012505412,0.4996604025363922,0.5376323657376426,0.9908616187989556,0.8381201044386423,0.8402505873140172,1.0,0.0003,1.0,13427.797310113907
depth4_bal_MAAMAMAM,4,MAAMAMAM,31800,381600,0.014544364996254444,0.284408837556839,0.27900027930736543,1.0,0.9007832898172323,0.9061416265801544,1.0,0.0003,1.0,13438.460869789124
depth4_bal_MAAMAMAM,4,MAAMAMAM,31825,381900,0.012214054353535175,0.25742970407009125,0.24816819812570298,1.0,0.9203655352480418,0.9211321176865421,1.0,0.0003,1.0,13449.32411146164
depth4_bal_MAAMAMAM,4,MAAMAMAM,31850,382200,0.00965347164310515,0.23453491926193237,0.22136963605880738,1.0,0.9138381201044387,0.9299697952791139,1.0,0.0003,1.0,13460.056371212006
depth4_bal_MAAMAMAM,4,MAAMAMAM,31875,382500,0.008635152752200762,0.22055137157440186,0.21446114310196468,1.0,0.9268929503916449,0.9328783980310996,1.0,0.0003,1.0,13470.894795894623
depth4_bal_MAAMAMAM,4,MAAMAMAM,31900,382800,0.16721898193160692,0.450809766848882,0.4680763781070709,0.9676892950391645,0.835509138381201,0.844389752768766,1.0,0.0003,1.0,13481.836886644363
depth4_bal_MAAMAMAM,4,MAAMAMAM,31925,383100,0.01553959771990776,0.24489112198352814,0.25056104617459435,1.0,0.9177545691906005,0.9234813737554536,1.0,0.0003,1.0,13492.627837181091
depth4_bal_MAAMAMAM,4,MAAMAMAM,31950,383400,0.013241809094324708,0.21892173091570535,0.2240184715815953,1.0,0.9321148825065274,0.9315359659917216,1.0,0.0003,1.0,13503.481034517288
depth4_bal_MAAMAMAM,4,MAAMAMAM,31975,383700,0.01063171417141954,0.21116232872009277,0.211224798645292,1.0,0.9360313315926893,0.9369056941492337,1.0,0.0003,1.0,13514.208880662918
depth4_bal_MAAMAMAM,4,MAAMAMAM,32000,384000,2.034138103326162,2.2321413358052573,2.16468037877764,0.39131853785900783,0.2819843342036554,0.3011522541671328,1.0,0.0003,1.0,13524.88989496231
depth4_bal_MAAMAMAM,4,MAAMAMAM,32025,384300,0.18105922639369965,0.6477919220924377,0.6401261925697327,0.9376631853785901,0.7845953002610966,0.7915874258865645,1.0,0.0003,1.0,13536.141642332077
depth4_bal_MAAMAMAM,4,MAAMAMAM,32050,384600,0.013032803467164436,0.2524636487166087,0.24352908475058418,1.0,0.9177545691906005,0.9249356751314465,1.0,0.0003,1.0,13546.53781080246
depth4_bal_MAAMAMAM,4,MAAMAMAM,32075,384900,0.011150131312509378,0.22767152388890585,0.22016455701419285,1.0,0.9386422976501305,0.9325427900212552,1.0,0.0003,1.0,13557.156491279602
depth4_bal_MAAMAMAM,4,MAAMAMAM,32100,385200,0.03894074447453022,0.2976500292619069,0.27747522847993034,0.9951044386422977,0.8981723237597912,0.9115113547376664,1.0,0.0003,1.0,13568.058089733124
depth4_bal_MAAMAMAM,4,MAAMAMAM,32125,385500,0.5659060726563135,1.0280565818150837,0.9859300902911595,0.8195169712793734,0.674934725848564,0.6906812842599843,1.0,0.0003,1.0,13578.536122083664
depth4_bal_MAAMAMAM,4,MAAMAMAM,32150,385800,0.01891963416710496,0.3210345208644867,0.29843206448214393,1.0,0.8838120104438643,0.9034567625013984,1.0,0.0003,1.0,13589.231878042221
depth4_bal_MAAMAMAM,4,MAAMAMAM,32175,386100,0.01678262270676593,0.289265642563502,0.264771579844611,1.0,0.8994778067885117,0.9167692135585636,1.0,0.0003,1.0,13599.961234331131
depth4_bal_MAAMAMAM,4,MAAMAMAM,32200,386400,0.013492089696228504,0.2610809753338496,0.23189953565597535,1.0,0.9138381201044387,0.930641011298803,1.0,0.0003,1.0,13610.974107980728
depth4_bal_MAAMAMAM,4,MAAMAMAM,32225,386700,0.01191893646803995,0.24309875071048737,0.2101578210081373,1.0,0.9242819843342036,0.9360107394563151,1.0,0.0003,1.0,13621.747790575027
depth4_bal_MAAMAMAM,4,MAAMAMAM,32250,387000,0.014511494198814034,0.27524428566296893,0.25795832914965494,1.0,0.902088772845953,0.9176641682514822,1.0,0.0003,1.0,13632.452799797058
depth4_bal_MAAMAMAM,4,MAAMAMAM,32275,387300,0.012077514237413803,0.2508880943059921,0.22354553639888763,1.0,0.9151436031331592,0.9315359659917216,1.0,0.0003,1.0,13643.248472452164
depth4_bal_MAAMAMAM,4,MAAMAMAM,32300,387600,0.010443589650094509,0.21764846642812094,0.21154797843524387,1.0,0.9281984334203656,0.9354513927732409,1.0,0.0003,1.0,13653.872465372086
depth4_bal_MAAMAMAM,4,MAAMAMAM,32325,387900,0.7093948324521383,1.0318379402160645,1.0346190248216902,0.7630548302872062,0.6462140992167101,0.6429130775254502,1.0,0.0003,1.0,13664.475707769394
depth4_bal_MAAMAMAM,4,MAAMAMAM,32350,388200,0.018239490610236924,0.3139179547627767,0.30228232869080135,0.9986945169712794,0.8955613577023499,0.9053585412238505,1.0,0.0003,1.0,13675.400987386703
depth4_bal_MAAMAMAM,4,MAAMAMAM,32375,388500,0.010068323540811738,0.2137486735979716,0.2159531308071954,1.0,0.9295039164490861,0.9348920460901667,1.0,0.0003,1.0,13686.125340938568
depth4_bal_MAAMAMAM,4,MAAMAMAM,32400,388800,0.00853406626265496,0.20323451360066733,0.19813345755849565,1.0,0.9386422976501305,0.9423872916433605,1.0,0.0003,1.0,13697.253330230713
depth4_bal_MAAMAMAM,4,MAAMAMAM,32425,389100,0.03825337983046969,0.34270718693733215,0.3301032245159149,0.9954308093994778,0.881201044386423,0.896297124958049,1.0,0.0003,1.0,13707.951953172684
depth4_bal_MAAMAMAM,4,MAAMAMAM,32450,389400,0.014452538763483366,0.265557919939359,0.2654398871319635,0.9990208877284595,0.9046997389033943,0.9136368721333482,1.0,0.0003,1.0,13718.749840021133
depth4_bal_MAAMAMAM,4,MAAMAMAM,32475,389700,0.008126445696689188,0.21216799318790436,0.2015702247619629,1.0,0.9295039164490861,0.9393668195547601,1.0,0.0003,1.0,13729.34310913086
depth4_bal_MAAMAMAM,4,MAAMAMAM,32500,390000,0.0065741453630228834,0.19127359986305237,0.18737662306853703,1.0,0.9347258485639687,0.9435059850095089,1.0,0.0003,1.0,13740.107094287872
depth4_bal_MAAMAMAM,4,MAAMAMAM,32525,390300,0.4792379016677539,0.8194281458854675,0.8015669703483581,0.8609660574412533,0.706266318537859,0.7237946078979751,1.0,0.0003,1.0,13750.784723758698
depth4_bal_MAAMAMAM,4,MAAMAMAM,32550,390600,0.01227629689189295,0.2742297252019246,0.25937254854610986,0.9993472584856397,0.902088772845953,0.9167692135585636,1.0,0.0003,1.0,13761.504462957382
depth4_bal_MAAMAMAM,4,MAAMAMAM,32575,390900,0.011310554497564832,0.2517561713854472,0.2404074558189937,1.0,0.9151436031331592,0.9270611925271283,1.0,0.0003,1.0,13772.213369607925
depth4_bal_MAAMAMAM,4,MAAMAMAM,32600,391200,0.009480928846945366,0.24199698865413666,0.22827581805842265,1.0,0.9216710182767625,0.930641011298803,1.0,0.0003,1.0,13783.100142717361
depth4_bal_MAAMAMAM,4,MAAMAMAM,32625,391500,0.008177363857006034,0.22659878432750702,0.21274704720292772,1.0,0.9268929503916449,0.9356751314464705,1.0,0.0003,1.0,13793.929733514786
depth4_bal_MAAMAMAM,4,MAAMAMAM,32650,391800,0.4736095791061719,0.8908423781394958,0.8543105891772679,0.8590078328981723,0.7467362924281984,0.7328560241637767,1.0,0.0003,1.0,13804.736696958542
depth4_bal_MAAMAMAM,4,MAAMAMAM,32675,392100,0.01998151435206334,0.2611148605744044,0.24390195906162263,0.9996736292428199,0.9073107049608355,0.9219152030428459,1.0,0.0003,1.0,13815.055874347687
depth4_bal_MAAMAMAM,4,MAAMAMAM,32700,392400,0.014442545517037312,0.23668024937311807,0.21634622471673148,0.9996736292428199,0.9242819843342036,0.9345564380803222,1.0,0.0003,1.0,13824.405275344849
depth4_bal_MAAMAMAM,4,MAAMAMAM,32725,392700,0.010392848402261734,0.19870774944623312,0.1846141700233732,1.0,0.933420365535248,0.9449602863855018,1.0,0.0003,1.0,13835.240382671356
depth4_bal_MAAMAMAM,4,MAAMAMAM,32750,393000,0.009262121204907695,0.17220470309257507,0.16978091661419187,1.0,0.9464751958224543,0.9507774918894731,1.0,0.0003,1.0,13846.07496881485
depth4_bal_MAAMAMAM,4,MAAMAMAM,32775,393300,0.9773075530926386,1.7521592775980632,1.7585079567773,0.7157310704960835,0.5156657963446475,0.5330573889696834,1.0,0.0003,1.0,13857.16630077362
depth4_bal_MAAMAMAM,4,MAAMAMAM,32800,393600,0.008493753344131013,0.21088299651940665,0.21276215442589352,1.0,0.9255874673629243,0.9350039154267815,1.0,0.0003,1.0,13868.084780931473
depth4_bal_MAAMAMAM,4,MAAMAMAM,32825,393900,0.0077257313920805855,0.19308534761269888,0.19879680914538247,1.0,0.9321148825065274,0.9414923369504419,1.0,0.0003,1.0,13878.961167812347
depth4_bal_MAAMAMAM,4,MAAMAMAM,32850,394200,0.006790837156586349,0.18117534617582956,0.18664587906428745,1.0,0.9347258485639687,0.9438415930193534,1.0,0.0003,1.0,13889.928584575653
depth4_bal_MAAMAMAM,4,MAAMAMAM,32875,394500,0.015261506739382943,0.2982562184333801,0.27197164382253375,0.9990208877284595,0.8942558746736292,0.9128537867770444,1.0,0.0003,1.0,13900.73652601242
depth4_bal_MAAMAMAM,4,MAAMAMAM,32900,394800,0.008161601494066417,0.19344956676165262,0.19715937418597085,1.0,0.9373368146214099,0.9373531714956931,1.0,0.0003,1.0,13911.491952180862
depth4_bal_MAAMAMAM,4,MAAMAMAM,32925,395100,0.006953029350067179,0.1694818983475367,0.17575624883174895,1.0,0.9425587467362925,0.9458552410784205,1.0,0.0003,1.0,13922.410475492477
depth4_bal_MAAMAMAM,4,MAAMAMAM,32950,395400,0.3465276509523392,0.7383322715759277,0.7136016658374241,0.9024151436031331,0.7232375979112271,0.7489652086363128,1.0,0.0003,1.0,13930.942713737488
depth4_bal_MAAMAMAM,4,MAAMAMAM,32975,395700,0.01706412193986277,0.30869612097740173,0.3025161381278719,1.0,0.9007832898172323,0.9040161091844725,1.0,0.0003,1.0,13940.567840576172
depth4_bal_MAAMAMAM,4,MAAMAMAM,33000,396000,0.01811252844830354,0.3007761041323344,0.27598453419549124,0.9990208877284595,0.9046997389033943,0.9160979975388746,1.0,0.0003,1.0,13948.865844488144
depth4_bal_MAAMAMAM,4,MAAMAMAM,33025,396300,0.01211861101910472,0.3109753628571828,0.24779789405209676,1.0,0.9112271540469974,0.9243763284483723,1.0,0.0003,1.0,13960.252100467682
depth4_bal_MAAMAMAM,4,MAAMAMAM,33050,396600,0.010541736303518215,0.3027309278647105,0.23843165678637368,1.0,0.9099216710182768,0.9280680165566618,1.0,0.0003,1.0,13970.812404632568
depth4_bal_MAAMAMAM,4,MAAMAMAM,33075,396900,0.008831613580696285,0.27258997162183124,0.21662347742489407,1.0,0.9242819843342036,0.9338852220606332,1.0,0.0003,1.0,13981.947225809097
depth4_bal_MAAMAMAM,4,MAAMAMAM,33100,397200,4.4434231370687485,4.2385430335998535,4.273599352155413,0.4259138381201044,0.18407310704960836,0.18536749077077974,1.0,0.0003,1.0,13992.936088085175
depth4_bal_MAAMAMAM,4,MAAMAMAM,33125,397500,0.05990661680698395,0.4515124062697093,0.41489011134420123,0.993798955613577,0.8498694516971279,0.8566953797963978,1.0,0.0003,1.0,14004.193016290665
depth4_bal_MAAMAMAM,4,MAAMAMAM,33150,397800,0.2031872688482205,0.615115245183309,0.59859927211489,0.9373368146214099,0.7872062663185379,0.7882313457881195,1.0,0.0003,1.0,14015.194033622742
depth4_bal_MAAMAMAM,4,MAAMAMAM,33175,398100,0.017765696936597426,0.3016127248605092,0.26618002142224995,1.0,0.8981723237597912,0.9164336055487191,1.0,0.0003,1.0,14026.017595291138
depth4_bal_MAAMAMAM,4,MAAMAMAM,33200,398400,0.015414924050370852,0.2751772105693817,0.24758115197931016,1.0,0.9046997389033943,0.9246000671216019,1.0,0.0003,1.0,14036.781040906906
depth4_bal_MAAMAMAM,4,MAAMAMAM,33225,398700,0.01221030546973149,0.24803200364112854,0.22736937573977878,1.0,0.9164490861618799,0.9299697952791139,1.0,0.0003,1.0,14047.593635559082
depth4_bal_MAAMAMAM,4,MAAMAMAM,33250,399000,0.01054400655751427,0.2328003297249476,0.21334198543003627,1.0,0.9216710182767625,0.9354513927732409,1.0,0.0003,1.0,14058.31795668602
depth4_bal_MAAMAMAM,4,MAAMAMAM,33275,399300,0.008610038552433252,0.21581212679545084,0.19700810951845987,1.0,0.9242819843342036,0.9403736435842935,1.0,0.0003,1.0,14069.252177476883
depth4_bal_MAAMAMAM,4,MAAMAMAM,33300,399600,0.22721301143368086,0.7141081094741821,0.722595625264304,0.9278720626631853,0.7715404699738904,0.7592571876048775,1.0,0.0003,1.0,14080.178646326065
depth4_bal_MAAMAMAM,4,MAAMAMAM,33325,399900,0.019493878663827974,0.37022844950358075,0.3314088889530727,1.0,0.8785900783289817,0.8924935675131447,1.0,0.0003,1.0,14090.898217201233
depth4_bal_MAAMAMAM,4,MAAMAMAM,33350,400200,0.016328809860472877,0.31775903701782227,0.27328169899327415,1.0,0.902088772845953,0.9145318268262669,1.0,0.0003,1.0,14101.611884355545
depth4_bal_MAAMAMAM,4,MAAMAMAM,33375,400500,0.058971635065972805,0.5379549264907837,0.4771399778979165,0.9960835509138382,0.8120104438642297,0.8404743259872469,1.0,0.0003,1.0,14112.266521215439
depth4_bal_MAAMAMAM,4,MAAMAMAM,33400,400800,0.01962078098828594,0.336467444896698,0.30917751959392004,1.0,0.8890339425587467,0.9032330238281687,1.0,0.0003,1.0,14123.159254550934
depth4_bal_MAAMAMAM,4,MAAMAMAM,33425,401100,0.01538812640743951,0.2807203233242035,0.2614639575992312,1.0,0.9138381201044387,0.9202371629936235,1.0,0.0003,1.0,14133.970730304718
depth4_bal_MAAMAMAM,4,MAAMAMAM,33450,401400,0.01400701911188662,0.24938025077184042,0.23935477009841374,1.0,0.9242819843342036,0.9273968005369728,1.0,0.0003,1.0,14144.54189825058
depth4_bal_MAAMAMAM,4,MAAMAMAM,33475,401700,0.025837442992875975,0.2953549822171529,0.2813019816364561,0.9983681462140992,0.9099216710182768,0.9096095760152142,1.0,0.0003,1.0,14155.373078107834
depth4_bal_MAAMAMAM,4,MAAMAMAM,33500,402000,0.011042868408064047,0.27535342673460644,0.2547373179878507,1.0,0.9112271540469974,0.9187828616176306,1.0,0.0003,1.0,14166.468603134155
depth4_bal_MAAMAMAM,4,MAAMAMAM,33525,402300,0.014179258840158582,0.2399041603008906,0.23410398023469106,0.9996736292428199,0.9295039164490861,0.9285154939031212,1.0,0.0003,1.0,14177.37809419632
depth4_bal_MAAMAMAM,4,MAAMAMAM,33550,402600,0.012033212541912993,0.21516969303290048,0.21839066616126468,1.0,0.9242819843342036,0.9314240966551068,1.0,0.0003,1.0,14188.208242416382
depth4_bal_MAAMAMAM,4,MAAMAMAM,33575,402900,0.007980826194398105,0.20325801769892374,0.19814840214593069,1.0,0.9399477806788512,0.9389193422083008,1.0,0.0003,1.0,14198.93440413475
depth4_bal_MAAMAMAM,4,MAAMAMAM,33600,403200,0.5168814410765966,0.7982753912607828,0.796430104119437,0.8586814621409922,0.6945169712793734,0.7184248797404631,1.0,0.0003,1.0,14209.63048195839
depth4_bal_MAAMAMAM,4,MAAMAMAM,33625,403500,0.043973896031578384,0.35144395629564923,0.3687487363815308,0.9970626631853786,0.8772845953002611,0.8785099004362904,1.0,0.0003,1.0,14220.437602043152
depth4_bal_MAAMAMAM,4,MAAMAMAM,33650,403800,0.014584575702125827,0.2792700032393138,0.27706283501216344,1.0,0.9151436031331592,0.9144199574896521,1.0,0.0003,1.0,14231.189676523209
depth4_bal_MAAMAMAM,4,MAAMAMAM,33675,404100,0.011826728393013278,0.2543723334868749,0.2616281062364578,1.0,0.9268929503916449,0.9203490323302382,1.0,0.0003,1.0,14241.994068861008
depth4_bal_MAAMAMAM,4,MAAMAMAM,33700,404400,0.019214303931221366,0.25212858120600384,0.2687952139547893,0.9993472584856397,0.922976501305483,0.9174404295782526,1.0,0.0003,1.0,14252.906975746155
depth4_bal_MAAMAMAM,4,MAAMAMAM,33725,404700,0.9568122923374176,1.3428454399108887,1.3007673944745746,0.6860313315926893,0.5234986945169713,0.5531938695603535,1.0,0.0003,1.0,14263.791006803513
depth4_bal_MAAMAMAM,4,MAAMAMAM,33750,405000,0.009100548767795166,0.277593731880188,0.3138830576624189,1.0,0.9033942558746736,0.9075959279561472,1.0,0.0003,1.0,14274.555733919144
depth4_bal_MAAMAMAM,4,MAAMAMAM,33775,405300,0.013587568886578083,0.24799550076325735,0.2752581958259855,0.9993472584856397,0.9281984334203656,0.9144199574896521,1.0,0.0003,1.0,14285.513487815857
depth4_bal_MAAMAMAM,4,MAAMAMAM,33800,405600,0.026380305644124746,0.34641820192337036,0.3483297322477613,0.9990208877284595,0.8864229765013055,0.8833202819107283,1.0,0.0003,1.0,14296.343768119812
depth4_bal_MAAMAMAM,4,MAAMAMAM,33825,405900,0.014229494147002697,0.2752520740032196,0.276751013313021,1.0,0.9177545691906005,0.9147555654994965,1.0,0.0003,1.0,14306.952540874481
depth4_bal_MAAMAMAM,4,MAAMAMAM,33850,406200,0.012433290403957168,0.27503110468387604,0.260253569483757,1.0,0.9099216710182768,0.9173285602416378,1.0,0.0003,1.0,14321.55739402771
depth4_bal_MAAMAMAM,4,MAAMAMAM,33875,406500,0.009561613124484817,0.25775866210460663,0.24382218420505525,1.0,0.9203655352480418,0.9215795950330015,1.0,0.0003,1.0,14339.341305017471
depth4_bal_MAAMAMAM,4,MAAMAMAM,33900,406800,0.3554663807153702,0.8150009910265604,0.8285482372556414,0.9004569190600522,0.7154046997389034,0.7105940261774247,1.0,0.0003,1.0,14349.623483181
depth4_bal_MAAMAMAM,4,MAAMAMAM,33925,407100,0.01502949899683396,0.2577940324942271,0.25740906298160554,1.0,0.9151436031331592,0.9147555654994965,1.0,0.0003,1.0,14360.121212482452
depth4_bal_MAAMAMAM,4,MAAMAMAM,33950,407400,0.013696973134453097,0.23735840121905008,0.2323543608188629,1.0,0.922976501305483,0.9279561472200469,1.0,0.0003,1.0,14370.959916353226
depth4_bal_MAAMAMAM,4,MAAMAMAM,33975,407700,0.5278408788144588,1.1812502543131511,1.2515614407403128,0.8266971279373369,0.6475195822454308,0.6410112988029981,1.0,0.0003,1.0,14381.635864257812
depth4_bal_MAAMAMAM,4,MAAMAMAM,34000,408000,0.01277861068956554,0.227350115776062,0.21322451744760787,1.0,0.933420365535248,0.9376887795055375,1.0,0.0003,1.0,14392.333756446838
depth4_bal_MAAMAMAM,4,MAAMAMAM,34025,408300,0.01055795264740785,0.20780999461809793,0.19297172938074383,1.0,0.9464751958224543,0.9426110303165902,1.0,0.0003,1.0,14403.591242790222
depth4_bal_MAAMAMAM,4,MAAMAMAM,34050,408600,0.008927935734391212,0.19395585854848227,0.18170518960271562,1.0,0.9399477806788512,0.9449602863855018,1.0,0.0003,1.0,14414.495601892471
depth4_bal_MAAMAMAM,4,MAAMAMAM,34075,408900,0.011099038645625114,0.19422471523284912,0.19003658805574689,0.9986945169712794,0.9425587467362925,0.9448484170488869,1.0,0.0003,1.0,14425.353571891785
depth4_bal_MAAMAMAM,4,MAAMAMAM,34100,409200,0.0064116443584983545,0.18089891970157623,0.16363397921834674,1.0,0.943864229765013,0.9517843159190066,1.0,0.0003,1.0,14435.378482103348
depth4_bal_MAAMAMAM,4,MAAMAMAM,34125,409500,0.2856462337076664,0.6997692982355753,0.7007322754178729,0.910574412532637,0.741514360313316,0.7447141738449491,1.0,0.0003,1.0,14445.68161702156
depth4_bal_MAAMAMAM,4,MAAMAMAM,34150,409800,0.01462483413827916,0.2750444908936818,0.2928722232580185,1.0,0.9046997389033943,0.9024499384718648,1.0,0.0003,1.0,14456.505964279175
depth4_bal_MAAMAMAM,4,MAAMAMAM,34175,410100,0.013047241140156984,0.24587202072143555,0.24675693597112383,1.0,0.9242819843342036,0.9230338964089942,1.0,0.0003,1.0,14467.22680068016
depth4_bal_MAAMAMAM,4,MAAMAMAM,34200,410400,0.011977797684570154,0.23793977995713553,0.24134826064109802,0.9996736292428199,0.9242819843342036,0.9249356751314465,1.0,0.0003,1.0,14478.02792429924
depth4_bal_MAAMAMAM,4,MAAMAMAM,34225,410700,0.00897859976006051,0.20248899360497793,0.210885580096926,1.0,0.9373368146214099,0.9364582168027744,1.0,0.0003,1.0,14488.765523195267
depth4_bal_MAAMAMAM,4,MAAMAMAM,34250,411000,0.0075888596863175435,0.19911638895670572,0.20351423748901912,1.0,0.9386422976501305,0.9378006488421524,1.0,0.0003,1.0,14499.325775146484
depth4_bal_MAAMAMAM,4,MAAMAMAM,34275,411300,0.005689127603545785,0.19510378440221152,0.19671470820903778,1.0,0.9412532637075718,0.9398142969012194,1.0,0.0003,1.0,14510.09848690033
depth4_bal_MAAMAMAM,4,MAAMAMAM,34300,411600,0.01010154428270956,0.2633731762568156,0.25692043772765566,0.9993472584856397,0.9151436031331592,0.9188947309542455,1.0,0.0003,1.0,14520.88415980339
depth4_bal_MAAMAMAM,4,MAAMAMAM,34325,411900,0.20881293714046478,0.5369997223218282,0.4925018983227866,0.9503916449086162,0.8185378590078329,0.836335160532498,1.0,0.0003,1.0,14531.958000421524
depth4_bal_MAAMAMAM,4,MAAMAMAM,34350,412200,0.01165967962394158,0.23271362980206808,0.21786499278885976,1.0,0.9268929503916449,0.9341089607338628,1.0,0.0003,1.0,14542.429308891296
depth4_bal_MAAMAMAM,4,MAAMAMAM,34375,412500,0.009775131397570172,0.20208344360192618,0.19351126211030142,1.0,0.9373368146214099,0.9446246783756572,1.0,0.0003,1.0,14553.29743719101
depth4_bal_MAAMAMAM,4,MAAMAMAM,34400,412800,0.008063006292407712,0.18281742433706918,0.1832516467997006,1.0,0.9425587467362925,0.9457433717418056,1.0,0.0003,1.0,14564.192766904831
depth4_bal_MAAMAMAM,4,MAAMAMAM,34425,413100,0.0069729113796104985,0.17030915121237436,0.167858219572476,1.0,0.9556135770234987,0.9527911399485401,1.0,0.0003,1.0,14574.907759189606
depth4_bal_MAAMAMAM,4,MAAMAMAM,34450,413400,0.17311678330103555,0.4995628595352173,0.5063604141984667,0.9530026109660574,0.825065274151436,0.830294216355297,1.0,0.0003,1.0,14585.524753808975
depth4_bal_MAAMAMAM,4,MAAMAMAM,34475,413700,0.010872715152800083,0.21186533570289612,0.21561310376439777,1.0,0.9360313315926893,0.9353395234366261,1.0,0.0003,1.0,14596.436795949936
depth4_bal_MAAMAMAM,4,MAAMAMAM,34500,414000,0.008783618065839013,0.1988765150308609,0.18951898387500218,1.0,0.9425587467362925,0.9438415930193534,1.0,0.0003,1.0,14607.241502046585
depth4_bal_MAAMAMAM,4,MAAMAMAM,34525,414300,0.007948959595523775,0.1828226943810781,0.17493069618940355,1.0,0.9451697127937336,0.9493231905134802,1.0,0.0003,1.0,14618.246876478195
depth4_bal_MAAMAMAM,4,MAAMAMAM,34550,414600,0.006737970669443409,0.16645442446072897,0.16166831191096986,1.0,0.9516971279373369,0.9543573106611478,1.0,0.0003,1.0,14629.155214071274
depth4_bal_MAAMAMAM,4,MAAMAMAM,34575,414900,0.28499531249205273,0.7712214589118958,0.706564474105835,0.9157963446475196,0.7049608355091384,0.7331916321736212,1.0,0.0003,1.0,14639.927654027939
depth4_bal_MAAMAMAM,4,MAAMAMAM,34600,415200,0.014029168989509344,0.29447348912556964,0.2730310721056802,1.0,0.8955613577023499,0.9092739680053697,1.0,0.0003,1.0,14650.852185964584
depth4_bal_MAAMAMAM,4,MAAMAMAM,34625,415500,0.012160747001568476,0.2595050831635793,0.23836464541299002,1.0,0.9177545691906005,0.9240407204385278,1.0,0.0003,1.0,14661.640783548355
depth4_bal_MAAMAMAM,4,MAAMAMAM,34650,415800,0.010374884897222122,0.23873564104239145,0.22738247769219536,1.0,0.922976501305483,0.9279561472200469,1.0,0.0003,1.0,14672.228302717209
depth4_bal_MAAMAMAM,4,MAAMAMAM,34675,416100,0.010247181790570417,0.2872552176316579,0.2628438481262752,1.0,0.9033942558746736,0.9157623895290301,1.0,0.0003,1.0,14683.069010972977
depth4_bal_MAAMAMAM,4,MAAMAMAM,34700,416400,0.009520725579932332,0.2271935592095057,0.21447850380625044,1.0,0.9203655352480418,0.9334377447141738,1.0,0.0003,1.0,14693.972936153412
depth4_bal_MAAMAMAM,4,MAAMAMAM,34725,416700,0.008455146220512688,0.2048010677099228,0.19752078098910195,1.0,0.9373368146214099,0.9383599955252265,1.0,0.0003,1.0,14705.057411193848
depth4_bal_MAAMAMAM,4,MAAMAMAM,34750,417000,0.007222786312922835,0.1969874451557795,0.19063146923269544,1.0,0.9373368146214099,0.9417160756236715,1.0,0.0003,1.0,14715.84604716301
depth4_bal_MAAMAMAM,4,MAAMAMAM,34775,417300,0.00598014413844794,0.19849446912606558,0.18645834582192558,1.0,0.9386422976501305,0.9427228996532051,1.0,0.0003,1.0,14726.689455986023
depth4_bal_MAAMAMAM,4,MAAMAMAM,34800,417600,0.03553251021852096,0.35793645183245343,0.3529170819691249,0.9934725848563969,0.891644908616188,0.8802998098221277,1.0,0.0003,1.0,14737.49075126648
depth4_bal_MAAMAMAM,4,MAAMAMAM,34825,417900,0.011770353031655153,0.23308775325616202,0.22574856196131024,1.0,0.922976501305483,0.9282917552298915,1.0,0.0003,1.0,14748.013982772827
depth4_bal_MAAMAMAM,4,MAAMAMAM,34850,418200,0.09726679449280103,0.5701611439387003,0.566652569600514,0.9722584856396866,0.8067885117493473,0.8092627810717082,1.0,0.0003,1.0,14758.772107124329
depth4_bal_MAAMAMAM,4,MAAMAMAM,34875,418500,0.009493105811998248,0.2187183896700541,0.22220735847949982,1.0,0.922976501305483,0.9351157847633964,1.0,0.0003,1.0,14769.362200737
depth4_bal_MAAMAMAM,4,MAAMAMAM,34900,418800,0.008164828876033425,0.22059824566046396,0.2046511309487479,1.0,0.9295039164490861,0.9389193422083008,1.0,0.0003,1.0,14780.233994483948
depth4_bal_MAAMAMAM,4,MAAMAMAM,34925,419100,0.007042060450961192,0.19104297955830893,0.17786817635808672,1.0,0.9412532637075718,0.9479807584741022,1.0,0.0003,1.0,14790.783543109894
depth4_bal_MAAMAMAM,4,MAAMAMAM,34950,419400,0.0064256463665515184,0.18365401029586792,0.1707642423255103,1.0,0.9425587467362925,0.9497706678599396,1.0,0.0003,1.0,14801.53000330925
depth4_bal_MAAMAMAM,4,MAAMAMAM,34975,419700,0.0055149827773372335,0.17833277583122253,0.16358044551951545,1.0,0.9451697127937336,0.9507774918894731,1.0,0.0003,1.0,14812.499441862106
depth4_bal_MAAMAMAM,4,MAAMAMAM,35000,420000,0.3232409507036209,0.7462148467699686,0.7152834449495588,0.904373368146214,0.7480417754569191,0.7500839020024611,1.0,0.0003,1.0,14823.033359766006
depth4_bal_MAAMAMAM,4,MAAMAMAM,35025,420300,0.014360672871892652,0.2663474480311076,0.2632551235812051,1.0,0.9073107049608355,0.9158742588656449,1.0,0.0003,1.0,14834.251450300217
depth4_bal_MAAMAMAM,4,MAAMAMAM,35050,420600,0.013102912809699774,0.25221917033195496,0.2522624066897801,1.0,0.9164490861618799,0.9223626803893052,1.0,0.0003,1.0,14845.065147161484
depth4_bal_MAAMAMAM,4,MAAMAMAM,35075,420900,0.020025042816996574,0.2724131941795349,0.2595497689076832,0.9990208877284595,0.9099216710182768,0.9157623895290301,1.0,0.0003,1.0,14856.089795589447
depth4_bal_MAAMAMAM,4,MAAMAMAM,35100,421200,0.014288156603773436,0.22000615298748016,0.23082454587732043,0.9993472584856397,0.922976501305483,0.9298579259424992,1.0,0.0003,1.0,14866.882572174072
depth4_bal_MAAMAMAM,4,MAAMAMAM,35125,421500,2.4032599727312722,2.663306395212809,2.607584653581892,0.48074412532637073,0.34203655352480417,0.32274303613379574,1.0,0.0003,1.0,14877.636137962341
depth4_bal_MAAMAMAM,4,MAAMAMAM,35150,421800,0.010562703479081392,0.2510705788930257,0.2385412267276219,1.0,0.9216710182767625,0.9242644591117575,1.0,0.0003,1.0,14888.542494297028
depth4_bal_MAAMAMAM,4,MAAMAMAM,35175,422100,0.0112153230390201,0.2169440339008967,0.20914710972990308,1.0,0.9281984334203656,0.9374650408323079,1.0,0.0003,1.0,14899.57810306549
depth4_bal_MAAMAMAM,4,MAAMAMAM,35200,422400,0.00926088293393453,0.2010447382926941,0.19750231674739294,1.0,0.9295039164490861,0.9418279449602864,1.0,0.0003,1.0,14910.466571331024
depth4_bal_MAAMAMAM,4,MAAMAMAM,35225,422700,0.009848980776344737,0.21846307814121246,0.20726671516895295,0.9993472584856397,0.9295039164490861,0.9408211209307529,1.0,0.0003,1.0,14921.2845723629
depth4_bal_MAAMAMAM,4,MAAMAMAM,35250,423000,0.008345487876795232,0.23592188954353333,0.2207490861415863,1.0,0.9164490861618799,0.9309766193086475,1.0,0.0003,1.0,14932.335552453995
depth4_bal_MAAMAMAM,4,MAAMAMAM,35275,423300,0.5266159350673357,0.7821890910466512,0.8458233850342887,0.8185378590078329,0.720626631853786,0.71048215684081,1.0,0.0003,1.0,14943.483753442764
depth4_bal_MAAMAMAM,4,MAAMAMAM,35300,423600,0.008528542860100666,0.24050266047318777,0.22403938812868937,1.0,0.9242819843342036,0.9287392325763508,1.0,0.0003,1.0,14954.034145593643
depth4_bal_MAAMAMAM,4,MAAMAMAM,35325,423900,0.007992217705274621,0.23578568796316782,0.2100401269538062,1.0,0.922976501305483,0.9350039154267815,1.0,0.0003,1.0,14964.554611444473
depth4_bal_MAAMAMAM,4,MAAMAMAM,35350,424200,0.005963944713585079,0.22552639742692313,0.19765295428889137,1.0,0.9347258485639687,0.9410448596039825,1.0,0.0003,1.0,14975.323362827301
depth4_bal_MAAMAMAM,4,MAAMAMAM,35375,424500,0.007737498264759779,0.24025818208853403,0.20708179133278984,0.9996736292428199,0.9295039164490861,0.9362344781295447,1.0,0.0003,1.0,14986.059706926346
depth4_bal_MAAMAMAM,4,MAAMAMAM,35400,424800,0.016948774301757414,0.2870571513970693,0.30160449360098157,1.0,0.9046997389033943,0.9042398478577022,1.0,0.0003,1.0,14996.905906677246
depth4_bal_MAAMAMAM,4,MAAMAMAM,35425,425100,0.011072862815732757,0.23392238716284433,0.23497058749198912,1.0,0.9321148825065274,0.9244881977849871,1.0,0.0003,1.0,15007.639027357101
depth4_bal_MAAMAMAM,4,MAAMAMAM,35450,425400,0.08088603088011344,0.3857809205849965,0.3921334079333714,0.981396866840731,0.8681462140992167,0.8691128761606444,1.0,0.0003,1.0,15018.563562393188
depth4_bal_MAAMAMAM,4,MAAMAMAM,35475,425700,0.01190626520353059,0.1986583024263382,0.19975161722728185,1.0,0.9399477806788512,0.9390312115449155,1.0,0.0003,1.0,15029.290739536285
depth4_bal_MAAMAMAM,4,MAAMAMAM,35500,426000,0.010493241405735413,0.19880230724811554,0.1897291619862829,1.0,0.9451697127937336,0.9442890703658128,1.0,0.0003,1.0,15040.1610891819
depth4_bal_MAAMAMAM,4,MAAMAMAM,35525,426300,0.04562047900011142,0.3660166561603546,0.3765752605029515,0.9902088772845953,0.8681462140992167,0.8789573777827497,1.0,0.0003,1.0,15050.9870159626
depth4_bal_MAAMAMAM,4,MAAMAMAM,35550,426600,0.01375293335877359,0.2849868635336558,0.26936886182853154,1.0,0.9099216710182768,0.9143080881530372,1.0,0.0003,1.0,15061.91923236847
depth4_bal_MAAMAMAM,4,MAAMAMAM,35575,426900,0.012094916387771567,0.2400016039609909,0.23366073880876814,1.0,0.9281984334203656,0.9289629712495805,1.0,0.0003,1.0,15072.758901119232
depth4_bal_MAAMAMAM,4,MAAMAMAM,35600,427200,0.7044494127233824,1.4982366959253948,1.404675122669765,0.77088772845953,0.5704960835509139,0.5911175746727821,1.0,0.0003,1.0,15083.596907138824
depth4_bal_MAAMAMAM,4,MAAMAMAM,35625,427500,0.01720008789561689,0.27298038204511005,0.2615019278866904,1.0,0.9046997389033943,0.9203490323302382,1.0,0.0003,1.0,15094.254133462906
depth4_bal_MAAMAMAM,4,MAAMAMAM,35650,427800,0.0134969896171242,0.2399265319108963,0.23087312366281237,1.0,0.922976501305483,0.930641011298803,1.0,0.0003,1.0,15105.000453710556
depth4_bal_MAAMAMAM,4,MAAMAMAM,35675,428100,0.011842137280230721,0.22470982869466147,0.21809450813702175,1.0,0.9295039164490861,0.9345564380803222,1.0,0.0003,1.0,15115.796999931335
depth4_bal_MAAMAMAM,4,MAAMAMAM,35700,428400,0.009674256667494774,0.20511173705259958,0.2018318120922361,1.0,0.9412532637075718,0.9404855129209084,1.0,0.0003,1.0,15126.617249250412
depth4_bal_MAAMAMAM,4,MAAMAMAM,35725,428700,0.00834018966027846,0.20362565418084463,0.19220221319368908,1.0,0.9412532637075718,0.9410448596039825,1.0,0.0003,1.0,15137.290302038193
depth4_bal_MAAMAMAM,4,MAAMAMAM,35750,429000,0.006726120598614216,0.1896452804406484,0.18434427508286066,1.0,0.9464751958224543,0.9459671104150352,1.0,0.0003,1.0,15148.130359649658
depth4_bal_MAAMAMAM,4,MAAMAMAM,35775,429300,0.005771064703973631,0.17285803953806558,0.1758658760360309,1.0,0.9530026109660574,0.9482044971473319,1.0,0.0003,1.0,15158.990878582
depth4_bal_MAAMAMAM,4,MAAMAMAM,35800,429600,0.5896368399262428,0.9261631766955057,0.9147787826401846,0.835509138381201,0.6710182767624021,0.6779281798858933,1.0,0.0003,1.0,15169.85794377327
depth4_bal_MAAMAMAM,4,MAAMAMAM,35825,429900,0.025240646520008642,0.332550307114919,0.34168383138520375,1.0,0.8877284595300261,0.8924935675131447,1.0,0.0003,1.0,15180.020651102066
depth4_bal_MAAMAMAM,4,MAAMAMAM,35850,430200,0.021329236216843128,0.3335559864838918,0.36453470502580915,0.9996736292428199,0.8942558746736292,0.8798523324756684,1.0,0.0003,1.0,15190.694635868073
depth4_bal_MAAMAMAM,4,MAAMAMAM,35875,430500,0.01714650463933746,0.23367416858673096,0.2530902198382786,0.9996736292428199,0.933420365535248,0.9240407204385278,1.0,0.0003,1.0,15201.502123594284
depth4_bal_MAAMAMAM,4,MAAMAMAM,35900,430800,0.011961919876436392,0.2034087230761846,0.2147956703390394,1.0,0.9412532637075718,0.9372413021590782,1.0,0.0003,1.0,15212.400876283646
depth4_bal_MAAMAMAM,4,MAAMAMAM,35925,431100,0.012711138542120656,0.21715468168258667,0.22953601607254573,1.0,0.9308093994778068,0.9282917552298915,1.0,0.0003,1.0,15223.224987745285
depth4_bal_MAAMAMAM,4,MAAMAMAM,35950,431400,0.01167035405524075,0.20836866895357767,0.20445910096168518,1.0,0.9412532637075718,0.9393668195547601,1.0,0.0003,1.0,15233.952798843384
depth4_bal_MAAMAMAM,4,MAAMAMAM,35975,431700,0.010107123913864294,0.1938826342423757,0.19090968498161862,1.0,0.9451697127937336,0.9444009397024276,1.0,0.0003,1.0,15244.661966085434
depth4_bal_MAAMAMAM,4,MAAMAMAM,36000,432000,0.22667346273859343,0.672622561454773,0.642450658764158,0.939621409921671,0.7676240208877284,0.7779393668195548,1.0,0.0003,1.0,15255.459325790405
depth4_bal_MAAMAMAM,4,MAAMAMAM,36025,432300,0.020300669595599174,0.30268409848213196,0.295418278660093,1.0,0.8994778067885117,0.9061416265801544,1.0,0.0003,1.0,15266.518512010574
depth4_bal_MAAMAMAM,4,MAAMAMAM,36050,432600,0.01666568825021386,0.2665686160326004,0.2651449663298471,1.0,0.9203655352480418,0.9202371629936235,1.0,0.0003,1.0,15276.643518209457
depth4_bal_MAAMAMAM,4,MAAMAMAM,36075,432900,0.013967425640051564,0.2545817295710246,0.2480724858386176,1.0,0.9216710182767625,0.9239288511019129,1.0,0.0003,1.0,15287.239231348038
depth4_bal_MAAMAMAM,4,MAAMAMAM,36100,433200,0.011396611652647456,0.2391799489657084,0.23429805380957466,1.0,0.9308093994778068,0.9294104485960398,1.0,0.0003,1.0,15298.166271209717
depth4_bal_MAAMAMAM,4,MAAMAMAM,36125,433500,0.010188058173904816,0.21839913725852966,0.22556369645254953,1.0,0.9268929503916449,0.9266137151806689,1.0,0.0003,1.0,15308.98257470131
depth4_bal_MAAMAMAM,4,MAAMAMAM,36150,433800,0.010110992472618818,0.20918495456377664,0.20757560219083512,1.0,0.943864229765013,0.9382481261886118,1.0,0.0003,1.0,15319.821524858475
depth4_bal_MAAMAMAM,4,MAAMAMAM,36175,434100,0.00829392543528229,0.20304076373577118,0.20127861074038914,1.0,0.943864229765013,0.9412685982772122,1.0,0.0003,1.0,15330.675213813782
depth4_bal_MAAMAMAM,4,MAAMAMAM,36200,434400,0.007122640303956966,0.2012584259112676,0.19498589507171085,1.0,0.9464751958224543,0.9430585076630496,1.0,0.0003,1.0,15341.290631771088
depth4_bal_MAAMAMAM,4,MAAMAMAM,36225,434700,0.23831971362233162,0.5641686717669169,0.5297831203256335,0.9301566579634465,0.8054830287206266,0.8187716746839692,1.0,0.0003,1.0,15352.123321056366
depth4_bal_MAAMAMAM,4,MAAMAMAM,36250,435000,0.011277371629451713,0.23302953938643137,0.23348333963326046,1.0,0.9281984334203656,0.9301935339523436,1.0,0.0003,1.0,15362.994927883148
depth4_bal_MAAMAMAM,4,MAAMAMAM,36275,435300,0.010526467580348253,0.21834811568260193,0.22642649837902615,1.0,0.9347258485639687,0.9343326994070925,1.0,0.0003,1.0,15373.886651277542
depth4_bal_MAAMAMAM,4,MAAMAMAM,36300,435600,0.008689056577471396,0.20236328740914664,0.2136496101106916,1.0,0.9425587467362925,0.9376887795055375,1.0,0.0003,1.0,15384.910668373108
depth4_bal_MAAMAMAM,4,MAAMAMAM,36325,435900,0.007153647990586857,0.1945529729127884,0.20881001821586065,1.0,0.9464751958224543,0.9393668195547601,1.0,0.0003,1.0,15395.29022693634
depth4_bal_MAAMAMAM,4,MAAMAMAM,36350,436200,0.006557054856481652,0.1975712130467097,0.20938289420945302,1.0,0.9425587467362925,0.9400380355744491,1.0,0.0003,1.0,15405.229699134827
depth4_bal_MAAMAMAM,4,MAAMAMAM,36375,436500,0.24035283674796423,0.6682313879330953,0.6727153505597796,0.922976501305483,0.7715404699738904,0.7659693478017675,1.0,0.0003,1.0,15415.214619159698
depth4_bal_MAAMAMAM,4,MAAMAMAM,36400,436800,0.3141607604920864,0.766319731871287,0.8129725234849112,0.8903394255874674,0.7362924281984334,0.7309542454413245,1.0,0.0003,1.0,15425.967943668365
depth4_bal_MAAMAMAM,4,MAAMAMAM,36425,437100,0.016056728626911838,0.24344023565451303,0.23730864567416055,1.0,0.9164490861618799,0.9270611925271283,1.0,0.0003,1.0,15436.590336084366
depth4_bal_MAAMAMAM,4,MAAMAMAM,36450,437400,0.013829527189955115,0.23236572245756784,0.21665020627634865,1.0,0.9295039164490861,0.9345564380803222,1.0,0.0003,1.0,15447.291121959686
depth4_bal_MAAMAMAM,4,MAAMAMAM,36475,437700,0.01087977085262537,0.21375776827335358,0.20702591474567142,1.0,0.9399477806788512,0.9350039154267815,1.0,0.0003,1.0,15458.106234073639
depth4_bal_MAAMAMAM,4,MAAMAMAM,36500,438000,0.033712812388936676,0.3077526390552521,0.30893287786415646,0.9960835509138382,0.8994778067885117,0.9032330238281687,1.0,0.0003,1.0,15468.927759885788
depth4_bal_MAAMAMAM,4,MAAMAMAM,36525,438300,0.010003336627657214,0.19948756198088327,0.2076966181397438,1.0,0.9386422976501305,0.9369056941492337,1.0,0.0003,1.0,15479.750177145004
depth4_bal_MAAMAMAM,4,MAAMAMAM,36550,438600,0.008270703838206828,0.190891295671463,0.19003401675394604,1.0,0.9451697127937336,0.9436178543461238,1.0,0.0003,1.0,15490.150751113892
depth4_bal_MAAMAMAM,4,MAAMAMAM,36575,438900,0.008364174165762961,0.18712860345840454,0.18193281974111283,1.0,0.9503916449086162,0.9452958943953462,1.0,0.0003,1.0,15501.189692735672
depth4_bal_MAAMAMAM,4,MAAMAMAM,36600,439200,0.10620539635419846,0.560631513595581,0.5361556836536953,0.9660574412532638,0.8107049608355091,0.8243651415147109,1.0,0.0003,1.0,15512.066412687302
depth4_bal_MAAMAMAM,4,MAAMAMAM,36625,439500,0.00797626442120721,0.18290497362613678,0.18398698845079967,1.0,0.9464751958224543,0.9447365477122721,1.0,0.0003,1.0,15522.917954683304
depth4_bal_MAAMAMAM,4,MAAMAMAM,36650,439800,0.01004463511829575,0.2021668404340744,0.1837451887982232,1.0,0.9360313315926893,0.9467501957713391,1.0,0.0003,1.0,15533.594103813171
depth4_bal_MAAMAMAM,4,MAAMAMAM,36675,440100,0.007250338598775367,0.19971718887488046,0.1786415187375886,1.0,0.9360313315926893,0.9459671104150352,1.0,0.0003,1.0,15544.310265302658
depth4_bal_MAAMAMAM,4,MAAMAMAM,36700,440400,0.13968582513431707,0.44667473435401917,0.444221750327519,0.9657310704960835,0.8498694516971279,0.8511019129656561,1.0,0.0003,1.0,15555.08266210556
depth4_bal_MAAMAMAM,4,MAAMAMAM,36725,440700,0.039847226502994694,0.30259857575098675,0.3127808234521321,0.9970626631853786,0.8929503916449086,0.8981989036805011,1.0,0.0003,1.0,15565.922688245773
depth4_bal_MAAMAMAM,4,MAAMAMAM,36750,441000,0.00961770947712163,0.19876755277315775,0.20476661452225275,1.0,0.9386422976501305,0.9400380355744491,1.0,0.0003,1.0,15576.82565498352
depth4_bal_MAAMAMAM,4,MAAMAMAM,36775,441300,0.009527800139039755,0.19368459284305573,0.1982818086232458,1.0,0.943864229765013,0.9414923369504419,1.0,0.0003,1.0,15587.46641421318
depth4_bal_MAAMAMAM,4,MAAMAMAM,36800,441600,0.007396773745616277,0.17957183221975961,0.18047856433050974,1.0,0.943864229765013,0.9463027184248798,1.0,0.0003,1.0,15598.093784332275
depth4_bal_MAAMAMAM,4,MAAMAMAM,36825,441900,0.46315227448940277,0.9034649928410848,0.9119737471852983,0.837467362924282,0.664490861618799,0.6960510124174963,1.0,0.0003,1.0,15608.888536691666
depth4_bal_MAAMAMAM,4,MAAMAMAM,36850,442200,0.01341438937621812,0.26609031359354657,0.2521392639194216,1.0,0.9060052219321149,0.9212439870231569,1.0,0.0003,1.0,15619.78619480133
depth4_bal_MAAMAMAM,4,MAAMAMAM,36875,442500,0.011475266811127463,0.23944285015265146,0.21944761872291565,1.0,0.9255874673629243,0.9341089607338628,1.0,0.0003,1.0,15630.520471334457
depth4_bal_MAAMAMAM,4,MAAMAMAM,36900,442800,0.009123751039927205,0.19878737131754556,0.19608486805643355,1.0,0.9425587467362925,0.9416042062870568,1.0,0.0003,1.0,15641.267107725143
depth4_bal_MAAMAMAM,4,MAAMAMAM,36925,443100,0.008167950746913752,0.18939454356829324,0.18517299464770726,1.0,0.9490861618798956,0.9440653316925831,1.0,0.0003,1.0,15652.209877490997
depth4_bal_MAAMAMAM,4,MAAMAMAM,36950,443400,0.006421324137287836,0.19109965860843658,0.17781151000942502,1.0,0.9464751958224543,0.9477570198008726,1.0,0.0003,1.0,15662.84866642952
depth4_bal_MAAMAMAM,4,MAAMAMAM,36975,443700,0.0059862650620440645,0.17446703215440115,0.1687388945903097,1.0,0.9477806788511749,0.9513368385725472,1.0,0.0003,1.0,15673.441888093948
depth4_bal_MAAMAMAM,4,MAAMAMAM,37000,444000,0.005014431856883069,0.16802270710468292,0.1628344225031989,1.0,0.9556135770234987,0.9523436626020808,1.0,0.0003,1.0,15684.340656518936
depth4_bal_MAAMAMAM,4,MAAMAMAM,37025,444300,0.005219013333165397,0.16618799169858298,0.1660973012447357,1.0,0.9595300261096605,0.9512249692359325,1.0,0.0003,1.0,15696.619328022003
depth4_bal_MAAMAMAM,4,MAAMAMAM,37050,444600,0.10863381686309974,0.48448822895685834,0.48938071472304207,0.9856396866840731,0.8159268929503917,0.833650296453742,1.0,0.0003,1.0,15707.42339682579
depth4_bal_MAAMAMAM,4,MAAMAMAM,37075,444900,0.01830252663542827,0.27935613691806793,0.2872107033218656,1.0,0.902088772845953,0.9077077972927621,1.0,0.0003,1.0,15717.128694057465
depth4_bal_MAAMAMAM,4,MAAMAMAM,37100,445200,0.05304579623043537,0.3549729486306508,0.33000326582363676,0.9928198433420365,0.8694516971279374,0.8900324421076183,1.0,0.0003,1.0,15727.797816038132
depth4_bal_MAAMAMAM,4,MAAMAMAM,37125,445500,0.013178871866936484,0.2329732726017634,0.23449796736240386,1.0,0.9373368146214099,0.9281798858932766,1.0,0.0003,1.0,15737.507939338684
depth4_bal_MAAMAMAM,4,MAAMAMAM,37150,445800,0.011424154896909991,0.21206570168336233,0.2134177782705852,1.0,0.9425587467362925,0.9373531714956931,1.0,0.0003,1.0,15748.170730829239
depth4_bal_MAAMAMAM,4,MAAMAMAM,37175,446100,0.3619532994925976,2.0987257957458496,2.096651887893677,0.8945822454308094,0.4830287206266319,0.48170936346347465,1.0,0.0003,1.0,15758.305927276611
depth4_bal_MAAMAMAM,4,MAAMAMAM,37200,446400,0.02132719149813056,0.28830191493034363,0.28767775212015423,0.9996736292428199,0.8942558746736292,0.9111757467278219,1.0,0.0003,1.0,15768.815571308136
depth4_bal_MAAMAMAM,4,MAAMAMAM,37225,446700,0.018350355171908934,0.23272176086902618,0.2370520898274013,0.9993472584856397,0.9255874673629243,0.9292985792594249,1.0,0.0003,1.0,15779.764716625214
depth4_bal_MAAMAMAM,4,MAAMAMAM,37250,447000,0.014307341926420728,0.20326854785283408,0.20115959559168134,1.0,0.9399477806788512,0.9433941156728941,1.0,0.0003,1.0,15790.414058446884
depth4_bal_MAAMAMAM,4,MAAMAMAM,37275,447300,0.009671111591160297,0.22720833122730255,0.22022599237305776,1.0,0.9373368146214099,0.9327665286944848,1.0,0.0003,1.0,15801.10641503334
depth4_bal_MAAMAMAM,4,MAAMAMAM,37300,447600,0.011369638610631227,0.205697571237882,0.1925859728029796,1.0,0.9451697127937336,0.9448484170488869,1.0,0.0003,1.0,15811.357962846756
depth4_bal_MAAMAMAM,4,MAAMAMAM,37325,447900,0.009986296140899261,0.193234716852506,0.17615661152771542,1.0,0.9569190600522193,0.9495469291867099,1.0,0.0003,1.0,15822.176764249802
depth4_bal_MAAMAMAM,4,MAAMAMAM,37350,448200,0.008555830533926686,0.19047279159228006,0.16971127412148884,1.0,0.9530026109660574,0.9525674012753105,1.0,0.0003,1.0,15832.967929124832
depth4_bal_MAAMAMAM,4,MAAMAMAM,37375,448500,0.14942244129876295,0.44560325145721436,0.45255203332219807,0.964425587467363,0.8485639686684073,0.8469627475109073,1.0,0.0003,1.0,15843.830910921097
depth4_bal_MAAMAMAM,4,MAAMAMAM,37400,448800,0.009834225134303173,0.22151429454485574,0.22278387333665575,1.0,0.9360313315926893,0.9316478353283365,1.0,0.0003,1.0,15854.72150349617
depth4_bal_MAAMAMAM,4,MAAMAMAM,37425,449100,0.009459595428779721,0.20497180024782816,0.19750589856079648,1.0,0.9451697127937336,0.9403736435842935,1.0,0.0003,1.0,15865.352152824402
depth4_bal_MAAMAMAM,4,MAAMAMAM,37450,449400,0.08337114751338959,0.37975765268007916,0.38630776490483965,0.9859660574412533,0.8629242819843342,0.8698959615169483,1.0,0.0003,1.0,15876.13114786148
depth4_bal_MAAMAMAM,4,MAAMAMAM,37475,449700,0.013458491846298179,0.2023807168006897,0.20620017179421016,1.0,0.9386422976501305,0.9399261662378342,1.0,0.0003,1.0,15886.898021936417
depth4_bal_MAAMAMAM,4,MAAMAMAM,37500,450000,0.013848147199799618,0.19018386801083884,0.19348240622452328,0.9996736292428199,0.9425587467362925,0.9446246783756572,1.0,0.0003,1.0,15897.703783035278
depth4_bal_MAAMAMAM,4,MAAMAMAM,37525,450300,0.010023830148080984,0.17687102655569711,0.17250556200742723,1.0,0.9490861618798956,0.9518961852556215,1.0,0.0003,1.0,15908.499988079071
depth4_bal_MAAMAMAM,4,MAAMAMAM,37550,450600,0.008932577601323525,0.1631211390097936,0.16623624052320207,1.0,0.9556135770234987,0.9551403960174516,1.0,0.0003,1.0,15919.382907152176
depth4_bal_MAAMAMAM,4,MAAMAMAM,37575,450900,0.009136398594516018,0.20795471966266632,0.212147827233587,1.0,0.9308093994778068,0.9369056941492337,1.0,0.0003,1.0,15930.071630954742
depth4_bal_MAAMAMAM,4,MAAMAMAM,37600,451200,0.009187527311344942,0.19309058785438538,0.18472984646047866,1.0,0.9425587467362925,0.9486519744937912,1.0,0.0003,1.0,15941.034118652344
depth4_bal_MAAMAMAM,4,MAAMAMAM,37625,451500,0.007519894318344693,0.18100124597549438,0.1705331297857421,1.0,0.9451697127937336,0.9513368385725472,1.0,0.0003,1.0,15951.848804235458
depth4_bal_MAAMAMAM,4,MAAMAMAM,37650,451800,0.32122767716646194,0.7971088488896688,0.7397283026150294,0.9033942558746736,0.7480417754569191,0.7663049558116121,1.0,0.0003,1.0,15962.97915482521
depth4_bal_MAAMAMAM,4,MAAMAMAM,37675,452100,0.01126780609289805,0.20571454366048178,0.2100425320012229,1.0,0.9347258485639687,0.9370175634858485,1.0,0.0003,1.0,15973.52371430397
depth4_bal_MAAMAMAM,4,MAAMAMAM,37700,452400,0.01134575802522401,0.20021453003088632,0.1915302676813943,1.0,0.9347258485639687,0.9464145877614946,1.0,0.0003,1.0,15984.464071512222
depth4_bal_MAAMAMAM,4,MAAMAMAM,37725,452700,0.00969186673561732,0.1884899934132894,0.17580104172229766,1.0,0.9412532637075718,0.9499944065331692,1.0,0.0003,1.0,15995.324206590652
depth4_bal_MAAMAMAM,4,MAAMAMAM,37750,453000,0.2363564856350422,0.7069699168205261,0.7434681398527963,0.9213446475195822,0.7741514360313316,0.7701085132565164,1.0,0.0003,1.0,16006.247606992722
depth4_bal_MAAMAMAM,4,MAAMAMAM,37775,453300,0.016052382066845894,0.29356347521146137,0.29830681043011803,0.9990208877284595,0.8994778067885117,0.9058060185703098,1.0,0.0003,1.0,16016.933479070663
depth4_bal_MAAMAMAM,4,MAAMAMAM,37800,453600,0.04349446917573611,0.3099129597345988,0.3186653333050864,0.9957571801566579,0.8942558746736292,0.894954692918671,1.0,0.0003,1.0,16027.46227478981
depth4_bal_MAAMAMAM,4,MAAMAMAM,37825,453900,0.008608415878067413,0.1997761925061544,0.1943627838577543,1.0,0.9386422976501305,0.9444009397024276,1.0,0.0003,1.0,16038.130843877792
depth4_bal_MAAMAMAM,4,MAAMAMAM,37850,454200,0.007598123551967244,0.1907010575135549,0.1747273623943329,1.0,0.9360313315926893,0.9486519744937912,1.0,0.0003,1.0,16048.44642663002
depth4_bal_MAAMAMAM,4,MAAMAMAM,37875,454500,0.006773206017290552,0.18171691397825876,0.16184483468532562,1.0,0.9425587467362925,0.9541335719879181,1.0,0.0003,1.0,16059.240632772446
depth4_bal_MAAMAMAM,4,MAAMAMAM,37900,454800,2.7250214417775473,2.7253197034200034,2.710689442498343,0.2819843342036554,0.20365535248041775,0.22161315583398591,1.0,0.0003,1.0,16068.312201023102
depth4_bal_MAAMAMAM,4,MAAMAMAM,37925,455100,0.31520838538805646,0.915416439374288,0.8549088307789394,0.89588772845953,0.6684073107049608,0.702315695267927,1.0,0.0003,1.0,16079.007812023163
depth4_bal_MAAMAMAM,4,MAAMAMAM,37950,455400,0.15791361406445503,0.5861410101254781,0.5769229531288147,0.9634464751958225,0.7872062663185379,0.7948316366483946,1.0,0.0003,1.0,16089.862698554993
depth4_bal_MAAMAMAM,4,MAAMAMAM,37975,455700,0.02504641454045971,0.36970030268033344,0.3500406154564449,1.0,0.8851174934725848,0.8891374874146997,1.0,0.0003,1.0,16100.63054728508
depth4_bal_MAAMAMAM,4,MAAMAMAM,38000,456000,0.01870418634886543,0.3210424482822418,0.3031484182391848,1.0,0.8981723237597912,0.9069247119364582,1.0,0.0003,1.0,16111.529624938965
depth4_bal_MAAMAMAM,4,MAAMAMAM,38025,456300,0.01740264178564151,0.32042409976323444,0.2858596567596708,1.0,0.8994778067885117,0.9126300481038148,1.0,0.0003,1.0,16122.871392250061
depth4_bal_MAAMAMAM,4,MAAMAMAM,38050,456600,0.012775217881426215,0.26282420257727307,0.24873904160090854,1.0,0.9203655352480418,0.9247119364582168,1.0,0.0003,1.0,16134.01160287857
depth4_bal_MAAMAMAM,4,MAAMAMAM,38075,456900,0.01087038490610818,0.24460472166538239,0.22934175431728362,1.0,0.9308093994778068,0.9312003579818772,1.0,0.0003,1.0,16145.075174808502
depth4_bal_MAAMAMAM,4,MAAMAMAM,38100,457200,0.009158069112648567,0.2323240488767624,0.22165250054427554,1.0,0.933420365535248,0.9332140060409442,1.0,0.0003,1.0,16155.696869850159
depth4_bal_MAAMAMAM,4,MAAMAMAM,38125,457500,0.21673981472849846,0.5996624628702799,0.6371121381010328,0.9285248041775457,0.8080939947780679,0.7918111645597942,1.0,0.0003,1.0,16166.481592655182
depth4_bal_MAAMAMAM,4,MAAMAMAM,38150,457800,0.08327246022721131,0.5527613957722982,0.5572841950825282,0.9807441253263708,0.8224543080939948,0.8089271730618638,1.0,0.0003,1.0,16177.296773672104
depth4_bal_MAAMAMAM,4,MAAMAMAM,38175,458100,0.03806822234764695,0.3937719563643138,0.4225331783294678,0.9964099216710183,0.8629242819843342,0.8574784651527017,1.0,0.0003,1.0,16187.895327091217
depth4_bal_MAAMAMAM,4,MAAMAMAM,38200,458400,0.013163831550627947,0.28128334879875183,0.2739419085638864,1.0,0.9099216710182768,0.9129656561136592,1.0,0.0003,1.0,16198.52309179306
depth4_bal_MAAMAMAM,4,MAAMAMAM,38225,458700,0.01080355738910536,0.2516767382621765,0.2478529244661331,1.0,0.9190600522193212,0.9233695044188388,1.0,0.0003,1.0,16209.074882745743
depth4_bal_MAAMAMAM,4,MAAMAMAM,38250,459000,0.0094751399786522,0.24975630640983582,0.23996931995664325,0.9996736292428199,0.9177545691906005,0.9259424991609799,1.0,0.0003,1.0,16218.784495353699
depth4_bal_MAAMAMAM,4,MAAMAMAM,38275,459300,2.2347712914148965,2.201446294784546,2.1957433632441927,0.381201044386423,0.3394255874673629,0.34399821009061415,1.0,0.0003,1.0,16229.277272462845
depth4_bal_MAAMAMAM,4,MAAMAMAM,38300,459600,0.13599948647121587,0.5437029699484507,0.5020682334899902,0.9670365535248042,0.8276762402088773,0.8310773017116009,1.0,0.0003,1.0,16239.890130758286
depth4_bal_MAAMAMAM,4,MAAMAMAM,38325,459900,0.01738991922078033,0.31350399057070416,0.2976557058947427,1.0,0.9033942558746736,0.9087146213222955,1.0,0.0003,1.0,16250.636455535889
depth4_bal_MAAMAMAM,4,MAAMAMAM,38350,460200,0.014634645932043592,0.28565147519111633,0.26967299367700304,1.0,0.9164490861618799,0.9191184696274751,1.0,0.0003,1.0,16261.52359843254
depth4_bal_MAAMAMAM,4,MAAMAMAM,38375,460500,0.012204649935786923,0.26523637771606445,0.2485527596303395,1.0,0.9255874673629243,0.9270611925271283,1.0,0.0003,1.0,16272.409791231155
depth4_bal_MAAMAMAM,4,MAAMAMAM,38400,460800,0.010221385164186358,0.24449262022972107,0.237580292565482,1.0,0.933420365535248,0.9281798858932766,1.0,0.0003,1.0,16283.252645254135
depth4_bal_MAAMAMAM,4,MAAMAMAM,38425,461100,0.008458049036562443,0.23508459329605103,0.2210410352264132,1.0,0.9308093994778068,0.9343326994070925,1.0,0.0003,1.0,16293.843448400497
depth4_bal_MAAMAMAM,4,MAAMAMAM,38450,461400,0.013733260100707412,0.2822352349758148,0.2979487832103457,0.9996736292428199,0.9033942558746736,0.9040161091844725,1.0,0.0003,1.0,16304.790938615799
depth4_bal_MAAMAMAM,4,MAAMAMAM,38475,461700,0.010258964728564024,0.25513629118601483,0.24760792297976358,1.0,0.9138381201044387,0.9229220270723795,1.0,0.0003,1.0,16315.420666217804
depth4_bal_MAAMAMAM,4,MAAMAMAM,38500,462000,0.008819057140499353,0.2482901265223821,0.23124782272747585,1.0,0.9177545691906005,0.9287392325763508,1.0,0.0003,1.0,16326.263602733612
depth4_bal_MAAMAMAM,4,MAAMAMAM,38525,462300,0.006881629698909819,0.23869663973649344,0.2216297047478812,1.0,0.9281984334203656,0.9334377447141738,1.0,0.0003,1.0,16337.015433311462
depth4_bal_MAAMAMAM,4,MAAMAMAM,38550,462600,0.006232046483395,0.23435592651367188,0.21467542478016444,1.0,0.9308093994778068,0.9354513927732409,1.0,0.0003,1.0,16347.794176578522
depth4_bal_MAAMAMAM,4,MAAMAMAM,38575,462900,0.06175635289400816,0.37275516986846924,0.391806891986302,0.9889033942558747,0.8785900783289817,0.864638102696051,1.0,0.0003,1.0,16358.545692682266
depth4_bal_MAAMAMAM,4,MAAMAMAM,38600,463200,0.010112420112515489,0.23936924835046133,0.2295349955558777,1.0,0.9242819843342036,0.931312227318492,1.0,0.0003,1.0,16369.262508630753
depth4_bal_MAAMAMAM,4,MAAMAMAM,38625,463500,0.008799148257821798,0.23495912551879883,0.21880700758525304,1.0,0.9216710182767625,0.9338852220606332,1.0,0.0003,1.0,16380.100047111511
depth4_bal_MAAMAMAM,4,MAAMAMAM,38650,463800,0.007322092656977475,0.23252564668655396,0.21161348393985202,1.0,0.9308093994778068,0.9361226087929299,1.0,0.0003,1.0,16390.727889299393
depth4_bal_MAAMAMAM,4,MAAMAMAM,38675,464100,0.710881104071935,1.274577220280965,1.1884892054966518,0.758485639686684,0.5861618798955613,0.6026401163441101,1.0,0.0003,1.0,16401.618932962418
depth4_bal_MAAMAMAM,4,MAAMAMAM,38700,464400,0.31344850609699887,0.880813995997111,0.8920349768229894,0.9037206266318538,0.7336814621409922,0.723235261214901,1.0,0.0003,1.0,16412.34711074829
depth4_bal_MAAMAMAM,4,MAAMAMAM,38725,464700,0.00857632739158968,0.22449882825215658,0.20247195788792202,1.0,0.9281984334203656,0.9381362568519969,1.0,0.0003,1.0,16423.315387010574
depth4_bal_MAAMAMAM,4,MAAMAMAM,38750,465000,0.0076871420023962855,0.22251039246718088,0.19195312644754137,1.0,0.9425587467362925,0.9430585076630496,1.0,0.0003,1.0,16434.277547121048
depth4_bal_MAAMAMAM,4,MAAMAMAM,38775,465300,0.006719502659204106,0.2119330366452535,0.18402393247400012,1.0,0.9464751958224543,0.9463027184248798,1.0,0.0003,1.0,16444.56561565399
depth4_bal_MAAMAMAM,4,MAAMAMAM,38800,465600,1.4520316620667775,1.4882313013076782,1.636804175376892,0.566579634464752,0.5104438642297651,0.46213222955587874,1.0,0.0003,1.0,16455.099595069885
depth4_bal_MAAMAMAM,4,MAAMAMAM,38825,465900,0.016651185229420662,0.27435330549875897,0.26834573447704313,1.0,0.9242819843342036,0.9141962188164224,1.0,0.0003,1.0,16465.495886325836
depth4_bal_MAAMAMAM,4,MAAMAMAM,38850,466200,0.012973191992690166,0.22657114764054617,0.229391234261649,1.0,0.9425587467362925,0.9291867099228102,1.0,0.0003,1.0,16476.343789100647
depth4_bal_MAAMAMAM,4,MAAMAMAM,38875,466500,0.0366625286017855,0.33927608529726666,0.331452619603702,0.9941253263707572,0.8877284595300261,0.890256180780848,1.0,0.0003,1.0,16486.96675157547
depth4_bal_MAAMAMAM,4,MAAMAMAM,38900,466800,0.010758202290162444,0.22274244825045267,0.21154748712267193,1.0,0.9321148825065274,0.9357870007830854,1.0,0.0003,1.0,16497.75769686699
depth4_bal_MAAMAMAM,4,MAAMAMAM,38925,467100,0.009482136539493998,0.21617857615152994,0.19365439414978028,1.0,0.9347258485639687,0.9401499049110639,1.0,0.0003,1.0,16508.333647727966
depth4_bal_MAAMAMAM,4,MAAMAMAM,38950,467400,0.008134278818033636,0.21035192410151163,0.18418178537062235,1.0,0.9425587467362925,0.9445128090390424,1.0,0.0003,1.0,16518.132193803787
depth4_bal_MAAMAMAM,4,MAAMAMAM,38975,467700,0.22777347639203072,0.7212455670038859,0.6697940877505711,0.9288511749347258,0.7610966057441253,0.7742476787112652,1.0,0.0003,1.0,16528.886967658997
depth4_bal_MAAMAMAM,4,MAAMAMAM,39000,468000,0.012792066903784871,0.2610786457856496,0.2639325261116028,1.0,0.9164490861618799,0.9162098668754894,1.0,0.0003,1.0,16539.79350757599
depth4_bal_MAAMAMAM,4,MAAMAMAM,39025,468300,0.011804048592845598,0.2092253416776657,0.2106609412602016,1.0,0.9347258485639687,0.9379125181787672,1.0,0.0003,1.0,16551.000207424164
depth4_bal_MAAMAMAM,4,MAAMAMAM,39050,468600,0.009954470908269286,0.19823679327964783,0.1947635625089918,1.0,0.9425587467362925,0.9440653316925831,1.0,0.0003,1.0,16560.65768957138
depth4_bal_MAAMAMAM,4,MAAMAMAM,39075,468900,0.008807363376642266,0.23074589172999063,0.20912332683801652,1.0,0.9321148825065274,0.9363463474661595,1.0,0.0003,1.0,16571.433064222336
depth4_bal_MAAMAMAM,4,MAAMAMAM,39100,469200,0.009148621039154628,0.20024544497330984,0.18526245611054556,1.0,0.9412532637075718,0.9469739344445688,1.0,0.0003,1.0,16582.315405368805
depth4_bal_MAAMAMAM,4,MAAMAMAM,39125,469500,0.007895305403508246,0.19270131488641104,0.17394008530037744,1.0,0.9399477806788512,0.9514487079091621,1.0,0.0003,1.0,16592.848187446594
depth4_bal_MAAMAMAM,4,MAAMAMAM,39150,469800,0.008792856940999627,0.21610025564829508,0.17948362060955592,1.0,0.9347258485639687,0.9473095424544132,1.0,0.0003,1.0,16603.708614110947
depth4_bal_MAAMAMAM,4,MAAMAMAM,39175,470100,0.12139932066202164,0.4604446391264598,0.487070505959647,0.9794386422976501,0.8420365535248042,0.8372301152254167,1.0,0.0003,1.0,16614.703716278076
depth4_bal_MAAMAMAM,4,MAAMAMAM,39200,470400,0.01443675571742157,0.2482814242442449,0.25012282473700387,1.0,0.9177545691906005,0.9197896856471641,1.0,0.0003,1.0,16625.50413274765
depth4_bal_MAAMAMAM,4,MAAMAMAM,39225,470700,0.011951802298426628,0.21713153521219888,0.22004451879433223,1.0,0.9360313315926893,0.9334377447141738,1.0,0.0003,1.0,16636.225313186646
depth4_bal_MAAMAMAM,4,MAAMAMAM,39250,471000,0.011156945178906122,0.2073330581188202,0.2044239968061447,1.0,0.9386422976501305,0.9366819554760041,1.0,0.0003,1.0,16646.99835371971
depth4_bal_MAAMAMAM,4,MAAMAMAM,39275,471300,0.008600008751576146,0.1994057595729828,0.19114603464092528,1.0,0.9399477806788512,0.9440653316925831,1.0,0.0003,1.0,16657.870565652847
depth4_bal_MAAMAMAM,4,MAAMAMAM,39300,471600,1.033033549785614,1.4316004912058513,1.4098481859479632,0.70822454308094,0.6018276762402088,0.58250363575344,1.0,0.0003,1.0,16668.527127742767
depth4_bal_MAAMAMAM,4,MAAMAMAM,39325,471900,0.2984343009690444,0.6634746789932251,0.673189537865775,0.8988250652741514,0.7663185378590078,0.7680948651974494,1.0,0.0003,1.0,16679.332255125046
depth4_bal_MAAMAMAM,4,MAAMAMAM,39350,472200,0.019119597040116787,0.2773001144329707,0.27293808673109327,0.9993472584856397,0.9112271540469974,0.9155386508558004,1.0,0.0003,1.0,16690.154527902603
depth4_bal_MAAMAMAM,4,MAAMAMAM,39375,472500,0.012863199459388852,0.2424682875474294,0.23727839631693703,1.0,0.9255874673629243,0.9288511019129656,1.0,0.0003,1.0,16701.122873306274
depth4_bal_MAAMAMAM,4,MAAMAMAM,39400,472800,0.010796505569790801,0.2365962564945221,0.223129626257079,1.0,0.9281984334203656,0.9322071820114106,1.0,0.0003,1.0,16711.936941623688
depth4_bal_MAAMAMAM,4,MAAMAMAM,39425,473100,0.008973783114925027,0.2282405843337377,0.20924690025193352,1.0,0.9255874673629243,0.9347801767535519,1.0,0.0003,1.0,16722.555828094482
depth4_bal_MAAMAMAM,4,MAAMAMAM,39450,473400,0.007624833029694855,0.21773126224676767,0.20160011691706523,1.0,0.9295039164490861,0.9370175634858485,1.0,0.0003,1.0,16733.511536598206
depth4_bal_MAAMAMAM,4,MAAMAMAM,39475,473700,0.13556169035534063,0.4984315534432729,0.4819048924105508,0.9693211488250653,0.839425587467363,0.8374538538986463,1.0,0.0003,1.0,16744.18551659584
depth4_bal_MAAMAMAM,4,MAAMAMAM,39500,474000,0.01477479888126254,0.2291601449251175,0.24511188524109975,1.0,0.9190600522193212,0.9210202483499272,1.0,0.0003,1.0,16754.989717960358
depth4_bal_MAAMAMAM,4,MAAMAMAM,39525,474300,0.011100091195354858,0.21793545285860697,0.21347578934260777,1.0,0.9177545691906005,0.9348920460901667,1.0,0.0003,1.0,16765.764774799347
depth4_bal_MAAMAMAM,4,MAAMAMAM,39550,474600,0.00829514399326096,0.200869952638944,0.20351327402251107,1.0,0.9295039164490861,0.9378006488421524,1.0,0.0003,1.0,16776.661123991013
depth4_bal_MAAMAMAM,4,MAAMAMAM,39575,474900,0.007865253719501197,0.18500312666098276,0.1939214961869376,1.0,0.9295039164490861,0.9430585076630496,1.0,0.0003,1.0,16787.34510588646
depth4_bal_MAAMAMAM,4,MAAMAMAM,39600,475200,0.009445361948261658,0.20728151500225067,0.2071913880961282,1.0,0.9295039164490861,0.9341089607338628,1.0,0.0003,1.0,16798.135426044464
depth4_bal_MAAMAMAM,4,MAAMAMAM,39625,475500,0.008154894264104465,0.18557158609231314,0.1833597958087921,1.0,0.9373368146214099,0.9427228996532051,1.0,0.0003,1.0,16808.81804537773
depth4_bal_MAAMAMAM,4,MAAMAMAM,39650,475800,0.006936513935215771,0.18518467247486115,0.17291908796344485,1.0,0.9412532637075718,0.9468620651079539,1.0,0.0003,1.0,16819.526913404465
depth4_bal_MAAMAMAM,4,MAAMAMAM,39675,476100,0.005788243608549237,0.17366066575050354,0.16702047969613756,1.0,0.9516971279373369,0.9503300145430138,1.0,0.0003,1.0,16828.80396413803
depth4_bal_MAAMAMAM,4,MAAMAMAM,39700,476400,0.004961224389262497,0.17237084607283273,0.16359702114548003,1.0,0.9464751958224543,0.9513368385725472,1.0,0.0003,1.0,16839.385589122772
depth4_bal_MAAMAMAM,4,MAAMAMAM,39725,476700,0.3125542799631755,0.8793551325798035,0.8467227731432233,0.8955613577023499,0.6801566579634465,0.7071260767423649,1.0,0.0003,1.0,16850.02101945877
depth4_bal_MAAMAMAM,4,MAAMAMAM,39750,477000,0.08366893976926804,0.458388090133667,0.44944677778652736,0.9836814621409922,0.835509138381201,0.8433829287392326,1.0,0.0003,1.0,16858.54671907425
depth4_bal_MAAMAMAM,4,MAAMAMAM,39775,477300,0.017591283656656742,0.2996800939242045,0.2945345103740692,1.0,0.8968668407310705,0.9067009732632285,1.0,0.0003,1.0,16869.263463497162
depth4_bal_MAAMAMAM,4,MAAMAMAM,39800,477600,0.013154256157577038,0.25708619753519696,0.2638021809714181,1.0,0.9216710182767625,0.9186709922810158,1.0,0.0003,1.0,16879.34328174591
depth4_bal_MAAMAMAM,4,MAAMAMAM,39825,477900,0.012971315920973817,0.2543500115474065,0.24322111478873662,1.0,0.912532637075718,0.9258306298243651,1.0,0.0003,1.0,16890.075174331665
depth4_bal_MAAMAMAM,4,MAAMAMAM,39850,478200,0.010983176296576858,0.24500475823879242,0.23345967786652702,1.0,0.9203655352480418,0.9297460566058843,1.0,0.0003,1.0,16900.82212305069
depth4_bal_MAAMAMAM,4,MAAMAMAM,39875,478500,1.1172992711265881,2.490154584248861,2.465291779381888,0.6928851174934726,0.4151436031331593,0.4463586530931872,1.0,0.0003,1.0,16911.536425828934
depth4_bal_MAAMAMAM,4,MAAMAMAM,39900,478800,0.04476924892514944,0.3095322748025258,0.31000542172363826,0.9977154046997389,0.8994778067885117,0.8999888130663385,1.0,0.0003,1.0,16922.374220371246
depth4_bal_MAAMAMAM,4,MAAMAMAM,39925,479100,0.014960779420410594,0.23112908005714417,0.22076342829636164,1.0,0.9386422976501305,0.9344445687437074,1.0,0.0003,1.0,16933.339314222336
depth4_bal_MAAMAMAM,4,MAAMAMAM,39950,479400,0.01275105394112567,0.21283898750940958,0.19939688018390112,1.0,0.943864229765013,0.9422754223067458,1.0,0.0003,1.0,16944.184493541718
depth4_bal_MAAMAMAM,4,MAAMAMAM,39975,479700,0.010873543797060847,0.20425945520401,0.1823426448873111,1.0,0.9503916449086162,0.9486519744937912,1.0,0.0003,1.0,16954.793352127075
depth4_bal_MAAMAMAM,4,MAAMAMAM,40000,480000,0.008704953788158795,0.18949060638745627,0.1728112063237599,1.0,0.9477806788511749,0.9520080545922363,1.0,0.0003,1.0,16965.560739517212
depth4_bal_MAAMAMAM,4,MAAMAMAM,40025,480300,0.00818355280595521,0.19238226612408957,0.16415650652987615,1.0,0.9464751958224543,0.9526792706119253,1.0,0.0003,1.0,16976.72054862976
depth4_bal_MAAMAMAM,4,MAAMAMAM,40050,480600,0.008773243830849728,0.22123043735822043,0.21073607972690037,1.0,0.933420365535248,0.9351157847633964,1.0,0.0003,1.0,16987.235516309738
depth4_bal_MAAMAMAM,4,MAAMAMAM,40075,480900,0.009745171293616295,0.2211753080288569,0.193644112774304,1.0,0.9373368146214099,0.9426110303165902,1.0,0.0003,1.0,16998.133953094482
depth4_bal_MAAMAMAM,4,MAAMAMAM,40100,481200,0.007099235779605806,0.19211315115292868,0.17245130113192966,1.0,0.9425587467362925,0.9503300145430138,1.0,0.0003,1.0,17008.88082933426
depth4_bal_MAAMAMAM,4,MAAMAMAM,40125,481500,0.006418098152304689,0.19456847508748373,0.16439712388174874,1.0,0.943864229765013,0.9539098333146885,1.0,0.0003,1.0,17019.850444316864
depth4_bal_MAAMAMAM,4,MAAMAMAM,40150,481800,0.11193102101484935,0.4278765718142192,0.4375249811581203,0.9862924281984334,0.860313315926893,0.8530036916881083,1.0,0.0003,1.0,17030.520072460175
depth4_bal_MAAMAMAM,4,MAAMAMAM,40175,482100,0.013295432397474846,0.27306511004765827,0.2730113310473306,1.0,0.9190600522193212,0.9152030428459559,1.0,0.0003,1.0,17041.198694705963
depth4_bal_MAAMAMAM,4,MAAMAMAM,40200,482400,0.011503335631762942,0.24468853573004404,0.23288209480898722,1.0,0.933420365535248,0.931312227318492,1.0,0.0003,1.0,17051.93454837799
depth4_bal_MAAMAMAM,4,MAAMAMAM,40225,482700,0.009797977516427636,0.22722161809603372,0.20357948456491742,1.0,0.9373368146214099,0.9422754223067458,1.0,0.0003,1.0,17062.727433919907
depth4_bal_MAAMAMAM,4,MAAMAMAM,40250,483000,0.008166519459336996,0.21569253007570902,0.18785213508776255,1.0,0.9399477806788512,0.9478688891374875,1.0,0.0003,1.0,17073.45880293846
depth4_bal_MAAMAMAM,4,MAAMAMAM,40275,483300,0.006686618318781257,0.19332920014858246,0.1744626304933003,1.0,0.9477806788511749,0.9531267479583846,1.0,0.0003,1.0,17084.221361398697
depth4_bal_MAAMAMAM,4,MAAMAMAM,40300,483600,0.15508262068033218,0.5380713144938151,0.5101401712213244,0.9601827676240209,0.8211488250652742,0.8196666293768878,1.0,0.0003,1.0,17095.10915875435
depth4_bal_MAAMAMAM,4,MAAMAMAM,40325,483900,0.0130187151953578,0.2478356013695399,0.24007212434496197,1.0,0.9203655352480418,0.9254950218145206,1.0,0.0003,1.0,17105.708526611328
depth4_bal_MAAMAMAM,4,MAAMAMAM,40350,484200,0.011507181683555245,0.23074668645858765,0.22003284777913776,1.0,0.9255874673629243,0.9328783980310996,1.0,0.0003,1.0,17116.503664016724
depth4_bal_MAAMAMAM,4,MAAMAMAM,40375,484500,0.009745286855225762,0.2224517414967219,0.2035783371755055,1.0,0.9321148825065274,0.9391430808815304,1.0,0.0003,1.0,17127.204320192337
depth4_bal_MAAMAMAM,4,MAAMAMAM,40400,484800,0.020810727030038834,0.28732829292615253,0.2774924056870597,0.9986945169712794,0.9151436031331592,0.9115113547376664,1.0,0.0003,1.0,17137.936183691025
depth4_bal_MAAMAMAM,4,MAAMAMAM,40425,485100,0.018141973686094087,0.23724516232808432,0.25050064836229596,0.9993472584856397,0.9177545691906005,0.9248238057948316,1.0,0.0003,1.0,17146.31580877304
depth4_bal_MAAMAMAM,4,MAAMAMAM,40450,485400,0.007291190170993407,0.1981630176305771,0.19529720076492854,1.0,0.9386422976501305,0.9414923369504419,1.0,0.0003,1.0,17156.392268419266
depth4_bal_MAAMAMAM,4,MAAMAMAM,40475,485700,0.006005845226657887,0.19680609305699667,0.1840056129864284,1.0,0.9373368146214099,0.9444009397024276,1.0,0.0003,1.0,17167.00610923767
depth4_bal_MAAMAMAM,4,MAAMAMAM,40500,486000,0.005123346073863407,0.17664575576782227,0.16976794025727682,1.0,0.9464751958224543,0.9511130998993176,1.0,0.0003,1.0,17177.69087576866
depth4_bal_MAAMAMAM,4,MAAMAMAM,40525,486300,1.2548696796099346,1.5869721571604412,1.5305971145629882,0.6024804177545692,0.4699738903394256,0.48898087034343884,1.0,0.0003,1.0,17188.610459327698
depth4_bal_MAAMAMAM,4,MAAMAMAM,40550,486600,0.008199493633583188,0.21562593181928,0.2025994279554912,1.0,0.9321148825065274,0.9356751314464705,1.0,0.0003,1.0,17199.45212316513
depth4_bal_MAAMAMAM,4,MAAMAMAM,40575,486900,0.010659567002827922,0.2150077372789383,0.20896392273051398,1.0,0.9295039164490861,0.9325427900212552,1.0,0.0003,1.0,17210.428730249405
depth4_bal_MAAMAMAM,4,MAAMAMAM,40600,487200,0.007588523595283429,0.20813317596912384,0.18880327471664973,1.0,0.9386422976501305,0.9438415930193534,1.0,0.0003,1.0,17221.266070604324
depth4_bal_MAAMAMAM,4,MAAMAMAM,40625,487500,0.9705128024021784,1.649371862411499,1.5479695762906756,0.7114882506527415,0.5326370757180157,0.550173397471753,1.0,0.0003,1.0,17232.067387342453
depth4_bal_MAAMAMAM,4,MAAMAMAM,40650,487800,0.0329486932605505,0.3192920784155528,0.3371588681425367,0.9996736292428199,0.8929503916449086,0.8871238393556327,1.0,0.0003,1.0,17242.769221782684
depth4_bal_MAAMAMAM,4,MAAMAMAM,40675,488100,0.013264323196684321,0.24637413024902344,0.23213692903518676,1.0,0.922976501305483,0.9295223179326546,1.0,0.0003,1.0,17253.478991746902
depth4_bal_MAAMAMAM,4,MAAMAMAM,40700,488400,0.012736338811616102,0.22651861608028412,0.20566011624676842,1.0,0.933420365535248,0.9383599955252265,1.0,0.0003,1.0,17264.25475001335
depth4_bal_MAAMAMAM,4,MAAMAMAM,40725,488700,0.01060104975476861,0.20108424623807272,0.1864431687763759,1.0,0.9373368146214099,0.9461908490882649,1.0,0.0003,1.0,17275.041658878326
depth4_bal_MAAMAMAM,4,MAAMAMAM,40750,489000,0.043228951593240104,0.35138917962710065,0.3330338716506958,0.9941253263707572,0.8929503916449086,0.8932766528694485,1.0,0.0003,1.0,17285.634974479675
depth4_bal_MAAMAMAM,4,MAAMAMAM,40775,489300,0.008705831288049618,0.2148527204990387,0.1970544593674796,1.0,0.9386422976501305,0.9430585076630496,1.0,0.0003,1.0,17296.47616147995
depth4_bal_MAAMAMAM,4,MAAMAMAM,40800,489600,0.007656839753811558,0.2069302350282669,0.1858762115240097,1.0,0.943864229765013,0.9467501957713391,1.0,0.0003,1.0,17307.287668943405
depth4_bal_MAAMAMAM,4,MAAMAMAM,40825,489900,0.006511095251577596,0.20629008611043295,0.1801187860114234,1.0,0.9399477806788512,0.9483163664839468,1.0,0.0003,1.0,17317.72294640541
depth4_bal_MAAMAMAM,4,MAAMAMAM,40850,490200,0.005540661746636033,0.19816544155279794,0.17515195778438022,1.0,0.9464751958224543,0.9490994518402506,1.0,0.0003,1.0,17328.47926092148
depth4_bal_MAAMAMAM,4,MAAMAMAM,40875,490500,0.4315677483876546,1.0981340408325195,1.1756871019090924,0.8612924281984334,0.6318537859007833,0.6223291195883208,1.0,0.0003,1.0,17339.277025938034
depth4_bal_MAAMAMAM,4,MAAMAMAM,40900,490800,0.013849519503613314,0.23810772597789764,0.23210722165448325,1.0,0.9295039164490861,0.9291867099228102,1.0,0.0003,1.0,17350.003200769424
depth4_bal_MAAMAMAM,4,MAAMAMAM,40925,491100,0.012318109472592672,0.22379858791828156,0.21202888403620038,1.0,0.9308093994778068,0.9381362568519969,1.0,0.0003,1.0,17360.91484594345
depth4_bal_MAAMAMAM,4,MAAMAMAM,40950,491400,0.010246652876958251,0.2160209814707438,0.20092069378920963,1.0,0.933420365535248,0.9414923369504419,1.0,0.0003,1.0,17371.82096362114
depth4_bal_MAAMAMAM,4,MAAMAMAM,40975,491700,0.05778176182260116,0.33114417394002277,0.3385911924498422,0.9859660574412533,0.891644908616188,0.892941044859604,1.0,0.0003,1.0,17382.527573108673
depth4_bal_MAAMAMAM,4,MAAMAMAM,41000,492000,0.009129683836363256,0.20207971831162772,0.19774441548756191,1.0,0.9399477806788512,0.9405973822575232,1.0,0.0003,1.0,17393.405982255936
depth4_bal_MAAMAMAM,4,MAAMAMAM,41025,492300,0.007715354363123576,0.19341224431991577,0.18472406672579902,1.0,0.9373368146214099,0.9446246783756572,1.0,0.0003,1.0,17404.710382461548
depth4_bal_MAAMAMAM,4,MAAMAMAM,41050,492600,0.00676752037058274,0.18504254519939423,0.17739498551402774,1.0,0.9412532637075718,0.9486519744937912,1.0,0.0003,1.0,17415.662775993347
depth4_bal_MAAMAMAM,4,MAAMAMAM,41075,492900,0.30555321648716927,8.810837109883627,8.17624008996146,0.9024151436031331,0.16971279373368145,0.2097550061528135,1.0,0.0003,1.0,17426.492113351822
depth4_bal_MAAMAMAM,4,MAAMAMAM,41100,493200,0.048456562062104545,0.44838974873224896,0.42971768294061935,0.9941253263707572,0.8459530026109661,0.8535630383711824,1.0,0.0003,1.0,17437.150896310806
depth4_bal_MAAMAMAM,4,MAAMAMAM,41125,493500,0.018381143144021433,0.3283485174179077,0.3010183445044926,1.0,0.8890339425587467,0.900324421076183,1.0,0.0003,1.0,17447.98066353798
depth4_bal_MAAMAMAM,4,MAAMAMAM,41150,493800,0.014563056019445261,0.29175018270810443,0.25594920345715116,1.0,0.9033942558746736,0.9173285602416378,1.0,0.0003,1.0,17458.90434384346
depth4_bal_MAAMAMAM,4,MAAMAMAM,41175,494100,0.012172242005666098,0.2560504327217738,0.22005355826445988,1.0,0.9164490861618799,0.9342208300704777,1.0,0.0003,1.0,17469.772159576416
depth4_bal_MAAMAMAM,4,MAAMAMAM,41200,494400,0.01030435871022443,0.23554917176564535,0.19938617306096212,1.0,0.922976501305483,0.9417160756236715,1.0,0.0003,1.0,17480.597447156906
depth4_bal_MAAMAMAM,4,MAAMAMAM,41225,494700,0.01037162480254968,0.26335471868515015,0.24537129955632345,1.0,0.9060052219321149,0.9229220270723795,1.0,0.0003,1.0,17491.582298517227
depth4_bal_MAAMAMAM,4,MAAMAMAM,41250,495000,0.010313549467052022,0.22239097952842712,0.20540294008595603,1.0,0.9255874673629243,0.9369056941492337,1.0,0.0003,1.0,17502.31249141693
depth4_bal_MAAMAMAM,4,MAAMAMAM,41275,495300,0.008929300510014096,0.1958729326725006,0.18175933084317616,1.0,0.9347258485639687,0.9470858037811836,1.0,0.0003,1.0,17512.858355998993
depth4_bal_MAAMAMAM,4,MAAMAMAM,41300,495600,0.007620868855156004,0.18746720254421234,0.1671693897673062,1.0,0.943864229765013,0.9505537532162435,1.0,0.0003,1.0,17523.68415927887
depth4_bal_MAAMAMAM,4,MAAMAMAM,41325,495900,0.2747443964083989,0.6047631502151489,0.6033078874860491,0.9030678851174935,0.8120104438642297,0.7948316366483946,1.0,0.0003,1.0,17534.141063451767
depth4_bal_MAAMAMAM,4,MAAMAMAM,41350,496200,0.011583041632547975,0.21648964285850525,0.2134420531136649,1.0,0.9281984334203656,0.9316478353283365,1.0,0.0003,1.0,17544.964401483536
depth4_bal_MAAMAMAM,4,MAAMAMAM,41375,496500,0.01037843277057012,0.20212195813655853,0.19700175651482174,1.0,0.9347258485639687,0.9388074728716859,1.0,0.0003,1.0,17555.490114927292
depth4_bal_MAAMAMAM,4,MAAMAMAM,41400,496800,0.008322747851101061,0.1770471086104711,0.17651866844722203,1.0,0.9451697127937336,0.9482044971473319,1.0,0.0003,1.0,17566.169232606888
depth4_bal_MAAMAMAM,4,MAAMAMAM,41425,497100,0.007611017053325971,0.17396446069081625,0.1695119287286486,1.0,0.9464751958224543,0.9501062758697841,1.0,0.0003,1.0,17576.951479673386
depth4_bal_MAAMAMAM,4,MAAMAMAM,41450,497400,0.036510765086859465,0.369648277759552,0.33290377003805977,0.9947780678851175,0.8877284595300261,0.8987582503635754,1.0,0.0003,1.0,17587.503338575363
depth4_bal_MAAMAMAM,4,MAAMAMAM,41475,497700,0.011324368494873246,0.31173762679100037,0.26949500015803746,1.0,0.8955613577023499,0.9102807920349032,1.0,0.0003,1.0,17598.145323991776
depth4_bal_MAAMAMAM,4,MAAMAMAM,41500,498000,0.010999393338958422,0.24078614016373953,0.2216234245470592,1.0,0.9321148825065274,0.93265465935787,1.0,0.0003,1.0,17608.98525094986
depth4_bal_MAAMAMAM,4,MAAMAMAM,41525,498300,0.009528816289578875,0.20042896270751953,0.18319877066782542,1.0,0.9399477806788512,0.9482044971473319,1.0,0.0003,1.0,17619.878141880035
depth4_bal_MAAMAMAM,4,MAAMAMAM,41550,498600,0.008257132605649531,0.18648860851923624,0.17250355503388815,1.0,0.943864229765013,0.9513368385725472,1.0,0.0003,1.0,17630.69532418251
depth4_bal_MAAMAMAM,4,MAAMAMAM,41575,498900,0.0068785654148086905,0.16661038994789124,0.16313953740256174,1.0,0.9530026109660574,0.9545810493343775,1.0,0.0003,1.0,17641.48417854309
depth4_bal_MAAMAMAM,4,MAAMAMAM,41600,499200,1.7970791359742482,1.8504810333251953,1.8616377523967198,0.4343994778067885,0.3524804177545692,0.3659246000671216,1.0,0.0003,1.0,17652.389307498932
depth4_bal_MAAMAMAM,4,MAAMAMAM,41625,499500,0.09774478959540527,0.38638240098953247,0.385997383083616,0.9840078328981723,0.8720626631853786,0.874035126971697,1.0,0.0003,1.0,17663.07821059227
depth4_bal_MAAMAMAM,4,MAAMAMAM,41650,499800,0.01399564758564035,0.23741179704666138,0.23293871794428145,1.0,0.9190600522193212,0.9270611925271283,1.0,0.0003,1.0,17673.945998430252
depth4_bal_MAAMAMAM,4,MAAMAMAM,41675,500100,0.011109455411011973,0.21034943560759226,0.19856918369020735,1.0,0.9347258485639687,0.9433941156728941,1.0,0.0003,1.0,17684.80931544304
depth4_bal_MAAMAMAM,4,MAAMAMAM,41700,500400,0.009790122353782257,0.1979866921901703,0.19325057502303805,1.0,0.9373368146214099,0.9450721557221166,1.0,0.0003,1.0,17695.76036810875
depth4_bal_MAAMAMAM,4,MAAMAMAM,41725,500700,0.008495482266880572,0.1831178516149521,0.1816570860998971,1.0,0.943864229765013,0.9493231905134802,1.0,0.0003,1.0,17706.50495004654
depth4_bal_MAAMAMAM,4,MAAMAMAM,41750,501000,0.026319769366333883,0.2857218384742737,0.2812645993062428,0.9986945169712794,0.9086161879895561,0.9084908826490659,1.0,0.0003,1.0,17717.33732151985
depth4_bal_MAAMAMAM,4,MAAMAMAM,41775,501300,0.010364561419313153,0.2121382455031077,0.19718855236257826,1.0,0.9347258485639687,0.9403736435842935,1.0,0.0003,1.0,17728.1435546875
depth4_bal_MAAMAMAM,4,MAAMAMAM,41800,501600,0.008432782798384627,0.18420971433321634,0.17584351705653326,1.0,0.943864229765013,0.9474214117910281,1.0,0.0003,1.0,17739.038526296616
depth4_bal_MAAMAMAM,4,MAAMAMAM,41825,501900,0.007646169668684403,0.17943462232748666,0.17218609409672872,1.0,0.9399477806788512,0.9501062758697841,1.0,0.0003,1.0,17749.539905309677
depth4_bal_MAAMAMAM,4,MAAMAMAM,41850,502200,0.006276887453471621,0.1648149440685908,0.15857741917882648,1.0,0.9464751958224543,0.9548047880076072,1.0,0.0003,1.0,17760.321708917618
depth4_bal_MAAMAMAM,4,MAAMAMAM,41875,502500,0.1966210069755713,0.6326490044593811,0.6070419566971915,0.9445169712793734,0.7741514360313316,0.7807361002349256,1.0,0.0003,1.0,17771.09450030327
depth4_bal_MAAMAMAM,4,MAAMAMAM,41900,502800,0.016271955876921613,0.26794729630152386,0.2913643445287432,0.9993472584856397,0.8955613577023499,0.9035686318380132,1.0,0.0003,1.0,17781.239903211594
depth4_bal_MAAMAMAM,4,MAAMAMAM,41925,503100,0.010882590664550662,0.2186860889196396,0.22428169548511506,1.0,0.9216710182767625,0.9304172726255733,1.0,0.0003,1.0,17792.102933883667
depth4_bal_MAAMAMAM,4,MAAMAMAM,41950,503400,0.23350623125831285,0.6188096801439921,0.6246570536068508,0.9350522193211488,0.7741514360313316,0.7800648842152366,1.0,0.0003,1.0,17802.91384267807
depth4_bal_MAAMAMAM,4,MAAMAMAM,41975,503700,0.013408273691311479,0.25840001304944354,0.24836273235934123,1.0,0.9073107049608355,0.9209083790133125,1.0,0.0003,1.0,17813.88725709915
depth4_bal_MAAMAMAM,4,MAAMAMAM,42000,504000,0.01069607624473671,0.21225089828173319,0.2147296803338187,1.0,0.9216710182767625,0.9350039154267815,1.0,0.0003,1.0,17824.766199827194
depth4_bal_MAAMAMAM,4,MAAMAMAM,42025,504300,0.009399819343040386,0.19431320329507193,0.19668654544012887,1.0,0.933420365535248,0.9430585076630496,1.0,0.0003,1.0,17835.754594802856
depth4_bal_MAAMAMAM,4,MAAMAMAM,42050,504600,0.007853380249192318,0.18386143445968628,0.18788610569068365,1.0,0.933420365535248,0.9442890703658128,1.0,0.0003,1.0,17846.538016796112
depth4_bal_MAAMAMAM,4,MAAMAMAM,42075,504900,0.008890480462772151,0.18750818570454916,0.19537153307880675,0.9996736292428199,0.9373368146214099,0.9414923369504419,1.0,0.0003,1.0,17857.290593385696
depth4_bal_MAAMAMAM,4,MAAMAMAM,42100,505200,0.08358400966972113,0.4707047442595164,0.4486397589956011,0.981396866840731,0.8407310704960835,0.8495357422530484,1.0,0.0003,1.0,17867.902986049652
depth4_bal_MAAMAMAM,4,MAAMAMAM,42125,505500,0.010819502718125781,0.2538732538620631,0.23849704052720752,1.0,0.9216710182767625,0.9252712831412909,1.0,0.0003,1.0,17878.653872013092
depth4_bal_MAAMAMAM,4,MAAMAMAM,42150,505800,0.008517756204431256,0.22314180433750153,0.22143544980457852,1.0,0.9268929503916449,0.9312003579818772,1.0,0.0003,1.0,17889.300147294998
depth4_bal_MAAMAMAM,4,MAAMAMAM,42175,506100,0.007962245106076201,0.22082925836245218,0.20851578414440156,1.0,0.9360313315926893,0.9366819554760041,1.0,0.0003,1.0,17900.015100717545
depth4_bal_MAAMAMAM,4,MAAMAMAM,42200,506400,0.043092379812151194,0.37813085317611694,0.3635349665369306,0.9960835509138382,0.8798955613577023,0.8792929857925943,1.0,0.0003,1.0,17910.759556770325
depth4_bal_MAAMAMAM,4,MAAMAMAM,42225,506700,0.013958187696213523,0.289391150077184,0.2682829758950642,1.0,0.9086161879895561,0.9159861282022598,1.0,0.0003,1.0,17921.62277364731
depth4_bal_MAAMAMAM,4,MAAMAMAM,42250,507000,0.012923539228116473,0.266217698653539,0.24328317259039198,1.0,0.9190600522193212,0.9248238057948316,1.0,0.0003,1.0,17932.592039823532
depth4_bal_MAAMAMAM,4,MAAMAMAM,42275,507300,0.009529147762805223,0.23075211544831595,0.21520132465021952,1.0,0.9295039164490861,0.9339970913972481,1.0,0.0003,1.0,17943.4194355011
depth4_bal_MAAMAMAM,4,MAAMAMAM,42300,507600,0.29121298467119533,0.5280969341595968,0.5580686007227217,0.9383159268929504,0.8093994778067886,0.8164224186150576,1.0,0.0003,1.0,17954.21137738228
depth4_bal_MAAMAMAM,4,MAAMAMAM,42325,507900,0.009695321476707855,0.2643256237109502,0.24186052211693354,1.0,0.9203655352480418,0.9247119364582168,1.0,0.0003,1.0,17965.152329444885
depth4_bal_MAAMAMAM,4,MAAMAMAM,42350,508200,0.008842105278745294,0.24056342740853628,0.21978334997381482,1.0,0.9216710182767625,0.9346683074169371,1.0,0.0003,1.0,17976.277547121048
depth4_bal_MAAMAMAM,4,MAAMAMAM,42375,508500,0.03833937582870325,0.30676262577374774,0.3065865635871887,0.9941253263707572,0.9151436031331592,0.9014431144423314,1.0,0.0003,1.0,17987.11714696884
depth4_bal_MAAMAMAM,4,MAAMAMAM,42400,508800,0.010554448313390216,0.3005605737368266,0.2686635243041175,1.0,0.9007832898172323,0.9133012641235038,1.0,0.0003,1.0,17997.999434947968
depth4_bal_MAAMAMAM,4,MAAMAMAM,42425,509100,0.009176660096272826,0.23285952707131705,0.22678234832627434,1.0,0.9138381201044387,0.930641011298803,1.0,0.0003,1.0,18008.531843423843
depth4_bal_MAAMAMAM,4,MAAMAMAM,42450,509400,0.49451285352309543,0.7073048154513041,0.711902243750436,0.8400783289817232,0.7428198433420365,0.7509788566953798,1.0,0.0003,1.0,18019.432425498962
depth4_bal_MAAMAMAM,4,MAAMAMAM,42475,509700,0.010155001344780127,0.230063796043396,0.21675641196114676,1.0,0.9138381201044387,0.9336614833874035,1.0,0.0003,1.0,18030.092930793762
depth4_bal_MAAMAMAM,4,MAAMAMAM,42500,510000,0.03124420321546495,0.3193519612153371,0.2902116541351591,0.9970626631853786,0.8968668407310705,0.9207965096766976,1.0,0.0003,1.0,18040.883624076843
depth4_bal_MAAMAMAM,4,MAAMAMAM,42525,510300,0.03743460945164164,0.27352380255858105,0.28501156270503997,0.9944516971279374,0.9046997389033943,0.9021143304620204,1.0,0.0003,1.0,18051.667677402496
depth4_bal_MAAMAMAM,4,MAAMAMAM,42550,510600,0.01170625064211587,0.21337120731671652,0.20919153605188642,1.0,0.933420365535248,0.9378006488421524,1.0,0.0003,1.0,18062.508991003036
depth4_bal_MAAMAMAM,4,MAAMAMAM,42575,510900,0.007666771300137043,0.18771970768769583,0.17377766328198568,1.0,0.9451697127937336,0.9501062758697841,1.0,0.0003,1.0,18073.40089559555
depth4_bal_MAAMAMAM,4,MAAMAMAM,42600,511200,0.2726944498717785,0.6818368633588155,0.6810658642223903,0.9343994778067886,0.7389033942558747,0.7664168251482268,1.0,0.0003,1.0,18084.25954937935
depth4_bal_MAAMAMAM,4,MAAMAMAM,42625,511500,0.0153014468960464,0.2732831339041392,0.2589591656412397,1.0,0.9073107049608355,0.9210202483499272,1.0,0.0003,1.0,18094.85138106346
depth4_bal_MAAMAMAM,4,MAAMAMAM,42650,511800,0.014162018584708372,0.2459451158841451,0.23352259950978416,1.0,0.9242819843342036,0.9328783980310996,1.0,0.0003,1.0,18105.63062930107
depth4_bal_MAAMAMAM,4,MAAMAMAM,42675,512100,0.011800086125731468,0.2305072546005249,0.22105130127498082,1.0,0.9242819843342036,0.9347801767535519,1.0,0.0003,1.0,18116.56384587288
depth4_bal_MAAMAMAM,4,MAAMAMAM,42700,512400,0.009663187898695469,0.20884356399377188,0.2015319619859968,1.0,0.9360313315926893,0.9409329902673678,1.0,0.0003,1.0,18127.400467157364
depth4_bal_MAAMAMAM,4,MAAMAMAM,42725,512700,0.04147300776094198,0.33371226986249286,0.3393181928566524,0.9924934725848564,0.881201044386423,0.8874594473654771,1.0,0.0003,1.0,18138.350755929947
depth4_bal_MAAMAMAM,4,MAAMAMAM,42750,513000,0.010670510896792015,0.23049180706342062,0.22382155571665083,1.0,0.933420365535248,0.9327665286944848,1.0,0.0003,1.0,18148.517979621887
depth4_bal_MAAMAMAM,4,MAAMAMAM,42775,513300,0.009012570682292184,0.21176031231880188,0.20052759604794637,1.0,0.9347258485639687,0.9408211209307529,1.0,0.0003,1.0,18159.180288553238
depth4_bal_MAAMAMAM,4,MAAMAMAM,42800,513600,0.3665586958328883,0.6469691197077433,0.6309428794043405,0.902088772845953,0.7728459530026109,0.7985233247566842,1.0,0.0003,1.0,18169.924013137817
depth4_bal_MAAMAMAM,4,MAAMAMAM,42825,513900,0.00827301926134775,0.2291307399670283,0.20589328493390766,1.0,0.9255874673629243,0.9373531714956931,1.0,0.0003,1.0,18180.941014051437
depth4_bal_MAAMAMAM,4,MAAMAMAM,42850,514200,0.008774034407300254,0.22327223916848501,0.2012594359261649,0.9996736292428199,0.9308093994778068,0.9399261662378342,1.0,0.0003,1.0,18191.771498680115
depth4_bal_MAAMAMAM,4,MAAMAMAM,42875,514500,0.35646036515633267,0.8181946078936259,0.8898668016706194,0.8890339425587467,0.7284595300261096,0.7067904687325204,1.0,0.0003,1.0,18202.458233118057
depth4_bal_MAAMAMAM,4,MAAMAMAM,42900,514800,0.01381711638532579,0.26006977756818134,0.26014932223728726,1.0,0.9138381201044387,0.9215795950330015,1.0,0.0003,1.0,18213.16401743889
depth4_bal_MAAMAMAM,4,MAAMAMAM,42925,515100,0.011986032982046405,0.26039011279741925,0.23573719816548483,1.0,0.9203655352480418,0.931312227318492,1.0,0.0003,1.0,18224.04200053215
depth4_bal_MAAMAMAM,4,MAAMAMAM,42950,515400,0.010176975978538394,0.218051811059316,0.20952737416539874,1.0,0.9360313315926893,0.9401499049110639,1.0,0.0003,1.0,18234.881885766983
depth4_bal_MAAMAMAM,4,MAAMAMAM,42975,515700,0.008656279106313983,0.20463173588116965,0.18972528662000385,1.0,0.9373368146214099,0.9467501957713391,1.0,0.0003,1.0,18245.681310415268
depth4_bal_MAAMAMAM,4,MAAMAMAM,43000,516000,0.18147099390625954,0.5747044881184896,0.5294851090226854,0.9386422976501305,0.8224543080939948,0.8238057948316366,1.0,0.0003,1.0,18256.63343334198
depth4_bal_MAAMAMAM,4,MAAMAMAM,43025,516300,0.08625487486521403,0.49122857054074603,0.46058745554515296,0.9951044386422977,0.825065274151436,0.8428235820561584,1.0,0.0003,1.0,18267.96782040596
depth4_bal_MAAMAMAM,4,MAAMAMAM,43050,516600,0.02801831268394987,0.3217972715695699,0.31934488415718076,1.0,0.8864229765013055,0.8965208636312787,1.0,0.0003,1.0,18278.799063444138
depth4_bal_MAAMAMAM,4,MAAMAMAM,43075,516900,0.023527797777205706,0.30367549260457355,0.2943236810820443,1.0,0.9007832898172323,0.9077077972927621,1.0,0.0003,1.0,18289.71427488327
depth4_bal_MAAMAMAM,4,MAAMAMAM,43100,517200,0.019814098719507456,0.2976086537043254,0.28160514405795506,1.0,0.902088772845953,0.9135250027967334,1.0,0.0003,1.0,18300.462021827698
depth4_bal_MAAMAMAM,4,MAAMAMAM,43125,517500,0.016376903203005593,0.2924644549687703,0.2744328490325383,1.0,0.9112271540469974,0.9153149121825708,1.0,0.0003,1.0,18311.28352379799
depth4_bal_MAAMAMAM,4,MAAMAMAM,43150,517800,0.01520799744563798,0.2831119994322459,0.2687277985470636,0.9996736292428199,0.912532637075718,0.9165454748853339,1.0,0.0003,1.0,18322.00365614891
depth4_bal_MAAMAMAM,4,MAAMAMAM,43175,518100,0.011305905568102995,0.2544536640246709,0.24875767358711787,1.0,0.9138381201044387,0.9221389417160756,1.0,0.0003,1.0,18332.787486314774
depth4_bal_MAAMAMAM,4,MAAMAMAM,43200,518400,0.4620346650481224,0.7218073805173238,0.74871700661523,0.8547650130548303,0.762402088772846,0.743483611142186,1.0,0.0003,1.0,18343.929782152176
depth4_bal_MAAMAMAM,4,MAAMAMAM,43225,518700,0.10170669729510944,0.5624338189760844,0.5676734234605517,0.9663838120104439,0.8498694516971279,0.8266025282470075,1.0,0.0003,1.0,18354.554780960083
depth4_bal_MAAMAMAM,4,MAAMAMAM,43250,519000,0.01157192156339685,0.22023420532544455,0.2247676065989903,1.0,0.9281984334203656,0.931983443338181,1.0,0.0003,1.0,18365.217607975006
depth4_bal_MAAMAMAM,4,MAAMAMAM,43275,519300,0.010294366472711166,0.21209262311458588,0.21753704164709364,1.0,0.9321148825065274,0.9350039154267815,1.0,0.0003,1.0,18376.06813812256
depth4_bal_MAAMAMAM,4,MAAMAMAM,43300,519600,0.008864546621528765,0.21618867913881937,0.22130735984870364,1.0,0.9281984334203656,0.9348920460901667,1.0,0.0003,1.0,18386.831684350967
depth4_bal_MAAMAMAM,4,MAAMAMAM,43325,519900,0.012225191264102856,0.30641143520673114,0.3206288542066302,0.9986945169712794,0.9060052219321149,0.9012193757691017,1.0,0.0003,1.0,18397.834371089935
depth4_bal_MAAMAMAM,4,MAAMAMAM,43350,520200,0.00742021497959892,0.23193453749020895,0.2177316733769008,1.0,0.9255874673629243,0.9337733527240184,1.0,0.0003,1.0,18408.183937072754
depth4_bal_MAAMAMAM,4,MAAMAMAM,43375,520500,0.0074583043266708655,0.22276028990745544,0.2078991264104843,1.0,0.9255874673629243,0.9371294328224634,1.0,0.0003,1.0,18419.211810827255
depth4_bal_MAAMAMAM,4,MAAMAMAM,43400,520800,0.006233448279090226,0.20266100764274597,0.19601251440388814,1.0,0.9321148825065274,0.9394786888913749,1.0,0.0003,1.0,18429.729412555695
depth4_bal_MAAMAMAM,4,MAAMAMAM,43425,521100,0.013810059831788143,0.2979516585667928,0.2636004145656313,0.9996736292428199,0.9164490861618799,0.9191184696274751,1.0,0.0003,1.0,18440.40212583542
depth4_bal_MAAMAMAM,4,MAAMAMAM,43450,521400,0.008541229646652937,0.23900499443213144,0.2177015049116952,1.0,0.9295039164490861,0.9334377447141738,1.0,0.0003,1.0,18451.159952640533
depth4_bal_MAAMAMAM,4,MAAMAMAM,43475,521700,0.006169149496903022,0.22092525164286295,0.19977076883826936,1.0,0.9386422976501305,0.9398142969012194,1.0,0.0003,1.0,18460.281695365906
depth4_bal_MAAMAMAM,4,MAAMAMAM,43500,522000,0.004983408027328551,0.20458240807056427,0.19112204291990825,1.0,0.9399477806788512,0.9427228996532051,1.0,0.0003,1.0,18468.593502283096
depth4_bal_MAAMAMAM,4,MAAMAMAM,43525,522300,0.004133839625865221,0.20862812300523123,0.18332922330924442,1.0,0.9373368146214099,0.9457433717418056,1.0,0.0003,1.0,18476.966693639755
depth4_bal_MAAMAMAM,4,MAAMAMAM,43550,522600,0.004437257962611814,0.22042647997538248,0.18709256180695125,1.0,0.9347258485639687,0.9440653316925831,1.0,0.0003,1.0,18487.59344148636
depth4_bal_MAAMAMAM,4,MAAMAMAM,43575,522900,2.199934164683024,2.061551094055176,2.093170557703291,0.3426892950391645,0.2924281984334204,0.28325316030875936,1.0,0.0003,1.0,18498.424195051193
depth4_bal_MAAMAMAM,4,MAAMAMAM,43600,523200,0.010922322670618692,0.30208422740300495,0.27174236476421354,1.0,0.8955613577023499,0.9040161091844725,1.0,0.0003,1.0,18508.89204645157
depth4_bal_MAAMAMAM,4,MAAMAMAM,43625,523500,0.8816042492787043,1.1779497861862183,1.2372746671949113,0.7431462140992167,0.6501305483028721,0.6407875601297685,1.0,0.0003,1.0,18519.59755206108
depth4_bal_MAAMAMAM,4,MAAMAMAM,43650,523800,0.01697454454066853,0.2798136870066325,0.2701707375901086,1.0,0.912532637075718,0.9156505201924152,1.0,0.0003,1.0,18530.426609516144
depth4_bal_MAAMAMAM,4,MAAMAMAM,43675,524100,0.014145250354583064,0.24109843373298645,0.22957221482481274,1.0,0.9255874673629243,0.9299697952791139,1.0,0.0003,1.0,18541.224101781845
depth4_bal_MAAMAMAM,4,MAAMAMAM,43700,524400,0.011552159519245228,0.21252821385860443,0.2106893002986908,1.0,0.933420365535248,0.9393668195547601,1.0,0.0003,1.0,18552.100532770157
depth4_bal_MAAMAMAM,4,MAAMAMAM,43725,524700,0.266318899889787,0.796022375424703,0.825390979221889,0.9151436031331592,0.7297650130548303,0.7294999440653317,1.0,0.0003,1.0,18562.898896455765
depth4_bal_MAAMAMAM,4,MAAMAMAM,43750,525000,0.012189769962181648,0.2344646155834198,0.2118842750787735,1.0,0.9242819843342036,0.9354513927732409,1.0,0.0003,1.0,18573.914914369583
depth4_bal_MAAMAMAM,4,MAAMAMAM,43775,525300,0.022459038998931646,0.2398739457130432,0.22268200644424985,0.9993472584856397,0.9321148825065274,0.9334377447141738,1.0,0.0003,1.0,18584.58213210106
depth4_bal_MAAMAMAM,4,MAAMAMAM,43800,525600,0.009543010188887516,0.187909464041392,0.16984000014407294,1.0,0.9412532637075718,0.9523436626020808,1.0,0.0003,1.0,18593.24120759964
depth4_bal_MAAMAMAM,4,MAAMAMAM,43825,525900,0.09096311405301094,0.34787502884864807,0.38074009333338055,0.9755221932114883,0.8720626631853786,0.8687772681507999,1.0,0.0003,1.0,18604.176735162735
depth4_bal_MAAMAMAM,4,MAAMAMAM,43850,526200,0.03649513330310583,0.293999046087265,0.29582593142986296,0.9928198433420365,0.9033942558746736,0.9043517171943171,1.0,0.0003,1.0,18615.10026884079
depth4_bal_MAAMAMAM,4,MAAMAMAM,43875,526500,0.01203354587778449,0.23823405802249908,0.22528877428599767,0.9996736292428199,0.9255874673629243,0.9341089607338628,1.0,0.0003,1.0,18625.696471452713
depth4_bal_MAAMAMAM,4,MAAMAMAM,43900,526800,0.010338422143831849,0.21287494897842407,0.19456700725214823,1.0,0.9360313315926893,0.9436178543461238,1.0,0.0003,1.0,18636.553174972534
depth4_bal_MAAMAMAM,4,MAAMAMAM,43925,527100,0.13629337089757124,0.8634613752365112,0.9001953652926854,0.9699738903394256,0.7127937336814621,0.7241302159078197,1.0,0.0003,1.0,18647.366374492645
depth4_bal_MAAMAMAM,4,MAAMAMAM,43950,527400,0.017875360945860546,0.2789429525534312,0.29994057076317926,1.0,0.9086161879895561,0.9037923705112428,1.0,0.0003,1.0,18658.035316467285
depth4_bal_MAAMAMAM,4,MAAMAMAM,43975,527700,0.016542526660487056,0.24492278198401132,0.2772753302540098,1.0,0.933420365535248,0.9129656561136592,1.0,0.0003,1.0,18668.581233501434
depth4_bal_MAAMAMAM,4,MAAMAMAM,44000,528000,0.015668479182446998,0.239087442557017,0.2576982728072575,0.9996736292428199,0.9321148825065274,0.9209083790133125,1.0,0.0003,1.0,18679.174050092697
depth4_bal_MAAMAMAM,4,MAAMAMAM,44025,528300,0.012252231128513813,0.22878924012184143,0.23427111974784307,1.0,0.9347258485639687,0.9261662378342096,1.0,0.0003,1.0,18688.218336105347
depth4_bal_MAAMAMAM,4,MAAMAMAM,44050,528600,0.048791317734867334,0.506094773610433,0.4452468650681632,0.9905352480417755,0.8237597911227154,0.8513256516388857,1.0,0.0003,1.0,18696.39582848549
depth4_bal_MAAMAMAM,4,MAAMAMAM,44075,528900,0.18492795651157698,0.5024643838405609,0.4879658315862928,0.9494125326370757,0.8381201044386423,0.8409218033337063,1.0,0.0003,1.0,18704.813313007355
depth4_bal_MAAMAMAM,4,MAAMAMAM,44100,529200,0.011376225234319767,0.2287952701250712,0.23762868855680738,1.0,0.9255874673629243,0.9314240966551068,1.0,0.0003,1.0,18713.17031478882
depth4_bal_MAAMAMAM,4,MAAMAMAM,44125,529500,0.009217983965451518,0.20756691694259644,0.21938190034457616,1.0,0.9308093994778068,0.9342208300704777,1.0,0.0003,1.0,18723.728163957596
depth4_bal_MAAMAMAM,4,MAAMAMAM,44150,529800,0.007706382234270374,0.20300173262755075,0.20203771548611776,1.0,0.933420365535248,0.9399261662378342,1.0,0.0003,1.0,18734.62212896347
depth4_bal_MAAMAMAM,4,MAAMAMAM,44175,530100,0.0069724426527197165,0.18926787873109183,0.19278712442943027,1.0,0.9360313315926893,0.9428347689898199,1.0,0.0003,1.0,18745.5970723629
depth4_bal_MAAMAMAM,4,MAAMAMAM,44200,530400,0.006543931008006136,0.19147912661234537,0.18602523037365504,1.0,0.9399477806788512,0.9454077637319611,1.0,0.0003,1.0,18756.10299539566
depth4_bal_MAAMAMAM,4,MAAMAMAM,44225,530700,0.006153687175052862,0.1773930937051773,0.1791179895401001,1.0,0.9451697127937336,0.9442890703658128,1.0,0.0003,1.0,18766.906253814697
depth4_bal_MAAMAMAM,4,MAAMAMAM,44250,531000,0.6966437449057897,1.081795573234558,1.037126522404807,0.7620757180156658,0.5992167101827677,0.614162658015438,1.0,0.0003,1.0,18777.845420837402
depth4_bal_MAAMAMAM,4,MAAMAMAM,44275,531300,0.18021797140439352,0.527034858862559,0.5349309240068708,0.9738903394255874,0.8263707571801566,0.8144087705559906,1.0,0.0003,1.0,18788.557581424713
depth4_bal_MAAMAMAM,4,MAAMAMAM,44300,531600,0.020627477206289768,0.3244021534919739,0.3162531652620861,1.0,0.8851174934725848,0.8954021702651304,1.0,0.0003,1.0,18799.31310892105
depth4_bal_MAAMAMAM,4,MAAMAMAM,44325,531900,0.016234361721823614,0.2817579408486684,0.2731924831867218,1.0,0.9073107049608355,0.9125181787671999,1.0,0.0003,1.0,18809.971765756607
depth4_bal_MAAMAMAM,4,MAAMAMAM,44350,532200,0.013434056580687562,0.2600887467463811,0.25219848113400595,1.0,0.9151436031331592,0.9226982883991498,1.0,0.0003,1.0,18820.719938755035
depth4_bal_MAAMAMAM,4,MAAMAMAM,44375,532500,0.0833985023200512,0.36945363879203796,0.3574630124228341,0.9849869451697127,0.8681462140992167,0.8813066338516613,1.0,0.0003,1.0,18831.44188976288
depth4_bal_MAAMAMAM,4,MAAMAMAM,44400,532800,0.013038529781624675,0.24320085843404135,0.22955625695841653,1.0,0.9203655352480418,0.9307528806354178,1.0,0.0003,1.0,18842.582767248154
depth4_bal_MAAMAMAM,4,MAAMAMAM,44425,533100,0.011409974424168468,0.22083316246668497,0.21473991870880127,1.0,0.9321148825065274,0.9361226087929299,1.0,0.0003,1.0,18853.65824866295
depth4_bal_MAAMAMAM,4,MAAMAMAM,44450,533400,0.009172487926358977,0.21296575168768564,0.19721289426088334,1.0,0.9281984334203656,0.9410448596039825,1.0,0.0003,1.0,18864.739842414856
depth4_bal_MAAMAMAM,4,MAAMAMAM,44475,533700,1.277648240327835,1.3303209940592449,1.32596196106502,0.5685378590078329,0.5326370757180157,0.5442443226311668,1.0,0.0003,1.0,18875.738104581833
depth4_bal_MAAMAMAM,4,MAAMAMAM,44500,534000,0.01113249664194882,0.2300678143898646,0.23533632968153273,1.0,0.9242819843342036,0.9247119364582168,1.0,0.0003,1.0,18886.81120824814
depth4_bal_MAAMAMAM,4,MAAMAMAM,44525,534300,0.010108994863306483,0.21488785247008005,0.21630376194204604,1.0,0.9308093994778068,0.9343326994070925,1.0,0.0003,1.0,18897.73990035057
depth4_bal_MAAMAMAM,4,MAAMAMAM,44550,534600,0.008674041833728552,0.188875878850619,0.19241466351917813,1.0,0.9412532637075718,0.9420516836335161,1.0,0.0003,1.0,18908.569690465927
depth4_bal_MAAMAMAM,4,MAAMAMAM,44575,534900,0.007308511917168896,0.1904986451069514,0.1762513892991202,1.0,0.943864229765013,0.9480926278107171,1.0,0.0003,1.0,18919.262225151062
depth4_bal_MAAMAMAM,4,MAAMAMAM,44600,535200,0.006316727492958307,0.16428554554780325,0.16585628879921777,1.0,0.9530026109660574,0.9511130998993176,1.0,0.0003,1.0,18930.506272554398
depth4_bal_MAAMAMAM,4,MAAMAMAM,44625,535500,0.005408816660443942,0.1620124081770579,0.1606464181627546,1.0,0.9503916449086162,0.9531267479583846,1.0,0.0003,1.0,18941.25861954689
depth4_bal_MAAMAMAM,4,MAAMAMAM,44650,535800,0.04690220455328623,0.40377726157506305,0.43784514665603635,0.9954308093994778,0.8616187989556136,0.8509900436290413,1.0,0.0003,1.0,18952.108337402344
depth4_bal_MAAMAMAM,4,MAAMAMAM,44675,536100,0.012822905167316398,0.29115556677182514,0.28499304396765573,1.0,0.8903394255874674,0.9088264906589104,1.0,0.0003,1.0,18962.896950006485
depth4_bal_MAAMAMAM,4,MAAMAMAM,44700,536400,0.01130878560555478,0.25804639359315235,0.24640823176928928,1.0,0.912532637075718,0.9221389417160756,1.0,0.0003,1.0,18973.828479528427
depth4_bal_MAAMAMAM,4,MAAMAMAM,44725,536700,0.011676210444420576,0.2588164856036504,0.2355807053191321,1.0,0.9190600522193212,0.9259424991609799,1.0,0.0003,1.0,18984.52059817314
depth4_bal_MAAMAMAM,4,MAAMAMAM,44750,537000,0.017690716388945777,0.27847341696421307,0.2770292827061244,0.9983681462140992,0.9007832898172323,0.9120707014207405,1.0,0.0003,1.0,18995.234105825424
depth4_bal_MAAMAMAM,4,MAAMAMAM,44775,537300,0.012930508547772964,0.29068562388420105,0.26973017709595815,0.9996736292428199,0.9046997389033943,0.9169929522317932,1.0,0.0003,1.0,19006.202991485596
depth4_bal_MAAMAMAM,4,MAAMAMAM,44800,537600,0.008586510589035848,0.24203854302565256,0.22674034450735364,1.0,0.9255874673629243,0.9309766193086475,1.0,0.0003,1.0,19017.001409053802
depth4_bal_MAAMAMAM,4,MAAMAMAM,44825,537900,1.286072497566541,1.6501484711964924,1.602957228251866,0.5975848563968669,0.47780678851174935,0.49490994518402504,1.0,0.0003,1.0,19025.851177453995
depth4_bal_MAAMAMAM,4,MAAMAMAM,44850,538200,0.01300105731934309,0.2942066192626953,0.2766589215823582,1.0,0.9007832898172323,0.9139724801431928,1.0,0.0003,1.0,19034.75631594658
depth4_bal_MAAMAMAM,4,MAAMAMAM,44875,538500,0.012035353109240532,0.2609170724948247,0.23999179984842028,1.0,0.9164490861618799,0.9292985792594249,1.0,0.0003,1.0,19044.74339199066
depth4_bal_MAAMAMAM,4,MAAMAMAM,44900,538800,0.010117991361767054,0.2334375282128652,0.21825174263545444,1.0,0.9281984334203656,0.9371294328224634,1.0,0.0003,1.0,19054.539441108704
depth4_bal_MAAMAMAM,4,MAAMAMAM,44925,539100,0.009311779712637266,0.22206970552603403,0.1998374845300402,1.0,0.9386422976501305,0.9444009397024276,1.0,0.0003,1.0,19065.03346681595
depth4_bal_MAAMAMAM,4,MAAMAMAM,44950,539400,0.6747703949610392,0.9330169558525085,0.9010186961718968,0.7839425587467362,0.6840731070496083,0.692247454972592,1.0,0.0003,1.0,19075.89475607872
depth4_bal_MAAMAMAM,4,MAAMAMAM,44975,539700,0.013798980119948586,0.2913398543993632,0.26864021420478823,1.0,0.9033942558746736,0.9175522989148674,1.0,0.0003,1.0,19086.348329544067
depth4_bal_MAAMAMAM,4,MAAMAMAM,45000,540000,0.011309819994494319,0.2681253254413605,0.24189593834536416,1.0,0.9216710182767625,0.9289629712495805,1.0,0.0003,1.0,19095.724539279938
depth4_bal_MAAMAMAM,4,MAAMAMAM,45025,540300,0.009660796417544285,0.23808231949806213,0.22099305008138928,1.0,0.9295039164490861,0.9365700861393892,1.0,0.0003,1.0,19106.701582431793
depth4_bal_MAAMAMAM,4,MAAMAMAM,45050,540600,0.008453366967538992,0.21938790877660116,0.20008546795163837,1.0,0.9360313315926893,0.9411567289405974,1.0,0.0003,1.0,19117.635763645172
depth4_bal_MAAMAMAM,4,MAAMAMAM,45075,540900,0.059012713842093945,0.39577781160672504,0.40065641914095196,0.9973890339425587,0.8668407310704961,0.867322966774807,1.0,0.0003,1.0,19128.41426539421
depth4_bal_MAAMAMAM,4,MAAMAMAM,45100,541200,0.017581629411627848,0.28869422276814777,0.27629832753113337,1.0,0.8968668407310705,0.9162098668754894,1.0,0.0003,1.0,19138.957582473755
depth4_bal_MAAMAMAM,4,MAAMAMAM,45125,541500,0.014538235651950041,0.2669997413953145,0.2502733039004462,1.0,0.9073107049608355,0.9232576350822239,1.0,0.0003,1.0,19149.751604795456
depth4_bal_MAAMAMAM,4,MAAMAMAM,45150,541800,0.01186692815584441,0.2487760583559672,0.22950729429721833,1.0,0.922976501305483,0.9323190513480255,1.0,0.0003,1.0,19160.57630252838
depth4_bal_MAAMAMAM,4,MAAMAMAM,45175,542100,0.8186041762431463,1.8690831263860066,1.8800853490829468,0.7532637075718016,0.5104438642297651,0.4997203266584629,1.0,0.0003,1.0,19171.423038959503
depth4_bal_MAAMAMAM,4,MAAMAMAM,45200,542400,0.010334856420134505,0.2682109971841176,0.2408136397600174,1.0,0.9099216710182768,0.9256068911511355,1.0,0.0003,1.0,19182.23829984665
depth4_bal_MAAMAMAM,4,MAAMAMAM,45225,542700,0.33657441784938175,0.7588254809379578,0.7802056397710527,0.8860966057441253,0.7519582245430809,0.7413580937465041,1.0,0.0003,1.0,19192.5629799366
depth4_bal_MAAMAMAM,4,MAAMAMAM,45250,543000,0.008417038441014787,0.23954375584920248,0.2177552729845047,1.0,0.9308093994778068,0.9338852220606332,1.0,0.0003,1.0,19202.43437743187
depth4_bal_MAAMAMAM,4,MAAMAMAM,45275,543300,0.6402684474984804,1.016592840353648,0.9959360957145691,0.77088772845953,0.6501305483028721,0.6544356191967782,1.0,0.0003,1.0,19213.252108812332
depth4_bal_MAAMAMAM,4,MAAMAMAM,45300,543600,1.4075214465459187,1.5483305056889851,1.5435160739081246,0.5372062663185379,0.44386422976501305,0.4583286721109744,1.0,0.0003,1.0,19224.14454627037
depth4_bal_MAAMAMAM,4,MAAMAMAM,45325,543900,0.03445078805088997,0.3028213183085124,0.29693289697170255,0.9973890339425587,0.902088772845953,0.9042398478577022,1.0,0.0003,1.0,19235.149484872818
depth4_bal_MAAMAMAM,4,MAAMAMAM,45350,544200,0.013403346684450904,0.22704094648361206,0.22139275201729366,1.0,0.9321148825065274,0.9310884886452623,1.0,0.0003,1.0,19245.62977218628
depth4_bal_MAAMAMAM,4,MAAMAMAM,45375,544500,0.011522044660523534,0.21402737001578012,0.2050937580210822,1.0,0.9347258485639687,0.9385837341984562,1.0,0.0003,1.0,19256.40925836563
depth4_bal_MAAMAMAM,4,MAAMAMAM,45400,544800,0.009506813250482082,0.20498924950758615,0.19447647418294634,1.0,0.933420365535248,0.9416042062870568,1.0,0.0003,1.0,19267.162441253662
depth4_bal_MAAMAMAM,4,MAAMAMAM,45425,545100,0.00988586712628603,0.19524935384591421,0.18690338070903506,1.0,0.9373368146214099,0.9429466383264348,1.0,0.0003,1.0,19277.865646600723
depth4_bal_MAAMAMAM,4,MAAMAMAM,45450,545400,0.006698122713714838,0.1933179497718811,0.1792020090988704,1.0,0.9386422976501305,0.9466383264347242,1.0,0.0003,1.0,19288.66201066971
depth4_bal_MAAMAMAM,4,MAAMAMAM,45475,545700,0.012138492738207182,0.22678415477275848,0.20599831555570874,0.9993472584856397,0.9295039164490861,0.9376887795055375,1.0,0.0003,1.0,19299.457518339157
depth4_bal_MAAMAMAM,4,MAAMAMAM,45500,546000,0.1712468092640241,0.511604388554891,0.5131818149771009,0.9549608355091384,0.825065274151436,0.8319722564045196,1.0,0.0003,1.0,19310.133722782135
depth4_bal_MAAMAMAM,4,MAAMAMAM,45525,546300,0.03233970530952016,0.33319735527038574,0.33138706939561025,0.9993472584856397,0.881201044386423,0.896297124958049,1.0,0.0003,1.0,19321.03469467163
depth4_bal_MAAMAMAM,4,MAAMAMAM,45550,546600,0.020517855572203796,0.27855785687764484,0.2787801729781287,1.0,0.9046997389033943,0.9176641682514822,1.0,0.0003,1.0,19331.931480646133
depth4_bal_MAAMAMAM,4,MAAMAMAM,45575,546900,0.016847856420402724,0.25391168892383575,0.25765382264341624,1.0,0.912532637075718,0.9234813737554536,1.0,0.0003,1.0,19342.618029356003
depth4_bal_MAAMAMAM,4,MAAMAMAM,45600,547200,0.014341099187731743,0.23445907731850943,0.2359489713396345,1.0,0.9216710182767625,0.9315359659917216,1.0,0.0003,1.0,19352.2103433609
depth4_bal_MAAMAMAM,4,MAAMAMAM,45625,547500,0.011307695259650549,0.21787331501642862,0.2138743085520608,1.0,0.9255874673629243,0.9379125181787672,1.0,0.0003,1.0,19362.333945274353
depth4_bal_MAAMAMAM,4,MAAMAMAM,45650,547800,0.22912784665822983,0.5603230794270834,0.5746969785009112,0.9262402088772846,0.8028720626631853,0.8047880076071149,1.0,0.0003,1.0,19373.19637155533
depth4_bal_MAAMAMAM,4,MAAMAMAM,45675,548100,0.025705138066162665,0.3548191388448079,0.3543908451284681,0.9990208877284595,0.8772845953002611,0.883544020583958,1.0,0.0003,1.0,19383.253583669662
depth4_bal_MAAMAMAM,4,MAAMAMAM,45700,548400,0.013552046613767743,0.24775931735833487,0.26287982378687175,1.0,0.912532637075718,0.9197896856471641,1.0,0.0003,1.0,19394.363495111465
depth4_bal_MAAMAMAM,4,MAAMAMAM,45725,548700,0.011432922134796778,0.23446489870548248,0.23607780763081143,1.0,0.9164490861618799,0.9290748405861953,1.0,0.0003,1.0,19404.815362930298
depth4_bal_MAAMAMAM,4,MAAMAMAM,45750,549000,0.00677894502102087,0.21119341750939688,0.20204382921968186,1.0,0.9308093994778068,0.9395905582279898,1.0,0.0003,1.0,19415.569096803665
depth4_bal_MAAMAMAM,4,MAAMAMAM,45775,549300,0.029653755792727072,0.32410989205042523,0.3419587246009282,0.9993472584856397,0.8825065274151436,0.894283476898982,1.0,0.0003,1.0,19426.304200410843
depth4_bal_MAAMAMAM,4,MAAMAMAM,45800,549600,0.012674539272362987,0.2491839031378428,0.26329665184020995,1.0,0.9216710182767625,0.9206846403400828,1.0,0.0003,1.0,19437.029397964478
depth4_bal_MAAMAMAM,4,MAAMAMAM,45825,549900,0.010894805891439319,0.23504280050595602,0.24576663289751324,1.0,0.9308093994778068,0.9263899765074393,1.0,0.0003,1.0,19447.610367774963
depth4_bal_MAAMAMAM,4,MAAMAMAM,45850,550200,0.008703847881406546,0.2320529669523239,0.22588285165173666,1.0,0.9373368146214099,0.9325427900212552,1.0,0.0003,1.0,19458.413805246353
depth4_bal_MAAMAMAM,4,MAAMAMAM,45875,550500,0.00726605614181608,0.2288517157236735,0.21860092835766928,1.0,0.9347258485639687,0.9353395234366261,1.0,0.0003,1.0,19469.156952142715
depth4_bal_MAAMAMAM,4,MAAMAMAM,45900,550800,0.19650330021977425,0.5658530592918396,0.550632290329252,0.9419060052219321,0.804177545691906,0.8125069918335385,1.0,0.0003,1.0,19479.60231089592
depth4_bal_MAAMAMAM,4,MAAMAMAM,45925,551100,0.00898457613463203,0.2514582773049672,0.21470013345990863,1.0,0.9177545691906005,0.9352276541000112,1.0,0.0003,1.0,19490.3449716568
depth4_bal_MAAMAMAM,4,MAAMAMAM,45950,551400,0.8177803556124369,1.3795954783757527,1.388482574054173,0.7274804177545692,0.5691906005221932,0.5765745609128538,1.0,0.0003,1.0,19501.14075613022
depth4_bal_MAAMAMAM,4,MAAMAMAM,45975,551700,0.02664251858368516,0.2966938217480977,0.30244991949626376,1.0,0.8994778067885117,0.9044635865309318,1.0,0.0003,1.0,19512.023087263107
depth4_bal_MAAMAMAM,4,MAAMAMAM,46000,552000,0.015133847870553533,0.24924064179261526,0.2536837697029114,1.0,0.9321148825065274,0.9253831524779058,1.0,0.0003,1.0,19522.78981423378
depth4_bal_MAAMAMAM,4,MAAMAMAM,46025,552300,0.012221664500733217,0.2346786210934321,0.23669340355055674,1.0,0.9360313315926893,0.9310884886452623,1.0,0.0003,1.0,19534.09100961685
depth4_bal_MAAMAMAM,4,MAAMAMAM,46050,552600,0.010176651102180282,0.22214730083942413,0.22501856003488813,1.0,0.943864229765013,0.9327665286944848,1.0,0.0003,1.0,19544.86834549904
depth4_bal_MAAMAMAM,4,MAAMAMAM,46075,552900,0.15658309683203697,0.4585361083348592,0.45486255288124083,0.9556135770234987,0.8446475195822454,0.8448372301152254,1.0,0.0003,1.0,19555.790385961533
depth4_bal_MAAMAMAM,4,MAAMAMAM,46100,553200,0.009073019687396785,0.2086493323246638,0.2088718056678772,1.0,0.9295039164490861,0.9367938248126189,1.0,0.0003,1.0,19566.570942401886
depth4_bal_MAAMAMAM,4,MAAMAMAM,46125,553500,0.008274804761943718,0.18935271600882211,0.1866635833467756,1.0,0.9399477806788512,0.9467501957713391,1.0,0.0003,1.0,19577.323544979095
depth4_bal_MAAMAMAM,4,MAAMAMAM,46150,553800,0.007065704169993599,0.17860864599545798,0.17711636828524727,1.0,0.9516971279373369,0.9480926278107171,1.0,0.0003,1.0,19588.083855867386
depth4_bal_MAAMAMAM,4,MAAMAMAM,46175,554100,0.00609698670450598,0.17327580352624258,0.16913360506296157,1.0,0.9516971279373369,0.9523436626020808,1.0,0.0003,1.0,19596.80492568016
depth4_bal_MAAMAMAM,4,MAAMAMAM,46200,554400,0.1545561868697405,0.5665412346522013,0.5526543719427927,0.956266318537859,0.8107049608355091,0.8163105492784428,1.0,0.0003,1.0,19605.520353794098
depth4_bal_MAAMAMAM,4,MAAMAMAM,46225,554700,0.009824671549722552,0.25562997659047443,0.23112755077225822,1.0,0.9242819843342036,0.9285154939031212,1.0,0.0003,1.0,19616.259687662125
depth4_bal_MAAMAMAM,4,MAAMAMAM,46250,555000,0.008088359027169645,0.2416537602742513,0.20943960419722965,1.0,0.9281984334203656,0.9391430808815304,1.0,0.0003,1.0,19626.993757724762
depth4_bal_MAAMAMAM,4,MAAMAMAM,46275,555300,0.007049135669755439,0.21884948015213013,0.1900599649974278,1.0,0.9399477806788512,0.9459671104150352,1.0,0.0003,1.0,19637.742421627045
depth4_bal_MAAMAMAM,4,MAAMAMAM,46300,555600,0.005703708661409716,0.19725791116555533,0.1766576830829893,1.0,0.9451697127937336,0.9493231905134802,1.0,0.0003,1.0,19648.53016924858
depth4_bal_MAAMAMAM,4,MAAMAMAM,46325,555900,0.004612263330879311,0.18205847342809042,0.16434474289417267,1.0,0.9464751958224543,0.9524555319386956,1.0,0.0003,1.0,19658.74071907997
depth4_bal_MAAMAMAM,4,MAAMAMAM,46350,556200,0.856220155954361,1.0952714681625366,1.0467263051441738,0.7176892950391645,0.5639686684073107,0.6068911511354738,1.0,0.0003,1.0,19667.14612197876
depth4_bal_MAAMAMAM,4,MAAMAMAM,46375,556500,0.05914351219932238,0.4395621617635091,0.3973089567252568,0.9947780678851175,0.8498694516971279,0.8667636200917329,1.0,0.0003,1.0,19675.45479297638
depth4_bal_MAAMAMAM,4,MAAMAMAM,46400,556800,0.6666618486245474,0.9898675282796224,0.9952252405030387,0.785574412532637,0.6657963446475196,0.662602080769661,1.0,0.0003,1.0,19683.758992671967
depth4_bal_MAAMAMAM,4,MAAMAMAM,46425,557100,0.018727801274508238,0.2790198822816213,0.2564733901194164,1.0,0.9138381201044387,0.9220270723794608,1.0,0.0003,1.0,19692.058397054672
depth4_bal_MAAMAMAM,4,MAAMAMAM,46450,557400,0.035042979288846254,0.3460988799730937,0.32279593774250576,0.9973890339425587,0.8798955613577023,0.8954021702651304,1.0,0.0003,1.0,19700.474498033524
depth4_bal_MAAMAMAM,4,MAAMAMAM,46475,557700,0.011118139140307903,0.2019750972588857,0.20910099574497767,1.0,0.9412532637075718,0.9389193422083008,1.0,0.0003,1.0,19708.781083345413
depth4_bal_MAAMAMAM,4,MAAMAMAM,46500,558000,0.011194487490380803,0.19282944997151694,0.1893663423401969,1.0,0.9464751958224543,0.9473095424544132,1.0,0.0003,1.0,19718.699620246887
depth4_bal_MAAMAMAM,4,MAAMAMAM,46525,558300,0.009655600336069861,0.1882463792959849,0.18024726680346898,1.0,0.9490861618798956,0.9492113211768655,1.0,0.0003,1.0,19728.255566120148
depth4_bal_MAAMAMAM,4,MAAMAMAM,46550,558600,0.008332666048469642,0.16920020679632822,0.16486574304955345,1.0,0.9503916449086162,0.9539098333146885,1.0,0.0003,1.0,19739.08873987198
depth4_bal_MAAMAMAM,4,MAAMAMAM,46575,558900,0.0071877588440353675,0.15700931350390115,0.15385309968675887,1.0,0.9490861618798956,0.9573777827497483,1.0,0.0003,1.0,19749.790836572647
depth4_bal_MAAMAMAM,4,MAAMAMAM,46600,559200,6.722889757404725,6.2781087557474775,6.195915998731341,0.3962140992167102,0.08224543080939947,0.07987470634299139,1.0,0.0003,1.0,19760.645809173584
depth4_bal_MAAMAMAM,4,MAAMAMAM,46625,559500,0.8788163661956787,1.4006751775741577,1.4163964441844394,0.7173629242819843,0.5613577023498695,0.5456986240071596,1.0,0.0003,1.0,19771.40069770813
depth4_bal_MAAMAMAM,4,MAAMAMAM,46650,559800,0.024616034391025703,0.38909241557121277,0.4322782950741904,1.0,0.8707571801566579,0.8564716411231681,1.0,0.0003,1.0,19782.172953128815
depth4_bal_MAAMAMAM,4,MAAMAMAM,46675,560100,0.021892343337337177,0.3704691330591838,0.3776281680379595,0.9996736292428199,0.8707571801566579,0.8772793377335273,1.0,0.0003,1.0,19793.131521463394
depth4_bal_MAAMAMAM,4,MAAMAMAM,46700,560400,0.09521160709361236,0.5091197987397512,0.49878509725843156,0.97911227154047,0.8224543080939948,0.829623000335608,1.0,0.0003,1.0,19803.98748278618
depth4_bal_MAAMAMAM,4,MAAMAMAM,46725,560700,0.03688111746062835,0.3312147756417592,0.3437416638646807,0.9996736292428199,0.8955613577023499,0.8935003915426781,1.0,0.0003,1.0,19814.879762649536
depth4_bal_MAAMAMAM,4,MAAMAMAM,46750,561000,0.024874191265553236,0.3086324135462443,0.3011059705700193,1.0,0.8981723237597912,0.9020024611254055,1.0,0.0003,1.0,19825.713212013245
depth4_bal_MAAMAMAM,4,MAAMAMAM,46775,561300,0.01751738111488521,0.259031539162,0.2544872386114938,1.0,0.9138381201044387,0.9233695044188388,1.0,0.0003,1.0,19836.555668354034
depth4_bal_MAAMAMAM,4,MAAMAMAM,46800,561600,0.02098658277342717,0.2887849807739258,0.2790727257728577,0.9993472584856397,0.8981723237597912,0.9128537867770444,1.0,0.0003,1.0,19847.082062005997
depth4_bal_MAAMAMAM,4,MAAMAMAM,46825,561900,0.011336183796326319,0.25954148173332214,0.23237866631575993,1.0,0.9151436031331592,0.9258306298243651,1.0,0.0003,1.0,19857.979628801346
depth4_bal_MAAMAMAM,4,MAAMAMAM,46850,562200,0.011316744765887657,0.24548004567623138,0.21985105574131011,1.0,0.9242819843342036,0.9329902673677145,1.0,0.0003,1.0,19868.777428865433
depth4_bal_MAAMAMAM,4,MAAMAMAM,46875,562500,0.009887093445286155,0.23283135890960693,0.20705743772642954,1.0,0.9268929503916449,0.9370175634858485,1.0,0.0003,1.0,19879.470796346664
depth4_bal_MAAMAMAM,4,MAAMAMAM,46900,562800,0.012797204311937094,0.2892704904079437,0.2653682202100754,1.0,0.9046997389033943,0.9167692135585636,1.0,0.0003,1.0,19890.07120156288
depth4_bal_MAAMAMAM,4,MAAMAMAM,46925,563100,0.008447095441321531,0.24681310852368674,0.22210531192166463,1.0,0.9138381201044387,0.9303054032889585,1.0,0.0003,1.0,19900.805184841156
depth4_bal_MAAMAMAM,4,MAAMAMAM,46950,563400,0.599810225268205,0.7396722237269083,0.805662567274911,0.8015665796344648,0.7284595300261096,0.7157400156617071,1.0,0.0003,1.0,19911.626840114594
depth4_bal_MAAMAMAM,4,MAAMAMAM,46975,563700,0.008782233305585882,0.24015534917513529,0.2239665423120771,1.0,0.9151436031331592,0.9292985792594249,1.0,0.0003,1.0,19922.529309988022
depth4_bal_MAAMAMAM,4,MAAMAMAM,47000,564000,0.007783764313595991,0.22967624167601267,0.2184609762259892,1.0,0.9164490861618799,0.9315359659917216,1.0,0.0003,1.0,19933.48415327072
depth4_bal_MAAMAMAM,4,MAAMAMAM,47025,564300,0.1664758591602246,0.6238339145978292,0.6068459791796548,0.9526762402088773,0.7885117493472585,0.797292762053921,1.0,0.0003,1.0,19944.933200120926
depth4_bal_MAAMAMAM,4,MAAMAMAM,47050,564600,1.563280979792277,1.6156394084294636,1.6689940963472638,0.5486292428198434,0.4934725848563969,0.48707909162098667,1.0,0.0003,1.0,19955.672768115997
depth4_bal_MAAMAMAM,4,MAAMAMAM,47075,564900,0.016995283231760066,0.3081273635228475,0.287667521408626,1.0,0.9060052219321149,0.9110638773912071,1.0,0.0003,1.0,19966.442227602005
depth4_bal_MAAMAMAM,4,MAAMAMAM,47100,565200,0.03663718529666463,0.3383585413297017,0.33930361441203527,0.9980417754569191,0.8759791122715405,0.8939478688891375,1.0,0.0003,1.0,19977.447152137756
depth4_bal_MAAMAMAM,4,MAAMAMAM,47125,565500,0.01734466493750612,0.2671911468108495,0.2645780397312982,1.0,0.9033942558746736,0.9195659469739345,1.0,0.0003,1.0,19988.25680923462
depth4_bal_MAAMAMAM,4,MAAMAMAM,47150,565800,0.013544345973059535,0.23182356357574463,0.23611148170062474,1.0,0.9242819843342036,0.9299697952791139,1.0,0.0003,1.0,19999.064176797867
depth4_bal_MAAMAMAM,4,MAAMAMAM,47175,566100,0.06373229855671525,0.4673062264919281,0.4144487040383475,0.9882506527415144,0.856396866840731,0.8669873587649626,1.0,0.0003,1.0,20009.87258386612
depth4_bal_MAAMAMAM,4,MAAMAMAM,47200,566400,0.012513889310260614,0.25617994368076324,0.24329335348946707,1.0,0.9203655352480418,0.9229220270723795,1.0,0.0003,1.0,20021.042338371277
depth4_bal_MAAMAMAM,4,MAAMAMAM,47225,566700,0.010850679051751891,0.22973749538262686,0.21910253720624107,1.0,0.9308093994778068,0.9339970913972481,1.0,0.0003,1.0,20036.089693307877
depth4_bal_MAAMAMAM,4,MAAMAMAM,47250,567000,0.009317715186625719,0.21931776901086172,0.20259235458714622,1.0,0.9295039164490861,0.9400380355744491,1.0,0.0003,1.0,20046.833032131195
depth4_bal_MAAMAMAM,4,MAAMAMAM,47275,567300,0.00848970701918006,0.21387790143489838,0.19659519110407148,1.0,0.9360313315926893,0.9395905582279898,1.0,0.0003,1.0,20057.449994802475
depth4_bal_MAAMAMAM,4,MAAMAMAM,47300,567600,0.3072974706689517,0.6697882612546285,0.6373805863516672,0.9262402088772846,0.7819843342036553,0.7806242308983108,1.0,0.0003,1.0,20068.2921731472
depth4_bal_MAAMAMAM,4,MAAMAMAM,47325,567900,0.01784238312393427,0.26634202400843304,0.26268366490091594,1.0,0.9112271540469974,0.9179997762613268,1.0,0.0003,1.0,20079.067409992218
depth4_bal_MAAMAMAM,4,MAAMAMAM,47350,568200,0.014258408298095068,0.2305129865805308,0.23105013498238156,1.0,0.9281984334203656,0.9344445687437074,1.0,0.0003,1.0,20089.811007022858
depth4_bal_MAAMAMAM,4,MAAMAMAM,47375,568500,0.01316252948405842,0.2208911875883738,0.2203470038516181,1.0,0.9255874673629243,0.9354513927732409,1.0,0.0003,1.0,20100.785355329514
depth4_bal_MAAMAMAM,4,MAAMAMAM,47400,568800,0.009888110061486563,0.19834134976069132,0.19387868131910052,1.0,0.9451697127937336,0.9449602863855018,1.0,0.0003,1.0,20111.508533239365
depth4_bal_MAAMAMAM,4,MAAMAMAM,47425,569100,0.23692403733730316,0.8145432273546854,0.8283542019980294,0.9255874673629243,0.7597911227154047,0.7556773688332028,1.0,0.0003,1.0,20121.817143678665
depth4_bal_MAAMAMAM,4,MAAMAMAM,47450,569400,0.006512315245345235,0.23376807570457458,0.21439241298607417,1.0,0.9255874673629243,0.9339970913972481,1.0,0.0003,1.0,20132.452908039093
depth4_bal_MAAMAMAM,4,MAAMAMAM,47475,569700,0.00780029649225374,0.22254599134127298,0.19913005317960467,1.0,0.9308093994778068,0.9417160756236715,1.0,0.0003,1.0,20142.968561410904
depth4_bal_MAAMAMAM,4,MAAMAMAM,47500,570000,0.006670724173697333,0.20900358259677887,0.19087833762168885,1.0,0.9464751958224543,0.9444009397024276,1.0,0.0003,1.0,20153.71662592888
depth4_bal_MAAMAMAM,4,MAAMAMAM,47525,570300,0.005719854535224537,0.2075102428595225,0.18750749762569155,1.0,0.9477806788511749,0.9464145877614946,1.0,0.0003,1.0,20170.47035217285
depth4_bal_MAAMAMAM,4,MAAMAMAM,47550,570600,0.005141063205276926,0.20780951281388602,0.17888338054929462,1.0,0.9464751958224543,0.9494350598500951,1.0,0.0003,1.0,20181.239278316498
depth4_bal_MAAMAMAM,4,MAAMAMAM,47575,570900,0.13992657077809176,0.4847405453523,0.48749275973864964,0.9716057441253264,0.839425587467363,0.8377894619084909,1.0,0.0003,1.0,20192.16034579277
depth4_bal_MAAMAMAM,4,MAAMAMAM,47600,571200,0.015502568644781908,0.3139265775680542,0.29340866420950207,1.0,0.8968668407310705,0.9039042398478577,1.0,0.0003,1.0,20202.89576768875
depth4_bal_MAAMAMAM,4,MAAMAMAM,47625,571500,0.012498687875146667,0.2613716920216878,0.25389518226896013,1.0,0.9177545691906005,0.9206846403400828,1.0,0.0003,1.0,20213.652899980545
depth4_bal_MAAMAMAM,4,MAAMAMAM,47650,571800,0.1351453276971976,0.49991846084594727,0.4936161748000554,0.9804177545691906,0.8211488250652742,0.8279449602863855,1.0,0.0003,1.0,20223.771666526794
depth4_bal_MAAMAMAM,4,MAAMAMAM,47675,572100,0.02168373406554262,0.29248390595118207,0.2923066909824099,1.0,0.9099216710182768,0.9079315359659917,1.0,0.0003,1.0,20233.655078172684
depth4_bal_MAAMAMAM,4,MAAMAMAM,47700,572400,0.017629030781487625,0.27158336838086444,0.26795623643057687,1.0,0.922976501305483,0.9185591229444009,1.0,0.0003,1.0,20243.60163617134
depth4_bal_MAAMAMAM,4,MAAMAMAM,47725,572700,0.018369559664279222,0.25227484107017517,0.2541455051728657,0.9996736292428199,0.9255874673629243,0.9220270723794608,1.0,0.0003,1.0,20254.43264055252
depth4_bal_MAAMAMAM,4,MAAMAMAM,47750,573000,0.011682273664822182,0.24441005289554596,0.2315245888062886,1.0,0.9295039164490861,0.9307528806354178,1.0,0.0003,1.0,20265.29855799675
depth4_bal_MAAMAMAM,4,MAAMAMAM,47775,573300,0.010323522534842292,0.24317253629366556,0.22764062200273785,1.0,0.9216710182767625,0.9325427900212552,1.0,0.0003,1.0,20276.038486003876
depth4_bal_MAAMAMAM,4,MAAMAMAM,47800,573600,0.015749529314537842,0.29472126563390094,0.2863922715187073,0.9993472584856397,0.9073107049608355,0.9079315359659917,1.0,0.0003,1.0,20286.7401573658
depth4_bal_MAAMAMAM,4,MAAMAMAM,47825,573900,0.009961566422134638,0.24656096597512564,0.2434082214321409,1.0,0.9242819843342036,0.9262781071708245,1.0,0.0003,1.0,20297.867941617966
depth4_bal_MAAMAMAM,4,MAAMAMAM,47850,574200,0.5298808614412943,0.8076578577359518,0.8079182726996286,0.8377937336814621,0.7258485639686684,0.7127195435731066,1.0,0.0003,1.0,20308.884254932404
depth4_bal_MAAMAMAM,4,MAAMAMAM,47875,574500,0.02073312473172943,0.27671868602434796,0.2824338095528739,1.0,0.9268929503916449,0.9075959279561472,1.0,0.0003,1.0,20319.718127965927
depth4_bal_MAAMAMAM,4,MAAMAMAM,47900,574800,0.017429975715155404,0.25773337483406067,0.25656676590442656,1.0,0.9242819843342036,0.9175522989148674,1.0,0.0003,1.0,20330.415998458862
depth4_bal_MAAMAMAM,4,MAAMAMAM,47925,575100,0.014196471233541766,0.2440151572227478,0.23966849063123977,1.0,0.9308093994778068,0.9276205392102025,1.0,0.0003,1.0,20341.296221256256
depth4_bal_MAAMAMAM,4,MAAMAMAM,47950,575400,0.012292631436139345,0.24071902533372244,0.22961559551102775,1.0,0.9268929503916449,0.9308647499720326,1.0,0.0003,1.0,20352.347382307053
depth4_bal_MAAMAMAM,4,MAAMAMAM,47975,575700,0.011177970872571072,0.24142615993817648,0.21905235052108765,1.0,0.9216710182767625,0.9334377447141738,1.0,0.0003,1.0,20362.890659332275
depth4_bal_MAAMAMAM,4,MAAMAMAM,48000,576000,0.010060821116591493,0.22072496016820273,0.20090087226458958,1.0,0.9373368146214099,0.9392549502181452,1.0,0.0003,1.0,20373.469276189804
depth4_bal_MAAMAMAM,4,MAAMAMAM,48025,576300,0.008433890528976917,0.20909235874811807,0.18421051076480321,1.0,0.9360313315926893,0.9447365477122721,1.0,0.0003,1.0,20384.7139878273
depth4_bal_MAAMAMAM,4,MAAMAMAM,48050,576600,0.0070044336607679725,0.20942571759223938,0.1827775967972619,1.0,0.9425587467362925,0.9439534623559682,1.0,0.0003,1.0,20393.528965234756
depth4_bal_MAAMAMAM,4,MAAMAMAM,48075,576900,0.0073813911294564605,0.2016890694697698,0.19326936730316707,1.0,0.9425587467362925,0.9386956035350711,1.0,0.0003,1.0,20403.55077934265
depth4_bal_MAAMAMAM,4,MAAMAMAM,48100,577200,0.005270065584530433,0.24556756019592285,0.21769849189690182,1.0,0.9321148825065274,0.9334377447141738,1.0,0.0003,1.0,20414.27964925766
depth4_bal_MAAMAMAM,4,MAAMAMAM,48125,577500,0.0066832035857563215,0.21475965778032938,0.1967576963560922,1.0,0.9373368146214099,0.9419398142969012,1.0,0.0003,1.0,20425.209132671356
depth4_bal_MAAMAMAM,4,MAAMAMAM,48150,577800,0.008101447601802647,0.23007628321647644,0.19107915759086608,1.0,0.9347258485639687,0.9413804676138271,1.0,0.0003,1.0,20435.688900470734
depth4_bal_MAAMAMAM,4,MAAMAMAM,48175,578100,0.004854277436000605,0.2129864344994227,0.17801544197968075,1.0,0.9464751958224543,0.9459671104150352,1.0,0.0003,1.0,20445.57106256485
depth4_bal_MAAMAMAM,4,MAAMAMAM,48200,578400,0.004190611303783953,0.20747852822144827,0.17298344373703003,1.0,0.9451697127937336,0.9487638438304061,1.0,0.0003,1.0,20456.226395130157
depth4_bal_MAAMAMAM,4,MAAMAMAM,48225,578700,0.0036126040310288468,0.2088546653588613,0.17032734687839235,1.0,0.9412532637075718,0.9488757131670209,1.0,0.0003,1.0,20467.19779109955
depth4_bal_MAAMAMAM,4,MAAMAMAM,48250,579000,0.2654014267027378,0.790455142656962,0.7421991314206805,0.9092689295039165,0.7180156657963447,0.7520975500615281,1.0,0.0003,1.0,20477.935067892075
depth4_bal_MAAMAMAM,4,MAAMAMAM,48275,579300,0.0200634584762156,0.26220401128133136,0.2582329435007913,1.0,0.9086161879895561,0.9176641682514822,1.0,0.0003,1.0,20488.837805509567
depth4_bal_MAAMAMAM,4,MAAMAMAM,48300,579600,0.01576107492049535,0.23037012914816538,0.216011095898492,1.0,0.9255874673629243,0.9347801767535519,1.0,0.0003,1.0,20499.787583351135
depth4_bal_MAAMAMAM,4,MAAMAMAM,48325,579900,0.01560607187760373,0.20464433232943216,0.2002692644085203,1.0,0.9399477806788512,0.9433941156728941,1.0,0.0003,1.0,20510.787025928497
depth4_bal_MAAMAMAM,4,MAAMAMAM,48350,580200,0.01248074353983005,0.23199853797753653,0.24566396389688763,1.0,0.9308093994778068,0.9257187604877503,1.0,0.0003,1.0,20521.630994081497
depth4_bal_MAAMAMAM,4,MAAMAMAM,48375,580500,0.011571598782514533,0.20360560218493143,0.21731553290571484,1.0,0.9373368146214099,0.9357870007830854,1.0,0.0003,1.0,20532.46621322632
depth4_bal_MAAMAMAM,4,MAAMAMAM,48400,580800,0.643464540441831,1.0312233368555705,1.000077826636178,0.7754569190600522,0.6592689295039165,0.6453742029309766,1.0,0.0003,1.0,20543.48638367653
depth4_bal_MAAMAMAM,4,MAAMAMAM,48425,581100,0.015796651520455878,0.24615751703580221,0.24574965110846927,1.0,0.9281984334203656,0.9221389417160756,1.0,0.0003,1.0,20554.447544813156
depth4_bal_MAAMAMAM,4,MAAMAMAM,48450,581400,0.017367866278315585,0.26506539185841876,0.28224668758256094,0.9996736292428199,0.9138381201044387,0.9126300481038148,1.0,0.0003,1.0,20565.261976003647
depth4_bal_MAAMAMAM,4,MAAMAMAM,48475,581700,0.012623201822862029,0.19862516721089682,0.20114058383873532,1.0,0.943864229765013,0.9401499049110639,1.0,0.0003,1.0,20576.11634540558
depth4_bal_MAAMAMAM,4,MAAMAMAM,48500,582000,0.010158119723200798,0.21688261131445566,0.21684067377022334,1.0,0.9164490861618799,0.933325875377559,1.0,0.0003,1.0,20587.105578184128
depth4_bal_MAAMAMAM,4,MAAMAMAM,48525,582300,0.01014032082942625,0.21425708631674448,0.20151981541088648,1.0,0.9242819843342036,0.9428347689898199,1.0,0.0003,1.0,20597.970217227936
depth4_bal_MAAMAMAM,4,MAAMAMAM,48550,582600,0.009001546073704958,0.19891372323036194,0.18625722123043878,1.0,0.9347258485639687,0.9475332811276429,1.0,0.0003,1.0,20608.571927547455
depth4_bal_MAAMAMAM,4,MAAMAMAM,48575,582900,1.4807386994361877,1.631717840830485,1.617321000780378,0.5349216710182768,0.4464751958224543,0.4657120483275534,1.0,0.0003,1.0,20618.976362228394
depth4_bal_MAAMAMAM,4,MAAMAMAM,48600,583200,0.009609141775096456,0.2308895836273829,0.2062729013817651,1.0,0.9242819843342036,0.9384718648618414,1.0,0.0003,1.0,20629.785753250122
depth4_bal_MAAMAMAM,4,MAAMAMAM,48625,583500,0.009533945781489214,0.20536414782206217,0.1857206838471549,1.0,0.9295039164490861,0.9467501957713391,1.0,0.0003,1.0,20640.40710377693
depth4_bal_MAAMAMAM,4,MAAMAMAM,48650,583800,0.09452701670428117,0.4295304814974467,0.40999346120016916,0.9781331592689295,0.8459530026109661,0.8681060521311109,1.0,0.0003,1.0,20650.96476984024
depth4_bal_MAAMAMAM,4,MAAMAMAM,48675,584100,0.009588647711401185,0.23778751492500305,0.2060014545917511,1.0,0.922976501305483,0.9373531714956931,1.0,0.0003,1.0,20661.769593954086
depth4_bal_MAAMAMAM,4,MAAMAMAM,48700,584400,0.008145393532079956,0.21804970502853394,0.19258984923362732,1.0,0.9295039164490861,0.9427228996532051,1.0,0.0003,1.0,20672.47868204117
depth4_bal_MAAMAMAM,4,MAAMAMAM,48725,584700,0.017003117051596444,0.2785252134005229,0.26888726779392785,0.9996736292428199,0.9099216710182768,0.9119588320841258,1.0,0.0003,1.0,20683.171174764633
depth4_bal_MAAMAMAM,4,MAAMAMAM,48750,585000,0.009721029317006469,0.24047750234603882,0.2243177639586585,1.0,0.9203655352480418,0.9300816646157288,1.0,0.0003,1.0,20693.849266290665
depth4_bal_MAAMAMAM,4,MAAMAMAM,48775,585300,0.16810388614734015,0.4867748220761617,0.5017734391348703,0.9735639686684073,0.8328981723237598,0.8271618749300816,1.0,0.0003,1.0,20704.797118902206
depth4_bal_MAAMAMAM,4,MAAMAMAM,48800,585600,0.012403813268368443,0.28773218393325806,0.2694403171539307,1.0,0.902088772845953,0.9152030428459559,1.0,0.0003,1.0,20715.47496318817
depth4_bal_MAAMAMAM,4,MAAMAMAM,48825,585900,0.01103205163963139,0.24738676349322,0.2405426434108189,1.0,0.9216710182767625,0.9250475444680613,1.0,0.0003,1.0,20726.39016199112
depth4_bal_MAAMAMAM,4,MAAMAMAM,48850,586200,0.009314828474695483,0.24371585746606192,0.2257806658744812,1.0,0.9255874673629243,0.9298579259424992,1.0,0.0003,1.0,20737.26094675064
depth4_bal_MAAMAMAM,4,MAAMAMAM,48875,586500,1.1090363611777623,1.3832679589589436,1.369767199243818,0.6628590078328982,0.5469973890339426,0.5563262109855689,1.0,0.0003,1.0,20748.19059753418
depth4_bal_MAAMAMAM,4,MAAMAMAM,48900,586800,0.10117341515918572,0.4054253200689952,0.4262945788247245,0.9758485639686684,0.8629242819843342,0.8584852891822351,1.0,0.0003,1.0,20759.01353263855
depth4_bal_MAAMAMAM,4,MAAMAMAM,48925,587100,0.012911593463892737,0.22088653842608133,0.2210859498807362,1.0,0.9203655352480418,0.9335496140507887,1.0,0.0003,1.0,20769.520089149475
depth4_bal_MAAMAMAM,4,MAAMAMAM,48950,587400,0.011689673643559217,0.19126256803671518,0.19798093438148498,1.0,0.9373368146214099,0.9428347689898199,1.0,0.0003,1.0,20779.774245023727
depth4_bal_MAAMAMAM,4,MAAMAMAM,48975,587700,0.01258221392830213,0.20643649498621622,0.20473591216972897,0.9996736292428199,0.9347258485639687,0.9366819554760041,1.0,0.0003,1.0,20790.473557949066
depth4_bal_MAAMAMAM,4,MAAMAMAM,49000,588000,0.008236652162546912,0.16455324490865073,0.16639861932822636,1.0,0.9477806788511749,0.9518961852556215,1.0,0.0003,1.0,20801.14755010605
depth4_bal_MAAMAMAM,4,MAAMAMAM,49025,588300,0.007227192244802912,0.16127583384513855,0.15825622911964143,1.0,0.9516971279373369,0.9529030092851549,1.0,0.0003,1.0,20812.193254470825
depth4_bal_MAAMAMAM,4,MAAMAMAM,49050,588600,0.06786922334382932,0.40830934047698975,0.39749743257250103,0.9869451697127938,0.8537859007832899,0.870679046873252,1.0,0.0003,1.0,20822.67502617836
depth4_bal_MAAMAMAM,4,MAAMAMAM,49075,588900,0.011740929369504252,0.24629078805446625,0.23827370916094098,1.0,0.9190600522193212,0.9271730618637432,1.0,0.0003,1.0,20833.58119368553
depth4_bal_MAAMAMAM,4,MAAMAMAM,49100,589200,0.010708469431847334,0.23445232212543488,0.22839752393109458,1.0,0.9242819843342036,0.9308647499720326,1.0,0.0003,1.0,20844.343050718307
depth4_bal_MAAMAMAM,4,MAAMAMAM,49125,589500,0.008912450245892009,0.22088801364103952,0.211135481936591,1.0,0.9321148825065274,0.9345564380803222,1.0,0.0003,1.0,20855.055135965347
depth4_bal_MAAMAMAM,4,MAAMAMAM,49150,589800,0.389342134197553,0.7610414226849874,0.7176334551402501,0.8710835509138382,0.7441253263707572,0.7570198008725808,1.0,0.0003,1.0,20865.934427261353
depth4_bal_MAAMAMAM,4,MAAMAMAM,49175,590100,0.01326137688010931,0.2478571186463038,0.2444818901164191,1.0,0.9203655352480418,0.9229220270723795,1.0,0.0003,1.0,20876.901400089264
depth4_bal_MAAMAMAM,4,MAAMAMAM,49200,590400,0.01157222012989223,0.21615701417128244,0.21050794507775988,1.0,0.9321148825065274,0.9362344781295447,1.0,0.0003,1.0,20887.865432024002
depth4_bal_MAAMAMAM,4,MAAMAMAM,49225,590700,0.00989657974181076,0.19159217178821564,0.1922899284533092,1.0,0.9425587467362925,0.9439534623559682,1.0,0.0003,1.0,20898.457277297974
depth4_bal_MAAMAMAM,4,MAAMAMAM,49250,591000,0.008794147482452294,0.18435509502887726,0.18292700690882546,1.0,0.9425587467362925,0.9483163664839468,1.0,0.0003,1.0,20909.440779447556
depth4_bal_MAAMAMAM,4,MAAMAMAM,49275,591300,0.011392905532071987,0.2023080289363861,0.20438722116606575,0.9993472584856397,0.9386422976501305,0.9383599955252265,1.0,0.0003,1.0,20920.280644655228
depth4_bal_MAAMAMAM,4,MAAMAMAM,49300,591600,2.7115108172098794,2.029548684755961,2.1296978882380895,0.42689295039164493,0.36945169712793735,0.33639109520080546,1.0,0.0003,1.0,20931.13806939125
depth4_bal_MAAMAMAM,4,MAAMAMAM,49325,591900,0.0158380310361584,0.271512766679128,0.26391753767217907,1.0,0.912532637075718,0.9128537867770444,1.0,0.0003,1.0,20941.846566200256
depth4_bal_MAAMAMAM,4,MAAMAMAM,49350,592200,0.01381099681990842,0.23586373527844748,0.23900813077177321,1.0,0.9347258485639687,0.9285154939031212,1.0,0.0003,1.0,20952.74925327301
depth4_bal_MAAMAMAM,4,MAAMAMAM,49375,592500,0.011022408725693822,0.21554377178351083,0.21584176889487675,1.0,0.9386422976501305,0.9348920460901667,1.0,0.0003,1.0,20963.686641454697
depth4_bal_MAAMAMAM,4,MAAMAMAM,49400,592800,0.07578481857975324,0.4663189748922984,0.43672163571630207,0.9879242819843342,0.8485639686684073,0.8569191184696274,1.0,0.0003,1.0,20974.544674873352
depth4_bal_MAAMAMAM,4,MAAMAMAM,49425,593100,0.010734117512280742,0.24740028381347656,0.2452496647834778,1.0,0.9216710182767625,0.9268374538538986,1.0,0.0003,1.0,20985.40524673462
depth4_bal_MAAMAMAM,4,MAAMAMAM,49450,593400,0.009689917555078864,0.22947319348653158,0.21795810673918042,1.0,0.9321148825065274,0.9355632621098557,1.0,0.0003,1.0,20996.197518587112
depth4_bal_MAAMAMAM,4,MAAMAMAM,49475,593700,0.009951325288663307,0.28149346510569256,0.26351436717169624,1.0,0.9203655352480418,0.9207965096766976,1.0,0.0003,1.0,21007.10700750351
depth4_bal_MAAMAMAM,4,MAAMAMAM,49500,594000,0.07018946173290412,0.3683376610279083,0.39082459807395936,0.9947780678851175,0.8655352480417755,0.8683297908043406,1.0,0.0003,1.0,21017.856681585312
depth4_bal_MAAMAMAM,4,MAAMAMAM,49525,594300,0.01704462229584654,0.26592249671618146,0.2577350914478302,1.0,0.9203655352480418,0.9219152030428459,1.0,0.0003,1.0,21028.836438894272
depth4_bal_MAAMAMAM,4,MAAMAMAM,49550,594600,0.01622726341399054,0.2417484720547994,0.2344378969499043,1.0,0.9308093994778068,0.9299697952791139,1.0,0.0003,1.0,21039.789568185806
depth4_bal_MAAMAMAM,4,MAAMAMAM,49575,594900,0.010947699503352245,0.23573015133539835,0.2209689932210105,1.0,0.9255874673629243,0.9322071820114106,1.0,0.0003,1.0,21050.465883255005
depth4_bal_MAAMAMAM,4,MAAMAMAM,49600,595200,0.11644539733727773,0.5177010397116343,0.5475784582751138,0.9634464751958225,0.8328981723237598,0.8345452511466607,1.0,0.0003,1.0,21061.30947804451
depth4_bal_MAAMAMAM,4,MAAMAMAM,49625,595500,0.010934743642186126,0.2406050463517507,0.2230194594178881,1.0,0.9177545691906005,0.9312003579818772,1.0,0.0003,1.0,21072.0988137722
depth4_bal_MAAMAMAM,4,MAAMAMAM,49650,595800,0.008465813899723193,0.21878717839717865,0.20344634098666056,1.0,0.9255874673629243,0.9388074728716859,1.0,0.0003,1.0,21083.056302547455
depth4_bal_MAAMAMAM,4,MAAMAMAM,49675,596100,0.0076699284836649895,0.2180949201186498,0.19161667440618788,1.0,0.922976501305483,0.9436178543461238,1.0,0.0003,1.0,21093.946593523026
depth4_bal_MAAMAMAM,4,MAAMAMAM,49700,596400,0.007037705819432934,0.20448348422845206,0.18804099134036473,1.0,0.9295039164490861,0.9445128090390424,1.0,0.0003,1.0,21104.6431453228
depth4_bal_MAAMAMAM,4,MAAMAMAM,49725,596700,0.10806126954654853,0.5045170386632284,0.47767822742462157,0.9696475195822454,0.825065274151436,0.8389081552746392,1.0,0.0003,1.0,21115.468544244766
depth4_bal_MAAMAMAM,4,MAAMAMAM,49750,597000,0.009899476387848457,0.23861243824164072,0.23707109391689302,1.0,0.912532637075718,0.9239288511019129,1.0,0.0003,1.0,21126.197149276733
depth4_bal_MAAMAMAM,4,MAAMAMAM,49775,597300,0.009591585646073023,0.22346203525861105,0.1953117787837982,1.0,0.9203655352480418,0.9395905582279898,1.0,0.0003,1.0,21137.088523864746
depth4_bal_MAAMAMAM,4,MAAMAMAM,49800,597600,0.008042887629320225,0.20235673089822134,0.17969152161053248,1.0,0.9321148825065274,0.9460789797516501,1.0,0.0003,1.0,21147.981748104095
depth4_bal_MAAMAMAM,4,MAAMAMAM,49825,597900,0.0068123225355520844,0.19560409088929495,0.1637931723679815,1.0,0.9321148825065274,0.9523436626020808,1.0,0.0003,1.0,21158.768310785294
depth4_bal_MAAMAMAM,4,MAAMAMAM,49850,598200,0.18779309218128523,0.5498707890510559,0.5414572187832424,0.9441906005221932,0.8107049608355091,0.8240295335048663,1.0,0.0003,1.0,21169.684253931046
depth4_bal_MAAMAMAM,4,MAAMAMAM,49875,598500,0.007144584475706021,0.23960103591283163,0.21958896900926317,1.0,0.9138381201044387,0.9290748405861953,1.0,0.0003,1.0,21180.591683864594
depth4_bal_MAAMAMAM,4,MAAMAMAM,49900,598800,0.008193182448546091,0.2321640650431315,0.20819822294371468,1.0,0.922976501305483,0.9363463474661595,1.0,0.0003,1.0,21191.639246702194
depth4_bal_MAAMAMAM,4,MAAMAMAM,49925,599100,0.0066989757275829715,0.22025244434674582,0.18923200879778182,1.0,0.9268929503916449,0.9405973822575232,1.0,0.0003,1.0,21202.350655078888
depth4_bal_MAAMAMAM,4,MAAMAMAM,49950,599400,0.005742705737551053,0.19873534639676413,0.17831376833575113,1.0,0.9412532637075718,0.9469739344445688,1.0,0.0003,1.0,21213.033796072006
depth4_bal_MAAMAMAM,4,MAAMAMAM,49975,599700,0.6940495918194453,1.0398361881573994,1.0186659182821,0.8162532637075718,0.6657963446475196,0.6521982324644815,1.0,0.0003,1.0,21223.7908949852
depth4_bal_MAAMAMAM,4,MAAMAMAM,50000,600000,0.026276616534839075,0.3943273425102234,0.35882384521620614,1.0,0.8720626631853786,0.8833202819107283,1.0,0.0003,1.0,21234.724941968918
