run_id,depth,schedule,epoch,step,train_loss,val_loss,test_loss,train_acc,val_acc,test_acc,best_val_acc_so_far,learning_rate,weight_decay,elapsed_time_seconds
depth3_bal_MAAMMA,3,MAAMMA,1,12,4.737487316131592,4.736385345458984,4.734120219094413,0.007180156657963447,0.010443864229765013,0.007047768206734534,0.010443864229765013,0.0003,1.0,1.3287098407745361
depth3_bal_MAAMMA,3,MAAMMA,25,300,4.244445244471232,5.4828840891520185,5.466491903577532,0.05939947780678851,0.0013054830287206266,0.0030204720886005147,0.010443864229765013,0.0003,1.0,11.85179615020752
depth3_bal_MAAMMA,3,MAAMMA,50,600,3.266928970813751,6.875658830006917,6.995329012189592,0.1919060052219321,0.0026109660574412533,0.004810381474437857,0.010443864229765013,0.0003,1.0,19.404298305511475
depth3_bal_MAAMMA,3,MAAMMA,75,900,2.540320654710134,8.251744588216146,8.30368834904262,0.33191906005221933,0.0013054830287206266,0.005593466830741693,0.010443864229765013,0.0003,1.0,26.04918909072876
depth3_bal_MAAMMA,3,MAAMMA,100,1200,2.0815457801024118,9.139222145080566,9.325427436828614,0.4343994778067885,0.0039164490861618795,0.005817205503971362,0.010443864229765013,0.0003,1.0,32.90583920478821
depth3_bal_MAAMMA,3,MAAMMA,125,1500,1.4759462773799896,10.537635803222656,10.669493675231934,0.6148825065274152,0.007832898172323759,0.006040944177201029,0.010443864229765013,0.0003,1.0,40.988744497299194
depth3_bal_MAAMMA,3,MAAMMA,150,1800,1.2045462032159169,11.091792742411295,11.350019591195244,0.6987597911227154,0.015665796344647518,0.008278330909497707,0.015665796344647518,0.0003,1.0,48.21939969062805
depth3_bal_MAAMMA,3,MAAMMA,175,2100,0.9362383236487707,11.910369555155436,12.038496616908482,0.7914490861618799,0.010443864229765013,0.008613938919342208,0.015665796344647518,0.0003,1.0,54.6357147693634
depth3_bal_MAAMMA,3,MAAMMA,200,2400,0.6170596877733866,12.65781275431315,12.755471992492676,0.902088772845953,0.007832898172323759,0.00805459223626804,0.015665796344647518,0.0003,1.0,60.933077812194824
depth3_bal_MAAMMA,3,MAAMMA,225,2700,0.5916540523370107,13.114832242329916,13.289903722490584,0.8988250652741514,0.009138381201044387,0.007942722899653205,0.015665796344647518,0.0003,1.0,69.5299437046051
depth3_bal_MAAMMA,3,MAAMMA,250,3000,0.5624313006798426,12.716806093851725,12.89834360395159,0.9092689295039165,0.006527415143603133,0.00839020024611254,0.015665796344647518,0.0003,1.0,75.01140022277832
depth3_bal_MAAMMA,3,MAAMMA,275,3300,0.5880103235443433,13.139589309692383,13.260517365591866,0.8857702349869452,0.005221932114882507,0.00928515493903121,0.015665796344647518,0.0003,1.0,80.9002776145935
depth3_bal_MAAMMA,3,MAAMMA,300,3600,0.30291589597860974,13.908634185791016,13.903343309674945,0.9768276762402088,0.010443864229765013,0.010851325651638885,0.015665796344647518,0.0003,1.0,86.58799409866333
depth3_bal_MAAMMA,3,MAAMMA,325,3900,0.4919869725902875,12.831345558166504,12.855553381783622,0.9363577023498695,0.01174934725848564,0.010515717641794384,0.015665796344647518,0.0003,1.0,92.06411290168762
depth3_bal_MAAMMA,3,MAAMMA,350,4200,0.5033501063783964,12.806546211242676,12.982718740190778,0.9210182767624021,0.01174934725848564,0.010739456315024052,0.015665796344647518,0.0003,1.0,97.59954309463501
depth3_bal_MAAMMA,3,MAAMMA,375,4500,0.5746262421210607,13.350963910420736,13.481256375994,0.8730417754569191,0.015665796344647518,0.010515717641794384,0.015665796344647518,0.0003,1.0,104.00124835968018
depth3_bal_MAAMMA,3,MAAMMA,400,4800,0.2423559452096621,13.024140040079752,13.136445426940918,0.9951044386422977,0.015665796344647518,0.011186933661483387,0.015665796344647518,0.0003,1.0,110.01790499687195
depth3_bal_MAAMMA,3,MAAMMA,425,5100,0.31459559748570126,13.201890309651693,13.259659549168179,0.9732375979112271,0.014360313315926894,0.01040384830517955,0.015665796344647518,0.0003,1.0,115.84867238998413
depth3_bal_MAAMMA,3,MAAMMA,450,5400,0.27810342113176983,13.752036412556967,13.916794776916504,0.9709530026109661,0.014360313315926894,0.012753104374091061,0.015665796344647518,0.0003,1.0,121.71010255813599
depth3_bal_MAAMMA,3,MAAMMA,475,5700,0.29420682415366173,14.078962961832682,14.128576469421386,0.9647519582245431,0.0195822454308094,0.010739456315024052,0.0195822454308094,0.0003,1.0,127.29489016532898
depth3_bal_MAAMMA,3,MAAMMA,500,6000,0.7228940948843956,13.398521741231283,13.583704703194755,0.810378590078329,0.014360313315926894,0.013088712383935563,0.0195822454308094,0.0003,1.0,132.92430233955383
depth3_bal_MAAMMA,3,MAAMMA,525,6300,0.16882693270842233,13.744030634562174,13.838566725594657,0.9941253263707572,0.0195822454308094,0.01152254167132789,0.0195822454308094,0.0003,1.0,139.51361417770386
depth3_bal_MAAMMA,3,MAAMMA,550,6600,0.10637046272555988,13.810271581013998,13.938803318568638,1.0,0.014360313315926894,0.011970019017787225,0.0195822454308094,0.0003,1.0,145.9805884361267
depth3_bal_MAAMMA,3,MAAMMA,575,6900,0.3415927588939667,13.77798080444336,13.917853001185826,0.943864229765013,0.015665796344647518,0.011634411007942724,0.0195822454308094,0.0003,1.0,152.0737748146057
depth3_bal_MAAMMA,3,MAAMMA,600,7200,0.09459603702028592,14.112935702006022,14.25426537649972,0.9996736292428199,0.013054830287206266,0.01241749636424656,0.0195822454308094,0.0003,1.0,156.62663340568542
depth3_bal_MAAMMA,3,MAAMMA,625,7500,0.733220155040423,13.799202919006348,13.8745696749006,0.799934725848564,0.007832898172323759,0.012529365700861394,0.0195822454308094,0.0003,1.0,159.8495955467224
depth3_bal_MAAMMA,3,MAAMMA,650,7800,0.1274300261090199,13.97388998667399,14.187397984095982,0.9983681462140992,0.010443864229765013,0.013536189730394898,0.0195822454308094,0.0003,1.0,165.6157808303833
depth3_bal_MAAMMA,3,MAAMMA,675,8100,0.1196293905377388,13.877732276916504,14.136844035557338,0.9964099216710183,0.015665796344647518,0.015214229779617406,0.0195822454308094,0.0003,1.0,171.36391496658325
depth3_bal_MAAMMA,3,MAAMMA,700,8400,0.29769506057103473,13.747420310974121,13.850566509791783,0.9530026109660574,0.022193211488250653,0.015773576462691577,0.022193211488250653,0.0003,1.0,177.07544207572937
depth3_bal_MAAMMA,3,MAAMMA,725,8700,0.18625350296497345,14.116557757059732,14.242953600202288,0.9794386422976501,0.015665796344647518,0.015214229779617406,0.022193211488250653,0.0003,1.0,184.64187002182007
depth3_bal_MAAMMA,3,MAAMMA,750,9000,0.09916358316938083,13.792242050170898,13.914211436680384,0.9993472584856397,0.015665796344647518,0.013983667076854235,0.022193211488250653,0.0003,1.0,191.169983625412
depth3_bal_MAAMMA,3,MAAMMA,775,9300,0.20596717670559883,14.288768450419107,14.482324245997837,0.972911227154047,0.015665796344647518,0.013983667076854235,0.022193211488250653,0.0003,1.0,198.3431589603424
depth3_bal_MAAMMA,3,MAAMMA,800,9600,0.09084216256936391,13.846377690633139,14.03682245526995,0.9990208877284595,0.016971279373368148,0.017227877838684416,0.022193211488250653,0.0003,1.0,204.19275522232056
depth3_bal_MAAMMA,3,MAAMMA,825,9900,0.08296112529933453,13.820246378580729,14.016211073739187,0.9993472584856397,0.014360313315926894,0.017787224521758585,0.022193211488250653,0.0003,1.0,210.00957655906677
depth3_bal_MAAMMA,3,MAAMMA,850,10200,0.6248327121138573,14.365601221720377,14.597437613351005,0.8107049608355091,0.010443864229765013,0.018010963194988253,0.022193211488250653,0.0003,1.0,216.36939454078674
depth3_bal_MAAMMA,3,MAAMMA,875,10500,0.06392154811571042,13.827337265014648,13.990185764857701,1.0,0.014360313315926894,0.01733974717529925,0.022193211488250653,0.0003,1.0,223.6332564353943
depth3_bal_MAAMMA,3,MAAMMA,900,10800,0.06391984441628058,13.883800506591797,14.04139518737793,1.0,0.016971279373368148,0.018346571204832754,0.022193211488250653,0.0003,1.0,230.77228784561157
depth3_bal_MAAMMA,3,MAAMMA,925,11100,0.2072184830904007,13.958600044250488,14.15152735028948,0.9709530026109661,0.015665796344647518,0.0204720886005146,0.022193211488250653,0.0003,1.0,236.2616264820099
depth3_bal_MAAMMA,3,MAAMMA,950,11400,0.11575699721773465,13.93508211771647,14.181885882786341,0.9954308093994778,0.020887728459530026,0.019800872580825597,0.022193211488250653,0.0003,1.0,241.62232446670532
depth3_bal_MAAMMA,3,MAAMMA,975,11700,0.08540045283734798,14.698712666829428,14.867892837524414,0.9947780678851175,0.015665796344647518,0.018122832531603086,0.022193211488250653,0.0003,1.0,248.59073066711426
depth3_bal_MAAMMA,3,MAAMMA,1000,12000,0.06903573125600815,14.28959846496582,14.508442388262068,0.9993472584856397,0.018276762402088774,0.019241525897751428,0.022193211488250653,0.0003,1.0,255.8402922153473
depth3_bal_MAAMMA,3,MAAMMA,1025,12300,0.07965588197112083,14.088849067687988,14.280459240504674,0.9983681462140992,0.013054830287206266,0.018346571204832754,0.022193211488250653,0.0003,1.0,262.04464960098267
depth3_bal_MAAMMA,3,MAAMMA,1050,12600,0.42660246044397354,13.565725008646647,13.63478445325579,0.8965404699738904,0.01174934725848564,0.017787224521758585,0.022193211488250653,0.0003,1.0,268.91594219207764
depth3_bal_MAAMMA,3,MAAMMA,1075,12900,0.0823637346426646,13.089892705281576,13.201017461504255,1.0,0.018276762402088774,0.022038259313122272,0.022193211488250653,0.0003,1.0,276.9381594657898
depth3_bal_MAAMMA,3,MAAMMA,1100,13200,0.11338773369789124,13.150843302408854,13.269747379847935,0.9928198433420365,0.018276762402088774,0.019800872580825597,0.022193211488250653,0.0003,1.0,284.33759593963623
depth3_bal_MAAMMA,3,MAAMMA,1125,13500,0.07435147960980733,13.551944414774576,13.6949613571167,0.9983681462140992,0.0195822454308094,0.021031435283588768,0.022193211488250653,0.0003,1.0,290.6892442703247
depth3_bal_MAAMMA,3,MAAMMA,1150,13800,0.0999690933773915,13.47199821472168,13.56692270551409,0.9996736292428199,0.020887728459530026,0.02170265130327777,0.022193211488250653,0.0003,1.0,299.1305046081543
depth3_bal_MAAMMA,3,MAAMMA,1175,14100,0.0777014959603548,12.74692408243815,12.901119477408272,1.0,0.02349869451697128,0.025506208748182123,0.02349869451697128,0.0003,1.0,306.84072256088257
depth3_bal_MAAMMA,3,MAAMMA,1200,14400,0.0832149392614762,12.921626726786295,13.090690640040807,0.9990208877284595,0.018276762402088774,0.022373867322966774,0.02349869451697128,0.0003,1.0,313.6046872138977
depth3_bal_MAAMMA,3,MAAMMA,1225,14700,0.05511343479156494,13.378907203674316,13.631638090951101,1.0,0.022193211488250653,0.02449938471864862,0.02349869451697128,0.0003,1.0,319.56264328956604
depth3_bal_MAAMMA,3,MAAMMA,1250,15000,0.0844108493377765,13.603593190511068,13.711284582955496,0.9960835509138382,0.015665796344647518,0.022709475332811275,0.02349869451697128,0.0003,1.0,324.9685490131378
depth3_bal_MAAMMA,3,MAAMMA,1275,15300,0.061212156588832535,13.561457951863607,13.839770916530064,1.0,0.01174934725848564,0.020919565946973934,0.02349869451697128,0.0003,1.0,331.2561252117157
depth3_bal_MAAMMA,3,MAAMMA,1300,15600,0.17011543860038122,14.304479916890463,14.483705030168807,0.9745430809399478,0.018276762402088774,0.02360443002572995,0.02349869451697128,0.0003,1.0,336.92375898361206
depth3_bal_MAAMMA,3,MAAMMA,1325,15900,0.07577381034692128,13.824460983276367,14.170025198800223,0.9983681462140992,0.020887728459530026,0.02282134466942611,0.02349869451697128,0.0003,1.0,341.65725660324097
depth3_bal_MAAMMA,3,MAAMMA,1350,16200,0.07074688312908013,12.85245450337728,13.095999091012137,1.0,0.02741514360313316,0.026177424767871126,0.02741514360313316,0.0003,1.0,347.1069483757019
depth3_bal_MAAMMA,3,MAAMMA,1375,16500,0.06535882161309321,12.713827768961588,12.928391184125628,1.0,0.024804177545691905,0.02572994742141179,0.02741514360313316,0.0003,1.0,353.97744154930115
depth3_bal_MAAMMA,3,MAAMMA,1400,16800,0.05762283597141504,13.12651793162028,13.401344626290458,1.0,0.018276762402088774,0.02394003803557445,0.02741514360313316,0.0003,1.0,358.73247504234314
depth3_bal_MAAMMA,3,MAAMMA,1425,17100,0.13992048862079778,13.820821762084961,13.994586508614676,0.9882506527415144,0.014360313315926894,0.02539433941156729,0.02741514360313316,0.0003,1.0,364.51671743392944
depth3_bal_MAAMMA,3,MAAMMA,1450,17400,0.05089772089074055,13.494805971781412,13.686716897147042,0.9996736292428199,0.020887728459530026,0.026065555431256292,0.02741514360313316,0.0003,1.0,369.27043318748474
depth3_bal_MAAMMA,3,MAAMMA,1475,17700,0.049291909051438175,13.063457489013672,13.30775522504534,1.0,0.020887728459530026,0.024387515382033785,0.02741514360313316,0.0003,1.0,374.9007160663605
depth3_bal_MAAMMA,3,MAAMMA,1500,18000,0.09498266937832038,13.707602500915527,13.922337695530482,0.9947780678851175,0.016971279373368148,0.023156952679270613,0.02741514360313316,0.0003,1.0,380.6257629394531
depth3_bal_MAAMMA,3,MAAMMA,1525,18300,0.08196805727978547,13.415321985880533,13.706803131103516,0.9990208877284595,0.022193211488250653,0.02796733415370847,0.02741514360313316,0.0003,1.0,386.80871415138245
depth3_bal_MAAMMA,3,MAAMMA,1550,18600,0.05931531855215629,12.809034665425619,13.021887479509626,1.0,0.020887728459530026,0.028079203490323303,0.02741514360313316,0.0003,1.0,392.9169919490814
depth3_bal_MAAMMA,3,MAAMMA,1575,18900,0.04990460226933161,13.277091344197592,13.494789341517857,1.0,0.020887728459530026,0.027296118134019467,0.02741514360313316,0.0003,1.0,399.286984205246
depth3_bal_MAAMMA,3,MAAMMA,1600,19200,0.07262766764809687,13.757092475891113,13.983549063546317,0.9977154046997389,0.02349869451697128,0.025618078084796957,0.02741514360313316,0.0003,1.0,405.4833879470825
depth3_bal_MAAMMA,3,MAAMMA,1625,19500,0.0668205488473177,12.953913688659668,13.137791878836495,0.9996736292428199,0.031331592689295036,0.027519856807249134,0.031331592689295036,0.0003,1.0,410.5190062522888
depth3_bal_MAAMMA,3,MAAMMA,1650,19800,0.06289211536447208,12.658459663391113,12.834674371991838,1.0,0.028720626631853787,0.0274079874706343,0.031331592689295036,0.0003,1.0,416.367737531662
depth3_bal_MAAMMA,3,MAAMMA,1675,20100,0.05043874867260456,13.0462064743042,13.215556444440569,1.0,0.024804177545691905,0.027519856807249134,0.031331592689295036,0.0003,1.0,423.6969544887543
depth3_bal_MAAMMA,3,MAAMMA,1700,20400,0.09487919261058171,13.340687115987143,13.471003014700754,0.9983681462140992,0.020887728459530026,0.027855464817093636,0.031331592689295036,0.0003,1.0,429.43680715560913
depth3_bal_MAAMMA,3,MAAMMA,1725,20700,0.05790191454192003,12.892120043436686,13.096959250313896,1.0,0.030026109660574413,0.026960510124174962,0.031331592689295036,0.0003,1.0,434.48932814598083
depth3_bal_MAAMMA,3,MAAMMA,1750,21000,0.16452584167321524,13.615666071573893,13.801726559230259,0.9758485639686684,0.024804177545691905,0.026065555431256292,0.031331592689295036,0.0003,1.0,440.11516070365906
depth3_bal_MAAMMA,3,MAAMMA,1775,21300,0.11564756495257218,13.027508099873861,13.11157670702253,0.9947780678851175,0.028720626631853787,0.028414811500167805,0.031331592689295036,0.0003,1.0,446.1082363128662
depth3_bal_MAAMMA,3,MAAMMA,1800,21600,0.05861051194369793,12.429577827453613,12.619848278590611,1.0,0.033942558746736295,0.025841816758026624,0.033942558746736295,0.0003,1.0,453.15705251693726
depth3_bal_MAAMMA,3,MAAMMA,1825,21900,0.05192047078162432,12.755030314127604,12.951004927498953,1.0,0.028720626631853787,0.024946862065107954,0.033942558746736295,0.0003,1.0,459.11043095588684
depth3_bal_MAAMMA,3,MAAMMA,1850,22200,0.05232285552968582,13.300387382507324,13.46293204171317,0.9990208877284595,0.02741514360313316,0.025618078084796957,0.033942558746736295,0.0003,1.0,464.67959690093994
depth3_bal_MAAMMA,3,MAAMMA,1875,22500,0.057276166354616485,13.330937067667643,13.476797430855887,1.0,0.028720626631853787,0.02830294216355297,0.033942558746736295,0.0003,1.0,470.38866901397705
depth3_bal_MAAMMA,3,MAAMMA,1900,22800,0.07131291770686705,13.172686576843262,13.374685341971261,0.9996736292428199,0.02610966057441253,0.028638550173397472,0.033942558746736295,0.0003,1.0,477.4387984275818
depth3_bal_MAAMMA,3,MAAMMA,1925,23100,0.044648206792771816,13.286594072977701,13.468297903878348,1.0,0.02741514360313316,0.026401163441100793,0.033942558746736295,0.0003,1.0,483.85087275505066
depth3_bal_MAAMMA,3,MAAMMA,1950,23400,0.1414953296383222,12.9287322362264,13.109515299115863,0.9918407310704961,0.02741514360313316,0.028079203490323303,0.033942558746736295,0.0003,1.0,488.50705575942993
depth3_bal_MAAMMA,3,MAAMMA,1975,23700,0.046711234065393605,12.706503868103027,12.90841680254255,1.0,0.02610966057441253,0.029086027519856807,0.033942558746736295,0.0003,1.0,494.6767761707306
depth3_bal_MAAMMA,3,MAAMMA,2000,24000,1.3498870730400085,11.108563741048178,11.093629482814244,0.6109660574412533,0.016971279373368148,0.02628929410448596,0.033942558746736295,0.0003,1.0,500.18339252471924
depth3_bal_MAAMMA,3,MAAMMA,2025,24300,0.10531947389245033,12.736869176228842,12.877429798671178,0.9964099216710183,0.024804177545691905,0.0274079874706343,0.033942558746736295,0.0003,1.0,507.0857307910919
depth3_bal_MAAMMA,3,MAAMMA,2050,24600,0.07602469592044751,13.884120305379232,14.048645428248815,0.9954308093994778,0.030026109660574413,0.03300145430137599,0.033942558746736295,0.0003,1.0,513.7661190032959
depth3_bal_MAAMMA,3,MAAMMA,2075,24900,0.04649214136103789,12.76981258392334,12.88662954057966,1.0,0.02741514360313316,0.03221836894507216,0.033942558746736295,0.0003,1.0,522.303071975708
depth3_bal_MAAMMA,3,MAAMMA,2100,25200,0.03728438044587771,13.182276725769043,13.356224986485072,1.0,0.024804177545691905,0.03121154491553865,0.033942558746736295,0.0003,1.0,528.8960182666779
depth3_bal_MAAMMA,3,MAAMMA,2125,25500,0.1388215428839127,13.498221397399902,13.617025566101074,0.9856396866840731,0.030026109660574413,0.03199463027184249,0.033942558746736295,0.0003,1.0,534.7283582687378
depth3_bal_MAAMMA,3,MAAMMA,2150,25800,0.0544535086179773,12.896237055460611,13.029762731279646,1.0,0.03524804177545692,0.03322519297460566,0.03524804177545692,0.0003,1.0,540.6204426288605
depth3_bal_MAAMMA,3,MAAMMA,2175,26100,0.044689115757743515,12.765061378479004,12.881459781101771,1.0,0.030026109660574413,0.03288958496476116,0.03524804177545692,0.0003,1.0,548.1740136146545
depth3_bal_MAAMMA,3,MAAMMA,2200,26400,0.03688756593813499,13.167506535847982,13.260371017456055,1.0,0.02349869451697128,0.032777715628146326,0.03524804177545692,0.0003,1.0,555.1302161216736
depth3_bal_MAAMMA,3,MAAMMA,2225,26700,1.0288553486267726,14.148380279541016,14.19077856881278,0.7039817232375979,0.016971279373368148,0.02886228884662714,0.03524804177545692,0.0003,1.0,562.1160082817078
depth3_bal_MAAMMA,3,MAAMMA,2250,27000,0.04233292148758968,12.539724667867025,12.667765045166016,0.9996736292428199,0.031331592689295036,0.03948987582503636,0.03524804177545692,0.0003,1.0,568.1619539260864
depth3_bal_MAAMMA,3,MAAMMA,2275,27300,0.6108409290512403,13.367111206054688,13.43587292262486,0.8293080939947781,0.030026109660574413,0.03121154491553865,0.03524804177545692,0.0003,1.0,575.5596122741699
depth3_bal_MAAMMA,3,MAAMMA,2300,27600,0.09469903446733952,13.190003712972006,13.246610859462193,0.9954308093994778,0.031331592689295036,0.03591005705336167,0.03524804177545692,0.0003,1.0,581.7655203342438
depth3_bal_MAAMMA,3,MAAMMA,2325,27900,0.053830892158051334,11.954244295756022,12.067412676130022,1.0,0.03524804177545692,0.03702875041951001,0.03524804177545692,0.0003,1.0,589.1080098152161
depth3_bal_MAAMMA,3,MAAMMA,2350,28200,0.05054086788247029,12.188700358072916,12.272686794825963,1.0,0.03655352480417755,0.035015102360443,0.03655352480417755,0.0003,1.0,595.7747716903687
depth3_bal_MAAMMA,3,MAAMMA,2375,28500,0.0443017166107893,12.678325017293295,12.779204641069684,1.0,0.02610966057441253,0.033672670321064996,0.03655352480417755,0.0003,1.0,600.2565438747406
depth3_bal_MAAMMA,3,MAAMMA,2400,28800,0.24608835329612097,13.150442759195963,13.28914852142334,0.9523498694516971,0.031331592689295036,0.03356080098445016,0.03655352480417755,0.0003,1.0,605.3626976013184
depth3_bal_MAAMMA,3,MAAMMA,2425,29100,0.042112033193310104,12.431534131368002,12.577179636274066,1.0,0.033942558746736295,0.03322519297460566,0.03655352480417755,0.0003,1.0,611.8743326663971
depth3_bal_MAAMMA,3,MAAMMA,2450,29400,0.9864131559928259,13.594757080078125,13.696297209603445,0.7101827676240209,0.024804177545691905,0.026065555431256292,0.03655352480417755,0.0003,1.0,618.4166498184204
depth3_bal_MAAMMA,3,MAAMMA,2475,29700,0.03964948871483406,12.591541608174643,12.781006676810128,1.0,0.033942558746736295,0.0353507103702875,0.03655352480417755,0.0003,1.0,624.3258018493652
depth3_bal_MAAMMA,3,MAAMMA,2500,30000,0.048421782441437244,12.826504071553549,12.958840233939034,0.9996736292428199,0.031331592689295036,0.034791363687213334,0.03655352480417755,0.0003,1.0,631.5203397274017
depth3_bal_MAAMMA,3,MAAMMA,2525,30300,0.03677057599027952,13.274109840393066,13.402639389038086,0.9996736292428199,0.028720626631853787,0.03389640899429466,0.03655352480417755,0.0003,1.0,638.3722014427185
depth3_bal_MAAMMA,3,MAAMMA,2550,30600,0.04698558741559585,13.958661079406738,14.10633978162493,0.9990208877284595,0.02741514360313316,0.03177089159861282,0.03655352480417755,0.0003,1.0,642.2857999801636
depth3_bal_MAAMMA,3,MAAMMA,2575,30900,0.039992982521653175,12.657792727152506,12.706966127668109,1.0,0.037859007832898174,0.03557444904351717,0.037859007832898174,0.0003,1.0,646.0984756946564
depth3_bal_MAAMMA,3,MAAMMA,2600,31200,0.039170667839547,12.733787536621094,12.803485080174037,1.0,0.03524804177545692,0.035686318380132004,0.037859007832898174,0.0003,1.0,649.1837167739868
depth3_bal_MAAMMA,3,MAAMMA,2625,31500,0.03280179652695855,13.185794194539389,13.261230387006487,1.0,0.03263707571801567,0.03736435842935451,0.037859007832898174,0.0003,1.0,651.959056854248
depth3_bal_MAAMMA,3,MAAMMA,2650,31800,0.10162506935497125,13.00905672709147,13.158174078805105,0.991514360313316,0.03524804177545692,0.036581273073050674,0.037859007832898174,0.0003,1.0,654.8097834587097
depth3_bal_MAAMMA,3,MAAMMA,2675,32100,0.043618409583965935,12.717622756958008,12.764488983154298,1.0,0.033942558746736295,0.03881865980534736,0.037859007832898174,0.0003,1.0,657.837274312973
depth3_bal_MAAMMA,3,MAAMMA,2700,32400,0.04055490872512261,12.885123252868652,12.916608619689942,0.9996736292428199,0.037859007832898174,0.03725248909273968,0.037859007832898174,0.0003,1.0,661.6089868545532
depth3_bal_MAAMMA,3,MAAMMA,2725,32700,0.0868913009762764,13.78701655069987,13.832728331429617,0.9918407310704961,0.028720626631853787,0.033672670321064996,0.037859007832898174,0.0003,1.0,667.8775606155396
depth3_bal_MAAMMA,3,MAAMMA,2750,33000,0.0359558646256725,12.89660612742106,12.944900975908553,1.0,0.04177545691906005,0.039378006488421526,0.04177545691906005,0.0003,1.0,674.4117712974548
depth3_bal_MAAMMA,3,MAAMMA,2775,33300,0.039728110966583095,12.472566604614258,12.515439088003976,1.0,0.03655352480417755,0.03725248909273968,0.04177545691906005,0.0003,1.0,681.5202097892761
depth3_bal_MAAMMA,3,MAAMMA,2800,33600,0.03901137473682562,12.989349365234375,13.04438465663365,1.0,0.03655352480417755,0.03714061975612484,0.04177545691906005,0.0003,1.0,686.555379152298
depth3_bal_MAAMMA,3,MAAMMA,2825,33900,0.03635349730029702,13.233645757039389,13.339952959333147,0.9996736292428199,0.031331592689295036,0.036916881082895175,0.04177545691906005,0.0003,1.0,691.8685517311096
depth3_bal_MAAMMA,3,MAAMMA,2850,34200,0.2961270784338315,11.768569310506185,11.810617692129952,0.9569190600522193,0.028720626631853787,0.03803557444904352,0.04177545691906005,0.0003,1.0,698.2860357761383
depth3_bal_MAAMMA,3,MAAMMA,2875,34500,0.042915918243428074,12.46297804514567,12.575860786437989,1.0,0.03263707571801567,0.0412797852108737,0.04177545691906005,0.0003,1.0,704.6188521385193
depth3_bal_MAAMMA,3,MAAMMA,2900,34800,0.039896625094115734,12.763116200764975,12.808227457318987,0.9996736292428199,0.03263707571801567,0.04183913189394787,0.04177545691906005,0.0003,1.0,710.9835305213928
depth3_bal_MAAMMA,3,MAAMMA,2925,35100,0.03460710231835643,12.636347134908041,12.668211691720145,1.0,0.04308093994778068,0.04105604653764403,0.04308093994778068,0.0003,1.0,717.7754497528076
depth3_bal_MAAMMA,3,MAAMMA,2950,35400,0.0409592567011714,12.170208295186361,12.223424639020648,1.0,0.03524804177545692,0.0409441772010292,0.04308093994778068,0.0003,1.0,725.432368516922
depth3_bal_MAAMMA,3,MAAMMA,2975,35700,0.036281151697039604,12.653695106506348,12.732898112705776,1.0,0.028720626631853787,0.03893052914196219,0.04308093994778068,0.0003,1.0,733.196674823761
depth3_bal_MAAMMA,3,MAAMMA,3000,36000,0.5944027950366338,11.895256360371908,12.046403666904995,0.8319190600522193,0.031331592689295036,0.03490323302382817,0.04308093994778068,0.0003,1.0,740.5992910861969
depth3_bal_MAAMMA,3,MAAMMA,3025,36300,0.03916440190126499,12.788247108459473,12.919697897774833,1.0,0.03524804177545692,0.04239847857702204,0.04308093994778068,0.0003,1.0,747.0331344604492
depth3_bal_MAAMMA,3,MAAMMA,3050,36600,0.08214001047114532,12.54986604054769,12.624504906790596,0.9957571801566579,0.033942558746736295,0.041167915874258866,0.04308093994778068,0.0003,1.0,753.312736749649
depth3_bal_MAAMMA,3,MAAMMA,3075,36900,0.12726579109827676,13.722654342651367,13.811435726710728,0.9836814621409922,0.030026109660574413,0.037923705112428686,0.04308093994778068,0.0003,1.0,759.7219789028168
depth3_bal_MAAMMA,3,MAAMMA,3100,37200,0.026741212233901024,12.563836733500162,12.61603115626744,1.0,0.03263707571801567,0.04385277995301488,0.04308093994778068,0.0003,1.0,765.9321167469025
depth3_bal_MAAMMA,3,MAAMMA,3125,37500,0.03318561209986607,12.478588740030924,12.549430847167969,1.0,0.033942558746736295,0.042286609240407204,0.04308093994778068,0.0003,1.0,772.5818364620209
depth3_bal_MAAMMA,3,MAAMMA,3150,37800,0.02629205087820689,13.07430362701416,13.156372778756278,1.0,0.033942558746736295,0.041167915874258866,0.04308093994778068,0.0003,1.0,779.0908286571503
depth3_bal_MAAMMA,3,MAAMMA,3175,38100,0.6693523526191711,11.457901318868002,11.47771303994315,0.8204960835509139,0.04569190600522193,0.03557444904351717,0.04569190600522193,0.0003,1.0,785.4043700695038
depth3_bal_MAAMMA,3,MAAMMA,3200,38400,0.040501910261809826,12.148003578186035,12.216288539341518,1.0,0.04046997389033943,0.04038483051795503,0.04569190600522193,0.0003,1.0,792.7519574165344
depth3_bal_MAAMMA,3,MAAMMA,3225,38700,0.035097108532985054,12.51371955871582,12.555991554260254,1.0,0.037859007832898174,0.042062870567177536,0.04569190600522193,0.0003,1.0,796.8894855976105
depth3_bal_MAAMMA,3,MAAMMA,3250,39000,0.37725458045800525,10.478658040364584,10.398466273716517,0.9578981723237598,0.033942558746736295,0.03881865980534736,0.04569190600522193,0.0003,1.0,799.3703603744507
depth3_bal_MAAMMA,3,MAAMMA,3275,39300,0.06006858156373104,12.053046862284342,12.042170688084193,1.0,0.03263707571801567,0.0409441772010292,0.04569190600522193,0.0003,1.0,801.8337066173553
depth3_bal_MAAMMA,3,MAAMMA,3300,39600,0.06421518015364806,12.286778450012207,12.207522555759974,0.9990208877284595,0.0391644908616188,0.039937353171495694,0.04569190600522193,0.0003,1.0,805.8811733722687
depth3_bal_MAAMMA,3,MAAMMA,3325,39900,0.04140500413874785,12.572106997172037,12.527462768554688,1.0,0.03263707571801567,0.03948987582503636,0.04569190600522193,0.0003,1.0,812.4066867828369
depth3_bal_MAAMMA,3,MAAMMA,3350,40200,0.03834492961565653,12.263420422871908,12.30868571145194,1.0,0.04569190600522193,0.04485960398254838,0.04569190600522193,0.0003,1.0,818.8906412124634
depth3_bal_MAAMMA,3,MAAMMA,3375,40500,0.04369551440080007,12.029849370320639,12.066324669974192,0.9996736292428199,0.03655352480417755,0.042622217250251705,0.04569190600522193,0.0003,1.0,825.4088544845581
depth3_bal_MAAMMA,3,MAAMMA,3400,40800,0.04140187179048856,12.53738816579183,12.608538327898298,1.0,0.04699738903394256,0.04306969459671104,0.04699738903394256,0.0003,1.0,831.9514737129211
depth3_bal_MAAMMA,3,MAAMMA,3425,41100,0.029918560137351353,12.942262013753256,12.971125384739468,1.0,0.0391644908616188,0.040832307864414365,0.04699738903394256,0.0003,1.0,838.4680860042572
depth3_bal_MAAMMA,3,MAAMMA,3450,41400,0.26515276233355206,12.274199485778809,12.420383753095354,0.9477806788511749,0.04960835509138381,0.0406085691911847,0.04960835509138381,0.0003,1.0,844.5551490783691
depth3_bal_MAAMMA,3,MAAMMA,3475,41700,0.034484258852899075,12.226834297180176,12.320281328473772,1.0,0.04177545691906005,0.04519521199239288,0.04960835509138381,0.0003,1.0,851.9334869384766
depth3_bal_MAAMMA,3,MAAMMA,3500,42000,0.02970993130778273,12.576296170552572,12.677115304129464,1.0,0.04308093994778068,0.043181563933325874,0.04960835509138381,0.0003,1.0,855.9949910640717
depth3_bal_MAAMMA,3,MAAMMA,3525,42300,0.029310573358088732,13.291485786437988,13.345793288094656,1.0,0.04177545691906005,0.0416153932207182,0.04960835509138381,0.0003,1.0,862.5147542953491
depth3_bal_MAAMMA,3,MAAMMA,3550,42600,0.4211370224754016,11.65261173248291,11.662720870971679,0.8988250652741514,0.03655352480417755,0.035686318380132004,0.04960835509138381,0.0003,1.0,868.9516804218292
depth3_bal_MAAMMA,3,MAAMMA,3575,42900,0.04022429355730613,12.573009173075357,12.578392110552107,0.9996736292428199,0.037859007832898174,0.04586642801208189,0.04960835509138381,0.0003,1.0,875.5015616416931
depth3_bal_MAAMMA,3,MAAMMA,3600,43200,0.036178831942379475,12.164884885152182,12.220973995753697,1.0,0.03524804177545692,0.04329343326994071,0.04960835509138381,0.0003,1.0,881.9955475330353
depth3_bal_MAAMMA,3,MAAMMA,3625,43500,0.03211782732978463,12.559710820515951,12.571581295558385,1.0,0.0391644908616188,0.04586642801208189,0.04960835509138381,0.0003,1.0,888.4996888637543
depth3_bal_MAAMMA,3,MAAMMA,3650,43800,0.02874669587860505,12.395551045735678,12.4497711454119,1.0,0.044386422976501305,0.05000559346683074,0.04960835509138381,0.0003,1.0,894.9528524875641
depth3_bal_MAAMMA,3,MAAMMA,3675,44100,0.03396571117142836,12.325523058573404,12.306176212855748,1.0,0.044386422976501305,0.048663161427452736,0.04960835509138381,0.0003,1.0,901.4437384605408
depth3_bal_MAAMMA,3,MAAMMA,3700,44400,1.1694848189751308,13.173314412434896,13.175433567592076,0.6726501305483029,0.031331592689295036,0.038147443785658354,0.04960835509138381,0.0003,1.0,907.3665087223053
depth3_bal_MAAMMA,3,MAAMMA,3725,44700,0.03760501556098461,11.98436450958252,11.950294167654855,1.0,0.04569190600522193,0.05034120147667524,0.04960835509138381,0.0003,1.0,910.6590418815613
depth3_bal_MAAMMA,3,MAAMMA,3750,45000,0.03877718343089024,12.051748275756836,12.010541561671666,1.0,0.044386422976501305,0.047432598724689565,0.04960835509138381,0.0003,1.0,913.1703355312347
depth3_bal_MAAMMA,3,MAAMMA,3775,45300,0.031203743536025286,12.476186116536459,12.471152414594378,1.0,0.0391644908616188,0.04485960398254838,0.04960835509138381,0.0003,1.0,915.798615694046
depth3_bal_MAAMMA,3,MAAMMA,3800,45600,0.02473267229894797,12.961542447408041,12.986370086669922,1.0,0.04177545691906005,0.04485960398254838,0.04960835509138381,0.0003,1.0,918.6608150005341
depth3_bal_MAAMMA,3,MAAMMA,3825,45900,0.04899011366069317,13.876147588094076,13.867324420383998,0.9980417754569191,0.04046997389033943,0.039937353171495694,0.04960835509138381,0.0003,1.0,924.1114792823792
depth3_bal_MAAMMA,3,MAAMMA,3850,46200,0.034616303319732346,12.22003173828125,12.252519471304756,1.0,0.03655352480417755,0.046873252041615396,0.04960835509138381,0.0003,1.0,930.7250070571899
depth3_bal_MAAMMA,3,MAAMMA,3875,46500,0.03696949717899164,11.980586369832357,11.959377724783762,1.0,0.04177545691906005,0.04519521199239288,0.04960835509138381,0.0003,1.0,937.6112513542175
depth3_bal_MAAMMA,3,MAAMMA,3900,46800,0.03396225813776255,12.39592711130778,12.323193413870674,1.0,0.037859007832898174,0.04430025729947421,0.04960835509138381,0.0003,1.0,944.0314807891846
depth3_bal_MAAMMA,3,MAAMMA,3925,47100,0.02719109769289692,12.335452397664389,12.362372480119978,1.0,0.0391644908616188,0.0482156840809934,0.04960835509138381,0.0003,1.0,946.7593722343445
depth3_bal_MAAMMA,3,MAAMMA,3950,47400,0.03591156999270121,12.16247272491455,12.172327641078404,1.0,0.04569190600522193,0.04586642801208189,0.04960835509138381,0.0003,1.0,949.2436401844025
depth3_bal_MAAMMA,3,MAAMMA,3975,47700,0.03109247873847683,12.232051531473795,12.253213337489537,1.0,0.04569190600522193,0.04463586530931871,0.04960835509138381,0.0003,1.0,952.095876455307
depth3_bal_MAAMMA,3,MAAMMA,4000,48000,0.022069935997327168,12.63754908243815,12.583663150242396,1.0,0.044386422976501305,0.05000559346683074,0.04960835509138381,0.0003,1.0,954.9798090457916
depth3_bal_MAAMMA,3,MAAMMA,4025,48300,0.031465162678311266,11.985061327616373,11.907815933227539,1.0,0.04308093994778068,0.0472088600514599,0.04960835509138381,0.0003,1.0,961.03369140625
depth3_bal_MAAMMA,3,MAAMMA,4050,48600,0.02751800526554386,12.359046618143717,12.342389106750488,1.0,0.04308093994778068,0.044076518626244544,0.04960835509138381,0.0003,1.0,967.7052662372589
depth3_bal_MAAMMA,3,MAAMMA,4075,48900,0.03155142177517215,13.102291742960611,13.000447709219797,0.9990208877284595,0.044386422976501305,0.04295782526009621,0.04960835509138381,0.0003,1.0,974.1748888492584
depth3_bal_MAAMMA,3,MAAMMA,4100,49200,0.028201090327153604,12.228991508483887,12.081700924464634,1.0,0.04569190600522193,0.04810381474437857,0.04960835509138381,0.0003,1.0,980.8453938961029
depth3_bal_MAAMMA,3,MAAMMA,4125,49500,0.02953163782755534,12.244345347086588,12.118047332763672,1.0,0.04699738903394256,0.046537644031770894,0.04960835509138381,0.0003,1.0,987.1362760066986
depth3_bal_MAAMMA,3,MAAMMA,4150,49800,0.02660016482695937,12.714584668477377,12.572473798479352,1.0,0.044386422976501305,0.04452399597270388,0.04960835509138381,0.0003,1.0,990.1391019821167
depth3_bal_MAAMMA,3,MAAMMA,4175,50100,0.038099998918672405,11.975521723429361,11.853250040326799,1.0,0.044386422976501305,0.05895514039601745,0.04960835509138381,0.0003,1.0,993.1165883541107
depth3_bal_MAAMMA,3,MAAMMA,4200,50400,0.03716478527834018,11.731935501098633,11.657174519130162,1.0,0.04177545691906005,0.054927844277883435,0.04960835509138381,0.0003,1.0,998.6872322559357
depth3_bal_MAAMMA,3,MAAMMA,4225,50700,0.03371770788605014,12.017698287963867,11.950614465985979,1.0,0.033942558746736295,0.04944624678375657,0.04960835509138381,0.0003,1.0,1004.4566013813019
depth3_bal_MAAMMA,3,MAAMMA,4250,51000,0.03039226122200489,12.555062929789225,12.558724757603237,0.9993472584856397,0.0391644908616188,0.04966998545698624,0.04960835509138381,0.0003,1.0,1008.475412607193
depth3_bal_MAAMMA,3,MAAMMA,4275,51300,0.49081844091415405,11.55570125579834,11.4886353628976,0.8642297650130548,0.0391644908616188,0.04642577469515606,0.04960835509138381,0.0003,1.0,1011.5738282203674
depth3_bal_MAAMMA,3,MAAMMA,4300,51600,0.03263484640046954,11.830290794372559,11.794443103245326,1.0,0.04569190600522193,0.052802326882201586,0.04960835509138381,0.0003,1.0,1015.7366063594818
depth3_bal_MAAMMA,3,MAAMMA,4325,51900,0.10856291900078456,11.634405771891275,11.49607173374721,0.9967362924281984,0.04569190600522193,0.04843942275422307,0.04960835509138381,0.0003,1.0,1020.7397925853729
depth3_bal_MAAMMA,3,MAAMMA,4350,52200,0.05720031416664521,10.981027921040853,10.85369908469064,1.0,0.048302872062663184,0.052131110862512584,0.04960835509138381,0.0003,1.0,1025.8522944450378
depth3_bal_MAAMMA,3,MAAMMA,4375,52500,0.05169155169278383,11.354839960734049,11.27359025137765,1.0,0.04569190600522193,0.050676809486519744,0.04960835509138381,0.0003,1.0,1032.114993095398
depth3_bal_MAAMMA,3,MAAMMA,4400,52800,0.04306204213450352,11.519198099772135,11.463947704860143,1.0,0.0391644908616188,0.05045307081329008,0.04960835509138381,0.0003,1.0,1038.6674723625183
depth3_bal_MAAMMA,3,MAAMMA,4425,53100,0.034897055166463055,12.089868863423666,11.935328129359654,1.0,0.03655352480417755,0.05056494014990491,0.04960835509138381,0.0003,1.0,1045.0470395088196
depth3_bal_MAAMMA,3,MAAMMA,4450,53400,0.6007580980658531,12.338089307149252,12.150465365818569,0.8159268929503917,0.03524804177545692,0.04150352388410337,0.04960835509138381,0.0003,1.0,1051.7532873153687
depth3_bal_MAAMMA,3,MAAMMA,4475,53700,0.03760482898602883,11.507971127827963,11.41106948852539,1.0,0.044386422976501305,0.05022933214006041,0.04960835509138381,0.0003,1.0,1056.6823451519012
depth3_bal_MAAMMA,3,MAAMMA,4500,54000,0.03831295079241196,11.80902353922526,11.696434620448521,1.0,0.04308093994778068,0.04989372413021591,0.04960835509138381,0.0003,1.0,1063.419315814972
depth3_bal_MAAMMA,3,MAAMMA,4525,54300,0.051053556613624096,12.396672884623209,12.31176106589181,0.9996736292428199,0.04569190600522193,0.04664951336838573,0.04960835509138381,0.0003,1.0,1069.6353812217712
depth3_bal_MAAMMA,3,MAAMMA,4550,54600,0.04015881381928921,11.488320350646973,11.430234636579241,1.0,0.03655352480417755,0.05134802550620875,0.04960835509138381,0.0003,1.0,1072.6965188980103
depth3_bal_MAAMMA,3,MAAMMA,4575,54900,0.040197297309835754,11.891266504923502,11.840276609148297,1.0,0.04177545691906005,0.04989372413021591,0.04960835509138381,0.0003,1.0,1075.643500328064
depth3_bal_MAAMMA,3,MAAMMA,4600,55200,0.054463100619614124,12.07665220896403,12.037025887625559,0.9990208877284595,0.037859007832898174,0.046873252041615396,0.04960835509138381,0.0003,1.0,1078.6790282726288
depth3_bal_MAAMMA,3,MAAMMA,4625,55500,0.02768608384455244,12.511330286661783,12.423253059387207,1.0,0.04308093994778068,0.047991945407763734,0.04960835509138381,0.0003,1.0,1081.9450633525848
depth3_bal_MAAMMA,3,MAAMMA,4650,55800,0.20093599210182825,12.30242951711019,12.195520509992328,0.9611618798955613,0.04046997389033943,0.0478800760711489,0.04960835509138381,0.0003,1.0,1084.667004585266
depth3_bal_MAAMMA,3,MAAMMA,4675,56100,0.03540473431348801,11.418598175048828,11.322001702444894,1.0,0.0391644908616188,0.05358541223850542,0.04960835509138381,0.0003,1.0,1087.4951193332672
depth3_bal_MAAMMA,3,MAAMMA,4700,56400,0.03273429240410527,11.631272633870443,11.531248501368932,1.0,0.04046997389033943,0.05347354290189059,0.04960835509138381,0.0003,1.0,1090.2573318481445
depth3_bal_MAAMMA,3,MAAMMA,4725,56700,0.028793473572780687,12.008842468261719,11.935526929582869,1.0,0.037859007832898174,0.05145989484282358,0.04960835509138381,0.0003,1.0,1093.1910557746887
depth3_bal_MAAMMA,3,MAAMMA,4750,57000,0.029006768483668566,11.659196853637695,11.574568149021694,1.0,0.04046997389033943,0.053921020248349924,0.04960835509138381,0.0003,1.0,1095.9505190849304
depth3_bal_MAAMMA,3,MAAMMA,4775,57300,0.03380819456651807,11.66330369313558,11.619195202418735,1.0,0.04569190600522193,0.05090054815974941,0.04960835509138381,0.0003,1.0,1098.5264825820923
depth3_bal_MAAMMA,3,MAAMMA,4800,57600,0.02958097370962302,12.023733774820963,11.928433609008788,1.0,0.03524804177545692,0.04877503076406757,0.04960835509138381,0.0003,1.0,1103.4747800827026
depth3_bal_MAAMMA,3,MAAMMA,4825,57900,0.021846015937626362,12.472507158915201,12.362037086486817,1.0,0.04046997389033943,0.048886900100682404,0.04960835509138381,0.0003,1.0,1109.484412431717
depth3_bal_MAAMMA,3,MAAMMA,4850,58200,0.028854104535033304,11.625022252400717,11.443997165134975,1.0,0.04569190600522193,0.055263452287727936,0.04960835509138381,0.0003,1.0,1116.168392419815
depth3_bal_MAAMMA,3,MAAMMA,4875,58500,0.028660718041161697,11.627904256184896,11.510427284240723,1.0,0.04960835509138381,0.0551515829511131,0.04960835509138381,0.0003,1.0,1122.6092989444733
depth3_bal_MAAMMA,3,MAAMMA,4900,58800,0.059998417273163795,12.137741724650065,12.086549241202219,0.9983681462140992,0.05352480417754569,0.05794831636648395,0.05352480417754569,0.0003,1.0,1129.5262460708618
depth3_bal_MAAMMA,3,MAAMMA,4925,59100,0.03611098354061445,11.250324249267578,11.184152248927525,1.0,0.048302872062663184,0.05929074840586195,0.05352480417754569,0.0003,1.0,1136.8193600177765
depth3_bal_MAAMMA,3,MAAMMA,4950,59400,0.029432199740161497,11.573405265808105,11.481951250348772,1.0,0.04960835509138381,0.055487190960957604,0.05352480417754569,0.0003,1.0,1143.9348912239075
depth3_bal_MAAMMA,3,MAAMMA,4975,59700,0.03158824937418103,11.947333335876465,11.85747288295201,0.9996736292428199,0.04308093994778068,0.054927844277883435,0.05352480417754569,0.0003,1.0,1151.1432843208313
depth3_bal_MAAMMA,3,MAAMMA,5000,60000,0.8817090839147568,13.759122212727865,13.59628061567034,0.7431462140992167,0.030026109660574413,0.042286609240407204,0.05352480417754569,0.0003,1.0,1157.916664838791
depth3_bal_MAAMMA,3,MAAMMA,5025,60300,0.03016366312901179,11.327942848205566,11.178448704310826,1.0,0.057441253263707574,0.060856919118469625,0.057441253263707574,0.0003,1.0,1164.3443052768707
depth3_bal_MAAMMA,3,MAAMMA,5050,60600,0.030020129556457203,11.441888491312662,11.308642087663923,1.0,0.050913838120104436,0.058731401722787784,0.057441253263707574,0.0003,1.0,1170.8373999595642
depth3_bal_MAAMMA,3,MAAMMA,5075,60900,0.3009995644291242,12.698057810465494,12.367906842912946,0.9203655352480418,0.044386422976501305,0.05571092963418727,0.057441253263707574,0.0003,1.0,1177.395453453064
depth3_bal_MAAMMA,3,MAAMMA,5100,61200,0.028516245385011036,11.150595664978027,10.947310447692871,1.0,0.057441253263707574,0.06510795390983332,0.057441253263707574,0.0003,1.0,1181.0897896289825
depth3_bal_MAAMMA,3,MAAMMA,5125,61500,0.024384111166000366,11.726617177327475,11.492039816720146,1.0,0.04308093994778068,0.062311220494462465,0.057441253263707574,0.0003,1.0,1183.961233139038
depth3_bal_MAAMMA,3,MAAMMA,5150,61800,0.025000595177213352,11.820333162943522,11.613595826285225,1.0,0.04699738903394256,0.05985009508893612,0.057441253263707574,0.0003,1.0,1188.7746586799622
depth3_bal_MAAMMA,3,MAAMMA,5175,62100,0.8336914082368215,10.842779477437338,10.51956912449428,0.7552219321148825,0.037859007832898174,0.051571764179438415,0.057441253263707574,0.0003,1.0,1195.4885666370392
depth3_bal_MAAMMA,3,MAAMMA,5200,62400,0.031624287677307926,11.013989766438803,10.758228084019253,1.0,0.06005221932114883,0.06398926054368498,0.06005221932114883,0.0003,1.0,1201.9215772151947
depth3_bal_MAAMMA,3,MAAMMA,5225,62700,0.02839703221494953,11.371407190958658,11.145327758789062,1.0,0.0587467362924282,0.06499608457321848,0.06005221932114883,0.0003,1.0,1205.5408635139465
depth3_bal_MAAMMA,3,MAAMMA,5250,63000,0.2629782302925984,13.143170992533365,13.077987997872489,0.9275456919060052,0.04569190600522193,0.05828392437632845,0.06005221932114883,0.0003,1.0,1208.5112357139587
depth3_bal_MAAMMA,3,MAAMMA,5275,63300,0.02554165106266737,11.059905052185059,10.84842643737793,1.0,0.04960835509138381,0.06667412462244099,0.06005221932114883,0.0003,1.0,1211.4391462802887
depth3_bal_MAAMMA,3,MAAMMA,5300,63600,0.027875142948081095,11.112834294637045,10.939511816842215,1.0,0.06135770234986945,0.06398926054368498,0.06135770234986945,0.0003,1.0,1214.4716320037842
depth3_bal_MAAMMA,3,MAAMMA,5325,63900,0.1301139040539662,11.682876586914062,11.50408387865339,0.9840078328981723,0.0391644908616188,0.0624230898310773,0.06135770234986945,0.0003,1.0,1217.4159064292908
depth3_bal_MAAMMA,3,MAAMMA,5350,64200,0.02968678406129281,10.72403875986735,10.44605165209089,1.0,0.06135770234986945,0.06947085803781183,0.06135770234986945,0.0003,1.0,1220.93922829628
depth3_bal_MAAMMA,3,MAAMMA,5375,64500,0.028740279531727236,10.901425043741861,10.67739246913365,1.0,0.05613577023498695,0.06477234589998881,0.06135770234986945,0.0003,1.0,1227.9012622833252
depth3_bal_MAAMMA,3,MAAMMA,5400,64800,0.025259996609141428,11.212204615275065,11.028135517665318,1.0,0.05221932114882506,0.06342991386061081,0.06135770234986945,0.0003,1.0,1234.5538492202759
depth3_bal_MAAMMA,3,MAAMMA,5425,65100,1.000787730018298,12.174248059590658,12.15358052934919,0.7219321148825065,0.048302872062663184,0.05123615616959391,0.06135770234986945,0.0003,1.0,1241.4170367717743
depth3_bal_MAAMMA,3,MAAMMA,5450,65400,0.02214449193949501,10.977640151977539,10.720000566755022,1.0,0.06135770234986945,0.07405750083902002,0.06135770234986945,0.0003,1.0,1246.1812028884888
depth3_bal_MAAMMA,3,MAAMMA,5475,65700,0.0290418512498339,10.459110895792643,10.263536725725446,1.0,0.057441253263707574,0.0710370287504195,0.06135770234986945,0.0003,1.0,1250.0244534015656
depth3_bal_MAAMMA,3,MAAMMA,5500,66000,0.024364172481000423,10.87785816192627,10.63050755092076,1.0,0.0587467362924282,0.06879964201812283,0.06135770234986945,0.0003,1.0,1252.792192697525
depth3_bal_MAAMMA,3,MAAMMA,5525,66300,0.08883398522933324,11.313669522603353,11.142637498038155,0.9931462140992167,0.06527415143603134,0.06645038594921132,0.06527415143603134,0.0003,1.0,1258.7746748924255
depth3_bal_MAAMMA,3,MAAMMA,5550,66600,0.029387817873309057,10.305895487467447,10.020221764700754,1.0,0.0587467362924282,0.07327441548271618,0.06527415143603134,0.0003,1.0,1261.598237991333
depth3_bal_MAAMMA,3,MAAMMA,5575,66900,0.4676871473590533,9.973520914713541,9.765665136064802,0.8717362924281984,0.04699738903394256,0.06074504978185479,0.06527415143603134,0.0003,1.0,1264.538551568985
depth3_bal_MAAMMA,3,MAAMMA,5600,67200,0.04474758139501015,9.559711774190268,9.311883899143764,1.0,0.04569190600522193,0.07607114889808704,0.06527415143603134,0.0003,1.0,1267.0063393115997
depth3_bal_MAAMMA,3,MAAMMA,5625,67500,0.04163901197413603,9.648284594217936,9.392723519461496,1.0,0.050913838120104436,0.07372189282917552,0.06527415143603134,0.0003,1.0,1269.6496748924255
depth3_bal_MAAMMA,3,MAAMMA,5650,67800,0.03767607764651378,9.92838986714681,9.635215159824916,1.0,0.0639686684073107,0.07361002349256068,0.06527415143603134,0.0003,1.0,1272.7228829860687
depth3_bal_MAAMMA,3,MAAMMA,5675,68100,0.029956096317619085,10.228688875834147,9.943308503287179,1.0,0.05613577023498695,0.07361002349256068,0.06527415143603134,0.0003,1.0,1277.8152346611023
depth3_bal_MAAMMA,3,MAAMMA,5700,68400,0.020963575846205156,10.745092074076334,10.492293003627232,1.0,0.048302872062663184,0.07416937017563485,0.06527415143603134,0.0003,1.0,1284.455955028534
depth3_bal_MAAMMA,3,MAAMMA,5725,68700,0.028518121999998886,9.739964803059896,9.393535150800432,1.0,0.0587467362924282,0.08345452511466607,0.06527415143603134,0.0003,1.0,1289.5815119743347
depth3_bal_MAAMMA,3,MAAMMA,5750,69000,0.0339350945626696,9.490732510884603,9.22153810773577,1.0,0.05352480417754569,0.08099339970913973,0.06527415143603134,0.0003,1.0,1292.5319986343384
depth3_bal_MAAMMA,3,MAAMMA,5775,69300,0.02240028977394104,10.517613410949707,10.228582191467286,1.0,0.06135770234986945,0.08446134914419957,0.06527415143603134,0.0003,1.0,1299.0355141162872
depth3_bal_MAAMMA,3,MAAMMA,5800,69600,0.06412397200862567,10.077024459838867,9.88869514465332,0.9967362924281984,0.06919060052219321,0.07808479695715405,0.06919060052219321,0.0003,1.0,1306.0094401836395
depth3_bal_MAAMMA,3,MAAMMA,5825,69900,0.026969545520842075,9.592428843180338,9.377531678336007,1.0,0.06266318537859007,0.08580378118357758,0.06919060052219321,0.0003,1.0,1313.2282943725586
depth3_bal_MAAMMA,3,MAAMMA,5850,70200,0.02293972484767437,9.787572542826334,9.579660742623465,1.0,0.0639686684073107,0.08434947980758474,0.06919060052219321,0.0003,1.0,1320.1071696281433
depth3_bal_MAAMMA,3,MAAMMA,5875,70500,0.0371790356002748,10.396967252095541,10.17499841962542,0.9973890339425587,0.0639686684073107,0.08267143975836223,0.06919060052219321,0.0003,1.0,1326.5417437553406
depth3_bal_MAAMMA,3,MAAMMA,5900,70800,0.026665102845678728,8.775572458902994,8.536135019574846,1.0,0.09007832898172324,0.09945184025058731,0.09007832898172324,0.0003,1.0,1332.975368976593
depth3_bal_MAAMMA,3,MAAMMA,5925,71100,0.028926437254995108,8.853331247965494,8.63411249433245,1.0,0.07702349869451697,0.09777380020136481,0.09007832898172324,0.0003,1.0,1339.589432001114
depth3_bal_MAAMMA,3,MAAMMA,5950,71400,0.038593112801512085,9.146575291951498,8.909093884059361,0.9986945169712794,0.08616187989556136,0.09878062423089831,0.09007832898172324,0.0003,1.0,1345.9958622455597
depth3_bal_MAAMMA,3,MAAMMA,5975,71700,0.04637735057622194,9.662151972452799,9.410696819850378,0.9970626631853786,0.08093994778067885,0.09945184025058731,0.09007832898172324,0.0003,1.0,1352.597805738449
depth3_bal_MAAMMA,3,MAAMMA,6000,72000,0.03295684171219667,7.505861918131511,7.278998020717076,1.0,0.1031331592689295,0.13122273184920014,0.1031331592689295,0.0003,1.0,1359.1281156539917
depth3_bal_MAAMMA,3,MAAMMA,6025,72300,0.03502892889082432,7.120406150817871,6.941338171277727,1.0,0.11096605744125326,0.1356975053137935,0.11096605744125326,0.0003,1.0,1364.409372329712
depth3_bal_MAAMMA,3,MAAMMA,6050,72600,0.04981883242726326,7.439229329427083,7.185391412462507,0.9993472584856397,0.11357702349869452,0.140731625461461,0.11357702349869452,0.0003,1.0,1367.043000459671
depth3_bal_MAAMMA,3,MAAMMA,6075,72900,0.026383623636017244,7.017337322235107,6.806108597346714,1.0,0.12140992167101827,0.15147108177648508,0.12140992167101827,0.0003,1.0,1369.5506994724274
depth3_bal_MAAMMA,3,MAAMMA,6100,73200,0.022586696936438482,6.97100305557251,6.722813810620989,1.0,0.13054830287206268,0.15930193533952344,0.13054830287206268,0.0003,1.0,1372.067845582962
depth3_bal_MAAMMA,3,MAAMMA,6125,73500,0.16694154404103756,7.683541774749756,7.505607223510742,0.9598563968668408,0.12402088772845953,0.13491441995748965,0.13054830287206268,0.0003,1.0,1374.919585466385
depth3_bal_MAAMMA,3,MAAMMA,6150,73800,0.023777577560395002,4.979897816975911,4.794112491607666,1.0,0.19843342036553524,0.23850542566282582,0.19843342036553524,0.0003,1.0,1381.6254076957703
depth3_bal_MAAMMA,3,MAAMMA,6175,74100,0.023262277866403263,4.670386632283528,4.493908160073417,1.0,0.2193211488250653,0.2572994742141179,0.2193211488250653,0.0003,1.0,1388.0336546897888
depth3_bal_MAAMMA,3,MAAMMA,6200,74400,0.03497321903705597,4.639936447143555,4.522831548963274,0.9977154046997389,0.2297650130548303,0.25506208748182124,0.2297650130548303,0.0003,1.0,1394.5043137073517
depth3_bal_MAAMMA,3,MAAMMA,6225,74700,0.01739294221624732,3.3650002479553223,3.2519071442740306,1.0,0.3433420365535248,0.377782749748294,0.3433420365535248,0.0003,1.0,1400.9648509025574
depth3_bal_MAAMMA,3,MAAMMA,6250,75000,0.021733203592399757,2.8736790815989175,2.783649887357439,1.0,0.39033942558746737,0.42588656449267254,0.39033942558746737,0.0003,1.0,1407.5406317710876
depth3_bal_MAAMMA,3,MAAMMA,6275,75300,0.019303204957395792,2.5367485682169595,2.471782963616507,1.0,0.4516971279373368,0.4804788007607115,0.4516971279373368,0.0003,1.0,1413.8972606658936
depth3_bal_MAAMMA,3,MAAMMA,6300,75600,0.016006399722148974,2.196965058644613,2.1757309232439312,1.0,0.49738903394255873,0.5384271171271955,0.49738903394255873,0.0003,1.0,1420.3897111415863
depth3_bal_MAAMMA,3,MAAMMA,6325,75900,0.01375374935256938,1.8609294891357422,1.857628583908081,1.0,0.5587467362924282,0.6016332923145766,0.5587467362924282,0.0003,1.0,1427.0840702056885
depth3_bal_MAAMMA,3,MAAMMA,6350,76200,0.01760393272464474,1.4630107879638672,1.4500724588121687,1.0,0.6214099216710183,0.659246000671216,0.6214099216710183,0.0003,1.0,1433.6026871204376
depth3_bal_MAAMMA,3,MAAMMA,6375,76500,0.01803082910676797,1.181827147801717,1.1958079627582006,1.0,0.7127937336814621,0.731289853451169,0.7127937336814621,0.0003,1.0,1440.023896932602
depth3_bal_MAAMMA,3,MAAMMA,6400,76800,0.014873132420082888,0.9591455260912577,0.9914144907678877,1.0,0.7806788511749347,0.7967334153708469,0.7806788511749347,0.0003,1.0,1446.7027776241302
depth3_bal_MAAMMA,3,MAAMMA,6425,77100,0.01308510429225862,0.8041065533955892,0.8481741939272199,0.9996736292428199,0.8459530026109661,0.8468508781742924,0.8459530026109661,0.0003,1.0,1453.9019601345062
depth3_bal_MAAMMA,3,MAAMMA,6450,77400,0.024798241599152487,0.6141496896743774,0.6448794271264757,1.0,0.8759791122715405,0.8709027855464817,0.8759791122715405,0.0003,1.0,1460.3323683738708
depth3_bal_MAAMMA,3,MAAMMA,6475,77700,0.02153829966361324,0.4950356086095174,0.5221791974135808,1.0,0.8994778067885117,0.9110638773912071,0.8994778067885117,0.0003,1.0,1465.4973497390747
depth3_bal_MAAMMA,3,MAAMMA,6500,78000,0.017531186652680237,0.4134100178877513,0.4357658735343388,1.0,0.9281984334203656,0.9393668195547601,0.9281984334203656,0.0003,1.0,1472.2898287773132
depth3_bal_MAAMMA,3,MAAMMA,6525,78300,0.01289787127946814,0.3306987186272939,0.3616526995386396,1.0,0.9503916449086162,0.9560353507103703,0.9503916449086162,0.0003,1.0,1479.5810282230377
depth3_bal_MAAMMA,3,MAAMMA,6550,78600,0.010052683064714074,0.28967268268267315,0.3201140786920275,1.0,0.9699738903394256,0.9642018122832532,0.9699738903394256,0.0003,1.0,1485.3877427577972
depth3_bal_MAAMMA,3,MAAMMA,6575,78900,0.014918283481771747,0.22249141335487366,0.23249967311109815,1.0,0.9738903394255874,0.9719207965096767,0.9738903394255874,0.0003,1.0,1488.0410475730896
depth3_bal_MAAMMA,3,MAAMMA,6600,79200,0.014564444699014226,0.1841664264599482,0.20380086515630993,1.0,0.9817232375979112,0.9781854793601074,0.9817232375979112,0.0003,1.0,1494.8799419403076
depth3_bal_MAAMMA,3,MAAMMA,6625,79500,0.01175201948111256,0.17290784666935602,0.18249775213854655,1.0,0.9856396866840731,0.9806466047656337,0.9856396866840731,0.0003,1.0,1500.3596608638763
depth3_bal_MAAMMA,3,MAAMMA,6650,79800,0.010049673030152917,0.16587448616822562,0.17322766333818435,1.0,0.9817232375979112,0.9808703434388634,0.9856396866840731,0.0003,1.0,1506.1926584243774
depth3_bal_MAAMMA,3,MAAMMA,6675,80100,0.010559440435220798,0.12357586125532787,0.1262430553989751,0.9996736292428199,0.9869451697127938,0.9853451169034567,0.9869451697127938,0.0003,1.0,1511.4216327667236
depth3_bal_MAAMMA,3,MAAMMA,6700,80400,0.012188177400579056,0.12219239274660747,0.12011608896510942,1.0,0.9869451697127938,0.9856807249133013,0.9869451697127938,0.0003,1.0,1517.8585200309753
depth3_bal_MAAMMA,3,MAAMMA,6725,80700,0.010439792880788445,0.1167734923462073,0.11352865435183049,1.0,0.9882506527415144,0.9870231569526793,0.9882506527415144,0.0003,1.0,1524.0852372646332
depth3_bal_MAAMMA,3,MAAMMA,6750,81000,0.008559819815369943,0.10873075326283772,0.10766951127776078,1.0,0.9882506527415144,0.987246895625909,0.9882506527415144,0.0003,1.0,1530.6188995838165
depth3_bal_MAAMMA,3,MAAMMA,6775,81300,0.007197855001625915,0.10458247363567352,0.10358439795672894,1.0,0.9882506527415144,0.9876943729723683,0.9882506527415144,0.0003,1.0,1537.2756600379944
depth3_bal_MAAMMA,3,MAAMMA,6800,81600,0.006049713003449142,0.10167248422900836,0.09846926246370588,1.0,0.9882506527415144,0.9880299809822127,0.9882506527415144,0.0003,1.0,1543.9929747581482
depth3_bal_MAAMMA,3,MAAMMA,6825,81900,0.004852290226457019,0.09880071754256885,0.09972196253282684,1.0,0.9882506527415144,0.988589327665287,0.9882506527415144,0.0003,1.0,1547.1025338172913
depth3_bal_MAAMMA,3,MAAMMA,6850,82200,0.0037940077600069344,0.09622068951527278,0.09600237783576761,1.0,0.9882506527415144,0.9883655889920573,0.9882506527415144,0.0003,1.0,1550.658178806305
depth3_bal_MAAMMA,3,MAAMMA,6875,82500,0.0033285231911577284,0.08945484707752864,0.09486348599727665,1.0,0.9869451697127938,0.9887011970019017,0.9882506527415144,0.0003,1.0,1556.1771206855774
depth3_bal_MAAMMA,3,MAAMMA,6900,82800,0.002535274155282726,0.08780206056932609,0.09315529870135443,1.0,0.9856396866840731,0.9891486743483611,0.9882506527415144,0.0003,1.0,1562.619115114212
depth3_bal_MAAMMA,3,MAAMMA,6925,83100,0.9806373119354248,1.1704060633977253,1.2055033002580915,0.6403394255874674,0.5378590078328982,0.5418950665622553,0.9882506527415144,0.0003,1.0,1569.1861882209778
depth3_bal_MAAMMA,3,MAAMMA,6950,83400,0.38653916865587234,0.6528014341990153,0.7179524302482605,0.9190600522193212,0.8328981723237598,0.8201141067233472,0.9882506527415144,0.0003,1.0,1574.0457544326782
depth3_bal_MAAMMA,3,MAAMMA,6975,83700,0.3133126435180505,0.5253463586171468,0.6042767609868731,0.9157963446475196,0.8707571801566579,0.8667636200917329,0.9882506527415144,0.0003,1.0,1579.197188615799
depth3_bal_MAAMMA,3,MAAMMA,7000,84000,0.18141695484519005,0.4120509127775828,0.46660051728997914,0.9660574412532638,0.9255874673629243,0.9202371629936235,0.9882506527415144,0.0003,1.0,1585.8774032592773
depth3_bal_MAAMMA,3,MAAMMA,7025,84300,0.6830803205569586,0.7948309183120728,0.8405448760305132,0.7349869451697127,0.7154046997389034,0.7094753328112764,0.9882506527415144,0.0003,1.0,1589.5535907745361
depth3_bal_MAAMMA,3,MAAMMA,7050,84600,0.1049955307195584,0.2849927842617035,0.3301938099520547,0.9892297650130548,0.9725848563968669,0.9603982548383488,0.9882506527415144,0.0003,1.0,1592.1732320785522
depth3_bal_MAAMMA,3,MAAMMA,7075,84900,0.10333240715165933,0.2702358315388362,0.30950590329510824,0.9895561357702349,0.9725848563968669,0.962300033560801,0.9882506527415144,0.0003,1.0,1596.1348042488098
depth3_bal_MAAMMA,3,MAAMMA,7100,85200,0.07944522487620513,0.21601194640000662,0.24744066808904921,0.9947780678851175,0.9856396866840731,0.9733750978856696,0.9882506527415144,0.0003,1.0,1600.931488752365
depth3_bal_MAAMMA,3,MAAMMA,7125,85500,0.19858727852503458,0.33997853597005206,0.3684352082865579,0.9928198433420365,0.9673629242819843,0.9534623559682291,0.9882506527415144,0.0003,1.0,1605.9766125679016
depth3_bal_MAAMMA,3,MAAMMA,7150,85800,0.08723478888471921,0.22686155140399933,0.2513974300452641,0.9944516971279374,0.9751958224543081,0.9675578923816982,0.9882506527415144,0.0003,1.0,1612.159232378006
depth3_bal_MAAMMA,3,MAAMMA,7175,86100,0.060871984188755356,0.1796446442604065,0.21390540301799774,0.9964099216710183,0.9843342036553525,0.9787448260431816,0.9882506527415144,0.0003,1.0,1618.7197473049164
depth3_bal_MAAMMA,3,MAAMMA,7200,86400,0.11283001489937305,0.23563583691914877,0.25031663477420807,0.9964099216710183,0.97911227154047,0.9731513592124399,0.9882506527415144,0.0003,1.0,1623.8497684001923
depth3_bal_MAAMMA,3,MAAMMA,7225,86700,0.060430690025289856,0.17051100730895996,0.19668194204568862,0.9970626631853786,0.9856396866840731,0.9755006152813513,0.9882506527415144,0.0003,1.0,1626.3989312648773
depth3_bal_MAAMMA,3,MAAMMA,7250,87000,0.10861477845658858,0.29599517087141675,0.33037854731082916,0.9827023498694517,0.9451697127937336,0.9277324085468173,0.9882506527415144,0.0003,1.0,1632.117097377777
depth3_bal_MAAMMA,3,MAAMMA,7275,87300,0.12178801683088143,0.24102948606014252,0.2475164634840829,0.9957571801566579,0.9778067885117493,0.9766193086474997,0.9882506527415144,0.0003,1.0,1638.9734041690826
depth3_bal_MAAMMA,3,MAAMMA,7300,87600,0.0636159535497427,0.16240762919187546,0.1761513903737068,0.9993472584856397,0.9882506527415144,0.985792594249916,0.9882506527415144,0.0003,1.0,1645.1778688430786
depth3_bal_MAAMMA,3,MAAMMA,7325,87900,0.33130045359333354,0.5042979518572489,0.5415743964059012,0.8854438642297651,0.8093994778067886,0.828951784315919,0.9882506527415144,0.0003,1.0,1649.027069568634
depth3_bal_MAAMMA,3,MAAMMA,7350,88200,0.05375853677590688,0.14574696123600006,0.16142491506678716,0.9990208877284595,0.9921671018276762,0.9853451169034567,0.9921671018276762,0.0003,1.0,1652.0309541225433
depth3_bal_MAAMMA,3,MAAMMA,7375,88500,0.04330663258830706,0.13279518485069275,0.14760671300547465,0.9993472584856397,0.9947780678851175,0.9888130663385166,0.9947780678851175,0.0003,1.0,1658.3034250736237
depth3_bal_MAAMMA,3,MAAMMA,7400,88800,0.09072143336137135,0.17744147777557373,0.18605238710130964,0.9996736292428199,0.9921671018276762,0.9862400715963754,0.9947780678851175,0.0003,1.0,1664.8752286434174
depth3_bal_MAAMMA,3,MAAMMA,7425,89100,0.046091889341672264,0.11881027619043986,0.1318811511354787,0.9996736292428199,0.9947780678851175,0.9917216690905023,0.9947780678851175,0.0003,1.0,1671.4007925987244
depth3_bal_MAAMMA,3,MAAMMA,7450,89400,0.17046038061380386,0.2563541680574417,0.27535114118031095,0.9964099216710183,0.9843342036553525,0.9769549166573442,0.9947780678851175,0.0003,1.0,1678.0658028125763
depth3_bal_MAAMMA,3,MAAMMA,7475,89700,0.05246173093716303,0.1287119264403979,0.136901436320373,0.9990208877284595,0.9934725848563969,0.9898198903680501,0.9947780678851175,0.0003,1.0,1681.7338852882385
depth3_bal_MAAMMA,3,MAAMMA,7500,90000,0.044081914549072586,0.11343428492546082,0.12660844134432928,0.9993472584856397,0.9947780678851175,0.9918335384271171,0.9947780678851175,0.0003,1.0,1684.254133939743
depth3_bal_MAAMMA,3,MAAMMA,7525,90300,0.12705245055258274,0.1871215949455897,0.2115587443113327,0.9944516971279374,0.9921671018276762,0.98310773017116,0.9947780678851175,0.0003,1.0,1690.8355150222778
depth3_bal_MAAMMA,3,MAAMMA,7550,90600,0.09490803877512614,0.19628031055132547,0.2148723004119737,0.987597911227154,0.97911227154047,0.9678935003915426,0.9947780678851175,0.0003,1.0,1695.7780122756958
depth3_bal_MAAMMA,3,MAAMMA,7575,90900,0.04978294391185045,0.1212954247991244,0.13148630325283323,1.0,0.9960835509138382,0.9922810157735764,0.9960835509138382,0.0003,1.0,1698.3287327289581
depth3_bal_MAAMMA,3,MAAMMA,7600,91200,0.06417586095631123,0.1418639992674192,0.15807460993528366,0.9944516971279374,0.9895561357702349,0.9859044635865309,0.9960835509138382,0.0003,1.0,1703.8970823287964
depth3_bal_MAAMMA,3,MAAMMA,7625,91500,0.07547787328561147,0.15232371290524802,0.16110442046608245,0.9993472584856397,0.9947780678851175,0.9882537196554424,0.9960835509138382,0.0003,1.0,1710.0686733722687
depth3_bal_MAAMMA,3,MAAMMA,7650,91800,0.04725704900920391,0.11417683959007263,0.12202162210430417,0.9986945169712794,0.9960835509138382,0.9936234478129544,0.9960835509138382,0.0003,1.0,1716.640958070755
depth3_bal_MAAMMA,3,MAAMMA,7675,92100,0.10295131616294384,0.1674049844344457,0.17856258090053287,0.9967362924281984,0.9882506527415144,0.9873587649625237,0.9960835509138382,0.0003,1.0,1723.0164575576782
depth3_bal_MAAMMA,3,MAAMMA,7700,92400,0.03837730300923189,0.10663574934005737,0.11151605769991875,1.0,0.9960835509138382,0.9948540105157176,0.9960835509138382,0.0003,1.0,1729.4635591506958
depth3_bal_MAAMMA,3,MAAMMA,7725,92700,1.2451547185579936,1.0738746722539265,1.097715633256095,0.5310052219321149,0.5861618798955613,0.5681843606667413,0.9960835509138382,0.0003,1.0,1736.1761524677277
depth3_bal_MAAMMA,3,MAAMMA,7750,93000,0.06347039404014747,0.1576621855298678,0.16144303934914725,0.9993472584856397,0.9947780678851175,0.992616623783421,0.9960835509138382,0.0003,1.0,1743.2271134853363
depth3_bal_MAAMMA,3,MAAMMA,7775,93300,0.04435281300296386,0.12559781223535538,0.13244785347155164,0.9990208877284595,0.9960835509138382,0.9931759704664951,0.9960835509138382,0.0003,1.0,1749.6450674533844
depth3_bal_MAAMMA,3,MAAMMA,7800,93600,0.036134534204999604,0.11813413475950559,0.12774647335921016,0.9993472584856397,0.9960835509138382,0.9931759704664951,0.9960835509138382,0.0003,1.0,1755.7127203941345
depth3_bal_MAAMMA,3,MAAMMA,7825,93900,0.054687460884451866,0.12767803172270456,0.13295476181166513,0.9996736292428199,0.9960835509138382,0.99328783980311,0.9960835509138382,0.0003,1.0,1762.9173185825348
depth3_bal_MAAMMA,3,MAAMMA,7850,94200,0.044001616848011814,0.1172565221786499,0.12441282602293151,0.9990208877284595,0.9960835509138382,0.9940709251594138,0.9960835509138382,0.0003,1.0,1769.4848408699036
depth3_bal_MAAMMA,3,MAAMMA,7875,94500,0.05651462419579426,0.12756186972061792,0.13448410885674614,1.0,0.9960835509138382,0.9933997091397248,0.9960835509138382,0.0003,1.0,1776.2149369716644
depth3_bal_MAAMMA,3,MAAMMA,7900,94800,0.035863492637872696,0.10381022716561954,0.11716933122703008,1.0,0.9960835509138382,0.9927284931200357,0.9960835509138382,0.0003,1.0,1783.0181286334991
depth3_bal_MAAMMA,3,MAAMMA,7925,95100,0.05721425078809261,0.1285200590888659,0.1414146140217781,0.9986945169712794,0.9934725848563969,0.9903792370511243,0.9960835509138382,0.0003,1.0,1789.6180205345154
depth3_bal_MAAMMA,3,MAAMMA,7950,95400,0.8198344161113104,0.9393342932065328,0.9769132120268685,0.7274804177545692,0.6501305483028721,0.6340753999328784,0.9960835509138382,0.0003,1.0,1796.3921868801117
depth3_bal_MAAMMA,3,MAAMMA,7975,95700,0.04114511671165625,0.09396575887997945,0.10382539629936219,0.9993472584856397,0.9960835509138382,0.9937353171495693,0.9960835509138382,0.0003,1.0,1802.3495144844055
depth3_bal_MAAMMA,3,MAAMMA,8000,96000,0.0474574351683259,0.10881363848845164,0.1147713269506182,0.9964099216710183,0.9960835509138382,0.994630271842488,0.9960835509138382,0.0003,1.0,1808.471533536911
depth3_bal_MAAMMA,3,MAAMMA,8025,96300,0.06642543741812308,0.1338428184390068,0.1404377654194832,0.9996736292428199,0.9947780678851175,0.9930641011298803,0.9960835509138382,0.0003,1.0,1815.7761652469635
depth3_bal_MAAMMA,3,MAAMMA,8050,96600,0.037732074658075966,0.11312494923671086,0.11841769782560212,0.9996736292428199,0.9960835509138382,0.9916097997538874,0.9960835509138382,0.0003,1.0,1822.354099035263
depth3_bal_MAAMMA,3,MAAMMA,8075,96900,1.4077459226051967,1.3461454312006633,1.179184901714325,0.5571148825065274,0.5744125326370757,0.5829511130998993,0.9960835509138382,0.0003,1.0,1828.5473930835724
depth3_bal_MAAMMA,3,MAAMMA,8100,97200,0.0510157256697615,0.11132085820039113,0.1301872112921306,0.9977154046997389,0.9934725848563969,0.9887011970019017,0.9960835509138382,0.0003,1.0,1834.2045114040375
depth3_bal_MAAMMA,3,MAAMMA,8125,97500,0.05116988718509674,0.10889302690823872,0.11127172240189144,0.9990208877284595,0.9947780678851175,0.993959055822799,0.9960835509138382,0.0003,1.0,1837.134269475937
depth3_bal_MAAMMA,3,MAAMMA,8150,97800,0.03845159585277239,0.09552534545461337,0.101690752272095,0.9993472584856397,0.9960835509138382,0.9945184025058731,0.9960835509138382,0.0003,1.0,1841.2001078128815
depth3_bal_MAAMMA,3,MAAMMA,8175,98100,0.036063283837089934,0.0944156547387441,0.10159342214465142,0.9977154046997389,0.9973890339425587,0.993959055822799,0.9973890339425587,0.0003,1.0,1847.3466820716858
depth3_bal_MAAMMA,3,MAAMMA,8200,98400,0.05672042009731134,0.11889196932315826,0.1242491683789662,1.0,0.9960835509138382,0.9945184025058731,0.9973890339425587,0.0003,1.0,1853.318969964981
depth3_bal_MAAMMA,3,MAAMMA,8225,98700,0.07551095852007468,0.13303144772847494,0.14697883618729454,0.9960835509138382,0.9908616187989556,0.9860163329231457,0.9973890339425587,0.0003,1.0,1859.4984033107758
depth3_bal_MAAMMA,3,MAAMMA,8250,99000,0.04633656206230322,0.10030857225259145,0.10886030920914241,0.9996736292428199,0.9934725848563969,0.9929522317932654,0.9973890339425587,0.0003,1.0,1866.2066097259521
depth3_bal_MAAMMA,3,MAAMMA,8275,99300,0.035854740999639034,0.09590338170528412,0.10186236415590559,1.0,0.9960835509138382,0.994630271842488,0.9973890339425587,0.0003,1.0,1872.5702784061432
depth3_bal_MAAMMA,3,MAAMMA,8300,99600,0.04039206945647796,0.09471144775549571,0.09930225546870913,0.9996736292428199,0.9960835509138382,0.9947421411791028,0.9973890339425587,0.0003,1.0,1876.8321888446808
depth3_bal_MAAMMA,3,MAAMMA,8325,99900,0.0335494459917148,0.08535232270757358,0.09183777975184577,0.9993472584856397,0.9973890339425587,0.9944065331692583,0.9973890339425587,0.0003,1.0,1881.1773290634155
depth3_bal_MAAMMA,3,MAAMMA,8350,100200,3.7136416335900626,2.170442740122477,2.1024518762316022,0.3266971279373368,0.3472584856396867,0.37420293097661933,0.9973890339425587,0.0003,1.0,1886.690143585205
depth3_bal_MAAMMA,3,MAAMMA,8375,100500,0.04310413977752129,0.10314045225580533,0.1104504158454282,0.9996736292428199,0.9960835509138382,0.9945184025058731,0.9973890339425587,0.0003,1.0,1892.8729112148285
depth3_bal_MAAMMA,3,MAAMMA,8400,100800,0.045377844013273716,0.10081553210814793,0.10641232196773802,0.9996736292428199,0.9960835509138382,0.9944065331692583,0.9973890339425587,0.0003,1.0,1899.4323847293854
depth3_bal_MAAMMA,3,MAAMMA,8425,101100,0.04266443631301323,0.09971568981806438,0.10316939492310796,0.9990208877284595,0.9960835509138382,0.993959055822799,0.9973890339425587,0.0003,1.0,1905.7960948944092
depth3_bal_MAAMMA,3,MAAMMA,8450,101400,0.13142699065307775,0.1712967356046041,0.18141428700515203,0.9898825065274152,0.9843342036553525,0.9813178207853227,0.9973890339425587,0.0003,1.0,1912.1776547431946
depth3_bal_MAAMMA,3,MAAMMA,8475,101700,0.034199755949278675,0.08226856340964635,0.09213161841034889,0.9993472584856397,0.9960835509138382,0.9930641011298803,0.9973890339425587,0.0003,1.0,1918.8196694850922
depth3_bal_MAAMMA,3,MAAMMA,8500,102000,0.06857695213208596,0.1599064643184344,0.18106928084577834,0.9918407310704961,0.9725848563968669,0.9720326658462916,0.9973890339425587,0.0003,1.0,1925.3490281105042
depth3_bal_MAAMMA,3,MAAMMA,8525,102300,0.04651995530972878,0.09915303438901901,0.1034274629184178,1.0,0.9960835509138382,0.9936234478129544,0.9973890339425587,0.0003,1.0,1931.603779554367
depth3_bal_MAAMMA,3,MAAMMA,8550,102600,0.6392276734113693,0.9884271820386251,1.0571524262428285,0.7731723237597912,0.6422976501305483,0.6268038930529142,0.9973890339425587,0.0003,1.0,1936.1733012199402
depth3_bal_MAAMMA,3,MAAMMA,8575,102900,0.036877718133231006,0.0885865365465482,0.09239423700741359,1.0,0.9960835509138382,0.9954133571987918,0.9973890339425587,0.0003,1.0,1942.8299894332886
depth3_bal_MAAMMA,3,MAAMMA,8600,103200,0.0421266412983338,0.0924746183057626,0.10328300967812538,0.9973890339425587,0.9973890339425587,0.992616623783421,0.9973890339425587,0.0003,1.0,1949.2138340473175
depth3_bal_MAAMMA,3,MAAMMA,8625,103500,0.06819976959377527,0.11335189640522003,0.12675747190202985,0.9977154046997389,0.9947780678851175,0.9901554983778946,0.9973890339425587,0.0003,1.0,1955.5702731609344
depth3_bal_MAAMMA,3,MAAMMA,8650,103800,0.33088042835394543,0.37945661942164105,0.39916815672601974,0.956266318537859,0.9216710182767625,0.9213558563597718,0.9973890339425587,0.0003,1.0,1961.934826374054
depth3_bal_MAAMMA,3,MAAMMA,8675,104100,0.0653137086580197,0.13062544663747153,0.15367280138390405,0.9941253263707572,0.9830287206266318,0.9740463139053586,0.9973890339425587,0.0003,1.0,1968.2116668224335
depth3_bal_MAAMMA,3,MAAMMA,8700,104400,0.03627797216176987,0.08473558475573857,0.09077904533062663,0.9996736292428199,0.9960835509138382,0.9937353171495693,0.9973890339425587,0.0003,1.0,1974.7985546588898
depth3_bal_MAAMMA,3,MAAMMA,8725,104700,0.032384435180574656,0.08265818407138188,0.08572999888232775,0.9990208877284595,0.9973890339425587,0.9940709251594138,0.9973890339425587,0.0003,1.0,1981.2145833969116
depth3_bal_MAAMMA,3,MAAMMA,8750,105000,0.08118633180856705,0.13545017937819162,0.13953831025532315,0.9996736292428199,0.9947780678851175,0.9918335384271171,0.9973890339425587,0.0003,1.0,1987.716552734375
depth3_bal_MAAMMA,3,MAAMMA,8775,105300,0.03654694246749083,0.09210570404926936,0.09284395543592316,1.0,0.9960835509138382,0.9955252265354066,0.9973890339425587,0.0003,1.0,1994.3791184425354
depth3_bal_MAAMMA,3,MAAMMA,8800,105600,0.09414579719305038,0.14463349183400473,0.14460447153874806,0.9934725848563969,0.9843342036553525,0.9812059514487079,0.9973890339425587,0.0003,1.0,2000.9238650798798
depth3_bal_MAAMMA,3,MAAMMA,8825,105900,0.03379429473231236,0.08108305931091309,0.08395015086446489,1.0,0.9960835509138382,0.9958608345452511,0.9973890339425587,0.0003,1.0,2007.0677375793457
depth3_bal_MAAMMA,3,MAAMMA,8850,106200,1.1920527617136638,0.9900087118148804,1.009494309765952,0.6034595300261096,0.639686684073107,0.6147220046985121,0.9973890339425587,0.0003,1.0,2013.6076612472534
depth3_bal_MAAMMA,3,MAAMMA,8875,106500,0.04474676835040251,0.09001332024733226,0.08874530366488866,0.9990208877284595,0.9960835509138382,0.9945184025058731,0.9973890339425587,0.0003,1.0,2020.1829113960266
depth3_bal_MAAMMA,3,MAAMMA,8900,106800,0.05403326606998841,0.09311522046724956,0.09888792037963867,0.9957571801566579,0.9973890339425587,0.9930641011298803,0.9973890339425587,0.0003,1.0,2026.2249228954315
depth3_bal_MAAMMA,3,MAAMMA,8925,107100,0.04363731729487578,0.08763870845238368,0.09198512573327337,0.9996736292428199,0.9960835509138382,0.9951896185255621,0.9973890339425587,0.0003,1.0,2032.413732767105
depth3_bal_MAAMMA,3,MAAMMA,8950,107400,0.28181232511997223,0.3950810233751933,0.3596772423812321,0.929177545691906,0.8720626631853786,0.8937241302159078,0.9973890339425587,0.0003,1.0,2036.2638900279999
depth3_bal_MAAMMA,3,MAAMMA,8975,107700,0.04398963165779909,0.11250130087137222,0.10826528370380402,0.9970626631853786,0.9869451697127938,0.9903792370511243,0.9973890339425587,0.0003,1.0,2042.8727395534515
depth3_bal_MAAMMA,3,MAAMMA,9000,108000,0.034306307323277,0.07363502308726311,0.07793905532785825,1.0,0.9960835509138382,0.9945184025058731,0.9973890339425587,0.0003,1.0,2049.3758823871613
depth3_bal_MAAMMA,3,MAAMMA,9025,108300,0.03232310091455778,0.07394066949685414,0.07642372431499618,1.0,0.9973890339425587,0.9958608345452511,0.9973890339425587,0.0003,1.0,2054.495805978775
depth3_bal_MAAMMA,3,MAAMMA,9050,108600,0.040824163084228836,0.07589853182435036,0.08226238531725748,0.9980417754569191,0.9973890339425587,0.9925047544468061,0.9973890339425587,0.0003,1.0,2059.621859073639
depth3_bal_MAAMMA,3,MAAMMA,9075,108900,0.06928134306023519,0.12621189405520758,0.12479483463934489,0.9977154046997389,0.9908616187989556,0.9866875489428347,0.9973890339425587,0.0003,1.0,2066.0238225460052
depth3_bal_MAAMMA,3,MAAMMA,9100,109200,0.3024345909555753,0.36916282773017883,0.3616708483014788,0.9089425587467362,0.8746736292428199,0.881530372524891,0.9973890339425587,0.0003,1.0,2072.0266625881195
depth3_bal_MAAMMA,3,MAAMMA,9125,109500,0.03609632203976313,0.08310674006740253,0.08400768488645553,1.0,0.9960835509138382,0.9958608345452511,0.9973890339425587,0.0003,1.0,2077.4022822380066
depth3_bal_MAAMMA,3,MAAMMA,9150,109800,0.08684980155279239,0.19543179869651794,0.2077665273632322,0.9866187989556136,0.9686684073107049,0.96297124958049,0.9973890339425587,0.0003,1.0,2084.0940520763397
depth3_bal_MAAMMA,3,MAAMMA,9175,110100,0.04473350724826256,0.08742665996154149,0.08811050259641239,0.9996736292428199,0.9960835509138382,0.9935115784763396,0.9973890339425587,0.0003,1.0,2090.364976644516
depth3_bal_MAAMMA,3,MAAMMA,9200,110400,0.03643273748457432,0.08192276954650879,0.08095200551407677,0.9993472584856397,0.9973890339425587,0.9938471864861841,0.9973890339425587,0.0003,1.0,2094.9787452220917
depth3_bal_MAAMMA,3,MAAMMA,9225,110700,0.12062775592009227,0.16532528400421143,0.16769279071262905,0.9986945169712794,0.9947780678851175,0.9923928851101913,0.9973890339425587,0.0003,1.0,2099.9558806419373
depth3_bal_MAAMMA,3,MAAMMA,9250,111000,0.03633383040626844,0.08504212647676468,0.08538948414581163,1.0,0.9973890339425587,0.995972703881866,0.9973890339425587,0.0003,1.0,2106.7305245399475
depth3_bal_MAAMMA,3,MAAMMA,9275,111300,0.5318354964256287,0.5603226621945699,0.5806671031883784,0.8015665796344648,0.7911227154046997,0.7835328336502965,0.9973890339425587,0.0003,1.0,2113.473288297653
depth3_bal_MAAMMA,3,MAAMMA,9300,111600,0.037961045280098915,0.08336603020628293,0.0853345312178135,0.9986945169712794,0.9960835509138382,0.9937353171495693,0.9973890339425587,0.0003,1.0,2120.1133558750153
depth3_bal_MAAMMA,3,MAAMMA,9325,111900,0.033882568745563425,0.07912027463316917,0.08068175890616008,0.9996736292428199,0.9973890339425587,0.9948540105157176,0.9973890339425587,0.0003,1.0,2126.240300655365
depth3_bal_MAAMMA,3,MAAMMA,9350,112200,0.09230808230737846,0.13366294403870901,0.14380177812916892,0.9983681462140992,0.9960835509138382,0.9941827944960286,0.9973890339425587,0.0003,1.0,2132.807492494583
depth3_bal_MAAMMA,3,MAAMMA,9375,112500,0.03758141243209442,0.08547522003451984,0.0904615748141493,0.9996736292428199,0.9960835509138382,0.9950777491889473,0.9973890339425587,0.0003,1.0,2139.4534392356873
depth3_bal_MAAMMA,3,MAAMMA,9400,112800,0.170297143359979,0.21073761582374573,0.2178169229200908,0.9810704960835509,0.9738903394255874,0.9646492896297125,0.9973890339425587,0.0003,1.0,2142.537342071533
depth3_bal_MAAMMA,3,MAAMMA,9425,113100,0.03369986219331622,0.0803148237367471,0.0804422319999763,1.0,0.9960835509138382,0.9954133571987918,0.9973890339425587,0.0003,1.0,2145.912304878235
depth3_bal_MAAMMA,3,MAAMMA,9450,113400,0.043899522783855595,0.08970312525828679,0.09256801275270325,1.0,0.9960835509138382,0.9950777491889473,0.9973890339425587,0.0003,1.0,2152.6586484909058
depth3_bal_MAAMMA,3,MAAMMA,9475,113700,0.04799906350672245,0.2723587354024251,0.24452772225652422,0.9977154046997389,0.9242819843342036,0.9315359659917216,0.9973890339425587,0.0003,1.0,2156.866663455963
depth3_bal_MAAMMA,3,MAAMMA,9500,114000,0.04038430408885082,0.08179427683353424,0.08299805564539774,1.0,0.9960835509138382,0.9950777491889473,0.9973890339425587,0.0003,1.0,2161.7243304252625
depth3_bal_MAAMMA,3,MAAMMA,9525,114300,0.08242615560690562,0.13367318361997604,0.16773242269243513,0.9879242819843342,0.9869451697127938,0.9728157512025953,0.9973890339425587,0.0003,1.0,2168.4677736759186
depth3_bal_MAAMMA,3,MAAMMA,9550,114600,0.19072233512997627,0.2417356272538503,0.24619263069970268,0.9977154046997389,0.9908616187989556,0.9853451169034567,0.9973890339425587,0.0003,1.0,2175.0365624427795
depth3_bal_MAAMMA,3,MAAMMA,9575,114900,0.04075368742148081,0.08093919108311336,0.08650674117462975,1.0,0.9960835509138382,0.9950777491889473,0.9973890339425587,0.0003,1.0,2179.556406736374
depth3_bal_MAAMMA,3,MAAMMA,9600,115200,0.15775384505589804,0.18479559322198233,0.19962659733636037,0.9902088772845953,0.9856396866840731,0.9812059514487079,0.9973890339425587,0.0003,1.0,2182.0390582084656
depth3_bal_MAAMMA,3,MAAMMA,9625,115500,0.04067508534838756,0.0873684473335743,0.08659627128924642,1.0,0.9960835509138382,0.9945184025058731,0.9973890339425587,0.0003,1.0,2185.7110619544983
depth3_bal_MAAMMA,3,MAAMMA,9650,115800,0.7290989905595779,0.7305925687154134,0.7344742536544799,0.7845953002610966,0.8198433420365535,0.8079203490323302,0.9973890339425587,0.0003,1.0,2189.9010944366455
depth3_bal_MAAMMA,3,MAAMMA,9675,116100,0.05139610357582569,0.09511522203683853,0.09995057604142597,0.9993472584856397,0.9960835509138382,0.9942946638326434,0.9973890339425587,0.0003,1.0,2195.33083152771
depth3_bal_MAAMMA,3,MAAMMA,9700,116400,0.03792418912053108,0.07989839340249698,0.08390122822352818,1.0,0.9973890339425587,0.993959055822799,0.9973890339425587,0.0003,1.0,2202.1225140094757
depth3_bal_MAAMMA,3,MAAMMA,9725,116700,0.5083443398276964,0.5825196504592896,0.5482906903539385,0.8169060052219321,0.7780678851174935,0.8056829623000336,0.9973890339425587,0.0003,1.0,2205.3201739788055
depth3_bal_MAAMMA,3,MAAMMA,9750,117000,0.03401164167250196,0.07622951020797093,0.07774036367024695,0.9993472584856397,0.9947780678851175,0.9944065331692583,0.9973890339425587,0.0003,1.0,2208.215334892273
depth3_bal_MAAMMA,3,MAAMMA,9775,117300,0.028849173647662003,0.06898175925016403,0.06926316640206746,1.0,0.9973890339425587,0.995972703881866,0.9973890339425587,0.0003,1.0,2213.9352650642395
depth3_bal_MAAMMA,3,MAAMMA,9800,117600,0.12195516315599282,0.16570961972077689,0.1721321761608124,0.9986945169712794,0.9947780678851175,0.9904911063877391,0.9973890339425587,0.0003,1.0,2220.3571848869324
depth3_bal_MAAMMA,3,MAAMMA,9825,117900,0.04010384622961283,0.08444730937480927,0.08844376642789159,1.0,0.9934725848563969,0.994630271842488,0.9973890339425587,0.0003,1.0,2227.1604373455048
depth3_bal_MAAMMA,3,MAAMMA,9850,118200,0.1035527524848779,0.12268454333146413,0.13498635653938565,0.9951044386422977,0.9934725848563969,0.9901554983778946,0.9973890339425587,0.0003,1.0,2232.834573984146
depth3_bal_MAAMMA,3,MAAMMA,9875,118500,0.03538319282233715,0.07050786912441254,0.07516818280730929,1.0,0.9960835509138382,0.9945184025058731,0.9973890339425587,0.0003,1.0,2237.7522327899933
depth3_bal_MAAMMA,3,MAAMMA,9900,118800,0.3334118773539861,0.33643244703610736,0.36269716364996774,0.8838120104438643,0.8890339425587467,0.8852220606331804,0.9973890339425587,0.0003,1.0,2242.715310573578
depth3_bal_MAAMMA,3,MAAMMA,9925,119100,0.03414939468105634,0.06904492899775505,0.07164276774440492,0.9990208877284595,0.9960835509138382,0.9955252265354066,0.9973890339425587,0.0003,1.0,2247.194880247116
depth3_bal_MAAMMA,3,MAAMMA,9950,119400,0.03733679434905449,0.07317736372351646,0.07619815990328789,0.9983681462140992,0.9960835509138382,0.9949658798523324,0.9973890339425587,0.0003,1.0,2250.857104539871
depth3_bal_MAAMMA,3,MAAMMA,9975,119700,0.03087802914281686,0.0668426863849163,0.06998283884355,1.0,0.9960835509138382,0.9947421411791028,0.9973890339425587,0.0003,1.0,2254.507831811905
depth3_bal_MAAMMA,3,MAAMMA,10000,120000,0.6027687937021255,0.6378173430760702,0.6508117454392569,0.9079634464751958,0.8877284595300261,0.860610806577917,0.9973890339425587,0.0003,1.0,2257.7462990283966
depth3_bal_MAAMMA,3,MAAMMA,10025,120300,0.04833253379911184,0.1231474553545316,0.10735779383352824,0.9996736292428199,0.9921671018276762,0.9933997091397248,0.9973890339425587,0.0003,1.0,2264.069055080414
depth3_bal_MAAMMA,3,MAAMMA,10050,120600,0.036444371876617275,0.1095091054836909,0.09234645717910357,0.9996736292428199,0.9934725848563969,0.9938471864861841,0.9973890339425587,0.0003,1.0,2270.2524106502533
depth3_bal_MAAMMA,3,MAAMMA,10075,120900,0.03875257012744745,0.08426436161001523,0.08575977225388799,0.9993472584856397,0.9947780678851175,0.9936234478129544,0.9973890339425587,0.0003,1.0,2276.6209239959717
depth3_bal_MAAMMA,3,MAAMMA,10100,121200,0.31068157497793436,0.9954452713330587,0.9510817238262721,0.9389686684073107,0.5887728459530026,0.602080769661036,0.9973890339425587,0.0003,1.0,2280.3819036483765
depth3_bal_MAAMMA,3,MAAMMA,10125,121500,0.04230042453855276,0.08736906945705414,0.08874253396477018,0.9996736292428199,0.9934725848563969,0.994630271842488,0.9973890339425587,0.0003,1.0,2286.73246884346
depth3_bal_MAAMMA,3,MAAMMA,10150,121800,0.03229249299814304,0.07377331331372261,0.07791372750486647,0.9996736292428199,0.9947780678851175,0.9941827944960286,0.9973890339425587,0.0003,1.0,2292.725693464279
depth3_bal_MAAMMA,3,MAAMMA,10175,122100,1.1206644475460052,1.0382733345031738,1.0625440767833165,0.5545039164490861,0.5887728459530026,0.5927956147220047,0.9973890339425587,0.0003,1.0,2299.2259039878845
depth3_bal_MAAMMA,3,MAAMMA,10200,122400,0.04553197852025429,0.08792288353045781,0.09267436170152256,1.0,0.9947780678851175,0.9940709251594138,0.9973890339425587,0.0003,1.0,2301.857127428055
depth3_bal_MAAMMA,3,MAAMMA,10225,122700,0.26580921312173206,0.3190687596797943,0.3518894442490169,0.9347258485639687,0.9190600522193212,0.9069247119364582,0.9973890339425587,0.0003,1.0,2304.426365852356
depth3_bal_MAAMMA,3,MAAMMA,10250,123000,0.03294926633437475,0.07229534536600113,0.07377804230366435,0.9996736292428199,0.9960835509138382,0.995301487862177,0.9973890339425587,0.0003,1.0,2306.973529815674
depth3_bal_MAAMMA,3,MAAMMA,10275,123300,0.04003089604278406,0.07810185477137566,0.08287163515176092,0.9996736292428199,0.9960835509138382,0.9937353171495693,0.9973890339425587,0.0003,1.0,2309.707895040512
depth3_bal_MAAMMA,3,MAAMMA,10300,123600,0.6202727680404981,0.6534910599390665,0.6696085316794259,0.7712140992167101,0.7506527415143603,0.7684304732072939,0.9973890339425587,0.0003,1.0,2315.968161582947
depth3_bal_MAAMMA,3,MAAMMA,10325,123900,0.03664202739795049,0.07903522625565529,0.08112665989569255,0.9996736292428199,0.9960835509138382,0.9956370958720214,0.9973890339425587,0.0003,1.0,2322.4680857658386
depth3_bal_MAAMMA,3,MAAMMA,10350,124200,0.4466247657934825,0.41084715723991394,0.4287643194198608,0.8792428198433421,0.8981723237597912,0.8890256180780848,0.9973890339425587,0.0003,1.0,2328.732684135437
depth3_bal_MAAMMA,3,MAAMMA,10375,124500,0.038780225440859795,0.0816969263056914,0.084470860766513,0.9993472584856397,0.9947780678851175,0.9930641011298803,0.9973890339425587,0.0003,1.0,2334.8066453933716
depth3_bal_MAAMMA,3,MAAMMA,10400,124800,0.03405577720453342,0.08269158254067104,0.08362362289002963,1.0,0.9934725848563969,0.9944065331692583,0.9973890339425587,0.0003,1.0,2341.2703778743744
depth3_bal_MAAMMA,3,MAAMMA,10425,125100,0.04023006372153759,0.08130050947268803,0.0820825522499425,0.9996736292428199,0.9934725848563969,0.9929522317932654,0.9973890339425587,0.0003,1.0,2347.745012998581
depth3_bal_MAAMMA,3,MAAMMA,10450,125400,0.3687431210031112,1.370250940322876,1.2551149794033596,0.8808746736292428,0.5783289817232375,0.5914531826826267,0.9973890339425587,0.0003,1.0,2352.1569595336914
depth3_bal_MAAMMA,3,MAAMMA,10475,125700,0.03614316415041685,0.07762208829323451,0.07728940003684588,0.9993472584856397,0.9960835509138382,0.9947421411791028,0.9973890339425587,0.0003,1.0,2356.721339225769
depth3_bal_MAAMMA,3,MAAMMA,10500,126000,0.03571547754108906,0.07331690068046252,0.0723063941512789,1.0,0.9960835509138382,0.9954133571987918,0.9973890339425587,0.0003,1.0,2361.8145229816437
depth3_bal_MAAMMA,3,MAAMMA,10525,126300,0.5982890501618385,0.5616607467333475,0.5907969117164612,0.8067885117493473,0.8276762402088773,0.8178767199910505,0.9973890339425587,0.0003,1.0,2367.4149889945984
depth3_bal_MAAMMA,3,MAAMMA,10550,126600,0.0397407952696085,0.07985095928112666,0.08026747032999992,1.0,0.9960835509138382,0.9938471864861841,0.9973890339425587,0.0003,1.0,2373.460393667221
depth3_bal_MAAMMA,3,MAAMMA,10575,126900,0.033644577488303185,0.07156659414370854,0.07325498663953373,1.0,0.9973890339425587,0.9942946638326434,0.9973890339425587,0.0003,1.0,2379.3311467170715
depth3_bal_MAAMMA,3,MAAMMA,10600,127200,0.0539591625953714,0.08831292142470677,0.09010023762072836,0.9977154046997389,0.9973890339425587,0.9944065331692583,0.9973890339425587,0.0003,1.0,2386.363498687744
depth3_bal_MAAMMA,3,MAAMMA,10625,127500,0.0408483911305666,0.08842512841025989,0.0960548317858151,0.9977154046997389,0.9921671018276762,0.9880299809822127,0.9973890339425587,0.0003,1.0,2393.431406736374
depth3_bal_MAAMMA,3,MAAMMA,10650,127800,0.0286076368453602,0.0675763450562954,0.06965732340301786,1.0,0.9973890339425587,0.9944065331692583,0.9973890339425587,0.0003,1.0,2399.718882083893
depth3_bal_MAAMMA,3,MAAMMA,10675,128100,0.0492161363363266,0.09450541188319524,0.0976578641150679,0.9986945169712794,0.9934725848563969,0.99328783980311,0.9973890339425587,0.0003,1.0,2406.2792494297028
depth3_bal_MAAMMA,3,MAAMMA,10700,128400,0.10964533189932506,0.15523208677768707,0.16063554286956788,0.9993472584856397,0.9934725848563969,0.991274191744043,0.9973890339425587,0.0003,1.0,2414.241196155548
depth3_bal_MAAMMA,3,MAAMMA,10725,128700,0.04087379047026237,0.08794293055931728,0.09023334692631449,0.9996736292428199,0.9947780678851175,0.9935115784763396,0.9973890339425587,0.0003,1.0,2424.7290971279144
depth3_bal_MAAMMA,3,MAAMMA,10750,129000,0.3521752282977104,0.5332253575325012,0.5927621006965638,0.8883812010443864,0.8302872062663186,0.8055710929634188,0.9973890339425587,0.0003,1.0,2431.509181499481
depth3_bal_MAAMMA,3,MAAMMA,10775,129300,0.03287364852925142,0.07908006260792415,0.08035372016685349,1.0,0.9973890339425587,0.9935115784763396,0.9973890339425587,0.0003,1.0,2437.3135986328125
depth3_bal_MAAMMA,3,MAAMMA,10800,129600,0.029127218450109165,0.07311693206429482,0.07417204465184893,1.0,0.9960835509138382,0.9938471864861841,0.9973890339425587,0.0003,1.0,2444.723354101181
depth3_bal_MAAMMA,3,MAAMMA,10825,129900,0.09927402622997761,0.14128971099853516,0.14849225538117544,0.9993472584856397,0.9947780678851175,0.9907148450609687,0.9973890339425587,0.0003,1.0,2453.661206483841
depth3_bal_MAAMMA,3,MAAMMA,10850,130200,0.03829412007083496,0.07642858972152074,0.08263917650495256,1.0,0.9947780678851175,0.9928403624566506,0.9973890339425587,0.0003,1.0,2460.4421265125275
depth3_bal_MAAMMA,3,MAAMMA,10875,130500,0.031041580873231094,0.07199878866473834,0.0760438468839441,1.0,0.9947780678851175,0.9940709251594138,0.9973890339425587,0.0003,1.0,2465.884176492691
depth3_bal_MAAMMA,3,MAAMMA,10900,130800,0.2178202842672666,0.31242577234903973,0.35894794123513357,0.9402741514360313,0.8955613577023499,0.8864526233359437,0.9973890339425587,0.0003,1.0,2475.225526332855
depth3_bal_MAAMMA,3,MAAMMA,10925,131100,0.03699279110878706,0.08054935683806737,0.08332703869257654,1.0,0.9934725848563969,0.9923928851101913,0.9973890339425587,0.0003,1.0,2487.7960810661316
depth3_bal_MAAMMA,3,MAAMMA,10950,131400,0.031422255715976156,0.07434422026077907,0.07658959488783564,1.0,0.9947780678851175,0.9933997091397248,0.9973890339425587,0.0003,1.0,2496.8271474838257
depth3_bal_MAAMMA,3,MAAMMA,10975,131700,0.0268655347948273,0.06992106884717941,0.0728007377258369,1.0,0.9947780678851175,0.9941827944960286,0.9973890339425587,0.0003,1.0,2506.3489558696747
depth3_bal_MAAMMA,3,MAAMMA,11000,132000,0.06468881449351709,0.09410029153029124,0.10063032635620663,0.9990208877284595,0.9960835509138382,0.9930641011298803,0.9973890339425587,0.0003,1.0,2517.2012889385223
depth3_bal_MAAMMA,3,MAAMMA,11025,132300,0.03749844804406166,0.0787998562057813,0.08487647250294686,0.9990208877284595,0.9973890339425587,0.991274191744043,0.9973890339425587,0.0003,1.0,2528.6072022914886
depth3_bal_MAAMMA,3,MAAMMA,11050,132600,0.04696488628784815,0.08444020400444667,0.08879476253475461,0.9986945169712794,0.9947780678851175,0.9938471864861841,0.9973890339425587,0.0003,1.0,2534.5483152866364
depth3_bal_MAAMMA,3,MAAMMA,11075,132900,0.03164002330352863,0.0764044721921285,0.07616816610097885,1.0,0.9947780678851175,0.994630271842488,0.9973890339425587,0.0003,1.0,2544.40731549263
depth3_bal_MAAMMA,3,MAAMMA,11100,133200,0.11982637705902259,0.17903764049212137,0.18642278569085258,0.9983681462140992,0.9843342036553525,0.9809822127754783,0.9973890339425587,0.0003,1.0,2552.344185113907
depth3_bal_MAAMMA,3,MAAMMA,11125,133500,0.03962937338898579,0.08402820924917857,0.08614241725632123,1.0,0.9947780678851175,0.9941827944960286,0.9973890339425587,0.0003,1.0,2557.1170358657837
depth3_bal_MAAMMA,3,MAAMMA,11150,133800,0.18160431956251463,0.18983530501524606,0.2252690200294767,0.9497389033942559,0.9634464751958225,0.9514487079091621,0.9973890339425587,0.0003,1.0,2563.3867378234863
depth3_bal_MAAMMA,3,MAAMMA,11175,134100,0.03518565557897091,0.08550269529223442,0.08555350410086768,1.0,0.9960835509138382,0.994630271842488,0.9973890339425587,0.0003,1.0,2570.34570980072
depth3_bal_MAAMMA,3,MAAMMA,11200,134400,0.056004876270890236,0.10028556485970815,0.10350298998611314,0.9996736292428199,0.9960835509138382,0.9928403624566506,0.9973890339425587,0.0003,1.0,2577.28657078743
depth3_bal_MAAMMA,3,MAAMMA,11225,134700,0.03412759335090717,0.08551559845606486,0.08638783012117658,0.9993472584856397,0.9934725848563969,0.9929522317932654,0.9973890339425587,0.0003,1.0,2584.3290407657623
depth3_bal_MAAMMA,3,MAAMMA,11250,135000,0.34027757743994397,0.3498918314774831,0.36656770706176756,0.9226501305483029,0.943864229765013,0.9298579259424992,0.9973890339425587,0.0003,1.0,2591.459328889847
depth3_bal_MAAMMA,3,MAAMMA,11275,135300,0.03528387596209844,0.07951178898413976,0.08234994475330626,0.9983681462140992,0.9960835509138382,0.9931759704664951,0.9973890339425587,0.0003,1.0,2597.204199075699
depth3_bal_MAAMMA,3,MAAMMA,11300,135600,0.6262927005688349,0.5673390030860901,0.5835477675710405,0.789490861618799,0.8420365535248042,0.829623000335608,0.9973890339425587,0.0003,1.0,2604.480157852173
depth3_bal_MAAMMA,3,MAAMMA,11325,135900,0.03623661616196235,0.08238661537567775,0.08282408884593419,1.0,0.9973890339425587,0.9944065331692583,0.9973890339425587,0.0003,1.0,2610.090718984604
depth3_bal_MAAMMA,3,MAAMMA,11350,136200,0.13389964091281095,0.16656439006328583,0.1864504243646349,0.9879242819843342,0.9856396866840731,0.9765074393108849,0.9973890339425587,0.0003,1.0,2618.397708415985
depth3_bal_MAAMMA,3,MAAMMA,11375,136500,0.03431042873611053,0.07279339929421742,0.0778244575219495,0.9996736292428199,0.9960835509138382,0.99328783980311,0.9973890339425587,0.0003,1.0,2625.035678625107
depth3_bal_MAAMMA,3,MAAMMA,11400,136800,0.028042573637018602,0.07114343096812566,0.07741352958338601,0.9996736292428199,0.9960835509138382,0.9929522317932654,0.9973890339425587,0.0003,1.0,2632.395579814911
depth3_bal_MAAMMA,3,MAAMMA,11425,137100,0.055675325294335685,0.10226829846700032,0.10948418847152165,0.9986945169712794,0.9934725848563969,0.991945407763732,0.9973890339425587,0.0003,1.0,2638.99241065979
depth3_bal_MAAMMA,3,MAAMMA,11450,137400,0.5660556877652804,0.5423153837521871,0.5159261303288596,0.7748041775456919,0.7989556135770235,0.8168698959615169,0.9973890339425587,0.0003,1.0,2644.555778980255
depth3_bal_MAAMMA,3,MAAMMA,11475,137700,0.10587458436687787,0.16373376548290253,0.16664867209536688,0.9836814621409922,0.9778067885117493,0.9735988365588992,0.9973890339425587,0.0003,1.0,2650.4107298851013
depth3_bal_MAAMMA,3,MAAMMA,11500,138000,0.029192995745688677,0.08084394534428914,0.08536470936877387,1.0,0.9973890339425587,0.9940709251594138,0.9973890339425587,0.0003,1.0,2656.500089406967
depth3_bal_MAAMMA,3,MAAMMA,11525,138300,0.05641877930611372,0.09908942381540935,0.10125413089990616,0.9996736292428199,0.9960835509138382,0.9929522317932654,0.9973890339425587,0.0003,1.0,2664.576414823532
depth3_bal_MAAMMA,3,MAAMMA,11550,138600,0.03146258213867744,0.07500248774886131,0.07911841911928995,0.9996736292428199,0.9960835509138382,0.9938471864861841,0.9973890339425587,0.0003,1.0,2670.5728375911713
depth3_bal_MAAMMA,3,MAAMMA,11575,138900,0.1711632361014684,0.21980883181095123,0.22738014587334224,0.9738903394255874,0.9660574412532638,0.9610694708580378,0.9973890339425587,0.0003,1.0,2676.986051082611
depth3_bal_MAAMMA,3,MAAMMA,11600,139200,0.09130276118715604,0.13698341449101767,0.14495940847056252,0.9986945169712794,0.9947780678851175,0.9928403624566506,0.9973890339425587,0.0003,1.0,2682.6419529914856
depth3_bal_MAAMMA,3,MAAMMA,11625,139500,0.05007380216072003,0.11018566538890202,0.12147633050169264,0.9973890339425587,0.9921671018276762,0.9875825036357534,0.9973890339425587,0.0003,1.0,2687.465080976486
depth3_bal_MAAMMA,3,MAAMMA,11650,139800,0.4150123670697212,0.39145129919052124,0.4070992606026786,0.9033942558746736,0.9281984334203656,0.9127419174404295,0.9973890339425587,0.0003,1.0,2693.306573867798
depth3_bal_MAAMMA,3,MAAMMA,11675,140100,0.03463425890853008,0.08634330828984578,0.09028779725943292,1.0,0.9973890339425587,0.9941827944960286,0.9973890339425587,0.0003,1.0,2700.3940646648407
depth3_bal_MAAMMA,3,MAAMMA,11700,140400,0.02846177186196049,0.07555846000711124,0.08071873007076127,1.0,0.9947780678851175,0.9942946638326434,0.9973890339425587,0.0003,1.0,2706.804250717163
depth3_bal_MAAMMA,3,MAAMMA,11725,140700,0.04301521647721529,0.09459145118792851,0.0951404398041112,1.0,0.9960835509138382,0.9927284931200357,0.9973890339425587,0.0003,1.0,2713.1024503707886
depth3_bal_MAAMMA,3,MAAMMA,11750,141000,0.030095977398256462,0.08258164549867313,0.08851321084158761,0.9996736292428199,0.9960835509138382,0.9944065331692583,0.9973890339425587,0.0003,1.0,2718.5258116722107
depth3_bal_MAAMMA,3,MAAMMA,11775,141300,0.28163467223445576,0.3902566035588582,0.4119589626789093,0.9712793733681462,0.943864229765013,0.9433941156728941,0.9973890339425587,0.0003,1.0,2724.8921072483063
depth3_bal_MAAMMA,3,MAAMMA,11800,141600,0.11900029952327411,0.30834763248761493,0.31956637927464077,0.9856396866840731,0.9621409921671018,0.9605101241749636,0.9973890339425587,0.0003,1.0,2731.7125074863434
depth3_bal_MAAMMA,3,MAAMMA,11825,141900,0.26841504250963527,0.38793139656384784,0.4204893674169268,0.9406005221932114,0.9308093994778068,0.9068128425998434,0.9973890339425587,0.0003,1.0,2737.7185819149017
depth3_bal_MAAMMA,3,MAAMMA,11850,142200,0.05279457041372856,0.20084263756871223,0.21753828025289945,0.9941253263707572,0.9921671018276762,0.9869112876160644,0.9973890339425587,0.0003,1.0,2743.937274456024
depth3_bal_MAAMMA,3,MAAMMA,11875,142500,0.08413623770078023,0.22357389082511267,0.24025561149631228,0.9885770234986945,0.9882506527415144,0.9780736100234926,0.9973890339425587,0.0003,1.0,2750.0904638767242
depth3_bal_MAAMMA,3,MAAMMA,11900,142800,0.07654732962449391,0.2077637861172358,0.22118547963244575,0.9954308093994778,0.9869451697127938,0.9822127754782414,0.9973890339425587,0.0003,1.0,2755.2756822109222
depth3_bal_MAAMMA,3,MAAMMA,11925,143100,0.130688505868117,0.23616576691468558,0.24429514280387332,0.9967362924281984,0.9856396866840731,0.9799753887459447,0.9973890339425587,0.0003,1.0,2759.9544224739075
depth3_bal_MAAMMA,3,MAAMMA,11950,143400,0.046881370867292084,0.196590735266606,0.2012833473937852,0.9973890339425587,0.9921671018276762,0.9882537196554424,0.9973890339425587,0.0003,1.0,2765.6815757751465
depth3_bal_MAAMMA,3,MAAMMA,11975,143700,0.04396740688631932,0.20169156417250633,0.21034628940480096,0.9964099216710183,0.9921671018276762,0.9870231569526793,0.9973890339425587,0.0003,1.0,2770.4477779865265
depth3_bal_MAAMMA,3,MAAMMA,12000,144000,0.054950050388773285,0.20547939340273538,0.2138300746679306,0.9964099216710183,0.9921671018276762,0.9856807249133013,0.9973890339425587,0.0003,1.0,2776.416156768799
depth3_bal_MAAMMA,3,MAAMMA,12025,144300,0.06031167538215717,0.20457956194877625,0.21775167925017222,0.9967362924281984,0.9895561357702349,0.9834433381810046,0.9973890339425587,0.0003,1.0,2784.6524662971497
depth3_bal_MAAMMA,3,MAAMMA,12050,144600,0.04259644324580828,0.22080169121424356,0.232662092681442,0.9980417754569191,0.9856396866840731,0.9801991274191744,0.9973890339425587,0.0003,1.0,2790.6738200187683
depth3_bal_MAAMMA,3,MAAMMA,12075,144900,0.04755619013061126,0.19871132324139276,0.2218041432755334,0.9970626631853786,0.9882506527415144,0.9795279113994854,0.9973890339425587,0.0003,1.0,2796.2479333877563
depth3_bal_MAAMMA,3,MAAMMA,12100,145200,0.03663140907883644,0.19482882817586264,0.2075259975024632,0.9986945169712794,0.9934725848563969,0.9862400715963754,0.9973890339425587,0.0003,1.0,2803.225464820862
depth3_bal_MAAMMA,3,MAAMMA,12125,145500,0.05628462756673495,0.18991872171560922,0.20483507301126208,0.9980417754569191,0.9934725848563969,0.9859044635865309,0.9973890339425587,0.0003,1.0,2809.81551194191
depth3_bal_MAAMMA,3,MAAMMA,12150,145800,0.052485547649363674,0.1898254081606865,0.21436677979571478,0.9977154046997389,0.9947780678851175,0.9852332475668419,0.9973890339425587,0.0003,1.0,2815.045354604721
depth3_bal_MAAMMA,3,MAAMMA,12175,146100,0.06053230073302984,0.1918074314792951,0.21772166724715913,0.9964099216710183,0.9921671018276762,0.9852332475668419,0.9973890339425587,0.0003,1.0,2819.671929836273
depth3_bal_MAAMMA,3,MAAMMA,12200,146400,0.1404076311737299,0.25360802312692005,0.2703572703259332,0.9807441253263708,0.9856396866840731,0.9682291084013872,0.9973890339425587,0.0003,1.0,2825.547787666321
depth3_bal_MAAMMA,3,MAAMMA,12225,146700,0.03318880405277014,0.18752667804559073,0.20078683005911963,0.9993472584856397,0.9947780678851175,0.989931759704665,0.9973890339425587,0.0003,1.0,2831.4701302051544
depth3_bal_MAAMMA,3,MAAMMA,12250,147000,0.06130234679828087,0.18110244224468866,0.19404324271849224,0.9980417754569191,0.9934725848563969,0.9891486743483611,0.9973890339425587,0.0003,1.0,2836.594813346863
depth3_bal_MAAMMA,3,MAAMMA,12275,147300,0.04378863517194986,0.18384824320673943,0.19377179433192526,0.9960835509138382,0.9934725848563969,0.989260543684976,0.9973890339425587,0.0003,1.0,2841.450026988983
depth3_bal_MAAMMA,3,MAAMMA,12300,147600,0.05325865186750889,0.22393706565101942,0.24410520919731685,0.9905352480417755,0.9895561357702349,0.9779617406868777,0.9973890339425587,0.0003,1.0,2847.786848783493
depth3_bal_MAAMMA,3,MAAMMA,12325,147900,0.04807461394617955,0.20084964111447334,0.2171496027282306,0.9977154046997389,0.9895561357702349,0.9819890368050117,0.9973890339425587,0.0003,1.0,2854.061179161072
depth3_bal_MAAMMA,3,MAAMMA,12350,148200,0.03896170326819023,0.17355275650819144,0.1859056572828974,0.9986945169712794,0.9934725848563969,0.989931759704665,0.9973890339425587,0.0003,1.0,2860.439931869507
depth3_bal_MAAMMA,3,MAAMMA,12375,148500,0.05236544677366813,0.21122094988822937,0.2277075326868466,0.993798955613577,0.9908616187989556,0.9845620315471529,0.9973890339425587,0.0003,1.0,2866.6473500728607
depth3_bal_MAAMMA,3,MAAMMA,12400,148800,0.045669520273804665,0.17570005108912787,0.1830649203487805,0.9986945169712794,0.9908616187989556,0.9909385837341984,0.9973890339425587,0.0003,1.0,2872.550116300583
depth3_bal_MAAMMA,3,MAAMMA,12425,149100,0.0842910719414552,0.21137696504592896,0.257703141442367,0.9947780678851175,0.9895561357702349,0.9772905246671887,0.9973890339425587,0.0003,1.0,2878.590162038803
depth3_bal_MAAMMA,3,MAAMMA,12450,149400,0.03484906846036514,0.13649513820807138,0.14466340563126973,0.9993472584856397,0.9947780678851175,0.9923928851101913,0.9973890339425587,0.0003,1.0,2884.914526462555
depth3_bal_MAAMMA,3,MAAMMA,12475,149700,0.059097533424695335,0.13437403986851373,0.1424556742821421,0.9996736292428199,0.9947780678851175,0.9923928851101913,0.9973890339425587,0.0003,1.0,2890.6739535331726
depth3_bal_MAAMMA,3,MAAMMA,12500,150000,0.03300801198929548,0.11169614642858505,0.11969157393489566,1.0,0.9960835509138382,0.9922810157735764,0.9973890339425587,0.0003,1.0,2897.0764710903168
depth3_bal_MAAMMA,3,MAAMMA,12525,150300,0.2785468250513077,0.2949502170085907,0.31413936870438713,0.9712793733681462,0.9869451697127938,0.9711377111533729,0.9973890339425587,0.0003,1.0,2903.6934010982513
depth3_bal_MAAMMA,3,MAAMMA,12550,150600,0.03391876413176457,0.10082984218994777,0.11517002316457885,1.0,0.9960835509138382,0.992616623783421,0.9973890339425587,0.0003,1.0,2909.6626353263855
depth3_bal_MAAMMA,3,MAAMMA,12575,150900,0.12251040401558082,0.17386963963508606,0.19212089223521098,0.9996736292428199,0.9960835509138382,0.9902673677145094,0.9973890339425587,0.0003,1.0,2913.3225231170654
depth3_bal_MAAMMA,3,MAAMMA,12600,151200,0.044204263016581535,0.10366920505960782,0.11629344650677272,0.9983681462140992,0.9934725848563969,0.9909385837341984,0.9973890339425587,0.0003,1.0,2916.6484067440033
depth3_bal_MAAMMA,3,MAAMMA,12625,151500,0.6230885510643324,0.528087317943573,0.5180569810526712,0.77088772845953,0.8263707571801566,0.8231345788119476,0.9973890339425587,0.0003,1.0,2921.2667536735535
depth3_bal_MAAMMA,3,MAAMMA,12650,151800,0.059063189973433815,0.10925313085317612,0.11940256378480367,0.9993472584856397,0.9947780678851175,0.9922810157735764,0.9973890339425587,0.0003,1.0,2927.86420750618
depth3_bal_MAAMMA,3,MAAMMA,12675,152100,0.03421571726600329,0.09124760329723358,0.10313569945948464,1.0,0.9960835509138382,0.9928403624566506,0.9973890339425587,0.0003,1.0,2933.893827676773
depth3_bal_MAAMMA,3,MAAMMA,12700,152400,0.08293315892418225,0.11876402298609416,0.13637649055038178,0.9980417754569191,0.9947780678851175,0.9902673677145094,0.9973890339425587,0.0003,1.0,2940.1957671642303
depth3_bal_MAAMMA,3,MAAMMA,12725,152700,0.03488178923726082,0.08333035682638486,0.09934132822922298,0.9996736292428199,0.9934725848563969,0.9889249356751314,0.9973890339425587,0.0003,1.0,2945.8136932849884
depth3_bal_MAAMMA,3,MAAMMA,12750,153000,0.2570757232606411,0.2833653837442398,0.3180514867816653,0.9180809399477807,0.9151436031331592,0.9054704105604654,0.9973890339425587,0.0003,1.0,2952.21106672287
depth3_bal_MAAMMA,3,MAAMMA,12775,153300,0.033122789580374956,0.08768077318867047,0.1038069340799536,1.0,0.9960835509138382,0.9920572771003467,0.9973890339425587,0.0003,1.0,2958.597717523575
depth3_bal_MAAMMA,3,MAAMMA,12800,153600,0.20210244258244833,0.5794262190659841,0.6176628725869315,0.9481070496083551,0.8211488250652742,0.8106052131110862,0.9973890339425587,0.0003,1.0,2961.72354221344
depth3_bal_MAAMMA,3,MAAMMA,12825,153900,0.038792369266351066,0.08227568368117015,0.10105466885226114,1.0,0.9960835509138382,0.9916097997538874,0.9973890339425587,0.0003,1.0,2968.2262332439423
depth3_bal_MAAMMA,3,MAAMMA,12850,154200,0.030595126872261364,0.0931306853890419,0.107758750553642,1.0,0.9947780678851175,0.991945407763732,0.9973890339425587,0.0003,1.0,2974.534517765045
depth3_bal_MAAMMA,3,MAAMMA,12875,154500,0.02720992003257076,0.09171502788861592,0.10648368724754878,0.9996736292428199,0.9947780678851175,0.9917216690905023,0.9973890339425587,0.0003,1.0,2977.0731434822083
depth3_bal_MAAMMA,3,MAAMMA,12900,154800,0.2710533067584038,0.32748878995577496,0.3607272641999381,0.9621409921671018,0.9373368146214099,0.9250475444680613,0.9973890339425587,0.0003,1.0,2983.0936164855957
depth3_bal_MAAMMA,3,MAAMMA,12925,155100,0.0446223895996809,0.1066002498070399,0.13331514511789594,0.9990208877284595,0.9908616187989556,0.9847857702203826,0.9973890339425587,0.0003,1.0,2989.5284996032715
depth3_bal_MAAMMA,3,MAAMMA,12950,155400,0.038874355455239616,0.07883945479989052,0.09902760684490204,1.0,0.9960835509138382,0.9911623224074281,0.9973890339425587,0.0003,1.0,2995.783444404602
depth3_bal_MAAMMA,3,MAAMMA,12975,155700,0.33841535945733386,0.3613935708999634,0.3925833259310041,0.9109007832898173,0.902088772845953,0.892269828839915,0.9973890339425587,0.0003,1.0,3001.72252202034
depth3_bal_MAAMMA,3,MAAMMA,13000,156000,0.030176513517896335,0.0698489248752594,0.08787614777684212,0.9996736292428199,0.9973890339425587,0.9935115784763396,0.9973890339425587,0.0003,1.0,3005.8341178894043
depth3_bal_MAAMMA,3,MAAMMA,13025,156300,0.3352704917391141,0.3437880178292592,0.34267891560282027,0.9197127937336814,0.9281984334203656,0.9308647499720326,0.9973890339425587,0.0003,1.0,3012.505835533142
depth3_bal_MAAMMA,3,MAAMMA,13050,156600,0.03186121893425783,0.07786466181278229,0.09452536191259112,1.0,0.9960835509138382,0.9929522317932654,0.9973890339425587,0.0003,1.0,3018.888961791992
depth3_bal_MAAMMA,3,MAAMMA,13075,156900,0.12083580655356248,0.16268263260523477,0.18630618282726832,0.993798955613577,0.9895561357702349,0.9813178207853227,0.9973890339425587,0.0003,1.0,3025.2301292419434
depth3_bal_MAAMMA,3,MAAMMA,13100,157200,0.03359404873723785,0.07877161353826523,0.0992106420653207,1.0,0.9934725848563969,0.9920572771003467,0.9973890339425587,0.0003,1.0,3030.5148339271545
depth3_bal_MAAMMA,3,MAAMMA,13125,157500,0.02731822368999322,0.08540528515974681,0.10815897711685725,1.0,0.9934725848563969,0.9914979304172726,0.9973890339425587,0.0003,1.0,3033.310661315918
depth3_bal_MAAMMA,3,MAAMMA,13150,157800,0.03712931492676338,0.08760365843772888,0.10259427992360932,0.9993472584856397,0.9960835509138382,0.9938471864861841,0.9973890339425587,0.0003,1.0,3036.1819348335266
depth3_bal_MAAMMA,3,MAAMMA,13175,158100,0.4519356017311414,0.42938711245854694,0.46461767469133647,0.8462793733681462,0.8642297650130548,0.8400268486407876,0.9973890339425587,0.0003,1.0,3038.862915277481
depth3_bal_MAAMMA,3,MAAMMA,13200,158400,0.036003833481421076,0.08579874535401662,0.10573650396295957,0.9986945169712794,0.9960835509138382,0.9913860610806577,0.9973890339425587,0.0003,1.0,3044.665643453598
depth3_bal_MAAMMA,3,MAAMMA,13225,158700,1.751266638437907,1.6532154480616252,1.6582113061632429,0.4314621409921671,0.48172323759791125,0.5016221053809151,0.9973890339425587,0.0003,1.0,3049.4731023311615
depth3_bal_MAAMMA,3,MAAMMA,13250,159000,0.19479224955042204,0.23511802653471628,0.2751307168177196,0.9627937336814621,0.9621409921671018,0.9543573106611478,0.9973890339425587,0.0003,1.0,3054.4820964336395
depth3_bal_MAAMMA,3,MAAMMA,13275,159300,0.19524367526173592,0.22922069331010184,0.27347770248140607,0.9592036553524804,0.9464751958224543,0.9386956035350711,0.9973890339425587,0.0003,1.0,3060.697702884674
depth3_bal_MAAMMA,3,MAAMMA,13300,159600,0.05955948246022066,0.11058361331621806,0.12724459299019406,0.9983681462140992,0.9934725848563969,0.9895961516948204,0.9973890339425587,0.0003,1.0,3067.011463165283
depth3_bal_MAAMMA,3,MAAMMA,13325,159900,0.04543944634497166,0.1090587650736173,0.12644229510000773,0.9996736292428199,0.9921671018276762,0.9888130663385166,0.9973890339425587,0.0003,1.0,3073.1549723148346
depth3_bal_MAAMMA,3,MAAMMA,13350,160200,0.6565447996060053,0.655715803305308,0.6627394931656974,0.8022193211488251,0.8237597911227154,0.8288399149793042,0.9973890339425587,0.0003,1.0,3079.745440721512
depth3_bal_MAAMMA,3,MAAMMA,13375,160500,0.07798625839253266,0.11952274292707443,0.14388174478496824,0.9986945169712794,0.9921671018276762,0.9876943729723683,0.9973890339425587,0.0003,1.0,3086.3358941078186
depth3_bal_MAAMMA,3,MAAMMA,13400,160800,0.04959437375267347,0.11343252410491307,0.1370503408568246,0.9990208877284595,0.9921671018276762,0.9900436290412797,0.9973890339425587,0.0003,1.0,3092.891692638397
depth3_bal_MAAMMA,3,MAAMMA,13425,161100,0.2937549489239852,0.27773939569791156,0.29288899515356337,0.9347258485639687,0.95822454308094,0.9592795614722005,0.9973890339425587,0.0003,1.0,3099.3673532009125
depth3_bal_MAAMMA,3,MAAMMA,13450,161400,0.04985510837286711,0.10151149829228719,0.12088231316634587,0.9980417754569191,0.9921671018276762,0.9893724130215907,0.9973890339425587,0.0003,1.0,3105.571928024292
depth3_bal_MAAMMA,3,MAAMMA,13475,161700,0.032327201372633375,0.09806205580631892,0.12023140830653055,0.9996736292428199,0.9934725848563969,0.9917216690905023,0.9973890339425587,0.0003,1.0,3111.105869293213
depth3_bal_MAAMMA,3,MAAMMA,13500,162000,0.061439979200561844,0.12025068948666255,0.13934275954961778,1.0,0.9960835509138382,0.991274191744043,0.9973890339425587,0.0003,1.0,3114.0448744297028
depth3_bal_MAAMMA,3,MAAMMA,13525,162300,0.038072062035401665,0.10296907275915146,0.12548642339450972,0.9996736292428199,0.9947780678851175,0.991274191744043,0.9973890339425587,0.0003,1.0,3116.966101884842
depth3_bal_MAAMMA,3,MAAMMA,13550,162600,0.054528797355790935,0.10599012176195781,0.13168647374425616,0.9993472584856397,0.9947780678851175,0.9893724130215907,0.9973890339425587,0.0003,1.0,3119.8275108337402
depth3_bal_MAAMMA,3,MAAMMA,13575,162900,0.12156158313155174,0.17740725974241892,0.1940370397908347,0.9964099216710183,0.9908616187989556,0.9850095088936123,0.9973890339425587,0.0003,1.0,3122.8401067256927
depth3_bal_MAAMMA,3,MAAMMA,13600,163200,0.03820338814208905,0.09854771693547566,0.12155161276459694,1.0,0.9960835509138382,0.991274191744043,0.9973890339425587,0.0003,1.0,3127.4934968948364
depth3_bal_MAAMMA,3,MAAMMA,13625,163500,0.031764959606031574,0.09138645976781845,0.11721324888723238,1.0,0.9947780678851175,0.9927284931200357,0.9973890339425587,0.0003,1.0,3133.4325165748596
depth3_bal_MAAMMA,3,MAAMMA,13650,163800,2.105218936999639,1.664772669474284,1.708948690550668,0.44092689295039167,0.4451697127937337,0.42129992169146435,0.9973890339425587,0.0003,1.0,3139.598322868347
depth3_bal_MAAMMA,3,MAAMMA,13675,164100,0.043859059611956276,0.09051995227734248,0.11384642081601279,1.0,0.9960835509138382,0.9927284931200357,0.9973890339425587,0.0003,1.0,3142.4972829818726
depth3_bal_MAAMMA,3,MAAMMA,13700,164400,0.12364644681413968,0.15707225600878397,0.17184107048170907,0.9941253263707572,0.9921671018276762,0.9862400715963754,0.9973890339425587,0.0003,1.0,3146.763472557068
depth3_bal_MAAMMA,3,MAAMMA,13725,164700,0.03441010694950819,0.09326778848965962,0.10982531841312136,1.0,0.9934725848563969,0.990602975724354,0.9973890339425587,0.0003,1.0,3153.106479406357
depth3_bal_MAAMMA,3,MAAMMA,13750,165000,0.44572338958581287,0.4733716646830241,0.5263724454811641,0.8746736292428199,0.8720626631853786,0.8504306969459671,0.9973890339425587,0.0003,1.0,3158.616107225418
depth3_bal_MAAMMA,3,MAAMMA,13775,165300,0.07213596658160289,0.11288073658943176,0.1344290384224483,0.9944516971279374,0.9934725848563969,0.9909385837341984,0.9973890339425587,0.0003,1.0,3165.1172585487366
depth3_bal_MAAMMA,3,MAAMMA,13800,165600,0.035661426993707813,0.08719098443786304,0.10883488378354482,0.9993472584856397,0.9960835509138382,0.9928403624566506,0.9973890339425587,0.0003,1.0,3171.5134460926056
depth3_bal_MAAMMA,3,MAAMMA,13825,165900,0.08116324432194233,0.12966904789209366,0.15730380948100772,0.9862924281984334,0.9921671018276762,0.9859044635865309,0.9973890339425587,0.0003,1.0,3177.016510248184
depth3_bal_MAAMMA,3,MAAMMA,13850,166200,0.046499271566669144,0.09864214807748795,0.12737376370600292,0.9996736292428199,0.9947780678851175,0.9902673677145094,0.9973890339425587,0.0003,1.0,3183.305928468704
depth3_bal_MAAMMA,3,MAAMMA,13875,166500,0.03756794550766548,0.09944925829768181,0.1296819049332823,0.9996736292428199,0.9960835509138382,0.9921691464369616,0.9973890339425587,0.0003,1.0,3189.063478946686
depth3_bal_MAAMMA,3,MAAMMA,13900,166800,0.036812452133744955,0.13559013853470483,0.1663133048585483,0.9983681462140992,0.9830287206266318,0.9778498713502629,0.9973890339425587,0.0003,1.0,3193.713974714279
depth3_bal_MAAMMA,3,MAAMMA,13925,167100,0.03535380152364572,0.08379397292931874,0.10662117909107889,0.9993472584856397,0.9973890339425587,0.9918335384271171,0.9973890339425587,0.0003,1.0,3199.913545370102
depth3_bal_MAAMMA,3,MAAMMA,13950,167400,0.05514072968314091,0.09777820607026418,0.12657938706023353,0.9986945169712794,0.9960835509138382,0.991945407763732,0.9973890339425587,0.0003,1.0,3206.2064135074615
depth3_bal_MAAMMA,3,MAAMMA,13975,167700,0.03919949972381195,0.10306027283271153,0.13603465280362537,0.9983681462140992,0.9934725848563969,0.9893724130215907,0.9973890339425587,0.0003,1.0,3214.4954891204834
depth3_bal_MAAMMA,3,MAAMMA,14000,168000,0.10236491200824578,0.16124264895915985,0.18189812579325268,0.9973890339425587,0.9921671018276762,0.981094082112093,0.9973890339425587,0.0003,1.0,3221.6561872959137
depth3_bal_MAAMMA,3,MAAMMA,14025,168300,0.03731414799888929,0.09874747196833293,0.12054373313273703,0.9986945169712794,0.9908616187989556,0.991945407763732,0.9973890339425587,0.0003,1.0,3227.685322999954
depth3_bal_MAAMMA,3,MAAMMA,14050,168600,0.06140908971428871,0.10434612383445104,0.12924148397786275,0.9996736292428199,0.9934725848563969,0.9918335384271171,0.9973890339425587,0.0003,1.0,3234.2013387680054
depth3_bal_MAAMMA,3,MAAMMA,14075,168900,0.14162985949466625,0.2914976179599762,0.2974508949688503,0.9774804177545692,0.9347258485639687,0.9398142969012194,0.9973890339425587,0.0003,1.0,3239.7099680900574
depth3_bal_MAAMMA,3,MAAMMA,14100,169200,0.03180670412257314,0.08193170775969823,0.1052124634385109,1.0,0.9934725848563969,0.992616623783421,0.9973890339425587,0.0003,1.0,3246.841099023819
depth3_bal_MAAMMA,3,MAAMMA,14125,169500,0.02920435043051839,0.08688308919469516,0.1092521037374224,1.0,0.9934725848563969,0.9918335384271171,0.9973890339425587,0.0003,1.0,3253.9571936130524
depth3_bal_MAAMMA,3,MAAMMA,14150,169800,0.11483742048343022,0.1562102089325587,0.17796957577977862,0.9980417754569191,0.9934725848563969,0.9898198903680501,0.9973890339425587,0.0003,1.0,3259.696774959564
depth3_bal_MAAMMA,3,MAAMMA,14175,170100,0.03532442543655634,0.08466012279192607,0.10956341262374605,1.0,0.9934725848563969,0.9923928851101913,0.9973890339425587,0.0003,1.0,3264.3671004772186
depth3_bal_MAAMMA,3,MAAMMA,14200,170400,0.037548084277659655,0.09057534858584404,0.1231159406048911,0.9986945169712794,0.9947780678851175,0.9908267143975836,0.9973890339425587,0.0003,1.0,3270.986414909363
depth3_bal_MAAMMA,3,MAAMMA,14225,170700,0.04762142679343621,0.09981894741455714,0.11878797422562326,1.0,0.9934725848563969,0.9923928851101913,0.9973890339425587,0.0003,1.0,3276.953759908676
depth3_bal_MAAMMA,3,MAAMMA,14250,171000,0.038866132187346615,0.09985493620236714,0.1363668940961361,0.9970626631853786,0.9934725848563969,0.985121378230227,0.9973890339425587,0.0003,1.0,3283.1292276382446
depth3_bal_MAAMMA,3,MAAMMA,14275,171300,0.03473183916260799,0.08286785831054051,0.1006858936377934,0.9996736292428199,0.9960835509138382,0.9928403624566506,0.9973890339425587,0.0003,1.0,3288.918791294098
depth3_bal_MAAMMA,3,MAAMMA,14300,171600,0.028666621539741755,0.08316122988859813,0.10811874249151775,1.0,0.9960835509138382,0.9935115784763396,0.9973890339425587,0.0003,1.0,3295.412693500519
depth3_bal_MAAMMA,3,MAAMMA,14325,171900,0.08385193658371766,0.13348261515299478,0.14914598784276417,0.9996736292428199,0.9960835509138382,0.9925047544468061,0.9973890339425587,0.0003,1.0,3300.7817454338074
depth3_bal_MAAMMA,3,MAAMMA,14350,172200,0.03686142557611068,0.09563109030326207,0.11700067701084273,1.0,0.9947780678851175,0.9927284931200357,0.9973890339425587,0.0003,1.0,3307.217746734619
depth3_bal_MAAMMA,3,MAAMMA,14375,172500,0.2657881962756316,0.35941407084465027,0.38241527932030817,0.941579634464752,0.9112271540469974,0.8890256180780848,0.9973890339425587,0.0003,1.0,3312.9749290943146
depth3_bal_MAAMMA,3,MAAMMA,14400,172800,1.0465071747700374,0.8510140180587769,0.8230099081993103,0.6158616187989556,0.6788511749347258,0.6940373643584293,0.9973890339425587,0.0003,1.0,3318.853733778
depth3_bal_MAAMMA,3,MAAMMA,14425,173100,0.04045852522055308,0.08768191064397494,0.10982215031981468,1.0,0.9947780678851175,0.9920572771003467,0.9973890339425587,0.0003,1.0,3325.9202601909637
depth3_bal_MAAMMA,3,MAAMMA,14450,173400,0.03901551508655151,0.08626372615496318,0.11377809814044408,0.9977154046997389,0.9960835509138382,0.9923928851101913,0.9973890339425587,0.0003,1.0,3331.8416650295258
depth3_bal_MAAMMA,3,MAAMMA,14475,173700,0.04106941415617863,0.09760388359427452,0.12217403511915888,1.0,0.9960835509138382,0.9928403624566506,0.9973890339425587,0.0003,1.0,3337.783983707428
depth3_bal_MAAMMA,3,MAAMMA,14500,174000,0.031136909189323585,0.08817048370838165,0.1141840367444924,1.0,0.9947780678851175,0.9929522317932654,0.9973890339425587,0.0003,1.0,3342.621477365494
depth3_bal_MAAMMA,3,MAAMMA,14525,174300,0.13276450956861177,0.16761764387289682,0.18773620554379056,0.9960835509138382,0.9960835509138382,0.9863519409329903,0.9973890339425587,0.0003,1.0,3347.1634390354156
depth3_bal_MAAMMA,3,MAAMMA,14550,174600,0.03359073602283994,0.09260335688789685,0.11576380144272531,0.9996736292428199,0.9960835509138382,0.99328783980311,0.9973890339425587,0.0003,1.0,3353.376051425934
depth3_bal_MAAMMA,3,MAAMMA,14575,174900,0.16734529907504717,0.223213459054629,0.23954562502247947,0.9967362924281984,0.9869451697127938,0.981094082112093,0.9973890339425587,0.0003,1.0,3359.4783947467804
depth3_bal_MAAMMA,3,MAAMMA,14600,175200,0.0394960114111503,0.09562535583972931,0.12075583870921816,0.9996736292428199,0.9947780678851175,0.9928403624566506,0.9973890339425587,0.0003,1.0,3365.5641820430756
depth3_bal_MAAMMA,3,MAAMMA,14625,175500,0.15411408866445223,0.27093469599882763,0.31297353633812497,0.9650783289817232,0.9464751958224543,0.9361226087929299,0.9973890339425587,0.0003,1.0,3371.8937821388245
depth3_bal_MAAMMA,3,MAAMMA,14650,175800,0.035984566124777,0.08980400487780571,0.11180236861109734,1.0,0.9934725848563969,0.9930641011298803,0.9973890339425587,0.0003,1.0,3377.107400894165
depth3_bal_MAAMMA,3,MAAMMA,14675,176100,0.04797202503929535,0.09435103585322697,0.1181426961507116,0.9993472584856397,0.9934725848563969,0.9880299809822127,0.9973890339425587,0.0003,1.0,3383.2516300678253
depth3_bal_MAAMMA,3,MAAMMA,14700,176400,0.03303400675455729,0.08230966205398242,0.10848742606384414,1.0,0.9947780678851175,0.9928403624566506,0.9973890339425587,0.0003,1.0,3389.357351064682
depth3_bal_MAAMMA,3,MAAMMA,14725,176700,0.0659357284506162,0.11167782545089722,0.13488012318100248,0.9993472584856397,0.9960835509138382,0.9917216690905023,0.9973890339425587,0.0003,1.0,3394.752961397171
depth3_bal_MAAMMA,3,MAAMMA,14750,177000,0.03421006972591082,0.09183201442162196,0.12088339552283286,1.0,0.9960835509138382,0.9916097997538874,0.9973890339425587,0.0003,1.0,3399.5895323753357
depth3_bal_MAAMMA,3,MAAMMA,14775,177300,0.20162450770537058,0.2496428688367208,0.2556392409971782,0.9507180156657964,0.9373368146214099,0.9431703769996644,0.9973890339425587,0.0003,1.0,3404.02259516716
depth3_bal_MAAMMA,3,MAAMMA,14800,177600,0.03163835623612007,0.08235525091489156,0.10767626613378525,1.0,0.9973890339425587,0.9929522317932654,0.9973890339425587,0.0003,1.0,3409.7165019512177
depth3_bal_MAAMMA,3,MAAMMA,14825,177900,0.03395480631540219,0.08621000498533249,0.11955207575644766,0.9990208877284595,0.9973890339425587,0.991945407763732,0.9973890339425587,0.0003,1.0,3415.8441877365112
depth3_bal_MAAMMA,3,MAAMMA,14850,178200,0.03690155564496914,0.08515947808821996,0.12108640830431666,1.0,0.9973890339425587,0.9902673677145094,0.9973890339425587,0.0003,1.0,3421.2272095680237
depth3_bal_MAAMMA,3,MAAMMA,14875,178500,0.028142761439085007,0.0827602210144202,0.11838979348540306,1.0,0.9960835509138382,0.9920572771003467,0.9973890339425587,0.0003,1.0,3427.2772381305695
depth3_bal_MAAMMA,3,MAAMMA,14900,178800,0.3310866529742877,0.3680352071921031,0.38415963649749757,0.9735639686684073,0.9608355091383812,0.9520080545922363,0.9973890339425587,0.0003,1.0,3434.1130311489105
depth3_bal_MAAMMA,3,MAAMMA,14925,179100,0.05517515198638042,0.11529334386189778,0.13378821973289762,0.9964099216710183,0.9869451697127938,0.9863519409329903,0.9973890339425587,0.0003,1.0,3440.467740535736
depth3_bal_MAAMMA,3,MAAMMA,14950,179400,0.03658989196022352,0.07864032685756683,0.1012058539049966,1.0,0.9973890339425587,0.9931759704664951,0.9973890339425587,0.0003,1.0,3445.9853398799896
depth3_bal_MAAMMA,3,MAAMMA,14975,179700,0.0746095972135663,0.1213476558526357,0.14486885400755065,0.9892297650130548,0.9908616187989556,0.9847857702203826,0.9973890339425587,0.0003,1.0,3449.9835176467896
depth3_bal_MAAMMA,3,MAAMMA,15000,180000,0.030704961623996496,0.08619507402181625,0.10673686329807554,1.0,0.9973890339425587,0.9935115784763396,0.9973890339425587,0.0003,1.0,3455.515056371689
depth3_bal_MAAMMA,3,MAAMMA,15025,180300,0.37896910061438877,0.38165496786435443,0.4151222458907536,0.9288511749347258,0.9386422976501305,0.9178879069247119,0.9973890339425587,0.0003,1.0,3461.0656130313873
depth3_bal_MAAMMA,3,MAAMMA,15050,180600,0.03695915608356396,0.08996637041370074,0.11120794415473938,0.9993472584856397,0.9960835509138382,0.9918335384271171,0.9973890339425587,0.0003,1.0,3467.0588459968567
depth3_bal_MAAMMA,3,MAAMMA,15075,180900,0.042227134108543396,0.09518516312042873,0.11193162341203008,0.9986945169712794,0.9960835509138382,0.9908267143975836,0.9973890339425587,0.0003,1.0,3472.7481877803802
depth3_bal_MAAMMA,3,MAAMMA,15100,181200,2.0043808122475943,2.6990161736806235,2.52429529598781,0.5022845953002611,0.34856396866840733,0.381138829846739,0.9973890339425587,0.0003,1.0,3477.5248396396637
depth3_bal_MAAMMA,3,MAAMMA,15125,181500,0.04117102858920892,0.09221175064643224,0.1077453331223556,1.0,0.9960835509138382,0.9931759704664951,0.9973890339425587,0.0003,1.0,3483.962004184723
depth3_bal_MAAMMA,3,MAAMMA,15150,181800,0.0410082188124458,0.09080706785122554,0.10732204179678645,0.9990208877284595,0.9960835509138382,0.9935115784763396,0.9973890339425587,0.0003,1.0,3489.7751200199127
depth3_bal_MAAMMA,3,MAAMMA,15175,182100,0.02545818282912175,0.08539903908967972,0.10995250312345368,1.0,0.9973890339425587,0.9927284931200357,0.9973890339425587,0.0003,1.0,3494.0255267620087
depth3_bal_MAAMMA,3,MAAMMA,15200,182400,0.08069366030395031,0.11656467864910762,0.13823335766792297,0.9980417754569191,0.9947780678851175,0.9921691464369616,0.9973890339425587,0.0003,1.0,3499.2891342639923
depth3_bal_MAAMMA,3,MAAMMA,15225,182700,0.12430342100560665,0.29475415746370953,0.3368973110403333,0.9771540469973891,0.9255874673629243,0.9096095760152142,0.9973890339425587,0.0003,1.0,3505.4325721263885
depth3_bal_MAAMMA,3,MAAMMA,15250,183000,0.038174680123726525,0.08754817644755046,0.10665213157023702,1.0,0.9960835509138382,0.9925047544468061,0.9973890339425587,0.0003,1.0,3511.906505584717
depth3_bal_MAAMMA,3,MAAMMA,15275,183300,0.03726282001783451,0.09290659924348195,0.1121519709272044,0.9993472584856397,0.9973890339425587,0.9938471864861841,0.9973890339425587,0.0003,1.0,3517.4788389205933
depth3_bal_MAAMMA,3,MAAMMA,15300,183600,0.036477709809939064,0.08591933051745097,0.10984144498194967,0.9996736292428199,0.9973890339425587,0.9936234478129544,0.9973890339425587,0.0003,1.0,3523.2190589904785
depth3_bal_MAAMMA,3,MAAMMA,15325,183900,1.5055643419424694,1.037820041179657,1.121792803491865,0.518603133159269,0.5731070496083551,0.5533057388969683,0.9973890339425587,0.0003,1.0,3529.268809080124
depth3_bal_MAAMMA,3,MAAMMA,15350,184200,0.4299684862295787,0.5052989919980367,0.5288243983473097,0.8828328981723238,0.8368146214099217,0.8373419845620316,0.9973890339425587,0.0003,1.0,3533.8907668590546
depth3_bal_MAAMMA,3,MAAMMA,15375,184500,0.03278079815208912,0.07762149845560391,0.10160244894879204,1.0,0.9973890339425587,0.9938471864861841,0.9973890339425587,0.0003,1.0,3539.8367347717285
depth3_bal_MAAMMA,3,MAAMMA,15400,184800,0.055838546405235924,0.0948014184832573,0.11971943037850516,0.9996736292428199,0.9960835509138382,0.9925047544468061,0.9973890339425587,0.0003,1.0,3545.59742808342
depth3_bal_MAAMMA,3,MAAMMA,15425,185100,0.04681378354628881,0.09304427107175191,0.126971813504185,0.9964099216710183,0.9960835509138382,0.988589327665287,0.9973890339425587,0.0003,1.0,3552.0512669086456
depth3_bal_MAAMMA,3,MAAMMA,15450,185400,0.03791716819008192,0.10130862891674042,0.12368338289005416,0.9990208877284595,0.9934725848563969,0.9909385837341984,0.9973890339425587,0.0003,1.0,3558.464386701584
depth3_bal_MAAMMA,3,MAAMMA,15475,185700,0.34857966254154843,0.3377022047837575,0.35254476496151516,0.9122062663185379,0.9412532637075718,0.9200134243203938,0.9973890339425587,0.0003,1.0,3563.8944668769836
depth3_bal_MAAMMA,3,MAAMMA,15500,186000,0.03839670401066542,0.08161547034978867,0.10303666378770555,1.0,0.9947780678851175,0.9922810157735764,0.9973890339425587,0.0003,1.0,3570.3837156295776
depth3_bal_MAAMMA,3,MAAMMA,15525,186300,0.9477273970842361,0.9170198241869608,0.9655230164527893,0.6491514360313316,0.6344647519582245,0.6396688667636201,0.9973890339425587,0.0003,1.0,3577.107518672943
depth3_bal_MAAMMA,3,MAAMMA,15550,186600,0.03907500331600507,0.08036093165477116,0.10280325114727021,0.9996736292428199,0.9973890339425587,0.9914979304172726,0.9973890339425587,0.0003,1.0,3582.5667498111725
depth3_bal_MAAMMA,3,MAAMMA,15575,186900,0.08994688466191292,0.12459070980548859,0.14653399097067968,0.9947780678851175,0.9882506527415144,0.9893724130215907,0.9973890339425587,0.0003,1.0,3586.595300912857
depth3_bal_MAAMMA,3,MAAMMA,15600,187200,0.04026223439723253,0.0793490360180537,0.10149603773440634,0.9996736292428199,0.9960835509138382,0.9916097997538874,0.9973890339425587,0.0003,1.0,3591.112489461899
depth3_bal_MAAMMA,3,MAAMMA,15625,187500,0.030767015957583983,0.0790851612885793,0.10443315580487252,1.0,0.9973890339425587,0.9923928851101913,0.9973890339425587,0.0003,1.0,3595.533499956131
depth3_bal_MAAMMA,3,MAAMMA,15650,187800,0.07332155791421731,0.11362350235382716,0.14196161457470485,0.9986945169712794,0.9973890339425587,0.9910504530708133,0.9973890339425587,0.0003,1.0,3602.28742313385
depth3_bal_MAAMMA,3,MAAMMA,15675,188100,0.03584349838395914,0.07755700622995694,0.10120184464114053,0.9996736292428199,0.9960835509138382,0.9927284931200357,0.9973890339425587,0.0003,1.0,3607.9527661800385
depth3_bal_MAAMMA,3,MAAMMA,15700,188400,0.0733028594404459,0.15840122600396475,0.19286485186644964,0.9921671018276762,0.9751958224543081,0.9653205056494015,0.9973890339425587,0.0003,1.0,3612.081901550293
depth3_bal_MAAMMA,3,MAAMMA,15725,188700,0.03483406857897838,0.07399571935335796,0.09664545825549535,0.9993472584856397,0.9973890339425587,0.9933997091397248,0.9973890339425587,0.0003,1.0,3617.580665588379
depth3_bal_MAAMMA,3,MAAMMA,15750,189000,0.028590087002764147,0.07556086778640747,0.0988716368164335,1.0,0.9960835509138382,0.9928403624566506,0.9973890339425587,0.0003,1.0,3623.734647512436
depth3_bal_MAAMMA,3,MAAMMA,15775,189300,0.05037966029097637,0.08518865704536438,0.10665094384125301,0.9990208877284595,0.9960835509138382,0.9917216690905023,0.9973890339425587,0.0003,1.0,3629.9760315418243
depth3_bal_MAAMMA,3,MAAMMA,15800,189600,0.034713132151712976,0.07731901109218597,0.10254735414470945,0.9993472584856397,0.9973890339425587,0.9927284931200357,0.9973890339425587,0.0003,1.0,3636.4530227184296
depth3_bal_MAAMMA,3,MAAMMA,15825,189900,0.025586144533008337,0.0755246231953303,0.10039798383201871,1.0,0.9960835509138382,0.9935115784763396,0.9973890339425587,0.0003,1.0,3643.023821592331
depth3_bal_MAAMMA,3,MAAMMA,15850,190200,0.05281083223720392,0.09371581052740414,0.11956537131752287,0.9990208877284595,0.9921671018276762,0.9916097997538874,0.9973890339425587,0.0003,1.0,3648.8518340587616
depth3_bal_MAAMMA,3,MAAMMA,15875,190500,0.03431003323445717,0.07074135914444923,0.0920303110565458,1.0,0.9960835509138382,0.9937353171495693,0.9973890339425587,0.0003,1.0,3651.868187189102
depth3_bal_MAAMMA,3,MAAMMA,15900,190800,0.03200160122166077,0.07972415784994762,0.0999758178634303,0.9990208877284595,0.9947780678851175,0.992616623783421,0.9973890339425587,0.0003,1.0,3658.012325525284
depth3_bal_MAAMMA,3,MAAMMA,15925,191100,0.32385333130757016,0.3412022689978282,0.3670295136315482,0.9745430809399478,0.9712793733681462,0.9490994518402506,0.9973890339425587,0.0003,1.0,3664.350669145584
depth3_bal_MAAMMA,3,MAAMMA,15950,191400,0.0363293287033836,0.0764541265865167,0.1000638732952731,0.9996736292428199,0.9947780678851175,0.9923928851101913,0.9973890339425587,0.0003,1.0,3668.327112674713
depth3_bal_MAAMMA,3,MAAMMA,15975,191700,0.35444726794958115,0.35408566395441693,0.3518897303513118,0.9007832898172323,0.9190600522193212,0.9183353842711712,0.9973890339425587,0.0003,1.0,3674.1201593875885
depth3_bal_MAAMMA,3,MAAMMA,16000,192000,0.03447136717538039,0.08035289992888768,0.10022535654050964,1.0,0.9947780678851175,0.9921691464369616,0.9973890339425587,0.0003,1.0,3678.4623925685883
depth3_bal_MAAMMA,3,MAAMMA,16025,192300,0.23846242328484854,0.31551700830459595,0.3272070803812572,0.941579634464752,0.8994778067885117,0.9047991945407764,0.9973890339425587,0.0003,1.0,3684.199905395508
depth3_bal_MAAMMA,3,MAAMMA,16050,192600,0.03205242985859513,0.07336649919549625,0.09146418997219631,1.0,0.9947780678851175,0.99328783980311,0.9973890339425587,0.0003,1.0,3689.6305804252625
depth3_bal_MAAMMA,3,MAAMMA,16075,192900,0.05007894181956848,0.10370886822541554,0.11746955247861998,0.9957571801566579,0.9921671018276762,0.9900436290412797,0.9973890339425587,0.0003,1.0,3694.7806811332703
depth3_bal_MAAMMA,3,MAAMMA,16100,193200,0.08799822349101305,0.11787720521291097,0.15409921024526868,0.9879242819843342,0.9921671018276762,0.9856807249133013,0.9973890339425587,0.0003,1.0,3700.5624163150787
depth3_bal_MAAMMA,3,MAAMMA,16125,193500,0.03962285971889893,0.07743023584286372,0.10181953236460686,1.0,0.9960835509138382,0.9929522317932654,0.9973890339425587,0.0003,1.0,3705.984694480896
depth3_bal_MAAMMA,3,MAAMMA,16150,193800,0.03909319483985504,0.08776949470241864,0.115792835184506,0.9990208877284595,0.9960835509138382,0.9917216690905023,0.9973890339425587,0.0003,1.0,3712.0557622909546
depth3_bal_MAAMMA,3,MAAMMA,16175,194100,0.0634839894870917,0.10131926834583282,0.12888761375631605,0.9977154046997389,0.9960835509138382,0.9846739008837677,0.9973890339425587,0.0003,1.0,3717.9965052604675
depth3_bal_MAAMMA,3,MAAMMA,16200,194400,0.027856796824683745,0.0781525323788325,0.09897111420120512,1.0,0.9973890339425587,0.9935115784763396,0.9973890339425587,0.0003,1.0,3721.942536354065
depth3_bal_MAAMMA,3,MAAMMA,16225,194700,0.02419625936696927,0.07251383612553279,0.09624250243817056,1.0,0.9960835509138382,0.9930641011298803,0.9973890339425587,0.0003,1.0,3727.303975582123
depth3_bal_MAAMMA,3,MAAMMA,16250,195000,1.725090891122818,1.636968731880188,1.6492609398705618,0.4275456919060052,0.3838120104438642,0.39713614498266026,0.9973890339425587,0.0003,1.0,3733.4294426441193
depth3_bal_MAAMMA,3,MAAMMA,16275,195300,0.06747017800807953,0.11575718969106674,0.13782383927277156,0.9973890339425587,0.9921671018276762,0.9893724130215907,0.9973890339425587,0.0003,1.0,3736.5505826473236
depth3_bal_MAAMMA,3,MAAMMA,16300,195600,0.038042957273622356,0.0768135314186414,0.09872109081063951,0.9996736292428199,0.9934725848563969,0.9928403624566506,0.9973890339425587,0.0003,1.0,3739.925566673279
depth3_bal_MAAMMA,3,MAAMMA,16325,195900,0.05052216382076343,0.09869422266880672,0.11622827755553382,0.9983681462140992,0.9921671018276762,0.9909385837341984,0.9973890339425587,0.0003,1.0,3743.321319103241
depth3_bal_MAAMMA,3,MAAMMA,16350,196200,0.6389987493554751,0.53445436557134,0.6152063727378845,0.7441253263707572,0.7963446475195822,0.7828616176306075,0.9973890339425587,0.0003,1.0,3748.7815108299255
depth3_bal_MAAMMA,3,MAAMMA,16375,196500,0.03153091094767054,0.07948000977436702,0.09905600845813751,0.9996736292428199,0.9973890339425587,0.9936234478129544,0.9973890339425587,0.0003,1.0,3754.882771730423
depth3_bal_MAAMMA,3,MAAMMA,16400,196800,0.03929572242001692,0.09088583290576935,0.11809847706130573,0.9990208877284595,0.9960835509138382,0.9925047544468061,0.9973890339425587,0.0003,1.0,3761.733147382736
depth3_bal_MAAMMA,3,MAAMMA,16425,197100,0.052829110994935036,0.10011563698450725,0.1261997218642916,1.0,0.9960835509138382,0.9929522317932654,0.9973890339425587,0.0003,1.0,3768.020416498184
depth3_bal_MAAMMA,3,MAAMMA,16450,197400,0.035319412127137184,0.08662075673540433,0.1154158849801336,1.0,0.9960835509138382,0.99328783980311,0.9973890339425587,0.0003,1.0,3774.2800552845
depth3_bal_MAAMMA,3,MAAMMA,16475,197700,0.3237830822666486,0.33235783378283185,0.32783216067722865,0.8870757180156658,0.9099216710182768,0.9078196666293769,0.9973890339425587,0.0003,1.0,3778.2881870269775
depth3_bal_MAAMMA,3,MAAMMA,16500,198000,0.03274408572663864,0.0833405318359534,0.11089286665831294,1.0,0.9973890339425587,0.9930641011298803,0.9973890339425587,0.0003,1.0,3782.272680044174
depth3_bal_MAAMMA,3,MAAMMA,16525,198300,0.029952464159578085,0.08492920671900113,0.11779189482331276,0.9996736292428199,0.9960835509138382,0.9921691464369616,0.9973890339425587,0.0003,1.0,3787.582533597946
depth3_bal_MAAMMA,3,MAAMMA,16550,198600,0.10663937591016293,0.1542999322215716,0.1649827663387571,0.9986945169712794,0.9947780678851175,0.9913860610806577,0.9973890339425587,0.0003,1.0,3794.3694586753845
depth3_bal_MAAMMA,3,MAAMMA,16575,198900,0.036179955738286175,0.0863536720474561,0.11065547306622778,1.0,0.9973890339425587,0.992616623783421,0.9973890339425587,0.0003,1.0,3800.603360414505
depth3_bal_MAAMMA,3,MAAMMA,16600,199200,0.07587090165664752,0.20402354995409647,0.22210384011268616,0.9908616187989556,0.9503916449086162,0.9525674012753105,0.9973890339425587,0.0003,1.0,3806.5318536758423
depth3_bal_MAAMMA,3,MAAMMA,16625,199500,0.034813039315243564,0.08172046144803365,0.10745412505098752,1.0,0.9960835509138382,0.9931759704664951,0.9973890339425587,0.0003,1.0,3813.070978164673
depth3_bal_MAAMMA,3,MAAMMA,16650,199800,0.027932897675782442,0.08093350504835446,0.10581100689513342,1.0,0.9973890339425587,0.9930641011298803,0.9973890339425587,0.0003,1.0,3819.043560743332
depth3_bal_MAAMMA,3,MAAMMA,16675,200100,0.050051042810082436,0.10283151268959045,0.1250355399080685,0.9993472584856397,0.9960835509138382,0.9918335384271171,0.9973890339425587,0.0003,1.0,3825.733386516571
depth3_bal_MAAMMA,3,MAAMMA,16700,200400,0.027688604624321062,0.07887350519498189,0.10501810269696372,1.0,0.9960835509138382,0.9938471864861841,0.9973890339425587,0.0003,1.0,3831.5053520202637
depth3_bal_MAAMMA,3,MAAMMA,16725,200700,0.4396517003575961,0.47179943323135376,0.48801746027810233,0.9663838120104439,0.9490861618798956,0.931983443338181,0.9973890339425587,0.0003,1.0,3836.951028585434
depth3_bal_MAAMMA,3,MAAMMA,16750,201000,0.040228377717236675,0.09076424936453502,0.11991848796606064,1.0,0.9960835509138382,0.9920572771003467,0.9973890339425587,0.0003,1.0,3840.658340215683
depth3_bal_MAAMMA,3,MAAMMA,16775,201300,0.08815843177338441,0.12923682232697806,0.1557879869427,0.9970626631853786,0.9921671018276762,0.9881418503188276,0.9973890339425587,0.0003,1.0,3846.1014482975006
depth3_bal_MAAMMA,3,MAAMMA,16800,201600,0.03196124484141668,0.07844557488958041,0.10602736185703959,0.9996736292428199,0.9973890339425587,0.9928403624566506,0.9973890339425587,0.0003,1.0,3851.6174750328064
depth3_bal_MAAMMA,3,MAAMMA,16825,201900,0.02573319027821223,0.08550812055667241,0.11436121027384485,1.0,0.9973890339425587,0.9931759704664951,0.9973890339425587,0.0003,1.0,3856.605536699295
depth3_bal_MAAMMA,3,MAAMMA,16850,202200,0.06086350232362747,0.10897580782572429,0.13902318924665452,1.0,0.9947780678851175,0.989931759704665,0.9973890339425587,0.0003,1.0,3863.160438299179
depth3_bal_MAAMMA,3,MAAMMA,16875,202500,0.04421966802328825,0.08758702874183655,0.10704550583447729,0.9986945169712794,0.9960835509138382,0.993959055822799,0.9973890339425587,0.0003,1.0,3868.365070104599
depth3_bal_MAAMMA,3,MAAMMA,16900,202800,0.08665393541256587,0.20244585971037546,0.19332048020192555,0.9827023498694517,0.9490861618798956,0.9626356415706455,0.9973890339425587,0.0003,1.0,3871.8311038017273
depth3_bal_MAAMMA,3,MAAMMA,16925,203100,0.04350488539785147,0.08883840466539066,0.11478397228888103,0.9996736292428199,0.9960835509138382,0.991945407763732,0.9973890339425587,0.0003,1.0,3876.1691205501556
depth3_bal_MAAMMA,3,MAAMMA,16950,203400,0.03340899789084991,0.08753112455209096,0.11490652816636222,1.0,0.9947780678851175,0.9921691464369616,0.9973890339425587,0.0003,1.0,3881.4073033332825
depth3_bal_MAAMMA,3,MAAMMA,16975,203700,0.03454759127149979,0.08471072961886723,0.10622484577553613,1.0,0.9973890339425587,0.99328783980311,0.9973890339425587,0.0003,1.0,3886.895998954773
depth3_bal_MAAMMA,3,MAAMMA,17000,204000,0.034554870799183846,0.09529351815581322,0.12087835296988488,0.9983681462140992,0.9934725848563969,0.991274191744043,0.9973890339425587,0.0003,1.0,3891.687229156494
depth3_bal_MAAMMA,3,MAAMMA,17025,204300,0.044834007819493614,0.09270679454008739,0.11257296938981329,1.0,0.9973890339425587,0.9930641011298803,0.9973890339425587,0.0003,1.0,3897.5335896015167
depth3_bal_MAAMMA,3,MAAMMA,17050,204600,0.02955238986760378,0.08441534390052159,0.10965373090335301,1.0,0.9973890339425587,0.9929522317932654,0.9973890339425587,0.0003,1.0,3901.1881732940674
depth3_bal_MAAMMA,3,MAAMMA,17075,204900,0.053620523773133755,0.09791978945334752,0.12207832740885871,0.9996736292428199,0.9960835509138382,0.9928403624566506,0.9973890339425587,0.0003,1.0,3905.0673367977142
depth3_bal_MAAMMA,3,MAAMMA,17100,205200,0.030139780913790066,0.08945650979876518,0.11587033197283744,1.0,0.9960835509138382,0.9928403624566506,0.9973890339425587,0.0003,1.0,3910.474859237671
depth3_bal_MAAMMA,3,MAAMMA,17125,205500,0.2864023720224698,0.28247964878877,0.3018933096102306,0.9154699738903395,0.9308093994778068,0.9300816646157288,0.9973890339425587,0.0003,1.0,3915.801493167877
depth3_bal_MAAMMA,3,MAAMMA,17150,205800,0.03411272354424,0.08700271571675937,0.10937314171876227,1.0,0.9960835509138382,0.9918335384271171,0.9973890339425587,0.0003,1.0,3921.4319717884064
depth3_bal_MAAMMA,3,MAAMMA,17175,206100,0.1672732519606749,0.3526293834050496,0.3978425758225577,0.964425587467363,0.912532637075718,0.8937241302159078,0.9973890339425587,0.0003,1.0,3927.221717119217
depth3_bal_MAAMMA,3,MAAMMA,17200,206400,0.03344412613660097,0.08671625951925914,0.1020642486001764,1.0,0.9973890339425587,0.9936234478129544,0.9973890339425587,0.0003,1.0,3931.8565504550934
depth3_bal_MAAMMA,3,MAAMMA,17225,206700,0.030029970842103165,0.09048086901505788,0.10853730280484472,0.9996736292428199,0.9973890339425587,0.992616623783421,0.9973890339425587,0.0003,1.0,3935.871497154236
depth3_bal_MAAMMA,3,MAAMMA,17250,207000,0.10267731299002965,0.15135659277439117,0.17358225200857436,0.9980417754569191,0.9934725848563969,0.984450162210538,0.9973890339425587,0.0003,1.0,3938.4783985614777
depth3_bal_MAAMMA,3,MAAMMA,17275,207300,0.039018687792122364,0.08730758726596832,0.11189829558134079,0.9996736292428199,0.9973890339425587,0.99328783980311,0.9973890339425587,0.0003,1.0,3942.6475949287415
depth3_bal_MAAMMA,3,MAAMMA,17300,207600,0.07196193002164364,0.11937311043341954,0.13817991422755377,0.9986945169712794,0.9908616187989556,0.987918111645598,0.9973890339425587,0.0003,1.0,3948.9759426116943
depth3_bal_MAAMMA,3,MAAMMA,17325,207900,0.03711970243602991,0.07609481861193974,0.10863553934863636,0.9993472584856397,0.9947780678851175,0.9913860610806577,0.9973890339425587,0.0003,1.0,3954.4714727401733
depth3_bal_MAAMMA,3,MAAMMA,17350,208200,0.051580414175987244,0.08694964398940404,0.11643459690468652,0.9993472584856397,0.9973890339425587,0.991945407763732,0.9973890339425587,0.0003,1.0,3961.4210805892944
depth3_bal_MAAMMA,3,MAAMMA,17375,208500,0.03014535332719485,0.0819871760904789,0.11153320936220033,1.0,0.9947780678851175,0.9913860610806577,0.9973890339425587,0.0003,1.0,3968.4223866462708
depth3_bal_MAAMMA,3,MAAMMA,17400,208800,0.032481898398449026,0.0783265195786953,0.10229042215006692,0.9993472584856397,0.9947780678851175,0.992616623783421,0.9973890339425587,0.0003,1.0,3974.479798078537
depth3_bal_MAAMMA,3,MAAMMA,17425,209100,0.031131587301691372,0.07113700608412425,0.09700473781142915,0.9990208877284595,0.9973890339425587,0.9940709251594138,0.9973890339425587,0.0003,1.0,3981.9355506896973
depth3_bal_MAAMMA,3,MAAMMA,17450,209400,0.4301966155568759,0.4499097565809886,0.4714767617838723,0.964425587467363,0.9425587467362925,0.9357870007830854,0.9973890339425587,0.0003,1.0,3988.702572822571
depth3_bal_MAAMMA,3,MAAMMA,17475,209700,0.04038638031731049,0.08562636499603589,0.10547181889414788,0.9993472584856397,0.9960835509138382,0.9925047544468061,0.9973890339425587,0.0003,1.0,3992.3631370067596
depth3_bal_MAAMMA,3,MAAMMA,17500,210000,0.03188348328694701,0.0739164228240649,0.10136411658355168,0.9996736292428199,0.9960835509138382,0.9933997091397248,0.9973890339425587,0.0003,1.0,3994.9669251441956
depth3_bal_MAAMMA,3,MAAMMA,17525,210300,0.03759789032240709,0.0746910572052002,0.10138680157916886,0.9996736292428199,0.9973890339425587,0.9930641011298803,0.9973890339425587,0.0003,1.0,4000.7430629730225
depth3_bal_MAAMMA,3,MAAMMA,17550,210600,0.11083763775726159,0.2496818651755651,0.2519375328506742,0.9771540469973891,0.922976501305483,0.9308647499720326,0.9973890339425587,0.0003,1.0,4005.7944383621216
depth3_bal_MAAMMA,3,MAAMMA,17575,210900,0.037202962363759674,0.07957922046383221,0.10191108190587589,1.0,0.9960835509138382,0.9928403624566506,0.9973890339425587,0.0003,1.0,4010.6657094955444
depth3_bal_MAAMMA,3,MAAMMA,17600,211200,0.02938167021299402,0.08055065323909123,0.10306311558399882,1.0,0.9947780678851175,0.9914979304172726,0.9973890339425587,0.0003,1.0,4015.958200931549
depth3_bal_MAAMMA,3,MAAMMA,17625,211500,0.03635520891596874,0.07485229149460793,0.0981221386364528,1.0,0.9960835509138382,0.9927284931200357,0.9973890339425587,0.0003,1.0,4022.642107486725
depth3_bal_MAAMMA,3,MAAMMA,17650,211800,0.02906192947799961,0.08013556525111198,0.1033960998058319,1.0,0.9973890339425587,0.9917216690905023,0.9973890339425587,0.0003,1.0,4029.662260532379
depth3_bal_MAAMMA,3,MAAMMA,17675,212100,0.06772094375143449,0.12708375602960587,0.1409239705119814,0.9967362924281984,0.9947780678851175,0.989931759704665,0.9973890339425587,0.0003,1.0,4036.8436970710754
depth3_bal_MAAMMA,3,MAAMMA,17700,212400,0.025980739078174036,0.07548963526884715,0.09648573877555984,1.0,0.9960835509138382,0.992616623783421,0.9973890339425587,0.0003,1.0,4043.8190429210663
depth3_bal_MAAMMA,3,MAAMMA,17725,212700,0.025431575253605843,0.0757961335281531,0.10322113122258868,0.9996736292428199,0.9973890339425587,0.9910504530708133,0.9973890339425587,0.0003,1.0,4050.292895793915
depth3_bal_MAAMMA,3,MAAMMA,17750,213000,0.12134901123742263,0.1585918366909027,0.18208544169153487,0.9977154046997389,0.9908616187989556,0.9874706342991386,0.9973890339425587,0.0003,1.0,4055.3040890693665
depth3_bal_MAAMMA,3,MAAMMA,17775,213300,0.04208419503023227,0.09212616334358852,0.11715266523616655,1.0,0.9960835509138382,0.991945407763732,0.9973890339425587,0.0003,1.0,4058.4668383598328
depth3_bal_MAAMMA,3,MAAMMA,17800,213600,0.05356810459246238,0.10088670502106349,0.11792505894388472,0.9990208877284595,0.9947780678851175,0.9933997091397248,0.9973890339425587,0.0003,1.0,4061.643580198288
depth3_bal_MAAMMA,3,MAAMMA,17825,213900,0.03392246039584279,0.0806014488140742,0.10506998236690249,0.9993472584856397,0.9947780678851175,0.9916097997538874,0.9973890339425587,0.0003,1.0,4064.680854320526
depth3_bal_MAAMMA,3,MAAMMA,17850,214200,0.032653221705307565,0.0901683121919632,0.11436669677495956,0.9993472584856397,0.9947780678851175,0.991274191744043,0.9973890339425587,0.0003,1.0,4071.0421340465546
depth3_bal_MAAMMA,3,MAAMMA,17875,214500,0.043168763940533005,0.10034677758812904,0.12514105726565633,0.9996736292428199,0.9960835509138382,0.9922810157735764,0.9973890339425587,0.0003,1.0,4076.7617003917694
depth3_bal_MAAMMA,3,MAAMMA,17900,214800,0.1882054259379705,0.2118770827849706,0.23473945387772152,0.9928198433420365,0.9882506527415144,0.9853451169034567,0.9973890339425587,0.0003,1.0,4083.510228872299
depth3_bal_MAAMMA,3,MAAMMA,17925,215100,0.035111054157217346,0.08754588787754376,0.11308621444872448,1.0,0.9973890339425587,0.9928403624566506,0.9973890339425587,0.0003,1.0,4089.269307613373
depth3_bal_MAAMMA,3,MAAMMA,17950,215400,0.029337653424590826,0.0861910879611969,0.10796846566455705,1.0,0.9973890339425587,0.9927284931200357,0.9973890339425587,0.0003,1.0,4093.3354823589325
depth3_bal_MAAMMA,3,MAAMMA,17975,215700,0.04583154090990623,0.09528002391258876,0.12035551369190216,0.9993472584856397,0.9960835509138382,0.9914979304172726,0.9973890339425587,0.0003,1.0,4098.771984100342
depth3_bal_MAAMMA,3,MAAMMA,18000,216000,0.030832160574694473,0.07974979157249133,0.10458187194807189,0.9996736292428199,0.9973890339425587,0.9928403624566506,0.9973890339425587,0.0003,1.0,4104.601192474365
depth3_bal_MAAMMA,3,MAAMMA,18025,216300,0.07866125243405502,0.16049259901046753,0.17404801100492479,0.9980417754569191,0.9725848563968669,0.9762837006376552,0.9973890339425587,0.0003,1.0,4108.0723214149475
depth3_bal_MAAMMA,3,MAAMMA,18050,216600,0.03111301828175783,0.08795953790346782,0.10959774106740952,0.9996736292428199,0.9973890339425587,0.9937353171495693,0.9973890339425587,0.0003,1.0,4111.0391981601715
depth3_bal_MAAMMA,3,MAAMMA,18075,216900,0.1315799131989479,0.1799872765938441,0.19469220978873117,0.9986945169712794,0.9947780678851175,0.9900436290412797,0.9973890339425587,0.0003,1.0,4115.994141578674
depth3_bal_MAAMMA,3,MAAMMA,18100,217200,0.039353983787198864,0.08552257219950359,0.11026613669736045,1.0,0.9960835509138382,0.9925047544468061,0.9973890339425587,0.0003,1.0,4120.98135304451
depth3_bal_MAAMMA,3,MAAMMA,18125,217500,0.03936082776635885,0.09696968893210094,0.11586856533374106,0.9993472584856397,0.9947780678851175,0.9911623224074281,0.9973890339425587,0.0003,1.0,4127.664042472839
depth3_bal_MAAMMA,3,MAAMMA,18150,217800,0.030105226828406256,0.07822691897551219,0.09914462608950479,1.0,0.9973890339425587,0.9931759704664951,0.9973890339425587,0.0003,1.0,4132.681054115295
depth3_bal_MAAMMA,3,MAAMMA,18175,218100,0.026913195848464966,0.07798837125301361,0.10342491641640664,0.9993472584856397,0.9973890339425587,0.993959055822799,0.9973890339425587,0.0003,1.0,4138.83122420311
depth3_bal_MAAMMA,3,MAAMMA,18200,218400,0.23107381661732992,0.2670000493526459,0.30441764422825407,0.9902088772845953,0.9869451697127938,0.9661035910057053,0.9973890339425587,0.0003,1.0,4144.5175087451935
depth3_bal_MAAMMA,3,MAAMMA,18225,218700,0.03997690106431643,0.0924879585703214,0.11903118970138686,1.0,0.9960835509138382,0.9928403624566506,0.9973890339425587,0.0003,1.0,4148.113098144531
depth3_bal_MAAMMA,3,MAAMMA,18250,219000,0.04521033757676681,0.11209487542510033,0.13846716806292533,0.9970626631853786,0.9921671018276762,0.9903792370511243,0.9973890339425587,0.0003,1.0,4152.647340774536
depth3_bal_MAAMMA,3,MAAMMA,18275,219300,0.16359995429714522,0.18665200968583426,0.21434584089687891,0.9849869451697127,0.9895561357702349,0.9771786553305739,0.9973890339425587,0.0003,1.0,4159.65931892395
depth3_bal_MAAMMA,3,MAAMMA,18300,219600,0.037634442249933876,0.08860866352915764,0.11318339237145016,0.9993472584856397,0.9960835509138382,0.9930641011298803,0.9973890339425587,0.0003,1.0,4165.1520030498505
depth3_bal_MAAMMA,3,MAAMMA,18325,219900,0.040308467422922455,0.09092261269688606,0.11216146211538996,0.9996736292428199,0.9947780678851175,0.9908267143975836,0.9973890339425587,0.0003,1.0,4170.8696002960205
depth3_bal_MAAMMA,3,MAAMMA,18350,220200,0.030624485729883116,0.09424097215135892,0.12293669634631701,1.0,0.9947780678851175,0.9918335384271171,0.9973890339425587,0.0003,1.0,4176.570168495178
depth3_bal_MAAMMA,3,MAAMMA,18375,220500,0.2957286735375722,0.3182035982608795,0.33074535301753455,0.9092689295039165,0.9281984334203656,0.9207965096766976,0.9973890339425587,0.0003,1.0,4182.863201141357
depth3_bal_MAAMMA,3,MAAMMA,18400,220800,0.03393824181209008,0.08172588050365448,0.10872053035667964,0.9996736292428199,0.9973890339425587,0.992616623783421,0.9973890339425587,0.0003,1.0,4189.282263994217
depth3_bal_MAAMMA,3,MAAMMA,18425,221100,0.02812978873650233,0.08245875065525372,0.10696120411157609,1.0,0.9973890339425587,0.9931759704664951,0.9973890339425587,0.0003,1.0,4195.688801527023
depth3_bal_MAAMMA,3,MAAMMA,18450,221400,0.9057815621296564,0.895035187403361,0.9363000426973616,0.7930809399477807,0.7741514360313316,0.7657456091285378,0.9973890339425587,0.0003,1.0,4202.387501478195
depth3_bal_MAAMMA,3,MAAMMA,18475,221700,0.05881763187547525,0.10371837019920349,0.1307454324194363,0.9993472584856397,0.9973890339425587,0.989931759704665,0.9973890339425587,0.0003,1.0,4209.194633245468
depth3_bal_MAAMMA,3,MAAMMA,18500,222000,0.042037288968761764,0.09003471583127975,0.1138271407357284,0.9996736292428199,0.9973890339425587,0.9933997091397248,0.9973890339425587,0.0003,1.0,4215.27131485939
depth3_bal_MAAMMA,3,MAAMMA,18525,222300,0.2227837269504865,0.2725565433502197,0.3029050822768893,0.9497389033942559,0.9425587467362925,0.9336614833874035,0.9973890339425587,0.0003,1.0,4221.870804309845
depth3_bal_MAAMMA,3,MAAMMA,18550,222600,0.03716007558008035,0.09104803577065468,0.12371369568364961,0.9996736292428199,0.9973890339425587,0.9920572771003467,0.9973890339425587,0.0003,1.0,4228.422633647919
depth3_bal_MAAMMA,3,MAAMMA,18575,222900,0.0925094938526551,0.1858314424753189,0.20947252810001374,0.9862924281984334,0.9712793733681462,0.9702427564604542,0.9973890339425587,0.0003,1.0,4231.3880569934845
depth3_bal_MAAMMA,3,MAAMMA,18600,223200,0.036341662518680096,0.0851236954331398,0.11514816177742822,0.9990208877284595,0.9960835509138382,0.9929522317932654,0.9973890339425587,0.0003,1.0,4234.099598169327
depth3_bal_MAAMMA,3,MAAMMA,18625,223500,0.02963039604946971,0.09159589558839798,0.12945978130613053,0.9996736292428199,0.9947780678851175,0.990602975724354,0.9973890339425587,0.0003,1.0,4238.965656757355
depth3_bal_MAAMMA,3,MAAMMA,18650,223800,0.03756988157207767,0.1244714359442393,0.15977812771286284,0.9983681462140992,0.9882506527415144,0.9766193086474997,0.9973890339425587,0.0003,1.0,4245.741233348846
depth3_bal_MAAMMA,3,MAAMMA,18675,224100,0.050422084207336106,0.08873882393042247,0.1182383120059967,0.9990208877284595,0.9960835509138382,0.9920572771003467,0.9973890339425587,0.0003,1.0,4252.861543178558
depth3_bal_MAAMMA,3,MAAMMA,18700,224400,0.030292185333867867,0.0808362898727258,0.10918896943330765,0.9996736292428199,0.9973890339425587,0.9925047544468061,0.9973890339425587,0.0003,1.0,4259.7655708789825
depth3_bal_MAAMMA,3,MAAMMA,18725,224700,0.041271024073163666,0.09142687668402989,0.11831023480210985,0.9996736292428199,0.9960835509138382,0.9930641011298803,0.9973890339425587,0.0003,1.0,4266.192749500275
depth3_bal_MAAMMA,3,MAAMMA,18750,225000,0.03500232302273313,0.11131447553634644,0.13793574145862034,0.9983681462140992,0.9908616187989556,0.9900436290412797,0.9973890339425587,0.0003,1.0,4272.626952171326
depth3_bal_MAAMMA,3,MAAMMA,18775,225300,0.0964259368677934,0.11928365131219228,0.15813881563288826,0.9898825065274152,0.9869451697127938,0.9823246448148563,0.9973890339425587,0.0003,1.0,4278.680521965027
depth3_bal_MAAMMA,3,MAAMMA,18800,225600,0.029748699472596247,0.08276769767204921,0.10970404275826046,1.0,0.9960835509138382,0.9933997091397248,0.9973890339425587,0.0003,1.0,4284.87327671051
depth3_bal_MAAMMA,3,MAAMMA,18825,225900,0.2281630871196588,0.23371708393096924,0.263023681300027,0.9820496083550914,0.9843342036553525,0.9734869672222843,0.9973890339425587,0.0003,1.0,4290.298765182495
depth3_bal_MAAMMA,3,MAAMMA,18850,226200,0.031055495298157137,0.08973531300822894,0.1129646394933973,1.0,0.9973890339425587,0.9930641011298803,0.9973890339425587,0.0003,1.0,4296.385567188263
depth3_bal_MAAMMA,3,MAAMMA,18875,226500,0.024583981993297737,0.08879856516917546,0.11233319783849376,1.0,0.9973890339425587,0.99328783980311,0.9973890339425587,0.0003,1.0,4299.370816230774
depth3_bal_MAAMMA,3,MAAMMA,18900,226800,0.09257475348810355,0.13103478650252023,0.16092095226049424,0.9973890339425587,0.9947780678851175,0.9878062423089831,0.9973890339425587,0.0003,1.0,4302.354687213898
depth3_bal_MAAMMA,3,MAAMMA,18925,227100,0.04038322623819113,0.08675506462653478,0.12159574202128819,0.9996736292428199,0.9960835509138382,0.9922810157735764,0.9973890339425587,0.0003,1.0,4305.3570075035095
depth3_bal_MAAMMA,3,MAAMMA,18950,227400,0.048339840956032276,0.09281028310457866,0.12271884232759475,0.9993472584856397,0.9960835509138382,0.9921691464369616,0.9973890339425587,0.0003,1.0,4308.435039520264
depth3_bal_MAAMMA,3,MAAMMA,18975,227700,0.03375347082813581,0.08503683159748714,0.11536143038954054,1.0,0.9973890339425587,0.9930641011298803,0.9973890339425587,0.0003,1.0,4311.357441902161
depth3_bal_MAAMMA,3,MAAMMA,19000,228000,0.6014300286769867,0.8940140207608541,0.9405481168201991,0.7826370757180157,0.6971279373368147,0.6957154044076519,0.9973890339425587,0.0003,1.0,4314.28128695488
depth3_bal_MAAMMA,3,MAAMMA,19025,228300,0.030679498023043077,0.08750016242265701,0.10980572987880026,1.0,0.9960835509138382,0.9929522317932654,0.9973890339425587,0.0003,1.0,4321.137441396713
depth3_bal_MAAMMA,3,MAAMMA,19050,228600,0.03696921265994509,0.09279801448186238,0.12093252720577376,0.9977154046997389,0.9973890339425587,0.9928403624566506,0.9973890339425587,0.0003,1.0,4324.841272830963
depth3_bal_MAAMMA,3,MAAMMA,19075,228900,0.06604134105145931,0.11341512948274612,0.13418765451226916,0.9983681462140992,0.9947780678851175,0.9911623224074281,0.9973890339425587,0.0003,1.0,4330.901647567749
depth3_bal_MAAMMA,3,MAAMMA,19100,229200,0.033875721196333565,0.08687967558701833,0.11346263438463211,0.9996736292428199,0.9960835509138382,0.9927284931200357,0.9973890339425587,0.0003,1.0,4335.548988819122
depth3_bal_MAAMMA,3,MAAMMA,19125,229500,0.1247828807681799,0.1710711419582367,0.17912384399345943,0.9960835509138382,0.9856396866840731,0.9870231569526793,0.9973890339425587,0.0003,1.0,4338.674525499344
depth3_bal_MAAMMA,3,MAAMMA,19150,229800,0.03533459144333998,0.09660980974634488,0.11892232841679028,0.9993472584856397,0.9960835509138382,0.9928403624566506,0.9973890339425587,0.0003,1.0,4344.472834825516
depth3_bal_MAAMMA,3,MAAMMA,19175,230100,0.2727892914166053,0.6028944253921509,0.6338754687990461,0.9174281984334204,0.8015665796344648,0.7904687325204162,0.9973890339425587,0.0003,1.0,4349.926712036133
depth3_bal_MAAMMA,3,MAAMMA,19200,230400,0.03393130019928018,0.08916256204247475,0.10969710701278278,1.0,0.9973890339425587,0.9938471864861841,0.9973890339425587,0.0003,1.0,4355.401658296585
depth3_bal_MAAMMA,3,MAAMMA,19225,230700,0.5398919781049093,0.5293113191922506,0.5370833098888397,0.8501958224543081,0.8825065274151436,0.8806354178319723,0.9973890339425587,0.0003,1.0,4358.823347091675
depth3_bal_MAAMMA,3,MAAMMA,19250,231000,0.03835428226739168,0.08524572973450024,0.11327366967286383,1.0,0.9973890339425587,0.99328783980311,0.9973890339425587,0.0003,1.0,4365.365436553955
depth3_bal_MAAMMA,3,MAAMMA,19275,231300,0.20349069436391196,0.24967820445696512,0.28711699971130916,0.9631201044386423,0.9660574412532638,0.9426110303165902,0.9973890339425587,0.0003,1.0,4371.802450180054
depth3_bal_MAAMMA,3,MAAMMA,19300,231600,0.044399457052350044,0.09117874999841054,0.1099456390099866,1.0,0.9973890339425587,0.9931759704664951,0.9973890339425587,0.0003,1.0,4378.349935531616
depth3_bal_MAAMMA,3,MAAMMA,19325,231900,0.03266386967152357,0.08964975426594417,0.10953296327165195,1.0,0.9973890339425587,0.9930641011298803,0.9973890339425587,0.0003,1.0,4381.5653665065765
depth3_bal_MAAMMA,3,MAAMMA,19350,232200,0.12276941227416198,0.15644074231386185,0.1738520045365606,0.991514360313316,0.9921671018276762,0.9884774583286721,0.9973890339425587,0.0003,1.0,4384.457469701767
depth3_bal_MAAMMA,3,MAAMMA,19375,232500,0.03498227537299196,0.09523302689194679,0.11709483680980547,1.0,0.9973890339425587,0.9931759704664951,0.9973890339425587,0.0003,1.0,4387.342879772186
depth3_bal_MAAMMA,3,MAAMMA,19400,232800,0.43524916966756183,0.6103033820788065,0.5727452746459416,0.8449738903394256,0.7689295039164491,0.7864414364022821,0.9973890339425587,0.0003,1.0,4392.069458723068
depth3_bal_MAAMMA,3,MAAMMA,19425,233100,0.035780459021528564,0.08929723873734474,0.11669478405799184,0.9990208877284595,0.9960835509138382,0.9921691464369616,0.9973890339425587,0.0003,1.0,4397.112781047821
depth3_bal_MAAMMA,3,MAAMMA,19450,233400,0.028134734680255253,0.08624527355035146,0.11526525031243051,1.0,0.9973890339425587,0.9917216690905023,0.9973890339425587,0.0003,1.0,4403.301897764206
depth3_bal_MAAMMA,3,MAAMMA,19475,233700,0.035548643519481025,0.10317387556036313,0.11695052555629186,0.9990208877284595,0.9947780678851175,0.9909385837341984,0.9973890339425587,0.0003,1.0,4409.504073143005
depth3_bal_MAAMMA,3,MAAMMA,19500,234000,0.030557724957664806,0.09199819962183635,0.1231123139815671,0.9986945169712794,0.9908616187989556,0.987246895625909,0.9973890339425587,0.0003,1.0,4413.673777341843
depth3_bal_MAAMMA,3,MAAMMA,19525,234300,0.07253326227267583,0.12377505749464035,0.14651891865900585,0.9990208877284595,0.9960835509138382,0.987918111645598,0.9973890339425587,0.0003,1.0,4419.66813492775
depth3_bal_MAAMMA,3,MAAMMA,19550,234600,0.034501067052284874,0.08924557268619537,0.11215276845863888,1.0,0.9973890339425587,0.9931759704664951,0.9973890339425587,0.0003,1.0,4425.5317595005035
depth3_bal_MAAMMA,3,MAAMMA,19575,234900,0.34613150109847385,0.3515600860118866,0.3945066579750606,0.8971932114882507,0.9086161879895561,0.9025618078084797,0.9973890339425587,0.0003,1.0,4431.305606603622
depth3_bal_MAAMMA,3,MAAMMA,19600,235200,0.040246439166367054,0.10833918551603954,0.13708146033542498,0.9996736292428199,0.9960835509138382,0.9922810157735764,0.9973890339425587,0.0003,1.0,4437.869858980179
depth3_bal_MAAMMA,3,MAAMMA,19625,235500,0.03289371154581507,0.1078531766931216,0.13476490665759358,0.9996736292428199,0.9947780678851175,0.9923928851101913,0.9973890339425587,0.0003,1.0,4444.209021806717
depth3_bal_MAAMMA,3,MAAMMA,19650,235800,0.8102815796931585,0.8196505506833395,0.8366237078394209,0.7310704960835509,0.7545691906005222,0.7459447365477123,0.9973890339425587,0.0003,1.0,4450.55993437767
depth3_bal_MAAMMA,3,MAAMMA,19675,236100,0.04038639118274053,0.09733246266841888,0.12199208023292678,0.9996736292428199,0.9960835509138382,0.9928403624566506,0.9973890339425587,0.0003,1.0,4456.914276361465
depth3_bal_MAAMMA,3,MAAMMA,19700,236400,0.03263517112160722,0.08989167213439941,0.11491404441850527,0.9996736292428199,0.9973890339425587,0.9931759704664951,0.9973890339425587,0.0003,1.0,4463.379807949066
depth3_bal_MAAMMA,3,MAAMMA,19725,236700,0.18648573632041612,0.23333356281121573,0.25490444345133645,0.9846605744125326,0.9778067885117493,0.972368273856136,0.9973890339425587,0.0003,1.0,4469.740852832794
depth3_bal_MAAMMA,3,MAAMMA,19750,237000,0.02826206882794698,0.0930573542912801,0.11641644196850913,1.0,0.9973890339425587,0.9947421411791028,0.9973890339425587,0.0003,1.0,4476.110396146774
depth3_bal_MAAMMA,3,MAAMMA,19775,237300,0.1042960627625386,0.15239278972148895,0.17494912977729524,0.9986945169712794,0.9934725848563969,0.9907148450609687,0.9973890339425587,0.0003,1.0,4482.595178604126
depth3_bal_MAAMMA,3,MAAMMA,19800,237600,0.04892129575212797,0.10825615376234055,0.13413130694202013,0.9986945169712794,0.9960835509138382,0.991274191744043,0.9973890339425587,0.0003,1.0,4488.94483089447
depth3_bal_MAAMMA,3,MAAMMA,19825,237900,0.03597202772895495,0.08981718122959137,0.11161980022277151,1.0,0.9960835509138382,0.99328783980311,0.9973890339425587,0.0003,1.0,4495.273773908615
depth3_bal_MAAMMA,3,MAAMMA,19850,238200,0.03134402725845575,0.09318230797847112,0.11533831059932709,0.9996736292428199,0.9973890339425587,0.9927284931200357,0.9973890339425587,0.0003,1.0,4501.774873971939
depth3_bal_MAAMMA,3,MAAMMA,19875,238500,0.761499119301637,0.8339315056800842,0.928921549660819,0.7013707571801566,0.716710182767624,0.7155162769884774,0.9973890339425587,0.0003,1.0,4505.246747255325
depth3_bal_MAAMMA,3,MAAMMA,19900,238800,0.03270013413081566,0.08886511375506718,0.11513119031276021,1.0,0.9973890339425587,0.99328783980311,0.9973890339425587,0.0003,1.0,4511.594815015793
depth3_bal_MAAMMA,3,MAAMMA,19925,239100,0.029133524745702744,0.09008795271317165,0.1108212882918971,1.0,0.9973890339425587,0.9921691464369616,0.9973890339425587,0.0003,1.0,4518.0528790950775
depth3_bal_MAAMMA,3,MAAMMA,19950,239400,0.6890482852856318,0.7216079036394755,0.7371892196791513,0.8482375979112271,0.825065274151436,0.8075847410224858,0.9973890339425587,0.0003,1.0,4524.710312366486
depth3_bal_MAAMMA,3,MAAMMA,19975,239700,0.042534361903866134,0.09371310969193776,0.11999914167182786,1.0,0.9947780678851175,0.9922810157735764,0.9973890339425587,0.0003,1.0,4531.493358135223
depth3_bal_MAAMMA,3,MAAMMA,20000,240000,0.03732739885648092,0.08331323166688283,0.10774891727737018,1.0,0.9973890339425587,0.9936234478129544,0.9973890339425587,0.0003,1.0,4537.639250993729
depth3_bal_MAAMMA,3,MAAMMA,20025,240300,0.03065409588937958,0.08091828351219495,0.10882302011762346,1.0,0.9973890339425587,0.9936234478129544,0.9973890339425587,0.0003,1.0,4544.201810836792
depth3_bal_MAAMMA,3,MAAMMA,20050,240600,0.6720762103796005,0.8202264904975891,0.8411815115383693,0.7548955613577023,0.7127937336814621,0.702986911287616,0.9973890339425587,0.0003,1.0,4550.9219563007355
depth3_bal_MAAMMA,3,MAAMMA,20075,240900,0.03209045731152097,0.07823878278334935,0.10085334181785584,1.0,0.9973890339425587,0.9933997091397248,0.9973890339425587,0.0003,1.0,4557.595687150955
depth3_bal_MAAMMA,3,MAAMMA,20100,241200,0.8137960433959961,0.8109549482663473,0.8383557915687561,0.7108355091383812,0.6997389033942559,0.6963866204273409,0.9973890339425587,0.0003,1.0,4563.9547345638275
depth3_bal_MAAMMA,3,MAAMMA,20125,241500,0.04298332550873359,0.092398501932621,0.11724315626280649,0.9993472584856397,0.9973890339425587,0.9927284931200357,0.9973890339425587,0.0003,1.0,4570.590868711472
depth3_bal_MAAMMA,3,MAAMMA,20150,241800,0.03382928762584925,0.08552482475837071,0.11105390744549888,0.9996736292428199,0.9973890339425587,0.9935115784763396,0.9973890339425587,0.0003,1.0,4577.265584230423
depth3_bal_MAAMMA,3,MAAMMA,20175,242100,0.04773121513426304,0.09885730594396591,0.11653131448796818,0.9993472584856397,0.9960835509138382,0.992616623783421,0.9973890339425587,0.0003,1.0,4583.444094657898
depth3_bal_MAAMMA,3,MAAMMA,20200,242400,0.0487825016801556,0.09496141100923221,0.11779770467962537,0.9993472584856397,0.9973890339425587,0.9930641011298803,0.9973890339425587,0.0003,1.0,4590.231322288513
depth3_bal_MAAMMA,3,MAAMMA,20225,242700,0.03791237436234951,0.0881710189084212,0.1113969118467399,0.9996736292428199,0.9973890339425587,0.9929522317932654,0.9973890339425587,0.0003,1.0,4596.751832962036
depth3_bal_MAAMMA,3,MAAMMA,20250,243000,0.10326223478962977,0.22456808388233185,0.2722766676119396,0.9784595300261096,0.9425587467362925,0.9422754223067458,0.9973890339425587,0.0003,1.0,4603.6301147937775
depth3_bal_MAAMMA,3,MAAMMA,20275,243300,0.043651391131182514,0.09507327278455098,0.11404906074915613,0.9993472584856397,0.9973890339425587,0.9921691464369616,0.9973890339425587,0.0003,1.0,4610.317291736603
depth3_bal_MAAMMA,3,MAAMMA,20300,243600,0.032139855436980724,0.08558905124664307,0.11253142559102604,0.9996736292428199,0.9973890339425587,0.9933997091397248,0.9973890339425587,0.0003,1.0,4615.745684623718
depth3_bal_MAAMMA,3,MAAMMA,20325,243900,0.5029390901327133,0.659633735815684,0.6944530163492475,0.8129895561357703,0.7728459530026109,0.7676473878509901,0.9973890339425587,0.0003,1.0,4618.1630029678345
depth3_bal_MAAMMA,3,MAAMMA,20350,244200,0.03834909852594137,0.09813700243830681,0.1146593693111624,0.9996736292428199,0.9934725848563969,0.9927284931200357,0.9973890339425587,0.0003,1.0,4620.6862733364105
depth3_bal_MAAMMA,3,MAAMMA,20375,244500,0.03147306339815259,0.09432283788919449,0.11406270733901433,1.0,0.9947780678851175,0.9935115784763396,0.9973890339425587,0.0003,1.0,4623.107133388519
depth3_bal_MAAMMA,3,MAAMMA,20400,244800,0.043040882175167404,0.09776488443215688,0.11590666153601238,1.0,0.9973890339425587,0.9935115784763396,0.9973890339425587,0.0003,1.0,4627.393044948578
depth3_bal_MAAMMA,3,MAAMMA,20425,245100,0.34451259424289066,0.4306633472442627,0.42555325967924934,0.8877284595300261,0.8524804177545692,0.8637431480031323,0.9973890339425587,0.0003,1.0,4629.805011034012
depth3_bal_MAAMMA,3,MAAMMA,20450,245400,0.03165299523000916,0.08489744613567989,0.10387536766273635,0.9996736292428199,0.9973890339425587,0.9936234478129544,0.9973890339425587,0.0003,1.0,4632.32631444931
depth3_bal_MAAMMA,3,MAAMMA,20475,245700,0.031570505195607744,0.09353309869766235,0.11496032220976693,1.0,0.9960835509138382,0.9921691464369616,0.9973890339425587,0.0003,1.0,4635.027333021164
depth3_bal_MAAMMA,3,MAAMMA,20500,246000,0.8157486816247305,0.6978742480278015,0.7262443099703108,0.7114882506527415,0.741514360313316,0.7546705448036694,0.9973890339425587,0.0003,1.0,4637.44376373291
depth3_bal_MAAMMA,3,MAAMMA,20525,246300,0.03209359897300601,0.09519266833861668,0.11789624957101685,0.9996736292428199,0.9973890339425587,0.9931759704664951,0.9973890339425587,0.0003,1.0,4639.914523601532
depth3_bal_MAAMMA,3,MAAMMA,20550,246600,0.9361765881379446,0.958467702070872,0.9698904548372541,0.7248694516971279,0.6879895561357703,0.680836782637879,0.9973890339425587,0.0003,1.0,4642.438121557236
depth3_bal_MAAMMA,3,MAAMMA,20575,246900,0.053653478932877384,0.10403028875589371,0.12645953233752932,0.9996736292428199,0.9947780678851175,0.991274191744043,0.9973890339425587,0.0003,1.0,4646.859709978104
depth3_bal_MAAMMA,3,MAAMMA,20600,247200,0.29035812119642895,0.2874954144159953,0.3037305048533848,0.9526762402088773,0.9725848563968669,0.9612932095312675,0.9973890339425587,0.0003,1.0,4653.24024605751
depth3_bal_MAAMMA,3,MAAMMA,20625,247500,0.04398892633616924,0.10293929030497868,0.12737428609813964,0.9990208877284595,0.9947780678851175,0.9883655889920573,0.9973890339425587,0.0003,1.0,4659.71740937233
depth3_bal_MAAMMA,3,MAAMMA,20650,247800,0.04401439397285382,0.08521555364131927,0.1020910692002092,0.9986945169712794,0.9973890339425587,0.9935115784763396,0.9973890339425587,0.0003,1.0,4666.142385721207
depth3_bal_MAAMMA,3,MAAMMA,20675,248100,0.033421967489024006,0.0894769715766112,0.11041312654103552,1.0,0.9973890339425587,0.9935115784763396,0.9973890339425587,0.0003,1.0,4672.332295656204
depth3_bal_MAAMMA,3,MAAMMA,20700,248400,0.058349570259451866,0.10552490005890529,0.12648428114397184,0.9980417754569191,0.9973890339425587,0.9927284931200357,0.9973890339425587,0.0003,1.0,4678.79638338089
depth3_bal_MAAMMA,3,MAAMMA,20725,248700,0.029708533237377804,0.08733921746412913,0.10809099099465778,1.0,0.9973890339425587,0.9938471864861841,0.9973890339425587,0.0003,1.0,4685.2980790138245
depth3_bal_MAAMMA,3,MAAMMA,20750,249000,0.12755836732685566,0.16603617866834006,0.18778358144419535,0.9996736292428199,0.9947780678851175,0.9863519409329903,0.9973890339425587,0.0003,1.0,4691.998632192612
depth3_bal_MAAMMA,3,MAAMMA,20775,249300,0.036542716746528946,0.08408541729052861,0.11161630834851946,1.0,0.9973890339425587,0.9923928851101913,0.9973890339425587,0.0003,1.0,4698.607164621353
depth3_bal_MAAMMA,3,MAAMMA,20800,249600,0.03581732790917158,0.09013047317663829,0.11070471693362509,1.0,0.9960835509138382,0.9933997091397248,0.9973890339425587,0.0003,1.0,4705.272127866745
depth3_bal_MAAMMA,3,MAAMMA,20825,249900,0.034661785854647555,0.08721852550903957,0.10991059105311121,0.9993472584856397,0.9973890339425587,0.9918335384271171,0.9973890339425587,0.0003,1.0,4712.0853481292725
depth3_bal_MAAMMA,3,MAAMMA,20850,250200,0.33543991825232905,1.2417440017064412,1.3040318625313896,0.9148172323759791,0.6370757180156658,0.6387739120707014,0.9973890339425587,0.0003,1.0,4718.698908805847
depth3_bal_MAAMMA,3,MAAMMA,20875,250500,0.038504090470572315,0.08456373338898023,0.1078461915254593,0.9996736292428199,0.9973890339425587,0.9933997091397248,0.9973890339425587,0.0003,1.0,4722.888512611389
depth3_bal_MAAMMA,3,MAAMMA,20900,250800,0.032107921006778874,0.0852583075563113,0.11176465653947422,0.9993472584856397,0.9973890339425587,0.9925047544468061,0.9973890339425587,0.0003,1.0,4726.182687282562
depth3_bal_MAAMMA,3,MAAMMA,20925,251100,0.05787079408764839,0.12324249496062596,0.14013777417796,0.9996736292428199,0.9934725848563969,0.9914979304172726,0.9973890339425587,0.0003,1.0,4732.455637931824
depth3_bal_MAAMMA,3,MAAMMA,20950,251400,0.06533294823020697,0.10370978464682896,0.12447514746870314,0.9911879895561357,0.9947780678851175,0.9901554983778946,0.9973890339425587,0.0003,1.0,4739.084334373474
depth3_bal_MAAMMA,3,MAAMMA,20975,251700,0.1679257663587729,0.1816986302534739,0.21170644632407598,0.9699738903394256,0.9817232375979112,0.9735988365588992,0.9973890339425587,0.0003,1.0,4745.612590312958
depth3_bal_MAAMMA,3,MAAMMA,21000,252000,0.0324551360681653,0.08194431414206822,0.10541408349360738,1.0,0.9973890339425587,0.9942946638326434,0.9973890339425587,0.0003,1.0,4752.412850379944
depth3_bal_MAAMMA,3,MAAMMA,21025,252300,0.6648912876844406,0.8738803863525391,0.9126736061913626,0.7921018276762402,0.7101827676240209,0.6920237162993623,0.9973890339425587,0.0003,1.0,4759.267768383026
depth3_bal_MAAMMA,3,MAAMMA,21050,252600,0.23348954195777574,0.2571327785650889,0.2736907967499324,0.9800913838120104,0.9804177545691906,0.9752768766081217,0.9973890339425587,0.0003,1.0,4765.474009752274
depth3_bal_MAAMMA,3,MAAMMA,21075,252900,0.0378192433466514,0.09358810012539227,0.11797003362859998,0.9996736292428199,0.9973890339425587,0.9929522317932654,0.9973890339425587,0.0003,1.0,4771.778802871704
depth3_bal_MAAMMA,3,MAAMMA,21100,253200,0.05220014260460933,0.10444731016953786,0.1480320993278708,0.9964099216710183,0.9947780678851175,0.9853451169034567,0.9973890339425587,0.0003,1.0,4778.532616853714
depth3_bal_MAAMMA,3,MAAMMA,21125,253500,0.042214288065830864,0.09901712586482365,0.12132873460650444,0.9993472584856397,0.9973890339425587,0.9929522317932654,0.9973890339425587,0.0003,1.0,4785.159733057022
depth3_bal_MAAMMA,3,MAAMMA,21150,253800,0.03889736998826265,0.10550312822063763,0.12604178892714638,0.9996736292428199,0.9960835509138382,0.9918335384271171,0.9973890339425587,0.0003,1.0,4792.445338964462
depth3_bal_MAAMMA,3,MAAMMA,21175,254100,1.2266989350318909,1.002911925315857,0.9989201409476144,0.5926892950391645,0.6214099216710183,0.6384383040608569,0.9973890339425587,0.0003,1.0,4799.727264881134
depth3_bal_MAAMMA,3,MAAMMA,21200,254400,0.03269584057852626,0.08612274130185445,0.11256125186170851,1.0,0.9973890339425587,0.993959055822799,0.9973890339425587,0.0003,1.0,4807.0361976623535
depth3_bal_MAAMMA,3,MAAMMA,21225,254700,0.8494453231493632,0.9341215093930563,0.9956824302673339,0.6974543080939948,0.685378590078329,0.6614833874035126,0.9973890339425587,0.0003,1.0,4814.155426740646
depth3_bal_MAAMMA,3,MAAMMA,21250,255000,0.03464116000880798,0.08659206827481587,0.10657381223780768,0.9996736292428199,0.9960835509138382,0.993959055822799,0.9973890339425587,0.0003,1.0,4819.989592075348
depth3_bal_MAAMMA,3,MAAMMA,21275,255300,0.030449404381215572,0.09147027631600697,0.11408148258924485,0.9996736292428199,0.9973890339425587,0.9937353171495693,0.9973890339425587,0.0003,1.0,4826.670116186142
depth3_bal_MAAMMA,3,MAAMMA,21300,255600,1.5171432594458263,1.4084171851476033,1.420690267426627,0.47095300261096606,0.4908616187989556,0.5082223962411903,0.9973890339425587,0.0003,1.0,4833.421657085419
depth3_bal_MAAMMA,3,MAAMMA,21325,255900,0.050711575585107006,0.12353650232156117,0.16666352259261266,0.9986945169712794,0.9947780678851175,0.9871350262892941,0.9973890339425587,0.0003,1.0,4840.14625787735
depth3_bal_MAAMMA,3,MAAMMA,21350,256200,0.03961956718315681,0.10155960420767467,0.12812720984220505,1.0,0.9960835509138382,0.9931759704664951,0.9973890339425587,0.0003,1.0,4846.788446426392
depth3_bal_MAAMMA,3,MAAMMA,21375,256500,0.03298300225287676,0.10070923715829849,0.12923328408173151,1.0,0.9973890339425587,0.9929522317932654,0.9973890339425587,0.0003,1.0,4853.30863237381
depth3_bal_MAAMMA,3,MAAMMA,21400,256800,0.3706739619374275,0.45481329162915546,0.47706149646214074,0.8681462140992167,0.835509138381201,0.8362232911958832,0.9973890339425587,0.0003,1.0,4859.9855716228485
depth3_bal_MAAMMA,3,MAAMMA,21425,257100,0.03729057932893435,0.08675431956847508,0.11456836493951934,1.0,0.9973890339425587,0.9929522317932654,0.9973890339425587,0.0003,1.0,4866.69820022583
depth3_bal_MAAMMA,3,MAAMMA,21450,257400,0.03002536514153083,0.08005511512358983,0.11158555086169925,1.0,0.9973890339425587,0.9935115784763396,0.9973890339425587,0.0003,1.0,4873.76823091507
depth3_bal_MAAMMA,3,MAAMMA,21475,257700,0.14410770436127981,0.18923535446325937,0.20551976348672593,0.9990208877284595,0.9895561357702349,0.9874706342991386,0.9973890339425587,0.0003,1.0,4881.160188436508
depth3_bal_MAAMMA,3,MAAMMA,21500,258000,0.03617970459163189,0.08536114543676376,0.1104998593883855,1.0,0.9973890339425587,0.9927284931200357,0.9973890339425587,0.0003,1.0,4888.573830842972
depth3_bal_MAAMMA,3,MAAMMA,21525,258300,0.03213028470054269,0.08442248155673344,0.11250097081065177,0.9993472584856397,0.9973890339425587,0.9923928851101913,0.9973890339425587,0.0003,1.0,4895.810538768768
depth3_bal_MAAMMA,3,MAAMMA,21550,258600,0.04178479375938574,0.09940879295269649,0.12614766859582494,0.9980417754569191,0.9960835509138382,0.9920572771003467,0.9973890339425587,0.0003,1.0,4902.550732374191
depth3_bal_MAAMMA,3,MAAMMA,21575,258900,0.026914735169460375,0.08020283530155818,0.10380469741565841,1.0,0.9973890339425587,0.9933997091397248,0.9973890339425587,0.0003,1.0,4909.338316679001
depth3_bal_MAAMMA,3,MAAMMA,21600,259200,0.07731086015701294,0.12164891511201859,0.1366854633603777,0.9990208877284595,0.9960835509138382,0.9930641011298803,0.9973890339425587,0.0003,1.0,4916.0609974861145
depth3_bal_MAAMMA,3,MAAMMA,21625,259500,0.03557431666801373,0.08205696816245715,0.10164033972791263,1.0,0.9973890339425587,0.9913860610806577,0.9973890339425587,0.0003,1.0,4923.187395572662
depth3_bal_MAAMMA,3,MAAMMA,21650,259800,0.2570713646709919,0.9507254958152771,1.0200305649212429,0.9337467362924282,0.7127937336814621,0.696274751090726,0.9973890339425587,0.0003,1.0,4930.4104216098785
depth3_bal_MAAMMA,3,MAAMMA,21675,260100,0.04503544978797436,0.09347067524989446,0.11636209104742323,0.9996736292428199,0.9973890339425587,0.9928403624566506,0.9973890339425587,0.0003,1.0,4937.596210241318
depth3_bal_MAAMMA,3,MAAMMA,21700,260400,0.03142372084160646,0.08895458529392879,0.10833768237914358,0.9996736292428199,0.9973890339425587,0.9925047544468061,0.9973890339425587,0.0003,1.0,4944.373154163361
depth3_bal_MAAMMA,3,MAAMMA,21725,260700,0.9768314858277639,0.8472357392311096,0.928572450365339,0.6380548302872062,0.6697127937336814,0.6377670880411679,0.9973890339425587,0.0003,1.0,4951.112018108368
depth3_bal_MAAMMA,3,MAAMMA,21750,261000,0.033887566377719246,0.08570543179909389,0.10926437452435493,0.9993472584856397,0.9973890339425587,0.9930641011298803,0.9973890339425587,0.0003,1.0,4957.798960447311
depth3_bal_MAAMMA,3,MAAMMA,21775,261300,0.05712837881098191,0.13480334728956223,0.1666288612144334,0.9934725848563969,0.9830287206266318,0.9751650072715069,0.9973890339425587,0.0003,1.0,4964.631328344345
depth3_bal_MAAMMA,3,MAAMMA,21800,261600,0.04428351918856303,0.08751314630111058,0.11087915120380265,1.0,0.9973890339425587,0.9933997091397248,0.9973890339425587,0.0003,1.0,4971.1375641822815
depth3_bal_MAAMMA,3,MAAMMA,21825,261900,0.06161311517159144,0.1161852553486824,0.14029979131051473,0.9934725848563969,0.9882506527415144,0.9853451169034567,0.9973890339425587,0.0003,1.0,4978.324211597443
depth3_bal_MAAMMA,3,MAAMMA,21850,262200,0.03388202004134655,0.07652736455202103,0.10000114930527551,1.0,0.9973890339425587,0.9938471864861841,0.9973890339425587,0.0003,1.0,4985.819291353226
depth3_bal_MAAMMA,3,MAAMMA,21875,262500,0.02762695432951053,0.0779398779074351,0.10320604124239513,1.0,0.9973890339425587,0.9942946638326434,0.9973890339425587,0.0003,1.0,4993.280066728592
depth3_bal_MAAMMA,3,MAAMMA,21900,262800,0.14115209567050138,0.1661126365264257,0.18297668695449829,0.9951044386422977,0.9934725848563969,0.9908267143975836,0.9973890339425587,0.0003,1.0,5001.048469781876
depth3_bal_MAAMMA,3,MAAMMA,21925,263100,0.0350869574273626,0.08170340458552043,0.10076092236808368,1.0,0.9973890339425587,0.9933997091397248,0.9973890339425587,0.0003,1.0,5008.810600757599
depth3_bal_MAAMMA,3,MAAMMA,21950,263400,0.17017842332522073,0.204290509223938,0.22191597265856608,0.9840078328981723,0.9843342036553525,0.9711377111533729,0.9973890339425587,0.0003,1.0,5016.662808895111
depth3_bal_MAAMMA,3,MAAMMA,21975,263700,0.8667120287815729,0.6847078005472819,0.7362577387264797,0.7199738903394256,0.7532637075718016,0.7627251370399374,0.9973890339425587,0.0003,1.0,5023.303259372711
depth3_bal_MAAMMA,3,MAAMMA,22000,264000,0.03538962981353203,0.07818670570850372,0.09795371528182711,0.9993472584856397,0.9973890339425587,0.9940709251594138,0.9973890339425587,0.0003,1.0,5030.0080897808075
depth3_bal_MAAMMA,3,MAAMMA,22025,264300,0.029392030866195757,0.07860268155733745,0.10212521084717342,0.9996736292428199,0.9973890339425587,0.99328783980311,0.9973890339425587,0.0003,1.0,5036.443931341171
depth3_bal_MAAMMA,3,MAAMMA,22050,264600,0.0540004251524806,0.09888133158286412,0.11494660175272396,0.9996736292428199,0.9960835509138382,0.9929522317932654,0.9973890339425587,0.0003,1.0,5043.187340259552
depth3_bal_MAAMMA,3,MAAMMA,22075,264900,0.0370522765442729,0.08658064156770706,0.10765384957194328,0.9996736292428199,0.9973890339425587,0.9933997091397248,0.9973890339425587,0.0003,1.0,5049.343506813049
depth3_bal_MAAMMA,3,MAAMMA,22100,265200,0.07420305659373601,0.1253286972641945,0.14212994596787862,0.9983681462140992,0.9960835509138382,0.991945407763732,0.9973890339425587,0.0003,1.0,5055.924900531769
depth3_bal_MAAMMA,3,MAAMMA,22125,265500,0.0294997055704395,0.07848488291104634,0.10471473559737206,1.0,0.9973890339425587,0.9935115784763396,0.9973890339425587,0.0003,1.0,5062.384130001068
depth3_bal_MAAMMA,3,MAAMMA,22150,265800,0.06867318134754896,0.10444084058205287,0.13411187252828052,0.9983681462140992,0.9973890339425587,0.9922810157735764,0.9973890339425587,0.0003,1.0,5068.860459804535
depth3_bal_MAAMMA,3,MAAMMA,22175,266100,0.03276732719192902,0.08646378417809804,0.10928677256618227,0.9996736292428199,0.9973890339425587,0.9931759704664951,0.9973890339425587,0.0003,1.0,5075.2060804367065
depth3_bal_MAAMMA,3,MAAMMA,22200,266400,0.047035692259669304,0.115178848306338,0.1326525309256145,0.9970626631853786,0.9895561357702349,0.9873587649625237,0.9973890339425587,0.0003,1.0,5081.531836509705
depth3_bal_MAAMMA,3,MAAMMA,22225,266700,0.03948687296360731,0.08949622884392738,0.1217634298971721,0.9990208877284595,0.9960835509138382,0.9916097997538874,0.9973890339425587,0.0003,1.0,5087.64804816246
depth3_bal_MAAMMA,3,MAAMMA,22250,267000,0.039696713288625084,0.08815444509188335,0.11308338812419347,0.9980417754569191,0.9960835509138382,0.9927284931200357,0.9973890339425587,0.0003,1.0,5094.225068807602
depth3_bal_MAAMMA,3,MAAMMA,22275,267300,0.23622054358323416,0.2654315580924352,0.28896667531558445,0.9911879895561357,0.9843342036553525,0.9778498713502629,0.9973890339425587,0.0003,1.0,5100.620067358017
depth3_bal_MAAMMA,3,MAAMMA,22300,267600,0.042959038789073624,0.09066533545653026,0.12356090460504804,0.9986945169712794,0.9960835509138382,0.989931759704665,0.9973890339425587,0.0003,1.0,5106.887307405472
depth3_bal_MAAMMA,3,MAAMMA,22325,267900,0.03017724383001526,0.07998570054769516,0.10559658312371799,1.0,0.9973890339425587,0.9940709251594138,0.9973890339425587,0.0003,1.0,5113.377574443817
depth3_bal_MAAMMA,3,MAAMMA,22350,268200,0.06138330418616533,0.10946071892976761,0.13159541423831667,1.0,0.9960835509138382,0.9922810157735764,0.9973890339425587,0.0003,1.0,5119.991216421127
depth3_bal_MAAMMA,3,MAAMMA,22375,268500,0.06012567194799582,0.11670371393362682,0.1434155210852623,0.9957571801566579,0.9882506527415144,0.9854569862400716,0.9973890339425587,0.0003,1.0,5126.610708236694
depth3_bal_MAAMMA,3,MAAMMA,22400,268800,0.036966691414515175,0.09092329690853755,0.11376654846327645,0.9996736292428199,0.9973890339425587,0.991274191744043,0.9973890339425587,0.0003,1.0,5132.816833019257
depth3_bal_MAAMMA,3,MAAMMA,22425,269100,0.028430471817652386,0.07455969353516896,0.10041514933109283,1.0,0.9973890339425587,0.993959055822799,0.9973890339425587,0.0003,1.0,5139.267364025116
depth3_bal_MAAMMA,3,MAAMMA,22450,269400,0.4875861083467801,0.45397533973058063,0.46435796703611104,0.8733681462140992,0.9151436031331592,0.9020024611254055,0.9973890339425587,0.0003,1.0,5145.5648992061615
depth3_bal_MAAMMA,3,MAAMMA,22475,269700,0.03656176229317983,0.0805429903169473,0.10069095907466752,1.0,0.9973890339425587,0.993959055822799,0.9973890339425587,0.0003,1.0,5151.933936834335
depth3_bal_MAAMMA,3,MAAMMA,22500,270000,0.03171283099800348,0.08207772423823674,0.10294780603476933,1.0,0.9960835509138382,0.9931759704664951,0.9973890339425587,0.0003,1.0,5158.346747875214
depth3_bal_MAAMMA,3,MAAMMA,22525,270300,0.18262468402584395,0.2004354993502299,0.22700702164854322,0.9947780678851175,0.9934725848563969,0.9860163329231457,0.9973890339425587,0.0003,1.0,5164.455352544785
depth3_bal_MAAMMA,3,MAAMMA,22550,270600,0.03315241370971004,0.0852926919857661,0.10966433776276452,1.0,0.9973890339425587,0.9931759704664951,0.9973890339425587,0.0003,1.0,5171.056201219559
depth3_bal_MAAMMA,3,MAAMMA,22575,270900,0.11403534281998873,0.5160571833451589,0.5162738646779742,0.9703002610966057,0.8407310704960835,0.8489763955699743,0.9973890339425587,0.0003,1.0,5178.154479265213
depth3_bal_MAAMMA,3,MAAMMA,22600,271200,0.03938838684310516,0.08405522505442302,0.1050671426313264,1.0,0.9973890339425587,0.9935115784763396,0.9973890339425587,0.0003,1.0,5185.681770086288
depth3_bal_MAAMMA,3,MAAMMA,22625,271500,0.030284041228393715,0.08397084722916286,0.10077693845544543,1.0,0.9960835509138382,0.9930641011298803,0.9973890339425587,0.0003,1.0,5193.0834329128265
depth3_bal_MAAMMA,3,MAAMMA,22650,271800,0.05464300885796547,0.10003341734409332,0.11974813033427512,0.9996736292428199,0.9973890339425587,0.9930641011298803,0.9973890339425587,0.0003,1.0,5200.467264652252
depth3_bal_MAAMMA,3,MAAMMA,22675,272100,0.02927787648513913,0.08093370993932088,0.10209334482039724,1.0,0.9973890339425587,0.9938471864861841,0.9973890339425587,0.0003,1.0,5207.969052553177
depth3_bal_MAAMMA,3,MAAMMA,22700,272400,0.0640440850208203,0.11928993711868922,0.14104646018573216,0.9993472584856397,0.9947780678851175,0.9893724130215907,0.9973890339425587,0.0003,1.0,5215.266734600067
depth3_bal_MAAMMA,3,MAAMMA,22725,272700,0.036111203487962484,0.08886593207716942,0.11915930584073067,0.9980417754569191,0.9973890339425587,0.9928403624566506,0.9973890339425587,0.0003,1.0,5222.689636468887
depth3_bal_MAAMMA,3,MAAMMA,22750,273000,0.03933120767275492,0.0870367872218291,0.10860835665038654,1.0,0.9973890339425587,0.9928403624566506,0.9973890339425587,0.0003,1.0,5228.897339344025
depth3_bal_MAAMMA,3,MAAMMA,22775,273300,0.4429210498929024,0.5558900038401285,0.5614509080137525,0.8433420365535248,0.8120104438642297,0.8158630719319835,0.9973890339425587,0.0003,1.0,5235.141679048538
depth3_bal_MAAMMA,3,MAAMMA,22800,273600,0.03269976610317826,0.08332691589991252,0.10336905675274985,1.0,0.9960835509138382,0.9929522317932654,0.9973890339425587,0.0003,1.0,5241.790686368942
depth3_bal_MAAMMA,3,MAAMMA,22825,273900,0.030570002117504675,0.07962533583243687,0.1008403653545039,0.9993472584856397,0.9973890339425587,0.991945407763732,0.9973890339425587,0.0003,1.0,5246.771285057068
depth3_bal_MAAMMA,3,MAAMMA,22850,274200,0.03415160688261191,0.08380100006858508,0.0995822223169463,1.0,0.9973890339425587,0.9928403624566506,0.9973890339425587,0.0003,1.0,5249.843386411667
depth3_bal_MAAMMA,3,MAAMMA,22875,274500,0.02815263144051035,0.0827995737393697,0.10206294410995075,1.0,0.9947780678851175,0.9930641011298803,0.9973890339425587,0.0003,1.0,5252.292817831039
depth3_bal_MAAMMA,3,MAAMMA,22900,274800,0.4372754419843356,0.46585263808568317,0.5198698256696973,0.9046997389033943,0.9007832898172323,0.8928291755229891,0.9973890339425587,0.0003,1.0,5256.771044492722
depth3_bal_MAAMMA,3,MAAMMA,22925,275100,0.03465403181811174,0.08260646214087804,0.10491146711366517,0.9990208877284595,0.9947780678851175,0.9930641011298803,0.9973890339425587,0.0003,1.0,5263.091545581818
depth3_bal_MAAMMA,3,MAAMMA,22950,275400,0.0569657643015186,0.09924940516551335,0.11977164511169706,0.9996736292428199,0.9960835509138382,0.9920572771003467,0.9973890339425587,0.0003,1.0,5269.394734144211
depth3_bal_MAAMMA,3,MAAMMA,22975,275700,0.039428104956944786,0.09018093595902126,0.11159018618719918,0.9986945169712794,0.9947780678851175,0.9914979304172726,0.9973890339425587,0.0003,1.0,5275.985319375992
depth3_bal_MAAMMA,3,MAAMMA,23000,276000,0.8916563342014948,0.8326577146848043,0.9086324521473476,0.6968015665796344,0.6919060052219321,0.6783756572323526,0.9973890339425587,0.0003,1.0,5282.499690532684
depth3_bal_MAAMMA,3,MAAMMA,23025,276300,0.034455959064265095,0.08268539483348529,0.10320386152182306,1.0,0.9973890339425587,0.993959055822799,0.9973890339425587,0.0003,1.0,5289.3320100307465
depth3_bal_MAAMMA,3,MAAMMA,23050,276600,0.03075763334830602,0.08428936700026195,0.10831512840730803,1.0,0.9947780678851175,0.9922810157735764,0.9973890339425587,0.0003,1.0,5295.618705511093
depth3_bal_MAAMMA,3,MAAMMA,23075,276900,0.08636676582197349,0.1293032020330429,0.15122964531183242,0.9983681462140992,0.9947780678851175,0.9901554983778946,0.9973890339425587,0.0003,1.0,5302.336385726929
depth3_bal_MAAMMA,3,MAAMMA,23100,277200,0.035277088483174644,0.08034540091951688,0.10842866684709276,0.9996736292428199,0.9973890339425587,0.9927284931200357,0.9973890339425587,0.0003,1.0,5305.567295789719
depth3_bal_MAAMMA,3,MAAMMA,23125,277500,0.07028313788274924,0.11406660079956055,0.13390661967652184,0.9986945169712794,0.9973890339425587,0.9907148450609687,0.9973890339425587,0.0003,1.0,5308.005562782288
depth3_bal_MAAMMA,3,MAAMMA,23150,277800,0.030953434761613607,0.07817480092247327,0.10153018810919352,0.9996736292428199,0.9960835509138382,0.9921691464369616,0.9973890339425587,0.0003,1.0,5310.441910505295
depth3_bal_MAAMMA,3,MAAMMA,23175,278100,0.05800262621293465,0.09563080966472626,0.11614391739879336,1.0,0.9973890339425587,0.9929522317932654,0.9973890339425587,0.0003,1.0,5312.99539399147
depth3_bal_MAAMMA,3,MAAMMA,23200,278400,0.03310748562216759,0.0811204935113589,0.10030184718114989,1.0,0.9960835509138382,0.9937353171495693,0.9973890339425587,0.0003,1.0,5318.240497589111
depth3_bal_MAAMMA,3,MAAMMA,23225,278700,0.13178236844638982,0.16048677762349448,0.19408406828130995,0.9934725848563969,0.9921671018276762,0.9862400715963754,0.9973890339425587,0.0003,1.0,5324.9309713840485
depth3_bal_MAAMMA,3,MAAMMA,23250,279000,0.030273237265646458,0.08655889704823494,0.11339467359440668,1.0,0.9960835509138382,0.9937353171495693,0.9973890339425587,0.0003,1.0,5331.611002206802
depth3_bal_MAAMMA,3,MAAMMA,23275,279300,0.32109809915224713,0.5680254101753235,0.5857569285801478,0.8831592689295039,0.7950391644908616,0.8026624902114331,0.9973890339425587,0.0003,1.0,5338.334551334381
depth3_bal_MAAMMA,3,MAAMMA,23300,279600,0.03716602890441815,0.08655883868535359,0.10544527790376118,1.0,0.9973890339425587,0.9927284931200357,0.9973890339425587,0.0003,1.0,5344.609930753708
depth3_bal_MAAMMA,3,MAAMMA,23325,279900,0.031669941265136003,0.08498502274354298,0.10550115097846303,1.0,0.9973890339425587,0.9927284931200357,0.9973890339425587,0.0003,1.0,5351.208924531937
depth3_bal_MAAMMA,3,MAAMMA,23350,280200,0.06221098732203245,0.10789671291907628,0.12776103977646147,0.9996736292428199,0.9973890339425587,0.99328783980311,0.9973890339425587,0.0003,1.0,5357.88126373291
depth3_bal_MAAMMA,3,MAAMMA,23375,280500,0.03253524160633484,0.08810387675960858,0.11034148527043207,1.0,0.9973890339425587,0.9933997091397248,0.9973890339425587,0.0003,1.0,5364.5343108177185
depth3_bal_MAAMMA,3,MAAMMA,23400,280800,0.1300733300546805,0.19383029143015543,0.24283378720283508,0.9761749347258486,0.9608355091383812,0.9485401051571765,0.9973890339425587,0.0003,1.0,5371.173126935959
depth3_bal_MAAMMA,3,MAAMMA,23425,281100,0.03913374866048495,0.08679911245902379,0.11535905791180474,0.9996736292428199,0.9973890339425587,0.9914979304172726,0.9973890339425587,0.0003,1.0,5377.761646747589
depth3_bal_MAAMMA,3,MAAMMA,23450,281400,0.031284595374017954,0.08514492462078731,0.10826618064727102,1.0,0.9973890339425587,0.9936234478129544,0.9973890339425587,0.0003,1.0,5384.500024795532
depth3_bal_MAAMMA,3,MAAMMA,23475,281700,0.29851102953155834,0.28728580971558887,0.30291916046823775,0.9471279373368147,0.9712793733681462,0.9633068575903345,0.9973890339425587,0.0003,1.0,5391.179114580154
depth3_bal_MAAMMA,3,MAAMMA,23500,282000,0.04061656165868044,0.09390423322717349,0.11443149564521653,1.0,0.9973890339425587,0.9927284931200357,0.9973890339425587,0.0003,1.0,5397.805081367493
depth3_bal_MAAMMA,3,MAAMMA,23525,282300,0.06916818022727966,0.17956098914146423,0.2357727246625083,0.9911879895561357,0.9804177545691906,0.977066785993959,0.9973890339425587,0.0003,1.0,5404.335072040558
depth3_bal_MAAMMA,3,MAAMMA,23550,282600,0.035529532469809055,0.0892070010304451,0.11456391236611775,1.0,0.9973890339425587,0.9938471864861841,0.9973890339425587,0.0003,1.0,5411.059938907623
depth3_bal_MAAMMA,3,MAAMMA,23575,282900,0.029196007332454126,0.08934827397267024,0.11525337461914335,1.0,0.9960835509138382,0.9920572771003467,0.9973890339425587,0.0003,1.0,5417.630784988403
depth3_bal_MAAMMA,3,MAAMMA,23600,283200,0.03269849205389619,0.0848649467031161,0.1101632904793535,1.0,0.9973890339425587,0.9925047544468061,0.9973890339425587,0.0003,1.0,5424.005172252655
depth3_bal_MAAMMA,3,MAAMMA,23625,283500,0.03184336656704545,0.10115999231735866,0.1149100162088871,0.9973890339425587,0.9921671018276762,0.9887011970019017,0.9973890339425587,0.0003,1.0,5430.399304151535
depth3_bal_MAAMMA,3,MAAMMA,23650,283800,0.16882680977384248,0.2822462519009908,0.2969673705952508,0.9761749347258486,0.9451697127937336,0.9474214117910281,0.9973890339425587,0.0003,1.0,5437.174278259277
depth3_bal_MAAMMA,3,MAAMMA,23675,284100,0.043190412844220795,0.09577175850669543,0.12135903175388063,0.9996736292428199,0.9934725848563969,0.9920572771003467,0.9973890339425587,0.0003,1.0,5443.892269849777
depth3_bal_MAAMMA,3,MAAMMA,23700,284400,0.047601901926100254,0.09877133866151173,0.12327965593763761,0.9977154046997389,0.9934725848563969,0.9904911063877391,0.9973890339425587,0.0003,1.0,5450.567178249359
depth3_bal_MAAMMA,3,MAAMMA,23725,284700,0.4625394170482953,0.4533785581588745,0.4773776956966945,0.835509138381201,0.8511749347258486,0.8439422754223067,0.9973890339425587,0.0003,1.0,5457.1674654483795
depth3_bal_MAAMMA,3,MAAMMA,23750,285000,0.03781836976607641,0.08933503925800323,0.10581938177347183,0.9996736292428199,0.9973890339425587,0.9938471864861841,0.9973890339425587,0.0003,1.0,5463.937296390533
depth3_bal_MAAMMA,3,MAAMMA,23775,285300,0.035469241285075746,0.08611981694897015,0.10777046297277723,0.9993472584856397,0.9973890339425587,0.9913860610806577,0.9973890339425587,0.0003,1.0,5470.28214597702
depth3_bal_MAAMMA,3,MAAMMA,23800,285600,0.03631744130204121,0.08492750177780788,0.10666138614927019,1.0,0.9973890339425587,0.9935115784763396,0.9973890339425587,0.0003,1.0,5476.520784854889
depth3_bal_MAAMMA,3,MAAMMA,23825,285900,0.032769829500466585,0.09277204424142838,0.1140630338873182,0.9996736292428199,0.9960835509138382,0.9920572771003467,0.9973890339425587,0.0003,1.0,5483.371709823608
depth3_bal_MAAMMA,3,MAAMMA,23850,286200,0.04680444517483314,0.09583354244629542,0.11314728409051895,0.9990208877284595,0.9921671018276762,0.9927284931200357,0.9973890339425587,0.0003,1.0,5490.034725904465
depth3_bal_MAAMMA,3,MAAMMA,23875,286500,0.02690638058508436,0.08454507837692897,0.10496099420956202,1.0,0.9947780678851175,0.9930641011298803,0.9973890339425587,0.0003,1.0,5496.6724400520325
depth3_bal_MAAMMA,3,MAAMMA,23900,286800,0.02632354913900296,0.08985257397095363,0.11775346738951546,0.9996736292428199,0.9947780678851175,0.9923928851101913,0.9973890339425587,0.0003,1.0,5503.393221139908
depth3_bal_MAAMMA,3,MAAMMA,23925,287100,0.09735894699891408,0.13493924091259638,0.15760352164506913,0.9983681462140992,0.9960835509138382,0.9897080210314353,0.9973890339425587,0.0003,1.0,5510.15137386322
depth3_bal_MAAMMA,3,MAAMMA,23950,287400,0.19422502194841704,0.21318324903647104,0.24779255986213683,0.9611618798955613,0.95822454308094,0.9527911399485401,0.9973890339425587,0.0003,1.0,5517.019557237625
depth3_bal_MAAMMA,3,MAAMMA,23975,287700,0.04106517353405555,0.08274632816513379,0.10919181395854269,0.9993472584856397,0.9973890339425587,0.9923928851101913,0.9973890339425587,0.0003,1.0,5524.431437492371
depth3_bal_MAAMMA,3,MAAMMA,24000,288000,0.033540502190589905,0.08810419589281082,0.11289914090718542,1.0,0.9947780678851175,0.9918335384271171,0.9973890339425587,0.0003,1.0,5531.215776920319
depth3_bal_MAAMMA,3,MAAMMA,24025,288300,0.15849427320063114,0.17757830023765564,0.220553052851132,0.9670365535248042,0.9751958224543081,0.9635305962635642,0.9973890339425587,0.0003,1.0,5538.348352909088
depth3_bal_MAAMMA,3,MAAMMA,24050,288600,0.030414532249172527,0.07646966228882472,0.0981480530330113,1.0,0.9960835509138382,0.9937353171495693,0.9973890339425587,0.0003,1.0,5544.950802326202
depth3_bal_MAAMMA,3,MAAMMA,24075,288900,0.027292183600366116,0.07820311933755875,0.09971689017755644,1.0,0.9934725848563969,0.9921691464369616,0.9973890339425587,0.0003,1.0,5551.303053617477
depth3_bal_MAAMMA,3,MAAMMA,24100,289200,0.06722129757205646,0.10582333306471507,0.1251495367714337,0.9996736292428199,0.9960835509138382,0.9927284931200357,0.9973890339425587,0.0003,1.0,5556.879943609238
depth3_bal_MAAMMA,3,MAAMMA,24125,289500,0.0380857161556681,0.07200817887981732,0.09511899575591087,0.9990208877284595,0.9960835509138382,0.991274191744043,0.9973890339425587,0.0003,1.0,5563.351049184799
depth3_bal_MAAMMA,3,MAAMMA,24150,289800,0.029392043749491375,0.07316089669863383,0.09867511615157128,0.9993472584856397,0.9960835509138382,0.9942946638326434,0.9973890339425587,0.0003,1.0,5569.963580131531
depth3_bal_MAAMMA,3,MAAMMA,24175,290100,0.026536802140374977,0.07686522603034973,0.10050911254116467,1.0,0.9960835509138382,0.9930641011298803,0.9973890339425587,0.0003,1.0,5576.4765384197235
depth3_bal_MAAMMA,3,MAAMMA,24200,290400,0.06422205331424873,0.1099101851383845,0.12837795423609868,0.9996736292428199,0.9960835509138382,0.9930641011298803,0.9973890339425587,0.0003,1.0,5582.898983716965
depth3_bal_MAAMMA,3,MAAMMA,24225,290700,0.0393546000123024,0.09105621029933293,0.11249982661434582,0.9996736292428199,0.9973890339425587,0.9918335384271171,0.9973890339425587,0.0003,1.0,5589.217290401459
depth3_bal_MAAMMA,3,MAAMMA,24250,291000,0.03774591162800789,0.08459758758544922,0.09720268675259182,1.0,0.9960835509138382,0.9944065331692583,0.9973890339425587,0.0003,1.0,5595.530921936035
depth3_bal_MAAMMA,3,MAAMMA,24275,291300,0.029259907857825358,0.09045855204264323,0.11077970276985849,1.0,0.9960835509138382,0.9922810157735764,0.9973890339425587,0.0003,1.0,5601.864763021469
depth3_bal_MAAMMA,3,MAAMMA,24300,291600,0.03832216281443834,0.09595941255489986,0.1167546095592635,0.9996736292428199,0.9973890339425587,0.9935115784763396,0.9973890339425587,0.0003,1.0,5608.393670320511
depth3_bal_MAAMMA,3,MAAMMA,24325,291900,1.0342075179020565,0.9389588236808777,0.9349630611283438,0.6282637075718016,0.6775456919060052,0.6621546034232016,0.9973890339425587,0.0003,1.0,5614.791881561279
depth3_bal_MAAMMA,3,MAAMMA,24350,292200,0.03499971361209949,0.08464379856983821,0.10601468054311616,1.0,0.9973890339425587,0.9929522317932654,0.9973890339425587,0.0003,1.0,5621.434690237045
depth3_bal_MAAMMA,3,MAAMMA,24375,292500,0.033267056879897915,0.09491899857918422,0.11722182322825704,0.9996736292428199,0.9973890339425587,0.9909385837341984,0.9973890339425587,0.0003,1.0,5627.975496053696
depth3_bal_MAAMMA,3,MAAMMA,24400,292800,0.05430787522345781,0.08027823021014531,0.10972745035375868,0.9944516971279374,0.9973890339425587,0.9900436290412797,0.9973890339425587,0.0003,1.0,5635.311019182205
depth3_bal_MAAMMA,3,MAAMMA,24425,293100,0.027105710779627163,0.07871691882610321,0.09932714711342538,1.0,0.9973890339425587,0.9941827944960286,0.9973890339425587,0.0003,1.0,5641.898899555206
depth3_bal_MAAMMA,3,MAAMMA,24450,293400,0.08745121024549007,0.13052288442850113,0.14728757185595376,0.9990208877284595,0.9960835509138382,0.9908267143975836,0.9973890339425587,0.0003,1.0,5648.2870280742645
depth3_bal_MAAMMA,3,MAAMMA,24475,293700,0.10014540143311024,0.1522026608387629,0.18485994637012482,0.9866187989556136,0.9843342036553525,0.9734869672222843,0.9973890339425587,0.0003,1.0,5654.579445362091
depth3_bal_MAAMMA,3,MAAMMA,24500,294000,0.02974974922835827,0.07885108888149261,0.10565411363329207,1.0,0.9960835509138382,0.9929522317932654,0.9973890339425587,0.0003,1.0,5661.148341655731
depth3_bal_MAAMMA,3,MAAMMA,24525,294300,0.049558219810326896,0.08435239146153133,0.11100462951830455,0.9996736292428199,0.9973890339425587,0.99328783980311,0.9973890339425587,0.0003,1.0,5667.877423286438
depth3_bal_MAAMMA,3,MAAMMA,24550,294600,1.7020078301429749,1.014476974805196,1.1888667413166591,0.5140339425587467,0.6501305483028721,0.609464145877615,0.9973890339425587,0.0003,1.0,5674.524821996689
depth3_bal_MAAMMA,3,MAAMMA,24575,294900,0.03976627284040054,0.0881711555023988,0.11218414923974446,0.9993472584856397,0.9973890339425587,0.9929522317932654,0.9973890339425587,0.0003,1.0,5681.334594249725
depth3_bal_MAAMMA,3,MAAMMA,24600,295200,0.033318910747766495,0.08642563472191493,0.10888283891337258,0.9993472584856397,0.9947780678851175,0.9911623224074281,0.9973890339425587,0.0003,1.0,5687.898079156876
depth3_bal_MAAMMA,3,MAAMMA,24625,295500,0.5625604862968127,1.053530255953471,1.0031406232288906,0.8156005221932114,0.6736292428198434,0.6973934444568743,0.9973890339425587,0.0003,1.0,5694.398126363754
depth3_bal_MAAMMA,3,MAAMMA,24650,295800,0.03450337549050649,0.08659108479817708,0.10970579992447581,1.0,0.9960835509138382,0.99328783980311,0.9973890339425587,0.0003,1.0,5702.250799894333
depth3_bal_MAAMMA,3,MAAMMA,24675,296100,0.03061516520877679,0.09452215830485027,0.11819445788860321,1.0,0.9960835509138382,0.9916097997538874,0.9973890339425587,0.0003,1.0,5710.20205450058
depth3_bal_MAAMMA,3,MAAMMA,24700,296400,0.03363394442324837,0.0688066656390826,0.10315463596156665,0.9990208877284595,0.9947780678851175,0.9884774583286721,0.9973890339425587,0.0003,1.0,5717.857786655426
depth3_bal_MAAMMA,3,MAAMMA,24725,296700,0.02794620891412099,0.08085398624340694,0.11110462525061199,0.9993472584856397,0.9960835509138382,0.992616623783421,0.9973890339425587,0.0003,1.0,5723.8748462200165
depth3_bal_MAAMMA,3,MAAMMA,24750,297000,0.07452223636209965,0.11631935834884644,0.13981944578034536,0.9996736292428199,0.9960835509138382,0.9909385837341984,0.9973890339425587,0.0003,1.0,5730.5100021362305
depth3_bal_MAAMMA,3,MAAMMA,24775,297300,0.033631610994537674,0.08108572413523991,0.10816945838076727,1.0,0.9960835509138382,0.9930641011298803,0.9973890339425587,0.0003,1.0,5737.300607204437
depth3_bal_MAAMMA,3,MAAMMA,24800,297600,0.2868780953188737,0.2830437223116557,0.3319762868540628,0.9285248041775457,0.9203655352480418,0.9094977066785994,0.9973890339425587,0.0003,1.0,5744.102397680283
depth3_bal_MAAMMA,3,MAAMMA,24825,297900,0.2895816887418429,0.3096721867720286,0.33716742822102136,0.9761749347258486,0.9660574412532638,0.9618525562143416,0.9973890339425587,0.0003,1.0,5750.75686788559
depth3_bal_MAAMMA,3,MAAMMA,24850,298200,0.03947365563362837,0.07983734458684921,0.10590499692729541,1.0,0.9973890339425587,0.99328783980311,0.9973890339425587,0.0003,1.0,5757.486318588257
depth3_bal_MAAMMA,3,MAAMMA,24875,298500,0.03325985247890154,0.07846201459566753,0.10306343712977001,0.9990208877284595,0.9973890339425587,0.9933997091397248,0.9973890339425587,0.0003,1.0,5764.247935771942
depth3_bal_MAAMMA,3,MAAMMA,24900,298800,0.03974590295304855,0.08682471513748169,0.1084213701742036,0.9996736292428199,0.9947780678851175,0.9922810157735764,0.9973890339425587,0.0003,1.0,5770.887738466263
depth3_bal_MAAMMA,3,MAAMMA,24925,299100,0.03287403999517361,0.08753341436386108,0.10840728038123676,0.9990208877284595,0.9947780678851175,0.9923928851101913,0.9973890339425587,0.0003,1.0,5778.452095508575
depth3_bal_MAAMMA,3,MAAMMA,24950,299400,0.03157929408674439,0.08064216623703639,0.10586492461817605,1.0,0.9973890339425587,0.9927284931200357,0.9973890339425587,0.0003,1.0,5786.146108865738
depth3_bal_MAAMMA,3,MAAMMA,24975,299700,0.03298997071882089,0.09021947036186855,0.12276570115770613,1.0,0.9934725848563969,0.9895961516948204,0.9973890339425587,0.0003,1.0,5794.102663040161
depth3_bal_MAAMMA,3,MAAMMA,25000,300000,0.030351093659798305,0.0746180589000384,0.09768377712794712,0.9996736292428199,0.9960835509138382,0.993959055822799,0.9973890339425587,0.0003,1.0,5802.124544620514
depth3_bal_MAAMMA,3,MAAMMA,25025,300300,0.024539094728728134,0.08020232369502385,0.10263506227305957,1.0,0.9947780678851175,0.9929522317932654,0.9973890339425587,0.0003,1.0,5808.5634660720825
depth3_bal_MAAMMA,3,MAAMMA,25050,300600,0.055723488641281925,0.0960887869199117,0.12215026233877455,1.0,0.9960835509138382,0.9918335384271171,0.9973890339425587,0.0003,1.0,5815.353840827942
depth3_bal_MAAMMA,3,MAAMMA,25075,300900,0.0402277053023378,0.08706335475047429,0.1120811127126217,0.9986945169712794,0.9947780678851175,0.991945407763732,0.9973890339425587,0.0003,1.0,5822.003105401993
depth3_bal_MAAMMA,3,MAAMMA,25100,301200,0.32499249279499054,0.26955174406369525,0.29964178587709156,0.8903394255874674,0.9295039164490861,0.9202371629936235,0.9973890339425587,0.0003,1.0,5828.719880104065
depth3_bal_MAAMMA,3,MAAMMA,25125,301500,0.0350362208361427,0.08303020521998405,0.10720901010291917,1.0,0.9973890339425587,0.9928403624566506,0.9973890339425587,0.0003,1.0,5835.352063655853
depth3_bal_MAAMMA,3,MAAMMA,25150,301800,0.6333003987868627,0.5758950312932333,0.6555262480463301,0.7728459530026109,0.8107049608355091,0.7892381698176529,0.9973890339425587,0.0003,1.0,5841.973082780838
depth3_bal_MAAMMA,3,MAAMMA,25175,302100,0.03669956667969624,0.08390033865968387,0.10696781032851764,0.9996736292428199,0.9960835509138382,0.992616623783421,0.9973890339425587,0.0003,1.0,5848.634437084198
depth3_bal_MAAMMA,3,MAAMMA,25200,302400,0.03029268824805816,0.08151644716660182,0.11069228702357838,0.9996736292428199,0.9934725848563969,0.9913860610806577,0.9973890339425587,0.0003,1.0,5855.297563552856
depth3_bal_MAAMMA,3,MAAMMA,25225,302700,0.4330740024646123,0.450137734413147,0.4586112243788583,0.964425587467363,0.9530026109660574,0.9478688891374875,0.9973890339425587,0.0003,1.0,5861.738981246948
depth3_bal_MAAMMA,3,MAAMMA,25250,303000,0.038101106571654476,0.08368419234951337,0.10638256913849285,0.9996736292428199,0.9960835509138382,0.9921691464369616,0.9973890339425587,0.0003,1.0,5868.378830909729
depth3_bal_MAAMMA,3,MAAMMA,25275,303300,0.41767693559328717,0.4254925648371379,0.4586110557828631,0.956266318537859,0.9516971279373369,0.9366819554760041,0.9973890339425587,0.0003,1.0,5875.024481296539
depth3_bal_MAAMMA,3,MAAMMA,25300,303600,0.0421155970543623,0.08547092974185944,0.10832849166222981,1.0,0.9947780678851175,0.9928403624566506,0.9973890339425587,0.0003,1.0,5881.6291625499725
depth3_bal_MAAMMA,3,MAAMMA,25325,303900,0.12041371129453182,0.1541587859392166,0.1783954313823155,0.981396866840731,0.9869451697127938,0.9793041727262557,0.9973890339425587,0.0003,1.0,5888.046178102493
depth3_bal_MAAMMA,3,MAAMMA,25350,304200,0.04211666372915109,0.07729565848906834,0.10315140421901431,0.9983681462140992,0.9960835509138382,0.9927284931200357,0.9973890339425587,0.0003,1.0,5894.545184373856
depth3_bal_MAAMMA,3,MAAMMA,25375,304500,0.030351304293920595,0.07980246841907501,0.1038508694086756,1.0,0.9947780678851175,0.9921691464369616,0.9973890339425587,0.0003,1.0,5900.9618508815765
depth3_bal_MAAMMA,3,MAAMMA,25400,304800,0.6138975371917089,0.6919031341870626,0.6677565915243966,0.8048302872062664,0.7806788511749347,0.7713390759592795,0.9973890339425587,0.0003,1.0,5907.086424589157
depth3_bal_MAAMMA,3,MAAMMA,25425,305100,0.045856368417541184,0.07559717322389285,0.09729079008102418,0.9993472584856397,0.9973890339425587,0.9930641011298803,0.9973890339425587,0.0003,1.0,5913.37255191803
depth3_bal_MAAMMA,3,MAAMMA,25450,305400,0.03038232959806919,0.07989976555109024,0.09998540505766869,1.0,0.9947780678851175,0.9933997091397248,0.9973890339425587,0.0003,1.0,5919.637936592102
depth3_bal_MAAMMA,3,MAAMMA,25475,305700,0.3214583670099576,0.3335677186648051,0.35691072855676925,0.9592036553524804,0.9765013054830287,0.9573777827497483,0.9973890339425587,0.0003,1.0,5926.290092229843
depth3_bal_MAAMMA,3,MAAMMA,25500,306000,0.03554098308086395,0.08475331713755925,0.10732697333608354,1.0,0.9947780678851175,0.9925047544468061,0.9973890339425587,0.0003,1.0,5932.980077981949
depth3_bal_MAAMMA,3,MAAMMA,25525,306300,0.777288131415844,0.9402602712313334,0.9309994067464556,0.7823107049608355,0.7441253263707572,0.7356527575791476,0.9973890339425587,0.0003,1.0,5939.833556652069
depth3_bal_MAAMMA,3,MAAMMA,25550,306600,0.29317458843191463,0.34245143334070843,0.3529855617455074,0.8975195822454308,0.8890339425587467,0.8917104821568408,0.9973890339425587,0.0003,1.0,5945.471006631851
depth3_bal_MAAMMA,3,MAAMMA,25575,306900,0.036522312400241695,0.08080245802799861,0.10715943383319038,0.9996736292428199,0.9973890339425587,0.992616623783421,0.9973890339425587,0.0003,1.0,5950.591341495514
depth3_bal_MAAMMA,3,MAAMMA,25600,307200,0.031559547719856106,0.07635558024048805,0.10134808963962964,1.0,0.9973890339425587,0.9931759704664951,0.9973890339425587,0.0003,1.0,5956.4877190589905
depth3_bal_MAAMMA,3,MAAMMA,25625,307500,0.043864945570627846,0.12699846426645914,0.16605901483978544,0.9944516971279374,0.97911227154047,0.9694596711041503,0.9973890339425587,0.0003,1.0,5962.887022256851
depth3_bal_MAAMMA,3,MAAMMA,25650,307800,0.03691993343333403,0.07431540886561076,0.10149183848074504,0.9996736292428199,0.9947780678851175,0.9927284931200357,0.9973890339425587,0.0003,1.0,5969.589234828949
depth3_bal_MAAMMA,3,MAAMMA,25675,308100,0.028596072768171627,0.07898476719856262,0.10711660523499761,1.0,0.9947780678851175,0.9925047544468061,0.9973890339425587,0.0003,1.0,5976.895104885101
depth3_bal_MAAMMA,3,MAAMMA,25700,308400,0.043665373076995216,0.08458422000209491,0.11316560634544917,0.9973890339425587,0.9947780678851175,0.9890368050117463,0.9973890339425587,0.0003,1.0,5983.4066660404205
depth3_bal_MAAMMA,3,MAAMMA,25725,308700,1.9565444091955821,1.4156534671783447,1.3724109751837594,0.42721932114882505,0.46344647519582244,0.47578028862288846,0.9973890339425587,0.0003,1.0,5990.212652206421
depth3_bal_MAAMMA,3,MAAMMA,25750,309000,0.04552143315474192,0.09749382113416989,0.12068969032594136,0.9993472584856397,0.9960835509138382,0.991274191744043,0.9973890339425587,0.0003,1.0,5996.762372493744
depth3_bal_MAAMMA,3,MAAMMA,25775,309300,0.054038191524644695,0.1131765345732371,0.13891723262412206,0.9964099216710183,0.9908616187989556,0.9871350262892941,0.9973890339425587,0.0003,1.0,6003.484352827072
depth3_bal_MAAMMA,3,MAAMMA,25800,309600,0.032759826785574354,0.07641846065719922,0.09745301700064114,1.0,0.9973890339425587,0.9938471864861841,0.9973890339425587,0.0003,1.0,6010.227261304855
depth3_bal_MAAMMA,3,MAAMMA,25825,309900,0.5145234242081642,0.5094060103098551,0.5611203065940312,0.8537859007832899,0.8485639686684073,0.8305179550285267,0.9973890339425587,0.0003,1.0,6016.855554103851
depth3_bal_MAAMMA,3,MAAMMA,25850,310200,0.036729913825790085,0.07366820548971494,0.09443278557487897,1.0,0.9973890339425587,0.9938471864861841,0.9973890339425587,0.0003,1.0,6023.514551639557
depth3_bal_MAAMMA,3,MAAMMA,25875,310500,0.031118457205593586,0.07852833345532417,0.10870990785104888,0.9996736292428199,0.9973890339425587,0.9914979304172726,0.9973890339425587,0.0003,1.0,6030.176995754242
depth3_bal_MAAMMA,3,MAAMMA,25900,310800,0.034811057771245636,0.08274006098508835,0.10472305012600762,0.9993472584856397,0.9973890339425587,0.9935115784763396,0.9973890339425587,0.0003,1.0,6036.844707727432
depth3_bal_MAAMMA,3,MAAMMA,25925,311100,0.027582792410006125,0.08250243713458379,0.10122907342655318,1.0,0.9947780678851175,0.99328783980311,0.9973890339425587,0.0003,1.0,6043.495987415314
depth3_bal_MAAMMA,3,MAAMMA,25950,311400,0.13806702941656113,0.18013702829678854,0.20805300644465854,0.9970626631853786,0.9921671018276762,0.9846739008837677,0.9973890339425587,0.0003,1.0,6049.807024240494
depth3_bal_MAAMMA,3,MAAMMA,25975,311700,0.04427052444467942,0.08145369837681453,0.10949377225978034,0.9993472584856397,0.9960835509138382,0.9907148450609687,0.9973890339425587,0.0003,1.0,6056.372761487961
depth3_bal_MAAMMA,3,MAAMMA,26000,312000,0.03905733892073234,0.0810614787042141,0.10177849020276751,1.0,0.9960835509138382,0.991945407763732,0.9973890339425587,0.0003,1.0,6062.905554056168
depth3_bal_MAAMMA,3,MAAMMA,26025,312300,0.03234970305735866,0.08304120600223541,0.10800748690962791,1.0,0.9960835509138382,0.9936234478129544,0.9973890339425587,0.0003,1.0,6069.649412870407
depth3_bal_MAAMMA,3,MAAMMA,26050,312600,0.5257325867811838,0.5334336558977762,0.5474251295839038,0.8714099216710183,0.8420365535248042,0.850542566282582,0.9973890339425587,0.0003,1.0,6076.278692483902
depth3_bal_MAAMMA,3,MAAMMA,26075,312900,0.03242111299186945,0.06530210375785828,0.09406979041440146,1.0,0.9973890339425587,0.9936234478129544,0.9973890339425587,0.0003,1.0,6083.333169460297
depth3_bal_MAAMMA,3,MAAMMA,26100,313200,0.02816508539641897,0.0741989736755689,0.10156514942646026,1.0,0.9947780678851175,0.9923928851101913,0.9973890339425587,0.0003,1.0,6090.650601148605
depth3_bal_MAAMMA,3,MAAMMA,26125,313500,0.06986267243822415,0.11785487582286198,0.13834584057331084,0.9983681462140992,0.9947780678851175,0.9911623224074281,0.9973890339425587,0.0003,1.0,6097.996933460236
depth3_bal_MAAMMA,3,MAAMMA,26150,313800,0.037644565726319947,0.0903532827893893,0.10823655894824437,1.0,0.9960835509138382,0.9921691464369616,0.9973890339425587,0.0003,1.0,6104.536965608597
depth3_bal_MAAMMA,3,MAAMMA,26175,314100,0.06378066384543975,0.11416649321715037,0.1404760777950287,0.9964099216710183,0.9960835509138382,0.9882537196554424,0.9973890339425587,0.0003,1.0,6111.22213602066
depth3_bal_MAAMMA,3,MAAMMA,26200,314400,0.0310549830707411,0.08974460015694301,0.11330215122018542,1.0,0.9947780678851175,0.9923928851101913,0.9973890339425587,0.0003,1.0,6117.824718475342
depth3_bal_MAAMMA,3,MAAMMA,26225,314700,0.026658392356087763,0.09227386986215909,0.1172335147857666,1.0,0.9934725848563969,0.9920572771003467,0.9973890339425587,0.0003,1.0,6124.384894371033
depth3_bal_MAAMMA,3,MAAMMA,26250,315000,0.08647112920880318,0.1311547557512919,0.15078536165612086,0.9990208877284595,0.9934725848563969,0.9908267143975836,0.9973890339425587,0.0003,1.0,6130.995828151703
depth3_bal_MAAMMA,3,MAAMMA,26275,315300,0.0355459259202083,0.08204065263271332,0.10575169229081699,1.0,0.9921671018276762,0.9918335384271171,0.9973890339425587,0.0003,1.0,6137.693428516388
depth3_bal_MAAMMA,3,MAAMMA,26300,315600,0.03110897820442915,0.07788470884164174,0.10805145012480873,1.0,0.9947780678851175,0.9914979304172726,0.9973890339425587,0.0003,1.0,6144.422334909439
depth3_bal_MAAMMA,3,MAAMMA,26325,315900,0.031556278467178345,0.0694318599998951,0.09678112332309996,1.0,0.9973890339425587,0.9935115784763396,0.9973890339425587,0.0003,1.0,6151.767828702927
depth3_bal_MAAMMA,3,MAAMMA,26350,316200,0.026661761881162722,0.07716495792071025,0.10164528414607048,1.0,0.9973890339425587,0.9931759704664951,0.9973890339425587,0.0003,1.0,6159.118680238724
depth3_bal_MAAMMA,3,MAAMMA,26375,316500,0.757166807850202,0.7696952025095621,0.7977953621319362,0.8436684073107049,0.8093994778067886,0.8090390423984786,0.9973890339425587,0.0003,1.0,6165.853900909424
depth3_bal_MAAMMA,3,MAAMMA,26400,316800,0.05042779538780451,0.09769813468058904,0.12124785993780408,1.0,0.9947780678851175,0.991945407763732,0.9973890339425587,0.0003,1.0,6172.266955137253
depth3_bal_MAAMMA,3,MAAMMA,26425,317100,0.04480510919044415,0.08639431496461232,0.11746111203517233,0.9986945169712794,0.9973890339425587,0.9923928851101913,0.9973890339425587,0.0003,1.0,6178.7791974544525
depth3_bal_MAAMMA,3,MAAMMA,26450,317400,0.043441769666969776,0.09825479611754417,0.11519883115376744,0.9990208877284595,0.9973890339425587,0.9922810157735764,0.9973890339425587,0.0003,1.0,6185.282197237015
depth3_bal_MAAMMA,3,MAAMMA,26475,317700,0.03301130266239246,0.08213186512390773,0.10545042072023664,1.0,0.9947780678851175,0.99328783980311,0.9973890339425587,0.0003,1.0,6189.210670471191
depth3_bal_MAAMMA,3,MAAMMA,26500,318000,0.03805776468167702,0.08663412431875865,0.11185807979532651,1.0,0.9973890339425587,0.9936234478129544,0.9973890339425587,0.0003,1.0,6192.468285560608
depth3_bal_MAAMMA,3,MAAMMA,26525,318300,0.05380389901498953,0.10541299233833949,0.1257595847759928,0.9993472584856397,0.9934725848563969,0.9894842823582056,0.9973890339425587,0.0003,1.0,6198.540501117706
depth3_bal_MAAMMA,3,MAAMMA,26550,318600,0.035065269408126674,0.0813873161872228,0.10839847092117583,0.9996736292428199,0.9960835509138382,0.9933997091397248,0.9973890339425587,0.0003,1.0,6205.908771753311
depth3_bal_MAAMMA,3,MAAMMA,26575,318900,0.0617812971274058,0.09469839682181676,0.12373368580426489,0.9973890339425587,0.9947780678851175,0.9922810157735764,0.9973890339425587,0.0003,1.0,6213.058790922165
depth3_bal_MAAMMA,3,MAAMMA,26600,319200,0.031382083582381405,0.08982586488127708,0.11206855944224767,0.9990208877284595,0.9934725848563969,0.9917216690905023,0.9973890339425587,0.0003,1.0,6219.852095365524
depth3_bal_MAAMMA,3,MAAMMA,26625,319500,0.48279515902201336,0.4986352324485779,0.5230273289339883,0.9350522193211488,0.9360313315926893,0.9124063094305851,0.9973890339425587,0.0003,1.0,6226.456249237061
depth3_bal_MAAMMA,3,MAAMMA,26650,319800,0.03703812540819248,0.08040501177310944,0.1067510271711009,1.0,0.9973890339425587,0.9930641011298803,0.9973890339425587,0.0003,1.0,6232.858711242676
depth3_bal_MAAMMA,3,MAAMMA,26675,320100,0.03434790034467975,0.07582178960243861,0.10429736897349358,0.9990208877284595,0.9960835509138382,0.9909385837341984,0.9973890339425587,0.0003,1.0,6239.355509996414
depth3_bal_MAAMMA,3,MAAMMA,26700,320400,0.07361204456537962,0.09468775739272435,0.12198954692908696,0.993798955613577,0.9960835509138382,0.9909385837341984,0.9973890339425587,0.0003,1.0,6245.8138263225555
depth3_bal_MAAMMA,3,MAAMMA,26725,320700,0.030112638293455046,0.07924749702215195,0.10607705722962107,1.0,0.9934725848563969,0.9931759704664951,0.9973890339425587,0.0003,1.0,6252.920068264008
depth3_bal_MAAMMA,3,MAAMMA,26750,321000,0.02790963479007284,0.06418383245666821,0.0937815574663026,1.0,0.9973890339425587,0.9940709251594138,0.9973890339425587,0.0003,1.0,6260.892908573151
depth3_bal_MAAMMA,3,MAAMMA,26775,321300,0.025589293024192255,0.07453263302644093,0.10020154443170343,1.0,0.9947780678851175,0.9935115784763396,0.9973890339425587,0.0003,1.0,6268.818323850632
depth3_bal_MAAMMA,3,MAAMMA,26800,321600,0.3365838974714279,0.35431332389513653,0.3764795550278255,0.9738903394255874,0.9634464751958225,0.9567065667300593,0.9973890339425587,0.0003,1.0,6276.777012586594
depth3_bal_MAAMMA,3,MAAMMA,26825,321900,0.03484335200240215,0.0781968745092551,0.10733843882169042,1.0,0.9973890339425587,0.9933997091397248,0.9973890339425587,0.0003,1.0,6284.745785951614
depth3_bal_MAAMMA,3,MAAMMA,26850,322200,0.04100313068677982,0.10529662171999614,0.125266860638346,0.9986945169712794,0.9921671018276762,0.9909385837341984,0.9973890339425587,0.0003,1.0,6290.891687870026
depth3_bal_MAAMMA,3,MAAMMA,26875,322500,0.034069969008366265,0.07283965374032657,0.09720819666981698,1.0,0.9973890339425587,0.99328783980311,0.9973890339425587,0.0003,1.0,6297.288567066193
depth3_bal_MAAMMA,3,MAAMMA,26900,322800,0.03249127029751738,0.08834705005089442,0.11052469770823206,0.9993472584856397,0.9960835509138382,0.9910504530708133,0.9973890339425587,0.0003,1.0,6303.691776514053
depth3_bal_MAAMMA,3,MAAMMA,26925,323100,0.07679534082611401,0.1070241207877795,0.12251650137560709,0.9977154046997389,0.9921671018276762,0.9894842823582056,0.9973890339425587,0.0003,1.0,6310.073947906494
depth3_bal_MAAMMA,3,MAAMMA,26950,323400,0.027828392572700977,0.06868538384636243,0.09704932740756443,1.0,0.9973890339425587,0.9933997091397248,0.9973890339425587,0.0003,1.0,6316.171603679657
depth3_bal_MAAMMA,3,MAAMMA,26975,323700,0.4319131101171176,0.4560065468152364,0.4782948749405997,0.9386422976501305,0.9190600522193212,0.9126300481038148,0.9973890339425587,0.0003,1.0,6322.519217014313
depth3_bal_MAAMMA,3,MAAMMA,27000,324000,0.035073304238418736,0.07481630394856136,0.10515480946217265,1.0,0.9960835509138382,0.9935115784763396,0.9973890339425587,0.0003,1.0,6329.143163919449
depth3_bal_MAAMMA,3,MAAMMA,27025,324300,0.1020865502456824,0.1489081730445226,0.18140357307025365,0.9885770234986945,0.97911227154047,0.9742700525785882,0.9973890339425587,0.0003,1.0,6335.913501739502
depth3_bal_MAAMMA,3,MAAMMA,27050,324600,0.029046399674067896,0.06805575142304103,0.09373468639595169,1.0,0.9973890339425587,0.9941827944960286,0.9973890339425587,0.0003,1.0,6342.656067371368
depth3_bal_MAAMMA,3,MAAMMA,27075,324900,0.02852251830821236,0.07376083607474963,0.10404534180249486,0.9996736292428199,0.9960835509138382,0.9923928851101913,0.9973890339425587,0.0003,1.0,6349.360739707947
depth3_bal_MAAMMA,3,MAAMMA,27100,325200,0.09660963403681914,0.14023326834042868,0.16091706178018025,0.9977154046997389,0.9921671018276762,0.9884774583286721,0.9973890339425587,0.0003,1.0,6356.60537815094
depth3_bal_MAAMMA,3,MAAMMA,27125,325500,0.036817717365920544,0.08114574973781903,0.10446845591068268,1.0,0.9960835509138382,0.9928403624566506,0.9973890339425587,0.0003,1.0,6364.580007314682
depth3_bal_MAAMMA,3,MAAMMA,27150,325800,0.07529405876994133,0.12599599858125052,0.1565823976482664,0.9895561357702349,0.9804177545691906,0.9756124846179662,0.9973890339425587,0.0003,1.0,6372.5490753650665
depth3_bal_MAAMMA,3,MAAMMA,27175,326100,0.0407392755150795,0.08288008222977321,0.10558530975665364,1.0,0.9973890339425587,0.9940709251594138,0.9973890339425587,0.0003,1.0,6379.251711130142
depth3_bal_MAAMMA,3,MAAMMA,27200,326400,0.033922536919514336,0.08348831410209338,0.10678370616265706,0.9996736292428199,0.9960835509138382,0.9936234478129544,0.9973890339425587,0.0003,1.0,6385.850385665894
depth3_bal_MAAMMA,3,MAAMMA,27225,326700,0.5122642070055008,0.48895060022672016,0.5188330522605351,0.8720626631853786,0.8903394255874674,0.8811947645150464,0.9973890339425587,0.0003,1.0,6392.2877016067505
depth3_bal_MAAMMA,3,MAAMMA,27250,327000,0.05503366639216741,0.09600561608870824,0.12226550600358418,0.9993472584856397,0.9973890339425587,0.99328783980311,0.9973890339425587,0.0003,1.0,6398.834354400635
depth3_bal_MAAMMA,3,MAAMMA,27275,327300,0.036073291363815464,0.08141784121592839,0.10640319106834276,1.0,0.9960835509138382,0.9927284931200357,0.9973890339425587,0.0003,1.0,6405.4932949543
depth3_bal_MAAMMA,3,MAAMMA,27300,327600,1.1618246585130692,1.243005673090617,1.3343090193612235,0.6109660574412533,0.5587467362924282,0.5359659917216691,0.9973890339425587,0.0003,1.0,6412.151680231094
depth3_bal_MAAMMA,3,MAAMMA,27325,327900,0.036191945895552635,0.08463513602813084,0.10737631406102861,1.0,0.9973890339425587,0.9925047544468061,0.9973890339425587,0.0003,1.0,6418.847615480423
depth3_bal_MAAMMA,3,MAAMMA,27350,328200,0.030406118060151737,0.08091599494218826,0.10419761400137628,1.0,0.9934725848563969,0.991945407763732,0.9973890339425587,0.0003,1.0,6425.069992303848
depth3_bal_MAAMMA,3,MAAMMA,27375,328500,0.6240253150463104,0.5292288661003113,0.5647059338433402,0.7767624020887729,0.8237597911227154,0.8000894954692919,0.9973890339425587,0.0003,1.0,6430.979846000671
depth3_bal_MAAMMA,3,MAAMMA,27400,328800,0.0348585182800889,0.0844981422026952,0.10992874300905636,1.0,0.9947780678851175,0.991945407763732,0.9973890339425587,0.0003,1.0,6437.517326116562
depth3_bal_MAAMMA,3,MAAMMA,27425,329100,0.030172639681647222,0.08017614111304283,0.10251094134790557,1.0,0.9947780678851175,0.9930641011298803,0.9973890339425587,0.0003,1.0,6444.130692958832
depth3_bal_MAAMMA,3,MAAMMA,27450,329400,0.26169368252158165,0.2703890303770701,0.28298658728599546,0.970626631853786,0.9804177545691906,0.9735988365588992,0.9973890339425587,0.0003,1.0,6450.778055667877
depth3_bal_MAAMMA,3,MAAMMA,27475,329700,0.02918159480517109,0.07108163461089134,0.09990202997412001,1.0,0.9973890339425587,0.9942946638326434,0.9973890339425587,0.0003,1.0,6457.433127164841
depth3_bal_MAAMMA,3,MAAMMA,27500,330000,0.08120082505047321,0.11277368168036143,0.13598749786615372,0.9996736292428199,0.9973890339425587,0.991274191744043,0.9973890339425587,0.0003,1.0,6464.255554437637
depth3_bal_MAAMMA,3,MAAMMA,27525,330300,0.03569233293334643,0.08362291008234024,0.10753635753478323,1.0,0.9934725848563969,0.992616623783421,0.9973890339425587,0.0003,1.0,6471.038238525391
depth3_bal_MAAMMA,3,MAAMMA,27550,330600,0.03298993998517593,0.07427185277144115,0.09630458472030504,1.0,0.9973890339425587,0.992616623783421,0.9973890339425587,0.0003,1.0,6477.732502222061
depth3_bal_MAAMMA,3,MAAMMA,27575,330900,0.02992875485991438,0.07325231780608495,0.09554282054305077,0.9986945169712794,0.9947780678851175,0.9923928851101913,0.9973890339425587,0.0003,1.0,6484.377964496613
depth3_bal_MAAMMA,3,MAAMMA,27600,331200,0.2907690356175105,0.3264649013678233,0.35196910670825415,0.9836814621409922,0.9608355091383812,0.9595033001454302,0.9973890339425587,0.0003,1.0,6490.663494825363
depth3_bal_MAAMMA,3,MAAMMA,27625,331500,0.0406014376009504,0.07882551103830338,0.10501096599868366,1.0,0.9947780678851175,0.992616623783421,0.9973890339425587,0.0003,1.0,6496.890175580978
depth3_bal_MAAMMA,3,MAAMMA,27650,331800,0.6426226248343786,0.6108011603355408,0.6469720278467451,0.7960182767624021,0.8263707571801566,0.8024387515382034,0.9973890339425587,0.0003,1.0,6503.602984666824
depth3_bal_MAAMMA,3,MAAMMA,27675,332100,0.031348812859505415,0.06793580700953801,0.09173360232795988,0.9990208877284595,0.9973890339425587,0.9931759704664951,0.9973890339425587,0.0003,1.0,6510.21768283844
depth3_bal_MAAMMA,3,MAAMMA,27700,332400,0.025081999444713194,0.07343243062496185,0.09443370364606381,1.0,0.9973890339425587,0.99328783980311,0.9973890339425587,0.0003,1.0,6516.588578701019
depth3_bal_MAAMMA,3,MAAMMA,27725,332700,0.05903919289509455,0.09683780620495479,0.11614791367735182,0.9996736292428199,0.9960835509138382,0.992616623783421,0.9973890339425587,0.0003,1.0,6523.578661680222
depth3_bal_MAAMMA,3,MAAMMA,27750,333000,0.03619748012473186,0.08010497316718102,0.1039405342723642,0.9996736292428199,0.9947780678851175,0.9929522317932654,0.9973890339425587,0.0003,1.0,6530.114938497543
depth3_bal_MAAMMA,3,MAAMMA,27775,333300,0.0875750823567311,0.1301542967557907,0.1592284939118794,0.9941253263707572,0.9882506527415144,0.9814296901219376,0.9973890339425587,0.0003,1.0,6536.59240937233
depth3_bal_MAAMMA,3,MAAMMA,27800,333600,0.029332958161830902,0.07503568132718404,0.09938579052686691,1.0,0.9960835509138382,0.9938471864861841,0.9973890339425587,0.0003,1.0,6542.946462631226
depth3_bal_MAAMMA,3,MAAMMA,27825,333900,0.2016553208231926,0.2275754859050115,0.2598047937665667,0.9872715404699739,0.9856396866840731,0.9746056605884327,0.9973890339425587,0.0003,1.0,6549.6282432079315
depth3_bal_MAAMMA,3,MAAMMA,27850,334200,0.0303943141674002,0.07200550784667333,0.09698377592223031,1.0,0.9973890339425587,0.9935115784763396,0.9973890339425587,0.0003,1.0,6556.135141849518
depth3_bal_MAAMMA,3,MAAMMA,27875,334500,0.02988717006519437,0.07474155599872272,0.09814693629741669,0.9996736292428199,0.9947780678851175,0.9931759704664951,0.9973890339425587,0.0003,1.0,6562.961318969727
depth3_bal_MAAMMA,3,MAAMMA,27900,334800,0.05680078702668349,0.09623455504576366,0.1271955370903015,0.9996736292428199,0.9960835509138382,0.9920572771003467,0.9973890339425587,0.0003,1.0,6569.479729652405
depth3_bal_MAAMMA,3,MAAMMA,27925,335100,0.03434724609057108,0.07593352099259694,0.10683194271155766,1.0,0.9947780678851175,0.9918335384271171,0.9973890339425587,0.0003,1.0,6575.9469792842865
depth3_bal_MAAMMA,3,MAAMMA,27950,335400,0.09657913322250049,0.15697879592577615,0.20701086946896144,0.9862924281984334,0.9712793733681462,0.9600626468285043,0.9973890339425587,0.0003,1.0,6583.197950124741
depth3_bal_MAAMMA,3,MAAMMA,27975,335700,0.04204464020828406,0.07719485585888226,0.10106810969965799,1.0,0.9973890339425587,0.9931759704664951,0.9973890339425587,0.0003,1.0,6590.32700920105
depth3_bal_MAAMMA,3,MAAMMA,28000,336000,0.031897443967560925,0.07068657626708348,0.09453394636511803,1.0,0.9947780678851175,0.9928403624566506,0.9973890339425587,0.0003,1.0,6597.524325370789
depth3_bal_MAAMMA,3,MAAMMA,28025,336300,0.029140216143180925,0.06951940432190895,0.09498786394085203,0.9996736292428199,0.9973890339425587,0.9930641011298803,0.9973890339425587,0.0003,1.0,6605.042684316635
depth3_bal_MAAMMA,3,MAAMMA,28050,336600,0.027495624187091987,0.07038419817884763,0.09471463646207537,1.0,0.9973890339425587,0.993959055822799,0.9973890339425587,0.0003,1.0,6612.404814481735
depth3_bal_MAAMMA,3,MAAMMA,28075,336900,0.05898438269893328,0.101199505229791,0.12164028286933899,1.0,0.9960835509138382,0.9921691464369616,0.9973890339425587,0.0003,1.0,6619.884505033493
depth3_bal_MAAMMA,3,MAAMMA,28100,337200,0.03368722693994641,0.07162924607594807,0.10820467557225909,0.9993472584856397,0.9921671018276762,0.9860163329231457,0.9973890339425587,0.0003,1.0,6627.285795927048
depth3_bal_MAAMMA,3,MAAMMA,28125,337500,0.0372727590923508,0.06848076234261195,0.09232006104929107,0.9986945169712794,0.9973890339425587,0.9930641011298803,0.9973890339425587,0.0003,1.0,6634.623299121857
depth3_bal_MAAMMA,3,MAAMMA,28150,337800,0.02744753286242485,0.07368940611680348,0.09798041677900723,1.0,0.9960835509138382,0.9937353171495693,0.9973890339425587,0.0003,1.0,6641.453589439392
depth3_bal_MAAMMA,3,MAAMMA,28175,338100,0.06261036079376936,0.10247895369927089,0.12142988060201917,0.9983681462140992,0.9947780678851175,0.9900436290412797,0.9973890339425587,0.0003,1.0,6648.548513650894
depth3_bal_MAAMMA,3,MAAMMA,28200,338400,1.2694116532802582,1.238999843597412,1.2658340658460345,0.5254569190600522,0.5143603133159269,0.5229891486743483,0.9973890339425587,0.0003,1.0,6655.9024703502655
depth3_bal_MAAMMA,3,MAAMMA,28225,338700,0.051775539914766945,0.09623731921116511,0.11686642680849348,1.0,0.9973890339425587,0.992616623783421,0.9973890339425587,0.0003,1.0,6663.23095035553
depth3_bal_MAAMMA,3,MAAMMA,28250,339000,0.06039585700879494,0.1063331017891566,0.12496582503829684,0.9980417754569191,0.9973890339425587,0.991274191744043,0.9973890339425587,0.0003,1.0,6670.681632518768
depth3_bal_MAAMMA,3,MAAMMA,28275,339300,0.030095738358795643,0.07396169006824493,0.09728008519325937,1.0,0.9960835509138382,0.9928403624566506,0.9973890339425587,0.0003,1.0,6677.905935764313
depth3_bal_MAAMMA,3,MAAMMA,28300,339600,0.030240925960242748,0.0955906609694163,0.12199992824878012,0.9990208877284595,0.9895561357702349,0.985121378230227,0.9973890339425587,0.0003,1.0,6684.311070203781
depth3_bal_MAAMMA,3,MAAMMA,28325,339900,0.041619362930456795,0.07395380114515622,0.09560878489698682,1.0,0.9973890339425587,0.9930641011298803,0.9973890339425587,0.0003,1.0,6690.993031978607
depth3_bal_MAAMMA,3,MAAMMA,28350,340200,0.441517839829127,0.35084061821301776,0.39816257698195323,0.847911227154047,0.9281984334203656,0.9024499384718648,0.9973890339425587,0.0003,1.0,6697.626402616501
depth3_bal_MAAMMA,3,MAAMMA,28375,340500,0.03409005639453729,0.07894761363665263,0.0994362426655633,1.0,0.9960835509138382,0.9931759704664951,0.9973890339425587,0.0003,1.0,6703.629531621933
depth3_bal_MAAMMA,3,MAAMMA,28400,340800,0.14932726634045443,1.6325393517812092,1.3504890067236763,0.9614882506527415,0.7271540469973891,0.7382257523212887,0.9973890339425587,0.0003,1.0,6706.15114402771
depth3_bal_MAAMMA,3,MAAMMA,28425,341100,0.062367881958683334,0.09513123333454132,0.11617763276611055,1.0,0.9973890339425587,0.9923928851101913,0.9973890339425587,0.0003,1.0,6708.6029641628265
depth3_bal_MAAMMA,3,MAAMMA,28450,341400,0.040029492850104965,0.08409989128510158,0.101799918285438,0.9993472584856397,0.9947780678851175,0.9917216690905023,0.9973890339425587,0.0003,1.0,6711.178915262222
depth3_bal_MAAMMA,3,MAAMMA,28475,341700,0.218153465539217,0.5855034391085306,0.5598470790045602,0.9487597911227154,0.814621409921671,0.8283924376328449,0.9973890339425587,0.0003,1.0,6713.626213312149
depth3_bal_MAAMMA,3,MAAMMA,28500,342000,0.029706135857850313,0.07106374576687813,0.09192075218473161,1.0,0.9960835509138382,0.99328783980311,0.9973890339425587,0.0003,1.0,6716.085537672043
depth3_bal_MAAMMA,3,MAAMMA,28525,342300,0.035707555090387665,0.08769113570451736,0.11048328237874168,0.9990208877284595,0.9960835509138382,0.9920572771003467,0.9973890339425587,0.0003,1.0,6718.591931819916
depth3_bal_MAAMMA,3,MAAMMA,28550,342600,0.05618910460422436,0.08860187480847041,0.11390201598405839,0.9993472584856397,0.9973890339425587,0.991274191744043,0.9973890339425587,0.0003,1.0,6721.159883022308
depth3_bal_MAAMMA,3,MAAMMA,28575,342900,0.034647971391677856,0.07839797188838322,0.10385076552629471,0.9993472584856397,0.9960835509138382,0.9927284931200357,0.9973890339425587,0.0003,1.0,6723.60680770874
depth3_bal_MAAMMA,3,MAAMMA,28600,343200,0.20152582104007402,0.20108075936635336,0.24142948516777585,0.9510443864229765,0.9712793733681462,0.9527911399485401,0.9973890339425587,0.0003,1.0,6726.046266794205
depth3_bal_MAAMMA,3,MAAMMA,28625,343500,0.9787677774826685,0.7525914907455444,0.8370980296816145,0.6690600522193212,0.7480417754569191,0.732632285490547,0.9973890339425587,0.0003,1.0,6728.59104013443
depth3_bal_MAAMMA,3,MAAMMA,28650,343800,0.034564011730253696,0.07749701291322708,0.10213098738874708,0.9996736292428199,0.9947780678851175,0.9923928851101913,0.9973890339425587,0.0003,1.0,6733.694222688675
depth3_bal_MAAMMA,3,MAAMMA,28675,344100,0.04255069171388944,0.08222733934720357,0.10440095790794918,0.9964099216710183,0.9934725848563969,0.9889249356751314,0.9973890339425587,0.0003,1.0,6739.690474033356
depth3_bal_MAAMMA,3,MAAMMA,28700,344400,0.054836258913079895,0.09007454415162404,0.10925772328461919,1.0,0.9973890339425587,0.9930641011298803,0.9973890339425587,0.0003,1.0,6746.024532794952
depth3_bal_MAAMMA,3,MAAMMA,28725,344700,0.03206971241161227,0.07075575366616249,0.09245789402297565,1.0,0.9960835509138382,0.992616623783421,0.9973890339425587,0.0003,1.0,6752.552235126495
depth3_bal_MAAMMA,3,MAAMMA,28750,345000,0.02805796715741356,0.06974533076087634,0.08936136641672679,1.0,0.9947780678851175,0.9918335384271171,0.9973890339425587,0.0003,1.0,6758.95622754097
depth3_bal_MAAMMA,3,MAAMMA,28775,345300,0.11882924412687619,0.4525175789992015,0.42507448962756567,0.9849869451697127,0.8759791122715405,0.8856695379796398,0.9973890339425587,0.0003,1.0,6765.400110721588
depth3_bal_MAAMMA,3,MAAMMA,28800,345600,0.03478124085813761,0.06094623853762945,0.08927418334143503,0.9990208877284595,0.9973890339425587,0.992616623783421,0.9973890339425587,0.0003,1.0,6772.10276722908
depth3_bal_MAAMMA,3,MAAMMA,28825,345900,0.02795348906268676,0.06521852562824886,0.09081406689115933,1.0,0.9947780678851175,0.9927284931200357,0.9973890339425587,0.0003,1.0,6778.728818655014
depth3_bal_MAAMMA,3,MAAMMA,28850,346200,0.999937484661738,0.9817535877227783,1.0058004907199314,0.7176892950391645,0.706266318537859,0.7069023380691353,0.9973890339425587,0.0003,1.0,6785.365747928619
depth3_bal_MAAMMA,3,MAAMMA,28875,346500,0.051310852790872254,0.08546274403731029,0.11142723773206983,1.0,0.9960835509138382,0.9927284931200357,0.9973890339425587,0.0003,1.0,6791.272119522095
depth3_bal_MAAMMA,3,MAAMMA,28900,346800,0.04003329326709112,0.06652108207345009,0.09632292868835586,0.9993472584856397,0.9960835509138382,0.9918335384271171,0.9973890339425587,0.0003,1.0,6798.000095844269
depth3_bal_MAAMMA,3,MAAMMA,28925,347100,0.08983256574720144,0.8902623653411865,0.8195628813334874,0.983355091383812,0.7454308093994778,0.7590334489316478,0.9973890339425587,0.0003,1.0,6804.672846794128
depth3_bal_MAAMMA,3,MAAMMA,28950,347400,0.03030915077154835,0.06377888470888138,0.09038829835397856,1.0,0.9960835509138382,0.9928403624566506,0.9973890339425587,0.0003,1.0,6811.10771894455
depth3_bal_MAAMMA,3,MAAMMA,28975,347700,0.06409972067922354,0.09790898859500885,0.12340274751186371,1.0,0.9973890339425587,0.9917216690905023,0.9973890339425587,0.0003,1.0,6817.61057138443
depth3_bal_MAAMMA,3,MAAMMA,29000,348000,0.03514172323048115,0.06815234074989955,0.09314685527767454,1.0,0.9973890339425587,0.9928403624566506,0.9973890339425587,0.0003,1.0,6823.950456619263
depth3_bal_MAAMMA,3,MAAMMA,29025,348300,0.04955672690023979,0.07753866414229076,0.10376654586621693,0.9993472584856397,0.9973890339425587,0.9929522317932654,0.9973890339425587,0.0003,1.0,6830.321590900421
depth3_bal_MAAMMA,3,MAAMMA,29050,348600,0.030389328642437857,0.06290475030740102,0.08712699285575322,1.0,0.9973890339425587,0.9941827944960286,0.9973890339425587,0.0003,1.0,6836.614754915237
depth3_bal_MAAMMA,3,MAAMMA,29075,348900,0.11042017551759879,0.13313954075177512,0.15653938480785914,0.9990208877284595,0.9960835509138382,0.9904911063877391,0.9973890339425587,0.0003,1.0,6843.22723031044
depth3_bal_MAAMMA,3,MAAMMA,29100,349200,0.033282164173821606,0.07403893272082011,0.0992375770849841,1.0,0.9973890339425587,0.9923928851101913,0.9973890339425587,0.0003,1.0,6850.006738185883
depth3_bal_MAAMMA,3,MAAMMA,29125,349500,1.3404767798880737,3.831307808558146,3.598537996837071,0.7464099216710183,0.38903394255874674,0.3946750195771339,0.9973890339425587,0.0003,1.0,6856.628822565079
depth3_bal_MAAMMA,3,MAAMMA,29150,349800,0.03760460733125607,0.07623122384150822,0.10159159036619322,1.0,0.9973890339425587,0.9928403624566506,0.9973890339425587,0.0003,1.0,6863.223336458206
depth3_bal_MAAMMA,3,MAAMMA,29175,350100,0.9272862672805786,0.8018428881963094,0.8515427402087621,0.6654699738903395,0.6762402088772846,0.6825148226871015,0.9973890339425587,0.0003,1.0,6869.6880259513855
depth3_bal_MAAMMA,3,MAAMMA,29200,350400,0.13967676584919295,0.18520757059256235,0.19989769331046514,0.9637728459530026,0.9660574412532638,0.9599507774918895,0.9973890339425587,0.0003,1.0,6876.33496427536
depth3_bal_MAAMMA,3,MAAMMA,29225,350700,0.03304122046877941,0.07344467317064603,0.0973517436001982,1.0,0.9973890339425587,0.9937353171495693,0.9973890339425587,0.0003,1.0,6883.125868320465
depth3_bal_MAAMMA,3,MAAMMA,29250,351000,0.028984096832573414,0.07179397344589233,0.09454786170806204,1.0,0.9947780678851175,0.9927284931200357,0.9973890339425587,0.0003,1.0,6889.781633377075
depth3_bal_MAAMMA,3,MAAMMA,29275,351300,0.059835407262047134,0.09184580544630687,0.11507360275302614,0.9993472584856397,0.9973890339425587,0.9929522317932654,0.9973890339425587,0.0003,1.0,6896.241770029068
depth3_bal_MAAMMA,3,MAAMMA,29300,351600,0.03069543745368719,0.06771394858757655,0.09206658016358103,1.0,0.9947780678851175,0.9929522317932654,0.9973890339425587,0.0003,1.0,6903.110013484955
depth3_bal_MAAMMA,3,MAAMMA,29325,351900,0.47181306034326553,0.471255083878835,0.4992019772529602,0.8616187989556136,0.8629242819843342,0.8629600626468285,0.9973890339425587,0.0003,1.0,6909.723246335983
depth3_bal_MAAMMA,3,MAAMMA,29350,352200,0.032977572021385036,0.0705700305600961,0.09387309476733208,0.9990208877284595,0.9973890339425587,0.994630271842488,0.9973890339425587,0.0003,1.0,6916.355270624161
depth3_bal_MAAMMA,3,MAAMMA,29375,352500,0.8295255353053411,0.8273932536443075,0.8480146101542881,0.7859007832898173,0.7728459530026109,0.7818547936010739,0.9973890339425587,0.0003,1.0,6923.138173341751
depth3_bal_MAAMMA,3,MAAMMA,29400,352800,0.049052515998482704,0.08637985959649086,0.11300323531031609,0.9996736292428199,0.9973890339425587,0.9930641011298803,0.9973890339425587,0.0003,1.0,6929.730199098587
depth3_bal_MAAMMA,3,MAAMMA,29425,353100,0.036542272505660854,0.08448263009389241,0.10761534028819629,1.0,0.9947780678851175,0.9923928851101913,0.9973890339425587,0.0003,1.0,6936.394797325134
depth3_bal_MAAMMA,3,MAAMMA,29450,353400,0.38810593138138455,0.48419161637624103,0.4730060270854405,0.8779373368146214,0.8590078328981723,0.8555766864302494,0.9973890339425587,0.0003,1.0,6942.850887060165
depth3_bal_MAAMMA,3,MAAMMA,29475,353700,0.051793492709596954,0.09000877539316814,0.11218307997499194,0.9993472584856397,0.9973890339425587,0.9918335384271171,0.9973890339425587,0.0003,1.0,6949.386471986771
depth3_bal_MAAMMA,3,MAAMMA,29500,354000,0.032627183478325605,0.07547629997134209,0.09890994461519377,1.0,0.9973890339425587,0.9936234478129544,0.9973890339425587,0.0003,1.0,6956.02513051033
depth3_bal_MAAMMA,3,MAAMMA,29525,354300,0.02818843349814415,0.08064920703570048,0.10378143191337585,1.0,0.9947780678851175,0.9922810157735764,0.9973890339425587,0.0003,1.0,6962.500862836838
depth3_bal_MAAMMA,3,MAAMMA,29550,354600,0.06890249035010736,0.12157256652911504,0.1583453900047711,0.9954308093994778,0.9856396866840731,0.980422866092404,0.9973890339425587,0.0003,1.0,6968.7683918476105
depth3_bal_MAAMMA,3,MAAMMA,29575,354900,0.10931861959397793,0.14379929502805075,0.1660565435886383,0.9986945169712794,0.9947780678851175,0.9895961516948204,0.9973890339425587,0.0003,1.0,6975.428243160248
depth3_bal_MAAMMA,3,MAAMMA,29600,355200,0.09729171730577946,0.13194488237301508,0.15949110686779022,0.985313315926893,0.9830287206266318,0.9786329567065667,0.9973890339425587,0.0003,1.0,6982.1591691970825
depth3_bal_MAAMMA,3,MAAMMA,29625,355500,0.20677198407550654,0.23123056689898172,0.2540679395198822,0.9392950391644909,0.9373368146214099,0.9375769101689228,0.9973890339425587,0.0003,1.0,6988.574131727219
depth3_bal_MAAMMA,3,MAAMMA,29650,355800,0.032923781468222536,0.06962540621558826,0.08765221525515829,1.0,0.9973890339425587,0.9941827944960286,0.9973890339425587,0.0003,1.0,6995.386954069138
depth3_bal_MAAMMA,3,MAAMMA,29675,356100,0.03268603499357899,0.07063913096984227,0.09170464745589665,0.9996736292428199,0.9973890339425587,0.9930641011298803,0.9973890339425587,0.0003,1.0,7002.245677471161
depth3_bal_MAAMMA,3,MAAMMA,29700,356400,0.258504015703996,0.2757843534151713,0.29769920110702514,0.985313315926893,0.9830287206266318,0.9786329567065667,0.9973890339425587,0.0003,1.0,7008.963931560516
depth3_bal_MAAMMA,3,MAAMMA,29725,356700,0.04228849895298481,0.08833846946557362,0.11179934175951141,0.9973890339425587,0.9960835509138382,0.9923928851101913,0.9973890339425587,0.0003,1.0,7015.705765724182
depth3_bal_MAAMMA,3,MAAMMA,29750,357000,0.043189400186141334,0.0830510916809241,0.10579072556325368,0.9990208877284595,0.9973890339425587,0.9922810157735764,0.9973890339425587,0.0003,1.0,7022.54834485054
depth3_bal_MAAMMA,3,MAAMMA,29775,357300,0.03208371934791406,0.0762468824783961,0.09691949923123633,1.0,0.9973890339425587,0.9923928851101913,0.9973890339425587,0.0003,1.0,7028.582882881165
depth3_bal_MAAMMA,3,MAAMMA,29800,357600,0.14023154911895594,0.16880019505818686,0.19853819012641907,0.9951044386422977,0.9843342036553525,0.9755006152813513,0.9973890339425587,0.0003,1.0,7035.259207487106
depth3_bal_MAAMMA,3,MAAMMA,29825,357900,0.03107737113411228,0.07470976809660594,0.09738354310393334,1.0,0.9973890339425587,0.9927284931200357,0.9973890339425587,0.0003,1.0,7041.785438299179
depth3_bal_MAAMMA,3,MAAMMA,29850,358200,6.0884805750101805,5.700581391652425,5.826714188711984,0.4337467362924282,0.17885117493472585,0.17910280792034902,0.9973890339425587,0.0003,1.0,7048.462243080139
depth3_bal_MAAMMA,3,MAAMMA,29875,358500,0.1634390763938427,0.23902414739131927,0.23042121487004416,0.9758485639686684,0.9660574412532638,0.9659917216690905,0.9973890339425587,0.0003,1.0,7054.694912195206
depth3_bal_MAAMMA,3,MAAMMA,29900,358800,0.04184801845500866,0.08037648846705754,0.10894479240689958,1.0,0.9973890339425587,0.991945407763732,0.9973890339425587,0.0003,1.0,7061.375724554062
depth3_bal_MAAMMA,3,MAAMMA,29925,359100,0.637171650926272,1.5326582590738933,1.3870046717779978,0.8266971279373369,0.6592689295039165,0.6844166014095536,0.9973890339425587,0.0003,1.0,7067.920481443405
depth3_bal_MAAMMA,3,MAAMMA,29950,359400,0.03594955212126175,0.07615475232402484,0.10381500061069215,0.9993472584856397,0.9973890339425587,0.9908267143975836,0.9973890339425587,0.0003,1.0,7074.660580873489
depth3_bal_MAAMMA,3,MAAMMA,29975,359700,0.028516238710532587,0.07190287361542384,0.09569940545729229,1.0,0.9973890339425587,0.9937353171495693,0.9973890339425587,0.0003,1.0,7081.131812572479
depth3_bal_MAAMMA,3,MAAMMA,30000,360000,0.0405332480246822,0.07719108710686366,0.09545769936272076,0.9986945169712794,0.9960835509138382,0.9937353171495693,0.9973890339425587,0.0003,1.0,7087.648279428482
depth3_bal_MAAMMA,3,MAAMMA,30025,360300,0.027630559168756008,0.0705755315721035,0.09209916261690003,1.0,0.9973890339425587,0.993959055822799,0.9973890339425587,0.0003,1.0,7094.198355674744
depth3_bal_MAAMMA,3,MAAMMA,30050,360600,0.06694132120658954,0.10256923238436381,0.12816847498927797,1.0,0.9973890339425587,0.9913860610806577,0.9973890339425587,0.0003,1.0,7100.735089302063
depth3_bal_MAAMMA,3,MAAMMA,30075,360900,0.04017629334703088,0.07859805102149646,0.11155245729855129,0.9973890339425587,0.9960835509138382,0.9866875489428347,0.9973890339425587,0.0003,1.0,7107.3631711006165
depth3_bal_MAAMMA,3,MAAMMA,30100,361200,0.053069278287390866,0.09331934154033661,0.11455701951469693,1.0,0.9960835509138382,0.9925047544468061,0.9973890339425587,0.0003,1.0,7113.893842220306
depth3_bal_MAAMMA,3,MAAMMA,30125,361500,0.2650405280292034,0.31395164132118225,0.3374934477465493,0.9262402088772846,0.9399477806788512,0.9177760375880971,0.9973890339425587,0.0003,1.0,7120.472114562988
depth3_bal_MAAMMA,3,MAAMMA,30150,361800,0.02898130069176356,0.07074042409658432,0.09398818101201739,1.0,0.9973890339425587,0.99328783980311,0.9973890339425587,0.0003,1.0,7127.242401123047
depth3_bal_MAAMMA,3,MAAMMA,30175,362100,0.04099445495133599,0.10921282321214676,0.11773227772542409,0.9954308093994778,0.9882506527415144,0.9859044635865309,0.9973890339425587,0.0003,1.0,7133.926129579544
depth3_bal_MAAMMA,3,MAAMMA,30200,362400,0.04018969275057316,0.08056950817505519,0.10558787062764168,0.9993472584856397,0.9960835509138382,0.9928403624566506,0.9973890339425587,0.0003,1.0,7140.582170009613
depth3_bal_MAAMMA,3,MAAMMA,30225,362700,0.03305263134340445,0.06728815038998921,0.09766300586717469,0.9996736292428199,0.9973890339425587,0.9928403624566506,0.9973890339425587,0.0003,1.0,7147.148562669754
depth3_bal_MAAMMA,3,MAAMMA,30250,363000,0.9785852581262589,0.8768021663029989,0.8686485171318055,0.6462140992167101,0.6579634464751958,0.662602080769661,0.9973890339425587,0.0003,1.0,7153.76544380188
depth3_bal_MAAMMA,3,MAAMMA,30275,363300,0.030535532006373007,0.06961594770352046,0.09402445299284799,0.9996736292428199,0.9960835509138382,0.9933997091397248,0.9973890339425587,0.0003,1.0,7160.132879018784
depth3_bal_MAAMMA,3,MAAMMA,30300,363600,0.15592172493537268,0.18419176836808523,0.2072798171213695,0.9977154046997389,0.9960835509138382,0.9897080210314353,0.9973890339425587,0.0003,1.0,7166.589378833771
depth3_bal_MAAMMA,3,MAAMMA,30325,363900,0.03482142649590969,0.07277512798706691,0.09789328394191606,1.0,0.9973890339425587,0.9927284931200357,0.9973890339425587,0.0003,1.0,7173.341265916824
depth3_bal_MAAMMA,3,MAAMMA,30350,364200,0.16173862045009932,0.19722727437814078,0.214230312194143,0.9823759791122716,0.9804177545691906,0.9734869672222843,0.9973890339425587,0.0003,1.0,7180.024409770966
depth3_bal_MAAMMA,3,MAAMMA,30375,364500,0.028395612879345816,0.0718323787053426,0.09604552249823298,1.0,0.9973890339425587,0.9936234478129544,0.9973890339425587,0.0003,1.0,7186.564628839493
depth3_bal_MAAMMA,3,MAAMMA,30400,364800,0.08856738389780124,0.22248403231302896,0.2587817907333374,0.9810704960835509,0.9412532637075718,0.9362344781295447,0.9973890339425587,0.0003,1.0,7192.835921287537
depth3_bal_MAAMMA,3,MAAMMA,30425,365100,0.05603395154078802,0.09425935397545497,0.12312241941690445,1.0,0.9973890339425587,0.9922810157735764,0.9973890339425587,0.0003,1.0,7199.572122097015
depth3_bal_MAAMMA,3,MAAMMA,30450,365400,0.08148007653653622,0.1578883429368337,0.16435099840164186,0.9872715404699739,0.9738903394255874,0.9689003244210762,0.9973890339425587,0.0003,1.0,7205.828139305115
depth3_bal_MAAMMA,3,MAAMMA,30475,365700,0.03494906301299731,0.07067619015773137,0.09663586722952978,1.0,0.9973890339425587,0.9931759704664951,0.9973890339425587,0.0003,1.0,7212.680363893509
depth3_bal_MAAMMA,3,MAAMMA,30500,366000,0.051941972225904465,0.08989698191483815,0.1113772988319397,0.9996736292428199,0.9960835509138382,0.9928403624566506,0.9973890339425587,0.0003,1.0,7218.846023797989
depth3_bal_MAAMMA,3,MAAMMA,30525,366300,0.0340187136704723,0.07070305074254672,0.09734740533999034,0.9993472584856397,0.9960835509138382,0.992616623783421,0.9973890339425587,0.0003,1.0,7225.323505401611
depth3_bal_MAAMMA,3,MAAMMA,30550,366600,0.06786639522761106,0.09917061279217403,0.12317875474691391,0.9980417754569191,0.9960835509138382,0.9928403624566506,0.9973890339425587,0.0003,1.0,7233.168391227722
depth3_bal_MAAMMA,3,MAAMMA,30575,366900,0.02750352630391717,0.06868798037370046,0.09486422325883592,1.0,0.9973890339425587,0.99328783980311,0.9973890339425587,0.0003,1.0,7235.668972969055
depth3_bal_MAAMMA,3,MAAMMA,30600,367200,0.24927615746855736,0.28075454632441205,0.2937367490359715,0.9869451697127938,0.9869451697127938,0.9776261326770332,0.9973890339425587,0.0003,1.0,7238.268879413605
depth3_bal_MAAMMA,3,MAAMMA,30625,367500,0.03718571892629067,0.07751374691724777,0.10574444649474961,1.0,0.9973890339425587,0.99328783980311,0.9973890339425587,0.0003,1.0,7240.751309156418
depth3_bal_MAAMMA,3,MAAMMA,30650,367800,0.39576692630847293,0.5524254043896993,0.5699444762298039,0.8704308093994778,0.804177545691906,0.8164224186150576,0.9973890339425587,0.0003,1.0,7243.232827663422
depth3_bal_MAAMMA,3,MAAMMA,30675,368100,0.03596494533121586,0.07368185743689537,0.09719386845827102,1.0,0.9960835509138382,0.9927284931200357,0.9973890339425587,0.0003,1.0,7245.718249082565
depth3_bal_MAAMMA,3,MAAMMA,30700,368400,0.16230521723628044,0.34643006324768066,0.3658696932452066,0.9608355091383812,0.9203655352480418,0.9117350934108961,0.9973890339425587,0.0003,1.0,7248.318913698196
depth3_bal_MAAMMA,3,MAAMMA,30725,368700,0.03500573585430781,0.07093185558915138,0.09718894617898123,0.9996736292428199,0.9973890339425587,0.9931759704664951,0.9973890339425587,0.0003,1.0,7250.793578386307
depth3_bal_MAAMMA,3,MAAMMA,30750,369000,0.029131806455552578,0.06964928035934766,0.0964623113828046,1.0,0.9973890339425587,0.9930641011298803,0.9973890339425587,0.0003,1.0,7253.253009796143
depth3_bal_MAAMMA,3,MAAMMA,30775,369300,0.32388724635044736,0.3504619499047597,0.38403802514076235,0.9676892950391645,0.9556135770234987,0.9463027184248798,0.9973890339425587,0.0003,1.0,7255.734485626221
depth3_bal_MAAMMA,3,MAAMMA,30800,369600,0.03448511613532901,0.07286906614899635,0.10147792654378074,1.0,0.9973890339425587,0.9931759704664951,0.9973890339425587,0.0003,1.0,7260.337834358215
depth3_bal_MAAMMA,3,MAAMMA,30825,369900,0.02690735397239526,0.06907936558127403,0.09549598300031253,1.0,0.9973890339425587,0.99328783980311,0.9973890339425587,0.0003,1.0,7268.157933712006
depth3_bal_MAAMMA,3,MAAMMA,30850,370200,0.07102060007552306,0.10128096987803777,0.1306535169482231,0.9986945169712794,0.9973890339425587,0.9925047544468061,0.9973890339425587,0.0003,1.0,7274.9566106796265
depth3_bal_MAAMMA,3,MAAMMA,30875,370500,0.03215846264113983,0.07211610799034436,0.10101149731448718,1.0,0.9960835509138382,0.9929522317932654,0.9973890339425587,0.0003,1.0,7281.092770576477
depth3_bal_MAAMMA,3,MAAMMA,30900,370800,0.07931410459180673,0.11179730792840321,0.13742353809731347,0.9996736292428199,0.9960835509138382,0.9930641011298803,0.9973890339425587,0.0003,1.0,7287.50288772583
depth3_bal_MAAMMA,3,MAAMMA,30925,371100,0.03181398302937547,0.06785409649213155,0.09178354197314807,0.9996736292428199,0.9960835509138382,0.9930641011298803,0.9973890339425587,0.0003,1.0,7293.75458574295
depth3_bal_MAAMMA,3,MAAMMA,30950,371400,0.531595287223657,0.5068693161010742,0.5372858422143119,0.883485639686684,0.9046997389033943,0.8792929857925943,0.9973890339425587,0.0003,1.0,7300.310349225998
depth3_bal_MAAMMA,3,MAAMMA,30975,371700,0.03305516950786114,0.06993212675054868,0.09285639620253018,0.9996736292428199,0.9973890339425587,0.9940709251594138,0.9973890339425587,0.0003,1.0,7306.988425016403
depth3_bal_MAAMMA,3,MAAMMA,31000,372000,0.1324607034524282,0.16272475322087607,0.18824628846985952,0.9983681462140992,0.9934725848563969,0.9884774583286721,0.9973890339425587,0.0003,1.0,7313.3993446826935
depth3_bal_MAAMMA,3,MAAMMA,31025,372300,0.032983770283559956,0.06976141780614853,0.10040852736149515,1.0,0.9973890339425587,0.9936234478129544,0.9973890339425587,0.0003,1.0,7319.8872084617615
depth3_bal_MAAMMA,3,MAAMMA,31050,372600,0.19724683091044426,0.2636404385169347,0.27350918054580686,0.9608355091383812,0.9308093994778068,0.9416042062870568,0.9973890339425587,0.0003,1.0,7326.4220225811005
depth3_bal_MAAMMA,3,MAAMMA,31075,372900,0.031559242556492485,0.0689224824309349,0.09855734312108584,1.0,0.9973890339425587,0.9940709251594138,0.9973890339425587,0.0003,1.0,7333.196637868881
depth3_bal_MAAMMA,3,MAAMMA,31100,373200,0.029368905816227198,0.06799052407344182,0.09509926842791694,1.0,0.9947780678851175,0.9927284931200357,0.9973890339425587,0.0003,1.0,7339.899847745895
depth3_bal_MAAMMA,3,MAAMMA,31125,373500,0.6211789846420288,0.6443787217140198,0.6699020828519548,0.8978459530026109,0.8798955613577023,0.8681060521311109,0.9973890339425587,0.0003,1.0,7347.700560808182
depth3_bal_MAAMMA,3,MAAMMA,31150,373800,0.04946483392268419,0.07371228188276291,0.10920444939817701,0.9993472584856397,0.9973890339425587,0.9933997091397248,0.9973890339425587,0.0003,1.0,7355.029241800308
depth3_bal_MAAMMA,3,MAAMMA,31175,374100,0.03370389466484388,0.06590630859136581,0.10035042975630079,0.9996736292428199,0.9973890339425587,0.99328783980311,0.9973890339425587,0.0003,1.0,7361.491055011749
depth3_bal_MAAMMA,3,MAAMMA,31200,374400,0.057289389272530876,0.08292511353890102,0.10688454742942538,1.0,0.9973890339425587,0.9929522317932654,0.9973890339425587,0.0003,1.0,7367.8289704322815
depth3_bal_MAAMMA,3,MAAMMA,31225,374700,0.15506031985084215,0.19581193725268045,0.23799982922417776,0.9585509138381201,0.9516971279373369,0.9421635529701309,0.9973890339425587,0.0003,1.0,7374.190469741821
depth3_bal_MAAMMA,3,MAAMMA,31250,375000,0.03256700358663996,0.06300444155931473,0.09182215513927595,1.0,0.9973890339425587,0.9936234478129544,0.9973890339425587,0.0003,1.0,7380.523795604706
depth3_bal_MAAMMA,3,MAAMMA,31275,375300,0.11411176311473052,0.14727203051249185,0.1682168539081301,0.9957571801566579,0.9973890339425587,0.9883655889920573,0.9973890339425587,0.0003,1.0,7386.93106842041
depth3_bal_MAAMMA,3,MAAMMA,31300,375600,0.030777510566016037,0.06864073872566223,0.09488909883158547,1.0,0.9973890339425587,0.9931759704664951,0.9973890339425587,0.0003,1.0,7393.289975404739
depth3_bal_MAAMMA,3,MAAMMA,31325,375900,2.4764106770356498,1.9428517421086628,2.0058394398008073,0.4154699738903394,0.3720626631853786,0.3887459447365477,0.9973890339425587,0.0003,1.0,7399.973164558411
depth3_bal_MAAMMA,3,MAAMMA,31350,376200,0.05526861237982909,0.08356389651695888,0.106264763964074,1.0,0.9973890339425587,0.9918335384271171,0.9973890339425587,0.0003,1.0,7406.437875509262
depth3_bal_MAAMMA,3,MAAMMA,31375,376500,0.03178350146239003,0.06825146824121475,0.09645016055021967,1.0,0.9973890339425587,0.99328783980311,0.9973890339425587,0.0003,1.0,7412.931789159775
depth3_bal_MAAMMA,3,MAAMMA,31400,376800,0.07858896690110366,0.10859812299410503,0.1346436415399824,0.9996736292428199,0.9973890339425587,0.9927284931200357,0.9973890339425587,0.0003,1.0,7419.68052148819
depth3_bal_MAAMMA,3,MAAMMA,31425,377100,0.030424799925337236,0.06745487203200658,0.09309079913156373,1.0,0.9973890339425587,0.9940709251594138,0.9973890339425587,0.0003,1.0,7426.240291595459
depth3_bal_MAAMMA,3,MAAMMA,31450,377400,0.03476796392351389,0.06843653445442517,0.09669136958462851,1.0,0.9973890339425587,0.9930641011298803,0.9973890339425587,0.0003,1.0,7432.92009139061
depth3_bal_MAAMMA,3,MAAMMA,31475,377700,0.03367558913305402,0.06503336628278096,0.08821134620479175,0.9993472584856397,0.9973890339425587,0.9938471864861841,0.9973890339425587,0.0003,1.0,7439.498749732971
depth3_bal_MAAMMA,3,MAAMMA,31500,378000,0.03244566467280189,0.07012614856163661,0.09489007592201233,1.0,0.9973890339425587,0.9935115784763396,0.9973890339425587,0.0003,1.0,7446.097448348999
depth3_bal_MAAMMA,3,MAAMMA,31525,378300,0.02762844894702236,0.0676080659031868,0.09159474724105426,0.9996736292428199,0.9973890339425587,0.9935115784763396,0.9973890339425587,0.0003,1.0,7452.918103694916
depth3_bal_MAAMMA,3,MAAMMA,31550,378600,0.050122061744332314,0.32239270210266113,0.38085647353104185,0.9931462140992167,0.9203655352480418,0.9101689226982884,0.9973890339425587,0.0003,1.0,7459.760752439499
depth3_bal_MAAMMA,3,MAAMMA,31575,378900,0.054308846903344,0.084737711896499,0.11424603377069746,0.9993472584856397,0.9947780678851175,0.9909385837341984,0.9973890339425587,0.0003,1.0,7463.150106430054
depth3_bal_MAAMMA,3,MAAMMA,31600,379200,0.1756177432835102,0.18144706885019937,0.19378577470779418,0.9856396866840731,0.9921671018276762,0.9862400715963754,0.9973890339425587,0.0003,1.0,7465.63348031044
depth3_bal_MAAMMA,3,MAAMMA,31625,379500,0.03367546759545803,0.06484980136156082,0.0902830298457827,1.0,0.9973890339425587,0.9922810157735764,0.9973890339425587,0.0003,1.0,7468.11084151268
depth3_bal_MAAMMA,3,MAAMMA,31650,379800,0.029366060936202604,0.07855014751354854,0.09966444575360843,1.0,0.9960835509138382,0.9928403624566506,0.9973890339425587,0.0003,1.0,7470.699487924576
depth3_bal_MAAMMA,3,MAAMMA,31675,380100,0.04426703881472349,0.0837713951865832,0.10701340032475336,1.0,0.9973890339425587,0.9928403624566506,0.9973890339425587,0.0003,1.0,7473.180780649185
depth3_bal_MAAMMA,3,MAAMMA,31700,380400,0.03256251181786259,0.07129772504170735,0.09365900744284902,1.0,0.9973890339425587,0.9937353171495693,0.9973890339425587,0.0003,1.0,7479.40443778038
depth3_bal_MAAMMA,3,MAAMMA,31725,380700,0.051338426768779755,0.09149215370416641,0.1093811456646238,0.9990208877284595,0.9973890339425587,0.9930641011298803,0.9973890339425587,0.0003,1.0,7486.005572557449
depth3_bal_MAAMMA,3,MAAMMA,31750,381000,0.03078428516164422,0.07880237822731335,0.09790169128349849,1.0,0.9973890339425587,0.9937353171495693,0.9973890339425587,0.0003,1.0,7491.73820066452
depth3_bal_MAAMMA,3,MAAMMA,31775,381300,0.03430151489252845,0.09027629842360814,0.10956935520683016,0.9986945169712794,0.9947780678851175,0.9911623224074281,0.9973890339425587,0.0003,1.0,7498.382485628128
depth3_bal_MAAMMA,3,MAAMMA,31800,381600,0.03744430157045523,0.07356776917974155,0.09879119321703911,1.0,0.9973890339425587,0.9938471864861841,0.9973890339425587,0.0003,1.0,7504.941890716553
depth3_bal_MAAMMA,3,MAAMMA,31825,381900,0.029260299789408844,0.06645245105028152,0.09353398584893771,0.9996736292428199,0.9973890339425587,0.99328783980311,0.9973890339425587,0.0003,1.0,7511.570749759674
depth3_bal_MAAMMA,3,MAAMMA,31850,382200,0.29112182060877484,0.2674572616815567,0.2924262034041541,0.9109007832898173,0.9360313315926893,0.9345564380803222,0.9973890339425587,0.0003,1.0,7518.057266712189
depth3_bal_MAAMMA,3,MAAMMA,31875,382500,0.03199323685839772,0.06656100725134213,0.08966679338897977,1.0,0.9973890339425587,0.9938471864861841,0.9973890339425587,0.0003,1.0,7524.7761352062225
depth3_bal_MAAMMA,3,MAAMMA,31900,382800,0.028881041798740625,0.06478786592682202,0.09399019660694259,0.9990208877284595,0.9960835509138382,0.9917216690905023,0.9973890339425587,0.0003,1.0,7531.461252450943
depth3_bal_MAAMMA,3,MAAMMA,31925,383100,0.034324697529276214,0.0724395861228307,0.08952776087181909,1.0,0.9973890339425587,0.9922810157735764,0.9973890339425587,0.0003,1.0,7538.2781665325165
depth3_bal_MAAMMA,3,MAAMMA,31950,383400,0.4150124862790108,0.4455288251241048,0.47593819584165303,0.964425587467363,0.9530026109660574,0.9353395234366261,0.9973890339425587,0.0003,1.0,7544.4361753463745
depth3_bal_MAAMMA,3,MAAMMA,31975,383700,0.043161152862012386,0.08044906705617905,0.10708884011421885,1.0,0.9973890339425587,0.9927284931200357,0.9973890339425587,0.0003,1.0,7551.219112873077
depth3_bal_MAAMMA,3,MAAMMA,32000,384000,0.03617917808393637,0.07617700348297755,0.09889198573572296,1.0,0.9934725848563969,0.9921691464369616,0.9973890339425587,0.0003,1.0,7558.4826736450195
depth3_bal_MAAMMA,3,MAAMMA,32025,384300,0.03662926362206539,0.06989839673042297,0.09789668491908482,0.9996736292428199,0.9973890339425587,0.9930641011298803,0.9973890339425587,0.0003,1.0,7566.07963013649
depth3_bal_MAAMMA,3,MAAMMA,32050,384600,0.1542442080875238,0.1792216201623281,0.19956238525254386,0.9957571801566579,0.9947780678851175,0.9854569862400716,0.9973890339425587,0.0003,1.0,7573.288790225983
depth3_bal_MAAMMA,3,MAAMMA,32075,384900,0.03534144659837087,0.07386971140901248,0.0969781514789377,1.0,0.9973890339425587,0.9927284931200357,0.9973890339425587,0.0003,1.0,7579.908987522125
depth3_bal_MAAMMA,3,MAAMMA,32100,385200,0.21901712007820606,0.420360932747523,0.47026018244879586,0.9468015665796344,0.8655352480417755,0.857925942499161,0.9973890339425587,0.0003,1.0,7586.5277717113495
depth3_bal_MAAMMA,3,MAAMMA,32125,385500,0.0399828984712561,0.07810184235374133,0.10080713342343058,1.0,0.9973890339425587,0.9922810157735764,0.9973890339425587,0.0003,1.0,7593.377422332764
depth3_bal_MAAMMA,3,MAAMMA,32150,385800,0.03067796879137556,0.07468326017260551,0.09546331060784204,1.0,0.9973890339425587,0.9929522317932654,0.9973890339425587,0.0003,1.0,7600.064774274826
depth3_bal_MAAMMA,3,MAAMMA,32175,386100,0.5857161581516266,0.8679532408714294,0.9277737396103996,0.7924281984334204,0.6279373368146214,0.6093522765410001,0.9973890339425587,0.0003,1.0,7606.740398168564
depth3_bal_MAAMMA,3,MAAMMA,32200,386400,0.0961794958760341,0.12993537386258444,0.16021738222667148,0.9993472584856397,0.9947780678851175,0.9891486743483611,0.9973890339425587,0.0003,1.0,7613.518044948578
depth3_bal_MAAMMA,3,MAAMMA,32225,386700,0.034087982339163624,0.07468472296992938,0.09713092584695135,0.9996736292428199,0.9973890339425587,0.9928403624566506,0.9973890339425587,0.0003,1.0,7620.066421747208
depth3_bal_MAAMMA,3,MAAMMA,32250,387000,0.03352321808536848,0.06734762837489446,0.09088023400732449,1.0,0.9973890339425587,0.9936234478129544,0.9973890339425587,0.0003,1.0,7626.562500476837
depth3_bal_MAAMMA,3,MAAMMA,32275,387300,0.0453858096152544,0.08465303480625153,0.10527216451508659,1.0,0.9973890339425587,0.9933997091397248,0.9973890339425587,0.0003,1.0,7633.275091409683
depth3_bal_MAAMMA,3,MAAMMA,32300,387600,0.03339348702381054,0.07286644726991653,0.09576536640524864,1.0,0.9973890339425587,0.9933997091397248,0.9973890339425587,0.0003,1.0,7639.977112531662
depth3_bal_MAAMMA,3,MAAMMA,32325,387900,0.07879738075037797,0.12407328188419342,0.13237338406699045,0.9993472584856397,0.9895561357702349,0.9910504530708133,0.9973890339425587,0.0003,1.0,7646.514258861542
depth3_bal_MAAMMA,3,MAAMMA,32350,388200,0.15554104124506316,0.16455495357513428,0.1864681086369923,0.9924934725848564,0.9934725848563969,0.9891486743483611,0.9973890339425587,0.0003,1.0,7653.174597501755
depth3_bal_MAAMMA,3,MAAMMA,32375,388500,0.035108804081877075,0.07096473127603531,0.09480834975838662,1.0,0.9973890339425587,0.9933997091397248,0.9973890339425587,0.0003,1.0,7659.879289150238
depth3_bal_MAAMMA,3,MAAMMA,32400,388800,0.03502752476682266,0.07809854423006375,0.10929442974073546,0.9986945169712794,0.9973890339425587,0.9903792370511243,0.9973890339425587,0.0003,1.0,7667.11022400856
depth3_bal_MAAMMA,3,MAAMMA,32425,389100,0.03380898991599679,0.07061995565891266,0.08952480480074883,0.9996736292428199,0.9973890339425587,0.9941827944960286,0.9973890339425587,0.0003,1.0,7673.81747174263
depth3_bal_MAAMMA,3,MAAMMA,32450,389400,0.27076925213138264,0.28453583518664044,0.3172642580100468,0.9376631853785901,0.943864229765013,0.9384718648618414,0.9973890339425587,0.0003,1.0,7681.683725595474
depth3_bal_MAAMMA,3,MAAMMA,32475,389700,0.03213080996647477,0.06752250840266545,0.09560878298112324,1.0,0.9973890339425587,0.9930641011298803,0.9973890339425587,0.0003,1.0,7689.655134439468
depth3_bal_MAAMMA,3,MAAMMA,32500,390000,0.20880261063575745,0.23967466255029043,0.24223299835409437,0.9598563968668408,0.933420365535248,0.9518961852556215,0.9973890339425587,0.0003,1.0,7694.713247060776
depth3_bal_MAAMMA,3,MAAMMA,32525,390300,0.02675989658261339,0.06152418007453283,0.08745692244597844,1.0,0.9973890339425587,0.9933997091397248,0.9973890339425587,0.0003,1.0,7697.19434428215
depth3_bal_MAAMMA,3,MAAMMA,32550,390600,0.19729997962713242,0.2315418223539988,0.2458829411438533,0.9960835509138382,0.9934725848563969,0.9855688555766864,0.9973890339425587,0.0003,1.0,7699.614030838013
depth3_bal_MAAMMA,3,MAAMMA,32575,390900,0.03887695943315824,0.07625551149249077,0.09968852017607008,1.0,0.9960835509138382,0.9914979304172726,0.9973890339425587,0.0003,1.0,7702.145780086517
depth3_bal_MAAMMA,3,MAAMMA,32600,391200,0.030805064210047323,0.05720381190379461,0.08245733465467181,1.0,0.9973890339425587,0.9944065331692583,0.9973890339425587,0.0003,1.0,7704.583949804306
depth3_bal_MAAMMA,3,MAAMMA,32625,391500,0.02638037797684471,0.0647898589571317,0.08973800683660167,1.0,0.9973890339425587,0.9936234478129544,0.9973890339425587,0.0003,1.0,7707.005934476852
depth3_bal_MAAMMA,3,MAAMMA,32650,391800,0.03644976454476515,0.0670547957221667,0.09037358005131994,0.9996736292428199,0.9973890339425587,0.994630271842488,0.9973890339425587,0.0003,1.0,7709.42266702652
depth3_bal_MAAMMA,3,MAAMMA,32675,392100,0.06445480852077405,0.09962038447459538,0.12214464949710029,0.9996736292428199,0.9973890339425587,0.99328783980311,0.9973890339425587,0.0003,1.0,7711.946231603622
depth3_bal_MAAMMA,3,MAAMMA,32700,392400,0.03980843691776196,0.10448095202445984,0.1261398372905595,0.9980417754569191,0.9947780678851175,0.9907148450609687,0.9973890339425587,0.0003,1.0,7714.376735925674
depth3_bal_MAAMMA,3,MAAMMA,32725,392700,0.03139959555119276,0.07047498474518459,0.09056383562939507,0.9996736292428199,0.9973890339425587,0.9945184025058731,0.9973890339425587,0.0003,1.0,7716.795339584351
depth3_bal_MAAMMA,3,MAAMMA,32750,393000,0.02795041399076581,0.06953007976214091,0.09011496390615191,1.0,0.9973890339425587,0.9931759704664951,0.9973890339425587,0.0003,1.0,7719.211843729019
depth3_bal_MAAMMA,3,MAAMMA,32775,393300,0.060306962579488754,0.10586538165807724,0.12259342968463897,0.9990208877284595,0.9947780678851175,0.9907148450609687,0.9973890339425587,0.0003,1.0,7721.741533756256
depth3_bal_MAAMMA,3,MAAMMA,32800,393600,0.26628179972370464,0.30968181292215985,0.3668796539306641,0.9324412532637075,0.9255874673629243,0.9128537867770444,0.9973890339425587,0.0003,1.0,7724.168741226196
depth3_bal_MAAMMA,3,MAAMMA,32825,393900,0.02963606733828783,0.07413044323523839,0.09975956508091517,1.0,0.9973890339425587,0.9940709251594138,0.9973890339425587,0.0003,1.0,7726.594649553299
depth3_bal_MAAMMA,3,MAAMMA,32850,394200,0.03218018542975187,0.08337581406037013,0.10962170628564698,0.9993472584856397,0.9960835509138382,0.9923928851101913,0.9973890339425587,0.0003,1.0,7729.013089418411
depth3_bal_MAAMMA,3,MAAMMA,32875,394500,0.036975892881552376,0.07536343485116959,0.10243817759411676,1.0,0.9960835509138382,0.9937353171495693,0.9973890339425587,0.0003,1.0,7731.537355661392
depth3_bal_MAAMMA,3,MAAMMA,32900,394800,0.02936730409661929,0.07133332639932632,0.09946588362966265,1.0,0.9960835509138382,0.9928403624566506,0.9973890339425587,0.0003,1.0,7733.9655418396
depth3_bal_MAAMMA,3,MAAMMA,32925,395100,0.03481146413832903,0.06984871253371239,0.09338516550404685,1.0,0.9973890339425587,0.9936234478129544,0.9973890339425587,0.0003,1.0,7736.402789354324
depth3_bal_MAAMMA,3,MAAMMA,32950,395400,0.028453842892001074,0.06920250505208969,0.09419353072132383,0.9996736292428199,0.9973890339425587,0.9944065331692583,0.9973890339425587,0.0003,1.0,7738.928671360016
depth3_bal_MAAMMA,3,MAAMMA,32975,395700,0.04908750765025616,0.08442234620451927,0.10635157589401517,0.9996736292428199,0.9973890339425587,0.9921691464369616,0.9973890339425587,0.0003,1.0,7741.347484588623
depth3_bal_MAAMMA,3,MAAMMA,33000,396000,0.03235296672210097,0.07724528511365254,0.09893620237708092,1.0,0.9960835509138382,0.992616623783421,0.9973890339425587,0.0003,1.0,7743.766309499741
depth3_bal_MAAMMA,3,MAAMMA,33025,396300,0.028070689644664526,0.06423061341047287,0.09128967161689486,1.0,0.9960835509138382,0.9937353171495693,0.9973890339425587,0.0003,1.0,7750.441274404526
depth3_bal_MAAMMA,3,MAAMMA,33050,396600,0.05120195665707191,0.08418365319569905,0.11871129253080913,0.9977154046997389,0.9921671018276762,0.9834433381810046,0.9973890339425587,0.0003,1.0,7758.140814781189
depth3_bal_MAAMMA,3,MAAMMA,33075,396900,0.026688484630237024,0.06411718825499217,0.0874658924128328,1.0,0.9973890339425587,0.993959055822799,0.9973890339425587,0.0003,1.0,7764.509519100189
depth3_bal_MAAMMA,3,MAAMMA,33100,397200,0.10822805886467297,0.1481316735347112,0.1639183180672782,0.9993472584856397,0.9947780678851175,0.9908267143975836,0.9973890339425587,0.0003,1.0,7770.808121204376
depth3_bal_MAAMMA,3,MAAMMA,33125,397500,0.037075287041564785,0.0818736304839452,0.10345837431294577,1.0,0.9947780678851175,0.9920572771003467,0.9973890339425587,0.0003,1.0,7776.303511381149
depth3_bal_MAAMMA,3,MAAMMA,33150,397800,0.03858109346280495,0.08164399862289429,0.10034195269857134,0.9996736292428199,0.9960835509138382,0.9918335384271171,0.9973890339425587,0.0003,1.0,7782.777908325195
depth3_bal_MAAMMA,3,MAAMMA,33175,398100,0.02975111858298381,0.0760975976785024,0.09939069726637431,1.0,0.9960835509138382,0.9935115784763396,0.9973890339425587,0.0003,1.0,7789.152774572372
depth3_bal_MAAMMA,3,MAAMMA,33200,398400,0.27105771005153656,0.33503198623657227,0.3677570487771715,0.9164490861618799,0.8864229765013055,0.883544020583958,0.9973890339425587,0.0003,1.0,7795.814548492432
depth3_bal_MAAMMA,3,MAAMMA,33225,398700,0.0360339746500055,0.07106901084383328,0.096101449323552,1.0,0.9973890339425587,0.9930641011298803,0.9973890339425587,0.0003,1.0,7802.491958618164
depth3_bal_MAAMMA,3,MAAMMA,33250,399000,0.033118134209265314,0.0728137840827306,0.09155050015875271,0.9996736292428199,0.9947780678851175,0.9922810157735764,0.9973890339425587,0.0003,1.0,7809.311306476593
depth3_bal_MAAMMA,3,MAAMMA,33275,399300,0.04101282606522242,0.0854328100879987,0.0993393395628248,0.9990208877284595,0.9947780678851175,0.990602975724354,0.9973890339425587,0.0003,1.0,7815.947693109512
depth3_bal_MAAMMA,3,MAAMMA,33300,399600,0.0316906914425393,0.0745010773340861,0.09075336083769799,0.9996736292428199,0.9947780678851175,0.9929522317932654,0.9973890339425587,0.0003,1.0,7822.379556655884
depth3_bal_MAAMMA,3,MAAMMA,33325,399900,0.03469954989850521,0.07576136663556099,0.0947720923594066,1.0,0.9973890339425587,0.9938471864861841,0.9973890339425587,0.0003,1.0,7828.960734367371
depth3_bal_MAAMMA,3,MAAMMA,33350,400200,0.03183258775000771,0.07203161840637524,0.09086118670446532,1.0,0.9960835509138382,0.9938471864861841,0.9973890339425587,0.0003,1.0,7835.610081195831
depth3_bal_MAAMMA,3,MAAMMA,33375,400500,0.04988011717796326,0.08321675037344296,0.10043080108506339,0.9980417754569191,0.9947780678851175,0.9933997091397248,0.9973890339425587,0.0003,1.0,7842.368526220322
depth3_bal_MAAMMA,3,MAAMMA,33400,400800,0.0299052931368351,0.07415772105256717,0.09460387570517403,0.9996736292428199,0.9960835509138382,0.99328783980311,0.9973890339425587,0.0003,1.0,7848.964746236801
depth3_bal_MAAMMA,3,MAAMMA,33425,401100,0.06607195890198152,0.10700371116399765,0.12198936002595084,0.9996736292428199,0.9921671018276762,0.989931759704665,0.9973890339425587,0.0003,1.0,7855.684362649918
depth3_bal_MAAMMA,3,MAAMMA,33450,401400,0.03400245836625496,0.06482930729786555,0.08738955110311508,1.0,0.9960835509138382,0.9925047544468061,0.9973890339425587,0.0003,1.0,7862.308906793594
depth3_bal_MAAMMA,3,MAAMMA,33475,401700,0.30131016050775844,0.3540501594543457,0.3804001382419041,0.9060052219321149,0.891644908616188,0.8900324421076183,0.9973890339425587,0.0003,1.0,7868.957995891571
depth3_bal_MAAMMA,3,MAAMMA,33500,402000,0.04389720596373081,0.07568932697176933,0.09727152798857008,1.0,0.9973890339425587,0.9930641011298803,0.9973890339425587,0.0003,1.0,7874.984112739563
depth3_bal_MAAMMA,3,MAAMMA,33525,402300,0.03394402423873544,0.06762675444285075,0.08924697147948402,1.0,0.9973890339425587,0.9930641011298803,0.9973890339425587,0.0003,1.0,7880.795852184296
depth3_bal_MAAMMA,3,MAAMMA,33550,402600,0.06826682792355616,0.13816286623477936,0.16822979024478368,0.993798955613577,0.9778067885117493,0.9762837006376552,0.9973890339425587,0.0003,1.0,7887.368615865707
depth3_bal_MAAMMA,3,MAAMMA,33575,402900,0.027129920509954292,0.07067256296674411,0.09398431149976594,1.0,0.9973890339425587,0.9933997091397248,0.9973890339425587,0.0003,1.0,7894.0381731987
depth3_bal_MAAMMA,3,MAAMMA,33600,403200,0.03647989376137654,0.07409583528836568,0.0986186218048845,0.9996736292428199,0.9973890339425587,0.9933997091397248,0.9973890339425587,0.0003,1.0,7900.544960021973
depth3_bal_MAAMMA,3,MAAMMA,33625,403500,0.027790778937439125,0.0657610110938549,0.08853990957140923,1.0,0.9973890339425587,0.9940709251594138,0.9973890339425587,0.0003,1.0,7907.199481010437
depth3_bal_MAAMMA,3,MAAMMA,33650,403800,0.03790569119155407,0.06146487842003504,0.08577318095735141,0.9983681462140992,0.9973890339425587,0.99328783980311,0.9973890339425587,0.0003,1.0,7913.833857536316
depth3_bal_MAAMMA,3,MAAMMA,33675,404100,0.027891144932558138,0.07029112428426743,0.0919725673539298,0.9996736292428199,0.9973890339425587,0.9936234478129544,0.9973890339425587,0.0003,1.0,7920.542991638184
depth3_bal_MAAMMA,3,MAAMMA,33700,404400,0.22666241228580475,0.25324855248133343,0.27059067487716676,0.9895561357702349,0.9856396866840731,0.977738002013648,0.9973890339425587,0.0003,1.0,7927.25639796257
depth3_bal_MAAMMA,3,MAAMMA,33725,404700,0.14054637278119722,0.1576979657014211,0.17293129712343216,0.9778067885117493,0.9804177545691906,0.9758362232911959,0.9973890339425587,0.0003,1.0,7934.107221603394
depth3_bal_MAAMMA,3,MAAMMA,33750,405000,0.03260500760128101,0.06789055963357289,0.08586656312857355,1.0,0.9973890339425587,0.9938471864861841,0.9973890339425587,0.0003,1.0,7940.808707714081
depth3_bal_MAAMMA,3,MAAMMA,33775,405300,0.26993460456530255,0.2707887540260951,0.31325479575565884,0.9295039164490861,0.9373368146214099,0.9176641682514822,0.9973890339425587,0.0003,1.0,7947.5078155994415
depth3_bal_MAAMMA,3,MAAMMA,33800,405600,0.029081427957862616,0.06369199355443318,0.08428131746394293,1.0,0.9973890339425587,0.9938471864861841,0.9973890339425587,0.0003,1.0,7954.2706644535065
depth3_bal_MAAMMA,3,MAAMMA,33825,405900,0.02569024559731285,0.06123136977354685,0.08230063202125686,1.0,0.9960835509138382,0.9935115784763396,0.9973890339425587,0.0003,1.0,7960.964076280594
depth3_bal_MAAMMA,3,MAAMMA,33850,406200,0.04415598697960377,0.0816288876036803,0.0995628464434828,1.0,0.9960835509138382,0.9929522317932654,0.9973890339425587,0.0003,1.0,7967.5894684791565
depth3_bal_MAAMMA,3,MAAMMA,33875,406500,0.02885943961640199,0.06817634652058284,0.09260380544832775,1.0,0.9973890339425587,0.9935115784763396,0.9973890339425587,0.0003,1.0,7974.352695226669
depth3_bal_MAAMMA,3,MAAMMA,33900,406800,0.03979516929636399,0.07665174081921577,0.09512455601777349,1.0,0.9960835509138382,0.9937353171495693,0.9973890339425587,0.0003,1.0,7981.158132791519
depth3_bal_MAAMMA,3,MAAMMA,33925,407100,0.20496762357652187,0.43764135241508484,0.4176394045352936,0.9357049608355091,0.8668407310704961,0.8778386844166014,0.9973890339425587,0.0003,1.0,7987.822651386261
depth3_bal_MAAMMA,3,MAAMMA,33950,407400,0.03266076324507594,0.07193572322527568,0.09093343285577637,1.0,0.9973890339425587,0.9941827944960286,0.9973890339425587,0.0003,1.0,7994.458936691284
depth3_bal_MAAMMA,3,MAAMMA,33975,407700,0.028195114495853584,0.0728834259013335,0.09559269036565508,0.9996736292428199,0.9960835509138382,0.9927284931200357,0.9973890339425587,0.0003,1.0,8001.225707292557
depth3_bal_MAAMMA,3,MAAMMA,34000,408000,0.05611364636570215,0.10048482567071915,0.12209258164678301,0.9996736292428199,0.9947780678851175,0.9889249356751314,0.9973890339425587,0.0003,1.0,8007.949192047119
depth3_bal_MAAMMA,3,MAAMMA,34025,408300,0.17281114558378854,0.1891802450021108,0.21096402406692505,0.9836814621409922,0.9869451697127938,0.9798635194093299,0.9973890339425587,0.0003,1.0,8014.4775977134705
depth3_bal_MAAMMA,3,MAAMMA,34050,408600,0.030241336518277723,0.07402878751357396,0.09513437896966934,1.0,0.9973890339425587,0.9930641011298803,0.9973890339425587,0.0003,1.0,8020.536106348038
depth3_bal_MAAMMA,3,MAAMMA,34075,408900,0.034145607302586235,0.0892561599612236,0.11218806164605277,0.9990208877284595,0.9973890339425587,0.9911623224074281,0.9973890339425587,0.0003,1.0,8026.889275550842
depth3_bal_MAAMMA,3,MAAMMA,34100,409200,0.028731134875367086,0.06223213175932566,0.08480009894285884,0.9993472584856397,0.9960835509138382,0.9937353171495693,0.9973890339425587,0.0003,1.0,8033.573906421661
depth3_bal_MAAMMA,3,MAAMMA,34125,409500,0.028705249385287363,0.07245236014326413,0.09232912127460752,0.9993472584856397,0.9973890339425587,0.9931759704664951,0.9973890339425587,0.0003,1.0,8039.620975017548
depth3_bal_MAAMMA,3,MAAMMA,34150,409800,0.20974070951342583,0.318217729528745,0.34523410073348454,0.9758485639686684,0.9673629242819843,0.9615169482044972,0.9973890339425587,0.0003,1.0,8046.330407142639
depth3_bal_MAAMMA,3,MAAMMA,34175,410100,0.06581560087700684,0.24797987441221872,0.26088482035057886,0.9954308093994778,0.9856396866840731,0.9813178207853227,0.9973890339425587,0.0003,1.0,8052.759920835495
depth3_bal_MAAMMA,3,MAAMMA,34200,410400,0.08842047552267711,0.2607162892818451,0.28456373534032275,0.9921671018276762,0.9895561357702349,0.9795279113994854,0.9973890339425587,0.0003,1.0,8059.247755527496
depth3_bal_MAAMMA,3,MAAMMA,34225,410700,0.07474369245270888,0.2776128177841504,0.30382247269153595,0.9902088772845953,0.9830287206266318,0.9752768766081217,0.9973890339425587,0.0003,1.0,8065.972703695297
depth3_bal_MAAMMA,3,MAAMMA,34250,411000,0.05816876764098803,0.23613322774569193,0.2445155218243599,0.9977154046997389,0.9882506527415144,0.9836670768542343,0.9973890339425587,0.0003,1.0,8072.732892036438
depth3_bal_MAAMMA,3,MAAMMA,34275,411300,0.05493024208893379,0.20906182130177817,0.22139128148555756,0.9990208877284595,0.9921671018276762,0.9834433381810046,0.9973890339425587,0.0003,1.0,8079.88470864296
depth3_bal_MAAMMA,3,MAAMMA,34300,411600,0.03905575970808665,0.21581110854943594,0.23010782578161784,1.0,0.9934725848563969,0.9870231569526793,0.9973890339425587,0.0003,1.0,8086.705326080322
depth3_bal_MAAMMA,3,MAAMMA,34325,411900,0.04551619260261456,0.21379037449757257,0.22101564396704945,0.9973890339425587,0.9921671018276762,0.9862400715963754,0.9973890339425587,0.0003,1.0,8093.938635826111
depth3_bal_MAAMMA,3,MAAMMA,34350,412200,0.05169228216012319,0.23809165010849634,0.2460384658404759,0.9918407310704961,0.9817232375979112,0.979080434053026,0.9973890339425587,0.0003,1.0,8101.261086940765
depth3_bal_MAAMMA,3,MAAMMA,34375,412500,0.05894713755697012,0.22353937228520712,0.24165045895746776,0.9957571801566579,0.9921671018276762,0.9827721221613156,0.9973890339425587,0.0003,1.0,8108.717383861542
depth3_bal_MAAMMA,3,MAAMMA,34400,412800,0.058253053886195026,0.23733258992433548,0.2749889831457819,0.9931462140992167,0.9869451697127938,0.9768430473207294,0.9973890339425587,0.0003,1.0,8115.975104093552
depth3_bal_MAAMMA,3,MAAMMA,34425,413100,0.05669316680481037,0.2203939643998941,0.24084941468068533,0.9934725848563969,0.9921671018276762,0.985792594249916,0.9973890339425587,0.0003,1.0,8123.29088640213
depth3_bal_MAAMMA,3,MAAMMA,34450,413400,0.30135562643408775,0.37825946013132733,0.4041660819734846,0.9468015665796344,0.9490861618798956,0.9409329902673678,0.9973890339425587,0.0003,1.0,8130.600815534592
depth3_bal_MAAMMA,3,MAAMMA,34475,413700,0.05389904355009397,0.2302254488070806,0.2534050411411694,0.9957571801566579,0.9843342036553525,0.9769549166573442,0.9973890339425587,0.0003,1.0,8137.705647468567
depth3_bal_MAAMMA,3,MAAMMA,34500,414000,0.045988140938182674,0.20353196312983832,0.21689508046422687,0.9980417754569191,0.9921671018276762,0.9878062423089831,0.9973890339425587,0.0003,1.0,8144.324530363083
depth3_bal_MAAMMA,3,MAAMMA,34525,414300,0.04079752818991741,0.2167593389749527,0.22626618349126407,0.9986945169712794,0.9934725848563969,0.9866875489428347,0.9973890339425587,0.0003,1.0,8151.147709608078
depth3_bal_MAAMMA,3,MAAMMA,34550,414600,0.04831865926583608,0.20384944106141725,0.22310656585863659,0.9983681462140992,0.9934725848563969,0.9855688555766864,0.9973890339425587,0.0003,1.0,8157.875799655914
depth3_bal_MAAMMA,3,MAAMMA,34575,414900,0.0973447176317374,0.31001993517080945,0.3138987247432981,0.9872715404699739,0.9516971279373369,0.9561472200469852,0.9973890339425587,0.0003,1.0,8164.6965675354
depth3_bal_MAAMMA,3,MAAMMA,34600,415200,0.04722517356276512,0.20059267183144888,0.22120998118604931,0.9980417754569191,0.9921671018276762,0.9882537196554424,0.9973890339425587,0.0003,1.0,8172.102032184601
depth3_bal_MAAMMA,3,MAAMMA,34625,415500,0.05653388425707817,0.24682690327366194,0.2835455132382257,0.9934725848563969,0.9895561357702349,0.9778498713502629,0.9973890339425587,0.0003,1.0,8179.496794462204
depth3_bal_MAAMMA,3,MAAMMA,34650,415800,0.042076295241713524,0.2051497884094715,0.22566912844777107,0.9967362924281984,0.9908616187989556,0.9856807249133013,0.9973890339425587,0.0003,1.0,8186.997601032257
depth3_bal_MAAMMA,3,MAAMMA,34675,416100,0.2165846141676108,0.30514705181121826,0.33242561391421727,0.9928198433420365,0.9843342036553525,0.9746056605884327,0.9973890339425587,0.0003,1.0,8194.400573968887
depth3_bal_MAAMMA,3,MAAMMA,34700,416400,0.11128037609159946,0.35016671816507977,0.3482211010796683,0.9827023498694517,0.9425587467362925,0.9477570198008726,0.9973890339425587,0.0003,1.0,8201.300344228745
depth3_bal_MAAMMA,3,MAAMMA,34725,416700,0.044439204037189484,0.18960799276828766,0.21037199422717096,0.9977154046997389,0.9921671018276762,0.9873587649625237,0.9973890339425587,0.0003,1.0,8207.75008893013
depth3_bal_MAAMMA,3,MAAMMA,34750,417000,0.07478688315798838,0.21209521343310675,0.23692653328180313,0.9944516971279374,0.9830287206266318,0.979751650072715,0.9973890339425587,0.0003,1.0,8214.169050216675
depth3_bal_MAAMMA,3,MAAMMA,34775,417300,0.20768973479668298,0.26827279726664227,0.30049202697617666,0.9771540469973891,0.9738903394255874,0.9639780736100235,0.9973890339425587,0.0003,1.0,8220.597096920013
depth3_bal_MAAMMA,3,MAAMMA,34800,417600,0.03385167863840858,0.13602766767144203,0.15676872176783427,1.0,0.9947780678851175,0.9923928851101913,0.9973890339425587,0.0003,1.0,8227.019547224045
depth3_bal_MAAMMA,3,MAAMMA,34825,417900,0.029299719569583733,0.12410073354840279,0.14327822817223412,1.0,0.9947780678851175,0.9933997091397248,0.9973890339425587,0.0003,1.0,8233.431407928467
depth3_bal_MAAMMA,3,MAAMMA,34850,418200,0.20766400173306465,0.33054302136103314,0.35321443251201085,0.9347258485639687,0.9073107049608355,0.90233806913525,0.9973890339425587,0.0003,1.0,8239.975560188293
depth3_bal_MAAMMA,3,MAAMMA,34875,418500,0.030085378792136908,0.09526531398296356,0.11249826603702136,1.0,0.9934725848563969,0.9930641011298803,0.9973890339425587,0.0003,1.0,8246.394461393356
depth3_bal_MAAMMA,3,MAAMMA,34900,418800,0.29357917979359627,0.5394050379594167,0.5734051448958261,0.9193864229765013,0.856396866840731,0.844389752768766,0.9973890339425587,0.0003,1.0,8252.44672369957
depth3_bal_MAAMMA,3,MAAMMA,34925,419100,0.1758520690103372,0.21981126070022583,0.24169511709894453,0.9951044386422977,0.9843342036553525,0.9780736100234926,0.9973890339425587,0.0003,1.0,8258.92479300499
depth3_bal_MAAMMA,3,MAAMMA,34950,419400,0.03614474988232056,0.08430910110473633,0.10683455318212509,1.0,0.9934725848563969,0.9925047544468061,0.9973890339425587,0.0003,1.0,8263.849216938019
depth3_bal_MAAMMA,3,MAAMMA,34975,419700,0.032171949899444975,0.08077951644857724,0.10329002769930022,1.0,0.9960835509138382,0.9923928851101913,0.9973890339425587,0.0003,1.0,8266.29945898056
depth3_bal_MAAMMA,3,MAAMMA,35000,420000,0.043744213258226715,0.08100045224030812,0.10574247081364904,0.9993472584856397,0.9960835509138382,0.9914979304172726,0.9973890339425587,0.0003,1.0,8268.732188224792
depth3_bal_MAAMMA,3,MAAMMA,35025,420300,0.02748182089999318,0.06976060445110004,0.09298422006624085,1.0,0.9947780678851175,0.99328783980311,0.9973890339425587,0.0003,1.0,8275.80306482315
depth3_bal_MAAMMA,3,MAAMMA,35050,420600,0.025282904660950106,0.07047203555703163,0.09490955738084657,1.0,0.9947780678851175,0.9927284931200357,0.9973890339425587,0.0003,1.0,8282.506187915802
depth3_bal_MAAMMA,3,MAAMMA,35075,420900,0.3430530938009421,0.3824717303117116,0.4064704230853489,0.9128590078328982,0.8929503916449086,0.9004362904127978,0.9973890339425587,0.0003,1.0,8289.639579296112
depth3_bal_MAAMMA,3,MAAMMA,35100,421200,0.0388634301101168,0.08192904541889827,0.1082219198346138,1.0,0.9973890339425587,0.991945407763732,0.9973890339425587,0.0003,1.0,8296.054244041443
depth3_bal_MAAMMA,3,MAAMMA,35125,421500,0.03128098541249832,0.06939748053749402,0.10379559227398463,1.0,0.9960835509138382,0.9930641011298803,0.9973890339425587,0.0003,1.0,8302.802517652512
depth3_bal_MAAMMA,3,MAAMMA,35150,421800,0.05704440145442883,0.1017667626341184,0.12837676916803634,0.9993472584856397,0.9895561357702349,0.9882537196554424,0.9973890339425587,0.0003,1.0,8309.318130970001
depth3_bal_MAAMMA,3,MAAMMA,35175,422100,0.03751366647581259,0.0811841016014417,0.10515881702303886,1.0,0.9947780678851175,0.9928403624566506,0.9973890339425587,0.0003,1.0,8316.21340918541
depth3_bal_MAAMMA,3,MAAMMA,35200,422400,0.09750867572923501,0.1438432385524114,0.16013526852641788,0.9983681462140992,0.9908616187989556,0.9850095088936123,0.9973890339425587,0.0003,1.0,8322.475578069687
depth3_bal_MAAMMA,3,MAAMMA,35225,422700,0.03196374590819081,0.07759189729889233,0.09782846942543984,1.0,0.9947780678851175,0.9930641011298803,0.9973890339425587,0.0003,1.0,8328.822457313538
depth3_bal_MAAMMA,3,MAAMMA,35250,423000,0.1885647140443325,0.234292005499204,0.25996856008257185,0.9686684073107049,0.9543080939947781,0.9535742253048439,0.9973890339425587,0.0003,1.0,8335.157895088196
depth3_bal_MAAMMA,3,MAAMMA,35275,423300,0.044151974841952324,0.0775748963157336,0.10084448882511683,1.0,0.9947780678851175,0.9921691464369616,0.9973890339425587,0.0003,1.0,8341.520316839218
depth3_bal_MAAMMA,3,MAAMMA,35300,423600,0.032494716656704746,0.06643476088841756,0.09153798116104943,1.0,0.9960835509138382,0.9936234478129544,0.9973890339425587,0.0003,1.0,8347.867243766785
depth3_bal_MAAMMA,3,MAAMMA,35325,423900,0.0281298216432333,0.06498756508032481,0.09357694270355361,1.0,0.9960835509138382,0.9936234478129544,0.9973890339425587,0.0003,1.0,8354.315877437592
depth3_bal_MAAMMA,3,MAAMMA,35350,424200,0.03956628000984589,0.0734921395778656,0.10363126269408635,1.0,0.9960835509138382,0.991945407763732,0.9973890339425587,0.0003,1.0,8361.003282308578
depth3_bal_MAAMMA,3,MAAMMA,35375,424500,0.028606125929703314,0.06975639114777248,0.09629808015057019,1.0,0.9960835509138382,0.9935115784763396,0.9973890339425587,0.0003,1.0,8365.696107149124
depth3_bal_MAAMMA,3,MAAMMA,35400,424800,0.825441355506579,0.7965380152066549,0.817333049433572,0.7578328981723238,0.7950391644908616,0.7825260096207629,0.9973890339425587,0.0003,1.0,8368.242881298065
depth3_bal_MAAMMA,3,MAAMMA,35425,425100,0.039019305258989334,0.0780399963259697,0.1065102644264698,1.0,0.9947780678851175,0.99328783980311,0.9973890339425587,0.0003,1.0,8370.690930843353
depth3_bal_MAAMMA,3,MAAMMA,35450,425400,0.029560096561908722,0.07046249757210414,0.10375496564166886,1.0,0.9947780678851175,0.9933997091397248,0.9973890339425587,0.0003,1.0,8374.013404846191
depth3_bal_MAAMMA,3,MAAMMA,35475,425700,0.07585886493325233,0.10223428905010223,0.1323151056255613,0.9957571801566579,0.9921671018276762,0.9862400715963754,0.9973890339425587,0.0003,1.0,8380.644059419632
depth3_bal_MAAMMA,3,MAAMMA,35500,426000,0.027682379974673193,0.06822451700766881,0.09545448103121348,1.0,0.9960835509138382,0.9923928851101913,0.9973890339425587,0.0003,1.0,8385.797201633453
depth3_bal_MAAMMA,3,MAAMMA,35525,426300,1.1303926755984623,0.9144522945086161,0.9864460945129394,0.5672323759791122,0.6723237597911227,0.6406756907931536,0.9973890339425587,0.0003,1.0,8392.5825715065
depth3_bal_MAAMMA,3,MAAMMA,35550,426600,0.03315085172653198,0.06666247049967448,0.09602299577423505,1.0,0.9973890339425587,0.9940709251594138,0.9973890339425587,0.0003,1.0,8399.221569299698
depth3_bal_MAAMMA,3,MAAMMA,35575,426900,0.027878962612400453,0.0606770192583402,0.09484857310141837,1.0,0.9960835509138382,0.9936234478129544,0.9973890339425587,0.0003,1.0,8405.678901433945
depth3_bal_MAAMMA,3,MAAMMA,35600,427200,0.029435874583820503,0.06446247423688571,0.09535904920526914,1.0,0.9973890339425587,0.9930641011298803,0.9973890339425587,0.0003,1.0,8412.149782896042
depth3_bal_MAAMMA,3,MAAMMA,35625,427500,0.02610699273645878,0.06461873650550842,0.08962230629154615,0.9996736292428199,0.9960835509138382,0.993959055822799,0.9973890339425587,0.0003,1.0,8418.489882469177
depth3_bal_MAAMMA,3,MAAMMA,35650,427800,5.327588121096293,2.226811170578003,2.311795221056257,0.20757180156657964,0.304177545691906,0.2907484058619532,0.9973890339425587,0.0003,1.0,8424.704531908035
depth3_bal_MAAMMA,3,MAAMMA,35675,428100,0.11132244703670342,0.12995561709006628,0.14740896161113468,0.9918407310704961,0.9921671018276762,0.9881418503188276,0.9973890339425587,0.0003,1.0,8432.088344812393
depth3_bal_MAAMMA,3,MAAMMA,35700,428400,0.03848291498919328,0.06689535453915596,0.10189956139240947,1.0,0.9960835509138382,0.9927284931200357,0.9973890339425587,0.0003,1.0,8438.8470723629
depth3_bal_MAAMMA,3,MAAMMA,35725,428700,0.45674263934294385,0.8459298213322958,0.905255993774959,0.8622715404699739,0.6997389033942559,0.6994070925159414,0.9973890339425587,0.0003,1.0,8445.25387597084
depth3_bal_MAAMMA,3,MAAMMA,35750,429000,0.03446773951873183,0.0683247298002243,0.0908595971763134,0.9996736292428199,0.9934725848563969,0.992616623783421,0.9973890339425587,0.0003,1.0,8451.64048242569
depth3_bal_MAAMMA,3,MAAMMA,35775,429300,0.17806360280762115,0.4302595357100169,0.43768918343952723,0.9601827676240209,0.8825065274151436,0.8783980310996756,0.9973890339425587,0.0003,1.0,8458.135279893875
depth3_bal_MAAMMA,3,MAAMMA,35800,429600,0.03080042793105046,0.058572319646676384,0.08844456544944218,1.0,0.9973890339425587,0.99328783980311,0.9973890339425587,0.0003,1.0,8464.522832155228
depth3_bal_MAAMMA,3,MAAMMA,35825,429900,0.026921268397321303,0.05745776494344076,0.0861255088022777,1.0,0.9960835509138382,0.99328783980311,0.9973890339425587,0.0003,1.0,8470.926278829575
depth3_bal_MAAMMA,3,MAAMMA,35850,430200,0.10404473667343457,0.1422110696633657,0.16236981685672489,0.9951044386422977,0.9895561357702349,0.9862400715963754,0.9973890339425587,0.0003,1.0,8477.264389753342
depth3_bal_MAAMMA,3,MAAMMA,35875,430500,0.5928971966107687,0.5077008505662283,0.5298551755292075,0.79177545691906,0.8420365535248042,0.8425998433829287,0.9973890339425587,0.0003,1.0,8483.714124202728
depth3_bal_MAAMMA,3,MAAMMA,35900,430800,0.03733513969928026,0.0685736599067847,0.0933865066085543,1.0,0.9947780678851175,0.9922810157735764,0.9973890339425587,0.0003,1.0,8490.122056484222
depth3_bal_MAAMMA,3,MAAMMA,35925,431100,0.2661573551595211,0.31432443857192993,0.33195607151303974,0.9259138381201044,0.9073107049608355,0.9042398478577022,0.9973890339425587,0.0003,1.0,8496.12853193283
depth3_bal_MAAMMA,3,MAAMMA,35950,431400,0.028969713176290195,0.058308038860559464,0.08455274584037917,1.0,0.9973890339425587,0.9933997091397248,0.9973890339425587,0.0003,1.0,8502.47187590599
depth3_bal_MAAMMA,3,MAAMMA,35975,431700,0.02567220215375225,0.05864668761690458,0.08622942417860031,1.0,0.9934725848563969,0.9929522317932654,0.9973890339425587,0.0003,1.0,8508.641231536865
depth3_bal_MAAMMA,3,MAAMMA,36000,432000,0.5756985793511072,0.5968276262283325,0.6146541459219796,0.9177545691906005,0.8994778067885117,0.8782861617630607,0.9973890339425587,0.0003,1.0,8514.819316864014
depth3_bal_MAAMMA,3,MAAMMA,36025,432300,0.057495481024185814,0.08852700889110565,0.10986590938908714,0.9977154046997389,0.9947780678851175,0.9900436290412797,0.9973890339425587,0.0003,1.0,8521.025865077972
depth3_bal_MAAMMA,3,MAAMMA,36050,432600,0.03706698274860779,0.0694514128069083,0.08940424099564552,1.0,0.9960835509138382,0.9938471864861841,0.9973890339425587,0.0003,1.0,8527.625411748886
depth3_bal_MAAMMA,3,MAAMMA,36075,432900,0.03123957011848688,0.06642404943704605,0.0888586985213416,1.0,0.9960835509138382,0.9933997091397248,0.9973890339425587,0.0003,1.0,8534.32508111
depth3_bal_MAAMMA,3,MAAMMA,36100,433200,0.07800382375717163,0.10857570171356201,0.12644165136984417,0.9941253263707572,0.9882506527415144,0.9889249356751314,0.9973890339425587,0.0003,1.0,8540.992082118988
depth3_bal_MAAMMA,3,MAAMMA,36125,433500,0.028762005579968292,0.061246007680892944,0.08446084942136492,1.0,0.9960835509138382,0.9937353171495693,0.9973890339425587,0.0003,1.0,8547.327837467194
depth3_bal_MAAMMA,3,MAAMMA,36150,433800,0.027090273642291624,0.0645545981824398,0.09050911015697888,1.0,0.9960835509138382,0.9930641011298803,0.9973890339425587,0.0003,1.0,8553.73789691925
depth3_bal_MAAMMA,3,MAAMMA,36175,434100,0.05725472172101339,0.10993968695402145,0.127344502721514,0.9986945169712794,0.9869451697127938,0.9856807249133013,0.9973890339425587,0.0003,1.0,8559.982378482819
depth3_bal_MAAMMA,3,MAAMMA,36200,434400,0.03081605676561594,0.06360482051968575,0.0894901556628091,1.0,0.9960835509138382,0.992616623783421,0.9973890339425587,0.0003,1.0,8566.406647205353
depth3_bal_MAAMMA,3,MAAMMA,36225,434700,0.09426921171446641,0.15946886440118155,0.17890300793307168,0.9840078328981723,0.9634464751958225,0.9674460230450833,0.9973890339425587,0.0003,1.0,8572.635772705078
depth3_bal_MAAMMA,3,MAAMMA,36250,435000,0.03966348432004452,0.07023175929983456,0.08852535954543522,1.0,0.9973890339425587,0.993959055822799,0.9973890339425587,0.0003,1.0,8579.137835264206
depth3_bal_MAAMMA,3,MAAMMA,36275,435300,0.032173478665451206,0.06508441393574078,0.08780787736177445,1.0,0.9947780678851175,0.9936234478129544,0.9973890339425587,0.0003,1.0,8585.461806058884
depth3_bal_MAAMMA,3,MAAMMA,36300,435600,0.24506395310163498,0.3063162664572398,0.3384977894169944,0.9422323759791122,0.9203655352480418,0.8987582503635754,0.9973890339425587,0.0003,1.0,8591.817514419556
depth3_bal_MAAMMA,3,MAAMMA,36325,435900,0.036922952781120934,0.06562383348743121,0.08698456787637301,1.0,0.9973890339425587,0.9930641011298803,0.9973890339425587,0.0003,1.0,8598.186177015305
depth3_bal_MAAMMA,3,MAAMMA,36350,436200,0.029939057460675638,0.06119874740640322,0.0880122826567718,1.0,0.9960835509138382,0.992616623783421,0.9973890339425587,0.0003,1.0,8604.499566078186
depth3_bal_MAAMMA,3,MAAMMA,36375,436500,0.20097265765070915,0.2265066256125768,0.2646693148783275,0.9422323759791122,0.9425587467362925,0.9263899765074393,0.9973890339425587,0.0003,1.0,8611.21189045906
depth3_bal_MAAMMA,3,MAAMMA,36400,436800,0.03438589939226707,0.06291703258951505,0.08753985645515579,1.0,0.9960835509138382,0.9936234478129544,0.9973890339425587,0.0003,1.0,8617.819122314453
depth3_bal_MAAMMA,3,MAAMMA,36425,437100,0.02892060298472643,0.0595169352988402,0.08616231892790113,1.0,0.9947780678851175,0.9935115784763396,0.9973890339425587,0.0003,1.0,8624.260722637177
depth3_bal_MAAMMA,3,MAAMMA,36450,437400,0.03972522417704264,0.07353366414705913,0.11018610437001501,1.0,0.9973890339425587,0.9929522317932654,0.9973890339425587,0.0003,1.0,8630.841562747955
depth3_bal_MAAMMA,3,MAAMMA,36475,437700,0.030274025009324152,0.06556821738680203,0.10087095903498786,1.0,0.9973890339425587,0.9937353171495693,0.9973890339425587,0.0003,1.0,8637.339747190475
depth3_bal_MAAMMA,3,MAAMMA,36500,438000,0.3050004094839096,0.36088643471399945,0.3756091722420284,0.9882506527415144,0.9647519582245431,0.9634187269269493,0.9973890339425587,0.0003,1.0,8644.062231779099
depth3_bal_MAAMMA,3,MAAMMA,36525,438300,0.04682134992132584,0.08441369235515594,0.1141364580818585,1.0,0.9960835509138382,0.9933997091397248,0.9973890339425587,0.0003,1.0,8650.55876159668
depth3_bal_MAAMMA,3,MAAMMA,36550,438600,0.039086589900155864,0.07206424325704575,0.09531250894069672,0.9993472584856397,0.9934725848563969,0.9933997091397248,0.9973890339425587,0.0003,1.0,8657.023308515549
depth3_bal_MAAMMA,3,MAAMMA,36575,438900,0.037723940486709275,0.0751644807557265,0.10341036479387965,0.9996736292428199,0.9960835509138382,0.9918335384271171,0.9973890339425587,0.0003,1.0,8663.744084119797
depth3_bal_MAAMMA,3,MAAMMA,36600,439200,0.10247801120082538,0.13934809962908426,0.16345568767615726,0.9849869451697127,0.97911227154047,0.9755006152813513,0.9973890339425587,0.0003,1.0,8670.303592920303
depth3_bal_MAAMMA,3,MAAMMA,36625,439500,0.030083199652532738,0.06591494008898735,0.08366365847843034,1.0,0.9973890339425587,0.9945184025058731,0.9973890339425587,0.0003,1.0,8676.929294586182
depth3_bal_MAAMMA,3,MAAMMA,36650,439800,0.9801832983891169,0.9347595771153768,0.9200176358222961,0.6579634464751958,0.6449086161879896,0.6746839691240631,0.9973890339425587,0.0003,1.0,8683.577366828918
depth3_bal_MAAMMA,3,MAAMMA,36675,440100,0.03143887439121803,0.065443920592467,0.09390045234135219,1.0,0.9973890339425587,0.9938471864861841,0.9973890339425587,0.0003,1.0,8689.997943162918
depth3_bal_MAAMMA,3,MAAMMA,36700,440400,0.21912076696753502,0.24650670091311136,0.2795426096235003,0.9885770234986945,0.9751958224543081,0.9725920125293657,0.9973890339425587,0.0003,1.0,8696.423566102982
depth3_bal_MAAMMA,3,MAAMMA,36725,440700,0.034116716434558235,0.06350176905592282,0.0963530505342143,1.0,0.9960835509138382,0.9940709251594138,0.9973890339425587,0.0003,1.0,8702.86053776741
depth3_bal_MAAMMA,3,MAAMMA,36750,441000,0.027722844388335943,0.060213216890891395,0.08759291714855603,1.0,0.9973890339425587,0.9930641011298803,0.9973890339425587,0.0003,1.0,8709.237748146057
depth3_bal_MAAMMA,3,MAAMMA,36775,441300,0.03343826190878948,0.06603127717971802,0.09042629514421735,1.0,0.9947780678851175,0.9940709251594138,0.9973890339425587,0.0003,1.0,8715.755177259445
depth3_bal_MAAMMA,3,MAAMMA,36800,441600,0.026983150901893776,0.05707890912890434,0.08668734207749366,1.0,0.9973890339425587,0.9944065331692583,0.9973890339425587,0.0003,1.0,8722.290576219559
depth3_bal_MAAMMA,3,MAAMMA,36825,441900,0.2913966253399849,0.2996109426021576,0.33119886772973195,0.9787859007832899,0.97911227154047,0.9678935003915426,0.9973890339425587,0.0003,1.0,8729.058351755142
depth3_bal_MAAMMA,3,MAAMMA,36850,442200,0.030938224711765844,0.061576457073291145,0.08888518299375261,1.0,0.9973890339425587,0.9930641011298803,0.9973890339425587,0.0003,1.0,8735.733932733536
depth3_bal_MAAMMA,3,MAAMMA,36875,442500,0.36308620249231655,0.5614045262336731,0.5928984412125179,0.8815274151436031,0.7845953002610966,0.7956147220046985,0.9973890339425587,0.0003,1.0,8742.488425016403
depth3_bal_MAAMMA,3,MAAMMA,36900,442800,0.029546993008504312,0.05770323673884074,0.08510786869696209,1.0,0.9960835509138382,0.9933997091397248,0.9973890339425587,0.0003,1.0,8749.16359782219
depth3_bal_MAAMMA,3,MAAMMA,36925,443100,0.024879014119505882,0.057293626169363655,0.08251885952694075,1.0,0.9960835509138382,0.9929522317932654,0.9973890339425587,0.0003,1.0,8755.92153787613
depth3_bal_MAAMMA,3,MAAMMA,36950,443400,0.030177083797752857,0.055547233670949936,0.08302920992885317,1.0,0.9973890339425587,0.993959055822799,0.9973890339425587,0.0003,1.0,8762.301042795181
depth3_bal_MAAMMA,3,MAAMMA,36975,443700,0.025112572591751814,0.052536257853110634,0.0827093074896506,1.0,0.9973890339425587,0.9938471864861841,0.9973890339425587,0.0003,1.0,8768.901437282562
depth3_bal_MAAMMA,3,MAAMMA,37000,444000,0.10458114556968212,0.13843694825967154,0.16116243047373635,0.9967362924281984,0.9934725848563969,0.9882537196554424,0.9973890339425587,0.0003,1.0,8775.547199010849
depth3_bal_MAAMMA,3,MAAMMA,37025,444300,0.03429873598118623,0.06434827918807666,0.09430041015148163,1.0,0.9960835509138382,0.9928403624566506,0.9973890339425587,0.0003,1.0,8782.290967941284
depth3_bal_MAAMMA,3,MAAMMA,37050,444600,0.030114655382931232,0.05920549730459849,0.09505935864789146,1.0,0.9960835509138382,0.9933997091397248,0.9973890339425587,0.0003,1.0,8788.13318324089
depth3_bal_MAAMMA,3,MAAMMA,37075,444900,0.2554938954611619,0.24517537653446198,0.28314354036535533,0.9213446475195822,0.9347258485639687,0.9237051124286833,0.9973890339425587,0.0003,1.0,8794.71841955185
depth3_bal_MAAMMA,3,MAAMMA,37100,445200,0.030744435886542004,0.0558448980251948,0.08303666168025561,1.0,0.9960835509138382,0.9929522317932654,0.9973890339425587,0.0003,1.0,8801.632866859436
depth3_bal_MAAMMA,3,MAAMMA,37125,445500,0.028185018803924322,0.05852475265661875,0.08316188156604767,1.0,0.9960835509138382,0.99328783980311,0.9973890339425587,0.0003,1.0,8808.330330610275
depth3_bal_MAAMMA,3,MAAMMA,37150,445800,0.07467208243906498,0.10655530790487926,0.12920973641531808,0.9986945169712794,0.9921671018276762,0.9921691464369616,0.9973890339425587,0.0003,1.0,8814.944604873657
depth3_bal_MAAMMA,3,MAAMMA,37175,446100,0.3450951824585597,0.37033485372861225,0.39740800176348007,0.8978459530026109,0.8877284595300261,0.8811947645150464,0.9973890339425587,0.0003,1.0,8821.26875782013
depth3_bal_MAAMMA,3,MAAMMA,37200,446400,0.03450411092489958,0.06511596590280533,0.09539348387292453,1.0,0.9960835509138382,0.9940709251594138,0.9973890339425587,0.0003,1.0,8828.087772130966
depth3_bal_MAAMMA,3,MAAMMA,37225,446700,0.03108780722444256,0.06468624621629715,0.09742317710603987,0.9996736292428199,0.9960835509138382,0.9933997091397248,0.9973890339425587,0.0003,1.0,8833.82848405838
depth3_bal_MAAMMA,3,MAAMMA,37250,447000,0.0582843633989493,0.15153148025274277,0.1638569440160479,0.9908616187989556,0.9804177545691906,0.9785210873699519,0.9973890339425587,0.0003,1.0,8840.523854017258
depth3_bal_MAAMMA,3,MAAMMA,37275,447300,0.054849657230079174,0.08585951973994572,0.10661405101418495,0.9996736292428199,0.9908616187989556,0.9922810157735764,0.9973890339425587,0.0003,1.0,8847.289986133575
depth3_bal_MAAMMA,3,MAAMMA,37300,447600,0.03858360337714354,0.0753920574982961,0.10186351292899677,0.9996736292428199,0.9947780678851175,0.9922810157735764,0.9973890339425587,0.0003,1.0,8854.092188835144
depth3_bal_MAAMMA,3,MAAMMA,37325,447900,0.033654332937051855,0.06982091938455899,0.09343925852860724,0.9990208877284595,0.9960835509138382,0.9940709251594138,0.9973890339425587,0.0003,1.0,8860.86747956276
depth3_bal_MAAMMA,3,MAAMMA,37350,448200,0.09347178973257542,0.12323280920584996,0.14653990013258797,0.9977154046997389,0.9947780678851175,0.9893724130215907,0.9973890339425587,0.0003,1.0,8867.560549497604
depth3_bal_MAAMMA,3,MAAMMA,37375,448500,0.03217630134895444,0.06455610195795695,0.08896366687757629,1.0,0.9960835509138382,0.9931759704664951,0.9973890339425587,0.0003,1.0,8874.291784286499
depth3_bal_MAAMMA,3,MAAMMA,37400,448800,0.027178004228820402,0.06862204521894455,0.09047448773469244,1.0,0.9960835509138382,0.9927284931200357,0.9973890339425587,0.0003,1.0,8880.466232061386
depth3_bal_MAAMMA,3,MAAMMA,37425,449100,0.2570662188033263,0.3724348346392314,0.394911926984787,0.9627937336814621,0.943864229765013,0.9401499049110639,0.9973890339425587,0.0003,1.0,8884.859602451324
depth3_bal_MAAMMA,3,MAAMMA,37450,449400,0.25039095679918927,0.35013512273629505,0.388831102848053,0.9285248041775457,0.9373368146214099,0.9218033337062311,0.9973890339425587,0.0003,1.0,8891.60437989235
depth3_bal_MAAMMA,3,MAAMMA,37475,449700,0.3082814042766889,0.42338209350903827,0.456587610074452,0.883485639686684,0.9138381201044387,0.8954021702651304,0.9973890339425587,0.0003,1.0,8898.587572336197
depth3_bal_MAAMMA,3,MAAMMA,37500,450000,0.04262765931586424,0.1916861099501451,0.21014304097209657,0.9970626631853786,0.9921671018276762,0.9884774583286721,0.9973890339425587,0.0003,1.0,8905.956654071808
depth3_bal_MAAMMA,3,MAAMMA,37525,450300,0.21692258740464845,0.31016022463639575,0.3432199622903551,0.9794386422976501,0.9738903394255874,0.9645374202930976,0.9973890339425587,0.0003,1.0,8913.77237200737
depth3_bal_MAAMMA,3,MAAMMA,37550,450600,0.12258919018010299,0.2916748474041621,0.32102839478424616,0.9781331592689295,0.9660574412532638,0.9618525562143416,0.9973890339425587,0.0003,1.0,8921.537854671478
depth3_bal_MAAMMA,3,MAAMMA,37575,450900,0.04288437310606241,0.1868111416697502,0.21015994868108204,0.9980417754569191,0.9934725848563969,0.987918111645598,0.9973890339425587,0.0003,1.0,8929.396015405655
depth3_bal_MAAMMA,3,MAAMMA,37600,451200,0.03597757453098893,0.1924296791354815,0.21854732164314816,0.9977154046997389,0.9921671018276762,0.9862400715963754,0.9973890339425587,0.0003,1.0,8937.167585849762
depth3_bal_MAAMMA,3,MAAMMA,37625,451500,0.08525943321486314,0.20017806937297186,0.2501860810177667,0.987597911227154,0.9895561357702349,0.9793041727262557,0.9973890339425587,0.0003,1.0,8944.936541557312
depth3_bal_MAAMMA,3,MAAMMA,37650,451800,0.222125260780255,0.29637137055397034,0.3283427229949406,0.9941253263707572,0.9895561357702349,0.9799753887459447,0.9973890339425587,0.0003,1.0,8952.701718330383
depth3_bal_MAAMMA,3,MAAMMA,37675,452100,0.08093009019891421,0.23095027854045233,0.24884265341929027,0.9889033942558747,0.9699738903394256,0.970354625797069,0.9973890339425587,0.0003,1.0,8960.568353176117
depth3_bal_MAAMMA,3,MAAMMA,37700,452400,0.03952775647242864,0.18456919367114702,0.20412995889782906,0.9977154046997389,0.9921671018276762,0.9867994182794496,0.9973890339425587,0.0003,1.0,8967.474791288376
depth3_bal_MAAMMA,3,MAAMMA,37725,452700,0.44159651920199394,0.8985700805981954,0.9621564217976162,0.8573759791122716,0.7976501305483029,0.7900212551739568,0.9973890339425587,0.0003,1.0,8974.219869613647
depth3_bal_MAAMMA,3,MAAMMA,37750,453000,0.03907631803303957,0.1734982766211033,0.19455058446952275,0.9990208877284595,0.9921671018276762,0.9883655889920573,0.9973890339425587,0.0003,1.0,8981.045588731766
depth3_bal_MAAMMA,3,MAAMMA,37775,453300,0.048037209237615265,0.18546988318363825,0.20791109502315522,0.9977154046997389,0.9908616187989556,0.9856807249133013,0.9973890339425587,0.0003,1.0,8986.869570970535
depth3_bal_MAAMMA,3,MAAMMA,37800,453600,0.045426556219657264,0.18470481410622597,0.21032943821379116,0.9964099216710183,0.9895561357702349,0.9866875489428347,0.9973890339425587,0.0003,1.0,8990.117057323456
depth3_bal_MAAMMA,3,MAAMMA,37825,453900,0.05896789052834114,0.1842647617061933,0.21785743896450316,0.9941253263707572,0.9908616187989556,0.98310773017116,0.9973890339425587,0.0003,1.0,8992.573635578156
depth3_bal_MAAMMA,3,MAAMMA,37850,454200,0.15295440331101418,0.27774925033251446,0.3113634650196348,0.9676892950391645,0.9569190600522193,0.9542454413245329,0.9973890339425587,0.0003,1.0,8998.79769563675
depth3_bal_MAAMMA,3,MAAMMA,37875,454500,0.055800718565781914,0.18796640634536743,0.21771986292941228,0.9944516971279374,0.9921671018276762,0.9875825036357534,0.9973890339425587,0.0003,1.0,9005.38372182846
depth3_bal_MAAMMA,3,MAAMMA,37900,454800,0.08102347174038489,0.26530544956525165,0.3178081635917936,0.9902088772845953,0.9778067885117493,0.9644255509564829,0.9973890339425587,0.0003,1.0,9011.733379602432
depth3_bal_MAAMMA,3,MAAMMA,37925,455100,0.04962459113448858,0.17948404078682265,0.213785120844841,0.9970626631853786,0.9921671018276762,0.9822127754782414,0.9973890339425587,0.0003,1.0,9017.9611120224
depth3_bal_MAAMMA,3,MAAMMA,37950,455400,0.04483462621768316,0.1830835702518622,0.2151133222239358,0.9980417754569191,0.9947780678851175,0.9871350262892941,0.9973890339425587,0.0003,1.0,9024.243138074875
depth3_bal_MAAMMA,3,MAAMMA,37975,455700,0.6381566449999809,1.1564178466796875,1.1394261002540589,0.7774151436031331,0.6631853785900783,0.6775925718760488,0.9973890339425587,0.0003,1.0,9030.788806200027
depth3_bal_MAAMMA,3,MAAMMA,38000,456000,0.046039470781882606,0.1776931236187617,0.20855112097093037,0.9980417754569191,0.9934725848563969,0.9856807249133013,0.9973890339425587,0.0003,1.0,9037.39133143425
depth3_bal_MAAMMA,3,MAAMMA,38025,456300,0.07079334867497285,0.19610870877901712,0.2324014893599919,0.9964099216710183,0.9869451697127938,0.982436514151471,0.9973890339425587,0.0003,1.0,9043.348875761032
depth3_bal_MAAMMA,3,MAAMMA,38050,456600,0.815551166733106,0.7976866364479065,0.8205734712736947,0.6723237597911227,0.7036553524804178,0.71048215684081,0.9973890339425587,0.0003,1.0,9049.84842801094
depth3_bal_MAAMMA,3,MAAMMA,38075,456900,0.04786428747077783,0.17703153938055038,0.19813042410782405,0.9993472584856397,0.9895561357702349,0.9870231569526793,0.9973890339425587,0.0003,1.0,9055.359799861908
depth3_bal_MAAMMA,3,MAAMMA,38100,457200,0.13062010270853838,0.2293897420167923,0.2523248355303492,0.9817232375979112,0.9817232375979112,0.9782973486967222,0.9973890339425587,0.0003,1.0,9057.806763648987
depth3_bal_MAAMMA,3,MAAMMA,38125,457500,0.0784608218818903,0.18614053974548975,0.21865908907992498,0.9964099216710183,0.9908616187989556,0.9846739008837677,0.9973890339425587,0.0003,1.0,9060.363888502121
depth3_bal_MAAMMA,3,MAAMMA,38150,457800,0.06970495451241732,0.2014590948820114,0.2534506695611136,0.9902088772845953,0.9856396866840731,0.9744937912518179,0.9973890339425587,0.0003,1.0,9062.810444116592
depth3_bal_MAAMMA,3,MAAMMA,38175,458100,0.19581600526968637,0.5815150936444601,0.5564814116273608,0.9451697127937336,0.8328981723237598,0.8533392996979527,0.9973890339425587,0.0003,1.0,9065.256598949432
depth3_bal_MAAMMA,3,MAAMMA,38200,458400,0.03616562858223915,0.16682145868738493,0.1932459303310939,0.9996736292428199,0.9921671018276762,0.988589327665287,0.9973890339425587,0.0003,1.0,9067.687641382217
depth3_bal_MAAMMA,3,MAAMMA,38225,458700,0.19242775440216064,0.3108670810858409,0.35426430829933714,0.9474543080939948,0.9412532637075718,0.9356751314464705,0.9973890339425587,0.0003,1.0,9070.77713060379
depth3_bal_MAAMMA,3,MAAMMA,38250,459000,0.038065679681797825,0.16950111463665962,0.1976463469011443,0.9980417754569191,0.9934725848563969,0.9866875489428347,0.9973890339425587,0.0003,1.0,9077.420579195023
depth3_bal_MAAMMA,3,MAAMMA,38275,459300,0.1279817738880714,0.2507540434598923,0.30227467588015966,0.9784595300261096,0.9660574412532638,0.9554760040272962,0.9973890339425587,0.0003,1.0,9083.869818210602
depth3_bal_MAAMMA,3,MAAMMA,38300,459600,0.9734395345052084,0.8389576077461243,0.8837750468935285,0.6615535248041775,0.7036553524804178,0.6913525002796733,0.9973890339425587,0.0003,1.0,9089.978752374649
depth3_bal_MAAMMA,3,MAAMMA,38325,459900,0.051027058934172,0.18257257963220277,0.21352657484156745,0.9977154046997389,0.9934725848563969,0.9832195995077749,0.9973890339425587,0.0003,1.0,9096.509366750717
depth3_bal_MAAMMA,3,MAAMMA,38350,460200,0.1189991074303786,0.20546490202347437,0.239238150204931,0.9892297650130548,0.9895561357702349,0.9827721221613156,0.9973890339425587,0.0003,1.0,9102.891108989716
depth3_bal_MAAMMA,3,MAAMMA,38375,460500,0.04166973909984032,0.16918317849437395,0.1991662900362696,0.9980417754569191,0.9921671018276762,0.9889249356751314,0.9973890339425587,0.0003,1.0,9109.129485607147
depth3_bal_MAAMMA,3,MAAMMA,38400,460800,0.09033850207924843,0.20609837770462036,0.24320887071745736,0.9983681462140992,0.9921671018276762,0.9845620315471529,0.9973890339425587,0.0003,1.0,9114.082305192947
depth3_bal_MAAMMA,3,MAAMMA,38425,461100,0.08985405663649242,0.20771238456169763,0.24036334135702678,0.9908616187989556,0.9869451697127938,0.9798635194093299,0.9973890339425587,0.0003,1.0,9116.637141942978
depth3_bal_MAAMMA,3,MAAMMA,38450,461400,0.2280702292919159,0.2614956696828206,0.3046592720917293,0.9321148825065274,0.9778067885117493,0.9614050788678823,0.9973890339425587,0.0003,1.0,9119.061136007309
depth3_bal_MAAMMA,3,MAAMMA,38475,461700,0.05524894284705321,0.17462886249025664,0.19784534062658038,0.9973890339425587,0.9934725848563969,0.989931759704665,0.9973890339425587,0.0003,1.0,9121.487350225449
depth3_bal_MAAMMA,3,MAAMMA,38500,462000,0.07382404059171677,0.1730347921450933,0.20753390192985535,0.9983681462140992,0.9934725848563969,0.9869112876160644,0.9973890339425587,0.0003,1.0,9123.926091909409
depth3_bal_MAAMMA,3,MAAMMA,38525,462300,0.04808852324883143,0.1782731612523397,0.20383570619991848,0.9951044386422977,0.9869451697127938,0.9853451169034567,0.9973890339425587,0.0003,1.0,9126.523000240326
depth3_bal_MAAMMA,3,MAAMMA,38550,462600,0.055943981744349,0.21463556587696075,0.2424898854323796,0.993798955613577,0.9765013054830287,0.9749412685982772,0.9973890339425587,0.0003,1.0,9128.949597120285
depth3_bal_MAAMMA,3,MAAMMA,38575,462900,0.04485862081249555,0.16048502425352731,0.1976602343576295,0.9973890339425587,0.9934725848563969,0.9854569862400716,0.9973890339425587,0.0003,1.0,9131.369124412537
depth3_bal_MAAMMA,3,MAAMMA,38600,463200,0.051473433462282024,0.19392350564400354,0.2306375109723636,0.9973890339425587,0.9934725848563969,0.9781854793601074,0.9973890339425587,0.0003,1.0,9137.182011842728
depth3_bal_MAAMMA,3,MAAMMA,38625,463500,0.8611831416686376,1.0532950361569722,1.0926847389766148,0.6817885117493473,0.6148825065274152,0.6009620762948876,0.9973890339425587,0.0003,1.0,9143.558453559875
depth3_bal_MAAMMA,3,MAAMMA,38650,463800,0.04966893823196491,0.16993588457504907,0.2057444893888065,0.9960835509138382,0.9934725848563969,0.9853451169034567,0.9973890339425587,0.0003,1.0,9150.087349891663
depth3_bal_MAAMMA,3,MAAMMA,38675,464100,0.11237541493028402,0.3102348844210307,0.3135127684899739,0.9722584856396866,0.9347258485639687,0.9494350598500951,0.9973890339425587,0.0003,1.0,9156.782002449036
depth3_bal_MAAMMA,3,MAAMMA,38700,464400,0.08517458600302537,0.18106626222531,0.21273292835269655,0.9954308093994778,0.9908616187989556,0.9829958608345453,0.9973890339425587,0.0003,1.0,9163.358730077744
depth3_bal_MAAMMA,3,MAAMMA,38725,464700,0.0375059579188625,0.1610102280974388,0.1856283581682614,0.9990208877284595,0.9934725848563969,0.988589327665287,0.9973890339425587,0.0003,1.0,9170.00260090828
depth3_bal_MAAMMA,3,MAAMMA,38750,465000,0.1909668097893397,0.26471495628356934,0.3114827701023647,0.9631201044386423,0.9725848563968669,0.9534623559682291,0.9973890339425587,0.0003,1.0,9176.69557929039
depth3_bal_MAAMMA,3,MAAMMA,38775,465300,0.04071661209066709,0.16169390454888344,0.18840850463935307,0.9980417754569191,0.9908616187989556,0.9869112876160644,0.9973890339425587,0.0003,1.0,9183.047535419464
depth3_bal_MAAMMA,3,MAAMMA,38800,465600,0.03834964567795396,0.16928710415959358,0.19470944958073752,0.9964099216710183,0.9934725848563969,0.984450162210538,0.9973890339425587,0.0003,1.0,9189.474428415298
depth3_bal_MAAMMA,3,MAAMMA,38825,465900,0.6305786594748497,0.606541633605957,0.6773436512265887,0.7744778067885117,0.7989556135770235,0.7769325427900212,0.9973890339425587,0.0003,1.0,9196.032301425934
depth3_bal_MAAMMA,3,MAAMMA,38850,466200,0.05763497451941172,0.1897155021627744,0.22364511468580792,0.9924934725848564,0.9817232375979112,0.9780736100234926,0.9973890339425587,0.0003,1.0,9202.407522201538
depth3_bal_MAAMMA,3,MAAMMA,38875,466500,0.30806366602579754,0.6008692185084025,0.6134068744523185,0.8975195822454308,0.8237597911227154,0.8250363575343999,0.9973890339425587,0.0003,1.0,9208.872349977493
depth3_bal_MAAMMA,3,MAAMMA,38900,466800,0.03999528785546621,0.1623288430273533,0.19069316823567664,0.9980417754569191,0.9934725848563969,0.9888130663385166,0.9973890339425587,0.0003,1.0,9215.556468963623
depth3_bal_MAAMMA,3,MAAMMA,38925,467100,0.07022526549796264,0.17046363155047098,0.2061905863029616,0.9918407310704961,0.9882506527415144,0.984450162210538,0.9973890339425587,0.0003,1.0,9221.999187231064
depth3_bal_MAAMMA,3,MAAMMA,38950,467400,1.156751126050949,0.9116858839988708,0.92737455197743,0.5548302872062664,0.6383812010443864,0.6435842935451392,0.9973890339425587,0.0003,1.0,9228.50949048996
depth3_bal_MAAMMA,3,MAAMMA,38975,467700,0.09260544925928116,0.17677838106950125,0.21581400270972934,0.9892297650130548,0.9921671018276762,0.9852332475668419,0.9973890339425587,0.0003,1.0,9235.225853919983
depth3_bal_MAAMMA,3,MAAMMA,39000,468000,0.038491109386086464,0.16473286474744478,0.19581044252429688,0.9996736292428199,0.9947780678851175,0.9881418503188276,0.9973890339425587,0.0003,1.0,9242.459806919098
depth3_bal_MAAMMA,3,MAAMMA,39025,468300,0.6160371825098991,0.8546355366706848,0.9381146243640355,0.8051566579634465,0.6984334203655352,0.6787112652421972,0.9973890339425587,0.0003,1.0,9249.24216914177
depth3_bal_MAAMMA,3,MAAMMA,39050,468600,0.4829501236478488,0.4677388370037079,0.5159644552639553,0.8201697127937336,0.8629242819843342,0.8554648170936346,0.9973890339425587,0.0003,1.0,9255.883532047272
depth3_bal_MAAMMA,3,MAAMMA,39075,468900,0.035331384278833866,0.15649415800968805,0.18275962503893034,0.9996736292428199,0.9921671018276762,0.9890368050117463,0.9973890339425587,0.0003,1.0,9263.042670488358
depth3_bal_MAAMMA,3,MAAMMA,39100,469200,0.4137265806396802,0.40363866090774536,0.45458408423832486,0.8560704960835509,0.8968668407310705,0.8756012976843047,0.9973890339425587,0.0003,1.0,9269.772472858429
depth3_bal_MAAMMA,3,MAAMMA,39125,469500,0.04103347317626079,0.15762238577008247,0.19503524931413788,1.0,0.9947780678851175,0.9859044635865309,0.9973890339425587,0.0003,1.0,9276.473912239075
depth3_bal_MAAMMA,3,MAAMMA,39150,469800,0.7652555753787359,0.7593157490094503,0.8022116592952183,0.7173629242819843,0.7258485639686684,0.7214453518290637,0.9973890339425587,0.0003,1.0,9283.015345096588
depth3_bal_MAAMMA,3,MAAMMA,39175,470100,0.041198465041816235,0.16151963795224825,0.18926002202289446,0.9996736292428199,0.9934725848563969,0.9893724130215907,0.9973890339425587,0.0003,1.0,9286.807091474533
depth3_bal_MAAMMA,3,MAAMMA,39200,470400,0.12862624352176985,0.21262097358703613,0.25109733662434985,0.9869451697127938,0.97911227154047,0.970354625797069,0.9973890339425587,0.0003,1.0,9289.289922952652
depth3_bal_MAAMMA,3,MAAMMA,39225,470700,0.044357022270560265,0.16190047562122345,0.19186517830405916,1.0,0.9934725848563969,0.9856807249133013,0.9973890339425587,0.0003,1.0,9291.763539552689
depth3_bal_MAAMMA,3,MAAMMA,39250,471000,0.04773830063641071,0.1674681082367897,0.20272630282810755,0.9947780678851175,0.9934725848563969,0.9856807249133013,0.9973890339425587,0.0003,1.0,9294.250477790833
depth3_bal_MAAMMA,3,MAAMMA,39275,471300,0.06323311136414607,0.15605263163646063,0.18998962342739106,0.9957571801566579,0.9921671018276762,0.987246895625909,0.9973890339425587,0.0003,1.0,9296.845530986786
depth3_bal_MAAMMA,3,MAAMMA,39300,471600,0.03424588963389397,0.14087459444999695,0.17364634222217967,0.9980417754569191,0.9934725848563969,0.9917216690905023,0.9973890339425587,0.0003,1.0,9299.325384140015
depth3_bal_MAAMMA,3,MAAMMA,39325,471900,0.05160525720566511,0.1605194384853045,0.17920741268566676,0.9990208877284595,0.9908616187989556,0.9880299809822127,0.9973890339425587,0.0003,1.0,9301.804804086685
depth3_bal_MAAMMA,3,MAAMMA,39350,472200,0.24427586669723192,0.37132803599039715,0.4089362689426967,0.9399477806788512,0.9073107049608355,0.9025618078084797,0.9973890339425587,0.0003,1.0,9304.492484807968
depth3_bal_MAAMMA,3,MAAMMA,39375,472500,0.044147029519081116,0.13584095612168312,0.16300444709403175,1.0,0.9947780678851175,0.9909385837341984,0.9973890339425587,0.0003,1.0,9306.947471618652
depth3_bal_MAAMMA,3,MAAMMA,39400,472800,0.03933642664924264,0.13934894278645515,0.1644638282912118,0.9980417754569191,0.9908616187989556,0.9900436290412797,0.9973890339425587,0.0003,1.0,9309.395829439163
depth3_bal_MAAMMA,3,MAAMMA,39425,473100,0.0724321302647392,0.1602544809381167,0.19630110774721418,0.9970626631853786,0.9921671018276762,0.9843382928739233,0.9973890339425587,0.0003,1.0,9313.721851587296
depth3_bal_MAAMMA,3,MAAMMA,39450,473400,0.03979930281639099,0.14807889858881632,0.17903220823832922,0.9977154046997389,0.9921671018276762,0.9878062423089831,0.9973890339425587,0.0003,1.0,9320.261796236038
depth3_bal_MAAMMA,3,MAAMMA,39475,473700,0.030323879327625036,0.13136719539761543,0.15906526882733618,0.9996736292428199,0.9947780678851175,0.9907148450609687,0.9973890339425587,0.0003,1.0,9326.930649757385
depth3_bal_MAAMMA,3,MAAMMA,39500,474000,0.06696996154884498,0.1499692847331365,0.18157983315842494,0.9993472584856397,0.9934725848563969,0.9866875489428347,0.9973890339425587,0.0003,1.0,9333.63682436943
depth3_bal_MAAMMA,3,MAAMMA,39525,474300,0.048922709499796234,0.15803415576616922,0.17281623110175132,0.9993472584856397,0.9856396866840731,0.9878062423089831,0.9973890339425587,0.0003,1.0,9340.366891384125
depth3_bal_MAAMMA,3,MAAMMA,39550,474600,0.03194842720404267,0.12117368852098782,0.1457365324454648,0.9993472584856397,0.9921671018276762,0.991274191744043,0.9973890339425587,0.0003,1.0,9344.791186094284
depth3_bal_MAAMMA,3,MAAMMA,39575,474900,0.06846250655750434,0.14180472989877066,0.15761188077075142,0.9973890339425587,0.9947780678851175,0.9900436290412797,0.9973890339425587,0.0003,1.0,9349.369734048843
depth3_bal_MAAMMA,3,MAAMMA,39600,475200,0.04130832447359959,0.13423647607366243,0.160735948490245,0.9954308093994778,0.9882506527415144,0.9841145542006936,0.9973890339425587,0.0003,1.0,9352.732359170914
depth3_bal_MAAMMA,3,MAAMMA,39625,475500,0.4178377091884613,0.34854333599408466,0.3875049531459808,0.8469321148825065,0.9033942558746736,0.8935003915426781,0.9973890339425587,0.0003,1.0,9355.217209100723
depth3_bal_MAAMMA,3,MAAMMA,39650,475800,0.03680692364772161,0.12270659953355789,0.14341852952327047,0.9980417754569191,0.9908616187989556,0.9901554983778946,0.9973890339425587,0.0003,1.0,9357.812851190567
depth3_bal_MAAMMA,3,MAAMMA,39675,476100,0.052714125253260136,0.11804006497065227,0.13983271909611567,0.9996736292428199,0.9947780678851175,0.9910504530708133,0.9973890339425587,0.0003,1.0,9360.291389465332
depth3_bal_MAAMMA,3,MAAMMA,39700,476400,0.04009614046663046,0.11378997936844826,0.1352284634751933,0.9980417754569191,0.9934725848563969,0.9895961516948204,0.9973890339425587,0.0003,1.0,9362.770985364914
depth3_bal_MAAMMA,3,MAAMMA,39725,476700,0.059049284706513085,0.1266772225499153,0.14428281784057617,0.9973890339425587,0.9921671018276762,0.9908267143975836,0.9973890339425587,0.0003,1.0,9365.361804962158
depth3_bal_MAAMMA,3,MAAMMA,39750,477000,0.07110603774587314,0.13039297610521317,0.1493232460958617,0.9986945169712794,0.9947780678851175,0.9910504530708133,0.9973890339425587,0.0003,1.0,9367.844067811966
depth3_bal_MAAMMA,3,MAAMMA,39775,477300,0.04054403646538655,0.11007523909211159,0.1326006873377732,0.9990208877284595,0.9947780678851175,0.9903792370511243,0.9973890339425587,0.0003,1.0,9370.32202577591
depth3_bal_MAAMMA,3,MAAMMA,39800,477600,0.12014747224748135,0.1971761683622996,0.21783101516110556,0.9902088772845953,0.97911227154047,0.9695715404407652,0.9973890339425587,0.0003,1.0,9372.800471067429
depth3_bal_MAAMMA,3,MAAMMA,39825,477900,0.035162756219506264,0.1090460295478503,0.12534376872437342,0.9986945169712794,0.9934725848563969,0.9913860610806577,0.9973890339425587,0.0003,1.0,9375.389787197113
depth3_bal_MAAMMA,3,MAAMMA,39850,478200,0.3054334471623103,0.3033372809489568,0.3220831300531115,0.9131853785900783,0.9321148825065274,0.9284036245665063,0.9973890339425587,0.0003,1.0,9377.866346120834
depth3_bal_MAAMMA,3,MAAMMA,39875,478500,0.03873148746788502,0.11142502725124359,0.12597990983298846,0.9986945169712794,0.9934725848563969,0.9891486743483611,0.9973890339425587,0.0003,1.0,9380.323010921478
depth3_bal_MAAMMA,3,MAAMMA,39900,478800,0.034728245033572115,0.12202395374576251,0.1344663574227265,0.9986945169712794,0.9934725848563969,0.9860163329231457,0.9973890339425587,0.0003,1.0,9382.771513700485
depth3_bal_MAAMMA,3,MAAMMA,39925,479100,0.046718242578208447,0.12067224582036336,0.13198136634060315,0.9973890339425587,0.9895561357702349,0.9902673677145094,0.9973890339425587,0.0003,1.0,9385.339916229248
depth3_bal_MAAMMA,3,MAAMMA,39950,479400,0.09151040265957515,0.14196812361478806,0.16028277490820203,0.9960835509138382,0.9882506527415144,0.9855688555766864,0.9973890339425587,0.0003,1.0,9387.790664434433
depth3_bal_MAAMMA,3,MAAMMA,39975,479700,0.03579119096199671,0.11140152191122372,0.11831012996179717,0.9993472584856397,0.9921671018276762,0.9920572771003467,0.9973890339425587,0.0003,1.0,9390.236953496933
depth3_bal_MAAMMA,3,MAAMMA,40000,480000,0.0771462054302295,0.1877004181345304,0.20449739204985753,0.985313315926893,0.97911227154047,0.9731513592124399,0.9973890339425587,0.0003,1.0,9392.682574510574
depth3_bal_MAAMMA,3,MAAMMA,40025,480300,0.038854329846799374,0.10533422231674194,0.11527536447559084,0.9986945169712794,0.9947780678851175,0.9928403624566506,0.9973890339425587,0.0003,1.0,9398.045195817947
depth3_bal_MAAMMA,3,MAAMMA,40050,480600,0.05371094619234403,0.13072682917118073,0.14058392303330558,0.9986945169712794,0.9947780678851175,0.9878062423089831,0.9973890339425587,0.0003,1.0,9404.739849567413
depth3_bal_MAAMMA,3,MAAMMA,40075,480900,0.3600524291396141,0.44780832529067993,0.44643826740128656,0.8860966057441253,0.8511749347258486,0.8530036916881083,0.9973890339425587,0.0003,1.0,9411.435336589813
depth3_bal_MAAMMA,3,MAAMMA,40100,481200,0.03671242824445168,0.10668939352035522,0.11231776891010148,0.9993472584856397,0.9934725848563969,0.9914979304172726,0.9973890339425587,0.0003,1.0,9418.065491199493
depth3_bal_MAAMMA,3,MAAMMA,40125,481500,0.06346722940603892,0.11819773664077123,0.12903257395539966,0.9980417754569191,0.9934725848563969,0.990602975724354,0.9973890339425587,0.0003,1.0,9424.814042329788
depth3_bal_MAAMMA,3,MAAMMA,40150,481800,0.037182627245783806,0.10276234149932861,0.10995511998023305,0.9993472584856397,0.9934725848563969,0.9921691464369616,0.9973890339425587,0.0003,1.0,9431.147217273712
depth3_bal_MAAMMA,3,MAAMMA,40175,482100,0.0339227399478356,0.09513749058047931,0.10326288108314786,0.9986945169712794,0.9934725848563969,0.991274191744043,0.9973890339425587,0.0003,1.0,9437.841634511948
depth3_bal_MAAMMA,3,MAAMMA,40200,482400,0.5589324732621511,0.6200836102167765,0.7087899718965803,0.7989556135770235,0.7610966057441253,0.7170824477010851,0.9973890339425587,0.0003,1.0,9444.284121751785
depth3_bal_MAAMMA,3,MAAMMA,40225,482700,0.03286564924443761,0.09638427818814914,0.1021980069577694,0.9990208877284595,0.9934725848563969,0.9902673677145094,0.9973890339425587,0.0003,1.0,9450.960552692413
depth3_bal_MAAMMA,3,MAAMMA,40250,483000,0.10448114077250163,0.14094606786966324,0.14995731434651782,0.9869451697127938,0.9830287206266318,0.9823246448148563,0.9973890339425587,0.0003,1.0,9457.53244137764
depth3_bal_MAAMMA,3,MAAMMA,40275,483300,0.040652413542071976,0.10064477100968361,0.11398105600050518,0.9970626631853786,0.9908616187989556,0.987246895625909,0.9973890339425587,0.0003,1.0,9464.047571897507
depth3_bal_MAAMMA,3,MAAMMA,40300,483600,0.06007828998068968,0.11539677033821742,0.12200271721397127,0.9986945169712794,0.9921671018276762,0.9898198903680501,0.9973890339425587,0.0003,1.0,9470.308009624481
depth3_bal_MAAMMA,3,MAAMMA,40325,483900,0.03746873295555512,0.09718729183077812,0.10389806862388339,0.9993472584856397,0.9934725848563969,0.9895961516948204,0.9973890339425587,0.0003,1.0,9476.63510107994
depth3_bal_MAAMMA,3,MAAMMA,40350,484200,1.2029652496178944,1.0188127954800923,1.0002045358930316,0.6266318537859008,0.6801566579634465,0.6797180892717306,0.9973890339425587,0.0003,1.0,9481.750180482864
depth3_bal_MAAMMA,3,MAAMMA,40375,484500,0.037655056764682136,0.0970331182082494,0.10057905784675053,0.9993472584856397,0.9934725848563969,0.991945407763732,0.9973890339425587,0.0003,1.0,9486.777034282684
depth3_bal_MAAMMA,3,MAAMMA,40400,484800,0.4854307919740677,0.580986221631368,0.6003561530794416,0.8325718015665796,0.7924281984334204,0.7893500391542678,0.9973890339425587,0.0003,1.0,9491.544155597687
depth3_bal_MAAMMA,3,MAAMMA,40425,485100,0.02825537696480751,0.08898165573676427,0.08954087187136922,0.9986945169712794,0.9921671018276762,0.9917216690905023,0.9973890339425587,0.0003,1.0,9493.991447210312
depth3_bal_MAAMMA,3,MAAMMA,40450,485400,0.4932473599910736,0.7814245621363322,0.7832054325512477,0.8244125326370757,0.6762402088772846,0.680836782637879,0.9973890339425587,0.0003,1.0,9496.427768945694
depth3_bal_MAAMMA,3,MAAMMA,40475,485700,0.03380692129333814,0.08655824388066928,0.09431274511984417,0.9993472584856397,0.9934725848563969,0.9911623224074281,0.9973890339425587,0.0003,1.0,9498.870153188705
depth3_bal_MAAMMA,3,MAAMMA,40500,486000,0.029234431373576324,0.08951789885759354,0.09220894670912198,0.9993472584856397,0.9921671018276762,0.9923928851101913,0.9973890339425587,0.0003,1.0,9502.164448976517
depth3_bal_MAAMMA,3,MAAMMA,40525,486300,0.046014308308561645,0.09293586264053981,0.10570827413882528,0.9970626631853786,0.9921671018276762,0.9888130663385166,0.9973890339425587,0.0003,1.0,9508.614369630814
depth3_bal_MAAMMA,3,MAAMMA,40550,486600,0.06076198102285465,0.10612595578034718,0.12289094030857087,0.9970626631853786,0.9882506527415144,0.9867994182794496,0.9973890339425587,0.0003,1.0,9515.062363624573
depth3_bal_MAAMMA,3,MAAMMA,40575,486900,0.04020626532534758,0.08839870989322662,0.10692245917660849,0.9986945169712794,0.9934725848563969,0.9888130663385166,0.9973890339425587,0.0003,1.0,9521.91998386383
depth3_bal_MAAMMA,3,MAAMMA,40600,487200,0.03465807686249415,0.0790991298854351,0.09055292063525745,0.9996736292428199,0.9934725848563969,0.991945407763732,0.9973890339425587,0.0003,1.0,9527.788994789124
depth3_bal_MAAMMA,3,MAAMMA,40625,487500,0.04304061240206162,0.10126590232054393,0.11338804087468556,0.9964099216710183,0.9921671018276762,0.9869112876160644,0.9973890339425587,0.0003,1.0,9534.409404277802
depth3_bal_MAAMMA,3,MAAMMA,40650,487800,0.15800868471463522,0.1808734585841497,0.21230515113898685,0.964425587467363,0.9686684073107049,0.9522317932654659,0.9973890339425587,0.0003,1.0,9541.053413391113
depth3_bal_MAAMMA,3,MAAMMA,40675,488100,0.035145276226103306,0.08560215309262276,0.09047396928071975,0.9980417754569191,0.9921671018276762,0.9902673677145094,0.9973890339425587,0.0003,1.0,9547.744663715363
depth3_bal_MAAMMA,3,MAAMMA,40700,488400,0.10738953637580077,0.16843372086683908,0.16389490876879012,0.9830287206266318,0.9673629242819843,0.9721445351829063,0.9973890339425587,0.0003,1.0,9554.389644384384
depth3_bal_MAAMMA,3,MAAMMA,40725,488700,0.06322198205937941,0.10665263483921687,0.10721465306622642,0.9990208877284595,0.9934725848563969,0.9910504530708133,0.9973890339425587,0.0003,1.0,9560.828895330429
depth3_bal_MAAMMA,3,MAAMMA,40750,489000,0.03969522720823685,0.09505091359217961,0.09625876045652798,0.9993472584856397,0.9921671018276762,0.9911623224074281,0.9973890339425587,0.0003,1.0,9567.315689563751
depth3_bal_MAAMMA,3,MAAMMA,40775,489300,0.03892054750273625,0.11038156102101009,0.11394943541714124,0.9964099216710183,0.9908616187989556,0.985792594249916,0.9973890339425587,0.0003,1.0,9574.097118139267
depth3_bal_MAAMMA,3,MAAMMA,40800,489600,0.029835847516854603,0.10258893171946208,0.11076303922704288,0.9986945169712794,0.9921671018276762,0.9878062423089831,0.9973890339425587,0.0003,1.0,9580.553150177002
depth3_bal_MAAMMA,3,MAAMMA,40825,489900,0.07108293659985065,0.12117992838223775,0.1358582724417959,0.9977154046997389,0.9934725848563969,0.9891486743483611,0.9973890339425587,0.0003,1.0,9587.046120166779
depth3_bal_MAAMMA,3,MAAMMA,40850,490200,0.03725314233452082,0.10651376843452454,0.11289909332990647,0.9990208877284595,0.9934725848563969,0.9914979304172726,0.9973890339425587,0.0003,1.0,9593.233294487
depth3_bal_MAAMMA,3,MAAMMA,40875,490500,0.0604446300615867,0.11763086915016174,0.12963011818272727,0.9970626631853786,0.9934725848563969,0.9909385837341984,0.9973890339425587,0.0003,1.0,9599.93285894394
depth3_bal_MAAMMA,3,MAAMMA,40900,490800,0.037698380959530674,0.11503873268763225,0.12505228519439698,0.9986945169712794,0.9934725848563969,0.9907148450609687,0.9973890339425587,0.0003,1.0,9606.527145147324
depth3_bal_MAAMMA,3,MAAMMA,40925,491100,0.08523366538186868,0.1521338919798533,0.1505990337048258,0.9977154046997389,0.9895561357702349,0.9890368050117463,0.9973890339425587,0.0003,1.0,9612.887904167175
depth3_bal_MAAMMA,3,MAAMMA,40950,491400,0.037087795324623585,0.13043580949306488,0.12411727298583303,0.9986945169712794,0.9921671018276762,0.9913860610806577,0.9973890339425587,0.0003,1.0,9619.570567846298
depth3_bal_MAAMMA,3,MAAMMA,40975,491700,0.03601467174788316,0.12211940685908,0.11976956352591514,0.9990208877284595,0.9934725848563969,0.9918335384271171,0.9973890339425587,0.0003,1.0,9626.177181959152
depth3_bal_MAAMMA,3,MAAMMA,41000,492000,0.04459442446629206,0.1442315330108007,0.13681733448590552,0.9973890339425587,0.9869451697127938,0.9867994182794496,0.9973890339425587,0.0003,1.0,9632.824257135391
depth3_bal_MAAMMA,3,MAAMMA,41025,492300,0.6646500080823898,0.7061400016148885,0.7411115203584944,0.7274804177545692,0.7245430809399478,0.7180892717306187,0.9973890339425587,0.0003,1.0,9639.026112794876
depth3_bal_MAAMMA,3,MAAMMA,41050,492600,0.03571069876973828,0.12859113017717996,0.12392126076987811,0.9996736292428199,0.9934725848563969,0.9902673677145094,0.9973890339425587,0.0003,1.0,9645.690820217133
depth3_bal_MAAMMA,3,MAAMMA,41075,492900,0.6616644312938055,0.6950709422429403,0.7130047219140189,0.7529373368146214,0.741514360313316,0.7358764962523773,0.9973890339425587,0.0003,1.0,9653.457047462463
depth3_bal_MAAMMA,3,MAAMMA,41100,493200,0.03879080371310314,0.1296017567316691,0.13389959367258208,0.9977154046997389,0.9947780678851175,0.9908267143975836,0.9973890339425587,0.0003,1.0,9661.2339053154
depth3_bal_MAAMMA,3,MAAMMA,41125,493500,0.027966688387095928,0.11802660177151363,0.1220719572688852,0.9990208877284595,0.9934725848563969,0.9893724130215907,0.9973890339425587,0.0003,1.0,9668.877561569214
depth3_bal_MAAMMA,3,MAAMMA,41150,493800,0.21670270090301832,0.26193862160046893,0.27675739058426446,0.9866187989556136,0.97911227154047,0.9748293992616623,0.9973890339425587,0.0003,1.0,9675.771711349487
depth3_bal_MAAMMA,3,MAAMMA,41175,494100,0.04262371795872847,0.12585722406705221,0.1337642937898636,0.9983681462140992,0.9934725848563969,0.9881418503188276,0.9973890339425587,0.0003,1.0,9682.133210897446
depth3_bal_MAAMMA,3,MAAMMA,41200,494400,0.04185090959072113,0.1268181949853897,0.12418492564133235,0.9983681462140992,0.9947780678851175,0.9909385837341984,0.9973890339425587,0.0003,1.0,9688.216577291489
depth3_bal_MAAMMA,3,MAAMMA,41225,494700,0.14876861746112505,0.3044485052426656,0.2882820955344609,0.9703002610966057,0.9464751958224543,0.9448484170488869,0.9973890339425587,0.0003,1.0,9694.215853214264
depth3_bal_MAAMMA,3,MAAMMA,41250,495000,0.035861093550920486,0.11036992321411769,0.11071067665304457,0.9983681462140992,0.9947780678851175,0.99328783980311,0.9973890339425587,0.0003,1.0,9700.91682600975
depth3_bal_MAAMMA,3,MAAMMA,41275,495300,0.2643466231723626,0.33393022418022156,0.3394484596593039,0.9343994778067886,0.9255874673629243,0.9219152030428459,0.9973890339425587,0.0003,1.0,9707.534079790115
depth3_bal_MAAMMA,3,MAAMMA,41300,495600,0.03406063032646974,0.10615776727596919,0.1086748716022287,0.9996736292428199,0.9947780678851175,0.9917216690905023,0.9973890339425587,0.0003,1.0,9714.13287448883
depth3_bal_MAAMMA,3,MAAMMA,41325,495900,0.04588844534009695,0.14277425160010657,0.13782029662813458,0.9990208877284595,0.9856396866840731,0.98657567960622,0.9973890339425587,0.0003,1.0,9720.767671823502
depth3_bal_MAAMMA,3,MAAMMA,41350,496200,0.04279702932884296,0.12345100939273834,0.12498623824545316,0.9980417754569191,0.9921671018276762,0.9874706342991386,0.9973890339425587,0.0003,1.0,9727.260308504105
depth3_bal_MAAMMA,3,MAAMMA,41375,496500,0.06397128601868947,0.1213638111948967,0.129390772325652,0.9964099216710183,0.9934725848563969,0.990602975724354,0.9973890339425587,0.0003,1.0,9733.55311369896
depth3_bal_MAAMMA,3,MAAMMA,41400,496800,0.039200108808775745,0.12338955700397491,0.12279391097170966,0.9993472584856397,0.9947780678851175,0.9911623224074281,0.9973890339425587,0.0003,1.0,9739.882449626923
depth3_bal_MAAMMA,3,MAAMMA,41425,497100,0.07801732265700896,0.15111426760752997,0.1587968274950981,0.993798955613577,0.9908616187989556,0.9863519409329903,0.9973890339425587,0.0003,1.0,9746.208902597427
depth3_bal_MAAMMA,3,MAAMMA,41450,497400,1.2951878011226654,1.190399964650472,1.1575639384133476,0.5659268929503917,0.5848563968668408,0.5980534735429018,0.9973890339425587,0.0003,1.0,9752.540136575699
depth3_bal_MAAMMA,3,MAAMMA,41475,497700,0.04710680432617664,0.1338567485411962,0.12738638733114516,0.9986945169712794,0.9908616187989556,0.9901554983778946,0.9973890339425587,0.0003,1.0,9759.188003778458
depth3_bal_MAAMMA,3,MAAMMA,41500,498000,0.041606322241326175,0.12443721791108449,0.12146772859351976,0.9983681462140992,0.9947780678851175,0.9910504530708133,0.9973890339425587,0.0003,1.0,9765.844904899597
depth3_bal_MAAMMA,3,MAAMMA,41525,498300,0.6231537287433943,0.967272937297821,0.9007086838994708,0.7845953002610966,0.6984334203655352,0.7207741358093747,0.9973890339425587,0.0003,1.0,9772.658080816269
depth3_bal_MAAMMA,3,MAAMMA,41550,498600,0.04427909975250562,0.11699249595403671,0.12419053784438543,0.9980417754569191,0.9960835509138382,0.9920572771003467,0.9973890339425587,0.0003,1.0,9779.327028274536
depth3_bal_MAAMMA,3,MAAMMA,41575,498900,0.03973450232297182,0.12558620423078537,0.12308370960610253,0.9977154046997389,0.9947780678851175,0.9923928851101913,0.9973890339425587,0.0003,1.0,9785.502395629883
depth3_bal_MAAMMA,3,MAAMMA,41600,499200,0.03660859353840351,0.13287834078073502,0.1307124395455633,0.9986945169712794,0.9934725848563969,0.9904911063877391,0.9973890339425587,0.0003,1.0,9791.843411922455
depth3_bal_MAAMMA,3,MAAMMA,41625,499500,0.047222536988556385,0.12266808499892552,0.1267424917646817,0.9990208877284595,0.9960835509138382,0.9897080210314353,0.9973890339425587,0.0003,1.0,9798.341867923737
depth3_bal_MAAMMA,3,MAAMMA,41650,499800,0.4907189632455508,0.5932206312815348,0.6261907160282135,0.8557441253263708,0.8237597911227154,0.8148562479024499,0.9973890339425587,0.0003,1.0,9804.70859837532
depth3_bal_MAAMMA,3,MAAMMA,41675,500100,0.03441652407248815,0.1166884923974673,0.11353363043495587,0.9993472584856397,0.9960835509138382,0.99328783980311,0.9973890339425587,0.0003,1.0,9810.782752990723
depth3_bal_MAAMMA,3,MAAMMA,41700,500400,0.3887433633208275,0.40952105323473614,0.413958660193852,0.9203655352480418,0.9295039164490861,0.9219152030428459,0.9973890339425587,0.0003,1.0,9817.183057785034
depth3_bal_MAAMMA,3,MAAMMA,41725,500700,0.039475186727941036,0.1193355843424797,0.11306466822113309,0.9986945169712794,0.9947780678851175,0.9918335384271171,0.9973890339425587,0.0003,1.0,9823.494854927063
depth3_bal_MAAMMA,3,MAAMMA,41750,501000,0.036511008317271866,0.1176409125328064,0.11602464829172407,0.9996736292428199,0.9960835509138382,0.9925047544468061,0.9973890339425587,0.0003,1.0,9825.973443031311
depth3_bal_MAAMMA,3,MAAMMA,41775,501300,0.0463009492183725,0.11947821577390035,0.12580246361238615,0.9993472584856397,0.9947780678851175,0.9917216690905023,0.9973890339425587,0.0003,1.0,9828.448016166687
depth3_bal_MAAMMA,3,MAAMMA,41800,501600,0.09699417899052303,0.15381858001152673,0.16541029747043337,0.9902088772845953,0.9934725848563969,0.9843382928739233,0.9973890339425587,0.0003,1.0,9831.032395362854
depth3_bal_MAAMMA,3,MAAMMA,41825,501900,0.5602347801129023,0.5257583955923716,0.5440188825130463,0.8054830287206266,0.8159268929503917,0.8165342879516725,0.9973890339425587,0.0003,1.0,9833.550382852554
depth3_bal_MAAMMA,3,MAAMMA,41850,502200,0.0428388612344861,0.1214195042848587,0.12315318041614123,0.9980417754569191,0.9947780678851175,0.9910504530708133,0.9973890339425587,0.0003,1.0,9840.100522518158
depth3_bal_MAAMMA,3,MAAMMA,41875,502500,0.047549037573238216,0.11600849032402039,0.12696774495499474,0.9977154046997389,0.9960835509138382,0.9897080210314353,0.9973890339425587,0.0003,1.0,9847.348428964615
depth3_bal_MAAMMA,3,MAAMMA,41900,502800,0.12774777101973692,0.16313751538594565,0.17018241030829293,0.9947780678851175,0.9947780678851175,0.9888130663385166,0.9973890339425587,0.0003,1.0,9855.44173526764
depth3_bal_MAAMMA,3,MAAMMA,41925,503100,0.04053425509482622,0.11947956681251526,0.13015402512890953,0.9973890339425587,0.9934725848563969,0.987246895625909,0.9973890339425587,0.0003,1.0,9863.456478834152
depth3_bal_MAAMMA,3,MAAMMA,41950,503400,0.09914034542938073,0.15910162031650543,0.15533962164606366,0.9964099216710183,0.9895561357702349,0.98657567960622,0.9973890339425587,0.0003,1.0,9870.980424404144
depth3_bal_MAAMMA,3,MAAMMA,41975,503700,0.03504513157531619,0.11371954530477524,0.11331329111542021,0.9990208877284595,0.9934725848563969,0.9916097997538874,0.9973890339425587,0.0003,1.0,9878.140254974365
depth3_bal_MAAMMA,3,MAAMMA,42000,504000,0.07124865644921859,0.13823247700929642,0.14224660524300167,0.9977154046997389,0.9947780678851175,0.9911623224074281,0.9973890339425587,0.0003,1.0,9885.66146016121
depth3_bal_MAAMMA,3,MAAMMA,42025,504300,0.038397789311905704,0.12940246363480887,0.13149874487093516,0.9986945169712794,0.9908616187989556,0.9882537196554424,0.9973890339425587,0.0003,1.0,9893.165604114532
depth3_bal_MAAMMA,3,MAAMMA,42050,504600,0.8211376865704855,0.9658369421958923,1.0223136135510036,0.6762402088772846,0.6357702349869452,0.6240071596375434,0.9973890339425587,0.0003,1.0,9900.642896413803
depth3_bal_MAAMMA,3,MAAMMA,42075,504900,0.03946479223668575,0.12444579601287842,0.12586983665823936,0.9990208877284595,0.9960835509138382,0.9916097997538874,0.9973890339425587,0.0003,1.0,9904.101670742035
depth3_bal_MAAMMA,3,MAAMMA,42100,505200,0.034253338196625314,0.12734517951806387,0.12755821868777276,0.9990208877284595,0.9960835509138382,0.9920572771003467,0.9973890339425587,0.0003,1.0,9910.006043434143
depth3_bal_MAAMMA,3,MAAMMA,42125,505500,0.03972601983696222,0.1331761727730433,0.13318234298910414,0.9983681462140992,0.9947780678851175,0.9910504530708133,0.9973890339425587,0.0003,1.0,9916.89550948143
depth3_bal_MAAMMA,3,MAAMMA,42150,505800,0.643678014477094,0.5599540670712789,0.5955512148993356,0.7656657963446475,0.8263707571801566,0.8036693142409665,0.9973890339425587,0.0003,1.0,9923.95167684555
depth3_bal_MAAMMA,3,MAAMMA,42175,506100,0.04482360556721687,0.14410739888747534,0.1399904904620988,0.9980417754569191,0.9895561357702349,0.9890368050117463,0.9973890339425587,0.0003,1.0,9930.975700855255
depth3_bal_MAAMMA,3,MAAMMA,42200,506400,0.04154371997962395,0.13401756435632706,0.13158257039529936,0.9970626631853786,0.9947780678851175,0.9920572771003467,0.9973890339425587,0.0003,1.0,9937.186577558517
depth3_bal_MAAMMA,3,MAAMMA,42225,506700,1.4044564366340637,1.0623069206873577,1.1124768189021519,0.5137075718015666,0.6488250652741514,0.6122608792929858,0.9973890339425587,0.0003,1.0,9943.97615480423
depth3_bal_MAAMMA,3,MAAMMA,42250,507000,0.04227224923670292,0.12857844680547714,0.12786536940506527,0.9980417754569191,0.9960835509138382,0.9913860610806577,0.9973890339425587,0.0003,1.0,9951.0575902462
depth3_bal_MAAMMA,3,MAAMMA,42275,507300,0.03491654976581534,0.12879226605097452,0.13284408929092542,0.9983681462140992,0.9934725848563969,0.9907148450609687,0.9973890339425587,0.0003,1.0,9957.929532289505
depth3_bal_MAAMMA,3,MAAMMA,42300,507600,0.04458571784198284,0.12167352934678395,0.12349930299179894,0.9986945169712794,0.9934725848563969,0.9916097997538874,0.9973890339425587,0.0003,1.0,9964.688074111938
depth3_bal_MAAMMA,3,MAAMMA,42325,507900,0.0437520540629824,0.12280404816071193,0.12036151960492134,0.9990208877284595,0.9921671018276762,0.9917216690905023,0.9973890339425587,0.0003,1.0,9971.479555130005
depth3_bal_MAAMMA,3,MAAMMA,42350,508200,0.03834433186178406,0.13139062374830246,0.12813586433018956,0.9973890339425587,0.9921671018276762,0.9909385837341984,0.9973890339425587,0.0003,1.0,9977.976554870605
depth3_bal_MAAMMA,3,MAAMMA,42375,508500,0.10369438243408997,0.1657983958721161,0.1715719474213464,0.9990208877284595,0.9947780678851175,0.9910504530708133,0.9973890339425587,0.0003,1.0,9983.819468736649
depth3_bal_MAAMMA,3,MAAMMA,42400,508800,0.0481677803521355,0.13262545069058737,0.13700645683067186,0.9980417754569191,0.9921671018276762,0.989260543684976,0.9973890339425587,0.0003,1.0,9986.28111410141
depth3_bal_MAAMMA,3,MAAMMA,42425,509100,0.05323303987582525,0.13698478043079376,0.13566675760916302,0.9986945169712794,0.9947780678851175,0.9913860610806577,0.9973890339425587,0.0003,1.0,9988.725405454636
depth3_bal_MAAMMA,3,MAAMMA,42450,509400,0.03518528336038192,0.13090897599856058,0.13179380542465619,0.9996736292428199,0.9934725848563969,0.9910504530708133,0.9973890339425587,0.0003,1.0,9991.169125318527
depth3_bal_MAAMMA,3,MAAMMA,42475,509700,0.170996755361557,0.22047366201877594,0.2277728910957064,0.9902088772845953,0.9843342036553525,0.9814296901219376,0.9973890339425587,0.0003,1.0,9993.740307331085
depth3_bal_MAAMMA,3,MAAMMA,42500,510000,0.040489780716598034,0.12911870330572128,0.1328818372317723,0.9986945169712794,0.9921671018276762,0.9887011970019017,0.9973890339425587,0.0003,1.0,9996.202348470688
depth3_bal_MAAMMA,3,MAAMMA,42525,510300,0.05035397286216418,0.12781933198372522,0.13033164995057242,0.9973890339425587,0.9934725848563969,0.9897080210314353,0.9973890339425587,0.0003,1.0,10000.601993322372
depth3_bal_MAAMMA,3,MAAMMA,42550,510600,0.0334432323773702,0.12378494689861934,0.11763282290526798,0.9977154046997389,0.9908616187989556,0.9917216690905023,0.9973890339425587,0.0003,1.0,10007.425188541412
depth3_bal_MAAMMA,3,MAAMMA,42575,510900,0.04210221581161022,0.1124853789806366,0.11227536776236126,0.9986945169712794,0.9960835509138382,0.9921691464369616,0.9973890339425587,0.0003,1.0,10013.703573942184
depth3_bal_MAAMMA,3,MAAMMA,42600,511200,0.03955219965428114,0.12987479815880457,0.13483140617609024,0.9983681462140992,0.9947780678851175,0.9876943729723683,0.9973890339425587,0.0003,1.0,10020.34423828125
depth3_bal_MAAMMA,3,MAAMMA,42625,511500,0.18094585090875626,0.24513023098309836,0.23718002140522004,0.9898825065274152,0.9765013054830287,0.9733750978856696,0.9973890339425587,0.0003,1.0,10026.964603185654
depth3_bal_MAAMMA,3,MAAMMA,42650,511800,0.051726569732030235,0.13059469809134802,0.1447555871946471,0.9980417754569191,0.9921671018276762,0.9856807249133013,0.9973890339425587,0.0003,1.0,10033.778446435928
depth3_bal_MAAMMA,3,MAAMMA,42675,512100,0.15098087303340435,0.495124210913976,0.5109035440853664,0.9621409921671018,0.8785900783289817,0.8798523324756684,0.9973890339425587,0.0003,1.0,10040.361827373505
depth3_bal_MAAMMA,3,MAAMMA,42700,512400,0.05239013799776634,0.1236287181576093,0.12654842446957315,0.9967362924281984,0.9947780678851175,0.9909385837341984,0.9973890339425587,0.0003,1.0,10046.916298627853
depth3_bal_MAAMMA,3,MAAMMA,42725,512700,0.041498863603919744,0.13496483117341995,0.13560345843434335,0.9967362924281984,0.9921671018276762,0.9900436290412797,0.9973890339425587,0.0003,1.0,10053.637711524963
depth3_bal_MAAMMA,3,MAAMMA,42750,513000,0.07380743324756622,0.1512588063875834,0.14637189954519272,0.9970626631853786,0.9947780678851175,0.990602975724354,0.9973890339425587,0.0003,1.0,10060.367154836655
depth3_bal_MAAMMA,3,MAAMMA,42775,513300,0.05250533577054739,0.14705476661523184,0.1505899212190083,0.9983681462140992,0.9921671018276762,0.9903792370511243,0.9973890339425587,0.0003,1.0,10066.936134576797
depth3_bal_MAAMMA,3,MAAMMA,42800,513600,0.5015664473176003,0.46214669942855835,0.47777111189705984,0.8273498694516971,0.8655352480417755,0.8583734198456203,0.9973890339425587,0.0003,1.0,10073.65755200386
depth3_bal_MAAMMA,3,MAAMMA,42825,513900,0.037179144409795604,0.13378924131393433,0.1346154470528875,0.9993472584856397,0.9921671018276762,0.991274191744043,0.9973890339425587,0.0003,1.0,10080.382004261017
depth3_bal_MAAMMA,3,MAAMMA,42850,514200,0.050095497630536556,0.135784221192201,0.14356988913246563,0.9980417754569191,0.9934725848563969,0.9913860610806577,0.9973890339425587,0.0003,1.0,10087.684125900269
depth3_bal_MAAMMA,3,MAAMMA,42875,514500,0.1165557208781441,1.0114885568618774,1.0707246286528451,0.9696475195822454,0.6684073107049608,0.6668531155610248,0.9973890339425587,0.0003,1.0,10094.358257055283
depth3_bal_MAAMMA,3,MAAMMA,42900,514800,0.041959160938858986,0.13185122112433115,0.136061080545187,0.9980417754569191,0.9960835509138382,0.9907148450609687,0.9973890339425587,0.0003,1.0,10101.116002082825
depth3_bal_MAAMMA,3,MAAMMA,42925,515100,0.07394012560447057,0.15286140143871307,0.1705199475799288,0.9967362924281984,0.9895561357702349,0.9835552075176194,0.9973890339425587,0.0003,1.0,10106.580790042877
depth3_bal_MAAMMA,3,MAAMMA,42950,515400,1.6865253647168477,1.316440502802531,1.317317043031965,0.5316579634464752,0.5718015665796344,0.5723235261214901,0.9973890339425587,0.0003,1.0,10109.121644735336
depth3_bal_MAAMMA,3,MAAMMA,42975,515700,0.04102920337269703,0.11861689388751984,0.1334559524697917,0.9990208877284595,0.9947780678851175,0.9922810157735764,0.9973890339425587,0.0003,1.0,10111.602451324463
depth3_bal_MAAMMA,3,MAAMMA,43000,516000,0.26467111830910045,0.29367103179295856,0.3139402461903436,0.9712793733681462,0.9738903394255874,0.9659917216690905,0.9973890339425587,0.0003,1.0,10118.14450621605
depth3_bal_MAAMMA,3,MAAMMA,43025,516300,0.041167410711447396,0.1482089733084043,0.1533917933702469,0.9970626631853786,0.9856396866840731,0.9847857702203826,0.9973890339425587,0.0003,1.0,10123.687327623367
depth3_bal_MAAMMA,3,MAAMMA,43050,516600,0.06327484206606944,0.13065839310487112,0.13328257969447543,0.9970626631853786,0.9947780678851175,0.9917216690905023,0.9973890339425587,0.0003,1.0,10130.457597494125
depth3_bal_MAAMMA,3,MAAMMA,43075,516900,0.08239604687939088,0.13867343962192535,0.144033020734787,0.9954308093994778,0.9960835509138382,0.9914979304172726,0.9973890339425587,0.0003,1.0,10137.168419122696
depth3_bal_MAAMMA,3,MAAMMA,43100,517200,0.03782223258167505,0.1190459206700325,0.12428136616945266,0.9990208877284595,0.9960835509138382,0.9937353171495693,0.9973890339425587,0.0003,1.0,10143.813572883606
depth3_bal_MAAMMA,3,MAAMMA,43125,517500,0.1026832964271307,0.16972425083319345,0.20076743619782583,0.9918407310704961,0.9830287206266318,0.9711377111533729,0.9973890339425587,0.0003,1.0,10150.439730167389
depth3_bal_MAAMMA,3,MAAMMA,43150,517800,0.042702714602152504,0.12798196822404861,0.12887365818023683,0.9970626631853786,0.9947780678851175,0.9918335384271171,0.9973890339425587,0.0003,1.0,10157.093764781952
depth3_bal_MAAMMA,3,MAAMMA,43175,518100,0.056936588138341904,0.132549578944842,0.13094478824308942,0.9990208877284595,0.9934725848563969,0.9923928851101913,0.9973890339425587,0.0003,1.0,10163.81314110756
depth3_bal_MAAMMA,3,MAAMMA,43200,518400,0.044242270601292454,0.1283588409423828,0.13370734942810877,0.9970626631853786,0.9947780678851175,0.9900436290412797,0.9973890339425587,0.0003,1.0,10170.217096328735
depth3_bal_MAAMMA,3,MAAMMA,43225,518700,0.22848457843065262,0.2607431312402089,0.2635675596339362,0.9781331592689295,0.9765013054830287,0.971697057836447,0.9973890339425587,0.0003,1.0,10177.177230119705
depth3_bal_MAAMMA,3,MAAMMA,43250,519000,0.038075508549809456,0.11998715500036876,0.12145995125174522,0.9973890339425587,0.9934725848563969,0.9916097997538874,0.9973890339425587,0.0003,1.0,10183.375799655914
depth3_bal_MAAMMA,3,MAAMMA,43275,519300,0.0676146016145746,0.12237227459748586,0.13301919741289955,0.9973890339425587,0.9947780678851175,0.9911623224074281,0.9973890339425587,0.0003,1.0,10189.940513134003
depth3_bal_MAAMMA,3,MAAMMA,43300,519600,0.03412280169626077,0.11342137555281322,0.12348165214061738,0.9986945169712794,0.9947780678851175,0.991274191744043,0.9973890339425587,0.0003,1.0,10196.653158426285
depth3_bal_MAAMMA,3,MAAMMA,43325,519900,0.048897127310434975,0.11994357158740361,0.1323821713881833,0.9970626631853786,0.9934725848563969,0.9893724130215907,0.9973890339425587,0.0003,1.0,10200.764657974243
depth3_bal_MAAMMA,3,MAAMMA,43350,520200,0.03961688404281934,0.11869268367687862,0.12817864779915128,0.9980417754569191,0.9960835509138382,0.991274191744043,0.9973890339425587,0.0003,1.0,10207.338325738907
depth3_bal_MAAMMA,3,MAAMMA,43375,520500,0.06230075191706419,0.11938253790140152,0.12270095050334931,0.9980417754569191,0.9947780678851175,0.99328783980311,0.9973890339425587,0.0003,1.0,10213.99140715599
depth3_bal_MAAMMA,3,MAAMMA,43400,520800,0.34887012218435604,0.5635872085889181,0.5182830120835985,0.8883812010443864,0.8133159268929504,0.827609352276541,0.9973890339425587,0.0003,1.0,10220.773222446442
depth3_bal_MAAMMA,3,MAAMMA,43425,521100,0.03239943770070871,0.11653768022855122,0.11989834691796984,0.9993472584856397,0.9947780678851175,0.991945407763732,0.9973890339425587,0.0003,1.0,10227.189718484879
depth3_bal_MAAMMA,3,MAAMMA,43450,521400,1.3807595868905385,1.0439034303029378,1.0875665954181126,0.5153394255874674,0.6383812010443864,0.6340753999328784,0.9973890339425587,0.0003,1.0,10233.56239080429
depth3_bal_MAAMMA,3,MAAMMA,43475,521700,0.03271321797122558,0.11277906969189644,0.11366465772901263,0.9993472584856397,0.9947780678851175,0.991274191744043,0.9973890339425587,0.0003,1.0,10240.013713359833
depth3_bal_MAAMMA,3,MAAMMA,43500,522000,0.23627216865619025,0.3290422558784485,0.3540099740028381,0.9392950391644909,0.912532637075718,0.8939478688891375,0.9973890339425587,0.0003,1.0,10246.573996782303
depth3_bal_MAAMMA,3,MAAMMA,43525,522300,0.03229173428068558,0.1190202608704567,0.12231695460421699,0.9983681462140992,0.9947780678851175,0.9910504530708133,0.9973890339425587,0.0003,1.0,10252.779172897339
depth3_bal_MAAMMA,3,MAAMMA,43550,522600,0.07058308583994706,0.13025840868552527,0.1348360985517502,0.9980417754569191,0.9960835509138382,0.9908267143975836,0.9973890339425587,0.0003,1.0,10259.136427879333
depth3_bal_MAAMMA,3,MAAMMA,43575,522900,0.0288308917855223,0.1064270759622256,0.10974324164646013,0.9996736292428199,0.9960835509138382,0.9922810157735764,0.9973890339425587,0.0003,1.0,10265.518366575241
depth3_bal_MAAMMA,3,MAAMMA,43600,523200,0.05992966145277023,0.12494971354802449,0.12165553548506328,0.9986945169712794,0.9947780678851175,0.9914979304172726,0.9973890339425587,0.0003,1.0,10272.096783399582
depth3_bal_MAAMMA,3,MAAMMA,43625,523500,0.04864199428508679,0.12876065323750177,0.13892614639231138,0.9960835509138382,0.9947780678851175,0.988589327665287,0.9973890339425587,0.0003,1.0,10279.254537820816
depth3_bal_MAAMMA,3,MAAMMA,43650,523800,0.03398768541713556,0.11225322882334392,0.11300063335469791,0.9993472584856397,0.9960835509138382,0.9929522317932654,0.9973890339425587,0.0003,1.0,10285.918161869049
depth3_bal_MAAMMA,3,MAAMMA,43675,524100,0.02731478524704774,0.1158600685497125,0.12329826131463051,0.9996736292428199,0.9960835509138382,0.9923928851101913,0.9973890339425587,0.0003,1.0,10292.833942651749
depth3_bal_MAAMMA,3,MAAMMA,43700,524400,0.04596965511639913,0.11518371105194092,0.11971673805798803,0.9986945169712794,0.9947780678851175,0.989260543684976,0.9973890339425587,0.0003,1.0,10300.27126121521
depth3_bal_MAAMMA,3,MAAMMA,43725,524700,0.041376787858704724,0.12395778050025304,0.12726096894059863,0.9986945169712794,0.9960835509138382,0.9888130663385166,0.9973890339425587,0.0003,1.0,10307.266067504883
depth3_bal_MAAMMA,3,MAAMMA,43750,525000,0.04342627556373676,0.13036533196767172,0.12884222098759243,0.9967362924281984,0.9934725848563969,0.9900436290412797,0.9973890339425587,0.0003,1.0,10313.937709093094
depth3_bal_MAAMMA,3,MAAMMA,43775,525300,0.0734748902420203,0.1286349892616272,0.13404133043118885,0.9986945169712794,0.9960835509138382,0.9913860610806577,0.9973890339425587,0.0003,1.0,10320.429144620895
depth3_bal_MAAMMA,3,MAAMMA,43800,525600,0.545136940975984,0.49198010563850403,0.520832986491067,0.8123368146214099,0.8629242819843342,0.8493120035798187,0.9973890339425587,0.0003,1.0,10326.807108402252
depth3_bal_MAAMMA,3,MAAMMA,43825,525900,0.03710029444967707,0.11712217330932617,0.12186746671795845,0.9983681462140992,0.9934725848563969,0.9903792370511243,0.9973890339425587,0.0003,1.0,10333.204651355743
depth3_bal_MAAMMA,3,MAAMMA,43850,526200,0.028919917531311512,0.11920590822895367,0.12264203301497868,0.9986945169712794,0.9947780678851175,0.9910504530708133,0.9973890339425587,0.0003,1.0,10339.57179760933
depth3_bal_MAAMMA,3,MAAMMA,43875,526500,0.07193921754757564,0.14290323108434677,0.1437160930463246,0.9983681462140992,0.9960835509138382,0.9920572771003467,0.9973890339425587,0.0003,1.0,10346.977297067642
depth3_bal_MAAMMA,3,MAAMMA,43900,526800,0.040963057739039264,0.11968567719062169,0.1165481689785208,0.9990208877284595,0.9960835509138382,0.9920572771003467,0.9973890339425587,0.0003,1.0,10353.589978933334
depth3_bal_MAAMMA,3,MAAMMA,43925,527100,1.4785307943820953,1.2118535439173381,1.2241888795580183,0.47552219321148825,0.54177545691906,0.533281127642913,0.9973890339425587,0.0003,1.0,10361.566074371338
depth3_bal_MAAMMA,3,MAAMMA,43950,527400,0.052853488052884735,0.12386115392049153,0.12410180068441799,0.9973890339425587,0.9947780678851175,0.992616623783421,0.9973890339425587,0.0003,1.0,10369.555946111679
depth3_bal_MAAMMA,3,MAAMMA,43975,527700,0.036815647346278034,0.1208118423819542,0.12179597648126739,0.9990208877284595,0.9947780678851175,0.9911623224074281,0.9973890339425587,0.0003,1.0,10377.63870549202
depth3_bal_MAAMMA,3,MAAMMA,44000,528000,0.08466973714530468,0.16065308451652527,0.16382202335766383,0.9967362924281984,0.9921671018276762,0.9883655889920573,0.9973890339425587,0.0003,1.0,10385.63548374176
depth3_bal_MAAMMA,3,MAAMMA,44025,528300,0.04612352543820938,0.1284211203455925,0.1317467159458569,0.9977154046997389,0.9947780678851175,0.9913860610806577,0.9973890339425587,0.0003,1.0,10392.98257637024
depth3_bal_MAAMMA,3,MAAMMA,44050,528600,0.03518301512425145,0.12312988936901093,0.12366126605442591,0.9986945169712794,0.9947780678851175,0.9916097997538874,0.9973890339425587,0.0003,1.0,10400.422889471054
depth3_bal_MAAMMA,3,MAAMMA,44075,528900,0.14667236059904099,0.2161721388498942,0.21681595742702484,0.9934725848563969,0.9882506527415144,0.9801991274191744,0.9973890339425587,0.0003,1.0,10407.921935796738
depth3_bal_MAAMMA,3,MAAMMA,44100,529200,2.820660894115766,3.401884158452352,3.330835669381278,0.43798955613577023,0.2793733681462141,0.2838125069918335,0.9973890339425587,0.0003,1.0,10414.300208091736
depth3_bal_MAAMMA,3,MAAMMA,44125,529500,0.044976893812417984,0.13458892703056335,0.13480065241456032,0.9986945169712794,0.9947780678851175,0.9900436290412797,0.9973890339425587,0.0003,1.0,10417.59647679329
depth3_bal_MAAMMA,3,MAAMMA,44150,529800,0.05996729526668787,0.18208680053551993,0.19994526760918754,0.9895561357702349,0.97911227154047,0.973039489875825,0.9973890339425587,0.0003,1.0,10421.000154018402
depth3_bal_MAAMMA,3,MAAMMA,44175,530100,0.059531999131043754,0.1567795847853025,0.1631616879786764,0.9941253263707572,0.9895561357702349,0.9845620315471529,0.9973890339425587,0.0003,1.0,10424.313601732254
depth3_bal_MAAMMA,3,MAAMMA,44200,530400,0.033059475322564445,0.12264876812696457,0.12898542668138233,0.9986945169712794,0.9947780678851175,0.9911623224074281,0.9973890339425587,0.0003,1.0,10427.599262475967
depth3_bal_MAAMMA,3,MAAMMA,44225,530700,0.2846107830603917,0.3133293390274048,0.3242404350212642,0.9849869451697127,0.9738903394255874,0.975053137934892,0.9973890339425587,0.0003,1.0,10430.89186501503
depth3_bal_MAAMMA,3,MAAMMA,44250,531000,0.038374981842935085,0.1212719517449538,0.12922355011105538,0.9990208877284595,0.9947780678851175,0.9908267143975836,0.9973890339425587,0.0003,1.0,10434.30306148529
depth3_bal_MAAMMA,3,MAAMMA,44275,531300,0.07430115528404713,0.14865408837795258,0.15427883927311217,0.9970626631853786,0.9934725848563969,0.9895961516948204,0.9973890339425587,0.0003,1.0,10437.59626340866
depth3_bal_MAAMMA,3,MAAMMA,44300,531600,0.03754668372372786,0.13032281895478567,0.13655006332056863,0.9977154046997389,0.9960835509138382,0.9901554983778946,0.9973890339425587,0.0003,1.0,10440.875076532364
depth3_bal_MAAMMA,3,MAAMMA,44325,531900,0.04224784361819426,0.11891022821267445,0.12358051698122706,0.9986945169712794,0.9947780678851175,0.9909385837341984,0.9973890339425587,0.0003,1.0,10447.549997806549
depth3_bal_MAAMMA,3,MAAMMA,44350,532200,0.19659492994348207,0.23978211482365927,0.24519602486065456,0.9787859007832899,0.97911227154047,0.97639556997427,0.9973890339425587,0.0003,1.0,10455.618997097015
depth3_bal_MAAMMA,3,MAAMMA,44375,532500,0.03956439749648174,0.12713333715995154,0.13444572782942227,0.9980417754569191,0.9921671018276762,0.9874706342991386,0.9973890339425587,0.0003,1.0,10462.443147659302
depth3_bal_MAAMMA,3,MAAMMA,44400,532800,0.045375012482206024,0.129284438987573,0.12990984565445354,0.9996736292428199,0.9960835509138382,0.9907148450609687,0.9973890339425587,0.0003,1.0,10469.84566450119
depth3_bal_MAAMMA,3,MAAMMA,44425,533100,0.4397907853126526,0.4684910178184509,0.4642926616328103,0.8436684073107049,0.8472584856396866,0.8549054704105604,0.9973890339425587,0.0003,1.0,10477.164999723434
depth3_bal_MAAMMA,3,MAAMMA,44450,533400,0.03153553185984492,0.12745904177427292,0.12740392035671644,0.9990208877284595,0.9947780678851175,0.9903792370511243,0.9973890339425587,0.0003,1.0,10484.291234970093
depth3_bal_MAAMMA,3,MAAMMA,44475,533700,0.14091630404194197,0.22574457029501596,0.2349372340100152,0.9934725848563969,0.9778067885117493,0.9741581832419733,0.9973890339425587,0.0003,1.0,10491.684695005417
depth3_bal_MAAMMA,3,MAAMMA,44500,534000,0.04579875742395719,0.1290914018948873,0.13752124628850393,0.9980417754569191,0.9934725848563969,0.989931759704665,0.9973890339425587,0.0003,1.0,10499.077008008957
depth3_bal_MAAMMA,3,MAAMMA,44525,534300,0.04269793505469958,0.14291430761416754,0.16629488723618643,0.9973890339425587,0.9960835509138382,0.9863519409329903,0.9973890339425587,0.0003,1.0,10506.481513023376
depth3_bal_MAAMMA,3,MAAMMA,44550,534600,0.05684372037649155,0.13248583922783533,0.14114103764295577,0.9986945169712794,0.9921671018276762,0.989260543684976,0.9973890339425587,0.0003,1.0,10513.147671461105
depth3_bal_MAAMMA,3,MAAMMA,44575,534900,0.040852111764252186,0.12752592315276465,0.13702992956553187,0.9990208877284595,0.9960835509138382,0.9908267143975836,0.9973890339425587,0.0003,1.0,10519.46329832077
depth3_bal_MAAMMA,3,MAAMMA,44600,535200,0.03908092978720864,0.14801325152317682,0.1640427558549813,0.9970626631853786,0.9908616187989556,0.9836670768542343,0.9973890339425587,0.0003,1.0,10525.82685661316
depth3_bal_MAAMMA,3,MAAMMA,44625,535500,0.3790789147218068,0.4720696210861206,0.4933864823409489,0.9118798955613577,0.8825065274151436,0.8829846739008838,0.9973890339425587,0.0003,1.0,10532.582654476166
depth3_bal_MAAMMA,3,MAAMMA,44650,535800,0.07259955257177353,0.18307293951511383,0.19929777979850768,0.9960835509138382,0.9856396866840731,0.9843382928739233,0.9973890339425587,0.0003,1.0,10539.166258573532
depth3_bal_MAAMMA,3,MAAMMA,44675,536100,0.05128690352042516,0.15226259330908457,0.16821851347173963,0.9983681462140992,0.9895561357702349,0.9883655889920573,0.9973890339425587,0.0003,1.0,10544.233234405518
depth3_bal_MAAMMA,3,MAAMMA,44700,536400,0.05005408016343912,0.16806966066360474,0.18475766203233174,0.9977154046997389,0.9908616187989556,0.987246895625909,0.9973890339425587,0.0003,1.0,10546.647240877151
depth3_bal_MAAMMA,3,MAAMMA,44725,536700,0.1067262062182029,0.18407849967479706,0.19110752088682992,0.9986945169712794,0.9947780678851175,0.990602975724354,0.9973890339425587,0.0003,1.0,10549.170571565628
depth3_bal_MAAMMA,3,MAAMMA,44750,537000,0.05178999869773785,0.13907104978958765,0.14870762526988984,0.9986945169712794,0.9960835509138382,0.9918335384271171,0.9973890339425587,0.0003,1.0,10551.580980539322
depth3_bal_MAAMMA,3,MAAMMA,44775,537300,0.043614148162305355,0.13445517420768738,0.14291358228240694,0.9990208877284595,0.9960835509138382,0.9935115784763396,0.9973890339425587,0.0003,1.0,10554.001397371292
depth3_bal_MAAMMA,3,MAAMMA,44800,537600,0.03851945667217175,0.1312652751803398,0.14036408024174826,0.9983681462140992,0.9947780678851175,0.9922810157735764,0.9973890339425587,0.0003,1.0,10556.42018532753
depth3_bal_MAAMMA,3,MAAMMA,44825,537900,0.07679268655677636,0.1542234073082606,0.1624135856117521,0.9986945169712794,0.9934725848563969,0.9902673677145094,0.9973890339425587,0.0003,1.0,10558.939076900482
depth3_bal_MAAMMA,3,MAAMMA,44850,538200,0.05785960176338752,0.14314493288596472,0.15503518570746694,0.9967362924281984,0.9921671018276762,0.9884774583286721,0.9973890339425587,0.0003,1.0,10561.35389328003
depth3_bal_MAAMMA,3,MAAMMA,44875,538500,0.03325392585247755,0.13450471063454947,0.14428326998438154,0.9986945169712794,0.9934725848563969,0.9903792370511243,0.9973890339425587,0.0003,1.0,10563.803048849106
depth3_bal_MAAMMA,3,MAAMMA,44900,538800,0.05784371184806029,0.13257243235905966,0.14019193585429873,0.9980417754569191,0.9947780678851175,0.990602975724354,0.9973890339425587,0.0003,1.0,10569.83929181099
depth3_bal_MAAMMA,3,MAAMMA,44925,539100,0.03980185557156801,0.12054935346047084,0.12879869001252311,0.9980417754569191,0.9960835509138382,0.9908267143975836,0.9973890339425587,0.0003,1.0,10572.253776550293
depth3_bal_MAAMMA,3,MAAMMA,44950,539400,0.08085554217298825,0.15110853811105093,0.15834115339176996,0.9970626631853786,0.9934725848563969,0.9908267143975836,0.9973890339425587,0.0003,1.0,10574.680105924606
depth3_bal_MAAMMA,3,MAAMMA,44975,539700,0.02987674158066511,0.12551263719797134,0.12918166177613394,0.9990208877284595,0.9934725848563969,0.9908267143975836,0.9973890339425587,0.0003,1.0,10577.124747276306
depth3_bal_MAAMMA,3,MAAMMA,45000,540000,0.32338932156562805,0.3446813722451528,0.38472066521644593,0.9308093994778068,0.9399477806788512,0.9257187604877503,0.9973890339425587,0.0003,1.0,10581.664765119553
depth3_bal_MAAMMA,3,MAAMMA,45025,540300,0.04958930859963099,0.12864161282777786,0.14603853981409753,0.9983681462140992,0.9947780678851175,0.9887011970019017,0.9973890339425587,0.0003,1.0,10588.139976024628
depth3_bal_MAAMMA,3,MAAMMA,45050,540600,0.07324329080681007,0.14782209694385529,0.15069578524146762,0.9980417754569191,0.9947780678851175,0.9922810157735764,0.9973890339425587,0.0003,1.0,10594.19748210907
depth3_bal_MAAMMA,3,MAAMMA,45075,540900,0.0427400271097819,0.13549799223740897,0.1373300586427961,0.9990208877284595,0.9934725848563969,0.992616623783421,0.9973890339425587,0.0003,1.0,10598.363433599472
depth3_bal_MAAMMA,3,MAAMMA,45100,541200,0.4711086427172025,0.41055723031361896,0.4296586487974439,0.8629242819843342,0.9112271540469974,0.8894730954245441,0.9973890339425587,0.0003,1.0,10605.062906503677
depth3_bal_MAAMMA,3,MAAMMA,45125,541500,0.04726260465880235,0.14193376898765564,0.15105362300361905,0.9967362924281984,0.9908616187989556,0.9861282022597606,0.9973890339425587,0.0003,1.0,10611.747632980347
depth3_bal_MAAMMA,3,MAAMMA,45150,541800,0.07521232527991135,0.1593216210603714,0.15824891371386393,0.9977154046997389,0.9947780678851175,0.990602975724354,0.9973890339425587,0.0003,1.0,10617.984449386597
depth3_bal_MAAMMA,3,MAAMMA,45175,542100,0.03702710662037134,0.12780988092223802,0.1319049946963787,0.9990208877284595,0.9960835509138382,0.9904911063877391,0.9973890339425587,0.0003,1.0,10624.597094774246
depth3_bal_MAAMMA,3,MAAMMA,45200,542400,1.356955846150716,1.321756919225057,1.3104156017303468,0.6762402088772846,0.6736292428198434,0.6858709027855465,0.9973890339425587,0.0003,1.0,10631.121481895447
depth3_bal_MAAMMA,3,MAAMMA,45225,542700,0.05086135802169641,0.12644826620817184,0.13233742085950714,0.9967362924281984,0.9947780678851175,0.9894842823582056,0.9973890339425587,0.0003,1.0,10637.789554357529
depth3_bal_MAAMMA,3,MAAMMA,45250,543000,0.031923128136744104,0.12396618723869324,0.1243684712265219,0.9996736292428199,0.9934725848563969,0.9931759704664951,0.9973890339425587,0.0003,1.0,10644.463633298874
depth3_bal_MAAMMA,3,MAAMMA,45275,543300,0.20150881881515184,0.26975016792615253,0.2662710483585085,0.993798955613577,0.9882506527415144,0.9807584741022486,0.9973890339425587,0.0003,1.0,10651.218118190765
depth3_bal_MAAMMA,3,MAAMMA,45300,543600,0.04654426251848539,0.1378582095106443,0.13625796586275102,0.9980417754569191,0.9947780678851175,0.9913860610806577,0.9973890339425587,0.0003,1.0,10657.994869947433
depth3_bal_MAAMMA,3,MAAMMA,45325,543900,0.053477320509652294,0.1346596529086431,0.13586618080735208,0.9983681462140992,0.9960835509138382,0.9927284931200357,0.9973890339425587,0.0003,1.0,10664.595618009567
depth3_bal_MAAMMA,3,MAAMMA,45350,544200,0.569768471022447,0.6097999612490336,0.6707776273999896,0.7947127937336814,0.8133159268929504,0.7796174068687772,0.9973890339425587,0.0003,1.0,10671.240050792694
depth3_bal_MAAMMA,3,MAAMMA,45375,544500,0.03877159720286727,0.14429974307616553,0.14535125100186894,0.9973890339425587,0.9869451697127938,0.9870231569526793,0.9973890339425587,0.0003,1.0,10677.927042722702
depth3_bal_MAAMMA,3,MAAMMA,45400,544800,0.03178772314762076,0.1095155340929826,0.11448226155979292,0.9980417754569191,0.9960835509138382,0.9911623224074281,0.9973890339425587,0.0003,1.0,10684.522745609283
depth3_bal_MAAMMA,3,MAAMMA,45425,545100,0.13900244856874147,0.1885960896809896,0.19427706854684013,0.9967362924281984,0.9895561357702349,0.985792594249916,0.9973890339425587,0.0003,1.0,10691.25684428215
depth3_bal_MAAMMA,3,MAAMMA,45450,545400,0.03693127197523912,0.1171036958694458,0.11700806798679488,0.9980417754569191,0.9921671018276762,0.990602975724354,0.9973890339425587,0.0003,1.0,10697.793832063675
depth3_bal_MAAMMA,3,MAAMMA,45475,545700,0.10601155770321687,0.1555918256441752,0.1601523729307311,0.9941253263707572,0.9960835509138382,0.9917216690905023,0.9973890339425587,0.0003,1.0,10704.406013011932
depth3_bal_MAAMMA,3,MAAMMA,45500,546000,0.03599214041605592,0.11724322537581126,0.11579724741833551,0.9986945169712794,0.9960835509138382,0.9900436290412797,0.9973890339425587,0.0003,1.0,10711.15857887268
depth3_bal_MAAMMA,3,MAAMMA,45525,546300,0.16888482496142387,0.22275557617346445,0.2318341076374054,0.9905352480417755,0.9856396866840731,0.9775142633404184,0.9973890339425587,0.0003,1.0,10717.461051940918
depth3_bal_MAAMMA,3,MAAMMA,45550,546600,0.04030438667784134,0.12433108935753505,0.12140025879655565,0.9973890339425587,0.9921671018276762,0.9903792370511243,0.9973890339425587,0.0003,1.0,10724.01301240921
depth3_bal_MAAMMA,3,MAAMMA,45575,546900,0.9479384322961172,0.8578776319821676,0.869075277873448,0.7340078328981723,0.8093994778067886,0.8008725808255958,0.9973890339425587,0.0003,1.0,10730.55298089981
depth3_bal_MAAMMA,3,MAAMMA,45600,547200,0.059511005568007626,0.12914255261421204,0.12464138929333006,0.9980417754569191,0.9947780678851175,0.991274191744043,0.9973890339425587,0.0003,1.0,10736.913965702057
depth3_bal_MAAMMA,3,MAAMMA,45625,547500,0.04838684915254513,0.11697534720102946,0.11208256142480033,0.9980417754569191,0.9960835509138382,0.9928403624566506,0.9973890339425587,0.0003,1.0,10743.53778386116
depth3_bal_MAAMMA,3,MAAMMA,45650,547800,0.09402285081644852,0.26392701268196106,0.28455453174454826,0.9843342036553525,0.9530026109660574,0.9371294328224634,0.9973890339425587,0.0003,1.0,10750.166393518448
depth3_bal_MAAMMA,3,MAAMMA,45675,548100,0.039642175659537315,0.11301209777593613,0.11283651813864708,0.9993472584856397,0.9947780678851175,0.9925047544468061,0.9973890339425587,0.0003,1.0,10756.89449930191
depth3_bal_MAAMMA,3,MAAMMA,45700,548400,0.033166972609857716,0.11077593887845676,0.11070979056613786,0.9986945169712794,0.9960835509138382,0.9916097997538874,0.9973890339425587,0.0003,1.0,10763.63070678711
depth3_bal_MAAMMA,3,MAAMMA,45725,548700,2.155461768309275,1.9995105266571045,2.0095607485089984,0.341710182767624,0.4177545691906005,0.412797852108737,0.9973890339425587,0.0003,1.0,10770.190695524216
depth3_bal_MAAMMA,3,MAAMMA,45750,549000,0.05283987273772558,0.12335048119227092,0.12930039699588503,0.9993472584856397,0.9869451697127938,0.9873587649625237,0.9973890339425587,0.0003,1.0,10776.878866910934
depth3_bal_MAAMMA,3,MAAMMA,45775,549300,0.6149959713220596,0.6041416923205057,0.6080071006502424,0.8981723237597912,0.8994778067885117,0.9105045307081329,0.9973890339425587,0.0003,1.0,10783.066848993301
depth3_bal_MAAMMA,3,MAAMMA,45800,549600,0.05244649791469177,0.1392336810628573,0.13496394221271787,0.9986945169712794,0.9908616187989556,0.9903792370511243,0.9973890339425587,0.0003,1.0,10789.693793058395
depth3_bal_MAAMMA,3,MAAMMA,45825,549900,0.06790306822707255,0.1429273063937823,0.14894138127565384,0.9954308093994778,0.9908616187989556,0.9878062423089831,0.9973890339425587,0.0003,1.0,10796.341688871384
depth3_bal_MAAMMA,3,MAAMMA,45850,550200,0.048922411166131496,0.27027518053849536,0.25158879501479015,0.9957571801566579,0.9556135770234987,0.9572659134131335,0.9973890339425587,0.0003,1.0,10802.797013759613
depth3_bal_MAAMMA,3,MAAMMA,45875,550500,0.03824082141121229,0.12186266233523686,0.1231874691588538,0.9990208877284595,0.9960835509138382,0.9916097997538874,0.9973890339425587,0.0003,1.0,10809.118268966675
depth3_bal_MAAMMA,3,MAAMMA,45900,550800,0.2267561157544454,0.6978004972139994,0.7301518968173436,0.9252610966057441,0.7114882506527415,0.7013088712383936,0.9973890339425587,0.0003,1.0,10815.53261590004
depth3_bal_MAAMMA,3,MAAMMA,45925,551100,0.04133778624236584,0.12286669760942459,0.1243341782263347,0.9983681462140992,0.9947780678851175,0.9917216690905023,0.9973890339425587,0.0003,1.0,10821.859893798828
depth3_bal_MAAMMA,3,MAAMMA,45950,551400,0.036448838810125984,0.12263332804044087,0.1308739817568234,0.9990208877284595,0.9960835509138382,0.9903792370511243,0.9973890339425587,0.0003,1.0,10828.318895101547
depth3_bal_MAAMMA,3,MAAMMA,45975,551700,0.5166798631350199,0.5055489242076874,0.49352461440222606,0.8821801566579635,0.8981723237597912,0.9061416265801544,0.9973890339425587,0.0003,1.0,10834.603306293488
depth3_bal_MAAMMA,3,MAAMMA,46000,552000,0.04839481972157955,0.11554115265607834,0.1263611450791359,0.9970626631853786,0.9908616187989556,0.9881418503188276,0.9973890339425587,0.0003,1.0,10840.982424259186
depth3_bal_MAAMMA,3,MAAMMA,46025,552300,0.4198734636108081,0.38108434279759723,0.4001963956015451,0.8704308093994778,0.9046997389033943,0.8974158183241974,0.9973890339425587,0.0003,1.0,10847.715233802795
depth3_bal_MAAMMA,3,MAAMMA,46050,552600,0.0344370286911726,0.1162268693248431,0.11568148976990154,0.9986945169712794,0.9947780678851175,0.9920572771003467,0.9973890339425587,0.0003,1.0,10854.55542087555
depth3_bal_MAAMMA,3,MAAMMA,46075,552900,0.051024061627686024,0.11787171413501103,0.11715233592050416,0.9977154046997389,0.9947780678851175,0.991945407763732,0.9973890339425587,0.0003,1.0,10860.94557094574
depth3_bal_MAAMMA,3,MAAMMA,46100,553200,0.17807560910781225,0.28123454252878827,0.2834234246185848,0.9598563968668408,0.9477806788511749,0.9357870007830854,0.9973890339425587,0.0003,1.0,10867.57499742508
depth3_bal_MAAMMA,3,MAAMMA,46125,553500,0.034291148030509554,0.11776428918043773,0.11690209625022752,0.9973890339425587,0.9934725848563969,0.9884774583286721,0.9973890339425587,0.0003,1.0,10874.094179391861
depth3_bal_MAAMMA,3,MAAMMA,46150,553800,0.6511292407910029,0.7104156215985616,0.7071146437100002,0.8622715404699739,0.8237597911227154,0.840362456650632,0.9973890339425587,0.0003,1.0,10880.552588224411
depth3_bal_MAAMMA,3,MAAMMA,46175,554100,0.05463362857699394,0.10143829137086868,0.10844064759356635,0.9977154046997389,0.9921671018276762,0.990602975724354,0.9973890339425587,0.0003,1.0,10886.9860060215
depth3_bal_MAAMMA,3,MAAMMA,46200,554400,0.040736276656389236,0.09331632778048515,0.10887291410139628,0.9980417754569191,0.9960835509138382,0.9904911063877391,0.9973890339425587,0.0003,1.0,10893.609162807465
depth3_bal_MAAMMA,3,MAAMMA,46225,554700,1.6062918106714885,1.206733226776123,1.2599387952259609,0.4631201044386423,0.5731070496083551,0.5632621098556886,0.9973890339425587,0.0003,1.0,10900.393723964691
depth3_bal_MAAMMA,3,MAAMMA,46250,555000,0.0441159118587772,0.09732792029778163,0.10305776329977172,0.9996736292428199,0.9934725848563969,0.991274191744043,0.9973890339425587,0.0003,1.0,10906.958085775375
depth3_bal_MAAMMA,3,MAAMMA,46275,555300,0.843532477815946,1.1589421431223552,1.2431527410234724,0.7098563968668408,0.6253263707571801,0.5901107506432487,0.9973890339425587,0.0003,1.0,10913.590375185013
depth3_bal_MAAMMA,3,MAAMMA,46300,555600,0.03952413362761339,0.10447355608145396,0.11017546451517514,0.9990208877284595,0.9934725848563969,0.9909385837341984,0.9973890339425587,0.0003,1.0,10920.195708990097
depth3_bal_MAAMMA,3,MAAMMA,46325,555900,0.1698292431732019,0.19551912943522134,0.19550555305821554,0.9836814621409922,0.9843342036553525,0.9791923033896409,0.9973890339425587,0.0003,1.0,10926.801399946213
depth3_bal_MAAMMA,3,MAAMMA,46350,556200,0.029378815709302824,0.09375461811820666,0.09287050856011254,0.9996736292428199,0.9947780678851175,0.9935115784763396,0.9973890339425587,0.0003,1.0,10933.140883207321
depth3_bal_MAAMMA,3,MAAMMA,46375,556500,1.2658801277478535,1.0909914175669353,1.0981518949781146,0.5835509138381201,0.7023498694516971,0.6921355856359772,0.9973890339425587,0.0003,1.0,10939.511283636093
depth3_bal_MAAMMA,3,MAAMMA,46400,556800,0.0428861907372872,0.10127962877353032,0.11229071021080017,0.9973890339425587,0.9960835509138382,0.9910504530708133,0.9973890339425587,0.0003,1.0,10945.957597732544
depth3_bal_MAAMMA,3,MAAMMA,46425,557100,0.02902084542438388,0.09491033976276715,0.09899990207382611,0.9990208877284595,0.9960835509138382,0.991945407763732,0.9973890339425587,0.0003,1.0,10952.644420146942
depth3_bal_MAAMMA,3,MAAMMA,46450,557400,0.13681371013323465,0.19610230127970377,0.1931476878268378,0.9954308093994778,0.9856396866840731,0.9819890368050117,0.9973890339425587,0.0003,1.0,10959.054726362228
depth3_bal_MAAMMA,3,MAAMMA,46475,557700,0.03438403286660711,0.08770878240466118,0.09422645196318627,0.9993472584856397,0.9960835509138382,0.9923928851101913,0.9973890339425587,0.0003,1.0,10965.646942853928
depth3_bal_MAAMMA,3,MAAMMA,46500,558000,0.05206472985446453,0.09645168731609981,0.10235788183552878,0.9977154046997389,0.9960835509138382,0.9933997091397248,0.9973890339425587,0.0003,1.0,10972.04855966568
depth3_bal_MAAMMA,3,MAAMMA,46525,558300,0.03959489722425739,0.11474042137463887,0.13815605576549259,0.9964099216710183,0.9908616187989556,0.9864638102696051,0.9973890339425587,0.0003,1.0,10976.656416654587
depth3_bal_MAAMMA,3,MAAMMA,46550,558600,0.14444796616832414,0.17329860726992288,0.18344551622867583,0.9973890339425587,0.9947780678851175,0.9880299809822127,0.9973890339425587,0.0003,1.0,10983.143320560455
depth3_bal_MAAMMA,3,MAAMMA,46575,558900,0.057033385460575424,0.09603962550560634,0.10505114591547421,0.9970626631853786,0.9947780678851175,0.9888130663385166,0.9973890339425587,0.0003,1.0,10989.523307323456
depth3_bal_MAAMMA,3,MAAMMA,46600,559200,0.17228238036235174,0.22195669015248617,0.23317817151546477,0.9898825065274152,0.97911227154047,0.9662154603423202,0.9973890339425587,0.0003,1.0,10995.858809947968
depth3_bal_MAAMMA,3,MAAMMA,46625,559500,0.037359051716824375,0.08703828354676564,0.09379510815654482,0.9990208877284595,0.9947780678851175,0.9911623224074281,0.9973890339425587,0.0003,1.0,11002.58854174614
depth3_bal_MAAMMA,3,MAAMMA,46650,559800,0.034940510988235474,0.08539978538950284,0.0912457209612642,1.0,0.9960835509138382,0.9936234478129544,0.9973890339425587,0.0003,1.0,11009.214518070221
depth3_bal_MAAMMA,3,MAAMMA,46675,560100,0.02905130060389638,0.09403456871708234,0.10063161307147571,0.9990208877284595,0.9934725848563969,0.9913860610806577,0.9973890339425587,0.0003,1.0,11015.812423706055
depth3_bal_MAAMMA,3,MAAMMA,46700,560400,0.39377374947071075,0.4668651322523753,0.5002329698630742,0.9095953002610966,0.8707571801566579,0.867994182794496,0.9973890339425587,0.0003,1.0,11023.918228626251
depth3_bal_MAAMMA,3,MAAMMA,46725,560700,0.051271963554124035,0.1260979895790418,0.13401562326720784,0.9986945169712794,0.9843342036553525,0.983778946190849,0.9973890339425587,0.0003,1.0,11029.146351099014
depth3_bal_MAAMMA,3,MAAMMA,46750,561000,0.032539320488770805,0.10715002814928691,0.11693685767906052,0.9993472584856397,0.9908616187989556,0.9882537196554424,0.9973890339425587,0.0003,1.0,11032.43636417389
depth3_bal_MAAMMA,3,MAAMMA,46775,561300,0.03441735046605269,0.13326162844896317,0.14101617080824716,0.9977154046997389,0.9804177545691906,0.9808703434388634,0.9973890339425587,0.0003,1.0,11039.297634840012
depth3_bal_MAAMMA,3,MAAMMA,46800,561600,0.15081319585442543,0.19662357370058695,0.21030839809349605,0.9973890339425587,0.9947780678851175,0.9883655889920573,0.9973890339425587,0.0003,1.0,11046.931521177292
depth3_bal_MAAMMA,3,MAAMMA,46825,561900,0.054531815461814404,0.11452603588501613,0.12157573125192098,0.9993472584856397,0.9960835509138382,0.9922810157735764,0.9973890339425587,0.0003,1.0,11054.046893835068
depth3_bal_MAAMMA,3,MAAMMA,46850,562200,0.8340913752714793,0.8499742746353149,0.8557805929865155,0.8753263707571801,0.8537859007832899,0.8543461237274863,0.9973890339425587,0.0003,1.0,11061.448937892914
depth3_bal_MAAMMA,3,MAAMMA,46875,562500,0.05572138912975788,0.11263930549224217,0.12586599928992134,0.9986945169712794,0.9921671018276762,0.991945407763732,0.9973890339425587,0.0003,1.0,11068.471400737762
depth3_bal_MAAMMA,3,MAAMMA,46900,562800,0.36051109495262307,0.6368448932965597,0.7285281811441694,0.8903394255874674,0.7950391644908616,0.7609352276541,0.9973890339425587,0.0003,1.0,11075.169483661652
depth3_bal_MAAMMA,3,MAAMMA,46925,563100,0.03684885365267595,0.09837315107385318,0.10743578970432281,0.9996736292428199,0.9947780678851175,0.9931759704664951,0.9973890339425587,0.0003,1.0,11081.85391831398
depth3_bal_MAAMMA,3,MAAMMA,46950,563400,0.0437983013689518,0.10319577033321063,0.11164719558187894,0.9973890339425587,0.9960835509138382,0.9930641011298803,0.9973890339425587,0.0003,1.0,11088.502903938293
depth3_bal_MAAMMA,3,MAAMMA,46975,563700,0.1843400572737058,0.25176405409971875,0.2496502446276801,0.9928198433420365,0.97911227154047,0.9798635194093299,0.9973890339425587,0.0003,1.0,11095.040613889694
depth3_bal_MAAMMA,3,MAAMMA,47000,564000,0.04190482230236133,0.10636281222105026,0.11793249494263104,0.9977154046997389,0.9934725848563969,0.9909385837341984,0.9973890339425587,0.0003,1.0,11101.440469026566
depth3_bal_MAAMMA,3,MAAMMA,47025,564300,0.3395981316765149,0.36174964904785156,0.3685505551951272,0.9895561357702349,0.9804177545691906,0.9769549166573442,0.9973890339425587,0.0003,1.0,11108.21930527687
depth3_bal_MAAMMA,3,MAAMMA,47050,564600,0.05653828506668409,0.11964572966098785,0.12405498655779021,0.9983681462140992,0.9934725848563969,0.9909385837341984,0.9973890339425587,0.0003,1.0,11114.307703256607
depth3_bal_MAAMMA,3,MAAMMA,47075,564900,0.040795158284405865,0.09931960950295131,0.11135913963828768,0.9990208877284595,0.9934725848563969,0.9901554983778946,0.9973890339425587,0.0003,1.0,11120.710507392883
depth3_bal_MAAMMA,3,MAAMMA,47100,565200,0.04523241644104322,0.10036569212873776,0.1078888578074319,0.9993472584856397,0.9934725848563969,0.9935115784763396,0.9973890339425587,0.0003,1.0,11127.099308013916
depth3_bal_MAAMMA,3,MAAMMA,47125,565500,0.031453004106879234,0.09103083362181981,0.09969823754259519,0.9993472584856397,0.9947780678851175,0.9935115784763396,0.9973890339425587,0.0003,1.0,11133.453266859055
depth3_bal_MAAMMA,3,MAAMMA,47150,565800,0.33365875482559204,0.3148259123166402,0.3379894026688167,0.9402741514360313,0.9608355091383812,0.9475332811276429,0.9973890339425587,0.0003,1.0,11140.00654387474
depth3_bal_MAAMMA,3,MAAMMA,47175,566100,0.031096099875867367,0.09164780005812645,0.09547708428331785,0.9990208877284595,0.9934725848563969,0.9925047544468061,0.9973890339425587,0.0003,1.0,11147.1025390625
depth3_bal_MAAMMA,3,MAAMMA,47200,566400,0.10848870997627576,0.13644742965698242,0.14308906900031226,0.9983681462140992,0.9947780678851175,0.9898198903680501,0.9973890339425587,0.0003,1.0,11153.736335515976
depth3_bal_MAAMMA,3,MAAMMA,47225,566700,0.03277925215661526,0.08971303328871727,0.0942740363734109,0.9996736292428199,0.9934725848563969,0.9918335384271171,0.9973890339425587,0.0003,1.0,11160.41079545021
depth3_bal_MAAMMA,3,MAAMMA,47250,567000,0.9077260990937551,0.8294321695963541,0.8383151377950396,0.8172323759791122,0.8237597911227154,0.826266920237163,0.9973890339425587,0.0003,1.0,11167.146829605103
depth3_bal_MAAMMA,3,MAAMMA,47275,567300,0.030887297665079434,0.08289017900824547,0.08804425096937589,0.9990208877284595,0.9960835509138382,0.9930641011298803,0.9973890339425587,0.0003,1.0,11173.678331136703
depth3_bal_MAAMMA,3,MAAMMA,47300,567600,3.0050070385138192,1.4490070343017578,1.414642746107919,0.35411227154047,0.5013054830287206,0.5143752097550062,0.9973890339425587,0.0003,1.0,11176.155390501022
depth3_bal_MAAMMA,3,MAAMMA,47325,567900,0.05104656331241131,0.09326992680629094,0.10361771594200815,0.9967362924281984,0.9960835509138382,0.9901554983778946,0.9973890339425587,0.0003,1.0,11179.558461904526
depth3_bal_MAAMMA,3,MAAMMA,47350,568200,0.9503948738177618,1.0707617203394573,1.0823338729994638,0.6981070496083551,0.6174934725848564,0.6084573218480814,0.9973890339425587,0.0003,1.0,11187.006134748459
depth3_bal_MAAMMA,3,MAAMMA,47375,568500,0.042207532872756325,0.09088188658157985,0.0995412938296795,0.9986945169712794,0.9947780678851175,0.9890368050117463,0.9973890339425587,0.0003,1.0,11194.432294607162
depth3_bal_MAAMMA,3,MAAMMA,47400,568800,0.03006796942402919,0.07594526434938113,0.08136127793363163,0.9990208877284595,0.9947780678851175,0.9913860610806577,0.9973890339425587,0.0003,1.0,11201.89981675148
depth3_bal_MAAMMA,3,MAAMMA,47425,569100,0.07249704251686732,0.10708156476418178,0.1250424725668771,0.9983681462140992,0.9908616187989556,0.9888130663385166,0.9973890339425587,0.0003,1.0,11209.147219896317
depth3_bal_MAAMMA,3,MAAMMA,47450,569400,0.028471679892390966,0.06431940943002701,0.0753713988832065,0.9996736292428199,0.9960835509138382,0.9947421411791028,0.9973890339425587,0.0003,1.0,11216.330896377563
depth3_bal_MAAMMA,3,MAAMMA,47475,569700,0.04385303116093079,0.07637234156330426,0.0854012410555567,0.9990208877284595,0.9960835509138382,0.993959055822799,0.9973890339425587,0.0003,1.0,11223.604818820953
depth3_bal_MAAMMA,3,MAAMMA,47500,570000,0.5747676764925321,0.492498258749644,0.5218718801225934,0.856396866840731,0.912532637075718,0.9004362904127978,0.9973890339425587,0.0003,1.0,11229.86731672287
depth3_bal_MAAMMA,3,MAAMMA,47525,570300,0.041978826435903706,0.07897074644764264,0.08866697124072484,0.9983681462140992,0.9973890339425587,0.9925047544468061,0.9973890339425587,0.0003,1.0,11236.504161834717
depth3_bal_MAAMMA,3,MAAMMA,47550,570600,0.03621949100246032,0.0772423471013705,0.08270953297615051,0.9996736292428199,0.9960835509138382,0.99328783980311,0.9973890339425587,0.0003,1.0,11243.278264760971
depth3_bal_MAAMMA,3,MAAMMA,47575,570900,0.028818015474826097,0.07560266306002934,0.08300721389906747,0.9986945169712794,0.9947780678851175,0.9933997091397248,0.9973890339425587,0.0003,1.0,11249.910611867905
depth3_bal_MAAMMA,3,MAAMMA,47600,571200,0.0527769693483909,0.08862886081139247,0.09291396896753992,0.9990208877284595,0.9960835509138382,0.9933997091397248,0.9973890339425587,0.0003,1.0,11256.498836755753
depth3_bal_MAAMMA,3,MAAMMA,47625,571500,0.027512905032684404,0.08006180574496587,0.08353951913969858,1.0,0.9947780678851175,0.9933997091397248,0.9973890339425587,0.0003,1.0,11263.182651758194
depth3_bal_MAAMMA,3,MAAMMA,47650,571800,0.0380921820178628,0.07328386356433232,0.07795487801943507,1.0,0.9947780678851175,0.9931759704664951,0.9973890339425587,0.0003,1.0,11266.826523542404
depth3_bal_MAAMMA,3,MAAMMA,47675,572100,0.05119890905916691,0.1039819320042928,0.11855372786521912,0.9954308093994778,0.9921671018276762,0.987918111645598,0.9973890339425587,0.0003,1.0,11270.568181991577
depth3_bal_MAAMMA,3,MAAMMA,47700,572400,0.03070973123734196,0.0730668877561887,0.07475875009383474,0.9996736292428199,0.9947780678851175,0.9941827944960286,0.9973890339425587,0.0003,1.0,11277.205563783646
depth3_bal_MAAMMA,3,MAAMMA,47725,572700,0.19301625030736128,0.20300464828809103,0.20997639213289535,0.9608355091383812,0.9621409921671018,0.9624119028974158,0.9973890339425587,0.0003,1.0,11283.984939098358
depth3_bal_MAAMMA,3,MAAMMA,47750,573000,0.06619411054998636,0.09031850596268971,0.10058124299560274,1.0,0.9960835509138382,0.9925047544468061,0.9973890339425587,0.0003,1.0,11290.62697815895
depth3_bal_MAAMMA,3,MAAMMA,47775,573300,0.03794216023137172,0.07348681117097537,0.09411423078605106,0.9960835509138382,0.9908616187989556,0.98310773017116,0.9973890339425587,0.0003,1.0,11297.242805957794
depth3_bal_MAAMMA,3,MAAMMA,47800,573600,0.036642419484754406,0.06540156900882721,0.07665517053433828,0.9996736292428199,0.9973890339425587,0.993959055822799,0.9973890339425587,0.0003,1.0,11303.821434497833
depth3_bal_MAAMMA,3,MAAMMA,47825,573900,0.03039145019526283,0.05946444347500801,0.06857966780662536,0.9993472584856397,0.9960835509138382,0.99328783980311,0.9973890339425587,0.0003,1.0,11310.576131820679
depth3_bal_MAAMMA,3,MAAMMA,47850,574200,2.9357300996780396,2.338927666346232,2.367680467878069,0.2193211488250653,0.2597911227154047,0.24946862065107953,0.9973890339425587,0.0003,1.0,11317.279211759567
depth3_bal_MAAMMA,3,MAAMMA,47875,574500,0.03369788111497959,0.06223365291953087,0.07209894476192338,1.0,0.9973890339425587,0.9933997091397248,0.9973890339425587,0.0003,1.0,11323.88517999649
depth3_bal_MAAMMA,3,MAAMMA,47900,574800,0.6692968110243479,1.365254243214925,1.200621792248317,0.8358355091383812,0.5939947780678851,0.6179662154603424,0.9973890339425587,0.0003,1.0,11330.510229349136
depth3_bal_MAAMMA,3,MAAMMA,47925,575100,0.0354144669448336,0.07075684020916621,0.08095472604036331,0.9993472584856397,0.9960835509138382,0.9931759704664951,0.9973890339425587,0.0003,1.0,11337.221875190735
depth3_bal_MAAMMA,3,MAAMMA,47950,575400,0.5858852167924246,0.49734219908714294,0.4834650184426989,0.7973237597911227,0.825065274151436,0.847074616847522,0.9973890339425587,0.0003,1.0,11343.884939908981
depth3_bal_MAAMMA,3,MAAMMA,47975,575700,0.025739072045932215,0.062158687661091484,0.06893157703535897,1.0,0.9960835509138382,0.9942946638326434,0.9973890339425587,0.0003,1.0,11350.54364657402
depth3_bal_MAAMMA,3,MAAMMA,48000,576000,0.10383940736452739,0.11828222125768661,0.12977418218340192,0.9983681462140992,0.9960835509138382,0.9933997091397248,0.9973890339425587,0.0003,1.0,11357.08485174179
depth3_bal_MAAMMA,3,MAAMMA,48025,576300,0.03768677078187466,0.0763045238951842,0.08575158651385989,0.9996736292428199,0.9947780678851175,0.9901554983778946,0.9973890339425587,0.0003,1.0,11363.566013097763
depth3_bal_MAAMMA,3,MAAMMA,48050,576600,0.046823993946115174,0.07630042855938275,0.08593147705708232,0.9973890339425587,0.9947780678851175,0.991945407763732,0.9973890339425587,0.0003,1.0,11370.273475170135
depth3_bal_MAAMMA,3,MAAMMA,48075,576900,0.05220347767074903,0.07674216603239377,0.08460169934800693,0.9993472584856397,0.9973890339425587,0.9929522317932654,0.9973890339425587,0.0003,1.0,11376.875447273254
depth3_bal_MAAMMA,3,MAAMMA,48100,577200,0.5902935937047005,0.6337757706642151,0.6659238304410662,0.793733681462141,0.7806788511749347,0.7729052466718872,0.9973890339425587,0.0003,1.0,11383.29480791092
depth3_bal_MAAMMA,3,MAAMMA,48125,577500,0.05164740917583307,0.08985601241389911,0.10043635006461825,0.9964099216710183,0.9960835509138382,0.9904911063877391,0.9973890339425587,0.0003,1.0,11389.459482908249
depth3_bal_MAAMMA,3,MAAMMA,48150,577800,0.6750858724117279,0.6079056262969971,0.62261461019516,0.8922976501305483,0.9073107049608355,0.9002125517395682,0.9973890339425587,0.0003,1.0,11396.198075294495
depth3_bal_MAAMMA,3,MAAMMA,48175,578100,0.03236934201171001,0.07163133968909581,0.07520830939923014,0.9996736292428199,0.9947780678851175,0.9948540105157176,0.9973890339425587,0.0003,1.0,11402.496614456177
depth3_bal_MAAMMA,3,MAAMMA,48200,578400,1.2534571041663487,3.7109097639719644,3.9780669280460903,0.7118146214099217,0.2584856396866841,0.2645709810940821,0.9973890339425587,0.0003,1.0,11409.240565299988
depth3_bal_MAAMMA,3,MAAMMA,48225,578700,0.04645868514974912,0.06439276039600372,0.07352680084960801,0.9960835509138382,0.9973890339425587,0.9942946638326434,0.9973890339425587,0.0003,1.0,11415.871433734894
depth3_bal_MAAMMA,3,MAAMMA,48250,579000,0.04153453713903824,0.07945699368913968,0.08472321171845709,0.9973890339425587,0.9921671018276762,0.9884774583286721,0.9973890339425587,0.0003,1.0,11422.603779792786
depth3_bal_MAAMMA,3,MAAMMA,48275,579300,0.05853307122985522,0.09094686061143875,0.09688850130353654,0.9980417754569191,0.9908616187989556,0.9883655889920573,0.9973890339425587,0.0003,1.0,11429.338151931763
depth3_bal_MAAMMA,3,MAAMMA,48300,579600,0.08745889893422525,0.5379962126413981,0.5306341784340994,0.9800913838120104,0.8289817232375979,0.8500950889361226,0.9973890339425587,0.0003,1.0,11436.163903713226
depth3_bal_MAAMMA,3,MAAMMA,48325,579900,0.04216020336995522,0.07252668465177219,0.08676524236798286,0.9970626631853786,0.9947780678851175,0.9911623224074281,0.9973890339425587,0.0003,1.0,11442.88558268547
depth3_bal_MAAMMA,3,MAAMMA,48350,580200,0.028579613504310448,0.05693934361139933,0.06317426429263183,0.9996736292428199,0.9934725848563969,0.9929522317932654,0.9973890339425587,0.0003,1.0,11449.732343196869
depth3_bal_MAAMMA,3,MAAMMA,48375,580500,0.0661978330463171,0.10345299045244853,0.10997801678521292,0.9993472584856397,0.9921671018276762,0.9921691464369616,0.9973890339425587,0.0003,1.0,11456.20912861824
depth3_bal_MAAMMA,3,MAAMMA,48400,580800,0.032064712761590876,0.07062422980864842,0.07812525161675045,0.9993472584856397,0.9947780678851175,0.9933997091397248,0.9973890339425587,0.0003,1.0,11462.765742301941
depth3_bal_MAAMMA,3,MAAMMA,48425,581100,0.03539731788138548,0.06182196612159411,0.07272460066846438,0.9990208877284595,0.9947780678851175,0.9918335384271171,0.9973890339425587,0.0003,1.0,11469.146929979324
depth3_bal_MAAMMA,3,MAAMMA,48450,581400,1.5059470335642497,1.397014896074931,1.3571141174861363,0.5359007832898173,0.5143603133159269,0.5418950665622553,0.9973890339425587,0.0003,1.0,11475.83669424057
depth3_bal_MAAMMA,3,MAAMMA,48475,581700,0.03156777021164695,0.07100476448734601,0.07995168768933841,0.9983681462140992,0.9973890339425587,0.9929522317932654,0.9973890339425587,0.0003,1.0,11482.534598588943
depth3_bal_MAAMMA,3,MAAMMA,48500,582000,0.19033211966355643,0.4296775658925374,0.4311553571905409,0.941579634464752,0.8459530026109661,0.850542566282582,0.9973890339425587,0.0003,1.0,11489.07878947258
depth3_bal_MAAMMA,3,MAAMMA,48525,582300,0.043709347024559975,0.07691578815380733,0.08358663309897696,0.9983681462140992,0.9960835509138382,0.9945184025058731,0.9973890339425587,0.0003,1.0,11496.14144897461
depth3_bal_MAAMMA,3,MAAMMA,48550,582600,0.034116800564030804,0.07531617830197017,0.08934191337653569,0.9990208877284595,0.9947780678851175,0.9881418503188276,0.9973890339425587,0.0003,1.0,11503.574232339859
depth3_bal_MAAMMA,3,MAAMMA,48575,582900,0.029507038959612448,0.06547944247722626,0.07280227180038179,1.0,0.9960835509138382,0.9942946638326434,0.9973890339425587,0.0003,1.0,11510.01994395256
depth3_bal_MAAMMA,3,MAAMMA,48600,583200,0.23071853319803873,0.2211417853832245,0.23077254125050137,0.9827023498694517,0.9778067885117493,0.9822127754782414,0.9973890339425587,0.0003,1.0,11516.633724212646
depth3_bal_MAAMMA,3,MAAMMA,48625,583500,0.02922853548079729,0.06539483865102132,0.07278013484818595,1.0,0.9973890339425587,0.993959055822799,0.9973890339425587,0.0003,1.0,11523.080542087555
depth3_bal_MAAMMA,3,MAAMMA,48650,583800,0.034100843438257776,0.07346182564894359,0.0851987334234374,0.9990208877284595,0.9947780678851175,0.9913860610806577,0.9973890339425587,0.0003,1.0,11529.478570461273
depth3_bal_MAAMMA,3,MAAMMA,48675,584100,0.04098029527813196,0.07661354293425877,0.08802581514630999,0.9973890339425587,0.9973890339425587,0.9929522317932654,0.9973890339425587,0.0003,1.0,11536.184772729874
depth3_bal_MAAMMA,3,MAAMMA,48700,584400,1.2729053348302841,1.1895234982172649,1.2584523728915624,0.5949738903394256,0.6109660574412533,0.5875377559011075,0.9973890339425587,0.0003,1.0,11542.472046852112
depth3_bal_MAAMMA,3,MAAMMA,48725,584700,0.03244842883820335,0.06056810294588407,0.0695128263107368,0.9996736292428199,0.9973890339425587,0.9921691464369616,0.9973890339425587,0.0003,1.0,11549.162650346756
depth3_bal_MAAMMA,3,MAAMMA,48750,585000,0.09777978993952274,0.12585610647996268,0.1319354255284582,0.9964099216710183,0.9869451697127938,0.9870231569526793,0.9973890339425587,0.0003,1.0,11555.817715168
depth3_bal_MAAMMA,3,MAAMMA,48775,585300,0.47648840863257647,1.5094383557637532,1.6744770526885986,0.8557441253263708,0.5313315926892951,0.47801767535518513,0.9973890339425587,0.0003,1.0,11562.62781381607
depth3_bal_MAAMMA,3,MAAMMA,48800,585600,0.036202880864342056,0.07017269358038902,0.08072128210748945,1.0,0.9960835509138382,0.9937353171495693,0.9973890339425587,0.0003,1.0,11568.984231472015
depth3_bal_MAAMMA,3,MAAMMA,48825,585900,0.029885764078547556,0.06839411457379659,0.08162035633410726,0.9993472584856397,0.9934725848563969,0.9902673677145094,0.9973890339425587,0.0003,1.0,11575.41878581047
depth3_bal_MAAMMA,3,MAAMMA,48850,586200,0.04337438878913721,0.07660752534866333,0.0898096328335149,0.9983681462140992,0.9960835509138382,0.9920572771003467,0.9973890339425587,0.0003,1.0,11581.821484088898
depth3_bal_MAAMMA,3,MAAMMA,48875,586500,0.04498244853069385,0.10570858667294185,0.12115337210042136,0.9951044386422977,0.9882506527415144,0.9854569862400716,0.9973890339425587,0.0003,1.0,11588.671822071075
depth3_bal_MAAMMA,3,MAAMMA,48900,586800,0.06774645516028006,0.10152176519234975,0.11210529059171677,0.9973890339425587,0.9947780678851175,0.9916097997538874,0.9973890339425587,0.0003,1.0,11595.405271291733
depth3_bal_MAAMMA,3,MAAMMA,48925,587100,0.034236287232488394,0.07473953813314438,0.08382192349859646,0.9993472584856397,0.9960835509138382,0.9917216690905023,0.9973890339425587,0.0003,1.0,11602.143023490906
depth3_bal_MAAMMA,3,MAAMMA,48950,587400,0.3149208252628644,0.28635096549987793,0.29619341152054923,0.9308093994778068,0.9516971279373369,0.9459671104150352,0.9973890339425587,0.0003,1.0,11608.93160700798
depth3_bal_MAAMMA,3,MAAMMA,48975,587700,0.03288677412395676,0.06700520341595013,0.07920952939561435,0.9990208877284595,0.9960835509138382,0.9936234478129544,0.9973890339425587,0.0003,1.0,11615.517808437347
depth3_bal_MAAMMA,3,MAAMMA,49000,588000,0.6534409572680792,0.48453901211420697,0.5037766022341592,0.7682767624020888,0.8681462140992167,0.8488645262333594,0.9973890339425587,0.0003,1.0,11622.085571289062
depth3_bal_MAAMMA,3,MAAMMA,49025,588300,0.031195116384575765,0.06375580777724583,0.07323154966746058,0.9990208877284595,0.9960835509138382,0.9941827944960286,0.9973890339425587,0.0003,1.0,11628.847279548645
depth3_bal_MAAMMA,3,MAAMMA,49050,588600,0.03604970561961333,0.07186262557903926,0.08371341696807316,0.9977154046997389,0.9960835509138382,0.990602975724354,0.9973890339425587,0.0003,1.0,11635.565356016159
depth3_bal_MAAMMA,3,MAAMMA,49075,588900,0.18680541714032492,0.36898799737294513,0.36158185005187987,0.9657310704960835,0.9086161879895561,0.9147555654994965,0.9973890339425587,0.0003,1.0,11639.294600725174
depth3_bal_MAAMMA,3,MAAMMA,49100,589200,0.03756565197060505,0.08437766507267952,0.08633674095783915,0.9996736292428199,0.9934725848563969,0.9928403624566506,0.9973890339425587,0.0003,1.0,11642.631701231003
depth3_bal_MAAMMA,3,MAAMMA,49125,589500,0.03997371345758438,0.08740358551343282,0.10003047659993172,0.9983681462140992,0.9947780678851175,0.9893724130215907,0.9973890339425587,0.0003,1.0,11650.265344619751
depth3_bal_MAAMMA,3,MAAMMA,49150,589800,0.03295359341427684,0.07046936949094136,0.08815452924796513,0.9996736292428199,0.9934725848563969,0.988589327665287,0.9973890339425587,0.0003,1.0,11658.11108803749
depth3_bal_MAAMMA,3,MAAMMA,49175,590100,0.7766476944088936,0.8228277564048767,0.7934873614992414,0.7235639686684073,0.7232375979112271,0.7113771115337286,0.9973890339425587,0.0003,1.0,11665.043756008148
depth3_bal_MAAMMA,3,MAAMMA,49200,590400,0.03748754862075051,0.07145748535792033,0.08444074339100292,0.9986945169712794,0.9960835509138382,0.9922810157735764,0.9973890339425587,0.0003,1.0,11671.691142082214
depth3_bal_MAAMMA,3,MAAMMA,49225,590700,0.039045509261389576,0.07031080250938733,0.08207333205001695,0.9996736292428199,0.9960835509138382,0.9936234478129544,0.9973890339425587,0.0003,1.0,11677.912089824677
depth3_bal_MAAMMA,3,MAAMMA,49250,591000,0.027855352498590946,0.06342029695709546,0.0745128693325179,0.9996736292428199,0.9947780678851175,0.99328783980311,0.9973890339425587,0.0003,1.0,11684.660740613937
depth3_bal_MAAMMA,3,MAAMMA,49275,591300,0.059928929433226585,0.07833799968163173,0.09462061992713383,0.9980417754569191,0.9960835509138382,0.9933997091397248,0.9973890339425587,0.0003,1.0,11691.459404230118
depth3_bal_MAAMMA,3,MAAMMA,49300,591600,0.026686591406663258,0.05928928777575493,0.07055530920624734,1.0,0.9960835509138382,0.9944065331692583,0.9973890339425587,0.0003,1.0,11697.916853189468
depth3_bal_MAAMMA,3,MAAMMA,49325,591900,1.6219188272953033,1.6140166521072388,1.6123993158340455,0.5091383812010444,0.5078328981723238,0.5028526680836782,0.9973890339425587,0.0003,1.0,11704.53216600418
depth3_bal_MAAMMA,3,MAAMMA,49350,592200,0.04036016917477051,0.07384361078341801,0.08917680201785905,0.9990208877284595,0.9960835509138382,0.9922810157735764,0.9973890339425587,0.0003,1.0,11711.227191209793
depth3_bal_MAAMMA,3,MAAMMA,49375,592500,0.02516940903539459,0.06661610429485638,0.0796738447887557,0.9993472584856397,0.9960835509138382,0.9936234478129544,0.9973890339425587,0.0003,1.0,11717.89109492302
depth3_bal_MAAMMA,3,MAAMMA,49400,592800,0.05230879628409942,0.07884270697832108,0.0906600575361933,0.9990208877284595,0.9960835509138382,0.992616623783421,0.9973890339425587,0.0003,1.0,11724.520677089691
depth3_bal_MAAMMA,3,MAAMMA,49425,593100,0.03928207575033108,0.07535846158862114,0.08440035741244044,0.9993472584856397,0.9960835509138382,0.9925047544468061,0.9973890339425587,0.0003,1.0,11731.315283298492
depth3_bal_MAAMMA,3,MAAMMA,49450,593400,0.09534942172467709,0.10178728898366292,0.121394296841962,0.9859660574412533,0.9856396866840731,0.9822127754782414,0.9973890339425587,0.0003,1.0,11737.806028842926
depth3_bal_MAAMMA,3,MAAMMA,49475,593700,0.03739785232270757,0.07031948988636334,0.08273522406816483,0.9983681462140992,0.9947780678851175,0.991945407763732,0.9973890339425587,0.0003,1.0,11743.89866900444
depth3_bal_MAAMMA,3,MAAMMA,49500,594000,0.0317526386740307,0.06196663901209831,0.07420949723039355,0.9996736292428199,0.9960835509138382,0.99328783980311,0.9973890339425587,0.0003,1.0,11750.261263370514
depth3_bal_MAAMMA,3,MAAMMA,49525,594300,0.02464923324684302,0.0560238907734553,0.07126586160489491,0.9990208877284595,0.9960835509138382,0.9918335384271171,0.9973890339425587,0.0003,1.0,11756.757120609283
depth3_bal_MAAMMA,3,MAAMMA,49550,594600,0.06043024516354004,0.09358275433381398,0.10443650696958814,0.9983681462140992,0.9960835509138382,0.9925047544468061,0.9973890339425587,0.0003,1.0,11762.936210870743
depth3_bal_MAAMMA,3,MAAMMA,49575,594900,0.02611357532441616,0.05998244509100914,0.07231309605496271,1.0,0.9960835509138382,0.9950777491889473,0.9973890339425587,0.0003,1.0,11769.360138893127
depth3_bal_MAAMMA,3,MAAMMA,49600,595200,0.31775793184836704,0.3398377001285553,0.35121169090271,0.983355091383812,0.9738903394255874,0.9645374202930976,0.9973890339425587,0.0003,1.0,11775.846258878708
depth3_bal_MAAMMA,3,MAAMMA,49625,595500,0.04423659946769476,0.08481511722008388,0.0947530594255243,0.9990208877284595,0.9947780678851175,0.991945407763732,0.9973890339425587,0.0003,1.0,11782.35327219963
depth3_bal_MAAMMA,3,MAAMMA,49650,595800,0.05367492325603962,0.09029702718059222,0.10809426435402461,0.9960835509138382,0.9947780678851175,0.9910504530708133,0.9973890339425587,0.0003,1.0,11789.379502296448
depth3_bal_MAAMMA,3,MAAMMA,49675,596100,0.04014920722693205,0.07291211684544881,0.0874207082603659,0.9977154046997389,0.9960835509138382,0.9930641011298803,0.9973890339425587,0.0003,1.0,11797.35574889183
depth3_bal_MAAMMA,3,MAAMMA,49700,596400,0.0260209571570158,0.06669515371322632,0.07965029744165285,0.9996736292428199,0.9960835509138382,0.993959055822799,0.9973890339425587,0.0003,1.0,11805.406966209412
depth3_bal_MAAMMA,3,MAAMMA,49725,596700,0.1488392073661089,0.2078621784845988,0.21800000369548797,0.9889033942558747,0.9686684073107049,0.9664391990155499,0.9973890339425587,0.0003,1.0,11812.775664567947
depth3_bal_MAAMMA,3,MAAMMA,49750,597000,0.05144449012974898,0.08502317468325298,0.09516082118664469,0.9996736292428199,0.9960835509138382,0.9941827944960286,0.9973890339425587,0.0003,1.0,11820.17375922203
depth3_bal_MAAMMA,3,MAAMMA,49775,597300,0.03287382253135244,0.07560276985168457,0.08792581920112882,0.9990208877284595,0.9947780678851175,0.9927284931200357,0.9973890339425587,0.0003,1.0,11827.728240013123
depth3_bal_MAAMMA,3,MAAMMA,49800,597600,0.05952002511670192,0.08441679924726486,0.09710485360452108,1.0,0.9960835509138382,0.9936234478129544,0.9973890339425587,0.0003,1.0,11837.133668661118
depth3_bal_MAAMMA,3,MAAMMA,49825,597900,0.037168020537743963,0.07034556816021602,0.08834254049829074,0.9967362924281984,0.9960835509138382,0.990602975724354,0.9973890339425587,0.0003,1.0,11845.015106678009
depth3_bal_MAAMMA,3,MAAMMA,49850,598200,0.13321579185624918,0.16230547924836478,0.16908593262944902,0.9977154046997389,0.9947780678851175,0.9918335384271171,0.9973890339425587,0.0003,1.0,11851.62518787384
depth3_bal_MAAMMA,3,MAAMMA,49875,598500,0.031319341932733856,0.06750704348087311,0.07841799770082747,0.9996736292428199,0.9960835509138382,0.9945184025058731,0.9973890339425587,0.0003,1.0,11859.251210451126
depth3_bal_MAAMMA,3,MAAMMA,49900,598800,2.665544173990687,6.278467337290446,6.330473027910505,0.6067232375979112,0.14490861618798956,0.1548271618749301,0.9973890339425587,0.0003,1.0,11866.658704996109
depth3_bal_MAAMMA,3,MAAMMA,49925,599100,0.04069874435663223,0.07838503643870354,0.08329208961554936,0.9996736292428199,0.9947780678851175,0.9940709251594138,0.9973890339425587,0.0003,1.0,11873.187943935394
depth3_bal_MAAMMA,3,MAAMMA,49950,599400,0.03810884011909366,0.08313750351468722,0.09347583747335843,0.9980417754569191,0.9947780678851175,0.9920572771003467,0.9973890339425587,0.0003,1.0,11880.981700897217
depth3_bal_MAAMMA,3,MAAMMA,49975,599700,0.03122715714077155,0.06587308272719383,0.07708323001861572,0.9993472584856397,0.9960835509138382,0.995301487862177,0.9973890339425587,0.0003,1.0,11888.966917037964
depth3_bal_MAAMMA,3,MAAMMA,50000,600000,0.02508605644106865,0.0679865541557471,0.07690778502396174,0.9993472584856397,0.9947780678851175,0.9948540105157176,0.9973890339425587,0.0003,1.0,11896.84166431427
