run_id,depth,schedule,epoch,step,train_loss,val_loss,test_loss,train_acc,val_acc,test_acc,best_val_acc_so_far,learning_rate,weight_decay,elapsed_time_seconds
depth4_bal_MAAMAAMM,4,MAAMAAMM,1,12,4.73837677637736,4.746885617574056,4.7374030794416155,0.0045691906005221935,0.009138381201044387,0.008278330909497707,0.009138381201044387,0.0003,1.0,0.7616710662841797
depth4_bal_MAAMAAMM,4,MAAMAAMM,25,300,4.062910636266072,5.790190060933431,5.793477589743478,0.08648825065274152,0.0013054830287206266,0.002572994742141179,0.009138381201044387,0.0003,1.0,8.694961786270142
depth4_bal_MAAMAAMM,4,MAAMAAMM,50,600,1.752922276655833,10.600147247314453,10.693074526105608,0.5267624020887729,0.0013054830287206266,0.007047768206734534,0.009138381201044387,0.0003,1.0,13.702887058258057
depth4_bal_MAAMAAMM,4,MAAMAAMM,75,900,0.4378330111503601,15.787237485249838,15.954579871041433,0.904373368146214,0.005221932114882507,0.008613938919342208,0.009138381201044387,0.0003,1.0,18.72179627418518
depth4_bal_MAAMAAMM,4,MAAMAAMM,100,1200,0.055514972656965256,17.149653752644856,17.237773650033134,1.0,0.01174934725848564,0.010180109631949883,0.01174934725848564,0.0003,1.0,26.45901370048523
depth4_bal_MAAMAAMM,4,MAAMAAMM,125,1500,0.45457116266091663,13.426931063334147,13.566737529209682,0.9151436031331592,0.015665796344647518,0.01152254167132789,0.015665796344647518,0.0003,1.0,32.987807512283325
depth4_bal_MAAMAAMM,4,MAAMAAMM,150,1800,0.04507875411460797,16.00072193145752,16.08857113974435,1.0,0.01174934725848564,0.009732632285490548,0.015665796344647518,0.0003,1.0,41.14206385612488
depth4_bal_MAAMAAMM,4,MAAMAAMM,175,2100,0.04566213550666968,15.679787953694662,15.671921866280693,1.0,0.010443864229765013,0.01129880299809822,0.015665796344647518,0.0003,1.0,46.994083881378174
depth4_bal_MAAMAAMM,4,MAAMAAMM,200,2400,0.34224120403329533,16.16669241587321,16.187126786368236,0.9115535248041775,0.01174934725848564,0.01040384830517955,0.015665796344647518,0.0003,1.0,53.94967174530029
depth4_bal_MAAMAAMM,4,MAAMAAMM,225,2700,0.04401193962742885,14.532161076863607,14.486048153468541,1.0,0.009138381201044387,0.011858149681172391,0.015665796344647518,0.0003,1.0,57.40685820579529
depth4_bal_MAAMAAMM,4,MAAMAAMM,250,3000,0.08721952978521585,15.023991266886393,14.954375049046108,0.9954308093994778,0.010443864229765013,0.012081888354402059,0.015665796344647518,0.0003,1.0,60.79940724372864
depth4_bal_MAAMAAMM,4,MAAMAAMM,275,3300,0.03162159429242214,15.077047030131022,15.082571956089565,1.0,0.013054830287206266,0.014095536413469069,0.015665796344647518,0.0003,1.0,64.50165486335754
depth4_bal_MAAMAAMM,4,MAAMAAMM,300,3600,0.052628603453437485,14.280027389526367,14.23062629699707,0.9990208877284595,0.007832898172323759,0.01443114442331357,0.015665796344647518,0.0003,1.0,67.66301417350769
depth4_bal_MAAMAAMM,4,MAAMAAMM,325,3900,0.03281767386943102,14.692566553751627,14.655500629970005,1.0,0.009138381201044387,0.014207405750083902,0.015665796344647518,0.0003,1.0,70.69153833389282
depth4_bal_MAAMAAMM,4,MAAMAAMM,350,4200,0.03030069513867299,14.685918807983398,14.70195781162807,1.0,0.010443864229765013,0.012305627027631726,0.015665796344647518,0.0003,1.0,75.78633260726929
depth4_bal_MAAMAAMM,4,MAAMAAMM,375,4500,0.04540041616807381,14.061681111653646,14.113776860918318,0.9986945169712794,0.013054830287206266,0.013759928403624567,0.015665796344647518,0.0003,1.0,83.57065343856812
depth4_bal_MAAMAAMM,4,MAAMAAMM,400,4800,0.07610652782022953,14.808897018432617,14.63533445085798,0.9941253263707572,0.013054830287206266,0.01678040049222508,0.015665796344647518,0.0003,1.0,91.67155432701111
depth4_bal_MAAMAAMM,4,MAAMAAMM,425,5100,0.030941371029863756,13.438004811604818,13.362856810433524,1.0,0.014360313315926894,0.015549837789461908,0.015665796344647518,0.0003,1.0,98.69703364372253
depth4_bal_MAAMAAMM,4,MAAMAAMM,450,5400,0.4509144375721614,15.389857610066732,15.314229011535645,0.8789164490861618,0.007832898172323759,0.010739456315024052,0.015665796344647518,0.0003,1.0,106.41727638244629
depth4_bal_MAAMAAMM,4,MAAMAAMM,475,5700,0.028743997526665527,13.479884465535482,13.39356324332101,1.0,0.007832898172323759,0.016556661818995413,0.015665796344647518,0.0003,1.0,113.98447775840759
depth4_bal_MAAMAAMM,4,MAAMAAMM,500,6000,0.364786463479201,14.236291567484537,14.155389431544712,0.8978459530026109,0.013054830287206266,0.01644479248238058,0.015665796344647518,0.0003,1.0,122.14440774917603
depth4_bal_MAAMAAMM,4,MAAMAAMM,525,6300,0.029933332465589046,12.95898151397705,12.755708067757743,1.0,0.016971279373368148,0.015102360443002573,0.016971279373368148,0.0003,1.0,128.52546334266663
depth4_bal_MAAMAAMM,4,MAAMAAMM,550,6600,0.026830298981318872,13.321169217427572,13.083898271833148,1.0,0.015665796344647518,0.014878621769772905,0.016971279373368148,0.0003,1.0,134.43788266181946
depth4_bal_MAAMAAMM,4,MAAMAAMM,575,6900,1.0797271132469177,9.508156140645346,9.425101062229702,0.70822454308094,0.014360313315926894,0.015214229779617406,0.016971279373368148,0.0003,1.0,142.7579996585846
depth4_bal_MAAMAAMM,4,MAAMAAMM,600,7200,0.029111254805078108,12.993720690409342,12.785825593130928,1.0,0.018276762402088774,0.01823470186821792,0.018276762402088774,0.0003,1.0,150.749915599823
depth4_bal_MAAMAAMM,4,MAAMAAMM,625,7500,0.04985093449552854,13.613454818725586,13.364463315691268,0.9980417754569191,0.020887728459530026,0.018682179214677255,0.020887728459530026,0.0003,1.0,158.7924039363861
depth4_bal_MAAMAAMM,4,MAAMAAMM,650,7800,0.0194173576310277,13.251582145690918,13.063366753714424,1.0,0.0195822454308094,0.01901778722452176,0.020887728459530026,0.0003,1.0,164.71573066711426
depth4_bal_MAAMAAMM,4,MAAMAAMM,675,8100,0.026353667490184307,12.644163449605307,12.448876789637975,1.0,0.016971279373368148,0.017451616511914084,0.020887728459530026,0.0003,1.0,172.78754830360413
depth4_bal_MAAMAAMM,4,MAAMAAMM,700,8400,0.12668144951264063,14.202383359273275,13.961731692722866,0.9765013054830287,0.014360313315926894,0.019800872580825597,0.020887728459530026,0.0003,1.0,176.89489269256592
depth4_bal_MAAMAAMM,4,MAAMAAMM,725,8700,0.023538426030427217,12.641667366027832,12.3540009362357,1.0,0.018276762402088774,0.021255173956818436,0.020887728459530026,0.0003,1.0,180.74921035766602
depth4_bal_MAAMAAMM,4,MAAMAAMM,750,9000,0.02671893856798609,12.59176762898763,12.322391074044363,1.0,0.018276762402088774,0.0204720886005146,0.020887728459530026,0.0003,1.0,184.4947328567505
depth4_bal_MAAMAAMM,4,MAAMAAMM,775,9300,0.037001284615447126,12.937047640482584,12.772346932547434,0.9996736292428199,0.0195822454308094,0.02282134466942611,0.020887728459530026,0.0003,1.0,188.38111448287964
depth4_bal_MAAMAAMM,4,MAAMAAMM,800,9600,0.027770871296525,12.076101938883463,11.907248333522253,1.0,0.0195822454308094,0.022150128649737106,0.020887728459530026,0.0003,1.0,192.10935139656067
depth4_bal_MAAMAAMM,4,MAAMAAMM,825,9900,0.02413630795975526,12.38836415608724,12.223376601082938,1.0,0.022193211488250653,0.02226199798635194,0.022193211488250653,0.0003,1.0,195.8328914642334
depth4_bal_MAAMAAMM,4,MAAMAAMM,850,10200,0.027065605701257784,12.233479817708334,12.100105885096959,1.0,0.02610966057441253,0.020136480590670098,0.02610966057441253,0.0003,1.0,199.74178385734558
depth4_bal_MAAMAAMM,4,MAAMAAMM,875,10500,0.026957488618791103,11.819571177164713,11.698739051818848,1.0,0.02349869451697128,0.0208076966103591,0.02610966057441253,0.0003,1.0,203.64876627922058
depth4_bal_MAAMAAMM,4,MAAMAAMM,900,10800,0.023295602140327294,12.092305183410645,11.99056339263916,1.0,0.022193211488250653,0.021814520639892605,0.02610966057441253,0.0003,1.0,207.32056951522827
depth4_bal_MAAMAAMM,4,MAAMAAMM,925,11100,0.021743035099158686,11.721283594767252,11.554129900251116,1.0,0.028720626631853787,0.025953686094641458,0.028720626631853787,0.0003,1.0,211.08137345314026
depth4_bal_MAAMAAMM,4,MAAMAAMM,950,11400,0.03945356731613477,12.498424212137857,12.334384482247488,0.9986945169712794,0.031331592689295036,0.024946862065107954,0.031331592689295036,0.0003,1.0,215.23603653907776
depth4_bal_MAAMAAMM,4,MAAMAAMM,975,11700,0.021746377150217693,11.475948015848795,11.331032725742885,1.0,0.02610966057441253,0.0274079874706343,0.031331592689295036,0.0003,1.0,221.31270599365234
depth4_bal_MAAMAAMM,4,MAAMAAMM,1000,12000,0.01920060906559229,11.79460080464681,11.648323113577707,1.0,0.02741514360313316,0.027296118134019467,0.031331592689295036,0.0003,1.0,229.07564640045166
depth4_bal_MAAMAAMM,4,MAAMAAMM,1025,12300,0.019621103070676327,12.137522061665853,11.980004937308175,0.9996736292428199,0.02741514360313316,0.028079203490323303,0.031331592689295036,0.0003,1.0,236.64323472976685
depth4_bal_MAAMAAMM,4,MAAMAAMM,1050,12600,0.09180604293942451,11.994529088338217,12.018652398245676,0.9843342036553525,0.03524804177545692,0.03322519297460566,0.03524804177545692,0.0003,1.0,240.44359064102173
depth4_bal_MAAMAAMM,4,MAAMAAMM,1075,12900,0.02399040339514613,10.296308517456055,10.198711449759347,1.0,0.033942558746736295,0.034232017004139165,0.03524804177545692,0.0003,1.0,248.31881165504456
depth4_bal_MAAMAAMM,4,MAAMAAMM,1100,13200,0.02186492830514908,10.49990463256836,10.389688791547503,1.0,0.033942558746736295,0.03523884103367267,0.03524804177545692,0.0003,1.0,255.87015795707703
depth4_bal_MAAMAAMM,4,MAAMAAMM,1125,13500,0.019034904583046835,10.669489860534668,10.549856894356864,1.0,0.03524804177545692,0.03635753439982101,0.03524804177545692,0.0003,1.0,259.0046429634094
depth4_bal_MAAMAAMM,4,MAAMAAMM,1150,13800,0.01725296932272613,10.968384742736816,10.858133316040039,1.0,0.03524804177545692,0.03680501174628034,0.03524804177545692,0.0003,1.0,262.22621750831604
depth4_bal_MAAMAAMM,4,MAAMAAMM,1175,14100,0.04903736927857002,10.588186899820963,10.423953982761928,0.9967362924281984,0.044386422976501305,0.04474773464593355,0.044386422976501305,0.0003,1.0,265.3437659740448
depth4_bal_MAAMAAMM,4,MAAMAAMM,1200,14400,0.02248339805131157,9.397756258646647,9.309379059927805,1.0,0.04177545691906005,0.04385277995301488,0.044386422976501305,0.0003,1.0,273.51824402809143
depth4_bal_MAAMAAMM,4,MAAMAAMM,1225,14700,0.019618989278872807,9.67937978108724,9.557526397705079,1.0,0.048302872062663184,0.04508334265577805,0.048302872062663184,0.0003,1.0,281.7377071380615
depth4_bal_MAAMAAMM,4,MAAMAAMM,1250,15000,0.2803644575178623,7.724217891693115,7.720667171478271,0.9428851174934726,0.05613577023498695,0.051012417496364246,0.05613577023498695,0.0003,1.0,289.6131999492645
depth4_bal_MAAMAAMM,4,MAAMAAMM,1275,15300,0.021311817069848377,8.409564971923828,8.344114112854005,1.0,0.05613577023498695,0.059402617742476786,0.05613577023498695,0.0003,1.0,297.3492350578308
depth4_bal_MAAMAAMM,4,MAAMAAMM,1300,15600,0.025771469964335363,8.346395333607992,8.266469628470285,0.9996736292428199,0.05483028720626632,0.05985009508893612,0.05613577023498695,0.0003,1.0,304.0560164451599
depth4_bal_MAAMAAMM,4,MAAMAAMM,1325,15900,0.018079464168598253,8.416019757588705,8.346742943355016,1.0,0.057441253263707574,0.061751873811388296,0.057441253263707574,0.0003,1.0,307.5256233215332
depth4_bal_MAAMAAMM,4,MAAMAAMM,1350,16200,0.018981975503265858,8.599632263183594,8.520355469839913,0.9993472584856397,0.05352480417754569,0.06421299921691465,0.057441253263707574,0.0003,1.0,312.78346061706543
depth4_bal_MAAMAAMM,4,MAAMAAMM,1375,16500,0.02091327604527275,6.900882085164388,6.793286868504116,1.0,0.0835509138381201,0.09341089607338629,0.0835509138381201,0.0003,1.0,316.5038959980011
depth4_bal_MAAMAAMM,4,MAAMAAMM,1400,16800,0.019766130950301886,6.791028022766113,6.683232729775565,1.0,0.0835509138381201,0.09755006152813514,0.0835509138381201,0.0003,1.0,320.73159408569336
depth4_bal_MAAMAAMM,4,MAAMAAMM,1425,17100,0.023441629639516275,6.846001148223877,6.769981452396938,0.9986945169712794,0.0926892950391645,0.10213670432934333,0.0926892950391645,0.0003,1.0,325.83435344696045
depth4_bal_MAAMAAMM,4,MAAMAAMM,1450,17400,0.014306860510259867,6.852401892344157,6.709803322383336,1.0,0.08877284595300261,0.1096319498825372,0.0926892950391645,0.0003,1.0,334.1009714603424
depth4_bal_MAAMAAMM,4,MAAMAAMM,1475,17700,0.04106417919198672,5.473694960276286,5.449547059195382,0.9993472584856397,0.13968668407310705,0.14945743371741804,0.13968668407310705,0.0003,1.0,340.67632842063904
depth4_bal_MAAMAAMM,4,MAAMAAMM,1500,18000,0.020753871494283278,4.903165340423584,4.862367738996233,1.0,0.16057441253263707,0.1651191408434948,0.16057441253263707,0.0003,1.0,346.68619203567505
depth4_bal_MAAMAAMM,4,MAAMAAMM,1525,18300,0.023632115218788385,4.8368821144104,4.767989785330636,1.0,0.18929503916449086,0.17798411455420068,0.18929503916449086,0.0003,1.0,354.46591901779175
depth4_bal_MAAMAAMM,4,MAAMAAMM,1550,18600,0.015117609951024255,4.606512387593587,4.5404982703072685,1.0,0.195822454308094,0.19644255509564829,0.195822454308094,0.0003,1.0,362.1292209625244
depth4_bal_MAAMAAMM,4,MAAMAAMM,1575,18900,0.020319108696033556,4.096776564915975,4.044448443821499,0.9996736292428199,0.22715404699738903,0.22340306521982325,0.22715404699738903,0.0003,1.0,368.73322796821594
depth4_bal_MAAMAAMM,4,MAAMAAMM,1600,19200,0.020493358218421538,3.658590316772461,3.5996500628335135,1.0,0.25718015665796345,0.24879740463139052,0.25718015665796345,0.0003,1.0,372.9883279800415
depth4_bal_MAAMAAMM,4,MAAMAAMM,1625,19500,0.01761790473634998,3.4057181676228843,3.336321462903704,1.0,0.2819843342036554,0.27430361337957265,0.2819843342036554,0.0003,1.0,377.6619083881378
depth4_bal_MAAMAAMM,4,MAAMAAMM,1650,19800,0.034825774685790144,4.167603572209676,4.15037601334708,0.9970626631853786,0.25718015665796345,0.25439087146213224,0.2819843342036554,0.0003,1.0,384.8940923213959
depth4_bal_MAAMAAMM,4,MAAMAAMM,1675,20100,0.01542625258055826,3.086596886316935,3.0410621098109654,1.0,0.31723237597911225,0.30417272625573333,0.31723237597911225,0.0003,1.0,392.4088091850281
depth4_bal_MAAMAAMM,4,MAAMAAMM,1700,20400,0.013738048262894154,2.7940937678019204,2.7499240466526578,1.0,0.360313315926893,0.33929969795279113,0.360313315926893,0.0003,1.0,399.736802816391
depth4_bal_MAAMAAMM,4,MAAMAAMM,1725,20700,0.011512102093547583,2.4913957118988037,2.4486928939819337,1.0,0.39556135770234985,0.38427117127195437,0.39556135770234985,0.0003,1.0,406.7510313987732
depth4_bal_MAAMAAMM,4,MAAMAAMM,1750,21000,0.7176194948454698,6.750509579976399,6.604633835383824,0.814621409921671,0.09921671018276762,0.12059514487079091,0.39556135770234985,0.0003,1.0,414.90446186065674
depth4_bal_MAAMAAMM,4,MAAMAAMM,1775,21300,0.017571393710871536,2.1844930251439414,2.132903034346444,1.0,0.4164490861618799,0.41962188164224185,0.4164490861618799,0.0003,1.0,423.02393078804016
depth4_bal_MAAMAAMM,4,MAAMAAMM,1800,21600,0.015027063277860483,1.7991257905960083,1.7437250137329101,1.0,0.4856396866840731,0.486855352947757,0.4856396866840731,0.0003,1.0,430.42211842536926
depth4_bal_MAAMAAMM,4,MAAMAAMM,1825,21900,0.014813945395871997,1.3901325066884358,1.3293517862047468,0.9993472584856397,0.566579634464752,0.5782526009620763,0.566579634464752,0.0003,1.0,435.8607621192932
depth4_bal_MAAMAAMM,4,MAAMAAMM,1850,22200,0.009681237939124307,0.8320985237757365,0.7945362227303642,1.0,0.720626631853786,0.7310661147779394,0.720626631853786,0.0003,1.0,440.3631167411804
depth4_bal_MAAMAAMM,4,MAAMAAMM,1875,22500,0.013701739876220623,1.287830909093221,1.201498017992292,1.0,0.5966057441253264,0.6137151806689787,0.720626631853786,0.0003,1.0,443.65150570869446
depth4_bal_MAAMAAMM,4,MAAMAAMM,1900,22800,0.011495299016435942,0.7065003116925558,0.6432191133499146,1.0,0.7676240208877284,0.7816310549278442,0.7676240208877284,0.0003,1.0,449.25919246673584
depth4_bal_MAAMAAMM,4,MAAMAAMM,1925,23100,1.2767093529303868,2.5460311571756997,2.52887442452567,0.6090078328981723,0.30678851174934724,0.3007047768206735,0.7676240208877284,0.0003,1.0,457.57645058631897
depth4_bal_MAAMAAMM,4,MAAMAAMM,1950,23400,0.0121217283885926,0.550732950369517,0.5028423053877694,1.0,0.8067885117493473,0.839020024611254,0.8067885117493473,0.0003,1.0,465.6634418964386
depth4_bal_MAAMAAMM,4,MAAMAAMM,1975,23700,0.008681749925017357,0.17643057803312936,0.16682377053158623,1.0,0.9634464751958225,0.9638662042734086,0.9634464751958225,0.0003,1.0,472.23762798309326
depth4_bal_MAAMAAMM,4,MAAMAAMM,2000,24000,0.005978067599547406,0.046506378799676895,0.04775999497090067,1.0,0.9934725848563969,0.9954133571987918,0.9934725848563969,0.0003,1.0,476.0666015148163
depth4_bal_MAAMAAMM,4,MAAMAAMM,2025,24300,0.0076659904249633355,0.06266722703973453,0.056558002425091604,1.0,0.9973890339425587,0.9955252265354066,0.9973890339425587,0.0003,1.0,484.96556758880615
depth4_bal_MAAMAAMM,4,MAAMAAMM,2050,24600,0.006267457890013854,0.02439890926082929,0.02189313950283187,1.0,0.9986945169712794,0.9995525226535407,0.9986945169712794,0.0003,1.0,493.4124712944031
depth4_bal_MAAMAAMM,4,MAAMAAMM,2075,24900,0.004972034599632025,0.01301864596704642,0.012280318433684961,1.0,1.0,0.9997762613267703,1.0,0.0003,1.0,501.7473955154419
depth4_bal_MAAMAAMM,4,MAAMAAMM,2100,25200,0.0040767374642503755,0.009124924428761005,0.009379316746656383,1.0,1.0,0.9994406533169258,1.0,0.0003,1.0,509.3676919937134
depth4_bal_MAAMAAMM,4,MAAMAAMM,2125,25500,0.0033075389995550117,0.006720286328345537,0.006066254952124187,1.0,1.0,1.0,1.0,0.0003,1.0,517.5243561267853
depth4_bal_MAAMAAMM,4,MAAMAAMM,2150,25800,0.0027134366682730615,0.005261208241184552,0.004667734700654234,1.0,1.0,1.0,1.0,0.0003,1.0,525.6930878162384
depth4_bal_MAAMAAMM,4,MAAMAAMM,2175,26100,0.012491705749804774,0.02303054804603259,0.018182386724012237,1.0,0.9973890339425587,0.9995525226535407,1.0,0.0003,1.0,533.9680879116058
depth4_bal_MAAMAAMM,4,MAAMAAMM,2200,26400,0.009720005327835679,0.016786118658880394,0.016335150679307325,1.0,1.0,1.0,1.0,0.0003,1.0,542.0977659225464
depth4_bal_MAAMAAMM,4,MAAMAAMM,2225,26700,0.007820546937485537,0.012600753456354141,0.012432846506791455,1.0,1.0,1.0,1.0,0.0003,1.0,549.3693511486053
depth4_bal_MAAMAAMM,4,MAAMAAMM,2250,27000,0.006200822691122691,0.009694569123287996,0.009461280224578721,1.0,1.0,1.0,1.0,0.0003,1.0,557.4724893569946
depth4_bal_MAAMAAMM,4,MAAMAAMM,2275,27300,0.004935105874513586,0.0074812389599780245,0.007287732538368021,1.0,1.0,1.0,1.0,0.0003,1.0,565.5130395889282
depth4_bal_MAAMAAMM,4,MAAMAAMM,2300,27600,0.003963432410576691,0.005850281721601884,0.005664658626275403,1.0,1.0,1.0,1.0,0.0003,1.0,573.4727957248688
depth4_bal_MAAMAAMM,4,MAAMAAMM,2325,27900,0.0031877774357174835,0.0046268790028989315,0.004474504651235682,1.0,1.0,1.0,1.0,0.0003,1.0,580.625189781189
depth4_bal_MAAMAAMM,4,MAAMAAMM,2350,28200,0.002586013753898442,0.0037113101376841464,0.0035782953524695973,1.0,1.0,1.0,1.0,0.0003,1.0,589.0930466651917
depth4_bal_MAAMAAMM,4,MAAMAAMM,2375,28500,0.0020930443715769798,0.002970117920388778,0.002880357505221452,1.0,1.0,1.0,1.0,0.0003,1.0,597.2919204235077
depth4_bal_MAAMAAMM,4,MAAMAAMM,2400,28800,0.0017308068927377462,0.002438023453578353,0.002360420853697828,1.0,1.0,1.0,1.0,0.0003,1.0,600.4309811592102
depth4_bal_MAAMAAMM,4,MAAMAAMM,2425,29100,0.0014180360982815425,0.002025057988551756,0.001951517374254763,1.0,1.0,1.0,1.0,0.0003,1.0,605.1885712146759
depth4_bal_MAAMAAMM,4,MAAMAAMM,2450,29400,0.0011725583171937615,0.0016925081921120484,0.001625413677122976,1.0,1.0,1.0,1.0,0.0003,1.0,613.6100363731384
depth4_bal_MAAMAAMM,4,MAAMAAMM,2475,29700,0.0009716580631599451,0.0014171894484510024,0.0013791940208258374,1.0,1.0,1.0,1.0,0.0003,1.0,621.9285714626312
depth4_bal_MAAMAAMM,4,MAAMAAMM,2500,30000,0.0008073910867096856,0.0011891054067139824,0.001150530975844179,1.0,1.0,1.0,1.0,0.0003,1.0,629.8099272251129
depth4_bal_MAAMAAMM,4,MAAMAAMM,2525,30300,0.0006646966988531252,0.0009862636604035895,0.0009788640126186822,1.0,1.0,1.0,1.0,0.0003,1.0,634.8851220607758
depth4_bal_MAAMAAMM,4,MAAMAAMM,2550,30600,0.0005641758616548032,0.0008423986340252062,0.0008341078962465482,1.0,1.0,1.0,1.0,0.0003,1.0,643.4181175231934
depth4_bal_MAAMAAMM,4,MAAMAAMM,2575,30900,0.00047166012761105475,0.0007121210995440682,0.0007392634038946458,1.0,1.0,1.0,1.0,0.0003,1.0,649.984094619751
depth4_bal_MAAMAAMM,4,MAAMAAMM,2600,31200,0.0003984564245911315,0.0005984863382764161,0.0006208953564055264,1.0,1.0,1.0,1.0,0.0003,1.0,657.5688593387604
depth4_bal_MAAMAAMM,4,MAAMAAMM,2625,31500,0.0003311660038889386,0.0005445231023865441,0.0005179085236574922,1.0,1.0,1.0,1.0,0.0003,1.0,665.5413398742676
depth4_bal_MAAMAAMM,4,MAAMAAMM,2650,31800,3.7918214003245034,3.7591712474823,3.7310424191611156,0.08714099216710183,0.07049608355091384,0.08513256516388858,1.0,0.0003,1.0,669.6336047649384
depth4_bal_MAAMAAMM,4,MAAMAAMM,2675,32100,0.027652520996828873,0.05312415460745493,0.04867576669369425,1.0,0.9947780678851175,0.9976507439310884,1.0,0.0003,1.0,677.3700797557831
depth4_bal_MAAMAAMM,4,MAAMAAMM,2700,32400,0.017995202137778204,0.031055087844530743,0.03035397907452924,1.0,1.0,0.999328783980311,1.0,0.0003,1.0,680.9691545963287
depth4_bal_MAAMAAMM,4,MAAMAAMM,2725,32700,0.014081854994098345,0.023232351367672283,0.02346792130598,1.0,1.0,0.9998881306633851,1.0,0.0003,1.0,685.7978355884552
depth4_bal_MAAMAAMM,4,MAAMAAMM,2750,33000,0.010852711352830132,0.018318379297852516,0.0187815109533923,1.0,1.0,0.999328783980311,1.0,0.0003,1.0,691.4994678497314
depth4_bal_MAAMAAMM,4,MAAMAAMM,2775,33300,0.008419449053083857,0.014937659725546837,0.015395262518099376,1.0,1.0,0.9995525226535407,1.0,0.0003,1.0,699.5553805828094
depth4_bal_MAAMAAMM,4,MAAMAAMM,2800,33600,0.006549010635353625,0.012847039848566055,0.012076899010155882,1.0,1.0,0.9997762613267703,1.0,0.0003,1.0,707.945878982544
depth4_bal_MAAMAAMM,4,MAAMAAMM,2825,33900,0.005067335907369852,0.0112110311165452,0.009792957082390785,1.0,0.9986945169712794,1.0,1.0,0.0003,1.0,716.1217813491821
depth4_bal_MAAMAAMM,4,MAAMAAMM,2850,34200,0.004055567997662972,0.009466702739397684,0.008123029116541147,1.0,0.9986945169712794,0.9998881306633851,1.0,0.0003,1.0,723.8428976535797
depth4_bal_MAAMAAMM,4,MAAMAAMM,2875,34500,0.00899764538432161,0.015619815016786257,0.01576353886297771,1.0,1.0,0.9998881306633851,1.0,0.0003,1.0,731.2640953063965
depth4_bal_MAAMAAMM,4,MAAMAAMM,2900,34800,0.0074793664971366525,0.012304191167155901,0.012006645702889987,1.0,1.0,1.0,1.0,0.0003,1.0,739.0552020072937
depth4_bal_MAAMAAMM,4,MAAMAAMM,2925,35100,0.005903540489574273,0.009460985039671263,0.009232021109866245,1.0,1.0,1.0,1.0,0.0003,1.0,747.0931425094604
depth4_bal_MAAMAAMM,4,MAAMAAMM,2950,35400,0.004664622557659944,0.007588998880237341,0.007347792333790234,1.0,1.0,1.0,1.0,0.0003,1.0,753.7189400196075
depth4_bal_MAAMAAMM,4,MAAMAAMM,2975,35700,0.003693979272308449,0.005995118835320075,0.005829026709709848,1.0,1.0,1.0,1.0,0.0003,1.0,761.8404996395111
depth4_bal_MAAMAAMM,4,MAAMAAMM,3000,36000,0.0029556783847510815,0.004696200601756573,0.004616167875272887,1.0,1.0,1.0,1.0,0.0003,1.0,770.1582221984863
depth4_bal_MAAMAAMM,4,MAAMAAMM,3025,36300,0.0023801683564670384,0.0037666630620757737,0.0037590911678437675,1.0,1.0,1.0,1.0,0.0003,1.0,779.1099669933319
depth4_bal_MAAMAAMM,4,MAAMAAMM,3050,36600,0.0018806016499487062,0.003040323887641231,0.002951678979609694,1.0,1.0,1.0,1.0,0.0003,1.0,787.2969288825989
depth4_bal_MAAMAAMM,4,MAAMAAMM,3075,36900,0.001492684445111081,0.0024205122608691454,0.002328187303750643,1.0,1.0,1.0,1.0,0.0003,1.0,795.7313542366028
depth4_bal_MAAMAAMM,4,MAAMAAMM,3100,37200,0.0011813924453842144,0.001935126764389376,0.0018811341242066452,1.0,1.0,1.0,1.0,0.0003,1.0,804.5352325439453
depth4_bal_MAAMAAMM,4,MAAMAAMM,3125,37500,0.0009542494614530975,0.0015586908751477797,0.0014900760758402092,1.0,1.0,1.0,1.0,0.0003,1.0,812.5507996082306
depth4_bal_MAAMAAMM,4,MAAMAAMM,3150,37800,0.0007874693983467296,0.0012651186746855576,0.0012105396150478296,1.0,1.0,1.0,1.0,0.0003,1.0,816.3201310634613
depth4_bal_MAAMAAMM,4,MAAMAAMM,3175,38100,0.0006434203872534757,0.0010478095694755514,0.0009943640591310603,1.0,1.0,1.0,1.0,0.0003,1.0,820.0834538936615
depth4_bal_MAAMAAMM,4,MAAMAAMM,3200,38400,0.000539375311442806,0.0008553579294433197,0.000838777916838548,1.0,1.0,1.0,1.0,0.0003,1.0,825.2913866043091
depth4_bal_MAAMAAMM,4,MAAMAAMM,3225,38700,0.00044472809774257865,0.0007325772118444244,0.0006962800764345697,1.0,1.0,1.0,1.0,0.0003,1.0,833.6924884319305
depth4_bal_MAAMAAMM,4,MAAMAAMM,3250,39000,0.0003726029996566164,0.0006273528560996056,0.0005834795152103263,1.0,1.0,1.0,1.0,0.0003,1.0,841.0431153774261
depth4_bal_MAAMAAMM,4,MAAMAAMM,3275,39300,0.0003092111122289983,0.0005199109048893055,0.00048681944525534555,1.0,1.0,1.0,1.0,0.0003,1.0,847.6828517913818
depth4_bal_MAAMAAMM,4,MAAMAAMM,3300,39600,0.0002552963172396024,0.0004220253031235188,0.00039424158582863,1.0,1.0,1.0,1.0,0.0003,1.0,855.5579175949097
depth4_bal_MAAMAAMM,4,MAAMAAMM,3325,39900,0.00021382654692085148,0.00034184760685699683,0.00033053212849024153,1.0,1.0,1.0,1.0,0.0003,1.0,863.0608983039856
depth4_bal_MAAMAAMM,4,MAAMAAMM,3350,40200,0.00018188292597187683,0.0002994620590470731,0.00028041973294291113,1.0,1.0,1.0,1.0,0.0003,1.0,871.6974949836731
depth4_bal_MAAMAAMM,4,MAAMAAMM,3375,40500,0.0001493424509438531,0.00024162983269585916,0.0002328378747084311,1.0,1.0,1.0,1.0,0.0003,1.0,879.1186621189117
depth4_bal_MAAMAAMM,4,MAAMAAMM,3400,40800,0.00012872853888742006,0.00020038704678881913,0.000194671842369384,1.0,1.0,1.0,1.0,0.0003,1.0,887.3488025665283
depth4_bal_MAAMAAMM,4,MAAMAAMM,3425,41100,0.00010568021146658187,0.0001613246762038519,0.00015916631964500992,1.0,1.0,1.0,1.0,0.0003,1.0,895.5428421497345
depth4_bal_MAAMAAMM,4,MAAMAAMM,3450,41400,9.131253015463396e-05,0.0001372896998267,0.00013573620588951078,1.0,1.0,1.0,1.0,0.0003,1.0,903.7544736862183
depth4_bal_MAAMAAMM,4,MAAMAAMM,3475,41700,7.546594436765493e-05,0.00011152264050906524,0.00011147909847620342,1.0,1.0,1.0,1.0,0.0003,1.0,910.0629923343658
depth4_bal_MAAMAAMM,4,MAAMAAMM,3500,42000,6.41153022418924e-05,9.426541510038078e-05,9.241134373171787e-05,1.0,1.0,1.0,1.0,0.0003,1.0,913.1820831298828
depth4_bal_MAAMAAMM,4,MAAMAAMM,3525,42300,5.536929863107313e-05,8.144541546547164e-05,7.94692472222128e-05,1.0,1.0,1.0,1.0,0.0003,1.0,919.6085636615753
depth4_bal_MAAMAAMM,4,MAAMAAMM,3550,42600,4.6093844503047876e-05,6.802497470440964e-05,6.453877961446e-05,1.0,1.0,1.0,1.0,0.0003,1.0,925.8620157241821
depth4_bal_MAAMAAMM,4,MAAMAAMM,3575,42900,3.947458480979549e-05,5.752165937641015e-05,5.583862657658756e-05,1.0,1.0,1.0,1.0,0.0003,1.0,931.753739118576
depth4_bal_MAAMAAMM,4,MAAMAAMM,3600,43200,3.335822323909573e-05,4.742407084753116e-05,4.570233130445038e-05,1.0,1.0,1.0,1.0,0.0003,1.0,936.7793169021606
depth4_bal_MAAMAAMM,4,MAAMAAMM,3625,43500,2.8758393000316573e-05,4.297700919172106e-05,4.126767411694995e-05,1.0,1.0,1.0,1.0,0.0003,1.0,944.2102522850037
depth4_bal_MAAMAAMM,4,MAAMAAMM,3650,43800,2.479112481523771e-05,3.5884313547285274e-05,3.45719484487615e-05,1.0,1.0,1.0,1.0,0.0003,1.0,948.5292296409607
depth4_bal_MAAMAAMM,4,MAAMAAMM,3675,44100,2.0659814405613968e-05,2.9196552228919852e-05,2.834759049749534e-05,1.0,1.0,1.0,1.0,0.0003,1.0,952.2048931121826
depth4_bal_MAAMAAMM,4,MAAMAAMM,3700,44400,1.8007570967408053e-05,2.5088169422815554e-05,2.4899906254306967e-05,1.0,1.0,1.0,1.0,0.0003,1.0,956.573427438736
depth4_bal_MAAMAAMM,4,MAAMAAMM,3725,44700,1.5152514606597833e-05,2.1246829419396818e-05,2.0120749832130967e-05,1.0,1.0,1.0,1.0,0.0003,1.0,962.108451128006
depth4_bal_MAAMAAMM,4,MAAMAAMM,3750,45000,1.2669674712621296e-05,1.8878948443064775e-05,1.745227675980589e-05,1.0,1.0,1.0,1.0,0.0003,1.0,968.875804901123
depth4_bal_MAAMAAMM,4,MAAMAAMM,3775,45300,1.084625084028327e-05,1.5292309702393443e-05,1.4811468099651393e-05,1.0,1.0,1.0,1.0,0.0003,1.0,976.6805515289307
depth4_bal_MAAMAAMM,4,MAAMAAMM,3800,45600,9.365058379747401e-06,1.4787621694267727e-05,1.3529070929507726e-05,1.0,1.0,1.0,1.0,0.0003,1.0,983.2353270053864
depth4_bal_MAAMAAMM,4,MAAMAAMM,3825,45900,7.902162224127096e-06,1.1938860855783181e-05,1.1260978187367853e-05,1.0,1.0,1.0,1.0,0.0003,1.0,987.0142116546631
depth4_bal_MAAMAAMM,4,MAAMAAMM,3850,46200,6.683492074444075e-06,9.983744348573964e-06,9.123347003229096e-06,1.0,1.0,1.0,1.0,0.0003,1.0,993.6634268760681
depth4_bal_MAAMAAMM,4,MAAMAAMM,3875,46500,5.720916874452087e-06,8.050310195055014e-06,7.850477023956566e-06,1.0,1.0,1.0,1.0,0.0003,1.0,1002.3064396381378
depth4_bal_MAAMAAMM,4,MAAMAAMM,3900,46800,4.844061360624134e-06,7.4452347386492574e-06,6.863284969378063e-06,1.0,1.0,1.0,1.0,0.0003,1.0,1010.9323253631592
depth4_bal_MAAMAAMM,4,MAAMAAMM,3925,47100,4.283641336163176e-06,7.051154322349855e-06,6.535003116628754e-06,1.0,1.0,1.0,1.0,0.0003,1.0,1018.9229664802551
depth4_bal_MAAMAAMM,4,MAAMAAMM,3950,47400,3.6916693867776e-06,5.613511196618977e-06,5.226558421002534e-06,1.0,1.0,1.0,1.0,0.0003,1.0,1026.482485294342
depth4_bal_MAAMAAMM,4,MAAMAAMM,3975,47700,1.0659162998199463,1.0227947632471721,0.9857670528548105,0.8498694516971279,0.8211488250652742,0.8611701532609911,1.0,0.0003,1.0,1034.7657499313354
depth4_bal_MAAMAAMM,4,MAAMAAMM,4000,48000,0.028608526413639385,0.04028706252574921,0.03998063855937549,1.0,1.0,0.9998881306633851,1.0,0.0003,1.0,1039.2647688388824
depth4_bal_MAAMAAMM,4,MAAMAAMM,4025,48300,0.014282263582572341,0.0204485971480608,0.019746441127998487,1.0,1.0,1.0,1.0,0.0003,1.0,1047.3532185554504
depth4_bal_MAAMAAMM,4,MAAMAAMM,4050,48600,0.00857079129976531,0.012143974813322226,0.011817901315433638,1.0,1.0,1.0,1.0,0.0003,1.0,1055.4056243896484
depth4_bal_MAAMAAMM,4,MAAMAAMM,4075,48900,0.005770199854547779,0.008147152606397867,0.007818504928478173,1.0,1.0,1.0,1.0,0.0003,1.0,1063.5419380664825
depth4_bal_MAAMAAMM,4,MAAMAAMM,4100,49200,0.004074875595203291,0.0056799910962581635,0.005566460213490895,1.0,1.0,1.0,1.0,0.0003,1.0,1071.6725747585297
depth4_bal_MAAMAAMM,4,MAAMAAMM,4125,49500,0.002994789509102702,0.004091950754324595,0.0040140379752431595,1.0,1.0,1.0,1.0,0.0003,1.0,1079.8824982643127
depth4_bal_MAAMAAMM,4,MAAMAAMM,4150,49800,0.0023181264211113253,0.0031357438613971076,0.003043587352814419,1.0,1.0,1.0,1.0,0.0003,1.0,1088.4705028533936
depth4_bal_MAAMAAMM,4,MAAMAAMM,4175,50100,0.0018311320745851845,0.002578818704932928,0.00247285110609872,1.0,1.0,1.0,1.0,0.0003,1.0,1096.6943900585175
depth4_bal_MAAMAAMM,4,MAAMAAMM,4200,50400,0.0014400473834636311,0.0019717922744651637,0.0019475165721295135,1.0,1.0,1.0,1.0,0.0003,1.0,1102.20893907547
depth4_bal_MAAMAAMM,4,MAAMAAMM,4225,50700,0.0011906819709111005,0.001585147304770847,0.001588527425857527,1.0,1.0,1.0,1.0,0.0003,1.0,1109.874639749527
depth4_bal_MAAMAAMM,4,MAAMAAMM,4250,51000,0.0009463328024139628,0.001280831250672539,0.0013149056151243192,1.0,1.0,1.0,1.0,0.0003,1.0,1118.1123592853546
depth4_bal_MAAMAAMM,4,MAAMAAMM,4275,51300,0.0007792432200706875,0.0010857131176938613,0.0011193599086254836,1.0,1.0,1.0,1.0,0.0003,1.0,1125.6593782901764
depth4_bal_MAAMAAMM,4,MAAMAAMM,4300,51600,0.00065224685628588,0.0009035863137493531,0.0009210025991446205,1.0,1.0,1.0,1.0,0.0003,1.0,1132.2418990135193
depth4_bal_MAAMAAMM,4,MAAMAAMM,4325,51900,0.0005590329868330931,0.0007611878487902383,0.0007576231312538896,1.0,1.0,1.0,1.0,0.0003,1.0,1138.4201533794403
depth4_bal_MAAMAAMM,4,MAAMAAMM,4350,52200,0.0004457761654824329,0.0006349072985661527,0.0006390707251349731,1.0,1.0,1.0,1.0,0.0003,1.0,1145.7111296653748
depth4_bal_MAAMAAMM,4,MAAMAAMM,4375,52500,0.0003741791224456392,0.0005424031599735221,0.0005550030411021518,1.0,1.0,1.0,1.0,0.0003,1.0,1153.4020750522614
depth4_bal_MAAMAAMM,4,MAAMAAMM,4400,52800,0.0003184668530593626,0.00045474947546608746,0.0004517251642287842,1.0,1.0,1.0,1.0,0.0003,1.0,1159.7856576442719
depth4_bal_MAAMAAMM,4,MAAMAAMM,4425,53100,0.0002662357413404,0.00038508956398194033,0.0003824998142330774,1.0,1.0,1.0,1.0,0.0003,1.0,1163.7363760471344
depth4_bal_MAAMAAMM,4,MAAMAAMM,4450,53400,0.00022339168572216295,0.00032561968934411806,0.00031410620265108133,1.0,1.0,1.0,1.0,0.0003,1.0,1172.1264007091522
depth4_bal_MAAMAAMM,4,MAAMAAMM,4475,53700,0.0001899403881301017,0.00028478383319452405,0.00027054185546668513,1.0,1.0,1.0,1.0,0.0003,1.0,1179.3111078739166
depth4_bal_MAAMAAMM,4,MAAMAAMM,4500,54000,0.0001596514024034453,0.00023294295048496375,0.00022596146778336594,1.0,1.0,1.0,1.0,0.0003,1.0,1187.7508654594421
depth4_bal_MAAMAAMM,4,MAAMAAMM,4525,54300,0.00013172442292367728,0.00018900508196869245,0.0001823543238320521,1.0,1.0,1.0,1.0,0.0003,1.0,1195.2736864089966
depth4_bal_MAAMAAMM,4,MAAMAAMM,4550,54600,0.00011421449198678602,0.00016376022540498525,0.00015864673394909394,1.0,1.0,1.0,1.0,0.0003,1.0,1201.4362177848816
depth4_bal_MAAMAAMM,4,MAAMAAMM,4575,54900,3.9331552386283875,3.8683948516845703,3.7966751302991595,0.06429503916449086,0.0783289817232376,0.07663049558116121,1.0,0.0003,1.0,1207.8559074401855
depth4_bal_MAAMAAMM,4,MAAMAAMM,4600,55200,0.02077613864094019,0.029247626662254333,0.0303569921957595,1.0,1.0,0.9995525226535407,1.0,0.0003,1.0,1213.4586381912231
depth4_bal_MAAMAAMM,4,MAAMAAMM,4625,55500,0.010593101925527057,0.014812686170140902,0.015166631873164858,1.0,1.0,1.0,1.0,0.0003,1.0,1216.5124266147614
depth4_bal_MAAMAAMM,4,MAAMAAMM,4650,55800,0.005826748247879247,0.00810218695551157,0.008089318538882903,1.0,1.0,1.0,1.0,0.0003,1.0,1219.5671064853668
depth4_bal_MAAMAAMM,4,MAAMAAMM,4675,56100,0.003584925550967455,0.005001078049341838,0.004969093802251986,1.0,1.0,1.0,1.0,0.0003,1.0,1222.7807500362396
depth4_bal_MAAMAAMM,4,MAAMAAMM,4700,56400,0.0024781629520778856,0.003458057918275396,0.003404437391353505,1.0,1.0,1.0,1.0,0.0003,1.0,1225.8729255199432
depth4_bal_MAAMAAMM,4,MAAMAAMM,4725,56700,0.0018091123298897098,0.002452119719237089,0.0024803216835217815,1.0,1.0,1.0,1.0,0.0003,1.0,1228.9346635341644
depth4_bal_MAAMAAMM,4,MAAMAAMM,4750,57000,0.0013740320573560894,0.001981404066706697,0.0018979648893166865,1.0,1.0,1.0,1.0,0.0003,1.0,1232.0021114349365
depth4_bal_MAAMAAMM,4,MAAMAAMM,4775,57300,0.0010692396317608654,0.0014470630170156558,0.0014184862541567003,1.0,1.0,1.0,1.0,0.0003,1.0,1235.1868917942047
depth4_bal_MAAMAAMM,4,MAAMAAMM,4800,57600,0.0008299762897271042,0.0011733200711508591,0.0011201630030492587,1.0,1.0,1.0,1.0,0.0003,1.0,1238.2526271343231
depth4_bal_MAAMAAMM,4,MAAMAAMM,4825,57900,0.000664560662698932,0.0009150963160209358,0.000890283304865339,1.0,1.0,1.0,1.0,0.0003,1.0,1241.3077170848846
depth4_bal_MAAMAAMM,4,MAAMAAMM,4850,58200,0.0005443875173417231,0.0007733578095212579,0.0007337907927909068,1.0,1.0,1.0,1.0,0.0003,1.0,1248.6552920341492
depth4_bal_MAAMAAMM,4,MAAMAAMM,4875,58500,0.00045174587770209956,0.0006502807955257595,0.0006076097338726478,1.0,1.0,1.0,1.0,0.0003,1.0,1256.6471436023712
depth4_bal_MAAMAAMM,4,MAAMAAMM,4900,58800,0.00036548719072015956,0.0005139013131459554,0.0004827620760936822,1.0,1.0,1.0,1.0,0.0003,1.0,1264.533777475357
depth4_bal_MAAMAAMM,4,MAAMAAMM,4925,59100,0.00030075464261850965,0.0004366849607322365,0.0004055082906104092,1.0,1.0,1.0,1.0,0.0003,1.0,1272.7668533325195
depth4_bal_MAAMAAMM,4,MAAMAAMM,4950,59400,0.0002531239515519701,0.00035540999184983474,0.00034011028557350595,1.0,1.0,1.0,1.0,0.0003,1.0,1280.6800317764282
depth4_bal_MAAMAAMM,4,MAAMAAMM,4975,59700,0.00021393086232516603,0.0002993112818027536,0.0002842547238937446,1.0,1.0,1.0,1.0,0.0003,1.0,1287.4360480308533
depth4_bal_MAAMAAMM,4,MAAMAAMM,5000,60000,0.0001741154725702169,0.0002619320487913986,0.0002419281576294452,1.0,1.0,1.0,1.0,0.0003,1.0,1291.2422213554382
depth4_bal_MAAMAAMM,4,MAAMAAMM,5025,60300,0.0001477749671418375,0.00021779587162503353,0.0002064351399894804,1.0,1.0,1.0,1.0,0.0003,1.0,1298.9487512111664
depth4_bal_MAAMAAMM,4,MAAMAAMM,5050,60600,0.00012703428183158394,0.00018900604724573591,0.00017459754765565907,1.0,1.0,1.0,1.0,0.0003,1.0,1307.2978241443634
depth4_bal_MAAMAAMM,4,MAAMAAMM,5075,60900,0.00010814646338985767,0.00015644441009499133,0.00014678152968242232,1.0,1.0,1.0,1.0,0.0003,1.0,1314.9047923088074
depth4_bal_MAAMAAMM,4,MAAMAAMM,5100,61200,9.277205693554909e-05,0.00013225043949205428,0.0001272256760525384,1.0,1.0,1.0,1.0,0.0003,1.0,1322.2460124492645
depth4_bal_MAAMAAMM,4,MAAMAAMM,5125,61500,7.564118883844155e-05,0.00010751913699399059,0.00010191116702376998,1.0,1.0,1.0,1.0,0.0003,1.0,1330.3509902954102
depth4_bal_MAAMAAMM,4,MAAMAAMM,5150,61800,6.382919279227887e-05,9.102986223297194e-05,8.754681247020406e-05,1.0,1.0,1.0,1.0,0.0003,1.0,1337.775227546692
depth4_bal_MAAMAAMM,4,MAAMAAMM,5175,62100,5.566764411923941e-05,7.81286556351309e-05,7.365655785958681e-05,1.0,1.0,1.0,1.0,0.0003,1.0,1346.0319275856018
depth4_bal_MAAMAAMM,4,MAAMAAMM,5200,62400,4.572214947984321e-05,6.478531092094879e-05,6.182907039016884e-05,1.0,1.0,1.0,1.0,0.0003,1.0,1354.0835900306702
depth4_bal_MAAMAAMM,4,MAAMAAMM,5225,62700,4.042993896291591e-05,5.5920160472548254e-05,5.3296227477923304e-05,1.0,1.0,1.0,1.0,0.0003,1.0,1360.7678277492523
depth4_bal_MAAMAAMM,4,MAAMAAMM,5250,63000,3.3697104906120025e-05,4.7117434102498614e-05,4.5064034410253436e-05,1.0,1.0,1.0,1.0,0.0003,1.0,1364.4527206420898
depth4_bal_MAAMAAMM,4,MAAMAAMM,5275,63300,2.8986844730146306e-05,3.911830329646667e-05,3.832548993939002e-05,1.0,1.0,1.0,1.0,0.0003,1.0,1371.6743054389954
depth4_bal_MAAMAAMM,4,MAAMAAMM,5300,63600,2.4541290410221944e-05,3.631742947618477e-05,3.338840506330598e-05,1.0,1.0,1.0,1.0,0.0003,1.0,1379.7155845165253
depth4_bal_MAAMAAMM,4,MAAMAAMM,5325,63900,2.0590118917122407e-05,2.8361382040505607e-05,2.829566936790278e-05,1.0,1.0,1.0,1.0,0.0003,1.0,1387.1882953643799
depth4_bal_MAAMAAMM,4,MAAMAAMM,5350,64200,1.7371685923232388e-05,2.352486565844932e-05,2.4277943884953858e-05,1.0,1.0,1.0,1.0,0.0003,1.0,1391.804894208908
depth4_bal_MAAMAAMM,4,MAAMAAMM,5375,64500,1.541451903600925e-05,2.090833913825918e-05,2.066008221715622e-05,1.0,1.0,1.0,1.0,0.0003,1.0,1399.8730299472809
depth4_bal_MAAMAAMM,4,MAAMAAMM,5400,64800,1.2900502497359412e-05,1.8971747825465474e-05,1.852021409182011e-05,1.0,1.0,1.0,1.0,0.0003,1.0,1408.013567686081
depth4_bal_MAAMAAMM,4,MAAMAAMM,5425,65100,1.1519987310748547e-05,1.619347312953323e-05,1.6281281776692984e-05,1.0,1.0,1.0,1.0,0.0003,1.0,1416.1713373661041
depth4_bal_MAAMAAMM,4,MAAMAAMM,5450,65400,4.7003703117370605,4.740315596262614,4.735480403900146,0.014360313315926894,0.005221932114882507,0.009173285602416377,1.0,0.0003,1.0,1424.2632217407227
depth4_bal_MAAMAAMM,4,MAAMAAMM,5475,65700,4.538443684577942,4.707583427429199,4.691641930171421,0.028720626631853787,0.014360313315926894,0.010180109631949883,1.0,0.0003,1.0,1432.1838083267212
depth4_bal_MAAMAAMM,4,MAAMAAMM,5500,66000,2.9222416083017984,3.1091912587483725,3.0126734869820733,0.1181462140992167,0.09530026109660575,0.10448596039825483,1.0,0.0003,1.0,1440.6093964576721
depth4_bal_MAAMAAMM,4,MAAMAAMM,5525,66300,2.4761879046758017,2.6204780737559,2.5584291321890693,0.17950391644908617,0.1409921671018277,0.1551627698847746,1.0,0.0003,1.0,1447.0517542362213
depth4_bal_MAAMAAMM,4,MAAMAAMM,5550,66600,2.3307297627131143,2.5000879764556885,2.4580828394208636,0.1906005221932115,0.14360313315926893,0.16758026624902114,1.0,0.0003,1.0,1455.6428384780884
depth4_bal_MAAMAAMM,4,MAAMAAMM,5575,66900,2.1870376666386924,2.4018736680348716,2.305595111846924,0.22911227154046998,0.18798955613577023,0.2090837901331245,1.0,0.0003,1.0,1463.5919334888458
depth4_bal_MAAMAAMM,4,MAAMAAMM,5600,67200,2.1275781790415444,2.3103090127309165,2.2579384803771974,0.23694516971279372,0.16057441253263707,0.20069358988701197,1.0,0.0003,1.0,1468.7847442626953
depth4_bal_MAAMAAMM,4,MAAMAAMM,5625,67500,2.069871256748835,2.319068113962809,2.211721645082746,0.2597911227154047,0.18407310704960836,0.21132117686542118,1.0,0.0003,1.0,1472.8883156776428
depth4_bal_MAAMAAMM,4,MAAMAAMM,5650,67800,2.096325437227885,2.2091100215911865,2.195078706741333,0.24216710182767623,0.1801566579634465,0.18022150128649736,1.0,0.0003,1.0,1481.43621468544
depth4_bal_MAAMAAMM,4,MAAMAAMM,5675,68100,2.0849786400794983,2.2374574343363443,2.203514630453927,0.25130548302872063,0.20365535248041775,0.1948763843830406,1.0,0.0003,1.0,1490.2238183021545
depth4_bal_MAAMAAMM,4,MAAMAAMM,5700,68400,1.9864754378795624,2.2326910495758057,2.1918175084250313,0.25097911227154046,0.21018276762402088,0.1935339523436626,1.0,0.0003,1.0,1494.8272306919098
depth4_bal_MAAMAAMM,4,MAAMAAMM,5725,68700,2.137602766354879,2.3776867389678955,2.356139394215175,0.2516318537859008,0.2010443864229765,0.1830182347018682,1.0,0.0003,1.0,1498.9450705051422
depth4_bal_MAAMAAMM,4,MAAMAAMM,5750,69000,1.9933751026789348,2.073983669281006,2.1064983776637485,0.2718668407310705,0.21148825065274152,0.21646716634970353,1.0,0.0003,1.0,1506.4664497375488
depth4_bal_MAAMAAMM,4,MAAMAAMM,5775,69300,1.9163961112499237,2.357710917790731,2.33377035004752,0.277088772845953,0.16840731070496084,0.16892269828839915,1.0,0.0003,1.0,1514.8449203968048
depth4_bal_MAAMAAMM,4,MAAMAAMM,5800,69600,1.69342307249705,1.8540124495824177,1.8337833268301829,0.3515013054830287,0.2597911227154047,0.27564604541895066,1.0,0.0003,1.0,1523.1595978736877
depth4_bal_MAAMAAMM,4,MAAMAAMM,5825,69900,2.56004665295283,2.5664223035176597,2.520848744256156,0.17036553524804177,0.1370757180156658,0.14364022821344669,1.0,0.0003,1.0,1530.1348278522491
depth4_bal_MAAMAAMM,4,MAAMAAMM,5850,70200,2.273170828819275,2.2846547762552896,2.2713861669812885,0.21507832898172324,0.16318537859007834,0.17451616511914084,1.0,0.0003,1.0,1533.6457350254059
depth4_bal_MAAMAAMM,4,MAAMAAMM,5875,70500,3.3161070545514426,3.0250940322875977,2.94457460130964,0.11879895561357702,0.097911227154047,0.10493343774471417,1.0,0.0003,1.0,1540.9447581768036
depth4_bal_MAAMAAMM,4,MAAMAAMM,5900,70800,1.760419766108195,1.9705369075139363,1.9575221402304512,0.33093994778067887,0.21018276762402088,0.22295558787336392,1.0,0.0003,1.0,1549.0139453411102
depth4_bal_MAAMAAMM,4,MAAMAAMM,5925,71100,2.2243674198786416,2.4398571650187173,2.2949455193110873,0.21899477806788512,0.1514360313315927,0.1823470186821792,1.0,0.0003,1.0,1557.1536746025085
depth4_bal_MAAMAAMM,4,MAAMAAMM,5950,71400,1.6889722347259521,1.7995246251424153,1.786245243889945,0.33844647519582244,0.2924281984334204,0.280792034903233,1.0,0.0003,1.0,1565.31485080719
depth4_bal_MAAMAAMM,4,MAAMAAMM,5975,71700,1.4647083083788555,1.5746811628341675,1.5886677197047643,0.42885117493472585,0.3772845953002611,0.36346347466159523,1.0,0.0003,1.0,1572.0981328487396
depth4_bal_MAAMAAMM,4,MAAMAAMM,6000,72000,1.7707810799280803,1.9217973947525024,1.91105934211186,0.3684725848563969,0.2650130548302872,0.27665286944848416,1.0,0.0003,1.0,1575.3489503860474
depth4_bal_MAAMAAMM,4,MAAMAAMM,6025,72300,2.375939279794693,3.1882694562276206,3.07435873576573,0.21768929503916448,0.1409921671018277,0.13983667076854234,1.0,0.0003,1.0,1583.0296750068665
depth4_bal_MAAMAAMM,4,MAAMAAMM,6050,72600,1.70212717851003,1.9567057291666667,1.9692502226148332,0.35509138381201044,0.2154046997389034,0.20371406197561248,1.0,0.0003,1.0,1590.7545173168182
depth4_bal_MAAMAAMM,4,MAAMAAMM,6075,72900,1.570306231578191,1.9103432496388753,1.9230856146131243,0.375,0.2454308093994778,0.24096655106835216,1.0,0.0003,1.0,1599.0373558998108
depth4_bal_MAAMAAMM,4,MAAMAAMM,6100,73200,1.8137206733226776,2.026775360107422,2.092055184500558,0.32702349869451697,0.2349869451697128,0.21803333706231123,1.0,0.0003,1.0,1606.018450498581
depth4_bal_MAAMAAMM,4,MAAMAAMM,6125,73500,1.7357053657372792,1.914892037709554,1.9161379609789166,0.3266971279373368,0.2258485639686684,0.24130215907819666,1.0,0.0003,1.0,1614.1740000247955
depth4_bal_MAAMAAMM,4,MAAMAAMM,6150,73800,1.391778439283371,1.636557141939799,1.623836064338684,0.4533289817232376,0.3093994778067885,0.32251929746056607,1.0,0.0003,1.0,1621.8060426712036
depth4_bal_MAAMAAMM,4,MAAMAAMM,6175,74100,1.7520220875740051,1.9113994042078655,1.930195048877171,0.39490861618798956,0.2297650130548303,0.25405526345228774,1.0,0.0003,1.0,1630.1718208789825
depth4_bal_MAAMAAMM,4,MAAMAAMM,6200,74400,1.5133946041266124,1.6477302710215251,1.6581004789897373,0.4112271540469974,0.31070496083550914,0.3172614386396689,1.0,0.0003,1.0,1638.778798341751
depth4_bal_MAAMAAMM,4,MAAMAAMM,6225,74700,1.846105436484019,2.0245916843414307,2.043850019999913,0.3580287206266319,0.24934725848563968,0.2500279673341537,1.0,0.0003,1.0,1646.6529550552368
depth4_bal_MAAMAAMM,4,MAAMAAMM,6250,75000,1.9239431818326314,2.081705093383789,2.138259056636265,0.3198433420365535,0.2519582245430809,0.21803333706231123,1.0,0.0003,1.0,1651.462807416916
depth4_bal_MAAMAAMM,4,MAAMAAMM,6275,75300,1.6753808856010437,1.9479931195576985,1.9122569288526263,0.3328981723237598,0.22845953002610966,0.25215348472983556,1.0,0.0003,1.0,1658.373470067978
depth4_bal_MAAMAAMM,4,MAAMAAMM,6300,75600,1.6883304913838704,1.7783112128575642,1.7990290914263045,0.3652088772845953,0.2885117493472585,0.2853786777044412,1.0,0.0003,1.0,1662.5828614234924
depth4_bal_MAAMAAMM,4,MAAMAAMM,6325,75900,1.619915892680486,1.8341292540232341,1.8278393302645002,0.39327676240208875,0.27154046997389036,0.2737442666964985,1.0,0.0003,1.0,1670.6837911605835
depth4_bal_MAAMAAMM,4,MAAMAAMM,6350,76200,1.5791355669498444,1.7829153935114543,1.7942307949066163,0.38283289817232374,0.293733681462141,0.27989708021031434,1.0,0.0003,1.0,1677.3055727481842
depth4_bal_MAAMAAMM,4,MAAMAAMM,6375,76500,1.7446810901165009,2.6848983764648438,2.7190668174198698,0.3348563968668407,0.15013054830287206,0.14330462020360218,1.0,0.0003,1.0,1685.732201576233
depth4_bal_MAAMAAMM,4,MAAMAAMM,6400,76800,2.211064577102661,2.217567284901937,2.198609461103167,0.239556135770235,0.206266318537859,0.1898422642353731,1.0,0.0003,1.0,1693.0091462135315
depth4_bal_MAAMAAMM,4,MAAMAAMM,6425,77100,1.8566924929618835,2.2541042963663735,2.2627566269465853,0.31690600522193213,0.15404699738903394,0.16668531155610247,1.0,0.0003,1.0,1696.4425785541534
depth4_bal_MAAMAAMM,4,MAAMAAMM,6450,77400,1.9815051952997844,2.783470392227173,2.8142113753727505,0.28067885117493474,0.11879895561357702,0.10750643248685535,1.0,0.0003,1.0,1702.3179333209991
depth4_bal_MAAMAAMM,4,MAAMAAMM,6475,77700,1.631330519914627,1.7089762687683105,1.7245991706848145,0.3289817232375979,0.304177545691906,0.30954245441324535,1.0,0.0003,1.0,1707.249106168747
depth4_bal_MAAMAAMM,4,MAAMAAMM,6500,78000,1.35788627465566,1.6646099487940471,1.6411397354943411,0.45463446475195823,0.32506527415143605,0.33269940709251594,1.0,0.0003,1.0,1714.7110526561737
depth4_bal_MAAMAAMM,4,MAAMAAMM,6525,78300,1.67454195022583,2.3725059032440186,2.379824359076364,0.33844647519582244,0.11488250652741515,0.10291978968564716,1.0,0.0003,1.0,1718.5288398265839
depth4_bal_MAAMAAMM,4,MAAMAAMM,6550,78600,1.4468759596347809,1.7824997901916504,1.788190303530012,0.41808093994778067,0.2558746736292428,0.2635641570645486,1.0,0.0003,1.0,1721.760187625885
depth4_bal_MAAMAAMM,4,MAAMAAMM,6575,78900,1.4105994701385498,1.8208696842193604,1.833655800138201,0.44614882506527415,0.27284595300261094,0.27038818659805347,1.0,0.0003,1.0,1727.6446356773376
depth4_bal_MAAMAAMM,4,MAAMAAMM,6600,79200,1.4043955306212108,1.7240641911824544,1.7231717211859567,0.48400783289817234,0.30548302872062666,0.2993623447812954,1.0,0.0003,1.0,1735.5954730510712
depth4_bal_MAAMAAMM,4,MAAMAAMM,6625,79500,1.3056278030077617,1.531091292699178,1.5264600208827428,0.483355091383812,0.34073107049608353,0.3616735652757579,1.0,0.0003,1.0,1743.8178446292877
depth4_bal_MAAMAAMM,4,MAAMAAMM,6650,79800,1.4265055855115254,1.6759352684020996,1.631047466823033,0.4050261096605744,0.28067885117493474,0.3040608569191185,1.0,0.0003,1.0,1752.1024346351624
depth4_bal_MAAMAAMM,4,MAAMAAMM,6675,80100,1.6202622652053833,1.8298875490824382,1.864313132422311,0.38903394255874674,0.26240208877284593,0.2665846291531491,1.0,0.0003,1.0,1755.9416794776917
depth4_bal_MAAMAAMM,4,MAAMAAMM,6700,80400,1.7787043154239655,1.9482553799947102,1.9817754064287458,0.39327676240208875,0.2963446475195822,0.27889025618078084,1.0,0.0003,1.0,1758.9894134998322
depth4_bal_MAAMAAMM,4,MAAMAAMM,6725,80700,1.3897608717282612,1.782088041305542,1.6995504311152867,0.4406005221932115,0.2845953002610966,0.3121154491553865,1.0,0.0003,1.0,1762.144424200058
depth4_bal_MAAMAAMM,4,MAAMAAMM,6750,81000,1.3043312927087147,1.5593477487564087,1.5441234009606497,0.5234986945169713,0.3472584856396867,0.3484729835552075,1.0,0.0003,1.0,1765.2261440753937
depth4_bal_MAAMAAMM,4,MAAMAAMM,6775,81300,1.3981169164180756,1.582261363665263,1.572304139818464,0.48857702349869453,0.3328981723237598,0.36648394675019574,1.0,0.0003,1.0,1771.5860838890076
depth4_bal_MAAMAAMM,4,MAAMAAMM,6800,81600,1.3468900720278423,1.6913578907648723,1.673189537865775,0.45202349869451697,0.26762402088772846,0.28851101912965654,1.0,0.0003,1.0,1778.9264619350433
depth4_bal_MAAMAAMM,4,MAAMAAMM,6825,81900,1.784696360429128,1.978493332862854,1.994982535498483,0.38903394255874674,0.24804177545691905,0.2505873140172279,1.0,0.0003,1.0,1787.1760046482086
depth4_bal_MAAMAAMM,4,MAAMAAMM,6850,82200,1.5883736908435822,1.8359010219573975,1.8254395382744926,0.39066579634464754,0.24281984334203655,0.26971697057836447,1.0,0.0003,1.0,1795.0646286010742
depth4_bal_MAAMAAMM,4,MAAMAAMM,6875,82500,1.3389509220918019,1.5028692483901978,1.5066983767918178,0.44549608355091386,0.3394255874673629,0.3533952343662602,1.0,0.0003,1.0,1803.0646171569824
depth4_bal_MAAMAAMM,4,MAAMAAMM,6900,82800,2.010015924771627,2.198345502217611,2.173650748389108,0.3410574412532637,0.20234986945169714,0.2175858597158519,1.0,0.0003,1.0,1810.1964058876038
depth4_bal_MAAMAAMM,4,MAAMAAMM,6925,83100,1.5863451659679413,1.8737003008524578,1.8670193433761597,0.42297650130548303,0.2506527415143603,0.2751985680724913,1.0,0.0003,1.0,1817.2461273670197
depth4_bal_MAAMAAMM,4,MAAMAAMM,6950,83400,1.32665420571963,1.594918966293335,1.575112131663731,0.49869451697127937,0.3185378590078329,0.3448931647835328,1.0,0.0003,1.0,1824.490830898285
depth4_bal_MAAMAAMM,4,MAAMAAMM,6975,83700,1.6966060896714528,2.009939114252726,2.0197107553482057,0.37402088772845954,0.2154046997389034,0.21132117686542118,1.0,0.0003,1.0,1831.5506649017334
depth4_bal_MAAMAAMM,4,MAAMAAMM,7000,84000,1.9138677219549816,2.2107788721720376,2.1957389150347026,0.3580287206266319,0.19843342036553524,0.21904016109184474,1.0,0.0003,1.0,1838.3402512073517
depth4_bal_MAAMAAMM,4,MAAMAAMM,7025,84300,1.5145406126976013,1.7963780164718628,1.8189367430550711,0.4197127937336815,0.28720626631853785,0.27900212551739567,1.0,0.0003,1.0,1847.4068903923035
depth4_bal_MAAMAAMM,4,MAAMAAMM,7050,84600,1.417011946439743,1.7379367351531982,1.7144153697150095,0.41677545691906004,0.2780678851174935,0.29880299809822125,1.0,0.0003,1.0,1855.6417524814606
depth4_bal_MAAMAAMM,4,MAAMAAMM,7075,84900,1.4101546704769135,1.6565728584925334,1.6486898251942226,0.456266318537859,0.2924281984334204,0.3203937800648842,1.0,0.0003,1.0,1863.4401004314423
depth4_bal_MAAMAAMM,4,MAAMAAMM,7100,85200,1.2952524522940319,1.7286101977030437,1.7573490108762468,0.46736292428198434,0.26109660574412535,0.24186150576127083,1.0,0.0003,1.0,1870.6545071601868
depth4_bal_MAAMAAMM,4,MAAMAAMM,7125,85500,1.2240542868773143,1.5402400493621826,1.515041514805385,0.49477806788511747,0.33159268929503916,0.34690681284259983,1.0,0.0003,1.0,1877.6218576431274
depth4_bal_MAAMAAMM,4,MAAMAAMM,7150,85800,1.577104538679123,1.8005937735239665,1.7589867115020752,0.35704960835509136,0.26631853785900783,0.27128314129097214,1.0,0.0003,1.0,1885.7989885807037
depth4_bal_MAAMAAMM,4,MAAMAAMM,7175,86100,1.8677150905132294,2.032814939816793,2.0441884858267647,0.4213446475195822,0.25718015665796345,0.2735205280232688,1.0,0.0003,1.0,1894.08078956604
depth4_bal_MAAMAAMM,4,MAAMAAMM,7200,86400,1.4461515446503956,1.7057674328486125,1.680816044126238,0.42428198433420367,0.27023498694516973,0.3013759928403625,1.0,0.0003,1.0,1902.0667304992676
depth4_bal_MAAMAAMM,4,MAAMAAMM,7225,86700,1.1967152953147888,1.3958584467569988,1.3927677120481219,0.543733681462141,0.43342036553524804,0.42622217250251704,1.0,0.0003,1.0,1909.0305926799774
depth4_bal_MAAMAAMM,4,MAAMAAMM,7250,87000,1.2398479382197063,1.480925480524699,1.4492698567254203,0.4902088772845953,0.36945169712793735,0.39020024611254056,1.0,0.0003,1.0,1917.2127492427826
depth4_bal_MAAMAAMM,4,MAAMAAMM,7275,87300,1.2859920759995778,1.646687666575114,1.6419931956699916,0.46736292428198434,0.28067885117493474,0.2879516724465824,1.0,0.0003,1.0,1924.9261367321014
depth4_bal_MAAMAAMM,4,MAAMAAMM,7300,87600,1.1949026485284169,1.5505375067392986,1.519196081161499,0.539490861618799,0.32506527415143605,0.34601185814968116,1.0,0.0003,1.0,1933.015828371048
depth4_bal_MAAMAAMM,4,MAAMAAMM,7325,87900,1.119664912422498,1.3617156744003296,1.349703632082258,0.5486292428198434,0.391644908616188,0.41436402282134466,1.0,0.0003,1.0,1941.211569070816
depth4_bal_MAAMAAMM,4,MAAMAAMM,7350,88200,1.3103919227917988,1.893934965133667,1.8014418567929948,0.44451697127937334,0.2245430809399478,0.2595368609464146,1.0,0.0003,1.0,1949.2076077461243
depth4_bal_MAAMAAMM,4,MAAMAAMM,7375,88500,1.1077907582124074,1.3577711184819539,1.352474045753479,0.5780026109660574,0.45039164490861616,0.43226311667971806,1.0,0.0003,1.0,1957.5774161815643
depth4_bal_MAAMAAMM,4,MAAMAAMM,7400,88800,1.174831469853719,1.5003273884455364,1.459291536467416,0.5029373368146214,0.34073107049608353,0.3611142185926837,1.0,0.0003,1.0,1965.6239533424377
depth4_bal_MAAMAAMM,4,MAAMAAMM,7425,89100,1.2526743213335674,1.4447991053263347,1.4220265933445522,0.47127937336814624,0.3825065274151436,0.39378006488421524,1.0,0.0003,1.0,1973.5838174819946
depth4_bal_MAAMAAMM,4,MAAMAAMM,7450,89400,1.0716623266537983,1.4161913792292278,1.3909203495298113,0.595626631853786,0.3877284595300261,0.4039601745161651,1.0,0.0003,1.0,1981.7449145317078
depth4_bal_MAAMAAMM,4,MAAMAAMM,7475,89700,1.152194658915202,1.4182306130727131,1.3982221262795584,0.5372062663185379,0.3563968668407311,0.3867322966774807,1.0,0.0003,1.0,1989.927798986435
depth4_bal_MAAMAAMM,4,MAAMAAMM,7500,90000,1.276199460029602,2.2796528339385986,2.1975671223231723,0.49281984334203655,0.195822454308094,0.20170041391654547,1.0,0.0003,1.0,1998.087110042572
depth4_bal_MAAMAAMM,4,MAAMAAMM,7525,90300,1.2991131941477458,1.5335586865743,1.5261998585292271,0.4660574412532637,0.3224543080939948,0.3358317485177313,1.0,0.0003,1.0,2006.3535959720612
depth4_bal_MAAMAAMM,4,MAAMAAMM,7550,90600,1.2936019798119862,1.6043744484583538,1.5782991511481148,0.5407963446475196,0.3629242819843342,0.35015102360443,1.0,0.0003,1.0,2014.690019607544
depth4_bal_MAAMAAMM,4,MAAMAAMM,7575,90900,4.33406126499176,4.395081996917725,4.398442254747663,0.047650130548302874,0.031331592689295036,0.03121154491553865,1.0,0.0003,1.0,2022.2486085891724
depth4_bal_MAAMAAMM,4,MAAMAAMM,7600,91200,2.591285288333893,2.783884286880493,2.8303838661738805,0.19778067885117492,0.10574412532637076,0.11019129656561137,1.0,0.0003,1.0,2030.0105550289154
depth4_bal_MAAMAAMM,4,MAAMAAMM,7625,91500,2.075437068939209,2.2564998467763266,2.293229607173375,0.27904699738903394,0.19451697127937337,0.17910280792034902,1.0,0.0003,1.0,2038.2128121852875
depth4_bal_MAAMAAMM,4,MAAMAAMM,7650,91800,1.8885574638843536,2.07384983698527,2.100741117341178,0.3025456919060052,0.2154046997389034,0.2011410672334713,1.0,0.0003,1.0,2043.3297266960144
depth4_bal_MAAMAAMM,4,MAAMAAMM,7675,92100,1.8223773837089539,1.9680094718933105,1.9665433985846383,0.3198433420365535,0.2310704960835509,0.2500279673341537,1.0,0.0003,1.0,2051.8420922756195
depth4_bal_MAAMAAMM,4,MAAMAAMM,7700,92400,2.4675445556640625,2.6416452725728354,2.611155012675694,0.19321148825065274,0.16318537859007834,0.15493903121154493,1.0,0.0003,1.0,2055.5069930553436
depth4_bal_MAAMAAMM,4,MAAMAAMM,7725,92700,1.4882120390733082,1.9136706988016765,1.8983389616012574,0.4112271540469974,0.23237597911227154,0.20964313681619867,1.0,0.0003,1.0,2060.593503475189
depth4_bal_MAAMAAMM,4,MAAMAAMM,7750,93000,1.5169236560662587,2.0010794003804526,2.053303715160915,0.37826370757180156,0.21279373368146215,0.20069358988701197,1.0,0.0003,1.0,2068.2473747730255
depth4_bal_MAAMAAMM,4,MAAMAAMM,7775,93300,1.5559556980927784,1.7065243323644002,1.6750822714396885,0.39131853785900783,0.3028720626631854,0.30596263564157067,1.0,0.0003,1.0,2075.33353805542
depth4_bal_MAAMAAMM,4,MAAMAAMM,7800,93600,1.3930765489737194,2.0708760420481362,2.0093409538269045,0.42265013054830286,0.18407310704960836,0.18447253607786107,1.0,0.0003,1.0,2079.617711544037
depth4_bal_MAAMAAMM,4,MAAMAAMM,7825,93900,1.3483108878135681,1.5202007691065471,1.522096538543701,0.44810704960835507,0.38903394255874674,0.36223291195883206,1.0,0.0003,1.0,2086.863715648651
depth4_bal_MAAMAAMM,4,MAAMAAMM,7850,94200,1.3482187986373901,1.536939263343811,1.5264239890234812,0.44778067885117495,0.3563968668407311,0.3504866316142745,1.0,0.0003,1.0,2095.3788771629333
depth4_bal_MAAMAAMM,4,MAAMAAMM,7875,94500,1.476627230644226,1.6703009208043416,1.5787123577935356,0.37630548302872063,0.3224543080939948,0.3369504418838796,1.0,0.0003,1.0,2104.0262475013733
depth4_bal_MAAMAAMM,4,MAAMAAMM,7900,94800,1.3777788281440735,1.6518845955530803,1.5980685949325562,0.5101174934725848,0.3563968668407311,0.36928068016556664,1.0,0.0003,1.0,2112.7399435043335
depth4_bal_MAAMAAMM,4,MAAMAAMM,7925,95100,1.5502427518367767,1.7620596885681152,1.7157247815813337,0.39066579634464754,0.2845953002610966,0.3175970466495134,1.0,0.0003,1.0,2120.9262120723724
depth4_bal_MAAMAAMM,4,MAAMAAMM,7950,95400,1.18406946460406,1.495487650235494,1.4437268597739084,0.5368798955613577,0.39947780678851175,0.3959055822798971,1.0,0.0003,1.0,2129.3432297706604
depth4_bal_MAAMAAMM,4,MAAMAAMM,7975,95700,1.250546783208847,1.5782294273376465,1.5133456093924387,0.489556135770235,0.34595300261096606,0.3579818771674684,1.0,0.0003,1.0,2137.1612541675568
depth4_bal_MAAMAAMM,4,MAAMAAMM,8000,96000,1.2422933280467987,1.5765475432078044,1.5269876786640713,0.4931462140992167,0.3668407310704961,0.36379908267143973,1.0,0.0003,1.0,2145.1126067638397
depth4_bal_MAAMAAMM,4,MAAMAAMM,8025,96300,1.2674718896547954,1.5565611918767293,1.4723116091319493,0.47617493472584854,0.3381201044386423,0.36346347466159523,1.0,0.0003,1.0,2152.331232070923
depth4_bal_MAAMAAMM,4,MAAMAAMM,8050,96600,1.147779494524002,1.5292577346165974,1.504155227116176,0.5518929503916449,0.35117493472584854,0.35585635977178653,1.0,0.0003,1.0,2160.359426498413
depth4_bal_MAAMAAMM,4,MAAMAAMM,8075,96900,2.054592728614807,2.167916456858317,2.11720290184021,0.2734986945169713,0.21801566579634465,0.21624342767647386,1.0,0.0003,1.0,2167.8071568012238
depth4_bal_MAAMAAMM,4,MAAMAAMM,8100,97200,1.6546321908632915,1.9456043243408203,1.919899228640965,0.3785900783289817,0.3002610966057441,0.28783980310996754,1.0,0.0003,1.0,2175.364155769348
depth4_bal_MAAMAAMM,4,MAAMAAMM,8125,97500,1.3779432078202565,1.7915894190470378,1.802441201891218,0.4536553524804178,0.2819843342036554,0.26076742364917777,1.0,0.0003,1.0,2183.008496284485
depth4_bal_MAAMAAMM,4,MAAMAAMM,8150,97800,1.243211289246877,1.55926513671875,1.5403462409973145,0.5143603133159269,0.36553524804177545,0.3708468508781743,1.0,0.0003,1.0,2191.131418466568
depth4_bal_MAAMAAMM,4,MAAMAAMM,8175,98100,1.2680366039276123,1.6489951213200886,1.6566233260290963,0.5009791122715405,0.293733681462141,0.3060745049781855,1.0,0.0003,1.0,2199.409458398819
depth4_bal_MAAMAAMM,4,MAAMAAMM,8200,98400,1.3022080063819885,1.6099622249603271,1.5916278464453562,0.5,0.34464751958224543,0.3589887011970019,1.0,0.0003,1.0,2207.491342306137
depth4_bal_MAAMAAMM,4,MAAMAAMM,8225,98700,1.2803161144256592,1.6038310527801514,1.5709334577832903,0.47356396866840733,0.34595300261096606,0.3586530931871574,1.0,0.0003,1.0,2215.5034024715424
depth4_bal_MAAMAAMM,4,MAAMAAMM,8250,99000,1.3012962241967518,1.6623177528381348,1.637930202484131,0.4536553524804178,0.3263707571801567,0.32173621210426223,1.0,0.0003,1.0,2222.1980254650116
depth4_bal_MAAMAAMM,4,MAAMAAMM,8275,99300,1.466299146413803,1.95077649752299,1.9144614696502686,0.4154699738903394,0.28720626631853785,0.29421635529701307,1.0,0.0003,1.0,2226.4161314964294
depth4_bal_MAAMAAMM,4,MAAMAAMM,8300,99600,1.3884521921475728,1.7293827136357625,1.6498155082975114,0.44614882506527415,0.3263707571801567,0.3368385725472648,1.0,0.0003,1.0,2233.742335796356
depth4_bal_MAAMAAMM,4,MAAMAAMM,8325,99900,1.3237098157405853,1.662898858388265,1.6268050738743374,0.5075065274151436,0.3681462140992167,0.36458216802774357,1.0,0.0003,1.0,2242.409614086151
depth4_bal_MAAMAAMM,4,MAAMAAMM,8350,100200,2.1878037651379905,2.298762559890747,2.2133957658495222,0.26403394255874674,0.2245430809399478,0.2192638997650744,1.0,0.0003,1.0,2249.610921859741
depth4_bal_MAAMAAMM,4,MAAMAAMM,8375,100500,1.2713432212670643,1.5639635721842449,1.525040670803615,0.4941253263707572,0.370757180156658,0.35451392773240853,1.0,0.0003,1.0,2257.6096498966217
depth4_bal_MAAMAAMM,4,MAAMAAMM,8400,100800,1.3575414717197418,1.5672956307729085,1.5107977764947074,0.4644255874673629,0.3524804177545692,0.38415930193533954,1.0,0.0003,1.0,2265.9732315540314
depth4_bal_MAAMAAMM,4,MAAMAAMM,8425,101100,1.3449095984299977,1.7927285035451253,1.7352233580180576,0.44386422976501305,0.2793733681462141,0.2793377335272402,1.0,0.0003,1.0,2274.5772035121918
depth4_bal_MAAMAAMM,4,MAAMAAMM,8450,101400,1.276741365591685,1.4970781008402507,1.4778040988104684,0.47552219321148825,0.37597911227154046,0.36346347466159523,1.0,0.0003,1.0,2282.9115822315216
depth4_bal_MAAMAAMM,4,MAAMAAMM,8475,101700,1.4736119608084361,1.7242778142293294,1.683284865106855,0.385443864229765,0.29765013054830286,0.2877279337733527,1.0,0.0003,1.0,2288.5633676052094
depth4_bal_MAAMAAMM,4,MAAMAAMM,8500,102000,1.4158863921960194,1.6148470242818196,1.5874884298869543,0.40796344647519583,0.31070496083550914,0.32050564940149906,1.0,0.0003,1.0,2293.6481878757477
depth4_bal_MAAMAAMM,4,MAAMAAMM,8525,102300,2.5003989338874817,2.7391182581583657,2.6890009607587544,0.24869451697127937,0.16840731070496084,0.17183130104038483,1.0,0.0003,1.0,2299.265652179718
depth4_bal_MAAMAAMM,4,MAAMAAMM,8550,102600,1.326340913772583,1.654305895169576,1.6100337437220982,0.5094647519582245,0.36553524804177545,0.3727486296006265,1.0,0.0003,1.0,2305.725030183792
depth4_bal_MAAMAAMM,4,MAAMAAMM,8575,102900,1.832544853289922,2.053751786549886,2.1082467317581175,0.3936031331592689,0.26109660574412535,0.2588656449267256,1.0,0.0003,1.0,2313.398336648941
depth4_bal_MAAMAAMM,4,MAAMAAMM,8600,103200,1.643365164597829,1.8797787030537922,1.9077799762998309,0.391644908616188,0.2689295039164491,0.25573330350151025,1.0,0.0003,1.0,2320.2964284420013
depth4_bal_MAAMAAMM,4,MAAMAAMM,8625,103500,1.7344062626361847,1.9938535690307617,2.0039522545678277,0.33191906005221933,0.20496083550913838,0.2117686542118805,1.0,0.0003,1.0,2328.7927696704865
depth4_bal_MAAMAAMM,4,MAAMAAMM,8650,103800,1.7660326858361561,2.134040911992391,2.109079326902117,0.3733681462140992,0.1919060052219321,0.1898422642353731,1.0,0.0003,1.0,2336.1448273658752
depth4_bal_MAAMAAMM,4,MAAMAAMM,8675,104100,1.4451530873775482,1.827443281809489,1.8371319225856235,0.4066579634464752,0.26370757180156656,0.2368273856136033,1.0,0.0003,1.0,2344.223752975464
depth4_bal_MAAMAAMM,4,MAAMAAMM,8700,104400,2.026522219181061,1.9579548041025798,1.9152505942753384,0.26566579634464754,0.2297650130548303,0.23962411902897415,1.0,0.0003,1.0,2352.3151891231537
depth4_bal_MAAMAAMM,4,MAAMAAMM,8725,104700,1.7707819938659668,1.9645209709803264,1.9437501430511475,0.3684725848563969,0.2924281984334204,0.2771003467949435,1.0,0.0003,1.0,2360.70947265625
depth4_bal_MAAMAAMM,4,MAAMAAMM,8750,105000,1.2618316411972046,1.5828500191370647,1.5417150803974697,0.49216710182767626,0.3825065274151436,0.38427117127195437,1.0,0.0003,1.0,2368.557600736618
depth4_bal_MAAMAAMM,4,MAAMAAMM,8775,105300,1.8038982351620991,2.0167396863301597,2.027083328792027,0.40926892950391647,0.2545691906005222,0.2555095648282806,1.0,0.0003,1.0,2375.279944896698
depth4_bal_MAAMAAMM,4,MAAMAAMM,8800,105600,1.5534686644872029,1.9860478242238362,1.9258366891316006,0.48596605744125326,0.2989556135770235,0.31088488645262335,1.0,0.0003,1.0,2383.666084766388
depth4_bal_MAAMAAMM,4,MAAMAAMM,8825,105900,1.666770915190379,2.130518913269043,2.108044161115374,0.341710182767624,0.18407310704960836,0.19789685647164112,1.0,0.0003,1.0,2391.536956548691
depth4_bal_MAAMAAMM,4,MAAMAAMM,8850,106200,1.200297047694524,1.5246200164159138,1.4784724269594465,0.5238250652741514,0.32114882506527415,0.36771450945295897,1.0,0.0003,1.0,2398.2539587020874
depth4_bal_MAAMAAMM,4,MAAMAAMM,8875,106500,1.278264542420705,1.528345028559367,1.4917418888636997,0.48204960835509136,0.35900783289817234,0.3564157064548607,1.0,0.0003,1.0,2406.685246706009
depth4_bal_MAAMAAMM,4,MAAMAAMM,8900,106800,1.253792554140091,1.7002078294754028,1.6211690051215035,0.4856396866840731,0.27154046997389036,0.28493120035798186,1.0,0.0003,1.0,2414.777464389801
depth4_bal_MAAMAAMM,4,MAAMAAMM,8925,107100,1.1779141028722127,1.4003166755040486,1.39014892578125,0.5238250652741514,0.4177545691906005,0.41660140955364133,1.0,0.0003,1.0,2423.5326879024506
depth4_bal_MAAMAAMM,4,MAAMAAMM,8950,107400,1.1771784921487172,1.4643992185592651,1.4332363741738456,0.5065274151436031,0.38903394255874674,0.38427117127195437,1.0,0.0003,1.0,2432.16778755188
depth4_bal_MAAMAAMM,4,MAAMAAMM,8975,107700,1.1347811023394268,1.424510399500529,1.3831267016274589,0.566579634464752,0.4007832898172324,0.4183913189394787,1.0,0.0003,1.0,2439.2824931144714
depth4_bal_MAAMAAMM,4,MAAMAAMM,9000,108000,1.3353340029716492,1.5319807529449463,1.5115682772227697,0.489556135770235,0.38903394255874674,0.3808032218368945,1.0,0.0003,1.0,2447.034952878952
depth4_bal_MAAMAAMM,4,MAAMAAMM,9025,108300,1.2182586391766865,1.5385608275731404,1.5076932532446725,0.5065274151436031,0.3537859007832898,0.36290412797852106,1.0,0.0003,1.0,2455.4408597946167
depth4_bal_MAAMAAMM,4,MAAMAAMM,9050,108600,1.2226084272066753,1.5282342433929443,1.476374237877982,0.49738903394255873,0.3772845953002611,0.37230115225416716,1.0,0.0003,1.0,2462.874950170517
depth4_bal_MAAMAAMM,4,MAAMAAMM,9075,108900,1.8299937546253204,2.252286513646444,2.1748620203563145,0.37467362924281983,0.24804177545691905,0.2589775142633404,1.0,0.0003,1.0,2471.0926039218903
depth4_bal_MAAMAAMM,4,MAAMAAMM,9100,109200,1.9204671879609425,2.3003158569335938,2.2491657325199674,0.35704960835509136,0.2454308093994778,0.24051907372189282,1.0,0.0003,1.0,2479.02530503273
depth4_bal_MAAMAAMM,4,MAAMAAMM,9125,109500,1.6370883484681447,2.0738462607065835,2.050946845327105,0.4490861618798956,0.283289817232376,0.302382816869896,1.0,0.0003,1.0,2486.17564368248
depth4_bal_MAAMAAMM,4,MAAMAAMM,9150,109800,1.663205623626709,1.9664638837178547,1.9384581668036325,0.37989556135770236,0.293733681462141,0.2993623447812954,1.0,0.0003,1.0,2489.3696236610413
depth4_bal_MAAMAAMM,4,MAAMAAMM,9175,110100,1.6152459681034088,2.1275922457377114,2.0812914609909057,0.41155352480417756,0.283289817232376,0.2641235037476228,1.0,0.0003,1.0,2494.0904319286346
depth4_bal_MAAMAAMM,4,MAAMAAMM,9200,110400,1.5611638923486073,1.9041705131530762,1.8505403791155135,0.4281984334203655,0.3224543080939948,0.33269940709251594,1.0,0.0003,1.0,2501.7026631832123
depth4_bal_MAAMAAMM,4,MAAMAAMM,9225,110700,1.5244818429152172,1.9238268534342449,1.908261469432286,0.43798955613577023,0.2819843342036554,0.2715068799642018,1.0,0.0003,1.0,2508.50750541687
depth4_bal_MAAMAAMM,4,MAAMAAMM,9250,111000,2.3265310724576316,2.4810945987701416,2.473878254209246,0.22617493472584857,0.16579634464751958,0.18044523995972703,1.0,0.0003,1.0,2516.3667011260986
depth4_bal_MAAMAAMM,4,MAAMAAMM,9275,111300,1.698645790417989,2.1828788121541343,2.130084252357483,0.3922976501305483,0.26631853785900783,0.2631166797180893,1.0,0.0003,1.0,2523.403086900711
depth4_bal_MAAMAAMM,4,MAAMAAMM,9300,111600,1.8947055836518605,2.238757769266764,2.2480860233306883,0.4069843342036554,0.2545691906005222,0.2628929410448596,1.0,0.0003,1.0,2530.8652110099792
depth4_bal_MAAMAAMM,4,MAAMAAMM,9325,111900,1.6147047976652782,2.035429040590922,2.0343959297452656,0.4030678851174935,0.304177545691906,0.3079762837006377,1.0,0.0003,1.0,2538.8359384536743
depth4_bal_MAAMAAMM,4,MAAMAAMM,9350,112200,1.51708984375,2.010984937349955,1.974117636680603,0.4200391644908616,0.2924281984334204,0.28750419510012304,1.0,0.0003,1.0,2546.610919713974
depth4_bal_MAAMAAMM,4,MAAMAAMM,9375,112500,1.4233679473400116,1.9135124683380127,1.8875203030450003,0.44843342036553524,0.3224543080939948,0.32945519633068576,1.0,0.0003,1.0,2554.4120008945465
depth4_bal_MAAMAAMM,4,MAAMAAMM,9400,112800,3.045633534590403,3.5435335636138916,3.330134126118251,0.1814621409921671,0.15535248041775457,0.1410672334713055,1.0,0.0003,1.0,2562.177229642868
depth4_bal_MAAMAAMM,4,MAAMAAMM,9425,113100,1.9303888579209645,2.255635897318522,2.2535430567605155,0.3087467362924282,0.23759791122715404,0.22440988924935676,1.0,0.0003,1.0,2570.052243232727
depth4_bal_MAAMAAMM,4,MAAMAAMM,9450,113400,1.6113350888093312,2.1993664105733237,2.197996469906398,0.40013054830287204,0.2454308093994778,0.23302382816869896,1.0,0.0003,1.0,2578.479289293289
depth4_bal_MAAMAAMM,4,MAAMAAMM,9475,113700,1.7949516971906025,2.2965319951375327,2.254519762311663,0.337467362924282,0.23368146214099217,0.24700749524555318,1.0,0.0003,1.0,2584.766449213028
depth4_bal_MAAMAAMM,4,MAAMAAMM,9500,114000,1.5831343829631805,2.045424461364746,2.0159832171031407,0.45430809399477806,0.293733681462141,0.2879516724465824,1.0,0.0003,1.0,2588.6697335243225
depth4_bal_MAAMAAMM,4,MAAMAAMM,9525,114300,1.9103073577086132,2.3425357341766357,2.3130787576947895,0.3286553524804178,0.2506527415143603,0.2555095648282806,1.0,0.0003,1.0,2592.74613571167
depth4_bal_MAAMAAMM,4,MAAMAAMM,9550,114600,3.676812211672465,3.340099016825358,3.281184462138585,0.12173629242819843,0.12402088772845953,0.11578476339635306,1.0,0.0003,1.0,2600.0052230358124
depth4_bal_MAAMAAMM,4,MAAMAAMM,9575,114900,1.6326158344745636,2.0625699758529663,2.054620953968593,0.3743472584856397,0.23368146214099217,0.2317932654659358,1.0,0.0003,1.0,2607.5805847644806
depth4_bal_MAAMAAMM,4,MAAMAAMM,9600,115200,1.603754202524821,1.8967769543329875,1.8992725542613438,0.35411227154047,0.3185378590078329,0.28783980310996754,1.0,0.0003,1.0,2613.8222720623016
depth4_bal_MAAMAAMM,4,MAAMAAMM,9625,115500,1.3867072363694508,1.7908047437667847,1.7883112124034337,0.4601827676240209,0.31070496083550914,0.30987806242308985,1.0,0.0003,1.0,2618.796807527542
depth4_bal_MAAMAAMM,4,MAAMAAMM,9650,115800,1.24228036403656,1.653774897257487,1.6577759504318237,0.5251305483028721,0.3981723237597911,0.38583734198456204,1.0,0.0003,1.0,2623.630855321884
depth4_bal_MAAMAAMM,4,MAAMAAMM,9675,116100,1.3663003941377003,1.7301360368728638,1.7430039610181536,0.4572454308093995,0.31592689295039167,0.33236379908267144,1.0,0.0003,1.0,2631.125973701477
depth4_bal_MAAMAAMM,4,MAAMAAMM,9700,116400,1.2762477795283,1.6764058669408162,1.679867775099618,0.4915143603133159,0.36161879895561355,0.36805011746280347,1.0,0.0003,1.0,2638.2992792129517
depth4_bal_MAAMAAMM,4,MAAMAAMM,9725,116700,1.2924564878145854,1.7305604616800945,1.7159208638327463,0.48825065274151436,0.3381201044386423,0.3432151247343103,1.0,0.0003,1.0,2646.1501803398132
depth4_bal_MAAMAAMM,4,MAAMAAMM,9750,117000,1.2379396955172222,1.6826114654541016,1.698207858630589,0.5114229765013055,0.3368146214099217,0.33762165790356863,1.0,0.0003,1.0,2653.128172159195
depth4_bal_MAAMAAMM,4,MAAMAAMM,9775,117300,1.2314110298951466,1.6427570978800456,1.637330893107823,0.5244778067885117,0.34856396866840733,0.3899765074393109,1.0,0.0003,1.0,2659.105741739273
depth4_bal_MAAMAAMM,4,MAAMAAMM,9800,117600,1.243067979812622,1.634919285774231,1.6380079167229789,0.5042428198433421,0.3981723237597911,0.3889696834097774,1.0,0.0003,1.0,2667.0926208496094
depth4_bal_MAAMAAMM,4,MAAMAAMM,9825,117900,1.1737826267878215,1.6479415098826091,1.667804639680045,0.5365535248041775,0.3642297650130548,0.37162993623447815,1.0,0.0003,1.0,2675.4011828899384
depth4_bal_MAAMAAMM,4,MAAMAAMM,9850,118200,1.1407898366451263,1.5592775742212932,1.5816549709865024,0.5502610966057441,0.42036553524804177,0.418838796285938,1.0,0.0003,1.0,2683.5292143821716
depth4_bal_MAAMAAMM,4,MAAMAAMM,9875,118500,1.326147238413493,1.6698909997940063,1.6658267498016357,0.43505221932114885,0.3276762402088773,0.33907595927956147,1.0,0.0003,1.0,2691.629098176956
depth4_bal_MAAMAAMM,4,MAAMAAMM,9900,118800,1.1832011143366497,1.6200602849324544,1.6416825669152395,0.5143603133159269,0.3720626631853786,0.3586530931871574,1.0,0.0003,1.0,2696.6153824329376
depth4_bal_MAAMAAMM,4,MAAMAAMM,9925,119100,1.2096020976702373,1.6599258581797283,1.661525399344308,0.49738903394255873,0.360313315926893,0.3708468508781743,1.0,0.0003,1.0,2699.9932074546814
depth4_bal_MAAMAAMM,4,MAAMAAMM,9950,119400,1.3066633343696594,1.6096357504526775,1.6510906049183436,0.47356396866840733,0.35900783289817234,0.36514151471081774,1.0,0.0003,1.0,2703.630005836487
depth4_bal_MAAMAAMM,4,MAAMAAMM,9975,119700,1.1467590630054474,1.6220275163650513,1.6136967250279017,0.5558093994778068,0.37467362924281983,0.3794607897975165,1.0,0.0003,1.0,2711.262221097946
depth4_bal_MAAMAAMM,4,MAAMAAMM,10000,120000,1.136771281560262,1.5226956208546956,1.5681851250784737,0.5512402088772846,0.3981723237597911,0.40105157176417944,1.0,0.0003,1.0,2718.463975906372
depth4_bal_MAAMAAMM,4,MAAMAAMM,10025,120300,1.368235578139623,1.7535800536473591,1.780790376663208,0.4549608355091384,0.3472584856396867,0.3285602416377671,1.0,0.0003,1.0,2722.6329715251923
depth4_bal_MAAMAAMM,4,MAAMAAMM,10050,120600,1.2996807793776195,1.733188549677531,1.7548340627125332,0.4487597911227154,0.3289817232375979,0.311779841145542,1.0,0.0003,1.0,2728.7329494953156
depth4_bal_MAAMAAMM,4,MAAMAAMM,10075,120900,1.1459270020325978,1.633697509765625,1.6492545093808855,0.5244778067885117,0.38642297650130547,0.379125181787672,1.0,0.0003,1.0,2737.047747850418
depth4_bal_MAAMAAMM,4,MAAMAAMM,10100,121200,1.0898044407367706,1.5805860757827759,1.572242433684213,0.5819190600522193,0.38642297650130547,0.39288511019129657,1.0,0.0003,1.0,2742.738289117813
depth4_bal_MAAMAAMM,4,MAAMAAMM,10125,121500,1.1847235361735027,1.6239360173543294,1.6344526086534772,0.5140339425587467,0.36945169712793735,0.36928068016556664,1.0,0.0003,1.0,2747.679124355316
depth4_bal_MAAMAAMM,4,MAAMAAMM,10150,121800,1.3244902690251668,1.8524810473124187,1.8316913059779576,0.45006527415143605,0.2741514360313316,0.2886228884662714,1.0,0.0003,1.0,2754.9557116031647
depth4_bal_MAAMAAMM,4,MAAMAAMM,10175,122100,1.242210845152537,1.6246954997380574,1.6419404097965786,0.5398172323759791,0.35117493472584854,0.36055487190960955,1.0,0.0003,1.0,2762.112601518631
depth4_bal_MAAMAAMM,4,MAAMAAMM,10200,122400,1.2390201290448506,1.6725269953409831,1.7040545463562011,0.5055483028720626,0.35117493472584854,0.36379908267143973,1.0,0.0003,1.0,2769.988084077835
depth4_bal_MAAMAAMM,4,MAAMAAMM,10225,122700,1.170180896917979,1.5914685726165771,1.6263326065880912,0.5483028720626631,0.3785900783289817,0.3700637655218705,1.0,0.0003,1.0,2777.9607634544373
depth4_bal_MAAMAAMM,4,MAAMAAMM,10250,123000,1.2354845801989238,1.6097929080327351,1.636443873814174,0.5042428198433421,0.360313315926893,0.36458216802774357,1.0,0.0003,1.0,2781.566837310791
depth4_bal_MAAMAAMM,4,MAAMAAMM,10275,123300,1.1225290695826213,1.5204722086588542,1.5543952465057373,0.5711488250652742,0.3877284595300261,0.39378006488421524,1.0,0.0003,1.0,2785.5526089668274
depth4_bal_MAAMAAMM,4,MAAMAAMM,10300,123600,1.3435163696606953,1.8792885939280193,1.8636814117431642,0.4575718015665796,0.2819843342036554,0.2904127978521087,1.0,0.0003,1.0,2792.9401063919067
depth4_bal_MAAMAAMM,4,MAAMAAMM,10325,123900,1.2191247244675953,1.657541553179423,1.7073923689978463,0.5280678851174935,0.3472584856396867,0.3212887347578029,1.0,0.0003,1.0,2797.7449877262115
depth4_bal_MAAMAAMM,4,MAAMAAMM,10350,124200,1.2909874022006989,1.9423354466756184,1.9435469116483415,0.46344647519582244,0.25718015665796345,0.24454636984002684,1.0,0.0003,1.0,2805.7999124526978
depth4_bal_MAAMAAMM,4,MAAMAAMM,10375,124500,1.2363524436950684,1.5902254978815715,1.6093043531690325,0.5381853785900783,0.3733681462140992,0.39042398478577023,1.0,0.0003,1.0,2813.842595100403
depth4_bal_MAAMAAMM,4,MAAMAAMM,10400,124800,1.2257998784383137,1.634957194328308,1.6780329295567105,0.48759791122715407,0.36161879895561355,0.3497035462579707,1.0,0.0003,1.0,2821.984955072403
depth4_bal_MAAMAAMM,4,MAAMAAMM,10425,125100,1.6705156167348225,1.9385127226511638,1.94052471773965,0.44386422976501305,0.2780678851174935,0.28325316030875936,1.0,0.0003,1.0,2828.8854665756226
depth4_bal_MAAMAAMM,4,MAAMAAMM,10450,125400,1.3300523261229198,1.816153645515442,1.8405426127570017,0.45463446475195823,0.3093994778067885,0.30428459559234816,1.0,0.0003,1.0,2833.5103809833527
depth4_bal_MAAMAAMM,4,MAAMAAMM,10475,125700,1.1492322087287903,1.6133517821629841,1.6265529360089983,0.535574412532637,0.37467362924281983,0.37162993623447815,1.0,0.0003,1.0,2839.4579677581787
depth4_bal_MAAMAAMM,4,MAAMAAMM,10500,126000,1.3644072910149891,1.7255007425944011,1.8037024021148682,0.42265013054830286,0.3368146214099217,0.3101018010963195,1.0,0.0003,1.0,2847.6371734142303
depth4_bal_MAAMAAMM,4,MAAMAAMM,10525,126300,1.2525609135627747,1.6873365640640259,1.7383644001824514,0.5257832898172323,0.3629242819843342,0.346794943505985,1.0,0.0003,1.0,2855.385185956955
depth4_bal_MAAMAAMM,4,MAAMAAMM,10550,126600,1.408050129810969,1.7632407347361247,1.79161502633776,0.4210182767624021,0.29112271540469975,0.3020472088600515,1.0,0.0003,1.0,2863.5593943595886
depth4_bal_MAAMAAMM,4,MAAMAAMM,10575,126900,1.3517318566640217,1.7954835096995037,1.8341790676116942,0.42297650130548303,0.3028720626631854,0.30853563038371185,1.0,0.0003,1.0,2870.619854927063
depth4_bal_MAAMAAMM,4,MAAMAAMM,10600,127200,1.2384484112262726,1.7038395007451375,1.782727541242327,0.47976501305483027,0.304177545691906,0.3206175187381139,1.0,0.0003,1.0,2874.0408792495728
depth4_bal_MAAMAAMM,4,MAAMAAMM,10625,127500,1.1870222588380177,1.701720952987671,1.7699846880776542,0.5133812010443864,0.3224543080939948,0.304396464928963,1.0,0.0003,1.0,2877.0870990753174
depth4_bal_MAAMAAMM,4,MAAMAAMM,10650,127800,1.1418822308381398,1.606124997138977,1.6409281594412668,0.5600522193211488,0.34595300261096606,0.36089047991945405,1.0,0.0003,1.0,2880.8478083610535
depth4_bal_MAAMAAMM,4,MAAMAAMM,10675,128100,1.3291435639063518,1.7085415919621785,1.7128320251192366,0.4970626631853786,0.34203655352480417,0.33571987918111645,1.0,0.0003,1.0,2885.7247762680054
depth4_bal_MAAMAAMM,4,MAAMAAMM,10700,128400,1.123377948999405,1.504474679629008,1.571230833871024,0.5391644908616188,0.4046997389033943,0.39512249692359325,1.0,0.0003,1.0,2893.5435252189636
depth4_bal_MAAMAAMM,4,MAAMAAMM,10725,128700,1.3104887902736664,1.5978840589523315,1.6529670783451624,0.462467362924282,0.3668407310704961,0.3554088824253272,1.0,0.0003,1.0,2901.015125274658
depth4_bal_MAAMAAMM,4,MAAMAAMM,10750,129000,1.242020050684611,1.6700666745503743,1.6971460001809255,0.5097911227154047,0.3133159268929504,0.3486967222284372,1.0,0.0003,1.0,2905.159879922867
depth4_bal_MAAMAAMM,4,MAAMAAMM,10775,129300,1.1308034161726634,1.5558844804763794,1.6447057621819632,0.5567885117493473,0.39295039164490864,0.3900883767759257,1.0,0.0003,1.0,2910.270369529724
depth4_bal_MAAMAAMM,4,MAAMAAMM,10800,129600,1.1398750841617584,1.5937414169311523,1.6383888210569109,0.5724543080939948,0.3838120104438642,0.38225752321288736,1.0,0.0003,1.0,2915.010621547699
depth4_bal_MAAMAAMM,4,MAAMAAMM,10825,129900,1.376854956150055,1.8150271972020466,1.9293417045048304,0.44451697127937334,0.2950391644908616,0.28191072826938135,1.0,0.0003,1.0,2923.5681903362274
depth4_bal_MAAMAAMM,4,MAAMAAMM,10850,130200,1.4145032664140065,1.7942885955174763,1.7963849340166365,0.4151436031331593,0.29112271540469975,0.30495581161203716,1.0,0.0003,1.0,2929.0446774959564
depth4_bal_MAAMAAMM,4,MAAMAAMM,10875,130500,2.2182955344518027,2.6489391326904297,2.534607996259417,0.2672976501305483,0.17754569190600522,0.19644255509564829,1.0,0.0003,1.0,2937.0980184078217
depth4_bal_MAAMAAMM,4,MAAMAAMM,10900,130800,1.858193854490916,2.259468952814738,2.2641373429979597,0.3779373368146214,0.21409921671018275,0.22675914531826827,1.0,0.0003,1.0,2941.6371698379517
depth4_bal_MAAMAAMM,4,MAAMAAMM,10925,131100,1.5738652050495148,1.948998212814331,1.9544846602848598,0.39262402088772846,0.2754569190600522,0.2806801655666182,1.0,0.0003,1.0,2947.1755192279816
depth4_bal_MAAMAAMM,4,MAAMAAMM,10950,131400,1.4291357795397441,1.8664703369140625,1.8743769815989904,0.4468015665796345,0.2924281984334204,0.30484394227542233,1.0,0.0003,1.0,2953.1602663993835
depth4_bal_MAAMAAMM,4,MAAMAAMM,10975,131700,3.7792735497156777,3.8296287854512534,3.8639876774379185,0.09171018276762402,0.048302872062663184,0.050117462803445575,1.0,0.0003,1.0,2956.806740283966
depth4_bal_MAAMAAMM,4,MAAMAAMM,11000,132000,2.6994707783063254,2.8999975522359214,2.9624921117510112,0.18472584856396868,0.11357702349869452,0.10974381921915204,1.0,0.0003,1.0,2962.5866751670837
depth4_bal_MAAMAAMM,4,MAAMAAMM,11025,132300,2.150335172812144,2.4238076210021973,2.4745694841657366,0.2816579634464752,0.17885117493472585,0.16400044747734646,1.0,0.0003,1.0,2971.344260454178
depth4_bal_MAAMAAMM,4,MAAMAAMM,11050,132600,2.167922765016556,2.3706215222676597,2.4339853627341133,0.2901436031331593,0.16840731070496084,0.16523101018010963,1.0,0.0003,1.0,2976.3065717220306
depth4_bal_MAAMAAMM,4,MAAMAAMM,11075,132900,1.8238509198029835,2.1064422130584717,2.150066259929112,0.3433420365535248,0.2454308093994778,0.23045083342655778,1.0,0.0003,1.0,2981.726758956909
depth4_bal_MAAMAAMM,4,MAAMAAMM,11100,133200,1.8096095323562622,2.0796593030293784,2.1192714146205356,0.3730417754569191,0.23368146214099217,0.21445351829063652,1.0,0.0003,1.0,2989.80979847908
depth4_bal_MAAMAAMM,4,MAAMAAMM,11125,133500,1.624236782391866,2.002695163091024,2.039240459033421,0.3619451697127937,0.20365535248041775,0.20404966998545698,1.0,0.0003,1.0,2998.0432686805725
depth4_bal_MAAMAAMM,4,MAAMAAMM,11150,133800,1.486312468846639,1.8618237972259521,1.8452038628714424,0.41449086161879894,0.2885117493472585,0.28560241637767086,1.0,0.0003,1.0,3005.8455917835236
depth4_bal_MAAMAAMM,4,MAAMAAMM,11175,134100,1.3941850264867146,1.7624611457188923,1.7914427927562169,0.4435378590078329,0.3237597911227154,0.3126747958384607,1.0,0.0003,1.0,3013.899697303772
depth4_bal_MAAMAAMM,4,MAAMAAMM,11200,134400,1.4870197276274364,1.7494784593582153,1.7810980354036603,0.4618146214099217,0.3328981723237598,0.3290077189842264,1.0,0.0003,1.0,3020.871188402176
depth4_bal_MAAMAAMM,4,MAAMAAMM,11225,134700,1.44798677166303,1.833350936571757,1.8385797670909336,0.41383812010443866,0.2989556135770235,0.2811276429130775,1.0,0.0003,1.0,3028.932933807373
depth4_bal_MAAMAAMM,4,MAAMAAMM,11250,135000,1.494781533877055,1.858048915863037,1.86972165788923,0.39131853785900783,0.2845953002610966,0.2920908379013312,1.0,0.0003,1.0,3037.1844334602356
depth4_bal_MAAMAAMM,4,MAAMAAMM,11275,135300,1.3987248241901398,1.6765795548756917,1.7074845484324863,0.4614882506527415,0.3433420365535248,0.34198456203154715,1.0,0.0003,1.0,3044.439934015274
depth4_bal_MAAMAAMM,4,MAAMAAMM,11300,135600,1.6941244304180145,1.9599206844965618,1.9703198466982161,0.34366840731070497,0.2597911227154047,0.26166237834209644,1.0,0.0003,1.0,3048.683337688446
depth4_bal_MAAMAAMM,4,MAAMAAMM,11325,135900,1.806131472190221,1.9705394903818767,2.0351267882755826,0.40600522193211486,0.28067885117493474,0.27128314129097214,1.0,0.0003,1.0,3057.2031874656677
depth4_bal_MAAMAAMM,4,MAAMAAMM,11350,136200,1.3257197638352711,1.6416949431101482,1.712042600767953,0.4676892950391645,0.370757180156658,0.35261214900995635,1.0,0.0003,1.0,3064.9240577220917
depth4_bal_MAAMAAMM,4,MAAMAAMM,11375,136500,1.3274743854999542,1.7817108233769734,1.7817453861236572,0.49445169712793735,0.2845953002610966,0.2863855017339747,1.0,0.0003,1.0,3072.1332676410675
depth4_bal_MAAMAAMM,4,MAAMAAMM,11400,136800,1.6177415053049724,1.8342916170756023,1.8818286146436418,0.34889033942558745,0.2898172323759791,0.26568967446023045,1.0,0.0003,1.0,3080.9603939056396
depth4_bal_MAAMAAMM,4,MAAMAAMM,11425,137100,1.341031163930893,1.662175178527832,1.6883464540754045,0.45659268929503916,0.35900783289817234,0.352164671663497,1.0,0.0003,1.0,3089.762989759445
depth4_bal_MAAMAAMM,4,MAAMAAMM,11450,137400,1.2543490827083588,1.6016203165054321,1.647857574054173,0.5137075718015666,0.3785900783289817,0.34925606891151134,1.0,0.0003,1.0,3098.609222173691
depth4_bal_MAAMAAMM,4,MAAMAAMM,11475,137700,1.3178531527519226,1.6708651383717854,1.6567664861679077,0.472911227154047,0.33159268929503916,0.35015102360443,1.0,0.0003,1.0,3107.2057642936707
depth4_bal_MAAMAAMM,4,MAAMAAMM,11500,138000,1.3094972272713978,1.6366716623306274,1.6705293212618146,0.5189295039164491,0.37467362924281983,0.3790133124510572,1.0,0.0003,1.0,3113.996567964554
depth4_bal_MAAMAAMM,4,MAAMAAMM,11525,138300,1.2663036187489827,1.579390287399292,1.5805676017488752,0.483355091383812,0.38511749347258484,0.3909833314688444,1.0,0.0003,1.0,3118.3128175735474
depth4_bal_MAAMAAMM,4,MAAMAAMM,11550,138600,1.4933660626411438,1.690355936686198,1.7112314769199917,0.4298302872062663,0.31592689295039167,0.3258753775590111,1.0,0.0003,1.0,3121.924101829529
depth4_bal_MAAMAAMM,4,MAAMAAMM,11575,138900,1.382429152727127,1.5645090341567993,1.630112818309239,0.42885117493472585,0.3577023498694517,0.3490323302382817,1.0,0.0003,1.0,3126.5461027622223
depth4_bal_MAAMAAMM,4,MAAMAAMM,11600,139200,1.2648489475250244,1.5357911586761475,1.564643396650042,0.47617493472584854,0.3733681462140992,0.3604430025729947,1.0,0.0003,1.0,3129.976925134659
depth4_bal_MAAMAAMM,4,MAAMAAMM,11625,139500,1.4898352523644764,1.726251443227132,1.7278138433183943,0.4177545691906005,0.2924281984334204,0.305738896968341,1.0,0.0003,1.0,3133.421049118042
depth4_bal_MAAMAAMM,4,MAAMAAMM,11650,139800,1.3902179499467213,1.7144578695297241,1.7294314316340855,0.42428198433420367,0.2989556135770235,0.301711600850207,1.0,0.0003,1.0,3137.0038211345673
depth4_bal_MAAMAAMM,4,MAAMAAMM,11675,140100,1.7710844278335571,1.9391623735427856,1.953386378288269,0.32571801566579633,0.23890339425587467,0.2509229220270724,1.0,0.0003,1.0,3140.2573685646057
depth4_bal_MAAMAAMM,4,MAAMAAMM,11700,140400,1.266609102487564,1.5392462412516277,1.5401277610233852,0.49477806788511747,0.36553524804177545,0.3718536749077078,1.0,0.0003,1.0,3145.6576430797577
depth4_bal_MAAMAAMM,4,MAAMAAMM,11725,140700,1.3828736046950023,1.7012945810953777,1.7107462542397636,0.4343994778067885,0.29765013054830286,0.30685759033448934,1.0,0.0003,1.0,3152.2112448215485
depth4_bal_MAAMAAMM,4,MAAMAAMM,11750,141000,1.9184239208698273,2.1650095780690513,2.233429057257516,0.29406005221932113,0.20234986945169714,0.1911846962747511,1.0,0.0003,1.0,3160.6909878253937
depth4_bal_MAAMAAMM,4,MAAMAAMM,11775,141300,1.1804898182551067,1.5317455927530925,1.5362746272768293,0.5590731070496083,0.3629242819843342,0.39277324085468174,1.0,0.0003,1.0,3168.961669921875
depth4_bal_MAAMAAMM,4,MAAMAAMM,11800,141600,1.1939560770988464,1.5375691254933674,1.5438315629959107,0.5675587467362925,0.35900783289817234,0.39176641682514823,1.0,0.0003,1.0,3177.1512405872345
depth4_bal_MAAMAAMM,4,MAAMAAMM,11825,141900,1.361710250377655,1.6361721356709797,1.6116917439869471,0.44810704960835507,0.3433420365535248,0.3573106611477794,1.0,0.0003,1.0,3184.7256920337677
depth4_bal_MAAMAAMM,4,MAAMAAMM,11850,142200,1.367525448401769,1.6889667510986328,1.7560974189213343,0.44549608355091386,0.32506527415143605,0.3083118917104822,1.0,0.0003,1.0,3192.333683490753
depth4_bal_MAAMAAMM,4,MAAMAAMM,11875,142500,1.5253045459588368,2.0787341594696045,1.951653470311846,0.39262402088772846,0.2845953002610966,0.2966774807025394,1.0,0.0003,1.0,3200.6564602851868
depth4_bal_MAAMAAMM,4,MAAMAAMM,11900,142800,1.3180083731810253,1.730189323425293,1.7069333042417254,0.44157963446475196,0.2754569190600522,0.29779617406868775,1.0,0.0003,1.0,3207.1792323589325
depth4_bal_MAAMAAMM,4,MAAMAAMM,11925,143100,1.25712784131368,1.622286597887675,1.6300593410219466,0.4911879895561358,0.360313315926893,0.3510459782973487,1.0,0.0003,1.0,3213.8158645629883
depth4_bal_MAAMAAMM,4,MAAMAAMM,11950,143400,1.2030604481697083,1.4742027123769124,1.5108488491603307,0.5065274151436031,0.412532637075718,0.4032889584964761,1.0,0.0003,1.0,3221.8360617160797
depth4_bal_MAAMAAMM,4,MAAMAAMM,11975,143700,1.3164330124855042,1.625646670659383,1.6417884349822998,0.4869451697127937,0.3302872062663185,0.3354961405078868,1.0,0.0003,1.0,3230.1826639175415
depth4_bal_MAAMAAMM,4,MAAMAAMM,12000,144000,1.2607628305753071,1.5578099489212036,1.5705329724720547,0.4706266318537859,0.3289817232375979,0.34030652198232464,1.0,0.0003,1.0,3238.486245393753
depth4_bal_MAAMAAMM,4,MAAMAAMM,12025,144300,1.440764417250951,1.7687162558237712,1.7987396989549909,0.485313315926893,0.35509138381201044,0.35126971697057835,1.0,0.0003,1.0,3244.7401258945465
depth4_bal_MAAMAAMM,4,MAAMAAMM,12050,144600,1.2258073488871257,1.6373425324757893,1.667277159009661,0.54177545691906,0.3785900783289817,0.3766640563821457,1.0,0.0003,1.0,3248.8032462596893
depth4_bal_MAAMAAMM,4,MAAMAAMM,12075,144900,1.29395858446757,1.8252664804458618,1.855447677203587,0.49673629242819844,0.27023498694516973,0.2762053921020248,1.0,0.0003,1.0,3252.8052611351013
depth4_bal_MAAMAAMM,4,MAAMAAMM,12100,145200,1.4044175346692402,1.8222939570744832,1.8375022581645422,0.44386422976501305,0.29112271540469975,0.2873923257635082,1.0,0.0003,1.0,3256.776642560959
depth4_bal_MAAMAAMM,4,MAAMAAMM,12125,145500,1.3948136667410533,1.8513972759246826,1.9181454454149518,0.4298302872062663,0.29112271540469975,0.27363239735988365,1.0,0.0003,1.0,3260.6281921863556
depth4_bal_MAAMAAMM,4,MAAMAAMM,12150,145800,1.2279928028583527,1.632049798965454,1.6520226546696255,0.5231723237597912,0.36553524804177545,0.369728157512026,1.0,0.0003,1.0,3264.6081802845
depth4_bal_MAAMAAMM,4,MAAMAAMM,12175,146100,1.4292540450890858,1.758073369661967,1.7850796597344534,0.429177545691906,0.34595300261096606,0.3375097885669538,1.0,0.0003,1.0,3268.560609817505
depth4_bal_MAAMAAMM,4,MAAMAAMM,12200,146400,1.2504973510901134,1.6134417454401653,1.6415520123073033,0.5022845953002611,0.39033942558746737,0.377782749748294,1.0,0.0003,1.0,3272.365252494812
depth4_bal_MAAMAAMM,4,MAAMAAMM,12225,146700,1.223411738872528,1.6544322570164998,1.639677085195269,0.537532637075718,0.360313315926893,0.38315247790580603,1.0,0.0003,1.0,3276.323527097702
depth4_bal_MAAMAAMM,4,MAAMAAMM,12250,147000,1.3795609772205353,1.7644859552383423,1.7628060579299927,0.42069190600522194,0.31723237597911225,0.3170376999664392,1.0,0.0003,1.0,3280.223359823227
depth4_bal_MAAMAAMM,4,MAAMAAMM,12275,147300,1.1980763177076976,1.6350013812383015,1.7047185795647757,0.514686684073107,0.3720626631853786,0.3381810045866428,1.0,0.0003,1.0,3284.437682390213
depth4_bal_MAAMAAMM,4,MAAMAAMM,12300,147600,1.4562845826148987,1.844859004020691,1.8154049839292254,0.4200391644908616,0.33159268929503916,0.3388522206063318,1.0,0.0003,1.0,3288.4462974071503
depth4_bal_MAAMAAMM,4,MAAMAAMM,12325,147900,1.2456769247849782,1.8026870091756184,1.7319389036723545,0.5029373368146214,0.3237597911227154,0.32934332699407093,1.0,0.0003,1.0,3291.9785900115967
depth4_bal_MAAMAAMM,4,MAAMAAMM,12350,148200,1.3558702170848846,1.9239688316980998,1.924925913129534,0.5,0.283289817232376,0.2913077525450274,1.0,0.0003,1.0,3296.6654465198517
depth4_bal_MAAMAAMM,4,MAAMAAMM,12375,148500,1.4594638446966808,1.7557450930277507,1.7530954224722726,0.4128590078328982,0.30678851174934724,0.31681396129320955,1.0,0.0003,1.0,3304.740174293518
depth4_bal_MAAMAAMM,4,MAAMAAMM,12400,148800,1.1455202599366505,1.6072680552800496,1.6137264013290404,0.585509138381201,0.4164490861618799,0.40105157176417944,1.0,0.0003,1.0,3309.989501476288
depth4_bal_MAAMAAMM,4,MAAMAAMM,12425,149100,1.2713020046552022,1.6735928058624268,1.6319647993360247,0.4781331592689295,0.33550913838120106,0.3606667412462244,1.0,0.0003,1.0,3316.2791826725006
depth4_bal_MAAMAAMM,4,MAAMAAMM,12450,149400,1.1927445828914642,1.6144651969273884,1.5941320725849697,0.5522193211488251,0.391644908616188,0.37957265913413135,1.0,0.0003,1.0,3324.3365972042084
depth4_bal_MAAMAAMM,4,MAAMAAMM,12475,149700,1.3459255297978718,1.7625824213027954,1.7352639811379569,0.47486945169712796,0.3368146214099217,0.33605548719096096,1.0,0.0003,1.0,3332.2427883148193
depth4_bal_MAAMAAMM,4,MAAMAAMM,12500,150000,1.2066659331321716,1.697606126467387,1.6672959293637957,0.5107702349869452,0.38642297650130547,0.37599284036245667,1.0,0.0003,1.0,3339.1756868362427
depth4_bal_MAAMAAMM,4,MAAMAAMM,12525,150300,1.2499408324559529,1.8120015859603882,1.7881650822503226,0.47160574412532635,0.2819843342036554,0.2844837230115225,1.0,0.0003,1.0,3345.5526406764984
depth4_bal_MAAMAAMM,4,MAAMAAMM,12550,150600,1.2213993271191914,1.6282674074172974,1.6330877031598772,0.529373368146214,0.36553524804177545,0.3504866316142745,1.0,0.0003,1.0,3353.122268676758
depth4_bal_MAAMAAMM,4,MAAMAAMM,12575,150900,1.2196166117986043,1.4949451684951782,1.5272324221474785,0.4983681462140992,0.412532637075718,0.40575008390200246,1.0,0.0003,1.0,3359.3600294589996
depth4_bal_MAAMAAMM,4,MAAMAAMM,12600,151200,3.181139965852102,3.127424875895182,3.1633468082972933,0.10933420365535249,0.0783289817232376,0.0960957601521423,1.0,0.0003,1.0,3364.235520362854
depth4_bal_MAAMAAMM,4,MAAMAAMM,12625,151500,1.7934026817480724,2.165425697962443,2.235511657169887,0.42297650130548303,0.27284595300261094,0.2745273520528023,1.0,0.0003,1.0,3370.237676858902
depth4_bal_MAAMAAMM,4,MAAMAAMM,12650,151800,1.5479575196901958,2.084315458933512,2.136732690674918,0.43994778067885115,0.24934725848563968,0.2568519968676586,1.0,0.0003,1.0,3373.3108620643616
depth4_bal_MAAMAAMM,4,MAAMAAMM,12675,152100,1.495836655298869,1.9963552951812744,2.044728136062622,0.42493472584856395,0.28720626631853785,0.2990267367714509,1.0,0.0003,1.0,3378.633826971054
depth4_bal_MAAMAAMM,4,MAAMAAMM,12700,152400,1.4579892754554749,2.017237663269043,2.092976256779262,0.43342036553524804,0.26631853785900783,0.29343326994070923,1.0,0.0003,1.0,3382.164885997772
depth4_bal_MAAMAAMM,4,MAAMAAMM,12725,152700,1.3571403721968334,1.9097460508346558,1.9876644611358643,0.48596605744125326,0.3133159268929504,0.3140172278778387,1.0,0.0003,1.0,3385.2210977077484
depth4_bal_MAAMAAMM,4,MAAMAAMM,12750,153000,1.4157193700472515,1.8868143955866497,1.9702461038316998,0.43766318537859006,0.31723237597911225,0.2993623447812954,1.0,0.0003,1.0,3388.2330117225647
depth4_bal_MAAMAAMM,4,MAAMAAMM,12775,153300,1.458866109450658,1.9025065898895264,1.9358275890350343,0.4177545691906005,0.3133159268929504,0.31424096655106837,1.0,0.0003,1.0,3391.253744840622
depth4_bal_MAAMAAMM,4,MAAMAAMM,12800,153600,1.408485233783722,1.918311357498169,1.9943873609815326,0.43701044386422977,0.26370757180156656,0.2566282581944289,1.0,0.0003,1.0,3394.4073235988617
depth4_bal_MAAMAAMM,4,MAAMAAMM,12825,153900,1.4551498393217723,1.9984376430511475,2.0495987381253924,0.4347258485639687,0.28067885117493474,0.2674795838460678,1.0,0.0003,1.0,3397.6988837718964
depth4_bal_MAAMAAMM,4,MAAMAAMM,12850,154200,1.2864643732706706,1.831883390744527,1.8829467637198312,0.5052219321148825,0.34464751958224543,0.3557444904351717,1.0,0.0003,1.0,3403.4565188884735
depth4_bal_MAAMAAMM,4,MAAMAAMM,12875,154500,1.293335457642873,1.872510552406311,1.941006098474775,0.48009138381201044,0.3263707571801567,0.3167020919565947,1.0,0.0003,1.0,3411.5412397384644
depth4_bal_MAAMAAMM,4,MAAMAAMM,12900,154800,1.5906631350517273,2.318265755971273,2.39157406943185,0.3665143603133159,0.19321148825065274,0.19196778163105493,1.0,0.0003,1.0,3419.378107070923
depth4_bal_MAAMAAMM,4,MAAMAAMM,12925,155100,1.2454138000806172,1.863072156906128,1.9228244577135358,0.5120757180156658,0.3198433420365535,0.3252041615393221,1.0,0.0003,1.0,3427.490446329117
depth4_bal_MAAMAAMM,4,MAAMAAMM,12950,155400,1.1827602982521057,1.765836238861084,1.8357882942472186,0.5538511749347258,0.3825065274151436,0.3599955252265354,1.0,0.0003,1.0,3431.809403896332
depth4_bal_MAAMAAMM,4,MAAMAAMM,12975,155700,1.4643816252549489,2.326006015141805,2.3351985590798514,0.4128590078328982,0.17362924281984335,0.16366483946750196,1.0,0.0003,1.0,3438.7526993751526
depth4_bal_MAAMAAMM,4,MAAMAAMM,13000,156000,1.206568976243337,1.7821182012557983,1.8107036760875157,0.5492819843342036,0.35117493472584854,0.36447029869112874,1.0,0.0003,1.0,3446.4632544517517
depth4_bal_MAAMAAMM,4,MAAMAAMM,13025,156300,1.2500546276569366,1.775045394897461,1.842163416317531,0.5104438642297651,0.35900783289817234,0.3500391542678152,1.0,0.0003,1.0,3454.239487886429
depth4_bal_MAAMAAMM,4,MAAMAAMM,13050,156600,1.4834069808324177,2.049396554629008,2.0894855533327377,0.40796344647519583,0.27284595300261094,0.25304843942275423,1.0,0.0003,1.0,3462.033716440201
depth4_bal_MAAMAAMM,4,MAAMAAMM,13075,156900,1.2260309159755707,1.8086436986923218,1.8607368912015643,0.5055483028720626,0.34856396866840733,0.3361673565275758,1.0,0.0003,1.0,3470.1373314857483
depth4_bal_MAAMAAMM,4,MAAMAAMM,13100,157200,1.7005113661289215,2.35906990369161,2.303392171859741,0.4105744125326371,0.26109660574412535,0.25047544468061306,1.0,0.0003,1.0,3478.1564404964447
depth4_bal_MAAMAAMM,4,MAAMAAMM,13125,157500,1.4744615058104198,2.194579283396403,2.1332041093281338,0.45071801566579633,0.30156657963446476,0.2880635417831972,1.0,0.0003,1.0,3485.9095673561096
depth4_bal_MAAMAAMM,4,MAAMAAMM,13150,157800,1.5794529517491658,2.331085681915283,2.2744576045445033,0.3795691906005222,0.21801566579634465,0.21881642241861507,1.0,0.0003,1.0,3493.5611686706543
depth4_bal_MAAMAAMM,4,MAAMAAMM,13175,158100,1.978451669216156,2.266679048538208,2.24744416645595,0.2689295039164491,0.20757180156657964,0.22295558787336392,1.0,0.0003,1.0,3500.860818862915
depth4_bal_MAAMAAMM,4,MAAMAAMM,13200,158400,1.867488404115041,2.438995917638143,2.4148927279881067,0.31429503916449086,0.21671018276762402,0.21064996084573218,1.0,0.0003,1.0,3508.8357677459717
depth4_bal_MAAMAAMM,4,MAAMAAMM,13225,158700,1.4434907138347626,2.1204949220021567,2.087387384687151,0.4441906005221932,0.283289817232376,0.27363239735988365,1.0,0.0003,1.0,3516.900255203247
depth4_bal_MAAMAAMM,4,MAAMAAMM,13250,159000,1.4791090091069539,2.0498316287994385,2.081037875584194,0.4758485639686684,0.3133159268929504,0.30786441436402284,1.0,0.0003,1.0,3524.6209585666656
depth4_bal_MAAMAAMM,4,MAAMAAMM,13275,159300,1.4558311800161998,2.2024014790852866,2.197160587991987,0.4513707571801567,0.24673629242819844,0.2427564604541895,1.0,0.0003,1.0,3535.208182811737
depth4_bal_MAAMAAMM,4,MAAMAAMM,13300,159600,1.3176003992557526,2.07714307308197,2.0678486006600516,0.4813968668407311,0.3276762402088773,0.3014878621769773,1.0,0.0003,1.0,3549.147613763809
depth4_bal_MAAMAAMM,4,MAAMAAMM,13325,159900,1.441593329111735,2.290496826171875,2.2604439633233206,0.4148172323759791,0.2597911227154047,0.2566282581944289,1.0,0.0003,1.0,3557.1908984184265
depth4_bal_MAAMAAMM,4,MAAMAAMM,13350,160200,1.3127792676289876,2.1563665866851807,2.1534213100160873,0.46573107049608353,0.2793733681462141,0.26065555431256293,1.0,0.0003,1.0,3565.3980293273926
depth4_bal_MAAMAAMM,4,MAAMAAMM,13375,160500,1.7527316908041637,2.2652365366617837,2.2949910845075334,0.3364882506527415,0.27023498694516973,0.26043181563933326,1.0,0.0003,1.0,3573.4092321395874
depth4_bal_MAAMAAMM,4,MAAMAAMM,13400,160800,1.3232242564360301,2.0587287743886313,2.0257445437567574,0.4640992167101828,0.3368146214099217,0.3160308759369057,1.0,0.0003,1.0,3581.4477438926697
depth4_bal_MAAMAAMM,4,MAAMAAMM,13425,161100,1.1423052648703258,1.980222503344218,1.934518473488944,0.5815926892950392,0.36945169712793735,0.36793824812618864,1.0,0.0003,1.0,3589.6306207180023
depth4_bal_MAAMAAMM,4,MAAMAAMM,13450,161400,1.387058585882187,2.081851522127787,2.049434072630746,0.4337467362924282,0.3028720626631854,0.3123391878286162,1.0,0.0003,1.0,3597.9478843212128
depth4_bal_MAAMAAMM,4,MAAMAAMM,13475,161700,1.725119282801946,2.494865338007609,2.4856655052730017,0.4004569190600522,0.18929503916449086,0.19856807249133013,1.0,0.0003,1.0,3606.0155272483826
depth4_bal_MAAMAAMM,4,MAAMAAMM,13500,162000,1.5297543207804363,2.40940260887146,2.3446053913661413,0.3857702349869452,0.195822454308094,0.21904016109184474,1.0,0.0003,1.0,3613.8143661022186
depth4_bal_MAAMAAMM,4,MAAMAAMM,13525,162300,1.3906463384628296,2.1117289861043296,2.1411192962101526,0.4428851174934726,0.2950391644908616,0.3136816198679942,1.0,0.0003,1.0,3621.9845440387726
depth4_bal_MAAMAAMM,4,MAAMAAMM,13550,162600,2.31583363811175,2.8353049755096436,2.8564357008252825,0.3002610966057441,0.16579634464751958,0.1637767088041168,1.0,0.0003,1.0,3630.069747686386
depth4_bal_MAAMAAMM,4,MAAMAAMM,13575,162900,1.2305682003498077,2.346827983856201,2.278457692691258,0.5091383812010444,0.23368146214099217,0.22810157735764627,1.0,0.0003,1.0,3638.1782698631287
depth4_bal_MAAMAAMM,4,MAAMAAMM,13600,163200,1.211524764696757,1.9527815977732341,1.9705855676106043,0.5238250652741514,0.3563968668407311,0.3349367938248126,1.0,0.0003,1.0,3646.291755437851
depth4_bal_MAAMAAMM,4,MAAMAAMM,13625,163500,1.4904183844725292,2.38037379582723,2.371544374738421,0.4223237597911227,0.21671018276762402,0.23727486296006264,1.0,0.0003,1.0,3654.039577960968
depth4_bal_MAAMAAMM,4,MAAMAAMM,13650,163800,1.1715239187081654,2.0320161978403726,1.9815737111227854,0.5466710182767625,0.3185378590078329,0.3417608233583175,1.0,0.0003,1.0,3662.1908638477325
depth4_bal_MAAMAAMM,4,MAAMAAMM,13675,164100,1.3997842967510223,2.0232236782709756,1.990283387047904,0.43505221932114885,0.3381201044386423,0.32050564940149906,1.0,0.0003,1.0,3670.315043449402
depth4_bal_MAAMAAMM,4,MAAMAAMM,13700,164400,1.2716477612654369,2.0777752796808877,2.040400116784232,0.48009138381201044,0.29112271540469975,0.2979080434053026,1.0,0.0003,1.0,3678.3591408729553
depth4_bal_MAAMAAMM,4,MAAMAAMM,13725,164700,1.2083950837453206,1.9401591618855794,1.892035732950483,0.5280678851174935,0.370757180156658,0.36256851996867656,1.0,0.0003,1.0,3686.6021761894226
depth4_bal_MAAMAAMM,4,MAAMAAMM,13750,165000,1.303768903017044,2.046165108680725,2.090875884464809,0.4742167101827676,0.31070496083550914,0.30629824365141517,1.0,0.0003,1.0,3694.317452430725
depth4_bal_MAAMAAMM,4,MAAMAAMM,13775,165300,1.2412078579266865,2.0513519048690796,1.9961309160505023,0.49902088772845954,0.31201044386422977,0.3266584629153149,1.0,0.0003,1.0,3702.3803367614746
depth4_bal_MAAMAAMM,4,MAAMAAMM,13800,165600,1.195763111114502,1.9895238081614177,1.9454768146787371,0.5283942558746736,0.3093994778067885,0.3368385725472648,1.0,0.0003,1.0,3710.49897646904
depth4_bal_MAAMAAMM,4,MAAMAAMM,13825,165900,2.07629386583964,2.3194302717844644,2.3471220697675435,0.28296344647519583,0.2297650130548303,0.2261997986351941,1.0,0.0003,1.0,3718.700108766556
depth4_bal_MAAMAAMM,4,MAAMAAMM,13850,166200,1.686763842900594,2.3163199424743652,2.346575253350394,0.4089425587467363,0.2297650130548303,0.23190513480255062,1.0,0.0003,1.0,3725.033471107483
depth4_bal_MAAMAAMM,4,MAAMAAMM,13875,166500,1.5154664913813274,2.067694385846456,2.0677971976143974,0.44843342036553524,0.283289817232376,0.27922586419062534,1.0,0.0003,1.0,3729.640988588333
depth4_bal_MAAMAAMM,4,MAAMAAMM,13900,166800,1.3823735217253368,1.945647120475769,1.983973217010498,0.4781331592689295,0.3472584856396867,0.32084125741134356,1.0,0.0003,1.0,3737.3649389743805
depth4_bal_MAAMAAMM,4,MAAMAAMM,13925,167100,1.4821155965328217,2.1292343934377036,2.1679314034325734,0.4069843342036554,0.24151436031331594,0.2454413245329455,1.0,0.0003,1.0,3745.5767176151276
depth4_bal_MAAMAAMM,4,MAAMAAMM,13950,167400,1.2362787624200184,1.9323123296101887,1.9160537651606968,0.48825065274151436,0.34595300261096606,0.33896408994294663,1.0,0.0003,1.0,3753.6729848384857
depth4_bal_MAAMAAMM,4,MAAMAAMM,13975,167700,1.4224851926167805,2.063197692235311,2.0357743195125035,0.4324412532637076,0.27284595300261094,0.29611813401946524,1.0,0.0003,1.0,3761.797619819641
depth4_bal_MAAMAAMM,4,MAAMAAMM,14000,168000,1.3074044783910115,1.8992355267206829,1.913502972466605,0.4640992167101828,0.3394255874673629,0.32576350822239625,1.0,0.0003,1.0,3769.7269551754
depth4_bal_MAAMAAMM,4,MAAMAAMM,14025,168300,1.1799397468566895,1.8488446474075317,1.857698736871992,0.5548302872062664,0.3720626631853786,0.35954804788007605,1.0,0.0003,1.0,3777.275784254074
depth4_bal_MAAMAAMM,4,MAAMAAMM,14050,168600,1.5476757287979126,2.02362060546875,2.0009402785982404,0.3936031331592689,0.2650130548302872,0.271395010627587,1.0,0.0003,1.0,3785.350782394409
depth4_bal_MAAMAAMM,4,MAAMAAMM,14075,168900,1.4459488888581593,1.9594570795694988,1.975980428286961,0.472911227154047,0.3028720626631854,0.3021590781966663,1.0,0.0003,1.0,3793.442066192627
depth4_bal_MAAMAAMM,4,MAAMAAMM,14100,169200,1.650523453950882,2.059536616007487,2.0320859738758634,0.35672323759791125,0.2545691906005222,0.2745273520528023,1.0,0.0003,1.0,3801.4693965911865
depth4_bal_MAAMAAMM,4,MAAMAAMM,14125,169500,1.285407841205597,1.909648100535075,1.8846374477658954,0.49510443864229764,0.3237597911227154,0.32934332699407093,1.0,0.0003,1.0,3809.648585796356
depth4_bal_MAAMAAMM,4,MAAMAAMM,14150,169800,1.4072902699311574,1.9887059132258098,2.0303033794675556,0.42885117493472585,0.31462140992167104,0.28616176306074503,1.0,0.0003,1.0,3817.572870016098
depth4_bal_MAAMAAMM,4,MAAMAAMM,14175,170100,1.163440465927124,1.8733706871668498,1.8778136287416731,0.5571148825065274,0.37467362924281983,0.351493455643808,1.0,0.0003,1.0,3825.8139777183533
depth4_bal_MAAMAAMM,4,MAAMAAMM,14200,170400,1.2082823812961578,1.9622807502746582,1.9782606158937728,0.5221932114882507,0.3185378590078329,0.30954245441324535,1.0,0.0003,1.0,3833.757823228836
depth4_bal_MAAMAAMM,4,MAAMAAMM,14225,170700,1.1625741918881733,1.865757664044698,1.8568925040108817,0.5447127937336814,0.3537859007832898,0.3674907707797293,1.0,0.0003,1.0,3841.852785587311
depth4_bal_MAAMAAMM,4,MAAMAAMM,14250,171000,1.2395662367343903,2.014715592066447,1.9758069106510707,0.4964099216710183,0.3237597911227154,0.32218368945072157,1.0,0.0003,1.0,3849.8132808208466
depth4_bal_MAAMAAMM,4,MAAMAAMM,14275,171300,1.2706286509831746,1.9115933577219646,1.9036758933748519,0.47715404699738906,0.3224543080939948,0.3354961405078868,1.0,0.0003,1.0,3857.603800058365
depth4_bal_MAAMAAMM,4,MAAMAAMM,14300,171600,1.2218749125798543,1.9469000498453777,1.9411616257258824,0.48857702349869453,0.3302872062663185,0.32173621210426223,1.0,0.0003,1.0,3865.3828456401825
depth4_bal_MAAMAAMM,4,MAAMAAMM,14325,171900,1.1416321496168773,1.8387126922607422,1.8155012675694058,0.5456919060052219,0.3472584856396867,0.35015102360443,1.0,0.0003,1.0,3873.702339887619
depth4_bal_MAAMAAMM,4,MAAMAAMM,14350,172200,1.185844322045644,1.8503014246622722,1.8213313136781966,0.5231723237597912,0.381201044386423,0.37431480031323416,1.0,0.0003,1.0,3881.77264046669
depth4_bal_MAAMAAMM,4,MAAMAAMM,14375,172500,1.10977437098821,1.804829756418864,1.7709806203842162,0.575065274151436,0.391644908616188,0.39870231569526793,1.0,0.0003,1.0,3888.347660303116
depth4_bal_MAAMAAMM,4,MAAMAAMM,14400,172800,1.4498551686604817,1.8974053859710693,1.881955896105085,0.4435378590078329,0.34595300261096606,0.34232017004139165,1.0,0.0003,1.0,3891.372905254364
depth4_bal_MAAMAAMM,4,MAAMAAMM,14425,173100,1.160962184270223,1.849671761194865,1.861895489692688,0.5303524804177546,0.39033942558746737,0.3610023492560689,1.0,0.0003,1.0,3894.426716566086
depth4_bal_MAAMAAMM,4,MAAMAAMM,14450,173400,1.3065292537212372,2.101231018702189,2.0919490098953246,0.4526762402088773,0.2754569190600522,0.277435954804788,1.0,0.0003,1.0,3899.2265689373016
depth4_bal_MAAMAAMM,4,MAAMAAMM,14475,173700,1.1040304054816563,1.9086753924687703,1.853980415207999,0.5476501305483029,0.3772845953002611,0.37263676026401166,1.0,0.0003,1.0,3907.2159836292267
depth4_bal_MAAMAAMM,4,MAAMAAMM,14500,174000,1.355547805627187,2.043500304222107,2.0505199432373047,0.4510443864229765,0.27284595300261094,0.2738561360331133,1.0,0.0003,1.0,3915.428683757782
depth4_bal_MAAMAAMM,4,MAAMAAMM,14525,174300,1.12807297706604,2.013383070627848,1.9320081540516445,0.5460182767624021,0.3133159268929504,0.3186038706790469,1.0,0.0003,1.0,3923.5065841674805
depth4_bal_MAAMAAMM,4,MAAMAAMM,14550,174600,1.102930098772049,1.8898080190022786,1.832541104725429,0.556135770234987,0.3720626631853786,0.3715180668978633,1.0,0.0003,1.0,3931.4664907455444
depth4_bal_MAAMAAMM,4,MAAMAAMM,14575,174900,1.3784285088380177,2.0977062384287515,2.0847346203667776,0.4640992167101828,0.2558746736292428,0.26334041839131894,1.0,0.0003,1.0,3939.572784423828
depth4_bal_MAAMAAMM,4,MAAMAAMM,14600,175200,1.137273093064626,1.9508083661397297,1.91613678250994,0.5362271540469974,0.3577023498694517,0.3576462691576239,1.0,0.0003,1.0,3947.5357944965363
depth4_bal_MAAMAAMM,4,MAAMAAMM,14625,175500,1.3460080126921337,1.872819145520528,1.892412747655596,0.5489556135770235,0.34073107049608353,0.3557444904351717,1.0,0.0003,1.0,3955.3250358104706
depth4_bal_MAAMAAMM,4,MAAMAAMM,14650,175800,1.3774535059928894,2.0775345961252847,2.0838489634650093,0.43733681462140994,0.28067885117493474,0.2976843047320729,1.0,0.0003,1.0,3962.7139258384705
depth4_bal_MAAMAAMM,4,MAAMAAMM,14675,176100,1.2503356734911601,1.9480677048365276,1.965278993334089,0.493798955613577,0.3237597911227154,0.30562702763172617,1.0,0.0003,1.0,3970.7542116642
depth4_bal_MAAMAAMM,4,MAAMAAMM,14700,176400,1.5007031162579854,2.4260826905568442,2.4366638047354563,0.4066579634464752,0.2258485639686684,0.2021478912630048,1.0,0.0003,1.0,3978.483515024185
depth4_bal_MAAMAAMM,4,MAAMAAMM,14725,176700,1.4838548401991527,1.9407337109247844,1.9539836951664515,0.462467362924282,0.30678851174934724,0.3087593690569415,1.0,0.0003,1.0,3983.6368594169617
depth4_bal_MAAMAAMM,4,MAAMAAMM,14750,177000,1.1116434534390767,1.8609874248504639,1.797552694593157,0.5897519582245431,0.37467362924281983,0.38248126188611703,1.0,0.0003,1.0,3986.764167070389
depth4_bal_MAAMAAMM,4,MAAMAAMM,14775,177300,1.3429048458735149,2.0355087916056314,2.0164007902145387,0.4536553524804178,0.26631853785900783,0.2823582056158407,1.0,0.0003,1.0,3989.7759869098663
depth4_bal_MAAMAAMM,4,MAAMAAMM,14800,177600,1.0868529677391052,1.910178303718567,1.8610593693596975,0.5649477806788512,0.3563968668407311,0.3671551627698848,1.0,0.0003,1.0,3992.820139169693
depth4_bal_MAAMAAMM,4,MAAMAAMM,14825,177900,1.066003014643987,1.8260730107625325,1.772904327937535,0.5819190600522193,0.40600522193211486,0.39680053697281575,1.0,0.0003,1.0,3995.837231874466
depth4_bal_MAAMAAMM,4,MAAMAAMM,14850,178200,1.0838153560956318,1.9702125787734985,1.92490496635437,0.5900783289817232,0.3629242819843342,0.3681619867994183,1.0,0.0003,1.0,3998.9517192840576
depth4_bal_MAAMAAMM,4,MAAMAAMM,14875,178500,1.2136085828145344,2.19928248723348,2.1667659112385342,0.49902088772845954,0.26762402088772846,0.243092068464034,1.0,0.0003,1.0,4001.966677904129
depth4_bal_MAAMAAMM,4,MAAMAAMM,14900,178800,1.1490374505519867,1.8546018997828166,1.827201669556754,0.5329634464751958,0.37989556135770236,0.35921243987023155,1.0,0.0003,1.0,4009.205281496048
depth4_bal_MAAMAAMM,4,MAAMAAMM,14925,179100,1.0453843474388123,1.7895104090372722,1.7296792268753052,0.6429503916449086,0.4164490861618799,0.4115672894059738,1.0,0.0003,1.0,4017.0968470573425
depth4_bal_MAAMAAMM,4,MAAMAAMM,14950,179400,1.1785850326220195,1.962180495262146,1.8783828224454606,0.5169712793733682,0.3342036553524804,0.3405302606555543,1.0,0.0003,1.0,4025.1675713062286
depth4_bal_MAAMAAMM,4,MAAMAAMM,14975,179700,1.259929100672404,1.954429070154826,1.934762968335833,0.4703002610966057,0.36161879895561355,0.33862848193310213,1.0,0.0003,1.0,4033.2433693408966
depth4_bal_MAAMAAMM,4,MAAMAAMM,15000,180000,1.0600196421146393,1.871316949526469,1.8314793825149536,0.5828981723237598,0.3524804177545692,0.36860946414587764,1.0,0.0003,1.0,4041.012983083725
depth4_bal_MAAMAAMM,4,MAAMAAMM,15025,180300,1.1309722661972046,1.894388755162557,1.8368559394563948,0.5535248041775457,0.34856396866840733,0.3560800984450162,1.0,0.0003,1.0,4049.270613670349
depth4_bal_MAAMAAMM,4,MAAMAAMM,15050,180600,1.3678391973177593,2.1180546283721924,2.1268419878823415,0.43570496083550914,0.2650130548302872,0.246448148562479,1.0,0.0003,1.0,4057.2753167152405
depth4_bal_MAAMAAMM,4,MAAMAAMM,15075,180900,1.1811587909857433,1.8775047461191814,1.8725800173623222,0.5434073107049608,0.34464751958224543,0.36055487190960955,1.0,0.0003,1.0,4064.9775478839874
depth4_bal_MAAMAAMM,4,MAAMAAMM,15100,181200,1.51848703622818,2.227375348409017,2.071283149719238,0.4007832898172324,0.2819843342036554,0.28392437632844836,1.0,0.0003,1.0,4073.040209054947
depth4_bal_MAAMAAMM,4,MAAMAAMM,15125,181500,1.3088671664396923,2.1851117610931396,2.0636791365487235,0.4663838120104439,0.2506527415143603,0.2559570421747399,1.0,0.0003,1.0,4080.636942625046
depth4_bal_MAAMAAMM,4,MAAMAAMM,15150,181800,1.4399151305357616,2.0401331583658853,2.051586413383484,0.41906005221932113,0.2950391644908616,0.2745273520528023,1.0,0.0003,1.0,4088.5678329467773
depth4_bal_MAAMAAMM,4,MAAMAAMM,15175,182100,1.3752734462420146,1.9260454177856445,1.8859966618674142,0.44092689295039167,0.3577023498694517,0.3256516388857814,1.0,0.0003,1.0,4096.100904226303
depth4_bal_MAAMAAMM,4,MAAMAAMM,15200,182400,1.4583314061164856,1.9936051766077678,1.9118239436830793,0.4298302872062663,0.2963446475195822,0.3160308759369057,1.0,0.0003,1.0,4104.133782148361
depth4_bal_MAAMAAMM,4,MAAMAAMM,15225,182700,1.1003447671731312,1.81699005762736,1.8031161172049386,0.5623368146214099,0.3825065274151436,0.3725248909273968,1.0,0.0003,1.0,4112.336262702942
depth4_bal_MAAMAAMM,4,MAAMAAMM,15250,183000,1.1054191291332245,1.8058630625406902,1.852110597065517,0.5623368146214099,0.412532637075718,0.369728157512026,1.0,0.0003,1.0,4120.38867521286
depth4_bal_MAAMAAMM,4,MAAMAAMM,15275,183300,1.049307535092036,1.7597163518269856,1.728505161830357,0.6109660574412533,0.4177545691906005,0.4227542230674572,1.0,0.0003,1.0,4128.4553644657135
depth4_bal_MAAMAAMM,4,MAAMAAMM,15300,183600,1.1611274878184001,1.8308137655258179,1.8028802599225726,0.5254569190600522,0.381201044386423,0.38449490994518404,1.0,0.0003,1.0,4136.562323093414
depth4_bal_MAAMAAMM,4,MAAMAAMM,15325,183900,1.2232468724250793,1.8241235415140789,1.8093902111053466,0.5094647519582245,0.370757180156658,0.3511578476339635,1.0,0.0003,1.0,4144.775859832764
depth4_bal_MAAMAAMM,4,MAAMAAMM,15350,184200,1.0183282991250355,1.805577278137207,1.780409073829651,0.6129242819843342,0.412532637075718,0.40015661707126077,1.0,0.0003,1.0,4152.875092506409
depth4_bal_MAAMAAMM,4,MAAMAAMM,15375,184500,1.1047972440719604,1.7802648544311523,1.7660445179258073,0.5815926892950392,0.4281984334203655,0.3975836223291196,1.0,0.0003,1.0,4160.985504627228
depth4_bal_MAAMAAMM,4,MAAMAAMM,15400,184800,1.2334159016609192,2.2780444622039795,2.311308492933001,0.48825065274151436,0.2754569190600522,0.24152589775142633,1.0,0.0003,1.0,4166.627957820892
depth4_bal_MAAMAAMM,4,MAAMAAMM,15425,185100,1.3101705114046733,2.0815081199010215,2.077680243764605,0.4533289817232376,0.30809399477806787,0.2979080434053026,1.0,0.0003,1.0,4169.637934923172
depth4_bal_MAAMAAMM,4,MAAMAAMM,15450,185400,1.0431313912073772,1.802641232808431,1.7964758396148681,0.6201044386422977,0.40600522193211486,0.39445128090390424,1.0,0.0003,1.0,4172.671639919281
depth4_bal_MAAMAAMM,4,MAAMAAMM,15475,185700,1.2671687006950378,1.9816819032033284,1.9950937134878977,0.4830287206266319,0.3472584856396867,0.32643472424208525,1.0,0.0003,1.0,4179.4321808815
depth4_bal_MAAMAAMM,4,MAAMAAMM,15500,186000,1.221184531847636,1.8506498734156291,1.7920860869543893,0.5075065274151436,0.3681462140992167,0.371070589551404,1.0,0.0003,1.0,4184.020721435547
depth4_bal_MAAMAAMM,4,MAAMAAMM,15525,186300,1.3425854643185933,1.9382248719533284,1.93840811252594,0.4601827676240209,0.3093994778067885,0.30159973151359215,1.0,0.0003,1.0,4192.046019554138
depth4_bal_MAAMAAMM,4,MAAMAAMM,15550,186600,1.1851937770843506,2.0300889015197754,1.9883474384035382,0.506201044386423,0.2924281984334204,0.3076406756907932,1.0,0.0003,1.0,4200.150976896286
depth4_bal_MAAMAAMM,4,MAAMAAMM,15575,186900,1.1580734848976135,1.9852874676386516,1.979736726624625,0.5300261096605744,0.3133159268929504,0.2972368273856136,1.0,0.0003,1.0,4207.961512327194
depth4_bal_MAAMAAMM,4,MAAMAAMM,15600,187200,1.2980480988820393,1.9009701013565063,1.9217382975987025,0.5450391644908616,0.35117493472584854,0.346794943505985,1.0,0.0003,1.0,4215.547079324722
depth4_bal_MAAMAAMM,4,MAAMAAMM,15625,187500,1.2895359595616658,2.0604774157206216,1.9871405158724105,0.483355091383812,0.2859007832898172,0.2816869895961517,1.0,0.0003,1.0,4222.816615343094
depth4_bal_MAAMAAMM,4,MAAMAAMM,15650,187800,1.4537542760372162,2.009829878807068,1.9799102204186576,0.4751958224543081,0.3276762402088773,0.30887123839355635,1.0,0.0003,1.0,4230.547144651413
depth4_bal_MAAMAAMM,4,MAAMAAMM,15675,188100,1.3574368158976238,2.149121046066284,2.0842112711497713,0.44843342036553524,0.2898172323759791,0.27687660812171383,1.0,0.0003,1.0,4238.594709157944
depth4_bal_MAAMAAMM,4,MAAMAAMM,15700,188400,2.84373015165329,2.9457180500030518,3.0486850261688234,0.20300261096605743,0.12663185378590078,0.11846962747510907,1.0,0.0003,1.0,4246.54966211319
depth4_bal_MAAMAAMM,4,MAAMAAMM,15725,188700,1.8275205592314403,2.3874297936757407,2.466887664794922,0.389686684073107,0.2297650130548303,0.20796509676697617,1.0,0.0003,1.0,4254.375677585602
depth4_bal_MAAMAAMM,4,MAAMAAMM,15750,189000,1.6250242094198863,2.3143794536590576,2.3571002687726703,0.41612271540469975,0.24934725848563968,0.25674012753104375,1.0,0.0003,1.0,4262.097271680832
depth4_bal_MAAMAAMM,4,MAAMAAMM,15775,189300,1.9959183633327484,2.3516129652659097,2.410606118610927,0.36390339425587465,0.22715404699738903,0.2169146436961629,1.0,0.0003,1.0,4270.109945774078
depth4_bal_MAAMAAMM,4,MAAMAAMM,15800,189600,1.6964634656906128,2.4261533419291177,2.3706204210008894,0.35868146214099217,0.21018276762402088,0.22172502517060075,1.0,0.0003,1.0,4278.230619192123
depth4_bal_MAAMAAMM,4,MAAMAAMM,15825,189900,1.6155041257540386,2.255335013071696,2.2531086172376362,0.39719321148825065,0.24804177545691905,0.24622440988924935,1.0,0.0003,1.0,4283.501494407654
depth4_bal_MAAMAAMM,4,MAAMAAMM,15850,190200,1.4479740659395854,2.18721866607666,2.1714406933103287,0.4745430809399478,0.26240208877284593,0.26468285043069695,1.0,0.0003,1.0,4289.337491989136
depth4_bal_MAAMAAMM,4,MAAMAAMM,15875,190500,2.565737267335256,3.0977707703908286,2.9483240400041852,0.25032637075718017,0.11618798955613577,0.14151471081776484,1.0,0.0003,1.0,4292.672339916229
depth4_bal_MAAMAAMM,4,MAAMAAMM,15900,190800,2.1198946634928384,2.7858367760976157,2.6808601788112094,0.2780678851174935,0.15274151436031333,0.1641123168139613,1.0,0.0003,1.0,4300.672998189926
depth4_bal_MAAMAAMM,4,MAAMAAMM,15925,191100,2.02036260565122,2.7280710538228354,2.6455316611698696,0.2927545691906005,0.15013054830287206,0.16332923145765746,1.0,0.0003,1.0,4309.105143070221
depth4_bal_MAAMAAMM,4,MAAMAAMM,15950,191400,1.8878884514172871,2.6466263135274253,2.609093087060111,0.3358355091383812,0.17362924281984335,0.18368945072155723,1.0,0.0003,1.0,4316.741714715958
depth4_bal_MAAMAAMM,4,MAAMAAMM,15975,191700,1.9006575246651967,2.645146449406942,2.613966369628906,0.31462140992167104,0.17362924281984335,0.173061863743148,1.0,0.0003,1.0,4324.92914223671
depth4_bal_MAAMAAMM,4,MAAMAAMM,16000,192000,1.9325815935929616,2.6932992140452066,2.6300795010157993,0.31266318537859006,0.16057441253263707,0.16724465823917664,1.0,0.0003,1.0,4332.924310922623
depth4_bal_MAAMAAMM,4,MAAMAAMM,16025,192300,2.034438262383143,2.6663272380828857,2.6175297941480364,0.27382506527415146,0.16318537859007834,0.16187493008166462,1.0,0.0003,1.0,4341.191498994827
depth4_bal_MAAMAAMM,4,MAAMAAMM,16050,192600,1.7860867977142334,2.5556883811950684,2.526793302808489,0.33616187989556134,0.1409921671018277,0.18257075735540887,1.0,0.0003,1.0,4346.700740337372
depth4_bal_MAAMAAMM,4,MAAMAAMM,16075,192900,1.8968206644058228,2.4697208404541016,2.512423746926444,0.304177545691906,0.16971279373368145,0.17518738113882984,1.0,0.0003,1.0,4354.743918895721
depth4_bal_MAAMAAMM,4,MAAMAAMM,16100,193200,1.673652172088623,2.4272659619649253,2.4250222069876535,0.36357702349869453,0.22323759791122716,0.23045083342655778,1.0,0.0003,1.0,4362.783494949341
depth4_bal_MAAMAAMM,4,MAAMAAMM,16125,193500,2.844364066918691,3.0847907861073813,3.021863889694214,0.17330287206266318,0.11096605744125326,0.10750643248685535,1.0,0.0003,1.0,4370.076832532883
depth4_bal_MAAMAAMM,4,MAAMAAMM,16150,193800,1.6286115248998005,2.227891206741333,2.299542563302176,0.36390339425587465,0.2297650130548303,0.24454636984002684,1.0,0.0003,1.0,4378.266762256622
depth4_bal_MAAMAAMM,4,MAAMAAMM,16175,194100,1.5627905627091725,2.1762044429779053,2.1720364604677473,0.3831592689295039,0.24151436031331594,0.24421076183018234,1.0,0.0003,1.0,4386.100795984268
depth4_bal_MAAMAAMM,4,MAAMAAMM,16200,194400,1.4615116318066914,2.0764628648757935,2.155898666381836,0.47095300261096606,0.293733681462141,0.28526680836782636,1.0,0.0003,1.0,4394.008265972137
depth4_bal_MAAMAAMM,4,MAAMAAMM,16225,194700,1.3622655669848125,2.046297470728556,2.120998641422817,0.4781331592689295,0.28067885117493474,0.2860498937241302,1.0,0.0003,1.0,4402.008493185043
depth4_bal_MAAMAAMM,4,MAAMAAMM,16250,195000,1.2796445786952972,2.0194275776545205,2.0628918818065096,0.5114229765013055,0.27676240208877284,0.30618637431480034,1.0,0.0003,1.0,4410.241315841675
depth4_bal_MAAMAAMM,4,MAAMAAMM,16275,195300,1.522873193025589,2.2840731938680015,2.237263516017369,0.43733681462140994,0.23759791122715404,0.26736771450945296,1.0,0.0003,1.0,4418.375344514847
depth4_bal_MAAMAAMM,4,MAAMAAMM,16300,195600,1.2907421290874481,2.0190542538960776,2.063657351902553,0.4774804177545692,0.2885117493472585,0.29678935003915424,1.0,0.0003,1.0,4426.459131002426
depth4_bal_MAAMAAMM,4,MAAMAAMM,16325,195900,1.2297123869260151,2.018357992172241,2.068071038382394,0.5313315926892951,0.27154046997389036,0.29320953126747956,1.0,0.0003,1.0,4434.2879140377045
depth4_bal_MAAMAAMM,4,MAAMAAMM,16350,196200,1.3097626666227977,1.9040108521779378,1.9779175213405065,0.5456919060052219,0.32506527415143605,0.3101018010963195,1.0,0.0003,1.0,4442.48267698288
depth4_bal_MAAMAAMM,4,MAAMAAMM,16375,196500,1.495044857263565,2.0928557316462197,2.1404018231800626,0.45039164490861616,0.2741514360313316,0.2589775142633404,1.0,0.0003,1.0,4450.407983541489
depth4_bal_MAAMAAMM,4,MAAMAAMM,16400,196800,1.3216590881347656,2.045822580655416,2.1046445744378226,0.4872715404699739,0.2741514360313316,0.28358876831860386,1.0,0.0003,1.0,4458.033134460449
depth4_bal_MAAMAAMM,4,MAAMAAMM,16425,197100,1.526686817407608,2.074620246887207,2.091123689923968,0.4197127937336815,0.2689295039164491,0.2853786777044412,1.0,0.0003,1.0,4466.181825637817
depth4_bal_MAAMAAMM,4,MAAMAAMM,16450,197400,1.1985026001930237,1.961909294128418,2.015496165411813,0.5091383812010444,0.31201044386422977,0.3156952679270612,1.0,0.0003,1.0,4474.021739721298
depth4_bal_MAAMAAMM,4,MAAMAAMM,16475,197700,1.3524623016516368,2.154822746912638,2.1904738664627077,0.4575718015665796,0.2689295039164491,0.271395010627587,1.0,0.0003,1.0,4481.931902885437
depth4_bal_MAAMAAMM,4,MAAMAAMM,16500,198000,1.3812510669231415,2.0226792097091675,2.082659922327314,0.4536553524804178,0.2859007832898172,0.29813178207853225,1.0,0.0003,1.0,4488.791090726852
depth4_bal_MAAMAAMM,4,MAAMAAMM,16525,198300,2.028957784175873,2.427600701649984,2.517735937663487,0.2777415143603133,0.16971279373368145,0.15001678040049224,1.0,0.0003,1.0,4497.04905295372
depth4_bal_MAAMAAMM,4,MAAMAAMM,16550,198600,1.233104983965556,1.8769811391830444,1.9539752892085485,0.5267624020887729,0.34464751958224543,0.33202819107282694,1.0,0.0003,1.0,4505.1359667778015
depth4_bal_MAAMAAMM,4,MAAMAAMM,16575,198900,1.120133250951767,1.9046821196873982,1.9734449659075055,0.5828981723237598,0.35509138381201044,0.35630383711824587,1.0,0.0003,1.0,4513.160049915314
depth4_bal_MAAMAAMM,4,MAAMAAMM,16600,199200,1.3285940686861675,2.141549269358317,2.1969987188066753,0.4872715404699739,0.2741514360313316,0.2503635753439982,1.0,0.0003,1.0,4518.993891477585
depth4_bal_MAAMAAMM,4,MAAMAAMM,16625,199500,1.2634053428967793,1.97387691338857,2.097137437547956,0.5143603133159269,0.3093994778067885,0.3163664839467502,1.0,0.0003,1.0,4522.384127378464
depth4_bal_MAAMAAMM,4,MAAMAAMM,16650,199800,1.2544229129950206,2.073084036509196,2.1241844824382237,0.5052219321148825,0.27284595300261094,0.28090390423984785,1.0,0.0003,1.0,4525.465213775635
depth4_bal_MAAMAAMM,4,MAAMAAMM,16675,200100,1.2419554094473522,2.2963884671529136,2.3791785717010496,0.5101174934725848,0.18929503916449086,0.19275086698735877,1.0,0.0003,1.0,4528.521778821945
depth4_bal_MAAMAAMM,4,MAAMAAMM,16700,200400,1.172887514034907,1.9072340726852417,1.9725706372942244,0.5414490861618799,0.3302872062663185,0.3356080098445016,1.0,0.0003,1.0,4535.982203006744
depth4_bal_MAAMAAMM,4,MAAMAAMM,16725,200700,1.2298007309436798,2.0342665910720825,2.125268748828343,0.5045691906005222,0.30156657963446476,0.28258194428907035,1.0,0.0003,1.0,4544.111309528351
depth4_bal_MAAMAAMM,4,MAAMAAMM,16750,201000,1.1164193550745647,1.920636773109436,2.0222691331590923,0.5616840731070496,0.3237597911227154,0.3180445239959727,1.0,0.0003,1.0,4552.080090761185
depth4_bal_MAAMAAMM,4,MAAMAAMM,16775,201300,1.10214564204216,1.8507341146469116,2.01695259979793,0.5910574412532638,0.34073107049608353,0.3366148338740351,1.0,0.0003,1.0,4559.862056970596
depth4_bal_MAAMAAMM,4,MAAMAAMM,16800,201600,1.1849196155865986,2.0865907669067383,2.1396333966936383,0.5424281984334204,0.2519582245430809,0.2725137039937353,1.0,0.0003,1.0,4568.01102232933
depth4_bal_MAAMAAMM,4,MAAMAAMM,16825,201900,1.0924589733282726,1.8417995373408,1.9844765050070627,0.5871409921671018,0.33550913838120106,0.3525002796733415,1.0,0.0003,1.0,4576.11945939064
depth4_bal_MAAMAAMM,4,MAAMAAMM,16850,202200,1.1270862023035686,1.9788228273391724,2.0597812959126065,0.5531984334203656,0.304177545691906,0.31524779058060187,1.0,0.0003,1.0,4583.498645782471
depth4_bal_MAAMAAMM,4,MAAMAAMM,16875,202500,1.2030323545138042,2.094350258509318,2.1291346039090837,0.5238250652741514,0.2584856396866841,0.2717306186374315,1.0,0.0003,1.0,4586.502135515213
depth4_bal_MAAMAAMM,4,MAAMAAMM,16900,202800,1.3205691874027252,2.107211192448934,2.1694537605558124,0.5009791122715405,0.2924281984334204,0.29309766193086473,1.0,0.0003,1.0,4589.604538440704
depth4_bal_MAAMAAMM,4,MAAMAAMM,16925,203100,1.6233736673990886,2.2790650526682534,2.3401234626770018,0.5228459530026109,0.293733681462141,0.280792034903233,1.0,0.0003,1.0,4592.619734287262
depth4_bal_MAAMAAMM,4,MAAMAAMM,16950,203400,1.2681173086166382,2.138967672983805,2.2180630922317506,0.5205613577023499,0.2885117493472585,0.3024946862065108,1.0,0.0003,1.0,4595.635055303574
depth4_bal_MAAMAAMM,4,MAAMAAMM,16975,203700,1.2973180413246155,2.1110236644744873,2.186579329626901,0.4931462140992167,0.2584856396866841,0.2762053921020248,1.0,0.0003,1.0,4598.629378795624
depth4_bal_MAAMAAMM,4,MAAMAAMM,17000,204000,1.2699558734893799,2.1855883995691934,2.277155658176967,0.4902088772845953,0.26762402088772846,0.272737442666965,1.0,0.0003,1.0,4601.740164041519
depth4_bal_MAAMAAMM,4,MAAMAAMM,17025,204300,1.2293157974878948,2.1569360891977944,2.2602334431239535,0.5094647519582245,0.2859007832898172,0.282134466942611,1.0,0.0003,1.0,4609.885346889496
depth4_bal_MAAMAAMM,4,MAAMAAMM,17050,204600,1.5508920550346375,2.432380040486654,2.5088186127798897,0.402088772845953,0.21018276762402088,0.21971137711153374,1.0,0.0003,1.0,4617.682271718979
depth4_bal_MAAMAAMM,4,MAAMAAMM,17075,204900,1.3517136474450429,2.115556478500366,2.175336469922747,0.456266318537859,0.27154046997389036,0.3008166461572883,1.0,0.0003,1.0,4623.942326545715
depth4_bal_MAAMAAMM,4,MAAMAAMM,17100,205200,2.229345719019572,2.8778189023335776,2.7512646198272703,0.331266318537859,0.14360313315926893,0.173061863743148,1.0,0.0003,1.0,4631.485287189484
depth4_bal_MAAMAAMM,4,MAAMAAMM,17125,205500,2.184118608633677,2.6713654200236,2.736273568017142,0.32506527415143605,0.1814621409921671,0.16758026624902114,1.0,0.0003,1.0,4636.745825767517
depth4_bal_MAAMAAMM,4,MAAMAAMM,17150,205800,1.6902967691421509,2.504233439763387,2.496904454912458,0.3847911227154047,0.2010443864229765,0.2090837901331245,1.0,0.0003,1.0,4640.27045583725
depth4_bal_MAAMAAMM,4,MAAMAAMM,17175,206100,1.5521992146968842,2.300246318181356,2.3785709653581892,0.3919712793733681,0.2258485639686684,0.22250811052690458,1.0,0.0003,1.0,4645.202879190445
depth4_bal_MAAMAAMM,4,MAAMAAMM,17200,206400,1.5896217028299968,2.4182801246643066,2.5195843832833424,0.3857702349869452,0.20887728459530025,0.2050564940149905,1.0,0.0003,1.0,4653.159804344177
depth4_bal_MAAMAAMM,4,MAAMAAMM,17225,206700,1.3957733809947968,2.025092442830404,2.120007862363543,0.44092689295039167,0.2519582245430809,0.28951784315919005,1.0,0.0003,1.0,4660.819900751114
depth4_bal_MAAMAAMM,4,MAAMAAMM,17250,207000,1.49953426917394,2.5434483687082925,2.711572694778442,0.4236292428198433,0.18929503916449086,0.18290636536525337,1.0,0.0003,1.0,4666.907027244568
depth4_bal_MAAMAAMM,4,MAAMAAMM,17275,207300,1.4491821626822154,2.1550991535186768,2.2303409167698454,0.4252610966057441,0.2402088772845953,0.2559570421747399,1.0,0.0003,1.0,4675.069944143295
depth4_bal_MAAMAAMM,4,MAAMAAMM,17300,207600,1.211017906665802,1.9181282917658489,2.031703094073704,0.5342689295039165,0.32114882506527415,0.3292314576574561,1.0,0.0003,1.0,4681.798041820526
depth4_bal_MAAMAAMM,4,MAAMAAMM,17325,207900,1.2108744382858276,1.9507593313852947,2.1018844740731377,0.5101174934725848,0.3093994778067885,0.3169258306298244,1.0,0.0003,1.0,4687.542710065842
depth4_bal_MAAMAAMM,4,MAAMAAMM,17350,208200,1.188285360733668,1.923683524131775,2.0059421096529277,0.5440600522193212,0.30156657963446476,0.3292314576574561,1.0,0.0003,1.0,4695.506568670273
depth4_bal_MAAMAAMM,4,MAAMAAMM,17375,208500,1.2440073887507122,2.078250249226888,2.190021678379604,0.5094647519582245,0.2819843342036554,0.29376887795055373,1.0,0.0003,1.0,4703.599191188812
depth4_bal_MAAMAAMM,4,MAAMAAMM,17400,208800,1.1841491957505543,2.2156070868174234,2.352059371130807,0.5388381201044387,0.24412532637075718,0.23022709475332812,1.0,0.0003,1.0,4711.358154535294
depth4_bal_MAAMAAMM,4,MAAMAAMM,17425,209100,1.1383518675963085,1.9503358205159504,2.0210901294435772,0.5447127937336814,0.33159268929503916,0.34735429018905917,1.0,0.0003,1.0,4718.729782581329
depth4_bal_MAAMAAMM,4,MAAMAAMM,17450,209400,1.3569172024726868,2.0123829444249473,2.0987188407352995,0.4774804177545692,0.30548302872062666,0.3007047768206735,1.0,0.0003,1.0,4726.858678817749
depth4_bal_MAAMAAMM,4,MAAMAAMM,17475,209700,1.435855468114217,2.2213641007741294,2.3711279937199183,0.4275456919060052,0.23368146214099217,0.23839355632621098,1.0,0.0003,1.0,4734.796035289764
depth4_bal_MAAMAAMM,4,MAAMAAMM,17500,210000,1.3159123361110687,1.9587690035502117,2.0860571111951556,0.49510443864229764,0.283289817232376,0.2972368273856136,1.0,0.0003,1.0,4742.614801645279
depth4_bal_MAAMAAMM,4,MAAMAAMM,17525,210300,1.2211509943008423,2.0594677527745566,2.1888500588280815,0.5094647519582245,0.2558746736292428,0.2913077525450274,1.0,0.0003,1.0,4750.534818410873
depth4_bal_MAAMAAMM,4,MAAMAAMM,17550,210600,1.1456736624240875,1.932952841122945,2.1084606783730644,0.5430809399477807,0.304177545691906,0.31390535854122387,1.0,0.0003,1.0,4758.6844830513
depth4_bal_MAAMAAMM,4,MAAMAAMM,17575,210900,1.2564372420310974,1.8773462375005086,1.9896847827093942,0.560378590078329,0.3302872062663185,0.34601185814968116,1.0,0.0003,1.0,4763.761390924454
depth4_bal_MAAMAAMM,4,MAAMAAMM,17600,211200,1.3157663146654766,2.0201820929845176,2.1787560871669225,0.4683420365535248,0.2950391644908616,0.29712495804899874,1.0,0.0003,1.0,4766.767780303955
depth4_bal_MAAMAAMM,4,MAAMAAMM,17625,211500,2.7443540692329407,2.7740286191304526,2.8015566621507917,0.23368146214099217,0.18407310704960836,0.17720102919789685,1.0,0.0003,1.0,4769.76776766777
depth4_bal_MAAMAAMM,4,MAAMAAMM,17650,211800,1.3443177839120228,2.0776235262552896,2.1658750091280257,0.462467362924282,0.27284595300261094,0.2755341760823358,1.0,0.0003,1.0,4772.886943101883
depth4_bal_MAAMAAMM,4,MAAMAAMM,17675,212100,1.1529956062634785,2.0338805119196572,2.1386231797082083,0.5342689295039165,0.2519582245430809,0.27665286944848416,1.0,0.0003,1.0,4775.8845908641815
depth4_bal_MAAMAAMM,4,MAAMAAMM,17700,212400,1.1252430776755016,1.988734523455302,2.1460586718150547,0.5593994778067886,0.2793733681462141,0.2691576238952903,1.0,0.0003,1.0,4778.875554561615
depth4_bal_MAAMAAMM,4,MAAMAAMM,17725,212700,1.1544533371925354,1.8321983019510906,1.9199859244482858,0.5466710182767625,0.34203655352480417,0.3527240183465712,1.0,0.0003,1.0,4781.979021310806
depth4_bal_MAAMAAMM,4,MAAMAAMM,17750,213000,1.145491898059845,1.8480677207310994,1.972070108141218,0.556135770234987,0.3342036553524804,0.32967893500391543,1.0,0.0003,1.0,4784.981426715851
depth4_bal_MAAMAAMM,4,MAAMAAMM,17775,213300,0.9996904283761978,1.7864957253138225,1.8884081193378994,0.6403394255874674,0.37989556135770236,0.37823022709475335,1.0,0.0003,1.0,4787.977560520172
depth4_bal_MAAMAAMM,4,MAAMAAMM,17800,213600,1.1413326462109883,1.8771629333496094,1.9780095985957555,0.5430809399477807,0.3381201044386423,0.345452511466607,1.0,0.0003,1.0,4790.9654042720795
depth4_bal_MAAMAAMM,4,MAAMAAMM,17825,213900,1.1076416422923405,1.8030158281326294,1.9209781680788314,0.5678851174934726,0.3577023498694517,0.352164671663497,1.0,0.0003,1.0,4797.995247125626
depth4_bal_MAAMAAMM,4,MAAMAAMM,17850,214200,1.367170015970866,2.1938127676645913,2.4483024188450404,0.48074412532637073,0.27676240208877284,0.25047544468061306,1.0,0.0003,1.0,4805.902604103088
depth4_bal_MAAMAAMM,4,MAAMAAMM,17875,214500,1.2726341585318248,1.9296880960464478,2.0265820162636894,0.489556135770235,0.2898172323759791,0.3007047768206735,1.0,0.0003,1.0,4813.967063188553
depth4_bal_MAAMAAMM,4,MAAMAAMM,17900,214800,1.0884136855602264,1.8614598512649536,1.967854700769697,0.5727806788511749,0.34856396866840733,0.3365029645374203,1.0,0.0003,1.0,4821.825486898422
depth4_bal_MAAMAAMM,4,MAAMAAMM,17925,215100,1.1510772407054901,2.0286488135655723,2.140670646939959,0.5326370757180157,0.31201044386422977,0.2897415818324197,1.0,0.0003,1.0,4829.841775178909
depth4_bal_MAAMAAMM,4,MAAMAAMM,17950,215400,1.4819566110769908,2.0710333983103433,2.1821084192820956,0.408289817232376,0.27676240208877284,0.26871014654883096,1.0,0.0003,1.0,4837.517012834549
depth4_bal_MAAMAAMM,4,MAAMAAMM,17975,215700,1.0227970828612645,1.8099349737167358,1.9565961463110788,0.6099869451697127,0.38511749347258484,0.36581273073050674,1.0,0.0003,1.0,4844.719258546829
depth4_bal_MAAMAAMM,4,MAAMAAMM,18000,216000,1.1002139846483867,1.8147293329238892,1.9043861389160157,0.5636422976501305,0.34073107049608353,0.3517171943170377,1.0,0.0003,1.0,4852.850195884705
depth4_bal_MAAMAAMM,4,MAAMAAMM,18025,216300,1.0302018970251083,1.8347760041554768,1.9437148366655623,0.6070496083550914,0.3733681462140992,0.3721892829175523,1.0,0.0003,1.0,4861.223643541336
depth4_bal_MAAMAAMM,4,MAAMAAMM,18050,216600,1.085685710112254,1.9155545234680176,2.023902807916914,0.5704960835509139,0.3263707571801567,0.32967893500391543,1.0,0.0003,1.0,4869.323086738586
depth4_bal_MAAMAAMM,4,MAAMAAMM,18075,216900,1.0406628052393596,1.8317352533340454,1.959884742328099,0.6106396866840731,0.34595300261096606,0.34097773800201364,1.0,0.0003,1.0,4877.23810172081
depth4_bal_MAAMAAMM,4,MAAMAAMM,18100,217200,1.3136844038963318,2.0144855976104736,2.1527223791394916,0.4699738903394256,0.31201044386422977,0.2896297124958049,1.0,0.0003,1.0,4885.448456048965
depth4_bal_MAAMAAMM,4,MAAMAAMM,18125,217500,1.1177790959676106,1.8637550671895344,1.988449536051069,0.5636422976501305,0.3537859007832898,0.3452287727933773,1.0,0.0003,1.0,4893.53261256218
depth4_bal_MAAMAAMM,4,MAAMAAMM,18150,217800,1.6251372794310253,2.0181471506754556,2.0788786036627633,0.42036553524804177,0.26631853785900783,0.2764291307752545,1.0,0.0003,1.0,4901.372164964676
depth4_bal_MAAMAAMM,4,MAAMAAMM,18175,218100,1.110382745663325,1.9960501194000244,2.129343673161098,0.5587467362924282,0.2859007832898172,0.28694484841704887,1.0,0.0003,1.0,4908.473723888397
depth4_bal_MAAMAAMM,4,MAAMAAMM,18200,218400,1.1632355848948162,1.8958543141682942,2.0197358540126253,0.5359007832898173,0.3276762402088773,0.3170376999664392,1.0,0.0003,1.0,4916.46577501297
depth4_bal_MAAMAAMM,4,MAAMAAMM,18225,218700,1.153275857369105,1.9186455011367798,2.006745992388044,0.5450391644908616,0.3002610966057441,0.3212887347578029,1.0,0.0003,1.0,4924.1684584617615
depth4_bal_MAAMAAMM,4,MAAMAAMM,18250,219000,1.3861454526583354,2.0354042450586953,2.1651275634765623,0.4487597911227154,0.26109660574412535,0.2503635753439982,1.0,0.0003,1.0,4932.37099981308
depth4_bal_MAAMAAMM,4,MAAMAAMM,18275,219300,1.2072704136371613,1.8631404240926106,2.0002630404063635,0.5081592689295039,0.33159268929503916,0.34008278330909497,1.0,0.0003,1.0,4940.251707792282
depth4_bal_MAAMAAMM,4,MAAMAAMM,18300,219600,0.9685623099406561,1.7525551716486614,1.8839240789413452,0.6569843342036553,0.3772845953002611,0.38348808591565053,1.0,0.0003,1.0,4948.200971364975
depth4_bal_MAAMAAMM,4,MAAMAAMM,18325,219900,0.9813249011834463,1.8159044583638508,1.9440022366387504,0.6308746736292428,0.35117493472584854,0.3603311332363799,1.0,0.0003,1.0,4955.905042171478
depth4_bal_MAAMAAMM,4,MAAMAAMM,18350,220200,1.1853122015794118,1.9842720826466878,2.1134342670440676,0.5244778067885117,0.30809399477806787,0.31345788119476453,1.0,0.0003,1.0,4964.076797962189
depth4_bal_MAAMAAMM,4,MAAMAAMM,18375,220500,1.30427082379659,1.9702788988749187,2.0829021964754375,0.512402088772846,0.31070496083550914,0.3024946862065108,1.0,0.0003,1.0,4972.071561098099
depth4_bal_MAAMAAMM,4,MAAMAAMM,18400,220800,1.0785683741172154,1.896758000055949,2.0247808626719883,0.5757180156657964,0.3224543080939948,0.3216243427676474,1.0,0.0003,1.0,4980.334607839584
depth4_bal_MAAMAAMM,4,MAAMAAMM,18425,221100,1.0864914804697037,1.7670382261276245,1.9056172507149833,0.5848563968668408,0.36553524804177545,0.3607786105828392,1.0,0.0003,1.0,4988.502685546875
depth4_bal_MAAMAAMM,4,MAAMAAMM,18450,221400,1.2023221949736278,1.930417497952779,2.057180210522243,0.5006527415143603,0.3093994778067885,0.3060745049781855,1.0,0.0003,1.0,4996.665356397629
depth4_bal_MAAMAAMM,4,MAAMAAMM,18475,221700,1.0092118630806606,1.8859532674153645,2.04208106313433,0.6220626631853786,0.34464751958224543,0.32408546817317374,1.0,0.0003,1.0,5003.338184118271
depth4_bal_MAAMAAMM,4,MAAMAAMM,18500,222000,0.9801765729983648,1.8121810754140217,1.9696920258658273,0.6253263707571801,0.3368146214099217,0.33929969795279113,1.0,0.0003,1.0,5010.795941114426
depth4_bal_MAAMAAMM,4,MAAMAAMM,18525,222300,1.0969640115896861,1.9276846249898274,2.103815153666905,0.5711488250652742,0.32506527415143605,0.30920684640340085,1.0,0.0003,1.0,5017.331418514252
depth4_bal_MAAMAAMM,4,MAAMAAMM,18550,222600,1.7650726934274037,2.153384208679199,2.2180626324244908,0.46116187989556134,0.2950391644908616,0.27866651750755117,1.0,0.0003,1.0,5020.6294028759
depth4_bal_MAAMAAMM,4,MAAMAAMM,18575,222900,1.329880068699519,2.020176331202189,2.1061942952019828,0.5006527415143603,0.31070496083550914,0.29678935003915424,1.0,0.0003,1.0,5023.95060300827
depth4_bal_MAAMAAMM,4,MAAMAAMM,18600,223200,1.2351500391960144,2.007943789164225,2.0894364765712194,0.5153394255874674,0.34073107049608353,0.3226311667971809,1.0,0.0003,1.0,5026.978726387024
depth4_bal_MAAMAAMM,4,MAAMAAMM,18625,223500,1.303836574157079,1.8663599093755086,1.9656295844486782,0.518603133159269,0.3368146214099217,0.33068575903344893,1.0,0.0003,1.0,5030.38689827919
depth4_bal_MAAMAAMM,4,MAAMAAMM,18650,223800,1.1002443432807922,1.9295790990193684,2.0456000294004166,0.5799608355091384,0.3342036553524804,0.3408658686653988,1.0,0.0003,1.0,5033.46102309227
depth4_bal_MAAMAAMM,4,MAAMAAMM,18675,224100,1.1340132355690002,1.922891656557719,2.035302301815578,0.5509138381201044,0.33159268929503916,0.3378453965767983,1.0,0.0003,1.0,5036.99184513092
depth4_bal_MAAMAAMM,4,MAAMAAMM,18700,224400,1.5532956222693126,1.9589868386586506,2.0371240173067364,0.42656657963446476,0.2793733681462141,0.27855464817093634,1.0,0.0003,1.0,5045.04030752182
depth4_bal_MAAMAAMM,4,MAAMAAMM,18725,224700,1.1689361929893494,1.9143344163894653,2.0398047004427227,0.5349216710182768,0.3433420365535248,0.3180445239959727,1.0,0.0003,1.0,5053.098830699921
depth4_bal_MAAMAAMM,4,MAAMAAMM,18750,225000,1.0682122111320496,1.866484522819519,1.9810209001813617,0.5864882506527415,0.33159268929503916,0.3315807137263676,1.0,0.0003,1.0,5061.127251625061
depth4_bal_MAAMAAMM,4,MAAMAAMM,18775,225300,2.266653209924698,2.5387823581695557,2.5856970855167933,0.3266971279373368,0.21018276762402088,0.2209419398142969,1.0,0.0003,1.0,5069.251470327377
depth4_bal_MAAMAAMM,4,MAAMAAMM,18800,225600,1.366812785466512,2.091189384460449,2.198484836305891,0.445822454308094,0.2793733681462141,0.275422306745721,1.0,0.0003,1.0,5077.241839170456
depth4_bal_MAAMAAMM,4,MAAMAAMM,18825,225900,1.1965893904368083,1.9799275398254395,2.097198029926845,0.5075065274151436,0.3224543080939948,0.3054032889584965,1.0,0.0003,1.0,5085.218177556992
depth4_bal_MAAMAAMM,4,MAAMAAMM,18850,226200,1.1182535390059154,2.04119078318278,2.177871656417847,0.5558093994778068,0.27284595300261094,0.2581944289070366,1.0,0.0003,1.0,5093.099440574646
depth4_bal_MAAMAAMM,4,MAAMAAMM,18875,226500,0.9845226258039474,1.805503010749817,1.9150726284299577,0.6351174934725848,0.37597911227154046,0.38650855800425105,1.0,0.0003,1.0,5100.801132678986
depth4_bal_MAAMAAMM,4,MAAMAAMM,18900,226800,1.11150058110555,2.046725074450175,2.1566235508237566,0.5642950391644909,0.2845953002610966,0.2755341760823358,1.0,0.0003,1.0,5108.678807973862
depth4_bal_MAAMAAMM,4,MAAMAAMM,18925,227100,1.0700151026248932,1.7366899649302165,1.8561630828039988,0.6357702349869452,0.3825065274151436,0.3830406085691912,1.0,0.0003,1.0,5116.578220367432
depth4_bal_MAAMAAMM,4,MAAMAAMM,18950,227400,1.0835354973872502,1.9538164536158245,2.1012626920427593,0.5629895561357703,0.3093994778067885,0.31088488645262335,1.0,0.0003,1.0,5124.599434375763
depth4_bal_MAAMAAMM,4,MAAMAAMM,18975,227700,1.0220786184072495,1.9320987860361736,2.0448408126831055,0.6044386422976501,0.3133159268929504,0.3280008949546929,1.0,0.0003,1.0,5132.569475650787
depth4_bal_MAAMAAMM,4,MAAMAAMM,19000,228000,1.0345945606629054,1.8843923012415569,2.025380321911403,0.5900783289817232,0.34073107049608353,0.3331468844389753,1.0,0.0003,1.0,5139.322076559067
depth4_bal_MAAMAAMM,4,MAAMAAMM,19025,228300,0.9869280705849329,1.9074588616689045,1.9907927683421545,0.6292428198433421,0.3629242819843342,0.36312786665175073,1.0,0.0003,1.0,5146.200115203857
depth4_bal_MAAMAAMM,4,MAAMAAMM,19050,228600,1.0779515107472737,1.8565058310826619,1.9975169113704137,0.5714751958224543,0.3472584856396867,0.33997091397248014,1.0,0.0003,1.0,5154.364588975906
depth4_bal_MAAMAAMM,4,MAAMAAMM,19075,228900,1.1228004395961761,1.9244160652160645,2.060666057041713,0.5460182767624021,0.3276762402088773,0.3288958496476116,1.0,0.0003,1.0,5162.453959226608
depth4_bal_MAAMAAMM,4,MAAMAAMM,19100,229200,0.9918260524670283,1.848853866259257,1.9748475313186646,0.6276109660574413,0.3263707571801567,0.35194093299026735,1.0,0.0003,1.0,5170.19281411171
depth4_bal_MAAMAAMM,4,MAAMAAMM,19125,229500,1.0000863869984944,1.7904007037480671,1.9150589976991925,0.6413185378590078,0.36553524804177545,0.3747622776596935,1.0,0.0003,1.0,5178.226392030716
depth4_bal_MAAMAAMM,4,MAAMAAMM,19150,229800,1.189168393611908,1.8781647682189941,2.0012042011533464,0.5329634464751958,0.34073107049608353,0.32307864414364024,1.0,0.0003,1.0,5186.035702943802
depth4_bal_MAAMAAMM,4,MAAMAAMM,19175,230100,1.2548057734966278,1.8775018056233723,1.972894321169172,0.5427545691906005,0.3472584856396867,0.3359436178543461,1.0,0.0003,1.0,5194.0777270793915
depth4_bal_MAAMAAMM,4,MAAMAAMM,19200,230400,1.2011541028817494,2.096627632776896,2.2481557505471366,0.5283942558746736,0.2741514360313316,0.2593131222731849,1.0,0.0003,1.0,5202.141015052795
depth4_bal_MAAMAAMM,4,MAAMAAMM,19225,230700,1.1170868178208668,1.8474143346150715,2.0085774115153723,0.5620104438642297,0.3289817232375979,0.3295670656673006,1.0,0.0003,1.0,5210.12978553772
depth4_bal_MAAMAAMM,4,MAAMAAMM,19250,231000,1.0092114905516307,1.7850690285364788,1.9368072271347045,0.610313315926893,0.38511749347258484,0.375769101689227,1.0,0.0003,1.0,5217.9959416389465
depth4_bal_MAAMAAMM,4,MAAMAAMM,19275,231300,1.5329130987326305,2.38104510307312,2.4234914234706335,0.45071801566579633,0.26109660574412535,0.27732408546817316,1.0,0.0003,1.0,5225.72211766243
depth4_bal_MAAMAAMM,4,MAAMAAMM,19300,231600,1.322336753209432,2.0959560871124268,2.2311351367405483,0.46279373368146215,0.2349869451697128,0.2549502181452064,1.0,0.0003,1.0,5233.343012809753
depth4_bal_MAAMAAMM,4,MAAMAAMM,19325,231900,0.9638427893320719,1.8557865222295125,1.9477742058890206,0.6377284595300261,0.3524804177545692,0.373084237610471,1.0,0.0003,1.0,5241.39236164093
depth4_bal_MAAMAAMM,4,MAAMAAMM,19350,232200,1.0862745642662048,1.9291723171869914,2.0987450327192034,0.5675587467362925,0.33550913838120106,0.3410896073386285,1.0,0.0003,1.0,5249.473292350769
depth4_bal_MAAMAAMM,4,MAAMAAMM,19375,232500,1.3585190176963806,2.1773108641306558,2.363805750438145,0.4765013054830287,0.2793733681462141,0.2645709810940821,1.0,0.0003,1.0,5257.573386192322
depth4_bal_MAAMAAMM,4,MAAMAAMM,19400,232800,0.9903365820646286,1.8601054747899373,2.0282464844839914,0.6393603133159269,0.36553524804177545,0.36737890144311447,1.0,0.0003,1.0,5265.739778995514
depth4_bal_MAAMAAMM,4,MAAMAAMM,19425,233100,1.1787990927696228,1.9629976352055867,2.132602037702288,0.5205613577023499,0.3302872062663185,0.3299026736771451,1.0,0.0003,1.0,5273.966398239136
depth4_bal_MAAMAAMM,4,MAAMAAMM,19450,233400,1.5180680354436238,3.3959554036458335,3.3080875601087296,0.48400783289817234,0.2010443864229765,0.2212775478241414,1.0,0.0003,1.0,5282.110111713409
depth4_bal_MAAMAAMM,4,MAAMAAMM,19475,233700,1.0529336432615917,1.9427707195281982,2.1278594323566984,0.5806135770234987,0.36161879895561355,0.3435507327441548,1.0,0.0003,1.0,5289.858887195587
depth4_bal_MAAMAAMM,4,MAAMAAMM,19500,234000,0.9872152308622996,1.8752930164337158,2.0585297516414096,0.6377284595300261,0.3629242819843342,0.36357534399821007,1.0,0.0003,1.0,5297.972740888596
depth4_bal_MAAMAAMM,4,MAAMAAMM,19525,234300,1.132343828678131,1.9586756626764934,2.0648318222590856,0.5724543080939948,0.3289817232375979,0.3199463027184249,1.0,0.0003,1.0,5305.716518878937
depth4_bal_MAAMAAMM,4,MAAMAAMM,19550,234600,1.2424388627211254,1.9692750771840413,2.1307325022561208,0.5133812010443864,0.2780678851174935,0.27128314129097214,1.0,0.0003,1.0,5311.575487613678
depth4_bal_MAAMAAMM,4,MAAMAAMM,19575,234900,1.298967291911443,2.3332077662150064,2.517870569229126,0.4585509138381201,0.2362924281984334,0.210090614162658,1.0,0.0003,1.0,5314.608066558838
depth4_bal_MAAMAAMM,4,MAAMAAMM,19600,235200,0.9917188733816147,1.8510329325993855,1.981126550265721,0.6295691906005222,0.3368146214099217,0.36693142409665513,1.0,0.0003,1.0,5321.056517601013
depth4_bal_MAAMAAMM,4,MAAMAAMM,19625,235500,1.145599643389384,2.0766056378682456,2.2349897180284772,0.5218668407310705,0.2780678851174935,0.27396800536972815,1.0,0.0003,1.0,5329.1890873909
depth4_bal_MAAMAAMM,4,MAAMAAMM,19650,235800,1.787908285856247,2.446757952372233,2.623092603683472,0.358355091383812,0.20234986945169714,0.1967781631054928,1.0,0.0003,1.0,5337.264442443848
depth4_bal_MAAMAAMM,4,MAAMAAMM,19675,236100,1.2821002503236134,1.9379615386327107,2.065341343198504,0.49673629242819844,0.2963446475195822,0.31356975053137937,1.0,0.0003,1.0,5345.386026859283
depth4_bal_MAAMAAMM,4,MAAMAAMM,19700,236400,0.9652538647254308,1.8138562440872192,1.9542439562933787,0.6302219321148825,0.3772845953002611,0.37957265913413135,1.0,0.0003,1.0,5353.589314937592
depth4_bal_MAAMAAMM,4,MAAMAAMM,19725,236700,1.1848098039627075,2.4766910870869956,2.5261021409715925,0.5486292428198434,0.27284595300261094,0.2784427788343215,1.0,0.0003,1.0,5361.729066133499
depth4_bal_MAAMAAMM,4,MAAMAAMM,19750,237000,1.1342486937840779,1.976613998413086,2.136568215915135,0.5427545691906005,0.30809399477806787,0.3165902226199799,1.0,0.0003,1.0,5369.177155971527
depth4_bal_MAAMAAMM,4,MAAMAAMM,19775,237300,1.0495143334070842,1.8315954208374023,1.981901604788644,0.6243472584856397,0.34856396866840733,0.3610023492560689,1.0,0.0003,1.0,5377.207294225693
depth4_bal_MAAMAAMM,4,MAAMAAMM,19800,237600,1.0073994547128677,1.9003921747207642,2.0655392919267928,0.608355091383812,0.33550913838120106,0.34366260208076965,1.0,0.0003,1.0,5385.061807870865
depth4_bal_MAAMAAMM,4,MAAMAAMM,19825,237900,1.0705401202042897,1.9192923704783122,2.0628317424229214,0.5969321148825065,0.31201044386422977,0.33079762837006377,1.0,0.0003,1.0,5390.8844838142395
depth4_bal_MAAMAAMM,4,MAAMAAMM,19850,238200,1.1254338175058365,2.164896567662557,2.294601569856916,0.5473237597911227,0.2689295039164491,0.28493120035798186,1.0,0.0003,1.0,5394.8059458732605
depth4_bal_MAAMAAMM,4,MAAMAAMM,19875,238500,1.0241872370243073,1.850473165512085,2.0442597218922205,0.5992167101827677,0.35117493472584854,0.3538427117127195,1.0,0.0003,1.0,5397.954527616501
depth4_bal_MAAMAAMM,4,MAAMAAMM,19900,238800,1.1145553241173427,2.035120368003845,2.0906160354614256,0.5910574412532638,0.3133159268929504,0.33773352724018346,1.0,0.0003,1.0,5400.969870090485
depth4_bal_MAAMAAMM,4,MAAMAAMM,19925,239100,1.1504825353622437,2.00545072555542,2.1449105433055333,0.5407963446475196,0.34856396866840733,0.3351605324980423,1.0,0.0003,1.0,5404.010714292526
depth4_bal_MAAMAAMM,4,MAAMAAMM,19950,239400,1.1771350999673207,1.851747194925944,2.0230630261557443,0.5858355091383812,0.35509138381201044,0.33840474325987246,1.0,0.0003,1.0,5407.016652584076
depth4_bal_MAAMAAMM,4,MAAMAAMM,19975,239700,1.0665668845176697,2.0327396392822266,2.17706024987357,0.5744125326370757,0.2780678851174935,0.2996979527911399,1.0,0.0003,1.0,5410.1461091041565
depth4_bal_MAAMAAMM,4,MAAMAAMM,20000,240000,1.1822677751382191,1.8874175548553467,2.0930243594305855,0.5221932114882507,0.3394255874673629,0.32509229220270724,1.0,0.0003,1.0,5413.392109870911
depth4_bal_MAAMAAMM,4,MAAMAAMM,20025,240300,1.1891304850578308,2.0065749883651733,2.178198872293745,0.5329634464751958,0.32114882506527415,0.30954245441324535,1.0,0.0003,1.0,5421.584546327591
depth4_bal_MAAMAAMM,4,MAAMAAMM,20050,240600,1.754429191350937,2.3597569465637207,2.519758197239467,0.42656657963446476,0.19973890339425587,0.20326658462915315,1.0,0.0003,1.0,5429.445240020752
depth4_bal_MAAMAAMM,4,MAAMAAMM,20075,240900,1.8466992278893788,2.49134627978007,2.609939125605992,0.35280678851174935,0.22715404699738903,0.22564045195211993,1.0,0.0003,1.0,5437.62405872345
depth4_bal_MAAMAAMM,4,MAAMAAMM,20100,241200,1.4332998394966125,2.2168709437052407,2.36219117300851,0.5048955613577023,0.31201044386422977,0.27889025618078084,1.0,0.0003,1.0,5445.055548191071
depth4_bal_MAAMAAMM,4,MAAMAAMM,20125,241500,1.3424952725569408,2.1619390646616616,2.302052913393293,0.5019582245430809,0.283289817232376,0.282134466942611,1.0,0.0003,1.0,5452.968802213669
depth4_bal_MAAMAAMM,4,MAAMAAMM,20150,241800,1.6561448276042938,2.237374703089396,2.432394470487322,0.3580287206266319,0.2402088772845953,0.22597605996196443,1.0,0.0003,1.0,5458.849805116653
depth4_bal_MAAMAAMM,4,MAAMAAMM,20175,242100,1.1513827840487163,2.140526294708252,2.276810009138925,0.554177545691906,0.31201044386422977,0.30529141962188167,1.0,0.0003,1.0,5464.066557884216
depth4_bal_MAAMAAMM,4,MAAMAAMM,20200,242400,1.123802383740743,2.0029433568318686,2.15326589516231,0.5554830287206266,0.3394255874673629,0.3381810045866428,1.0,0.0003,1.0,5471.983421564102
depth4_bal_MAAMAAMM,4,MAAMAAMM,20225,242700,1.126669595638911,1.9603008429209392,2.134682059288025,0.5515665796344648,0.34464751958224543,0.3361673565275758,1.0,0.0003,1.0,5480.082758188248
depth4_bal_MAAMAAMM,4,MAAMAAMM,20250,243000,1.0495170404513676,1.9352018038431804,2.1055973529815675,0.6008485639686684,0.3642297650130548,0.3650296453742029,1.0,0.0003,1.0,5485.206196784973
depth4_bal_MAAMAAMM,4,MAAMAAMM,20275,243300,1.4533778826395671,2.4322946071624756,2.5636827741350445,0.5231723237597912,0.27154046997389036,0.2596487302830294,1.0,0.0003,1.0,5489.231810092926
depth4_bal_MAAMAAMM,4,MAAMAAMM,20300,243600,1.1543548107147217,1.960848609606425,2.1007179737091066,0.564621409921671,0.34464751958224543,0.32408546817317374,1.0,0.0003,1.0,5492.23748588562
depth4_bal_MAAMAAMM,4,MAAMAAMM,20325,243900,1.3338178793589275,2.167583703994751,2.312344067437308,0.4572454308093995,0.2819843342036554,0.2943282246336279,1.0,0.0003,1.0,5500.215030908585
depth4_bal_MAAMAAMM,4,MAAMAAMM,20350,244200,1.1185188541809719,2.094731569290161,2.2394640718187606,0.5590731070496083,0.2963446475195822,0.2870567177536637,1.0,0.0003,1.0,5508.375710725784
depth4_bal_MAAMAAMM,4,MAAMAAMM,20375,244500,1.1769047180811565,2.3425728480021157,2.4489700760160176,0.5058746736292428,0.2689295039164491,0.2568519968676586,1.0,0.0003,1.0,5516.492763757706
depth4_bal_MAAMAAMM,4,MAAMAAMM,20400,244800,1.1231301228205364,2.045384248097738,2.231378252165658,0.5352480417754569,0.31201044386422977,0.2966774807025394,1.0,0.0003,1.0,5524.196477890015
depth4_bal_MAAMAAMM,4,MAAMAAMM,20425,245100,1.0731214880943298,1.9820676644643147,2.1562376124518257,0.5806135770234987,0.3629242819843342,0.3299026736771451,1.0,0.0003,1.0,5532.051807403564
depth4_bal_MAAMAAMM,4,MAAMAAMM,20450,245400,1.1123499075571697,1.9934993584950764,2.1666255474090574,0.5515665796344648,0.31462140992167104,0.3167020919565947,1.0,0.0003,1.0,5539.95267868042
depth4_bal_MAAMAAMM,4,MAAMAAMM,20475,245700,1.1526460647583008,2.006237188975016,2.1847913435527255,0.5430809399477807,0.2989556135770235,0.30596263564157067,1.0,0.0003,1.0,5546.462551832199
depth4_bal_MAAMAAMM,4,MAAMAAMM,20500,246000,1.9399879972139995,2.9555901686350503,3.0614414146968296,0.35574412532637073,0.1762402088772846,0.18145206398926053,1.0,0.0003,1.0,5553.98929142952
depth4_bal_MAAMAAMM,4,MAAMAAMM,20525,246300,1.1545961896578472,1.9913900295893352,2.1381131001881193,0.5231723237597912,0.33550913838120106,0.3199463027184249,1.0,0.0003,1.0,5558.920719623566
depth4_bal_MAAMAAMM,4,MAAMAAMM,20550,246600,1.4153847495714824,2.210352102915446,2.37408892086574,0.44843342036553524,0.2845953002610966,0.26736771450945296,1.0,0.0003,1.0,5565.851751565933
depth4_bal_MAAMAAMM,4,MAAMAAMM,20575,246900,1.0420104960600536,2.0124073028564453,2.1709791694368636,0.5845300261096605,0.3185378590078329,0.30450833426557783,1.0,0.0003,1.0,5573.782738685608
depth4_bal_MAAMAAMM,4,MAAMAAMM,20600,247200,1.1271203756332397,2.004101117451986,2.1529532194137575,0.5365535248041775,0.32114882506527415,0.3120035798187717,1.0,0.0003,1.0,5581.903760433197
depth4_bal_MAAMAAMM,4,MAAMAAMM,20625,247500,1.0128454168637593,1.8873122930526733,2.0197064025061473,0.6315274151436031,0.36553524804177545,0.3503747622776597,1.0,0.0003,1.0,5589.824706315994
depth4_bal_MAAMAAMM,4,MAAMAAMM,20650,247800,1.1905672550201416,1.922638734181722,2.091824058123997,0.5633159268929504,0.34073107049608353,0.31345788119476453,1.0,0.0003,1.0,5594.609912633896
depth4_bal_MAAMAAMM,4,MAAMAAMM,20675,248100,1.275364915529887,2.361488183339437,2.4877523217882427,0.4993472584856397,0.22323759791122716,0.23045083342655778,1.0,0.0003,1.0,5602.470999002457
depth4_bal_MAAMAAMM,4,MAAMAAMM,20700,248400,1.1951859295368195,2.0273813803990683,2.194580922807966,0.5212140992167101,0.3002610966057441,0.2850430696945967,1.0,0.0003,1.0,5610.614326953888
depth4_bal_MAAMAAMM,4,MAAMAAMM,20725,248700,1.2059236367543538,1.903719464937846,2.086229852267674,0.5215404699738904,0.3433420365535248,0.32140060409441773,1.0,0.0003,1.0,5618.500035524368
depth4_bal_MAAMAAMM,4,MAAMAAMM,20750,249000,1.1253574391206105,2.023011008898417,2.162912062236241,0.5626631853785901,0.3224543080939948,0.3021590781966663,1.0,0.0003,1.0,5626.608265161514
depth4_bal_MAAMAAMM,4,MAAMAAMM,20775,249300,1.2015942335128784,2.0768074989318848,2.2004231929779055,0.5091383812010444,0.304177545691906,0.3027184248797405,1.0,0.0003,1.0,5634.509933233261
depth4_bal_MAAMAAMM,4,MAAMAAMM,20800,249600,0.9708231488863627,1.87850554784139,2.0214931181498934,0.6517624020887729,0.3785900783289817,0.37655218704553084,1.0,0.0003,1.0,5642.380254745483
depth4_bal_MAAMAAMM,4,MAAMAAMM,20825,249900,1.2342985570430756,1.914696455001831,2.000056951386588,0.570822454308094,0.3224543080939948,0.31882760935227655,1.0,0.0003,1.0,5650.126638412476
depth4_bal_MAAMAAMM,4,MAAMAAMM,20850,250200,1.2000196278095245,1.967518965403239,2.04856789452689,0.5205613577023499,0.3289817232375979,0.3265465935787001,1.0,0.0003,1.0,5658.087059259415
depth4_bal_MAAMAAMM,4,MAAMAAMM,20875,250500,1.0862333277861278,1.8841625054677327,1.9642071519579207,0.5897519582245431,0.3524804177545692,0.3415370846850878,1.0,0.0003,1.0,5666.00495839119
depth4_bal_MAAMAAMM,4,MAAMAAMM,20900,250800,1.2642690638701122,2.0894691944122314,2.163603983606611,0.49967362924281983,0.27676240208877284,0.2658015437968453,1.0,0.0003,1.0,5672.276939630508
depth4_bal_MAAMAAMM,4,MAAMAAMM,20925,251100,1.0320195903380711,1.8137258688608806,1.8793673515319824,0.6546997389033943,0.36553524804177545,0.3767759257187605,1.0,0.0003,1.0,5675.340950727463
depth4_bal_MAAMAAMM,4,MAAMAAMM,20950,251400,1.0379866162935893,1.8961809873580933,1.9880034480776105,0.5904046997389034,0.360313315926893,0.35126971697057835,1.0,0.0003,1.0,5682.970852613449
depth4_bal_MAAMAAMM,4,MAAMAAMM,20975,251700,1.3100360830624898,1.9868693351745605,2.0875374044690815,0.4980417754569191,0.31592689295039167,0.3156952679270612,1.0,0.0003,1.0,5690.49861073494
depth4_bal_MAAMAAMM,4,MAAMAAMM,21000,252000,1.0103396226962407,1.9306052923202515,2.0060888596943447,0.591710182767624,0.3433420365535248,0.35887683186038705,1.0,0.0003,1.0,5698.108559131622
depth4_bal_MAAMAAMM,4,MAAMAAMM,21025,252300,2.0117103258768716,2.5995702743530273,2.5786868435995918,0.3426892950391645,0.17232375979112272,0.1707126076742365,1.0,0.0003,1.0,5701.73860502243
depth4_bal_MAAMAAMM,4,MAAMAAMM,21050,252600,1.5364470680554707,2.384174187978109,2.4036240305219376,0.4233028720626632,0.206266318537859,0.21780959838908157,1.0,0.0003,1.0,5706.8239097595215
depth4_bal_MAAMAAMM,4,MAAMAAMM,21075,252900,1.3503250082333882,2.1719933350880942,2.2287505762917657,0.47976501305483027,0.24804177545691905,0.25774695156057725,1.0,0.0003,1.0,5712.474566459656
depth4_bal_MAAMAAMM,4,MAAMAAMM,21100,253200,1.1942032376925151,2.1248385111490884,2.1537903104509626,0.5430809399477807,0.27154046997389036,0.27956147220046984,1.0,0.0003,1.0,5720.6764051914215
depth4_bal_MAAMAAMM,4,MAAMAAMM,21125,253500,1.2683795392513275,2.1110082467397056,2.1125155585152764,0.5407963446475196,0.29112271540469975,0.2946638326434724,1.0,0.0003,1.0,5728.677936553955
depth4_bal_MAAMAAMM,4,MAAMAAMM,21150,253800,1.2570109168688457,2.148106416066488,2.1798856564930507,0.4915143603133159,0.27676240208877284,0.272737442666965,1.0,0.0003,1.0,5736.48827457428
depth4_bal_MAAMAAMM,4,MAAMAAMM,21175,254100,1.167845477660497,2.0366246700286865,2.076780428205218,0.5430809399477807,0.3289817232375979,0.30618637431480034,1.0,0.0003,1.0,5743.493636369705
depth4_bal_MAAMAAMM,4,MAAMAAMM,21200,254400,1.0624268700679143,2.072382132212321,2.1321845156805854,0.5959530026109661,0.3198433420365535,0.30618637431480034,1.0,0.0003,1.0,5746.683944940567
depth4_bal_MAAMAAMM,4,MAAMAAMM,21225,254700,1.0884466568628948,2.0846641461054483,2.1096853528703963,0.5675587467362925,0.31723237597911225,0.32084125741134356,1.0,0.0003,1.0,5749.69001698494
depth4_bal_MAAMAAMM,4,MAAMAAMM,21250,255000,1.0839572250843048,2.0423415899276733,2.0769380944115774,0.5796344647519582,0.2989556135770235,0.3156952679270612,1.0,0.0003,1.0,5752.706301689148
depth4_bal_MAAMAAMM,4,MAAMAAMM,21275,255300,1.3475594123204548,2.1499162515004477,2.156348603112357,0.4872715404699739,0.3028720626631854,0.27956147220046984,1.0,0.0003,1.0,5756.170590162277
depth4_bal_MAAMAAMM,4,MAAMAAMM,21300,255600,1.2817891935507457,2.034668445587158,2.0829847880772183,0.5081592689295039,0.2793733681462141,0.2826938136256852,1.0,0.0003,1.0,5760.709446430206
depth4_bal_MAAMAAMM,4,MAAMAAMM,21325,255900,1.112230584025383,2.123255491256714,2.1604222127369472,0.5522193211488251,0.304177545691906,0.2966774807025394,1.0,0.0003,1.0,5763.745153665543
depth4_bal_MAAMAAMM,4,MAAMAAMM,21350,256200,1.2360171973705292,2.136706511179606,2.178808535848345,0.5274151436031331,0.2597911227154047,0.25405526345228774,1.0,0.0003,1.0,5766.738877773285
depth4_bal_MAAMAAMM,4,MAAMAAMM,21375,256500,1.0745287438233693,2.012381156285604,2.051905161993844,0.58322454308094,0.3302872062663185,0.3278890256180781,1.0,0.0003,1.0,5769.833708047867
depth4_bal_MAAMAAMM,4,MAAMAAMM,21400,256800,1.3213970859845479,2.158930857976278,2.178782500539507,0.506201044386423,0.26109660574412535,0.25204161539322073,1.0,0.0003,1.0,5772.844668149948
depth4_bal_MAAMAAMM,4,MAAMAAMM,21425,257100,1.0214011321465175,1.9708809057871501,2.023763588496617,0.6184725848563969,0.3342036553524804,0.33773352724018346,1.0,0.0003,1.0,5775.840525865555
depth4_bal_MAAMAAMM,4,MAAMAAMM,21450,257400,1.185360183318456,2.0152830282847085,2.0512997695377897,0.5401436031331592,0.3002610966057441,0.2973486967222284,1.0,0.0003,1.0,5778.832393407822
depth4_bal_MAAMAAMM,4,MAAMAAMM,21475,257700,1.200279712677002,2.1222805976867676,2.1861787830080304,0.5310052219321149,0.26631853785900783,0.2843718536749077,1.0,0.0003,1.0,5781.934928178787
depth4_bal_MAAMAAMM,4,MAAMAAMM,21500,258000,1.0557880848646164,2.134384791056315,2.1849993092673166,0.581266318537859,0.2545691906005222,0.2661371518066898,1.0,0.0003,1.0,5784.960179567337
depth4_bal_MAAMAAMM,4,MAAMAAMM,21525,258300,1.0163856893777847,2.097587823867798,2.1853023665291924,0.6001958224543081,0.2597911227154047,0.2764291307752545,1.0,0.0003,1.0,5788.31752371788
depth4_bal_MAAMAAMM,4,MAAMAAMM,21550,258600,1.135818973183632,2.009158213933309,2.0377460139138357,0.5607049608355091,0.283289817232376,0.2939926166237834,1.0,0.0003,1.0,5791.433747053146
depth4_bal_MAAMAAMM,4,MAAMAAMM,21575,258900,1.2555352250734966,2.0097069342931113,2.0917064905166627,0.4980417754569191,0.2989556135770235,0.27855464817093634,1.0,0.0003,1.0,5794.4564616680145
depth4_bal_MAAMAAMM,4,MAAMAAMM,21600,259200,1.0814112921555836,2.0534540812174478,2.08174763747624,0.5698433420365535,0.27284595300261094,0.27195435731066114,1.0,0.0003,1.0,5797.445664167404
depth4_bal_MAAMAAMM,4,MAAMAAMM,21625,259500,1.1183101038138072,1.9664138952891033,1.9790935822895594,0.5711488250652742,0.3198433420365535,0.302382816869896,1.0,0.0003,1.0,5800.489852666855
depth4_bal_MAAMAAMM,4,MAAMAAMM,21650,259800,1.0386600643396378,2.096193869908651,2.1622223683765958,0.5933420365535248,0.26762402088772846,0.24499384718648617,1.0,0.0003,1.0,5808.363743543625
depth4_bal_MAAMAAMM,4,MAAMAAMM,21675,260100,1.2434257169564564,2.0569148461023965,2.036247423716954,0.4980417754569191,0.304177545691906,0.2999216914643696,1.0,0.0003,1.0,5816.041791439056
depth4_bal_MAAMAAMM,4,MAAMAAMM,21700,260400,1.1277026782433193,2.086402972539266,2.1119630643299647,0.5590731070496083,0.2754569190600522,0.2608792929857926,1.0,0.0003,1.0,5823.803478240967
depth4_bal_MAAMAAMM,4,MAAMAAMM,21725,260700,1.1173157095909119,2.0726889769236245,2.086644002369472,0.5607049608355091,0.25718015665796345,0.26009620762948876,1.0,0.0003,1.0,5831.770786762238
depth4_bal_MAAMAAMM,4,MAAMAAMM,21750,261000,1.2313502430915833,2.248406171798706,2.2813397748129707,0.5326370757180157,0.2793733681462141,0.2800089495469292,1.0,0.0003,1.0,5840.001917362213
depth4_bal_MAAMAAMM,4,MAAMAAMM,21775,261300,1.139555384715398,1.9093092679977417,1.9784683295658656,0.5512402088772846,0.31070496083550914,0.3054032889584965,1.0,0.0003,1.0,5848.103430986404
depth4_bal_MAAMAAMM,4,MAAMAAMM,21800,261600,1.081760048866272,1.9949568510055542,1.9912579127720424,0.5799608355091384,0.3224543080939948,0.32017004139165456,1.0,0.0003,1.0,5856.180718898773
depth4_bal_MAAMAAMM,4,MAAMAAMM,21825,261900,1.224547803401947,2.12215518951416,2.1789633308138168,0.5058746736292428,0.27154046997389036,0.26210985568855577,1.0,0.0003,1.0,5863.930093288422
depth4_bal_MAAMAAMM,4,MAAMAAMM,21850,262200,1.251821478207906,1.9941552480061848,2.0192494869232176,0.49445169712793735,0.2780678851174935,0.2903009285154939,1.0,0.0003,1.0,5871.842022895813
depth4_bal_MAAMAAMM,4,MAAMAAMM,21875,262500,1.1760632395744324,2.093683044115702,2.1764234679085868,0.5313315926892951,0.24673629242819844,0.2295558787336391,1.0,0.0003,1.0,5879.99183177948
depth4_bal_MAAMAAMM,4,MAAMAAMM,21900,262800,1.9439074297746022,2.4630555311838784,2.4783342702048166,0.3456266318537859,0.17885117493472585,0.17921467725696386,1.0,0.0003,1.0,5887.939563751221
depth4_bal_MAAMAAMM,4,MAAMAAMM,21925,263100,1.0222928027311962,1.893794576327006,1.9181293964385986,0.6037859007832899,0.3472584856396867,0.33046202036021927,1.0,0.0003,1.0,5895.791496515274
depth4_bal_MAAMAAMM,4,MAAMAAMM,21950,263400,1.0526814858118694,2.0171478589375815,2.0005131687436783,0.589425587467363,0.2924281984334204,0.30025729947421415,1.0,0.0003,1.0,5903.714179754257
depth4_bal_MAAMAAMM,4,MAAMAAMM,21975,263700,1.0681920647621155,2.034761389096578,2.0692080633980887,0.5887728459530026,0.30548302872062666,0.30159973151359215,1.0,0.0003,1.0,5911.6448810100555
depth4_bal_MAAMAAMM,4,MAAMAAMM,22000,264000,1.251923422018687,2.055305520693461,2.081416116441999,0.495757180156658,0.28720626631853785,0.2824700749524555,1.0,0.0003,1.0,5919.392768383026
depth4_bal_MAAMAAMM,4,MAAMAAMM,22025,264300,1.3734586536884308,2.11295477549235,2.1081611905779156,0.47323759791122716,0.23890339425587467,0.2502517060073834,1.0,0.0003,1.0,5927.686433553696
depth4_bal_MAAMAAMM,4,MAAMAAMM,22050,264600,1.6763039728005726,2.3626352151234946,2.399123729978289,0.39719321148825065,0.23237597911227154,0.21557221165678486,1.0,0.0003,1.0,5936.100061178207
depth4_bal_MAAMAAMM,4,MAAMAAMM,22075,264900,1.3968127518892288,2.30776317914327,2.369764872959682,0.45463446475195823,0.2402088772845953,0.23123391878286162,1.0,0.0003,1.0,5944.202590703964
depth4_bal_MAAMAAMM,4,MAAMAAMM,22100,265200,1.461151550213496,2.021931767463684,2.0726848806653706,0.43570496083550914,0.2558746736292428,0.26971697057836447,1.0,0.0003,1.0,5952.287116289139
depth4_bal_MAAMAAMM,4,MAAMAAMM,22125,265500,1.0390723943710327,1.914318601290385,1.9609859125954765,0.6067232375979112,0.32506527415143605,0.3177089159861282,1.0,0.0003,1.0,5959.861241579056
depth4_bal_MAAMAAMM,4,MAAMAAMM,22150,265800,1.0580541044473648,2.04130490620931,2.0544231380735125,0.5871409921671018,0.3093994778067885,0.3008166461572883,1.0,0.0003,1.0,5967.283304929733
depth4_bal_MAAMAAMM,4,MAAMAAMM,22175,266100,1.6634919146696727,2.681540330251058,2.6863650458199637,0.39262402088772846,0.16449086161879894,0.16791587425886564,1.0,0.0003,1.0,5975.448386192322
depth4_bal_MAAMAAMM,4,MAAMAAMM,22200,266400,1.1425118446350098,2.16306479771932,2.1798699174608505,0.5469973890339426,0.2558746736292428,0.2545027407987471,1.0,0.0003,1.0,5983.735908031464
depth4_bal_MAAMAAMM,4,MAAMAAMM,22225,266700,1.0397571573654811,1.9837795893351238,2.0091519219534737,0.5900783289817232,0.3263707571801567,0.32475668419286274,1.0,0.0003,1.0,5991.889708280563
depth4_bal_MAAMAAMM,4,MAAMAAMM,22250,267000,1.2086465160051982,2.0871665477752686,2.1157283544540406,0.5221932114882507,0.2754569190600522,0.26110303165902227,1.0,0.0003,1.0,6000.047760486603
depth4_bal_MAAMAAMM,4,MAAMAAMM,22275,267300,1.198028157154719,2.209001143773397,2.2480933461870465,0.514686684073107,0.2362924281984334,0.25316030875936907,1.0,0.0003,1.0,6007.161264419556
depth4_bal_MAAMAAMM,4,MAAMAAMM,22300,267600,0.9739482502142588,1.9883134762446086,2.043264821597508,0.6116187989556136,0.2963446475195822,0.3020472088600515,1.0,0.0003,1.0,6015.408705234528
depth4_bal_MAAMAAMM,4,MAAMAAMM,22325,267900,1.1342107852300007,2.0619606177012124,2.1126347541809083,0.5447127937336814,0.2793733681462141,0.280792034903233,1.0,0.0003,1.0,6023.133990287781
depth4_bal_MAAMAAMM,4,MAAMAAMM,22350,268200,1.2801448901494343,1.9746097723642986,2.038045164516994,0.5636422976501305,0.2898172323759791,0.29678935003915424,1.0,0.0003,1.0,6031.198122739792
depth4_bal_MAAMAAMM,4,MAAMAAMM,22375,268500,1.1350348989168804,2.0725809733072915,2.13185715675354,0.5538511749347258,0.26240208877284593,0.2509229220270724,1.0,0.0003,1.0,6039.271414279938
depth4_bal_MAAMAAMM,4,MAAMAAMM,22400,268800,0.9801349093516668,1.8926860491434734,1.9574805055345808,0.633485639686684,0.3563968668407311,0.3216243427676474,1.0,0.0003,1.0,6047.382073640823
depth4_bal_MAAMAAMM,4,MAAMAAMM,22425,269100,1.0165340602397919,1.9406440258026123,2.007239396231515,0.5975848563968669,0.32506527415143605,0.305067680948652,1.0,0.0003,1.0,6053.907737970352
depth4_bal_MAAMAAMM,4,MAAMAAMM,22450,269400,1.0225442796945572,1.9139235019683838,1.9687279769352504,0.5913838120104439,0.33550913838120106,0.31748517731289855,1.0,0.0003,1.0,6057.576496601105
depth4_bal_MAAMAAMM,4,MAAMAAMM,22475,269700,1.0481634587049484,1.9849260648091633,2.0537490436009,0.5868146214099217,0.3328981723237598,0.3096543237498602,1.0,0.0003,1.0,6060.703449487686
depth4_bal_MAAMAAMM,4,MAAMAAMM,22500,270000,1.1129580736160278,2.0508153438568115,2.1124958753585816,0.5509138381201044,0.2924281984334204,0.2838125069918335,1.0,0.0003,1.0,6063.877078056335
depth4_bal_MAAMAAMM,4,MAAMAAMM,22525,270300,1.1265661021073659,2.06831955909729,2.172664288112095,0.5512402088772846,0.2754569190600522,0.25114666070030206,1.0,0.0003,1.0,6067.945985078812
depth4_bal_MAAMAAMM,4,MAAMAAMM,22550,270600,0.9930132776498795,1.9251887798309326,1.9566503763198853,0.6067232375979112,0.3342036553524804,0.3321400604094418,1.0,0.0003,1.0,6075.267217636108
depth4_bal_MAAMAAMM,4,MAAMAAMM,22575,270900,1.0895232905944188,1.995302398999532,2.012918049948556,0.5593994778067886,0.31201044386422977,0.31345788119476453,1.0,0.0003,1.0,6083.371684551239
depth4_bal_MAAMAAMM,4,MAAMAAMM,22600,271200,1.0357534388701122,1.9995421568552654,2.060538356644767,0.6077023498694517,0.31201044386422977,0.30987806242308985,1.0,0.0003,1.0,6090.345238208771
depth4_bal_MAAMAAMM,4,MAAMAAMM,22625,271500,0.99450055261453,1.9921105305353801,2.0697273799351286,0.6168407310704961,0.3198433420365535,0.3018234701868218,1.0,0.0003,1.0,6097.639634132385
depth4_bal_MAAMAAMM,4,MAAMAAMM,22650,271800,1.05636461575826,1.9426775773366292,1.972928237915039,0.6011749347258486,0.30156657963446476,0.3093187157400157,1.0,0.0003,1.0,6105.418006896973
depth4_bal_MAAMAAMM,4,MAAMAAMM,22675,272100,1.1145570327838261,2.011895179748535,2.0524471044540404,0.5600522193211488,0.2780678851174935,0.2844837230115225,1.0,0.0003,1.0,6113.002866744995
depth4_bal_MAAMAAMM,4,MAAMAAMM,22700,272400,1.0058065702517827,1.9832123120625813,1.9925543308258056,0.6217362924281984,0.28067885117493474,0.30462020360219266,1.0,0.0003,1.0,6120.620882511139
depth4_bal_MAAMAAMM,4,MAAMAAMM,22725,272700,1.0956262250741322,1.8820379575093586,1.976904262815203,0.5616840731070496,0.3381201044386423,0.31480031323414254,1.0,0.0003,1.0,6128.347125053406
depth4_bal_MAAMAAMM,4,MAAMAAMM,22750,273000,0.9427578101555506,1.832749366760254,1.938959973199027,0.641644908616188,0.34595300261096606,0.33180445239959727,1.0,0.0003,1.0,6135.870683431625
depth4_bal_MAAMAAMM,4,MAAMAAMM,22775,273300,0.9669591536124548,1.8308320045471191,1.9189331020627702,0.6589425587467362,0.33550913838120106,0.3212887347578029,1.0,0.0003,1.0,6143.462356328964
depth4_bal_MAAMAAMM,4,MAAMAAMM,22800,273600,1.1336170832316081,1.84188977877299,1.8641545023236956,0.6152088772845953,0.3289817232375979,0.3349367938248126,1.0,0.0003,1.0,6151.543352365494
depth4_bal_MAAMAAMM,4,MAAMAAMM,22825,273900,1.1776510675748189,2.2106453577677407,2.2345042296818325,0.5345953002610966,0.22193211488250653,0.23425439087146213,1.0,0.0003,1.0,6159.620402336121
depth4_bal_MAAMAAMM,4,MAAMAAMM,22850,274200,1.0248251209656398,1.9224318265914917,1.906670672552926,0.6181462140992167,0.33159268929503916,0.3438863407539993,1.0,0.0003,1.0,6167.642587423325
depth4_bal_MAAMAAMM,4,MAAMAAMM,22875,274500,1.2728154559930165,2.0179535150527954,2.034612226486206,0.5114229765013055,0.3198433420365535,0.3073050676809487,1.0,0.0003,1.0,6175.692371606827
depth4_bal_MAAMAAMM,4,MAAMAAMM,22900,274800,1.0795984963576,1.9720431963602703,1.9805621998650687,0.577023498694517,0.3093994778067885,0.3114442331356975,1.0,0.0003,1.0,6183.5360243320465
depth4_bal_MAAMAAMM,4,MAAMAAMM,22925,275100,1.0580791880687077,1.9290141264597576,1.9832044976098198,0.5966057441253264,0.31201044386422977,0.31021367043293435,1.0,0.0003,1.0,6191.242986679077
depth4_bal_MAAMAAMM,4,MAAMAAMM,22950,275400,1.1911276876926422,2.1543416182200112,2.2008156946727206,0.5531984334203656,0.26762402088772846,0.25808255957042175,1.0,0.0003,1.0,6199.214007139206
depth4_bal_MAAMAAMM,4,MAAMAAMM,22975,275700,1.2855882743994396,2.01680588722229,2.1150196995053974,0.4892297650130548,0.27023498694516973,0.26994070925159414,1.0,0.0003,1.0,6207.181933879852
depth4_bal_MAAMAAMM,4,MAAMAAMM,23000,276000,0.9909367312987646,1.8997426430384319,1.913921580995832,0.6220626631853786,0.3433420365535248,0.353507103702875,1.0,0.0003,1.0,6213.489034414291
depth4_bal_MAAMAAMM,4,MAAMAAMM,23025,276300,1.1562740604082744,2.0868659019470215,2.1191003152302335,0.5385117493472585,0.26631853785900783,0.2675914531826826,1.0,0.0003,1.0,6217.617738008499
depth4_bal_MAAMAAMM,4,MAAMAAMM,23050,276600,1.0567917327086132,1.8969426155090332,1.9446312938417707,0.5913838120104439,0.33550913838120106,0.3275534176082336,1.0,0.0003,1.0,6223.458898067474
depth4_bal_MAAMAAMM,4,MAAMAAMM,23075,276900,0.9991463273763657,1.914846420288086,1.945466606957572,0.6223890339425587,0.3224543080939948,0.32911958832084126,1.0,0.0003,1.0,6231.671084403992
depth4_bal_MAAMAAMM,4,MAAMAAMM,23100,277200,2.0690881510575614,2.612910032272339,2.711743027823312,0.3772845953002611,0.2193211488250653,0.21411791028079202,1.0,0.0003,1.0,6239.875968694687
depth4_bal_MAAMAAMM,4,MAAMAAMM,23125,277500,1.0153812766075134,1.8009585936864216,1.879486608505249,0.6328328981723238,0.35509138381201044,0.3395234366260208,1.0,0.0003,1.0,6247.845025062561
depth4_bal_MAAMAAMM,4,MAAMAAMM,23150,277800,1.0596582541863124,1.8782280286153157,1.9366734538759505,0.5969321148825065,0.3302872062663185,0.31949882537196556,1.0,0.0003,1.0,6255.588269472122
depth4_bal_MAAMAAMM,4,MAAMAAMM,23175,278100,1.2304482460021973,2.1104191144307456,2.147106395448957,0.5048955613577023,0.2506527415143603,0.2654659357870008,1.0,0.0003,1.0,6263.613271474838
depth4_bal_MAAMAAMM,4,MAAMAAMM,23200,278400,1.1979427933692932,1.934291124343872,2.0106177943093435,0.5234986945169713,0.2963446475195822,0.28649737107058953,1.0,0.0003,1.0,6271.26158285141
depth4_bal_MAAMAAMM,4,MAAMAAMM,23225,278700,1.1047624548276265,1.924211859703064,1.9646127871104648,0.5633159268929504,0.3028720626631854,0.3170376999664392,1.0,0.0003,1.0,6279.086560249329
depth4_bal_MAAMAAMM,4,MAAMAAMM,23250,279000,1.0533825258413951,1.9562774499257405,2.021633665902274,0.5887728459530026,0.29112271540469975,0.2996979527911399,1.0,0.0003,1.0,6286.357662200928
depth4_bal_MAAMAAMM,4,MAAMAAMM,23275,279300,1.261823296546936,2.2682655652364097,2.271132857458932,0.4993472584856397,0.24412532637075718,0.23705112428683298,1.0,0.0003,1.0,6294.1075139045715
depth4_bal_MAAMAAMM,4,MAAMAAMM,23300,279600,1.1597942610581715,1.9273897806803386,2.0012725489480157,0.5450391644908616,0.3263707571801567,0.312451057165231,1.0,0.0003,1.0,6302.227969646454
depth4_bal_MAAMAAMM,4,MAAMAAMM,23325,279900,1.108331282933553,1.9813319842020671,2.0267792463302614,0.564621409921671,0.30156657963446476,0.2939926166237834,1.0,0.0003,1.0,6309.945108175278
depth4_bal_MAAMAAMM,4,MAAMAAMM,23350,280200,1.094114527106285,2.072510838508606,2.0982250656400407,0.5639686684073107,0.2754569190600522,0.273408658686654,1.0,0.0003,1.0,6317.852207660675
depth4_bal_MAAMAAMM,4,MAAMAAMM,23375,280500,1.2666735351085663,2.3089725176493325,2.4132103306906565,0.5055483028720626,0.2584856396866841,0.23201700413916546,1.0,0.0003,1.0,6325.907459974289
depth4_bal_MAAMAAMM,4,MAAMAAMM,23400,280800,0.9688243120908737,1.9231235186258953,2.0283933877944946,0.6174934725848564,0.31723237597911225,0.311108625125853,1.0,0.0003,1.0,6333.985333204269
depth4_bal_MAAMAAMM,4,MAAMAAMM,23425,281100,1.0661125133434932,2.069783091545105,2.105001616477966,0.5806135770234987,0.2780678851174935,0.27038818659805347,1.0,0.0003,1.0,6342.196136236191
depth4_bal_MAAMAAMM,4,MAAMAAMM,23450,281400,1.0237102210521698,1.9274098873138428,1.9412039927073887,0.5861618798955613,0.2845953002610966,0.3069694596711042,1.0,0.0003,1.0,6350.2878749370575
depth4_bal_MAAMAAMM,4,MAAMAAMM,23475,281700,1.1459648609161377,2.456981658935547,2.53097973551069,0.5339425587467362,0.2193211488250653,0.21322295558787335,1.0,0.0003,1.0,6358.276516914368
depth4_bal_MAAMAAMM,4,MAAMAAMM,23500,282000,1.2904267609119415,2.1375476519266763,2.2129464796611242,0.5032637075718016,0.26370757180156656,0.2589775142633404,1.0,0.0003,1.0,6366.299062013626
depth4_bal_MAAMAAMM,4,MAAMAAMM,23525,282300,1.03353451192379,2.014244794845581,2.111256967272077,0.591710182767624,0.31723237597911225,0.3040608569191185,1.0,0.0003,1.0,6374.397004365921
depth4_bal_MAAMAAMM,4,MAAMAAMM,23550,282600,1.0042249759038289,1.9558745225270588,2.006702654702323,0.6080287206266318,0.32506527415143605,0.3295670656673006,1.0,0.0003,1.0,6382.514720201492
depth4_bal_MAAMAAMM,4,MAAMAAMM,23575,282900,1.144050935904185,2.1961898803710938,2.2455141612461635,0.5427545691906005,0.26109660574412535,0.25237722340306523,1.0,0.0003,1.0,6390.376383304596
depth4_bal_MAAMAAMM,4,MAAMAAMM,23600,283200,0.9503773798545202,1.8640458981196086,1.947818418911525,0.643603133159269,0.33550913838120106,0.3241973375097886,1.0,0.0003,1.0,6398.616602420807
depth4_bal_MAAMAAMM,4,MAAMAAMM,23625,283500,1.014678234855334,1.9318124453226726,2.0171965326581685,0.587467362924282,0.3368146214099217,0.31412909721445353,1.0,0.0003,1.0,6406.1939153671265
depth4_bal_MAAMAAMM,4,MAAMAAMM,23650,283800,0.9940931995709738,1.8831698497136433,1.955829668045044,0.6263054830287206,0.31723237597911225,0.3155833985904464,1.0,0.0003,1.0,6414.294600248337
depth4_bal_MAAMAAMM,4,MAAMAAMM,23675,284100,0.9907097915808359,2.09472664197286,2.1534250906535557,0.6158616187989556,0.27284595300261094,0.2811276429130775,1.0,0.0003,1.0,6422.346307516098
depth4_bal_MAAMAAMM,4,MAAMAAMM,23700,284400,1.0231878161430359,1.8859058618545532,1.9743563890457154,0.6282637075718016,0.3198433420365535,0.31122049446246786,1.0,0.0003,1.0,6430.142060995102
depth4_bal_MAAMAAMM,4,MAAMAAMM,23725,284700,0.962648406624794,1.8123338619867961,1.94164434501103,0.6357702349869452,0.3302872062663185,0.3263228549054704,1.0,0.0003,1.0,6438.197969198227
depth4_bal_MAAMAAMM,4,MAAMAAMM,23750,285000,1.1919615119695663,2.007123271624247,2.126307375090463,0.566579634464752,0.3133159268929504,0.30193533952343665,1.0,0.0003,1.0,6446.013442993164
depth4_bal_MAAMAAMM,4,MAAMAAMM,23775,285300,1.1538079281648,1.9583208560943604,2.052471194948469,0.5724543080939948,0.293733681462141,0.27463922138941715,1.0,0.0003,1.0,6454.097563505173
depth4_bal_MAAMAAMM,4,MAAMAAMM,23800,285600,1.3969792624314625,2.083197275797526,2.231547614506313,0.4722584856396867,0.27154046997389036,0.25573330350151025,1.0,0.0003,1.0,6462.292024850845
depth4_bal_MAAMAAMM,4,MAAMAAMM,23825,285900,0.9685347278912863,2.265060822168986,2.3524575233459473,0.6276109660574413,0.2349869451697128,0.23671551627698847,1.0,0.0003,1.0,6470.357379198074
depth4_bal_MAAMAAMM,4,MAAMAAMM,23850,286200,0.9241512765487035,1.8605034748713176,2.011943510600499,0.641644908616188,0.36553524804177545,0.3269940709251594,1.0,0.0003,1.0,6478.233719110489
depth4_bal_MAAMAAMM,4,MAAMAAMM,23875,286500,1.0237561265627544,1.9622941811879475,2.145237980570112,0.5959530026109661,0.304177545691906,0.2691576238952903,1.0,0.0003,1.0,6486.321757078171
depth4_bal_MAAMAAMM,4,MAAMAAMM,23900,286800,0.9052348583936691,1.8722505569458008,2.0561745166778564,0.6631853785900783,0.35509138381201044,0.3193869560353507,1.0,0.0003,1.0,6494.4802877902985
depth4_bal_MAAMAAMM,4,MAAMAAMM,23925,287100,1.3118705948193867,2.2742019494374595,2.3755797386169433,0.48629242819843344,0.22193211488250653,0.2163552970130887,1.0,0.0003,1.0,6500.398406982422
depth4_bal_MAAMAAMM,4,MAAMAAMM,23950,287400,1.0544157475233078,2.0515456994374595,2.1693156242370604,0.5982375979112271,0.2859007832898172,0.2764291307752545,1.0,0.0003,1.0,6503.5026886463165
depth4_bal_MAAMAAMM,4,MAAMAAMM,23975,287700,1.4066186944643657,1.9799338181813557,2.1096980265208654,0.5303524804177546,0.293733681462141,0.25606891151135475,1.0,0.0003,1.0,6508.799910545349
depth4_bal_MAAMAAMM,4,MAAMAAMM,24000,288000,1.0239874025185902,1.9231324195861816,2.001591195378985,0.6080287206266318,0.3185378590078329,0.31412909721445353,1.0,0.0003,1.0,6511.888222694397
depth4_bal_MAAMAAMM,4,MAAMAAMM,24025,288300,1.2514055867989857,1.9900432427724202,2.0743776082992555,0.5189295039164491,0.2898172323759791,0.2758697840921803,1.0,0.0003,1.0,6515.254221439362
depth4_bal_MAAMAAMM,4,MAAMAAMM,24050,288600,0.9124669830004374,1.8646366993586223,2.014299597058977,0.6860313315926893,0.33550913838120106,0.3246448148562479,1.0,0.0003,1.0,6518.340967655182
depth4_bal_MAAMAAMM,4,MAAMAAMM,24075,288900,1.0519523868958156,1.996671199798584,2.111265332358224,0.5662532637075718,0.28720626631853785,0.2883991497930417,1.0,0.0003,1.0,6521.536319494247
depth4_bal_MAAMAAMM,4,MAAMAAMM,24100,289200,1.0764103531837463,1.9886281490325928,2.1076976128986904,0.5890992167101827,0.2963446475195822,0.276764738785099,1.0,0.0003,1.0,6524.689163446426
depth4_bal_MAAMAAMM,4,MAAMAAMM,24125,289500,1.5916634996732075,2.1629459857940674,2.299755219050816,0.4141644908616188,0.22845953002610966,0.2255285826155051,1.0,0.0003,1.0,6532.225034236908
depth4_bal_MAAMAAMM,4,MAAMAAMM,24150,289800,0.969914436340332,1.956523100535075,2.058260147912162,0.6338120104438643,0.3093994778067885,0.3079762837006377,1.0,0.0003,1.0,6535.800453662872
depth4_bal_MAAMAAMM,4,MAAMAAMM,24175,290100,0.9072625190019608,1.906916340192159,2.0268897124699183,0.6710182767624021,0.3433420365535248,0.3086474997203267,1.0,0.0003,1.0,6538.975811481476
depth4_bal_MAAMAAMM,4,MAAMAAMM,24200,290400,0.9070828408002853,2.0104846556981406,2.10539470740727,0.6684073107049608,0.2859007832898172,0.2943282246336279,1.0,0.0003,1.0,6542.044996023178
depth4_bal_MAAMAAMM,4,MAAMAAMM,24225,290700,0.9846955885489782,1.960684339205424,2.047954269817897,0.6207571801566579,0.30809399477806787,0.30025729947421415,1.0,0.0003,1.0,6545.143652915955
depth4_bal_MAAMAAMM,4,MAAMAAMM,24250,291000,1.0157157878081005,2.1026326020558677,2.192513986996242,0.6018276762402088,0.30678851174934724,0.282134466942611,1.0,0.0003,1.0,6548.204180955887
depth4_bal_MAAMAAMM,4,MAAMAAMM,24275,291300,1.4292511145273845,2.0638773441314697,2.222771225656782,0.456266318537859,0.2859007832898172,0.24320393780064883,1.0,0.0003,1.0,6551.369353532791
depth4_bal_MAAMAAMM,4,MAAMAAMM,24300,291600,0.9428150753180186,1.9325990676879883,2.019784757069179,0.6462140992167101,0.31201044386422977,0.3094305850766305,1.0,0.0003,1.0,6556.59059047699
depth4_bal_MAAMAAMM,4,MAAMAAMM,24325,291900,0.9926960468292236,1.794129490852356,1.905466045652117,0.6465404699738904,0.36945169712793735,0.3339299697952791,1.0,0.0003,1.0,6559.659767627716
depth4_bal_MAAMAAMM,4,MAAMAAMM,24350,292200,0.9479110290606817,2.032944917678833,2.114802977016994,0.6400130548302873,0.293733681462141,0.2933214006040944,1.0,0.0003,1.0,6566.688779830933
depth4_bal_MAAMAAMM,4,MAAMAAMM,24375,292500,1.0458083649476368,1.866407076517741,2.002976427759443,0.6018276762402088,0.33550913838120106,0.3103255397695492,1.0,0.0003,1.0,6574.567813873291
depth4_bal_MAAMAAMM,4,MAAMAAMM,24400,292800,1.0972859660784404,2.1492578983306885,2.239001328604562,0.5825718015665796,0.27676240208877284,0.2566282581944289,1.0,0.0003,1.0,6582.567734479904
depth4_bal_MAAMAAMM,4,MAAMAAMM,24425,293100,1.685680518547694,3.0560553868611655,3.061017322540283,0.41449086161879894,0.1475195822454308,0.1466607003020472,1.0,0.0003,1.0,6590.6851987838745
depth4_bal_MAAMAAMM,4,MAAMAAMM,24450,293400,0.9276444266239802,1.8985076347986858,2.0028072902134486,0.64588772845953,0.31592689295039167,0.31815639333258755,1.0,0.0003,1.0,6598.880924463272
depth4_bal_MAAMAAMM,4,MAAMAAMM,24475,293700,1.0233714083830516,2.0836341381073,2.161435205595834,0.606396866840731,0.2819843342036554,0.2831412909721445,1.0,0.0003,1.0,6607.011744737625
depth4_bal_MAAMAAMM,4,MAAMAAMM,24500,294000,1.0418919722239177,2.0106685956319175,2.0954463924680438,0.6122715404699739,0.30678851174934724,0.27922586419062534,1.0,0.0003,1.0,6615.1325261592865
depth4_bal_MAAMAAMM,4,MAAMAAMM,24525,294300,1.0166362325350444,1.9722425142923992,2.094972733088902,0.6054177545691906,0.34073107049608353,0.30417272625573333,1.0,0.0003,1.0,6623.078289031982
depth4_bal_MAAMAAMM,4,MAAMAAMM,24550,294600,1.1629043022791545,2.180081049601237,2.38012900352478,0.539490861618799,0.2845953002610966,0.23403065219823246,1.0,0.0003,1.0,6631.189812421799
depth4_bal_MAAMAAMM,4,MAAMAAMM,24575,294900,0.8910774538914362,2.107783317565918,2.1956505298614504,0.6488250652741514,0.34595300261096606,0.29913860610806575,1.0,0.0003,1.0,6639.2216947078705
depth4_bal_MAAMAAMM,4,MAAMAAMM,24600,295200,1.0257469763358433,2.1383233865102134,2.222007141794477,0.597911227154047,0.26762402088772846,0.2638997650743931,1.0,0.0003,1.0,6646.841178417206
depth4_bal_MAAMAAMM,4,MAAMAAMM,24625,295500,0.9018316815296809,2.0969413916269937,2.146692361150469,0.6576370757180157,0.2924281984334204,0.30417272625573333,1.0,0.0003,1.0,6655.055584192276
depth4_bal_MAAMAAMM,4,MAAMAAMM,24650,295800,0.9756796757380167,2.09744656085968,2.244700915472848,0.6298955613577023,0.26762402088772846,0.25573330350151025,1.0,0.0003,1.0,6663.1201157569885
depth4_bal_MAAMAAMM,4,MAAMAAMM,24675,296100,1.0287005454301834,2.198143641153971,2.2817250728607177,0.6015013054830287,0.2898172323759791,0.277435954804788,1.0,0.0003,1.0,6671.225806474686
depth4_bal_MAAMAAMM,4,MAAMAAMM,24700,296400,0.9785636961460114,1.9538524548212688,2.074381572859628,0.6246736292428199,0.32114882506527415,0.3173733079762837,1.0,0.0003,1.0,6678.976445674896
depth4_bal_MAAMAAMM,4,MAAMAAMM,24725,296700,1.3422040541966755,2.2714385191599527,2.342589010511126,0.48596605744125326,0.27154046997389036,0.25371965544244324,1.0,0.0003,1.0,6686.67195558548
depth4_bal_MAAMAAMM,4,MAAMAAMM,24750,297000,1.003612404068311,1.9646210273106892,2.111517000198364,0.6031331592689295,0.3381201044386423,0.3143528358876832,1.0,0.0003,1.0,6694.804465293884
depth4_bal_MAAMAAMM,4,MAAMAAMM,24775,297300,1.0943228205045064,2.2291138966878257,2.3219719682421003,0.5649477806788512,0.2362924281984334,0.2588656449267256,1.0,0.0003,1.0,6702.929042100906
depth4_bal_MAAMAAMM,4,MAAMAAMM,24800,297600,0.972585141658783,2.140077829360962,2.271636540549142,0.6174934725848564,0.30156657963446476,0.27195435731066114,1.0,0.0003,1.0,6710.9144282341
depth4_bal_MAAMAAMM,4,MAAMAAMM,24825,297900,1.1783133894205093,2.137773593266805,2.2521911893572124,0.5352480417754569,0.26370757180156656,0.2661371518066898,1.0,0.0003,1.0,6718.83768081665
depth4_bal_MAAMAAMM,4,MAAMAAMM,24850,298200,1.0024281789859135,2.0582632621129355,2.1716970579964774,0.6106396866840731,0.29112271540469975,0.27564604541895066,1.0,0.0003,1.0,6726.753294229507
depth4_bal_MAAMAAMM,4,MAAMAAMM,24875,298500,1.0452487965424855,2.096604267756144,2.2863527025495256,0.5842036553524804,0.2845953002610966,0.2691576238952903,1.0,0.0003,1.0,6734.8149330616
depth4_bal_MAAMAAMM,4,MAAMAAMM,24900,298800,1.008983055750529,2.3417722384134927,2.4030613899230957,0.5985639686684073,0.2454308093994778,0.24857366595816086,1.0,0.0003,1.0,6742.849663972855
depth4_bal_MAAMAAMM,4,MAAMAAMM,24925,299100,1.1687619189421337,2.3943419456481934,2.542931066240583,0.5407963446475196,0.20234986945169714,0.21165678487526568,1.0,0.0003,1.0,6750.7829349040985
depth4_bal_MAAMAAMM,4,MAAMAAMM,24950,299400,1.0409670025110245,2.1299925247828164,2.232053252628871,0.5881201044386423,0.2859007832898172,0.2764291307752545,1.0,0.0003,1.0,6758.877748966217
depth4_bal_MAAMAAMM,4,MAAMAAMM,24975,299700,1.2264966368675232,2.865703582763672,3.075005510875157,0.5329634464751958,0.18276762402088773,0.15672894059738227,1.0,0.0003,1.0,6766.744702577591
depth4_bal_MAAMAAMM,4,MAAMAAMM,25000,300000,1.188466062148412,2.297710577646891,2.3272303785596575,0.5398172323759791,0.24934725848563968,0.24958048998769436,1.0,0.0003,1.0,6774.898379087448
depth4_bal_MAAMAAMM,4,MAAMAAMM,25025,300300,0.9817292938629786,2.3861719767252603,2.425915881565639,0.6344647519582245,0.24151436031331594,0.24723123391878285,1.0,0.0003,1.0,6783.132292032242
depth4_bal_MAAMAAMM,4,MAAMAAMM,25050,300600,1.1553366035223007,2.244816541671753,2.378091778073992,0.5531984334203656,0.27284595300261094,0.2503635753439982,1.0,0.0003,1.0,6791.262744426727
depth4_bal_MAAMAAMM,4,MAAMAAMM,25075,300900,0.8168193250894547,2.0608370701471963,2.1872139181409564,0.7212793733681462,0.3237597911227154,0.30652198232464484,1.0,0.0003,1.0,6798.794583082199
depth4_bal_MAAMAAMM,4,MAAMAAMM,25100,301200,0.8908054778973261,2.067814509073893,2.2371332304818288,0.6684073107049608,0.3133159268929504,0.2989148674348361,1.0,0.0003,1.0,6806.605096578598
depth4_bal_MAAMAAMM,4,MAAMAAMM,25125,301500,0.91059576968352,2.0116449991861978,2.1645186492374964,0.6638381201044387,0.31070496083550914,0.30517955028526683,1.0,0.0003,1.0,6814.077194929123
depth4_bal_MAAMAAMM,4,MAAMAAMM,25150,301800,0.9186599204937617,2.0057178735733032,2.123039446558271,0.6697127937336814,0.31462140992167104,0.2965656113659246,1.0,0.0003,1.0,6822.0603058338165
depth4_bal_MAAMAAMM,4,MAAMAAMM,25175,302100,0.9374072402715683,2.236257791519165,2.3334266117640903,0.6439295039164491,0.25326370757180156,0.2622217250251706,1.0,0.0003,1.0,6830.145565748215
depth4_bal_MAAMAAMM,4,MAAMAAMM,25200,302400,1.2933689852555592,2.3657421271006265,2.473459441321237,0.4902088772845953,0.24281984334203655,0.2368273856136033,1.0,0.0003,1.0,6838.115828990936
depth4_bal_MAAMAAMM,4,MAAMAAMM,25225,302700,1.0953720609347026,2.098964254061381,2.21353189604623,0.5659268929503917,0.28067885117493474,0.276764738785099,1.0,0.0003,1.0,6845.428551197052
depth4_bal_MAAMAAMM,4,MAAMAAMM,25250,303000,1.434440831343333,2.209688186645508,2.329521553856986,0.46475195822454307,0.20365535248041775,0.1994630271842488,1.0,0.0003,1.0,6852.965015411377
depth4_bal_MAAMAAMM,4,MAAMAAMM,25275,303300,1.038608580827713,2.157498757044474,2.212942947660174,0.618798955613577,0.2793733681462141,0.2873923257635082,1.0,0.0003,1.0,6861.0849351882935
depth4_bal_MAAMAAMM,4,MAAMAAMM,25300,303600,0.8525172472000122,2.0766130685806274,2.2114949907575334,0.6746083550913838,0.2989556135770235,0.29052466718872355,1.0,0.0003,1.0,6869.231167078018
depth4_bal_MAAMAAMM,4,MAAMAAMM,25325,303900,1.305040458838145,2.093340277671814,2.1933869702475413,0.5939947780678851,0.2780678851174935,0.2575232128873476,1.0,0.0003,1.0,6877.327697277069
depth4_bal_MAAMAAMM,4,MAAMAAMM,25350,304200,1.1192558109760284,2.046338438987732,2.12380656174251,0.6292428198433421,0.2793733681462141,0.2758697840921803,1.0,0.0003,1.0,6884.539745092392
depth4_bal_MAAMAAMM,4,MAAMAAMM,25375,304500,1.046598181128502,2.2213407357533774,2.350579343523298,0.6050913838120104,0.2558746736292428,0.2364917776037588,1.0,0.0003,1.0,6887.668358325958
depth4_bal_MAAMAAMM,4,MAAMAAMM,25400,304800,1.0802779495716095,2.141473372777303,2.3002220290047783,0.5672323759791122,0.2859007832898172,0.26300481038147444,1.0,0.0003,1.0,6894.81574010849
depth4_bal_MAAMAAMM,4,MAAMAAMM,25425,305100,1.1134090373913448,2.35658589998881,2.4162923199789863,0.5580939947780679,0.21671018276762402,0.24119028974158183,1.0,0.0003,1.0,6902.878724098206
depth4_bal_MAAMAAMM,4,MAAMAAMM,25450,305400,4.771944602330525,3.9022247791290283,3.977574893406459,0.10476501305483028,0.0835509138381201,0.07293880747287168,1.0,0.0003,1.0,6911.000959396362
depth4_bal_MAAMAAMM,4,MAAMAAMM,25475,305700,1.159786691268285,2.15961492061615,2.258545126233782,0.5825718015665796,0.2989556135770235,0.27027631726143864,1.0,0.0003,1.0,6919.205956935883
depth4_bal_MAAMAAMM,4,MAAMAAMM,25500,306000,1.0494425594806671,2.221710681915283,2.352549764088222,0.5988903394255874,0.27676240208877284,0.26871014654883096,1.0,0.0003,1.0,6926.3267521858215
depth4_bal_MAAMAAMM,4,MAAMAAMM,25525,306300,1.094720795750618,2.177253087361654,2.311706038883754,0.575065274151436,0.2898172323759791,0.26636089047991945,1.0,0.0003,1.0,6933.757483959198
depth4_bal_MAAMAAMM,4,MAAMAAMM,25550,306600,1.052010600765546,2.6119320392608643,2.6223319734845845,0.6037859007832899,0.21409921671018275,0.21389417160756236,1.0,0.0003,1.0,6941.727380275726
depth4_bal_MAAMAAMM,4,MAAMAAMM,25575,306900,0.8670267164707184,2.31938107808431,2.390745094844273,0.691579634464752,0.26631853785900783,0.2701644479248238,1.0,0.0003,1.0,6949.900249481201
depth4_bal_MAAMAAMM,4,MAAMAAMM,25600,307200,0.9952027151981989,2.2568949858347573,2.372011368615287,0.6109660574412533,0.3093994778067885,0.28090390423984785,1.0,0.0003,1.0,6958.016753911972
depth4_bal_MAAMAAMM,4,MAAMAAMM,25625,307500,0.912123883763949,2.191394885381063,2.317874370302473,0.6481723237597912,0.31723237597911225,0.2907484058619532,1.0,0.0003,1.0,6965.928897380829
depth4_bal_MAAMAAMM,4,MAAMAAMM,25650,307800,0.9978941231966019,2.300867954889933,2.424239342553275,0.6080287206266318,0.2924281984334204,0.2757579147555655,1.0,0.0003,1.0,6973.539134263992
depth4_bal_MAAMAAMM,4,MAAMAAMM,25675,308100,0.8236081451177597,2.0866794188817344,2.241985375540597,0.7180156657963447,0.35117493472584854,0.30987806242308985,1.0,0.0003,1.0,6981.058582305908
depth4_bal_MAAMAAMM,4,MAAMAAMM,25700,308400,0.8871463785568873,2.153089920679728,2.2559078420911516,0.7049608355091384,0.3185378590078329,0.2953350486631614,1.0,0.0003,1.0,6988.880906820297
depth4_bal_MAAMAAMM,4,MAAMAAMM,25725,308700,1.3120760818322499,2.3968543211619058,2.5668628760746546,0.5068537859007833,0.2402088772845953,0.22743036133795727,1.0,0.0003,1.0,6996.993718862534
depth4_bal_MAAMAAMM,4,MAAMAAMM,25750,309000,1.0849886586268742,2.49688188234965,2.5987956864493236,0.5819190600522193,0.26109660574412535,0.25081105269045756,1.0,0.0003,1.0,7004.973502874374
depth4_bal_MAAMAAMM,4,MAAMAAMM,25775,309300,0.9197910130023956,2.401677370071411,2.492423105239868,0.6514360313315927,0.26240208877284593,0.2710594026177425,1.0,0.0003,1.0,7013.086507558823
depth4_bal_MAAMAAMM,4,MAAMAAMM,25800,309600,1.0232791552941005,2.360373099644979,2.4347504275185723,0.6005221932114883,0.2885117493472585,0.26736771450945296,1.0,0.0003,1.0,7021.18324971199
depth4_bal_MAAMAAMM,4,MAAMAAMM,25825,309900,0.901590496301651,2.2500086625417075,2.3550026144300187,0.6772193211488251,0.3002610966057441,0.2764291307752545,1.0,0.0003,1.0,7029.074639558792
depth4_bal_MAAMAAMM,4,MAAMAAMM,25850,310200,0.863707090417544,2.3379854361216226,2.5379887580871583,0.6804830287206266,0.31592689295039167,0.2725137039937353,1.0,0.0003,1.0,7036.760102033615
depth4_bal_MAAMAAMM,4,MAAMAAMM,25875,310500,1.0591792166233063,2.442308266957601,2.5410001959119524,0.6057441253263708,0.2519582245430809,0.23693925495021814,1.0,0.0003,1.0,7044.718354940414
depth4_bal_MAAMAAMM,4,MAAMAAMM,25900,310800,1.0039630681276321,2.126345713933309,2.2474450383867537,0.6573107049608355,0.2898172323759791,0.27463922138941715,1.0,0.0003,1.0,7052.653782606125
depth4_bal_MAAMAAMM,4,MAAMAAMM,25925,311100,0.8723003963629404,2.2093687057495117,2.305059092385428,0.6977806788511749,0.2924281984334204,0.2919789685647164,1.0,0.0003,1.0,7060.656512260437
depth4_bal_MAAMAAMM,4,MAAMAAMM,25950,311400,0.9241662174463272,2.334380785624186,2.473840079988752,0.658289817232376,0.27284595300261094,0.26009620762948876,1.0,0.0003,1.0,7068.780304193497
depth4_bal_MAAMAAMM,4,MAAMAAMM,25975,311700,0.9888507525126139,2.5806392828623452,2.5920488970620292,0.6240208877284595,0.2310704960835509,0.22776596934780177,1.0,0.0003,1.0,7075.546182394028
depth4_bal_MAAMAAMM,4,MAAMAAMM,26000,312000,1.0667884399493535,2.2783337434132895,2.409863110951015,0.6279373368146214,0.26240208877284593,0.23570869224745497,1.0,0.0003,1.0,7083.48433804512
depth4_bal_MAAMAAMM,4,MAAMAAMM,26025,312300,0.8406148453553518,2.333449204762777,2.437203121185303,0.6804830287206266,0.27023498694516973,0.2545027407987471,1.0,0.0003,1.0,7091.748120069504
depth4_bal_MAAMAAMM,4,MAAMAAMM,26050,312600,0.9901478538910548,2.2870918114980063,2.3932741573878697,0.6259791122715405,0.2689295039164491,0.2691576238952903,1.0,0.0003,1.0,7095.948319673538
depth4_bal_MAAMAAMM,4,MAAMAAMM,26075,312900,0.9370780934890112,2.340583880742391,2.44453513281686,0.6589425587467362,0.27023498694516973,0.26043181563933326,1.0,0.0003,1.0,7103.181748151779
depth4_bal_MAAMAAMM,4,MAAMAAMM,26100,313200,1.020864759882291,2.2635321617126465,2.3907717977251326,0.6201044386422977,0.27154046997389036,0.26568967446023045,1.0,0.0003,1.0,7111.301257133484
depth4_bal_MAAMAAMM,4,MAAMAAMM,26125,313500,1.0272805194060008,2.38252846399943,2.4692780767168316,0.5998694516971279,0.2754569190600522,0.2694932319051348,1.0,0.0003,1.0,7118.272332906723
depth4_bal_MAAMAAMM,4,MAAMAAMM,26150,313800,1.5751980443795521,2.7267003854115806,2.754806797845023,0.4360313315926893,0.16449086161879894,0.1581832419733751,1.0,0.0003,1.0,7126.183353662491
depth4_bal_MAAMAAMM,4,MAAMAAMM,26175,314100,0.8899174282948176,2.45439084370931,2.557571199962071,0.6651436031331592,0.2650130548302872,0.2566282581944289,1.0,0.0003,1.0,7134.247669696808
depth4_bal_MAAMAAMM,4,MAAMAAMM,26200,314400,0.8647428353627523,2.3434229691823325,2.45100725037711,0.6886422976501305,0.2741514360313316,0.2659134131334601,1.0,0.0003,1.0,7142.29595541954
depth4_bal_MAAMAAMM,4,MAAMAAMM,26225,314700,0.9393622477849325,2.370321273803711,2.5049914360046386,0.6400130548302873,0.2885117493472585,0.26043181563933326,1.0,0.0003,1.0,7150.351026058197
depth4_bal_MAAMAAMM,4,MAAMAAMM,26250,315000,0.9136146356662115,2.534095605214437,2.6021458421434676,0.6550261096605744,0.25326370757180156,0.25349591676921357,1.0,0.0003,1.0,7158.568010807037
depth4_bal_MAAMAAMM,4,MAAMAAMM,26275,315300,1.0389276444911957,2.564007600148519,2.6565158775874544,0.5858355091383812,0.24151436031331594,0.22284371853674909,1.0,0.0003,1.0,7166.793994188309
depth4_bal_MAAMAAMM,4,MAAMAAMM,26300,315600,1.0062823394934337,2.509610335032145,2.667975262233189,0.6445822454308094,0.26762402088772846,0.25573330350151025,1.0,0.0003,1.0,7174.768095731735
depth4_bal_MAAMAAMM,4,MAAMAAMM,26325,315900,0.7457288851340612,2.334356943766276,2.4726934364863804,0.7441253263707572,0.2898172323759791,0.27564604541895066,1.0,0.0003,1.0,7183.088043689728
depth4_bal_MAAMAAMM,4,MAAMAAMM,26350,316200,0.9480355431636175,2.5087270736694336,2.592223378590175,0.633485639686684,0.28067885117493474,0.2561807808479696,1.0,0.0003,1.0,7191.29083275795
depth4_bal_MAAMAAMM,4,MAAMAAMM,26375,316500,0.863331084450086,2.306359132130941,2.4657935551234655,0.6827676240208878,0.2924281984334204,0.2757579147555655,1.0,0.0003,1.0,7199.314059019089
depth4_bal_MAAMAAMM,4,MAAMAAMM,26400,316800,1.0106061398983002,2.494920333226522,2.6493371418544225,0.6295691906005222,0.24804177545691905,0.24566506320617518,1.0,0.0003,1.0,7207.610141038895
depth4_bal_MAAMAAMM,4,MAAMAAMM,26425,317100,0.9569392253955206,2.206496000289917,2.3156875269753594,0.6759138381201044,0.2885117493472585,0.2642353730842376,1.0,0.0003,1.0,7215.780622243881
depth4_bal_MAAMAAMM,4,MAAMAAMM,26450,317400,1.126634453733762,2.6056412061055503,2.6963440350123813,0.5848563968668408,0.23368146214099217,0.23335943617854346,1.0,0.0003,1.0,7222.91047334671
depth4_bal_MAAMAAMM,4,MAAMAAMM,26475,317700,1.1084278176228206,2.7688868045806885,2.8318401541028706,0.589425587467363,0.2402088772845953,0.21098556885557668,1.0,0.0003,1.0,7229.463949203491
depth4_bal_MAAMAAMM,4,MAAMAAMM,26500,318000,1.1467133263746898,2.8664941787719727,3.0330743721553257,0.5780026109660574,0.2245430809399478,0.19800872580825596,1.0,0.0003,1.0,7237.639691829681
depth4_bal_MAAMAAMM,4,MAAMAAMM,26525,318300,1.1720946629842122,2.821889638900757,2.977162790298462,0.564621409921671,0.2206266318537859,0.19901554983778946,1.0,0.0003,1.0,7245.892013311386
depth4_bal_MAAMAAMM,4,MAAMAAMM,26550,318600,0.7869900614023209,2.355047623316447,2.4681786469050815,0.716710182767624,0.29765013054830286,0.2853786777044412,1.0,0.0003,1.0,7253.500005245209
depth4_bal_MAAMAAMM,4,MAAMAAMM,26575,318900,0.872461607058843,2.3283349672953286,2.444400501251221,0.6876631853785901,0.2793733681462141,0.26938136256851997,1.0,0.0003,1.0,7261.5630922317505
depth4_bal_MAAMAAMM,4,MAAMAAMM,26600,319200,0.870611642797788,2.3683742682139077,2.522757959365845,0.6954960835509139,0.2859007832898172,0.26859827721221613,1.0,0.0003,1.0,7269.7824540138245
depth4_bal_MAAMAAMM,4,MAAMAAMM,26625,319500,0.8924943606058756,2.3378045558929443,2.4581948825291224,0.6817885117493473,0.2793733681462141,0.26031994630271843,1.0,0.0003,1.0,7277.609411716461
depth4_bal_MAAMAAMM,4,MAAMAAMM,26650,319800,0.7906255076328913,2.4335880279541016,2.576787539890834,0.7274804177545692,0.27154046997389036,0.2698288399149793,1.0,0.0003,1.0,7285.681441307068
depth4_bal_MAAMAAMM,4,MAAMAAMM,26675,320100,0.7777096033096313,2.421042044957479,2.5459382602146694,0.7278067885117493,0.3002610966057441,0.2803445575567737,1.0,0.0003,1.0,7293.81901550293
depth4_bal_MAAMAAMM,4,MAAMAAMM,26700,320400,0.8017894079287847,2.4247469902038574,2.592400114876883,0.7065926892950392,0.28067885117493474,0.2718424879740463,1.0,0.0003,1.0,7301.956182956696
depth4_bal_MAAMAAMM,4,MAAMAAMM,26725,320700,0.7592482368151346,2.4466519355773926,2.6009564672197616,0.7307441253263708,0.2963446475195822,0.27833090949770667,1.0,0.0003,1.0,7309.589500665665
depth4_bal_MAAMAAMM,4,MAAMAAMM,26750,321000,0.810153583685557,2.3919955094655356,2.4688675062997,0.7212793733681462,0.2924281984334204,0.2840362456650632,1.0,0.0003,1.0,7317.738882780075
depth4_bal_MAAMAAMM,4,MAAMAAMM,26775,321300,0.9872241814931234,2.5499606927235923,2.678692844935826,0.6377284595300261,0.24281984334203655,0.2314576574560913,1.0,0.0003,1.0,7323.479393005371
depth4_bal_MAAMAAMM,4,MAAMAAMM,26800,321600,0.9885844737291336,2.385671854019165,2.5308079515184674,0.6256527415143603,0.2689295039164491,0.2546146101353619,1.0,0.0003,1.0,7331.318380355835
depth4_bal_MAAMAAMM,4,MAAMAAMM,26825,321900,0.7793828994035721,2.3504069646199546,2.4743985312325614,0.7258485639686684,0.2924281984334204,0.2828056829623,1.0,0.0003,1.0,7339.452758550644
depth4_bal_MAAMAAMM,4,MAAMAAMM,26850,322200,0.8787862658500671,2.530630429585775,2.6845160893031528,0.6563315926892951,0.2754569190600522,0.2668083678263788,1.0,0.0003,1.0,7347.318401813507
depth4_bal_MAAMAAMM,4,MAAMAAMM,26875,322500,1.1864523589611053,2.624391476313273,2.7779140131814137,0.5528720626631853,0.19973890339425587,0.20382593131222732,1.0,0.0003,1.0,7355.527522802353
depth4_bal_MAAMAAMM,4,MAAMAAMM,26900,322800,1.0038168281316757,2.551135778427124,2.7022845132010325,0.6230417754569191,0.24673629242819844,0.23302382816869896,1.0,0.0003,1.0,7363.449688911438
depth4_bal_MAAMAAMM,4,MAAMAAMM,26925,323100,1.141560306151708,2.879789352416992,3.037756715502058,0.5718015665796344,0.16318537859007834,0.19498825371965545,1.0,0.0003,1.0,7371.557983160019
depth4_bal_MAAMAAMM,4,MAAMAAMM,26950,323400,0.9019922961791357,2.549676497777303,2.7087318897247314,0.6726501305483029,0.2689295039164491,0.2427564604541895,1.0,0.0003,1.0,7379.690779924393
depth4_bal_MAAMAAMM,4,MAAMAAMM,26975,323700,1.3251890242099762,3.0871760050455728,3.071024329321725,0.5443864229765013,0.206266318537859,0.21669090502293323,1.0,0.0003,1.0,7387.949096918106
depth4_bal_MAAMAAMM,4,MAAMAAMM,27000,324000,0.8396580467621485,2.2289955615997314,2.376472861426217,0.7317232375979112,0.2898172323759791,0.28325316030875936,1.0,0.0003,1.0,7396.038291454315
depth4_bal_MAAMAAMM,4,MAAMAAMM,27025,324300,0.8845376918713251,2.390409310658773,2.5128309181758337,0.6906005221932114,0.25718015665796345,0.26043181563933326,1.0,0.0003,1.0,7404.250212907791
depth4_bal_MAAMAAMM,4,MAAMAAMM,27050,324600,1.7463823060194652,2.8131218751271567,2.870709732600621,0.402088772845953,0.14490861618798956,0.1588544579930641,1.0,0.0003,1.0,7412.395227193832
depth4_bal_MAAMAAMM,4,MAAMAAMM,27075,324900,1.085280845562617,2.5259670416514077,2.617089237485613,0.5939947780678851,0.2362924281984334,0.23391878286161763,1.0,0.0003,1.0,7420.21825170517
depth4_bal_MAAMAAMM,4,MAAMAAMM,27100,325200,0.8588974674542745,2.2438623110453286,2.379856252670288,0.7251958224543081,0.2924281984334204,0.2731849200134243,1.0,0.0003,1.0,7428.4415237903595
depth4_bal_MAAMAAMM,4,MAAMAAMM,27125,325500,0.7838228990634283,2.2337533632914224,2.4025692667279923,0.7395561357702349,0.30678851174934724,0.2804564268933885,1.0,0.0003,1.0,7436.372666120529
depth4_bal_MAAMAAMM,4,MAAMAAMM,27150,325800,0.8432805687189102,2.4717599550882974,2.578414045061384,0.6899477806788512,0.2754569190600522,0.2715068799642018,1.0,0.0003,1.0,7444.300076723099
depth4_bal_MAAMAAMM,4,MAAMAAMM,27175,326100,1.0256319493055344,2.3049825032552085,2.440475858960833,0.6360966057441253,0.2558746736292428,0.23257635082223962,1.0,0.0003,1.0,7452.170603752136
depth4_bal_MAAMAAMM,4,MAAMAAMM,27200,326400,0.7797491947809855,2.4735453923543296,2.56896413394383,0.731396866840731,0.2780678851174935,0.2647947197673118,1.0,0.0003,1.0,7460.290127754211
depth4_bal_MAAMAAMM,4,MAAMAAMM,27225,326700,0.8853805512189865,2.358475923538208,2.474875095912388,0.6876631853785901,0.27676240208877284,0.25371965544244324,1.0,0.0003,1.0,7468.573566675186
depth4_bal_MAAMAAMM,4,MAAMAAMM,27250,327000,0.9200579176346461,2.512096087137858,2.6833623817988803,0.6507832898172323,0.2506527415143603,0.24152589775142633,1.0,0.0003,1.0,7476.454674959183
depth4_bal_MAAMAAMM,4,MAAMAAMM,27275,327300,0.8586148917675018,2.3100335597991943,2.4417978422982354,0.7003916449086162,0.2963446475195822,0.275422306745721,1.0,0.0003,1.0,7484.332235813141
depth4_bal_MAAMAAMM,4,MAAMAAMM,27300,327600,0.9975042243798574,2.7025599479675293,2.8815650803702217,0.631201044386423,0.24804177545691905,0.21378230227094752,1.0,0.0003,1.0,7492.162047624588
depth4_bal_MAAMAAMM,4,MAAMAAMM,27325,327900,0.8180899123350779,2.3589441776275635,2.533111000061035,0.72911227154047,0.2780678851174935,0.2593131222731849,1.0,0.0003,1.0,7500.242312669754
depth4_bal_MAAMAAMM,4,MAAMAAMM,27350,328200,0.9185091207424799,2.7022060553232827,2.797979075568063,0.6530678851174935,0.22845953002610966,0.23302382816869896,1.0,0.0003,1.0,7508.131351470947
depth4_bal_MAAMAAMM,4,MAAMAAMM,27375,328500,0.9719647715489069,2.637199322382609,2.7712177072252544,0.6285900783289817,0.2584856396866841,0.2378342096431368,1.0,0.0003,1.0,7514.9323563575745
depth4_bal_MAAMAAMM,4,MAAMAAMM,27400,328800,0.9040781756242117,2.6413587729136148,2.8799428122384207,0.6857049608355091,0.24804177545691905,0.22933214006040945,1.0,0.0003,1.0,7523.059058189392
depth4_bal_MAAMAAMM,4,MAAMAAMM,27425,329100,0.9109860559304556,2.5001224676767984,2.6642420428139824,0.6648172323759791,0.27284595300261094,0.25371965544244324,1.0,0.0003,1.0,7531.3519105911255
depth4_bal_MAAMAAMM,4,MAAMAAMM,27450,329400,0.9937162895997366,2.5639228026072183,2.6864908763340543,0.6325065274151436,0.23237597911227154,0.2288846627139501,1.0,0.0003,1.0,7539.554708480835
depth4_bal_MAAMAAMM,4,MAAMAAMM,27475,329700,1.0358522087335587,2.3740247090657554,2.507534544808524,0.6158616187989556,0.26109660574412535,0.23738673229667748,1.0,0.0003,1.0,7547.5557606220245
depth4_bal_MAAMAAMM,4,MAAMAAMM,27500,330000,1.1027444799741108,2.3167412281036377,2.5030783925737654,0.6093342036553525,0.28720626631853785,0.24958048998769436,1.0,0.0003,1.0,7555.229467391968
depth4_bal_MAAMAAMM,4,MAAMAAMM,27525,330300,0.9753134697675705,2.6392714182535806,2.779179927280971,0.6266318537859008,0.23237597911227154,0.22664727598165343,1.0,0.0003,1.0,7563.484456062317
depth4_bal_MAAMAAMM,4,MAAMAAMM,27550,330600,1.0033715069293976,2.5986817677815757,2.7147275856563025,0.6524151436031331,0.21409921671018275,0.2136704329343327,1.0,0.0003,1.0,7571.041162252426
depth4_bal_MAAMAAMM,4,MAAMAAMM,27575,330900,0.94306048254172,2.7148753801981607,2.879417828151158,0.6713446475195822,0.19973890339425587,0.1974493791251818,1.0,0.0003,1.0,7579.1444272994995
depth4_bal_MAAMAAMM,4,MAAMAAMM,27600,331200,1.6706534226735432,2.3616185188293457,2.438216406958444,0.4931462140992167,0.20496083550913838,0.1935339523436626,1.0,0.0003,1.0,7587.228395223618
depth4_bal_MAAMAAMM,4,MAAMAAMM,27625,331500,1.2452613413333893,2.7550906340281167,2.943012121745518,0.5381853785900783,0.22193211488250653,0.20002237386732297,1.0,0.0003,1.0,7595.409734964371
depth4_bal_MAAMAAMM,4,MAAMAAMM,27650,331800,1.2895198166370392,2.457674582799276,2.6008868626185824,0.5248041775456919,0.23759791122715404,0.23022709475332812,1.0,0.0003,1.0,7603.513073205948
depth4_bal_MAAMAAMM,4,MAAMAAMM,27675,332100,0.7636720736821493,2.4543848037719727,2.688625989641462,0.737597911227154,0.2898172323759791,0.2627810717082448,1.0,0.0003,1.0,7611.012618780136
depth4_bal_MAAMAAMM,4,MAAMAAMM,27700,332400,0.832834467291832,2.54956316947937,2.709455340249198,0.7036553524804178,0.27284595300261094,0.24734310325539768,1.0,0.0003,1.0,7615.12074971199
depth4_bal_MAAMAAMM,4,MAAMAAMM,27725,332700,0.8076155384381613,2.6044390201568604,2.792717960902623,0.7033289817232375,0.2650130548302872,0.24488197784987134,1.0,0.0003,1.0,7618.241035223007
depth4_bal_MAAMAAMM,4,MAAMAAMM,27750,333000,1.045632541179657,4.939312140146892,5.132680157252721,0.6648172323759791,0.08746736292428199,0.09822127754782414,1.0,0.0003,1.0,7621.652881383896
depth4_bal_MAAMAAMM,4,MAAMAAMM,27775,333300,0.8164076507091522,2.4714913368225098,2.652066843850272,0.7248694516971279,0.26240208877284593,0.24600067121601968,1.0,0.0003,1.0,7629.663771390915
depth4_bal_MAAMAAMM,4,MAAMAAMM,27800,333600,0.9788817465305328,2.719092925389608,2.8059203147888185,0.639686684073107,0.22323759791122716,0.22798970802103144,1.0,0.0003,1.0,7636.165671348572
depth4_bal_MAAMAAMM,4,MAAMAAMM,27825,333900,0.9377023677031199,2.7503535747528076,2.8768254825047084,0.6524151436031331,0.2650130548302872,0.24622440988924935,1.0,0.0003,1.0,7644.17954826355
depth4_bal_MAAMAAMM,4,MAAMAAMM,27850,334200,0.7337223589420319,2.680461327234904,2.90289534841265,0.7447780678851175,0.26762402088772846,0.2434276764738785,1.0,0.0003,1.0,7652.119441509247
depth4_bal_MAAMAAMM,4,MAAMAAMM,27875,334500,0.7218896647294363,2.74886147181193,2.8895379883902415,0.7464099216710183,0.26240208877284593,0.2578588208971921,1.0,0.0003,1.0,7660.2182874679565
depth4_bal_MAAMAAMM,4,MAAMAAMM,27900,334800,1.6206222573916118,3.258497635523478,3.3659494468144007,0.4872715404699739,0.1906005221932115,0.1740686877726815,1.0,0.0003,1.0,7668.048656702042
depth4_bal_MAAMAAMM,4,MAAMAAMM,27925,335100,0.7503440231084824,2.6861157417297363,2.809477458681379,0.7418407310704961,0.2545691906005222,0.25506208748182124,1.0,0.0003,1.0,7675.9446132183075
depth4_bal_MAAMAAMM,4,MAAMAAMM,27950,335400,0.9259743293126425,2.7671303749084473,2.9916110447474886,0.652088772845953,0.2245430809399478,0.20349032330238281,1.0,0.0003,1.0,7683.718721151352
depth4_bal_MAAMAAMM,4,MAAMAAMM,27975,335700,1.1219361126422882,2.964844226837158,3.1203735079084125,0.5802872062663186,0.19451697127937337,0.18693366148338741,1.0,0.0003,1.0,7691.465819120407
depth4_bal_MAAMAAMM,4,MAAMAAMM,28000,336000,0.7703206489483515,2.577430248260498,2.749346685409546,0.7300913838120104,0.2584856396866841,0.2420852444345005,1.0,0.0003,1.0,7699.574085235596
depth4_bal_MAAMAAMM,4,MAAMAAMM,28025,336300,0.7856137255827585,2.781984329223633,2.896150371006557,0.7013707571801566,0.24673629242819844,0.2420852444345005,1.0,0.0003,1.0,7707.724395036697
depth4_bal_MAAMAAMM,4,MAAMAAMM,28050,336600,1.2877979278564453,2.9323500792185464,3.034814773287092,0.5518929503916449,0.19321148825065274,0.19756124846179662,1.0,0.0003,1.0,7714.988925933838
depth4_bal_MAAMAAMM,4,MAAMAAMM,28075,336900,0.8407532572746277,2.586502949396769,2.74663097517831,0.7046344647519582,0.2584856396866841,0.24286832979080433,1.0,0.0003,1.0,7721.434805631638
depth4_bal_MAAMAAMM,4,MAAMAAMM,28100,337200,0.769222691655159,2.8188676039377847,2.934708152498518,0.7140992167101827,0.24281984334203655,0.24577693254279,1.0,0.0003,1.0,7724.610375165939
depth4_bal_MAAMAAMM,4,MAAMAAMM,28125,337500,0.7312779426574707,2.739749272664388,2.8708319800240654,0.7532637075718016,0.2754569190600522,0.246448148562479,1.0,0.0003,1.0,7731.282495260239
depth4_bal_MAAMAAMM,4,MAAMAAMM,28150,337800,1.0906721154848735,3.0021068255106607,3.12597223009382,0.6145561357702349,0.20757180156657964,0.18973039489875826,1.0,0.0003,1.0,7738.264943361282
depth4_bal_MAAMAAMM,4,MAAMAAMM,28175,338100,0.9489070574442545,2.7208704153696694,2.8769517149244037,0.6589425587467362,0.24673629242819844,0.22183689450721558,1.0,0.0003,1.0,7746.356266498566
depth4_bal_MAAMAAMM,4,MAAMAAMM,28200,338400,0.9763917078574499,3.295525868733724,3.4624885763440814,0.6481723237597912,0.18798955613577023,0.17977402394003802,1.0,0.0003,1.0,7754.519331693649
depth4_bal_MAAMAAMM,4,MAAMAAMM,28225,338700,0.9943017264207205,2.5599629084269204,2.638248109817505,0.6716710182767625,0.2154046997389034,0.206063318044524,1.0,0.0003,1.0,7762.654817819595
depth4_bal_MAAMAAMM,4,MAAMAAMM,28250,339000,1.1825707753499348,2.294443686803182,2.424796758379255,0.5988903394255874,0.2584856396866841,0.24678375657232351,1.0,0.0003,1.0,7769.891728878021
depth4_bal_MAAMAAMM,4,MAAMAAMM,28275,339300,0.9501261462767919,2.536773681640625,2.618082502910069,0.6511096605744126,0.26240208877284593,0.24767871126524219,1.0,0.0003,1.0,7778.063127756119
depth4_bal_MAAMAAMM,4,MAAMAAMM,28300,339600,1.0498518248399098,2.617394765218099,2.7532133647373747,0.6060704960835509,0.22323759791122716,0.21646716634970353,1.0,0.0003,1.0,7786.1168394088745
depth4_bal_MAAMAAMM,4,MAAMAAMM,28325,339900,1.1158869316180546,2.7597843011220298,2.947617278780256,0.5904046997389034,0.19712793733681463,0.19308647499720327,1.0,0.0003,1.0,7794.223709344864
depth4_bal_MAAMAAMM,4,MAAMAAMM,28350,340200,0.9040814538796743,2.6352345943450928,2.7365544864109586,0.6693864229765013,0.24281984334203655,0.2241861505761271,1.0,0.0003,1.0,7802.217708110809
depth4_bal_MAAMAAMM,4,MAAMAAMM,28375,340500,0.8278659780820211,2.6631406943003335,2.768164450781686,0.6948433420365535,0.25718015665796345,0.23693925495021814,1.0,0.0003,1.0,7809.632035017014
depth4_bal_MAAMAAMM,4,MAAMAAMM,28400,340800,0.7229156891504923,2.6863228480021157,2.7772990703582763,0.7503263707571801,0.23759791122715404,0.24051907372189282,1.0,0.0003,1.0,7813.990526676178
depth4_bal_MAAMAAMM,4,MAAMAAMM,28425,341100,0.799361119667689,2.7027177015940347,2.849277755192348,0.7127937336814621,0.2545691906005222,0.2447701085132565,1.0,0.0003,1.0,7817.038669347763
depth4_bal_MAAMAAMM,4,MAAMAAMM,28450,341400,0.8463811079661051,2.798699220021566,2.9678714071001324,0.6964751958224543,0.23237597911227154,0.22015885445799308,1.0,0.0003,1.0,7824.16305398941
depth4_bal_MAAMAAMM,4,MAAMAAMM,28475,341700,1.1011026799678802,2.440531571706136,2.5574077538081577,0.6230417754569191,0.25326370757180156,0.2282134466942611,1.0,0.0003,1.0,7829.358541250229
depth4_bal_MAAMAAMM,4,MAAMAAMM,28500,342000,1.057943602403005,3.1444381872812905,3.1918200765337263,0.6106396866840731,0.17493472584856398,0.17451616511914084,1.0,0.0003,1.0,7837.0931923389435
depth4_bal_MAAMAAMM,4,MAAMAAMM,28525,342300,1.086096853017807,2.5924976666768393,2.762831687927246,0.6015013054830287,0.2506527415143603,0.22597605996196443,1.0,0.0003,1.0,7845.307386398315
depth4_bal_MAAMAAMM,4,MAAMAAMM,28550,342600,0.9096120695273081,2.9406422773996987,3.062289122172764,0.6922323759791122,0.23759791122715404,0.22765410001118694,1.0,0.0003,1.0,7853.53611946106
depth4_bal_MAAMAAMM,4,MAAMAAMM,28575,342900,0.8048544029394785,2.6770683924357095,2.815237283706665,0.716710182767624,0.2506527415143603,0.24130215907819666,1.0,0.0003,1.0,7861.734632253647
depth4_bal_MAAMAAMM,4,MAAMAAMM,28600,343200,0.6682232717672983,2.7261863549550376,2.835184247153146,0.7780678851174935,0.2597911227154047,0.24678375657232351,1.0,0.0003,1.0,7869.930196523666
depth4_bal_MAAMAAMM,4,MAAMAAMM,28625,343500,0.8454732249180476,2.596142053604126,2.7659430231366837,0.691579634464752,0.26631853785900783,0.25371965544244324,1.0,0.0003,1.0,7878.061336278915
depth4_bal_MAAMAAMM,4,MAAMAAMM,28650,343800,0.7020187377929688,2.7012160619099936,2.823931796210153,0.7721932114882507,0.2584856396866841,0.24890927396800536,1.0,0.0003,1.0,7886.351918697357
depth4_bal_MAAMAAMM,4,MAAMAAMM,28675,344100,1.1112608015537262,2.9946956634521484,3.151220716748919,0.5851827676240209,0.21018276762402088,0.2050564940149905,1.0,0.0003,1.0,7894.510733366013
depth4_bal_MAAMAAMM,4,MAAMAAMM,28700,344400,0.80678857366244,2.689050038655599,2.856731333051409,0.7147519582245431,0.24804177545691905,0.23693925495021814,1.0,0.0003,1.0,7902.69468832016
depth4_bal_MAAMAAMM,4,MAAMAAMM,28725,344700,1.2294655442237854,2.8763321240743003,3.023543119430542,0.5711488250652742,0.18929503916449086,0.18245888801879404,1.0,0.0003,1.0,7909.093055725098
depth4_bal_MAAMAAMM,4,MAAMAAMM,28750,345000,0.7452872941891352,2.698944330215454,2.901055894579206,0.7421671018276762,0.2519582245430809,0.25170600738337623,1.0,0.0003,1.0,7912.707939147949
depth4_bal_MAAMAAMM,4,MAAMAAMM,28775,345300,0.7585820853710175,2.73504908879598,2.864734479359218,0.7637075718015666,0.2519582245430809,0.22966774807025395,1.0,0.0003,1.0,7920.448411941528
depth4_bal_MAAMAAMM,4,MAAMAAMM,28800,345600,0.9166603982448578,2.9001739025115967,3.083932249886649,0.6713446475195822,0.23759791122715404,0.22038259313122274,1.0,0.0003,1.0,7928.26965546608
depth4_bal_MAAMAAMM,4,MAAMAAMM,28825,345900,0.8288787454366684,2.619129021962484,2.7933447429112026,0.7248694516971279,0.24804177545691905,0.23872916433605548,1.0,0.0003,1.0,7936.402716159821
depth4_bal_MAAMAAMM,4,MAAMAAMM,28850,346200,1.0605194965998332,2.764794031778971,2.886253111703055,0.6152088772845953,0.2258485639686684,0.2288846627139501,1.0,0.0003,1.0,7944.127709150314
depth4_bal_MAAMAAMM,4,MAAMAAMM,28875,346500,0.8066879163185755,2.6913644472757974,2.837625939505441,0.7235639686684073,0.23368146214099217,0.23224074281239512,1.0,0.0003,1.0,7947.486791133881
depth4_bal_MAAMAAMM,4,MAAMAAMM,28900,346800,1.111339231332143,2.4552497069040933,2.6229258401053293,0.6233681462140992,0.23237597911227154,0.21915203042845957,1.0,0.0003,1.0,7950.49584031105
depth4_bal_MAAMAAMM,4,MAAMAAMM,28925,347100,1.4532101253668468,3.344268798828125,3.452906928743635,0.5081592689295039,0.16449086161879894,0.15874258865644927,1.0,0.0003,1.0,7953.639148950577
depth4_bal_MAAMAAMM,4,MAAMAAMM,28950,347400,0.6506092250347137,2.9278647899627686,3.130649437223162,0.7845953002610966,0.24934725848563968,0.2261997986351941,1.0,0.0003,1.0,7959.9950432777405
depth4_bal_MAAMAAMM,4,MAAMAAMM,28975,347700,0.888672356804212,2.3994861443837485,2.543542766571045,0.7310704960835509,0.26631853785900783,0.24096655106835216,1.0,0.0003,1.0,7968.059063673019
depth4_bal_MAAMAAMM,4,MAAMAAMM,29000,348000,0.7937051852544149,2.5953733126322427,2.7739811965397427,0.7238903394255874,0.27023498694516973,0.2427564604541895,1.0,0.0003,1.0,7976.17899107933
depth4_bal_MAAMAAMM,4,MAAMAAMM,29025,348300,1.558246334393819,3.504114866256714,3.639911958149501,0.5065274151436031,0.17232375979112272,0.16981765298131782,1.0,0.0003,1.0,7983.957881450653
depth4_bal_MAAMAAMM,4,MAAMAAMM,29050,348600,0.7866060187419256,2.8228019873301187,3.006256355558123,0.7287859007832899,0.22845953002610966,0.22597605996196443,1.0,0.0003,1.0,7992.054350137711
depth4_bal_MAAMAAMM,4,MAAMAAMM,29075,348900,0.9013162106275558,2.8261868158976235,3.0207321303231374,0.6680809399477807,0.2584856396866841,0.2285490547041056,1.0,0.0003,1.0,7996.3130214214325
depth4_bal_MAAMAAMM,4,MAAMAAMM,29100,349200,0.7764054437478384,2.939911127090454,3.1173432554517473,0.7340078328981723,0.2297650130548303,0.23324756684192863,1.0,0.0003,1.0,8004.063744068146
depth4_bal_MAAMAAMM,4,MAAMAAMM,29125,349500,0.9089121719201406,2.859513203303019,3.031712600163051,0.6798302872062664,0.2362924281984334,0.21546034232017003,1.0,0.0003,1.0,8012.136853933334
depth4_bal_MAAMAAMM,4,MAAMAAMM,29150,349800,0.8371264884869257,2.9151225884755454,3.0554534843989782,0.689621409921671,0.21409921671018275,0.22049446246783758,1.0,0.0003,1.0,8020.245628833771
depth4_bal_MAAMAAMM,4,MAAMAAMM,29175,350100,0.9721447875102361,3.1133739948272705,3.3255552768707277,0.6651436031331592,0.20365535248041775,0.18827609352276542,1.0,0.0003,1.0,8028.243706703186
depth4_bal_MAAMAAMM,4,MAAMAAMM,29200,350400,0.7320643067359924,2.8482391834259033,2.985369041987828,0.7434725848563969,0.24151436031331594,0.23626803893052914,1.0,0.0003,1.0,8036.292400836945
depth4_bal_MAAMAAMM,4,MAAMAAMM,29225,350700,0.8585027307271957,2.909752686818441,3.1420085634504047,0.7026762402088773,0.2349869451697128,0.22541671327889026,1.0,0.0003,1.0,8044.145720720291
depth4_bal_MAAMAAMM,4,MAAMAAMM,29250,351000,1.038610319296519,3.126274824142456,3.3452281951904297,0.6230417754569191,0.2362924281984334,0.22228437185367492,1.0,0.0003,1.0,8051.667298555374
depth4_bal_MAAMAAMM,4,MAAMAAMM,29275,351300,1.2537703414758046,3.1835595766703286,3.2767859390803746,0.5545039164490861,0.19712793733681463,0.18816422418615059,1.0,0.0003,1.0,8057.515344142914
depth4_bal_MAAMAAMM,4,MAAMAAMM,29300,351600,0.9796203225851059,2.3597590923309326,2.5359912736075265,0.6968015665796344,0.25718015665796345,0.23884103367267032,1.0,0.0003,1.0,8065.523213386536
depth4_bal_MAAMAAMM,4,MAAMAAMM,29325,351900,0.8210925708214442,2.7364137172698975,2.896702473504203,0.7085509138381201,0.24151436031331594,0.22474549725920126,1.0,0.0003,1.0,8072.76088809967
depth4_bal_MAAMAAMM,4,MAAMAAMM,29350,352200,0.8544897039731344,2.781872510910034,2.948107031413487,0.7154046997389034,0.1919060052219321,0.2070701420740575,1.0,0.0003,1.0,8080.903258085251
depth4_bal_MAAMAAMM,4,MAAMAAMM,29375,352500,1.1804290513197582,2.824437697728475,3.079196459906442,0.5822454308093995,0.21671018276762402,0.1915203042845956,1.0,0.0003,1.0,8089.07616686821
depth4_bal_MAAMAAMM,4,MAAMAAMM,29400,352800,1.0452583531538646,2.9275801181793213,3.21612218448094,0.606396866840731,0.2206266318537859,0.2001342432039378,1.0,0.0003,1.0,8096.4201872348785
depth4_bal_MAAMAAMM,4,MAAMAAMM,29425,353100,1.1474636097749074,3.0880469481150308,3.230284847532,0.5884464751958225,0.20887728459530025,0.1967781631054928,1.0,0.0003,1.0,8103.227226495743
depth4_bal_MAAMAAMM,4,MAAMAAMM,29450,353400,1.5163856248060863,2.783639748891195,2.9969935962132044,0.5274151436031331,0.17493472584856398,0.18189954133571987,1.0,0.0003,1.0,8108.766745328903
depth4_bal_MAAMAAMM,4,MAAMAAMM,29475,353700,0.8936423858006796,2.822497765223185,2.953770521708897,0.6964751958224543,0.23890339425587467,0.23056270276317262,1.0,0.0003,1.0,8113.597410917282
depth4_bal_MAAMAAMM,4,MAAMAAMM,29500,354000,0.8113834212223688,2.607450246810913,2.753992632457188,0.720626631853786,0.24804177545691905,0.24264459111757467,1.0,0.0003,1.0,8121.294092416763
depth4_bal_MAAMAAMM,4,MAAMAAMM,29525,354300,1.2525575856367748,2.945807615915934,3.1130367279052735,0.5512402088772846,0.19843342036553524,0.1898422642353731,1.0,0.0003,1.0,8129.401288509369
depth4_bal_MAAMAAMM,4,MAAMAAMM,29550,354600,0.6917879382769266,2.6562727292378745,2.8104096412658692,0.7777415143603134,0.27023498694516973,0.2659134131334601,1.0,0.0003,1.0,8137.298972129822
depth4_bal_MAAMAAMM,4,MAAMAAMM,29575,354900,0.8579008877277374,2.9432085355122886,3.1033211844308037,0.6912532637075718,0.24281984334203655,0.22709475332811277,1.0,0.0003,1.0,8145.49689412117
depth4_bal_MAAMAAMM,4,MAAMAAMM,29600,355200,1.2437793165445328,2.8193154335021973,2.982202686582293,0.5933420365535248,0.21409921671018275,0.20293097661930865,1.0,0.0003,1.0,8153.470069646835
depth4_bal_MAAMAAMM,4,MAAMAAMM,29625,355500,0.6943124781052271,2.860445499420166,2.970505516869681,0.7610966057441253,0.2754569190600522,0.24790244993847185,1.0,0.0003,1.0,8161.137279510498
depth4_bal_MAAMAAMM,4,MAAMAAMM,29650,355800,0.7134329775969187,2.564094305038452,2.7059709344591414,0.7738250652741514,0.26240208877284593,0.26568967446023045,1.0,0.0003,1.0,8169.019522666931
depth4_bal_MAAMAAMM,4,MAAMAAMM,29675,356100,0.7407337178786596,2.681765000025431,2.867775923865182,0.7496736292428199,0.2650130548302872,0.24779058060185702,1.0,0.0003,1.0,8177.214910984039
depth4_bal_MAAMAAMM,4,MAAMAAMM,29700,356400,0.7298860003550848,2.6424368222554526,2.807041869844709,0.7558746736292428,0.2558746736292428,0.2589775142633404,1.0,0.0003,1.0,8185.153930425644
depth4_bal_MAAMAAMM,4,MAAMAAMM,29725,356700,0.7073321690162023,2.8437267939249673,3.03793272290911,0.7480417754569191,0.27676240208877284,0.26031994630271843,1.0,0.0003,1.0,8193.01669716835
depth4_bal_MAAMAAMM,4,MAAMAAMM,29750,357000,0.7508301834265391,2.8445698420206704,3.017156021935599,0.7346605744125326,0.26240208877284593,0.23593243092068464,1.0,0.0003,1.0,8201.08741736412
depth4_bal_MAAMAAMM,4,MAAMAAMM,29775,357300,0.6072292526563009,2.83085036277771,2.9663758550371444,0.7996083550913838,0.26240208877284593,0.2635641570645486,1.0,0.0003,1.0,8209.295063972473
depth4_bal_MAAMAAMM,4,MAAMAAMM,29800,357600,0.6399639000495275,2.9494818846384683,3.112942695617676,0.7862271540469974,0.24151436031331594,0.22977961740686878,1.0,0.0003,1.0,8217.40246629715
depth4_bal_MAAMAAMM,4,MAAMAAMM,29825,357900,0.8220812479654948,2.7191598415374756,2.8840780326298305,0.7238903394255874,0.2689295039164491,0.23022709475332812,1.0,0.0003,1.0,8225.075294733047
depth4_bal_MAAMAAMM,4,MAAMAAMM,29850,358200,1.0091512848933537,3.1479909420013428,3.299577351978847,0.6308746736292428,0.21671018276762402,0.20136480590670097,1.0,0.0003,1.0,8231.71486878395
depth4_bal_MAAMAAMM,4,MAAMAAMM,29875,358500,0.6938608835140864,2.9356233278910318,3.1063321249825613,0.7601174934725848,0.28067885117493474,0.24029533504866316,1.0,0.0003,1.0,8239.815022230148
depth4_bal_MAAMAAMM,4,MAAMAAMM,29900,358800,0.7862659941116968,2.883805513381958,3.0013406072344098,0.720626631853786,0.23890339425587467,0.22743036133795727,1.0,0.0003,1.0,8247.708981990814
depth4_bal_MAAMAAMM,4,MAAMAAMM,29925,359100,0.9734576493501663,2.7173775831858316,2.805163512911115,0.6870104438642297,0.21801566579634465,0.2014766752433158,1.0,0.0003,1.0,8254.911642313004
depth4_bal_MAAMAAMM,4,MAAMAAMM,29950,359400,0.7862354815006256,3.019123633702596,3.184793274743216,0.7186684073107049,0.22323759791122716,0.20897192079650967,1.0,0.0003,1.0,8262.986177921295
depth4_bal_MAAMAAMM,4,MAAMAAMM,29975,359700,0.7671400159597397,2.990056276321411,3.095675563812256,0.7327023498694517,0.24804177545691905,0.22150128649737108,1.0,0.0003,1.0,8270.951930999756
depth4_bal_MAAMAAMM,4,MAAMAAMM,30000,360000,0.866850420832634,2.6182990074157715,2.7463171413966587,0.7186684073107049,0.2558746736292428,0.23940038035574449,1.0,0.0003,1.0,8278.822067260742
depth4_bal_MAAMAAMM,4,MAAMAAMM,30025,360300,0.9220162878433863,2.8323395252227783,2.960265847614833,0.681135770234987,0.21801566579634465,0.2057277100346795,1.0,0.0003,1.0,8287.072795391083
depth4_bal_MAAMAAMM,4,MAAMAAMM,30050,360600,1.2760312259197235,3.1327534516652427,3.2619143826620918,0.5580939947780679,0.195822454308094,0.1799977626132677,1.0,0.0003,1.0,8295.27884221077
depth4_bal_MAAMAAMM,4,MAAMAAMM,30075,360900,1.024358590443929,3.0251408418019614,3.2644218717302596,0.6298955613577023,0.2310704960835509,0.20830070477682067,1.0,0.0003,1.0,8303.160525083542
depth4_bal_MAAMAAMM,4,MAAMAAMM,30100,361200,1.1698499123255413,3.105160713195801,3.2226724556514195,0.6315274151436031,0.21671018276762402,0.21344669426110302,1.0,0.0003,1.0,8311.098926067352
depth4_bal_MAAMAAMM,4,MAAMAAMM,30125,361500,0.8919043242931366,3.1280163129170737,3.1725505488259453,0.689621409921671,0.195822454308094,0.21344669426110302,1.0,0.0003,1.0,8318.493190050125
depth4_bal_MAAMAAMM,4,MAAMAAMM,30150,361800,1.3681457092364628,3.486206849416097,3.5267961502075194,0.560378590078329,0.206266318537859,0.19375769101689228,1.0,0.0003,1.0,8326.185651779175
depth4_bal_MAAMAAMM,4,MAAMAAMM,30175,362100,0.9702578087647756,2.650688330332438,2.786153895514352,0.679177545691906,0.2258485639686684,0.22284371853674909,1.0,0.0003,1.0,8334.150125741959
depth4_bal_MAAMAAMM,4,MAAMAAMM,30200,362400,0.7924695014953613,2.9153264363606772,3.0378602164132253,0.7297650130548303,0.24151436031331594,0.22496923593243093,1.0,0.0003,1.0,8341.832098722458
depth4_bal_MAAMAAMM,4,MAAMAAMM,30225,362700,0.839138592282931,2.815549612045288,2.9429287910461426,0.6919060052219321,0.23368146214099217,0.2292202707237946,1.0,0.0003,1.0,8349.780059576035
depth4_bal_MAAMAAMM,4,MAAMAAMM,30250,363000,0.8214245935281118,3.164076089859009,3.5391166142054966,0.7118146214099217,0.22845953002610966,0.1971137711153373,1.0,0.0003,1.0,8357.063117742538
depth4_bal_MAAMAAMM,4,MAAMAAMM,30275,363300,0.6446623702843984,2.9437574545542398,3.055191469192505,0.7839425587467362,0.26631853785900783,0.2510347913636872,1.0,0.0003,1.0,8365.266341924667
depth4_bal_MAAMAAMM,4,MAAMAAMM,30300,363600,1.031496172149976,2.7946163018544516,2.9569801603044783,0.6706919060052219,0.2362924281984334,0.2150128649737107,1.0,0.0003,1.0,8373.29867696762
depth4_bal_MAAMAAMM,4,MAAMAAMM,30325,363900,0.7344978153705597,3.1889220078786216,3.35994531086513,0.7444516971279374,0.23368146214099217,0.21904016109184474,1.0,0.0003,1.0,8381.141988039017
depth4_bal_MAAMAAMM,4,MAAMAAMM,30350,364200,1.1814495275417964,3.469811995824178,3.6474631786346436,0.6563315926892951,0.21279373368146215,0.206063318044524,1.0,0.0003,1.0,8389.191730737686
depth4_bal_MAAMAAMM,4,MAAMAAMM,30375,364500,0.8861089696486791,3.5218780040740967,3.690154525211879,0.6925587467362925,0.19973890339425587,0.19375769101689228,1.0,0.0003,1.0,8397.358525037766
depth4_bal_MAAMAAMM,4,MAAMAAMM,30400,364800,1.7410941918690999,2.5733261903127036,2.59161810193743,0.512402088772846,0.20365535248041775,0.19028974158183243,1.0,0.0003,1.0,8405.501551628113
depth4_bal_MAAMAAMM,4,MAAMAAMM,30425,365100,1.3229383875926335,3.1566596031188965,3.30107558795384,0.5492819843342036,0.20757180156657964,0.17876719991050452,1.0,0.0003,1.0,8413.805604457855
depth4_bal_MAAMAAMM,4,MAAMAAMM,30450,365400,0.8860115905602773,2.820204257965088,2.988175446646554,0.6990861618798956,0.24412532637075718,0.22832531603087594,1.0,0.0003,1.0,8421.921222448349
depth4_bal_MAAMAAMM,4,MAAMAAMM,30475,365700,0.7205420980850855,2.6243459383646646,2.78799957547869,0.7548955613577023,0.2845953002610966,0.2513703993735317,1.0,0.0003,1.0,8429.898979663849
depth4_bal_MAAMAAMM,4,MAAMAAMM,30500,366000,0.7951299498478571,2.6551791032155356,2.804719148363386,0.7265013054830287,0.2793733681462141,0.24353954581049334,1.0,0.0003,1.0,8437.615246295929
depth4_bal_MAAMAAMM,4,MAAMAAMM,30525,366300,0.8184575190146764,2.957787831624349,3.108474384035383,0.7098563968668408,0.24673629242819844,0.2172502517060074,1.0,0.0003,1.0,8445.633642911911
depth4_bal_MAAMAAMM,4,MAAMAAMM,30550,366600,0.9317497958739599,2.5608832041422525,2.6691452162606377,0.7046344647519582,0.2506527415143603,0.23358317485177313,1.0,0.0003,1.0,8453.726725101471
depth4_bal_MAAMAAMM,4,MAAMAAMM,30575,366900,0.9694697360197703,2.815314531326294,2.931314413888114,0.6710182767624021,0.1906005221932115,0.2063989260543685,1.0,0.0003,1.0,8461.41072177887
depth4_bal_MAAMAAMM,4,MAAMAAMM,30600,367200,0.7782143404086431,2.704387664794922,2.881758451461792,0.7395561357702349,0.27284595300261094,0.23761047096990714,1.0,0.0003,1.0,8468.917032241821
depth4_bal_MAAMAAMM,4,MAAMAAMM,30625,367500,0.800258532166481,2.871426741282145,3.0027812753404888,0.7327023498694517,0.23890339425587467,0.2292202707237946,1.0,0.0003,1.0,8477.049176931381
depth4_bal_MAAMAAMM,4,MAAMAAMM,30650,367800,1.1811795681715012,3.537906010945638,3.6189816747392927,0.6426240208877284,0.19843342036553524,0.18436066674124624,1.0,0.0003,1.0,8485.179080247879
depth4_bal_MAAMAAMM,4,MAAMAAMM,30675,368100,0.9493398914734522,2.7506580352783203,2.929383407320295,0.668733681462141,0.24281984334203655,0.2199351157847634,1.0,0.0003,1.0,8492.806005477905
depth4_bal_MAAMAAMM,4,MAAMAAMM,30700,368400,0.8635682016611099,2.8667604128519693,3.065642431804112,0.6879895561357703,0.26240208877284593,0.22496923593243093,1.0,0.0003,1.0,8500.753140211105
depth4_bal_MAAMAAMM,4,MAAMAAMM,30725,368700,0.6796526312828064,3.04251766204834,3.1701751027788436,0.7633812010443864,0.2545691906005222,0.23928851101912965,1.0,0.0003,1.0,8508.646273612976
depth4_bal_MAAMAAMM,4,MAAMAAMM,30750,369000,0.816411147514979,2.8659029801686606,3.044016007014683,0.7049608355091384,0.2545691906005222,0.23067457209978745,1.0,0.0003,1.0,8516.42243027687
depth4_bal_MAAMAAMM,4,MAAMAAMM,30775,369300,0.8158582448959351,3.1803510983784995,3.26725595338004,0.70822454308094,0.24934725848563968,0.23291195883208413,1.0,0.0003,1.0,8524.588622570038
depth4_bal_MAAMAAMM,4,MAAMAAMM,30800,369600,0.7943462034066519,3.4242279529571533,3.5947305951799664,0.7157310704960835,0.21148825065274152,0.19331021367043294,1.0,0.0003,1.0,8531.970851182938
depth4_bal_MAAMAAMM,4,MAAMAAMM,30825,369900,0.8162151028712591,2.5934905211130777,2.6858068602425713,0.7790469973890339,0.25718015665796345,0.243763284483723,1.0,0.0003,1.0,8539.371388673782
depth4_bal_MAAMAAMM,4,MAAMAAMM,30850,370200,1.20106836160024,3.909722328186035,3.995307404654367,0.6099869451697127,0.1814621409921671,0.17183130104038483,1.0,0.0003,1.0,8547.337758779526
depth4_bal_MAAMAAMM,4,MAAMAAMM,30875,370500,0.8046588947375616,3.277284304300944,3.3560985701424735,0.7245430809399478,0.2193211488250653,0.19923928851101913,1.0,0.0003,1.0,8554.854861974716
depth4_bal_MAAMAAMM,4,MAAMAAMM,30900,370800,0.7474803676207861,3.1269074281056723,3.2260277816227503,0.7421671018276762,0.23237597911227154,0.2282134466942611,1.0,0.0003,1.0,8562.15120267868
depth4_bal_MAAMAAMM,4,MAAMAAMM,30925,371100,0.7421106447776159,3.152273098627726,3.257164328438895,0.7382506527415144,0.23759791122715404,0.22530484394227543,1.0,0.0003,1.0,8569.76408624649
depth4_bal_MAAMAAMM,4,MAAMAAMM,30950,371400,0.7637569655974706,3.1435503164927163,3.2353086130959645,0.7251958224543081,0.23368146214099217,0.23526121490099564,1.0,0.0003,1.0,8577.803045272827
depth4_bal_MAAMAAMM,4,MAAMAAMM,30975,371700,1.062510554989179,2.8092092672983804,2.926579863684518,0.6354438642297651,0.21148825065274152,0.2021478912630048,1.0,0.0003,1.0,8585.735072612762
depth4_bal_MAAMAAMM,4,MAAMAAMM,31000,372000,0.7418702046076456,3.1841662724812827,3.2865906647273473,0.7441253263707572,0.24673629242819844,0.21669090502293323,1.0,0.0003,1.0,8593.739197731018
depth4_bal_MAAMAAMM,4,MAAMAAMM,31025,372300,0.7292415599028269,2.787571748097738,2.929825980322702,0.7548955613577023,0.2545691906005222,0.23995972703881865,1.0,0.0003,1.0,8601.688932418823
depth4_bal_MAAMAAMM,4,MAAMAAMM,31050,372600,4.222751935323079,4.370205561319987,4.360973685128348,0.041122715404699736,0.018276762402088774,0.020360219263899765,1.0,0.0003,1.0,8608.501939535141
depth4_bal_MAAMAAMM,4,MAAMAAMM,31075,372900,3.4616278211275735,3.7105842431386313,3.7235682419368197,0.0933420365535248,0.03524804177545692,0.04329343326994071,1.0,0.0003,1.0,8613.275901556015
depth4_bal_MAAMAAMM,4,MAAMAAMM,31100,373200,2.8298098047574363,3.0102932453155518,3.0274573802947997,0.15796344647519583,0.09660574412532637,0.08703434388634075,1.0,0.0003,1.0,8616.271543979645
depth4_bal_MAAMAAMM,4,MAAMAAMM,31125,373500,2.5445035298665366,2.72576904296875,2.718810394832066,0.18864229765013055,0.12924281984334204,0.12238505425662825,1.0,0.0003,1.0,8622.656172037125
depth4_bal_MAAMAAMM,4,MAAMAAMM,31150,373800,2.3302594224611917,2.5529771645863852,2.5534452370234897,0.24184073107049608,0.12140992167101827,0.14229779617406868,1.0,0.0003,1.0,8630.634930849075
depth4_bal_MAAMAAMM,4,MAAMAAMM,31175,374100,2.2066325545310974,2.4524947007497153,2.4394701548985074,0.264686684073107,0.14882506527415143,0.16008502069582728,1.0,0.0003,1.0,8638.045755147934
depth4_bal_MAAMAAMM,4,MAAMAAMM,31200,374400,2.118207057317098,2.3708571592966714,2.347657421657017,0.2695822454308094,0.1762402088772846,0.16836335160532498,1.0,0.0003,1.0,8644.955895662308
depth4_bal_MAAMAAMM,4,MAAMAAMM,31225,374700,2.0513781110445657,2.3002846240997314,2.27533905846732,0.2859007832898172,0.19712793733681463,0.20382593131222732,1.0,0.0003,1.0,8649.23122882843
depth4_bal_MAAMAAMM,4,MAAMAAMM,31250,375000,2.000410944223404,2.2422022819519043,2.223243318285261,0.29765013054830286,0.2206266318537859,0.20382593131222732,1.0,0.0003,1.0,8657.088844299316
depth4_bal_MAAMAAMM,4,MAAMAAMM,31275,375300,1.9522661566734314,2.272439161936442,2.2722765173230854,0.293733681462141,0.1618798955613577,0.19275086698735877,1.0,0.0003,1.0,8664.30606007576
depth4_bal_MAAMAAMM,4,MAAMAAMM,31300,375600,2.03897887468338,2.28800098101298,2.296248858315604,0.26631853785900783,0.19712793733681463,0.17529925047544467,1.0,0.0003,1.0,8672.453489780426
depth4_bal_MAAMAAMM,4,MAAMAAMM,31325,375900,1.9512143731117249,2.323620875676473,2.3231706210545133,0.2859007832898172,0.15013054830287206,0.17227877838684416,1.0,0.0003,1.0,8680.563474655151
depth4_bal_MAAMAAMM,4,MAAMAAMM,31350,376200,1.9248605569203694,2.2796987692515054,2.248772968564715,0.29765013054830286,0.17101827676240208,0.18402505873140174,1.0,0.0003,1.0,8688.739952087402
depth4_bal_MAAMAAMM,4,MAAMAAMM,31375,376500,1.8450632095336914,2.2036057313283286,2.213732385635376,0.320822454308094,0.2154046997389034,0.21020248349927284,1.0,0.0003,1.0,8696.553253650665
depth4_bal_MAAMAAMM,4,MAAMAAMM,31400,376800,1.795460194349289,2.172220150629679,2.1506395408085415,0.3413838120104439,0.206266318537859,0.21087369951896184,1.0,0.0003,1.0,8704.629354000092
depth4_bal_MAAMAAMM,4,MAAMAAMM,31425,377100,1.7551604708035786,2.1429328123728433,2.178828355244228,0.3426892950391645,0.2206266318537859,0.210090614162658,1.0,0.0003,1.0,8712.278690338135
depth4_bal_MAAMAAMM,4,MAAMAAMM,31450,377400,1.7759704291820526,2.1935857137044272,2.2156760556357247,0.341710182767624,0.20757180156657964,0.19655442443226312,1.0,0.0003,1.0,8720.405909538269
depth4_bal_MAAMAAMM,4,MAAMAAMM,31475,377700,1.7706323166688283,2.1457831064860025,2.2024531432560512,0.34203655352480417,0.23890339425587467,0.2182570757355409,1.0,0.0003,1.0,8727.931245088577
depth4_bal_MAAMAAMM,4,MAAMAAMM,31500,378000,1.697344462076823,2.0968128045399985,2.1398418085915702,0.3560704960835509,0.23890339425587467,0.23335943617854346,1.0,0.0003,1.0,8732.029973506927
depth4_bal_MAAMAAMM,4,MAAMAAMM,31525,378300,1.7088244259357452,2.1430694262186685,2.195858008520944,0.34823759791122716,0.21409921671018275,0.1994630271842488,1.0,0.0003,1.0,8740.310254335403
depth4_bal_MAAMAAMM,4,MAAMAAMM,31550,378600,1.6904274821281433,2.089024225870768,2.160235357284546,0.35509138381201044,0.22715404699738903,0.22261997986351942,1.0,0.0003,1.0,8748.413685798645
depth4_bal_MAAMAAMM,4,MAAMAAMM,31575,378900,1.5511725048224132,2.056066910425822,2.1037649188722884,0.4105744125326371,0.2258485639686684,0.23570869224745497,1.0,0.0003,1.0,8756.489105939865
depth4_bal_MAAMAAMM,4,MAAMAAMM,31600,379200,1.538230578104655,2.0836002826690674,2.1505344561168127,0.4050261096605744,0.22715404699738903,0.2163552970130887,1.0,0.0003,1.0,8764.59581899643
depth4_bal_MAAMAAMM,4,MAAMAAMM,31625,379500,1.5151901642481487,2.09829318523407,2.1306373153414047,0.42721932114882505,0.2362924281984334,0.22944400939702428,1.0,0.0003,1.0,8772.819590806961
depth4_bal_MAAMAAMM,4,MAAMAAMM,31650,379800,1.6825216114521027,2.041597048441569,2.1267795767102924,0.34986945169712796,0.23890339425587467,0.21669090502293323,1.0,0.0003,1.0,8780.884695529938
depth4_bal_MAAMAAMM,4,MAAMAAMM,31675,380100,1.4885469178358715,2.003397544225057,2.0259510925837927,0.42460835509138384,0.2349869451697128,0.22866092404072044,1.0,0.0003,1.0,8788.451052188873
depth4_bal_MAAMAAMM,4,MAAMAAMM,31700,380400,1.4129422505696614,1.8922633330027263,1.9350449766431537,0.46932114882506526,0.27023498694516973,0.27855464817093634,1.0,0.0003,1.0,8793.72738146782
depth4_bal_MAAMAAMM,4,MAAMAAMM,31725,380700,1.4507918457190196,1.891292929649353,1.9441382578441075,0.4278720626631854,0.2558746736292428,0.2631166797180893,1.0,0.0003,1.0,8796.823827505112
depth4_bal_MAAMAAMM,4,MAAMAAMM,31750,381000,1.3720799485842388,1.8513927459716797,1.9083520003727503,0.4614882506527415,0.26631853785900783,0.2796733415370847,1.0,0.0003,1.0,8799.822981595993
depth4_bal_MAAMAAMM,4,MAAMAAMM,31775,381300,1.3600801924864452,1.8345141808191936,1.8772957835878645,0.4614882506527415,0.2845953002610966,0.27900212551739567,1.0,0.0003,1.0,8802.841450691223
depth4_bal_MAAMAAMM,4,MAAMAAMM,31800,381600,1.3276148438453674,1.7819509108861287,1.8469254970550537,0.48204960835509136,0.2924281984334204,0.28549054704105603,1.0,0.0003,1.0,8805.86709690094
depth4_bal_MAAMAAMM,4,MAAMAAMM,31825,381900,1.4133419295152028,1.8094727198282878,1.845817940575736,0.44386422976501305,0.26631853785900783,0.26893388522206063,1.0,0.0003,1.0,8808.99243092537
depth4_bal_MAAMAAMM,4,MAAMAAMM,31850,382200,1.4389013548692067,1.7951896985371907,1.8489484344209943,0.4148172323759791,0.2845953002610966,0.27821904016109184,1.0,0.0003,1.0,8812.011481523514
depth4_bal_MAAMAAMM,4,MAAMAAMM,31875,382500,1.259009490410487,1.7046354214350383,1.7764026982443673,0.5078328981723238,0.30678851174934724,0.29343326994070923,1.0,0.0003,1.0,8815.040101766586
depth4_bal_MAAMAAMM,4,MAAMAAMM,31900,382800,1.2885702947775524,2.0368919372558594,2.1233016422816684,0.5120757180156658,0.283289817232376,0.2847074616847522,1.0,0.0003,1.0,8818.170583724976
depth4_bal_MAAMAAMM,4,MAAMAAMM,31925,383100,1.3492843012015026,1.7040070692698162,1.7706819500241961,0.46116187989556134,0.30809399477806787,0.29712495804899874,1.0,0.0003,1.0,8821.224057674408
depth4_bal_MAAMAAMM,4,MAAMAAMM,31950,383400,1.293490320444107,1.7719697952270508,1.850178793498448,0.48759791122715407,0.2885117493472585,0.28683297908043404,1.0,0.0003,1.0,8827.925095319748
depth4_bal_MAAMAAMM,4,MAAMAAMM,31975,383700,1.2641164859135945,1.63599427541097,1.6918268748692105,0.49477806788511747,0.3328981723237598,0.33102136704329344,1.0,0.0003,1.0,8835.981955766678
depth4_bal_MAAMAAMM,4,MAAMAAMM,32000,384000,1.3218749860922496,1.6976323525110881,1.7772411721093313,0.4830287206266319,0.29765013054830286,0.3074169370175635,1.0,0.0003,1.0,8844.160372495651
depth4_bal_MAAMAAMM,4,MAAMAAMM,32025,384300,1.4810721675554912,1.874070127805074,1.939920541218349,0.41383812010443866,0.27154046997389036,0.25875377559011076,1.0,0.0003,1.0,8850.908796548843
depth4_bal_MAAMAAMM,4,MAAMAAMM,32050,384600,1.2185057401657104,1.602160374323527,1.6614139284406388,0.5257832898172323,0.3381201044386423,0.3335943617854346,1.0,0.0003,1.0,8854.597950220108
depth4_bal_MAAMAAMM,4,MAAMAAMM,32075,384900,1.3305966258049011,1.6648870706558228,1.7159942831311907,0.48204960835509136,0.3224543080939948,0.30562702763172617,1.0,0.0003,1.0,8857.624220371246
depth4_bal_MAAMAAMM,4,MAAMAAMM,32100,385200,1.209217607975006,1.6063603560129802,1.6743956736155918,0.5283942558746736,0.34073107049608353,0.3278890256180781,1.0,0.0003,1.0,8860.751218795776
depth4_bal_MAAMAAMM,4,MAAMAAMM,32125,385500,1.2401611705621083,1.7398931980133057,1.7831184250967844,0.493798955613577,0.2859007832898172,0.2877279337733527,1.0,0.0003,1.0,8863.79928779602
depth4_bal_MAAMAAMM,4,MAAMAAMM,32150,385800,1.2461900214354198,1.6389255126317341,1.6946856737136842,0.5388381201044387,0.3302872062663185,0.32609911623224075,1.0,0.0003,1.0,8866.800758123398
depth4_bal_MAAMAAMM,4,MAAMAAMM,32175,386100,1.278820663690567,1.7047171195348103,1.7801557200295584,0.48629242819843344,0.304177545691906,0.2843718536749077,1.0,0.0003,1.0,8869.807835817337
depth4_bal_MAAMAAMM,4,MAAMAAMM,32200,386400,1.2548704346021016,1.6512834231058757,1.720798363004412,0.518603133159269,0.3394255874673629,0.31983443338181006,1.0,0.0003,1.0,8872.979707956314
depth4_bal_MAAMAAMM,4,MAAMAAMM,32225,386700,1.5447238683700562,2.560185273488363,2.6125471455710274,0.43537859007832896,0.18798955613577023,0.17585859715851884,1.0,0.0003,1.0,8875.98747086525
depth4_bal_MAAMAAMM,4,MAAMAAMM,32250,387000,1.5115982790788014,1.7729467550913494,1.8129976272583008,0.39490861618798956,0.304177545691906,0.2764291307752545,1.0,0.0003,1.0,8878.99274301529
depth4_bal_MAAMAAMM,4,MAAMAAMM,32275,387300,1.2842598954836528,1.7083746194839478,1.7597239903041295,0.4765013054830287,0.33159268929503916,0.29354513927732406,1.0,0.0003,1.0,8882.120028734207
depth4_bal_MAAMAAMM,4,MAAMAAMM,32300,387600,1.8809181650479634,2.4113890329996743,2.400306422369821,0.331266318537859,0.20365535248041775,0.18715740015661708,1.0,0.0003,1.0,8888.93914437294
depth4_bal_MAAMAAMM,4,MAAMAAMM,32325,387900,1.439577619234721,1.792351484298706,1.8364191157477243,0.4637728459530026,0.27676240208877284,0.26703210649960846,1.0,0.0003,1.0,8896.437759399414
depth4_bal_MAAMAAMM,4,MAAMAAMM,32350,388200,1.3531151314576466,1.7613801956176758,1.870200821331569,0.46932114882506526,0.2963446475195822,0.2691576238952903,1.0,0.0003,1.0,8903.99930024147
depth4_bal_MAAMAAMM,4,MAAMAAMM,32375,388500,1.4261755247910817,1.857534646987915,1.9053375686917986,0.4197127937336815,0.23759791122715404,0.24096655106835216,1.0,0.0003,1.0,8911.472554922104
depth4_bal_MAAMAAMM,4,MAAMAAMM,32400,388800,1.3227282067139943,1.6505322853724163,1.6997968026569912,0.4497389033942559,0.31462140992167104,0.31647835328336504,1.0,0.0003,1.0,8918.948246955872
depth4_bal_MAAMAAMM,4,MAAMAAMM,32425,389100,1.8387438654899597,2.0842283964157104,2.105809044837952,0.4004569190600522,0.2349869451697128,0.23828168698959615,1.0,0.0003,1.0,8926.478698253632
depth4_bal_MAAMAAMM,4,MAAMAAMM,32450,389400,1.517907053232193,1.8912498156229656,1.9629914794649397,0.45887728459530025,0.29112271540469975,0.2710594026177425,1.0,0.0003,1.0,8934.100134372711
depth4_bal_MAAMAAMM,4,MAAMAAMM,32475,389700,1.4014312128225963,1.882283131281535,1.863176611491612,0.47976501305483027,0.26762402088772846,0.2973486967222284,1.0,0.0003,1.0,8941.960325956345
depth4_bal_MAAMAAMM,4,MAAMAAMM,32500,390000,1.4390739003817241,1.9295453230539958,1.9327512502670288,0.429177545691906,0.2845953002610966,0.27363239735988365,1.0,0.0003,1.0,8948.86296248436
depth4_bal_MAAMAAMM,4,MAAMAAMM,32525,390300,1.499383916457494,1.9282681147257488,1.9394760540553502,0.3939295039164491,0.2859007832898172,0.2526009620762949,1.0,0.0003,1.0,8956.993397474289
depth4_bal_MAAMAAMM,4,MAAMAAMM,32550,390600,1.8530138830343883,2.1532508532206216,2.158829314368112,0.360313315926893,0.22845953002610966,0.20382593131222732,1.0,0.0003,1.0,8964.460546731949
depth4_bal_MAAMAAMM,4,MAAMAAMM,32575,390900,1.6483720044294994,2.104136864344279,2.11507351739066,0.3537859007832898,0.20365535248041775,0.19554760040272962,1.0,0.0003,1.0,8972.122619390488
depth4_bal_MAAMAAMM,4,MAAMAAMM,32600,391200,1.4293409983317058,1.923597772916158,1.9324862718582154,0.4193864229765013,0.2206266318537859,0.23604430025729947,1.0,0.0003,1.0,8980.239393234253
depth4_bal_MAAMAAMM,4,MAAMAAMM,32625,391500,1.361700673898061,1.7216833035151164,1.7875220264707292,0.45071801566579633,0.2885117493472585,0.2914196218816422,1.0,0.0003,1.0,8988.248410224915
depth4_bal_MAAMAAMM,4,MAAMAAMM,32650,391800,1.401164670785268,1.7851660251617432,1.8420545475823538,0.47389033942558745,0.2885117493472585,0.27956147220046984,1.0,0.0003,1.0,8996.041562318802
depth4_bal_MAAMAAMM,4,MAAMAAMM,32675,392100,1.2706911663214366,1.6879340807596843,1.7238371440342495,0.5156657963446475,0.30678851174934724,0.30618637431480034,1.0,0.0003,1.0,9004.192905664444
depth4_bal_MAAMAAMM,4,MAAMAAMM,32700,392400,1.352688044309616,1.774187723795573,1.7945839984076364,0.47617493472584854,0.2754569190600522,0.3008166461572883,1.0,0.0003,1.0,9012.356980085373
depth4_bal_MAAMAAMM,4,MAAMAAMM,32725,392700,1.1630573372046153,1.5876870155334473,1.6258711848940168,0.5548302872062664,0.3381201044386423,0.3444456874370735,1.0,0.0003,1.0,9020.466208457947
depth4_bal_MAAMAAMM,4,MAAMAAMM,32750,393000,1.203562706708908,1.6177069743474324,1.6580581290381295,0.5261096605744126,0.34856396866840733,0.33135697505313794,1.0,0.0003,1.0,9027.68963766098
depth4_bal_MAAMAAMM,4,MAAMAAMM,32775,393300,1.3596111436684926,1.6916619141896565,1.739003474371774,0.44614882506527415,0.2898172323759791,0.28918223514934555,1.0,0.0003,1.0,9035.200550317764
depth4_bal_MAAMAAMM,4,MAAMAAMM,32800,393600,1.2538023591041565,1.6191311677296956,1.6699543544224331,0.5019582245430809,0.3289817232375979,0.3328112764291308,1.0,0.0003,1.0,9043.28262591362
depth4_bal_MAAMAAMM,4,MAAMAAMM,32825,393900,1.2962847153345745,1.7120990355809529,1.7708822863442557,0.5009791122715405,0.3002610966057441,0.30462020360219266,1.0,0.0003,1.0,9051.398000717163
depth4_bal_MAAMAAMM,4,MAAMAAMM,32850,394200,1.417262703180313,1.8054327567418416,1.8254882199423654,0.4552872062663185,0.30678851174934724,0.2890703658127307,1.0,0.0003,1.0,9059.61529493332
depth4_bal_MAAMAAMM,4,MAAMAAMM,32875,394500,1.5753803650538127,1.7829984029134114,1.8330050706863403,0.3922976501305483,0.2859007832898172,0.2625573330350151,1.0,0.0003,1.0,9067.762821435928
depth4_bal_MAAMAAMM,4,MAAMAAMM,32900,394800,1.2461527784665425,1.643825610478719,1.6923573970794679,0.5342689295039165,0.3394255874673629,0.3180445239959727,1.0,0.0003,1.0,9075.909299373627
depth4_bal_MAAMAAMM,4,MAAMAAMM,32925,395100,1.2847760617733002,1.7436643441518147,1.8072162525994437,0.47943864229765015,0.28067885117493474,0.28459559234813736,1.0,0.0003,1.0,9083.915079832077
depth4_bal_MAAMAAMM,4,MAAMAAMM,32950,395400,1.2295891443888347,1.7311803102493286,1.7859890495027815,0.5,0.2989556135770235,0.28358876831860386,1.0,0.0003,1.0,9092.016934633255
depth4_bal_MAAMAAMM,4,MAAMAAMM,32975,395700,1.2077753245830536,1.5488080183664958,1.63729521887643,0.5251305483028721,0.3668407310704961,0.3349367938248126,1.0,0.0003,1.0,9097.065759181976
depth4_bal_MAAMAAMM,4,MAAMAAMM,33000,396000,1.8848771552244823,2.0719969272613525,2.058754563331604,0.3276762402088773,0.2154046997389034,0.22284371853674909,1.0,0.0003,1.0,9100.124903440475
depth4_bal_MAAMAAMM,4,MAAMAAMM,33025,396300,1.1292126973470051,1.551364541053772,1.6271594796861921,0.5505874673629243,0.3772845953002611,0.34858485289182234,1.0,0.0003,1.0,9108.420675039291
depth4_bal_MAAMAAMM,4,MAAMAAMM,33050,396600,1.4584871133168538,1.82616130510966,1.8616994551249912,0.42297650130548303,0.2898172323759791,0.2745273520528023,1.0,0.0003,1.0,9116.532671928406
depth4_bal_MAAMAAMM,4,MAAMAAMM,33075,396900,1.2291397452354431,1.7722295920054119,1.7781196934836252,0.5133812010443864,0.2898172323759791,0.29354513927732406,1.0,0.0003,1.0,9124.201361894608
depth4_bal_MAAMAAMM,4,MAAMAAMM,33100,397200,1.5583738783995311,1.8535929520924885,1.9170018230165755,0.40339425587467365,0.25718015665796345,0.2483499272849312,1.0,0.0003,1.0,9130.998447418213
depth4_bal_MAAMAAMM,4,MAAMAAMM,33125,397500,1.6205157736937206,1.8795368274052937,1.9193506513323102,0.370757180156658,0.24804177545691905,0.25416713278890257,1.0,0.0003,1.0,9139.064085006714
depth4_bal_MAAMAAMM,4,MAAMAAMM,33150,397800,1.269892195860545,1.8198497692743938,1.8174884830202376,0.47911227154047,0.2819843342036554,0.28716858709027854,1.0,0.0003,1.0,9147.127700090408
depth4_bal_MAAMAAMM,4,MAAMAAMM,33175,398100,1.2702411909898121,1.6904717286427815,1.7190564223698208,0.5114229765013055,0.32114882506527415,0.3143528358876832,1.0,0.0003,1.0,9154.76374220848
depth4_bal_MAAMAAMM,4,MAAMAAMM,33200,398400,1.5093796749909718,1.787333885828654,1.817949312073844,0.40404699738903394,0.2754569190600522,0.26971697057836447,1.0,0.0003,1.0,9162.558774471283
depth4_bal_MAAMAAMM,4,MAAMAAMM,33225,398700,1.110409418741862,1.601346532503764,1.6535051618303571,0.5473237597911227,0.3642297650130548,0.349479807584741,1.0,0.0003,1.0,9170.660573005676
depth4_bal_MAAMAAMM,4,MAAMAAMM,33250,399000,3.3990795016288757,3.595658222834269,3.5811910833631244,0.08942558746736293,0.03263707571801567,0.05503971361449827,1.0,0.0003,1.0,9178.568638324738
depth4_bal_MAAMAAMM,4,MAAMAAMM,33275,399300,2.3125301202138266,2.5988157590230307,2.5262418951307026,0.2212793733681462,0.13838120104438642,0.14061975612484617,1.0,0.0003,1.0,9186.164101839066
depth4_bal_MAAMAAMM,4,MAAMAAMM,33300,399600,1.9532342553138733,2.1739967664082847,2.151889610290527,0.28883812010443866,0.22845953002610966,0.2001342432039378,1.0,0.0003,1.0,9190.030257463455
depth4_bal_MAAMAAMM,4,MAAMAAMM,33325,399900,1.7152713537216187,2.0802392959594727,1.9922943115234375,0.3661879895561358,0.18407310704960836,0.22899653205056494,1.0,0.0003,1.0,9193.120911598206
depth4_bal_MAAMAAMM,4,MAAMAAMM,33350,400200,1.621623416741689,1.9372695287068684,1.8837073496409824,0.39523498694516973,0.27154046997389036,0.26871014654883096,1.0,0.0003,1.0,9196.192237854004
depth4_bal_MAAMAAMM,4,MAAMAAMM,33375,400500,1.6124316453933716,1.8783362706502278,1.8356324298041207,0.381201044386423,0.283289817232376,0.2755341760823358,1.0,0.0003,1.0,9199.598410367966
depth4_bal_MAAMAAMM,4,MAAMAAMM,33400,400800,1.4887723128000896,1.817024787267049,1.7843890701021468,0.4200391644908616,0.2898172323759791,0.26803893052914196,1.0,0.0003,1.0,9202.959627389908
depth4_bal_MAAMAAMM,4,MAAMAAMM,33425,401100,1.4003877838452656,1.7218820651372273,1.6884023802621024,0.4556135770234987,0.283289817232376,0.2969012193757691,1.0,0.0003,1.0,9206.013701677322
depth4_bal_MAAMAAMM,4,MAAMAAMM,33450,401400,1.3305301864941914,1.60664701461792,1.6014853818075998,0.4918407310704961,0.34464751958224543,0.3299026736771451,1.0,0.0003,1.0,9212.454965114594
depth4_bal_MAAMAAMM,4,MAAMAAMM,33475,401700,1.7010016242663066,1.879976471265157,1.8797909464154925,0.43407310704960833,0.26370757180156656,0.2876160644367379,1.0,0.0003,1.0,9217.505099534988
depth4_bal_MAAMAAMM,4,MAAMAAMM,33500,402000,1.438707987467448,1.6993352969487507,1.6429888793400356,0.4043733681462141,0.27676240208877284,0.300369168810829,1.0,0.0003,1.0,9225.676023483276
depth4_bal_MAAMAAMM,4,MAAMAAMM,33525,402300,1.259337842464447,1.5442219177881877,1.5136087656021118,0.4813968668407311,0.3276762402088773,0.344781295446918,1.0,0.0003,1.0,9233.66513133049
depth4_bal_MAAMAAMM,4,MAAMAAMM,33550,402600,1.1648464600245159,1.4311131238937378,1.413679197856358,0.5456919060052219,0.39033942558746737,0.4021702651303278,1.0,0.0003,1.0,9241.622599601746
depth4_bal_MAAMAAMM,4,MAAMAAMM,33575,402900,1.3084576427936554,1.5626298586527507,1.5497211183820452,0.49510443864229764,0.3328981723237598,0.3238617294999441,1.0,0.0003,1.0,9249.816701173782
depth4_bal_MAAMAAMM,4,MAAMAAMM,33600,403200,1.5979577600955963,1.8293918371200562,1.8321334089551653,0.3674934725848564,0.2519582245430809,0.23772234030652198,1.0,0.0003,1.0,9257.909006595612
depth4_bal_MAAMAAMM,4,MAAMAAMM,33625,403500,1.1549741129080455,1.468403657277425,1.467902728489467,0.5522193211488251,0.3733681462140992,0.37062311220494465,1.0,0.0003,1.0,9265.765139102936
depth4_bal_MAAMAAMM,4,MAAMAAMM,33650,403800,1.1089296837647755,1.4248063166936238,1.381338586126055,0.5636422976501305,0.391644908616188,0.4102248573665958,1.0,0.0003,1.0,9272.992242097855
depth4_bal_MAAMAAMM,4,MAAMAAMM,33675,404100,1.1818316280841827,1.485612948735555,1.4675403901508877,0.5342689295039165,0.3524804177545692,0.3774471417384495,1.0,0.0003,1.0,9279.601356267929
depth4_bal_MAAMAAMM,4,MAAMAAMM,33700,404400,1.8817876875400543,2.1516892115275064,2.114977312088013,0.40176240208877284,0.2650130548302872,0.2645709810940821,1.0,0.0003,1.0,9287.388606071472
depth4_bal_MAAMAAMM,4,MAAMAAMM,33725,404700,1.6134629944960277,1.9659512042999268,1.9584073407309397,0.408289817232376,0.2519582245430809,0.28123951224969235,1.0,0.0003,1.0,9295.03540968895
depth4_bal_MAAMAAMM,4,MAAMAAMM,33750,405000,1.4223687748114269,1.7816131114959717,1.7714603900909425,0.4497389033942559,0.3394255874673629,0.3229667748070254,1.0,0.0003,1.0,9303.176864624023
depth4_bal_MAAMAAMM,4,MAAMAAMM,33775,405300,1.236209362745285,1.6697077353795369,1.6393063851765224,0.5440600522193212,0.3433420365535248,0.3606667412462244,1.0,0.0003,1.0,9311.27544093132
depth4_bal_MAAMAAMM,4,MAAMAAMM,33800,405600,1.2306376496950786,1.5839184522628784,1.5673388753618513,0.4954308093994778,0.37989556135770236,0.39176641682514823,1.0,0.0003,1.0,9319.16434764862
depth4_bal_MAAMAAMM,4,MAAMAAMM,33825,405900,1.2054900924364726,1.545966664950053,1.5375770534787858,0.5701697127937336,0.3825065274151436,0.3876272513703994,1.0,0.0003,1.0,9327.00229549408
depth4_bal_MAAMAAMM,4,MAAMAAMM,33850,406200,1.180706779162089,1.516303300857544,1.5441192184175765,0.5248041775456919,0.4255874673629243,0.3853898646381027,1.0,0.0003,1.0,9334.921860933304
depth4_bal_MAAMAAMM,4,MAAMAAMM,33875,406500,1.2676588892936707,1.716864546140035,1.7051491056169783,0.5378590078328982,0.31592689295039167,0.3083118917104822,1.0,0.0003,1.0,9343.086999177933
depth4_bal_MAAMAAMM,4,MAAMAAMM,33900,406800,1.4053655068079631,1.8064223527908325,1.778381017276219,0.4366840731070496,0.3276762402088773,0.30920684640340085,1.0,0.0003,1.0,9351.148661613464
depth4_bal_MAAMAAMM,4,MAAMAAMM,33925,407100,1.0696660876274109,1.4179397821426392,1.4057046243122646,0.5669060052219321,0.44386422976501305,0.4460230450833427,1.0,0.0003,1.0,9359.213565587997
depth4_bal_MAAMAAMM,4,MAAMAAMM,33950,407400,1.0995229184627533,1.648536205291748,1.6238285779953003,0.5450391644908616,0.34073107049608353,0.344110079427229,1.0,0.0003,1.0,9367.39259648323
depth4_bal_MAAMAAMM,4,MAAMAAMM,33975,407700,1.429178535938263,1.870204210281372,1.821197622162955,0.4301566579634465,0.26370757180156656,0.2919789685647164,1.0,0.0003,1.0,9375.47464299202
depth4_bal_MAAMAAMM,4,MAAMAAMM,34000,408000,1.2128778100013733,1.5535436868667603,1.5140082427433559,0.4872715404699739,0.36553524804177545,0.38046761382705,1.0,0.0003,1.0,9382.72640132904
depth4_bal_MAAMAAMM,4,MAAMAAMM,34025,408300,1.3736527860164642,1.7036349773406982,1.6441036428724016,0.5221932114882507,0.35117493472584854,0.352164671663497,1.0,0.0003,1.0,9391.005796670914
depth4_bal_MAAMAAMM,4,MAAMAAMM,34050,408600,1.1036787231763203,1.5078554153442383,1.4711948428835189,0.5799608355091384,0.37467362924281983,0.39478688891374875,1.0,0.0003,1.0,9399.911436796188
depth4_bal_MAAMAAMM,4,MAAMAAMM,34075,408900,1.2166210909684498,1.7712851762771606,1.7223319462367466,0.4931462140992167,0.27154046997389036,0.3101018010963195,1.0,0.0003,1.0,9412.140225172043
depth4_bal_MAAMAAMM,4,MAAMAAMM,34100,409200,1.27715265750885,1.7504713137944539,1.7224972145898,0.47715404699738906,0.2963446475195822,0.30920684640340085,1.0,0.0003,1.0,9425.964497804642
depth4_bal_MAAMAAMM,4,MAAMAAMM,34125,409500,3.197746157646179,3.427931229273478,3.3798747607639856,0.1227154046997389,0.06788511749347259,0.06544356191967782,1.0,0.0003,1.0,9433.051022529602
depth4_bal_MAAMAAMM,4,MAAMAAMM,34150,409800,1.537373960018158,1.7660255432128906,1.7743093388421194,0.41906005221932113,0.2793733681462141,0.27396800536972815,1.0,0.0003,1.0,9441.165010929108
depth4_bal_MAAMAAMM,4,MAAMAAMM,34175,410100,1.5977538128693898,1.853240688641866,1.846729040145874,0.4598563968668407,0.31462140992167104,0.2993623447812954,1.0,0.0003,1.0,9449.182538509369
depth4_bal_MAAMAAMM,4,MAAMAAMM,34200,410400,1.3107989728450775,1.5774539709091187,1.62291887147086,0.4977154046997389,0.3302872062663185,0.3504866316142745,1.0,0.0003,1.0,9457.37469959259
depth4_bal_MAAMAAMM,4,MAAMAAMM,34225,410700,1.2697243988513947,1.5345189174016316,1.5612359183175224,0.4856396866840731,0.35509138381201044,0.34534064212999216,1.0,0.0003,1.0,9465.48283958435
depth4_bal_MAAMAAMM,4,MAAMAAMM,34250,411000,1.3089971542358398,1.6489259799321492,1.6167125838143486,0.4970626631853786,0.3185378590078329,0.35954804788007605,1.0,0.0003,1.0,9473.179494380951
depth4_bal_MAAMAAMM,4,MAAMAAMM,34275,411300,1.385539323091507,1.5619908968607585,1.5550876685551234,0.45006527415143605,0.31723237597911225,0.34366260208076965,1.0,0.0003,1.0,9480.39824461937
depth4_bal_MAAMAAMM,4,MAAMAAMM,34300,411600,1.0893737276395161,1.5437918504079182,1.5161354746137345,0.543733681462141,0.32114882506527415,0.33862848193310213,1.0,0.0003,1.0,9487.60261130333
depth4_bal_MAAMAAMM,4,MAAMAAMM,34325,411900,1.0420395135879517,1.3953638474146526,1.4157076733452933,0.591710182767624,0.3877284595300261,0.376440317708916,1.0,0.0003,1.0,9495.59679389
depth4_bal_MAAMAAMM,4,MAAMAAMM,34350,412200,1.1132921973864238,1.3976134459177654,1.375682623045785,0.5525456919060052,0.3825065274151436,0.40306521982324645,1.0,0.0003,1.0,9503.408340215683
depth4_bal_MAAMAAMM,4,MAAMAAMM,34375,412500,1.0608496169249217,1.365838646888733,1.3503405707223075,0.5985639686684073,0.4151436031331593,0.42454413245329453,1.0,0.0003,1.0,9511.310567378998
depth4_bal_MAAMAAMM,4,MAAMAAMM,34400,412800,1.0741514017184575,1.4467517932256062,1.4401845455169677,0.5538511749347258,0.38903394255874674,0.3714061975612485,1.0,0.0003,1.0,9519.407071113586
depth4_bal_MAAMAAMM,4,MAAMAAMM,34425,413100,1.0733287433783214,1.440792441368103,1.3974059990474157,0.5476501305483029,0.3733681462140992,0.39277324085468174,1.0,0.0003,1.0,9527.48217177391
depth4_bal_MAAMAAMM,4,MAAMAAMM,34450,413400,0.9891374856233597,1.3153559764226277,1.322923960004534,0.6080287206266318,0.41906005221932113,0.42398478577022036,1.0,0.0003,1.0,9535.55732512474
depth4_bal_MAAMAAMM,4,MAAMAAMM,34475,413700,1.7611738244692485,1.7098229328791301,1.7160829169409615,0.3472584856396867,0.30809399477806787,0.28783980310996754,1.0,0.0003,1.0,9543.695697546005
depth4_bal_MAAMAAMM,4,MAAMAAMM,34500,414000,1.1794580320517223,1.6620898246765137,1.6323522669928414,0.5238250652741514,0.34595300261096606,0.3280008949546929,1.0,0.0003,1.0,9551.142213106155
depth4_bal_MAAMAAMM,4,MAAMAAMM,34525,414300,0.9242171694835027,1.2304151058197021,1.2192768880299159,0.6527415143603134,0.43994778067885115,0.45653876272513705,1.0,0.0003,1.0,9559.452889204025
depth4_bal_MAAMAAMM,4,MAAMAAMM,34550,414600,0.9940500408411026,1.3023895422617595,1.2846053974969047,0.6096605744125326,0.42428198433420367,0.43326994070925157,1.0,0.0003,1.0,9567.657608270645
depth4_bal_MAAMAAMM,4,MAAMAAMM,34575,414900,1.1894785662492116,1.656691034634908,1.5704065697533744,0.5172976501305483,0.3668407310704961,0.3681619867994183,1.0,0.0003,1.0,9575.559636116028
depth4_bal_MAAMAAMM,4,MAAMAAMM,34600,415200,0.8938161830107371,1.1819876035054524,1.182365506035941,0.6981070496083551,0.4869451697127937,0.49166573442219486,1.0,0.0003,1.0,9583.424571752548
depth4_bal_MAAMAAMM,4,MAAMAAMM,34625,415500,0.969831183552742,1.2615106503168743,1.2536624601909092,0.6093342036553525,0.4490861618798956,0.4441212663608905,1.0,0.0003,1.0,9591.147037744522
depth4_bal_MAAMAAMM,4,MAAMAAMM,34650,415800,1.0054583201805751,1.3206737041473389,1.2921847411564418,0.5900783289817232,0.42036553524804177,0.42756460454189504,1.0,0.0003,1.0,9599.259575605392
depth4_bal_MAAMAAMM,4,MAAMAAMM,34675,416100,0.8850373377402624,1.2283548911412556,1.244518859045846,0.6527415143603134,0.47780678851174935,0.45519633068575904,1.0,0.0003,1.0,9606.673714399338
depth4_bal_MAAMAAMM,4,MAAMAAMM,34700,416400,1.1686209936936696,1.3513915141423543,1.342223732812064,0.5248041775456919,0.40600522193211486,0.41469963083118916,1.0,0.0003,1.0,9612.019001483917
depth4_bal_MAAMAAMM,4,MAAMAAMM,34725,416700,1.363497406244278,1.5723938941955566,1.5626245737075806,0.5434073107049608,0.3668407310704961,0.36547712272066224,1.0,0.0003,1.0,9615.048253297806
depth4_bal_MAAMAAMM,4,MAAMAAMM,34750,417000,1.471670001745224,1.76987886428833,1.739400689942496,0.5316579634464752,0.3133159268929504,0.3302382816869896,1.0,0.0003,1.0,9618.051347255707
depth4_bal_MAAMAAMM,4,MAAMAAMM,34775,417300,1.031187117099762,1.369775374730428,1.3662480558667864,0.5675587467362925,0.4151436031331593,0.40899429466383264,1.0,0.0003,1.0,9621.054016590118
depth4_bal_MAAMAAMM,4,MAAMAAMM,34800,417600,0.8919779459635416,1.1579735279083252,1.1558753081730433,0.6491514360313316,0.5026109660574413,0.5041951001230562,1.0,0.0003,1.0,9624.222118139267
depth4_bal_MAAMAAMM,4,MAAMAAMM,34825,417900,1.0079898883899052,1.2717427015304565,1.2332981995173864,0.5724543080939948,0.42297650130548303,0.46313905358541224,1.0,0.0003,1.0,9627.253689050674
depth4_bal_MAAMAAMM,4,MAAMAAMM,34850,418200,0.8445132076740265,1.145752231280009,1.1304332767214094,0.7157310704960835,0.5430809399477807,0.52858261550509,1.0,0.0003,1.0,9633.132781505585
depth4_bal_MAAMAAMM,4,MAAMAAMM,34875,418500,1.0022760480642319,1.3598872423171997,1.3007103988102504,0.5881201044386423,0.42036553524804177,0.43640228213446697,1.0,0.0003,1.0,9641.01458144188
depth4_bal_MAAMAAMM,4,MAAMAAMM,34900,418800,0.9650467534859976,1.2587974866231282,1.2760786328996931,0.6031331592689295,0.45300261096605743,0.42957825260096205,1.0,0.0003,1.0,9649.190243959427
depth4_bal_MAAMAAMM,4,MAAMAAMM,34925,419100,1.294054428736369,1.4605251550674438,1.4381339856556483,0.4787859007832898,0.3968668407310705,0.39243763284483724,1.0,0.0003,1.0,9657.213445425034
depth4_bal_MAAMAAMM,4,MAAMAAMM,34950,419400,1.0972841183344524,1.4013853867848713,1.3697161095482961,0.6524151436031331,0.4177545691906005,0.442443226311668,1.0,0.0003,1.0,9665.334673643112
depth4_bal_MAAMAAMM,4,MAAMAAMM,34975,419700,0.9176948666572571,1.2002905209859211,1.194174895967756,0.6377284595300261,0.47911227154047,0.4755565499496588,1.0,0.0003,1.0,9673.11174941063
depth4_bal_MAAMAAMM,4,MAAMAAMM,35000,420000,0.9220087130864462,1.1798663139343262,1.1735758134296963,0.6347911227154047,0.48825065274151436,0.4822687101465488,1.0,0.0003,1.0,9681.227874994278
depth4_bal_MAAMAAMM,4,MAAMAAMM,35025,420300,1.0316856801509857,1.2940427859624226,1.2453187942504882,0.5656005221932114,0.412532637075718,0.45329455196330687,1.0,0.0003,1.0,9689.288820505142
depth4_bal_MAAMAAMM,4,MAAMAAMM,35050,420600,0.7820801436901093,1.0948955217997234,1.0697086112839835,0.716710182767624,0.52088772845953,0.5371965544244323,1.0,0.0003,1.0,9697.383669137955
depth4_bal_MAAMAAMM,4,MAAMAAMM,35075,420900,1.046209141612053,1.3414960304896038,1.3335860048021588,0.5910574412532638,0.4073107049608355,0.41772010291978967,1.0,0.0003,1.0,9703.332585573196
depth4_bal_MAAMAAMM,4,MAAMAAMM,35100,421200,0.9901241709788641,1.255280574162801,1.258978237424578,0.639686684073107,0.48172323759791125,0.4543013759928404,1.0,0.0003,1.0,9711.360234737396
depth4_bal_MAAMAAMM,4,MAAMAAMM,35125,421500,0.8638281673192978,1.1775222619374592,1.1652419669287546,0.7111618798955613,0.5065274151436031,0.5031882760935228,1.0,0.0003,1.0,9719.381560087204
depth4_bal_MAAMAAMM,4,MAAMAAMM,35150,421800,0.9398670146862665,1.3251071373621623,1.2992940425872803,0.616514360313316,0.4347258485639687,0.43707349815415597,1.0,0.0003,1.0,9727.016956567764
depth4_bal_MAAMAAMM,4,MAAMAAMM,35175,422100,0.8521381417910258,1.1961125135421753,1.1714499541691372,0.6710182767624021,0.47911227154047,0.4819331021367043,1.0,0.0003,1.0,9734.784608840942
depth4_bal_MAAMAAMM,4,MAAMAAMM,35200,422400,0.831830029686292,1.1748453776041667,1.1790114504950386,0.6948433420365535,0.4725848563968668,0.47936010739456314,1.0,0.0003,1.0,9742.424118995667
depth4_bal_MAAMAAMM,4,MAAMAAMM,35225,422700,1.1074564258257549,1.280165155728658,1.2818669421332223,0.529373368146214,0.4556135770234987,0.43931088488645265,1.0,0.0003,1.0,9750.385165929794
depth4_bal_MAAMAAMM,4,MAAMAAMM,35250,423000,0.839840849240621,1.132780909538269,1.1459483453205654,0.7033289817232375,0.5091383812010444,0.5065443561919678,1.0,0.0003,1.0,9754.774378061295
depth4_bal_MAAMAAMM,4,MAAMAAMM,35275,423300,0.8435707290967306,1.2125486532847087,1.1860099826540267,0.672976501305483,0.42950391644908614,0.46884438975276876,1.0,0.0003,1.0,9761.99012184143
depth4_bal_MAAMAAMM,4,MAAMAAMM,35300,423600,1.0895488858222961,1.9200090964635212,1.8334980930600848,0.54177545691906,0.2754569190600522,0.28649737107058953,1.0,0.0003,1.0,9765.400119781494
depth4_bal_MAAMAAMM,4,MAAMAAMM,35325,423900,0.8325076053539912,1.13035249710083,1.1097513573510307,0.6843994778067886,0.5091383812010444,0.5118022150128649,1.0,0.0003,1.0,9773.218208551407
depth4_bal_MAAMAAMM,4,MAAMAAMM,35350,424200,0.9038856079181036,1.3226344188054402,1.2866879633494785,0.6315274151436031,0.4216710182767624,0.4441212663608905,1.0,0.0003,1.0,9781.076091766357
depth4_bal_MAAMAAMM,4,MAAMAAMM,35375,424500,0.803032656510671,1.2494713465372722,1.1982827663421631,0.6785248041775457,0.46736292428198434,0.45620315471529255,1.0,0.0003,1.0,9788.61932349205
depth4_bal_MAAMAAMM,4,MAAMAAMM,35400,424800,0.893681138753891,1.1568864583969116,1.148385340826852,0.679177545691906,0.5065274151436031,0.5113547376664056,1.0,0.0003,1.0,9796.719360589981
depth4_bal_MAAMAAMM,4,MAAMAAMM,35425,425100,1.2523238559563954,1.6577316919962566,1.5866434165409633,0.4751958224543081,0.33159268929503916,0.344110079427229,1.0,0.0003,1.0,9802.94504070282
depth4_bal_MAAMAAMM,4,MAAMAAMM,35450,425400,1.3887012302875519,1.6331870953241985,1.6340086119515556,0.5342689295039165,0.3433420365535248,0.3484729835552075,1.0,0.0003,1.0,9810.834715366364
depth4_bal_MAAMAAMM,4,MAAMAAMM,35475,425700,4.696258385976155,4.621634165445964,4.601450674874442,0.019255874673629242,0.016971279373368148,0.016221053809150912,1.0,0.0003,1.0,9818.484015464783
depth4_bal_MAAMAAMM,4,MAAMAAMM,35500,426000,2.1635791261990867,2.3776713212331138,2.3694056579044886,0.2859007832898172,0.21409921671018275,0.19510012305627028,1.0,0.0003,1.0,9826.262034654617
depth4_bal_MAAMAAMM,4,MAAMAAMM,35525,426300,1.5345065991083782,1.838417410850525,1.8018366949898856,0.41906005221932113,0.3185378590078329,0.307081329007719,1.0,0.0003,1.0,9834.334381580353
depth4_bal_MAAMAAMM,4,MAAMAAMM,35550,426600,1.1805845598379772,1.4718929529190063,1.4396951368876867,0.547976501305483,0.40339425587467365,0.418838796285938,1.0,0.0003,1.0,9842.413891553879
depth4_bal_MAAMAAMM,4,MAAMAAMM,35575,426900,1.0424418449401855,1.3157614866892497,1.2841692924499513,0.5786553524804178,0.4281984334203655,0.4407651862624455,1.0,0.0003,1.0,9850.48474907875
depth4_bal_MAAMAAMM,4,MAAMAAMM,35600,427200,1.0146781653165817,1.3135333855946858,1.3143715143203736,0.5881201044386423,0.40992167101827676,0.41134355073274415,1.0,0.0003,1.0,9855.430379390717
depth4_bal_MAAMAAMM,4,MAAMAAMM,35625,427500,0.9384664197762808,1.2098357280095418,1.2116937024252756,0.6243472584856397,0.45822454308093996,0.4652645709810941,1.0,0.0003,1.0,9858.425755262375
depth4_bal_MAAMAAMM,4,MAAMAAMM,35650,427800,0.987277607123057,1.2059973080952961,1.1796014990125383,0.597911227154047,0.45430809399477806,0.47745832867211097,1.0,0.0003,1.0,9861.924129962921
depth4_bal_MAAMAAMM,4,MAAMAAMM,35675,428100,1.1729559302330017,1.6048695246378581,1.5769394499914986,0.6129242819843342,0.37467362924281983,0.37990826714397585,1.0,0.0003,1.0,9866.380302667618
depth4_bal_MAAMAAMM,4,MAAMAAMM,35700,428400,1.4757035076618195,1.5873096386591594,1.5884573084967477,0.4252610966057441,0.3433420365535248,0.340753999328784,1.0,0.0003,1.0,9869.37821316719
depth4_bal_MAAMAAMM,4,MAAMAAMM,35725,428700,0.9506270289421082,1.2591476837793987,1.3040736368724277,0.6481723237597912,0.46866840731070497,0.4728716858709028,1.0,0.0003,1.0,9874.213696956635
depth4_bal_MAAMAAMM,4,MAAMAAMM,35750,429000,1.022058402498563,1.4655881722768147,1.4965685606002808,0.5871409921671018,0.38511749347258484,0.37554536301599734,1.0,0.0003,1.0,9882.154114961624
depth4_bal_MAAMAAMM,4,MAAMAAMM,35775,429300,0.968241959810257,1.3020727237065632,1.338355714934213,0.6276109660574413,0.46736292428198434,0.44658239176641684,1.0,0.0003,1.0,9889.958960294724
depth4_bal_MAAMAAMM,4,MAAMAAMM,35800,429600,0.9571438878774643,1.3537018696467082,1.3836144617625645,0.6204308093994778,0.3981723237597911,0.4183913189394787,1.0,0.0003,1.0,9895.657947063446
depth4_bal_MAAMAAMM,4,MAAMAAMM,35825,429900,1.3697062929471333,1.6287086009979248,1.6016664266586305,0.5231723237597912,0.34464751958224543,0.36670768542342547,1.0,0.0003,1.0,9902.862403869629
depth4_bal_MAAMAAMM,4,MAAMAAMM,35850,430200,0.9595147122939428,1.3197255929311116,1.331731595311846,0.6824412532637075,0.45691906005221933,0.4632509229220271,1.0,0.0003,1.0,9910.81833767891
depth4_bal_MAAMAAMM,4,MAAMAAMM,35875,430500,1.0150918811559677,1.324391762415568,1.3796913964407784,0.5900783289817232,0.45300261096605743,0.4317037699966439,1.0,0.0003,1.0,9918.83376789093
depth4_bal_MAAMAAMM,4,MAAMAAMM,35900,430800,1.0428579797347386,1.407515287399292,1.3907448223658971,0.6011749347258486,0.4412532637075718,0.42387291643360553,1.0,0.0003,1.0,9926.39609003067
depth4_bal_MAAMAAMM,4,MAAMAAMM,35925,431100,0.8710666646560034,1.2089446385701497,1.2461273159299577,0.6775456919060052,0.47911227154047,0.46806130439646493,1.0,0.0003,1.0,9934.546929359436
depth4_bal_MAAMAAMM,4,MAAMAAMM,35950,431400,1.2846050659815471,1.5796435276667278,1.5796285050255912,0.5401436031331592,0.3368146214099217,0.35417831972256403,1.0,0.0003,1.0,9942.612708330154
depth4_bal_MAAMAAMM,4,MAAMAAMM,35975,431700,1.3006092607975006,1.8012075821558635,1.8357273851122176,0.4640992167101828,0.2519582245430809,0.2721780959838908,1.0,0.0003,1.0,9947.22387766838
depth4_bal_MAAMAAMM,4,MAAMAAMM,36000,432000,1.5336827536424,1.8732073307037354,1.7754433018820626,0.4960835509138381,0.293733681462141,0.31949882537196556,1.0,0.0003,1.0,9950.39917588234
depth4_bal_MAAMAAMM,4,MAAMAAMM,36025,432300,1.00777364273866,1.5427431265513103,1.5056929690497263,0.5913838120104439,0.3629242819843342,0.3740910616400045,1.0,0.0003,1.0,9958.555814504623
depth4_bal_MAAMAAMM,4,MAAMAAMM,36050,432600,1.169114073117574,1.4613993962605794,1.4938425506864275,0.5150130548302873,0.37597911227154046,0.3646940373643584,1.0,0.0003,1.0,9966.691179275513
depth4_bal_MAAMAAMM,4,MAAMAAMM,36075,432900,1.2013246516386669,2.1427055994669595,2.1800222396850586,0.527088772845953,0.2193211488250653,0.22105380915091175,1.0,0.0003,1.0,9974.540661811829
depth4_bal_MAAMAAMM,4,MAAMAAMM,36100,433200,1.1511029104391735,1.5212466319402058,1.5116164309637887,0.589425587467363,0.42950391644908614,0.40272961181340194,1.0,0.0003,1.0,9982.646978616714
depth4_bal_MAAMAAMM,4,MAAMAAMM,36125,433500,1.066772495706876,1.4272932211558025,1.4402284349714007,0.6060704960835509,0.4046997389033943,0.40004474773464593,1.0,0.0003,1.0,9989.312353134155
depth4_bal_MAAMAAMM,4,MAAMAAMM,36150,433800,0.9818976819515228,1.3332722584406536,1.3595798764910016,0.6148825065274152,0.4516971279373368,0.4348361114218593,1.0,0.0003,1.0,9995.903217554092
depth4_bal_MAAMAAMM,4,MAAMAAMM,36175,434100,1.0329626550277073,1.4787805080413818,1.4365072761263167,0.5815926892950392,0.4046997389033943,0.40932990267367714,1.0,0.0003,1.0,10003.828958272934
depth4_bal_MAAMAAMM,4,MAAMAAMM,36200,434400,1.0296596537033718,1.3590474526087444,1.3834692035402572,0.5704960835509139,0.4347258485639687,0.4210761830182347,1.0,0.0003,1.0,10011.1267786026
depth4_bal_MAAMAAMM,4,MAAMAAMM,36225,434700,1.0372295528650284,1.406570593516032,1.4106130634035383,0.581266318537859,0.42036553524804177,0.43293433269940707,1.0,0.0003,1.0,10018.404247045517
depth4_bal_MAAMAAMM,4,MAAMAAMM,36250,435000,0.9421002318461736,1.2876652876536052,1.3178437232971192,0.6452349869451697,0.4595300261096606,0.45217585859715853,1.0,0.0003,1.0,10026.354321718216
depth4_bal_MAAMAAMM,4,MAAMAAMM,36275,435300,2.867120345433553,2.9041761557261148,2.9081980092184883,0.254242819843342,0.18276762402088773,0.1908490882649066,1.0,0.0003,1.0,10034.366639852524
depth4_bal_MAAMAAMM,4,MAAMAAMM,36300,435600,0.9352154582738876,1.3367786804835002,1.3530736889157977,0.660574412532637,0.4621409921671018,0.43125629265018456,1.0,0.0003,1.0,10042.444013834
depth4_bal_MAAMAAMM,4,MAAMAAMM,36325,435900,1.442414457599322,2.7499467531840005,2.7629951681409564,0.5035900783289817,0.2506527415143603,0.23291195883208413,1.0,0.0003,1.0,10050.411748886108
depth4_bal_MAAMAAMM,4,MAAMAAMM,36350,436200,1.0413022836049397,1.5815625588099163,1.5467781611851283,0.5616840731070496,0.37597911227154046,0.3610023492560689,1.0,0.0003,1.0,10058.029715299606
depth4_bal_MAAMAAMM,4,MAAMAAMM,36375,436500,0.9584941814343134,1.3424442211786907,1.3680730274745396,0.6263054830287206,0.4660574412532637,0.43696162881754114,1.0,0.0003,1.0,10064.982505083084
depth4_bal_MAAMAAMM,4,MAAMAAMM,36400,436800,0.9166257679462433,1.5354990164438884,1.5160617862428938,0.6540469973890339,0.37467362924281983,0.38684416601409555,1.0,0.0003,1.0,10072.722604990005
depth4_bal_MAAMAAMM,4,MAAMAAMM,36425,437100,0.933459202448527,1.5791969696680705,1.577601364680699,0.6269582245430809,0.34595300261096606,0.3684975948092628,1.0,0.0003,1.0,10080.280488014221
depth4_bal_MAAMAAMM,4,MAAMAAMM,36450,437400,0.9529934724171957,1.367121934890747,1.3880716596330915,0.5988903394255874,0.43342036553524804,0.4267815191855912,1.0,0.0003,1.0,10088.428452253342
depth4_bal_MAAMAAMM,4,MAAMAAMM,36475,437700,2.1670759121576944,2.390737454096476,2.328953198024205,0.30156657963446476,0.20234986945169714,0.20964313681619867,1.0,0.0003,1.0,10096.64184975624
depth4_bal_MAAMAAMM,4,MAAMAAMM,36500,438000,1.1387201150258381,1.5945884784062703,1.621418343271528,0.5669060052219321,0.33159268929503916,0.3266584629153149,1.0,0.0003,1.0,10104.721285104752
depth4_bal_MAAMAAMM,4,MAAMAAMM,36525,438300,1.097293456395467,1.476444919904073,1.5010496480124338,0.5469973890339426,0.391644908616188,0.376440317708916,1.0,0.0003,1.0,10112.824178934097
depth4_bal_MAAMAAMM,4,MAAMAAMM,36550,438600,0.9724857211112976,1.3386061588923137,1.3828623226710728,0.6328328981723238,0.44778067885117495,0.43248685535294773,1.0,0.0003,1.0,10120.929453611374
depth4_bal_MAAMAAMM,4,MAAMAAMM,36575,438900,1.0337501217921574,1.6122901837031047,1.5889683212552752,0.5747389033942559,0.3198433420365535,0.36055487190960955,1.0,0.0003,1.0,10128.89854812622
depth4_bal_MAAMAAMM,4,MAAMAAMM,36600,439200,1.506789247194926,1.9673326810201008,1.9304304361343383,0.4428851174934726,0.22845953002610966,0.22295558787336392,1.0,0.0003,1.0,10136.191007137299
depth4_bal_MAAMAAMM,4,MAAMAAMM,36625,439500,1.386576235294342,1.7921918630599976,1.851515473638262,0.46507832898172324,0.3328981723237598,0.3207293880747287,1.0,0.0003,1.0,10144.180230140686
depth4_bal_MAAMAAMM,4,MAAMAAMM,36650,439800,1.003673255443573,1.3271020650863647,1.3671104056494576,0.5861618798955613,0.42428198433420367,0.4327105940261774,1.0,0.0003,1.0,10152.146119832993
depth4_bal_MAAMAAMM,4,MAAMAAMM,36675,440100,0.8893559326728185,1.351924737294515,1.3741433688572475,0.6546997389033943,0.4216710182767624,0.42432039378006486,1.0,0.0003,1.0,10160.397857427597
depth4_bal_MAAMAAMM,4,MAAMAAMM,36700,440400,0.8820633093516032,1.274935007095337,1.2980699437005179,0.6798302872062664,0.4765013054830287,0.4643696162881754,1.0,0.0003,1.0,10168.520656824112
depth4_bal_MAAMAAMM,4,MAAMAAMM,36725,440700,0.9718841463327408,1.4396619002024333,1.4808889763695854,0.6073759791122716,0.381201044386423,0.39378006488421524,1.0,0.0003,1.0,10176.439118146896
depth4_bal_MAAMAAMM,4,MAAMAAMM,36750,441000,0.9136369923750559,1.2985281546910603,1.3037293945040023,0.658289817232376,0.46475195822454307,0.46850878174292426,1.0,0.0003,1.0,10184.688495397568
depth4_bal_MAAMAAMM,4,MAAMAAMM,36775,441300,1.0178816864887874,1.411576747894287,1.5305590357099261,0.625,0.4464751958224543,0.41738449490994517,1.0,0.0003,1.0,10192.774644613266
depth4_bal_MAAMAAMM,4,MAAMAAMM,36800,441600,1.11746484041214,1.4521019061406453,1.531452202796936,0.558420365535248,0.4112271540469974,0.4038483051795503,1.0,0.0003,1.0,10200.168059110641
depth4_bal_MAAMAAMM,4,MAAMAAMM,36825,441900,1.0884621143341064,1.7322363058725994,1.8102621044431413,0.5659268929503917,0.34595300261096606,0.3531714956930305,1.0,0.0003,1.0,10204.280905008316
depth4_bal_MAAMAAMM,4,MAAMAAMM,36850,442200,1.0417064279317856,1.521071155865987,1.5526952402932304,0.6024804177545692,0.4112271540469974,0.3890815527463922,1.0,0.0003,1.0,10212.486007452011
depth4_bal_MAAMAAMM,4,MAAMAAMM,36875,442500,1.0881643344958623,1.4784799019495647,1.521714540890285,0.6054177545691906,0.3838120104438642,0.371741805571093,1.0,0.0003,1.0,10219.918278217316
depth4_bal_MAAMAAMM,4,MAAMAAMM,36900,442800,0.8813058535257975,1.3267479340235393,1.3421976430075508,0.6566579634464752,0.4281984334203655,0.4434500503412015,1.0,0.0003,1.0,10227.283736467361
depth4_bal_MAAMAAMM,4,MAAMAAMM,36925,443100,4.734436571598053,7.237441380818685,7.21819611958095,0.3286553524804178,0.06527415143603134,0.04944624678375657,1.0,0.0003,1.0,10235.302343845367
depth4_bal_MAAMAAMM,4,MAAMAAMM,36950,443400,2.0053965051968894,2.3421777884165444,2.351049314226423,0.30907310704960833,0.1919060052219321,0.18782861617630608,1.0,0.0003,1.0,10242.67376947403
depth4_bal_MAAMAAMM,4,MAAMAAMM,36975,443700,1.7513584196567535,2.552233616511027,2.527887099129813,0.3841383812010444,0.13577023498694518,0.15538650855800426,1.0,0.0003,1.0,10247.194454431534
depth4_bal_MAAMAAMM,4,MAAMAAMM,37000,444000,1.7447400192419689,2.1269263426462808,2.104552275793893,0.3684725848563969,0.22845953002610966,0.22743036133795727,1.0,0.0003,1.0,10255.0714366436
depth4_bal_MAAMAAMM,4,MAAMAAMM,37025,444300,1.6779679556687672,2.209376573562622,2.1769135441098895,0.3975195822454308,0.2258485639686684,0.21904016109184474,1.0,0.0003,1.0,10263.230369091034
depth4_bal_MAAMAAMM,4,MAAMAAMM,37050,444600,2.192857285340627,2.6100157101949057,2.5150279794420514,0.25783289817232374,0.15535248041775457,0.17451616511914084,1.0,0.0003,1.0,10271.076804876328
depth4_bal_MAAMAAMM,4,MAAMAAMM,37075,444900,1.4823835293451946,1.9058719873428345,1.8894084692001343,0.4425587467362924,0.283289817232376,0.2674795838460678,1.0,0.0003,1.0,10275.236273527145
depth4_bal_MAAMAAMM,4,MAAMAAMM,37100,445200,1.4524388909339905,1.8139690558115642,1.864098014150347,0.4314621409921671,0.2885117493472585,0.2804564268933885,1.0,0.0003,1.0,10278.242461919785
depth4_bal_MAAMAAMM,4,MAAMAAMM,37125,445500,1.3170200884342194,1.665571649869283,1.7066341979163033,0.4601827676240209,0.304177545691906,0.3067457209978745,1.0,0.0003,1.0,10281.366677761078
depth4_bal_MAAMAAMM,4,MAAMAAMM,37150,445800,2.1574477156003318,21.846031188964844,21.120331409999302,0.5669060052219321,0.033942558746736295,0.03915426781519186,1.0,0.0003,1.0,10285.812467813492
depth4_bal_MAAMAAMM,4,MAAMAAMM,37175,446100,3.1916679541269937,3.3939623832702637,3.398188672746931,0.1181462140992167,0.06005221932114883,0.06253495916769214,1.0,0.0003,1.0,10293.906933784485
depth4_bal_MAAMAAMM,4,MAAMAAMM,37200,446400,2.458485225836436,2.6651903788248696,2.673510524204799,0.2003916449086162,0.13185378590078328,0.12652421971137712,1.0,0.0003,1.0,10301.174956560135
depth4_bal_MAAMAAMM,4,MAAMAAMM,37225,446700,2.1398443380991616,2.4566516876220703,2.424485499518258,0.2565274151436031,0.14490861618798956,0.15907819666629378,1.0,0.0003,1.0,10304.289831876755
depth4_bal_MAAMAAMM,4,MAAMAAMM,37250,447000,1.9416863322257996,2.301775058110555,2.2773448194776265,0.3025456919060052,0.1919060052219321,0.19465264570981095,1.0,0.0003,1.0,10307.294257640839
depth4_bal_MAAMAAMM,4,MAAMAAMM,37275,447300,1.836437503496806,2.0634167194366455,2.0978362253734044,0.32343342036553524,0.22193211488250653,0.21848081440877057,1.0,0.0003,1.0,10310.295261621475
depth4_bal_MAAMAAMM,4,MAAMAAMM,37300,447600,1.771636426448822,2.046753485997518,2.0480996302195957,0.347911227154047,0.21279373368146215,0.22463362792258643,1.0,0.0003,1.0,10313.325429201126
depth4_bal_MAAMAAMM,4,MAAMAAMM,37325,447900,1.7066470384597778,1.9850456317265828,2.010761482375009,0.3515013054830287,0.24151436031331594,0.23190513480255062,1.0,0.0003,1.0,10317.965337753296
depth4_bal_MAAMAAMM,4,MAAMAAMM,37350,448200,1.708805243174235,2.0032843748728433,2.011016620908465,0.3580287206266319,0.2206266318537859,0.23425439087146213,1.0,0.0003,1.0,10325.776318311691
depth4_bal_MAAMAAMM,4,MAAMAAMM,37375,448500,1.810915768146515,1.9542840719223022,2.049462025506156,0.3387728459530026,0.24804177545691905,0.2172502517060074,1.0,0.0003,1.0,10333.664764642715
depth4_bal_MAAMAAMM,4,MAAMAAMM,37400,448800,1.646178772052129,1.9186854362487793,1.922266779627119,0.4223237597911227,0.24412532637075718,0.2608792929857926,1.0,0.0003,1.0,10341.76412320137
depth4_bal_MAAMAAMM,4,MAAMAAMM,37425,449100,1.5342525243759155,1.8444711764653523,1.8683587993894304,0.4046997389033943,0.26109660574412535,0.25998433829287393,1.0,0.0003,1.0,10349.773702383041
depth4_bal_MAAMAAMM,4,MAAMAAMM,37450,449400,1.455652157465617,1.768353819847107,1.7667939220155988,0.43276762402088775,0.30548302872062666,0.2924264459111757,1.0,0.0003,1.0,10357.879709482193
depth4_bal_MAAMAAMM,4,MAAMAAMM,37475,449700,1.422748327255249,1.7552225987116497,1.8117021254130772,0.42721932114882505,0.3093994778067885,0.2817988589327665,1.0,0.0003,1.0,10365.958527803421
depth4_bal_MAAMAAMM,4,MAAMAAMM,37500,450000,1.4330842196941376,1.7197494109471638,1.7333048752376012,0.4722584856396867,0.28067885117493474,0.2946638326434724,1.0,0.0003,1.0,10373.796135663986
depth4_bal_MAAMAAMM,4,MAAMAAMM,37525,450300,1.3789721727371216,1.643553892771403,1.6701845339366368,0.4585509138381201,0.31592689295039167,0.3094305850766305,1.0,0.0003,1.0,10376.93576002121
depth4_bal_MAAMAAMM,4,MAAMAAMM,37550,450600,1.3310327728589375,1.6849502722422283,1.7001380341393606,0.4722584856396867,0.3002610966057441,0.29846739008837675,1.0,0.0003,1.0,10379.966078519821
depth4_bal_MAAMAAMM,4,MAAMAAMM,37575,450900,1.4239410559336345,1.8293850819269817,1.8120200054986135,0.44843342036553524,0.2650130548302872,0.2701644479248238,1.0,0.0003,1.0,10384.567650794983
depth4_bal_MAAMAAMM,4,MAAMAAMM,37600,451200,1.3161920110384624,1.681295394897461,1.6766185419900077,0.47356396866840733,0.29112271540469975,0.30786441436402284,1.0,0.0003,1.0,10392.861582040787
depth4_bal_MAAMAAMM,4,MAAMAAMM,37625,451500,1.3217388093471527,1.66869056224823,1.6610980749130249,0.47617493472584854,0.2845953002610966,0.303054032889585,1.0,0.0003,1.0,10401.062180280685
depth4_bal_MAAMAAMM,4,MAAMAAMM,37650,451800,1.3323260247707367,1.718575119972229,1.7237204040799823,0.46964751958224543,0.2819843342036554,0.2718424879740463,1.0,0.0003,1.0,10408.942712306976
depth4_bal_MAAMAAMM,4,MAAMAAMM,37675,452100,1.7838991979757945,2.520731767018636,2.478131491797311,0.3652088772845953,0.195822454308094,0.1984562031547153,1.0,0.0003,1.0,10416.98681640625
depth4_bal_MAAMAAMM,4,MAAMAAMM,37700,452400,1.2217953701814015,1.56915283203125,1.5786064522606986,0.5055483028720626,0.35117493472584854,0.34433381810045866,1.0,0.0003,1.0,10425.181973934174
depth4_bal_MAAMAAMM,4,MAAMAAMM,37725,452700,1.2535977760950725,1.5459928512573242,1.5446563175746373,0.5016318537859008,0.3328981723237598,0.3455643808032218,1.0,0.0003,1.0,10433.008773326874
depth4_bal_MAAMAAMM,4,MAAMAAMM,37750,453000,4.021752993265788,4.152679443359375,4.126869324275425,0.050913838120104436,0.028720626631853787,0.0346794943505985,1.0,0.0003,1.0,10441.048946619034
depth4_bal_MAAMAAMM,4,MAAMAAMM,37775,453300,2.5750578244527182,2.8842432498931885,2.8191094670976913,0.19745430809399478,0.11488250652741515,0.1086251258530037,1.0,0.0003,1.0,10449.32263469696
depth4_bal_MAAMAAMM,4,MAAMAAMM,37800,453600,3.275020400683085,5.4194685618082685,5.422293540409633,0.1987597911227154,0.03263707571801567,0.0419510012305627,1.0,0.0003,1.0,10457.50122666359
depth4_bal_MAAMAAMM,4,MAAMAAMM,37825,453900,1.860827664534251,2.18554957707723,2.141643258503505,0.32343342036553524,0.18798955613577023,0.19666629376887795,1.0,0.0003,1.0,10465.715870857239
depth4_bal_MAAMAAMM,4,MAAMAAMM,37850,454200,1.5700331926345825,1.8833837509155273,1.8282068593161447,0.3936031331592689,0.24412532637075718,0.26434724242085245,1.0,0.0003,1.0,10472.658334970474
depth4_bal_MAAMAAMM,4,MAAMAAMM,37875,454500,1.3446114758650463,1.6123086214065552,1.6300002438681467,0.47389033942558745,0.34073107049608353,0.3321400604094418,1.0,0.0003,1.0,10479.557307004929
depth4_bal_MAAMAAMM,4,MAAMAAMM,37900,454800,1.3034525612990062,1.7109808127085369,1.650128940173558,0.46279373368146215,0.3002610966057441,0.30596263564157067,1.0,0.0003,1.0,10487.68637061119
depth4_bal_MAAMAAMM,4,MAAMAAMM,37925,455100,1.1475947399934132,1.5180919965108235,1.4659629310880389,0.537532637075718,0.3342036553524804,0.37688779505537534,1.0,0.0003,1.0,10495.704853534698
depth4_bal_MAAMAAMM,4,MAAMAAMM,37950,455400,1.4941353301207225,1.894290288289388,1.9089118037905013,0.39523498694516973,0.2297650130548303,0.23369504418838796,1.0,0.0003,1.0,10503.842789411545
depth4_bal_MAAMAAMM,4,MAAMAAMM,37975,455700,1.351034830013911,2.5232767264048257,2.4260185446058,0.4575718015665796,0.21279373368146215,0.21299921691464369,1.0,0.0003,1.0,10512.048366069794
depth4_bal_MAAMAAMM,4,MAAMAAMM,38000,456000,1.0922458668549855,1.3894278605779011,1.394019205229623,0.5525456919060052,0.4086161879895561,0.4061975612484618,1.0,0.0003,1.0,10520.168127775192
depth4_bal_MAAMAAMM,4,MAAMAAMM,38025,456300,1.0407434503237407,1.3720651070276897,1.349152432169233,0.5949738903394256,0.4086161879895561,0.419510012305627,1.0,0.0003,1.0,10524.777614116669
depth4_bal_MAAMAAMM,4,MAAMAAMM,38050,456600,1.195943107207616,1.4915067354838054,1.4981698785509383,0.5261096605744126,0.3263707571801567,0.35451392773240853,1.0,0.0003,1.0,10527.908851861954
depth4_bal_MAAMAAMM,4,MAAMAAMM,38075,456900,1.0809836089611053,1.3903626600901287,1.3897820745195661,0.5531984334203656,0.38642297650130547,0.4002684864078756,1.0,0.0003,1.0,10531.930074691772
depth4_bal_MAAMAAMM,4,MAAMAAMM,38100,457200,1.128780573606491,1.4096071322758992,1.4044068779264178,0.5629895561357703,0.381201044386423,0.3929969795279114,1.0,0.0003,1.0,10539.897678613663
depth4_bal_MAAMAAMM,4,MAAMAAMM,38125,457500,1.0464750230312347,1.443688193957011,1.416764978000096,0.5698433420365535,0.35900783289817234,0.3877391207070142,1.0,0.0003,1.0,10547.950195789337
depth4_bal_MAAMAAMM,4,MAAMAAMM,38150,457800,0.9628351529439291,1.3073633909225464,1.2858894518443515,0.6354438642297651,0.4347258485639687,0.445128090390424,1.0,0.0003,1.0,10555.936606884003
depth4_bal_MAAMAAMM,4,MAAMAAMM,38175,458100,0.9722861995299658,1.308201551437378,1.2730081013270786,0.6478459530026109,0.43733681462140994,0.4659357870007831,1.0,0.0003,1.0,10563.920589208603
depth4_bal_MAAMAAMM,4,MAAMAAMM,38200,458400,1.0269153714179993,1.3677517573038738,1.3492845024381366,0.5930156657963447,0.3825065274151436,0.41000111869336614,1.0,0.0003,1.0,10571.928297996521
depth4_bal_MAAMAAMM,4,MAAMAAMM,38225,458700,1.0241851458946865,1.3157866795857747,1.2965881177357266,0.5992167101827677,0.4490861618798956,0.44322631166797183,1.0,0.0003,1.0,10579.67020201683
depth4_bal_MAAMAAMM,4,MAAMAAMM,38250,459000,0.9325080712636312,1.2577751874923706,1.2520792756761823,0.6638381201044387,0.45822454308093996,0.4577693254279002,1.0,0.0003,1.0,10587.168469905853
depth4_bal_MAAMAAMM,4,MAAMAAMM,38275,459300,1.022754003604253,1.4059958060582478,1.4134634631020682,0.58322454308094,0.4151436031331593,0.3999328783980311,1.0,0.0003,1.0,10595.012875318527
depth4_bal_MAAMAAMM,4,MAAMAAMM,38300,459600,0.998140295346578,1.479396899541219,1.4651347024100168,0.5910574412532638,0.3524804177545692,0.375097885669538,1.0,0.0003,1.0,10603.136804580688
depth4_bal_MAAMAAMM,4,MAAMAAMM,38325,459900,1.3956507047017415,1.6011971235275269,1.6030135699680874,0.4706266318537859,0.3276762402088773,0.32643472424208525,1.0,0.0003,1.0,10611.214984178543
depth4_bal_MAAMAAMM,4,MAAMAAMM,38350,460200,0.9897706607977549,1.3273199796676636,1.324245991025652,0.6011749347258486,0.39295039164490864,0.4270052578588209,1.0,0.0003,1.0,10618.90018939972
depth4_bal_MAAMAAMM,4,MAAMAAMM,38375,460500,0.9845235000054041,1.34690256913503,1.3249653032847812,0.6413185378590078,0.4073107049608355,0.42487974046313903,1.0,0.0003,1.0,10626.523025512695
depth4_bal_MAAMAAMM,4,MAAMAAMM,38400,460800,1.0156190147002537,1.3995830217997234,1.3799347707203455,0.5780026109660574,0.3733681462140992,0.39154267815191857,1.0,0.0003,1.0,10634.428184509277
depth4_bal_MAAMAAMM,4,MAAMAAMM,38425,461100,0.9589083939790726,1.269916256268819,1.249856059891837,0.6227154046997389,0.43342036553524804,0.4610135361897304,1.0,0.0003,1.0,10642.397338867188
depth4_bal_MAAMAAMM,4,MAAMAAMM,38450,461400,0.9944727172454199,1.3714392185211182,1.3881362438201905,0.6080287206266318,0.39425587467362927,0.39847857702203826,1.0,0.0003,1.0,10650.500820875168
depth4_bal_MAAMAAMM,4,MAAMAAMM,38475,461700,0.913666824499766,1.320544679959615,1.326229248728071,0.6328328981723238,0.4386422976501306,0.4257746951560577,1.0,0.0003,1.0,10658.45383477211
depth4_bal_MAAMAAMM,4,MAAMAAMM,38500,462000,1.2250357468922932,1.516562581062317,1.4933716876166208,0.49477806788511747,0.32114882506527415,0.3417608233583175,1.0,0.0003,1.0,10666.565119743347
depth4_bal_MAAMAAMM,4,MAAMAAMM,38525,462300,1.0851261268059413,1.4246024290720622,1.390765711239406,0.5440600522193212,0.37989556135770236,0.3894171607562367,1.0,0.0003,1.0,10674.866274118423
depth4_bal_MAAMAAMM,4,MAAMAAMM,38550,462600,0.8839354465405146,1.2947322527567546,1.2619659764426094,0.6491514360313316,0.4281984334203655,0.4636984002684864,1.0,0.0003,1.0,10682.942182302475
depth4_bal_MAAMAAMM,4,MAAMAAMM,38575,462900,0.8637271523475647,1.2401673396428425,1.2073412827083043,0.6612271540469974,0.4556135770234987,0.4779058060185703,1.0,0.0003,1.0,10690.598150968552
depth4_bal_MAAMAAMM,4,MAAMAAMM,38600,463200,0.9454486519098282,1.3450100421905518,1.3255433934075491,0.612597911227154,0.4112271540469974,0.4112316813961293,1.0,0.0003,1.0,10698.057198524475
depth4_bal_MAAMAAMM,4,MAAMAAMM,38625,463500,1.2758522927761078,1.5610662301381428,1.5171033416475568,0.5698433420365535,0.35509138381201044,0.36491777603758807,1.0,0.0003,1.0,10706.24686384201
depth4_bal_MAAMAAMM,4,MAAMAAMM,38650,463800,0.9356145362059275,1.3239444096883137,1.277289581298828,0.6429503916449086,0.40992167101827676,0.44624678375657234,1.0,0.0003,1.0,10713.455178022385
depth4_bal_MAAMAAMM,4,MAAMAAMM,38675,464100,0.9802027642726898,1.5623544057210286,1.5331854275294712,0.6034595300261096,0.3433420365535248,0.37431480031323416,1.0,0.0003,1.0,10721.350546598434
depth4_bal_MAAMAAMM,4,MAAMAAMM,38700,464400,1.071714813510577,1.4234362840652466,1.3984503643853323,0.6057441253263708,0.37467362924281983,0.4032889584964761,1.0,0.0003,1.0,10729.39677476883
depth4_bal_MAAMAAMM,4,MAAMAAMM,38725,464700,0.9191552052895228,1.3521737655003865,1.3010439600263324,0.6289164490861618,0.4177545691906005,0.44233135697505316,1.0,0.0003,1.0,10737.592775821686
depth4_bal_MAAMAAMM,4,MAAMAAMM,38750,465000,1.4228975474834442,1.7428195079167683,1.7248834644045148,0.4360313315926893,0.29112271540469975,0.2983555207517619,1.0,0.0003,1.0,10745.69925904274
depth4_bal_MAAMAAMM,4,MAAMAAMM,38775,465300,1.037540872891744,1.445120135943095,1.409761725153242,0.5806135770234987,0.36553524804177545,0.3827050005593467,1.0,0.0003,1.0,10753.469275951385
depth4_bal_MAAMAAMM,4,MAAMAAMM,38800,465600,0.8754370162884394,1.2718692223230998,1.2657034397125244,0.6501305483028721,0.45430809399477806,0.4606779281798859,1.0,0.0003,1.0,10761.435050010681
depth4_bal_MAAMAAMM,4,MAAMAAMM,38825,465900,0.8544822136561075,1.2827839056650798,1.2770773206438337,0.6690600522193212,0.43733681462140994,0.44591117574672784,1.0,0.0003,1.0,10769.473307132721
depth4_bal_MAAMAAMM,4,MAAMAAMM,38850,466200,0.9522661219040552,1.2785115242004395,1.2946932962962558,0.6233681462140992,0.43994778067885115,0.44535182906365367,1.0,0.0003,1.0,10777.57835149765
depth4_bal_MAAMAAMM,4,MAAMAAMM,38875,466500,0.8965054601430893,1.2891114155451457,1.2777761493410382,0.6971279373368147,0.4451697127937337,0.45855241078420406,1.0,0.0003,1.0,10785.704115867615
depth4_bal_MAAMAAMM,4,MAAMAAMM,38900,466800,1.1817238827546437,1.521885832150777,1.5238297428403582,0.5117493472584856,0.34595300261096606,0.3554088824253272,1.0,0.0003,1.0,10793.508935451508
depth4_bal_MAAMAAMM,4,MAAMAAMM,38925,467100,1.1791387895743053,1.459434986114502,1.4354478904179164,0.5156657963446475,0.3642297650130548,0.37890144311444235,1.0,0.0003,1.0,10801.128381490707
depth4_bal_MAAMAAMM,4,MAAMAAMM,38950,467400,1.513389031092326,1.9198774496714275,1.928684789793832,0.47715404699738906,0.2741514360313316,0.27038818659805347,1.0,0.0003,1.0,10809.215270280838
depth4_bal_MAAMAAMM,4,MAAMAAMM,38975,467700,1.213418612877528,1.702958623568217,1.7020089217594692,0.5453655352480418,0.3472584856396867,0.3448931647835328,1.0,0.0003,1.0,10815.40002322197
depth4_bal_MAAMAAMM,4,MAAMAAMM,39000,468000,1.0896963675816853,1.7164648373921711,1.6582590784345355,0.5753916449086162,0.3328981723237598,0.35496140507886786,1.0,0.0003,1.0,10823.430793762207
depth4_bal_MAAMAAMM,4,MAAMAAMM,39025,468300,1.1007894426584244,1.5926790237426758,1.5548115866524832,0.5567885117493473,0.34856396866840733,0.37263676026401166,1.0,0.0003,1.0,10831.627011060715
depth4_bal_MAAMAAMM,4,MAAMAAMM,39050,468600,0.9951109687487284,1.6073657274246216,1.5917133842195783,0.6008485639686684,0.3629242819843342,0.36357534399821007,1.0,0.0003,1.0,10839.400189638138
depth4_bal_MAAMAAMM,4,MAAMAAMM,39075,468900,1.2139695386091869,1.6755924224853516,1.6968571526663645,0.49967362924281983,0.31201044386422977,0.3197225640451952,1.0,0.0003,1.0,10847.213396549225
depth4_bal_MAAMAAMM,4,MAAMAAMM,39100,469200,0.9787933180729548,1.3575841983159382,1.3181872027260917,0.5962793733681462,0.4255874673629243,0.43640228213446697,1.0,0.0003,1.0,10854.537666082382
depth4_bal_MAAMAAMM,4,MAAMAAMM,39125,469500,2.974355101585388,3.1190404097239175,3.1719161237989155,0.18178851174934726,0.10966057441253264,0.1106387739120707,1.0,0.0003,1.0,10861.663850307465
depth4_bal_MAAMAAMM,4,MAAMAAMM,39150,469800,1.86204927166303,2.2322936058044434,2.2291743550981793,0.3838120104438642,0.2193211488250653,0.22228437185367492,1.0,0.0003,1.0,10869.214807748795
depth4_bal_MAAMAAMM,4,MAAMAAMM,39175,470100,1.5573782324790955,1.9653344949086506,1.9669215883527482,0.42656657963446476,0.2597911227154047,0.2644591117574673,1.0,0.0003,1.0,10877.409042358398
depth4_bal_MAAMAAMM,4,MAAMAAMM,39200,470400,3.68233460187912,3.4484670162200928,3.4648309775761197,0.12173629242819843,0.12532637075718014,0.09464145877614946,1.0,0.0003,1.0,10884.574755191803
depth4_bal_MAAMAAMM,4,MAAMAAMM,39225,470700,1.3703077336152394,1.9536628325780232,1.924036134992327,0.47323759791122716,0.2349869451697128,0.27094753328112764,1.0,0.0003,1.0,10891.55719780922
depth4_bal_MAAMAAMM,4,MAAMAAMM,39250,471000,1.2889570792516072,1.7966749270757039,1.8027707372392927,0.5039164490861618,0.3028720626631854,0.30652198232464484,1.0,0.0003,1.0,10895.458179473877
depth4_bal_MAAMAAMM,4,MAAMAAMM,39275,471300,1.2868074774742126,1.9067161877950032,1.8693852084023612,0.4751958224543081,0.24412532637075718,0.2637878957377783,1.0,0.0003,1.0,10903.635707378387
depth4_bal_MAAMAAMM,4,MAAMAAMM,39300,471600,1.2206988235314686,1.7862581014633179,1.7904333829879762,0.5127284595300261,0.2859007832898172,0.30450833426557783,1.0,0.0003,1.0,10911.724995613098
depth4_bal_MAAMAAMM,4,MAAMAAMM,39325,471900,1.0139768570661545,1.5744451681772869,1.5876679488590786,0.6080287206266318,0.3825065274151436,0.3847186486184137,1.0,0.0003,1.0,10919.00052857399
depth4_bal_MAAMAAMM,4,MAAMAAMM,39350,472200,1.0464678953091304,1.5493967135747273,1.5271656138556344,0.5734334203655352,0.3577023498694517,0.38919342208300706,1.0,0.0003,1.0,10926.970509052277
depth4_bal_MAAMAAMM,4,MAAMAAMM,39375,472500,1.1444884141286213,1.6741300026575725,1.6997570140021188,0.533289817232376,0.3302872062663185,0.3305738896968341,1.0,0.0003,1.0,10930.405394792557
depth4_bal_MAAMAAMM,4,MAAMAAMM,39400,472800,0.9665424078702927,1.5214285453160603,1.5201375280107772,0.6511096605744126,0.381201044386423,0.40698064660476563,1.0,0.0003,1.0,10938.0017080307
depth4_bal_MAAMAAMM,4,MAAMAAMM,39425,473100,1.0317433327436447,1.6273272037506104,1.6224327087402344,0.5877937336814621,0.36945169712793735,0.36480590670097324,1.0,0.0003,1.0,10946.131774187088
depth4_bal_MAAMAAMM,4,MAAMAAMM,39450,473400,1.1207680106163025,1.6755990584691365,1.648628510747637,0.537532637075718,0.31723237597911225,0.3425439087146213,1.0,0.0003,1.0,10953.957001209259
depth4_bal_MAAMAAMM,4,MAAMAAMM,39475,473700,0.9834181318680445,1.6320802768071492,1.6105487244469778,0.6015013054830287,0.36161879895561355,0.38248126188611703,1.0,0.0003,1.0,10961.57431435585
depth4_bal_MAAMAAMM,4,MAAMAAMM,39500,474000,0.9496973504622778,1.5426812171936035,1.5545410020010813,0.6341383812010444,0.360313315926893,0.377782749748294,1.0,0.0003,1.0,10969.34206032753
depth4_bal_MAAMAAMM,4,MAAMAAMM,39525,474300,1.132566511631012,1.6302872896194458,1.6387684311185564,0.5675587467362925,0.34203655352480417,0.3369504418838796,1.0,0.0003,1.0,10977.54344701767
depth4_bal_MAAMAAMM,4,MAAMAAMM,39550,474600,0.9977943698565165,1.5862113237380981,1.6029282093048096,0.5890992167101827,0.3668407310704961,0.37420293097661933,1.0,0.0003,1.0,10985.698354244232
depth4_bal_MAAMAAMM,4,MAAMAAMM,39575,474900,0.940070390701294,1.5514369408289592,1.5103441647120885,0.6383812010443864,0.39556135770234985,0.4088824253272178,1.0,0.0003,1.0,10991.910326957703
depth4_bal_MAAMAAMM,4,MAAMAAMM,39600,475200,1.0838345090548198,1.6472301880518596,1.656098471369062,0.5704960835509139,0.3563968668407311,0.35820561584069804,1.0,0.0003,1.0,10994.968933343887
depth4_bal_MAAMAAMM,4,MAAMAAMM,39625,475500,1.2015815178553264,1.6847036282221477,1.6616012913840157,0.5120757180156658,0.33159268929503916,0.3395234366260208,1.0,0.0003,1.0,10999.728959560394
depth4_bal_MAAMAAMM,4,MAAMAAMM,39650,475800,1.0931714822848637,1.8012767632802327,1.734418044771467,0.5995430809399478,0.2898172323759791,0.3395234366260208,1.0,0.0003,1.0,11007.523889064789
depth4_bal_MAAMAAMM,4,MAAMAAMM,39675,476100,0.9835203289985657,1.5453517436981201,1.51746689251491,0.6214099216710183,0.3577023498694517,0.37196554424432265,1.0,0.0003,1.0,11015.652757644653
depth4_bal_MAAMAAMM,4,MAAMAAMM,39700,476400,1.1456094086170197,1.6223661104838054,1.6217731578009469,0.5241514360313316,0.33159268929503916,0.3431032553976955,1.0,0.0003,1.0,11023.470487833023
depth4_bal_MAAMAAMM,4,MAAMAAMM,39725,476700,0.9200055152177811,1.4513971010843914,1.4311257430485316,0.6507832898172323,0.4007832898172324,0.41436402282134466,1.0,0.0003,1.0,11031.319555044174
depth4_bal_MAAMAAMM,4,MAAMAAMM,39750,477000,1.1943198045094807,1.5910945733388264,1.5738014663968767,0.514686684073107,0.31723237597911225,0.3401946526457098,1.0,0.0003,1.0,11039.549409151077
depth4_bal_MAAMAAMM,4,MAAMAAMM,39775,477300,0.8889011740684509,1.4699850877126057,1.4585037844521658,0.668733681462141,0.3537859007832898,0.4014990491106388,1.0,0.0003,1.0,11047.685204029083
depth4_bal_MAAMAAMM,4,MAAMAAMM,39800,477600,1.0400955478350322,1.6256686051686604,1.6284273317881992,0.5714751958224543,0.33550913838120106,0.3378453965767983,1.0,0.0003,1.0,11055.78708410263
depth4_bal_MAAMAAMM,4,MAAMAAMM,39825,477900,0.9119706153869629,1.429133375485738,1.419621239389692,0.658289817232376,0.40600522193211486,0.414140284148115,1.0,0.0003,1.0,11063.977996349335
depth4_bal_MAAMAAMM,4,MAAMAAMM,39850,478200,0.9408560593922933,1.589621901512146,1.56792437008449,0.6347911227154047,0.32506527415143605,0.35820561584069804,1.0,0.0003,1.0,11071.716296672821
depth4_bal_MAAMAAMM,4,MAAMAAMM,39875,478500,0.9328819761673609,1.4484552542368572,1.4533784491675241,0.6419712793733682,0.39947780678851175,0.4117910280792035,1.0,0.0003,1.0,11079.693253040314
depth4_bal_MAAMAAMM,4,MAAMAAMM,39900,478800,1.0465443134307861,1.6262494723002117,1.55742792061397,0.5747389033942559,0.34203655352480417,0.3569750531379349,1.0,0.0003,1.0,11087.767124652863
depth4_bal_MAAMAAMM,4,MAAMAAMM,39925,479100,0.9086746126413345,1.531702955563863,1.5320161853517804,0.6266318537859008,0.370757180156658,0.39411567289405974,1.0,0.0003,1.0,11095.5390188694
depth4_bal_MAAMAAMM,4,MAAMAAMM,39950,479400,0.8255037665367126,1.4356857935587566,1.448713629586356,0.6925587467362925,0.41383812010443866,0.4270052578588209,1.0,0.0003,1.0,11102.981409311295
depth4_bal_MAAMAAMM,4,MAAMAAMM,39975,479700,1.0760416239500046,1.6184521913528442,1.650069785118103,0.5577676240208878,0.3381201044386423,0.33795726591341313,1.0,0.0003,1.0,11105.988270282745
depth4_bal_MAAMAAMM,4,MAAMAAMM,40000,480000,0.9540921300649643,1.5054575204849243,1.5004019498825074,0.616514360313316,0.37989556135770236,0.4038483051795503,1.0,0.0003,1.0,11108.988866090775
depth4_bal_MAAMAAMM,4,MAAMAAMM,40025,480300,1.0977926750977833,1.6740223566691081,1.6421645164489747,0.5548302872062664,0.34464751958224543,0.35652757579147554,1.0,0.0003,1.0,11117.200102567673
depth4_bal_MAAMAAMM,4,MAAMAAMM,40050,480600,1.0171490460634232,1.5323117574055989,1.531263085774013,0.577023498694517,0.35509138381201044,0.371741805571093,1.0,0.0003,1.0,11125.07353067398
depth4_bal_MAAMAAMM,4,MAAMAAMM,40075,480900,0.9256852368513743,1.5673116445541382,1.5116173028945923,0.6302219321148825,0.3642297650130548,0.38717977402394005,1.0,0.0003,1.0,11132.85388302803
depth4_bal_MAAMAAMM,4,MAAMAAMM,40100,481200,1.0276063531637192,1.5191388924916585,1.5150425331933157,0.6233681462140992,0.36161879895561355,0.3889696834097774,1.0,0.0003,1.0,11140.98182106018
depth4_bal_MAAMAAMM,4,MAAMAAMM,40125,481500,1.123534729083379,1.6796099344889324,1.6232778991971697,0.5453655352480418,0.29765013054830286,0.3275534176082336,1.0,0.0003,1.0,11148.297857284546
depth4_bal_MAAMAAMM,4,MAAMAAMM,40150,481800,1.015247792005539,1.566161831219991,1.5649329594203405,0.610313315926893,0.33159268929503916,0.34959167692135584,1.0,0.0003,1.0,11155.336213111877
depth4_bal_MAAMAAMM,4,MAAMAAMM,40175,482100,1.0511664301156998,1.5117188294728596,1.4856917074748448,0.6142297650130548,0.3433420365535248,0.3701756348584853,1.0,0.0003,1.0,11163.028688669205
depth4_bal_MAAMAAMM,4,MAAMAAMM,40200,482400,0.9546405722697576,1.4786908626556396,1.47368266582489,0.6214099216710183,0.3772845953002611,0.38617294999440654,1.0,0.0003,1.0,11170.98167848587
depth4_bal_MAAMAAMM,4,MAAMAAMM,40225,482700,1.2232462118069332,1.5533897082010906,1.500885466166905,0.5143603133159269,0.3381201044386423,0.378453965767983,1.0,0.0003,1.0,11179.021615743637
depth4_bal_MAAMAAMM,4,MAAMAAMM,40250,483000,0.9924789518117905,1.5064299901326497,1.5209431852613176,0.5962793733681462,0.38511749347258484,0.369056941492337,1.0,0.0003,1.0,11182.928995609283
depth4_bal_MAAMAAMM,4,MAAMAAMM,40275,483300,0.9320210466782252,1.4959952433904011,1.4844004562922886,0.612597911227154,0.3772845953002611,0.38359995525226537,1.0,0.0003,1.0,11188.89349246025
depth4_bal_MAAMAAMM,4,MAAMAAMM,40300,483600,0.8734629799922308,1.4389804204305012,1.40196305002485,0.6654699738903395,0.39947780678851175,0.40541447589215795,1.0,0.0003,1.0,11196.74195432663
depth4_bal_MAAMAAMM,4,MAAMAAMM,40325,483900,0.9152313123146693,1.546671708424886,1.5019294977188111,0.6295691906005222,0.34986945169712796,0.375769101689227,1.0,0.0003,1.0,11204.98995065689
depth4_bal_MAAMAAMM,4,MAAMAAMM,40350,484200,0.8744220187266668,1.347691257794698,1.3015005077634538,0.6576370757180157,0.3981723237597911,0.4488197784987135,1.0,0.0003,1.0,11212.959111213684
depth4_bal_MAAMAAMM,4,MAAMAAMM,40375,484500,1.0150785396496456,1.525606393814087,1.4783720459256853,0.5776762402088773,0.3577023498694517,0.38919342208300706,1.0,0.0003,1.0,11220.552162408829
depth4_bal_MAAMAAMM,4,MAAMAAMM,40400,484800,0.8440529753764471,1.3811192909876506,1.3297023057937623,0.6586161879895561,0.402088772845953,0.43226311667971806,1.0,0.0003,1.0,11228.82064318657
depth4_bal_MAAMAAMM,4,MAAMAAMM,40425,485100,0.9248728056748708,1.3956596851348877,1.3550385202680315,0.6383812010443864,0.4112271540469974,0.423537308423761,1.0,0.0003,1.0,11236.396843671799
depth4_bal_MAAMAAMM,4,MAAMAAMM,40450,485400,1.0662812640269597,1.5096662044525146,1.4738057238715037,0.5900783289817232,0.3772845953002611,0.3830406085691912,1.0,0.0003,1.0,11244.31034040451
depth4_bal_MAAMAAMM,4,MAAMAAMM,40475,485700,1.2663308382034302,1.5519306659698486,1.5531888144356865,0.4931462140992167,0.3524804177545692,0.3630159973151359,1.0,0.0003,1.0,11252.564279556274
depth4_bal_MAAMAAMM,4,MAAMAAMM,40500,486000,0.9409906814495722,1.3489607572555542,1.3391189234597343,0.6403394255874674,0.4112271540469974,0.42432039378006486,1.0,0.0003,1.0,11260.677477359772
depth4_bal_MAAMAAMM,4,MAAMAAMM,40525,486300,1.0611381034056346,1.5615169207255046,1.4991682767868042,0.5642950391644909,0.3629242819843342,0.36894507215572214,1.0,0.0003,1.0,11268.676353693008
depth4_bal_MAAMAAMM,4,MAAMAAMM,40550,486600,1.074053704738617,1.5313523213068645,1.4923769508089337,0.554177545691906,0.370757180156658,0.3816981765298132,1.0,0.0003,1.0,11276.621697425842
depth4_bal_MAAMAAMM,4,MAAMAAMM,40575,486900,1.1463664372762044,1.4682999849319458,1.4739258766174317,0.5287206266318538,0.3877284595300261,0.3728604989372413,1.0,0.0003,1.0,11284.647486925125
depth4_bal_MAAMAAMM,4,MAAMAAMM,40600,487200,0.8803420861562093,1.3795253435770671,1.3410376242228916,0.6788511749347258,0.40339425587467365,0.440429578252601,1.0,0.0003,1.0,11292.501214504242
depth4_bal_MAAMAAMM,4,MAAMAAMM,40625,487500,0.9719368616739908,1.526638348897298,1.4183825322559902,0.5982375979112271,0.36945169712793735,0.41760823358317484,1.0,0.0003,1.0,11300.57592701912
depth4_bal_MAAMAAMM,4,MAAMAAMM,40650,487800,0.8458938101927439,1.3922767639160156,1.4049765110015868,0.6563315926892951,0.39033942558746737,0.41302159078196665,1.0,0.0003,1.0,11308.617365121841
depth4_bal_MAAMAAMM,4,MAAMAAMM,40675,488100,0.8299105167388916,1.352755109469096,1.3055264030184064,0.6684073107049608,0.4216710182767624,0.44591117574672784,1.0,0.0003,1.0,11316.534609794617
depth4_bal_MAAMAAMM,4,MAAMAAMM,40700,488400,0.8730079034964243,1.3685595194498699,1.3305021865027291,0.6537206266318538,0.42950391644908614,0.43282246336279223,1.0,0.0003,1.0,11324.613247871399
depth4_bal_MAAMAAMM,4,MAAMAAMM,40725,488700,1.4356409013271332,1.7490569750467937,1.7117763076509749,0.4552872062663185,0.2859007832898172,0.29712495804899874,1.0,0.0003,1.0,11332.386333942413
depth4_bal_MAAMAAMM,4,MAAMAAMM,40750,489000,1.1225796441237132,1.5180412530899048,1.5291548694883075,0.54177545691906,0.34203655352480417,0.348137375545363,1.0,0.0003,1.0,11339.420680522919
depth4_bal_MAAMAAMM,4,MAAMAAMM,40775,489300,0.8675430764754614,1.3440898656845093,1.3426365239279612,0.6504569190600522,0.4281984334203655,0.4355073274415483,1.0,0.0003,1.0,11347.307939529419
depth4_bal_MAAMAAMM,4,MAAMAAMM,40800,489600,1.475795139869054,1.9040902058283489,1.87199079649789,0.48172323759791125,0.31592689295039167,0.31379348920460903,1.0,0.0003,1.0,11350.29578447342
depth4_bal_MAAMAAMM,4,MAAMAAMM,40825,489900,1.601501742998759,1.9005556106567383,1.8585384334836688,0.47943864229765015,0.2845953002610966,0.30462020360219266,1.0,0.0003,1.0,11356.690811872482
depth4_bal_MAAMAAMM,4,MAAMAAMM,40850,490200,1.0258937031030655,1.5634300311406453,1.5748150416782924,0.5900783289817232,0.34073107049608353,0.34299138606108065,1.0,0.0003,1.0,11364.895829439163
depth4_bal_MAAMAAMM,4,MAAMAAMM,40875,490500,1.065445085366567,1.5012988249460857,1.4901102474757604,0.5992167101827677,0.3772845953002611,0.3960174516165119,1.0,0.0003,1.0,11372.505301237106
depth4_bal_MAAMAAMM,4,MAAMAAMM,40900,490800,0.9731436918179194,1.5390053192774455,1.5065004859651838,0.591710182767624,0.36553524804177545,0.37856583510459785,1.0,0.0003,1.0,11379.10756611824
depth4_bal_MAAMAAMM,4,MAAMAAMM,40925,491100,1.0045391917228699,1.5587841669718425,1.5509164231164114,0.5799608355091384,0.36161879895561355,0.3599955252265354,1.0,0.0003,1.0,11386.22964477539
depth4_bal_MAAMAAMM,4,MAAMAAMM,40950,491400,1.0370514392852783,1.452465573946635,1.4339061771120345,0.591710182767624,0.37597911227154046,0.3953462355968229,1.0,0.0003,1.0,11394.16355395317
depth4_bal_MAAMAAMM,4,MAAMAAMM,40975,491700,4.2741403977076216,4.418872674306233,4.4114528792245045,0.04014360313315927,0.030026109660574413,0.026177424767871126,1.0,0.0003,1.0,11402.004022836685
depth4_bal_MAAMAAMM,4,MAAMAAMM,41000,492000,3.1902612447738647,3.462965726852417,3.4438835757119315,0.11847258485639686,0.05613577023498695,0.06376552187045531,1.0,0.0003,1.0,11410.058995008469
depth4_bal_MAAMAAMM,4,MAAMAAMM,41025,492300,2.5695953965187073,2.904515027999878,2.877251482009888,0.18701044386422977,0.1122715404699739,0.11533728604989373,1.0,0.0003,1.0,11414.97491812706
depth4_bal_MAAMAAMM,4,MAAMAAMM,41050,492600,2.1922833720842996,2.540919542312622,2.5459859234946114,0.24738903394255873,0.13838120104438642,0.14744378565835103,1.0,0.0003,1.0,11418.08034992218
depth4_bal_MAAMAAMM,4,MAAMAAMM,41075,492900,2.054122050603231,2.3978423277537027,2.403689970288958,0.2754569190600522,0.17754569190600522,0.16992952231793265,1.0,0.0003,1.0,11421.095606565475
depth4_bal_MAAMAAMM,4,MAAMAAMM,41100,493200,1.8781106273333232,2.2209204832712808,2.2411007676805768,0.31494778067885115,0.18798955613577023,0.1921915203042846,1.0,0.0003,1.0,11428.6683781147
depth4_bal_MAAMAAMM,4,MAAMAAMM,41125,493500,1.7607957621415455,2.089121103286743,2.102969626017979,0.3475848563968668,0.21409921671018275,0.23000335608009845,1.0,0.0003,1.0,11435.943157196045
depth4_bal_MAAMAAMM,4,MAAMAAMM,41150,493800,1.6964071889718373,2.0717855294545493,2.0529771259852816,0.39131853785900783,0.23237597911227154,0.24197337509788566,1.0,0.0003,1.0,11442.53611111641
depth4_bal_MAAMAAMM,4,MAAMAAMM,41175,494100,1.7522046665350597,2.1036972204844155,2.122604993411473,0.3563968668407311,0.1762402088772846,0.19554760040272962,1.0,0.0003,1.0,11450.456508874893
depth4_bal_MAAMAAMM,4,MAAMAAMM,41200,494400,1.577196518580119,1.9497005939483643,1.934126148905073,0.402088772845953,0.24804177545691905,0.2556214341648954,1.0,0.0003,1.0,11458.564502716064
depth4_bal_MAAMAAMM,4,MAAMAAMM,41225,494700,1.9596181412537892,2.4357495307922363,2.450121355056763,0.32343342036553524,0.2010443864229765,0.19666629376887795,1.0,0.0003,1.0,11464.62961602211
depth4_bal_MAAMAAMM,4,MAAMAAMM,41250,495000,1.939261943101883,2.2027645111083984,2.2178656578063967,0.34007832898172324,0.1814621409921671,0.19733750978856696,1.0,0.0003,1.0,11472.527945280075
depth4_bal_MAAMAAMM,4,MAAMAAMM,41275,495300,1.6921604474385579,1.9762461980183919,1.9336576768330165,0.3492167101827676,0.23237597911227154,0.2338069135250028,1.0,0.0003,1.0,11480.64952993393
depth4_bal_MAAMAAMM,4,MAAMAAMM,41300,495600,1.4384325643380482,1.8173139095306396,1.816904330253601,0.4490861618798956,0.2793733681462141,0.28593802438751537,1.0,0.0003,1.0,11488.710440635681
depth4_bal_MAAMAAMM,4,MAAMAAMM,41325,495900,1.3722559809684753,1.768309195836385,1.7435875586100986,0.46866840731070497,0.29112271540469975,0.2979080434053026,1.0,0.0003,1.0,11496.502805948257
depth4_bal_MAAMAAMM,4,MAAMAAMM,41350,496200,1.2978719075520833,1.7551501989364624,1.737763524055481,0.47845953002610964,0.2859007832898172,0.30327777156281466,1.0,0.0003,1.0,11503.748351097107
depth4_bal_MAAMAAMM,4,MAAMAAMM,41375,496500,1.3601002097129822,1.8112806876500447,1.775140162876674,0.4448433420365535,0.26762402088772846,0.28392437632844836,1.0,0.0003,1.0,11511.578147888184
depth4_bal_MAAMAAMM,4,MAAMAAMM,41400,496800,1.216368426879247,1.6051496267318726,1.5949423619679042,0.5450391644908616,0.3302872062663185,0.33739791923033896,1.0,0.0003,1.0,11519.457594871521
depth4_bal_MAAMAAMM,4,MAAMAAMM,41425,497100,1.3516255120436351,1.8057440519332886,1.8322138616016932,0.4494125326370757,0.2793733681462141,0.27687660812171383,1.0,0.0003,1.0,11527.444850206375
depth4_bal_MAAMAAMM,4,MAAMAAMM,41450,497400,1.1123988330364227,1.6158264875411987,1.5979248455592565,0.5620104438642297,0.31201044386422977,0.33896408994294663,1.0,0.0003,1.0,11534.597044467926
depth4_bal_MAAMAAMM,4,MAAMAAMM,41475,497700,1.2323955694834392,1.7492906252543132,1.715396455356053,0.5003263707571801,0.2859007832898172,0.2926501845844054,1.0,0.0003,1.0,11537.935710191727
depth4_bal_MAAMAAMM,4,MAAMAAMM,41500,498000,1.3513175944487255,1.8370942672093709,1.790929879461016,0.4435378590078329,0.25718015665796345,0.27754782414140283,1.0,0.0003,1.0,11546.027921438217
depth4_bal_MAAMAAMM,4,MAAMAAMM,41525,498300,1.2367418507734935,1.6710687478383381,1.6471024751663208,0.4970626631853786,0.3394255874673629,0.3255397695491666,1.0,0.0003,1.0,11550.425283432007
depth4_bal_MAAMAAMM,4,MAAMAAMM,41550,498600,1.5832384924093883,1.8542795181274414,1.8416845423834665,0.4314621409921671,0.24804177545691905,0.26960510124174963,1.0,0.0003,1.0,11557.080379009247
depth4_bal_MAAMAAMM,4,MAAMAAMM,41575,498900,1.3196290532747905,1.655902624130249,1.6444374356951033,0.47780678851174935,0.31592689295039167,0.3321400604094418,1.0,0.0003,1.0,11564.217640638351
depth4_bal_MAAMAAMM,4,MAAMAAMM,41600,499200,1.3389047582944233,1.8764841159184773,1.8111369916370936,0.4575718015665796,0.25718015665796345,0.27989708021031434,1.0,0.0003,1.0,11572.153267383575
depth4_bal_MAAMAAMM,4,MAAMAAMM,41625,499500,1.2099210421244304,1.7539220650990803,1.724748536518642,0.5120757180156658,0.2963446475195822,0.301711600850207,1.0,0.0003,1.0,11580.352310180664
depth4_bal_MAAMAAMM,4,MAAMAAMM,41650,499800,1.1593465010325115,1.5927383104960124,1.56709817137037,0.5316579634464752,0.34073107049608353,0.35026289294104485,1.0,0.0003,1.0,11587.91178560257
depth4_bal_MAAMAAMM,4,MAAMAAMM,41675,500100,1.1313336690266926,1.853193203608195,1.9364538465227399,0.5443864229765013,0.26762402088772846,0.2552858261550509,1.0,0.0003,1.0,11596.08968925476
depth4_bal_MAAMAAMM,4,MAAMAAMM,41700,500400,1.13447301586469,1.4725664059321086,1.462436011859349,0.5359007832898173,0.39947780678851175,0.38650855800425105,1.0,0.0003,1.0,11604.358560562134
depth4_bal_MAAMAAMM,4,MAAMAAMM,41725,500700,1.0754194806019466,1.5150113105773926,1.4844591890062604,0.5623368146214099,0.3563968668407311,0.3810269605101242,1.0,0.0003,1.0,11612.538369178772
depth4_bal_MAAMAAMM,4,MAAMAAMM,41750,501000,1.0586927980184555,1.4451380968093872,1.442960228238787,0.5636422976501305,0.38511749347258484,0.3982548383488086,1.0,0.0003,1.0,11620.441972017288
depth4_bal_MAAMAAMM,4,MAAMAAMM,41775,501300,1.0626708666483562,1.5122615496317546,1.4651407616479055,0.5727806788511749,0.3681462140992167,0.38292873923257637,1.0,0.0003,1.0,11628.249172449112
depth4_bal_MAAMAAMM,4,MAAMAAMM,41800,501600,0.9511629144350687,1.4785842895507812,1.4691537652696882,0.6364229765013055,0.402088772845953,0.39053585412238506,1.0,0.0003,1.0,11644.331904172897
depth4_bal_MAAMAAMM,4,MAAMAAMM,41825,501900,1.0580907811721165,1.5960163275400798,1.5468190363475254,0.5691906005221932,0.33550913838120106,0.35854122385054255,1.0,0.0003,1.0,11656.433148145676
depth4_bal_MAAMAAMM,4,MAAMAAMM,41850,502200,0.9939693858226141,1.4715423981348674,1.5001539843423026,0.6067232375979112,0.39295039164490864,0.37923705112428685,1.0,0.0003,1.0,11664.415704727173
depth4_bal_MAAMAAMM,4,MAAMAAMM,41875,502500,0.9862355987230936,1.4039363861083984,1.3881566286087037,0.6204308093994778,0.402088772845953,0.40474325987246895,1.0,0.0003,1.0,11672.544205904007
depth4_bal_MAAMAAMM,4,MAAMAAMM,41900,502800,1.2879705627759297,1.6240642070770264,1.5799446446555,0.49281984334203655,0.3224543080939948,0.3431032553976955,1.0,0.0003,1.0,11680.621403455734
depth4_bal_MAAMAAMM,4,MAAMAAMM,41925,503100,0.9426470498243967,1.4833496809005737,1.4506481170654297,0.6243472584856397,0.38642297650130547,0.3882984673900884,1.0,0.0003,1.0,11688.709107637405
depth4_bal_MAAMAAMM,4,MAAMAAMM,41950,503400,0.9857493937015533,1.4553740819295247,1.4183648075376238,0.6057441253263708,0.38511749347258484,0.39042398478577023,1.0,0.0003,1.0,11696.791417360306
depth4_bal_MAAMAAMM,4,MAAMAAMM,41975,503700,0.9452657699584961,1.3677329222361247,1.3927967480250767,0.6204308093994778,0.4216710182767624,0.41861505761270834,1.0,0.0003,1.0,11703.510217428207
depth4_bal_MAAMAAMM,4,MAAMAAMM,42000,504000,0.9017563362916311,1.3568737506866455,1.3645126104354859,0.6498041775456919,0.42689295039164493,0.4284595592348137,1.0,0.0003,1.0,11709.999305009842
depth4_bal_MAAMAAMM,4,MAAMAAMM,42025,504300,0.910858765244484,1.4056909481684368,1.3967322213309152,0.639686684073107,0.39295039164490864,0.41559458552410783,1.0,0.0003,1.0,11718.0275785923
depth4_bal_MAAMAAMM,4,MAAMAAMM,42050,504600,1.0683076580365498,1.6011496782302856,1.652450428690229,0.5492819843342036,0.3537859007832898,0.3378453965767983,1.0,0.0003,1.0,11726.078649759293
depth4_bal_MAAMAAMM,4,MAAMAAMM,42075,504900,0.9449359973271688,1.3824904362360637,1.3810301099504743,0.6432767624020888,0.39425587467362927,0.42029309766193085,1.0,0.0003,1.0,11734.168360233307
depth4_bal_MAAMAAMM,4,MAAMAAMM,42100,505200,0.913812850912412,1.3942135175069172,1.398495524270194,0.6380548302872062,0.4046997389033943,0.40239400380355744,1.0,0.0003,1.0,11742.365030050278
depth4_bal_MAAMAAMM,4,MAAMAAMM,42125,505500,1.0662487149238586,1.4459681113560994,1.4430964469909668,0.5639686684073107,0.3720626631853786,0.38382369392549504,1.0,0.0003,1.0,11750.42748761177
depth4_bal_MAAMAAMM,4,MAAMAAMM,42150,505800,0.9840881923834482,1.5081663131713867,1.5432009390422277,0.5995430809399478,0.35900783289817234,0.3695044188387963,1.0,0.0003,1.0,11758.457025051117
depth4_bal_MAAMAAMM,4,MAAMAAMM,42175,506100,0.922972783446312,1.397710879643758,1.3980797461100987,0.6276109660574413,0.412532637075718,0.41704888690010067,1.0,0.0003,1.0,11766.626028060913
depth4_bal_MAAMAAMM,4,MAAMAAMM,42200,506400,0.97262042760849,1.5170916318893433,1.4688092538288662,0.5992167101827677,0.3629242819843342,0.3876272513703994,1.0,0.0003,1.0,11774.666041851044
depth4_bal_MAAMAAMM,4,MAAMAAMM,42225,506700,0.9483393430709839,1.3556125164031982,1.34656469140734,0.6155352480417755,0.42036553524804177,0.43405302606555546,1.0,0.0003,1.0,11782.386668920517
depth4_bal_MAAMAAMM,4,MAAMAAMM,42250,507000,0.9779559969902039,1.4266936779022217,1.4231430087770736,0.6142297650130548,0.38642297650130547,0.3945631502405191,1.0,0.0003,1.0,11790.069913387299
depth4_bal_MAAMAAMM,4,MAAMAAMM,42275,507300,0.8931258767843246,1.4329522848129272,1.3947962999343873,0.6514360313315927,0.4164490861618799,0.42633404183913187,1.0,0.0003,1.0,11798.166313886642
depth4_bal_MAAMAAMM,4,MAAMAAMM,42300,507600,0.9917542139689127,1.4742269118626912,1.4622645650591168,0.6073759791122716,0.4112271540469974,0.39310884886452624,1.0,0.0003,1.0,11806.066661119461
depth4_bal_MAAMAAMM,4,MAAMAAMM,42325,507900,1.3479092717170715,1.779156009356181,1.7550034999847413,0.5091383812010444,0.2963446475195822,0.2920908379013312,1.0,0.0003,1.0,11814.161545038223
depth4_bal_MAAMAAMM,4,MAAMAAMM,42350,508200,1.043294757604599,1.5169360240300496,1.5329183987208774,0.591710182767624,0.35900783289817234,0.3606667412462244,1.0,0.0003,1.0,11822.083750963211
depth4_bal_MAAMAAMM,4,MAAMAAMM,42375,508500,1.13492813706398,1.5732386112213135,1.578129495893206,0.5776762402088773,0.34073107049608353,0.33929969795279113,1.0,0.0003,1.0,11829.584352970123
depth4_bal_MAAMAAMM,4,MAAMAAMM,42400,508800,1.1102274954319,1.5597904523213704,1.512930655479431,0.5476501305483029,0.3342036553524804,0.3662602080769661,1.0,0.0003,1.0,11837.118260145187
depth4_bal_MAAMAAMM,4,MAAMAAMM,42425,509100,1.0507920881112416,1.5305827458699544,1.507020241873605,0.5760443864229765,0.34986945169712796,0.36860946414587764,1.0,0.0003,1.0,11845.040019512177
depth4_bal_MAAMAAMM,4,MAAMAAMM,42450,509400,0.983490914106369,1.4513065020243328,1.4035290547779629,0.5953002610966057,0.38903394255874674,0.40776373196106946,1.0,0.0003,1.0,11852.743196487427
depth4_bal_MAAMAAMM,4,MAAMAAMM,42475,509700,1.118834267059962,1.6293014287948608,1.6455972228731428,0.5362271540469974,0.3629242819843342,0.347466159525674,1.0,0.0003,1.0,11860.516829252243
depth4_bal_MAAMAAMM,4,MAAMAAMM,42500,510000,0.9948942214250565,1.5177943706512451,1.4893038988113403,0.5913838120104439,0.3733681462140992,0.39512249692359325,1.0,0.0003,1.0,11868.475318431854
depth4_bal_MAAMAAMM,4,MAAMAAMM,42525,510300,1.1207029819488525,1.5101124445597331,1.4884888444628035,0.5300261096605744,0.381201044386423,0.3801320058172055,1.0,0.0003,1.0,11876.725393533707
depth4_bal_MAAMAAMM,4,MAAMAAMM,42550,510600,0.9517130603392919,1.464760422706604,1.4666531324386596,0.6256527415143603,0.40992167101827676,0.3975836223291196,1.0,0.0003,1.0,11884.725511550903
depth4_bal_MAAMAAMM,4,MAAMAAMM,42575,510900,1.024594634771347,1.4524705807367961,1.4640156132834299,0.581266318537859,0.38511749347258484,0.3850542566282582,1.0,0.0003,1.0,11892.844292402267
depth4_bal_MAAMAAMM,4,MAAMAAMM,42600,511200,1.155227780342102,1.6207949320475261,1.5737890550068447,0.5104438642297651,0.3276762402088773,0.3544020583957937,1.0,0.0003,1.0,11900.949804067612
depth4_bal_MAAMAAMM,4,MAAMAAMM,42625,511500,0.906422570347786,1.4285270770390828,1.3946065936769758,0.6295691906005222,0.3968668407310705,0.4254390871462132,1.0,0.0003,1.0,11909.075778007507
depth4_bal_MAAMAAMM,4,MAAMAAMM,42650,511800,0.920010561744372,1.518937349319458,1.457184978893825,0.6207571801566579,0.3720626631853786,0.40272961181340194,1.0,0.0003,1.0,11917.162996292114
depth4_bal_MAAMAAMM,4,MAAMAAMM,42675,512100,0.9810478538274765,1.4375301599502563,1.4238159145627702,0.5930156657963447,0.4007832898172324,0.4049669985456986,1.0,0.0003,1.0,11925.259311914444
depth4_bal_MAAMAAMM,4,MAAMAAMM,42700,512400,0.901569257179896,1.374204119046529,1.340527149609157,0.6403394255874674,0.4281984334203655,0.4380803221836895,1.0,0.0003,1.0,11933.052402973175
depth4_bal_MAAMAAMM,4,MAAMAAMM,42725,512700,0.8269673387209574,1.3790164391199748,1.340850237437657,0.6850522193211488,0.4321148825065274,0.44893164783532835,1.0,0.0003,1.0,11940.332345485687
depth4_bal_MAAMAAMM,4,MAAMAAMM,42750,513000,0.7910117159287134,1.3030895789464314,1.2959629263196673,0.7173629242819843,0.45691906005221933,0.4709699071484506,1.0,0.0003,1.0,11948.454518556595
depth4_bal_MAAMAAMM,4,MAAMAAMM,42775,513300,1.0991824964682262,1.60141388575236,1.5367010457175119,0.54177545691906,0.34986945169712796,0.36525338404743257,1.0,0.0003,1.0,11956.452669858932
depth4_bal_MAAMAAMM,4,MAAMAAMM,42800,513600,1.565524270137151,1.8016830285390217,1.8379313298634121,0.4879242819843342,0.28720626631853785,0.2949994406533169,1.0,0.0003,1.0,11964.497555017471
depth4_bal_MAAMAAMM,4,MAAMAAMM,42825,513900,1.068416287501653,1.5667170286178589,1.556516102382115,0.5848563968668408,0.34073107049608353,0.340753999328784,1.0,0.0003,1.0,11972.582783937454
depth4_bal_MAAMAAMM,4,MAAMAAMM,42850,514200,1.0286877006292343,1.5940178235371907,1.5444242102759225,0.5842036553524804,0.3276762402088773,0.3594361785434612,1.0,0.0003,1.0,11980.60525727272
depth4_bal_MAAMAAMM,4,MAAMAAMM,42875,514500,1.375305950641632,1.6416889031728108,1.6583986929484775,0.4516971279373368,0.3133159268929504,0.29813178207853225,1.0,0.0003,1.0,11988.46122431755
depth4_bal_MAAMAAMM,4,MAAMAAMM,42900,514800,1.0921670993169148,1.4757163524627686,1.4905746868678502,0.5496083550913838,0.3642297650130548,0.3660364694037364,1.0,0.0003,1.0,11995.923221349716
depth4_bal_MAAMAAMM,4,MAAMAAMM,42925,515100,1.0070878614981968,1.6693737904230754,1.6243853500911167,0.5848563968668408,0.3577023498694517,0.34366260208076965,1.0,0.0003,1.0,12003.811580896378
depth4_bal_MAAMAAMM,4,MAAMAAMM,42950,515400,1.0637307912111282,1.5689725081125896,1.5353636162621633,0.5629895561357703,0.3224543080939948,0.3510459782973487,1.0,0.0003,1.0,12011.980685949326
depth4_bal_MAAMAAMM,4,MAAMAAMM,42975,515700,1.0371915449698765,1.925350030263265,1.8612257174083164,0.5727806788511749,0.2819843342036554,0.28291755229891485,1.0,0.0003,1.0,12020.058902263641
depth4_bal_MAAMAAMM,4,MAAMAAMM,43000,516000,0.9266123821338018,1.5203306674957275,1.4789637122835433,0.612597911227154,0.3668407310704961,0.3935563262109856,1.0,0.0003,1.0,12027.769515752792
depth4_bal_MAAMAAMM,4,MAAMAAMM,43025,516300,0.9410201112429301,1.444126804669698,1.4259426832199096,0.6145561357702349,0.3981723237597911,0.41302159078196665,1.0,0.0003,1.0,12035.767577409744
depth4_bal_MAAMAAMM,4,MAAMAAMM,43050,516600,1.013485257824262,1.5265483061472576,1.4860641207013812,0.5868146214099217,0.37597911227154046,0.3747622776596935,1.0,0.0003,1.0,12043.834050178528
depth4_bal_MAAMAAMM,4,MAAMAAMM,43075,516900,1.1028123398621876,1.665651559829712,1.6142251116888864,0.5515665796344648,0.3302872062663185,0.3356080098445016,1.0,0.0003,1.0,12051.64797282219
depth4_bal_MAAMAAMM,4,MAAMAAMM,43100,517200,1.1349731087684631,1.80004088083903,1.7491306509290423,0.5450391644908616,0.283289817232376,0.28660924040720437,1.0,0.0003,1.0,12059.605248689651
depth4_bal_MAAMAAMM,4,MAAMAAMM,43125,517500,1.1746383011341095,1.6801514625549316,1.689457106590271,0.535574412532637,0.32506527415143605,0.36122608792929856,1.0,0.0003,1.0,12067.703161478043
depth4_bal_MAAMAAMM,4,MAAMAAMM,43150,517800,1.253496875365575,1.8583184083302815,1.7587660210473197,0.5303524804177546,0.2963446475195822,0.31480031323414254,1.0,0.0003,1.0,12074.688057899475
depth4_bal_MAAMAAMM,4,MAAMAAMM,43175,518100,0.9165452420711517,1.4760628541310628,1.4214036396571568,0.6204308093994778,0.4112271540469974,0.41537084685087816,1.0,0.0003,1.0,12081.525410175323
depth4_bal_MAAMAAMM,4,MAAMAAMM,43200,518400,1.0517576187849045,1.6730389992396038,1.5789684738431657,0.5747389033942559,0.30548302872062666,0.352835887683186,1.0,0.0003,1.0,12089.693968772888
depth4_bal_MAAMAAMM,4,MAAMAAMM,43225,518700,0.9330616990725199,1.446717103322347,1.4118968657084874,0.6194516971279374,0.4086161879895561,0.41201476675243315,1.0,0.0003,1.0,12096.329054117203
depth4_bal_MAAMAAMM,4,MAAMAAMM,43250,519000,0.9817006289958954,1.5116888284683228,1.4564543792179652,0.5806135770234987,0.3772845953002611,0.3955699742700526,1.0,0.0003,1.0,12100.535215139389
depth4_bal_MAAMAAMM,4,MAAMAAMM,43275,519300,0.8821008056402206,1.4144710699717205,1.380188454900469,0.6553524804177546,0.42297650130548303,0.43505985009508896,1.0,0.0003,1.0,12108.645304441452
depth4_bal_MAAMAAMM,4,MAAMAAMM,43300,519600,2.3442789812882743,2.1510863304138184,2.1416078874043056,0.28100522193211486,0.22845953002610966,0.2272066226647276,1.0,0.0003,1.0,12116.414080381393
depth4_bal_MAAMAAMM,4,MAAMAAMM,43325,519900,1.2480369806289673,1.9935120741526287,1.9234812940870012,0.529373368146214,0.27284595300261094,0.2879516724465824,1.0,0.0003,1.0,12123.99572634697
depth4_bal_MAAMAAMM,4,MAAMAAMM,43350,520200,0.9050392409165701,1.4489819606145222,1.401340937614441,0.6638381201044387,0.39556135770234985,0.42532721780959837,1.0,0.0003,1.0,12131.517522335052
depth4_bal_MAAMAAMM,4,MAAMAAMM,43375,520500,0.9251869668563207,1.5278282165527344,1.4836048024041313,0.64588772845953,0.34986945169712796,0.3876272513703994,1.0,0.0003,1.0,12139.678711652756
depth4_bal_MAAMAAMM,4,MAAMAAMM,43400,520800,0.8898115456104279,1.5791516701380413,1.5301421744482857,0.639686684073107,0.3785900783289817,0.3681619867994183,1.0,0.0003,1.0,12147.69808268547
depth4_bal_MAAMAAMM,4,MAAMAAMM,43425,521100,0.8391944915056229,1.4608728488286336,1.3893791641507829,0.6706919060052219,0.39425587467362927,0.4274527352052802,1.0,0.0003,1.0,12155.557991981506
depth4_bal_MAAMAAMM,4,MAAMAAMM,43450,521400,1.2299983898798625,1.913943926493327,1.8559946468898227,0.48433420365535246,0.28067885117493474,0.28985345116903455,1.0,0.0003,1.0,12163.377518892288
depth4_bal_MAAMAAMM,4,MAAMAAMM,43475,521700,0.9268451184034348,1.575710614522298,1.5236218418393817,0.6158616187989556,0.35117493472584854,0.3899765074393109,1.0,0.0003,1.0,12171.621763467789
depth4_bal_MAAMAAMM,4,MAAMAAMM,43500,522000,1.0241561184326808,1.597642421722412,1.5531551429203578,0.591710182767624,0.3302872062663185,0.33997091397248014,1.0,0.0003,1.0,12179.193906068802
depth4_bal_MAAMAAMM,4,MAAMAAMM,43525,522300,1.0950773457686107,1.5283674399058025,1.492435417856489,0.549934725848564,0.35117493472584854,0.37890144311444235,1.0,0.0003,1.0,12187.354083538055
depth4_bal_MAAMAAMM,4,MAAMAAMM,43550,522600,1.1253698368867238,1.7956253290176392,1.717684050968715,0.5280678851174935,0.283289817232376,0.31323414252153486,1.0,0.0003,1.0,12191.174864053726
depth4_bal_MAAMAAMM,4,MAAMAAMM,43575,522900,1.3659200469652812,1.8387210766474407,1.8768800156457084,0.5215404699738904,0.3028720626631854,0.31457657456091287,1.0,0.0003,1.0,12197.801666975021
depth4_bal_MAAMAAMM,4,MAAMAAMM,43600,523200,1.310347745815913,1.9232210318247478,1.8985478571483068,0.4915143603133159,0.2845953002610966,0.301711600850207,1.0,0.0003,1.0,12205.432887554169
depth4_bal_MAAMAAMM,4,MAAMAAMM,43625,523500,1.7159194946289062,2.076171398162842,2.118607367788042,0.4252610966057441,0.2402088772845953,0.23302382816869896,1.0,0.0003,1.0,12213.286187171936
depth4_bal_MAAMAAMM,4,MAAMAAMM,43650,523800,1.1481064558029175,1.6696031888326008,1.6720339400427682,0.5633159268929504,0.34203655352480417,0.35719879181116454,1.0,0.0003,1.0,12220.987838506699
depth4_bal_MAAMAAMM,4,MAAMAAMM,43675,524100,1.2760056853294373,1.9495248794555664,1.860991062436785,0.5022845953002611,0.26370757180156656,0.3004810381474438,1.0,0.0003,1.0,12228.792444705963
depth4_bal_MAAMAAMM,4,MAAMAAMM,43700,524400,1.328469494978587,1.9490209817886353,1.9401483024869646,0.4699738903394256,0.27676240208877284,0.28728045642689337,1.0,0.0003,1.0,12236.909780979156
depth4_bal_MAAMAAMM,4,MAAMAAMM,43725,524700,4.20815630753835,4.269288857777913,4.320095757075719,0.05287206266318538,0.024804177545691905,0.026177424767871126,1.0,0.0003,1.0,12245.069662094116
depth4_bal_MAAMAAMM,4,MAAMAAMM,43750,525000,2.1690972248713174,2.4952699343363443,2.489776291166033,0.2800261096605744,0.14360313315926893,0.14610135361897303,1.0,0.0003,1.0,12253.279846191406
depth4_bal_MAAMAAMM,4,MAAMAAMM,43775,525300,1.577716072400411,2.065272490183512,2.0643484694617134,0.41906005221932113,0.23237597911227154,0.22989148674348361,1.0,0.0003,1.0,12261.159789323807
depth4_bal_MAAMAAMM,4,MAAMAAMM,43800,525600,1.4935472508271534,1.9641209840774536,1.95931168283735,0.40992167101827676,0.2297650130548303,0.23738673229667748,1.0,0.0003,1.0,12268.777630329132
depth4_bal_MAAMAAMM,4,MAAMAAMM,43825,525900,1.212268352508545,1.7106782992680867,1.7196177584784371,0.5257832898172323,0.2898172323759791,0.3113323637990827,1.0,0.0003,1.0,12276.613355398178
depth4_bal_MAAMAAMM,4,MAAMAAMM,43850,526200,1.26193368434906,1.7217398484547932,1.7127069337027414,0.48825065274151436,0.2859007832898172,0.2953350486631614,1.0,0.0003,1.0,12283.31701040268
depth4_bal_MAAMAAMM,4,MAAMAAMM,43875,526500,1.1307356854279835,1.5494080384572346,1.5834201778684343,0.549934725848564,0.34595300261096606,0.3490323302382817,1.0,0.0003,1.0,12291.394760608673
depth4_bal_MAAMAAMM,4,MAAMAAMM,43900,526800,1.0830756028493245,1.5332990884780884,1.5367221730096,0.5587467362924282,0.36945169712793735,0.3657008613938919,1.0,0.0003,1.0,12299.481594324112
depth4_bal_MAAMAAMM,4,MAAMAAMM,43925,527100,1.188182920217514,1.7776119311650593,1.7772194010870797,0.5068537859007833,0.2597911227154047,0.30159973151359215,1.0,0.0003,1.0,12307.696576833725
depth4_bal_MAAMAAMM,4,MAAMAAMM,43950,527400,1.1568128267923992,1.8781991402308147,1.8924976553235735,0.5636422976501305,0.2741514360313316,0.2840362456650632,1.0,0.0003,1.0,12315.734912872314
depth4_bal_MAAMAAMM,4,MAAMAAMM,43975,527700,1.0534191330273945,1.5143121878306072,1.5029349293027605,0.5704960835509139,0.34595300261096606,0.37129432822463365,1.0,0.0003,1.0,12323.828067064285
depth4_bal_MAAMAAMM,4,MAAMAAMM,44000,528000,0.9630507926146189,1.4894709984461467,1.4422108445848738,0.6204308093994778,0.36161879895561355,0.39143080881530373,1.0,0.0003,1.0,12332.039968252182
depth4_bal_MAAMAAMM,4,MAAMAAMM,44025,528300,0.8772808214028677,1.4285844564437866,1.3943852833339145,0.6703655352480418,0.39947780678851175,0.4198456203154715,1.0,0.0003,1.0,12340.285754919052
depth4_bal_MAAMAAMM,4,MAAMAAMM,44050,528600,1.038238858183225,1.810404936472575,1.7560041121074133,0.5727806788511749,0.2859007832898172,0.3080881530372525,1.0,0.0003,1.0,12348.356861829758
depth4_bal_MAAMAAMM,4,MAAMAAMM,44075,528900,1.186947762966156,1.691495696703593,1.7430479219981603,0.5042428198433421,0.3381201044386423,0.3444456874370735,1.0,0.0003,1.0,12356.226571083069
depth4_bal_MAAMAAMM,4,MAAMAAMM,44100,529200,0.9537571221590042,1.382105827331543,1.3582883187702723,0.6090078328981723,0.4164490861618799,0.4422194876384383,1.0,0.0003,1.0,12363.462587833405
depth4_bal_MAAMAAMM,4,MAAMAAMM,44125,529500,1.0122534781694412,1.4480495850245159,1.4301259722028459,0.5907310704960835,0.36945169712793735,0.39109520080545923,1.0,0.0003,1.0,12371.626342535019
depth4_bal_MAAMAAMM,4,MAAMAAMM,44150,529800,0.8508351047833761,1.3539758523305256,1.3287157876150948,0.6925587467362925,0.4516971279373368,0.451169034567625,1.0,0.0003,1.0,12379.167313337326
depth4_bal_MAAMAAMM,4,MAAMAAMM,44175,530100,3.9988797704378762,4.190401554107666,4.20947265625,0.05580939947780679,0.030026109660574413,0.02919789685647164,1.0,0.0003,1.0,12384.532754421234
depth4_bal_MAAMAAMM,4,MAAMAAMM,44200,530400,2.838264584541321,3.2221854527791343,3.1573844841548375,0.15828981723237598,0.06919060052219321,0.07629488757131671,1.0,0.0003,1.0,12390.04863166809
depth4_bal_MAAMAAMM,4,MAAMAAMM,44225,530700,2.3057905236879983,2.6961894035339355,2.648127153941563,0.23988250652741513,0.12010443864229765,0.13726367602640116,1.0,0.0003,1.0,12398.199454069138
depth4_bal_MAAMAAMM,4,MAAMAAMM,44250,531000,2.0042604506015778,2.5000383059183755,2.43686774798802,0.2943864229765013,0.1514360313315927,0.16165119140843495,1.0,0.0003,1.0,12406.283158302307
depth4_bal_MAAMAAMM,4,MAAMAAMM,44275,531300,1.878356436888377,2.2800182501475015,2.2578422001429965,0.33550913838120106,0.20496083550913838,0.18536749077077974,1.0,0.0003,1.0,12410.68746805191
depth4_bal_MAAMAAMM,4,MAAMAAMM,44300,531600,2.0285584231217704,2.503511826197306,2.4651076453072682,0.28426892950391647,0.13185378590078328,0.14319275086698735,1.0,0.0003,1.0,12413.867910146713
depth4_bal_MAAMAAMM,4,MAAMAAMM,44325,531900,1.7435256441434224,2.081613461176554,2.099267452103751,0.3394255874673629,0.20496083550913838,0.22116567848752658,1.0,0.0003,1.0,12419.461918115616
depth4_bal_MAAMAAMM,4,MAAMAAMM,44350,532200,1.5599344372749329,2.1287962595621743,2.046874737739563,0.4112271540469974,0.20887728459530025,0.2172502517060074,1.0,0.0003,1.0,12427.128921508789
depth4_bal_MAAMAAMM,4,MAAMAAMM,44375,532500,1.7123599151770275,1.9870988527933757,1.9842620951788765,0.34399477806788514,0.2297650130548303,0.21870455308200024,1.0,0.0003,1.0,12435.256386756897
depth4_bal_MAAMAAMM,4,MAAMAAMM,44400,532800,1.4588270684083302,1.9335180123647053,1.903776822771345,0.43276762402088775,0.24151436031331594,0.24600067121601968,1.0,0.0003,1.0,12443.486197710037
depth4_bal_MAAMAAMM,4,MAAMAAMM,44425,533100,1.3968723217646282,1.8812283277511597,1.8795809541429793,0.45430809399477806,0.23890339425587467,0.24756684192862735,1.0,0.0003,1.0,12451.523263692856
depth4_bal_MAAMAAMM,4,MAAMAAMM,44450,533400,1.3111006021499634,1.7429027954737346,1.7529592786516461,0.4810704960835509,0.29112271540469975,0.2913077525450274,1.0,0.0003,1.0,12459.481261491776
depth4_bal_MAAMAAMM,4,MAAMAAMM,44475,533700,1.2637555400530498,1.7067675590515137,1.7184062208448136,0.5101174934725848,0.31592689295039167,0.3054032889584965,1.0,0.0003,1.0,12467.480843544006
depth4_bal_MAAMAAMM,4,MAAMAAMM,44500,534000,1.560454358657201,1.9015116691589355,1.9292089189801898,0.4441906005221932,0.26631853785900783,0.24924488197784986,1.0,0.0003,1.0,12475.745165586472
depth4_bal_MAAMAAMM,4,MAAMAAMM,44525,534300,1.402119388182958,2.295254707336426,2.2315841334206716,0.43733681462140994,0.17101827676240208,0.18368945072155723,1.0,0.0003,1.0,12483.684076786041
depth4_bal_MAAMAAMM,4,MAAMAAMM,44550,534600,1.4496333003044128,2.028487046559652,2.0112821136202133,0.4510443864229765,0.24673629242819844,0.22866092404072044,1.0,0.0003,1.0,12486.670939207077
depth4_bal_MAAMAAMM,4,MAAMAAMM,44575,534900,1.2988572319348652,1.6859283844629924,1.6884852818080358,0.495757180156658,0.2950391644908616,0.301040384830518,1.0,0.0003,1.0,12489.663892030716
depth4_bal_MAAMAAMM,4,MAAMAAMM,44600,535200,1.0727681865294774,1.6138111750284831,1.5861252784729003,0.5590731070496083,0.34464751958224543,0.33907595927956147,1.0,0.0003,1.0,12492.780616044998
depth4_bal_MAAMAAMM,4,MAAMAAMM,44625,535500,1.278445969025294,1.703259825706482,1.6785569531576974,0.485313315926893,0.30156657963446476,0.3038371182458888,1.0,0.0003,1.0,12497.006462574005
depth4_bal_MAAMAAMM,4,MAAMAAMM,44650,535800,1.0391527712345123,1.5474153757095337,1.549057640348162,0.5731070496083551,0.34073107049608353,0.35294775701980086,1.0,0.0003,1.0,12500.015608787537
depth4_bal_MAAMAAMM,4,MAAMAAMM,44675,536100,1.1444769203662872,1.612386425336202,1.6107504776545933,0.5391644908616188,0.3224543080939948,0.3395234366260208,1.0,0.0003,1.0,12504.996710777283
depth4_bal_MAAMAAMM,4,MAAMAAMM,44700,536400,1.2951215902964275,1.752546985944112,1.6734287159783499,0.47127937336814624,0.3263707571801567,0.3255397695491666,1.0,0.0003,1.0,12512.783502817154
depth4_bal_MAAMAAMM,4,MAAMAAMM,44725,536700,1.144110510746638,1.6497931480407715,1.6432153497423445,0.516644908616188,0.30809399477806787,0.3202819107282694,1.0,0.0003,1.0,12520.61486363411
depth4_bal_MAAMAAMM,4,MAAMAAMM,44750,537000,1.0982531507809956,1.4983782768249512,1.5054551226752144,0.5365535248041775,0.36161879895561355,0.37364358429354516,1.0,0.0003,1.0,12528.588215112686
depth4_bal_MAAMAAMM,4,MAAMAAMM,44775,537300,1.0182026078303654,1.5680915117263794,1.5734689474105834,0.606396866840731,0.35509138381201044,0.36223291195883206,1.0,0.0003,1.0,12534.900234222412
depth4_bal_MAAMAAMM,4,MAAMAAMM,44800,537600,1.0143824716409047,1.5372238953908284,1.4622818844658987,0.5871409921671018,0.3642297650130548,0.3952343662602081,1.0,0.0003,1.0,12542.607694864273
depth4_bal_MAAMAAMM,4,MAAMAAMM,44825,537900,1.0874692400296528,1.676831881205241,1.6578258173806326,0.560378590078329,0.30156657963446476,0.312451057165231,1.0,0.0003,1.0,12550.585396289825
depth4_bal_MAAMAAMM,4,MAAMAAMM,44850,538200,0.9135294506947199,1.3592718442281086,1.3773004463740757,0.637402088772846,0.4164490861618799,0.4251034791363687,1.0,0.0003,1.0,12558.415970087051
depth4_bal_MAAMAAMM,4,MAAMAAMM,44875,538500,0.895355890194575,1.3432823419570923,1.3492027827671595,0.6360966057441253,0.42950391644908614,0.42599843382928737,1.0,0.0003,1.0,12566.5759704113
depth4_bal_MAAMAAMM,4,MAAMAAMM,44900,538800,0.869123175740242,1.3290668328603108,1.325056198665074,0.6471932114882507,0.4425587467362924,0.4428907036581273,1.0,0.0003,1.0,12573.511813163757
depth4_bal_MAAMAAMM,4,MAAMAAMM,44925,539100,0.885894775390625,1.4547489086786907,1.4343140636171614,0.6354438642297651,0.391644908616188,0.3999328783980311,1.0,0.0003,1.0,12581.614661693573
depth4_bal_MAAMAAMM,4,MAAMAAMM,44950,539400,0.940533642967542,1.4115835030873616,1.3656060320990426,0.6279373368146214,0.39556135770234985,0.42499160979975387,1.0,0.0003,1.0,12589.845509767532
depth4_bal_MAAMAAMM,4,MAAMAAMM,44975,539700,1.3136344651381175,1.6369709968566895,1.6306980746132986,0.4742167101827676,0.33159268929503916,0.3444456874370735,1.0,0.0003,1.0,12597.929084539413
depth4_bal_MAAMAAMM,4,MAAMAAMM,45000,540000,1.1470763285954793,1.6108468770980835,1.5995024953569685,0.5251305483028721,0.33550913838120106,0.3432151247343103,1.0,0.0003,1.0,12605.84766292572
depth4_bal_MAAMAAMM,4,MAAMAAMM,45025,540300,0.9305654813845953,1.4333757956822712,1.4325842210224697,0.6292428198433421,0.381201044386423,0.40138717977402394,1.0,0.0003,1.0,12612.875524520874
depth4_bal_MAAMAAMM,4,MAAMAAMM,45050,540600,2.257428844769796,2.3287765185038247,2.424451862062727,0.3808746736292428,0.2519582245430809,0.23358317485177313,1.0,0.0003,1.0,12620.695226669312
depth4_bal_MAAMAAMM,4,MAAMAAMM,45075,540900,0.8348552385965983,1.3330360651016235,1.3222803694861276,0.674934725848564,0.4464751958224543,0.43338181004586646,1.0,0.0003,1.0,12628.760286092758
depth4_bal_MAAMAAMM,4,MAAMAAMM,45100,541200,0.8016741325457891,1.3587675889333088,1.3220082112721034,0.6857049608355091,0.4386422976501306,0.4543013759928404,1.0,0.0003,1.0,12636.855965137482
depth4_bal_MAAMAAMM,4,MAAMAAMM,45125,541500,1.0379106501738231,1.4523361126581829,1.4324125937053136,0.5682114882506527,0.36945169712793735,0.40742812395122496,1.0,0.0003,1.0,12644.947279930115
depth4_bal_MAAMAAMM,4,MAAMAAMM,45150,541800,0.766747901837031,1.3031888405481975,1.246608339037214,0.7196475195822454,0.46736292428198434,0.492225081105269,1.0,0.0003,1.0,12653.10473537445
depth4_bal_MAAMAAMM,4,MAAMAAMM,45175,542100,1.3150478601455688,1.5986953179041545,1.5999656098229544,0.4787859007832898,0.3381201044386423,0.3538427117127195,1.0,0.0003,1.0,12661.201320409775
depth4_bal_MAAMAAMM,4,MAAMAAMM,45200,542400,0.8357308954000473,1.3660976092020671,1.3439082588468279,0.6602480417754569,0.4451697127937337,0.4447924823805795,1.0,0.0003,1.0,12669.351599693298
depth4_bal_MAAMAAMM,4,MAAMAAMM,45225,542700,0.7988395442565283,1.3330812454223633,1.299411746433803,0.7131201044386423,0.4425587467362924,0.4549725920125294,1.0,0.0003,1.0,12676.978431224823
depth4_bal_MAAMAAMM,4,MAAMAAMM,45250,543000,1.4976840913295746,2.3889284133911133,2.2792723723820276,0.45593994778067887,0.28720626631853785,0.2758697840921803,1.0,0.0003,1.0,12685.221503019333
depth4_bal_MAAMAAMM,4,MAAMAAMM,45275,543300,1.2320810854434967,1.5400948921839397,1.546807496888297,0.5248041775456919,0.35509138381201044,0.3497035462579707,1.0,0.0003,1.0,12692.975878953934
depth4_bal_MAAMAAMM,4,MAAMAAMM,45300,543600,1.0862273176511128,1.8328402042388916,1.8704724958964756,0.5714751958224543,0.33550913838120106,0.33113323637990827,1.0,0.0003,1.0,12700.797385692596
depth4_bal_MAAMAAMM,4,MAAMAAMM,45325,543900,0.8800093829631805,1.4193341334660847,1.3410886866705758,0.658289817232376,0.402088772845953,0.45161651191408436,1.0,0.0003,1.0,12708.448751688004
depth4_bal_MAAMAAMM,4,MAAMAAMM,45350,544200,0.9779655088980993,1.6149400472640991,1.5955461876732961,0.6011749347258486,0.34464751958224543,0.3576462691576239,1.0,0.0003,1.0,12716.51488685608
depth4_bal_MAAMAAMM,4,MAAMAAMM,45375,544500,0.9419741233189901,1.442169149716695,1.415725885118757,0.6511096605744126,0.4046997389033943,0.4122385054256628,1.0,0.0003,1.0,12724.435777902603
depth4_bal_MAAMAAMM,4,MAAMAAMM,45400,544800,0.870886042714119,1.4972666501998901,1.4627496549061367,0.6442558746736292,0.38903394255874674,0.39982100906141627,1.0,0.0003,1.0,12732.71788764
depth4_bal_MAAMAAMM,4,MAAMAAMM,45425,545100,0.8766380151112875,1.3485397895177205,1.3600131886345999,0.6641644908616188,0.4360313315926893,0.42487974046313903,1.0,0.0003,1.0,12741.028006315231
depth4_bal_MAAMAAMM,4,MAAMAAMM,45450,545400,0.9786613235870997,1.92129381497701,1.9521507740020752,0.5972584856396866,0.3093994778067885,0.2982436514151471,1.0,0.0003,1.0,12748.783757448196
depth4_bal_MAAMAAMM,4,MAAMAAMM,45475,545700,0.8557170530160269,1.4303065935770671,1.4102547134671892,0.6801566579634465,0.40339425587467365,0.4210761830182347,1.0,0.0003,1.0,12757.024016141891
depth4_bal_MAAMAAMM,4,MAAMAAMM,45500,546000,0.9554913192987442,1.4447986682256062,1.4116784504481725,0.6073759791122716,0.39033942558746737,0.40272961181340194,1.0,0.0003,1.0,12764.87534570694
depth4_bal_MAAMAAMM,4,MAAMAAMM,45525,546300,0.9002197335163752,1.411088228225708,1.3736864396503994,0.6272845953002611,0.391644908616188,0.418167580266249,1.0,0.0003,1.0,12772.816882610321
depth4_bal_MAAMAAMM,4,MAAMAAMM,45550,546600,0.8633015602827072,1.3350645303726196,1.3634430953434535,0.6475195822454308,0.41906005221932113,0.4240966551068352,1.0,0.0003,1.0,12779.102525949478
depth4_bal_MAAMAAMM,4,MAAMAAMM,45575,546900,0.7507201830546061,1.2543524106343586,1.2567270074571881,0.714425587467363,0.47127937336814624,0.48204497147331915,1.0,0.0003,1.0,12782.172964334488
depth4_bal_MAAMAAMM,4,MAAMAAMM,45600,547200,0.9327885309855143,1.5752745469411213,1.5291523388453891,0.6132506527415144,0.36553524804177545,0.3882984673900884,1.0,0.0003,1.0,12787.544643640518
depth4_bal_MAAMAAMM,4,MAAMAAMM,45625,547500,1.7581914166609447,2.046620726585388,2.0433020625795635,0.3962140992167102,0.2258485639686684,0.22564045195211993,1.0,0.0003,1.0,12794.473672389984
depth4_bal_MAAMAAMM,4,MAAMAAMM,45650,547800,1.1994038820266724,1.7165538867314656,1.6898833683558874,0.5254569190600522,0.2950391644908616,0.3116679718089272,1.0,0.0003,1.0,12799.40000128746
depth4_bal_MAAMAAMM,4,MAAMAAMM,45675,548100,1.2650210559368134,1.7256484031677246,1.7028267860412598,0.5104438642297651,0.28720626631853785,0.308423761047097,1.0,0.0003,1.0,12807.417363405228
depth4_bal_MAAMAAMM,4,MAAMAAMM,45700,548400,1.1874466637770336,1.6999907493591309,1.6818304606846401,0.5639686684073107,0.30678851174934724,0.32967893500391543,1.0,0.0003,1.0,12815.616284370422
depth4_bal_MAAMAAMM,4,MAAMAAMM,45725,548700,6.440593679745992,4.524859428405762,4.559580612182617,0.09595300261096605,0.06657963446475196,0.055487190960957604,1.0,0.0003,1.0,12823.756149053574
depth4_bal_MAAMAAMM,4,MAAMAAMM,45750,549000,1.1348745624224346,1.5990596214930217,1.5722213370459421,0.5580939947780679,0.3577023498694517,0.36424656001789907,1.0,0.0003,1.0,12831.581909418106
depth4_bal_MAAMAAMM,4,MAAMAAMM,45775,549300,0.9089041749636332,1.4799067974090576,1.4719040530068535,0.6494778067885117,0.3838120104438642,0.4063094305850766,1.0,0.0003,1.0,12839.04807639122
depth4_bal_MAAMAAMM,4,MAAMAAMM,45800,549600,0.8962871779998144,1.376189907391866,1.3856717722756522,0.6491514360313316,0.42428198433420367,0.420852444345005,1.0,0.0003,1.0,12847.266860723495
depth4_bal_MAAMAAMM,4,MAAMAAMM,45825,549900,1.3493210971355438,1.724958101908366,1.7292135408946445,0.554177545691906,0.2924281984334204,0.3169258306298244,1.0,0.0003,1.0,12855.405359268188
depth4_bal_MAAMAAMM,4,MAAMAAMM,45850,550200,1.3272085984547932,1.6773275136947632,1.66589150088174,0.48857702349869453,0.31592689295039167,0.30652198232464484,1.0,0.0003,1.0,12863.379064798355
depth4_bal_MAAMAAMM,4,MAAMAAMM,45875,550500,0.9251813242832819,1.4082479079564412,1.403057496888297,0.6256527415143603,0.3968668407310705,0.419510012305627,1.0,0.0003,1.0,12871.10724568367
depth4_bal_MAAMAAMM,4,MAAMAAMM,45900,550800,1.241976906855901,1.8168094555536907,1.8054735490253992,0.49510443864229764,0.3185378590078329,0.3123391878286162,1.0,0.0003,1.0,12879.019088029861
depth4_bal_MAAMAAMM,4,MAAMAAMM,45925,551100,0.8527586509784063,1.3962067365646362,1.3771010058266775,0.64588772845953,0.42689295039164493,0.423537308423761,1.0,0.0003,1.0,12886.773267507553
depth4_bal_MAAMAAMM,4,MAAMAAMM,45950,551400,0.7489335139592489,1.3537013133366902,1.306957585471017,0.7189947780678851,0.43994778067885115,0.46381026960510124,1.0,0.0003,1.0,12894.89000749588
depth4_bal_MAAMAAMM,4,MAAMAAMM,45975,551700,1.3478698829809825,1.6500706275304158,1.6676751783915928,0.4970626631853786,0.2963446475195822,0.3167020919565947,1.0,0.0003,1.0,12903.120879173279
depth4_bal_MAAMAAMM,4,MAAMAAMM,46000,552000,1.0083964715401332,1.5630532503128052,1.5471794298716954,0.6181462140992167,0.360313315926893,0.37375545363016,1.0,0.0003,1.0,12910.293555259705
depth4_bal_MAAMAAMM,4,MAAMAAMM,46025,552300,0.9028870513041815,1.4468881686528523,1.4315325668879917,0.6338120104438643,0.40992167101827676,0.418838796285938,1.0,0.0003,1.0,12917.755219459534
depth4_bal_MAAMAAMM,4,MAAMAAMM,46050,552600,1.2314092417558034,2.011109193166097,1.8929360798427037,0.5473237597911227,0.28720626631853785,0.32173621210426223,1.0,0.0003,1.0,12925.5761885643
depth4_bal_MAAMAAMM,4,MAAMAAMM,46075,552900,0.850897933046023,1.4908832708994548,1.4605812856129237,0.6566579634464752,0.381201044386423,0.3919901554983779,1.0,0.0003,1.0,12933.71770620346
depth4_bal_MAAMAAMM,4,MAAMAAMM,46100,553200,0.751799280444781,1.2818549076716106,1.2774507011686052,0.7170365535248042,0.489556135770235,0.482828056829623,1.0,0.0003,1.0,12941.692909240723
depth4_bal_MAAMAAMM,4,MAAMAAMM,46125,553500,0.9991239458322525,1.6062613725662231,1.5778484651020594,0.5753916449086162,0.36161879895561355,0.37431480031323416,1.0,0.0003,1.0,12949.720019817352
depth4_bal_MAAMAAMM,4,MAAMAAMM,46150,553800,0.7507649759451548,1.371498982111613,1.3297252382550921,0.712467362924282,0.4360313315926893,0.4474773464593355,1.0,0.0003,1.0,12957.845284938812
depth4_bal_MAAMAAMM,4,MAAMAAMM,46175,554100,1.0589263290166855,2.0432642300923667,1.964325291769845,0.5783289817232375,0.3381201044386423,0.33571987918111645,1.0,0.0003,1.0,12966.015602350235
depth4_bal_MAAMAAMM,4,MAAMAAMM,46200,554400,0.8231646319230398,1.45153013865153,1.4880463770457677,0.6693864229765013,0.402088772845953,0.3943394115672894,1.0,0.0003,1.0,12974.100897550583
depth4_bal_MAAMAAMM,4,MAAMAAMM,46225,554700,1.3922610680262248,1.83126966158549,1.8487325293677195,0.48400783289817234,0.3002610966057441,0.2980199127419174,1.0,0.0003,1.0,12982.232696294785
depth4_bal_MAAMAAMM,4,MAAMAAMM,46250,555000,1.2049231628576915,1.5708815256754558,1.5695534331457957,0.5326370757180157,0.3668407310704961,0.34925606891151134,1.0,0.0003,1.0,12990.141396284103
depth4_bal_MAAMAAMM,4,MAAMAAMM,46275,555300,1.2462935348351796,1.648098627726237,1.6578789029802594,0.49281984334203655,0.3093994778067885,0.31714956930305405,1.0,0.0003,1.0,12998.15291595459
depth4_bal_MAAMAAMM,4,MAAMAAMM,46300,555600,0.9077685077985128,1.4814376036326091,1.4128603867122105,0.6455613577023499,0.38511749347258484,0.41302159078196665,1.0,0.0003,1.0,13005.769713878632
depth4_bal_MAAMAAMM,4,MAAMAAMM,46325,555900,3.924859200914701,4.580575942993164,4.491885995864868,0.28133159268929503,0.1422976501305483,0.13290077189842264,1.0,0.0003,1.0,13012.824361085892
depth4_bal_MAAMAAMM,4,MAAMAAMM,46350,556200,0.9064157009124756,1.4021876255671184,1.4085030964442662,0.6654699738903395,0.4086161879895561,0.4097773800201365,1.0,0.0003,1.0,13020.707777023315
depth4_bal_MAAMAAMM,4,MAAMAAMM,46375,556500,1.6579204698403676,1.9807478586832683,1.9636394092014857,0.4464751958224543,0.2545691906005222,0.2622217250251706,1.0,0.0003,1.0,13028.586262226105
depth4_bal_MAAMAAMM,4,MAAMAAMM,46400,556800,0.9477241287628809,1.4242035150527954,1.402764596257891,0.6298955613577023,0.40992167101827676,0.41637767088041167,1.0,0.0003,1.0,13035.989902496338
depth4_bal_MAAMAAMM,4,MAAMAAMM,46425,557100,1.0882585595051448,1.5984019041061401,1.561685494014195,0.5545039164490861,0.34595300261096606,0.3517171943170377,1.0,0.0003,1.0,13043.183475494385
depth4_bal_MAAMAAMM,4,MAAMAAMM,46450,557400,0.8591966877381007,1.3775477011998494,1.3282630511692592,0.6599216710182768,0.4007832898172324,0.43405302606555546,1.0,0.0003,1.0,13051.333882570267
depth4_bal_MAAMAAMM,4,MAAMAAMM,46475,557700,0.9718317836523056,1.6023200750350952,1.5245862415858678,0.6266318537859008,0.3524804177545692,0.3876272513703994,1.0,0.0003,1.0,13059.301780700684
depth4_bal_MAAMAAMM,4,MAAMAAMM,46500,558000,2.526461919148763,2.581292231877645,2.559052576337542,0.25130548302872063,0.18929503916449086,0.17194317037699966,1.0,0.0003,1.0,13066.982791423798
depth4_bal_MAAMAAMM,4,MAAMAAMM,46525,558300,1.13263933857282,1.6444180011749268,1.5825436626161848,0.5571148825065274,0.3093994778067885,0.37129432822463365,1.0,0.0003,1.0,13074.965592861176
depth4_bal_MAAMAAMM,4,MAAMAAMM,46550,558600,1.5715256730715434,2.035393476486206,1.9766921418053762,0.4640992167101828,0.2245430809399478,0.25439087146213224,1.0,0.0003,1.0,13083.068935394287
depth4_bal_MAAMAAMM,4,MAAMAAMM,46575,558900,1.5997033615907033,2.099539279937744,2.075965370450701,0.3922976501305483,0.2245430809399478,0.245105716523101,1.0,0.0003,1.0,13090.660106897354
depth4_bal_MAAMAAMM,4,MAAMAAMM,46600,559200,1.0336422125498455,1.5793074766794841,1.5398016691207885,0.5988903394255874,0.35900783289817234,0.39545810493343775,1.0,0.0003,1.0,13098.762895822525
depth4_bal_MAAMAAMM,4,MAAMAAMM,46625,559500,1.0518231838941574,1.6481019655863445,1.5435651642935617,0.6220626631853786,0.37467362924281983,0.39545810493343775,1.0,0.0003,1.0,13106.874841213226
depth4_bal_MAAMAAMM,4,MAAMAAMM,46650,559800,0.9183146903912226,1.6433055798212688,1.5017549003873552,0.6321801566579635,0.38642297650130547,0.41760823358317484,1.0,0.0003,1.0,13115.022476673126
depth4_bal_MAAMAAMM,4,MAAMAAMM,46675,560100,0.8899796108404795,1.6170110702514648,1.4637851885386877,0.6560052219321149,0.38903394255874674,0.4230898310773017,1.0,0.0003,1.0,13122.09181690216
depth4_bal_MAAMAAMM,4,MAAMAAMM,46700,560400,1.4681089123090107,2.4522759914398193,2.4148422309330533,0.4608355091383812,0.2362924281984334,0.245105716523101,1.0,0.0003,1.0,13130.134192943573
depth4_bal_MAAMAAMM,4,MAAMAAMM,46725,560700,0.9090530425310135,1.5301868120829265,1.4317830801010132,0.6795039164490861,0.3720626631853786,0.4267815191855912,1.0,0.0003,1.0,13138.325217723846
depth4_bal_MAAMAAMM,4,MAAMAAMM,46750,561000,2.8919441302617392,2.89243745803833,2.909801987239293,0.2878590078328982,0.16579634464751958,0.17294999440653316,1.0,0.0003,1.0,13145.430269479752
depth4_bal_MAAMAAMM,4,MAAMAAMM,46775,561300,1.2110500633716583,2.0725958347320557,1.9404962062835693,0.5189295039164491,0.25326370757180156,0.28728045642689337,1.0,0.0003,1.0,13153.341882228851
depth4_bal_MAAMAAMM,4,MAAMAAMM,46800,561600,0.8851951211690903,1.6376267274220784,1.53383971623012,0.6576370757180157,0.38903394255874674,0.4049669985456986,1.0,0.0003,1.0,13161.383137226105
depth4_bal_MAAMAAMM,4,MAAMAAMM,46825,561900,0.830980584025383,1.8275014559427898,1.7205620970044817,0.6706919060052219,0.3368146214099217,0.35630383711824587,1.0,0.0003,1.0,13169.444799423218
depth4_bal_MAAMAAMM,4,MAAMAAMM,46850,562200,1.0869487921396892,1.7154356241226196,1.649124312400818,0.5590731070496083,0.34595300261096606,0.3691688108289518,1.0,0.0003,1.0,13177.575622320175
depth4_bal_MAAMAAMM,4,MAAMAAMM,46875,562500,1.470020001133283,2.655510505040487,2.6446407113756454,0.5039164490861618,0.23368146214099217,0.23033896408994295,1.0,0.0003,1.0,13185.131831884384
depth4_bal_MAAMAAMM,4,MAAMAAMM,46900,562800,0.8497416873772939,1.559451937675476,1.459991867201669,0.683420365535248,0.4112271540469974,0.4355073274415483,1.0,0.0003,1.0,13193.080240011215
depth4_bal_MAAMAAMM,4,MAAMAAMM,46925,563100,3.595439314842224,3.8749552567799888,3.819456045968192,0.08159268929503917,0.031331592689295036,0.042622217250251705,1.0,0.0003,1.0,13201.243119478226
depth4_bal_MAAMAAMM,4,MAAMAAMM,46950,563400,2.4200243949890137,2.781607707341512,2.7491461413247245,0.2193211488250653,0.12663185378590078,0.11746280344557557,1.0,0.0003,1.0,13209.022235393524
depth4_bal_MAAMAAMM,4,MAAMAAMM,46975,563700,1.9042358597119649,2.3730904261271157,2.3234573091779436,0.3240861618798956,0.15796344647519583,0.17283812506991833,1.0,0.0003,1.0,13216.971378326416
depth4_bal_MAAMAAMM,4,MAAMAAMM,47000,564000,1.5832487642765045,2.0117995738983154,2.003251610483442,0.41383812010443866,0.22715404699738903,0.2317932654659358,1.0,0.0003,1.0,13225.025172948837
depth4_bal_MAAMAAMM,4,MAAMAAMM,47025,564300,1.5428979098796844,1.9025449355443318,1.8972898483276368,0.4073107049608355,0.2545691906005222,0.25371965544244324,1.0,0.0003,1.0,13232.50934791565
depth4_bal_MAAMAAMM,4,MAAMAAMM,47050,564600,1.609568844238917,1.980851650238037,1.9919174603053502,0.4174281984334204,0.24412532637075718,0.2344781295446918,1.0,0.0003,1.0,13240.61792588234
depth4_bal_MAAMAAMM,4,MAAMAAMM,47075,564900,1.1958179970582326,1.6303739945093791,1.6385638747896467,0.5264360313315927,0.3276762402088773,0.32777715628146326,1.0,0.0003,1.0,13247.71242904663
depth4_bal_MAAMAAMM,4,MAAMAAMM,47100,565200,1.1199777523676555,1.507975737253825,1.5294252804347448,0.5434073107049608,0.35900783289817234,0.35484953574225303,1.0,0.0003,1.0,13255.930564641953
depth4_bal_MAAMAAMM,4,MAAMAAMM,47125,565500,0.9701544890801111,1.5301367044448853,1.4962228230067662,0.6086814621409922,0.35117493472584854,0.37621657903568634,1.0,0.0003,1.0,13264.001316070557
depth4_bal_MAAMAAMM,4,MAAMAAMM,47150,565800,1.0199086368083954,1.4567063252131145,1.456473193849836,0.5744125326370757,0.3825065274151436,0.3952343662602081,1.0,0.0003,1.0,13269.215154886246
depth4_bal_MAAMAAMM,4,MAAMAAMM,47175,566100,1.3429534137248993,1.6271322965621948,1.622305771282741,0.45463446475195823,0.3133159268929504,0.32285490547041057,1.0,0.0003,1.0,13276.609886169434
depth4_bal_MAAMAAMM,4,MAAMAAMM,47200,566400,2.54996790488561,2.6750444571177163,2.679806743349348,0.28263707571801566,0.17232375979112272,0.18872357086922475,1.0,0.0003,1.0,13284.557978391647
depth4_bal_MAAMAAMM,4,MAAMAAMM,47225,566700,1.0111830532550812,1.4459178447723389,1.4288654225213187,0.5900783289817232,0.37989556135770236,0.3970242756460454,1.0,0.0003,1.0,13287.670619726181
depth4_bal_MAAMAAMM,4,MAAMAAMM,47250,567000,0.9423764844735464,1.3401267925898235,1.325090193748474,0.6184725848563969,0.43342036553524804,0.44356191967781633,1.0,0.0003,1.0,13295.059774637222
depth4_bal_MAAMAAMM,4,MAAMAAMM,47275,567300,0.8908682614564896,1.403007944424947,1.3706154005868094,0.6289164490861618,0.4164490861618799,0.4247678711265242,1.0,0.0003,1.0,13303.079499721527
depth4_bal_MAAMAAMM,4,MAAMAAMM,47300,567600,0.8510722517967224,1.33358101050059,1.306249850136893,0.6540469973890339,0.4451697127937337,0.45519633068575904,1.0,0.0003,1.0,13310.00778222084
depth4_bal_MAAMAAMM,4,MAAMAAMM,47325,567900,0.8640952507654825,1.3153560161590576,1.3208536897386824,0.6971279373368147,0.43733681462140994,0.4421076183018235,1.0,0.0003,1.0,13317.210418462753
depth4_bal_MAAMAAMM,4,MAAMAAMM,47350,568200,0.8658495545387268,1.4855944315592449,1.4602184091295516,0.654373368146214,0.370757180156658,0.3919901554983779,1.0,0.0003,1.0,13325.392203330994
depth4_bal_MAAMAAMM,4,MAAMAAMM,47375,568500,0.9843903283278147,1.627076784769694,1.5968594585146223,0.6018276762402088,0.3381201044386423,0.3398590446358653,1.0,0.0003,1.0,13332.926162481308
depth4_bal_MAAMAAMM,4,MAAMAAMM,47400,568800,0.9789347499608994,1.4539974530537922,1.4098520312990461,0.6139033942558747,0.37989556135770236,0.41704888690010067,1.0,0.0003,1.0,13341.053107976913
depth4_bal_MAAMAAMM,4,MAAMAAMM,47425,569100,1.0444941868384678,1.4551573594411213,1.4946766104016984,0.5672323759791122,0.40600522193211486,0.3884103367267032,1.0,0.0003,1.0,13349.090206384659
depth4_bal_MAAMAAMM,4,MAAMAAMM,47450,569400,1.0497802545626957,1.7027562061945598,1.7068192277635847,0.5662532637075718,0.34203655352480417,0.34030652198232464,1.0,0.0003,1.0,13357.193583726883
depth4_bal_MAAMAAMM,4,MAAMAAMM,47475,569700,1.9015522400538127,2.1798664728800454,2.1741935321262904,0.3606396866840731,0.21409921671018275,0.21053809150911734,1.0,0.0003,1.0,13365.431639671326
depth4_bal_MAAMAAMM,4,MAAMAAMM,47500,570000,1.5937351485093434,1.8587590456008911,1.8803580045700072,0.4389686684073107,0.2950391644908616,0.2730730506768095,1.0,0.0003,1.0,13373.65125989914
depth4_bal_MAAMAAMM,4,MAAMAAMM,47525,570300,1.948844571908315,3.308847188949585,3.3057409831455775,0.36161879895561355,0.1370757180156658,0.12932095312674796,1.0,0.0003,1.0,13381.882179021835
depth4_bal_MAAMAAMM,4,MAAMAAMM,47550,570600,1.2325665255387623,1.6947866280873616,1.6228640862873622,0.4931462140992167,0.2898172323759791,0.3183801320058172,1.0,0.0003,1.0,13389.523078918457
depth4_bal_MAAMAAMM,4,MAAMAAMM,47575,570900,2.3864069978396096,2.5536821683247886,2.512048476082938,0.24804177545691905,0.16449086161879894,0.16254614610135362,1.0,0.0003,1.0,13397.625939130783
depth4_bal_MAAMAAMM,4,MAAMAAMM,47600,571200,1.2270999550819397,1.689994176228841,1.664916021483285,0.5567885117493473,0.34464751958224543,0.35462579706902336,1.0,0.0003,1.0,13405.362488269806
depth4_bal_MAAMAAMM,4,MAAMAAMM,47625,571500,1.079487383365631,1.6169370412826538,1.6139334508350918,0.5822454308093995,0.381201044386423,0.371070589551404,1.0,0.0003,1.0,13410.361471891403
depth4_bal_MAAMAAMM,4,MAAMAAMM,47650,571800,1.2937126557032268,1.7704439957936604,1.7239731413977486,0.5564621409921671,0.31592689295039167,0.3319163217362121,1.0,0.0003,1.0,13414.301419973373
depth4_bal_MAAMAAMM,4,MAAMAAMM,47675,572100,1.0348629156748455,1.6390674114227295,1.5818594421659198,0.6047650130548303,0.34986945169712796,0.3773352724018347,1.0,0.0003,1.0,13422.606305599213
depth4_bal_MAAMAAMM,4,MAAMAAMM,47700,572400,1.2693305611610413,1.6793710390726726,1.6169437851224626,0.4908616187989556,0.34203655352480417,0.35887683186038705,1.0,0.0003,1.0,13430.550555706024
depth4_bal_MAAMAAMM,4,MAAMAAMM,47725,572700,1.1248534619808197,1.6166365146636963,1.5850811413356236,0.5342689295039165,0.34595300261096606,0.36480590670097324,1.0,0.0003,1.0,13438.611616134644
depth4_bal_MAAMAAMM,4,MAAMAAMM,47750,573000,0.9599636395772299,1.746218999226888,1.6493588924407958,0.6112924281984334,0.3642297650130548,0.37923705112428685,1.0,0.0003,1.0,13446.806520223618
depth4_bal_MAAMAAMM,4,MAAMAAMM,47775,573300,0.8591591318448385,1.4868500630060832,1.4270078045981271,0.6700391644908616,0.4464751958224543,0.44725360778610584,1.0,0.0003,1.0,13454.8689494133
depth4_bal_MAAMAAMM,4,MAAMAAMM,47800,573600,0.8498572061459223,1.5628010431925456,1.4485181059156145,0.6586161879895561,0.41383812010443866,0.445128090390424,1.0,0.0003,1.0,13461.855612516403
depth4_bal_MAAMAAMM,4,MAAMAAMM,47825,573900,0.8701282093922297,1.459935188293457,1.3930675302233015,0.6569843342036553,0.4412532637075718,0.4543013759928404,1.0,0.0003,1.0,13469.917107582092
depth4_bal_MAAMAAMM,4,MAAMAAMM,47850,574200,0.925397644440333,1.737364371617635,1.701238604954311,0.6298955613577023,0.3433420365535248,0.35261214900995635,1.0,0.0003,1.0,13477.335207939148
depth4_bal_MAAMAAMM,4,MAAMAAMM,47875,574500,1.4339737097422283,1.774121880531311,1.719785393987383,0.4618146214099217,0.33159268929503916,0.3276652869448484,1.0,0.0003,1.0,13485.512083053589
depth4_bal_MAAMAAMM,4,MAAMAAMM,47900,574800,0.9780056029558182,1.581031084060669,1.4868434429168702,0.595626631853786,0.38903394255874674,0.4041839131893948,1.0,0.0003,1.0,13493.70338010788
depth4_bal_MAAMAAMM,4,MAAMAAMM,47925,575100,1.0915078421433766,1.647632360458374,1.5969596556254795,0.5492819843342036,0.38903394255874674,0.37957265913413135,1.0,0.0003,1.0,13501.858508825302
depth4_bal_MAAMAAMM,4,MAAMAAMM,47950,575400,0.9127474675575892,1.5820512374242146,1.5030061517442976,0.6338120104438643,0.40992167101827676,0.42487974046313903,1.0,0.0003,1.0,13509.489484786987
depth4_bal_MAAMAAMM,4,MAAMAAMM,47975,575700,1.9223634203275044,2.1962165037790933,2.228096410206386,0.38218015665796345,0.23368146214099217,0.22284371853674909,1.0,0.0003,1.0,13517.409252405167
depth4_bal_MAAMAAMM,4,MAAMAAMM,48000,576000,1.2702403664588928,1.7817293802897136,1.819681007521493,0.5234986945169713,0.3224543080939948,0.3121154491553865,1.0,0.0003,1.0,13525.562423944473
depth4_bal_MAAMAAMM,4,MAAMAAMM,48025,576300,1.1391473313172658,1.732330600420634,1.7080397844314574,0.568864229765013,0.34464751958224543,0.3520528023268822,1.0,0.0003,1.0,13532.044167280197
depth4_bal_MAAMAAMM,4,MAAMAAMM,48050,576600,1.310943196217219,1.6981521447499592,1.7133383342197963,0.5593994778067886,0.31592689295039167,0.33706231122049446,1.0,0.0003,1.0,13540.113760709763
depth4_bal_MAAMAAMM,4,MAAMAAMM,48075,576900,1.0838162402311962,1.5952982902526855,1.6014938626970563,0.6119451697127938,0.3825065274151436,0.37520975500615283,1.0,0.0003,1.0,13548.303304195404
depth4_bal_MAAMAAMM,4,MAAMAAMM,48100,577200,0.9463436305522919,1.6049031019210815,1.6449858120509557,0.6155352480417755,0.3563968668407311,0.3816981765298132,1.0,0.0003,1.0,13556.214058876038
depth4_bal_MAAMAAMM,4,MAAMAAMM,48125,577500,3.3323974708716073,6.774496396382649,6.620460060664586,0.4804177545691906,0.13185378590078328,0.1307752545027408,1.0,0.0003,1.0,13564.381175279617
depth4_bal_MAAMAAMM,4,MAAMAAMM,48150,577800,1.3677242696285248,1.809796889623006,1.8344060250691006,0.48433420365535246,0.2924281984334204,0.2966774807025394,1.0,0.0003,1.0,13570.899402141571
depth4_bal_MAAMAAMM,4,MAAMAAMM,48175,578100,1.0636144628127415,1.6962552865346272,1.7155635254723685,0.5636422976501305,0.33159268929503916,0.3662602080769661,1.0,0.0003,1.0,13576.663295030594
depth4_bal_MAAMAAMM,4,MAAMAAMM,48200,578400,1.0147304435571034,1.6967397133509319,1.7575285162244525,0.5695169712793734,0.3838120104438642,0.3693925495021815,1.0,0.0003,1.0,13584.760372161865
depth4_bal_MAAMAAMM,4,MAAMAAMM,48225,578700,1.0860345363616943,1.7607266505559285,1.7810545137950353,0.5633159268929504,0.34595300261096606,0.3375097885669538,1.0,0.0003,1.0,13592.702453613281
depth4_bal_MAAMAAMM,4,MAAMAAMM,48250,579000,0.9440614779790243,1.6757604281107585,1.6940065349851336,0.6161879895561357,0.3642297650130548,0.38818659805347355,1.0,0.0003,1.0,13600.476910829544
depth4_bal_MAAMAAMM,4,MAAMAAMM,48275,579300,2.42759241660436,2.6966230869293213,2.6710887159620014,0.21344647519582247,0.11357702349869452,0.12697169705783645,1.0,0.0003,1.0,13607.637138843536
depth4_bal_MAAMAAMM,4,MAAMAAMM,48300,579600,1.5148498117923737,1.922050952911377,1.873402043751308,0.485313315926893,0.29112271540469975,0.28023268822015884,1.0,0.0003,1.0,13613.356573581696
depth4_bal_MAAMAAMM,4,MAAMAAMM,48325,579900,1.0876564780871074,1.6283876101175945,1.5754060132162913,0.5815926892950392,0.36553524804177545,0.38315247790580603,1.0,0.0003,1.0,13616.478047132492
depth4_bal_MAAMAAMM,4,MAAMAAMM,48350,580200,0.9566916028658549,1.628357966740926,1.5770859786442348,0.6295691906005222,0.4007832898172324,0.3823693925495022,1.0,0.0003,1.0,13622.372647047043
depth4_bal_MAAMAAMM,4,MAAMAAMM,48375,580500,0.9724518656730652,1.653247634569804,1.5835651329585485,0.6073759791122716,0.3642297650130548,0.3894171607562367,1.0,0.0003,1.0,13630.427275180817
depth4_bal_MAAMAAMM,4,MAAMAAMM,48400,580800,1.4936664700508118,1.8751874764760335,1.8213699783597674,0.4389686684073107,0.3002610966057441,0.309094977066786,1.0,0.0003,1.0,13638.610063791275
depth4_bal_MAAMAAMM,4,MAAMAAMM,48425,581100,0.929450919230779,1.6481538613637288,1.6101330654961723,0.6174934725848564,0.381201044386423,0.37923705112428685,1.0,0.0003,1.0,13646.292064666748
depth4_bal_MAAMAAMM,4,MAAMAAMM,48450,581400,1.0501833707094193,1.692733883857727,1.593803071975708,0.5975848563968669,0.31723237597911225,0.36491777603758807,1.0,0.0003,1.0,13649.363303899765
depth4_bal_MAAMAAMM,4,MAAMAAMM,48475,581700,0.8782711376746496,1.5560853878657024,1.4727898529597692,0.6664490861618799,0.4007832898172324,0.4247678711265242,1.0,0.0003,1.0,13654.091793298721
depth4_bal_MAAMAAMM,4,MAAMAAMM,48500,582000,2.2542048494021096,2.476919968922933,2.4315461226872035,0.3035248041775457,0.17885117493472585,0.18212328000894953,1.0,0.0003,1.0,13662.04331445694
depth4_bal_MAAMAAMM,4,MAAMAAMM,48525,582300,1.094340021411578,1.6724230448404949,1.60225852898189,0.589425587467363,0.34464751958224543,0.35921243987023155,1.0,0.0003,1.0,13669.909982204437
depth4_bal_MAAMAAMM,4,MAAMAAMM,48550,582600,0.9451098789771398,1.5961933135986328,1.582052298954555,0.6360966057441253,0.37597911227154046,0.3636872133348249,1.0,0.0003,1.0,13677.52532362938
depth4_bal_MAAMAAMM,4,MAAMAAMM,48575,582900,0.8481338371833166,1.3553845882415771,1.3387187719345093,0.689621409921671,0.4216710182767624,0.44456874370734983,1.0,0.0003,1.0,13685.551487445831
depth4_bal_MAAMAAMM,4,MAAMAAMM,48600,583200,0.9153998295466105,1.5221753517786663,1.512638589314052,0.618798955613577,0.35900783289817234,0.3701756348584853,1.0,0.0003,1.0,13693.843491077423
depth4_bal_MAAMAAMM,4,MAAMAAMM,48625,583500,0.8322445203860601,1.3107807636260986,1.2743381568363734,0.6498041775456919,0.47127937336814624,0.46347466159525674,1.0,0.0003,1.0,13701.918542146683
depth4_bal_MAAMAAMM,4,MAAMAAMM,48650,583800,0.7628542284170786,1.2307254870732625,1.2326463903699603,0.7069190600522193,0.4804177545691906,0.4829399261662378,1.0,0.0003,1.0,13709.912724494934
depth4_bal_MAAMAAMM,4,MAAMAAMM,48675,584100,0.769911011060079,1.2995970646540325,1.2743412051882064,0.6902741514360313,0.4660574412532637,0.4696274751090726,1.0,0.0003,1.0,13718.045176506042
depth4_bal_MAAMAAMM,4,MAAMAAMM,48700,584400,0.8988757928212484,1.4271220763524373,1.4126031058175224,0.6775456919060052,0.3981723237597911,0.4046313905358541,1.0,0.0003,1.0,13726.333959817886
depth4_bal_MAAMAAMM,4,MAAMAAMM,48725,584700,0.8495629280805588,1.4081331491470337,1.350017373902457,0.6788511749347258,0.40339425587467365,0.439087146213223,1.0,0.0003,1.0,13734.5461435318
depth4_bal_MAAMAAMM,4,MAAMAAMM,48750,585000,0.7856608281532923,1.3335158427556355,1.2707712752478464,0.6661227154046997,0.43342036553524804,0.4748853339299698,1.0,0.0003,1.0,13742.734134435654
depth4_bal_MAAMAAMM,4,MAAMAAMM,48775,585300,0.7879777997732162,1.4325981140136719,1.4143267359052385,0.7036553524804178,0.4347258485639687,0.43315807137263673,1.0,0.0003,1.0,13751.077945232391
depth4_bal_MAAMAAMM,4,MAAMAAMM,48800,585600,0.8535057455301285,1.3351088762283325,1.3398143598011563,0.6442558746736292,0.43342036553524804,0.43707349815415597,1.0,0.0003,1.0,13759.009193181992
depth4_bal_MAAMAAMM,4,MAAMAAMM,48825,585900,0.9490421215693156,1.5075429677963257,1.4290772812707084,0.5946475195822454,0.39295039164490864,0.41928627363239734,1.0,0.0003,1.0,13767.21283197403
depth4_bal_MAAMAAMM,4,MAAMAAMM,48850,586200,0.7579459995031357,1.3733142614364624,1.3274656466075352,0.6922323759791122,0.45039164490861616,0.4603423201700414,1.0,0.0003,1.0,13775.355998277664
depth4_bal_MAAMAAMM,4,MAAMAAMM,48875,586500,0.7236961225668589,1.2687995831171672,1.2400804655892508,0.7183420365535248,0.45039164490861616,0.4815974941268598,1.0,0.0003,1.0,13783.06420993805
depth4_bal_MAAMAAMM,4,MAAMAAMM,48900,586800,1.3076704045136769,1.6721723477045696,1.66409775188991,0.6178198433420365,0.3681462140992167,0.3601073945631502,1.0,0.0003,1.0,13790.444766283035
depth4_bal_MAAMAAMM,4,MAAMAAMM,48925,587100,1.0595637013514836,1.6480742295583088,1.604832591329302,0.6132506527415144,0.3381201044386423,0.3599955252265354,1.0,0.0003,1.0,13798.524089097977
depth4_bal_MAAMAAMM,4,MAAMAAMM,48950,587400,0.9280603726704916,1.5411638418833415,1.5324733666011265,0.6507832898172323,0.3720626631853786,0.39277324085468174,1.0,0.0003,1.0,13806.597446918488
depth4_bal_MAAMAAMM,4,MAAMAAMM,48975,587700,1.1003108620643616,1.738385558128357,1.7154097216469901,0.5704960835509139,0.34856396866840733,0.3517171943170377,1.0,0.0003,1.0,13814.06874704361
depth4_bal_MAAMAAMM,4,MAAMAAMM,49000,588000,0.8107586205005646,1.4138815800348918,1.3890335083007812,0.7013707571801566,0.43733681462140994,0.45318268262669203,1.0,0.0003,1.0,13822.093121051788
depth4_bal_MAAMAAMM,4,MAAMAAMM,49025,588300,1.0087112337350845,1.5622059106826782,1.4898510932922364,0.6005221932114883,0.36945169712793735,0.39847857702203826,1.0,0.0003,1.0,13830.19333934784
depth4_bal_MAAMAAMM,4,MAAMAAMM,49050,588600,1.2764853437741597,1.7245314518610637,1.7366252149854386,0.5802872062663186,0.31070496083550914,0.3226311667971809,1.0,0.0003,1.0,13838.260303020477
depth4_bal_MAAMAAMM,4,MAAMAAMM,49075,588900,1.0180505017439525,1.7739836772282918,1.7679689611707414,0.6099869451697127,0.31070496083550914,0.3478017675355185,1.0,0.0003,1.0,13846.018942832947
depth4_bal_MAAMAAMM,4,MAAMAAMM,49100,589200,0.8226427535216013,1.4666894674301147,1.4113328116280692,0.6870104438642297,0.42689295039164493,0.44568743707349817,1.0,0.0003,1.0,13853.942281484604
depth4_bal_MAAMAAMM,4,MAAMAAMM,49125,589500,0.797720193862915,1.5914777119954426,1.5292556183678763,0.7030026109660574,0.40339425587467365,0.4205168363351605,1.0,0.0003,1.0,13861.947522640228
depth4_bal_MAAMAAMM,4,MAAMAAMM,49150,589800,0.8756299118200938,1.5842583179473877,1.5402177129473005,0.6445822454308094,0.3838120104438642,0.4185031882760935,1.0,0.0003,1.0,13870.133350372314
depth4_bal_MAAMAAMM,4,MAAMAAMM,49175,590100,0.8894418974717458,1.6202212969462078,1.5980732236589705,0.6315274151436031,0.40992167101827676,0.4018346571204833,1.0,0.0003,1.0,13878.229794979095
depth4_bal_MAAMAAMM,4,MAAMAAMM,49200,590400,6.762484073638916,5.577055931091309,5.64752163205828,0.11716710182767624,0.05221932114882506,0.05224298019912742,1.0,0.0003,1.0,13885.930396556854
depth4_bal_MAAMAAMM,4,MAAMAAMM,49225,590700,0.853214959303538,1.3920399745305378,1.3691346679415022,0.6892950391644909,0.42428198433420367,0.42588656449267254,1.0,0.0003,1.0,13894.100528717041
depth4_bal_MAAMAAMM,4,MAAMAAMM,49250,591000,0.8641299655040106,1.3813665707906086,1.3258551291057041,0.6403394255874674,0.42428198433420367,0.446470522429802,1.0,0.0003,1.0,13901.972526788712
depth4_bal_MAAMAAMM,4,MAAMAAMM,49275,591300,0.8595327734947205,1.3850311438242595,1.365320532662528,0.7088772845953003,0.41906005221932113,0.43293433269940707,1.0,0.0003,1.0,13910.130578756332
depth4_bal_MAAMAAMM,4,MAAMAAMM,49300,591600,0.7255888730287552,1.3233054478963215,1.293044318471636,0.7294386422976501,0.4464751958224543,0.47376664056382145,1.0,0.0003,1.0,13918.121970891953
depth4_bal_MAAMAAMM,4,MAAMAAMM,49325,591900,0.8184351176023483,1.5154553651809692,1.470346256664821,0.6808093994778068,0.4086161879895561,0.415482716187493,1.0,0.0003,1.0,13926.237023353577
depth4_bal_MAAMAAMM,4,MAAMAAMM,49350,592200,1.0979539553324382,1.4862267971038818,1.4524524211883545,0.6471932114882507,0.38511749347258484,0.40742812395122496,1.0,0.0003,1.0,13934.437582969666
depth4_bal_MAAMAAMM,4,MAAMAAMM,49375,592500,0.8350491126378378,1.3090931574503581,1.2973455565316336,0.6824412532637075,0.45039164490861616,0.4594473654771227,1.0,0.0003,1.0,13942.368348121643
depth4_bal_MAAMAAMM,4,MAAMAAMM,49400,592800,0.6064139604568481,1.1810741424560547,1.1553022725241524,0.793733681462141,0.52088772845953,0.5321624342767647,1.0,0.0003,1.0,13950.274863481522
depth4_bal_MAAMAAMM,4,MAAMAAMM,49425,593100,0.6801044642925262,1.2998485962549846,1.2887267998286656,0.7359660574412533,0.45039164490861616,0.4630271842487974,1.0,0.0003,1.0,13958.35211110115
depth4_bal_MAAMAAMM,4,MAAMAAMM,49450,593400,0.6859596321980158,1.1814391613006592,1.181129240989685,0.7389033942558747,0.5013054830287206,0.5096766976171831,1.0,0.0003,1.0,13966.142644882202
depth4_bal_MAAMAAMM,4,MAAMAAMM,49475,593700,0.623212198416392,1.191184163093567,1.1492027844701493,0.7548955613577023,0.5274151436031331,0.5392102024834993,1.0,0.0003,1.0,13974.19485616684
depth4_bal_MAAMAAMM,4,MAAMAAMM,49500,594000,0.6912859181563059,1.3213634490966797,1.2993497371673584,0.7258485639686684,0.4621409921671018,0.46783756572323526,1.0,0.0003,1.0,13981.057820558548
depth4_bal_MAAMAAMM,4,MAAMAAMM,49525,594300,0.6802284518877665,1.3369852701822917,1.3186459711619787,0.7271540469973891,0.46736292428198434,0.46615952567401275,1.0,0.0003,1.0,13988.88310456276
depth4_bal_MAAMAAMM,4,MAAMAAMM,49550,594600,0.8853578517834345,1.3439666032791138,1.3331140313829695,0.7121409921671018,0.4464751958224543,0.4544132453294552,1.0,0.0003,1.0,13996.972355365753
depth4_bal_MAAMAAMM,4,MAAMAAMM,49575,594900,0.7185352593660355,1.3384942611058552,1.3019905601228987,0.7134464751958225,0.45691906005221933,0.4657120483275534,1.0,0.0003,1.0,14005.015080213547
depth4_bal_MAAMAAMM,4,MAAMAAMM,49600,595200,1.7881176173686981,2.0195016066233316,1.9813133103506906,0.4262402088772846,0.24673629242819844,0.26143863966886677,1.0,0.0003,1.0,14012.937753915787
depth4_bal_MAAMAAMM,4,MAAMAAMM,49625,595500,1.1192139585812886,1.7898279428482056,1.7356099230902535,0.5378590078328982,0.2950391644908616,0.3192750866987359,1.0,0.0003,1.0,14021.06571674347
depth4_bal_MAAMAAMM,4,MAAMAAMM,49650,595800,0.9023069192965826,1.4282924731572468,1.3785541193825859,0.6077023498694517,0.3968668407310705,0.43696162881754114,1.0,0.0003,1.0,14029.07103919983
depth4_bal_MAAMAAMM,4,MAAMAAMM,49675,596100,0.634227861960729,1.2007768551508586,1.1885619708469937,0.7669712793733682,0.49869451697127937,0.5113547376664056,1.0,0.0003,1.0,14037.176372289658
depth4_bal_MAAMAAMM,4,MAAMAAMM,49700,596400,0.6318870087464651,1.119670073191325,1.1083184889384678,0.7617493472584856,0.5287206266318538,0.5446917999776262,1.0,0.0003,1.0,14044.799436092377
depth4_bal_MAAMAAMM,4,MAAMAAMM,49725,596700,0.7601186980803808,1.3489840428034465,1.3329340491976056,0.6752610966057441,0.44778067885117495,0.4530708132900772,1.0,0.0003,1.0,14052.820358514786
depth4_bal_MAAMAAMM,4,MAAMAAMM,49750,597000,0.6044115523497263,1.1417806148529053,1.1129927226475307,0.7803524804177546,0.5274151436031331,0.5416713278890256,1.0,0.0003,1.0,14059.390398979187
depth4_bal_MAAMAAMM,4,MAAMAAMM,49775,597300,0.583262304464976,1.1756390730539958,1.1350328036717006,0.7787206266318538,0.5052219321148825,0.5378677704441213,1.0,0.0003,1.0,14067.474700689316
depth4_bal_MAAMAAMM,4,MAAMAAMM,49800,597600,0.749303271373113,1.2735416889190674,1.2601895298276629,0.741514360313316,0.48433420365535246,0.4890927396800537,1.0,0.0003,1.0,14075.61431145668
depth4_bal_MAAMAAMM,4,MAAMAAMM,49825,597900,0.652216816941897,1.2090327342351277,1.1912975175040108,0.7614229765013055,0.4908616187989556,0.5114666070030205,1.0,0.0003,1.0,14082.784851789474
depth4_bal_MAAMAAMM,4,MAAMAAMM,49850,598200,3.330510755379995,3.563694636027018,3.4961476257869175,0.09399477806788512,0.06005221932114883,0.0544803669314241,1.0,0.0003,1.0,14090.584867238998
depth4_bal_MAAMAAMM,4,MAAMAAMM,49875,598500,2.479847530523936,2.7246667544047036,2.7093318121773855,0.1866840731070496,0.10574412532637076,0.11600850206958273,1.0,0.0003,1.0,14098.353959560394
depth4_bal_MAAMAAMM,4,MAAMAAMM,49900,598800,2.1191673477490744,2.4185384114583335,2.40573297228132,0.25489556135770236,0.17362924281984335,0.1581832419733751,1.0,0.0003,1.0,14106.552536725998
depth4_bal_MAAMAAMM,4,MAAMAAMM,49925,599100,2.3311016162236533,2.6126901308695474,2.5632793698992047,0.22715404699738903,0.10835509138381201,0.13536189730394899,1.0,0.0003,1.0,14114.471249818802
depth4_bal_MAAMAAMM,4,MAAMAAMM,49950,599400,1.8397115270296733,2.1482669512430825,2.1338475227355955,0.33093994778067887,0.19843342036553524,0.21613155833985903,1.0,0.0003,1.0,14122.558212280273
depth4_bal_MAAMAAMM,4,MAAMAAMM,49975,599700,1.5435086091359456,1.9389214913050334,1.9139546496527535,0.4069843342036554,0.24281984334203655,0.26434724242085245,1.0,0.0003,1.0,14130.66409778595
depth4_bal_MAAMAAMM,4,MAAMAAMM,50000,600000,1.474612941344579,1.9776769876480103,1.8922401973179408,0.418733681462141,0.24412532637075718,0.27161874930081664,1.0,0.0003,1.0,14134.974720716476
