run_id,depth,schedule,epoch,step,train_loss,val_loss,test_loss,train_acc,val_acc,test_acc,best_val_acc_so_far,learning_rate,weight_decay,elapsed_time_seconds
depth4_bal_AAAMAMMM,4,AAAMAMMM,1,12,4.737629373868306,4.744723796844482,4.73770409992763,0.007180156657963447,0.010443864229765013,0.008837677592571876,0.010443864229765013,0.0003,1.0,0.7437427043914795
depth4_bal_AAAMAMMM,4,AAAMAMMM,25,300,4.118939995765686,5.744009653727214,5.717075020926339,0.08224543080939947,0.0013054830287206266,0.004474773464593355,0.010443864229765013,0.0003,1.0,8.664773225784302
depth4_bal_AAAMAMMM,4,AAAMAMMM,50,600,1.83623872200648,10.227319399515787,10.187891060965402,0.5117493472584856,0.010443864229765013,0.008725808255957042,0.010443864229765013,0.0003,1.0,16.543612957000732
depth4_bal_AAAMAMMM,4,AAAMAMMM,75,900,0.23643420139948526,18.01340611775716,17.842304938180106,0.9621409921671018,0.01174934725848564,0.01588544579930641,0.01174934725848564,0.0003,1.0,24.745741844177246
depth4_bal_AAAMAMMM,4,AAAMAMMM,100,1200,0.04024756203095118,19.330633799235027,19.158566992623467,1.0,0.010443864229765013,0.014990491106387739,0.01174934725848564,0.0003,1.0,33.01000642776489
depth4_bal_AAAMAMMM,4,AAAMAMMM,125,1500,0.03747288603335619,17.86824099222819,17.661234610421317,0.9993472584856397,0.014360313315926894,0.017451616511914084,0.014360313315926894,0.0003,1.0,41.351895809173584
depth4_bal_AAAMAMMM,4,AAAMAMMM,150,1800,0.03372008819133043,18.174739201863606,18.02941447666713,1.0,0.015665796344647518,0.017563485848528917,0.015665796344647518,0.0003,1.0,49.380154609680176
depth4_bal_AAAMAMMM,4,AAAMAMMM,175,2100,0.030169034376740456,16.49419053395589,16.330604253496443,1.0,0.015665796344647518,0.019800872580825597,0.015665796344647518,0.0003,1.0,53.320780754089355
depth4_bal_AAAMAMMM,4,AAAMAMMM,200,2400,0.03286580601707101,16.855088869730633,16.705762018476214,1.0,0.014360313315926894,0.019465264570981095,0.015665796344647518,0.0003,1.0,56.66753840446472
depth4_bal_AAAMAMMM,4,AAAMAMMM,225,2700,0.02985079539939761,15.7154328028361,15.540204538617814,1.0,0.016971279373368148,0.021590781966662937,0.016971279373368148,0.0003,1.0,59.98291897773743
depth4_bal_AAAMAMMM,4,AAAMAMMM,250,3000,0.03202072950080037,16.066151301066082,15.861514227730888,1.0,0.014360313315926894,0.021143304620203602,0.016971279373368148,0.0003,1.0,63.032403230667114
depth4_bal_AAAMAMMM,4,AAAMAMMM,275,3300,0.07018350219974916,15.612495422363281,15.387075342450823,0.9951044386422977,0.0195822454308094,0.02449938471864862,0.0195822454308094,0.0003,1.0,66.01419925689697
depth4_bal_AAAMAMMM,4,AAAMAMMM,300,3600,0.03023129903400938,15.143906911214193,14.968625831604005,1.0,0.015665796344647518,0.02282134466942611,0.0195822454308094,0.0003,1.0,74.38619089126587
depth4_bal_AAAMAMMM,4,AAAMAMMM,325,3900,0.027222273716082174,15.804773648579916,15.59562486921038,1.0,0.016971279373368148,0.023828168698959616,0.0195822454308094,0.0003,1.0,82.64323568344116
depth4_bal_AAAMAMMM,4,AAAMAMMM,350,4200,1.6214681565761566,15.847811381022135,15.736221040998187,0.5904046997389034,0.014360313315926894,0.017451616511914084,0.0195822454308094,0.0003,1.0,90.64772844314575
depth4_bal_AAAMAMMM,4,AAAMAMMM,375,4500,0.02616787888109684,15.163518269856771,15.001307269505093,1.0,0.016971279373368148,0.02572994742141179,0.0195822454308094,0.0003,1.0,98.97882151603699
depth4_bal_AAAMAMMM,4,AAAMAMMM,400,4800,0.025358542955170076,15.280379295349121,15.099637631007603,1.0,0.018276762402088774,0.02517060073833762,0.0195822454308094,0.0003,1.0,107.4606626033783
depth4_bal_AAAMAMMM,4,AAAMAMMM,425,5100,1.8846391141414642,14.136894861857096,14.003985977172851,0.5362271540469974,0.016971279373368148,0.018905917887906926,0.0195822454308094,0.0003,1.0,115.75398063659668
depth4_bal_AAAMAMMM,4,AAAMAMMM,450,5400,0.21957823696235815,16.52070967356364,16.159411948067802,0.950065274151436,0.02349869451697128,0.025841816758026624,0.02349869451697128,0.0003,1.0,124.03132772445679
depth4_bal_AAAMAMMM,4,AAAMAMMM,475,5700,0.024711367363731068,13.861916859944662,13.601708330426897,1.0,0.0195822454308094,0.029980982212775478,0.02349869451697128,0.0003,1.0,132.5898721218109
depth4_bal_AAAMAMMM,4,AAAMAMMM,500,6000,0.025509500099966925,14.09241771697998,13.834554018293108,1.0,0.020887728459530026,0.028414811500167805,0.02349869451697128,0.0003,1.0,140.57370471954346
depth4_bal_AAAMAMMM,4,AAAMAMMM,525,6300,0.022065898558745783,14.66060702006022,14.402027920314245,1.0,0.020887728459530026,0.027855464817093636,0.02349869451697128,0.0003,1.0,147.93841123580933
depth4_bal_AAAMAMMM,4,AAAMAMMM,550,6600,0.018858753610402346,15.195852597554525,14.91945618220738,1.0,0.020887728459530026,0.027631726143863968,0.02349869451697128,0.0003,1.0,153.96351599693298
depth4_bal_AAAMAMMM,4,AAAMAMMM,575,6900,0.1243152270714442,15.420791308085123,15.145701599121093,0.9797650130548303,0.02610966057441253,0.027184248797404633,0.02610966057441253,0.0003,1.0,162.27131962776184
depth4_bal_AAAMAMMM,4,AAAMAMMM,600,7200,0.019872726717342932,13.88094425201416,13.58753114427839,1.0,0.030026109660574413,0.03165902226199799,0.030026109660574413,0.0003,1.0,170.25057005882263
depth4_bal_AAAMAMMM,4,AAAMAMMM,625,7500,0.025308372142414253,13.66544246673584,13.339085933140346,1.0,0.02610966057441253,0.029309766193086475,0.030026109660574413,0.0003,1.0,178.53879690170288
depth4_bal_AAAMAMMM,4,AAAMAMMM,650,7800,0.021968919939051073,14.209893862406412,13.855011095319476,1.0,0.03263707571801567,0.029869112876160644,0.03263707571801567,0.0003,1.0,186.73349785804749
depth4_bal_AAAMAMMM,4,AAAMAMMM,675,8100,0.018694896561404068,14.734875996907553,14.353312056405203,1.0,0.031331592689295036,0.02975724353954581,0.03263707571801567,0.0003,1.0,195.22844004631042
depth4_bal_AAAMAMMM,4,AAAMAMMM,700,8400,0.016163563433413703,15.214147249857584,14.807566670009068,1.0,0.02610966057441253,0.030764067569079314,0.03263707571801567,0.0003,1.0,199.81935214996338
depth4_bal_AAAMAMMM,4,AAAMAMMM,725,8700,0.3945443679889043,15.607513109842936,15.39766205378941,0.8890339425587467,0.033942558746736295,0.029645374202930976,0.033942558746736295,0.0003,1.0,202.87305760383606
depth4_bal_AAAMAMMM,4,AAAMAMMM,750,9000,0.025518282316625118,13.08714485168457,12.784447479248048,1.0,0.03655352480417755,0.03445575567736883,0.03655352480417755,0.0003,1.0,210.6432592868805
depth4_bal_AAAMAMMM,4,AAAMAMMM,775,9300,0.024345402450611193,13.397042274475098,13.056243569510324,1.0,0.037859007832898174,0.03378453965767983,0.037859007832898174,0.0003,1.0,219.22793459892273
depth4_bal_AAAMAMMM,4,AAAMAMMM,800,9600,0.020833247030774753,13.888920148213705,13.531579208374023,1.0,0.0391644908616188,0.0340082783309095,0.0391644908616188,0.0003,1.0,227.7283797264099
depth4_bal_AAAMAMMM,4,AAAMAMMM,825,9900,0.1370850782841444,13.355976104736328,13.000857026236398,0.9892297650130548,0.03263707571801567,0.03165902226199799,0.0391644908616188,0.0003,1.0,235.8835437297821
depth4_bal_AAAMAMMM,4,AAAMAMMM,850,10200,0.023312497107932966,13.318633397420248,12.963312149047852,1.0,0.03263707571801567,0.03266584629153149,0.0391644908616188,0.0003,1.0,244.06400680541992
depth4_bal_AAAMAMMM,4,AAAMAMMM,875,10500,0.02021792158484459,13.74984359741211,13.366928427559989,1.0,0.02741514360313316,0.03344893164783533,0.0391644908616188,0.0003,1.0,252.3358359336853
depth4_bal_AAAMAMMM,4,AAAMAMMM,900,10800,0.034430190455168486,14.302075068155924,13.945001656668527,0.9990208877284595,0.03263707571801567,0.03669314240966551,0.0391644908616188,0.0003,1.0,260.70113015174866
depth4_bal_AAAMAMMM,4,AAAMAMMM,925,11100,0.022591302637010813,13.136561075846354,12.747001647949219,1.0,0.03263707571801567,0.036581273073050674,0.0391644908616188,0.0003,1.0,268.28892612457275
depth4_bal_AAAMAMMM,4,AAAMAMMM,950,11400,0.01997043549393614,13.615798314412435,13.189538274492536,1.0,0.03263707571801567,0.03624566506320617,0.0391644908616188,0.0003,1.0,271.400753736496
depth4_bal_AAAMAMMM,4,AAAMAMMM,975,11700,0.016454385903974373,14.037291844685873,13.605166843959264,1.0,0.037859007832898174,0.03702875041951001,0.0391644908616188,0.0003,1.0,274.39806389808655
depth4_bal_AAAMAMMM,4,AAAMAMMM,1000,12000,0.03301375498995185,13.916585922241211,13.622695459638322,0.9990208877284595,0.037859007832898174,0.034567625013983666,0.0391644908616188,0.0003,1.0,277.3891658782959
depth4_bal_AAAMAMMM,4,AAAMAMMM,1025,12300,0.02142374621083339,13.183118184407553,12.822034754071916,1.0,0.031331592689295036,0.035126971697057835,0.0391644908616188,0.0003,1.0,285.7139298915863
depth4_bal_AAAMAMMM,4,AAAMAMMM,1050,12600,0.018530843469003837,13.595983823140463,13.184729657854353,1.0,0.030026109660574413,0.03490323302382817,0.0391644908616188,0.0003,1.0,294.29797434806824
depth4_bal_AAAMAMMM,4,AAAMAMMM,1075,12900,0.03975054839005073,13.654936790466309,13.287737083435058,0.9996736292428199,0.04046997389033943,0.03948987582503636,0.04046997389033943,0.0003,1.0,302.6108431816101
depth4_bal_AAAMAMMM,4,AAAMAMMM,1100,13200,0.02112362114712596,12.845396359761557,12.501220675877162,1.0,0.03655352480417755,0.04038483051795503,0.04046997389033943,0.0003,1.0,311.22083258628845
depth4_bal_AAAMAMMM,4,AAAMAMMM,1125,13500,0.01819903791571657,13.279629071553549,12.901766668047223,1.0,0.03655352480417755,0.03960174516165119,0.04046997389033943,0.0003,1.0,319.5249722003937
depth4_bal_AAAMAMMM,4,AAAMAMMM,1150,13800,0.8361062755187353,10.287789980570475,10.103447232927595,0.7738250652741514,0.033942558746736295,0.029086027519856807,0.04046997389033943,0.0003,1.0,328.1482148170471
depth4_bal_AAAMAMMM,4,AAAMAMMM,1175,14100,0.020626671457042296,12.611674626668295,12.229406411307199,1.0,0.03655352480417755,0.038483051795502855,0.04046997389033943,0.0003,1.0,336.71500849723816
depth4_bal_AAAMAMMM,4,AAAMAMMM,1200,14400,0.01848740518713991,12.958659172058105,12.58177877153669,1.0,0.033942558746736295,0.037476227765969344,0.04046997389033943,0.0003,1.0,345.264111995697
depth4_bal_AAAMAMMM,4,AAAMAMMM,1225,14700,0.015698024615024526,13.381690661112467,12.994638116019113,1.0,0.03524804177545692,0.03926613715180669,0.04046997389033943,0.0003,1.0,353.87184166908264
depth4_bal_AAAMAMMM,4,AAAMAMMM,1250,15000,0.7211149434248606,9.551612536112467,9.371248163495745,0.825065274151436,0.024804177545691905,0.03221836894507216,0.04046997389033943,0.0003,1.0,362.26650404930115
depth4_bal_AAAMAMMM,4,AAAMAMMM,1275,15300,0.01923845351363222,12.685107549031576,12.384348842075893,1.0,0.03655352480417755,0.03926613715180669,0.04046997389033943,0.0003,1.0,370.18551325798035
depth4_bal_AAAMAMMM,4,AAAMAMMM,1300,15600,0.017858789768069983,13.02697499593099,12.703104182652064,1.0,0.033942558746736295,0.039937353171495694,0.04046997389033943,0.0003,1.0,378.3682346343994
depth4_bal_AAAMAMMM,4,AAAMAMMM,1325,15900,0.01455539014811317,13.393874804178873,13.050468117850167,1.0,0.03263707571801567,0.03960174516165119,0.04046997389033943,0.0003,1.0,386.6705949306488
depth4_bal_AAAMAMMM,4,AAAMAMMM,1350,16200,0.018329883149514597,12.529521624247232,12.211643409729003,1.0,0.04177545691906005,0.042622217250251705,0.04177545691906005,0.0003,1.0,394.6566915512085
depth4_bal_AAAMAMMM,4,AAAMAMMM,1375,16500,0.019251078832894564,12.649174372355143,12.31040164402553,1.0,0.04308093994778068,0.042286609240407204,0.04308093994778068,0.0003,1.0,402.8089451789856
depth4_bal_AAAMAMMM,4,AAAMAMMM,1400,16800,0.015384943224489689,13.069913864135742,12.736775044032505,1.0,0.0391644908616188,0.04362904127978521,0.04308093994778068,0.0003,1.0,411.2748386859894
depth4_bal_AAAMAMMM,4,AAAMAMMM,1425,17100,0.014977198171739778,13.464111963907877,13.082002094813756,0.9996736292428199,0.044386422976501305,0.04385277995301488,0.044386422976501305,0.0003,1.0,419.7670121192932
depth4_bal_AAAMAMMM,4,AAAMAMMM,1450,17400,0.018796699587255716,12.404034296671549,12.049036189488001,1.0,0.04046997389033943,0.04183913189394787,0.044386422976501305,0.0003,1.0,428.2364387512207
depth4_bal_AAAMAMMM,4,AAAMAMMM,1475,17700,0.01737159180144469,12.602797190348307,12.270674623761858,1.0,0.044386422976501305,0.0412797852108737,0.044386422976501305,0.0003,1.0,436.6700074672699
depth4_bal_AAAMAMMM,4,AAAMAMMM,1500,18000,0.014915840389827887,12.994028091430664,12.634380122593472,1.0,0.04308093994778068,0.0412797852108737,0.044386422976501305,0.0003,1.0,445.12229657173157
depth4_bal_AAAMAMMM,4,AAAMAMMM,1525,18300,0.018555449632306893,12.123372395833334,11.664641189575196,1.0,0.04046997389033943,0.04631390535854123,0.044386422976501305,0.0003,1.0,453.54881048202515
depth4_bal_AAAMAMMM,4,AAAMAMMM,1550,18600,0.018394214877237875,12.207945823669434,11.760325404575893,1.0,0.04177545691906005,0.04564268933885222,0.044386422976501305,0.0003,1.0,461.5530655384064
depth4_bal_AAAMAMMM,4,AAAMAMMM,1575,18900,0.015621894504874945,12.601878801981607,12.149997411455427,1.0,0.04046997389033943,0.045978297348696726,0.044386422976501305,0.0003,1.0,469.9860954284668
depth4_bal_AAAMAMMM,4,AAAMAMMM,1600,19200,0.01423938882847627,12.99349276224772,12.547011838640486,1.0,0.037859007832898174,0.04508334265577805,0.044386422976501305,0.0003,1.0,478.42017817497253
depth4_bal_AAAMAMMM,4,AAAMAMMM,1625,19500,0.017600649036467075,11.93051528930664,11.522986384800502,1.0,0.04177545691906005,0.04843942275422307,0.044386422976501305,0.0003,1.0,486.6975312232971
depth4_bal_AAAMAMMM,4,AAAMAMMM,1650,19800,0.016707558340082567,12.070535659790039,11.70026923588344,1.0,0.04308093994778068,0.04664951336838573,0.044386422976501305,0.0003,1.0,495.15387988090515
depth4_bal_AAAMAMMM,4,AAAMAMMM,1675,20100,0.014215585387622317,12.466751416524252,12.070100566319057,1.0,0.044386422976501305,0.04664951336838573,0.044386422976501305,0.0003,1.0,503.5505554676056
depth4_bal_AAAMAMMM,4,AAAMAMMM,1700,20400,0.01199747466792663,12.804130554199219,12.404942294529507,1.0,0.04699738903394256,0.045530820002237384,0.04699738903394256,0.0003,1.0,511.58559131622314
depth4_bal_AAAMAMMM,4,AAAMAMMM,1725,20700,0.010153604050477346,13.156543731689453,12.730499376569476,1.0,0.04699738903394256,0.04620203602192639,0.04699738903394256,0.0003,1.0,519.7524814605713
depth4_bal_AAAMAMMM,4,AAAMAMMM,1750,21000,0.017221398030718166,11.88961378733317,11.4591155733381,1.0,0.050913838120104436,0.051907372189282916,0.050913838120104436,0.0003,1.0,527.8139688968658
depth4_bal_AAAMAMMM,4,AAAMAMMM,1775,21300,0.01786086040859421,11.79602336883545,11.367129707336426,1.0,0.050913838120104436,0.05403288958496476,0.050913838120104436,0.0003,1.0,535.8409759998322
depth4_bal_AAAMAMMM,4,AAAMAMMM,1800,21600,0.015194865952556333,12.058059374491373,11.639464351109096,1.0,0.05352480417754569,0.054368497594809266,0.05352480417754569,0.0003,1.0,544.1753134727478
depth4_bal_AAAMAMMM,4,AAAMAMMM,1825,21900,0.016234882408753037,12.407129923502604,11.947030476161412,1.0,0.04960835509138381,0.05291419621881642,0.05352480417754569,0.0003,1.0,552.4512639045715
depth4_bal_AAAMAMMM,4,AAAMAMMM,1850,22200,0.017822515685111284,10.831083615620932,10.486978312901089,1.0,0.0587467362924282,0.05917887906924712,0.0587467362924282,0.0003,1.0,558.7780561447144
depth4_bal_AAAMAMMM,4,AAAMAMMM,1875,22500,0.016730441867063444,10.978679656982422,10.611520767211914,1.0,0.06005221932114883,0.06018570309878062,0.06005221932114883,0.0003,1.0,566.0042226314545
depth4_bal_AAAMAMMM,4,AAAMAMMM,1900,22800,0.014207899880905947,11.274826367696127,10.897674451555524,1.0,0.0639686684073107,0.05917887906924712,0.0639686684073107,0.0003,1.0,570.1881930828094
depth4_bal_AAAMAMMM,4,AAAMAMMM,1925,23100,0.0118213074747473,11.576815605163574,11.185070501055037,1.0,0.0587467362924282,0.06219935115784763,0.0639686684073107,0.0003,1.0,578.5108346939087
depth4_bal_AAAMAMMM,4,AAAMAMMM,1950,23400,0.01016513118520379,11.797455469767252,11.412803895132882,1.0,0.0587467362924282,0.06264682850430697,0.0639686684073107,0.0003,1.0,586.7326054573059
depth4_bal_AAAMAMMM,4,AAAMAMMM,1975,23700,0.056127313214043774,9.511261622111002,9.20057988848005,0.9990208877284595,0.0639686684073107,0.07897975165007272,0.0639686684073107,0.0003,1.0,594.6352276802063
depth4_bal_AAAMAMMM,4,AAAMAMMM,2000,24000,0.019775096482286852,9.425645510355631,9.119213431222098,1.0,0.0731070496083551,0.08647499720326658,0.0731070496083551,0.0003,1.0,602.6273016929626
depth4_bal_AAAMAMMM,4,AAAMAMMM,2025,24300,0.01730800357957681,9.482641220092773,9.184940801348006,1.0,0.07571801566579635,0.0898310773017116,0.07571801566579635,0.0003,1.0,610.8576505184174
depth4_bal_AAAMAMMM,4,AAAMAMMM,2050,24600,0.014699449141820272,9.575926144917807,9.286644172668456,1.0,0.08093994778067885,0.09039042398478576,0.08093994778067885,0.0003,1.0,619.1204514503479
depth4_bal_AAAMAMMM,4,AAAMAMMM,2075,24900,0.13064752146601677,7.412820657094319,7.151446342468262,0.983355091383812,0.09660574412532637,0.11332363799082672,0.09660574412532637,0.0003,1.0,627.6293017864227
depth4_bal_AAAMAMMM,4,AAAMAMMM,2100,25200,0.018579428705076378,7.455337206522624,7.183555235181536,1.0,0.1174934725848564,0.12585300369168811,0.1174934725848564,0.0003,1.0,636.0017857551575
depth4_bal_AAAMAMMM,4,AAAMAMMM,2125,25500,0.016073843697085977,7.446000099182129,7.2026156834193635,1.0,0.12140992167101827,0.13290077189842264,0.12140992167101827,0.0003,1.0,644.3584680557251
depth4_bal_AAAMAMMM,4,AAAMAMMM,2150,25800,0.013656402860457698,7.492312908172607,7.250626005445208,1.0,0.13446475195822455,0.13916545474885333,0.13446475195822455,0.0003,1.0,651.9308514595032
depth4_bal_AAAMAMMM,4,AAAMAMMM,2175,26100,0.011351794858152667,7.4443793296813965,7.197919791085379,1.0,0.1370757180156658,0.14543013759928403,0.1370757180156658,0.0003,1.0,657.9007568359375
depth4_bal_AAAMAMMM,4,AAAMAMMM,2200,26400,0.015702002759401996,4.966866493225098,4.808957467760359,1.0,0.20887728459530025,0.22474549725920126,0.20887728459530025,0.0003,1.0,663.9075152873993
depth4_bal_AAAMAMMM,4,AAAMAMMM,2225,26700,0.015876140212640166,4.652783552805583,4.499934046609061,1.0,0.2349869451697128,0.24454636984002684,0.2349869451697128,0.0003,1.0,671.0946640968323
depth4_bal_AAAMAMMM,4,AAAMAMMM,2250,27000,0.013587170202905932,4.445761680603027,4.315247086116246,1.0,0.2506527415143603,0.2645709810940821,0.2506527415143603,0.0003,1.0,679.5919651985168
depth4_bal_AAAMAMMM,4,AAAMAMMM,2275,27300,0.011344328833123049,4.190978765487671,4.082172332491194,1.0,0.27284595300261094,0.2879516724465824,0.27284595300261094,0.0003,1.0,687.772049665451
depth4_bal_AAAMAMMM,4,AAAMAMMM,2300,27600,0.009385423734784126,3.892305930455526,3.7880510193961006,1.0,0.304177545691906,0.32050564940149906,0.304177545691906,0.0003,1.0,696.2203404903412
depth4_bal_AAAMAMMM,4,AAAMAMMM,2325,27900,0.007899011174837748,3.487420638402303,3.420772729601179,1.0,0.3381201044386423,0.3587649625237722,0.3381201044386423,0.0003,1.0,704.5814130306244
depth4_bal_AAAMAMMM,4,AAAMAMMM,2350,28200,0.006479320582002401,3.0346945921579995,2.9989876679011753,1.0,0.37467362924281983,0.41078420404967,0.37467362924281983,0.0003,1.0,713.0023155212402
depth4_bal_AAAMAMMM,4,AAAMAMMM,2375,28500,0.005390888157611092,2.5050299167633057,2.5251437527792793,1.0,0.45039164490861616,0.4663832643472424,0.45039164490861616,0.0003,1.0,721.3548069000244
depth4_bal_AAAMAMMM,4,AAAMAMMM,2400,28800,0.004422904108650982,1.9581316312154133,2.018831695829119,1.0,0.5234986945169713,0.5451392773240855,0.5234986945169713,0.0003,1.0,729.7939164638519
depth4_bal_AAAMAMMM,4,AAAMAMMM,2425,29100,0.0036006000785467527,1.4111363490422566,1.505723718234471,1.0,0.6201044386422977,0.6306074504978185,0.6201044386422977,0.0003,1.0,738.2833075523376
depth4_bal_AAAMAMMM,4,AAAMAMMM,2450,29400,0.06190101336687803,0.5085648993651072,0.5632759903158461,1.0,0.8381201044386423,0.8182123280008949,0.8381201044386423,0.0003,1.0,746.8636591434479
depth4_bal_AAAMAMMM,4,AAAMAMMM,2475,29700,0.02009359048679471,0.23006661732991537,0.2546640293938773,1.0,0.9347258485639687,0.9275086698735876,0.9347258485639687,0.0003,1.0,755.3495011329651
depth4_bal_AAAMAMMM,4,AAAMAMMM,2500,30000,0.015737799384320777,0.1363420436779658,0.14614572759185518,1.0,0.9699738903394256,0.9686765857478465,0.9699738903394256,0.0003,1.0,763.4354183673859
depth4_bal_AAAMAMMM,4,AAAMAMMM,2525,30300,0.012208211313312253,0.091664324204127,0.09519727549382619,1.0,0.9843342036553525,0.9842264235373084,0.9843342036553525,0.0003,1.0,771.6769795417786
depth4_bal_AAAMAMMM,4,AAAMAMMM,2550,30600,0.009620135029157003,0.07283629104495049,0.0707931678209986,1.0,0.9908616187989556,0.9901554983778946,0.9908616187989556,0.0003,1.0,780.0345873832703
depth4_bal_AAAMAMMM,4,AAAMAMMM,2575,30900,0.007661255231748025,0.06161747003595034,0.05673198029398918,1.0,0.9882506527415144,0.9913860610806577,0.9908616187989556,0.0003,1.0,788.4547173976898
depth4_bal_AAAMAMMM,4,AAAMAMMM,2600,31200,0.006201295647770166,0.055189549922943115,0.04808747353298323,1.0,0.9882506527415144,0.9937353171495693,0.9908616187989556,0.0003,1.0,796.7876055240631
depth4_bal_AAAMAMMM,4,AAAMAMMM,2625,31500,0.005073253104152779,0.05049924552440643,0.0435134867472308,1.0,0.9895561357702349,0.9931759704664951,0.9908616187989556,0.0003,1.0,805.0767529010773
depth4_bal_AAAMAMMM,4,AAAMAMMM,2650,31800,0.004130002518650144,0.04712780751287937,0.03895642533898354,1.0,0.9921671018276762,0.993959055822799,0.9921671018276762,0.0003,1.0,813.2559132575989
depth4_bal_AAAMAMMM,4,AAAMAMMM,2675,32100,0.0034243470484701297,0.042574021965265274,0.03521195389330387,1.0,0.9921671018276762,0.9945184025058731,0.9921671018276762,0.0003,1.0,821.7022478580475
depth4_bal_AAAMAMMM,4,AAAMAMMM,2700,32400,0.002867410114655892,0.039170181999603905,0.03300845638981887,1.0,0.9934725848563969,0.9940709251594138,0.9934725848563969,0.0003,1.0,830.0436544418335
depth4_bal_AAAMAMMM,4,AAAMAMMM,2725,32700,0.0023115117219276726,0.036522298430403076,0.03018446314547743,1.0,0.9934725848563969,0.994630271842488,0.9934725848563969,0.0003,1.0,838.4960551261902
depth4_bal_AAAMAMMM,4,AAAMAMMM,2750,33000,0.0019605660636443645,0.03468829393386841,0.028910051765186445,1.0,0.9934725848563969,0.9940709251594138,0.9934725848563969,0.0003,1.0,846.2468309402466
depth4_bal_AAAMAMMM,4,AAAMAMMM,2775,33300,0.0016213215906949092,0.03183966254194578,0.026271176018885203,1.0,0.9947780678851175,0.9949658798523324,0.9947780678851175,0.0003,1.0,854.6315293312073
depth4_bal_AAAMAMMM,4,AAAMAMMM,2800,33600,0.0013750656022845458,0.030613900472720463,0.025565079972147943,1.0,0.9947780678851175,0.9947421411791028,0.9947780678851175,0.0003,1.0,862.9674787521362
depth4_bal_AAAMAMMM,4,AAAMAMMM,2825,33900,0.0011141054904631649,0.028154408559203148,0.024246452642338618,1.0,0.9973890339425587,0.9942946638326434,0.9973890339425587,0.0003,1.0,871.5471787452698
depth4_bal_AAAMAMMM,4,AAAMAMMM,2850,34200,0.0009667449242745837,0.02616250452895959,0.021986110215740543,1.0,0.9973890339425587,0.9951896185255621,0.9973890339425587,0.0003,1.0,879.91224193573
depth4_bal_AAAMAMMM,4,AAAMAMMM,2875,34500,0.0007962184608913958,0.023362318364282448,0.020183307344892196,1.0,0.9960835509138382,0.9957489652086363,0.9973890339425587,0.0003,1.0,888.2221503257751
depth4_bal_AAAMAMMM,4,AAAMAMMM,2900,34800,0.0006608365705081572,0.022553796879947186,0.01922096485005958,1.0,0.9960835509138382,0.9960845732184808,0.9973890339425587,0.0003,1.0,896.6754622459412
depth4_bal_AAAMAMMM,4,AAAMAMMM,2925,35100,0.012415608235945305,0.06381250297029813,0.060194340241806844,1.0,0.9869451697127938,0.9875825036357534,0.9973890339425587,0.0003,1.0,902.1979105472565
depth4_bal_AAAMAMMM,4,AAAMAMMM,2950,35400,0.009867561981081963,0.05145751312375069,0.05283319322126252,1.0,0.9895561357702349,0.9897080210314353,0.9973890339425587,0.0003,1.0,909.752715587616
depth4_bal_AAAMAMMM,4,AAAMAMMM,2975,35700,0.007945222702498237,0.0441491554180781,0.04783759745103972,1.0,0.9921671018276762,0.9911623224074281,0.9973890339425587,0.0003,1.0,912.7911598682404
depth4_bal_AAAMAMMM,4,AAAMAMMM,3000,36000,0.0062704918285210924,0.04128479212522507,0.044178755368505206,1.0,0.9908616187989556,0.9909385837341984,0.9973890339425587,0.0003,1.0,915.9369306564331
depth4_bal_AAAMAMMM,4,AAAMAMMM,3025,36300,0.005231327842921019,0.038096639017264046,0.042117980867624284,1.0,0.9934725848563969,0.9911623224074281,0.9973890339425587,0.0003,1.0,924.1511342525482
depth4_bal_AAAMAMMM,4,AAAMAMMM,3050,36600,0.004159764503128827,0.03470445548494657,0.03881281736705985,1.0,0.9921671018276762,0.991945407763732,0.9973890339425587,0.0003,1.0,932.7294142246246
depth4_bal_AAAMAMMM,4,AAAMAMMM,3075,36900,0.0038340536411851645,0.03143311788638433,0.037000710197857445,1.0,0.9947780678851175,0.9913860610806577,0.9973890339425587,0.0003,1.0,941.1391627788544
depth4_bal_AAAMAMMM,4,AAAMAMMM,3100,37200,0.002808835143999507,0.02953254741926988,0.03252582566014358,1.0,0.9921671018276762,0.9930641011298803,0.9973890339425587,0.0003,1.0,949.5665035247803
depth4_bal_AAAMAMMM,4,AAAMAMMM,3125,37500,0.005127217310170333,0.04349231285353502,0.03483828620186874,1.0,0.9895561357702349,0.9941827944960286,0.9973890339425587,0.0003,1.0,957.7037215232849
depth4_bal_AAAMAMMM,4,AAAMAMMM,3150,37800,0.005463909784642358,0.0446631604184707,0.03620874418744019,1.0,0.9895561357702349,0.9942946638326434,0.9973890339425587,0.0003,1.0,965.9716892242432
depth4_bal_AAAMAMMM,4,AAAMAMMM,3175,38100,0.004687210079282522,0.04003141758342584,0.03332374702606882,1.0,0.9921671018276762,0.9948540105157176,0.9973890339425587,0.0003,1.0,973.791743516922
depth4_bal_AAAMAMMM,4,AAAMAMMM,3200,38400,0.0038614384829998016,0.03768862038850784,0.0305621048701661,1.0,0.9947780678851175,0.9956370958720214,0.9973890339425587,0.0003,1.0,982.2700524330139
depth4_bal_AAAMAMMM,4,AAAMAMMM,3225,38700,0.0033562888856977224,0.03410190468033155,0.027592562059206623,1.0,0.9921671018276762,0.9965320505649401,0.9973890339425587,0.0003,1.0,990.1472012996674
depth4_bal_AAAMAMMM,4,AAAMAMMM,3250,39000,0.002757278697875639,0.029416441296537716,0.025455863108592373,1.0,0.9947780678851175,0.9969795279113994,0.9973890339425587,0.0003,1.0,998.3480610847473
depth4_bal_AAAMAMMM,4,AAAMAMMM,3275,39300,0.0024025883564415076,0.028814008459448814,0.022999249106006963,1.0,0.9973890339425587,0.9976507439310884,0.9973890339425587,0.0003,1.0,1006.2724707126617
depth4_bal_AAAMAMMM,4,AAAMAMMM,3300,39600,0.001872540742624551,0.028239095583558083,0.02223136496863195,1.0,0.9960835509138382,0.9965320505649401,0.9973890339425587,0.0003,1.0,1014.291205406189
depth4_bal_AAAMAMMM,4,AAAMAMMM,3325,39900,0.001904928950049604,0.02932993695139885,0.02212678837989058,1.0,0.9921671018276762,0.9955252265354066,0.9973890339425587,0.0003,1.0,1022.6377019882202
depth4_bal_AAAMAMMM,4,AAAMAMMM,3350,40200,0.001319064962444827,0.0252131304393212,0.019540417646723134,1.0,0.9960835509138382,0.9972032665846291,0.9973890339425587,0.0003,1.0,1031.0069465637207
depth4_bal_AAAMAMMM,4,AAAMAMMM,3375,40500,0.01124543254263699,0.017767316351334255,0.020936579416905132,1.0,1.0,0.9997762613267703,1.0,0.0003,1.0,1039.4545285701752
depth4_bal_AAAMAMMM,4,AAAMAMMM,3400,40800,0.009344339758778611,0.013167462001244227,0.01397936549037695,1.0,1.0,1.0,1.0,0.0003,1.0,1047.8603472709656
depth4_bal_AAAMAMMM,4,AAAMAMMM,3425,41100,0.006898664287291467,0.009258720092475414,0.009478937315621546,1.0,1.0,1.0,1.0,0.0003,1.0,1056.0462131500244
depth4_bal_AAAMAMMM,4,AAAMAMMM,3450,41400,0.005218726466409862,0.006712417583912611,0.0067518843071801326,1.0,1.0,1.0,1.0,0.0003,1.0,1064.2542567253113
depth4_bal_AAAMAMMM,4,AAAMAMMM,3475,41700,0.004027801818059136,0.005202949823190768,0.005116085748055152,1.0,1.0,1.0,1.0,0.0003,1.0,1072.5287945270538
depth4_bal_AAAMAMMM,4,AAAMAMMM,3500,42000,0.0031332538152734437,0.004044104057053725,0.0038697484747639726,1.0,1.0,1.0,1.0,0.0003,1.0,1080.7325887680054
depth4_bal_AAAMAMMM,4,AAAMAMMM,3525,42300,0.002492779186771562,0.0032941432824979224,0.003097407433337399,1.0,1.0,1.0,1.0,0.0003,1.0,1088.4567606449127
depth4_bal_AAAMAMMM,4,AAAMAMMM,3550,42600,0.001996722237284606,0.0024396179554363093,0.002454002826873745,1.0,1.0,1.0,1.0,0.0003,1.0,1096.8378150463104
depth4_bal_AAAMAMMM,4,AAAMAMMM,3575,42900,0.0015626792058659096,0.0019080516649410129,0.0019666597712785006,1.0,1.0,1.0,1.0,0.0003,1.0,1105.2989115715027
depth4_bal_AAAMAMMM,4,AAAMAMMM,3600,43200,0.0012545198357353609,0.0014942573228230078,0.0015372234795774733,1.0,1.0,1.0,1.0,0.0003,1.0,1113.7637271881104
depth4_bal_AAAMAMMM,4,AAAMAMMM,3625,43500,0.0010484508820809424,0.0012514320745443304,0.0012699704550738846,1.0,1.0,1.0,1.0,0.0003,1.0,1122.2414286136627
depth4_bal_AAAMAMMM,4,AAAMAMMM,3650,43800,0.000846705375200448,0.0010581940102080505,0.0010504542267881333,1.0,1.0,1.0,1.0,0.0003,1.0,1130.6936194896698
depth4_bal_AAAMAMMM,4,AAAMAMMM,3675,44100,0.000720100996356147,0.0008527836374317607,0.0008602309839001724,1.0,1.0,1.0,1.0,0.0003,1.0,1138.8853492736816
depth4_bal_AAAMAMMM,4,AAAMAMMM,3700,44400,0.000582380176638253,0.0007354867411777377,0.0007544744310767523,1.0,1.0,1.0,1.0,0.0003,1.0,1147.1522963047028
depth4_bal_AAAMAMMM,4,AAAMAMMM,3725,44700,0.0004992390143646238,0.0006356133962981403,0.000622424072519477,1.0,1.0,1.0,1.0,0.0003,1.0,1155.481999874115
depth4_bal_AAAMAMMM,4,AAAMAMMM,3750,45000,0.0004276135902424964,0.0005552473594434559,0.0005505295279103199,1.0,1.0,1.0,1.0,0.0003,1.0,1163.8457288742065
depth4_bal_AAAMAMMM,4,AAAMAMMM,3775,45300,4.089552938938141,4.1303337415059405,4.105955709729876,0.047976501305483026,0.0391644908616188,0.03960174516165119,1.0,0.0003,1.0,1172.1212885379791
depth4_bal_AAAMAMMM,4,AAAMAMMM,3800,45600,1.3981455465157826,1.381423036257426,1.4196165425436837,0.5456919060052219,0.5169712793733682,0.5445799306410113,1.0,0.0003,1.0,1180.290987253189
depth4_bal_AAAMAMMM,4,AAAMAMMM,3825,45900,0.24890454982717833,0.25659097731113434,0.357859810761043,0.9298302872062664,0.9451697127937336,0.9204609016668531,1.0,0.0003,1.0,1188.5076141357422
depth4_bal_AAAMAMMM,4,AAAMAMMM,3850,46200,0.20733486985166868,0.2645837068557739,0.2699747383594513,0.9321148825065274,0.8994778067885117,0.9080434053026065,1.0,0.0003,1.0,1196.8369970321655
depth4_bal_AAAMAMMM,4,AAAMAMMM,3875,46500,0.028352604092409212,0.04201904187599818,0.0648295413170542,1.0,0.9973890339425587,0.9960845732184808,1.0,0.0003,1.0,1204.8379092216492
depth4_bal_AAAMAMMM,4,AAAMAMMM,3900,46800,0.04437213918815056,0.052965560307105385,0.07234587318130901,0.9993472584856397,1.0,0.997315135921244,1.0,0.0003,1.0,1213.2213778495789
depth4_bal_AAAMAMMM,4,AAAMAMMM,3925,47100,0.03046233579516411,0.04160122821728388,0.06664677294237273,0.9993472584856397,0.9960835509138382,0.995301487862177,1.0,0.0003,1.0,1221.6092438697815
depth4_bal_AAAMAMMM,4,AAAMAMMM,3950,47400,0.4672874907652537,0.3971686859925588,0.40205899051257543,0.8426892950391645,0.856396866840731,0.872692694932319,1.0,0.0003,1.0,1229.9339747428894
depth4_bal_AAAMAMMM,4,AAAMAMMM,3975,47700,0.022882869311918814,0.02923593856394291,0.049739469587802884,0.9996736292428199,1.0,0.9984338292873923,1.0,0.0003,1.0,1238.0431439876556
depth4_bal_AAAMAMMM,4,AAAMAMMM,4000,48000,0.0255717469068865,0.027544455602765083,0.05445974863001279,0.9990208877284595,0.9986945169712794,0.9955252265354066,1.0,0.0003,1.0,1246.462241411209
depth4_bal_AAAMAMMM,4,AAAMAMMM,4025,48300,0.0215519187040627,0.025281884397069614,0.03928167644355978,1.0,1.0,0.9988813066338517,1.0,0.0003,1.0,1254.8355031013489
depth4_bal_AAAMAMMM,4,AAAMAMMM,4050,48600,0.017511855422829587,0.022252197066942852,0.03466766897056784,1.0,1.0,0.998657567960622,1.0,0.0003,1.0,1262.8445584774017
depth4_bal_AAAMAMMM,4,AAAMAMMM,4075,48900,0.05926345971723398,0.05163634568452835,0.061623749030487875,0.9973890339425587,0.9973890339425587,0.995301487862177,1.0,0.0003,1.0,1270.5201098918915
depth4_bal_AAAMAMMM,4,AAAMAMMM,4100,49200,0.025804840959608555,0.030908046911160152,0.04020668321422168,0.9990208877284595,1.0,0.9965320505649401,1.0,0.0003,1.0,1278.8439559936523
depth4_bal_AAAMAMMM,4,AAAMAMMM,4125,49500,0.017455824029942352,0.02012620245416959,0.027752906882337162,0.9996736292428199,1.0,0.9987694372972368,1.0,0.0003,1.0,1287.1569321155548
depth4_bal_AAAMAMMM,4,AAAMAMMM,4150,49800,0.018161569721996784,0.020249538123607635,0.025183206796646117,1.0,1.0,0.9988813066338517,1.0,0.0003,1.0,1290.696477174759
depth4_bal_AAAMAMMM,4,AAAMAMMM,4175,50100,0.014746808058892688,0.017119139432907104,0.022185317160827774,1.0,1.0,0.9988813066338517,1.0,0.0003,1.0,1294.3473348617554
depth4_bal_AAAMAMMM,4,AAAMAMMM,4200,50400,0.012055322217444578,0.014106191384295622,0.01916422617754766,1.0,1.0,0.9988813066338517,1.0,0.0003,1.0,1302.5495698451996
depth4_bal_AAAMAMMM,4,AAAMAMMM,4225,50700,0.33342883239189786,0.3016917109489441,0.3299578206879752,0.9278720626631853,0.9477806788511749,0.9228101577357646,1.0,0.0003,1.0,1310.5147399902344
depth4_bal_AAAMAMMM,4,AAAMAMMM,4250,51000,0.020013174352546532,0.024194543560345966,0.03710966280528477,1.0,1.0,0.998657567960622,1.0,0.0003,1.0,1318.8500881195068
depth4_bal_AAAMAMMM,4,AAAMAMMM,4275,51300,0.01340184531485041,0.015572471233705679,0.026648587440805775,1.0,1.0,0.9988813066338517,1.0,0.0003,1.0,1327.282588005066
depth4_bal_AAAMAMMM,4,AAAMAMMM,4300,51600,0.009816719762360057,0.011642411661644777,0.020013739301690033,1.0,1.0,0.9988813066338517,1.0,0.0003,1.0,1335.8233888149261
depth4_bal_AAAMAMMM,4,AAAMAMMM,4325,51900,0.008128312493984899,0.00927535972247521,0.01594094346676554,1.0,1.0,0.9988813066338517,1.0,0.0003,1.0,1344.2346258163452
depth4_bal_AAAMAMMM,4,AAAMAMMM,4350,52200,0.42825060337781906,0.3275175889333089,0.3553057985646384,0.9543080939947781,0.9647519582245431,0.9582727374426669,1.0,0.0003,1.0,1352.6687641143799
depth4_bal_AAAMAMMM,4,AAAMAMMM,4375,52500,0.018239356111735106,0.020768397798140843,0.026249446932758602,1.0,1.0,0.9988813066338517,1.0,0.0003,1.0,1361.0534994602203
depth4_bal_AAAMAMMM,4,AAAMAMMM,4400,52800,0.014389355744545659,0.016206872649490833,0.022054039048297065,1.0,1.0,0.9988813066338517,1.0,0.0003,1.0,1369.5590934753418
depth4_bal_AAAMAMMM,4,AAAMAMMM,4425,53100,0.45392878353595734,0.36405401428540546,0.36262636610439847,0.8528067885117493,0.9086161879895561,0.9110638773912071,1.0,0.0003,1.0,1377.5097031593323
depth4_bal_AAAMAMMM,4,AAAMAMMM,4450,53400,0.01475844687471787,0.016839261477192242,0.021648658492735454,1.0,1.0,0.9988813066338517,1.0,0.0003,1.0,1385.7295324802399
depth4_bal_AAAMAMMM,4,AAAMAMMM,4475,53700,0.011933738520989815,0.013710427408417067,0.01815486486468996,1.0,1.0,0.9988813066338517,1.0,0.0003,1.0,1393.9488005638123
depth4_bal_AAAMAMMM,4,AAAMAMMM,4500,54000,0.009732370808099708,0.01091282038638989,0.015878322614090782,1.0,1.0,0.9988813066338517,1.0,0.0003,1.0,1402.1802768707275
depth4_bal_AAAMAMMM,4,AAAMAMMM,4525,54300,0.007754126253227393,0.008766724417606989,0.014001127039747579,1.0,1.0,0.9988813066338517,1.0,0.0003,1.0,1410.4309947490692
depth4_bal_AAAMAMMM,4,AAAMAMMM,4550,54600,0.04031515680253506,0.04760023579001427,0.05649609523160117,0.9996736292428199,0.9986945169712794,0.9972032665846291,1.0,0.0003,1.0,1418.55815243721
depth4_bal_AAAMAMMM,4,AAAMAMMM,4575,54900,0.018069684815903504,0.02061399755378564,0.030675948890192168,1.0,1.0,0.9984338292873923,1.0,0.0003,1.0,1426.6795806884766
depth4_bal_AAAMAMMM,4,AAAMAMMM,4600,55200,0.011761951415489117,0.012637952963511149,0.021672482575689045,1.0,1.0,0.9988813066338517,1.0,0.0003,1.0,1434.6443812847137
depth4_bal_AAAMAMMM,4,AAAMAMMM,4625,55500,0.16867251445849737,0.12854082882404327,0.13286906672375542,0.9970626631853786,0.9973890339425587,0.9955252265354066,1.0,0.0003,1.0,1442.993010044098
depth4_bal_AAAMAMMM,4,AAAMAMMM,4650,55800,0.015413274290040135,0.017604903007547062,0.022893107788903373,1.0,1.0,0.9988813066338517,1.0,0.0003,1.0,1451.3163678646088
depth4_bal_AAAMAMMM,4,AAAMAMMM,4675,56100,0.01206987164914608,0.013474171981215477,0.019378438884658473,1.0,1.0,0.9988813066338517,1.0,0.0003,1.0,1459.7284734249115
depth4_bal_AAAMAMMM,4,AAAMAMMM,4700,56400,0.009686446050181985,0.010651773773133755,0.016740368280027593,1.0,1.0,0.9988813066338517,1.0,0.0003,1.0,1467.9400055408478
depth4_bal_AAAMAMMM,4,AAAMAMMM,4725,56700,0.15510035678744316,0.1500177433093389,0.14636070685727257,0.9882506527415144,0.9804177545691906,0.9850095088936123,1.0,0.0003,1.0,1476.0009441375732
depth4_bal_AAAMAMMM,4,AAAMAMMM,4750,57000,0.013499928172677755,0.015881101600825787,0.020818973811609406,1.0,1.0,0.9988813066338517,1.0,0.0003,1.0,1484.3046236038208
depth4_bal_AAAMAMMM,4,AAAMAMMM,4775,57300,0.011306610501681765,0.0125613147392869,0.018080881317811354,1.0,1.0,0.9988813066338517,1.0,0.0003,1.0,1492.7188119888306
depth4_bal_AAAMAMMM,4,AAAMAMMM,4800,57600,0.009119593926394979,0.010065798958142599,0.0159000465380294,1.0,1.0,0.9992169146436961,1.0,0.0003,1.0,1500.9155106544495
depth4_bal_AAAMAMMM,4,AAAMAMMM,4825,57900,0.0077075191074982285,0.009018308793505033,0.015188465666558062,1.0,1.0,0.9992169146436961,1.0,0.0003,1.0,1509.1186113357544
depth4_bal_AAAMAMMM,4,AAAMAMMM,4850,58200,0.006130330652619402,0.006804435358693202,0.013527127062635763,1.0,1.0,0.9992169146436961,1.0,0.0003,1.0,1517.3168098926544
depth4_bal_AAAMAMMM,4,AAAMAMMM,4875,58500,2.5989386836687722,2.6067221959431968,2.606035157612392,0.17036553524804177,0.1462140992167102,0.14990491106387738,1.0,0.0003,1.0,1522.72851395607
depth4_bal_AAAMAMMM,4,AAAMAMMM,4900,58800,2.168611486752828,2.1729066371917725,2.190226255144392,0.256201044386423,0.21671018276762402,0.21132117686542118,1.0,0.0003,1.0,1529.3570084571838
depth4_bal_AAAMAMMM,4,AAAMAMMM,4925,59100,1.8612518608570099,1.898205558458964,1.8807926212038313,0.3005874673629243,0.27676240208877284,0.2975724353954581,1.0,0.0003,1.0,1537.502233505249
depth4_bal_AAAMAMMM,4,AAAMAMMM,4950,59400,1.6909464200337727,1.748413324356079,1.7709920610700334,0.3469321148825065,0.3368146214099217,0.3162546146101354,1.0,0.0003,1.0,1545.334832906723
depth4_bal_AAAMAMMM,4,AAAMAMMM,4975,59700,1.521450360616048,1.5637580553690593,1.6352202824183872,0.40404699738903394,0.37989556135770236,0.377111533728605,1.0,0.0003,1.0,1549.263377904892
depth4_bal_AAAMAMMM,4,AAAMAMMM,5000,60000,1.4014397164185841,1.518998384475708,1.523583653994969,0.4389686684073107,0.36945169712793735,0.4006040944177201,1.0,0.0003,1.0,1554.7385590076447
depth4_bal_AAAMAMMM,4,AAAMAMMM,5025,60300,1.2773216863473256,1.3867361148198445,1.3582607507705688,0.48074412532637073,0.4007832898172324,0.4171607562367155,1.0,0.0003,1.0,1563.1718037128448
depth4_bal_AAAMAMMM,4,AAAMAMMM,5050,60600,1.1862620611985524,1.3086954355239868,1.282987516266959,0.5261096605744126,0.41383812010443866,0.45955923481373756,1.0,0.0003,1.0,1571.1949009895325
depth4_bal_AAAMAMMM,4,AAAMAMMM,5075,60900,1.1652906934420268,1.2502103249231975,1.2485098600387574,0.5179503916449086,0.47127937336814624,0.47141738449490994,1.0,0.0003,1.0,1579.5747754573822
depth4_bal_AAAMAMMM,4,AAAMAMMM,5100,61200,1.1339298685391743,1.2458479007085164,1.23098498412541,0.5264360313315927,0.48825065274151436,0.4647052242980199,1.0,0.0003,1.0,1587.7925322055817
depth4_bal_AAAMAMMM,4,AAAMAMMM,5125,61500,1.0999363263448079,1.2194469372431438,1.1990464925765991,0.5531984334203656,0.4621409921671018,0.4739903792370511,1.0,0.0003,1.0,1595.8630969524384
depth4_bal_AAAMAMMM,4,AAAMAMMM,5150,61800,1.0090476870536804,1.0777256488800049,1.0963265861783709,0.6001958224543081,0.5483028720626631,0.5385389864638103,1.0,0.0003,1.0,1603.332947731018
depth4_bal_AAAMAMMM,4,AAAMAMMM,5175,62100,1.1111064304908116,1.1269742250442505,1.1809523514338902,0.5104438642297651,0.49738903394255873,0.4735429018905918,1.0,0.0003,1.0,1607.1005086898804
depth4_bal_AAAMAMMM,4,AAAMAMMM,5200,62400,1.1226029594739277,1.2701066335042317,1.2438557863235473,0.5195822454308094,0.4516971279373368,0.47018682179214677,1.0,0.0003,1.0,1610.1257441043854
depth4_bal_AAAMAMMM,4,AAAMAMMM,5225,62700,0.9039100060860316,0.8802165985107422,0.9088032756532941,0.6445822454308094,0.6592689295039165,0.6460454189506656,1.0,0.0003,1.0,1613.1261670589447
depth4_bal_AAAMAMMM,4,AAAMAMMM,5250,63000,1.1385585963726044,1.1058732271194458,1.0822790248053415,0.508485639686684,0.5104438642297651,0.532609911623224,1.0,0.0003,1.0,1616.238129377365
depth4_bal_AAAMAMMM,4,AAAMAMMM,5275,63300,0.9279815306266149,0.9575764139493307,1.0003316981451853,0.6005221932114883,0.577023498694517,0.5384271171271955,1.0,0.0003,1.0,1619.8130478858948
depth4_bal_AAAMAMMM,4,AAAMAMMM,5300,63600,1.104783872763316,1.2190843025843303,1.2330991404397147,0.512402088772846,0.47780678851174935,0.46078979751650073,1.0,0.0003,1.0,1622.8178052902222
depth4_bal_AAAMAMMM,4,AAAMAMMM,5325,63900,0.7300827503204346,0.7857210834821066,0.7905940396445138,0.7519582245430809,0.7114882506527415,0.704329343326994,1.0,0.0003,1.0,1629.2497520446777
depth4_bal_AAAMAMMM,4,AAAMAMMM,5350,64200,0.8074812491734823,0.9090543389320374,0.9010105797222683,0.7203002610966057,0.6475195822454308,0.6184136928068017,1.0,0.0003,1.0,1637.322048664093
depth4_bal_AAAMAMMM,4,AAAMAMMM,5375,64500,0.7866499125957489,0.8351008693377177,0.84039409330913,0.693864229765013,0.6684073107049608,0.6633851661259649,1.0,0.0003,1.0,1645.6182374954224
depth4_bal_AAAMAMMM,4,AAAMAMMM,5400,64800,0.911558265487353,1.0447847843170166,1.0551268100738525,0.6109660574412533,0.5039164490861618,0.5121378230227095,1.0,0.0003,1.0,1653.2653806209564
depth4_bal_AAAMAMMM,4,AAAMAMMM,5425,65100,0.7966003318627676,0.8540825843811035,0.8471361483846392,0.6736292428198434,0.6292428198433421,0.6414587761494575,1.0,0.0003,1.0,1661.6883771419525
depth4_bal_AAAMAMMM,4,AAAMAMMM,5450,65400,1.0808223187923431,1.1062684456507366,1.0638727596827915,0.5182767624020888,0.489556135770235,0.5210873699518962,1.0,0.0003,1.0,1669.9506504535675
depth4_bal_AAAMAMMM,4,AAAMAMMM,5475,65700,0.7541317790746689,0.7592916488647461,0.7550102898052761,0.7212793733681462,0.6945169712793734,0.7169705783644703,1.0,0.0003,1.0,1678.1521611213684
depth4_bal_AAAMAMMM,4,AAAMAMMM,5500,66000,0.6993916432062784,0.7750397324562073,0.7435851795332772,0.7359660574412533,0.6671018276762402,0.6917999776261327,1.0,0.0003,1.0,1686.3419303894043
depth4_bal_AAAMAMMM,4,AAAMAMMM,5525,66300,0.8584509690602621,1.0261873801549275,1.0245595523289273,0.6491514360313316,0.5639686684073107,0.5727710034679494,1.0,0.0003,1.0,1694.7131457328796
depth4_bal_AAAMAMMM,4,AAAMAMMM,5550,66600,0.7065702180067698,0.784318188826243,0.7924268671444484,0.7402088772845953,0.6579634464751958,0.6703210649960846,1.0,0.0003,1.0,1702.6731684207916
depth4_bal_AAAMAMMM,4,AAAMAMMM,5575,66900,0.7574459811051687,0.7102320790290833,0.7138397778783526,0.7356396866840731,0.7898172323759791,0.7838684416601409,1.0,0.0003,1.0,1710.9749381542206
depth4_bal_AAAMAMMM,4,AAAMAMMM,5600,67200,0.9819172521432241,1.012713114420573,0.9769690275192261,0.5714751958224543,0.5639686684073107,0.5938024387515382,1.0,0.0003,1.0,1719.1472358703613
depth4_bal_AAAMAMMM,4,AAAMAMMM,5625,67500,0.6353137691815695,0.8008473515510559,0.7617219499179295,0.8058093994778068,0.6684073107049608,0.7130551515829511,1.0,0.0003,1.0,1727.6001772880554
depth4_bal_AAAMAMMM,4,AAAMAMMM,5650,67800,0.6112122784058253,0.6392364700635275,0.6418812956128802,0.8120104438642297,0.7911227154046997,0.7804004922250811,1.0,0.0003,1.0,1735.9870319366455
depth4_bal_AAAMAMMM,4,AAAMAMMM,5675,68100,0.864452968041102,0.8396854201952616,0.8494493791035244,0.6181462140992167,0.6383812010443864,0.6270276317261438,1.0,0.0003,1.0,1744.4535098075867
depth4_bal_AAAMAMMM,4,AAAMAMMM,5700,68400,0.8357707262039185,0.9916521708170573,0.9865614243916103,0.631201044386423,0.5587467362924282,0.5600178990938584,1.0,0.0003,1.0,1753.0643482208252
depth4_bal_AAAMAMMM,4,AAAMAMMM,5725,68700,0.8342412263154984,0.7799378236134847,0.7915831106049674,0.6484986945169713,0.6618798955613577,0.6594697393444456,1.0,0.0003,1.0,1761.0540974140167
depth4_bal_AAAMAMMM,4,AAAMAMMM,5750,69000,0.7699653506278992,0.7730883955955505,0.7978548628943307,0.691579634464752,0.6723237597911227,0.6683074169370176,1.0,0.0003,1.0,1769.3776643276215
depth4_bal_AAAMAMMM,4,AAAMAMMM,5775,69300,1.4981015920639038,1.594729741414388,1.6030396597726004,0.4112271540469974,0.370757180156658,0.353507103702875,1.0,0.0003,1.0,1777.9187960624695
depth4_bal_AAAMAMMM,4,AAAMAMMM,5800,69600,0.7967178076505661,0.7629729708035787,0.7762448464121138,0.6968015665796344,0.7271540469973891,0.6963866204273409,1.0,0.0003,1.0,1786.3897500038147
depth4_bal_AAAMAMMM,4,AAAMAMMM,5825,69900,0.5731258591016134,0.6402538220087687,0.6353400145258222,0.8537859007832899,0.7741514360313316,0.7852108736995189,1.0,0.0003,1.0,1794.9386882781982
depth4_bal_AAAMAMMM,4,AAAMAMMM,5850,70200,0.7389931281407675,0.7273345390955607,0.7205453838620867,0.7085509138381201,0.7127937336814621,0.7162993623447813,1.0,0.0003,1.0,1803.460167169571
depth4_bal_AAAMAMMM,4,AAAMAMMM,5875,70500,0.8025556554396948,0.8324836492538452,0.8124801908220564,0.6595953002610966,0.6266318537859008,0.6637207741358093,1.0,0.0003,1.0,1809.940233707428
depth4_bal_AAAMAMMM,4,AAAMAMMM,5900,70800,0.7481101304292679,0.7626941998799642,0.7724323306764875,0.7023498694516971,0.6553524804177546,0.6696498489763956,1.0,0.0003,1.0,1813.0980353355408
depth4_bal_AAAMAMMM,4,AAAMAMMM,5925,71100,0.7345209866762161,0.6907315254211426,0.7048080001558577,0.7039817232375979,0.7323759791122716,0.7248014319275087,1.0,0.0003,1.0,1820.2181539535522
depth4_bal_AAAMAMMM,4,AAAMAMMM,5950,71400,0.6478634426991144,0.6891699830691019,0.6722931998116629,0.8302872062663186,0.7963446475195822,0.8214565387627252,1.0,0.0003,1.0,1828.374362707138
depth4_bal_AAAMAMMM,4,AAAMAMMM,5975,71700,0.7047320157289505,0.6908352375030518,0.6762307252202715,0.741514360313316,0.7728459530026109,0.7920349032330238,1.0,0.0003,1.0,1836.5195569992065
depth4_bal_AAAMAMMM,4,AAAMAMMM,6000,72000,0.6811256309350332,0.7057561079661051,0.6987835611615862,0.7924281984334204,0.7663185378590078,0.7856583510459783,1.0,0.0003,1.0,1844.69530916214
depth4_bal_AAAMAMMM,4,AAAMAMMM,6025,72300,0.7284913063049316,0.8128713170687357,0.8073227507727486,0.7232375979112271,0.643603133159269,0.6387739120707014,1.0,0.0003,1.0,1848.0884630680084
depth4_bal_AAAMAMMM,4,AAAMAMMM,6050,72600,0.6647984037796656,0.6526881456375122,0.6547120196478707,0.7591383812010444,0.7702349869451697,0.7721221613155834,1.0,0.0003,1.0,1854.4887936115265
depth4_bal_AAAMAMMM,4,AAAMAMMM,6075,72900,0.5541353027025858,0.6222915450731913,0.6304332648004805,0.8785900783289817,0.8002610966057441,0.8113882984673901,1.0,0.0003,1.0,1862.8457272052765
depth4_bal_AAAMAMMM,4,AAAMAMMM,6100,73200,1.1009651124477386,1.794394612312317,1.806899731499808,0.5296997389033943,0.29765013054830286,0.2804564268933885,1.0,0.0003,1.0,1870.9715309143066
depth4_bal_AAAMAMMM,4,AAAMAMMM,6125,73500,0.758804440498352,0.7352269689242045,0.7491430469921657,0.7261749347258486,0.7702349869451697,0.7593690569414924,1.0,0.0003,1.0,1879.183866262436
depth4_bal_AAAMAMMM,4,AAAMAMMM,6150,73800,0.5734004924694697,0.6589015126228333,0.6552385636738368,0.8528067885117493,0.7676240208877284,0.7652981317820785,1.0,0.0003,1.0,1887.2018105983734
depth4_bal_AAAMAMMM,4,AAAMAMMM,6175,74100,0.8489722460508347,0.8988731503486633,0.8682070749146598,0.6514360313315927,0.5913838120104439,0.6230003356080098,1.0,0.0003,1.0,1895.0649547576904
depth4_bal_AAAMAMMM,4,AAAMAMMM,6200,74400,0.6266373296578726,0.6185905933380127,0.6279301609311785,0.8113577023498695,0.8276762402088773,0.8213446694261103,1.0,0.0003,1.0,1903.4259400367737
depth4_bal_AAAMAMMM,4,AAAMAMMM,6225,74700,0.6747331221898397,0.653757115205129,0.6445242217608861,0.7695822454308094,0.7728459530026109,0.8003132341425215,1.0,0.0003,1.0,1911.6725404262543
depth4_bal_AAAMAMMM,4,AAAMAMMM,6250,75000,0.6032527734835943,0.6872332294782003,0.670383392061506,0.8221279373368147,0.7571801566579635,0.7802886228884662,1.0,0.0003,1.0,1919.8700366020203
depth4_bal_AAAMAMMM,4,AAAMAMMM,6275,75300,0.9496467063824335,0.8435155749320984,0.8504408819334848,0.6057441253263708,0.6383812010443864,0.6291531491218257,1.0,0.0003,1.0,1928.185875415802
depth4_bal_AAAMAMMM,4,AAAMAMMM,6300,75600,0.6578850249449412,0.6682812372843424,0.66249737569264,0.7653394255874674,0.7571801566579635,0.7607114889808704,1.0,0.0003,1.0,1936.4234063625336
depth4_bal_AAAMAMMM,4,AAAMAMMM,6325,75900,0.685333326458931,0.6740161577860514,0.6719432098524911,0.7689295039164491,0.7780678851174935,0.8018794048551292,1.0,0.0003,1.0,1944.6436419487
depth4_bal_AAAMAMMM,4,AAAMAMMM,6350,76200,0.7807073444128036,0.7612408995628357,0.7931391477584839,0.6631853785900783,0.6801566579634465,0.6782637878957378,1.0,0.0003,1.0,1952.6532380580902
depth4_bal_AAAMAMMM,4,AAAMAMMM,6375,76500,0.6373662898937861,0.7981570164362589,0.7655959589140756,0.7676240208877284,0.6331592689295039,0.6609240407204385,1.0,0.0003,1.0,1960.8981873989105
depth4_bal_AAAMAMMM,4,AAAMAMMM,6400,76800,0.8983897268772125,0.9422349731127421,0.9327124953269958,0.6445822454308094,0.6109660574412533,0.6406756907931536,1.0,0.0003,1.0,1969.215244293213
depth4_bal_AAAMAMMM,4,AAAMAMMM,6425,77100,0.729172815879186,0.8165317376454672,0.7977577481951033,0.7362924281984334,0.6684073107049608,0.6812842599843383,1.0,0.0003,1.0,1977.4269759654999
depth4_bal_AAAMAMMM,4,AAAMAMMM,6450,77400,0.5802183896303177,0.6520825425783793,0.6651440364973885,0.816579634464752,0.7689295039164491,0.753551851437521,1.0,0.0003,1.0,1985.9352600574493
depth4_bal_AAAMAMMM,4,AAAMAMMM,6475,77700,0.7545515100161234,0.7963835795720419,0.7997007114546639,0.7046344647519582,0.6775456919060052,0.6692023716299362,1.0,0.0003,1.0,1993.6574721336365
depth4_bal_AAAMAMMM,4,AAAMAMMM,6500,78000,0.8170057733853658,0.9283332626024882,0.8817911965506418,0.6465404699738904,0.5822454308093995,0.6070030204720887,1.0,0.0003,1.0,2001.8016021251678
depth4_bal_AAAMAMMM,4,AAAMAMMM,6525,78300,0.8155544549226761,0.7899868488311768,0.791859689780644,0.6507832898172323,0.6840731070496083,0.6885557668643025,1.0,0.0003,1.0,2010.091863155365
depth4_bal_AAAMAMMM,4,AAAMAMMM,6550,78600,0.8947225660085678,1.0301872889200847,0.9873570220811027,0.6018276762402088,0.5378590078328982,0.5618078084796957,1.0,0.0003,1.0,2017.7533197402954
depth4_bal_AAAMAMMM,4,AAAMAMMM,6575,78900,0.8944494128227234,1.161322553952535,1.183383802005223,0.6067232375979112,0.47127937336814624,0.450497818547936,1.0,0.0003,1.0,2020.7387697696686
depth4_bal_AAAMAMMM,4,AAAMAMMM,6600,79200,0.572651649514834,0.6144493619600931,0.6301444138799395,0.8381201044386423,0.7976501305483029,0.7887906924711936,1.0,0.0003,1.0,2023.7119944095612
depth4_bal_AAAMAMMM,4,AAAMAMMM,6625,79500,0.6845370531082153,0.7265546719233195,0.7175186651093619,0.779373368146214,0.7610966057441253,0.7573554088824254,1.0,0.0003,1.0,2026.6939420700073
depth4_bal_AAAMAMMM,4,AAAMAMMM,6650,79800,0.7355149785677592,1.1282273530960083,1.1169611488069806,0.6984334203655352,0.4451697127937337,0.46884438975276876,1.0,0.0003,1.0,2034.1540279388428
depth4_bal_AAAMAMMM,4,AAAMAMMM,6675,80100,0.5514723161856333,0.613832692305247,0.6073559931346348,0.8658616187989556,0.7976501305483029,0.8173173733079763,1.0,0.0003,1.0,2042.5311214923859
depth4_bal_AAAMAMMM,4,AAAMAMMM,6700,80400,0.5981461654106776,0.7737571994463602,0.7548811742237636,0.7901436031331592,0.6814621409921671,0.6668531155610248,1.0,0.0003,1.0,2050.782133102417
depth4_bal_AAAMAMMM,4,AAAMAMMM,6725,80700,0.8795371154944102,0.9318175514539083,0.9086039543151856,0.6282637075718016,0.5744125326370757,0.5921243987023157,1.0,0.0003,1.0,2059.2873570919037
depth4_bal_AAAMAMMM,4,AAAMAMMM,6750,81000,0.8427196443080902,0.8779329061508179,0.8525044901030404,0.6233681462140992,0.5926892950391645,0.616176306074505,1.0,0.0003,1.0,2067.6796045303345
depth4_bal_AAAMAMMM,4,AAAMAMMM,6775,81300,0.8830633213122686,0.8382020195325216,0.8393005728721619,0.6194516971279374,0.6409921671018277,0.6500727150687996,1.0,0.0003,1.0,2076.067075252533
depth4_bal_AAAMAMMM,4,AAAMAMMM,6800,81600,0.7874818295240402,0.7965799768765768,0.8020259124892098,0.6778720626631853,0.685378590078329,0.6700973263228549,1.0,0.0003,1.0,2084.4468915462494
depth4_bal_AAAMAMMM,4,AAAMAMMM,6825,81900,1.007391442855199,1.130805214246114,1.1563139574868337,0.5659268929503917,0.5,0.4973710705895514,1.0,0.0003,1.0,2092.8679893016815
depth4_bal_AAAMAMMM,4,AAAMAMMM,6850,82200,0.5100175589323044,0.5447044968605042,0.5363071833338057,0.9024151436031331,0.8877284595300261,0.8933885222060634,1.0,0.0003,1.0,2101.2388718128204
depth4_bal_AAAMAMMM,4,AAAMAMMM,6875,82500,0.7257789174715678,0.7516463200251261,0.7469977855682373,0.7137728459530026,0.6788511749347258,0.6911287616064437,1.0,0.0003,1.0,2109.291177034378
depth4_bal_AAAMAMMM,4,AAAMAMMM,6900,82800,0.7368370791276296,0.8224197824796041,0.8550212621688843,0.7284595300261096,0.660574412532637,0.6378789573777828,1.0,0.0003,1.0,2112.2880148887634
depth4_bal_AAAMAMMM,4,AAAMAMMM,6925,83100,0.7736921161413193,0.7165849010149637,0.7029719114303589,0.6876631853785901,0.7154046997389034,0.734645933549614,1.0,0.0003,1.0,2115.3997468948364
depth4_bal_AAAMAMMM,4,AAAMAMMM,6950,83400,0.800716703136762,0.8331136107444763,0.8309859224728176,0.6592689295039165,0.6501305483028721,0.6422418615057612,1.0,0.0003,1.0,2118.5886051654816
depth4_bal_AAAMAMMM,4,AAAMAMMM,6975,83700,0.8590779900550842,0.8022566239039103,0.7985225370952062,0.6298955613577023,0.6762402088772846,0.6647275981653429,1.0,0.0003,1.0,2126.5839846134186
depth4_bal_AAAMAMMM,4,AAAMAMMM,7000,84000,0.8539097855488459,0.8914421598116556,0.8856673751558576,0.6161879895561357,0.587467362924282,0.6011858149681173,1.0,0.0003,1.0,2134.994694709778
depth4_bal_AAAMAMMM,4,AAAMAMMM,7025,84300,0.7122422307729721,0.8081280986467997,0.7871438043458121,0.7317232375979112,0.6684073107049608,0.6679718089271731,1.0,0.0003,1.0,2143.4537637233734
depth4_bal_AAAMAMMM,4,AAAMAMMM,7050,84600,0.8438094109296799,0.9824163118998209,0.9484637345586504,0.6657963446475196,0.5378590078328982,0.5726591341313346,1.0,0.0003,1.0,2151.712024450302
depth4_bal_AAAMAMMM,4,AAAMAMMM,7075,84900,0.7622775137424469,0.9834014574686686,0.9985182319368635,0.6879895561357703,0.5574412532637075,0.5314912182570757,1.0,0.0003,1.0,2159.6482453346252
depth4_bal_AAAMAMMM,4,AAAMAMMM,7100,85200,0.7729155917962393,0.8987295826276144,0.8655428869383676,0.6850522193211488,0.5757180156657964,0.6125964873028303,1.0,0.0003,1.0,2167.3363173007965
depth4_bal_AAAMAMMM,4,AAAMAMMM,7125,85500,0.5532002449035645,0.6234922011693319,0.6345995903015137,0.868798955613577,0.783289817232376,0.7889025618078085,1.0,0.0003,1.0,2175.4721064567566
depth4_bal_AAAMAMMM,4,AAAMAMMM,7150,85800,0.7693185855944952,0.8520222107569376,0.8261732561247689,0.6778720626631853,0.6096605744125326,0.6426893388522206,1.0,0.0003,1.0,2183.728460073471
depth4_bal_AAAMAMMM,4,AAAMAMMM,7175,86100,0.7706470439831415,0.9939177831013998,0.9738167268889291,0.6700391644908616,0.5574412532637075,0.5651638885781407,1.0,0.0003,1.0,2191.9225776195526
depth4_bal_AAAMAMMM,4,AAAMAMMM,7200,86400,0.8103001117706299,0.8264575997988383,0.812660196849278,0.6909268929503917,0.6710182767624021,0.6864302494686206,1.0,0.0003,1.0,2200.4039866924286
depth4_bal_AAAMAMMM,4,AAAMAMMM,7225,86700,0.5608104566733042,0.5921199719111124,0.5883468406541007,0.8714099216710183,0.8511749347258486,0.8554648170936346,1.0,0.0003,1.0,2208.7326471805573
depth4_bal_AAAMAMMM,4,AAAMAMMM,7250,87000,0.8449209034442902,0.8308303753534952,0.8276106340544565,0.6602480417754569,0.6762402088772846,0.6860946414587762,1.0,0.0003,1.0,2217.0035572052
depth4_bal_AAAMAMMM,4,AAAMAMMM,7275,87300,0.603632003068924,0.6551244457562765,0.6730797120503017,0.8273498694516971,0.7702349869451697,0.7765969347801768,1.0,0.0003,1.0,2225.3178527355194
depth4_bal_AAAMAMMM,4,AAAMAMMM,7300,87600,0.643911416331927,0.6848054726918539,0.7031062398638044,0.7486945169712794,0.7180156657963447,0.7093634634746616,1.0,0.0003,1.0,2233.714565515518
depth4_bal_AAAMAMMM,4,AAAMAMMM,7325,87900,0.746827224890391,0.825800875822703,0.7992184945515224,0.7180156657963447,0.6370757180156658,0.6677480702539434,1.0,0.0003,1.0,2241.9182312488556
depth4_bal_AAAMAMMM,4,AAAMAMMM,7350,88200,0.5846321036418279,0.6796308755874634,0.6658877423831395,0.839425587467363,0.737597911227154,0.7565723235261215,1.0,0.0003,1.0,2249.8868069648743
depth4_bal_AAAMAMMM,4,AAAMAMMM,7375,88500,0.8108703146378199,0.7607741554578146,0.7582016280719213,0.6641644908616188,0.6736292428198434,0.684192862736324,1.0,0.0003,1.0,2258.330372571945
depth4_bal_AAAMAMMM,4,AAAMAMMM,7400,88800,0.9239974071582159,0.8979419072469076,0.8811459473201206,0.5920365535248042,0.6135770234986945,0.61282022597606,1.0,0.0003,1.0,2266.713627576828
depth4_bal_AAAMAMMM,4,AAAMAMMM,7425,89100,0.7774446656306585,0.8180431723594666,0.8109592165265764,0.7049608355091384,0.685378590078329,0.6892269828839915,1.0,0.0003,1.0,2274.576196670532
depth4_bal_AAAMAMMM,4,AAAMAMMM,7450,89400,0.7474210460980734,0.7797417839368185,0.7608149749892098,0.7121409921671018,0.6879895561357703,0.6960510124174963,1.0,0.0003,1.0,2282.7471721172333
depth4_bal_AAAMAMMM,4,AAAMAMMM,7475,89700,0.7031133075555166,0.7044819196065267,0.7010439361844744,0.7852480417754569,0.7924281984334204,0.8043405302606556,1.0,0.0003,1.0,2291.098890066147
depth4_bal_AAAMAMMM,4,AAAMAMMM,7500,90000,0.5907871027787527,0.6893642147382101,0.6742639763014657,0.8038511749347258,0.7323759791122716,0.7310661147779394,1.0,0.0003,1.0,2299.0670504570007
depth4_bal_AAAMAMMM,4,AAAMAMMM,7525,90300,0.779447024067243,0.8068186243375143,0.8178153140204293,0.6680809399477807,0.6618798955613577,0.6506320617518738,1.0,0.0003,1.0,2307.3192236423492
depth4_bal_AAAMAMMM,4,AAAMAMMM,7550,90600,0.6415467858314514,0.74861212571462,0.7356638159070696,0.7764360313315927,0.6892950391644909,0.6943729723682739,1.0,0.0003,1.0,2315.4786162376404
depth4_bal_AAAMAMMM,4,AAAMAMMM,7575,90900,0.8099817633628845,0.9149864117304484,0.9319945045879909,0.6635117493472585,0.5796344647519582,0.5830629824365141,1.0,0.0003,1.0,2323.742274284363
depth4_bal_AAAMAMMM,4,AAAMAMMM,7600,91200,0.6916341334581375,0.9920048316319784,0.9758810945919582,0.7258485639686684,0.5443864229765013,0.5644926725584517,1.0,0.0003,1.0,2331.9016008377075
depth4_bal_AAAMAMMM,4,AAAMAMMM,7625,91500,0.9903673678636551,0.9731207688649496,0.9559564777782985,0.570822454308094,0.5509138381201044,0.5727710034679494,1.0,0.0003,1.0,2340.085582256317
depth4_bal_AAAMAMMM,4,AAAMAMMM,7650,91800,0.7427388528982798,0.7093448638916016,0.7171425018991743,0.7056135770234987,0.7610966057441253,0.7478465152701644,1.0,0.0003,1.0,2348.281103849411
depth4_bal_AAAMAMMM,4,AAAMAMMM,7675,92100,0.7785466959079107,0.8760967254638672,0.8720558473042079,0.6710182767624021,0.6161879895561357,0.6176306074504978,1.0,0.0003,1.0,2356.598436832428
depth4_bal_AAAMAMMM,4,AAAMAMMM,7700,92400,0.8974560350179672,0.8536978165308634,0.8525669932365417,0.6223890339425587,0.6370757180156658,0.6458216802774359,1.0,0.0003,1.0,2364.79908823967
depth4_bal_AAAMAMMM,4,AAAMAMMM,7725,92700,0.7751260747512182,0.6920686960220337,0.687919909613473,0.6824412532637075,0.7610966057441253,0.7767088041167916,1.0,0.0003,1.0,2373.0293815135956
depth4_bal_AAAMAMMM,4,AAAMAMMM,7750,93000,0.5747350007295609,0.6266292134920756,0.6212700588362557,0.8609660574412533,0.839425587467363,0.8308535630383712,1.0,0.0003,1.0,2381.1092348098755
depth4_bal_AAAMAMMM,4,AAAMAMMM,7775,93300,0.5928465823332468,0.6420437892278036,0.6206202370779855,0.8156005221932114,0.7689295039164491,0.7774918894730954,1.0,0.0003,1.0,2389.5518679618835
depth4_bal_AAAMAMMM,4,AAAMAMMM,7800,93600,1.0520588159561157,1.2130778233210247,1.2076866490500313,0.5525456919060052,0.48825065274151436,0.49490994518402504,1.0,0.0003,1.0,2397.870322704315
depth4_bal_AAAMAMMM,4,AAAMAMMM,7825,93900,0.8372186173995336,0.8900612195332845,0.8672830905233111,0.6403394255874674,0.5992167101827677,0.6200917328560241,1.0,0.0003,1.0,2406.2858939170837
depth4_bal_AAAMAMMM,4,AAAMAMMM,7850,94200,0.7589907695849737,0.8067093292872111,0.8121397239821297,0.6857049608355091,0.6657963446475196,0.6704329343326995,1.0,0.0003,1.0,2414.64887714386
depth4_bal_AAAMAMMM,4,AAAMAMMM,7875,94500,1.2479260861873627,1.0662542581558228,1.0511732816696167,0.47715404699738906,0.5156657963446475,0.5162769884774583,1.0,0.0003,1.0,2422.5662927627563
depth4_bal_AAAMAMMM,4,AAAMAMMM,7900,94800,0.8755619575579962,0.9827150901158651,0.9832311340740749,0.6377284595300261,0.5600522193211488,0.5564380803221837,1.0,0.0003,1.0,2430.9112651348114
depth4_bal_AAAMAMMM,4,AAAMAMMM,7925,95100,0.7797098954518636,0.7900219758351644,0.7729557394981384,0.6768929503916449,0.674934725848564,0.6837453853898646,1.0,0.0003,1.0,2439.2421860694885
depth4_bal_AAAMAMMM,4,AAAMAMMM,7950,95400,0.7115206867456436,0.6940644184748331,0.715793604510171,0.731396866840731,0.741514360313316,0.721221613155834,1.0,0.0003,1.0,2447.5065472126007
depth4_bal_AAAMAMMM,4,AAAMAMMM,7975,95700,0.7506826718648275,0.7855714360872904,0.8228483608790806,0.6821148825065274,0.6788511749347258,0.6580154379684529,1.0,0.0003,1.0,2455.484995365143
depth4_bal_AAAMAMMM,4,AAAMAMMM,8000,96000,0.5600579728682836,0.578321099281311,0.5883795091084072,0.8671671018276762,0.8668407310704961,0.860610806577917,1.0,0.0003,1.0,2463.5412740707397
depth4_bal_AAAMAMMM,4,AAAMAMMM,8025,96300,0.6211653153101603,0.6472413142522176,0.6508904508181981,0.8031984334203656,0.779373368146214,0.7833090949770668,1.0,0.0003,1.0,2472.05238199234
depth4_bal_AAAMAMMM,4,AAAMAMMM,8050,96600,0.5428177366654078,0.5827997525533041,0.576634817464011,0.9056788511749347,0.8668407310704961,0.8845508446134914,1.0,0.0003,1.0,2478.511693239212
depth4_bal_AAAMAMMM,4,AAAMAMMM,8075,96900,0.6299625585476557,0.8849255045255026,0.8910621779305594,0.7764360313315927,0.6148825065274152,0.6142745273520528,1.0,0.0003,1.0,2482.928491592407
depth4_bal_AAAMAMMM,4,AAAMAMMM,8100,97200,0.5964021881421407,0.5998298128445944,0.6027041264942714,0.8384464751958225,0.8420365535248042,0.8361114218592683,1.0,0.0003,1.0,2491.226084470749
depth4_bal_AAAMAMMM,4,AAAMAMMM,8125,97500,0.7322729925314585,0.7263768911361694,0.7243355189050947,0.7245430809399478,0.7101827676240209,0.7262557333035015,1.0,0.0003,1.0,2499.539674282074
depth4_bal_AAAMAMMM,4,AAAMAMMM,8150,97800,0.7905783851941427,0.9333355824152628,0.9282404235431126,0.6922323759791122,0.6018276762402088,0.5990602975724354,1.0,0.0003,1.0,2507.792202234268
depth4_bal_AAAMAMMM,4,AAAMAMMM,8175,98100,0.8009207099676132,0.8725836475690206,0.8687433413096837,0.6484986945169713,0.6266318537859008,0.6280344557556774,1.0,0.0003,1.0,2516.0211930274963
depth4_bal_AAAMAMMM,4,AAAMAMMM,8200,98400,1.0267834514379501,1.1914231379826863,1.2142072677612306,0.5851827676240209,0.49869451697127937,0.4785770220382593,1.0,0.0003,1.0,2519.7846813201904
depth4_bal_AAAMAMMM,4,AAAMAMMM,8225,98700,0.6398856788873672,0.6425264875094095,0.6453732184001377,0.7976501305483029,0.7872062663185379,0.7981877167468396,1.0,0.0003,1.0,2522.949696302414
depth4_bal_AAAMAMMM,4,AAAMAMMM,8250,99000,0.8817212283611298,0.9272039731343588,0.8930357575416565,0.6351174934725848,0.5848563968668408,0.6376552187045531,1.0,0.0003,1.0,2525.978391647339
depth4_bal_AAAMAMMM,4,AAAMAMMM,8275,99300,0.5644455105066299,0.6180393894513448,0.6194579499108451,0.8776109660574413,0.8276762402088773,0.8297348696722229,1.0,0.0003,1.0,2529.034426689148
depth4_bal_AAAMAMMM,4,AAAMAMMM,8300,99600,0.8257832229137421,0.8402602473894755,0.8491287350654602,0.6400130548302873,0.6318537859007833,0.6189730394898758,1.0,0.0003,1.0,2532.0698041915894
depth4_bal_AAAMAMMM,4,AAAMAMMM,8325,99900,0.5800221115350723,0.5989810228347778,0.610737315246037,0.8175587467362925,0.8224543080939948,0.7990826714397583,1.0,0.0003,1.0,2535.2220270633698
depth4_bal_AAAMAMMM,4,AAAMAMMM,8350,100200,0.7574054102102915,0.8861452142397562,0.8536195806094579,0.6847258485639687,0.6005221932114883,0.6308311891710482,1.0,0.0003,1.0,2538.280879497528
depth4_bal_AAAMAMMM,4,AAAMAMMM,8375,100500,0.6263468712568283,0.7216743230819702,0.7312396492276872,0.8090731070496083,0.7232375979112271,0.711153372860499,1.0,0.0003,1.0,2542.1611223220825
depth4_bal_AAAMAMMM,4,AAAMAMMM,8400,100800,1.0256721874078114,0.8307193716367086,0.8352621844836644,0.5642950391644909,0.7023498694516971,0.6980646604765633,1.0,0.0003,1.0,2550.438648223877
depth4_bal_AAAMAMMM,4,AAAMAMMM,8425,101100,0.8479626874128977,0.9166361093521118,0.9387965900557381,0.6713446475195822,0.5992167101827677,0.5705336167356527,1.0,0.0003,1.0,2558.7060148715973
depth4_bal_AAAMAMMM,4,AAAMAMMM,8450,101400,0.5882403949896494,0.6621988217035929,0.6611175468989781,0.8733681462140992,0.7976501305483029,0.7994182794496029,1.0,0.0003,1.0,2567.056938648224
depth4_bal_AAAMAMMM,4,AAAMAMMM,8475,101700,0.7852586507797241,0.879933496316274,0.8240317497934614,0.662532637075718,0.5678851174934726,0.6332923145765745,1.0,0.0003,1.0,2575.397037267685
depth4_bal_AAAMAMMM,4,AAAMAMMM,8500,102000,0.8488467733065287,0.7921624183654785,0.8040540507861547,0.641644908616188,0.6631853785900783,0.6497371070589552,1.0,0.0003,1.0,2583.5515756607056
depth4_bal_AAAMAMMM,4,AAAMAMMM,8525,102300,0.660495455066363,0.7122424642244974,0.7007602555411202,0.737597911227154,0.7075718015665796,0.7222284371853674,1.0,0.0003,1.0,2593.1913800239563
depth4_bal_AAAMAMMM,4,AAAMAMMM,8550,102600,0.8560637831687927,0.7329047322273254,0.7380553705351693,0.6478459530026109,0.7323759791122716,0.7294999440653317,1.0,0.0003,1.0,2601.4668066501617
depth4_bal_AAAMAMMM,4,AAAMAMMM,8575,102900,0.6395226816336314,0.7096737424532572,0.7042502794946943,0.7914490861618799,0.7271540469973891,0.7231233918782861,1.0,0.0003,1.0,2609.7152609825134
depth4_bal_AAAMAMMM,4,AAAMAMMM,8600,103200,0.7437079648176829,0.7584031621615092,0.7607055561883109,0.693864229765013,0.6840731070496083,0.6872133348249245,1.0,0.0003,1.0,2618.1946260929108
depth4_bal_AAAMAMMM,4,AAAMAMMM,8625,103500,0.874505822857221,1.3190144300460815,1.243727013042995,0.6279373368146214,0.4386422976501306,0.44434500503412017,1.0,0.0003,1.0,2625.6067538261414
depth4_bal_AAAMAMMM,4,AAAMAMMM,8650,103800,0.562832256158193,0.6283877094586691,0.6285332424300057,0.8736945169712794,0.804177545691906,0.8134019465264571,1.0,0.0003,1.0,2628.6241483688354
depth4_bal_AAAMAMMM,4,AAAMAMMM,8675,104100,0.6426663448413213,0.6527668237686157,0.6480954783303398,0.77088772845953,0.7872062663185379,0.7903568631838013,1.0,0.0003,1.0,2631.6339905261993
depth4_bal_AAAMAMMM,4,AAAMAMMM,8700,104400,0.6449539661407471,0.6842374006907145,0.6869688817432948,0.8149477806788512,0.779373368146214,0.7654100011186934,1.0,0.0003,1.0,2634.7608621120453
depth4_bal_AAAMAMMM,4,AAAMAMMM,8725,104700,0.5544425199429194,0.5837592879931132,0.57890944480896,0.8273498694516971,0.793733681462141,0.8081440877055599,1.0,0.0003,1.0,2638.539970636368
depth4_bal_AAAMAMMM,4,AAAMAMMM,8750,105000,0.7491962214310964,0.9240324099858602,0.9047410896846226,0.6932114882506527,0.5992167101827677,0.6075623671551628,1.0,0.0003,1.0,2646.405998468399
depth4_bal_AAAMAMMM,4,AAAMAMMM,8775,105300,0.6076907366514206,0.6689152518908182,0.6800139546394348,0.7930809399477807,0.7545691906005222,0.7478465152701644,1.0,0.0003,1.0,2652.2148158550262
depth4_bal_AAAMAMMM,4,AAAMAMMM,8800,105600,0.7868431409200033,0.8128425280253092,0.7932000160217285,0.6762402088772846,0.660574412532637,0.6719991050453071,1.0,0.0003,1.0,2660.4370908737183
depth4_bal_AAAMAMMM,4,AAAMAMMM,8825,105900,0.9726985295613607,0.9768655101458231,0.9964455945151193,0.5959530026109661,0.5861618798955613,0.5748965208636313,1.0,0.0003,1.0,2668.805132627487
depth4_bal_AAAMAMMM,4,AAAMAMMM,8850,106200,0.5137673219045004,0.5694360335667928,0.5569783874920436,0.9200391644908616,0.8694516971279374,0.8849983219599508,1.0,0.0003,1.0,2677.0070385932922
depth4_bal_AAAMAMMM,4,AAAMAMMM,8875,106500,1.0567505707343419,1.5689677794774373,1.6512606722967966,0.5522193211488251,0.39556135770234985,0.3960174516165119,1.0,0.0003,1.0,2681.1470551490784
depth4_bal_AAAMAMMM,4,AAAMAMMM,8900,106800,0.8006378412246704,0.8767347931861877,0.8715671181678772,0.6635117493472585,0.608355091383812,0.6284819331021367,1.0,0.0003,1.0,2689.0940132141113
depth4_bal_AAAMAMMM,4,AAAMAMMM,8925,107100,0.4946143478155136,0.5898325443267822,0.591179997580392,0.8906657963446475,0.7963446475195822,0.7950553753216243,1.0,0.0003,1.0,2697.401090860367
depth4_bal_AAAMAMMM,4,AAAMAMMM,8950,107400,0.7099460512399673,0.7072691122690836,0.7010849067143031,0.818864229765013,0.839425587467363,0.8409218033337063,1.0,0.0003,1.0,2705.6257197856903
depth4_bal_AAAMAMMM,4,AAAMAMMM,8975,107700,0.7404257953166962,0.8971837957700094,0.8507849880627223,0.702023498694517,0.6005221932114883,0.6345228772793378,1.0,0.0003,1.0,2713.968431711197
depth4_bal_AAAMAMMM,4,AAAMAMMM,9000,108000,0.5015554452935854,0.5853264927864075,0.5851374336651394,0.9236292428198434,0.835509138381201,0.8425998433829287,1.0,0.0003,1.0,2722.09464430809
depth4_bal_AAAMAMMM,4,AAAMAMMM,9025,108300,0.7867330114046732,0.8112964431444804,0.8216037665094648,0.6808093994778068,0.6710182767624021,0.6480590670097326,1.0,0.0003,1.0,2730.564382791519
depth4_bal_AAAMAMMM,4,AAAMAMMM,9050,108600,0.7799871365229288,0.7977815667788187,0.7827996730804443,0.6684073107049608,0.6697127937336814,0.6856471641123169,1.0,0.0003,1.0,2738.384765148163
depth4_bal_AAAMAMMM,4,AAAMAMMM,9075,108900,0.9489674717187881,0.9444358547528585,0.9503509776932852,0.5887728459530026,0.5652741514360313,0.5619196778163106,1.0,0.0003,1.0,2746.5228106975555
depth4_bal_AAAMAMMM,4,AAAMAMMM,9100,109200,0.6601639837026596,0.7445148825645447,0.7320763077054705,0.7692558746736292,0.6945169712793734,0.722564045195212,1.0,0.0003,1.0,2750.1565384864807
depth4_bal_AAAMAMMM,4,AAAMAMMM,9125,109500,0.8576149294773737,0.9626834988594055,0.9663202387945993,0.6393603133159269,0.5796344647519582,0.5849647611589663,1.0,0.0003,1.0,2756.7180263996124
depth4_bal_AAAMAMMM,4,AAAMAMMM,9150,109800,0.587624803185463,0.5850175817807516,0.5960331388882228,0.8162532637075718,0.8302872062663186,0.823582056158407,1.0,0.0003,1.0,2764.9833142757416
depth4_bal_AAAMAMMM,4,AAAMAMMM,9175,110100,0.8575172473986944,0.8043819864590963,0.7952592406954084,0.6429503916449086,0.6971279373368147,0.7086922474549726,1.0,0.0003,1.0,2772.989809036255
depth4_bal_AAAMAMMM,4,AAAMAMMM,9200,110400,0.8093165258566538,0.9216274619102478,0.9291191492761884,0.6618798955613577,0.5913838120104439,0.5813849423872917,1.0,0.0003,1.0,2781.348771095276
depth4_bal_AAAMAMMM,4,AAAMAMMM,9225,110700,0.6358089546362559,0.6747447450955709,0.6779920833451407,0.8097258485639687,0.7754569190600522,0.7698847745832867,1.0,0.0003,1.0,2789.7532846927643
depth4_bal_AAAMAMMM,4,AAAMAMMM,9250,111000,0.9800797949234644,1.0802011887232463,1.0428527218954904,0.5731070496083551,0.5274151436031331,0.5509564828280569,1.0,0.0003,1.0,2798.2279386520386
depth4_bal_AAAMAMMM,4,AAAMAMMM,9275,111300,0.8993787864844004,1.008109410603841,1.0354168942996433,0.5926892950391645,0.54177545691906,0.5684080993399709,1.0,0.0003,1.0,2806.6279430389404
depth4_bal_AAAMAMMM,4,AAAMAMMM,9300,111600,0.7207292864720026,0.7060030897458395,0.7056343691689627,0.7261749347258486,0.7676240208877284,0.7649625237722341,1.0,0.0003,1.0,2814.9811861515045
depth4_bal_AAAMAMMM,4,AAAMAMMM,9325,111900,0.7186040282249451,0.6966249744097391,0.7036891835076469,0.7163838120104439,0.7336814621409922,0.7155162769884774,1.0,0.0003,1.0,2823.3413853645325
depth4_bal_AAAMAMMM,4,AAAMAMMM,9350,112200,0.8621551146109899,0.8978248039881388,0.9097766263144357,0.6217362924281984,0.5691906005221932,0.5803781183577581,1.0,0.0003,1.0,2831.7452738285065
depth4_bal_AAAMAMMM,4,AAAMAMMM,9375,112500,0.5743171026309332,0.6456029216448466,0.6261463318552289,0.8668407310704961,0.8120104438642297,0.8402505873140172,1.0,0.0003,1.0,2840.0901885032654
depth4_bal_AAAMAMMM,4,AAAMAMMM,9400,112800,0.890664612253507,1.0845173796017964,1.145849677494594,0.616514360313316,0.5300261096605744,0.5037476227765969,1.0,0.0003,1.0,2848.471980571747
depth4_bal_AAAMAMMM,4,AAAMAMMM,9425,113100,0.7536224871873856,0.919944703578949,0.905464848450252,0.6968015665796344,0.5861618798955613,0.6083454525114667,1.0,0.0003,1.0,2856.816247701645
depth4_bal_AAAMAMMM,4,AAAMAMMM,9450,113400,0.6958297391732534,0.7570411960283915,0.7364241089139666,0.764686684073107,0.6827676240208878,0.7249133012641235,1.0,0.0003,1.0,2865.1612355709076
depth4_bal_AAAMAMMM,4,AAAMAMMM,9475,113700,0.5119982411464056,0.5851050019264221,0.5820783189364842,0.8772845953002611,0.8080939947780679,0.8053473542901891,1.0,0.0003,1.0,2873.523123025894
depth4_bal_AAAMAMMM,4,AAAMAMMM,9500,114000,0.6415746062994003,0.6628159284591675,0.6652880157743182,0.8211488250652742,0.8054830287206266,0.8104933437744715,1.0,0.0003,1.0,2881.8854649066925
depth4_bal_AAAMAMMM,4,AAAMAMMM,9525,114300,0.7159441063801447,0.7196876009305319,0.7288770522390093,0.7496736292428199,0.7545691906005222,0.750866987358765,1.0,0.0003,1.0,2888.503072977066
depth4_bal_AAAMAMMM,4,AAAMAMMM,9550,114600,0.8176638086636862,0.8742943406105042,0.8868782332965306,0.6576370757180157,0.608355091383812,0.6178543461237275,1.0,0.0003,1.0,2891.525686264038
depth4_bal_AAAMAMMM,4,AAAMAMMM,9575,114900,0.6216321140527725,0.660863200823466,0.6587682127952575,0.7816579634464752,0.720626631853786,0.7255845172838125,1.0,0.0003,1.0,2894.543139219284
depth4_bal_AAAMAMMM,4,AAAMAMMM,9600,115200,0.8049223025639852,0.8882553974787394,0.9071151069232396,0.6726501305483029,0.6122715404699739,0.5902226199798635,1.0,0.0003,1.0,2897.8720469474792
depth4_bal_AAAMAMMM,4,AAAMAMMM,9625,115500,0.7874049494663874,0.8662634889284769,0.848389870779855,0.6628590078328982,0.6227154046997389,0.6353059626356415,1.0,0.0003,1.0,2906.0489904880524
depth4_bal_AAAMAMMM,4,AAAMAMMM,9650,115800,0.8693735301494598,0.9050989747047424,0.8773326056344168,0.6266318537859008,0.6031331592689295,0.6261326770332252,1.0,0.0003,1.0,2914.2635550498962
depth4_bal_AAAMAMMM,4,AAAMAMMM,9675,116100,0.8586472123861313,0.8041823903719584,0.8023760608264379,0.6338120104438643,0.6422976501305483,0.6618189954133572,1.0,0.0003,1.0,2922.481163740158
depth4_bal_AAAMAMMM,4,AAAMAMMM,9700,116400,0.7558568467696508,0.7407322724660238,0.7416508299963814,0.7189947780678851,0.7245430809399478,0.7457209978744826,1.0,0.0003,1.0,2930.7101023197174
depth4_bal_AAAMAMMM,4,AAAMAMMM,9725,116700,0.6839222659667333,0.708361029624939,0.694368416922433,0.7630548302872062,0.7571801566579635,0.7678711265242197,1.0,0.0003,1.0,2938.974833011627
depth4_bal_AAAMAMMM,4,AAAMAMMM,9750,117000,0.7361189673344294,0.9570054014523824,0.9359638384410314,0.6954960835509139,0.5548302872062664,0.5578923816981766,1.0,0.0003,1.0,2944.865364074707
depth4_bal_AAAMAMMM,4,AAAMAMMM,9775,117300,0.9219457507133484,0.9559258619944254,0.9482653856277465,0.633485639686684,0.5639686684073107,0.5877614945743371,1.0,0.0003,1.0,2951.060534954071
depth4_bal_AAAMAMMM,4,AAAMAMMM,9800,117600,0.7267648080984751,0.7416242758433024,0.7466472744941711,0.7127937336814621,0.7036553524804178,0.7014207405750084,1.0,0.0003,1.0,2956.2111003398895
depth4_bal_AAAMAMMM,4,AAAMAMMM,9825,117900,0.7495351930459341,0.7190061608950297,0.6993314470563616,0.7007180156657964,0.7258485639686684,0.7446023045083343,1.0,0.0003,1.0,2964.0252161026
depth4_bal_AAAMAMMM,4,AAAMAMMM,9850,118200,0.6524507353703181,0.730920692284902,0.7400398441723415,0.7568537859007833,0.7140992167101827,0.6934780176753552,1.0,0.0003,1.0,2972.2998518943787
depth4_bal_AAAMAMMM,4,AAAMAMMM,9875,118500,0.6248324265082678,0.6737415194511414,0.6559120740209307,0.7924281984334204,0.7610966057441253,0.7714509452958944,1.0,0.0003,1.0,2980.4709804058075
depth4_bal_AAAMAMMM,4,AAAMAMMM,9900,118800,0.8589087526003519,0.9698098103205363,0.9744111861501421,0.6227154046997389,0.5744125326370757,0.5696386620427341,1.0,0.0003,1.0,2988.702011346817
depth4_bal_AAAMAMMM,4,AAAMAMMM,9925,119100,0.7410261382659277,0.9145698149998983,0.9043486407824926,0.6928851174934726,0.5522193211488251,0.5829511130998993,1.0,0.0003,1.0,2996.8523030281067
depth4_bal_AAAMAMMM,4,AAAMAMMM,9950,119400,0.6846477637688319,0.7086455225944519,0.7025435158184596,0.7389033942558747,0.7362924281984334,0.7365477122720663,1.0,0.0003,1.0,3000.640287399292
depth4_bal_AAAMAMMM,4,AAAMAMMM,9975,119700,0.6703565965096155,0.7243887980779012,0.7227651987757001,0.7806788511749347,0.7506527415143603,0.7390088376775926,1.0,0.0003,1.0,3003.648584842682
depth4_bal_AAAMAMMM,4,AAAMAMMM,10000,120000,0.6904754489660263,0.7672390739123026,0.7738812174115862,0.7284595300261096,0.6514360313315927,0.6655106835216467,1.0,0.0003,1.0,3006.7800176143646
depth4_bal_AAAMAMMM,4,AAAMAMMM,10025,120300,0.8564583112796148,0.7500889301300049,0.7387074521609716,0.6409921671018277,0.7101827676240209,0.7150687996420181,1.0,0.0003,1.0,3014.9040949344635
depth4_bal_AAAMAMMM,4,AAAMAMMM,10050,120600,0.8020401944716772,0.9255360762278239,0.8841039061546325,0.6755874673629243,0.5704960835509139,0.6077861058283924,1.0,0.0003,1.0,3023.0714752674103
depth4_bal_AAAMAMMM,4,AAAMAMMM,10075,120900,0.7075947175423304,0.7300896445910136,0.7239147424697876,0.7389033942558747,0.7258485639686684,0.7392325763508223,1.0,0.0003,1.0,3031.2606415748596
depth4_bal_AAAMAMMM,4,AAAMAMMM,10100,121200,0.5796362409989039,0.6331709822018942,0.6334614396095276,0.8433420365535248,0.7754569190600522,0.7887906924711936,1.0,0.0003,1.0,3039.4655978679657
depth4_bal_AAAMAMMM,4,AAAMAMMM,10125,121500,0.6934863477945328,0.7544302145640055,0.7589710661343165,0.7467362924281984,0.6879895561357703,0.682179214677257,1.0,0.0003,1.0,3047.827747106552
depth4_bal_AAAMAMMM,4,AAAMAMMM,10150,121800,0.7315869182348251,0.9163968960444132,0.8687926888465881,0.7203002610966057,0.618798955613577,0.6534287951672446,1.0,0.0003,1.0,3055.9072518348694
depth4_bal_AAAMAMMM,4,AAAMAMMM,10175,122100,0.8445665289958318,0.9680162469546,0.9596891301018852,0.6449086161879896,0.566579634464752,0.5663944512809039,1.0,0.0003,1.0,3064.2033557891846
depth4_bal_AAAMAMMM,4,AAAMAMMM,10200,122400,0.5706920077403387,0.609028180440267,0.6076171926089695,0.8926240208877284,0.8629242819843342,0.8591565052019241,1.0,0.0003,1.0,3072.292427778244
depth4_bal_AAAMAMMM,4,AAAMAMMM,10225,122700,1.090456207593282,1.4784279266993205,1.4336622306278775,0.533289817232376,0.43342036553524804,0.44624678375657234,1.0,0.0003,1.0,3080.5041913986206
depth4_bal_AAAMAMMM,4,AAAMAMMM,10250,123000,1.0300052265326183,1.2217235565185547,1.1257832322801862,0.5453655352480418,0.4281984334203655,0.48573665958160867,1.0,0.0003,1.0,3088.8274388313293
depth4_bal_AAAMAMMM,4,AAAMAMMM,10275,123300,0.6007323960463206,0.6529620488484701,0.6530807546206883,0.8159268929503917,0.7545691906005222,0.758921579595033,1.0,0.0003,1.0,3097.2948608398438
depth4_bal_AAAMAMMM,4,AAAMAMMM,10300,123600,0.7320134242375692,0.7336494127909342,0.7240058711596897,0.7010443864229765,0.7010443864229765,0.709139724801432,1.0,0.0003,1.0,3105.7787766456604
depth4_bal_AAAMAMMM,4,AAAMAMMM,10325,123900,0.7389446248610815,0.7044586737950643,0.7091566511562892,0.7297650130548303,0.793733681462141,0.7892381698176529,1.0,0.0003,1.0,3113.3745787143707
depth4_bal_AAAMAMMM,4,AAAMAMMM,10350,124200,0.8883601427078247,1.0249215165774028,0.9797165478978839,0.608355091383812,0.5300261096605744,0.5393220718201142,1.0,0.0003,1.0,3121.748549938202
depth4_bal_AAAMAMMM,4,AAAMAMMM,10375,124500,0.9063920676708221,1.0310848951339722,1.0414087448801312,0.6119451697127938,0.5430809399477807,0.5648282805682963,1.0,0.0003,1.0,3130.1761190891266
depth4_bal_AAAMAMMM,4,AAAMAMMM,10400,124800,0.7070408662160238,0.9088964462280273,0.8971437590462821,0.7072454308093995,0.6292428198433421,0.6238952903009285,1.0,0.0003,1.0,3138.518865585327
depth4_bal_AAAMAMMM,4,AAAMAMMM,10425,125100,0.6669547309478124,0.6991363763809204,0.6849859135491507,0.8090731070496083,0.7885117493472585,0.8038930529141962,1.0,0.0003,1.0,3146.7495291233063
depth4_bal_AAAMAMMM,4,AAAMAMMM,10450,125400,0.615397165218989,0.664372185866038,0.6520890917096819,0.8100522193211488,0.7676240208877284,0.7732408546817318,1.0,0.0003,1.0,3154.885615348816
depth4_bal_AAAMAMMM,4,AAAMAMMM,10475,125700,0.9310372869173685,1.0900843143463135,1.0563947745731899,0.5835509138381201,0.49216710182767626,0.5340642129992169,1.0,0.0003,1.0,3163.207386493683
depth4_bal_AAAMAMMM,4,AAAMAMMM,10500,126000,1.06544395784537,1.0084608793258667,0.9946769067219325,0.5362271540469974,0.5652741514360313,0.57579147555655,1.0,0.0003,1.0,3171.4287543296814
depth4_bal_AAAMAMMM,4,AAAMAMMM,10525,126300,0.7137829462687174,0.7415469686190287,0.7381993872778756,0.7503263707571801,0.7637075718015666,0.7544468061304397,1.0,0.0003,1.0,3179.6726706027985
depth4_bal_AAAMAMMM,4,AAAMAMMM,10550,126600,0.8868871629238129,0.856320838133494,0.8546827742031642,0.6445822454308094,0.6671018276762402,0.6735652757579148,1.0,0.0003,1.0,3187.935316324234
depth4_bal_AAAMAMMM,4,AAAMAMMM,10575,126900,0.6372399777173996,0.7516011397043864,0.7754256350653512,0.7643603133159269,0.6971279373368147,0.6923593243092069,1.0,0.0003,1.0,3191.24756526947
depth4_bal_AAAMAMMM,4,AAAMAMMM,10600,127200,0.6662241419156393,0.7094472646713257,0.6924023968832833,0.7731723237597912,0.7336814621409922,0.744826043181564,1.0,0.0003,1.0,3194.259350299835
depth4_bal_AAAMAMMM,4,AAAMAMMM,10625,127500,0.6553498407204946,0.8255675037701925,0.8138410687446594,0.7659921671018277,0.664490861618799,0.6674124622440989,1.0,0.0003,1.0,3197.2811002731323
depth4_bal_AAAMAMMM,4,AAAMAMMM,10650,127800,0.6510536621014277,0.7328982551892599,0.7508051037788391,0.77088772845953,0.6814621409921671,0.6779281798858933,1.0,0.0003,1.0,3200.419274330139
depth4_bal_AAAMAMMM,4,AAAMAMMM,10675,128100,0.5626530374089876,0.6241676807403564,0.6438581909452166,0.8315926892950392,0.7650130548302873,0.7651862624454637,1.0,0.0003,1.0,3208.300855398178
depth4_bal_AAAMAMMM,4,AAAMAMMM,10700,128400,0.7991098115841547,0.8718489607175192,0.8249475462096078,0.6635117493472585,0.6096605744125326,0.6319498825371965,1.0,0.0003,1.0,3216.725809574127
depth4_bal_AAAMAMMM,4,AAAMAMMM,10725,128700,0.7968360781669617,0.7958577275276184,0.7660385778972081,0.6736292428198434,0.6631853785900783,0.6758026624902115,1.0,0.0003,1.0,3224.742607831955
depth4_bal_AAAMAMMM,4,AAAMAMMM,10750,129000,0.681405579050382,0.7345138192176819,0.7028163245746067,0.7294386422976501,0.6906005221932114,0.7147331916321736,1.0,0.0003,1.0,3232.9997470378876
depth4_bal_AAAMAMMM,4,AAAMAMMM,10775,129300,0.8237394442160925,0.8932256102561951,0.8820093069757734,0.6759138381201044,0.618798955613577,0.6177424767871127,1.0,0.0003,1.0,3240.904463529587
depth4_bal_AAAMAMMM,4,AAAMAMMM,10800,129600,0.6724164485931396,0.8577109972635905,0.8300016794885908,0.7516318537859008,0.5966057441253264,0.6273632397359884,1.0,0.0003,1.0,3249.1427376270294
depth4_bal_AAAMAMMM,4,AAAMAMMM,10825,129900,0.66415074467659,0.7115065058072408,0.7265319670949664,0.7601174934725848,0.7036553524804178,0.7141738449490994,1.0,0.0003,1.0,3257.6600675582886
depth4_bal_AAAMAMMM,4,AAAMAMMM,10850,130200,0.772654597957929,0.8830571969350179,0.8929420113563538,0.6788511749347258,0.6240208877284595,0.6083454525114667,1.0,0.0003,1.0,3265.6570641994476
depth4_bal_AAAMAMMM,4,AAAMAMMM,10875,130500,0.7126235018173853,0.7459160685539246,0.7705677304949079,0.7509791122715405,0.7075718015665796,0.698288399149793,1.0,0.0003,1.0,3274.01278591156
depth4_bal_AAAMAMMM,4,AAAMAMMM,10900,130800,1.0172622948884964,1.0576051473617554,1.0388182026999337,0.5656005221932114,0.5169712793733682,0.5500615281351382,1.0,0.0003,1.0,3281.834822177887
depth4_bal_AAAMAMMM,4,AAAMAMMM,10925,131100,0.9004834642012914,1.072453220685323,1.017204477105822,0.6112924281984334,0.5221932114882507,0.553529477570198,1.0,0.0003,1.0,3286.733440876007
depth4_bal_AAAMAMMM,4,AAAMAMMM,10950,131400,0.9443696389595667,0.9963390628496805,0.9630470343998501,0.6008485639686684,0.5313315926892951,0.554871909609576,1.0,0.0003,1.0,3294.692404270172
depth4_bal_AAAMAMMM,4,AAAMAMMM,10975,131700,0.5091490323344866,0.5460818608601888,0.536780195576804,0.9086161879895561,0.8681462140992167,0.8790692471193646,1.0,0.0003,1.0,3302.9717774391174
depth4_bal_AAAMAMMM,4,AAAMAMMM,11000,132000,0.9374317725499471,0.8945026596387228,0.8911424807139805,0.5953002610966057,0.6148825065274152,0.6143863966886677,1.0,0.0003,1.0,3311.210155248642
depth4_bal_AAAMAMMM,4,AAAMAMMM,11025,132300,0.5583850691715876,0.5771620273590088,0.5912311247416905,0.8586814621409922,0.8537859007832899,0.8354402058395793,1.0,0.0003,1.0,3319.912216424942
depth4_bal_AAAMAMMM,4,AAAMAMMM,11050,132600,0.826899434129397,1.037217140197754,1.0242567505155291,0.6494778067885117,0.5391644908616188,0.5522989148674349,1.0,0.0003,1.0,3328.2790517807007
depth4_bal_AAAMAMMM,4,AAAMAMMM,11075,132900,0.8728003849585851,0.9268733461697897,0.9342176471437726,0.6462140992167101,0.5744125326370757,0.5915650520192415,1.0,0.0003,1.0,3336.815196752548
depth4_bal_AAAMAMMM,4,AAAMAMMM,11100,133200,0.8791034867366155,0.7995626131693522,0.8113851393972125,0.6191253263707572,0.6684073107049608,0.6486184136928068,1.0,0.0003,1.0,3345.3040640354156
depth4_bal_AAAMAMMM,4,AAAMAMMM,11125,133500,0.548602357506752,0.5832138458887736,0.5631419318062919,0.8766318537859008,0.8498694516971279,0.8731401722787784,1.0,0.0003,1.0,3353.922158241272
depth4_bal_AAAMAMMM,4,AAAMAMMM,11150,133800,0.793253759543101,0.9751696387926737,0.9716014078685216,0.6752610966057441,0.5443864229765013,0.544803669314241,1.0,0.0003,1.0,3362.185067653656
depth4_bal_AAAMAMMM,4,AAAMAMMM,11175,134100,0.6555495709180832,0.6722273627916971,0.6627957514354161,0.7633812010443864,0.7597911227154047,0.7760375880971025,1.0,0.0003,1.0,3366.0873737335205
depth4_bal_AAAMAMMM,4,AAAMAMMM,11200,134400,0.6239569584528605,0.6721510489781698,0.6616503255707877,0.8162532637075718,0.7819843342036553,0.7941604206287056,1.0,0.0003,1.0,3371.8409945964813
depth4_bal_AAAMAMMM,4,AAAMAMMM,11225,134700,0.6429353654384613,0.641516923904419,0.6465805360249111,0.7865535248041775,0.7754569190600522,0.7927061192527128,1.0,0.0003,1.0,3380.10480427742
depth4_bal_AAAMAMMM,4,AAAMAMMM,11250,135000,1.3229438960552216,2.2567532857259116,2.1849801233836583,0.4683420365535248,0.30809399477806787,0.31088488645262335,1.0,0.0003,1.0,3388.44780087471
depth4_bal_AAAMAMMM,4,AAAMAMMM,11275,135300,0.6433499256769816,0.6729008952776591,0.6693487014089312,0.8051566579634465,0.8028720626631853,0.8005369728157512,1.0,0.0003,1.0,3396.861300945282
depth4_bal_AAAMAMMM,4,AAAMAMMM,11300,135600,0.7439272701740265,0.8074687321980795,0.7847316026687622,0.7460835509138382,0.6997389033942559,0.7080210314352836,1.0,0.0003,1.0,3405.357408285141
depth4_bal_AAAMAMMM,4,AAAMAMMM,11325,135900,0.6331611076990763,0.6313987970352173,0.6322801096098764,0.7842689295039165,0.7885117493472585,0.7868889137487415,1.0,0.0003,1.0,3413.3567085266113
depth4_bal_AAAMAMMM,4,AAAMAMMM,11350,136200,1.1493277947107952,1.1381315390268962,1.1712167228971209,0.5153394255874674,0.52088772845953,0.5137039937353172,1.0,0.0003,1.0,3421.5050072669983
depth4_bal_AAAMAMMM,4,AAAMAMMM,11375,136500,0.7539712687333425,0.7418615619341532,0.7412771446364267,0.706266318537859,0.7441253263707572,0.7503076406756908,1.0,0.0003,1.0,3429.7186591625214
depth4_bal_AAAMAMMM,4,AAAMAMMM,11400,136800,0.5846696943044662,0.6770097613334656,0.6844588126455035,0.8211488250652742,0.7454308093994778,0.7356527575791476,1.0,0.0003,1.0,3438.1321618556976
depth4_bal_AAAMAMMM,4,AAAMAMMM,11425,137100,0.6591030557950338,0.7531032164891561,0.7471451912607465,0.7640339425587467,0.7154046997389034,0.7243539545810493,1.0,0.0003,1.0,3446.5537898540497
depth4_bal_AAAMAMMM,4,AAAMAMMM,11450,137400,0.7458798935015997,0.9306974411010742,0.9762838908604213,0.689621409921671,0.5718015665796344,0.5610247231233919,1.0,0.0003,1.0,3454.9069430828094
depth4_bal_AAAMAMMM,4,AAAMAMMM,11475,137700,0.6783623248338699,0.8202285567919413,0.7969708936555046,0.7405352480417755,0.639686684073107,0.6573442219487639,1.0,0.0003,1.0,3463.307358980179
depth4_bal_AAAMAMMM,4,AAAMAMMM,11500,138000,0.7794711490472158,0.7567304174105326,0.7646324668611799,0.6759138381201044,0.6866840731070496,0.6779281798858933,1.0,0.0003,1.0,3471.6530039310455
depth4_bal_AAAMAMMM,4,AAAMAMMM,11525,138300,0.5634446293115616,0.610980212688446,0.6099229965891156,0.8221279373368147,0.7872062663185379,0.7850990043629041,1.0,0.0003,1.0,3480.102021217346
depth4_bal_AAAMAMMM,4,AAAMAMMM,11550,138600,0.5966441780328751,0.6338442166646322,0.6280313287462507,0.8838120104438643,0.8550913838120104,0.8608345452511467,1.0,0.0003,1.0,3488.486692905426
depth4_bal_AAAMAMMM,4,AAAMAMMM,11575,138900,0.7367457449436188,0.8311012387275696,0.8307125670569283,0.6964751958224543,0.6344647519582245,0.6214341648954022,1.0,0.0003,1.0,3497.021153450012
depth4_bal_AAAMAMMM,4,AAAMAMMM,11600,139200,0.7557858477036158,0.8354674379030863,0.808806950705392,0.7088772845953003,0.6449086161879896,0.6620427340865869,1.0,0.0003,1.0,3505.410846710205
depth4_bal_AAAMAMMM,4,AAAMAMMM,11625,139500,0.8145859787861506,0.910541296005249,0.8824816993304662,0.6612271540469974,0.5848563968668408,0.6010739456315024,1.0,0.0003,1.0,3512.9065778255463
depth4_bal_AAAMAMMM,4,AAAMAMMM,11650,139800,0.7314552863438925,0.7442874511082967,0.7482012782778059,0.7183420365535248,0.6997389033942559,0.7057836447029869,1.0,0.0003,1.0,3520.6623797416687
depth4_bal_AAAMAMMM,4,AAAMAMMM,11675,140100,0.8079569985469183,0.7962713837623596,0.794239672592708,0.6638381201044387,0.6827676240208878,0.6827385613603312,1.0,0.0003,1.0,3529.0104897022247
depth4_bal_AAAMAMMM,4,AAAMAMMM,11700,140400,0.7521028319994608,0.8354115088780721,0.8124093311173576,0.685378590078329,0.643603133159269,0.6744602304508335,1.0,0.0003,1.0,3537.2301394939423
depth4_bal_AAAMAMMM,4,AAAMAMMM,11725,140700,0.6234530558188757,0.6255303621292114,0.6228151406560626,0.7839425587467362,0.793733681462141,0.8002013648059068,1.0,0.0003,1.0,3543.192471265793
depth4_bal_AAAMAMMM,4,AAAMAMMM,11750,141000,0.892642930150032,1.1554425954818726,1.2116974728448051,0.6106396866840731,0.4804177545691906,0.46839691240630943,1.0,0.0003,1.0,3546.229892015457
depth4_bal_AAAMAMMM,4,AAAMAMMM,11775,141300,0.661028265953064,0.7674394845962524,0.7609293665204729,0.7715404699738904,0.6801566579634465,0.685535294775702,1.0,0.0003,1.0,3553.6930301189423
depth4_bal_AAAMAMMM,4,AAAMAMMM,11800,141600,0.7096499254306158,0.7872498432795206,0.7718003409249442,0.7209530026109661,0.6631853785900783,0.6754670544803669,1.0,0.0003,1.0,3562.217512369156
depth4_bal_AAAMAMMM,4,AAAMAMMM,11825,141900,0.6092557658751806,0.6844189564387003,0.6908473236220224,0.7927545691906005,0.741514360313316,0.7204385277995301,1.0,0.0003,1.0,3570.3626379966736
depth4_bal_AAAMAMMM,4,AAAMAMMM,11850,142200,0.6125465681155523,0.6428005695343018,0.6569774184908186,0.7927545691906005,0.7741514360313316,0.7573554088824254,1.0,0.0003,1.0,3578.5923562049866
depth4_bal_AAAMAMMM,4,AAAMAMMM,11875,142500,0.9113229811191559,0.8308740456899008,0.8382339801107134,0.6057441253263708,0.6840731070496083,0.6594697393444456,1.0,0.0003,1.0,3587.062730550766
depth4_bal_AAAMAMMM,4,AAAMAMMM,11900,142800,0.5987794746955236,0.7552690704663595,0.7490923081125532,0.8260443864229765,0.685378590078329,0.6943729723682739,1.0,0.0003,1.0,3595.4570281505585
depth4_bal_AAAMAMMM,4,AAAMAMMM,11925,143100,0.7578353484471639,0.8575798273086548,0.8520194394247872,0.6781984334203656,0.5900783289817232,0.5977178655330574,1.0,0.0003,1.0,3603.984654188156
depth4_bal_AAAMAMMM,4,AAAMAMMM,11950,143400,0.8215246796607971,0.8618344068527222,0.8938681891986302,0.6533942558746736,0.608355091383812,0.5914531826826267,1.0,0.0003,1.0,3612.5700871944427
depth4_bal_AAAMAMMM,4,AAAMAMMM,11975,143700,0.6105554501215616,0.6760227680206299,0.6586078490529742,0.8058093994778068,0.7637075718015666,0.7682067345340642,1.0,0.0003,1.0,3621.1496171951294
depth4_bal_AAAMAMMM,4,AAAMAMMM,12000,144000,0.7382501463095347,0.8943504293759664,0.8823011245046343,0.6954960835509139,0.6070496083550914,0.6200917328560241,1.0,0.0003,1.0,3629.384459257126
depth4_bal_AAAMAMMM,4,AAAMAMMM,12025,144300,0.6075329581896464,0.6565489967664083,0.6547248550823757,0.9223237597911227,0.8694516971279374,0.8676585747846516,1.0,0.0003,1.0,3637.5584332942963
depth4_bal_AAAMAMMM,4,AAAMAMMM,12050,144600,0.6864058822393417,1.037451187769572,0.9817581909043448,0.7382506527415144,0.5783289817232375,0.6058843271059403,1.0,0.0003,1.0,3641.0591418743134
depth4_bal_AAAMAMMM,4,AAAMAMMM,12075,144900,0.7019892732302347,0.6983182430267334,0.693037051813943,0.7552219321148825,0.7767624020887729,0.7913636872133348,1.0,0.0003,1.0,3644.0636909008026
depth4_bal_AAAMAMMM,4,AAAMAMMM,12100,145200,0.6397620489199957,0.7063941558202108,0.6955845287867954,0.7637075718015666,0.6945169712793734,0.718536749077078,1.0,0.0003,1.0,3651.281774520874
depth4_bal_AAAMAMMM,4,AAAMAMMM,12125,145500,0.9111308753490448,0.9700736403465271,0.9773114783423288,0.6080287206266318,0.5704960835509139,0.5728828728045643,1.0,0.0003,1.0,3659.6591305732727
depth4_bal_AAAMAMMM,4,AAAMAMMM,12150,145800,0.8244792371988297,0.8547960917154948,0.88461206810815,0.6478459530026109,0.6109660574412533,0.5859715851884998,1.0,0.0003,1.0,3667.9230060577393
depth4_bal_AAAMAMMM,4,AAAMAMMM,12175,146100,0.7474470088879267,0.9013811747233073,0.912165709904262,0.6932114882506527,0.6201044386422977,0.593243092068464,1.0,0.0003,1.0,3676.2847771644592
depth4_bal_AAAMAMMM,4,AAAMAMMM,12200,146400,0.7311146457990011,0.9098074634869894,0.9105635285377502,0.6981070496083551,0.5966057441253264,0.5763508222396241,1.0,0.0003,1.0,3684.587541103363
depth4_bal_AAAMAMMM,4,AAAMAMMM,12225,146700,0.6969507684310278,0.7278014818827311,0.7176519308771406,0.7242167101827677,0.6945169712793734,0.7122720662266473,1.0,0.0003,1.0,3692.75279045105
depth4_bal_AAAMAMMM,4,AAAMAMMM,12250,147000,0.8178177326917648,0.791186253229777,0.7812449625560216,0.654373368146214,0.7010443864229765,0.6937017563485849,1.0,0.0003,1.0,3700.420660495758
depth4_bal_AAAMAMMM,4,AAAMAMMM,12275,147300,0.6383413920799891,0.6888994971911112,0.7032447252954755,0.789490861618799,0.7532637075718016,0.7362121042622217,1.0,0.0003,1.0,3703.459357738495
depth4_bal_AAAMAMMM,4,AAAMAMMM,12300,147600,0.7344058106342951,0.8426084518432617,0.8419906837599618,0.7212793733681462,0.6618798955613577,0.6366483946750195,1.0,0.0003,1.0,3706.499855518341
depth4_bal_AAAMAMMM,4,AAAMAMMM,12325,147900,0.9867117951313654,1.0436150630315144,1.026759820325034,0.5636422976501305,0.5483028720626631,0.559570421747399,1.0,0.0003,1.0,3709.670436859131
depth4_bal_AAAMAMMM,4,AAAMAMMM,12350,148200,0.5579285422960917,0.584791382153829,0.5738891431263515,0.8847911227154047,0.8407310704960835,0.8695603535071037,1.0,0.0003,1.0,3712.7071471214294
depth4_bal_AAAMAMMM,4,AAAMAMMM,12375,148500,0.7278278172016144,0.8719502886136373,0.8833875366619655,0.7176892950391645,0.5731070496083551,0.6076742364917777,1.0,0.0003,1.0,3715.745763063431
depth4_bal_AAAMAMMM,4,AAAMAMMM,12400,148800,0.7744060456752777,0.9224328398704529,0.9459507022585187,0.6697127937336814,0.587467362924282,0.5699742700525786,1.0,0.0003,1.0,3718.803151369095
depth4_bal_AAAMAMMM,4,AAAMAMMM,12425,149100,0.6343124558528265,0.6516048510869344,0.6635206546102251,0.7989556135770235,0.7924281984334204,0.7864414364022821,1.0,0.0003,1.0,3721.9568758010864
depth4_bal_AAAMAMMM,4,AAAMAMMM,12450,149400,0.5269797990719477,0.6412521203358968,0.6293123296328953,0.8710835509138382,0.7689295039164491,0.7820785322743036,1.0,0.0003,1.0,3724.9971990585327
depth4_bal_AAAMAMMM,4,AAAMAMMM,12475,149700,0.8183346688747406,1.0712205568949382,1.0509745717048644,0.6475195822454308,0.5182767624020888,0.5291419621881642,1.0,0.0003,1.0,3728.0919346809387
depth4_bal_AAAMAMMM,4,AAAMAMMM,12500,150000,0.6624030321836472,0.6932799220085144,0.6831148760659355,0.8825065274151436,0.8524804177545692,0.8638550173397471,1.0,0.0003,1.0,3731.1434767246246
depth4_bal_AAAMAMMM,4,AAAMAMMM,12525,150300,0.924934317668279,1.225570559501648,1.2504243510110038,0.5926892950391645,0.5234986945169713,0.5105716523101018,1.0,0.0003,1.0,3734.3847301006317
depth4_bal_AAAMAMMM,4,AAAMAMMM,12550,150600,0.9494687219460806,1.0214826067288716,1.068085527420044,0.5887728459530026,0.5496083550913838,0.5368609464145878,1.0,0.0003,1.0,3737.4322624206543
depth4_bal_AAAMAMMM,4,AAAMAMMM,12575,150900,0.641519104441007,0.6434653401374817,0.6674490264483861,0.7744778067885117,0.7676240208877284,0.7536637207741358,1.0,0.0003,1.0,3740.475141763687
depth4_bal_AAAMAMMM,4,AAAMAMMM,12600,151200,1.0654334872961044,1.1884427467981975,1.2445403609957013,0.54177545691906,0.4856396866840731,0.46839691240630943,1.0,0.0003,1.0,3743.6215739250183
depth4_bal_AAAMAMMM,4,AAAMAMMM,12625,151500,0.6661466409762701,0.7705677549044291,0.7264535784721374,0.7526109660574413,0.664490861618799,0.6980646604765633,1.0,0.0003,1.0,3747.172658920288
depth4_bal_AAAMAMMM,4,AAAMAMMM,12650,151800,0.6552199472983679,0.6508102416992188,0.6491430980818612,0.7581592689295039,0.7519582245430809,0.7623895290300928,1.0,0.0003,1.0,3750.883458852768
depth4_bal_AAAMAMMM,4,AAAMAMMM,12675,152100,1.0570150762796402,1.0723767280578613,1.1010498353413174,0.549934725848564,0.5065274151436031,0.5066562255285826,1.0,0.0003,1.0,3753.926564693451
depth4_bal_AAAMAMMM,4,AAAMAMMM,12700,152400,0.7577826132376989,0.8516858220100403,0.884738666670663,0.6892950391644909,0.6449086161879896,0.6104709699071484,1.0,0.0003,1.0,3757.860095500946
depth4_bal_AAAMAMMM,4,AAAMAMMM,12725,152700,0.896186908086141,0.8935196797053019,0.882875336919512,0.6050913838120104,0.6031331592689295,0.6095760152142298,1.0,0.0003,1.0,3766.0297589302063
depth4_bal_AAAMAMMM,4,AAAMAMMM,12750,153000,0.6038158883651098,0.7623186906178793,0.7437781827790396,0.8299608355091384,0.6906005221932114,0.6971697057836447,1.0,0.0003,1.0,3774.3965969085693
depth4_bal_AAAMAMMM,4,AAAMAMMM,12775,153300,0.647063543399175,0.6901067097981771,0.6832953453063965,0.7836161879895561,0.7558746736292428,0.7614945743371742,1.0,0.0003,1.0,3782.0868792533875
depth4_bal_AAAMAMMM,4,AAAMAMMM,12800,153600,0.5973496635754904,0.6552625099817911,0.6636415447507585,0.8018929503916449,0.7911227154046997,0.7693254279002125,1.0,0.0003,1.0,3789.9802362918854
depth4_bal_AAAMAMMM,4,AAAMAMMM,12825,153900,0.6105250318845113,0.6264700094858805,0.6142054404531206,0.8430156657963447,0.825065274151436,0.8496476115896633,1.0,0.0003,1.0,3798.2855970859528
depth4_bal_AAAMAMMM,4,AAAMAMMM,12850,154200,0.8230946312348048,0.9783461292584738,0.9837229592459542,0.6563315926892951,0.5574412532637075,0.5641570645486073,1.0,0.0003,1.0,3806.4558095932007
depth4_bal_AAAMAMMM,4,AAAMAMMM,12875,154500,0.48094215740760166,0.5312855243682861,0.5360499722617013,0.9330939947780679,0.881201044386423,0.867994182794496,1.0,0.0003,1.0,3814.5332391262054
depth4_bal_AAAMAMMM,4,AAAMAMMM,12900,154800,0.7525268495082855,0.713067630926768,0.7077747021402632,0.7046344647519582,0.7114882506527415,0.7329678935003915,1.0,0.0003,1.0,3822.7268154621124
depth4_bal_AAAMAMMM,4,AAAMAMMM,12925,155100,0.690028096238772,0.8005282282829285,0.7880802886826651,0.731396866840731,0.6566579634464752,0.6702091956594698,1.0,0.0003,1.0,3830.9062321186066
depth4_bal_AAAMAMMM,4,AAAMAMMM,12950,155400,0.8246879031260809,0.8286958336830139,0.8219428845814296,0.6468668407310705,0.6318537859007833,0.6356415706454861,1.0,0.0003,1.0,3839.014778137207
depth4_bal_AAAMAMMM,4,AAAMAMMM,12975,155700,0.9974916726350784,1.0939409335454304,1.0516210436820983,0.5662532637075718,0.5391644908616188,0.5416713278890256,1.0,0.0003,1.0,3847.4104268550873
depth4_bal_AAAMAMMM,4,AAAMAMMM,13000,156000,1.0480639040470123,1.0576920906702678,1.071585009779249,0.5548302872062664,0.5234986945169713,0.5275757914755566,1.0,0.0003,1.0,3855.4717133045197
depth4_bal_AAAMAMMM,4,AAAMAMMM,13025,156300,0.9043717781702677,0.8841943343480428,0.8983170168740409,0.6044386422976501,0.5926892950391645,0.6056605884327106,1.0,0.0003,1.0,3863.6200981140137
depth4_bal_AAAMAMMM,4,AAAMAMMM,13050,156600,0.5891924550135931,0.6062512993812561,0.6123147300311498,0.8586814621409922,0.8537859007832899,0.8421523660364694,1.0,0.0003,1.0,3871.9561738967896
depth4_bal_AAAMAMMM,4,AAAMAMMM,13075,156900,0.5763698716958364,0.5948854287465414,0.5942163722855704,0.8655352480417755,0.8550913838120104,0.8526680836782637,1.0,0.0003,1.0,3880.298986673355
depth4_bal_AAAMAMMM,4,AAAMAMMM,13100,157200,1.0185202310482662,1.1053907473882039,1.053419508252825,0.5597258485639687,0.47780678851174935,0.5219823246448149,1.0,0.0003,1.0,3888.5247342586517
depth4_bal_AAAMAMMM,4,AAAMAMMM,13125,157500,0.750404472152392,0.7803834080696106,0.763477441242763,0.741514360313316,0.7180156657963447,0.7325204161539322,1.0,0.0003,1.0,3896.9381153583527
depth4_bal_AAAMAMMM,4,AAAMAMMM,13150,157800,0.7360475162665049,1.1220002969106038,1.0932740347726004,0.7059399477806788,0.5182767624020888,0.49065891039266135,1.0,0.0003,1.0,3904.8073070049286
depth4_bal_AAAMAMMM,4,AAAMAMMM,13175,158100,0.7969222764174143,0.7377842664718628,0.7342992510114398,0.668733681462141,0.706266318537859,0.7341984562031547,1.0,0.0003,1.0,3913.2072649002075
depth4_bal_AAAMAMMM,4,AAAMAMMM,13200,158400,0.9664183606704077,1.0046613613764446,0.9997943775994437,0.5884464751958225,0.5352480417754569,0.5401051571764179,1.0,0.0003,1.0,3921.5007219314575
depth4_bal_AAAMAMMM,4,AAAMAMMM,13225,158700,0.5616668909788132,0.6303901871045431,0.6064831069537572,0.8606396866840731,0.7872062663185379,0.8149681172390648,1.0,0.0003,1.0,3929.6498742103577
depth4_bal_AAAMAMMM,4,AAAMAMMM,13250,159000,0.6328700284163157,0.732830544312795,0.7275157621928624,0.7728459530026109,0.7088772845953003,0.7099228101577357,1.0,0.0003,1.0,3937.6515288352966
depth4_bal_AAAMAMMM,4,AAAMAMMM,13275,159300,0.6572703321774801,0.7417400081952413,0.7366579226085118,0.8022193211488251,0.7180156657963447,0.7230115225416713,1.0,0.0003,1.0,3945.9532437324524
depth4_bal_AAAMAMMM,4,AAAMAMMM,13300,159600,0.8225054144859314,0.8797220389048258,0.899905846800123,0.6573107049608355,0.6135770234986945,0.6005145989484283,1.0,0.0003,1.0,3954.066400527954
depth4_bal_AAAMAMMM,4,AAAMAMMM,13325,159900,0.7033015092213949,0.8427210648854574,0.8075525896889822,0.7783942558746736,0.6409921671018277,0.6725584517283812,1.0,0.0003,1.0,3962.3359529972076
depth4_bal_AAAMAMMM,4,AAAMAMMM,13350,160200,0.6265596101681391,0.6938494642575582,0.702236476966313,0.7865535248041775,0.7532637075718016,0.7427005257858821,1.0,0.0003,1.0,3970.687102794647
depth4_bal_AAAMAMMM,4,AAAMAMMM,13375,160500,0.6561985363562902,0.6930450002352396,0.6891591974667141,0.7637075718015666,0.7075718015665796,0.7297236827385614,1.0,0.0003,1.0,3978.8676092624664
depth4_bal_AAAMAMMM,4,AAAMAMMM,13400,160800,0.670227974653244,0.727371076742808,0.7175797138895307,0.79177545691906,0.7610966057441253,0.7487414699630831,1.0,0.0003,1.0,3986.563182592392
depth4_bal_AAAMAMMM,4,AAAMAMMM,13425,161100,0.6336750984191895,0.6792255640029907,0.6689006005014692,0.8198433420365535,0.7663185378590078,0.7839803109967558,1.0,0.0003,1.0,3994.6938621997833
depth4_bal_AAAMAMMM,4,AAAMAMMM,13450,161400,0.6723214437564214,0.8217992782592773,0.8205895134380885,0.7542428198433421,0.6279373368146214,0.6270276317261438,1.0,0.0003,1.0,4003.010479450226
depth4_bal_AAAMAMMM,4,AAAMAMMM,13475,161700,0.7119306872288386,0.9036203424135844,0.8761338983263288,0.7235639686684073,0.6357702349869452,0.6366483946750195,1.0,0.0003,1.0,4011.2640237808228
depth4_bal_AAAMAMMM,4,AAAMAMMM,13500,162000,0.6674279123544693,0.6429053544998169,0.6403043610709054,0.7637075718015666,0.7976501305483029,0.7982995860834545,1.0,0.0003,1.0,4019.7040905952454
depth4_bal_AAAMAMMM,4,AAAMAMMM,13525,162300,1.0328767995039623,1.257334311803182,1.249703540120806,0.5496083550913838,0.45691906005221933,0.4593354961405079,1.0,0.0003,1.0,4028.183547973633
depth4_bal_AAAMAMMM,4,AAAMAMMM,13550,162600,1.1424605349699657,0.9565943082173666,0.9775205918720791,0.5401436031331592,0.5731070496083551,0.5577805123615617,1.0,0.0003,1.0,4036.7245388031006
depth4_bal_AAAMAMMM,4,AAAMAMMM,13575,162900,0.6257740358511606,0.671367367108663,0.6730964984212603,0.841710182767624,0.8015665796344648,0.8027743595480479,1.0,0.0003,1.0,4045.1434004306793
depth4_bal_AAAMAMMM,4,AAAMAMMM,13600,163200,0.7856134871641794,1.0419906775156658,0.9916429213115148,0.6618798955613577,0.5326370757180157,0.5616959391430809,1.0,0.0003,1.0,4053.316020965576
depth4_bal_AAAMAMMM,4,AAAMAMMM,13625,163500,0.6079692641894022,0.6856974562009176,0.6585621442113604,0.8093994778067886,0.7349869451697127,0.7753663720774135,1.0,0.0003,1.0,4061.8592851161957
depth4_bal_AAAMAMMM,4,AAAMAMMM,13650,163800,0.7719860623280207,0.770941972732544,0.7475382106644767,0.6922323759791122,0.7127937336814621,0.7283812506991834,1.0,0.0003,1.0,4070.222281932831
depth4_bal_AAAMAMMM,4,AAAMAMMM,13675,164100,0.5852462947368622,0.5811354319254557,0.5897439922605242,0.8175587467362925,0.8198433420365535,0.8176529813178208,1.0,0.0003,1.0,4078.587613105774
depth4_bal_AAAMAMMM,4,AAAMAMMM,13700,164400,0.6509374727805456,0.6888926227887472,0.6915497847965786,0.7728459530026109,0.716710182767624,0.7283812506991834,1.0,0.0003,1.0,4086.4684484004974
depth4_bal_AAAMAMMM,4,AAAMAMMM,13725,164700,1.1159677704175313,1.0438719193140666,1.0277476293700083,0.5244778067885117,0.5234986945169713,0.543461237274863,1.0,0.0003,1.0,4094.883332014084
depth4_bal_AAAMAMMM,4,AAAMAMMM,13750,165000,0.6530845959981283,0.679479738076528,0.6603252836636134,0.7509791122715405,0.7258485639686684,0.7597046649513368,1.0,0.0003,1.0,4103.246003866196
depth4_bal_AAAMAMMM,4,AAAMAMMM,13775,165300,0.65277332564195,0.7749256491661072,0.7814621329307556,0.756201044386423,0.6801566579634465,0.68687772681508,1.0,0.0003,1.0,4111.386885404587
depth4_bal_AAAMAMMM,4,AAAMAMMM,13800,165600,0.5805603613456091,0.6534823179244995,0.6632326943533761,0.8645561357702349,0.7780678851174935,0.7607114889808704,1.0,0.0003,1.0,4119.701165437698
depth4_bal_AAAMAMMM,4,AAAMAMMM,13825,165900,0.7417239745457967,0.7977757056554159,0.8076102256774902,0.6909268929503917,0.6527415143603134,0.6469403736435843,1.0,0.0003,1.0,4128.169705629349
depth4_bal_AAAMAMMM,4,AAAMAMMM,13850,166200,0.6937470436096191,0.7143418590227762,0.7236433182443891,0.7953655352480418,0.793733681462141,0.7726815079986575,1.0,0.0003,1.0,4136.5985996723175
depth4_bal_AAAMAMMM,4,AAAMAMMM,13875,166500,0.7685466110706329,0.8313938975334167,0.830400766645159,0.6759138381201044,0.618798955613577,0.6287056717753664,1.0,0.0003,1.0,4144.999648809433
depth4_bal_AAAMAMMM,4,AAAMAMMM,13900,166800,0.604292705655098,0.6848618586858114,0.667743011883327,0.8182114882506527,0.7702349869451697,0.7982995860834545,1.0,0.0003,1.0,4153.553904771805
depth4_bal_AAAMAMMM,4,AAAMAMMM,13925,167100,0.8522430062294006,0.739215354124705,0.7638261471475873,0.6488250652741514,0.7127937336814621,0.701644479248238,1.0,0.0003,1.0,4161.748373508453
depth4_bal_AAAMAMMM,4,AAAMAMMM,13950,167400,0.7176663875579834,0.7972578803698221,0.8254275594438826,0.7059399477806788,0.6553524804177546,0.6426893388522206,1.0,0.0003,1.0,4169.478496551514
depth4_bal_AAAMAMMM,4,AAAMAMMM,13975,167700,0.6818788200616837,0.882323424021403,0.8451415845326015,0.7451044386422977,0.6292428198433421,0.6383264347242421,1.0,0.0003,1.0,4177.845972061157
depth4_bal_AAAMAMMM,4,AAAMAMMM,14000,168000,1.1813075542449951,1.068434198697408,1.1157083579472133,0.5048955613577023,0.5195822454308094,0.5137039937353172,1.0,0.0003,1.0,4186.218853473663
depth4_bal_AAAMAMMM,4,AAAMAMMM,14025,168300,0.8304020911455154,0.8682831525802612,0.8814834117889404,0.6465404699738904,0.6422976501305483,0.6198679941827945,1.0,0.0003,1.0,4194.581669330597
depth4_bal_AAAMAMMM,4,AAAMAMMM,14050,168600,0.7116950452327728,0.8691375454266866,0.8412944180624825,0.7160574412532638,0.6227154046997389,0.6391095200805459,1.0,0.0003,1.0,4203.015406847
depth4_bal_AAAMAMMM,4,AAAMAMMM,14075,168900,0.6188397457202276,0.6189622084299723,0.6269291622298104,0.8152741514360313,0.8054830287206266,0.8079203490323302,1.0,0.0003,1.0,4211.404145240784
depth4_bal_AAAMAMMM,4,AAAMAMMM,14100,169200,0.7007041325171789,0.7004167238871256,0.6701075383595058,0.7320496083550914,0.7389033942558747,0.7649625237722341,1.0,0.0003,1.0,4219.8227207660675
depth4_bal_AAAMAMMM,4,AAAMAMMM,14125,169500,0.9673333217700323,0.8769221107165018,0.8955683691161019,0.5842036553524804,0.5913838120104439,0.5812730730506768,1.0,0.0003,1.0,4228.223538398743
depth4_bal_AAAMAMMM,4,AAAMAMMM,14150,169800,0.7798816214005152,0.733644704023997,0.754159358569554,0.6804830287206266,0.6997389033942559,0.6812842599843383,1.0,0.0003,1.0,4236.392870426178
depth4_bal_AAAMAMMM,4,AAAMAMMM,14175,170100,0.7751312752564748,0.7219569881757101,0.7161155019487654,0.6994125326370757,0.737597911227154,0.7415818324197337,1.0,0.0003,1.0,4244.593571186066
depth4_bal_AAAMAMMM,4,AAAMAMMM,14200,170400,0.5528814742962519,0.5816734035809835,0.5771091972078596,0.9141644908616188,0.8890339425587467,0.8932766528694485,1.0,0.0003,1.0,4252.553403377533
depth4_bal_AAAMAMMM,4,AAAMAMMM,14225,170700,0.6825715104738871,0.696582555770874,0.6919842430523464,0.7385770234986945,0.7114882506527415,0.723235261214901,1.0,0.0003,1.0,4260.881098747253
depth4_bal_AAAMAMMM,4,AAAMAMMM,14250,171000,1.0631801187992096,1.4418604771296184,1.477936281476702,0.5303524804177546,0.4164490861618799,0.42062870567177535,1.0,0.0003,1.0,4269.065242767334
depth4_bal_AAAMAMMM,4,AAAMAMMM,14275,171300,0.7194155305624008,0.7018296122550964,0.6965642179761614,0.7679503916449086,0.8237597911227154,0.8093746504083231,1.0,0.0003,1.0,4277.586671113968
depth4_bal_AAAMAMMM,4,AAAMAMMM,14300,171600,0.6166174560785294,0.6359126766522726,0.6215231708117894,0.7862271540469974,0.7845953002610966,0.8083678263787896,1.0,0.0003,1.0,4285.926350593567
depth4_bal_AAAMAMMM,4,AAAMAMMM,14325,171900,0.7318895906209946,0.8514029184977213,0.8528640747070313,0.7030026109660574,0.6292428198433421,0.6216579035686318,1.0,0.0003,1.0,4294.130389451981
depth4_bal_AAAMAMMM,4,AAAMAMMM,14350,172200,0.8510149319966634,0.7861263553301493,0.7872129542487009,0.6498041775456919,0.706266318537859,0.7017563485848529,1.0,0.0003,1.0,4301.52784371376
depth4_bal_AAAMAMMM,4,AAAMAMMM,14375,172500,0.5825539231300354,0.6494425336519877,0.6590937529291425,0.9027415143603134,0.8315926892950392,0.8197784987135026,1.0,0.0003,1.0,4309.736178398132
depth4_bal_AAAMAMMM,4,AAAMAMMM,14400,172800,0.9187475740909576,1.0109963019688923,0.9599604589598519,0.6047650130548303,0.5026109660574413,0.5480478800760712,1.0,0.0003,1.0,4318.117401123047
depth4_bal_AAAMAMMM,4,AAAMAMMM,14425,173100,0.928836832443873,0.941551943620046,0.9182021907397679,0.6050913838120104,0.577023498694517,0.5996196442555095,1.0,0.0003,1.0,4323.871367454529
depth4_bal_AAAMAMMM,4,AAAMAMMM,14450,173400,0.7541214178005854,0.833828846613566,0.8331229346139091,0.6801566579634465,0.6357702349869452,0.6389976507439311,1.0,0.0003,1.0,4331.330683469772
depth4_bal_AAAMAMMM,4,AAAMAMMM,14475,173700,0.8064001649618149,0.8584276437759399,0.8720151083809989,0.6504569190600522,0.6005221932114883,0.6045418950665623,1.0,0.0003,1.0,4339.806844234467
depth4_bal_AAAMAMMM,4,AAAMAMMM,14500,174000,0.8740554948647817,0.8507488171259562,0.8440009066036769,0.6413185378590078,0.6684073107049608,0.6485065443561919,1.0,0.0003,1.0,4348.195121526718
depth4_bal_AAAMAMMM,4,AAAMAMMM,14525,174300,0.6709339221318563,0.8339304327964783,0.8226487636566162,0.7431462140992167,0.5822454308093995,0.6095760152142298,1.0,0.0003,1.0,4356.688897609711
depth4_bal_AAAMAMMM,4,AAAMAMMM,14550,174600,0.9816645582516988,0.8903321623802185,0.9102690100669861,0.5799608355091384,0.6109660574412533,0.5982772122161315,1.0,0.0003,1.0,4365.087771177292
depth4_bal_AAAMAMMM,4,AAAMAMMM,14575,174900,1.2783608039220173,1.3072580099105835,1.2580277068274361,0.46703655352480417,0.42297650130548303,0.4463586530931872,1.0,0.0003,1.0,4373.127746582031
depth4_bal_AAAMAMMM,4,AAAMAMMM,14600,175200,0.6486009607712427,0.6629745960235596,0.6536300437791007,0.8028720626631853,0.7663185378590078,0.7886788231345788,1.0,0.0003,1.0,4381.4625017642975
depth4_bal_AAAMAMMM,4,AAAMAMMM,14625,175500,0.7155520270268122,0.8667456110318502,0.8733778783253261,0.7242167101827677,0.6174934725848564,0.5970466495133684,1.0,0.0003,1.0,4386.659044742584
depth4_bal_AAAMAMMM,4,AAAMAMMM,14650,175800,0.8158741046984991,0.8592930634816488,0.8338492086955479,0.6566579634464752,0.6514360313315927,0.6653988141850319,1.0,0.0003,1.0,4389.80585360527
depth4_bal_AAAMAMMM,4,AAAMAMMM,14675,176100,0.9747763474782308,1.0420790910720825,1.1109279462269375,0.5737597911227154,0.5496083550913838,0.5100123056270276,1.0,0.0003,1.0,4392.8060603141785
depth4_bal_AAAMAMMM,4,AAAMAMMM,14700,176400,0.5666480461756388,0.5922356645266215,0.5865008439336504,0.860313315926893,0.8328981723237598,0.8456203154715293,1.0,0.0003,1.0,4395.805315732956
depth4_bal_AAAMAMMM,4,AAAMAMMM,14725,176700,0.8208170731862386,0.9052608410517374,0.8947292651448931,0.6573107049608355,0.5796344647519582,0.5830629824365141,1.0,0.0003,1.0,4401.47635436058
depth4_bal_AAAMAMMM,4,AAAMAMMM,14750,177000,0.5604003419478735,0.6287961403528849,0.6156731843948364,0.8126631853785901,0.7389033942558747,0.7632844837230115,1.0,0.0003,1.0,4409.73614525795
depth4_bal_AAAMAMMM,4,AAAMAMMM,14775,177300,0.7276927878459295,0.8004160523414612,0.7904542531285967,0.7222584856396866,0.6501305483028721,0.6613715180668979,1.0,0.0003,1.0,4418.10498380661
depth4_bal_AAAMAMMM,4,AAAMAMMM,14800,177600,1.031989594300588,1.4301437139511108,1.2995915412902832,0.5753916449086162,0.40600522193211486,0.4474773464593355,1.0,0.0003,1.0,4426.4920971393585
depth4_bal_AAAMAMMM,4,AAAMAMMM,14825,177900,0.8089588681856791,0.7601325114568075,0.7727330088615417,0.6798302872062664,0.716710182767624,0.702315695267927,1.0,0.0003,1.0,4434.856269598007
depth4_bal_AAAMAMMM,4,AAAMAMMM,14850,178200,0.5897318025430044,0.7816500862439474,0.7810646840504237,0.8142950391644909,0.6462140992167101,0.6782637878957378,1.0,0.0003,1.0,4443.3366775512695
depth4_bal_AAAMAMMM,4,AAAMAMMM,14875,178500,0.6560833305120468,0.694959282875061,0.6800960847309657,0.7395561357702349,0.6945169712793734,0.7169705783644703,1.0,0.0003,1.0,4451.5949375629425
depth4_bal_AAAMAMMM,4,AAAMAMMM,14900,178800,0.6805868546168009,0.8129340410232544,0.8277871523584638,0.7411879895561357,0.6357702349869452,0.6293768877950554,1.0,0.0003,1.0,4459.954658508301
depth4_bal_AAAMAMMM,4,AAAMAMMM,14925,179100,0.7708022693792979,0.9054002364476522,0.9267809254782541,0.66677545691906,0.6018276762402088,0.5982772122161315,1.0,0.0003,1.0,4468.2510669231415
depth4_bal_AAAMAMMM,4,AAAMAMMM,14950,179400,0.8379163841406504,0.9563729961713155,0.9067833287375314,0.6537206266318538,0.5613577023498695,0.6131558339859045,1.0,0.0003,1.0,4476.778009414673
depth4_bal_AAAMAMMM,4,AAAMAMMM,14975,179700,0.7167056401570638,0.7204656799634298,0.7291223270552499,0.7480417754569191,0.7232375979112271,0.722564045195212,1.0,0.0003,1.0,4484.910103082657
depth4_bal_AAAMAMMM,4,AAAMAMMM,15000,180000,1.0205594450235367,1.1104629437128704,1.09850789138249,0.547976501305483,0.49869451697127937,0.516500727150688,1.0,0.0003,1.0,4493.250459194183
depth4_bal_AAAMAMMM,4,AAAMAMMM,15025,180300,0.7082898716131846,0.7069875001907349,0.7000168698174613,0.7287859007832899,0.7402088772845953,0.751538203378454,1.0,0.0003,1.0,4501.615192651749
depth4_bal_AAAMAMMM,4,AAAMAMMM,15050,180600,0.6636308580636978,0.7917425632476807,0.7666035532951355,0.7823107049608355,0.664490861618799,0.6793824812618862,1.0,0.0003,1.0,4509.653755903244
depth4_bal_AAAMAMMM,4,AAAMAMMM,15075,180900,0.5875861048698425,0.6688619057337443,0.6939866815294539,0.8028720626631853,0.7389033942558747,0.725920125293657,1.0,0.0003,1.0,4517.827299356461
depth4_bal_AAAMAMMM,4,AAAMAMMM,15100,181200,0.7532304475704829,0.8411864638328552,0.809803112915584,0.6987597911227154,0.6318537859007833,0.6561136592460006,1.0,0.0003,1.0,4526.022231340408
depth4_bal_AAAMAMMM,4,AAAMAMMM,15125,181500,1.076850617925326,1.0934646129608154,1.0776586617742265,0.5421018276762402,0.5130548302872062,0.5430137599284036,1.0,0.0003,1.0,4534.227770328522
depth4_bal_AAAMAMMM,4,AAAMAMMM,15150,181800,0.9955231100320816,1.1368327140808105,1.1003954870360237,0.5737597911227154,0.4960835509138381,0.5235484953574225,1.0,0.0003,1.0,4542.452221870422
depth4_bal_AAAMAMMM,4,AAAMAMMM,15175,182100,0.6858542958895365,0.7074627876281738,0.7087073223931449,0.7699086161879896,0.7219321148825065,0.7248014319275087,1.0,0.0003,1.0,4550.666168212891
depth4_bal_AAAMAMMM,4,AAAMAMMM,15200,182400,0.6095708558956782,0.6665421724319458,0.6582519888877869,0.8413838120104439,0.7989556135770235,0.8017675355185144,1.0,0.0003,1.0,4558.9147226810455
depth4_bal_AAAMAMMM,4,AAAMAMMM,15225,182700,0.7111558119455973,0.7157933910687765,0.7393317920821053,0.7232375979112271,0.716710182767624,0.705671775366372,1.0,0.0003,1.0,4566.970000743866
depth4_bal_AAAMAMMM,4,AAAMAMMM,15250,183000,0.8257887015740076,1.0238724549611409,0.9881874288831438,0.6494778067885117,0.5352480417754569,0.5403288958496476,1.0,0.0003,1.0,4574.919805049896
depth4_bal_AAAMAMMM,4,AAAMAMMM,15275,183300,0.609661653637886,0.6332131624221802,0.6300868460110256,0.8495430809399478,0.8381201044386423,0.8332028191072827,1.0,0.0003,1.0,4583.070530414581
depth4_bal_AAAMAMMM,4,AAAMAMMM,15300,183600,0.687145839134852,0.7495723168055216,0.7442266379083906,0.7672976501305483,0.7219321148825065,0.7193198344333818,1.0,0.0003,1.0,4591.393390655518
depth4_bal_AAAMAMMM,4,AAAMAMMM,15325,183900,0.6721847603718439,0.8192023038864136,0.8473084245409285,0.7679503916449086,0.6344647519582245,0.618861170153261,1.0,0.0003,1.0,4598.81861615181
depth4_bal_AAAMAMMM,4,AAAMAMMM,15350,184200,0.6802360365788142,0.846990168094635,0.8699755089623588,0.7320496083550914,0.6357702349869452,0.6005145989484283,1.0,0.0003,1.0,4606.979278087616
depth4_bal_AAAMAMMM,4,AAAMAMMM,15375,184500,0.7818916688362757,0.9662708044052124,0.9331432938575744,0.672976501305483,0.5496083550913838,0.5620315471529254,1.0,0.0003,1.0,4615.336983919144
depth4_bal_AAAMAMMM,4,AAAMAMMM,15400,184800,0.7493497480948766,0.867774248123169,0.85185546875,0.6925587467362925,0.6201044386422977,0.6365365253384048,1.0,0.0003,1.0,4623.686918497086
depth4_bal_AAAMAMMM,4,AAAMAMMM,15425,185100,0.7089687834183375,0.7949354449907938,0.7797981517655509,0.7382506527415144,0.6762402088772846,0.6885557668643025,1.0,0.0003,1.0,4631.309545516968
depth4_bal_AAAMAMMM,4,AAAMAMMM,15450,185400,0.7467715839544932,0.7051029801368713,0.7072983486311776,0.7007180156657964,0.706266318537859,0.7143975836223291,1.0,0.0003,1.0,4639.592499732971
depth4_bal_AAAMAMMM,4,AAAMAMMM,15475,185700,0.7291625390450159,0.7581419746081034,0.7942020654678345,0.7134464751958225,0.6932114882506527,0.6633851661259649,1.0,0.0003,1.0,4647.9400639534
depth4_bal_AAAMAMMM,4,AAAMAMMM,15500,186000,0.6823675036430359,0.8582520484924316,0.8413057480539594,0.7330287206266318,0.6122715404699739,0.6140507886788231,1.0,0.0003,1.0,4656.398925304413
depth4_bal_AAAMAMMM,4,AAAMAMMM,15525,186300,0.6825049916903178,0.7762689590454102,0.783106826032911,0.7460835509138382,0.6814621409921671,0.6749077077972928,1.0,0.0003,1.0,4664.962336540222
depth4_bal_AAAMAMMM,4,AAAMAMMM,15550,186600,0.7259344458580017,0.8007418711980184,0.7957313248089382,0.6981070496083551,0.6514360313315927,0.6724465823917665,1.0,0.0003,1.0,4673.489850521088
depth4_bal_AAAMAMMM,4,AAAMAMMM,15575,186900,0.8739155034224192,0.7804810603459676,0.7648210304124015,0.6331592689295039,0.6357702349869452,0.6817317373307976,1.0,0.0003,1.0,4681.943940401077
depth4_bal_AAAMAMMM,4,AAAMAMMM,15600,187200,0.6032669146855673,0.6274965604146322,0.6344270518847874,0.8152741514360313,0.793733681462141,0.792594249916098,1.0,0.0003,1.0,4690.568284988403
depth4_bal_AAAMAMMM,4,AAAMAMMM,15625,187500,0.7846721212069193,0.8240036169687907,0.8195321236337935,0.6886422976501305,0.6422976501305483,0.6359771786553305,1.0,0.0003,1.0,4699.088150501251
depth4_bal_AAAMAMMM,4,AAAMAMMM,15650,187800,0.5984018047650655,0.6211851636568705,0.6323113475527082,0.7927545691906005,0.758485639686684,0.7614945743371742,1.0,0.0003,1.0,4707.6080157756805
depth4_bal_AAAMAMMM,4,AAAMAMMM,15675,188100,0.8481085449457169,0.8171904881795248,0.8261307835578918,0.6289164490861618,0.6462140992167101,0.6430249468620651,1.0,0.0003,1.0,4716.1144943237305
depth4_bal_AAAMAMMM,4,AAAMAMMM,15700,188400,0.6941802054643631,0.7366479833920797,0.7328870688165937,0.7503263707571801,0.6919060052219321,0.712495804899877,1.0,0.0003,1.0,4724.495411634445
depth4_bal_AAAMAMMM,4,AAAMAMMM,15725,188700,0.8129466474056244,0.9129258592923483,0.9433676651545934,0.6540469973890339,0.5822454308093995,0.5734422194876384,1.0,0.0003,1.0,4732.776191473007
depth4_bal_AAAMAMMM,4,AAAMAMMM,15750,189000,0.6179107228914896,0.6300152937571207,0.6500433513096401,0.8156005221932114,0.8133159268929504,0.8041167915874259,1.0,0.0003,1.0,4741.171788215637
depth4_bal_AAAMAMMM,4,AAAMAMMM,15775,189300,0.7687471260627111,0.7857758204142252,0.7801809157644,0.6762402088772846,0.6723237597911227,0.6712160196890032,1.0,0.0003,1.0,4749.243384361267
depth4_bal_AAAMAMMM,4,AAAMAMMM,15800,189600,0.6042699466149012,0.7149500250816345,0.6984472462109157,0.7878590078328982,0.6984334203655352,0.7103702875041951,1.0,0.0003,1.0,4757.650200843811
depth4_bal_AAAMAMMM,4,AAAMAMMM,15825,189900,1.1417458405097325,1.0207320253054302,1.0099868416786193,0.5143603133159269,0.5182767624020888,0.5386508558004252,1.0,0.0003,1.0,4765.9955534935
depth4_bal_AAAMAMMM,4,AAAMAMMM,15850,190200,0.5694928814967474,0.6757148702939352,0.6848850863320487,0.8488903394255874,0.7545691906005222,0.7524331580713727,1.0,0.0003,1.0,4774.279571294785
depth4_bal_AAAMAMMM,4,AAAMAMMM,15875,190500,0.7803576042254766,0.7990416884422302,0.8161985754966736,0.7023498694516971,0.6592689295039165,0.6495133683857255,1.0,0.0003,1.0,4782.340247154236
depth4_bal_AAAMAMMM,4,AAAMAMMM,15900,190800,0.6318232913812002,0.6433719396591187,0.6325339538710458,0.8002610966057441,0.793733681462141,0.8051236156169594,1.0,0.0003,1.0,4790.5299961566925
depth4_bal_AAAMAMMM,4,AAAMAMMM,15925,191100,1.0829220463832219,0.9639674623807272,0.9430313978876387,0.5274151436031331,0.577023498694517,0.5864190625349591,1.0,0.0003,1.0,4798.662589073181
depth4_bal_AAAMAMMM,4,AAAMAMMM,15950,191400,0.6234104881683985,0.8030869762102762,0.8174516320228576,0.7764360313315927,0.6475195822454308,0.6321736212104262,1.0,0.0003,1.0,4806.9320063591
depth4_bal_AAAMAMMM,4,AAAMAMMM,15975,191700,0.6885146150986353,0.6950242718060812,0.6969448481287275,0.7901436031331592,0.783289817232376,0.7791699295223179,1.0,0.0003,1.0,4815.146090269089
depth4_bal_AAAMAMMM,4,AAAMAMMM,16000,192000,0.7258868267138799,0.8980009953180949,0.9030948213168553,0.7088772845953003,0.5953002610966057,0.5870902785546481,1.0,0.0003,1.0,4823.116625785828
depth4_bal_AAAMAMMM,4,AAAMAMMM,16025,192300,0.7970804572105408,0.7961368958155314,0.8067114455359322,0.6680809399477807,0.6723237597911227,0.6567848752656896,1.0,0.0003,1.0,4831.587868213654
depth4_bal_AAAMAMMM,4,AAAMAMMM,16050,192600,0.8493158221244812,0.8854807416598002,0.882695860522134,0.6879895561357703,0.6501305483028721,0.6549949658798523,1.0,0.0003,1.0,4839.950383424759
depth4_bal_AAAMAMMM,4,AAAMAMMM,16075,192900,0.7848488042751948,0.7837973833084106,0.8042006356375558,0.6752610966057441,0.6631853785900783,0.6511914084349479,1.0,0.0003,1.0,4847.815116405487
depth4_bal_AAAMAMMM,4,AAAMAMMM,16100,193200,0.8281906843185425,1.0379886627197266,1.0253007837704249,0.6511096605744126,0.5430809399477807,0.5646045418950666,1.0,0.0003,1.0,4856.1704778671265
depth4_bal_AAAMAMMM,4,AAAMAMMM,16125,193500,0.6030993560949961,0.6339219609896342,0.6454036661556789,0.8390992167101827,0.783289817232376,0.7810717082447701,1.0,0.0003,1.0,4864.554923295975
depth4_bal_AAAMAMMM,4,AAAMAMMM,16150,193800,0.7921497623125712,0.786646286646525,0.7805997439793178,0.6664490861618799,0.6305483028720626,0.6628258194428907,1.0,0.0003,1.0,4872.668051958084
depth4_bal_AAAMAMMM,4,AAAMAMMM,16175,194100,0.6555491536855698,0.6815604170163473,0.6774856976100376,0.7836161879895561,0.7741514360313316,0.7649625237722341,1.0,0.0003,1.0,4880.873938322067
depth4_bal_AAAMAMMM,4,AAAMAMMM,16200,194400,0.7396502693494161,0.8007589975992838,0.8114352941513061,0.6951697127937336,0.6566579634464752,0.6417943841593019,1.0,0.0003,1.0,4889.303897619247
depth4_bal_AAAMAMMM,4,AAAMAMMM,16225,194700,0.6466680119434992,0.9564434687296549,0.9287449359893799,0.7496736292428199,0.5718015665796344,0.5929074840586195,1.0,0.0003,1.0,4895.597361803055
depth4_bal_AAAMAMMM,4,AAAMAMMM,16250,195000,0.8026236544052759,0.8341485659281412,0.8163803270884923,0.654373368146214,0.6592689295039165,0.6473878509900436,1.0,0.0003,1.0,4904.080255746841
depth4_bal_AAAMAMMM,4,AAAMAMMM,16275,195300,0.727673813700676,0.7332427302996317,0.7269952518599374,0.7362924281984334,0.7219321148825065,0.7224521758585971,1.0,0.0003,1.0,4912.467967271805
depth4_bal_AAAMAMMM,4,AAAMAMMM,16300,195600,0.8974856237570444,0.995586633682251,1.016468506199973,0.6109660574412533,0.556135770234987,0.5463698400268486,1.0,0.0003,1.0,4920.822045087814
depth4_bal_AAAMAMMM,4,AAAMAMMM,16325,195900,0.7649921377499899,0.7966607809066772,0.7967225704874311,0.691579634464752,0.6409921671018277,0.6529813178207853,1.0,0.0003,1.0,4928.01904797554
depth4_bal_AAAMAMMM,4,AAAMAMMM,16350,196200,0.6881206731001536,0.7610201239585876,0.7574337227003914,0.7447780678851175,0.7023498694516971,0.7037699966439199,1.0,0.0003,1.0,4934.558335542679
depth4_bal_AAAMAMMM,4,AAAMAMMM,16375,196500,0.721227303147316,0.8496621251106262,0.8592280251639229,0.7154046997389034,0.643603133159269,0.6356415706454861,1.0,0.0003,1.0,4942.625562429428
depth4_bal_AAAMAMMM,4,AAAMAMMM,16400,196800,0.8160984069108963,0.8574151992797852,0.8754773667880467,0.6488250652741514,0.6135770234986945,0.6127083566394451,1.0,0.0003,1.0,4950.881987571716
depth4_bal_AAAMAMMM,4,AAAMAMMM,16425,197100,0.5289566492040952,0.5481157104174296,0.542776712349483,0.8919712793733682,0.8759791122715405,0.8883544020583958,1.0,0.0003,1.0,4959.003572940826
depth4_bal_AAAMAMMM,4,AAAMAMMM,16450,197400,0.7682387034098307,0.8356316685676575,0.8264107414654323,0.6840731070496083,0.6018276762402088,0.6365365253384048,1.0,0.0003,1.0,4967.412604808807
depth4_bal_AAAMAMMM,4,AAAMAMMM,16475,197700,0.6673387785752615,0.6109624902407328,0.6149094394275121,0.7428198433420365,0.7976501305483029,0.8040049222508111,1.0,0.0003,1.0,4975.506716966629
depth4_bal_AAAMAMMM,4,AAAMAMMM,16500,198000,0.7421208371718725,0.7484585046768188,0.7504820483071464,0.7255221932114883,0.7493472584856397,0.7491889473095424,1.0,0.0003,1.0,4983.854274988174
depth4_bal_AAAMAMMM,4,AAAMAMMM,16525,198300,0.6505490243434906,0.7295746405919393,0.7115710582051958,0.7633812010443864,0.7140992167101827,0.7107058955140396,1.0,0.0003,1.0,4992.3936314582825
depth4_bal_AAAMAMMM,4,AAAMAMMM,16550,198600,0.9139938751856486,1.0469763278961182,1.007297270638602,0.6073759791122716,0.5287206266318538,0.5370846850878175,1.0,0.0003,1.0,5000.739487886429
depth4_bal_AAAMAMMM,4,AAAMAMMM,16575,198900,0.5156051417191824,0.5543878475824991,0.5561310001782008,0.8789164490861618,0.8485639686684073,0.8504306969459671,1.0,0.0003,1.0,5008.7077832221985
depth4_bal_AAAMAMMM,4,AAAMAMMM,16600,199200,0.6495218873023987,0.6578166882197062,0.6622296401432582,0.7676240208877284,0.7780678851174935,0.7676473878509901,1.0,0.0003,1.0,5016.814403057098
depth4_bal_AAAMAMMM,4,AAAMAMMM,16625,199500,0.6405229369799296,0.6319141785303751,0.6408031361443656,0.7943864229765013,0.814621409921671,0.7949435059850095,1.0,0.0003,1.0,5025.079044818878
depth4_bal_AAAMAMMM,4,AAAMAMMM,16650,199800,0.9521770377953848,1.065720001856486,1.0380318624632698,0.591710182767624,0.5287206266318538,0.5678487526568967,1.0,0.0003,1.0,5033.221037387848
depth4_bal_AAAMAMMM,4,AAAMAMMM,16675,200100,0.7181626359621683,0.9591375589370728,1.008263180937086,0.7134464751958225,0.6057441253263708,0.5781407316254614,1.0,0.0003,1.0,5041.235974311829
depth4_bal_AAAMAMMM,4,AAAMAMMM,16700,200400,0.7381807764371237,0.7446589867273966,0.7609406760760716,0.7219321148825065,0.7114882506527415,0.692918670992281,1.0,0.0003,1.0,5049.514257192612
depth4_bal_AAAMAMMM,4,AAAMAMMM,16725,200700,0.7122275829315186,0.9167313973108927,0.9329381738390241,0.714425587467363,0.5639686684073107,0.5781407316254614,1.0,0.0003,1.0,5057.8551297187805
depth4_bal_AAAMAMMM,4,AAAMAMMM,16750,201000,0.6701894849538803,0.5962333480517069,0.6118576969419207,0.7447780678851175,0.8185378590078329,0.7980758474102249,1.0,0.0003,1.0,5065.735920190811
depth4_bal_AAAMAMMM,4,AAAMAMMM,16775,201300,0.589130366841952,0.7258788545926412,0.7126633678163801,0.8035248041775457,0.6866840731070496,0.697617183130104,1.0,0.0003,1.0,5073.935842990875
depth4_bal_AAAMAMMM,4,AAAMAMMM,16800,201600,0.7922043253978094,0.8162189523379008,0.8176026156970433,0.6661227154046997,0.6553524804177546,0.6507439310884886,1.0,0.0003,1.0,5082.22807097435
depth4_bal_AAAMAMMM,4,AAAMAMMM,16825,201900,0.7531822820504507,0.7535064617792765,0.7667232189859663,0.7274804177545692,0.7297650130548303,0.7099228101577357,1.0,0.0003,1.0,5090.413181781769
depth4_bal_AAAMAMMM,4,AAAMAMMM,16850,202200,0.8097169101238251,0.8181022008260092,0.8257014972823007,0.66677545691906,0.6305483028720626,0.6430249468620651,1.0,0.0003,1.0,5098.78671336174
depth4_bal_AAAMAMMM,4,AAAMAMMM,16875,202500,0.5711991737286249,0.6015788714090983,0.5918250833238874,0.8616187989556136,0.8342036553524804,0.8434947980758474,1.0,0.0003,1.0,5107.2415680885315
depth4_bal_AAAMAMMM,4,AAAMAMMM,16900,202800,0.5239799122015635,0.618686318397522,0.6049261399677821,0.8723890339425587,0.7885117493472585,0.7918111645597942,1.0,0.0003,1.0,5115.638209819794
depth4_bal_AAAMAMMM,4,AAAMAMMM,16925,203100,0.6425358106692632,0.7207281589508057,0.7248342565127781,0.7764360313315927,0.7219321148825065,0.721221613155834,1.0,0.0003,1.0,5123.545479774475
depth4_bal_AAAMAMMM,4,AAAMAMMM,16950,203400,1.0007052620251973,1.1000903844833374,1.1066547019141062,0.5868146214099217,0.5039164490861618,0.5181787671999105,1.0,0.0003,1.0,5131.958509683609
depth4_bal_AAAMAMMM,4,AAAMAMMM,16975,203700,0.6926040351390839,0.6612787048021952,0.6548124517713274,0.7398825065274152,0.8002610966057441,0.7957265913413133,1.0,0.0003,1.0,5140.219751596451
depth4_bal_AAAMAMMM,4,AAAMAMMM,17000,204000,0.6932133883237839,0.7935025691986084,0.789513111114502,0.743798955613577,0.6383812010443864,0.6660700302047209,1.0,0.0003,1.0,5148.604782581329
depth4_bal_AAAMAMMM,4,AAAMAMMM,17025,204300,0.9238666246334711,1.0583769083023071,1.0101881197520666,0.6018276762402088,0.5326370757180157,0.5619196778163106,1.0,0.0003,1.0,5156.947077035904
depth4_bal_AAAMAMMM,4,AAAMAMMM,17050,204600,0.7061235954364141,0.6996459166208903,0.7212001136371068,0.7245430809399478,0.7349869451697127,0.725248909273968,1.0,0.0003,1.0,5165.347704648972
depth4_bal_AAAMAMMM,4,AAAMAMMM,17075,204900,0.7621490905682246,0.7370390097300211,0.7475675599915641,0.706266318537859,0.7271540469973891,0.7032106499608457,1.0,0.0003,1.0,5173.7583038806915
depth4_bal_AAAMAMMM,4,AAAMAMMM,17100,205200,1.032624289393425,1.0933348337809246,1.0863261767796109,0.5538511749347258,0.48172323759791125,0.5022933214006041,1.0,0.0003,1.0,5182.020211219788
depth4_bal_AAAMAMMM,4,AAAMAMMM,17125,205500,0.6573704183101654,0.6560995976130167,0.6483833636556353,0.7911227154046997,0.8028720626631853,0.8128425998433829,1.0,0.0003,1.0,5190.189260005951
depth4_bal_AAAMAMMM,4,AAAMAMMM,17150,205800,0.8433818618456522,0.7939295172691345,0.7719759907041277,0.6210835509138382,0.660574412532637,0.6871014654883096,1.0,0.0003,1.0,5198.316236257553
depth4_bal_AAAMAMMM,4,AAAMAMMM,17175,206100,0.9460406402746836,0.8947533766428629,0.9224436691829137,0.5747389033942559,0.643603133159269,0.6043181563933326,1.0,0.0003,1.0,5206.725347042084
depth4_bal_AAAMAMMM,4,AAAMAMMM,17200,206400,0.79928819835186,0.9284500281016032,0.9367079632622856,0.6821148825065274,0.6005221932114883,0.5955923481373755,1.0,0.0003,1.0,5214.8527801036835
depth4_bal_AAAMAMMM,4,AAAMAMMM,17225,206700,0.6059183478355408,0.624354879061381,0.6345393521445138,0.8397519582245431,0.8446475195822454,0.8234701868217922,1.0,0.0003,1.0,5223.104579925537
depth4_bal_AAAMAMMM,4,AAAMAMMM,17250,207000,0.5917530953884125,0.5952757596969604,0.6073798026357379,0.7904699738903395,0.7950391644908616,0.7920349032330238,1.0,0.0003,1.0,5231.279562711716
depth4_bal_AAAMAMMM,4,AAAMAMMM,17275,207300,0.7908937335014343,0.9910352428754171,1.001351729461125,0.6703655352480418,0.5783289817232375,0.561584069806466,1.0,0.0003,1.0,5239.538887262344
depth4_bal_AAAMAMMM,4,AAAMAMMM,17300,207600,0.6910151342550913,0.7265747785568237,0.7289277604648046,0.7607702349869452,0.7271540469973891,0.7222284371853674,1.0,0.0003,1.0,5247.757949829102
depth4_bal_AAAMAMMM,4,AAAMAMMM,17325,207900,0.9237408488988876,1.3747485081354778,1.3629446642739431,0.6015013054830287,0.4608355091383812,0.45284707461684753,1.0,0.0003,1.0,5253.123260974884
depth4_bal_AAAMAMMM,4,AAAMAMMM,17350,208200,0.7416986326376597,0.8325071930885315,0.8223890815462385,0.7118146214099217,0.6475195822454308,0.6507439310884886,1.0,0.0003,1.0,5261.365289449692
depth4_bal_AAAMAMMM,4,AAAMAMMM,17375,208500,0.604363297422727,0.6708740393320719,0.6641750352723258,0.8371409921671018,0.7715404699738904,0.7904687325204162,1.0,0.0003,1.0,5269.797976016998
depth4_bal_AAAMAMMM,4,AAAMAMMM,17400,208800,0.6704854716857275,0.69661545753479,0.6956328000341143,0.7669712793733682,0.7650130548302873,0.7594809262781071,1.0,0.0003,1.0,5277.754906654358
depth4_bal_AAAMAMMM,4,AAAMAMMM,17425,209100,0.570413405696551,0.6183464527130127,0.6245152967316764,0.8129895561357703,0.737597911227154,0.7588097102584181,1.0,0.0003,1.0,5285.446196079254
depth4_bal_AAAMAMMM,4,AAAMAMMM,17450,209400,0.6087694267431895,0.6207627455393473,0.6310883402824402,0.787532637075718,0.7950391644908616,0.7984114554200693,1.0,0.0003,1.0,5293.9188504219055
depth4_bal_AAAMAMMM,4,AAAMAMMM,17475,209700,0.8122683018445969,0.7998069524765015,0.7730429206575666,0.6498041775456919,0.6449086161879896,0.6735652757579148,1.0,0.0003,1.0,5302.344223737717
depth4_bal_AAAMAMMM,4,AAAMAMMM,17500,210000,0.6573862284421921,0.6797961195309957,0.6575811113630022,0.7816579634464752,0.7558746736292428,0.7844277883432151,1.0,0.0003,1.0,5310.734499931335
depth4_bal_AAAMAMMM,4,AAAMAMMM,17525,210300,1.011545826991399,0.9677246610323588,0.9791408130100795,0.5659268929503917,0.5691906005221932,0.5591229444009397,1.0,0.0003,1.0,5318.817204236984
depth4_bal_AAAMAMMM,4,AAAMAMMM,17550,210600,0.5465109695990881,0.6190055807431539,0.6128075054713658,0.8612924281984334,0.8002610966057441,0.8051236156169594,1.0,0.0003,1.0,5327.00629401207
depth4_bal_AAAMAMMM,4,AAAMAMMM,17575,210900,0.8469983488321304,0.8455442388852438,0.8684441430228097,0.6305483028720626,0.618798955613577,0.6024163776708804,1.0,0.0003,1.0,5335.368134021759
depth4_bal_AAAMAMMM,4,AAAMAMMM,17600,211200,0.7625666856765747,0.8129133582115173,0.8302598731858389,0.6948433420365535,0.660574412532637,0.6581273073050676,1.0,0.0003,1.0,5339.636740446091
depth4_bal_AAAMAMMM,4,AAAMAMMM,17625,211500,0.62270554403464,0.6805298725763956,0.6736841508320399,0.797976501305483,0.7545691906005222,0.7605996196442555,1.0,0.0003,1.0,5347.402716636658
depth4_bal_AAAMAMMM,4,AAAMAMMM,17650,211800,0.9792123983303705,1.0193485816319783,1.0248322997774397,0.5763707571801566,0.5274151436031331,0.5414475892157959,1.0,0.0003,1.0,5355.9365701675415
depth4_bal_AAAMAMMM,4,AAAMAMMM,17675,212100,0.6273485173781713,0.6929795742034912,0.7223950130598885,0.8071148825065274,0.7389033942558747,0.725920125293657,1.0,0.0003,1.0,5364.425758600235
depth4_bal_AAAMAMMM,4,AAAMAMMM,17700,212400,0.7222044120232264,0.7221396168073019,0.7296590106827873,0.7098563968668408,0.7284595300261096,0.711824588880188,1.0,0.0003,1.0,5372.853729009628
depth4_bal_AAAMAMMM,4,AAAMAMMM,17725,212700,0.6284659206867218,0.7100493113199869,0.6875966123172215,0.7810052219321149,0.7336814621409922,0.7466159525674013,1.0,0.0003,1.0,5382.634706020355
depth4_bal_AAAMAMMM,4,AAAMAMMM,17750,213000,1.1097650974988937,1.3764946460723877,1.347661450931004,0.5385117493472585,0.42950391644908614,0.44658239176641684,1.0,0.0003,1.0,5391.566202402115
depth4_bal_AAAMAMMM,4,AAAMAMMM,17775,213300,0.8545905749003092,0.7759339610735575,0.7823695421218873,0.6302219321148825,0.6684073107049608,0.6624902114330462,1.0,0.0003,1.0,5399.819249391556
depth4_bal_AAAMAMMM,4,AAAMAMMM,17800,213600,0.6335925807555517,0.7073655327161154,0.6992351412773132,0.8266971279373369,0.737597911227154,0.7546705448036694,1.0,0.0003,1.0,5408.026142835617
depth4_bal_AAAMAMMM,4,AAAMAMMM,17825,213900,0.7874512920777003,0.8339646259943644,0.8220052633966718,0.6876631853785901,0.6527415143603134,0.6505201924152589,1.0,0.0003,1.0,5416.313296794891
depth4_bal_AAAMAMMM,4,AAAMAMMM,17850,214200,0.6596483240524927,1.058988372484843,1.0354144164494106,0.7539164490861618,0.5130548302872062,0.5282470074952456,1.0,0.0003,1.0,5424.687331914902
depth4_bal_AAAMAMMM,4,AAAMAMMM,17875,214500,0.7293732961018881,0.6730937163035074,0.6770616054534913,0.7163838120104439,0.7428198433420365,0.7504195100123057,1.0,0.0003,1.0,5433.145599365234
depth4_bal_AAAMAMMM,4,AAAMAMMM,17900,214800,0.6246263931194941,0.7903868953386942,0.800106315953391,0.7878590078328982,0.6331592689295039,0.6410112988029981,1.0,0.0003,1.0,5441.554007768631
depth4_bal_AAAMAMMM,4,AAAMAMMM,17925,215100,1.549981951713562,1.2302206754684448,1.2368089778082711,0.43048302872062666,0.46344647519582244,0.46313905358541224,1.0,0.0003,1.0,5450.0095801353455
depth4_bal_AAAMAMMM,4,AAAMAMMM,17950,215400,0.8411816209554672,1.008418043454488,0.9907310468809946,0.6481723237597912,0.5822454308093995,0.5685199686765857,1.0,0.0003,1.0,5458.405330896378
depth4_bal_AAAMAMMM,4,AAAMAMMM,17975,215700,0.6126206864913305,0.6521420081456503,0.6647207702909197,0.8286553524804178,0.7780678851174935,0.7828616176306075,1.0,0.0003,1.0,5466.768939733505
depth4_bal_AAAMAMMM,4,AAAMAMMM,18000,216000,0.5587981243928274,0.5929727355639139,0.5815524169376918,0.8828328981723238,0.8681462140992167,0.8723570869224746,1.0,0.0003,1.0,5475.109398365021
depth4_bal_AAAMAMMM,4,AAAMAMMM,18025,216300,0.8409598420063654,1.0752078692118328,1.0329860380717686,0.6380548302872062,0.49869451697127937,0.529925047544468,1.0,0.0003,1.0,5483.613567113876
depth4_bal_AAAMAMMM,4,AAAMAMMM,18050,216600,0.8848293522993723,0.9108553131421407,0.9007938844817025,0.6217362924281984,0.6161879895561357,0.6106947085803781,1.0,0.0003,1.0,5491.879503250122
depth4_bal_AAAMAMMM,4,AAAMAMMM,18075,216900,0.6314440965652466,0.7227176825205485,0.6786888020379203,0.7826370757180157,0.7219321148825065,0.7647387850990044,1.0,0.0003,1.0,5500.147668361664
depth4_bal_AAAMAMMM,4,AAAMAMMM,18100,217200,1.155026728908221,1.6180548270543416,1.6506329195840017,0.508485639686684,0.360313315926893,0.3687213334824925,1.0,0.0003,1.0,5508.506589651108
depth4_bal_AAAMAMMM,4,AAAMAMMM,18125,217500,0.7893332789341608,0.7601265907287598,0.7626847335270472,0.6873368146214099,0.7114882506527415,0.709139724801432,1.0,0.0003,1.0,5516.772740364075
depth4_bal_AAAMAMMM,4,AAAMAMMM,18150,217800,0.6147598127524058,0.628597637017568,0.6325548597744532,0.8025456919060052,0.8133159268929504,0.8062423089831078,1.0,0.0003,1.0,5525.257271289825
depth4_bal_AAAMAMMM,4,AAAMAMMM,18175,218100,0.985676109790802,0.9604071974754333,0.9798254983765738,0.5780026109660574,0.5587467362924282,0.5630383711824589,1.0,0.0003,1.0,5531.819615602493
depth4_bal_AAAMAMMM,4,AAAMAMMM,18200,218400,0.5644658133387566,0.5963155428568522,0.5866077933992658,0.8142950391644909,0.7754569190600522,0.7882313457881195,1.0,0.0003,1.0,5539.422645807266
depth4_bal_AAAMAMMM,4,AAAMAMMM,18225,218700,0.6976194282372793,0.7843549450238546,0.7865085176059178,0.7157310704960835,0.6775456919060052,0.6549949658798523,1.0,0.0003,1.0,5547.445724964142
depth4_bal_AAAMAMMM,4,AAAMAMMM,18250,219000,0.8029303699731827,0.833476185798645,0.839174771308899,0.7127937336814621,0.6892950391644909,0.6985121378230227,1.0,0.0003,1.0,5555.701946258545
depth4_bal_AAAMAMMM,4,AAAMAMMM,18275,219300,0.5294956068197886,0.6407603224118551,0.6131351641246251,0.8652088772845953,0.7571801566579635,0.7877838684416602,1.0,0.0003,1.0,5563.97722530365
depth4_bal_AAAMAMMM,4,AAAMAMMM,18300,219600,0.909652570883433,0.8137387633323669,0.8054391503334045,0.6122715404699739,0.6488250652741514,0.6712160196890032,1.0,0.0003,1.0,5572.165956735611
depth4_bal_AAAMAMMM,4,AAAMAMMM,18325,219900,0.6717842270930608,0.8780127565066019,0.883656404699598,0.7464099216710183,0.6292428198433421,0.6149457433717418,1.0,0.0003,1.0,5580.047090053558
depth4_bal_AAAMAMMM,4,AAAMAMMM,18350,220200,0.7531145960092545,0.7177754441897074,0.7255541256495884,0.6919060052219321,0.7127937336814621,0.7196554424432263,1.0,0.0003,1.0,5587.906088352203
depth4_bal_AAAMAMMM,4,AAAMAMMM,18375,220500,0.767798533042272,0.7610814770062765,0.7591498272759574,0.7092036553524804,0.6932114882506527,0.7048886900100683,1.0,0.0003,1.0,5596.200939655304
depth4_bal_AAAMAMMM,4,AAAMAMMM,18400,220800,0.966970627506574,1.2871269782384236,1.3466662577220372,0.5838772845953003,0.46736292428198434,0.45128090390423986,1.0,0.0003,1.0,5604.4217047691345
depth4_bal_AAAMAMMM,4,AAAMAMMM,18425,221100,0.5900346338748932,0.6453195611635844,0.6180068629128592,0.8028720626631853,0.758485639686684,0.7740239400380355,1.0,0.0003,1.0,5612.470481872559
depth4_bal_AAAMAMMM,4,AAAMAMMM,18450,221400,0.7291117459535599,0.7958095868428549,0.7930331315313067,0.7111618798955613,0.6866840731070496,0.6746839691240631,1.0,0.0003,1.0,5620.834626913071
depth4_bal_AAAMAMMM,4,AAAMAMMM,18475,221700,0.9305554181337357,0.8604369560877482,0.8678306153842381,0.6001958224543081,0.6462140992167101,0.6379908267143976,1.0,0.0003,1.0,5629.278184175491
depth4_bal_AAAMAMMM,4,AAAMAMMM,18500,222000,1.1088233143091202,1.0957924524943035,1.1058698041098458,0.5287206266318538,0.5182767624020888,0.5207517619420516,1.0,0.0003,1.0,5637.661394357681
depth4_bal_AAAMAMMM,4,AAAMAMMM,18525,222300,0.7843912939230601,1.0285822749137878,1.0286389401980809,0.6726501305483029,0.5221932114882507,0.5390983331468845,1.0,0.0003,1.0,5646.1090695858
depth4_bal_AAAMAMMM,4,AAAMAMMM,18550,222600,0.6195940921703974,0.6744275689125061,0.6705215760639736,0.8237597911227154,0.7872062663185379,0.7868889137487415,1.0,0.0003,1.0,5654.477475404739
depth4_bal_AAAMAMMM,4,AAAMAMMM,18575,222900,0.8493483463923136,0.875966747601827,0.917037844657898,0.6400130548302873,0.6201044386422977,0.6046537644031771,1.0,0.0003,1.0,5662.9698350429535
depth4_bal_AAAMAMMM,4,AAAMAMMM,18600,223200,1.0514468799034755,0.990882674853007,1.0022894382476806,0.5365535248041775,0.5430809399477807,0.567625013983667,1.0,0.0003,1.0,5671.1983098983765
depth4_bal_AAAMAMMM,4,AAAMAMMM,18625,223500,0.8129007716973623,0.8027878403663635,0.8017882653645106,0.6560052219321149,0.6892950391644909,0.6752433158071373,1.0,0.0003,1.0,5679.299636125565
depth4_bal_AAAMAMMM,4,AAAMAMMM,18650,223800,1.0623526920874913,1.3044131994247437,1.2736376081194196,0.5486292428198434,0.4908616187989556,0.4670544803669314,1.0,0.0003,1.0,5682.46581530571
depth4_bal_AAAMAMMM,4,AAAMAMMM,18675,224100,0.6130838841199875,0.8636710047721863,0.8596349767276219,0.8142950391644909,0.597911227154047,0.611477793936682,1.0,0.0003,1.0,5685.572217941284
depth4_bal_AAAMAMMM,4,AAAMAMMM,18700,224400,0.6358556499083837,0.6463063756624857,0.6354977369308472,0.766644908616188,0.7506527415143603,0.7611589663273297,1.0,0.0003,1.0,5688.581660032272
depth4_bal_AAAMAMMM,4,AAAMAMMM,18725,224700,0.7352536618709564,0.7472144961357117,0.7562935216086252,0.7147519582245431,0.6971279373368147,0.6986240071596376,1.0,0.0003,1.0,5691.583998203278
depth4_bal_AAAMAMMM,4,AAAMAMMM,18750,225000,1.0429571519295375,1.3848805824915569,1.360878906931196,0.5616840731070496,0.47127937336814624,0.4738785099004363,1.0,0.0003,1.0,5694.695018291473
depth4_bal_AAAMAMMM,4,AAAMAMMM,18775,225300,0.7794363896052042,0.8359055121739706,0.8206930143492562,0.6798302872062664,0.6344647519582245,0.6381026960510124,1.0,0.0003,1.0,5697.718006134033
depth4_bal_AAAMAMMM,4,AAAMAMMM,18800,225600,0.6396895249684652,0.6407310962677002,0.665413578919002,0.7774151436031331,0.7898172323759791,0.7663049558116121,1.0,0.0003,1.0,5700.739133834839
depth4_bal_AAAMAMMM,4,AAAMAMMM,18825,225900,0.7782200276851654,0.8428767323493958,0.8469823752130781,0.6752610966057441,0.643603133159269,0.6321736212104262,1.0,0.0003,1.0,5703.734578847885
depth4_bal_AAAMAMMM,4,AAAMAMMM,18850,226200,0.5376486778259277,0.5859736601511637,0.59300480059215,0.8733681462140992,0.835509138381201,0.8243651415147109,1.0,0.0003,1.0,5706.840627670288
depth4_bal_AAAMAMMM,4,AAAMAMMM,18875,226500,0.8793786366780599,0.8761382897694906,0.8599006840160914,0.6233681462140992,0.6161879895561357,0.657903568631838,1.0,0.0003,1.0,5709.872754096985
depth4_bal_AAAMAMMM,4,AAAMAMMM,18900,226800,0.5604368696610132,0.6065544486045837,0.6019089204924447,0.8645561357702349,0.8328981723237598,0.8300704776820673,1.0,0.0003,1.0,5712.890134572983
depth4_bal_AAAMAMMM,4,AAAMAMMM,18925,227100,0.8186118106047312,1.0050580898920696,1.0383880819593156,0.6494778067885117,0.5156657963446475,0.5333929969795279,1.0,0.0003,1.0,5715.913500070572
depth4_bal_AAAMAMMM,4,AAAMAMMM,18950,227400,0.6267063270012537,0.6441351572672526,0.6372270107269287,0.8798955613577023,0.8720626631853786,0.8753775590110751,1.0,0.0003,1.0,5719.047011375427
depth4_bal_AAAMAMMM,4,AAAMAMMM,18975,227700,0.566658616065979,0.6821249723434448,0.6651371547154018,0.8204960835509139,0.7310704960835509,0.752209419398143,1.0,0.0003,1.0,5722.079003095627
depth4_bal_AAAMAMMM,4,AAAMAMMM,19000,228000,0.7196929355462393,0.7688180208206177,0.740668271269117,0.716710182767624,0.7023498694516971,0.7095872021478913,1.0,0.0003,1.0,5725.084057092667
depth4_bal_AAAMAMMM,4,AAAMAMMM,19025,228300,0.7339975933233897,0.8296177585919698,0.8058836834771292,0.6941906005221932,0.6279373368146214,0.6357534399821009,1.0,0.0003,1.0,5733.559335947037
depth4_bal_AAAMAMMM,4,AAAMAMMM,19050,228600,0.7939910093943278,0.8546612660090128,0.8919931871550424,0.6635117493472585,0.6005221932114883,0.5924600067121601,1.0,0.0003,1.0,5741.981210708618
depth4_bal_AAAMAMMM,4,AAAMAMMM,19075,228900,0.9464150816202164,0.9762269457181295,1.0078190003122602,0.6008485639686684,0.5783289817232375,0.5540888242532722,1.0,0.0003,1.0,5750.3551070690155
depth4_bal_AAAMAMMM,4,AAAMAMMM,19100,229200,1.0766298174858093,1.368471662203471,1.3926777737481253,0.537532637075718,0.412532637075718,0.4237610470969907,1.0,0.0003,1.0,5758.659549236298
depth4_bal_AAAMAMMM,4,AAAMAMMM,19125,229500,0.5090800200899442,0.541020135084788,0.538549770627703,0.9030678851174935,0.8642297650130548,0.8662042734086587,1.0,0.0003,1.0,5767.128237962723
depth4_bal_AAAMAMMM,4,AAAMAMMM,19150,229800,0.753162811199824,0.7282358606656393,0.736777092729296,0.7114882506527415,0.7389033942558747,0.7368833202819107,1.0,0.0003,1.0,5775.474334716797
depth4_bal_AAAMAMMM,4,AAAMAMMM,19175,230100,0.7075798660516739,0.7343230843544006,0.7359535336494446,0.7271540469973891,0.6814621409921671,0.6810605213111086,1.0,0.0003,1.0,5783.869411706924
depth4_bal_AAAMAMMM,4,AAAMAMMM,19200,230400,0.8984436690807343,0.900128702322642,0.858037725516728,0.6256527415143603,0.643603133159269,0.6543237498601633,1.0,0.0003,1.0,5792.227315664291
depth4_bal_AAAMAMMM,4,AAAMAMMM,19225,230700,0.4898267462849617,0.5284423828125,0.518740623337882,0.902088772845953,0.8851174934725848,0.8939478688891375,1.0,0.0003,1.0,5800.709769010544
depth4_bal_AAAMAMMM,4,AAAMAMMM,19250,231000,0.9222471763690313,0.8248952627182007,0.8166412132126945,0.6044386422976501,0.685378590078329,0.6770332251929746,1.0,0.0003,1.0,5808.909595012665
depth4_bal_AAAMAMMM,4,AAAMAMMM,19275,231300,0.7491919249296188,0.8019503752390543,0.8179866739681789,0.7349869451697127,0.6788511749347258,0.6642801208188835,1.0,0.0003,1.0,5817.342099189758
depth4_bal_AAAMAMMM,4,AAAMAMMM,19300,231600,0.8889753570159277,0.8840510845184326,0.886905448777335,0.625,0.6214099216710183,0.608792929857926,1.0,0.0003,1.0,5825.687071561813
depth4_bal_AAAMAMMM,4,AAAMAMMM,19325,231900,0.7419500748316447,0.9309097528457642,0.8722320709909711,0.6968015665796344,0.6031331592689295,0.6408994294663832,1.0,0.0003,1.0,5834.181410074234
depth4_bal_AAAMAMMM,4,AAAMAMMM,19350,232200,0.7577036172151566,0.7424396872520447,0.7355404138565064,0.7219321148825065,0.7428198433420365,0.748853339299698,1.0,0.0003,1.0,5842.53324174881
depth4_bal_AAAMAMMM,4,AAAMAMMM,19375,232500,0.7457385311524073,0.8573367794354757,0.8539955360548837,0.7085509138381201,0.608355091383812,0.611477793936682,1.0,0.0003,1.0,5850.869034051895
depth4_bal_AAAMAMMM,4,AAAMAMMM,19400,232800,0.8579363226890564,0.7949145038922628,0.8183067100388663,0.6256527415143603,0.6618798955613577,0.6411231681396129,1.0,0.0003,1.0,5858.81368803978
depth4_bal_AAAMAMMM,4,AAAMAMMM,19425,233100,0.6468169440825781,0.7209126551946005,0.717976929460253,0.8009138381201044,0.720626631853786,0.7343103255397696,1.0,0.0003,1.0,5866.901555299759
depth4_bal_AAAMAMMM,4,AAAMAMMM,19450,233400,0.8999373912811279,0.9783180753389994,0.9548814977918353,0.6132506527415144,0.5613577023498695,0.5720997874482604,1.0,0.0003,1.0,5875.092394828796
depth4_bal_AAAMAMMM,4,AAAMAMMM,19475,233700,0.5310504188140234,0.5663079420725504,0.5652478439467293,0.8524804177545692,0.8446475195822454,0.840362456650632,1.0,0.0003,1.0,5883.320798635483
depth4_bal_AAAMAMMM,4,AAAMAMMM,19500,234000,1.0739751954873402,1.100205620129903,1.110234992844718,0.5303524804177546,0.52088772845953,0.5131446470522429,1.0,0.0003,1.0,5891.386399507523
depth4_bal_AAAMAMMM,4,AAAMAMMM,19525,234300,0.7679261565208435,0.7538197040557861,0.7586576461791992,0.6850522193211488,0.6919060052219321,0.70030204720886,1.0,0.0003,1.0,5899.6527354717255
depth4_bal_AAAMAMMM,4,AAAMAMMM,19550,234600,0.7952034970124563,0.8031702438990275,0.8021151866231646,0.6674281984334204,0.6501305483028721,0.6447029869112876,1.0,0.0003,1.0,5908.010230064392
depth4_bal_AAAMAMMM,4,AAAMAMMM,19575,234900,0.8526946057875952,1.0723354816436768,1.0849803924560546,0.6393603133159269,0.49477806788511747,0.5169482044971473,1.0,0.0003,1.0,5914.137890338898
depth4_bal_AAAMAMMM,4,AAAMAMMM,19600,235200,0.7808477083841959,0.80391792456309,0.7815482429095677,0.6654699738903395,0.6475195822454308,0.6675243315807138,1.0,0.0003,1.0,5917.2555911540985
depth4_bal_AAAMAMMM,4,AAAMAMMM,19625,235500,0.8442425777514776,0.9359141985575358,0.9244565503937857,0.6498041775456919,0.5718015665796344,0.5936905694149234,1.0,0.0003,1.0,5920.277606010437
depth4_bal_AAAMAMMM,4,AAAMAMMM,19650,235800,0.5845021108786265,0.6253766218821207,0.6079558219228473,0.831266318537859,0.7898172323759791,0.8287280456426893,1.0,0.0003,1.0,5925.677970409393
depth4_bal_AAAMAMMM,4,AAAMAMMM,19675,236100,0.893969401717186,0.9305137594540914,0.9172221081597465,0.6236945169712794,0.5783289817232375,0.5894395346235597,1.0,0.0003,1.0,5933.82911157608
depth4_bal_AAAMAMMM,4,AAAMAMMM,19700,236400,0.5678535848855972,0.6695843736330668,0.6711960622242519,0.8488903394255874,0.7323759791122716,0.7358764962523773,1.0,0.0003,1.0,5942.178553581238
depth4_bal_AAAMAMMM,4,AAAMAMMM,19725,236700,0.7753663659095764,0.693818191687266,0.7083643095833915,0.6785248041775457,0.7154046997389034,0.716523101018011,1.0,0.0003,1.0,5950.368809700012
depth4_bal_AAAMAMMM,4,AAAMAMMM,19750,237000,0.6913187354803085,0.8744863271713257,0.8807574714933123,0.7411879895561357,0.5848563968668408,0.5855241078420405,1.0,0.0003,1.0,5958.548676490784
depth4_bal_AAAMAMMM,4,AAAMAMMM,19775,237300,0.5899352530638377,0.7154173056284586,0.715678174155099,0.8377937336814621,0.7154046997389034,0.7170824477010851,1.0,0.0003,1.0,5961.559648036957
depth4_bal_AAAMAMMM,4,AAAMAMMM,19800,237600,0.7409956653912863,1.0570403734842937,1.067572842325483,0.6912532637075718,0.5221932114882507,0.49435059850095087,1.0,0.0003,1.0,5964.676388025284
depth4_bal_AAAMAMMM,4,AAAMAMMM,19825,237900,0.717351699868838,0.7843538920084635,0.7939940588814872,0.7245430809399478,0.660574412532637,0.666629376887795,1.0,0.0003,1.0,5967.693223237991
depth4_bal_AAAMAMMM,4,AAAMAMMM,19850,238200,0.9707057426373163,1.2910616397857666,1.3283048050744193,0.585509138381201,0.42297650130548303,0.42555095648282804,1.0,0.0003,1.0,5970.687260150909
depth4_bal_AAAMAMMM,4,AAAMAMMM,19875,238500,0.5728531579176585,0.6042798360188802,0.6007564868245806,0.9154699738903395,0.9007832898172323,0.9074840586195324,1.0,0.0003,1.0,5973.782800912857
depth4_bal_AAAMAMMM,4,AAAMAMMM,19900,238800,0.7355603079001108,0.8305688897768656,0.8442683594567435,0.714425587467363,0.6135770234986945,0.6062199351157848,1.0,0.0003,1.0,5976.89386844635
depth4_bal_AAAMAMMM,4,AAAMAMMM,19925,239100,0.7686952402194341,0.9025406042734782,0.8976978319031852,0.6814621409921671,0.5691906005221932,0.5803781183577581,1.0,0.0003,1.0,5985.266354560852
depth4_bal_AAAMAMMM,4,AAAMAMMM,19950,239400,0.6171558350324631,0.5862844387690226,0.585066739150456,0.8224543080939948,0.8616187989556136,0.8729164336055487,1.0,0.0003,1.0,5993.646086215973
depth4_bal_AAAMAMMM,4,AAAMAMMM,19975,239700,0.8076511671145757,0.791110893090566,0.7747250931603568,0.6442558746736292,0.6383812010443864,0.6630495581161203,1.0,0.0003,1.0,6002.119775056839
depth4_bal_AAAMAMMM,4,AAAMAMMM,20000,240000,0.9967213024695715,0.9100186030069987,0.9409960559436253,0.5656005221932114,0.5953002610966057,0.5733303501510236,1.0,0.0003,1.0,6010.393680810928
depth4_bal_AAAMAMMM,4,AAAMAMMM,20025,240300,0.8092175920804342,0.9040955305099487,0.8902080314499992,0.6765665796344648,0.597911227154047,0.61953238617295,1.0,0.0003,1.0,6018.709140062332
depth4_bal_AAAMAMMM,4,AAAMAMMM,20050,240600,0.8906218359867731,1.041476806004842,1.1387557370322092,0.6028067885117493,0.5156657963446475,0.4924488197784987,1.0,0.0003,1.0,6026.781955718994
depth4_bal_AAAMAMMM,4,AAAMAMMM,20075,240900,0.987360417842865,0.8713790774345398,0.869840441431318,0.570822454308094,0.6240208877284595,0.6447029869112876,1.0,0.0003,1.0,6035.099828004837
depth4_bal_AAAMAMMM,4,AAAMAMMM,20100,241200,0.5793236196041107,0.614918569723765,0.6114235843930925,0.8149477806788512,0.7845953002610966,0.7990826714397583,1.0,0.0003,1.0,6043.0909905433655
depth4_bal_AAAMAMMM,4,AAAMAMMM,20125,241500,0.9537658095359802,0.8887246449788412,0.8778390254293169,0.587467362924282,0.6148825065274152,0.6275869784092181,1.0,0.0003,1.0,6051.481333017349
depth4_bal_AAAMAMMM,4,AAAMAMMM,20150,241800,0.7105492949485779,0.8287840882937113,0.8059611610003881,0.7238903394255874,0.6005221932114883,0.6394451280903904,1.0,0.0003,1.0,6060.040995836258
depth4_bal_AAAMAMMM,4,AAAMAMMM,20175,242100,0.7058652291695277,0.8472793698310852,0.8288677845682416,0.7095300261096605,0.6109660574412533,0.6389976507439311,1.0,0.0003,1.0,6068.467541217804
depth4_bal_AAAMAMMM,4,AAAMAMMM,20200,242400,0.6643389910459518,0.6684442559878031,0.666240588256291,0.7519582245430809,0.762402088772846,0.760264011634411,1.0,0.0003,1.0,6076.915803432465
depth4_bal_AAAMAMMM,4,AAAMAMMM,20225,242700,0.9368468821048737,0.9051315188407898,0.8963516575949533,0.5975848563968669,0.6266318537859008,0.6405638214565388,1.0,0.0003,1.0,6085.3000864982605
depth4_bal_AAAMAMMM,4,AAAMAMMM,20250,243000,0.649993101755778,0.9243555267651876,0.8977408749716622,0.7637075718015666,0.5822454308093995,0.5980534735429018,1.0,0.0003,1.0,6093.767268896103
depth4_bal_AAAMAMMM,4,AAAMAMMM,20275,243300,0.6028726796309153,0.6076416969299316,0.6160119840076992,0.8221279373368147,0.8302872062663186,0.8260431815639333,1.0,0.0003,1.0,6102.1508004665375
depth4_bal_AAAMAMMM,4,AAAMAMMM,20300,243600,0.7470680723587672,0.833148737748464,0.8530577983175005,0.6912532637075718,0.6370757180156658,0.6281463250922922,1.0,0.0003,1.0,6110.54486489296
depth4_bal_AAAMAMMM,4,AAAMAMMM,20325,243900,0.5840901732444763,0.597537080446879,0.5863443732261657,0.845626631853786,0.8054830287206266,0.8317485177312899,1.0,0.0003,1.0,6118.96427822113
depth4_bal_AAAMAMMM,4,AAAMAMMM,20350,244200,0.7406250586112341,0.8126848340034485,0.7954670889036995,0.6964751958224543,0.6357702349869452,0.6667412462244099,1.0,0.0003,1.0,6127.083145618439
depth4_bal_AAAMAMMM,4,AAAMAMMM,20375,244500,0.5993425796429316,0.6667892535527548,0.6481518983840943,0.8423629242819843,0.7819843342036553,0.7957265913413133,1.0,0.0003,1.0,6135.180401802063
depth4_bal_AAAMAMMM,4,AAAMAMMM,20400,244800,1.0466829935709636,0.9629417260487875,0.969849705696106,0.5398172323759791,0.5809399477806788,0.5694149233695044,1.0,0.0003,1.0,6143.393752574921
depth4_bal_AAAMAMMM,4,AAAMAMMM,20425,245100,0.8337141424417496,0.8864098787307739,0.8735954795564924,0.660574412532637,0.674934725848564,0.6690905022933215,1.0,0.0003,1.0,6151.4841504096985
depth4_bal_AAAMAMMM,4,AAAMAMMM,20450,245400,0.5959145923455557,0.6924005746841431,0.7125434313501631,0.793733681462141,0.7049608355091384,0.6884438975276876,1.0,0.0003,1.0,6159.962055921555
depth4_bal_AAAMAMMM,4,AAAMAMMM,20475,245700,1.065736934542656,1.3686191240946453,1.3467025586536951,0.5414490861618799,0.45300261096605743,0.4507215572211657,1.0,0.0003,1.0,6168.288808822632
depth4_bal_AAAMAMMM,4,AAAMAMMM,20500,246000,0.8288633078336716,0.7971295714378357,0.7802183968680245,0.6514360313315927,0.6801566579634465,0.6743483611142186,1.0,0.0003,1.0,6176.421788692474
depth4_bal_AAAMAMMM,4,AAAMAMMM,20525,246300,0.5426980828245481,0.5700180927912394,0.5632308976990836,0.8596605744125326,0.8381201044386423,0.8474102248573666,1.0,0.0003,1.0,6184.763848781586
depth4_bal_AAAMAMMM,4,AAAMAMMM,20550,246600,0.9373161395390829,0.9398013949394226,0.9950245278222221,0.5920365535248042,0.5913838120104439,0.5566618189954133,1.0,0.0003,1.0,6192.9800000190735
depth4_bal_AAAMAMMM,4,AAAMAMMM,20575,246900,0.9604159494241079,0.8815759817759196,0.8832027673721313,0.5773498694516971,0.6240208877284595,0.6230003356080098,1.0,0.0003,1.0,6201.265372514725
depth4_bal_AAAMAMMM,4,AAAMAMMM,20600,247200,0.5946784168481827,0.6337845722834269,0.6420640707015991,0.799934725848564,0.7663185378590078,0.7619420516836335,1.0,0.0003,1.0,6209.374559402466
depth4_bal_AAAMAMMM,4,AAAMAMMM,20625,247500,0.664494569102923,0.6736047466595968,0.6790990693228586,0.7424934725848564,0.7402088772845953,0.742812395122497,1.0,0.0003,1.0,6217.678277730942
depth4_bal_AAAMAMMM,4,AAAMAMMM,20650,247800,0.9757338215907415,0.9425474007924398,0.9413209182875497,0.5966057441253264,0.6057441253263708,0.5943617854346124,1.0,0.0003,1.0,6225.700443029404
depth4_bal_AAAMAMMM,4,AAAMAMMM,20675,248100,0.9638294577598572,1.121500849723816,1.2038555860519409,0.5943211488250653,0.5065274151436031,0.5062087481821232,1.0,0.0003,1.0,6229.124207735062
depth4_bal_AAAMAMMM,4,AAAMAMMM,20700,248400,0.7013601064682007,0.7824179331461588,0.7664046781403678,0.731396866840731,0.6292428198433421,0.6688667636200918,1.0,0.0003,1.0,6232.295695066452
depth4_bal_AAAMAMMM,4,AAAMAMMM,20725,248700,0.760380799571673,0.7505765557289124,0.7551666923931667,0.6873368146214099,0.7075718015665796,0.7065667300592907,1.0,0.0003,1.0,6235.460548877716
depth4_bal_AAAMAMMM,4,AAAMAMMM,20750,249000,0.6757370432217916,0.7309401233990988,0.7250987376485553,0.762402088772846,0.7323759791122716,0.72390647723459,1.0,0.0003,1.0,6242.030256271362
depth4_bal_AAAMAMMM,4,AAAMAMMM,20775,249300,0.5112849622964859,0.5899094939231873,0.5822111231940134,0.9233028720626631,0.8315926892950392,0.8513256516388857,1.0,0.0003,1.0,6250.207120418549
depth4_bal_AAAMAMMM,4,AAAMAMMM,20800,249600,0.8850852151711782,0.8990885615348816,0.9027244397572108,0.6318537859007833,0.5913838120104439,0.6093522765410001,1.0,0.0003,1.0,6258.365145206451
depth4_bal_AAAMAMMM,4,AAAMAMMM,20825,249900,0.6255882233381271,0.6569093664487203,0.6528481364250183,0.7839425587467362,0.762402088772846,0.7726815079986575,1.0,0.0003,1.0,6266.664932489395
depth4_bal_AAAMAMMM,4,AAAMAMMM,20850,250200,0.7179878602425257,0.7318092584609985,0.737235529082162,0.733355091383812,0.6866840731070496,0.6876608121713839,1.0,0.0003,1.0,6274.860615968704
depth4_bal_AAAMAMMM,4,AAAMAMMM,20875,250500,0.7919121781984965,0.7252347270647684,0.7424297843660627,0.6830939947780679,0.716710182767624,0.6966103591005706,1.0,0.0003,1.0,6283.064968824387
depth4_bal_AAAMAMMM,4,AAAMAMMM,20900,250800,0.771243691444397,0.7850650548934937,0.7657594272068569,0.7007180156657964,0.6736292428198434,0.7027631726143864,1.0,0.0003,1.0,6291.358821630478
depth4_bal_AAAMAMMM,4,AAAMAMMM,20925,251100,0.7463757544755936,0.8957510391871134,0.9268650787217276,0.6857049608355091,0.6553524804177546,0.6262445463698401,1.0,0.0003,1.0,6299.278157949448
depth4_bal_AAAMAMMM,4,AAAMAMMM,20950,251400,0.8355906953414282,0.7440390785535177,0.770408707005637,0.6354438642297651,0.6919060052219321,0.6698735876496252,1.0,0.0003,1.0,6307.427023887634
depth4_bal_AAAMAMMM,4,AAAMAMMM,20975,251700,0.735573892792066,0.7086187799771627,0.7103426490511213,0.7157310704960835,0.7493472584856397,0.7294999440653317,1.0,0.0003,1.0,6315.64577126503
depth4_bal_AAAMAMMM,4,AAAMAMMM,21000,252000,0.6913294891516367,0.714701235294342,0.7282031467982701,0.7219321148825065,0.7088772845953003,0.6984002684864079,1.0,0.0003,1.0,6322.303900003433
depth4_bal_AAAMAMMM,4,AAAMAMMM,21025,252300,0.7014646033445994,0.7671235402425131,0.7552087903022766,0.7705613577023499,0.7036553524804178,0.7033225192974606,1.0,0.0003,1.0,6329.907736539841
depth4_bal_AAAMAMMM,4,AAAMAMMM,21050,252600,0.6112477829058965,0.7026116450627645,0.6965000373976571,0.7774151436031331,0.7271540469973891,0.7243539545810493,1.0,0.0003,1.0,6337.8903839588165
depth4_bal_AAAMAMMM,4,AAAMAMMM,21075,252900,0.7411175717910131,0.793113648891449,0.7656319635254997,0.7183420365535248,0.6919060052219321,0.70701420740575,1.0,0.0003,1.0,6346.200419425964
depth4_bal_AAAMAMMM,4,AAAMAMMM,21100,253200,0.9991711676120758,0.9656396309534708,0.9107164229665484,0.5577676240208878,0.5626631853785901,0.5934668307416937,1.0,0.0003,1.0,6351.723716020584
depth4_bal_AAAMAMMM,4,AAAMAMMM,21125,253500,0.7088825652996699,0.7469788591066996,0.7673779010772706,0.7251958224543081,0.6697127937336814,0.6711041503523885,1.0,0.0003,1.0,6360.059446334839
depth4_bal_AAAMAMMM,4,AAAMAMMM,21150,253800,0.7019694050153097,0.696356991926829,0.6990406257765633,0.7457571801566579,0.7349869451697127,0.748853339299698,1.0,0.0003,1.0,6368.4557230472565
depth4_bal_AAAMAMMM,4,AAAMAMMM,21175,254100,0.846005842089653,0.8292382756868998,0.8741976533617292,0.6347911227154047,0.6462140992167101,0.6190849088264907,1.0,0.0003,1.0,6376.317813873291
depth4_bal_AAAMAMMM,4,AAAMAMMM,21200,254400,0.7783285876115164,0.8734292984008789,0.8411561795643397,0.6602480417754569,0.597911227154047,0.6261326770332252,1.0,0.0003,1.0,6384.716737508774
depth4_bal_AAAMAMMM,4,AAAMAMMM,21225,254700,0.7522469957669576,0.7475144068400065,0.7565357208251953,0.7689295039164491,0.7519582245430809,0.7644031770891598,1.0,0.0003,1.0,6392.984496593475
depth4_bal_AAAMAMMM,4,AAAMAMMM,21250,255000,0.6293923258781433,0.7604730725288391,0.7673852954592023,0.7712140992167101,0.6814621409921671,0.6940373643584293,1.0,0.0003,1.0,6401.322974681854
depth4_bal_AAAMAMMM,4,AAAMAMMM,21275,255300,1.0675947268803914,1.2361747026443481,1.2131740536008562,0.556135770234987,0.46475195822454307,0.47343103255397695,1.0,0.0003,1.0,6409.845810174942
depth4_bal_AAAMAMMM,4,AAAMAMMM,21300,255600,0.8303776929775873,0.8091364900271097,0.814315140247345,0.654373368146214,0.6449086161879896,0.6434724242085245,1.0,0.0003,1.0,6418.171620130539
depth4_bal_AAAMAMMM,4,AAAMAMMM,21325,255900,0.8395975132783254,0.7966883182525635,0.7928445594651359,0.6635117493472585,0.7140992167101827,0.6948204497147332,1.0,0.0003,1.0,6426.588523864746
depth4_bal_AAAMAMMM,4,AAAMAMMM,21350,256200,0.744236096739769,0.7436028520266215,0.7458694730486188,0.6909268929503917,0.6945169712793734,0.6952679270611926,1.0,0.0003,1.0,6435.099115848541
depth4_bal_AAAMAMMM,4,AAAMAMMM,21375,256500,0.7723206629355749,0.8462554216384888,0.8326294013432094,0.6684073107049608,0.6148825065274152,0.6309430585076631,1.0,0.0003,1.0,6443.696949720383
depth4_bal_AAAMAMMM,4,AAAMAMMM,21400,256800,0.6162203252315521,0.6788825790087382,0.6593816467693874,0.7943864229765013,0.7389033942558747,0.7663049558116121,1.0,0.0003,1.0,6452.052577257156
depth4_bal_AAAMAMMM,4,AAAMAMMM,21425,257100,0.7800276974836985,0.7669965227444967,0.756709543296269,0.6935378590078329,0.6971279373368147,0.700973263228549,1.0,0.0003,1.0,6460.385581731796
depth4_bal_AAAMAMMM,4,AAAMAMMM,21450,257400,0.7797122001647949,0.7984914183616638,0.7976086684635707,0.6648172323759791,0.6462140992167101,0.6622664727598165,1.0,0.0003,1.0,6468.688699960709
depth4_bal_AAAMAMMM,4,AAAMAMMM,21475,257700,0.6930952469507853,0.6966931819915771,0.6949787208012173,0.7307441253263708,0.7441253263707572,0.7399037923705113,1.0,0.0003,1.0,6477.163877487183
depth4_bal_AAAMAMMM,4,AAAMAMMM,21500,258000,0.9608514656623205,1.0946083863576253,1.026539901324681,0.5766971279373369,0.5143603133159269,0.5364134690681285,1.0,0.0003,1.0,6485.564916133881
depth4_bal_AAAMAMMM,4,AAAMAMMM,21525,258300,0.6099568059047064,0.6656923691431681,0.6591863870620728,0.7911227154046997,0.7310704960835509,0.7431480031323414,1.0,0.0003,1.0,6493.375802993774
depth4_bal_AAAMAMMM,4,AAAMAMMM,21550,258600,0.5395834570129713,0.6100544134775797,0.5987733840942383,0.8423629242819843,0.7859007832898173,0.793936681955476,1.0,0.0003,1.0,6501.81351685524
depth4_bal_AAAMAMMM,4,AAAMAMMM,21575,258900,0.7390848894913992,0.7859990000724792,0.7956013577325004,0.72911227154047,0.6736292428198434,0.683521646716635,1.0,0.0003,1.0,6510.155883550644
depth4_bal_AAAMAMMM,4,AAAMAMMM,21600,259200,0.6316612859567007,0.7074891726175944,0.711699742930276,0.7810052219321149,0.7180156657963447,0.719879181116456,1.0,0.0003,1.0,6518.5578520298
depth4_bal_AAAMAMMM,4,AAAMAMMM,21625,259500,0.6647374232610067,0.9951780438423157,0.9902231693267822,0.7300913838120104,0.5026109660574413,0.5176194205168363,1.0,0.0003,1.0,6526.9539794921875
depth4_bal_AAAMAMMM,4,AAAMAMMM,21650,259800,0.584959551692009,0.6139604449272156,0.6132449388504029,0.8384464751958225,0.8133159268929504,0.8116120371406198,1.0,0.0003,1.0,6535.449156045914
depth4_bal_AAAMAMMM,4,AAAMAMMM,21675,260100,0.902329663435618,0.9140132665634155,0.8884619389261518,0.6204308093994778,0.6031331592689295,0.6183018234701868,1.0,0.0003,1.0,6543.656480550766
depth4_bal_AAAMAMMM,4,AAAMAMMM,21700,260400,0.8629238853851954,0.8599712451299032,0.8793437429836818,0.6227154046997389,0.6357702349869452,0.6080098445016221,1.0,0.0003,1.0,6552.097948551178
depth4_bal_AAAMAMMM,4,AAAMAMMM,21725,260700,0.6072477102279663,0.5889609853426615,0.6128058569771903,0.806135770234987,0.8276762402088773,0.8060185703098781,1.0,0.0003,1.0,6560.480278491974
depth4_bal_AAAMAMMM,4,AAAMAMMM,21750,261000,0.8150873432556788,0.8663763602574667,0.878641288621085,0.6661227154046997,0.6161879895561357,0.6118134019465264,1.0,0.0003,1.0,6568.423178911209
depth4_bal_AAAMAMMM,4,AAAMAMMM,21775,261300,0.8611335208018621,0.7901548147201538,0.7702954036848886,0.6282637075718016,0.6631853785900783,0.6829623000335608,1.0,0.0003,1.0,6576.610080718994
depth4_bal_AAAMAMMM,4,AAAMAMMM,21800,261600,0.8883748004833857,1.0397676626841228,1.0159946254321508,0.6217362924281984,0.5313315926892951,0.5378677704441213,1.0,0.0003,1.0,6584.868337631226
depth4_bal_AAAMAMMM,4,AAAMAMMM,21825,261900,0.6075714627901713,0.7258516351381937,0.708928097997393,0.8100522193211488,0.7088772845953003,0.7227877838684417,1.0,0.0003,1.0,6593.2124264240265
depth4_bal_AAAMAMMM,4,AAAMAMMM,21850,262200,0.6332455277442932,0.6342044671376547,0.6404940520014082,0.7845953002610966,0.8002610966057441,0.7892381698176529,1.0,0.0003,1.0,6601.643131017685
depth4_bal_AAAMAMMM,4,AAAMAMMM,21875,262500,0.5490703930457433,0.58896271387736,0.5783674342291696,0.8714099216710183,0.8315926892950392,0.8551292090837901,1.0,0.0003,1.0,6610.03876042366
depth4_bal_AAAMAMMM,4,AAAMAMMM,21900,262800,0.5995593319336573,0.6264989972114563,0.6150474480220249,0.8433420365535248,0.8263707571801566,0.8261550509005482,1.0,0.0003,1.0,6618.378867864609
depth4_bal_AAAMAMMM,4,AAAMAMMM,21925,263100,0.999819407860438,1.0540381073951721,1.0572109733309065,0.5656005221932114,0.5300261096605744,0.5347354290189059,1.0,0.0003,1.0,6626.676073551178
depth4_bal_AAAMAMMM,4,AAAMAMMM,21950,263400,0.7656575242678324,0.8485540350278219,0.8134954742022923,0.6778720626631853,0.608355091383812,0.6317261438639669,1.0,0.0003,1.0,6634.840508937836
depth4_bal_AAAMAMMM,4,AAAMAMMM,21975,263700,0.8062547296285629,0.9350169897079468,0.9255086507116045,0.6566579634464752,0.5691906005221932,0.5745609128537867,1.0,0.0003,1.0,6643.050142049789
depth4_bal_AAAMAMMM,4,AAAMAMMM,22000,264000,0.7067603915929794,0.9061189492543539,0.9099537049021039,0.7212793733681462,0.5835509138381201,0.5908938359995525,1.0,0.0003,1.0,6651.221744775772
depth4_bal_AAAMAMMM,4,AAAMAMMM,22025,264300,0.5937459915876389,0.7231169939041138,0.7355277470179966,0.7865535248041775,0.7049608355091384,0.6839691240630943,1.0,0.0003,1.0,6659.716889858246
depth4_bal_AAAMAMMM,4,AAAMAMMM,22050,264600,0.634254996975263,0.702767531077067,0.7017153910228184,0.8009138381201044,0.7245430809399478,0.7420293097661931,1.0,0.0003,1.0,6668.079395294189
depth4_bal_AAAMAMMM,4,AAAMAMMM,22075,264900,0.5740304440259933,0.6454417109489441,0.6317641104970659,0.8260443864229765,0.7702349869451697,0.7867770444121266,1.0,0.0003,1.0,6675.753691911697
depth4_bal_AAAMAMMM,4,AAAMAMMM,22100,265200,0.7330098946889242,0.7995411356290182,0.7654112117631094,0.7216057441253264,0.6618798955613577,0.6818436066674125,1.0,0.0003,1.0,6683.871432065964
depth4_bal_AAAMAMMM,4,AAAMAMMM,22125,265500,0.7305464595556259,0.7444150447845459,0.7548342074666704,0.7418407310704961,0.7219321148825065,0.7256963866204273,1.0,0.0003,1.0,6692.063395738602
depth4_bal_AAAMAMMM,4,AAAMAMMM,22150,265800,0.8244860420624415,0.9449799060821533,0.8975693532398769,0.6498041775456919,0.5691906005221932,0.5995077749188947,1.0,0.0003,1.0,6700.267740011215
depth4_bal_AAAMAMMM,4,AAAMAMMM,22175,266100,0.5893527368704478,0.6686110297838846,0.6692476596151079,0.8309399477806788,0.7741514360313316,0.763620091732856,1.0,0.0003,1.0,6708.504989624023
depth4_bal_AAAMAMMM,4,AAAMAMMM,22200,266400,0.6004085342089335,0.6322471499443054,0.6298110229628426,0.8717362924281984,0.8276762402088773,0.8439422754223067,1.0,0.0003,1.0,6716.944305419922
depth4_bal_AAAMAMMM,4,AAAMAMMM,22225,266700,1.1679430305957794,1.2122643788655598,1.1651442664010183,0.5172976501305483,0.46866840731070497,0.48070253943394115,1.0,0.0003,1.0,6725.399627923965
depth4_bal_AAAMAMMM,4,AAAMAMMM,22250,267000,0.8389122982819875,0.8637608289718628,0.8874668155397688,0.631201044386423,0.6070496083550914,0.611477793936682,1.0,0.0003,1.0,6733.812454462051
depth4_bal_AAAMAMMM,4,AAAMAMMM,22275,267300,0.7842836230993271,0.8007866541544596,0.8079070227486747,0.6772193211488251,0.6449086161879896,0.6651750755118022,1.0,0.0003,1.0,6742.056327581406
depth4_bal_AAAMAMMM,4,AAAMAMMM,22300,267600,0.811332955956459,0.80519966284434,0.8392053808484758,0.6563315926892951,0.6462140992167101,0.620874818212328,1.0,0.0003,1.0,6750.547760009766
depth4_bal_AAAMAMMM,4,AAAMAMMM,22325,267900,0.8965324014425278,0.9009718894958496,0.8880854742867607,0.6347911227154047,0.6096605744125326,0.6093522765410001,1.0,0.0003,1.0,6758.854480266571
depth4_bal_AAAMAMMM,4,AAAMAMMM,22350,268200,0.6813131074110667,0.7183502912521362,0.7190795711108616,0.7434725848563969,0.7154046997389034,0.711824588880188,1.0,0.0003,1.0,6767.153871059418
depth4_bal_AAAMAMMM,4,AAAMAMMM,22375,268500,1.1314557989438374,1.1960157950719197,1.1807652814047678,0.5228459530026109,0.4751958224543081,0.482156840809934,1.0,0.0003,1.0,6775.522018909454
depth4_bal_AAAMAMMM,4,AAAMAMMM,22400,268800,0.5594352434078852,0.6276227633158366,0.6148973294666835,0.9295039164490861,0.8472584856396866,0.8707909162098669,1.0,0.0003,1.0,6784.021557807922
depth4_bal_AAAMAMMM,4,AAAMAMMM,22425,269100,0.8292164107163748,0.7454443375269572,0.749122326714652,0.6533942558746736,0.7297650130548303,0.7294999440653317,1.0,0.0003,1.0,6792.390167951584
depth4_bal_AAAMAMMM,4,AAAMAMMM,22450,269400,0.5977699855963389,0.6767686009407043,0.6651433535984584,0.8035248041775457,0.7297650130548303,0.7525450274079875,1.0,0.0003,1.0,6800.7473220825195
depth4_bal_AAAMAMMM,4,AAAMAMMM,22475,269700,0.9480811158816019,0.8612295389175415,0.8554208329745702,0.5842036553524804,0.6161879895561357,0.612149009956371,1.0,0.0003,1.0,6808.066968679428
depth4_bal_AAAMAMMM,4,AAAMAMMM,22500,270000,0.7525980919599533,0.7179780801137289,0.7505048240934099,0.6759138381201044,0.7193211488250653,0.6943729723682739,1.0,0.0003,1.0,6816.121409416199
depth4_bal_AAAMAMMM,4,AAAMAMMM,22525,270300,0.6731175432602564,0.670434296131134,0.6695171424320766,0.7699086161879896,0.8028720626631853,0.7958384606779282,1.0,0.0003,1.0,6819.961952924728
depth4_bal_AAAMAMMM,4,AAAMAMMM,22550,270600,0.6055604120095571,0.6694509784380595,0.6652101039886474,0.8789164490861618,0.8107049608355091,0.8117239064772346,1.0,0.0003,1.0,6827.03037238121
depth4_bal_AAAMAMMM,4,AAAMAMMM,22575,270900,0.5194299146533012,0.5656175216039022,0.5584753513336181,0.8893603133159269,0.8720626631853786,0.8644143640228213,1.0,0.0003,1.0,6835.5134398937225
depth4_bal_AAAMAMMM,4,AAAMAMMM,22600,271200,0.6093981514374415,0.6705652475357056,0.6697855200086321,0.7790469973890339,0.7284595300261096,0.7347578028862289,1.0,0.0003,1.0,6843.322163581848
depth4_bal_AAAMAMMM,4,AAAMAMMM,22625,271500,0.7518870333830515,0.830883800983429,0.8497343165533883,0.6801566579634465,0.6344647519582245,0.6227765969347802,1.0,0.0003,1.0,6851.5622346401215
depth4_bal_AAAMAMMM,4,AAAMAMMM,22650,271800,0.9240841319163641,0.9627917011578878,0.9637060744421823,0.6119451697127938,0.5587467362924282,0.578476339635306,1.0,0.0003,1.0,6859.785057544708
depth4_bal_AAAMAMMM,4,AAAMAMMM,22675,272100,0.9773990909258524,1.0167475740114849,1.000312682560512,0.5747389033942559,0.5783289817232375,0.5738896968340977,1.0,0.0003,1.0,6867.981449604034
depth4_bal_AAAMAMMM,4,AAAMAMMM,22700,272400,0.6262721021970113,0.6694887081782023,0.6572802884238107,0.7907963446475196,0.7558746736292428,0.7646269157623895,1.0,0.0003,1.0,6876.258823156357
depth4_bal_AAAMAMMM,4,AAAMAMMM,22725,272700,1.0359294762214024,1.4269355138142903,1.4127310752868651,0.5633159268929504,0.42689295039164493,0.4152589775142633,1.0,0.0003,1.0,6884.4895441532135
depth4_bal_AAAMAMMM,4,AAAMAMMM,22750,273000,0.6685704489549001,0.6596392194430033,0.666062593460083,0.7607702349869452,0.7950391644908616,0.7774918894730954,1.0,0.0003,1.0,6892.679142951965
depth4_bal_AAAMAMMM,4,AAAMAMMM,22775,273300,0.7038044979174932,0.752900759379069,0.7440489564623152,0.720626631853786,0.7075718015665796,0.7038818659805347,1.0,0.0003,1.0,6900.806175708771
depth4_bal_AAAMAMMM,4,AAAMAMMM,22800,273600,0.6405123621225357,0.6689908305803934,0.6726297770227705,0.8097258485639687,0.783289817232376,0.7817429242644591,1.0,0.0003,1.0,6909.143392086029
depth4_bal_AAAMAMMM,4,AAAMAMMM,22825,273900,0.7308066785335541,0.9808288017908732,1.0155527370316642,0.7003916449086162,0.5913838120104439,0.5610247231233919,1.0,0.0003,1.0,6917.421722412109
depth4_bal_AAAMAMMM,4,AAAMAMMM,22850,274200,0.6994305302699407,0.6905539035797119,0.6906235882214138,0.7216057441253264,0.7402088772845953,0.746839691240631,1.0,0.0003,1.0,6925.819568157196
depth4_bal_AAAMAMMM,4,AAAMAMMM,22875,274500,0.5919888367255529,0.6238698760668436,0.6085221682276044,0.8273498694516971,0.7924281984334204,0.8221277547824142,1.0,0.0003,1.0,6934.053562402725
depth4_bal_AAAMAMMM,4,AAAMAMMM,22900,274800,0.734058807293574,0.7680554986000061,0.7468009574072701,0.7398825065274152,0.7049608355091384,0.7321848081440877,1.0,0.0003,1.0,6941.9514791965485
depth4_bal_AAAMAMMM,4,AAAMAMMM,22925,275100,1.0621526290973027,1.0681369304656982,1.0714290363448007,0.5567885117493473,0.5248041775456919,0.5411119812059515,1.0,0.0003,1.0,6950.2935111522675
depth4_bal_AAAMAMMM,4,AAAMAMMM,22950,275400,0.753692552447319,0.7062831322352091,0.7143527116094317,0.7016971279373369,0.741514360313316,0.7167468396912406,1.0,0.0003,1.0,6958.7203958034515
depth4_bal_AAAMAMMM,4,AAAMAMMM,22975,275700,0.6237226774295171,0.6321277221043905,0.648663490159171,0.7829634464751958,0.7859007832898173,0.7741358093746504,1.0,0.0003,1.0,6967.005546569824
depth4_bal_AAAMAMMM,4,AAAMAMMM,23000,276000,0.8514765202999115,0.8121905326843262,0.7927396927561079,0.6292428198433421,0.6449086161879896,0.6608121713838236,1.0,0.0003,1.0,6975.291185617447
depth4_bal_AAAMAMMM,4,AAAMAMMM,23025,276300,0.5510214765866598,0.5647099216779073,0.5706259557179042,0.8488903394255874,0.8707571801566579,0.845732184808144,1.0,0.0003,1.0,6983.519655227661
depth4_bal_AAAMAMMM,4,AAAMAMMM,23050,276600,0.5760565996170044,0.6397435466448466,0.6350238255092076,0.8482375979112271,0.7872062663185379,0.7791699295223179,1.0,0.0003,1.0,6991.611759901047
depth4_bal_AAAMAMMM,4,AAAMAMMM,23075,276900,0.7931559483210245,0.8359052141507467,0.8299852899142675,0.6680809399477807,0.6214099216710183,0.6366483946750195,1.0,0.0003,1.0,7000.044061899185
depth4_bal_AAAMAMMM,4,AAAMAMMM,23100,277200,0.6522611329952875,0.6506152947743734,0.6422808527946472,0.7943864229765013,0.8080939947780679,0.8254838348808592,1.0,0.0003,1.0,7008.494820833206
depth4_bal_AAAMAMMM,4,AAAMAMMM,23125,277500,0.875367745757103,0.9778748949368795,0.9949157357215881,0.6184725848563969,0.5378590078328982,0.533281127642913,1.0,0.0003,1.0,7017.010232448578
depth4_bal_AAAMAMMM,4,AAAMAMMM,23150,277800,0.9317254374424616,0.8275325894355774,0.8192284413746425,0.5972584856396866,0.6488250652741514,0.6469403736435843,1.0,0.0003,1.0,7025.398940086365
depth4_bal_AAAMAMMM,4,AAAMAMMM,23175,278100,0.5964970042308172,0.6221186916033427,0.6220230971063886,0.866514360313316,0.8315926892950392,0.8392437632844837,1.0,0.0003,1.0,7033.792204141617
depth4_bal_AAAMAMMM,4,AAAMAMMM,23200,278400,0.6694224576155344,0.7682268619537354,0.76989848784038,0.7444516971279374,0.6501305483028721,0.6725584517283812,1.0,0.0003,1.0,7042.151219367981
depth4_bal_AAAMAMMM,4,AAAMAMMM,23225,278700,0.6041208058595657,0.6864369114240011,0.6722821797643389,0.8573759791122716,0.779373368146214,0.7846515270164448,1.0,0.0003,1.0,7050.66157078743
depth4_bal_AAAMAMMM,4,AAAMAMMM,23250,279000,0.7290214051802953,0.8731754422187805,0.8913639988218035,0.6977806788511749,0.5966057441253264,0.5889920572771004,1.0,0.0003,1.0,7059.028594493866
depth4_bal_AAAMAMMM,4,AAAMAMMM,23275,279300,0.8760221203168234,0.8195151289304098,0.8130174057824271,0.6400130548302873,0.6866840731070496,0.6849759480926279,1.0,0.0003,1.0,7067.291204690933
depth4_bal_AAAMAMMM,4,AAAMAMMM,23300,279600,0.7847423950831095,0.8081340591112772,0.8249282768794468,0.6755874673629243,0.6409921671018277,0.6346347466159525,1.0,0.0003,1.0,7073.537224769592
depth4_bal_AAAMAMMM,4,AAAMAMMM,23325,279900,0.5435171176989874,0.5876025954882304,0.5897698351315089,0.9099216710182768,0.8746736292428199,0.8767199910504531,1.0,0.0003,1.0,7081.5188546180725
depth4_bal_AAAMAMMM,4,AAAMAMMM,23350,280200,0.5867032210032145,0.6903827786445618,0.6972171885626657,0.789490861618799,0.7154046997389034,0.7004139165454749,1.0,0.0003,1.0,7089.900532960892
depth4_bal_AAAMAMMM,4,AAAMAMMM,23375,280500,0.7481203426917394,0.7591093182563782,0.7417603492736816,0.6987597911227154,0.6723237597911227,0.7161874930081664,1.0,0.0003,1.0,7098.327707529068
depth4_bal_AAAMAMMM,4,AAAMAMMM,23400,280800,0.5623872677485148,0.621227502822876,0.605815805707659,0.8596605744125326,0.8211488250652742,0.8461796621546034,1.0,0.0003,1.0,7106.761671066284
depth4_bal_AAAMAMMM,4,AAAMAMMM,23425,281100,0.7144712110360464,0.9149335026741028,0.9098596164158412,0.7222584856396866,0.5835509138381201,0.609464145877615,1.0,0.0003,1.0,7115.142077922821
depth4_bal_AAAMAMMM,4,AAAMAMMM,23450,281400,0.702998528877894,0.7425413926442465,0.7343225308826992,0.7470626631853786,0.7023498694516971,0.7209978744826043,1.0,0.0003,1.0,7123.323053598404
depth4_bal_AAAMAMMM,4,AAAMAMMM,23475,281700,0.5009796222050985,0.5050748884677887,0.5122313780444009,0.9079634464751958,0.9190600522193212,0.9141962188164224,1.0,0.0003,1.0,7131.537284612656
depth4_bal_AAAMAMMM,4,AAAMAMMM,23500,282000,0.9126756936311722,0.903476893901825,0.891474643775395,0.6050913838120104,0.5992167101827677,0.616176306074505,1.0,0.0003,1.0,7138.00886964798
depth4_bal_AAAMAMMM,4,AAAMAMMM,23525,282300,0.6721715678771337,0.68900066614151,0.68124121597835,0.8002610966057441,0.7728459530026109,0.8053473542901891,1.0,0.0003,1.0,7146.365317106247
depth4_bal_AAAMAMMM,4,AAAMAMMM,23550,282600,0.5680516958236694,0.5716909766197205,0.5872887883867536,0.8309399477806788,0.8276762402088773,0.8201141067233472,1.0,0.0003,1.0,7154.550992965698
depth4_bal_AAAMAMMM,4,AAAMAMMM,23575,282900,0.6059276858965555,0.7239606777826945,0.7449168290410723,0.8642297650130548,0.7349869451697127,0.7137263676026401,1.0,0.0003,1.0,7162.506050825119
depth4_bal_AAAMAMMM,4,AAAMAMMM,23600,283200,0.6110437860091528,0.6149800817171732,0.6290856582777841,0.7865535248041775,0.793733681462141,0.7852108736995189,1.0,0.0003,1.0,7170.531913995743
depth4_bal_AAAMAMMM,4,AAAMAMMM,23625,283500,0.6040942519903183,0.6445227265357971,0.637500558580671,0.8325718015665796,0.7963446475195822,0.8078084796957155,1.0,0.0003,1.0,7178.744713068008
depth4_bal_AAAMAMMM,4,AAAMAMMM,23650,283800,0.8048234979311625,0.8728782137235006,0.8662337269101824,0.6889686684073107,0.6227154046997389,0.6294887571316702,1.0,0.0003,1.0,7186.945427894592
depth4_bal_AAAMAMMM,4,AAAMAMMM,23675,284100,0.6202672670284907,0.666849156220754,0.6552009854997908,0.799934725848564,0.7676240208877284,0.7704441212663609,1.0,0.0003,1.0,7195.150421380997
depth4_bal_AAAMAMMM,4,AAAMAMMM,23700,284400,0.7676006307204565,0.7876065572102865,0.7908501556941441,0.7052872062663186,0.6566579634464752,0.6775925718760488,1.0,0.0003,1.0,7203.375815629959
depth4_bal_AAAMAMMM,4,AAAMAMMM,23725,284700,0.7969730099042257,0.7948596080144247,0.7914650286946978,0.6847258485639687,0.6906005221932114,0.7008613938919342,1.0,0.0003,1.0,7211.55968952179
depth4_bal_AAAMAMMM,4,AAAMAMMM,23750,285000,0.517480656504631,0.618415097395579,0.6251586079597473,0.8772845953002611,0.7872062663185379,0.7760375880971025,1.0,0.0003,1.0,7219.269791841507
depth4_bal_AAAMAMMM,4,AAAMAMMM,23775,285300,0.7596451093753179,0.8472735087076823,0.8118364129747663,0.6961488250652742,0.6305483028720626,0.6634970354625797,1.0,0.0003,1.0,7227.474391222
depth4_bal_AAAMAMMM,4,AAAMAMMM,23800,285600,0.7834842403729757,0.7920148173967997,0.8048681191035679,0.6713446475195822,0.660574412532637,0.6521982324644815,1.0,0.0003,1.0,7235.69472527504
depth4_bal_AAAMAMMM,4,AAAMAMMM,23825,285900,0.7273834645748138,0.6766225695610046,0.6873855795179095,0.7137728459530026,0.7336814621409922,0.7487414699630831,1.0,0.0003,1.0,7243.907785892487
depth4_bal_AAAMAMMM,4,AAAMAMMM,23850,286200,0.9366252571344376,0.9031524459520975,0.9142244679587228,0.5959530026109661,0.5992167101827677,0.591229444009397,1.0,0.0003,1.0,7251.922650098801
depth4_bal_AAAMAMMM,4,AAAMAMMM,23875,286500,0.8791557898124059,0.8782765666643778,0.8852540986878531,0.6174934725848564,0.6122715404699739,0.5941380467613827,1.0,0.0003,1.0,7254.925530672073
depth4_bal_AAAMAMMM,4,AAAMAMMM,23900,286800,0.5267831509311994,0.6163902680079142,0.6150919096810478,0.8681462140992167,0.7741514360313316,0.7883432151247343,1.0,0.0003,1.0,7258.041571140289
depth4_bal_AAAMAMMM,4,AAAMAMMM,23925,287100,0.6400986909866333,0.658782164255778,0.6690717203276498,0.787532637075718,0.7741514360313316,0.7608233583174852,1.0,0.0003,1.0,7264.761449098587
depth4_bal_AAAMAMMM,4,AAAMAMMM,23950,287400,1.196860432624817,1.3445924520492554,1.2921897411346435,0.4849869451697128,0.4608355091383812,0.46246783756572324,1.0,0.0003,1.0,7273.128572702408
depth4_bal_AAAMAMMM,4,AAAMAMMM,23975,287700,0.702547679344813,0.703666885693868,0.7065155846732003,0.7522845953002611,0.7663185378590078,0.7539993287839803,1.0,0.0003,1.0,7281.635749101639
depth4_bal_AAAMAMMM,4,AAAMAMMM,24000,288000,0.9817823767662048,1.164792815844218,1.1129192556653704,0.5727806788511749,0.4490861618798956,0.49065891039266135,1.0,0.0003,1.0,7289.830572128296
depth4_bal_AAAMAMMM,4,AAAMAMMM,24025,288300,0.8717465301354727,0.9067066113154093,0.9241505197116306,0.6308746736292428,0.5848563968668408,0.5769101689226983,1.0,0.0003,1.0,7297.99630522728
depth4_bal_AAAMAMMM,4,AAAMAMMM,24050,288600,0.6883639544248581,0.7066016991933187,0.7035023399761745,0.762402088772846,0.758485639686684,0.7584741022485737,1.0,0.0003,1.0,7306.34500670433
depth4_bal_AAAMAMMM,4,AAAMAMMM,24075,288900,0.730825607975324,0.9126485586166382,0.8884676609720502,0.7098563968668408,0.5939947780678851,0.6147220046985121,1.0,0.0003,1.0,7314.660591125488
depth4_bal_AAAMAMMM,4,AAAMAMMM,24100,289200,0.6806030372778574,0.7939085960388184,0.7858585919652666,0.7343342036553525,0.6657963446475196,0.6784875265689675,1.0,0.0003,1.0,7322.2511286735535
depth4_bal_AAAMAMMM,4,AAAMAMMM,24125,289500,0.7524336725473404,0.7646119793256124,0.759404456615448,0.7088772845953003,0.6723237597911227,0.6844166014095536,1.0,0.0003,1.0,7330.048747777939
depth4_bal_AAAMAMMM,4,AAAMAMMM,24150,289800,1.274419054389,1.4976852734883626,1.4218226160321916,0.48759791122715407,0.38642297650130547,0.4303613379572659,1.0,0.0003,1.0,7338.53901553154
depth4_bal_AAAMAMMM,4,AAAMAMMM,24175,290100,0.7040522495905558,0.704624613126119,0.704293315751212,0.722911227154047,0.7336814621409922,0.740127531043741,1.0,0.0003,1.0,7347.052627325058
depth4_bal_AAAMAMMM,4,AAAMAMMM,24200,290400,0.6889084875583649,0.6355744997660319,0.6194426553589957,0.7434725848563969,0.8028720626631853,0.8147443785658351,1.0,0.0003,1.0,7355.513480186462
depth4_bal_AAAMAMMM,4,AAAMAMMM,24225,290700,0.5942923078934351,0.7172496318817139,0.7461788943835668,0.8123368146214099,0.7010443864229765,0.6930305403288959,1.0,0.0003,1.0,7363.818562984467
depth4_bal_AAAMAMMM,4,AAAMAMMM,24250,291000,0.825775628288587,0.873665452003479,0.8847445777484348,0.6602480417754569,0.6161879895561357,0.6080098445016221,1.0,0.0003,1.0,7372.139091253281
depth4_bal_AAAMAMMM,4,AAAMAMMM,24275,291300,0.9654630869626999,0.8945450981458029,0.8836494956697737,0.5975848563968669,0.6174934725848564,0.6401163441100794,1.0,0.0003,1.0,7380.211747169495
depth4_bal_AAAMAMMM,4,AAAMAMMM,24300,291600,0.6503832290569941,0.6451289852460226,0.6557845371110099,0.7878590078328982,0.8067885117493473,0.8005369728157512,1.0,0.0003,1.0,7388.487519979477
depth4_bal_AAAMAMMM,4,AAAMAMMM,24325,291900,0.8461096733808517,0.8418931762377421,0.8534344911575318,0.6778720626631853,0.6566579634464752,0.6457098109408211,1.0,0.0003,1.0,7396.659805059433
depth4_bal_AAAMAMMM,4,AAAMAMMM,24350,292200,0.6374816447496414,0.6545837124188741,0.6615144763674055,0.7836161879895561,0.7859007832898173,0.7667524331580714,1.0,0.0003,1.0,7404.20899438858
depth4_bal_AAAMAMMM,4,AAAMAMMM,24375,292500,0.6445164084434509,0.7088423172632853,0.7110419613974435,0.7868798955613577,0.7323759791122716,0.7268150799865757,1.0,0.0003,1.0,7412.610015630722
depth4_bal_AAAMAMMM,4,AAAMAMMM,24400,292800,0.7558019359906515,0.8225603501001993,0.8467744946479797,0.6840731070496083,0.6266318537859008,0.6273632397359884,1.0,0.0003,1.0,7421.005847930908
depth4_bal_AAAMAMMM,4,AAAMAMMM,24425,293100,0.6493303626775742,0.7054462631543478,0.6857019509587969,0.7859007832898173,0.7402088772845953,0.7619420516836335,1.0,0.0003,1.0,7429.499258518219
depth4_bal_AAAMAMMM,4,AAAMAMMM,24450,293400,0.5814405182997385,0.6876317262649536,0.692974579334259,0.8204960835509139,0.7232375979112271,0.7284931200357981,1.0,0.0003,1.0,7437.545562505722
depth4_bal_AAAMAMMM,4,AAAMAMMM,24475,293700,0.7992057949304581,0.9885768493016561,0.9752837334360395,0.6612271540469974,0.5652741514360313,0.5701980087258083,1.0,0.0003,1.0,7445.601363420486
depth4_bal_AAAMAMMM,4,AAAMAMMM,24500,294000,0.6357334554195404,0.7122995654741923,0.7135051574025836,0.7672976501305483,0.7114882506527415,0.7094753328112764,1.0,0.0003,1.0,7453.840399026871
depth4_bal_AAAMAMMM,4,AAAMAMMM,24525,294300,0.9148339927196503,0.9865993658701578,0.9695045760699681,0.6112924281984334,0.5639686684073107,0.581832419733751,1.0,0.0003,1.0,7462.264602184296
depth4_bal_AAAMAMMM,4,AAAMAMMM,24550,294600,0.9015116592248281,0.890246570110321,0.901115528174809,0.6119451697127938,0.6214099216710183,0.6052131110862513,1.0,0.0003,1.0,7470.875342607498
depth4_bal_AAAMAMMM,4,AAAMAMMM,24575,294900,0.6729995061953863,0.7885685364405314,0.7884875161307199,0.7627284595300261,0.6540469973890339,0.6563373979192303,1.0,0.0003,1.0,7479.240505695343
depth4_bal_AAAMAMMM,4,AAAMAMMM,24600,295200,0.7809532235066096,0.9354060292243958,0.9558845094272068,0.6723237597911227,0.5548302872062664,0.5519633068575903,1.0,0.0003,1.0,7487.773392915726
depth4_bal_AAAMAMMM,4,AAAMAMMM,24625,295500,0.5394077052672704,0.6191293398539225,0.6216014776911054,0.8518276762402088,0.7859007832898173,0.7713390759592795,1.0,0.0003,1.0,7496.352621793747
depth4_bal_AAAMAMMM,4,AAAMAMMM,24650,295800,0.8473488787810007,0.8270733753840128,0.8466698101588658,0.6449086161879896,0.6488250652741514,0.6321736212104262,1.0,0.0003,1.0,7504.80419754982
depth4_bal_AAAMAMMM,4,AAAMAMMM,24675,296100,0.5340004116296768,0.6223618785540262,0.6162349922316415,0.8684725848563969,0.7715404699738904,0.7810717082447701,1.0,0.0003,1.0,7513.2918701171875
depth4_bal_AAAMAMMM,4,AAAMAMMM,24700,296400,0.6928112059831619,0.78555295864741,0.7939676489148821,0.7193211488250653,0.6305483028720626,0.6447029869112876,1.0,0.0003,1.0,7519.070785999298
depth4_bal_AAAMAMMM,4,AAAMAMMM,24725,296700,0.5729453265666962,0.6655935645103455,0.6762712631906782,0.8534595300261096,0.7467362924281984,0.7409106164000447,1.0,0.0003,1.0,7527.257558345795
depth4_bal_AAAMAMMM,4,AAAMAMMM,24750,297000,0.7574145694573721,0.7421021064122518,0.7340435079165868,0.6984334203655352,0.7336814621409922,0.7289405973822575,1.0,0.0003,1.0,7535.322771549225
depth4_bal_AAAMAMMM,4,AAAMAMMM,24775,297300,0.600296234091123,0.665389875570933,0.6688177108764648,0.8466057441253264,0.7845953002610966,0.7798411455420069,1.0,0.0003,1.0,7543.591849327087
depth4_bal_AAAMAMMM,4,AAAMAMMM,24800,297600,0.6053646504878998,0.68049023548762,0.6787138393947056,0.7960182767624021,0.7402088772845953,0.733974717529925,1.0,0.0003,1.0,7551.724481105804
depth4_bal_AAAMAMMM,4,AAAMAMMM,24825,297900,0.6109515229860941,0.6050995190938314,0.6043793507984706,0.8286553524804178,0.8433420365535248,0.8453965767982996,1.0,0.0003,1.0,7560.273679256439
depth4_bal_AAAMAMMM,4,AAAMAMMM,24850,298200,0.8594690561294556,1.047407825787862,1.0436452490942818,0.6357702349869452,0.5287206266318538,0.5263452287727933,1.0,0.0003,1.0,7568.820127487183
depth4_bal_AAAMAMMM,4,AAAMAMMM,24875,298500,1.542562574148178,1.1117222706476848,1.0696543097496032,0.4213446475195822,0.5378590078328982,0.5352947757019801,1.0,0.0003,1.0,7576.96773982048
depth4_bal_AAAMAMMM,4,AAAMAMMM,24900,298800,0.7641075402498245,0.8533908923467001,0.8572669676371983,0.6863577023498695,0.6057441253263708,0.6217697729052467,1.0,0.0003,1.0,7585.3871467113495
depth4_bal_AAAMAMMM,4,AAAMAMMM,24925,299100,0.8161448538303375,0.9149229129155477,0.961769243649074,0.6563315926892951,0.5992167101827677,0.5628146325092293,1.0,0.0003,1.0,7593.856997489929
depth4_bal_AAAMAMMM,4,AAAMAMMM,24950,299400,0.7510674893856049,0.7957507967948914,0.7949077129364014,0.6997389033942559,0.6697127937336814,0.6718872357086922,1.0,0.0003,1.0,7602.209729671478
depth4_bal_AAAMAMMM,4,AAAMAMMM,24975,299700,0.558775837222735,0.5661677320798238,0.5725263799939837,0.8524804177545692,0.8590078328981723,0.8456203154715293,1.0,0.0003,1.0,7610.748445272446
depth4_bal_AAAMAMMM,4,AAAMAMMM,25000,300000,0.6435903708140055,0.7817158301671346,0.8059962834630694,0.7503263707571801,0.6814621409921671,0.6664056382145653,1.0,0.0003,1.0,7618.127876758575
depth4_bal_AAAMAMMM,4,AAAMAMMM,25025,300300,0.7150425165891647,0.8363544742266337,0.8503581081117902,0.702023498694517,0.6553524804177546,0.6393332587537756,1.0,0.0003,1.0,7621.393143892288
depth4_bal_AAAMAMMM,4,AAAMAMMM,25050,300600,0.6130338956912359,0.6168251434961954,0.6301474588257926,0.7927545691906005,0.8002610966057441,0.7788343215124734,1.0,0.0003,1.0,7626.481549739838
depth4_bal_AAAMAMMM,4,AAAMAMMM,25075,300900,0.6407741010189056,0.7370482484499613,0.7130183594567435,0.8077676240208878,0.685378590078329,0.7280456426893388,1.0,0.0003,1.0,7634.771741390228
depth4_bal_AAAMAMMM,4,AAAMAMMM,25100,301200,0.7002549966176351,0.7639978130658468,0.7593451040131706,0.7738250652741514,0.7101827676240209,0.70701420740575,1.0,0.0003,1.0,7641.663123369217
depth4_bal_AAAMAMMM,4,AAAMAMMM,25125,301500,0.6136865317821503,0.7363463838895162,0.7441207221576146,0.7780678851174935,0.6932114882506527,0.6799418279449603,1.0,0.0003,1.0,7649.901754140854
depth4_bal_AAAMAMMM,4,AAAMAMMM,25150,301800,0.6375207553307215,0.6406417091687521,0.6468539544514247,0.7983028720626631,0.793733681462141,0.7982995860834545,1.0,0.0003,1.0,7657.6844646930695
depth4_bal_AAAMAMMM,4,AAAMAMMM,25175,302100,0.6814716955025991,0.6974049806594849,0.7192281212125505,0.7310704960835509,0.7297650130548303,0.7156281463250923,1.0,0.0003,1.0,7665.82462143898
depth4_bal_AAAMAMMM,4,AAAMAMMM,25200,302400,0.616337239742279,0.6476708054542542,0.6376162614141192,0.8051566579634465,0.783289817232376,0.7866651750755118,1.0,0.0003,1.0,7674.135946750641
depth4_bal_AAAMAMMM,4,AAAMAMMM,25225,302700,0.5557517955700556,0.6072235902150472,0.6183872665677752,0.8805483028720626,0.839425587467363,0.8132900771898423,1.0,0.0003,1.0,7682.324449777603
depth4_bal_AAAMAMMM,4,AAAMAMMM,25250,303000,0.8390063494443893,0.8112513820330302,0.8092458231108529,0.6576370757180157,0.6409921671018277,0.6664056382145653,1.0,0.0003,1.0,7690.6821808815
depth4_bal_AAAMAMMM,4,AAAMAMMM,25275,303300,0.8454870829979578,1.1091258525848389,1.0587474056652615,0.6344647519582245,0.5065274151436031,0.5451392773240855,1.0,0.0003,1.0,7699.1375296115875
depth4_bal_AAAMAMMM,4,AAAMAMMM,25300,303600,0.6293582022190094,0.6094214717547098,0.602299153804779,0.7676240208877284,0.8028720626631853,0.8063541783197226,1.0,0.0003,1.0,7707.169157505035
depth4_bal_AAAMAMMM,4,AAAMAMMM,25325,303900,1.4811715980370839,1.1198306481043498,1.1033731511660985,0.42428198433420367,0.49477806788511747,0.517171943170377,1.0,0.0003,1.0,7715.333832979202
depth4_bal_AAAMAMMM,4,AAAMAMMM,25350,304200,0.7504921108484268,0.914202352364858,0.9204638600349426,0.6801566579634465,0.5822454308093995,0.5801543796845284,1.0,0.0003,1.0,7718.40521812439
depth4_bal_AAAMAMMM,4,AAAMAMMM,25375,304500,0.8775890022516251,1.0019694368044536,0.9831081339291163,0.6308746736292428,0.5430809399477807,0.5526345228772793,1.0,0.0003,1.0,7721.561346769333
depth4_bal_AAAMAMMM,4,AAAMAMMM,25400,304800,0.6972195208072662,0.7069292068481445,0.6920925412859236,0.7911227154046997,0.804177545691906,0.8161986799418279,1.0,0.0003,1.0,7724.606024980545
depth4_bal_AAAMAMMM,4,AAAMAMMM,25425,305100,0.5803428987661997,0.7139952977498373,0.7270664146968296,0.8263707571801566,0.7362924281984334,0.7188723570869224,1.0,0.0003,1.0,7732.981203556061
depth4_bal_AAAMAMMM,4,AAAMAMMM,25450,305400,0.7399116555849711,0.7774078051249186,0.7618782367025103,0.7447780678851175,0.6971279373368147,0.7206622664727598,1.0,0.0003,1.0,7741.343072414398
depth4_bal_AAAMAMMM,4,AAAMAMMM,25475,305700,0.6637653013070425,0.7641664147377014,0.737144376550402,0.7503263707571801,0.7075718015665796,0.7157400156617071,1.0,0.0003,1.0,7749.0959322452545
depth4_bal_AAAMAMMM,4,AAAMAMMM,25500,306000,0.7553016146024069,0.936470627784729,0.9637387701443263,0.6951697127937336,0.5796344647519582,0.5864190625349591,1.0,0.0003,1.0,7757.294397354126
depth4_bal_AAAMAMMM,4,AAAMAMMM,25525,306300,0.7753549963235855,0.7390467524528503,0.7474424634660993,0.6661227154046997,0.6892950391644909,0.6958272737442667,1.0,0.0003,1.0,7765.175135374069
depth4_bal_AAAMAMMM,4,AAAMAMMM,25550,306600,0.6171717395385107,0.642144779364268,0.6302636333874294,0.8185378590078329,0.7859007832898173,0.8251482268710146,1.0,0.0003,1.0,7773.298205137253
depth4_bal_AAAMAMMM,4,AAAMAMMM,25575,306900,1.2346552511056264,1.5098072687784831,1.4367141996111188,0.48074412532637073,0.3772845953002611,0.4211880523548495,1.0,0.0003,1.0,7781.659976243973
depth4_bal_AAAMAMMM,4,AAAMAMMM,25600,307200,0.8007431328296661,0.7319231828053793,0.740660548210144,0.672976501305483,0.7114882506527415,0.7081329007718984,1.0,0.0003,1.0,7790.1741688251495
depth4_bal_AAAMAMMM,4,AAAMAMMM,25625,307500,0.7711307654778162,0.8324626882870992,0.7967649527958461,0.6990861618798956,0.6266318537859008,0.6608121713838236,1.0,0.0003,1.0,7798.715784788132
depth4_bal_AAAMAMMM,4,AAAMAMMM,25650,307800,0.7244100421667099,0.7637439568837484,0.7470994796071734,0.7154046997389034,0.695822454308094,0.708468508781743,1.0,0.0003,1.0,7807.224161624908
depth4_bal_AAAMAMMM,4,AAAMAMMM,25675,308100,0.6195384909709295,0.6277441581090292,0.6261709536824908,0.8515013054830287,0.856396866840731,0.852556214341649,1.0,0.0003,1.0,7815.747062921524
depth4_bal_AAAMAMMM,4,AAAMAMMM,25700,308400,0.6657068977753321,0.814196785291036,0.8290674771581378,0.7392297650130548,0.660574412532637,0.6434724242085245,1.0,0.0003,1.0,7823.956173181534
depth4_bal_AAAMAMMM,4,AAAMAMMM,25725,308700,0.704006239771843,0.7122228145599365,0.7068379487310137,0.7248694516971279,0.7362924281984334,0.7403512697169706,1.0,0.0003,1.0,7831.888352155685
depth4_bal_AAAMAMMM,4,AAAMAMMM,25750,309000,1.026184196273486,1.0761737426122029,1.0501035264560155,0.5456919060052219,0.5078328981723238,0.5327217809598389,1.0,0.0003,1.0,7840.215320587158
depth4_bal_AAAMAMMM,4,AAAMAMMM,25775,309300,0.6539821922779083,0.6882619659105936,0.6756879108292716,0.7695822454308094,0.7323759791122716,0.754894283476899,1.0,0.0003,1.0,7848.163198709488
depth4_bal_AAAMAMMM,4,AAAMAMMM,25800,309600,1.2090870887041092,1.3380600214004517,1.352183767727443,0.5254569190600522,0.4464751958224543,0.4460230450833427,1.0,0.0003,1.0,7856.447234869003
depth4_bal_AAAMAMMM,4,AAAMAMMM,25825,309900,0.6830420841773351,0.8217477003733317,0.8255247490746634,0.7323759791122716,0.6240208877284595,0.6319498825371965,1.0,0.0003,1.0,7864.644082069397
depth4_bal_AAAMAMMM,4,AAAMAMMM,25850,310200,0.8287147929271063,0.966405987739563,0.9584636892591204,0.6589425587467362,0.5600522193211488,0.5708692247454973,1.0,0.0003,1.0,7872.9281125068665
depth4_bal_AAAMAMMM,4,AAAMAMMM,25875,310500,0.8370566119750341,0.9937289953231812,0.9971292614936829,0.6504569190600522,0.5587467362924282,0.5596822910840139,1.0,0.0003,1.0,7881.137149333954
depth4_bal_AAAMAMMM,4,AAAMAMMM,25900,310800,0.8970323453346888,0.8346927165985107,0.8486779843057904,0.6478459530026109,0.7023498694516971,0.6746839691240631,1.0,0.0003,1.0,7889.319105863571
depth4_bal_AAAMAMMM,4,AAAMAMMM,25925,311100,0.7890351315339407,0.8306520183881124,0.8382458244051252,0.6951697127937336,0.6409921671018277,0.6389976507439311,1.0,0.0003,1.0,7897.318822860718
depth4_bal_AAAMAMMM,4,AAAMAMMM,25950,311400,0.5683887203534445,0.5848986903826395,0.6031623414584568,0.8433420365535248,0.8420365535248042,0.8118357758138495,1.0,0.0003,1.0,7905.443650722504
depth4_bal_AAAMAMMM,4,AAAMAMMM,25975,311700,0.8037806351979574,0.7683682441711426,0.763555886064257,0.6595953002610966,0.7075718015665796,0.6838572547264795,1.0,0.0003,1.0,7913.387855052948
depth4_bal_AAAMAMMM,4,AAAMAMMM,26000,312000,0.5873183707396189,0.6167403856913248,0.6295821734837124,0.8231070496083551,0.7885117493472585,0.7914755565499496,1.0,0.0003,1.0,7921.7104732990265
depth4_bal_AAAMAMMM,4,AAAMAMMM,26025,312300,0.7336473862330118,0.8064444263776144,0.8093678797994341,0.7007180156657964,0.6449086161879896,0.6574560912853786,1.0,0.0003,1.0,7930.164360046387
depth4_bal_AAAMAMMM,4,AAAMAMMM,26050,312600,0.7065050651629766,0.6727073987325033,0.6779718637466431,0.7555483028720626,0.7845953002610966,0.7812954469179998,1.0,0.0003,1.0,7938.221039533615
depth4_bal_AAAMAMMM,4,AAAMAMMM,26075,312900,0.7860281219085058,1.1970216433207195,1.1927481821605137,0.6951697127937336,0.5143603133159269,0.5197449379125182,1.0,0.0003,1.0,7946.423778533936
depth4_bal_AAAMAMMM,4,AAAMAMMM,26100,313200,0.710087463259697,0.8261270523071289,0.8262686320713588,0.6981070496083551,0.6409921671018277,0.6398926054368498,1.0,0.0003,1.0,7954.594207525253
depth4_bal_AAAMAMMM,4,AAAMAMMM,26125,313500,0.8785816431045532,0.8837592403093973,0.8770599552563259,0.6161879895561357,0.618798955613577,0.620874818212328,1.0,0.0003,1.0,7962.718185186386
depth4_bal_AAAMAMMM,4,AAAMAMMM,26150,313800,0.5564052959283193,0.5956835349400839,0.5995235647474016,0.8733681462140992,0.8302872062663186,0.832307864414364,1.0,0.0003,1.0,7970.849268436432
depth4_bal_AAAMAMMM,4,AAAMAMMM,26175,314100,0.6227631121873856,0.8750685652097067,0.8930685537202018,0.7614229765013055,0.5939947780678851,0.5996196442555095,1.0,0.0003,1.0,7979.093269586563
depth4_bal_AAAMAMMM,4,AAAMAMMM,26200,314400,0.5924117813507715,0.698434034983317,0.7120596732412066,0.8054830287206266,0.7271540469973891,0.715851884998322,1.0,0.0003,1.0,7987.459706783295
depth4_bal_AAAMAMMM,4,AAAMAMMM,26225,314700,0.6982686767975489,0.6776923338572184,0.6784655519894192,0.7454308093994778,0.7754569190600522,0.7764850654435619,1.0,0.0003,1.0,7994.309411764145
depth4_bal_AAAMAMMM,4,AAAMAMMM,26250,315000,0.7409131228923798,0.6973761320114136,0.6914647817611694,0.7212793733681462,0.7610966057441253,0.757579147555655,1.0,0.0003,1.0,7997.391434907913
depth4_bal_AAAMAMMM,4,AAAMAMMM,26275,315300,0.64295627673467,0.6429186264673868,0.6542964560644967,0.7810052219321149,0.7845953002610966,0.7732408546817318,1.0,0.0003,1.0,8005.802807807922
depth4_bal_AAAMAMMM,4,AAAMAMMM,26300,315600,0.7263224869966507,0.7935842275619507,0.789344927242824,0.7193211488250653,0.6514360313315927,0.6582391766416825,1.0,0.0003,1.0,8014.177724123001
depth4_bal_AAAMAMMM,4,AAAMAMMM,26325,315900,0.5789420157670975,0.6096901098887125,0.6005966867719378,0.839425587467363,0.8315926892950392,0.8365588992057277,1.0,0.0003,1.0,8022.612484693527
depth4_bal_AAAMAMMM,4,AAAMAMMM,26350,316200,0.8035777111848196,0.8609921336174011,0.8765150512967791,0.6824412532637075,0.5861618798955613,0.6171831301040385,1.0,0.0003,1.0,8030.103126525879
depth4_bal_AAAMAMMM,4,AAAMAMMM,26375,316500,0.6250640153884888,0.6282800634702047,0.6319354125431605,0.7911227154046997,0.8093994778067886,0.8048998769437298,1.0,0.0003,1.0,8038.050379037857
depth4_bal_AAAMAMMM,4,AAAMAMMM,26400,316800,0.9361761063337326,0.9846775531768799,0.9525472726140704,0.5959530026109661,0.5652741514360313,0.5875377559011075,1.0,0.0003,1.0,8046.517060995102
depth4_bal_AAAMAMMM,4,AAAMAMMM,26425,317100,0.7862775574127833,0.8865458369255066,0.869035039629255,0.6723237597911227,0.6096605744125326,0.6117015326099117,1.0,0.0003,1.0,8054.927754402161
depth4_bal_AAAMAMMM,4,AAAMAMMM,26450,317400,0.8328368961811066,0.8634972174962362,0.8552868468420846,0.6589425587467362,0.6292428198433421,0.6421299921691465,1.0,0.0003,1.0,8062.873068571091
depth4_bal_AAAMAMMM,4,AAAMAMMM,26475,317700,0.6151086787382761,0.6565041939417521,0.651571524143219,0.8358355091383812,0.8107049608355091,0.8032218368945072,1.0,0.0003,1.0,8071.188823699951
depth4_bal_AAAMAMMM,4,AAAMAMMM,26500,318000,0.5490121493736903,0.61078280210495,0.6167029006140573,0.8364882506527415,0.7872062663185379,0.7769325427900212,1.0,0.0003,1.0,8079.42508482933
depth4_bal_AAAMAMMM,4,AAAMAMMM,26525,318300,0.8979140520095825,0.8718478282292684,0.8687162688800267,0.6158616187989556,0.6201044386422977,0.6262445463698401,1.0,0.0003,1.0,8087.758291006088
depth4_bal_AAAMAMMM,4,AAAMAMMM,26550,318600,0.5896907448768616,0.610079268614451,0.6096030763217382,0.8642297650130548,0.825065274151436,0.839020024611254,1.0,0.0003,1.0,8096.133261203766
depth4_bal_AAAMAMMM,4,AAAMAMMM,26575,318900,0.6176156053940455,0.6442948381106058,0.6299784660339356,0.7924281984334204,0.779373368146214,0.7894619084908826,1.0,0.0003,1.0,8104.535827875137
depth4_bal_AAAMAMMM,4,AAAMAMMM,26600,319200,0.6665037125349045,0.7851677338282267,0.7759598885263715,0.7656657963446475,0.6553524804177546,0.6872133348249245,1.0,0.0003,1.0,8112.9248559474945
depth4_bal_AAAMAMMM,4,AAAMAMMM,26625,319500,0.8617084870735804,0.9309768676757812,0.9455606937408447,0.631201044386423,0.5783289817232375,0.5703098780624231,1.0,0.0003,1.0,8121.196633338928
depth4_bal_AAAMAMMM,4,AAAMAMMM,26650,319800,0.6062556058168411,0.6935755411783854,0.6775634203638349,0.797976501305483,0.7140992167101827,0.7388969683409777,1.0,0.0003,1.0,8129.523172616959
depth4_bal_AAAMAMMM,4,AAAMAMMM,26675,320100,0.809138665596644,1.111953894297282,1.1403062786374774,0.6501305483028721,0.5483028720626631,0.515829511130999,1.0,0.0003,1.0,8137.967787742615
depth4_bal_AAAMAMMM,4,AAAMAMMM,26700,320400,0.6488950500885645,0.6937811573346456,0.6998903223446438,0.7705613577023499,0.7245430809399478,0.7303948987582504,1.0,0.0003,1.0,8146.351493835449
depth4_bal_AAAMAMMM,4,AAAMAMMM,26725,320700,0.7244173536698023,0.9129084149996439,0.8781927142824445,0.7114882506527415,0.5822454308093995,0.591900660029086,1.0,0.0003,1.0,8154.386297702789
depth4_bal_AAAMAMMM,4,AAAMAMMM,26750,321000,0.9749169995387396,1.0386330286661785,1.0620901448386055,0.5724543080939948,0.5248041775456919,0.5227654100011186,1.0,0.0003,1.0,8162.728302001953
depth4_bal_AAAMAMMM,4,AAAMAMMM,26775,321300,0.576872984568278,0.5926440954208374,0.5894285133906774,0.8697780678851175,0.8577023498694517,0.8674348361114219,1.0,0.0003,1.0,8171.06006860733
depth4_bal_AAAMAMMM,4,AAAMAMMM,26800,321600,0.8254394481579462,0.7964700063069662,0.7955684185028076,0.6387075718015666,0.639686684073107,0.6520863631278666,1.0,0.0003,1.0,8179.459881305695
depth4_bal_AAAMAMMM,4,AAAMAMMM,26825,321900,0.7969949493805567,0.8406595786412557,0.8384547710418702,0.6713446475195822,0.6449086161879896,0.6458216802774359,1.0,0.0003,1.0,8187.850823640823
depth4_bal_AAAMAMMM,4,AAAMAMMM,26850,322200,0.6047837237517039,0.5738299886385599,0.5779325945036752,0.8172323759791122,0.8485639686684073,0.8607226759145318,1.0,0.0003,1.0,8195.961549520493
depth4_bal_AAAMAMMM,4,AAAMAMMM,26875,322500,0.6694759130477905,0.6481511195500692,0.6536198105130877,0.7548955613577023,0.7989556135770235,0.7843159190066002,1.0,0.0003,1.0,8204.164879322052
depth4_bal_AAAMAMMM,4,AAAMAMMM,26900,322800,0.8736088375250498,0.8365739385286967,0.8138730611119952,0.6400130548302873,0.6736292428198434,0.6860946414587762,1.0,0.0003,1.0,8212.43445110321
depth4_bal_AAAMAMMM,4,AAAMAMMM,26925,323100,0.6586514612038931,0.7417427897453308,0.7274512869971139,0.7597911227154047,0.695822454308094,0.6950441883879629,1.0,0.0003,1.0,8220.798226356506
depth4_bal_AAAMAMMM,4,AAAMAMMM,26950,323400,0.9176682382822037,0.951466699441274,0.918403855391911,0.5985639686684073,0.5326370757180157,0.5640451952119924,1.0,0.0003,1.0,8229.21602511406
depth4_bal_AAAMAMMM,4,AAAMAMMM,26975,323700,0.6254118134578069,0.7009658416112264,0.6989498223577227,0.8286553524804178,0.7610966057441253,0.7550061528135138,1.0,0.0003,1.0,8237.338077068329
depth4_bal_AAAMAMMM,4,AAAMAMMM,27000,324000,0.5703835338354111,0.5926172534624735,0.5853398953165326,0.8678198433420365,0.860313315926893,0.8690010068240296,1.0,0.0003,1.0,8245.610529899597
depth4_bal_AAAMAMMM,4,AAAMAMMM,27025,324300,0.6557963242133459,0.815161943435669,0.7776044436863491,0.7480417754569191,0.6227154046997389,0.6746839691240631,1.0,0.0003,1.0,8252.899514198303
depth4_bal_AAAMAMMM,4,AAAMAMMM,27050,324600,0.7272682438294092,0.7090630531311035,0.7261793068477086,0.72911227154047,0.7441253263707572,0.729947421411791,1.0,0.0003,1.0,8261.35919547081
depth4_bal_AAAMAMMM,4,AAAMAMMM,27075,324900,0.7647770891586939,0.8460864623387655,0.86746712071555,0.695822454308094,0.6253263707571801,0.6124846179662154,1.0,0.0003,1.0,8269.78439617157
depth4_bal_AAAMAMMM,4,AAAMAMMM,27100,325200,0.7258866280317307,1.0028811891873677,1.0002645782061985,0.6941906005221932,0.5678851174934726,0.5726591341313346,1.0,0.0003,1.0,8278.14712381363
depth4_bal_AAAMAMMM,4,AAAMAMMM,27125,325500,0.7081248859564463,0.8741344213485718,0.8951529332569668,0.7209530026109661,0.6318537859007833,0.6191967781631055,1.0,0.0003,1.0,8286.538474559784
depth4_bal_AAAMAMMM,4,AAAMAMMM,27150,325800,0.8815437952677408,0.7854322592417399,0.8200828926903861,0.6344647519582245,0.6801566579634465,0.666629376887795,1.0,0.0003,1.0,8295.026637077332
depth4_bal_AAAMAMMM,4,AAAMAMMM,27175,326100,0.5792069832483927,0.6757927934328715,0.6618672847747803,0.8100522193211488,0.7728459530026109,0.7651862624454637,1.0,0.0003,1.0,8303.419134616852
depth4_bal_AAAMAMMM,4,AAAMAMMM,27200,326400,0.7668731460968653,0.7124271591504415,0.7087411403656005,0.6886422976501305,0.7349869451697127,0.7516500727150688,1.0,0.0003,1.0,8311.60977435112
depth4_bal_AAAMAMMM,4,AAAMAMMM,27225,326700,0.9413162271181742,0.9844484130541483,0.9695394464901516,0.5943211488250653,0.5939947780678851,0.5951448707909162,1.0,0.0003,1.0,8319.991687774658
depth4_bal_AAAMAMMM,4,AAAMAMMM,27250,327000,0.6952640662590662,0.7182058493296305,0.7382194519042968,0.7255221932114883,0.7258485639686684,0.7171943170377,1.0,0.0003,1.0,8328.136471271515
depth4_bal_AAAMAMMM,4,AAAMAMMM,27275,327300,0.8076671461264292,0.8247014482816061,0.8274216294288635,0.658289817232376,0.664490861618799,0.6614833874035126,1.0,0.0003,1.0,8331.163431406021
depth4_bal_AAAMAMMM,4,AAAMAMMM,27300,327600,0.6989051153262457,0.7233357628186544,0.7442074639456613,0.7411879895561357,0.7323759791122716,0.7137263676026401,1.0,0.0003,1.0,8334.184707403183
depth4_bal_AAAMAMMM,4,AAAMAMMM,27325,327900,0.7866110155979792,0.9001534382502238,0.9365171841212682,0.6706919060052219,0.5822454308093995,0.5734422194876384,1.0,0.0003,1.0,8337.481489419937
depth4_bal_AAAMAMMM,4,AAAMAMMM,27350,328200,0.680712029337883,0.6864914099375407,0.7093939985547747,0.7418407310704961,0.7271540469973891,0.7130551515829511,1.0,0.0003,1.0,8345.815031766891
depth4_bal_AAAMAMMM,4,AAAMAMMM,27375,328500,0.7323121577501297,0.8702477812767029,0.8628022721835545,0.7065926892950392,0.5953002610966057,0.6105828392437633,1.0,0.0003,1.0,8353.841365814209
depth4_bal_AAAMAMMM,4,AAAMAMMM,27400,328800,0.7581935177246729,0.7546217838923136,0.7695415037018912,0.6912532637075718,0.695822454308094,0.6858709027855465,1.0,0.0003,1.0,8362.117926120758
depth4_bal_AAAMAMMM,4,AAAMAMMM,27425,329100,0.7842417558034261,0.9631170034408569,0.9809779678072248,0.6697127937336814,0.5718015665796344,0.5611365924600067,1.0,0.0003,1.0,8370.51447558403
depth4_bal_AAAMAMMM,4,AAAMAMMM,27450,329400,0.526609351237615,0.607970118522644,0.593436312675476,0.8971932114882507,0.825065274151436,0.8399149793041727,1.0,0.0003,1.0,8378.878032684326
depth4_bal_AAAMAMMM,4,AAAMAMMM,27475,329700,0.7599619676669439,0.8546415964762369,0.8772845114980425,0.6932114882506527,0.6201044386422977,0.6193086474997204,1.0,0.0003,1.0,8387.285276889801
depth4_bal_AAAMAMMM,4,AAAMAMMM,27500,330000,0.7006661494572958,0.829595704873403,0.8035297206469945,0.7196475195822454,0.6292428198433421,0.6508558004251035,1.0,0.0003,1.0,8395.66664147377
depth4_bal_AAAMAMMM,4,AAAMAMMM,27525,330300,0.7368634690841039,0.7399474779764811,0.7548073836735316,0.6821148825065274,0.6762402088772846,0.6756907931535966,1.0,0.0003,1.0,8400.144298791885
depth4_bal_AAAMAMMM,4,AAAMAMMM,27550,330600,0.5818656235933304,0.5763404766718546,0.5818552238600595,0.8446475195822454,0.8759791122715405,0.859939590558228,1.0,0.0003,1.0,8403.144924163818
depth4_bal_AAAMAMMM,4,AAAMAMMM,27575,330900,0.6081586132446924,0.5999983151753744,0.5929616246904645,0.7963446475195822,0.8002610966057441,0.8051236156169594,1.0,0.0003,1.0,8406.146192789078
depth4_bal_AAAMAMMM,4,AAAMAMMM,27600,331200,0.8846381505330404,0.9156772891680399,0.9002419659069606,0.6210835509138382,0.5848563968668408,0.5795950330014543,1.0,0.0003,1.0,8412.640811443329
depth4_bal_AAAMAMMM,4,AAAMAMMM,27625,331500,0.7374672094980875,0.8772569100062052,0.9000421489988054,0.735313315926893,0.6240208877284595,0.610135361897304,1.0,0.0003,1.0,8420.962282419205
depth4_bal_AAAMAMMM,4,AAAMAMMM,27650,331800,0.6071305374304453,0.8267570535341898,0.8073257054601397,0.7738250652741514,0.6540469973890339,0.6649513368385725,1.0,0.0003,1.0,8429.37035369873
depth4_bal_AAAMAMMM,4,AAAMAMMM,27675,332100,0.7686341206232706,0.8230485518773397,0.8172759345599583,0.7069190600522193,0.6775456919060052,0.6735652757579148,1.0,0.0003,1.0,8437.65435910225
depth4_bal_AAAMAMMM,4,AAAMAMMM,27700,332400,0.5735294918219248,0.607761820157369,0.613230984551566,0.825065274151436,0.8302872062663186,0.8224633627922586,1.0,0.0003,1.0,8446.119470119476
depth4_bal_AAAMAMMM,4,AAAMAMMM,27725,332700,0.8604098310073217,0.9347691138585409,0.892791473865509,0.6230417754569191,0.597911227154047,0.5802662490211433,1.0,0.0003,1.0,8454.694181203842
depth4_bal_AAAMAMMM,4,AAAMAMMM,27750,333000,0.6453638772169749,0.7177935242652893,0.7162905403545925,0.8175587467362925,0.7467362924281984,0.7476227765969348,1.0,0.0003,1.0,8462.95054769516
depth4_bal_AAAMAMMM,4,AAAMAMMM,27775,333300,1.138465608159701,1.4055088758468628,1.4722151449748448,0.5264360313315927,0.4164490861618799,0.4124622440988925,1.0,0.0003,1.0,8471.16351556778
depth4_bal_AAAMAMMM,4,AAAMAMMM,27800,333600,0.8640212565660477,0.8564852873484293,0.8540085928780692,0.6442558746736292,0.6135770234986945,0.6184136928068017,1.0,0.0003,1.0,8479.293045043945
depth4_bal_AAAMAMMM,4,AAAMAMMM,27825,333900,0.9123233407735825,0.911479632059733,0.9404708811214992,0.6227154046997389,0.5939947780678851,0.606779281798859,1.0,0.0003,1.0,8487.706191062927
depth4_bal_AAAMAMMM,4,AAAMAMMM,27850,334200,0.5418559312820435,0.5849258899688721,0.5805619818823679,0.9327676240208878,0.891644908616188,0.8853339299697953,1.0,0.0003,1.0,8496.103860616684
depth4_bal_AAAMAMMM,4,AAAMAMMM,27875,334500,0.7382589677969614,0.7576582630475363,0.7588134050369263,0.7565274151436031,0.7441253263707572,0.7338628481933103,1.0,0.0003,1.0,8504.502523422241
depth4_bal_AAAMAMMM,4,AAAMAMMM,27900,334800,0.7522978732983271,0.7882006565729777,0.8016672628266471,0.7075718015665796,0.6788511749347258,0.6675243315807138,1.0,0.0003,1.0,8512.973146915436
depth4_bal_AAAMAMMM,4,AAAMAMMM,27925,335100,0.868274599313736,0.986902634302775,0.9736057264464242,0.625,0.5600522193211488,0.5611365924600067,1.0,0.0003,1.0,8521.394431352615
depth4_bal_AAAMAMMM,4,AAAMAMMM,27950,335400,0.8511321544647217,0.8880352775255839,0.8885844792638506,0.6765665796344648,0.6240208877284595,0.6406756907931536,1.0,0.0003,1.0,8529.39041352272
depth4_bal_AAAMAMMM,4,AAAMAMMM,27975,335700,0.5409420331319174,0.5763230323791504,0.5778044904981341,0.8521540469973891,0.814621409921671,0.825595704217474,1.0,0.0003,1.0,8537.613281965256
depth4_bal_AAAMAMMM,4,AAAMAMMM,28000,336000,0.677932471036911,0.6885648568471273,0.6929839832442147,0.7300913838120104,0.7480417754569191,0.7523212887347578,1.0,0.0003,1.0,8546.102881669998
depth4_bal_AAAMAMMM,4,AAAMAMMM,28025,336300,0.6935192743937174,0.655150830745697,0.6651311925479344,0.7816579634464752,0.8381201044386423,0.82156840809934,1.0,0.0003,1.0,8554.428985118866
depth4_bal_AAAMAMMM,4,AAAMAMMM,28050,336600,0.7170562495787939,0.8379860520362854,0.8456343855176653,0.7052872062663186,0.6292428198433421,0.6160644367378901,1.0,0.0003,1.0,8562.540596485138
depth4_bal_AAAMAMMM,4,AAAMAMMM,28075,336900,0.7259541799624761,0.6863396167755127,0.6949146066393171,0.6935378590078329,0.7389033942558747,0.7311779841145541,1.0,0.0003,1.0,8571.011736631393
depth4_bal_AAAMAMMM,4,AAAMAMMM,28100,337200,0.6963448574145635,0.6930569012959799,0.7316302606037685,0.731396866840731,0.7467362924281984,0.71048215684081,1.0,0.0003,1.0,8579.40937948227
depth4_bal_AAAMAMMM,4,AAAMAMMM,28125,337500,0.7464434703191122,0.8306591312090555,0.8324543050357274,0.6977806788511749,0.6344647519582245,0.6313905358541224,1.0,0.0003,1.0,8587.687128782272
depth4_bal_AAAMAMMM,4,AAAMAMMM,28150,337800,0.5604483385880789,0.5814729730288187,0.5881593414715358,0.8371409921671018,0.8015665796344648,0.8065779169929522,1.0,0.0003,1.0,8596.115493297577
depth4_bal_AAAMAMMM,4,AAAMAMMM,28175,338100,0.6989858051141103,0.7198160688082377,0.708578862462725,0.8182114882506527,0.7963446475195822,0.8075847410224858,1.0,0.0003,1.0,8604.289002895355
depth4_bal_AAAMAMMM,4,AAAMAMMM,28200,338400,0.6895726025104523,0.7856553395589193,0.8220821840422494,0.7222584856396866,0.6671018276762402,0.6279225864190625,1.0,0.0003,1.0,8612.603878974915
depth4_bal_AAAMAMMM,4,AAAMAMMM,28225,338700,1.37717201312383,1.2931334575017293,1.373926935877119,0.4412532637075718,0.45430809399477806,0.4574337174180557,1.0,0.0003,1.0,8620.921591043472
depth4_bal_AAAMAMMM,4,AAAMAMMM,28250,339000,0.6947289804617564,0.7638634244600931,0.7646245735032218,0.7408616187989556,0.6840731070496083,0.6843047320729388,1.0,0.0003,1.0,8629.128447055817
depth4_bal_AAAMAMMM,4,AAAMAMMM,28275,339300,0.6366000721851984,0.820347805817922,0.8346853085926601,0.7712140992167101,0.6357702349869452,0.6359771786553305,1.0,0.0003,1.0,8635.875398159027
depth4_bal_AAAMAMMM,4,AAAMAMMM,28300,339600,1.1313321391741435,1.6324639717737834,1.6092968021120344,0.5368798955613577,0.3968668407310705,0.42633404183913187,1.0,0.0003,1.0,8644.13760638237
depth4_bal_AAAMAMMM,4,AAAMAMMM,28325,339900,0.6461385041475296,0.6246517697970072,0.6291650346347264,0.8058093994778068,0.8276762402088773,0.8315247790580602,1.0,0.0003,1.0,8652.136977434158
depth4_bal_AAAMAMMM,4,AAAMAMMM,28350,340200,0.6485793888568878,0.6579767862955729,0.6656028951917375,0.7725195822454308,0.7950391644908616,0.7725696386620428,1.0,0.0003,1.0,8659.968750715256
depth4_bal_AAAMAMMM,4,AAAMAMMM,28375,340500,0.7445241212844849,0.8432945807774862,0.8332238980701991,0.7010443864229765,0.6201044386422977,0.621546034232017,1.0,0.0003,1.0,8667.384181499481
depth4_bal_AAAMAMMM,4,AAAMAMMM,28400,340800,0.835293268163999,0.9540791908899943,0.915087582383837,0.6259791122715405,0.5939947780678851,0.5988365588992057,1.0,0.0003,1.0,8675.175550699234
depth4_bal_AAAMAMMM,4,AAAMAMMM,28425,341100,0.9927703787883123,1.3330962260564168,1.2385878017970493,0.5659268929503917,0.4595300261096606,0.4802550620874818,1.0,0.0003,1.0,8683.514105319977
depth4_bal_AAAMAMMM,4,AAAMAMMM,28450,341400,0.7361169258753458,0.7727343241373698,0.7679545487676348,0.7039817232375979,0.6866840731070496,0.6844166014095536,1.0,0.0003,1.0,8691.902346372604
depth4_bal_AAAMAMMM,4,AAAMAMMM,28475,341700,0.8503724733988444,0.8425824840863546,0.8283571754183088,0.6501305483028721,0.6684073107049608,0.6744602304508335,1.0,0.0003,1.0,8700.056691169739
depth4_bal_AAAMAMMM,4,AAAMAMMM,28500,342000,0.6174035718043646,0.6591389576594034,0.6555001940046038,0.8567232375979112,0.8172323759791122,0.824924488197785,1.0,0.0003,1.0,8708.260705947876
depth4_bal_AAAMAMMM,4,AAAMAMMM,28525,342300,0.7508591612180074,1.1878369649251301,1.1955886023385185,0.6906005221932114,0.46866840731070497,0.4715292538315248,1.0,0.0003,1.0,8716.405195951462
depth4_bal_AAAMAMMM,4,AAAMAMMM,28550,342600,1.0314734677473705,1.1702802181243896,1.1241481576647077,0.5548302872062664,0.46344647519582244,0.4987135026289294,1.0,0.0003,1.0,8724.647242069244
depth4_bal_AAAMAMMM,4,AAAMAMMM,28575,342900,0.6850456049044927,0.7331553101539612,0.7200321112360273,0.7493472584856397,0.6919060052219321,0.7207741358093747,1.0,0.0003,1.0,8732.744674682617
depth4_bal_AAAMAMMM,4,AAAMAMMM,28600,343200,0.7726702292760214,0.7890446980794271,0.769430845124381,0.6857049608355091,0.6553524804177546,0.6793824812618862,1.0,0.0003,1.0,8740.914187669754
depth4_bal_AAAMAMMM,4,AAAMAMMM,28625,343500,1.3148415784041088,1.6997157732645671,1.6032530546188355,0.4549608355091384,0.41383812010443866,0.4338292873923258,1.0,0.0003,1.0,8749.096951961517
depth4_bal_AAAMAMMM,4,AAAMAMMM,28650,343800,0.6477654625972112,0.6515808900197347,0.6535604051181249,0.7891644908616188,0.8002610966057441,0.8076966103591006,1.0,0.0003,1.0,8757.493710041046
depth4_bal_AAAMAMMM,4,AAAMAMMM,28675,344100,0.9187635531028112,0.9214950402577718,0.9147811719349452,0.6070496083550914,0.5966057441253264,0.5864190625349591,1.0,0.0003,1.0,8765.613384723663
depth4_bal_AAAMAMMM,4,AAAMAMMM,28700,344400,0.7373073101043701,0.8661421736081442,0.8395656364304679,0.7030026109660574,0.6331592689295039,0.6397807361002349,1.0,0.0003,1.0,8773.971303224564
depth4_bal_AAAMAMMM,4,AAAMAMMM,28725,344700,0.6640240351359049,0.8035029570261637,0.7921925170081002,0.7477154046997389,0.6671018276762402,0.6520863631278666,1.0,0.0003,1.0,8781.619072675705
depth4_bal_AAAMAMMM,4,AAAMAMMM,28750,345000,0.9279867659012476,0.969413956006368,0.9883232610566276,0.6054177545691906,0.5522193211488251,0.5460342320170042,1.0,0.0003,1.0,8790.114619970322
depth4_bal_AAAMAMMM,4,AAAMAMMM,28775,345300,0.6855814556280772,0.7583245635032654,0.777483766419547,0.7637075718015666,0.7010443864229765,0.6773688332028192,1.0,0.0003,1.0,8798.176708459854
depth4_bal_AAAMAMMM,4,AAAMAMMM,28800,345600,0.6756389190753301,0.729513963063558,0.7341850570269993,0.7506527415143603,0.6932114882506527,0.6926949323190513,1.0,0.0003,1.0,8806.464804649353
depth4_bal_AAAMAMMM,4,AAAMAMMM,28825,345900,0.6614419172207514,0.691436251004537,0.6805090393338885,0.7372715404699739,0.7441253263707572,0.7341984562031547,1.0,0.0003,1.0,8814.875623703003
depth4_bal_AAAMAMMM,4,AAAMAMMM,28850,346200,0.8087612787882487,0.8927031755447388,0.8764149035726275,0.6599216710182768,0.6148825065274152,0.6288175411119812,1.0,0.0003,1.0,8823.20904970169
depth4_bal_AAAMAMMM,4,AAAMAMMM,28875,346500,0.4780902142326037,0.5117856760819753,0.5196481875010899,0.9014360313315927,0.8759791122715405,0.8621769772905247,1.0,0.0003,1.0,8831.383138656616
depth4_bal_AAAMAMMM,4,AAAMAMMM,28900,346800,0.5789346645275751,0.6383882761001587,0.6186893548284258,0.8505221932114883,0.7767624020887729,0.8121713838236939,1.0,0.0003,1.0,8839.667548656464
depth4_bal_AAAMAMMM,4,AAAMAMMM,28925,347100,0.6627272218465805,0.9064148267110189,0.8892904503004891,0.7513054830287206,0.597911227154047,0.5917887906924711,1.0,0.0003,1.0,8848.075650215149
depth4_bal_AAAMAMMM,4,AAAMAMMM,28950,347400,0.678260937333107,0.7589743733406067,0.7665548733302525,0.7362924281984334,0.6879895561357703,0.6604765633739792,1.0,0.0003,1.0,8856.465335607529
depth4_bal_AAAMAMMM,4,AAAMAMMM,28975,347700,0.7976412177085876,0.8308083613713583,0.8190887553351266,0.6788511749347258,0.6409921671018277,0.6566730059290748,1.0,0.0003,1.0,8864.42971611023
depth4_bal_AAAMAMMM,4,AAAMAMMM,29000,348000,0.7348092844088873,0.6641840736071268,0.6660874911717006,0.7095300261096605,0.7845953002610966,0.7781631054927844,1.0,0.0003,1.0,8867.429987192154
depth4_bal_AAAMAMMM,4,AAAMAMMM,29025,348300,0.7086667418479919,0.8309720158576965,0.8087523238999503,0.7327023498694517,0.6331592689295039,0.6547712272066226,1.0,0.0003,1.0,8876.083142757416
depth4_bal_AAAMAMMM,4,AAAMAMMM,29050,348600,0.5662460476160049,0.7328018943468729,0.760208066872188,0.8335509138381201,0.7036553524804178,0.6653988141850319,1.0,0.0003,1.0,8884.386108160019
depth4_bal_AAAMAMMM,4,AAAMAMMM,29075,348900,0.6786871055761973,0.7075819571812948,0.6924367138317653,0.7382506527415144,0.7180156657963447,0.7240183465712048,1.0,0.0003,1.0,8892.83877325058
depth4_bal_AAAMAMMM,4,AAAMAMMM,29100,349200,0.6578880647818247,0.6938397487004598,0.682344583102635,0.7552219321148825,0.7127937336814621,0.7336391095200806,1.0,0.0003,1.0,8901.409480571747
depth4_bal_AAAMAMMM,4,AAAMAMMM,29125,349500,0.927303304274877,1.0398967266082764,1.0469535316739764,0.5982375979112271,0.5274151436031331,0.5222060633180445,1.0,0.0003,1.0,8909.872782230377
depth4_bal_AAAMAMMM,4,AAAMAMMM,29150,349800,0.678919514020284,0.8342238863309225,0.8492733648845128,0.7548955613577023,0.6462140992167101,0.6322854905470411,1.0,0.0003,1.0,8918.262630701065
depth4_bal_AAAMAMMM,4,AAAMAMMM,29175,350100,0.5286678820848465,0.5806561311086019,0.5864933984620231,0.8727154046997389,0.8015665796344648,0.8081440877055599,1.0,0.0003,1.0,8926.714667320251
depth4_bal_AAAMAMMM,4,AAAMAMMM,29200,350400,0.8875567863384882,0.916058083375295,0.8946776117597307,0.6161879895561357,0.5939947780678851,0.6172949994406534,1.0,0.0003,1.0,8935.1539144516
depth4_bal_AAAMAMMM,4,AAAMAMMM,29225,350700,0.583361878991127,0.6471440593401591,0.6508693950516837,0.825065274151436,0.7898172323759791,0.7868889137487415,1.0,0.0003,1.0,8943.48515534401
depth4_bal_AAAMAMMM,4,AAAMAMMM,29250,351000,0.7075727681318918,0.7117847402890524,0.7131964342934745,0.7718668407310705,0.793733681462141,0.7811835775813849,1.0,0.0003,1.0,8951.897165060043
depth4_bal_AAAMAMMM,4,AAAMAMMM,29275,351300,0.5805686960617701,0.6381502946217855,0.6294024893215724,0.7986292428198434,0.7571801566579635,0.7763731961069471,1.0,0.0003,1.0,8959.482506275177
depth4_bal_AAAMAMMM,4,AAAMAMMM,29300,351600,0.7300726175308228,0.8145392338434855,0.7851858837263924,0.7327023498694517,0.6253263707571801,0.6686430249468621,1.0,0.0003,1.0,8967.722016334534
depth4_bal_AAAMAMMM,4,AAAMAMMM,29325,351900,0.6665074427922567,0.9037864605585734,0.8968046018055507,0.7597911227154047,0.5509138381201044,0.5861953238617295,1.0,0.0003,1.0,8976.032107114792
depth4_bal_AAAMAMMM,4,AAAMAMMM,29350,352200,0.724458634853363,0.7891203165054321,0.7838058471679688,0.7016971279373369,0.6553524804177546,0.6697617183130105,1.0,0.0003,1.0,8984.352947950363
depth4_bal_AAAMAMMM,4,AAAMAMMM,29375,352500,0.7867497702439626,0.8106029232343038,0.810127980368478,0.6821148825065274,0.6370757180156658,0.6505201924152589,1.0,0.0003,1.0,8992.858273029327
depth4_bal_AAAMAMMM,4,AAAMAMMM,29400,352800,0.7015276004870733,0.8648452162742615,0.8779949835368566,0.7189947780678851,0.6279373368146214,0.6102472312339188,1.0,0.0003,1.0,9001.289817333221
depth4_bal_AAAMAMMM,4,AAAMAMMM,29425,353100,0.520758884648482,0.5827315847078959,0.5950019018990653,0.8909921671018277,0.8159268929503917,0.8034455755677369,1.0,0.0003,1.0,9009.616007566452
depth4_bal_AAAMAMMM,4,AAAMAMMM,29450,353400,0.9339085270961126,0.9010465343793234,0.8918029325348991,0.6073759791122716,0.6279373368146214,0.5996196442555095,1.0,0.0003,1.0,9017.891256570816
depth4_bal_AAAMAMMM,4,AAAMAMMM,29475,353700,0.9549237638711929,0.9823069175084432,0.9631096448217119,0.5923629242819843,0.5744125326370757,0.5873140172278778,1.0,0.0003,1.0,9026.231760263443
depth4_bal_AAAMAMMM,4,AAAMAMMM,29500,354000,0.6442152410745621,0.730527917544047,0.725417537348611,0.7966710182767625,0.7193211488250653,0.717865533057389,1.0,0.0003,1.0,9034.494850873947
depth4_bal_AAAMAMMM,4,AAAMAMMM,29525,354300,1.098809892932574,0.9112760821978251,0.9147081255912781,0.5218668407310705,0.5809399477806788,0.5819442890703658,1.0,0.0003,1.0,9042.808730125427
depth4_bal_AAAMAMMM,4,AAAMAMMM,29550,354600,0.6579082012176514,0.7001554568608602,0.6845052225249154,0.8231070496083551,0.7976501305483029,0.8021031435283589,1.0,0.0003,1.0,9051.189584493637
depth4_bal_AAAMAMMM,4,AAAMAMMM,29575,354900,0.906892309586207,0.8199377059936523,0.8051757369722639,0.6093342036553525,0.6344647519582245,0.6583510459782973,1.0,0.0003,1.0,9059.669493198395
depth4_bal_AAAMAMMM,4,AAAMAMMM,29600,355200,0.7076520025730133,0.8304222424825033,0.795412312235151,0.7183420365535248,0.6422976501305483,0.6591341313346012,1.0,0.0003,1.0,9068.064251422882
depth4_bal_AAAMAMMM,4,AAAMAMMM,29625,355500,0.6738346914450327,0.6986696720123291,0.6872076869010926,0.7996083550913838,0.7950391644908616,0.8037811835775814,1.0,0.0003,1.0,9076.499811172485
depth4_bal_AAAMAMMM,4,AAAMAMMM,29650,355800,0.5565993289152781,0.6181909839312235,0.6133709141186305,0.8263707571801566,0.7754569190600522,0.7876719991050453,1.0,0.0003,1.0,9080.29591536522
depth4_bal_AAAMAMMM,4,AAAMAMMM,29675,356100,0.7121192961931229,0.6963425874710083,0.6869035959243774,0.7470626631853786,0.7506527415143603,0.7750307640675691,1.0,0.0003,1.0,9088.795742988586
depth4_bal_AAAMAMMM,4,AAAMAMMM,29700,356400,0.7774495283762614,0.8046933015187582,0.8168620688574655,0.6762402088772846,0.6671018276762402,0.6478353283365029,1.0,0.0003,1.0,9097.04718708992
depth4_bal_AAAMAMMM,4,AAAMAMMM,29725,356700,0.9438974509636561,0.9930574496587118,1.0651078939437866,0.5995430809399478,0.556135770234987,0.5260096207629489,1.0,0.0003,1.0,9105.400481462479
depth4_bal_AAAMAMMM,4,AAAMAMMM,29750,357000,0.6115745604038239,0.6192572116851807,0.6383857539721898,0.818864229765013,0.8198433420365535,0.7916992952231793,1.0,0.0003,1.0,9113.540812015533
depth4_bal_AAAMAMMM,4,AAAMAMMM,29775,357300,1.1969586213429768,1.179073413213094,1.192487107004438,0.516644908616188,0.5261096605744126,0.485512920908379,1.0,0.0003,1.0,9121.939542770386
depth4_bal_AAAMAMMM,4,AAAMAMMM,29800,357600,0.5668428341547648,0.7082763314247131,0.7197717905044556,0.8244125326370757,0.7245430809399478,0.7041056046537644,1.0,0.0003,1.0,9129.796029806137
depth4_bal_AAAMAMMM,4,AAAMAMMM,29825,357900,0.8272113054990768,0.8768419226010641,0.8573409131595067,0.6690600522193212,0.6227154046997389,0.6495133683857255,1.0,0.0003,1.0,9138.217410087585
depth4_bal_AAAMAMMM,4,AAAMAMMM,29850,358200,0.6435499986012777,0.7106337348620096,0.6938015580177307,0.7653394255874674,0.716710182767624,0.742812395122497,1.0,0.0003,1.0,9146.710498571396
depth4_bal_AAAMAMMM,4,AAAMAMMM,29875,358500,0.6619882980982462,0.7081533471743265,0.7109035389763968,0.8286553524804178,0.7650130548302873,0.7716746839691241,1.0,0.0003,1.0,9155.088864088058
depth4_bal_AAAMAMMM,4,AAAMAMMM,29900,358800,0.8249003936847051,0.8303602337837219,0.7939673015049525,0.6328328981723238,0.6201044386422977,0.6587985233247566,1.0,0.0003,1.0,9163.455927610397
depth4_bal_AAAMAMMM,4,AAAMAMMM,29925,359100,0.6114374399185181,0.6373324990272522,0.6269715939249311,0.7715404699738904,0.7428198433420365,0.7658574784651527,1.0,0.0003,1.0,9171.68221783638
depth4_bal_AAAMAMMM,4,AAAMAMMM,29950,359400,0.7145798355340958,0.8261735240618387,0.8318377648081098,0.7170365535248042,0.6305483028720626,0.6377670880411679,1.0,0.0003,1.0,9180.20618891716
depth4_bal_AAAMAMMM,4,AAAMAMMM,29975,359700,0.7580196261405945,0.7301855882008871,0.7530259149415153,0.6932114882506527,0.7402088772845953,0.7202147891263004,1.0,0.0003,1.0,9188.59926199913
depth4_bal_AAAMAMMM,4,AAAMAMMM,30000,360000,0.5824116319417953,0.6236384113629659,0.6198798401015145,0.8430156657963447,0.804177545691906,0.8104933437744715,1.0,0.0003,1.0,9196.790792703629
depth4_bal_AAAMAMMM,4,AAAMAMMM,30025,360300,0.7430217166741689,0.825542151927948,0.8382486139025007,0.7065926892950392,0.6279373368146214,0.6312786665175075,1.0,0.0003,1.0,9205.196774959564
depth4_bal_AAAMAMMM,4,AAAMAMMM,30050,360600,0.6825441221396128,0.6894577741622925,0.690600780078343,0.733355091383812,0.737597911227154,0.7321848081440877,1.0,0.0003,1.0,9209.779475927353
depth4_bal_AAAMAMMM,4,AAAMAMMM,30075,360900,0.7962837417920431,0.7178504665692648,0.7213246720177787,0.6928851174934726,0.7519582245430809,0.763620091732856,1.0,0.0003,1.0,9212.757337808609
depth4_bal_AAAMAMMM,4,AAAMAMMM,30100,361200,0.8050025155146917,0.8890861670176188,0.8865474956376213,0.6618798955613577,0.6031331592689295,0.5901107506432487,1.0,0.0003,1.0,9215.734323501587
depth4_bal_AAAMAMMM,4,AAAMAMMM,30125,361500,0.6902128756046295,0.8564574718475342,0.8380922845431736,0.7297650130548303,0.6005221932114883,0.6204273408658687,1.0,0.0003,1.0,9218.834458112717
depth4_bal_AAAMAMMM,4,AAAMAMMM,30150,361800,0.7150012105703354,0.6628074844678243,0.6791293689182827,0.7327023498694517,0.7898172323759791,0.7671999105045307,1.0,0.0003,1.0,9221.811478614807
depth4_bal_AAAMAMMM,4,AAAMAMMM,30175,362100,0.8721057176589966,1.046166221300761,1.0330696105957031,0.6377284595300261,0.5430809399477807,0.547488533392997,1.0,0.0003,1.0,9224.806398630142
depth4_bal_AAAMAMMM,4,AAAMAMMM,30200,362400,0.6468470692634583,0.7814452250798544,0.7687563521521432,0.7741514360313316,0.6383812010443864,0.657232352612149,1.0,0.0003,1.0,9227.815162181854
depth4_bal_AAAMAMMM,4,AAAMAMMM,30225,362700,0.7861143896977106,0.771554966767629,0.7620468871934073,0.672976501305483,0.6997389033942559,0.6980646604765633,1.0,0.0003,1.0,9230.9215092659
depth4_bal_AAAMAMMM,4,AAAMAMMM,30250,363000,0.9285692572593689,0.8948966860771179,0.9236352443695068,0.6080287206266318,0.5953002610966057,0.6026401163441101,1.0,0.0003,1.0,9233.929106473923
depth4_bal_AAAMAMMM,4,AAAMAMMM,30275,363300,0.7794833282629648,0.7964943647384644,0.7894308856555394,0.6589425587467362,0.7023498694516971,0.689562590893836,1.0,0.0003,1.0,9240.786412239075
depth4_bal_AAAMAMMM,4,AAAMAMMM,30300,363600,1.0160028338432312,0.9791285196940104,1.0052018438066754,0.558420365535248,0.5365535248041775,0.5347354290189059,1.0,0.0003,1.0,9248.949947357178
depth4_bal_AAAMAMMM,4,AAAMAMMM,30325,363900,0.7297169218460718,0.670665423075358,0.6686807240758623,0.7434725848563969,0.8080939947780679,0.8211209307528806,1.0,0.0003,1.0,9256.934307813644
depth4_bal_AAAMAMMM,4,AAAMAMMM,30350,364200,0.9280132700999578,0.9039014577865601,0.9053609796932766,0.5871409921671018,0.5887728459530026,0.5882089719207965,1.0,0.0003,1.0,9265.102554321289
depth4_bal_AAAMAMMM,4,AAAMAMMM,30375,364500,0.6192676872014999,0.7209725181261698,0.7193391118730817,0.8133159268929504,0.7088772845953003,0.7161874930081664,1.0,0.0003,1.0,9273.247137069702
depth4_bal_AAAMAMMM,4,AAAMAMMM,30400,364800,0.9045967161655426,0.9254790941874186,0.9413892388343811,0.6139033942558747,0.5861618798955613,0.5799306410112988,1.0,0.0003,1.0,9280.860306978226
depth4_bal_AAAMAMMM,4,AAAMAMMM,30425,365100,0.6352971841891607,0.6891776124636332,0.6884884084974017,0.7728459530026109,0.7297650130548303,0.739456315024052,1.0,0.0003,1.0,9289.170357465744
depth4_bal_AAAMAMMM,4,AAAMAMMM,30450,365400,0.7825871556997299,0.8206999699274699,0.8526763268879481,0.6987597911227154,0.6592689295039165,0.61953238617295,1.0,0.0003,1.0,9296.88920545578
depth4_bal_AAAMAMMM,4,AAAMAMMM,30475,365700,0.6453419923782349,0.7357187668482462,0.7627650618553161,0.7552219321148825,0.6814621409921671,0.6630495581161203,1.0,0.0003,1.0,9305.220802307129
depth4_bal_AAAMAMMM,4,AAAMAMMM,30500,366000,0.7350233693917593,0.7414000630378723,0.7636863146509443,0.7078981723237598,0.6866840731070496,0.6803893052914196,1.0,0.0003,1.0,9313.670695781708
depth4_bal_AAAMAMMM,4,AAAMAMMM,30525,366300,1.0352920889854431,1.0475599964459736,1.001305433682033,0.5407963446475196,0.5404699738903395,0.5569974270052579,1.0,0.0003,1.0,9321.92773270607
depth4_bal_AAAMAMMM,4,AAAMAMMM,30550,366600,0.6905329724152883,0.7680652737617493,0.7519384094646999,0.7255221932114883,0.6866840731070496,0.69358988701197,1.0,0.0003,1.0,9330.244978666306
depth4_bal_AAAMAMMM,4,AAAMAMMM,30575,366900,0.6799013912677765,0.7101665337880453,0.7020249894687107,0.7548955613577023,0.7297650130548303,0.7378901443114443,1.0,0.0003,1.0,9338.459554195404
depth4_bal_AAAMAMMM,4,AAAMAMMM,30600,367200,0.6926791568597158,0.7961187561353048,0.7878732664244515,0.7464099216710183,0.6801566579634465,0.6721109743819219,1.0,0.0003,1.0,9346.475591897964
depth4_bal_AAAMAMMM,4,AAAMAMMM,30625,367500,0.6712130407492319,0.65067591269811,0.6481923648289272,0.7996083550913838,0.8224543080939948,0.8308535630383712,1.0,0.0003,1.0,9354.886146068573
depth4_bal_AAAMAMMM,4,AAAMAMMM,30650,367800,0.5923003107309341,0.5992680788040161,0.5994970440864563,0.83322454308094,0.8511749347258486,0.8560241637767088,1.0,0.0003,1.0,9363.235611438751
depth4_bal_AAAMAMMM,4,AAAMAMMM,30675,368100,0.6724238047997156,0.8163356184959412,0.8152679221970695,0.7503263707571801,0.660574412532637,0.6458216802774359,1.0,0.0003,1.0,9371.604976654053
depth4_bal_AAAMAMMM,4,AAAMAMMM,30700,368400,0.8053475071986517,0.8185891509056091,0.8196911454200745,0.6540469973890339,0.6501305483028721,0.66327329678935,1.0,0.0003,1.0,9380.05906367302
depth4_bal_AAAMAMMM,4,AAAMAMMM,30725,368700,1.0897755523522694,1.2813058694203694,1.272352041516985,0.5434073107049608,0.42297650130548303,0.4323749860163329,1.0,0.0003,1.0,9388.60260939598
depth4_bal_AAAMAMMM,4,AAAMAMMM,30750,369000,0.615830068786939,0.6165035168329874,0.6098052109990801,0.783289817232376,0.793733681462141,0.8000894954692919,1.0,0.0003,1.0,9397.079973697662
depth4_bal_AAAMAMMM,4,AAAMAMMM,30775,369300,0.5157875592509905,0.6515405575434366,0.6409622175352914,0.8714099216710183,0.7349869451697127,0.7534399821009061,1.0,0.0003,1.0,9405.445142745972
depth4_bal_AAAMAMMM,4,AAAMAMMM,30800,369600,0.8664259761571884,0.8214896519978842,0.8325460161481585,0.6690600522193212,0.7284595300261096,0.7038818659805347,1.0,0.0003,1.0,9413.756485462189
depth4_bal_AAAMAMMM,4,AAAMAMMM,30825,369900,0.4898621216416359,0.5324039459228516,0.5380462850843157,0.904373368146214,0.8577023498694517,0.8578140731625461,1.0,0.0003,1.0,9422.098082780838
depth4_bal_AAAMAMMM,4,AAAMAMMM,30850,370200,0.5670144955317179,0.641040047009786,0.6260572041784014,0.8263707571801566,0.7702349869451697,0.7721221613155834,1.0,0.0003,1.0,9430.628303527832
depth4_bal_AAAMAMMM,4,AAAMAMMM,30875,370500,1.0004390726486843,1.14217476050059,1.1934301001685006,0.5597258485639687,0.4751958224543081,0.4566506320617519,1.0,0.0003,1.0,9438.702266216278
depth4_bal_AAAMAMMM,4,AAAMAMMM,30900,370800,0.6077313472827276,0.6418060660362244,0.6688536541802542,0.7849216710182768,0.7571801566579635,0.7355408882425327,1.0,0.0003,1.0,9447.243799686432
depth4_bal_AAAMAMMM,4,AAAMAMMM,30925,371100,0.8807582408189774,0.7988605697949728,0.8147755146026612,0.6305483028720626,0.6514360313315927,0.6407875601297685,1.0,0.0003,1.0,9455.462597608566
depth4_bal_AAAMAMMM,4,AAAMAMMM,30950,371400,0.9997271200021108,0.7797266840934753,0.8191682611192975,0.570822454308094,0.685378590078329,0.6680836782637879,1.0,0.0003,1.0,9463.511751174927
depth4_bal_AAAMAMMM,4,AAAMAMMM,30975,371700,0.6522865941127142,0.7157951792081197,0.6991865311350142,0.7992819843342036,0.7349869451697127,0.756907931535966,1.0,0.0003,1.0,9471.821495056152
depth4_bal_AAAMAMMM,4,AAAMAMMM,31000,372000,0.5537850136558214,0.6524101694424947,0.6576722536768232,0.845626631853786,0.7702349869451697,0.7537755901107507,1.0,0.0003,1.0,9480.089955091476
depth4_bal_AAAMAMMM,4,AAAMAMMM,31025,372300,0.863957867026329,0.8144553701082865,0.8149000099727086,0.6504569190600522,0.6932114882506527,0.6894507215572212,1.0,0.0003,1.0,9488.051538467407
depth4_bal_AAAMAMMM,4,AAAMAMMM,31050,372600,0.6112384597460429,0.6115290323893229,0.6230068819863456,0.8593342036553525,0.8550913838120104,0.8514375209755006,1.0,0.0003,1.0,9496.528873205185
depth4_bal_AAAMAMMM,4,AAAMAMMM,31075,372900,0.6796207825342814,0.7089790304501852,0.7242484399250575,0.7796997389033943,0.7454308093994778,0.7424767871126524,1.0,0.0003,1.0,9504.958469629288
depth4_bal_AAAMAMMM,4,AAAMAMMM,31100,373200,0.6976685176293055,0.8816710313161215,0.8476072754178728,0.7300913838120104,0.5926892950391645,0.6152813513815863,1.0,0.0003,1.0,9513.307943820953
depth4_bal_AAAMAMMM,4,AAAMAMMM,31125,373500,0.5998560239871343,0.7157255411148071,0.6911919627870832,0.7829634464751958,0.706266318537859,0.7116008502069583,1.0,0.0003,1.0,9521.4066157341
depth4_bal_AAAMAMMM,4,AAAMAMMM,31150,373800,0.7544029255708059,0.7129064202308655,0.7165679591042655,0.7026762402088773,0.7310704960835509,0.7356527575791476,1.0,0.0003,1.0,9529.865514993668
depth4_bal_AAAMAMMM,4,AAAMAMMM,31175,374100,0.9368788997332255,1.0276168982187908,0.9898718476295472,0.6070496083550914,0.54177545691906,0.5544244322631167,1.0,0.0003,1.0,9538.324583053589
depth4_bal_AAAMAMMM,4,AAAMAMMM,31200,374400,0.534763957063357,0.5932050546010336,0.5885144880839757,0.8632506527415144,0.7924281984334204,0.8117239064772346,1.0,0.0003,1.0,9546.6738011837
depth4_bal_AAAMAMMM,4,AAAMAMMM,31225,374700,0.7922902901967367,0.9102878967920939,0.8968434691429138,0.6713446475195822,0.6044386422976501,0.6012976843047321,1.0,0.0003,1.0,9554.928181648254
depth4_bal_AAAMAMMM,4,AAAMAMMM,31250,375000,0.9181501766045889,0.9487592180569967,0.951836461680276,0.6073759791122716,0.5744125326370757,0.5698624007159637,1.0,0.0003,1.0,9563.217000961304
depth4_bal_AAAMAMMM,4,AAAMAMMM,31275,375300,0.5202584117650986,0.556705911954244,0.543857649394444,0.9171018276762402,0.8877284595300261,0.8975276876608121,1.0,0.0003,1.0,9571.271347522736
depth4_bal_AAAMAMMM,4,AAAMAMMM,31300,375600,0.6955157419045767,0.7150658170382181,0.6862212828227452,0.7304177545691906,0.7075718015665796,0.7270388186598054,1.0,0.0003,1.0,9578.368243455887
depth4_bal_AAAMAMMM,4,AAAMAMMM,31325,375900,0.9389770179986954,1.133555293083191,1.0657967856952122,0.6106396866840731,0.5104438642297651,0.5335048663161428,1.0,0.0003,1.0,9581.910679578781
depth4_bal_AAAMAMMM,4,AAAMAMMM,31350,376200,1.230391412973404,1.150520960489909,1.1066039425986154,0.48629242819843344,0.5195822454308094,0.5361897303948988,1.0,0.0003,1.0,9590.31607890129
depth4_bal_AAAMAMMM,4,AAAMAMMM,31375,376500,0.5492935727039973,0.6473287145296732,0.634348464012146,0.8361618798955613,0.7493472584856397,0.7750307640675691,1.0,0.0003,1.0,9597.845887899399
depth4_bal_AAAMAMMM,4,AAAMAMMM,31400,376800,0.667139912645022,0.665571371714274,0.664107826777867,0.7741514360313316,0.7715404699738904,0.7843159190066002,1.0,0.0003,1.0,9605.451556682587
depth4_bal_AAAMAMMM,4,AAAMAMMM,31425,377100,0.7736380994319916,0.7716226379076639,0.7503354055540902,0.689621409921671,0.6919060052219321,0.7110415035238841,1.0,0.0003,1.0,9609.613482236862
depth4_bal_AAAMAMMM,4,AAAMAMMM,31450,377400,0.8268004109462103,0.7839765548706055,0.7922710248402187,0.6550261096605744,0.6892950391644909,0.6752433158071373,1.0,0.0003,1.0,9612.761631727219
depth4_bal_AAAMAMMM,4,AAAMAMMM,31475,377700,0.889809230963389,0.9291871984799703,0.8997298802648271,0.6253263707571801,0.5613577023498695,0.6066674124622441,1.0,0.0003,1.0,9615.790902376175
depth4_bal_AAAMAMMM,4,AAAMAMMM,31500,378000,1.0061122824748356,0.923916220664978,0.9656872681209019,0.5639686684073107,0.6018276762402088,0.5654994965879853,1.0,0.0003,1.0,9618.97507429123
depth4_bal_AAAMAMMM,4,AAAMAMMM,31525,378300,0.8511047710975012,0.7814157605171204,0.7876307606697083,0.6390339425587467,0.6553524804177546,0.6620427340865869,1.0,0.0003,1.0,9624.651652097702
depth4_bal_AAAMAMMM,4,AAAMAMMM,31550,378600,0.8133524159590403,0.8214273850123087,0.8200064267430986,0.6703655352480418,0.6383812010443864,0.6467166349703546,1.0,0.0003,1.0,9632.728307008743
depth4_bal_AAAMAMMM,4,AAAMAMMM,31575,378900,0.6902370899915695,0.6856082479159037,0.6795400670596532,0.7721932114882507,0.7806788511749347,0.7909162098668755,1.0,0.0003,1.0,9640.958242893219
depth4_bal_AAAMAMMM,4,AAAMAMMM,31600,379200,0.7625387360652288,0.7238672574361166,0.7142183457102095,0.6847258485639687,0.695822454308094,0.7187604877503077,1.0,0.0003,1.0,9649.138950109482
depth4_bal_AAAMAMMM,4,AAAMAMMM,31625,379500,0.752813458442688,0.8545357584953308,0.8423919098717826,0.6919060052219321,0.6122715404699739,0.6381026960510124,1.0,0.0003,1.0,9657.386098861694
depth4_bal_AAAMAMMM,4,AAAMAMMM,31650,379800,0.5866657346487045,0.6344030300776163,0.6430967467171805,0.8133159268929504,0.7454308093994778,0.7543349367938248,1.0,0.0003,1.0,9664.848531007767
depth4_bal_AAAMAMMM,4,AAAMAMMM,31675,380100,0.7258345435063044,0.6616351008415222,0.6728366596358163,0.7408616187989556,0.7806788511749347,0.7778274974829399,1.0,0.0003,1.0,9672.985085725784
depth4_bal_AAAMAMMM,4,AAAMAMMM,31700,380400,0.7044206360975901,0.6758975982666016,0.667947781085968,0.7601174934725848,0.793733681462141,0.8041167915874259,1.0,0.0003,1.0,9681.182082414627
depth4_bal_AAAMAMMM,4,AAAMAMMM,31725,380700,0.6528205474217733,0.6557249426841736,0.6501569134848458,0.7663185378590078,0.7689295039164491,0.7862176977290525,1.0,0.0003,1.0,9689.62342262268
depth4_bal_AAAMAMMM,4,AAAMAMMM,31750,381000,0.9611900051434835,0.7907189130783081,0.7956101809229169,0.5858355091383812,0.6710182767624021,0.6628258194428907,1.0,0.0003,1.0,9697.789435863495
depth4_bal_AAAMAMMM,4,AAAMAMMM,31775,381300,0.8323921908934911,0.8438254594802856,0.8281122054372515,0.6569843342036553,0.6292428198433421,0.6322854905470411,1.0,0.0003,1.0,9706.00842499733
depth4_bal_AAAMAMMM,4,AAAMAMMM,31800,381600,0.6259704232215881,0.6240049600601196,0.630227177483695,0.804177545691906,0.8107049608355091,0.8108289517843159,1.0,0.0003,1.0,9714.326834917068
depth4_bal_AAAMAMMM,4,AAAMAMMM,31825,381900,1.2129301130771637,1.3598567644755046,1.2933959313801358,0.5048955613577023,0.36945169712793735,0.4144758921579595,1.0,0.0003,1.0,9722.720404624939
depth4_bal_AAAMAMMM,4,AAAMAMMM,31850,382200,0.7219823400179545,1.0254692832628887,1.0849614756447927,0.7046344647519582,0.5091383812010444,0.480143192750867,1.0,0.0003,1.0,9730.787217378616
depth4_bal_AAAMAMMM,4,AAAMAMMM,31875,382500,0.6746619045734406,0.7911348144213358,0.7935981971876962,0.7431462140992167,0.6370757180156658,0.6374314800313234,1.0,0.0003,1.0,9739.043181419373
depth4_bal_AAAMAMMM,4,AAAMAMMM,31900,382800,0.654403954744339,0.6700965166091919,0.6823890175138201,0.8136422976501305,0.7898172323759791,0.7911399485401052,1.0,0.0003,1.0,9747.398338794708
depth4_bal_AAAMAMMM,4,AAAMAMMM,31925,383100,0.791153555115064,0.8555688063303629,0.8884388617106846,0.6595953002610966,0.6253263707571801,0.6234478129544692,1.0,0.0003,1.0,9755.641218423843
depth4_bal_AAAMAMMM,4,AAAMAMMM,31950,383400,0.6626579215129217,0.6621588071187338,0.673631375176566,0.7542428198433421,0.7637075718015666,0.7525450274079875,1.0,0.0003,1.0,9764.00410914421
depth4_bal_AAAMAMMM,4,AAAMAMMM,31975,383700,0.6946099549531937,0.7101569573084513,0.6947179589952741,0.7826370757180157,0.762402088772846,0.7840921803333706,1.0,0.0003,1.0,9772.187466144562
depth4_bal_AAAMAMMM,4,AAAMAMMM,32000,384000,0.6808682382106781,0.7351825833320618,0.7120302966662816,0.7610966057441253,0.7245430809399478,0.74079874706343,1.0,0.0003,1.0,9780.625178575516
depth4_bal_AAAMAMMM,4,AAAMAMMM,32025,384300,0.6173456609249115,0.6787195603052775,0.6691952313695635,0.7940600522193212,0.7480417754569191,0.7516500727150688,1.0,0.0003,1.0,9788.85876750946
depth4_bal_AAAMAMMM,4,AAAMAMMM,32050,384600,0.953205426534017,1.2988909482955933,1.3327564920697894,0.6015013054830287,0.4804177545691906,0.4699630831189171,1.0,0.0003,1.0,9797.24031996727
depth4_bal_AAAMAMMM,4,AAAMAMMM,32075,384900,0.5337516963481903,0.5673127373059591,0.5584258215767997,0.9239556135770235,0.912532637075718,0.9130775254502741,1.0,0.0003,1.0,9805.52651643753
depth4_bal_AAAMAMMM,4,AAAMAMMM,32100,385200,0.6971296419699987,0.7626948555310568,0.7420577032225473,0.7258485639686684,0.6631853785900783,0.692247454972592,1.0,0.0003,1.0,9813.979526042938
depth4_bal_AAAMAMMM,4,AAAMAMMM,32125,385500,1.085845688978831,1.1393024524052937,1.1687327214649745,0.5323107049608355,0.5091383812010444,0.5044188387962859,1.0,0.0003,1.0,9820.775947093964
depth4_bal_AAAMAMMM,4,AAAMAMMM,32150,385800,0.6346578548351923,0.7609135905901591,0.7433416196278163,0.7845953002610966,0.6736292428198434,0.6924711936458217,1.0,0.0003,1.0,9829.221724510193
depth4_bal_AAAMAMMM,4,AAAMAMMM,32175,386100,0.6696162273486456,0.6739894350369772,0.6725101998874119,0.7695822454308094,0.7780678851174935,0.7801767535518515,1.0,0.0003,1.0,9837.550033807755
depth4_bal_AAAMAMMM,4,AAAMAMMM,32200,386400,0.869469995299975,1.1201201279958088,1.155448831830706,0.6305483028720626,0.5052219321148825,0.4921132117686542,1.0,0.0003,1.0,9845.885462284088
depth4_bal_AAAMAMMM,4,AAAMAMMM,32225,386700,0.7456404815117518,0.7416937351226807,0.7487110904284886,0.7783942558746736,0.7819843342036553,0.7750307640675691,1.0,0.0003,1.0,9854.236931085587
depth4_bal_AAAMAMMM,4,AAAMAMMM,32250,387000,0.6158091028531393,0.7324509421984354,0.7402283566338675,0.777088772845953,0.7154046997389034,0.6943729723682739,1.0,0.0003,1.0,9862.346536159515
depth4_bal_AAAMAMMM,4,AAAMAMMM,32275,387300,0.672105054060618,0.7092457811037699,0.6844299793243408,0.7682767624020888,0.7323759791122716,0.7509788566953798,1.0,0.0003,1.0,9870.584437608719
depth4_bal_AAAMAMMM,4,AAAMAMMM,32300,387600,1.4319192171096802,1.504845102628072,1.510487151145935,0.44190600522193213,0.4007832898172324,0.3899765074393109,1.0,0.0003,1.0,9877.62206363678
depth4_bal_AAAMAMMM,4,AAAMAMMM,32325,387900,0.6204834928115209,0.6746718486150106,0.6826982855796814,0.8064621409921671,0.7506527415143603,0.7450497818547936,1.0,0.0003,1.0,9884.783393859863
depth4_bal_AAAMAMMM,4,AAAMAMMM,32350,388200,0.7297687580188116,0.7951537370681763,0.8303475839751108,0.7111618798955613,0.6449086161879896,0.6323973598836559,1.0,0.0003,1.0,9892.705678462982
depth4_bal_AAAMAMMM,4,AAAMAMMM,32375,388500,0.7235183517138163,0.6726094484329224,0.6737014668328422,0.7170365535248042,0.7610966057441253,0.7583622329119588,1.0,0.0003,1.0,9901.083914995193
depth4_bal_AAAMAMMM,4,AAAMAMMM,32400,388800,0.8833645731210709,0.9757650097211202,0.9938696656908308,0.6201044386422977,0.5822454308093995,0.5688555766864303,1.0,0.0003,1.0,9909.45990562439
depth4_bal_AAAMAMMM,4,AAAMAMMM,32425,389100,0.6058526088794073,0.7201435367266337,0.7338782906532287,0.8018929503916449,0.7075718015665796,0.7228996532050564,1.0,0.0003,1.0,9917.780992269516
depth4_bal_AAAMAMMM,4,AAAMAMMM,32450,389400,0.7413010944922765,0.7825448513031006,0.8563687358583723,0.7013707571801566,0.6827676240208878,0.6470522429801991,1.0,0.0003,1.0,9926.177104949951
depth4_bal_AAAMAMMM,4,AAAMAMMM,32475,389700,0.8801732659339905,0.8848664164543152,0.8711072853633336,0.6475195822454308,0.6618798955613577,0.6584629153149122,1.0,0.0003,1.0,9934.61382651329
depth4_bal_AAAMAMMM,4,AAAMAMMM,32500,390000,0.6003385186195374,0.7249447703361511,0.7360487682478768,0.8116840731070496,0.7010443864229765,0.6865421188052355,1.0,0.0003,1.0,9943.060307979584
depth4_bal_AAAMAMMM,4,AAAMAMMM,32525,390300,0.8340902725855509,0.8181965549786886,0.8057862775666373,0.6560052219321149,0.6592689295039165,0.6709922810157736,1.0,0.0003,1.0,9951.363260030746
depth4_bal_AAAMAMMM,4,AAAMAMMM,32550,390600,0.6345035831133524,0.6498951315879822,0.6587538276399885,0.8462793733681462,0.8381201044386423,0.8364470298691129,1.0,0.0003,1.0,9959.390417814255
depth4_bal_AAAMAMMM,4,AAAMAMMM,32575,390900,0.6611782958110174,0.7543028990427653,0.7518767271723066,0.7829634464751958,0.7323759791122716,0.7136144982660253,1.0,0.0003,1.0,9967.556819915771
depth4_bal_AAAMAMMM,4,AAAMAMMM,32600,391200,0.6078400115172068,0.6323032379150391,0.6249883225985936,0.8710835509138382,0.8537859007832899,0.8630719319834433,1.0,0.0003,1.0,9975.870436191559
depth4_bal_AAAMAMMM,4,AAAMAMMM,32625,391500,0.7103754232327143,0.7494526902834574,0.7404729417392186,0.7392297650130548,0.706266318537859,0.7270388186598054,1.0,0.0003,1.0,9984.227095842361
depth4_bal_AAAMAMMM,4,AAAMAMMM,32650,391800,0.8999742865562439,0.9176580905914307,0.8860264096941267,0.597911227154047,0.6005221932114883,0.5935787000783085,1.0,0.0003,1.0,9992.615699768066
depth4_bal_AAAMAMMM,4,AAAMAMMM,32675,392100,0.8098727116982142,0.8296087582906088,0.8222656914166042,0.7030026109660574,0.6840731070496083,0.6885557668643025,1.0,0.0003,1.0,10000.936403989792
depth4_bal_AAAMAMMM,4,AAAMAMMM,32700,392400,1.0316328803698223,1.038606623808543,0.9980236649513244,0.5564621409921671,0.5352480417754569,0.5280232688220159,1.0,0.0003,1.0,10009.296079874039
depth4_bal_AAAMAMMM,4,AAAMAMMM,32725,392700,0.8418548107147217,0.8010594646135966,0.7878888028008597,0.6331592689295039,0.6723237597911227,0.6843047320729388,1.0,0.0003,1.0,10017.683359622955
depth4_bal_AAAMAMMM,4,AAAMAMMM,32750,393000,0.5318743313352267,0.7435164252916971,0.7290770207132612,0.847911227154047,0.6697127937336814,0.6689786329567066,1.0,0.0003,1.0,10026.175461769104
depth4_bal_AAAMAMMM,4,AAAMAMMM,32775,393300,0.9193377792835236,0.9746246933937073,0.9287769062178476,0.6093342036553525,0.5574412532637075,0.5927956147220047,1.0,0.0003,1.0,10034.19879603386
depth4_bal_AAAMAMMM,4,AAAMAMMM,32800,393600,0.7486901233593622,0.8481363654136658,0.8691336171967643,0.7065926892950392,0.5992167101827677,0.624230898310773,1.0,0.0003,1.0,10041.530859470367
depth4_bal_AAAMAMMM,4,AAAMAMMM,32825,393900,0.6547174453735352,0.7085572282473246,0.7348367503711155,0.7490208877284595,0.706266318537859,0.6798299586083455,1.0,0.0003,1.0,10047.012874126434
depth4_bal_AAAMAMMM,4,AAAMAMMM,32850,394200,0.6346815377473831,0.6713318030039469,0.670024563585009,0.8805483028720626,0.835509138381201,0.8406980646604766,1.0,0.0003,1.0,10055.330635786057
depth4_bal_AAAMAMMM,4,AAAMAMMM,32875,394500,0.6047238012154897,0.6430350144704183,0.6413356065750122,0.8945822454308094,0.8459530026109661,0.8508781742924264,1.0,0.0003,1.0,10063.67500448227
depth4_bal_AAAMAMMM,4,AAAMAMMM,32900,394800,0.6189675728480021,0.6448056499163309,0.6554916739463806,0.7705613577023499,0.7389033942558747,0.7487414699630831,1.0,0.0003,1.0,10072.024057626724
depth4_bal_AAAMAMMM,4,AAAMAMMM,32925,395100,1.1440825760364532,1.3944309552510579,1.37261095728193,0.5368798955613577,0.46866840731070497,0.4564268933885222,1.0,0.0003,1.0,10080.368567466736
depth4_bal_AAAMAMMM,4,AAAMAMMM,32950,395400,0.7499716927607855,0.7700172861417135,0.7700896910258702,0.7183420365535248,0.7010443864229765,0.6973934444568743,1.0,0.0003,1.0,10088.73929142952
depth4_bal_AAAMAMMM,4,AAAMAMMM,32975,395700,0.6224095871051153,0.6885830958684286,0.6984198246683393,0.7774151436031331,0.7049608355091384,0.7004139165454749,1.0,0.0003,1.0,10097.112582206726
depth4_bal_AAAMAMMM,4,AAAMAMMM,33000,396000,0.5684914986292521,0.5777252316474915,0.5851622922079903,0.860313315926893,0.8851174934725848,0.87548942834769,1.0,0.0003,1.0,10105.502051353455
depth4_bal_AAAMAMMM,4,AAAMAMMM,33025,396300,0.6342165569464365,0.7140348752339681,0.7245153018406459,0.7610966057441253,0.7088772845953003,0.6912406309430585,1.0,0.0003,1.0,10113.848896980286
depth4_bal_AAAMAMMM,4,AAAMAMMM,33050,396600,0.6065841118494669,0.6671391328175863,0.6581015144075666,0.8123368146214099,0.7845953002610966,0.7760375880971025,1.0,0.0003,1.0,10122.229442119598
depth4_bal_AAAMAMMM,4,AAAMAMMM,33075,396900,1.0649476051330566,1.1578909953435261,1.1292747599737984,0.5473237597911227,0.48433420365535246,0.51515829511131,1.0,0.0003,1.0,10130.566250562668
depth4_bal_AAAMAMMM,4,AAAMAMMM,33100,397200,0.7445317506790161,0.7029492060343424,0.7088183845792498,0.7049608355091384,0.7180156657963447,0.7090278554648171,1.0,0.0003,1.0,10138.88584804535
depth4_bal_AAAMAMMM,4,AAAMAMMM,33125,397500,0.7192368606726328,0.8364810148874918,0.7906944428171431,0.7065926892950392,0.6449086161879896,0.6584629153149122,1.0,0.0003,1.0,10147.146871805191
depth4_bal_AAAMAMMM,4,AAAMAMMM,33150,397800,0.8012281954288483,0.9757519165674845,1.022312615598951,0.672976501305483,0.5992167101827677,0.563597717865533,1.0,0.0003,1.0,10155.294103384018
depth4_bal_AAAMAMMM,4,AAAMAMMM,33175,398100,0.7152314335107803,0.8004774451255798,0.7855685097830636,0.7232375979112271,0.6540469973890339,0.6543237498601633,1.0,0.0003,1.0,10163.609975337982
depth4_bal_AAAMAMMM,4,AAAMAMMM,33200,398400,0.6208403557538986,0.6795092821121216,0.6649073549679347,0.7656657963446475,0.7127937336814621,0.7310661147779394,1.0,0.0003,1.0,10171.800428628922
depth4_bal_AAAMAMMM,4,AAAMAMMM,33225,398700,0.7368071526288986,0.8189266522725424,0.8167606728417532,0.7294386422976501,0.6684073107049608,0.6690905022933215,1.0,0.0003,1.0,10180.174506902695
depth4_bal_AAAMAMMM,4,AAAMAMMM,33250,399000,0.6355226834615072,0.6798516511917114,0.6873963202748979,0.7659921671018277,0.7219321148825065,0.7244658239176641,1.0,0.0003,1.0,10188.634873867035
depth4_bal_AAAMAMMM,4,AAAMAMMM,33275,399300,0.7023730377356211,0.6340545415878296,0.6572565913200379,0.7242167101827677,0.8002610966057441,0.7732408546817318,1.0,0.0003,1.0,10197.009441614151
depth4_bal_AAAMAMMM,4,AAAMAMMM,33300,399600,0.7718814263741175,0.7635552883148193,0.7713379791804722,0.6873368146214099,0.6892950391644909,0.6683074169370176,1.0,0.0003,1.0,10205.312820911407
depth4_bal_AAAMAMMM,4,AAAMAMMM,33325,399900,0.8523943871259689,1.0776113271713257,1.0634618656975883,0.6387075718015666,0.5091383812010444,0.5156057724577693,1.0,0.0003,1.0,10213.650483608246
depth4_bal_AAAMAMMM,4,AAAMAMMM,33350,400200,0.6818465540806452,0.7126060525576273,0.705463421344757,0.8723890339425587,0.8302872062663186,0.8515493903121154,1.0,0.0003,1.0,10221.775827884674
depth4_bal_AAAMAMMM,4,AAAMAMMM,33375,400500,0.5263504311442375,0.5892412861188253,0.5927557178906032,0.8828328981723238,0.8276762402088773,0.8401387179774024,1.0,0.0003,1.0,10230.113466501236
depth4_bal_AAAMAMMM,4,AAAMAMMM,33400,400800,0.7228549967209498,0.7328104774157206,0.7193534936223711,0.7304177545691906,0.716710182767624,0.7293880747287168,1.0,0.0003,1.0,10238.5795814991
depth4_bal_AAAMAMMM,4,AAAMAMMM,33425,401100,0.6335800290107727,0.7469741900761923,0.7240296687398639,0.7930809399477807,0.7088772845953003,0.7188723570869224,1.0,0.0003,1.0,10246.995887994766
depth4_bal_AAAMAMMM,4,AAAMAMMM,33450,401400,0.695592001080513,0.728736162185669,0.7375977993011474,0.7421671018276762,0.7127937336814621,0.7155162769884774,1.0,0.0003,1.0,10255.39332485199
depth4_bal_AAAMAMMM,4,AAAMAMMM,33475,401700,0.9280813783407211,1.01065597931544,0.9926188605172294,0.6054177545691906,0.5509138381201044,0.5547600402729612,1.0,0.0003,1.0,10263.766719341278
depth4_bal_AAAMAMMM,4,AAAMAMMM,33500,402000,0.7224416981140772,0.8743322094281515,0.8720137119293213,0.7072454308093995,0.5953002610966057,0.5978297348696722,1.0,0.0003,1.0,10272.189865112305
depth4_bal_AAAMAMMM,4,AAAMAMMM,33525,402300,0.8946701983610789,1.3906407753626506,1.4799219335828508,0.6174934725848564,0.4608355091383812,0.43573106611477797,1.0,0.0003,1.0,10280.389369726181
depth4_bal_AAAMAMMM,4,AAAMAMMM,33550,402600,0.5950805594523748,0.6480393211046854,0.6336503284318107,0.8466057441253264,0.7728459530026109,0.7980758474102249,1.0,0.0003,1.0,10288.51726269722
depth4_bal_AAAMAMMM,4,AAAMAMMM,33575,402900,0.7512870828310648,0.88755335410436,0.8975698556218829,0.6840731070496083,0.6031331592689295,0.618861170153261,1.0,0.0003,1.0,10296.969505548477
depth4_bal_AAAMAMMM,4,AAAMAMMM,33600,403200,1.0018449078003566,1.2324081659317017,1.2413112436022078,0.5776762402088773,0.47780678851174935,0.47678711265242196,1.0,0.0003,1.0,10305.242349863052
depth4_bal_AAAMAMMM,4,AAAMAMMM,33625,403500,0.6010401646296183,0.6270178159077963,0.6334576828139169,0.856396866840731,0.8342036553524804,0.823582056158407,1.0,0.0003,1.0,10313.451537847519
depth4_bal_AAAMAMMM,4,AAAMAMMM,33650,403800,0.5995456029971441,0.7348394791285197,0.6915005479540144,0.7963446475195822,0.695822454308094,0.7287168587090278,1.0,0.0003,1.0,10321.88038277626
depth4_bal_AAAMAMMM,4,AAAMAMMM,33675,404100,0.880490799744924,0.9485395153363546,0.9864965898650033,0.6139033942558747,0.6305483028720626,0.5979416042062871,1.0,0.0003,1.0,10330.265289068222
depth4_bal_AAAMAMMM,4,AAAMAMMM,33700,404400,0.5978122999270757,0.6883092522621155,0.6703830446515765,0.7969973890339426,0.7075718015665796,0.7334153708468509,1.0,0.0003,1.0,10338.455236196518
depth4_bal_AAAMAMMM,4,AAAMAMMM,33725,404700,0.7953209777673086,0.7493821183840433,0.7633560299873352,0.672976501305483,0.7049608355091384,0.6968340977738002,1.0,0.0003,1.0,10346.73090672493
depth4_bal_AAAMAMMM,4,AAAMAMMM,33750,405000,0.639848381280899,0.7098806301752726,0.7129375083105904,0.7692558746736292,0.737597911227154,0.7089159861282023,1.0,0.0003,1.0,10354.966878175735
depth4_bal_AAAMAMMM,4,AAAMAMMM,33775,405300,1.015785942475001,0.9528258244196574,0.8946084158761161,0.547976501305483,0.5639686684073107,0.6045418950665623,1.0,0.0003,1.0,10363.221606016159
depth4_bal_AAAMAMMM,4,AAAMAMMM,33800,405600,0.5768632888793945,0.6264735460281372,0.6311871750014169,0.8629242819843342,0.8133159268929504,0.8163105492784428,1.0,0.0003,1.0,10371.464364528656
depth4_bal_AAAMAMMM,4,AAAMAMMM,33825,405900,0.6645309428373972,0.7067572474479675,0.7153034176145281,0.7924281984334204,0.7402088772845953,0.7470634299138607,1.0,0.0003,1.0,10379.270258188248
depth4_bal_AAAMAMMM,4,AAAMAMMM,33850,406200,0.6764919658501943,0.796980639298757,0.7839743818555559,0.7359660574412533,0.6814621409921671,0.6886676362009173,1.0,0.0003,1.0,10387.22068142891
depth4_bal_AAAMAMMM,4,AAAMAMMM,33875,406500,1.3945120374361675,1.429344614346822,1.3594824484416417,0.45300261096605743,0.4177545691906005,0.42890703658127305,1.0,0.0003,1.0,10395.74708867073
depth4_bal_AAAMAMMM,4,AAAMAMMM,33900,406800,0.6589855899413427,0.6400113900502523,0.651798609324864,0.7601174934725848,0.7780678851174935,0.7552298914867435,1.0,0.0003,1.0,10404.10933470726
depth4_bal_AAAMAMMM,4,AAAMAMMM,33925,407100,0.9730935096740723,1.6412798563639324,1.646447764124189,0.5890992167101827,0.3720626631853786,0.38046761382705,1.0,0.0003,1.0,10412.46039390564
depth4_bal_AAAMAMMM,4,AAAMAMMM,33950,407400,0.8322287301222483,0.8055234948794047,0.8001866885593959,0.6452349869451697,0.6462140992167101,0.6576798299586083,1.0,0.0003,1.0,10420.845782518387
depth4_bal_AAAMAMMM,4,AAAMAMMM,33975,407700,0.6196564932664236,0.712907592455546,0.6922983237675258,0.8335509138381201,0.7597911227154047,0.7685423425439087,1.0,0.0003,1.0,10429.243754863739
depth4_bal_AAAMAMMM,4,AAAMAMMM,34000,408000,0.9232441683610281,1.0758874813715618,1.0450621894427707,0.6210835509138382,0.5104438642297651,0.554200693589887,1.0,0.0003,1.0,10437.621741056442
depth4_bal_AAAMAMMM,4,AAAMAMMM,34025,408300,0.5784032940864563,0.6016981999079386,0.6040893197059631,0.8642297650130548,0.8472584856396866,0.8530036916881083,1.0,0.0003,1.0,10446.113117933273
depth4_bal_AAAMAMMM,4,AAAMAMMM,34050,408600,0.699993779261907,1.2004669109980266,1.205248648779733,0.7457571801566579,0.46736292428198434,0.4696274751090726,1.0,0.0003,1.0,10454.489899158478
depth4_bal_AAAMAMMM,4,AAAMAMMM,34075,408900,0.9601964801549911,0.9427991708119711,0.8976723500660487,0.585509138381201,0.5731070496083551,0.5948092627810717,1.0,0.0003,1.0,10462.865822315216
depth4_bal_AAAMAMMM,4,AAAMAMMM,34100,409200,0.576543723543485,0.594958225886027,0.5788123420306615,0.8381201044386423,0.8420365535248042,0.8493120035798187,1.0,0.0003,1.0,10470.817998409271
depth4_bal_AAAMAMMM,4,AAAMAMMM,34125,409500,0.8455160607894262,0.9161291519800822,0.8966162579400199,0.6475195822454308,0.6005221932114883,0.6204273408658687,1.0,0.0003,1.0,10479.248639345169
depth4_bal_AAAMAMMM,4,AAAMAMMM,34150,409800,0.5323078731695811,0.5830544034639994,0.5884013823100499,0.9099216710182768,0.8433420365535248,0.8446134914419957,1.0,0.0003,1.0,10487.812975883484
depth4_bal_AAAMAMMM,4,AAAMAMMM,34175,410100,0.6982652197281519,0.682075023651123,0.7096265469278608,0.722911227154047,0.706266318537859,0.7150687996420181,1.0,0.0003,1.0,10495.391269683838
depth4_bal_AAAMAMMM,4,AAAMAMMM,34200,410400,0.7620411018530527,0.8873743216196696,0.8958956275667463,0.6941906005221932,0.5939947780678851,0.5841816758026624,1.0,0.0003,1.0,10503.617830514908
depth4_bal_AAAMAMMM,4,AAAMAMMM,34225,410700,0.526471475760142,0.586199939250946,0.5927684988294329,0.8511749347258486,0.7976501305483029,0.8035574449043518,1.0,0.0003,1.0,10510.947263479233
depth4_bal_AAAMAMMM,4,AAAMAMMM,34250,411000,0.6683345834414164,0.735001782576243,0.7244498917034694,0.7451044386422977,0.6801566579634465,0.6966103591005706,1.0,0.0003,1.0,10519.397838830948
depth4_bal_AAAMAMMM,4,AAAMAMMM,34275,411300,0.8506893912951151,0.8468799591064453,0.8090526785169329,0.6347911227154047,0.6370757180156658,0.6413469068128426,1.0,0.0003,1.0,10527.409408330917
depth4_bal_AAAMAMMM,4,AAAMAMMM,34300,411600,0.7104401042064031,0.8655952016512553,0.8179704768317086,0.7118146214099217,0.6096605744125326,0.6315024051907372,1.0,0.0003,1.0,10535.687490940094
depth4_bal_AAAMAMMM,4,AAAMAMMM,34325,411900,0.7680951853593191,0.8605491121610006,0.8730962651116507,0.6726501305483029,0.6214099216710183,0.6197561248461797,1.0,0.0003,1.0,10544.114627838135
depth4_bal_AAAMAMMM,4,AAAMAMMM,34350,412200,0.7494521786769232,0.6928487022717794,0.691119909286499,0.6987597911227154,0.7519582245430809,0.7452735205280233,1.0,0.0003,1.0,10552.44732618332
depth4_bal_AAAMAMMM,4,AAAMAMMM,34375,412500,0.6392068266868591,0.7010102272033691,0.7070081421307155,0.777088772845953,0.7140992167101827,0.7248014319275087,1.0,0.0003,1.0,10560.811147928238
depth4_bal_AAAMAMMM,4,AAAMAMMM,34400,412800,0.6873941620190939,0.6778335372606913,0.6688921792166573,0.7659921671018277,0.7845953002610966,0.7882313457881195,1.0,0.0003,1.0,10569.134571790695
depth4_bal_AAAMAMMM,4,AAAMAMMM,34425,413100,0.699063221613566,0.7169708609580994,0.7227795328412737,0.7307441253263708,0.706266318537859,0.7114889808703434,1.0,0.0003,1.0,10577.592284440994
depth4_bal_AAAMAMMM,4,AAAMAMMM,34450,413400,0.5831776658693949,0.5988351702690125,0.5883787717138018,0.8792428198433421,0.8785900783289817,0.8824253272178096,1.0,0.0003,1.0,10585.783070087433
depth4_bal_AAAMAMMM,4,AAAMAMMM,34475,413700,0.5448051989078522,0.5573422908782959,0.5631440639495849,0.8619451697127938,0.8655352480417755,0.8503188276093523,1.0,0.0003,1.0,10593.952400445938
depth4_bal_AAAMAMMM,4,AAAMAMMM,34500,414000,0.6952632864316305,0.7343401710192362,0.7245792576244899,0.7248694516971279,0.6762402088772846,0.6938136256851997,1.0,0.0003,1.0,10602.104743242264
depth4_bal_AAAMAMMM,4,AAAMAMMM,34525,414300,1.0719461838404338,1.1034453709920247,1.0545870150838579,0.5623368146214099,0.5391644908616188,0.5314912182570757,1.0,0.0003,1.0,10610.136038780212
depth4_bal_AAAMAMMM,4,AAAMAMMM,34550,414600,0.5833931366602579,0.7148799896240234,0.7588621429034642,0.8234334203655352,0.7140992167101827,0.6865421188052355,1.0,0.0003,1.0,10615.826441287994
depth4_bal_AAAMAMMM,4,AAAMAMMM,34575,414900,0.8912243247032166,0.925632894039154,0.9739521503448486,0.6305483028720626,0.5757180156657964,0.5539769549166573,1.0,0.0003,1.0,10621.62524676323
depth4_bal_AAAMAMMM,4,AAAMAMMM,34600,415200,0.9857060263554255,1.0830294688542683,1.053607143674578,0.5744125326370757,0.5,0.5229891486743483,1.0,0.0003,1.0,10630.127336025238
depth4_bal_AAAMAMMM,4,AAAMAMMM,34625,415500,0.5761098663012186,0.6306981643040975,0.6248160191944667,0.8221279373368147,0.7741514360313316,0.7633963530596264,1.0,0.0003,1.0,10638.528422117233
depth4_bal_AAAMAMMM,4,AAAMAMMM,34650,415800,1.1264840165774028,1.3570674260457356,1.308998921939305,0.5016318537859008,0.42689295039164493,0.4610135361897304,1.0,0.0003,1.0,10646.954019069672
depth4_bal_AAAMAMMM,4,AAAMAMMM,34675,416100,0.575214351216952,0.6341538031895956,0.6215308632169451,0.8410574412532638,0.8224543080939948,0.8106052131110862,1.0,0.0003,1.0,10655.256196022034
depth4_bal_AAAMAMMM,4,AAAMAMMM,34700,416400,1.0572250584761302,0.9025729695955912,0.9181127582277571,0.5456919060052219,0.6044386422976501,0.6052131110862513,1.0,0.0003,1.0,10663.638792276382
depth4_bal_AAAMAMMM,4,AAAMAMMM,34725,416700,0.5948046793540319,0.7448587616284689,0.7416623524257115,0.7940600522193212,0.6631853785900783,0.6760264011634411,1.0,0.0003,1.0,10671.635907411575
depth4_bal_AAAMAMMM,4,AAAMAMMM,34750,417000,0.7154236485560735,0.836637556552887,0.829254915033068,0.7614229765013055,0.6370757180156658,0.6717753663720775,1.0,0.0003,1.0,10679.979635953903
depth4_bal_AAAMAMMM,4,AAAMAMMM,34775,417300,0.6823468854029974,0.7279435197512308,0.7446072220802307,0.7330287206266318,0.7023498694516971,0.6920237162993623,1.0,0.0003,1.0,10688.36588549614
depth4_bal_AAAMAMMM,4,AAAMAMMM,34800,417600,0.8240639468034109,0.7767155965169271,0.7871454000473023,0.6631853785900783,0.6945169712793734,0.6690905022933215,1.0,0.0003,1.0,10696.896481275558
depth4_bal_AAAMAMMM,4,AAAMAMMM,34825,417900,0.5180646007259687,0.5394815603892008,0.5426858782768249,0.8573759791122716,0.8472584856396866,0.8406980646604766,1.0,0.0003,1.0,10705.2283141613
depth4_bal_AAAMAMMM,4,AAAMAMMM,34850,418200,0.6318950057029724,0.7086208264032999,0.7049213937350682,0.7966710182767625,0.7480417754569191,0.7337509788566954,1.0,0.0003,1.0,10710.2104845047
depth4_bal_AAAMAMMM,4,AAAMAMMM,34875,418500,0.6749435663223267,0.8665439287821451,0.8483254398618426,0.7424934725848564,0.6775456919060052,0.6524219711377112,1.0,0.0003,1.0,10717.645941257477
depth4_bal_AAAMAMMM,4,AAAMAMMM,34900,418800,0.5232792049646378,0.5463549693425497,0.5536142195974078,0.8867493472584856,0.8681462140992167,0.8503188276093523,1.0,0.0003,1.0,10725.91173529625
depth4_bal_AAAMAMMM,4,AAAMAMMM,34925,419100,1.1481670041879017,1.1240189870198567,1.0600135564804076,0.5221932114882507,0.5013054830287206,0.531267479583846,1.0,0.0003,1.0,10734.35446023941
depth4_bal_AAAMAMMM,4,AAAMAMMM,34950,419400,0.8645943403244019,0.7944189508756002,0.8096936328070504,0.6142297650130548,0.6553524804177546,0.6557780512361562,1.0,0.0003,1.0,10742.862444639206
depth4_bal_AAAMAMMM,4,AAAMAMMM,34975,419700,0.8241478651762009,0.9432891408602396,0.9168591056551252,0.6484986945169713,0.5691906005221932,0.5920125293657008,1.0,0.0003,1.0,10751.325610637665
depth4_bal_AAAMAMMM,4,AAAMAMMM,35000,420000,0.7194667508204778,0.6956376632054647,0.7171877929142543,0.714425587467363,0.7558746736292428,0.7298355520751761,1.0,0.0003,1.0,10759.569892644882
depth4_bal_AAAMAMMM,4,AAAMAMMM,35025,420300,0.8080817113320032,0.7888274987538656,0.8025431019919259,0.695822454308094,0.6997389033942559,0.6994070925159414,1.0,0.0003,1.0,10768.130976438522
depth4_bal_AAAMAMMM,4,AAAMAMMM,35050,420600,0.5792694141467413,0.7055915594100952,0.721825897693634,0.818864229765013,0.6984334203655352,0.7019800872580826,1.0,0.0003,1.0,10776.589535236359
depth4_bal_AAAMAMMM,4,AAAMAMMM,35075,420900,0.8760631630818049,1.0340763330459595,1.0404646141188485,0.6158616187989556,0.54177545691906,0.5405526345228773,1.0,0.0003,1.0,10785.222391366959
depth4_bal_AAAMAMMM,4,AAAMAMMM,35100,421200,0.7105018943548203,0.7440529266993204,0.7091337868145534,0.7075718015665796,0.6684073107049608,0.7075735540888243,1.0,0.0003,1.0,10793.678969144821
depth4_bal_AAAMAMMM,4,AAAMAMMM,35125,421500,0.6286287109057108,0.6167940894762675,0.6140820980072021,0.8501958224543081,0.8668407310704961,0.8789573777827497,1.0,0.0003,1.0,10801.609546899796
depth4_bal_AAAMAMMM,4,AAAMAMMM,35150,421800,0.705826664964358,0.8059227069218954,0.7923148461750575,0.7013707571801566,0.6344647519582245,0.6486184136928068,1.0,0.0003,1.0,10809.928688287735
depth4_bal_AAAMAMMM,4,AAAMAMMM,35175,422100,0.6338186313708624,0.6240625182787577,0.624413652079446,0.8074412532637075,0.8472584856396866,0.8315247790580602,1.0,0.0003,1.0,10818.221820116043
depth4_bal_AAAMAMMM,4,AAAMAMMM,35200,422400,0.7340756207704544,0.7153717875480652,0.7038140024457659,0.7069190600522193,0.7154046997389034,0.7216690905022933,1.0,0.0003,1.0,10826.6224796772
depth4_bal_AAAMAMMM,4,AAAMAMMM,35225,422700,0.8346414317687353,0.9139931797981262,0.923857113293239,0.6266318537859008,0.6148825065274152,0.5974941268598277,1.0,0.0003,1.0,10834.791803598404
depth4_bal_AAAMAMMM,4,AAAMAMMM,35250,423000,0.617488036553065,0.581416110197703,0.5922353080340794,0.7705613577023499,0.8120104438642297,0.8070253943394116,1.0,0.0003,1.0,10843.140508413315
depth4_bal_AAAMAMMM,4,AAAMAMMM,35275,423300,0.713569829861323,0.779798686504364,0.7719674621309552,0.722911227154047,0.6697127937336814,0.6693142409665511,1.0,0.0003,1.0,10851.629389286041
depth4_bal_AAAMAMMM,4,AAAMAMMM,35300,423600,0.5394954979419708,0.7645426591237386,0.7541321175439017,0.8397519582245431,0.664490861618799,0.6796062199351158,1.0,0.0003,1.0,10859.917942285538
depth4_bal_AAAMAMMM,4,AAAMAMMM,35325,423900,0.8035103032986323,0.8305040995279948,0.8196987782205855,0.6710182767624021,0.6279373368146214,0.6460454189506656,1.0,0.0003,1.0,10868.08361697197
depth4_bal_AAAMAMMM,4,AAAMAMMM,35350,424200,0.8793022831281027,0.8955225547154745,0.8713273337909153,0.6364229765013055,0.6279373368146214,0.6306074504978185,1.0,0.0003,1.0,10876.483852863312
depth4_bal_AAAMAMMM,4,AAAMAMMM,35375,424500,0.7661243478457133,0.8191307783126831,0.8183823534420558,0.6860313315926893,0.643603133159269,0.6395569974270052,1.0,0.0003,1.0,10884.89509010315
depth4_bal_AAAMAMMM,4,AAAMAMMM,35400,424800,0.7715495725472769,0.8864732384681702,0.872785598891122,0.6883159268929504,0.5966057441253264,0.61282022597606,1.0,0.0003,1.0,10893.055694103241
depth4_bal_AAAMAMMM,4,AAAMAMMM,35425,425100,0.7498695602019628,0.904455562432607,0.90740624495915,0.6968015665796344,0.566579634464752,0.5713167020919566,1.0,0.0003,1.0,10901.144621133804
depth4_bal_AAAMAMMM,4,AAAMAMMM,35450,425400,0.5920956706007322,0.7557505369186401,0.7947786024638585,0.8116840731070496,0.6671018276762402,0.6272513703993735,1.0,0.0003,1.0,10909.412660837173
depth4_bal_AAAMAMMM,4,AAAMAMMM,35475,425700,0.5930629918972651,0.5999085505803426,0.5976028919219971,0.8968668407310705,0.8955613577023499,0.8901443114442331,1.0,0.0003,1.0,10917.786749601364
depth4_bal_AAAMAMMM,4,AAAMAMMM,35500,426000,0.6077162226041158,0.6502620180447897,0.6626841766493661,0.7992819843342036,0.7597911227154047,0.7509788566953798,1.0,0.0003,1.0,10926.240077018738
depth4_bal_AAAMAMMM,4,AAAMAMMM,35525,426300,0.5506755958000819,0.625379761060079,0.6261505399431501,0.8828328981723238,0.7780678851174935,0.7938248126188612,1.0,0.0003,1.0,10934.153102397919
depth4_bal_AAAMAMMM,4,AAAMAMMM,35550,426600,0.8490512718756994,0.8797102769215902,0.844461122580937,0.6553524804177546,0.6122715404699739,0.6389976507439311,1.0,0.0003,1.0,10942.499771356583
depth4_bal_AAAMAMMM,4,AAAMAMMM,35575,426900,0.8733571271101633,0.9216231902440389,0.946840272630964,0.6592689295039165,0.5835509138381201,0.5720997874482604,1.0,0.0003,1.0,10950.976197719574
depth4_bal_AAAMAMMM,4,AAAMAMMM,35600,427200,0.6598420689503351,0.6434197028477987,0.650664700780596,0.7630548302872062,0.7610966057441253,0.7683186038706791,1.0,0.0003,1.0,10959.309368371964
depth4_bal_AAAMAMMM,4,AAAMAMMM,35625,427500,0.9536104400952657,0.7903156081835429,0.7924111860139029,0.5962793733681462,0.7036553524804178,0.6941492336950442,1.0,0.0003,1.0,10967.7778506279
depth4_bal_AAAMAMMM,4,AAAMAMMM,35650,427800,0.5344754705826441,0.6258589227994283,0.6149359839303153,0.8720626631853786,0.7702349869451697,0.7844277883432151,1.0,0.0003,1.0,10976.281255483627
depth4_bal_AAAMAMMM,4,AAAMAMMM,35675,428100,0.708669309814771,0.6918439467748007,0.6778055156980242,0.7483681462140992,0.7780678851174935,0.799977626132677,1.0,0.0003,1.0,10984.723788261414
depth4_bal_AAAMAMMM,4,AAAMAMMM,35700,428400,0.7766301532586416,0.7836204369862875,0.7622413720403399,0.6648172323759791,0.6618798955613577,0.6794943505985009,1.0,0.0003,1.0,10993.122889518738
depth4_bal_AAAMAMMM,4,AAAMAMMM,35725,428700,0.7032728046178818,0.7418157060941061,0.7397514547620501,0.75,0.7336814621409922,0.7223403065219823,1.0,0.0003,1.0,11001.581564426422
depth4_bal_AAAMAMMM,4,AAAMAMMM,35750,429000,0.5207157507538795,0.5686180392901102,0.5766897967883519,0.8524804177545692,0.8198433420365535,0.8136256851996868,1.0,0.0003,1.0,11010.01768398285
depth4_bal_AAAMAMMM,4,AAAMAMMM,35775,429300,0.8901563336451849,1.0507036447525024,1.0235035078866142,0.6210835509138382,0.5313315926892951,0.5348472983555208,1.0,0.0003,1.0,11018.03475189209
depth4_bal_AAAMAMMM,4,AAAMAMMM,35800,429600,0.5863443911075592,0.5749102036158243,0.5744077716554914,0.8289817232375979,0.8524804177545692,0.8564716411231681,1.0,0.0003,1.0,11026.454651117325
depth4_bal_AAAMAMMM,4,AAAMAMMM,35825,429900,0.8197785367568334,1.2053690354029338,1.2343969958169119,0.6478459530026109,0.4725848563968668,0.48103814744378565,1.0,0.0003,1.0,11035.009675264359
depth4_bal_AAAMAMMM,4,AAAMAMMM,35850,430200,0.6792559375365576,0.8265146613121033,0.8223742723464966,0.7424934725848564,0.6383812010443864,0.6486184136928068,1.0,0.0003,1.0,11043.314586877823
depth4_bal_AAAMAMMM,4,AAAMAMMM,35875,430500,0.6416823069254557,0.6704407533009847,0.6754768541881017,0.7823107049608355,0.7467362924281984,0.7472871685870903,1.0,0.0003,1.0,11051.519979000092
depth4_bal_AAAMAMMM,4,AAAMAMMM,35900,430800,1.0492857545614243,0.969619631767273,0.981475819860186,0.5551566579634465,0.5522193211488251,0.5580042510347913,1.0,0.0003,1.0,11059.662441253662
depth4_bal_AAAMAMMM,4,AAAMAMMM,35925,431100,1.00020465751489,0.9527460336685181,0.9662449785641262,0.5802872062663186,0.6057441253263708,0.567625013983667,1.0,0.0003,1.0,11067.562424659729
depth4_bal_AAAMAMMM,4,AAAMAMMM,35950,431400,0.8084788372119268,0.7601569096247355,0.7883714999471392,0.6449086161879896,0.6801566579634465,0.6539881418503188,1.0,0.0003,1.0,11075.995147705078
depth4_bal_AAAMAMMM,4,AAAMAMMM,35975,431700,0.9989685863256454,1.0402093728383381,1.029425059046064,0.5766971279373369,0.5626631853785901,0.5500615281351382,1.0,0.0003,1.0,11084.079270124435
depth4_bal_AAAMAMMM,4,AAAMAMMM,36000,432000,0.6312051763137182,0.6479217211405436,0.6532530716487339,0.814621409921671,0.8054830287206266,0.7857702203825931,1.0,0.0003,1.0,11092.40125966072
depth4_bal_AAAMAMMM,4,AAAMAMMM,36025,432300,0.8783811181783676,0.93988964955012,0.9451421499252319,0.6282637075718016,0.5587467362924282,0.5654994965879853,1.0,0.0003,1.0,11100.844439983368
depth4_bal_AAAMAMMM,4,AAAMAMMM,36050,432600,0.8071891814470291,0.7610786557197571,0.7803471020289829,0.6556788511749347,0.6945169712793734,0.6796062199351158,1.0,0.0003,1.0,11109.241090774536
depth4_bal_AAAMAMMM,4,AAAMAMMM,36075,432900,0.6710483282804489,0.7110636035601298,0.7079998408045087,0.7597911227154047,0.7284595300261096,0.7282693813625685,1.0,0.0003,1.0,11117.44380903244
depth4_bal_AAAMAMMM,4,AAAMAMMM,36100,433200,0.6331998109817505,0.6567775209744772,0.6543189099856785,0.7966710182767625,0.779373368146214,0.7827497482939926,1.0,0.0003,1.0,11125.293568611145
depth4_bal_AAAMAMMM,4,AAAMAMMM,36125,433500,0.9037381410598755,0.968763530254364,0.9956097653933934,0.6080287206266318,0.5744125326370757,0.5660588432710594,1.0,0.0003,1.0,11132.674384117126
depth4_bal_AAAMAMMM,4,AAAMAMMM,36150,433800,0.9862363835175832,0.926119327545166,0.9257486241204398,0.568864229765013,0.5861618798955613,0.5891039266137151,1.0,0.0003,1.0,11140.650188922882
depth4_bal_AAAMAMMM,4,AAAMAMMM,36175,434100,0.7214368283748627,0.7078351775805155,0.7049376317432948,0.7346605744125326,0.737597911227154,0.7328560241637767,1.0,0.0003,1.0,11149.05861234665
depth4_bal_AAAMAMMM,4,AAAMAMMM,36200,434400,0.888684943318367,0.7796889543533325,0.8084383589880807,0.6253263707571801,0.674934725848564,0.655889920572771,1.0,0.0003,1.0,11157.258534908295
depth4_bal_AAAMAMMM,4,AAAMAMMM,36225,434700,0.7273370971282324,0.7786899209022522,0.7611633045332772,0.714425587467363,0.6553524804177546,0.6849759480926279,1.0,0.0003,1.0,11165.514353275299
depth4_bal_AAAMAMMM,4,AAAMAMMM,36250,435000,0.9790268093347549,1.0927735169728596,1.0844014031546456,0.5763707571801566,0.5574412532637075,0.5368609464145878,1.0,0.0003,1.0,11173.906513690948
depth4_bal_AAAMAMMM,4,AAAMAMMM,36275,435300,0.6184075127045313,0.7516628305117289,0.7283219030925205,0.7669712793733682,0.6710182767624021,0.6877726815079986,1.0,0.0003,1.0,11182.290572404861
depth4_bal_AAAMAMMM,4,AAAMAMMM,36300,435600,0.6816190828879675,0.7324900031089783,0.7675996082169669,0.735313315926893,0.6932114882506527,0.6723347130551516,1.0,0.0003,1.0,11190.632543325424
depth4_bal_AAAMAMMM,4,AAAMAMMM,36325,435900,0.6830935577551523,0.7700934012730917,0.7641463671411787,0.7369451697127938,0.716710182767624,0.7105940261774247,1.0,0.0003,1.0,11198.926669836044
depth4_bal_AAAMAMMM,4,AAAMAMMM,36350,436200,0.8148877422014872,0.8884605367978414,0.8291484083448137,0.6475195822454308,0.6201044386422977,0.6466047656337398,1.0,0.0003,1.0,11207.396000623703
depth4_bal_AAAMAMMM,4,AAAMAMMM,36375,436500,0.5776328866680464,0.6519410610198975,0.6402996642248971,0.7996083550913838,0.7532637075718016,0.7603758809710258,1.0,0.0003,1.0,11215.771210670471
depth4_bal_AAAMAMMM,4,AAAMAMMM,36400,436800,0.5957762897014618,0.7120005289713541,0.7225684779030936,0.7852480417754569,0.6997389033942559,0.6853115561024723,1.0,0.0003,1.0,11223.90845298767
depth4_bal_AAAMAMMM,4,AAAMAMMM,36425,437100,0.616638625661532,0.7190844217936198,0.7288368974413191,0.7810052219321149,0.6984334203655352,0.6958272737442667,1.0,0.0003,1.0,11231.868617773056
depth4_bal_AAAMAMMM,4,AAAMAMMM,36450,437400,0.7020119478305181,0.708331306775411,0.7263314366340637,0.7157310704960835,0.7036553524804178,0.6883320281910729,1.0,0.0003,1.0,11240.212940454483
depth4_bal_AAAMAMMM,4,AAAMAMMM,36475,437700,1.299117277065913,1.0897331635157268,1.107098320552281,0.48368146214099217,0.5274151436031331,0.5121378230227095,1.0,0.0003,1.0,11248.707136631012
depth4_bal_AAAMAMMM,4,AAAMAMMM,36500,438000,0.5873387455940247,0.6102383931477865,0.6067923733166286,0.8629242819843342,0.8524804177545692,0.859268374538539,1.0,0.0003,1.0,11257.67227768898
depth4_bal_AAAMAMMM,4,AAAMAMMM,36525,438300,0.5936325788497925,0.6181086699167887,0.6205520136015755,0.8325718015665796,0.8002610966057441,0.8065779169929522,1.0,0.0003,1.0,11266.148178100586
depth4_bal_AAAMAMMM,4,AAAMAMMM,36550,438600,0.7988621344168981,0.7666860421498617,0.7616252303123474,0.6566579634464752,0.6762402088772846,0.6806130439646493,1.0,0.0003,1.0,11274.506474733353
depth4_bal_AAAMAMMM,4,AAAMAMMM,36575,438900,0.7179640630880991,0.793004055817922,0.791364290033068,0.70822454308094,0.664490861618799,0.6781519185591229,1.0,0.0003,1.0,11282.921432971954
depth4_bal_AAAMAMMM,4,AAAMAMMM,36600,439200,0.7339211106300354,0.7666046420733134,0.7668961950710842,0.7026762402088773,0.664490861618799,0.6671887235708692,1.0,0.0003,1.0,11291.229491710663
depth4_bal_AAAMAMMM,4,AAAMAMMM,36625,439500,0.592506488164266,0.6793098052342733,0.6579214010919844,0.7963446475195822,0.7441253263707572,0.748853339299698,1.0,0.0003,1.0,11299.599348068237
depth4_bal_AAAMAMMM,4,AAAMAMMM,36650,439800,0.524690347413222,0.5749090711275736,0.5656734160014562,0.8883812010443864,0.8407310704960835,0.8486407875601297,1.0,0.0003,1.0,11308.009665966034
depth4_bal_AAAMAMMM,4,AAAMAMMM,36675,440100,0.8968619853258133,0.9969413677851359,1.0245854190417698,0.6201044386422977,0.5574412532637075,0.5531938695603535,1.0,0.0003,1.0,11316.501738786697
depth4_bal_AAAMAMMM,4,AAAMAMMM,36700,440400,0.7059391687313715,0.6907515327135721,0.6861473390034267,0.712467362924282,0.7284595300261096,0.7424767871126524,1.0,0.0003,1.0,11324.860261678696
depth4_bal_AAAMAMMM,4,AAAMAMMM,36725,440700,0.7513855050007502,0.8089269797007242,0.8472976871899196,0.6941906005221932,0.6331592689295039,0.6214341648954022,1.0,0.0003,1.0,11333.187196493149
depth4_bal_AAAMAMMM,4,AAAMAMMM,36750,441000,0.7613441993792852,0.7184844613075256,0.7370030113628933,0.6981070496083551,0.7310704960835509,0.7143975836223291,1.0,0.0003,1.0,11340.538852214813
depth4_bal_AAAMAMMM,4,AAAMAMMM,36775,441300,0.6042768259843191,0.6246089935302734,0.6278565577098302,0.7845953002610966,0.7767624020887729,0.7743595480478801,1.0,0.0003,1.0,11343.555364608765
depth4_bal_AAAMAMMM,4,AAAMAMMM,36800,441600,0.9643036921819051,0.8335891763369242,0.8356035811560495,0.6047650130548303,0.6579634464751958,0.662602080769661,1.0,0.0003,1.0,11349.178524971008
depth4_bal_AAAMAMMM,4,AAAMAMMM,36825,441900,0.8612134953339895,0.8028236826260885,0.8187222685132708,0.633485639686684,0.660574412532637,0.654547488533393,1.0,0.0003,1.0,11357.442616224289
depth4_bal_AAAMAMMM,4,AAAMAMMM,36850,442200,0.6839474489291509,0.7133599718411764,0.7515891024044582,0.7555483028720626,0.7349869451697127,0.7058955140396017,1.0,0.0003,1.0,11365.907689332962
depth4_bal_AAAMAMMM,4,AAAMAMMM,36875,442500,0.7205202380816141,0.6799374421437582,0.6655040723936898,0.7049608355091384,0.7402088772845953,0.7418055710929634,1.0,0.0003,1.0,11374.21016383171
depth4_bal_AAAMAMMM,4,AAAMAMMM,36900,442800,0.6947127282619476,0.7052557865778605,0.6930892637797764,0.7721932114882507,0.7571801566579635,0.7739120707014208,1.0,0.0003,1.0,11382.572939634323
depth4_bal_AAAMAMMM,4,AAAMAMMM,36925,443100,0.8323293179273605,0.934303363164266,0.8988505176135472,0.6530678851174935,0.6057441253263708,0.604765633739792,1.0,0.0003,1.0,11390.92452454567
depth4_bal_AAAMAMMM,4,AAAMAMMM,36950,443400,1.1314957241217296,1.026242693265279,0.9833853432110378,0.5101174934725848,0.5404699738903395,0.5712048327553417,1.0,0.0003,1.0,11399.39918589592
depth4_bal_AAAMAMMM,4,AAAMAMMM,36975,443700,0.7295073966185252,0.6977712313334147,0.6780821476663862,0.7150783289817232,0.7258485639686684,0.7373307976283701,1.0,0.0003,1.0,11407.773911952972
depth4_bal_AAAMAMMM,4,AAAMAMMM,37000,444000,0.5869714866081873,0.6464935541152954,0.625671522957938,0.7921018276762402,0.7728459530026109,0.7792817988589328,1.0,0.0003,1.0,11416.10494184494
depth4_bal_AAAMAMMM,4,AAAMAMMM,37025,444300,0.516521026690801,0.592379093170166,0.572716874735696,0.8684725848563969,0.804177545691906,0.8142969012193758,1.0,0.0003,1.0,11424.725732088089
depth4_bal_AAAMAMMM,4,AAAMAMMM,37050,444600,0.6310904522736868,0.7478596170743307,0.7332241773605347,0.7983028720626631,0.6984334203655352,0.7113771115337286,1.0,0.0003,1.0,11433.066019296646
depth4_bal_AAAMAMMM,4,AAAMAMMM,37075,444900,0.7567087411880493,0.7822710871696472,0.7803176505225046,0.6804830287206266,0.6723237597911227,0.6661818995413357,1.0,0.0003,1.0,11441.422789096832
depth4_bal_AAAMAMMM,4,AAAMAMMM,37100,445200,0.7772775193055471,0.7704647779464722,0.7839031560080392,0.6824412532637075,0.6997389033942559,0.6694261103031659,1.0,0.0003,1.0,11449.535021066666
depth4_bal_AAAMAMMM,4,AAAMAMMM,37125,445500,0.49215343594551086,0.5538428823153178,0.561675112588065,0.8792428198433421,0.8159268929503917,0.8062423089831078,1.0,0.0003,1.0,11457.588693618774
depth4_bal_AAAMAMMM,4,AAAMAMMM,37150,445800,1.2276409566402435,1.2914542357126872,1.2589356081826346,0.4964099216710183,0.4360313315926893,0.46224409889249357,1.0,0.0003,1.0,11465.886878967285
depth4_bal_AAAMAMMM,4,AAAMAMMM,37175,446100,0.6894942174355189,0.7915989955266317,0.7841143301555089,0.7457571801566579,0.6775456919060052,0.6773688332028192,1.0,0.0003,1.0,11474.263946533203
depth4_bal_AAAMAMMM,4,AAAMAMMM,37200,446400,0.7827637096246084,0.8626826802889506,0.8710692882537842,0.6968015665796344,0.6227154046997389,0.6255733303501511,1.0,0.0003,1.0,11482.29998588562
depth4_bal_AAAMAMMM,4,AAAMAMMM,37225,446700,0.6652322163184484,0.6454118291536967,0.6552552921431405,0.799934725848564,0.8263707571801566,0.8120595144870791,1.0,0.0003,1.0,11490.49974155426
depth4_bal_AAAMAMMM,4,AAAMAMMM,37250,447000,0.7844455242156982,0.8704455892244974,0.8741879974092756,0.6746083550913838,0.6122715404699739,0.6130439646492897,1.0,0.0003,1.0,11498.713711500168
depth4_bal_AAAMAMMM,4,AAAMAMMM,37275,447300,0.6346799383560816,0.7576934496561686,0.7552612270627703,0.7862271540469974,0.6827676240208878,0.6753551851437521,1.0,0.0003,1.0,11502.02048254013
depth4_bal_AAAMAMMM,4,AAAMAMMM,37300,447600,0.6771178593238195,0.6726831992467245,0.7042673127991813,0.7486945169712794,0.7402088772845953,0.701644479248238,1.0,0.0003,1.0,11509.150571584702
depth4_bal_AAAMAMMM,4,AAAMAMMM,37325,447900,0.6189711640278498,0.6535413861274719,0.6451947450637817,0.77088772845953,0.7558746736292428,0.7612708356639445,1.0,0.0003,1.0,11517.42412686348
depth4_bal_AAAMAMMM,4,AAAMAMMM,37350,448200,0.748604029417038,0.9590170383453369,0.9117715733391898,0.693864229765013,0.5926892950391645,0.6180780847969571,1.0,0.0003,1.0,11525.828486204147
depth4_bal_AAAMAMMM,4,AAAMAMMM,37375,448500,0.7235265920559565,0.7736572623252869,0.7950633440698897,0.7317232375979112,0.6501305483028721,0.6521982324644815,1.0,0.0003,1.0,11533.87120461464
depth4_bal_AAAMAMMM,4,AAAMAMMM,37400,448800,0.7794234156608582,0.7146362066268921,0.713388340813773,0.6906005221932114,0.7219321148825065,0.7422530484394227,1.0,0.0003,1.0,11542.254197835922
depth4_bal_AAAMAMMM,4,AAAMAMMM,37425,449100,0.9059297243754069,0.8112303415934244,0.8057421633175441,0.612597911227154,0.6579634464751958,0.6634970354625797,1.0,0.0003,1.0,11549.79795217514
depth4_bal_AAAMAMMM,4,AAAMAMMM,37450,449400,0.6346752494573593,0.6883354584376017,0.6860318303108215,0.7796997389033943,0.716710182767624,0.7308423761047097,1.0,0.0003,1.0,11557.97146987915
depth4_bal_AAAMAMMM,4,AAAMAMMM,37475,449700,0.5636911690235138,0.6049200097719828,0.5876314401626587,0.8286553524804178,0.7989556135770235,0.8168698959615169,1.0,0.0003,1.0,11566.209255933762
depth4_bal_AAAMAMMM,4,AAAMAMMM,37500,450000,0.8272561480601629,1.0482521057128906,1.042781376838684,0.6697127937336814,0.5391644908616188,0.5416713278890256,1.0,0.0003,1.0,11570.35349535942
depth4_bal_AAAMAMMM,4,AAAMAMMM,37525,450300,0.6847841143608093,0.6798036893208822,0.6894265822001866,0.7421671018276762,0.7519582245430809,0.746839691240631,1.0,0.0003,1.0,11574.643357753754
depth4_bal_AAAMAMMM,4,AAAMAMMM,37550,450600,0.5599365184704462,0.614971915880839,0.616072256224496,0.8325718015665796,0.7754569190600522,0.7755901107506432,1.0,0.0003,1.0,11582.928445577621
depth4_bal_AAAMAMMM,4,AAAMAMMM,37575,450900,0.6010405669609705,0.8057125409444174,0.8151653936931065,0.7780678851174935,0.6422976501305483,0.6410112988029981,1.0,0.0003,1.0,11591.127731323242
depth4_bal_AAAMAMMM,4,AAAMAMMM,37600,451200,0.6983075886964798,0.75092613697052,0.7532598291124616,0.7245430809399478,0.6631853785900783,0.6746839691240631,1.0,0.0003,1.0,11599.308386087418
depth4_bal_AAAMAMMM,4,AAAMAMMM,37625,451500,0.5914517243703207,0.5268245935440063,0.5462773442268372,0.8051566579634465,0.8733681462140992,0.85188499832196,1.0,0.0003,1.0,11606.57126379013
depth4_bal_AAAMAMMM,4,AAAMAMMM,37650,451800,1.0058767398198445,0.9841164747873942,0.9823862058775765,0.5691906005221932,0.5352480417754569,0.5620315471529254,1.0,0.0003,1.0,11613.86607503891
depth4_bal_AAAMAMMM,4,AAAMAMMM,37675,452100,0.6825547367334366,0.7282907565434774,0.7059716548238482,0.7258485639686684,0.7258485639686684,0.7307305067680948,1.0,0.0003,1.0,11622.339685201645
depth4_bal_AAAMAMMM,4,AAAMAMMM,37700,452400,0.847315639257431,1.0080618262290955,1.0369531307901656,0.6354438642297651,0.5835509138381201,0.566282581944289,1.0,0.0003,1.0,11630.923889398575
depth4_bal_AAAMAMMM,4,AAAMAMMM,37725,452700,0.6368686656157175,0.675605575243632,0.6686169794627599,0.7604438642297651,0.7362924281984334,0.7393444456874371,1.0,0.0003,1.0,11639.395861148834
depth4_bal_AAAMAMMM,4,AAAMAMMM,37750,453000,1.2884342173735301,1.8843684593836467,1.8790175812585013,0.47356396866840733,0.3668407310704961,0.347466159525674,1.0,0.0003,1.0,11647.84852361679
depth4_bal_AAAMAMMM,4,AAAMAMMM,37775,453300,0.7147897283236185,0.8854032357533773,0.9255039198057992,0.7454308093994778,0.6253263707571801,0.604765633739792,1.0,0.0003,1.0,11656.379477262497
depth4_bal_AAAMAMMM,4,AAAMAMMM,37800,453600,0.8328674534956614,0.952505091826121,0.9319091575486319,0.6471932114882507,0.5822454308093995,0.5884327105940261,1.0,0.0003,1.0,11664.632804393768
depth4_bal_AAAMAMMM,4,AAAMAMMM,37825,453900,0.5945194115241369,0.6513583064079285,0.6529663375445774,0.8097258485639687,0.758485639686684,0.75422306745721,1.0,0.0003,1.0,11673.01423215866
depth4_bal_AAAMAMMM,4,AAAMAMMM,37850,454200,0.8198389261960983,0.7725690007209778,0.7789999093328204,0.660574412532637,0.6657963446475196,0.6580154379684529,1.0,0.0003,1.0,11681.309433937073
depth4_bal_AAAMAMMM,4,AAAMAMMM,37875,454500,0.79973965883255,0.9393356641133627,0.9069235920906067,0.6638381201044387,0.587467362924282,0.5853003691688108,1.0,0.0003,1.0,11689.21409702301
depth4_bal_AAAMAMMM,4,AAAMAMMM,37900,454800,0.5691169649362564,0.5753152171770731,0.5769450800759451,0.8524804177545692,0.8498694516971279,0.8432710594026177,1.0,0.0003,1.0,11697.584652423859
depth4_bal_AAAMAMMM,4,AAAMAMMM,37925,455100,0.7854853471120199,0.7512209216753641,0.7514756526265826,0.6706919060052219,0.674934725848564,0.6896744602304509,1.0,0.0003,1.0,11705.959825515747
depth4_bal_AAAMAMMM,4,AAAMAMMM,37950,455400,0.6488015502691269,0.6806502143541971,0.6782161184719631,0.7738250652741514,0.7402088772845953,0.7503076406756908,1.0,0.0003,1.0,11714.219017028809
depth4_bal_AAAMAMMM,4,AAAMAMMM,37975,455700,0.687086800734202,0.6622210741043091,0.6753761240414211,0.7193211488250653,0.7493472584856397,0.7424767871126524,1.0,0.0003,1.0,11722.652954101562
depth4_bal_AAAMAMMM,4,AAAMAMMM,38000,456000,0.6670299023389816,0.6303062438964844,0.6348492435046604,0.7477154046997389,0.8028720626631853,0.7847633963530596,1.0,0.0003,1.0,11730.343425512314
depth4_bal_AAAMAMMM,4,AAAMAMMM,38025,456300,0.6792306900024414,0.8530738155047098,0.8550349678312029,0.7516318537859008,0.6057441253263708,0.6150576127083567,1.0,0.0003,1.0,11738.612263202667
depth4_bal_AAAMAMMM,4,AAAMAMMM,38050,456600,0.7089447925488154,0.662682851155599,0.6510277799197606,0.7196475195822454,0.7715404699738904,0.7744714173844949,1.0,0.0003,1.0,11746.690757989883
depth4_bal_AAAMAMMM,4,AAAMAMMM,38075,456900,0.7027790347735087,0.7383885780970255,0.7406846267836434,0.7307441253263708,0.7140992167101827,0.7017563485848529,1.0,0.0003,1.0,11755.009271621704
depth4_bal_AAAMAMMM,4,AAAMAMMM,38100,457200,1.0673507352670033,1.0573900540669758,1.0524929915155683,0.5391644908616188,0.5639686684073107,0.5578923816981766,1.0,0.0003,1.0,11763.392751932144
depth4_bal_AAAMAMMM,4,AAAMAMMM,38125,457500,0.6152221262454987,0.6611631910006205,0.6718904086521693,0.8240861618798956,0.779373368146214,0.7623895290300928,1.0,0.0003,1.0,11771.720464468002
depth4_bal_AAAMAMMM,4,AAAMAMMM,38150,457800,0.6834729512532552,0.7043807705243429,0.6626753313200814,0.7444516971279374,0.7036553524804178,0.7473990379237051,1.0,0.0003,1.0,11780.17282795906
depth4_bal_AAAMAMMM,4,AAAMAMMM,38175,458100,0.6164194146792094,0.7177195151646932,0.7335838045392717,0.7885117493472585,0.7114882506527415,0.6971697057836447,1.0,0.0003,1.0,11788.140579223633
depth4_bal_AAAMAMMM,4,AAAMAMMM,38200,458400,0.9572319140036901,1.144466519355774,1.1195560591561453,0.5992167101827677,0.5443864229765013,0.527240183465712,1.0,0.0003,1.0,11796.222144126892
depth4_bal_AAAMAMMM,4,AAAMAMMM,38225,458700,0.6598074734210968,0.7895257671674093,0.7476843919072832,0.7441253263707572,0.6370757180156658,0.6812842599843383,1.0,0.0003,1.0,11804.606852769852
depth4_bal_AAAMAMMM,4,AAAMAMMM,38250,459000,0.7596475581328074,0.8328308264414469,0.8116641402244568,0.6922323759791122,0.6331592689295039,0.6318380132005817,1.0,0.0003,1.0,11813.128543376923
depth4_bal_AAAMAMMM,4,AAAMAMMM,38275,459300,0.7527734736601511,0.8567842642466227,0.8573552506310599,0.6879895561357703,0.6109660574412533,0.6092404072043853,1.0,0.0003,1.0,11821.393523454666
depth4_bal_AAAMAMMM,4,AAAMAMMM,38300,459600,0.6948051104942957,0.6481853127479553,0.6538164360182626,0.7464099216710183,0.8002610966057441,0.7918111645597942,1.0,0.0003,1.0,11829.879240989685
depth4_bal_AAAMAMMM,4,AAAMAMMM,38325,459900,0.5077127342422804,0.6035097042719523,0.602212689604078,0.8674934725848564,0.7924281984334204,0.7927061192527128,1.0,0.0003,1.0,11838.21317744255
depth4_bal_AAAMAMMM,4,AAAMAMMM,38350,460200,0.8145971397558848,0.879028836886088,0.8769618255751473,0.6537206266318538,0.587467362924282,0.6302718424879741,1.0,0.0003,1.0,11846.520837783813
depth4_bal_AAAMAMMM,4,AAAMAMMM,38375,460500,0.7506218353907267,0.7216049830118815,0.7037039586475917,0.6821148825065274,0.7088772845953003,0.720550397136145,1.0,0.0003,1.0,11854.916561365128
depth4_bal_AAAMAMMM,4,AAAMAMMM,38400,460800,0.7693599263827006,0.753501315911611,0.7406280194010053,0.7369451697127938,0.7545691906005222,0.7903568631838013,1.0,0.0003,1.0,11863.421279668808
depth4_bal_AAAMAMMM,4,AAAMAMMM,38425,461100,0.6645844231049219,0.6819883386294047,0.6677130017961774,0.7493472584856397,0.7349869451697127,0.7574672782190401,1.0,0.0003,1.0,11871.833202123642
depth4_bal_AAAMAMMM,4,AAAMAMMM,38450,461400,0.84542083243529,0.951358695824941,0.9233834028244019,0.64588772845953,0.5744125326370757,0.5921243987023157,1.0,0.0003,1.0,11880.228415966034
depth4_bal_AAAMAMMM,4,AAAMAMMM,38475,461700,0.6358691801627477,0.6528473099072775,0.6701046313558306,0.8097258485639687,0.8198433420365535,0.7963978073610023,1.0,0.0003,1.0,11885.982019424438
depth4_bal_AAAMAMMM,4,AAAMAMMM,38500,462000,0.8296941618124644,0.9459953904151917,0.9158503447260176,0.6471932114882507,0.5600522193211488,0.5904463586530931,1.0,0.0003,1.0,11889.082692146301
depth4_bal_AAAMAMMM,4,AAAMAMMM,38525,462300,0.6456676522890726,0.6737002929051717,0.6906759943280901,0.7907963446475196,0.7715404699738904,0.741469963083119,1.0,0.0003,1.0,11892.302942752838
depth4_bal_AAAMAMMM,4,AAAMAMMM,38550,462600,0.6746075451374054,0.7041510939598083,0.7050355519567217,0.7281331592689295,0.7310704960835509,0.7133907595927956,1.0,0.0003,1.0,11895.337332248688
depth4_bal_AAAMAMMM,4,AAAMAMMM,38575,462900,0.6486852119366328,0.6428239544232687,0.6478285244532994,0.8544386422976501,0.8798955613577023,0.8675467054480367,1.0,0.0003,1.0,11898.39904999733
depth4_bal_AAAMAMMM,4,AAAMAMMM,38600,463200,0.6467304080724716,0.6743440429369608,0.660393226146698,0.7718668407310705,0.7558746736292428,0.7713390759592795,1.0,0.0003,1.0,11904.245412111282
depth4_bal_AAAMAMMM,4,AAAMAMMM,38625,463500,0.7341717531283697,0.8383426666259766,0.8208419612475804,0.7160574412532638,0.6227154046997389,0.6561136592460006,1.0,0.0003,1.0,11910.873016119003
depth4_bal_AAAMAMMM,4,AAAMAMMM,38650,463800,0.6144400785366694,0.6004252433776855,0.5773382425308228,0.7728459530026109,0.7989556135770235,0.8100458664280121,1.0,0.0003,1.0,11918.603534460068
depth4_bal_AAAMAMMM,4,AAAMAMMM,38675,464100,0.8928585946559906,0.9724483688672384,0.9764357532773699,0.6135770234986945,0.5861618798955613,0.5855241078420405,1.0,0.0003,1.0,11926.878718852997
depth4_bal_AAAMAMMM,4,AAAMAMMM,38700,464400,0.8110093126694361,0.8398236234982809,0.8424999526568822,0.6664490861618799,0.6462140992167101,0.6451504642577469,1.0,0.0003,1.0,11935.078434705734
depth4_bal_AAAMAMMM,4,AAAMAMMM,38725,464700,0.513271652162075,0.5466257333755493,0.5539671429565974,0.8870757180156658,0.8550913838120104,0.8506544356191967,1.0,0.0003,1.0,11943.661539077759
depth4_bal_AAAMAMMM,4,AAAMAMMM,38750,465000,1.0834356198708217,0.8989406625429789,0.8988953130585807,0.5381853785900783,0.6161879895561357,0.6089047991945408,1.0,0.0003,1.0,11951.879881620407
depth4_bal_AAAMAMMM,4,AAAMAMMM,38775,465300,0.7055175751447678,0.7431240479151408,0.7758226786340986,0.7268276762402088,0.6879895561357703,0.6686430249468621,1.0,0.0003,1.0,11960.190784215927
depth4_bal_AAAMAMMM,4,AAAMAMMM,38800,465600,0.9086150775353113,0.84524138768514,0.8236031549317496,0.6060704960835509,0.6161879895561357,0.6381026960510124,1.0,0.0003,1.0,11968.758294582367
depth4_bal_AAAMAMMM,4,AAAMAMMM,38825,465900,0.7797220249970754,0.8540693918863932,0.8550571543829781,0.6928851174934726,0.643603133159269,0.6397807361002349,1.0,0.0003,1.0,11977.169284820557
depth4_bal_AAAMAMMM,4,AAAMAMMM,38850,466200,0.5891153911749522,0.6303138534228007,0.6252895712852478,0.8244125326370757,0.8002610966057441,0.8008725808255958,1.0,0.0003,1.0,11985.523787736893
depth4_bal_AAAMAMMM,4,AAAMAMMM,38875,466500,0.7131422559420267,0.7112667361895243,0.7031667402812413,0.7072454308093995,0.7258485639686684,0.7228996532050564,1.0,0.0003,1.0,11993.744453668594
depth4_bal_AAAMAMMM,4,AAAMAMMM,38900,466800,0.7687257826328278,0.8006640474001566,0.780395598070962,0.6755874673629243,0.6122715404699739,0.6547712272066226,1.0,0.0003,1.0,12002.197551250458
depth4_bal_AAAMAMMM,4,AAAMAMMM,38925,467100,0.5648510654767355,0.5743589798609415,0.5764720014163426,0.8064621409921671,0.7872062663185379,0.7965096766976172,1.0,0.0003,1.0,12010.478340148926
depth4_bal_AAAMAMMM,4,AAAMAMMM,38950,467400,1.5486635466416676,1.4312148491541545,1.3387607438223703,0.4363577023498694,0.42950391644908614,0.440429578252601,1.0,0.0003,1.0,12018.668246746063
depth4_bal_AAAMAMMM,4,AAAMAMMM,38975,467700,0.5619850605726242,0.6088555852572123,0.600696405342647,0.9069843342036553,0.8577023498694517,0.8719096095760153,1.0,0.0003,1.0,12026.59283041954
depth4_bal_AAAMAMMM,4,AAAMAMMM,39000,468000,0.5502023001511892,0.5985909104347229,0.6079034634998867,0.858355091383812,0.8002610966057441,0.8004251034791364,1.0,0.0003,1.0,12034.724039316177
depth4_bal_AAAMAMMM,4,AAAMAMMM,39025,468300,0.8525213102499644,1.1160746415456135,1.053436711856297,0.6367493472584856,0.4830287206266319,0.5210873699518962,1.0,0.0003,1.0,12043.04502773285
depth4_bal_AAAMAMMM,4,AAAMAMMM,39050,468600,0.6958778848250707,0.7672781745592753,0.7540771126747131,0.7258485639686684,0.6697127937336814,0.684192862736324,1.0,0.0003,1.0,12051.393265008926
depth4_bal_AAAMAMMM,4,AAAMAMMM,39075,468900,0.7934631754954656,0.9373074769973755,0.9129243799618312,0.6631853785900783,0.566579634464752,0.5882089719207965,1.0,0.0003,1.0,12059.870658636093
depth4_bal_AAAMAMMM,4,AAAMAMMM,39100,469200,0.6575959622859955,0.6277468204498291,0.6300987533160618,0.7637075718015666,0.793733681462141,0.8022150128649738,1.0,0.0003,1.0,12067.916066408157
depth4_bal_AAAMAMMM,4,AAAMAMMM,39125,469500,0.6268762350082397,0.6644229094187418,0.6851442660604204,0.7790469973890339,0.7284595300261096,0.7199910504530708,1.0,0.0003,1.0,12076.089003562927
depth4_bal_AAAMAMMM,4,AAAMAMMM,39150,469800,0.768824964761734,0.8465282320976257,0.8189240983554296,0.6876631853785901,0.6148825065274152,0.6419062534959168,1.0,0.0003,1.0,12084.352580308914
depth4_bal_AAAMAMMM,4,AAAMAMMM,39175,470100,0.5337696721156439,0.5695098837216696,0.5902001619338989,0.8466057441253264,0.8067885117493473,0.7990826714397583,1.0,0.0003,1.0,12092.581642627716
depth4_bal_AAAMAMMM,4,AAAMAMMM,39200,470400,0.683990940451622,0.6781891783078512,0.6711190036364965,0.7457571801566579,0.7545691906005222,0.7584741022485737,1.0,0.0003,1.0,12100.803089141846
depth4_bal_AAAMAMMM,4,AAAMAMMM,39225,470700,0.6009396413962046,0.705772340297699,0.653587487765721,0.7800261096605744,0.741514360313316,0.7693254279002125,1.0,0.0003,1.0,12109.16008424759
depth4_bal_AAAMAMMM,4,AAAMAMMM,39250,471000,0.8683910469214121,0.7904929916063944,0.8138121485710144,0.6253263707571801,0.685378590078329,0.6549949658798523,1.0,0.0003,1.0,12117.553244829178
depth4_bal_AAAMAMMM,4,AAAMAMMM,39275,471300,0.9166610588630041,0.8555892705917358,0.8677556650979178,0.6024804177545692,0.6266318537859008,0.6064436737890144,1.0,0.0003,1.0,12126.03784251213
depth4_bal_AAAMAMMM,4,AAAMAMMM,39300,471600,0.9635149290164312,0.820902407169342,0.827700458254133,0.581266318537859,0.664490861618799,0.6515270164447925,1.0,0.0003,1.0,12134.417064666748
depth4_bal_AAAMAMMM,4,AAAMAMMM,39325,471900,0.764153982202212,0.9181430141131083,0.9048389162336077,0.668733681462141,0.5939947780678851,0.6017451616511914,1.0,0.0003,1.0,12142.785073757172
depth4_bal_AAAMAMMM,4,AAAMAMMM,39350,472200,0.6656098266442617,0.6842692494392395,0.699191243307931,0.8120104438642297,0.8067885117493473,0.7838684416601409,1.0,0.0003,1.0,12151.063214063644
depth4_bal_AAAMAMMM,4,AAAMAMMM,39375,472500,0.9193364779154459,0.9669355352719625,1.0110082592282976,0.5848563968668408,0.556135770234987,0.5437968452847075,1.0,0.0003,1.0,12159.568121433258
depth4_bal_AAAMAMMM,4,AAAMAMMM,39400,472800,0.6435715854167938,0.7941521803538004,0.7710000855582101,0.7672976501305483,0.6775456919060052,0.6778163105492785,1.0,0.0003,1.0,12167.87425661087
depth4_bal_AAAMAMMM,4,AAAMAMMM,39425,473100,0.7133396317561468,0.8093399405479431,0.7732268912451608,0.7389033942558747,0.6449086161879896,0.682179214677257,1.0,0.0003,1.0,12176.078921794891
depth4_bal_AAAMAMMM,4,AAAMAMMM,39450,473400,0.7574430257081985,0.8086543877919515,0.7950121096202305,0.6739556135770235,0.6540469973890339,0.6637207741358093,1.0,0.0003,1.0,12184.229012727737
depth4_bal_AAAMAMMM,4,AAAMAMMM,39475,473700,1.1211349715789158,1.2644027868906658,1.3861886739730835,0.5310052219321149,0.5078328981723238,0.45385389864638104,1.0,0.0003,1.0,12192.539402008057
depth4_bal_AAAMAMMM,4,AAAMAMMM,39500,474000,0.8023165067036947,0.7131750782330831,0.7049567426953997,0.6612271540469974,0.7154046997389034,0.7251370399373531,1.0,0.0003,1.0,12200.736690044403
depth4_bal_AAAMAMMM,4,AAAMAMMM,39525,474300,0.539514588812987,0.738068143526713,0.7761360883712769,0.847911227154047,0.7049608355091384,0.6716634970354626,1.0,0.0003,1.0,12209.208445310593
depth4_bal_AAAMAMMM,4,AAAMAMMM,39550,474600,0.6187105278174082,0.9507641990979513,0.9261389715330941,0.7787206266318538,0.5391644908616188,0.5725472647947197,1.0,0.0003,1.0,12217.685442686081
depth4_bal_AAAMAMMM,4,AAAMAMMM,39575,474900,0.8312211235364279,1.0735158522923787,1.0862162862505231,0.6471932114882507,0.5626631853785901,0.5663944512809039,1.0,0.0003,1.0,12225.897845506668
depth4_bal_AAAMAMMM,4,AAAMAMMM,39600,475200,1.104741354783376,1.1872764031092327,1.2118930305753435,0.5241514360313316,0.48825065274151436,0.5018458440541448,1.0,0.0003,1.0,12233.960850477219
depth4_bal_AAAMAMMM,4,AAAMAMMM,39625,475500,0.7321868042151133,0.7650590737660726,0.7476527741977147,0.7072454308093995,0.6657963446475196,0.688891374874147,1.0,0.0003,1.0,12240.470150232315
depth4_bal_AAAMAMMM,4,AAAMAMMM,39650,475800,0.90804456671079,1.045490821202596,1.0377428701945715,0.6223890339425587,0.5352480417754569,0.519185591229444,1.0,0.0003,1.0,12244.572574853897
depth4_bal_AAAMAMMM,4,AAAMAMMM,39675,476100,0.5019976993401846,0.5622543692588806,0.5591266019003732,0.9089425587467362,0.8537859007832899,0.8484170488869001,1.0,0.0003,1.0,12247.613924741745
depth4_bal_AAAMAMMM,4,AAAMAMMM,39700,476400,0.8459715147813162,0.8632014393806458,0.8945307748658317,0.631201044386423,0.608355091383812,0.60610806577917,1.0,0.0003,1.0,12252.364732265472
depth4_bal_AAAMAMMM,4,AAAMAMMM,39725,476700,0.8392627785603205,0.7575225631395975,0.746946064063481,0.625,0.6801566579634465,0.6811723906477235,1.0,0.0003,1.0,12260.558256149292
depth4_bal_AAAMAMMM,4,AAAMAMMM,39750,477000,0.6189972559611002,0.5946247975031534,0.6084490401404244,0.7712140992167101,0.8172323759791122,0.7937129432822463,1.0,0.0003,1.0,12268.870408058167
depth4_bal_AAAMAMMM,4,AAAMAMMM,39775,477300,0.9801209568977356,1.2035226424535115,1.1425221851893834,0.5845300261096605,0.5287206266318538,0.5346235596822911,1.0,0.0003,1.0,12277.067780733109
depth4_bal_AAAMAMMM,4,AAAMAMMM,39800,477600,0.5811103830734888,0.6669451793034872,0.6554209130150931,0.8093994778067886,0.7571801566579635,0.7516500727150688,1.0,0.0003,1.0,12285.007877349854
depth4_bal_AAAMAMMM,4,AAAMAMMM,39825,477900,0.6366035640239716,0.6443948348363241,0.6276105131421771,0.7689295039164491,0.7872062663185379,0.7765969347801768,1.0,0.0003,1.0,12293.304503917694
depth4_bal_AAAMAMMM,4,AAAMAMMM,39850,478200,0.7470071315765381,0.8921452959378561,0.8522819638252258,0.7088772845953003,0.587467362924282,0.6313905358541224,1.0,0.0003,1.0,12301.480024814606
depth4_bal_AAAMAMMM,4,AAAMAMMM,39875,478500,0.5079054683446884,0.5590458512306213,0.5746843440192086,0.8701044386422977,0.8276762402088773,0.8121713838236939,1.0,0.0003,1.0,12309.76542210579
depth4_bal_AAAMAMMM,4,AAAMAMMM,39900,478800,0.8766322582960129,0.8246497710545858,0.8361957328660148,0.6455613577023499,0.6383812010443864,0.653205056494015,1.0,0.0003,1.0,12318.161714553833
depth4_bal_AAAMAMMM,4,AAAMAMMM,39925,479100,0.855347086985906,0.7363571325937907,0.7186551911490304,0.6357702349869452,0.6997389033942559,0.7109296341872693,1.0,0.0003,1.0,12326.640827417374
depth4_bal_AAAMAMMM,4,AAAMAMMM,39950,479400,0.767771045366923,0.7603707313537598,0.7423101799828665,0.7085509138381201,0.706266318537859,0.7277100346794944,1.0,0.0003,1.0,12334.66381764412
depth4_bal_AAAMAMMM,4,AAAMAMMM,39975,479700,1.1197529534498851,1.7224007844924927,1.646998633657183,0.5427545691906005,0.4046997389033943,0.4029533504866316,1.0,0.0003,1.0,12341.9622027874
depth4_bal_AAAMAMMM,4,AAAMAMMM,40000,480000,0.5244811425606409,0.5496484438578287,0.5328874485833305,0.8619451697127938,0.8433420365535248,0.8694484841704889,1.0,0.0003,1.0,12350.364892959595
depth4_bal_AAAMAMMM,4,AAAMAMMM,40025,480300,1.0516688376665115,1.1018247207005818,1.1230338096618653,0.5421018276762402,0.5326370757180157,0.5122496923593243,1.0,0.0003,1.0,12358.948143005371
depth4_bal_AAAMAMMM,4,AAAMAMMM,40050,480600,0.5855606893698374,0.569227914015452,0.5691238607679094,0.841710182767624,0.891644908616188,0.8729164336055487,1.0,0.0003,1.0,12367.373130321503
depth4_bal_AAAMAMMM,4,AAAMAMMM,40075,480900,0.4843285605311394,0.5270835161209106,0.5249188091073718,0.8926240208877284,0.8446475195822454,0.8488645262333594,1.0,0.0003,1.0,12375.683110713959
depth4_bal_AAAMAMMM,4,AAAMAMMM,40100,481200,0.7000958472490311,0.873125414053599,0.8614604847771781,0.743798955613577,0.6357702349869452,0.6469403736435843,1.0,0.0003,1.0,12384.029190301895
depth4_bal_AAAMAMMM,4,AAAMAMMM,40125,481500,0.6428284893433253,0.6978514393170675,0.6933028595788139,0.7881853785900783,0.7754569190600522,0.7415818324197337,1.0,0.0003,1.0,12392.20293712616
depth4_bal_AAAMAMMM,4,AAAMAMMM,40150,481800,0.6081193139155706,0.6390275955200195,0.6405248846326556,0.7983028720626631,0.7715404699738904,0.7661930864749972,1.0,0.0003,1.0,12400.37626338005
depth4_bal_AAAMAMMM,4,AAAMAMMM,40175,482100,0.6951358020305634,0.8132040699323019,0.8093141181128366,0.7160574412532638,0.6671018276762402,0.6515270164447925,1.0,0.0003,1.0,12408.413481473923
depth4_bal_AAAMAMMM,4,AAAMAMMM,40200,482400,0.5602874159812927,0.5924179156621298,0.5851357306752886,0.8299608355091384,0.8028720626631853,0.8104933437744715,1.0,0.0003,1.0,12416.92058634758
depth4_bal_AAAMAMMM,4,AAAMAMMM,40225,482700,0.8259715586900711,0.8273378411928812,0.817307574408395,0.6638381201044387,0.6292428198433421,0.6400044747734646,1.0,0.0003,1.0,12425.352937459946
depth4_bal_AAAMAMMM,4,AAAMAMMM,40250,483000,0.6833932201067606,0.7123985489209493,0.7019819600241525,0.7356396866840731,0.7114882506527415,0.721892829175523,1.0,0.0003,1.0,12433.801952838898
depth4_bal_AAAMAMMM,4,AAAMAMMM,40275,483300,0.7794612894455591,0.8765766421953837,0.9034220235688346,0.6759138381201044,0.5822454308093995,0.5870902785546481,1.0,0.0003,1.0,12442.165420293808
depth4_bal_AAAMAMMM,4,AAAMAMMM,40300,483600,0.7053208450476328,0.7262171904246012,0.7242444106510707,0.7477154046997389,0.7310704960835509,0.7471752992504754,1.0,0.0003,1.0,12450.658948421478
depth4_bal_AAAMAMMM,4,AAAMAMMM,40325,483900,0.5720634361108144,0.677281121412913,0.6677468078477042,0.8260443864229765,0.7323759791122716,0.7404631390535854,1.0,0.0003,1.0,12459.08174610138
depth4_bal_AAAMAMMM,4,AAAMAMMM,40350,484200,1.0160962740580242,1.0001549522082012,0.9965786388942174,0.5669060052219321,0.5496083550913838,0.558227989708021,1.0,0.0003,1.0,12467.484426259995
depth4_bal_AAAMAMMM,4,AAAMAMMM,40375,484500,0.7435689916213354,0.7368466258049011,0.748656724180494,0.6984334203655352,0.695822454308094,0.6900100682402953,1.0,0.0003,1.0,12475.890053749084
depth4_bal_AAAMAMMM,4,AAAMAMMM,40400,484800,0.552723209063212,0.5710224310557047,0.5680497152464731,0.8495430809399478,0.839425587467363,0.8506544356191967,1.0,0.0003,1.0,12484.464146852493
depth4_bal_AAAMAMMM,4,AAAMAMMM,40425,485100,0.7575741161902746,0.7380621035893759,0.7269396015575954,0.6863577023498695,0.6788511749347258,0.7019800872580826,1.0,0.0003,1.0,12492.827024459839
depth4_bal_AAAMAMMM,4,AAAMAMMM,40450,485400,0.919094463189443,1.145235538482666,1.097885685307639,0.6119451697127938,0.4856396866840731,0.5046425774695156,1.0,0.0003,1.0,12501.134761095047
depth4_bal_AAAMAMMM,4,AAAMAMMM,40475,485700,0.7099956671396891,0.8568056424458822,0.7928749101502555,0.7232375979112271,0.6514360313315927,0.6721109743819219,1.0,0.0003,1.0,12509.617769002914
depth4_bal_AAAMAMMM,4,AAAMAMMM,40500,486000,0.4416755611697833,0.48071467876434326,0.4818328951086317,0.9402741514360313,0.9138381201044387,0.9147555654994965,1.0,0.0003,1.0,12517.999665498734
depth4_bal_AAAMAMMM,4,AAAMAMMM,40525,486300,1.06880688170592,0.9608621001243591,0.9549861788749695,0.5554830287206266,0.5926892950391645,0.5766864302494686,1.0,0.0003,1.0,12526.620845079422
depth4_bal_AAAMAMMM,4,AAAMAMMM,40550,486600,0.7517488300800323,0.7049338022867838,0.6951137406485421,0.6922323759791122,0.7349869451697127,0.7403512697169706,1.0,0.0003,1.0,12535.133408784866
depth4_bal_AAAMAMMM,4,AAAMAMMM,40575,486900,0.4537760987877846,0.5275750160217285,0.5377262796674456,0.9216710182767625,0.8472584856396866,0.837006376552187,1.0,0.0003,1.0,12543.782755613327
depth4_bal_AAAMAMMM,4,AAAMAMMM,40600,487200,0.852040578921636,0.9753813743591309,0.9216431992394584,0.6325065274151436,0.577023498694517,0.5980534735429018,1.0,0.0003,1.0,12552.312948703766
depth4_bal_AAAMAMMM,4,AAAMAMMM,40625,487500,0.5860409339269003,0.5872683723767599,0.5934898717062814,0.8113577023498695,0.825065274151436,0.8285043069694596,1.0,0.0003,1.0,12560.808732032776
depth4_bal_AAAMAMMM,4,AAAMAMMM,40650,487800,1.0057949523131053,1.0387018124262493,1.077519018309457,0.5760443864229765,0.5443864229765013,0.5149345564380803,1.0,0.0003,1.0,12569.239810943604
depth4_bal_AAAMAMMM,4,AAAMAMMM,40675,488100,0.5036196360985438,0.5018957455952963,0.5065804609230586,0.8949086161879896,0.902088772845953,0.8993175970466495,1.0,0.0003,1.0,12577.564637184143
depth4_bal_AAAMAMMM,4,AAAMAMMM,40700,488400,0.5603484809398651,0.577680746714274,0.5870070712906974,0.8319190600522193,0.8276762402088773,0.8167580266249022,1.0,0.0003,1.0,12585.927064657211
depth4_bal_AAAMAMMM,4,AAAMAMMM,40725,488700,0.885956754287084,0.890150249004364,0.9021177002361842,0.6318537859007833,0.639686684073107,0.614833874035127,1.0,0.0003,1.0,12593.877233982086
depth4_bal_AAAMAMMM,4,AAAMAMMM,40750,489000,0.5884016454219818,0.6311106483141581,0.6203635590417045,0.816579634464752,0.7872062663185379,0.7980758474102249,1.0,0.0003,1.0,12601.912112236023
depth4_bal_AAAMAMMM,4,AAAMAMMM,40775,489300,0.7582153230905533,0.7902678648630778,0.8089298759187971,0.7056135770234987,0.6618798955613577,0.664615728828728,1.0,0.0003,1.0,12610.192006349564
depth4_bal_AAAMAMMM,4,AAAMAMMM,40800,489600,0.7876562575499216,0.944656769434611,0.9440616880144391,0.6680809399477807,0.6044386422976501,0.5961516948204497,1.0,0.0003,1.0,12618.391787052155
depth4_bal_AAAMAMMM,4,AAAMAMMM,40825,489900,0.6552457809448242,0.777152955532074,0.7911276817321777,0.7787206266318538,0.6697127937336814,0.6523101018010963,1.0,0.0003,1.0,12626.554522275925
depth4_bal_AAAMAMMM,4,AAAMAMMM,40850,490200,0.6699529041846594,0.6825668414433798,0.6658341407775878,0.7983028720626631,0.7872062663185379,0.8111645597941605,1.0,0.0003,1.0,12634.821818351746
depth4_bal_AAAMAMMM,4,AAAMAMMM,40875,490500,0.6603501389424006,0.9308238426844279,0.8640771985054017,0.7421671018276762,0.5613577023498695,0.592571876048775,1.0,0.0003,1.0,12643.040633678436
depth4_bal_AAAMAMMM,4,AAAMAMMM,40900,490800,0.5427430892984072,0.6349491874376932,0.6335860167230879,0.8622715404699739,0.7911227154046997,0.7740239400380355,1.0,0.0003,1.0,12650.896280050278
depth4_bal_AAAMAMMM,4,AAAMAMMM,40925,491100,0.8781156192223231,0.8356876770655314,0.8286098463194711,0.6227154046997389,0.6331592689295039,0.6243427676473878,1.0,0.0003,1.0,12659.179296731949
depth4_bal_AAAMAMMM,4,AAAMAMMM,40950,491400,0.75131523112456,0.8327540755271912,0.8156683513096401,0.6968015665796344,0.6501305483028721,0.6464928962971249,1.0,0.0003,1.0,12667.511739969254
depth4_bal_AAAMAMMM,4,AAAMAMMM,40975,491700,0.5585173194607099,0.8001537322998047,0.7825945786067418,0.8204960835509139,0.6266318537859008,0.6306074504978185,1.0,0.0003,1.0,12675.400333166122
depth4_bal_AAAMAMMM,4,AAAMAMMM,41000,492000,0.8582709630330404,1.0704329013824463,1.095312970025199,0.6269582245430809,0.5156657963446475,0.49524555319386954,1.0,0.0003,1.0,12683.558955669403
depth4_bal_AAAMAMMM,4,AAAMAMMM,41025,492300,0.8925725122292837,0.880944569905599,0.9032899635178703,0.6302219321148825,0.6174934725848564,0.603423201700414,1.0,0.0003,1.0,12686.783818006516
depth4_bal_AAAMAMMM,4,AAAMAMMM,41050,492600,0.4991316596666972,0.5492775241533915,0.542800281729017,0.9122062663185379,0.8681462140992167,0.8839914979304173,1.0,0.0003,1.0,12690.109613895416
depth4_bal_AAAMAMMM,4,AAAMAMMM,41075,492900,0.8100879440704981,0.8224709232648214,0.8377956407410758,0.6589425587467362,0.6344647519582245,0.6264682850430697,1.0,0.0003,1.0,12693.095284223557
depth4_bal_AAAMAMMM,4,AAAMAMMM,41100,493200,0.9879153470198313,0.8889352281888326,0.8996023654937744,0.5763707571801566,0.5887728459530026,0.5803781183577581,1.0,0.0003,1.0,12696.086659431458
depth4_bal_AAAMAMMM,4,AAAMAMMM,41125,493500,0.626994863152504,0.6979216933250427,0.7222366060529436,0.7757832898172323,0.7023498694516971,0.686206510795391,1.0,0.0003,1.0,12699.084255695343
depth4_bal_AAAMAMMM,4,AAAMAMMM,41150,493800,0.8164063692092896,0.810470720132192,0.7975701996258326,0.6527415143603134,0.6631853785900783,0.6524219711377112,1.0,0.0003,1.0,12702.173421144485
depth4_bal_AAAMAMMM,4,AAAMAMMM,41175,494100,0.7293534328540167,1.238370696703593,1.2096568141664779,0.6974543080939948,0.5078328981723238,0.5072155722116568,1.0,0.0003,1.0,12705.160142183304
depth4_bal_AAAMAMMM,4,AAAMAMMM,41200,494400,0.6057365089654922,0.6186330914497375,0.6215700541223799,0.8426892950391645,0.8511749347258486,0.8469627475109073,1.0,0.0003,1.0,12708.184218645096
depth4_bal_AAAMAMMM,4,AAAMAMMM,41225,494700,0.8693948884805044,0.9838570753733317,1.0305335249219623,0.6214099216710183,0.5248041775456919,0.516500727150688,1.0,0.0003,1.0,12716.275067090988
depth4_bal_AAAMAMMM,4,AAAMAMMM,41250,495000,0.5217063923676809,0.5543598731358846,0.5451841984476362,0.8890339425587467,0.860313315926893,0.8813066338516613,1.0,0.0003,1.0,12724.59223651886
depth4_bal_AAAMAMMM,4,AAAMAMMM,41275,495300,1.0132702390352886,1.08420725663503,1.0097767233848571,0.560378590078329,0.5469973890339426,0.5707573554088824,1.0,0.0003,1.0,12732.923517465591
depth4_bal_AAAMAMMM,4,AAAMAMMM,41300,495600,1.1325625280539195,0.9733707308769226,0.9459916864122663,0.5205613577023499,0.5926892950391645,0.5880971025841817,1.0,0.0003,1.0,12741.2561480999
depth4_bal_AAAMAMMM,4,AAAMAMMM,41325,495900,0.7113683819770813,0.7301076650619507,0.7357161794389997,0.7140992167101827,0.6997389033942559,0.6830741693701756,1.0,0.0003,1.0,12749.71904373169
depth4_bal_AAAMAMMM,4,AAAMAMMM,41350,496200,0.6738791118065516,0.6753307580947876,0.7112298948424203,0.7242167101827677,0.720626631853786,0.6893388522206063,1.0,0.0003,1.0,12758.072542667389
depth4_bal_AAAMAMMM,4,AAAMAMMM,41375,496500,0.6024444798628489,0.68612668911616,0.6921905773026603,0.8231070496083551,0.7493472584856397,0.7317373307976284,1.0,0.0003,1.0,12766.430035114288
depth4_bal_AAAMAMMM,4,AAAMAMMM,41400,496800,0.9243877778450648,0.8713183204332987,0.8406534211976188,0.6067232375979112,0.6227154046997389,0.6560017899093858,1.0,0.0003,1.0,12774.717921257019
depth4_bal_AAAMAMMM,4,AAAMAMMM,41425,497100,0.6056722948948542,0.6224509874979655,0.6276452881949288,0.7907963446475196,0.7741514360313316,0.7834209643136816,1.0,0.0003,1.0,12783.17833852768
depth4_bal_AAAMAMMM,4,AAAMAMMM,41450,497400,1.0847217192252476,0.960162619749705,0.8953863842146738,0.5577676240208878,0.5496083550913838,0.5907819666629377,1.0,0.0003,1.0,12791.543577194214
depth4_bal_AAAMAMMM,4,AAAMAMMM,41475,497700,0.574913722773393,0.6847643057505289,0.6690349749156407,0.8524804177545692,0.7480417754569191,0.762277659693478,1.0,0.0003,1.0,12799.89171075821
depth4_bal_AAAMAMMM,4,AAAMAMMM,41500,498000,0.6270129432280859,0.6433309316635132,0.6140229906354632,0.7829634464751958,0.7859007832898173,0.8092627810717082,1.0,0.0003,1.0,12806.064025640488
depth4_bal_AAAMAMMM,4,AAAMAMMM,41525,498300,0.8567719757556915,0.978067417939504,0.9843223248209272,0.631201044386423,0.5626631853785901,0.556885557668643,1.0,0.0003,1.0,12809.153354406357
depth4_bal_AAAMAMMM,4,AAAMAMMM,41550,498600,0.5678611248731613,0.7557993531227112,0.741992882319859,0.8397519582245431,0.6409921671018277,0.66327329678935,1.0,0.0003,1.0,12812.131071805954
depth4_bal_AAAMAMMM,4,AAAMAMMM,41575,498900,0.5476791709661484,0.6838197112083435,0.6795958297593253,0.8185378590078329,0.7127937336814621,0.7167468396912406,1.0,0.0003,1.0,12819.436636924744
depth4_bal_AAAMAMMM,4,AAAMAMMM,41600,499200,0.6254803190628687,0.881617267926534,0.8795220341001239,0.7614229765013055,0.6057441253263708,0.6033113323637991,1.0,0.0003,1.0,12827.831091880798
depth4_bal_AAAMAMMM,4,AAAMAMMM,41625,499500,0.8294441203276316,0.9058517615000407,0.9165243012564522,0.639686684073107,0.5848563968668408,0.5849647611589663,1.0,0.0003,1.0,12836.202969551086
depth4_bal_AAAMAMMM,4,AAAMAMMM,41650,499800,0.8504778544108073,0.9286052187283834,0.9381571905953544,0.6452349869451697,0.5926892950391645,0.5740015661707126,1.0,0.0003,1.0,12844.320539712906
depth4_bal_AAAMAMMM,4,AAAMAMMM,41675,500100,0.8811676899592081,0.9605180223782858,0.944851769719805,0.6357702349869452,0.587467362924282,0.5637095872021479,1.0,0.0003,1.0,12852.521229028702
depth4_bal_AAAMAMMM,4,AAAMAMMM,41700,500400,0.6038662691911062,0.5827847123146057,0.5774185929979597,0.785574412532637,0.8159268929503917,0.8261550509005482,1.0,0.0003,1.0,12860.801281690598
depth4_bal_AAAMAMMM,4,AAAMAMMM,41725,500700,0.5906884421904882,0.61141969760259,0.6077812228884015,0.8266971279373369,0.825065274151436,0.8373419845620316,1.0,0.0003,1.0,12868.807244062424
depth4_bal_AAAMAMMM,4,AAAMAMMM,41750,501000,0.7808847924073538,0.7835214138031006,0.7784718785967145,0.6710182767624021,0.6697127937336814,0.6611477793936682,1.0,0.0003,1.0,12876.667168617249
depth4_bal_AAAMAMMM,4,AAAMAMMM,41775,501300,0.5324241096774737,0.5448576410611471,0.5322779331888471,0.8635770234986945,0.8629242819843342,0.8789573777827497,1.0,0.0003,1.0,12884.87326836586
depth4_bal_AAAMAMMM,4,AAAMAMMM,41800,501600,0.7738283922274908,0.8745626012484232,0.8352073567254202,0.6657963446475196,0.5939947780678851,0.6395569974270052,1.0,0.0003,1.0,12893.329696655273
depth4_bal_AAAMAMMM,4,AAAMAMMM,41825,501900,0.793722465634346,0.7646053036053976,0.7545749800545829,0.6968015665796344,0.720626631853786,0.7214453518290637,1.0,0.0003,1.0,12901.676309108734
depth4_bal_AAAMAMMM,4,AAAMAMMM,41850,502200,0.5607821146647135,0.6082716186841329,0.6376208577837262,0.8335509138381201,0.8080939947780679,0.7790580601857031,1.0,0.0003,1.0,12910.09023475647
depth4_bal_AAAMAMMM,4,AAAMAMMM,41875,502500,0.8098032176494598,0.7699647943178812,0.7941295862197876,0.6527415143603134,0.6932114882506527,0.6573442219487639,1.0,0.0003,1.0,12918.51923084259
depth4_bal_AAAMAMMM,4,AAAMAMMM,41900,502800,0.7318984419107437,0.7415109475453695,0.7043424538203649,0.7183420365535248,0.695822454308094,0.7345340642129993,1.0,0.0003,1.0,12926.698042869568
depth4_bal_AAAMAMMM,4,AAAMAMMM,41925,503100,0.6617454042037328,0.6937667727470398,0.6756707327706474,0.7597911227154047,0.7362924281984334,0.7469515605772458,1.0,0.0003,1.0,12934.921194553375
depth4_bal_AAAMAMMM,4,AAAMAMMM,41950,503400,0.656903401017189,0.7077915072441101,0.6922613041741508,0.7444516971279374,0.7258485639686684,0.7186486184136928,1.0,0.0003,1.0,12943.116069555283
depth4_bal_AAAMAMMM,4,AAAMAMMM,41975,503700,0.8146981745958328,0.7234313686688741,0.7089387008122036,0.6455613577023499,0.7140992167101827,0.711824588880188,1.0,0.0003,1.0,12951.405530691147
depth4_bal_AAAMAMMM,4,AAAMAMMM,42000,504000,0.500560628871123,0.6605250438054403,0.6420314294951303,0.8648825065274152,0.7571801566579635,0.7536637207741358,1.0,0.0003,1.0,12959.292273521423
depth4_bal_AAAMAMMM,4,AAAMAMMM,42025,504300,0.9764660398165385,0.8627968231836954,0.888827976158687,0.5982375979112271,0.6553524804177546,0.6308311891710482,1.0,0.0003,1.0,12967.588947534561
depth4_bal_AAAMAMMM,4,AAAMAMMM,42050,504600,0.6474655022223791,0.6296348571777344,0.6222234913281032,0.7914490861618799,0.8185378590078329,0.8250363575343999,1.0,0.0003,1.0,12975.489526033401
depth4_bal_AAAMAMMM,4,AAAMAMMM,42075,504900,0.6063133428494135,0.8246158361434937,0.8360540390014648,0.8009138381201044,0.6723237597911227,0.6697617183130105,1.0,0.0003,1.0,12984.00271487236
depth4_bal_AAAMAMMM,4,AAAMAMMM,42100,505200,0.5429917027552923,0.6619755625724792,0.6506713134901864,0.8348563968668408,0.7323759791122716,0.7435954804788008,1.0,0.0003,1.0,12992.088062286377
depth4_bal_AAAMAMMM,4,AAAMAMMM,42125,505500,0.6789427846670151,0.6456475059191386,0.6321794748306274,0.7627284595300261,0.8067885117493473,0.8118357758138495,1.0,0.0003,1.0,13000.543834924698
depth4_bal_AAAMAMMM,4,AAAMAMMM,42150,505800,0.6254960795243582,0.6127935647964478,0.5976122736930847,0.7725195822454308,0.7741514360313316,0.7920349032330238,1.0,0.0003,1.0,13008.924257040024
depth4_bal_AAAMAMMM,4,AAAMAMMM,42175,506100,0.4710020025571187,0.5151887734731039,0.503373374257769,0.9432114882506527,0.9242819843342036,0.9243763284483723,1.0,0.0003,1.0,13017.43839764595
depth4_bal_AAAMAMMM,4,AAAMAMMM,42200,506400,0.7864289879798889,0.7771652936935425,0.7862677795546396,0.6746083550913838,0.6631853785900783,0.6580154379684529,1.0,0.0003,1.0,13025.82390999794
depth4_bal_AAAMAMMM,4,AAAMAMMM,42225,506700,0.5186659097671509,0.5622098445892334,0.5727069224630084,0.8792428198433421,0.8368146214099217,0.8328672110974382,1.0,0.0003,1.0,13033.845108032227
depth4_bal_AAAMAMMM,4,AAAMAMMM,42250,507000,0.9974965751171112,1.0315723816553752,0.9918939556394305,0.5783289817232375,0.5718015665796344,0.5759033448931647,1.0,0.0003,1.0,13041.91830420494
depth4_bal_AAAMAMMM,4,AAAMAMMM,42275,507300,0.5365806023279825,0.6596913735071818,0.6508721658161708,0.8645561357702349,0.7519582245430809,0.758921579595033,1.0,0.0003,1.0,13049.982932806015
depth4_bal_AAAMAMMM,4,AAAMAMMM,42300,507600,0.7441971699396769,0.8773267269134521,0.8795350909233093,0.7046344647519582,0.6344647519582245,0.6351940932990268,1.0,0.0003,1.0,13058.016761779785
depth4_bal_AAAMAMMM,4,AAAMAMMM,42325,507900,0.6148250897725424,0.758816639582316,0.7157016243253436,0.7813315926892951,0.6657963446475196,0.7006376552187046,1.0,0.0003,1.0,13066.36299085617
depth4_bal_AAAMAMMM,4,AAAMAMMM,42350,508200,0.6015658726294836,0.7267849842707316,0.6867375799587795,0.7741514360313316,0.7049608355091384,0.7310661147779394,1.0,0.0003,1.0,13074.851058006287
depth4_bal_AAAMAMMM,4,AAAMAMMM,42375,508500,0.701887771487236,0.7362616062164307,0.7282367416790554,0.7157310704960835,0.7114882506527415,0.709810940821121,1.0,0.0003,1.0,13083.11852312088
depth4_bal_AAAMAMMM,4,AAAMAMMM,42400,508800,0.7176299790541331,0.9030498266220093,0.9179020166397095,0.7043080939947781,0.5966057441253264,0.5854122385054257,1.0,0.0003,1.0,13091.305836677551
depth4_bal_AAAMAMMM,4,AAAMAMMM,42425,509100,0.7654676487048467,0.6957942644755045,0.6985294563429696,0.7026762402088773,0.7715404699738904,0.7391207070142074,1.0,0.0003,1.0,13099.466648101807
depth4_bal_AAAMAMMM,4,AAAMAMMM,42450,509400,0.6089995950460434,0.6045830249786377,0.6221587147031512,0.7692558746736292,0.7702349869451697,0.7619420516836335,1.0,0.0003,1.0,13107.590318202972
depth4_bal_AAAMAMMM,4,AAAMAMMM,42475,509700,0.914892315864563,1.0860817432403564,1.0680956738335745,0.6008485639686684,0.5430809399477807,0.5478241414028415,1.0,0.0003,1.0,13115.814155101776
depth4_bal_AAAMAMMM,4,AAAMAMMM,42500,510000,0.5336255729198456,0.5650540987650553,0.5587064828191485,0.8818537859007833,0.8446475195822454,0.8573665958160868,1.0,0.0003,1.0,13124.009427309036
depth4_bal_AAAMAMMM,4,AAAMAMMM,42525,510300,0.61522409816583,0.9767808715502421,0.9074203372001648,0.7588120104438643,0.5587467362924282,0.5967110415035238,1.0,0.0003,1.0,13132.418454647064
depth4_bal_AAAMAMMM,4,AAAMAMMM,42550,510600,0.8460965206225713,1.054793397585551,1.0567319989204407,0.6338120104438643,0.5195822454308094,0.5102360443002573,1.0,0.0003,1.0,13140.609771490097
depth4_bal_AAAMAMMM,4,AAAMAMMM,42575,510900,0.6359152297178904,0.6210142771402994,0.6307589990752084,0.7813315926892951,0.8028720626631853,0.7960621993511579,1.0,0.0003,1.0,13148.867308855057
depth4_bal_AAAMAMMM,4,AAAMAMMM,42600,511200,0.9133036981026331,0.9203635255495707,0.939394804409572,0.6142297650130548,0.5900783289817232,0.5907819666629377,1.0,0.0003,1.0,13157.075990200043
depth4_bal_AAAMAMMM,4,AAAMAMMM,42625,511500,0.7580876102050146,0.8407382965087891,0.8573975188391549,0.6719973890339426,0.5926892950391645,0.5954804788007607,1.0,0.0003,1.0,13165.173798561096
depth4_bal_AAAMAMMM,4,AAAMAMMM,42650,511800,0.624065121014913,0.625946581363678,0.6056938290596008,0.7777415143603134,0.7872062663185379,0.8131782078532275,1.0,0.0003,1.0,13173.542145252228
depth4_bal_AAAMAMMM,4,AAAMAMMM,42675,512100,0.7970389525095621,0.9488866130510966,0.9356656517301287,0.6609007832898173,0.5691906005221932,0.5875377559011075,1.0,0.0003,1.0,13181.923081636429
depth4_bal_AAAMAMMM,4,AAAMAMMM,42700,512400,0.6052975455919901,0.6759759783744812,0.6567626816885812,0.7934073107049608,0.7454308093994778,0.748182123280009,1.0,0.0003,1.0,13190.330897331238
depth4_bal_AAAMAMMM,4,AAAMAMMM,42725,512700,0.7157827764749527,0.8547879060109457,0.8591967480523246,0.7284595300261096,0.6096605744125326,0.6157288287280457,1.0,0.0003,1.0,13198.781874418259
depth4_bal_AAAMAMMM,4,AAAMAMMM,42750,513000,0.6151964217424393,0.6669461528460184,0.6440257702554976,0.7934073107049608,0.7650130548302873,0.7799530148786218,1.0,0.0003,1.0,13207.18994307518
depth4_bal_AAAMAMMM,4,AAAMAMMM,42775,513300,1.0663501967986424,0.8814470966657003,0.8397357259477888,0.560378590078329,0.6279373368146214,0.6521982324644815,1.0,0.0003,1.0,13215.005487442017
depth4_bal_AAAMAMMM,4,AAAMAMMM,42800,513600,0.537531112631162,0.6409990986188253,0.647113505431584,0.8260443864229765,0.758485639686684,0.7519856807249133,1.0,0.0003,1.0,13223.256756782532
depth4_bal_AAAMAMMM,4,AAAMAMMM,42825,513900,1.2914496064186096,1.2131599982579548,1.238497291292463,0.47976501305483027,0.46475195822454307,0.4563150240519074,1.0,0.0003,1.0,13231.69842004776
depth4_bal_AAAMAMMM,4,AAAMAMMM,42850,514200,0.5166482155521711,0.5142325162887573,0.5064465693065099,0.8932767624020888,0.8955613577023499,0.9115113547376664,1.0,0.0003,1.0,13240.032996177673
depth4_bal_AAAMAMMM,4,AAAMAMMM,42875,514500,0.6698616594076157,0.758472204208374,0.7729817935398646,0.777088772845953,0.6684073107049608,0.6876608121713839,1.0,0.0003,1.0,13248.401868581772
depth4_bal_AAAMAMMM,4,AAAMAMMM,42900,514800,0.6098074714342753,0.65437384446462,0.657047688961029,0.8185378590078329,0.7702349869451697,0.7748070253943394,1.0,0.0003,1.0,13256.936507463455
depth4_bal_AAAMAMMM,4,AAAMAMMM,42925,515100,0.5605166951815287,0.5776686072349548,0.5669649038996015,0.8694516971279374,0.8459530026109661,0.8664280120818884,1.0,0.0003,1.0,13265.054044008255
depth4_bal_AAAMAMMM,4,AAAMAMMM,42950,515400,0.6922025779883066,0.8123760422070821,0.8036784035818917,0.7503263707571801,0.6631853785900783,0.6603646940373643,1.0,0.0003,1.0,13273.09575676918
depth4_bal_AAAMAMMM,4,AAAMAMMM,42975,515700,0.7285661945740382,0.7743356029192606,0.7836837530136108,0.7026762402088773,0.6671018276762402,0.6502964537420293,1.0,0.0003,1.0,13281.243366479874
depth4_bal_AAAMAMMM,4,AAAMAMMM,43000,516000,0.6131489872932434,0.6519144972165426,0.6304772921970913,0.7898172323759791,0.7558746736292428,0.7782749748293992,1.0,0.0003,1.0,13289.320913553238
depth4_bal_AAAMAMMM,4,AAAMAMMM,43025,516300,0.6287142187356949,0.699292520682017,0.6888096894536699,0.7539164490861618,0.7023498694516971,0.7058955140396017,1.0,0.0003,1.0,13297.490410804749
depth4_bal_AAAMAMMM,4,AAAMAMMM,43050,516600,0.6690484285354614,0.9053922891616821,0.8960767201014928,0.7300913838120104,0.5953002610966057,0.608792929857926,1.0,0.0003,1.0,13305.735095500946
depth4_bal_AAAMAMMM,4,AAAMAMMM,43075,516900,0.6146759142478307,0.6066269079844157,0.5892591084752764,0.7774151436031331,0.7872062663185379,0.7987470634299139,1.0,0.0003,1.0,13313.816792726517
depth4_bal_AAAMAMMM,4,AAAMAMMM,43100,517200,0.6073787858088812,0.6720996896425883,0.6871958494186401,0.7891644908616188,0.7676240208877284,0.7459447365477123,1.0,0.0003,1.0,13321.957692146301
depth4_bal_AAAMAMMM,4,AAAMAMMM,43125,517500,0.9788887153069178,0.9169906576474508,0.9170116662979126,0.5704960835509139,0.5744125326370757,0.5954804788007607,1.0,0.0003,1.0,13330.155319213867
depth4_bal_AAAMAMMM,4,AAAMAMMM,43150,517800,0.7823778837919235,0.9449275930722555,0.9112290246146065,0.6635117493472585,0.6005221932114883,0.6058843271059403,1.0,0.0003,1.0,13338.164187192917
depth4_bal_AAAMAMMM,4,AAAMAMMM,43175,518100,0.5623022938768069,0.6677842338879904,0.6825115271977016,0.8792428198433421,0.7963446475195822,0.7806242308983108,1.0,0.0003,1.0,13346.031916618347
depth4_bal_AAAMAMMM,4,AAAMAMMM,43200,518400,0.7048939317464828,0.7228070894877116,0.7095488377979824,0.7356396866840731,0.7232375979112271,0.7371070589551404,1.0,0.0003,1.0,13354.260870933533
depth4_bal_AAAMAMMM,4,AAAMAMMM,43225,518700,0.9008655498425165,1.0381248593330383,0.9740244473729814,0.625,0.5130548302872062,0.5550956482828057,1.0,0.0003,1.0,13360.01487827301
depth4_bal_AAAMAMMM,4,AAAMAMMM,43250,519000,0.8451531281073889,0.845456043879191,0.8384760192462376,0.6367493472584856,0.6488250652741514,0.6391095200805459,1.0,0.0003,1.0,13363.012480735779
depth4_bal_AAAMAMMM,4,AAAMAMMM,43275,519300,0.7270717869202296,0.7694255709648132,0.749061518056052,0.7663185378590078,0.7519582245430809,0.7337509788566954,1.0,0.0003,1.0,13366.585458517075
depth4_bal_AAAMAMMM,4,AAAMAMMM,43300,519600,0.7139915923277537,0.7460922598838806,0.7593017663274493,0.75,0.7232375979112271,0.7173061863743148,1.0,0.0003,1.0,13374.96191239357
depth4_bal_AAAMAMMM,4,AAAMAMMM,43325,519900,0.6804690013329188,0.7516441941261292,0.7542991008077349,0.741514360313316,0.7036553524804178,0.7005257858820897,1.0,0.0003,1.0,13383.146860599518
depth4_bal_AAAMAMMM,4,AAAMAMMM,43350,520200,0.9099839925765991,1.0886372725168865,1.0303562147276741,0.6112924281984334,0.5300261096605744,0.5591229444009397,1.0,0.0003,1.0,13391.40893292427
depth4_bal_AAAMAMMM,4,AAAMAMMM,43375,520500,0.811957503358523,0.7236537337303162,0.725224700995854,0.6618798955613577,0.7310704960835509,0.7026513032777716,1.0,0.0003,1.0,13399.906931877136
depth4_bal_AAAMAMMM,4,AAAMAMMM,43400,520800,0.8928748468557993,1.0779821077982585,0.9985360945974078,0.6220626631853786,0.5391644908616188,0.5687437073498154,1.0,0.0003,1.0,13408.063855171204
depth4_bal_AAAMAMMM,4,AAAMAMMM,43425,521100,0.5140066792567571,0.564464271068573,0.5411973459380014,0.8772845953002611,0.8381201044386423,0.8544579930641011,1.0,0.0003,1.0,13416.393351316452
depth4_bal_AAAMAMMM,4,AAAMAMMM,43450,521400,0.42057759314775467,0.44930894176165265,0.4480484962463379,0.9487597911227154,0.9373368146214099,0.9363463474661595,1.0,0.0003,1.0,13424.816890954971
depth4_bal_AAAMAMMM,4,AAAMAMMM,43475,521700,0.7428016016880671,0.9114515781402588,0.8498614396367754,0.7163838120104439,0.6031331592689295,0.6369840026848641,1.0,0.0003,1.0,13433.365884542465
depth4_bal_AAAMAMMM,4,AAAMAMMM,43500,522000,0.6786612868309021,0.6151947975158691,0.6066352827208382,0.7251958224543081,0.8067885117493473,0.8040049222508111,1.0,0.0003,1.0,13441.391033649445
depth4_bal_AAAMAMMM,4,AAAMAMMM,43525,522300,0.47384701172510785,0.521393616994222,0.5214794789041791,0.8939295039164491,0.8485639686684073,0.8542342543908714,1.0,0.0003,1.0,13449.819024801254
depth4_bal_AAAMAMMM,4,AAAMAMMM,43550,522600,0.6307617624600729,0.6230740944544474,0.6126073275293623,0.7868798955613577,0.7845953002610966,0.7886788231345788,1.0,0.0003,1.0,13458.19149518013
depth4_bal_AAAMAMMM,4,AAAMAMMM,43575,522900,0.7485738297303518,0.7660438815752665,0.7866141387394496,0.6879895561357703,0.6657963446475196,0.6634970354625797,1.0,0.0003,1.0,13466.66019153595
depth4_bal_AAAMAMMM,4,AAAMAMMM,43600,523200,0.620083823800087,0.7389123837153116,0.7178192291940961,0.7558746736292428,0.6866840731070496,0.6871014654883096,1.0,0.0003,1.0,13474.949974775314
depth4_bal_AAAMAMMM,4,AAAMAMMM,43625,523500,0.7515675773223242,0.840040385723114,0.8084503378186907,0.6945169712793734,0.6109660574412533,0.6356415706454861,1.0,0.0003,1.0,13483.313457489014
depth4_bal_AAAMAMMM,4,AAAMAMMM,43650,523800,0.7269073377052943,0.7293957869211832,0.7305325882775443,0.7160574412532638,0.7297650130548303,0.7143975836223291,1.0,0.0003,1.0,13491.584777832031
depth4_bal_AAAMAMMM,4,AAAMAMMM,43675,524100,0.5859350462754568,0.635750949382782,0.635862376008715,0.8227806788511749,0.7898172323759791,0.7849871350262893,1.0,0.0003,1.0,13499.704614162445
depth4_bal_AAAMAMMM,4,AAAMAMMM,43700,524400,0.9913434535264969,0.9756868680318197,1.008660878453936,0.5848563968668408,0.5718015665796344,0.5594585524107842,1.0,0.0003,1.0,13508.049309015274
depth4_bal_AAAMAMMM,4,AAAMAMMM,43725,524700,0.735663890838623,0.7306393980979919,0.7184579644884382,0.6974543080939948,0.6919060052219321,0.7157400156617071,1.0,0.0003,1.0,13516.33871269226
depth4_bal_AAAMAMMM,4,AAAMAMMM,43750,525000,0.834965780377388,1.1683696508407593,1.1049469845635551,0.6507832898172323,0.5013054830287206,0.5069918335384271,1.0,0.0003,1.0,13524.653406620026
depth4_bal_AAAMAMMM,4,AAAMAMMM,43775,525300,0.5930033673842748,0.6984633406003317,0.6757776941571917,0.7751305483028721,0.7310704960835509,0.721892829175523,1.0,0.0003,1.0,13533.11269569397
depth4_bal_AAAMAMMM,4,AAAMAMMM,43800,525600,0.7599893311659495,0.7375199397404989,0.7469502806663513,0.685378590078329,0.716710182767624,0.7092515941380467,1.0,0.0003,1.0,13541.593629360199
depth4_bal_AAAMAMMM,4,AAAMAMMM,43825,525900,0.5507391144831976,0.6404006878534952,0.6524528656687055,0.8671671018276762,0.7859007832898173,0.7726815079986575,1.0,0.0003,1.0,13549.806433200836
depth4_bal_AAAMAMMM,4,AAAMAMMM,43850,526200,0.529672106107076,0.5582985480626425,0.5596382175173078,0.8714099216710183,0.8381201044386423,0.8364470298691129,1.0,0.0003,1.0,13558.21914935112
depth4_bal_AAAMAMMM,4,AAAMAMMM,43875,526500,0.663241003950437,0.6706888675689697,0.6739692483629499,0.7398825065274152,0.7519582245430809,0.7294999440653317,1.0,0.0003,1.0,13566.415671348572
depth4_bal_AAAMAMMM,4,AAAMAMMM,43900,526800,0.6096636801958084,0.6975433429082235,0.6684846946171352,0.7881853785900783,0.7297650130548303,0.7480702539433941,1.0,0.0003,1.0,13574.467415332794
depth4_bal_AAAMAMMM,4,AAAMAMMM,43925,527100,0.6763158390919367,0.6261250575383505,0.629614325932094,0.75,0.7924281984334204,0.7927061192527128,1.0,0.0003,1.0,13582.72028017044
depth4_bal_AAAMAMMM,4,AAAMAMMM,43950,527400,0.5113595128059387,0.5831091602643331,0.5781876002039228,0.8619451697127938,0.8120104438642297,0.8165342879516725,1.0,0.0003,1.0,13591.01109457016
depth4_bal_AAAMAMMM,4,AAAMAMMM,43975,527700,0.5204734355211258,0.5477068821589152,0.5312548228672572,0.908289817232376,0.8785900783289817,0.899653205056494,1.0,0.0003,1.0,13599.192532777786
depth4_bal_AAAMAMMM,4,AAAMAMMM,44000,528000,0.51083671549956,0.6115076343218485,0.5958290525845119,0.8508485639686684,0.7571801566579635,0.7809598389081552,1.0,0.0003,1.0,13607.370477199554
depth4_bal_AAAMAMMM,4,AAAMAMMM,44025,528300,0.7444120595852534,0.7275433937708536,0.7224083815302168,0.743798955613577,0.7597911227154047,0.7666405638214565,1.0,0.0003,1.0,13615.863205194473
depth4_bal_AAAMAMMM,4,AAAMAMMM,44050,528600,0.6622322698434194,0.9220769206682841,0.8753399269921439,0.7434725848563969,0.5913838120104439,0.6362009173285602,1.0,0.0003,1.0,13624.21193432808
depth4_bal_AAAMAMMM,4,AAAMAMMM,44075,528900,0.7153818756341934,0.7789961894353231,0.7478288190705435,0.7274804177545692,0.6788511749347258,0.6874370734981542,1.0,0.0003,1.0,13632.577309131622
depth4_bal_AAAMAMMM,4,AAAMAMMM,44100,529200,0.6962339952588081,1.260643760363261,1.2308782270976475,0.7294386422976501,0.48825065274151436,0.47779393668195547,1.0,0.0003,1.0,13640.83738398552
depth4_bal_AAAMAMMM,4,AAAMAMMM,44125,529500,0.83478977282842,1.0707918802897136,1.0279698167528426,0.6325065274151436,0.5182767624020888,0.5380915091173509,1.0,0.0003,1.0,13649.094645738602
depth4_bal_AAAMAMMM,4,AAAMAMMM,44150,529800,0.5555147851506869,0.5874046683311462,0.5703692742756434,0.845626631853786,0.8276762402088773,0.843047320729388,1.0,0.0003,1.0,13653.545355081558
depth4_bal_AAAMAMMM,4,AAAMAMMM,44175,530100,0.8239701241254807,0.8444534341494242,0.8160666448729379,0.6622062663185379,0.6292428198433421,0.6511914084349479,1.0,0.0003,1.0,13658.364283561707
depth4_bal_AAAMAMMM,4,AAAMAMMM,44200,530400,0.7979971667130789,0.7972878813743591,0.7926323686327253,0.6475195822454308,0.6553524804177546,0.6696498489763956,1.0,0.0003,1.0,13664.537219762802
depth4_bal_AAAMAMMM,4,AAAMAMMM,44225,530700,0.8566141823927561,1.1271751324335735,1.1529983690806798,0.6325065274151436,0.5221932114882507,0.4988253719655442,1.0,0.0003,1.0,13672.543917179108
depth4_bal_AAAMAMMM,4,AAAMAMMM,44250,531000,0.9112727890412012,1.1768347024917603,1.1636949164526804,0.5966057441253264,0.4804177545691906,0.4971473319163217,1.0,0.0003,1.0,13680.8680331707
depth4_bal_AAAMAMMM,4,AAAMAMMM,44275,531300,0.6881401091814041,1.0166789889335632,0.9693363070487976,0.7163838120104439,0.5861618798955613,0.6049893724130216,1.0,0.0003,1.0,13689.19116783142
depth4_bal_AAAMAMMM,4,AAAMAMMM,44300,531600,0.5878294656674067,0.6106919248898824,0.6027541943958827,0.8407310704960835,0.8289817232375979,0.837006376552187,1.0,0.0003,1.0,13697.333280086517
depth4_bal_AAAMAMMM,4,AAAMAMMM,44325,531900,0.7463424603144327,0.687431792418162,0.6836912052971976,0.6804830287206266,0.7389033942558747,0.7329678935003915,1.0,0.0003,1.0,13705.561833381653
depth4_bal_AAAMAMMM,4,AAAMAMMM,44350,532200,0.7711340188980103,1.017066776752472,0.9888189503124782,0.6700391644908616,0.5195822454308094,0.5382033784539658,1.0,0.0003,1.0,13713.930610895157
depth4_bal_AAAMAMMM,4,AAAMAMMM,44375,532500,0.6081682940324148,0.726499875386556,0.7141182967594691,0.7911227154046997,0.7036553524804178,0.7175299250475444,1.0,0.0003,1.0,13721.989630699158
depth4_bal_AAAMAMMM,4,AAAMAMMM,44400,532800,0.5335658093293508,0.6312824487686157,0.6311615858759199,0.845626631853786,0.7402088772845953,0.7591453182682627,1.0,0.0003,1.0,13728.811515808105
depth4_bal_AAAMAMMM,4,AAAMAMMM,44425,533100,0.7334413677453995,0.739948550860087,0.7275301762989589,0.7056135770234987,0.6997389033942559,0.6967222284371853,1.0,0.0003,1.0,13731.812328100204
depth4_bal_AAAMAMMM,4,AAAMAMMM,44450,533400,0.6585144797960917,0.9877507090568542,0.9707587344305856,0.7467362924281984,0.5052219321148825,0.5162769884774583,1.0,0.0003,1.0,13736.946762800217
depth4_bal_AAAMAMMM,4,AAAMAMMM,44475,533700,1.0235957503318787,1.2011338472366333,1.2001782826014928,0.5362271540469974,0.44386422976501305,0.45855241078420406,1.0,0.0003,1.0,13745.344591856003
depth4_bal_AAAMAMMM,4,AAAMAMMM,44500,534000,0.5628354152043661,0.6267190972963969,0.6128701891217913,0.8443211488250653,0.7911227154046997,0.8031099675578924,1.0,0.0003,1.0,13749.71275305748
depth4_bal_AAAMAMMM,4,AAAMAMMM,44525,534300,0.8140280495087305,0.8726557691891988,0.9207352995872498,0.6537206266318538,0.618798955613577,0.5913413133460118,1.0,0.0003,1.0,13752.78643155098
depth4_bal_AAAMAMMM,4,AAAMAMMM,44550,534600,0.6689012547334036,0.8342869281768799,0.7954343250819615,0.7715404699738904,0.6122715404699739,0.6583510459782973,1.0,0.0003,1.0,13758.85487484932
depth4_bal_AAAMAMMM,4,AAAMAMMM,44575,534900,0.5005192011594772,0.5328593651453654,0.544118400982448,0.8952349869451697,0.8890339425587467,0.859939590558228,1.0,0.0003,1.0,13765.092235803604
depth4_bal_AAAMAMMM,4,AAAMAMMM,44600,535200,1.0009616663058598,0.9736987352371216,1.0058075785636902,0.5496083550913838,0.5496083550913838,0.5376440317708916,1.0,0.0003,1.0,13773.509759187698
depth4_bal_AAAMAMMM,4,AAAMAMMM,44625,535500,0.7229678134123484,1.0045775572458904,0.9489626288414001,0.7075718015665796,0.5339425587467362,0.5723235261214901,1.0,0.0003,1.0,13781.853485822678
depth4_bal_AAAMAMMM,4,AAAMAMMM,44650,535800,0.6624706834554672,0.6940011382102966,0.6817912016596113,0.7555483028720626,0.7271540469973891,0.7491889473095424,1.0,0.0003,1.0,13790.24812579155
depth4_bal_AAAMAMMM,4,AAAMAMMM,44675,536100,1.009596476952235,0.989435871442159,0.9412890332085746,0.5734334203655352,0.54177545691906,0.5814968117239064,1.0,0.0003,1.0,13798.734944343567
depth4_bal_AAAMAMMM,4,AAAMAMMM,44700,536400,0.7059613913297653,0.7673629522323608,0.7504601155008589,0.7418407310704961,0.6827676240208878,0.692247454972592,1.0,0.0003,1.0,13807.133775472641
depth4_bal_AAAMAMMM,4,AAAMAMMM,44725,536700,0.8483109325170517,1.02418053150177,1.0658526011875697,0.6347911227154047,0.5496083550913838,0.5507327441548272,1.0,0.0003,1.0,13815.497321844101
depth4_bal_AAAMAMMM,4,AAAMAMMM,44750,537000,0.8011269519726435,0.9448350071907043,0.9225083470344544,0.6817885117493473,0.5992167101827677,0.6072267591453183,1.0,0.0003,1.0,13823.876967906952
depth4_bal_AAAMAMMM,4,AAAMAMMM,44775,537300,0.6235784490903219,0.6786143183708191,0.6541417394365583,0.8074412532637075,0.7741514360313316,0.7957265913413133,1.0,0.0003,1.0,13832.202533006668
depth4_bal_AAAMAMMM,4,AAAMAMMM,44800,537600,0.5028913294275602,0.5452458063761393,0.5396655712808881,0.9389686684073107,0.8955613577023499,0.9004362904127978,1.0,0.0003,1.0,13840.549382448196
depth4_bal_AAAMAMMM,4,AAAMAMMM,44825,537900,0.7080161025126775,0.743410607179006,0.7106420193399702,0.7219321148825065,0.6932114882506527,0.7202147891263004,1.0,0.0003,1.0,13848.561130523682
depth4_bal_AAAMAMMM,4,AAAMAMMM,44850,538200,0.8613272309303284,1.1548121372858684,1.183482391493661,0.6347911227154047,0.489556135770235,0.4732072938807473,1.0,0.0003,1.0,13856.781182527542
depth4_bal_AAAMAMMM,4,AAAMAMMM,44875,538500,0.5756057252486547,0.6389613350232443,0.6276989902768816,0.8674934725848564,0.7950391644908616,0.8085915650520192,1.0,0.0003,1.0,13865.263881206512
depth4_bal_AAAMAMMM,4,AAAMAMMM,44900,538800,0.9155066758394241,1.2984033425649006,1.2682855946677072,0.6021540469973891,0.45822454308093996,0.45128090390423986,1.0,0.0003,1.0,13873.590932369232
depth4_bal_AAAMAMMM,4,AAAMAMMM,44925,539100,0.6563981721798579,0.7014817794164022,0.6986141783850534,0.7516318537859008,0.7310704960835509,0.7288287280456427,1.0,0.0003,1.0,13881.933501958847
depth4_bal_AAAMAMMM,4,AAAMAMMM,44950,539400,0.4923368419210116,0.5105098684628805,0.4942609540053776,0.8955613577023499,0.9007832898172323,0.9201252936570086,1.0,0.0003,1.0,13890.341265439987
depth4_bal_AAAMAMMM,4,AAAMAMMM,44975,539700,0.5802435353398323,0.682283341884613,0.6642811400549752,0.8218015665796344,0.7297650130548303,0.7550061528135138,1.0,0.0003,1.0,13898.239856481552
depth4_bal_AAAMAMMM,4,AAAMAMMM,45000,540000,0.5129994576176008,0.535586416721344,0.529316006387983,0.9122062663185379,0.8798955613577023,0.9036805011746281,1.0,0.0003,1.0,13906.001319885254
depth4_bal_AAAMAMMM,4,AAAMAMMM,45025,540300,0.5377610772848129,0.5262155532836914,0.5287966012954712,0.8580287206266318,0.8851174934725848,0.886228884662714,1.0,0.0003,1.0,13914.34404349327
depth4_bal_AAAMAMMM,4,AAAMAMMM,45050,540600,1.0208916167418163,1.0832820733388264,1.0312478065490722,0.5567885117493473,0.5391644908616188,0.5525226535406645,1.0,0.0003,1.0,13921.929318666458
depth4_bal_AAAMAMMM,4,AAAMAMMM,45075,540900,0.6069550961256027,0.7609701156616211,0.7337244135992868,0.787532637075718,0.6788511749347258,0.6941492336950442,1.0,0.0003,1.0,13930.281273126602
depth4_bal_AAAMAMMM,4,AAAMAMMM,45100,541200,0.793586865067482,0.7659987211227417,0.7788839408329555,0.6651436031331592,0.7023498694516971,0.6819554760040273,1.0,0.0003,1.0,13938.602010011673
depth4_bal_AAAMAMMM,4,AAAMAMMM,45125,541500,0.5124596978227297,0.5422689517339071,0.5227715807301657,0.8674934725848564,0.8342036553524804,0.861953238617295,1.0,0.0003,1.0,13947.006794214249
depth4_bal_AAAMAMMM,4,AAAMAMMM,45150,541800,0.7348484595616659,0.7484129071235657,0.7424723216465541,0.7065926892950392,0.6906005221932114,0.6960510124174963,1.0,0.0003,1.0,13955.517364025116
depth4_bal_AAAMAMMM,4,AAAMAMMM,45175,542100,0.596934457619985,0.7249224185943604,0.7523369550704956,0.7839425587467362,0.716710182767624,0.7008613938919342,1.0,0.0003,1.0,13963.989248514175
depth4_bal_AAAMAMMM,4,AAAMAMMM,45200,542400,0.8033337742090225,0.929375171661377,0.9740304095404488,0.6524151436031331,0.6031331592689295,0.5621434164895402,1.0,0.0003,1.0,13972.41253209114
depth4_bal_AAAMAMMM,4,AAAMAMMM,45225,542700,0.576868732770284,0.7525107264518738,0.7252637812069485,0.8012402088772846,0.6840731070496083,0.7122720662266473,1.0,0.0003,1.0,13980.726320028305
depth4_bal_AAAMAMMM,4,AAAMAMMM,45250,543000,0.7378539592027664,0.820043702920278,0.7958309718540737,0.6860313315926893,0.639686684073107,0.6520863631278666,1.0,0.0003,1.0,13989.023541688919
depth4_bal_AAAMAMMM,4,AAAMAMMM,45275,543300,0.889606237411499,0.8414136171340942,0.8272529550961085,0.6217362924281984,0.6292428198433421,0.6342991386061081,1.0,0.0003,1.0,13997.224238157272
depth4_bal_AAAMAMMM,4,AAAMAMMM,45300,543600,0.5602311293284098,0.5953490734100342,0.5789822442190987,0.8361618798955613,0.8093994778067886,0.8267143975836223,1.0,0.0003,1.0,14005.440261363983
depth4_bal_AAAMAMMM,4,AAAMAMMM,45325,543900,1.0739316592613857,1.3247806628545125,1.3122562272208078,0.5528720626631853,0.48433420365535246,0.4733191632173621,1.0,0.0003,1.0,14013.845732450485
depth4_bal_AAAMAMMM,4,AAAMAMMM,45350,544200,0.5816835463047028,0.5900113582611084,0.5756832957267761,0.8364882506527415,0.8524804177545692,0.8613938919342208,1.0,0.0003,1.0,14022.254673242569
depth4_bal_AAAMAMMM,4,AAAMAMMM,45375,544500,0.9631214141845703,0.8141158223152161,0.8072216408593315,0.5757180156657964,0.6788511749347258,0.6590222619979863,1.0,0.0003,1.0,14030.62447810173
depth4_bal_AAAMAMMM,4,AAAMAMMM,45400,544800,0.6705781122048696,0.6882229248682658,0.6948082515171596,0.7581592689295039,0.7571801566579635,0.7550061528135138,1.0,0.0003,1.0,14038.937913894653
depth4_bal_AAAMAMMM,4,AAAMAMMM,45425,545100,0.5668886204560598,0.6925930778185526,0.7040210877146039,0.8067885117493473,0.7193211488250653,0.7176417943841593,1.0,0.0003,1.0,14043.839085102081
depth4_bal_AAAMAMMM,4,AAAMAMMM,45450,545400,0.8739288747310638,1.1562720934549968,1.1415165560586111,0.6207571801566579,0.5052219321148825,0.5110191296565612,1.0,0.0003,1.0,14046.883628368378
depth4_bal_AAAMAMMM,4,AAAMAMMM,45475,545700,0.560351183017095,0.6206178863843282,0.5938125933919635,0.8459530026109661,0.7898172323759791,0.8257075735540889,1.0,0.0003,1.0,14052.829234838486
depth4_bal_AAAMAMMM,4,AAAMAMMM,45500,546000,0.8198639104763666,0.8906352718671163,0.8727763056755066,0.6612271540469974,0.6018276762402088,0.6016332923145766,1.0,0.0003,1.0,14060.960568904877
depth4_bal_AAAMAMMM,4,AAAMAMMM,45525,546300,0.5859807481368383,0.5935916503270467,0.5820926989827837,0.9033942558746736,0.9033942558746736,0.9126300481038148,1.0,0.0003,1.0,14069.602291584015
depth4_bal_AAAMAMMM,4,AAAMAMMM,45550,546600,1.038316398859024,0.9825640122095743,0.9917041386876787,0.5538511749347258,0.577023498694517,0.5628146325092293,1.0,0.0003,1.0,14077.998616933823
depth4_bal_AAAMAMMM,4,AAAMAMMM,45575,546900,0.5575031340122223,0.5965113639831543,0.5985495805740356,0.8658616187989556,0.8381201044386423,0.8354402058395793,1.0,0.0003,1.0,14086.25070643425
depth4_bal_AAAMAMMM,4,AAAMAMMM,45600,547200,0.7583199242750803,0.8771136204401652,0.8234923686300005,0.6814621409921671,0.608355091383812,0.6419062534959168,1.0,0.0003,1.0,14094.598107814789
depth4_bal_AAAMAMMM,4,AAAMAMMM,45625,547500,0.5712032069762548,0.5999098817507426,0.6182179893766131,0.8142950391644909,0.7924281984334204,0.7782749748293992,1.0,0.0003,1.0,14103.12697482109
depth4_bal_AAAMAMMM,4,AAAMAMMM,45650,547800,0.6093454311291376,0.6540946960449219,0.6477743165833609,0.7829634464751958,0.716710182767624,0.7344221948763844,1.0,0.0003,1.0,14111.548587083817
depth4_bal_AAAMAMMM,4,AAAMAMMM,45675,548100,0.5826130012671152,0.6384527087211609,0.6083021453448705,0.7992819843342036,0.7558746736292428,0.7780512361561696,1.0,0.0003,1.0,14120.070467710495
depth4_bal_AAAMAMMM,4,AAAMAMMM,45700,548400,0.5476493736108144,0.5520932674407959,0.5406079190117973,0.8730417754569191,0.881201044386423,0.8993175970466495,1.0,0.0003,1.0,14128.411159992218
depth4_bal_AAAMAMMM,4,AAAMAMMM,45725,548700,0.6777915557225546,0.8245185216267904,0.8464084948812213,0.7369451697127938,0.6201044386422977,0.603423201700414,1.0,0.0003,1.0,14136.884031057358
depth4_bal_AAAMAMMM,4,AAAMAMMM,45750,549000,0.840600440899531,0.886745810508728,0.864704988683973,0.643603133159269,0.6122715404699739,0.6187493008166461,1.0,0.0003,1.0,14145.313992023468
depth4_bal_AAAMAMMM,4,AAAMAMMM,45775,549300,0.6717286755641302,0.7662805914878845,0.7682526929037912,0.7265013054830287,0.6618798955613577,0.6618189954133572,1.0,0.0003,1.0,14153.39591383934
depth4_bal_AAAMAMMM,4,AAAMAMMM,45800,549600,0.8652913669745127,0.8636835018793741,0.882526193346296,0.6298955613577023,0.5900783289817232,0.6010739456315024,1.0,0.0003,1.0,14161.934318304062
depth4_bal_AAAMAMMM,4,AAAMAMMM,45825,549900,0.6509918719530106,0.6560957431793213,0.655575282233102,0.7956919060052219,0.7924281984334204,0.7955028526680836,1.0,0.0003,1.0,14170.085020303726
depth4_bal_AAAMAMMM,4,AAAMAMMM,45850,550200,0.5366812000672022,0.5944094856580099,0.6029549871172224,0.8449738903394256,0.7872062663185379,0.7824141402841481,1.0,0.0003,1.0,14178.113018512726
depth4_bal_AAAMAMMM,4,AAAMAMMM,45875,550500,0.5480836406350136,0.6921070218086243,0.6805493014199393,0.8204960835509139,0.7180156657963447,0.732632285490547,1.0,0.0003,1.0,14186.277087211609
depth4_bal_AAAMAMMM,4,AAAMAMMM,45900,550800,0.7129101057847341,0.8723997076352438,0.833716366972242,0.7189947780678851,0.6344647519582245,0.6631614274527352,1.0,0.0003,1.0,14194.843830823898
depth4_bal_AAAMAMMM,4,AAAMAMMM,45925,551100,0.6094769189755121,0.630440870920817,0.636706977231162,0.7960182767624021,0.7637075718015666,0.7603758809710258,1.0,0.0003,1.0,14203.397614479065
depth4_bal_AAAMAMMM,4,AAAMAMMM,45950,551400,0.6396265973647436,0.7394964098930359,0.7301469343049186,0.7581592689295039,0.6892950391644909,0.690233806913525,1.0,0.0003,1.0,14211.813437223434
depth4_bal_AAAMAMMM,4,AAAMAMMM,45975,551700,0.6598092317581177,0.8672650655110677,0.8612167137009757,0.7545691906005222,0.6096605744125326,0.6247902449938472,1.0,0.0003,1.0,14219.967809438705
depth4_bal_AAAMAMMM,4,AAAMAMMM,46000,552000,0.5716082255045573,0.5858505765597025,0.5691098979541234,0.8322454308093995,0.814621409921671,0.8415930193533953,1.0,0.0003,1.0,14228.002612352371
depth4_bal_AAAMAMMM,4,AAAMAMMM,46025,552300,0.8569338371356329,1.226518710454305,1.1220539620944432,0.6282637075718016,0.5221932114882507,0.5832867211097438,1.0,0.0003,1.0,14236.35504937172
depth4_bal_AAAMAMMM,4,AAAMAMMM,46050,552600,0.48967960476875305,0.5088952084382375,0.5019583872386387,0.9102480417754569,0.9073107049608355,0.9094977066785994,1.0,0.0003,1.0,14244.608763694763
depth4_bal_AAAMAMMM,4,AAAMAMMM,46075,552900,0.483613188068072,0.517683744430542,0.5091834758009229,0.8978459530026109,0.8707571801566579,0.8806354178319723,1.0,0.0003,1.0,14253.200690507889
depth4_bal_AAAMAMMM,4,AAAMAMMM,46100,553200,0.8118966569503149,0.8079573512077332,0.794840885911669,0.6481723237597912,0.6514360313315927,0.6602528247007495,1.0,0.0003,1.0,14261.666970014572
depth4_bal_AAAMAMMM,4,AAAMAMMM,46125,553500,0.5191653122504553,0.5818559328715006,0.5960848024913243,0.881201044386423,0.8198433420365535,0.8178767199910505,1.0,0.0003,1.0,14270.115496397018
depth4_bal_AAAMAMMM,4,AAAMAMMM,46150,553800,1.0206529746452968,0.971889853477478,0.9983220321791513,0.5828981723237598,0.5535248041775457,0.5632621098556886,1.0,0.0003,1.0,14278.42299079895
depth4_bal_AAAMAMMM,4,AAAMAMMM,46175,554100,0.7241415480772654,0.7578604022661845,0.7627529893602644,0.7163838120104439,0.6945169712793734,0.6853115561024723,1.0,0.0003,1.0,14286.939486980438
depth4_bal_AAAMAMMM,4,AAAMAMMM,46200,554400,0.8498430748780569,0.7879425485928854,0.797683014188494,0.6403394255874674,0.6514360313315927,0.6521982324644815,1.0,0.0003,1.0,14295.369368314743
depth4_bal_AAAMAMMM,4,AAAMAMMM,46225,554700,1.5973863899707794,1.3048290411631267,1.2927129575184413,0.4069843342036554,0.4321148825065274,0.4371853674907708,1.0,0.0003,1.0,14303.732230186462
depth4_bal_AAAMAMMM,4,AAAMAMMM,46250,555000,0.6123896141846975,0.6804170807202657,0.6630327037402561,0.8074412532637075,0.7610966057441253,0.7693254279002125,1.0,0.0003,1.0,14312.114624023438
depth4_bal_AAAMAMMM,4,AAAMAMMM,46275,555300,0.5869512359301249,0.6160552302996317,0.6124142169952392,0.8129895561357703,0.7845953002610966,0.7929298579259425,1.0,0.0003,1.0,14320.55457830429
depth4_bal_AAAMAMMM,4,AAAMAMMM,46300,555600,0.6095167150100073,0.6273160974184672,0.6144073792866298,0.799934725848564,0.7911227154046997,0.8006488421523661,1.0,0.0003,1.0,14328.782584190369
depth4_bal_AAAMAMMM,4,AAAMAMMM,46325,555900,0.6459413270155588,0.7113862037658691,0.7011716706412179,0.7496736292428199,0.6697127937336814,0.7013088712383936,1.0,0.0003,1.0,14337.186117887497
depth4_bal_AAAMAMMM,4,AAAMAMMM,46350,556200,0.9958938757578532,1.379027287165324,1.4095150232315063,0.5629895561357703,0.4386422976501306,0.42566282581944287,1.0,0.0003,1.0,14345.466109275818
depth4_bal_AAAMAMMM,4,AAAMAMMM,46375,556500,0.7528589914242426,0.9445518056551615,0.9499783158302307,0.714425587467363,0.5757180156657964,0.5746727821904016,1.0,0.0003,1.0,14353.688286066055
depth4_bal_AAAMAMMM,4,AAAMAMMM,46400,556800,0.5738247061769167,0.6577815612157186,0.6288914493152074,0.8015665796344648,0.7741514360313316,0.7753663720774135,1.0,0.0003,1.0,14361.70933675766
depth4_bal_AAAMAMMM,4,AAAMAMMM,46425,557100,0.5817933330933253,0.6760189930597941,0.6728136403220041,0.8074412532637075,0.7284595300261096,0.7350934108960734,1.0,0.0003,1.0,14370.01452755928
depth4_bal_AAAMAMMM,4,AAAMAMMM,46450,557400,0.6873394797245661,0.7108305295308431,0.6901943751743862,0.7575065274151436,0.7480417754569191,0.7654100011186934,1.0,0.0003,1.0,14377.908172369003
depth4_bal_AAAMAMMM,4,AAAMAMMM,46475,557700,0.5065474435687065,0.5651400685310364,0.5555648122514997,0.8678198433420365,0.8420365535248042,0.8352164671663497,1.0,0.0003,1.0,14386.208389520645
depth4_bal_AAAMAMMM,4,AAAMAMMM,46500,558000,0.5403022716442744,0.5809916257858276,0.5751206040382385,0.8338772845953003,0.8002610966057441,0.8074728716858709,1.0,0.0003,1.0,14394.45086812973
depth4_bal_AAAMAMMM,4,AAAMAMMM,46525,558300,0.6346212128798167,0.7829173803329468,0.7691868373325893,0.7728459530026109,0.6475195822454308,0.6607003020472089,1.0,0.0003,1.0,14402.712405920029
depth4_bal_AAAMAMMM,4,AAAMAMMM,46550,558600,0.5441397031148275,0.5505649447441101,0.5489993623324803,0.8632506527415144,0.8733681462140992,0.8730283029421636,1.0,0.0003,1.0,14410.88771891594
depth4_bal_AAAMAMMM,4,AAAMAMMM,46575,558900,0.5445720801750819,0.5874093770980835,0.5804480603763036,0.9141644908616188,0.8668407310704961,0.8809710258418167,1.0,0.0003,1.0,14419.083903312683
depth4_bal_AAAMAMMM,4,AAAMAMMM,46600,559200,0.9493208775917689,1.1299211184183757,1.1283609969275339,0.6018276762402088,0.4830287206266319,0.5003915426781519,1.0,0.0003,1.0,14427.283807754517
depth4_bal_AAAMAMMM,4,AAAMAMMM,46625,559500,0.9960488229990005,1.0630293289820354,1.0214460492134094,0.5554830287206266,0.5143603133159269,0.5445799306410113,1.0,0.0003,1.0,14435.471116065979
depth4_bal_AAAMAMMM,4,AAAMAMMM,46650,559800,0.7178343335787455,0.7738737463951111,0.7653134328978403,0.7137728459530026,0.6827676240208878,0.6932542790021256,1.0,0.0003,1.0,14443.520427942276
depth4_bal_AAAMAMMM,4,AAAMAMMM,46675,560100,0.9796172579129537,1.2467661301294963,1.1648130246571131,0.581266318537859,0.4804177545691906,0.5067680948651975,1.0,0.0003,1.0,14451.354650735855
depth4_bal_AAAMAMMM,4,AAAMAMMM,46700,560400,0.9251943081617355,0.8767183224360148,0.9026513423238481,0.6090078328981723,0.5861618798955613,0.5999552522653541,1.0,0.0003,1.0,14459.577942609787
depth4_bal_AAAMAMMM,4,AAAMAMMM,46725,560700,0.714910238981247,0.7190436522165934,0.7467451197760445,0.743798955613577,0.7219321148825065,0.7206622664727598,1.0,0.0003,1.0,14467.733049154282
depth4_bal_AAAMAMMM,4,AAAMAMMM,46750,561000,0.47559651732444763,0.48947030305862427,0.48575634445462906,0.9490861618798956,0.9530026109660574,0.9573777827497483,1.0,0.0003,1.0,14475.958516836166
depth4_bal_AAAMAMMM,4,AAAMAMMM,46775,561300,0.7605859587589899,0.7316612005233765,0.7061020374298096,0.6843994778067886,0.7284595300261096,0.7294999440653317,1.0,0.0003,1.0,14484.333546638489
depth4_bal_AAAMAMMM,4,AAAMAMMM,46800,561600,0.6919653962055842,0.761338492234548,0.7753506013325282,0.7601174934725848,0.720626631853786,0.6890032442107619,1.0,0.0003,1.0,14491.795891046524
depth4_bal_AAAMAMMM,4,AAAMAMMM,46825,561900,0.5901279747486115,0.6363871892293295,0.6322275979178292,0.8280026109660574,0.793733681462141,0.8026624902114331,1.0,0.0003,1.0,14500.073359489441
depth4_bal_AAAMAMMM,4,AAAMAMMM,46850,562200,0.7756925374269485,0.8154152631759644,0.8340833715030125,0.6752610966057441,0.6462140992167101,0.6321736212104262,1.0,0.0003,1.0,14508.057309150696
depth4_bal_AAAMAMMM,4,AAAMAMMM,46875,562500,0.7759276976188024,0.8251221378644308,0.8079465678759984,0.6739556135770235,0.6227154046997389,0.6391095200805459,1.0,0.0003,1.0,14516.459062814713
depth4_bal_AAAMAMMM,4,AAAMAMMM,46900,562800,0.8784937113523483,0.9218500256538391,0.8870113168443953,0.6292428198433421,0.577023498694517,0.6117015326099117,1.0,0.0003,1.0,14524.375467061996
depth4_bal_AAAMAMMM,4,AAAMAMMM,46925,563100,0.6418206791083018,0.7216342488924662,0.7383089763777596,0.7552219321148825,0.7180156657963447,0.7000783085356304,1.0,0.0003,1.0,14532.407717704773
depth4_bal_AAAMAMMM,4,AAAMAMMM,46950,563400,0.6338225702444712,0.7169725298881531,0.7284997514316014,0.7548955613577023,0.6997389033942559,0.6742364917776038,1.0,0.0003,1.0,14540.706233263016
depth4_bal_AAAMAMMM,4,AAAMAMMM,46975,563700,0.6385280887285868,0.627323587735494,0.6042064121791295,0.7607702349869452,0.7806788511749347,0.7897975165007272,1.0,0.0003,1.0,14549.078468084335
depth4_bal_AAAMAMMM,4,AAAMAMMM,47000,564000,0.8499542772769928,0.8756978710492452,0.8784114667347499,0.6266318537859008,0.6148825065274152,0.6216579035686318,1.0,0.0003,1.0,14557.57028055191
depth4_bal_AAAMAMMM,4,AAAMAMMM,47025,564300,0.6239882757266363,0.9228704571723938,0.9023097259657723,0.77088772845953,0.5744125326370757,0.5840698064660477,1.0,0.0003,1.0,14565.829600572586
depth4_bal_AAAMAMMM,4,AAAMAMMM,47050,564600,0.7364751150210699,0.7999978065490723,0.7910877738680159,0.7010443864229765,0.6723237597911227,0.6564492672558452,1.0,0.0003,1.0,14574.188331127167
depth4_bal_AAAMAMMM,4,AAAMAMMM,47075,564900,0.725212941567103,0.9128231604894003,0.8956238746643066,0.7059399477806788,0.5966057441253264,0.6056605884327106,1.0,0.0003,1.0,14582.544697761536
depth4_bal_AAAMAMMM,4,AAAMAMMM,47100,565200,0.6299983536203703,0.7871016462643942,0.7331630076680865,0.7513054830287206,0.6671018276762402,0.6907931535965992,1.0,0.0003,1.0,14590.944775342941
depth4_bal_AAAMAMMM,4,AAAMAMMM,47125,565500,0.6651409516731898,0.7103094657262167,0.7221192155565535,0.7516318537859008,0.7245430809399478,0.7206622664727598,1.0,0.0003,1.0,14599.144584417343
depth4_bal_AAAMAMMM,4,AAAMAMMM,47150,565800,0.662068580587705,0.6983322898546854,0.6600228037152972,0.7346605744125326,0.7114882506527415,0.7320729388074728,1.0,0.0003,1.0,14607.318828821182
depth4_bal_AAAMAMMM,4,AAAMAMMM,47175,566100,0.7504106412331263,0.754625121752421,0.7581454396247864,0.6932114882506527,0.6866840731070496,0.6874370734981542,1.0,0.0003,1.0,14615.0410592556
depth4_bal_AAAMAMMM,4,AAAMAMMM,47200,566400,0.6290181775887808,0.6982214649518331,0.6956206100327628,0.7721932114882507,0.720626631853786,0.7223403065219823,1.0,0.0003,1.0,14623.117341518402
depth4_bal_AAAMAMMM,4,AAAMAMMM,47225,566700,0.6585991183916727,0.7230600118637085,0.7328390513147627,0.768603133159269,0.7310704960835509,0.7183130104038483,1.0,0.0003,1.0,14631.288970708847
depth4_bal_AAAMAMMM,4,AAAMAMMM,47250,567000,0.5353599761923155,0.7171919147173563,0.7037999272346497,0.8439947780678851,0.6906005221932114,0.7020919565946974,1.0,0.0003,1.0,14639.432019233704
depth4_bal_AAAMAMMM,4,AAAMAMMM,47275,567300,1.1530648817618687,1.1790753205617268,1.095633740084512,0.5172976501305483,0.5182767624020888,0.5408882425327218,1.0,0.0003,1.0,14647.492956638336
depth4_bal_AAAMAMMM,4,AAAMAMMM,47300,567600,0.5724964439868927,0.5616002281506857,0.5540276782853263,0.8280026109660574,0.8485639686684073,0.8528918223514934,1.0,0.0003,1.0,14655.298380851746
depth4_bal_AAAMAMMM,4,AAAMAMMM,47325,567900,0.888907348116239,0.875994602839152,0.8510141236441476,0.6220626631853786,0.6057441253263708,0.6322854905470411,1.0,0.0003,1.0,14663.273272752762
depth4_bal_AAAMAMMM,4,AAAMAMMM,47350,568200,0.6946190794308981,0.7333236734072367,0.7052770444325038,0.7349869451697127,0.7323759791122716,0.7273744266696498,1.0,0.0003,1.0,14671.370779514313
depth4_bal_AAAMAMMM,4,AAAMAMMM,47375,568500,0.6634740084409714,0.6813971598943075,0.6755248648779733,0.7343342036553525,0.7180156657963447,0.7410224857366596,1.0,0.0003,1.0,14679.659922361374
depth4_bal_AAAMAMMM,4,AAAMAMMM,47400,568800,1.273342028260231,1.3049300114313762,1.3469710656574794,0.4872715404699739,0.4451697127937337,0.4301375992840362,1.0,0.0003,1.0,14687.713421344757
depth4_bal_AAAMAMMM,4,AAAMAMMM,47425,569100,1.026495690147082,1.023345947265625,1.078593853541783,0.5483028720626631,0.5365535248041775,0.532609911623224,1.0,0.0003,1.0,14696.107370615005
depth4_bal_AAAMAMMM,4,AAAMAMMM,47450,569400,0.6360452175140381,0.705943783124288,0.7007736546652658,0.7901436031331592,0.7075718015665796,0.7186486184136928,1.0,0.0003,1.0,14704.439858675003
depth4_bal_AAAMAMMM,4,AAAMAMMM,47475,569700,0.856754258275032,0.9030471642812093,0.9304121562412807,0.6406657963446475,0.6253263707571801,0.588544579930641,1.0,0.0003,1.0,14712.928366184235
depth4_bal_AAAMAMMM,4,AAAMAMMM,47500,570000,0.58551158507665,0.6154529452323914,0.6138251883643014,0.7940600522193212,0.7989556135770235,0.7823022709475332,1.0,0.0003,1.0,14721.225734949112
depth4_bal_AAAMAMMM,4,AAAMAMMM,47525,570300,0.5610980490843455,0.5847753286361694,0.5832736151559013,0.8508485639686684,0.8459530026109661,0.8394675019577134,1.0,0.0003,1.0,14729.662442445755
depth4_bal_AAAMAMMM,4,AAAMAMMM,47550,570600,0.5805012658238411,0.6637048721313477,0.6816518698419843,0.806135770234987,0.7362924281984334,0.7226759145318268,1.0,0.0003,1.0,14737.785613059998
depth4_bal_AAAMAMMM,4,AAAMAMMM,47575,570900,0.5672888855139414,0.5862447619438171,0.5848909599440438,0.918733681462141,0.912532637075718,0.9077077972927621,1.0,0.0003,1.0,14746.072201013565
depth4_bal_AAAMAMMM,4,AAAMAMMM,47600,571200,0.8414216687281927,0.8924386699994405,0.913727469103677,0.6462140992167101,0.608355091383812,0.593243092068464,1.0,0.0003,1.0,14754.188628435135
depth4_bal_AAAMAMMM,4,AAAMAMMM,47625,571500,1.1682399014631908,1.0496747493743896,1.0145059721810477,0.5283942558746736,0.5456919060052219,0.566953797963978,1.0,0.0003,1.0,14762.204745292664
depth4_bal_AAAMAMMM,4,AAAMAMMM,47650,571800,0.6957830439011256,0.6582717696825663,0.6603676659720285,0.7653394255874674,0.8211488250652742,0.8132900771898423,1.0,0.0003,1.0,14770.336203575134
depth4_bal_AAAMAMMM,4,AAAMAMMM,47675,572100,0.6965233931938807,0.8148850003878275,0.8222922001566205,0.7131201044386423,0.618798955613577,0.6234478129544692,1.0,0.0003,1.0,14778.63854932785
depth4_bal_AAAMAMMM,4,AAAMAMMM,47700,572400,0.49611541628837585,0.5456465482711792,0.5382025292941502,0.9275456919060052,0.8864229765013055,0.897639556997427,1.0,0.0003,1.0,14786.983773469925
depth4_bal_AAAMAMMM,4,AAAMAMMM,47725,572700,0.6918767640988032,0.856439491113027,0.8694646801267352,0.7216057441253264,0.643603133159269,0.6090166685311557,1.0,0.0003,1.0,14795.190937757492
depth4_bal_AAAMAMMM,4,AAAMAMMM,47750,573000,0.9700051993131638,0.838618536790212,0.8254130721092224,0.5763707571801566,0.6240208877284595,0.6348584852891822,1.0,0.0003,1.0,14803.534090995789
depth4_bal_AAAMAMMM,4,AAAMAMMM,47775,573300,0.7806049684683481,0.8246666789054871,0.7859863298279899,0.6752610966057441,0.6566579634464752,0.6694261103031659,1.0,0.0003,1.0,14811.56722855568
depth4_bal_AAAMAMMM,4,AAAMAMMM,47800,573600,0.5185959537823995,0.5404037038485209,0.5502238648278373,0.8449738903394256,0.8420365535248042,0.8227989708021032,1.0,0.0003,1.0,14819.138761758804
depth4_bal_AAAMAMMM,4,AAAMAMMM,47825,573900,1.1175511330366135,1.0497690240542095,1.0573185307638986,0.5411227154046997,0.5221932114882507,0.5322743036133796,1.0,0.0003,1.0,14822.134654045105
depth4_bal_AAAMAMMM,4,AAAMAMMM,47850,574200,0.5636614908774694,0.584650993347168,0.5899025644574847,0.8681462140992167,0.8681462140992167,0.8556885557668643,1.0,0.0003,1.0,14825.23281621933
depth4_bal_AAAMAMMM,4,AAAMAMMM,47875,574500,0.5602535928289095,0.5886157552401224,0.6078327587672643,0.8280026109660574,0.7950391644908616,0.7768206734534064,1.0,0.0003,1.0,14831.742874145508
depth4_bal_AAAMAMMM,4,AAAMAMMM,47900,574800,0.5780990322430929,0.6949366927146912,0.6745046768869672,0.8701044386422977,0.7349869451697127,0.7603758809710258,1.0,0.0003,1.0,14839.98328614235
depth4_bal_AAAMAMMM,4,AAAMAMMM,47925,575100,0.5867317318916321,0.6349532802899679,0.6142637133598328,0.8015665796344648,0.7676240208877284,0.7845396576798299,1.0,0.0003,1.0,14847.865851640701
depth4_bal_AAAMAMMM,4,AAAMAMMM,47950,575400,0.529207577308019,0.5903423428535461,0.569672645841326,0.8446475195822454,0.8028720626631853,0.8071372636760265,1.0,0.0003,1.0,14856.296172142029
depth4_bal_AAAMAMMM,4,AAAMAMMM,47975,575700,0.792946974436442,0.7249321341514587,0.7399371709142413,0.6563315926892951,0.7180156657963447,0.6975053137934892,1.0,0.0003,1.0,14864.609039783478
depth4_bal_AAAMAMMM,4,AAAMAMMM,48000,576000,0.6675578057765961,0.6903988917668661,0.6798042263303484,0.816579634464752,0.7872062663185379,0.8037811835775814,1.0,0.0003,1.0,14872.903940439224
depth4_bal_AAAMAMMM,4,AAAMAMMM,48025,576300,0.565677617986997,0.6943137049674988,0.6802791271890912,0.8204960835509139,0.7114882506527415,0.7066785993959056,1.0,0.0003,1.0,14876.167579650879
depth4_bal_AAAMAMMM,4,AAAMAMMM,48050,576600,0.6002927323182424,0.6032934188842773,0.6081162350518363,0.8573759791122716,0.8642297650130548,0.8517731289853451,1.0,0.0003,1.0,14882.741186141968
depth4_bal_AAAMAMMM,4,AAAMAMMM,48075,576900,0.6034248322248459,0.657521645228068,0.6361358727727617,0.7924281984334204,0.7558746736292428,0.759592795614722,1.0,0.0003,1.0,14890.977343797684
depth4_bal_AAAMAMMM,4,AAAMAMMM,48100,577200,0.7190796335538229,0.7598160902659098,0.7661509139197213,0.7101827676240209,0.7023498694516971,0.6960510124174963,1.0,0.0003,1.0,14899.359760522842
depth4_bal_AAAMAMMM,4,AAAMAMMM,48125,577500,0.6596431235472361,0.826147218545278,0.8202826125281197,0.7604438642297651,0.6240208877284595,0.6372077413580938,1.0,0.0003,1.0,14907.787954807281
depth4_bal_AAAMAMMM,4,AAAMAMMM,48150,577800,0.5200397248069445,0.565822184085846,0.5569921272141592,0.8903394255874674,0.8511749347258486,0.8580378118357758,1.0,0.0003,1.0,14916.191968679428
depth4_bal_AAAMAMMM,4,AAAMAMMM,48175,578100,0.6736870954434077,0.7313688000043234,0.7179567422185625,0.7330287206266318,0.7049608355091384,0.7119364582168027,1.0,0.0003,1.0,14924.560481786728
depth4_bal_AAAMAMMM,4,AAAMAMMM,48200,578400,0.6572911938031515,0.8560473720232645,0.8205885784966606,0.77088772845953,0.6031331592689295,0.6299362344781295,1.0,0.0003,1.0,14932.9455742836
depth4_bal_AAAMAMMM,4,AAAMAMMM,48225,578700,0.7292010386784872,0.7943614522616068,0.7848115478243146,0.7056135770234987,0.6618798955613577,0.6631614274527352,1.0,0.0003,1.0,14941.436643123627
depth4_bal_AAAMAMMM,4,AAAMAMMM,48250,579000,0.5886802226305008,0.5756475329399109,0.5848616038049971,0.783289817232376,0.804177545691906,0.7870007830853563,1.0,0.0003,1.0,14949.806578159332
depth4_bal_AAAMAMMM,4,AAAMAMMM,48275,579300,0.5806002269188563,0.6332677801450094,0.6189322148050581,0.8074412532637075,0.7650130548302873,0.7805123615616959,1.0,0.0003,1.0,14958.168907642365
depth4_bal_AAAMAMMM,4,AAAMAMMM,48300,579600,0.8676783641179403,0.851084570089976,0.8416793755122594,0.6364229765013055,0.6214099216710183,0.6367602640116344,1.0,0.0003,1.0,14966.510507583618
depth4_bal_AAAMAMMM,4,AAAMAMMM,48325,579900,0.6873669624328613,0.8204651474952698,0.8026744672230312,0.733355091383812,0.6462140992167101,0.6633851661259649,1.0,0.0003,1.0,14974.996145248413
depth4_bal_AAAMAMMM,4,AAAMAMMM,48350,580200,0.6798942138751348,0.6821706692377726,0.6703674571854727,0.741514360313316,0.7480417754569191,0.7688779505537532,1.0,0.0003,1.0,14983.253670692444
depth4_bal_AAAMAMMM,4,AAAMAMMM,48375,580500,0.5815411036213239,0.7325149774551392,0.7420425023351397,0.7953655352480418,0.6919060052219321,0.6732296677480702,1.0,0.0003,1.0,14990.957302808762
depth4_bal_AAAMAMMM,4,AAAMAMMM,48400,580800,0.7715171575546265,0.737989584604899,0.725429253918784,0.6873368146214099,0.6840731070496083,0.6877726815079986,1.0,0.0003,1.0,14997.872129678726
depth4_bal_AAAMAMMM,4,AAAMAMMM,48425,581100,1.018465186158816,0.7937535444895426,0.8080910750797816,0.5711488250652742,0.6370757180156658,0.6488421523660365,1.0,0.0003,1.0,15005.975464105606
depth4_bal_AAAMAMMM,4,AAAMAMMM,48450,581400,0.46018695334593457,0.4880698025226593,0.4773737907409668,0.9657310704960835,0.9516971279373369,0.9502181452063989,1.0,0.0003,1.0,15014.122009515762
depth4_bal_AAAMAMMM,4,AAAMAMMM,48475,581700,0.9775464683771133,1.0099135637283325,1.012914093903133,0.5825718015665796,0.556135770234987,0.5226535406645039,1.0,0.0003,1.0,15022.21482038498
depth4_bal_AAAMAMMM,4,AAAMAMMM,48500,582000,0.6744329979022344,0.6209974487622579,0.6189697180475507,0.7679503916449086,0.8302872062663186,0.8314129097214453,1.0,0.0003,1.0,15030.438611507416
depth4_bal_AAAMAMMM,4,AAAMAMMM,48525,582300,0.8225408097108206,0.9085188905398051,0.9227498463221959,0.6671018276762402,0.6031331592689295,0.5944736547712272,1.0,0.0003,1.0,15038.764803886414
depth4_bal_AAAMAMMM,4,AAAMAMMM,48550,582600,0.5694495191176733,0.6003351211547852,0.5939513989857265,0.8051566579634465,0.7872062663185379,0.7938248126188612,1.0,0.0003,1.0,15047.004343271255
depth4_bal_AAAMAMMM,4,AAAMAMMM,48575,582900,0.48470985641082126,0.5463213920593262,0.542286479473114,0.9056788511749347,0.8616187989556136,0.8609464145877614,1.0,0.0003,1.0,15055.310139656067
depth4_bal_AAAMAMMM,4,AAAMAMMM,48600,583200,0.5196971992651621,0.5270406603813171,0.5238551361220224,0.922976501305483,0.9203655352480418,0.9252712831412909,1.0,0.0003,1.0,15063.851799249649
depth4_bal_AAAMAMMM,4,AAAMAMMM,48625,583500,0.5231465771794319,0.5481093923250834,0.5291959370885576,0.8831592689295039,0.8590078328981723,0.8891374874146997,1.0,0.0003,1.0,15072.058570861816
depth4_bal_AAAMAMMM,4,AAAMAMMM,48650,583800,0.7077652712663015,0.6676534016927084,0.6626340235982623,0.7780678851174935,0.8263707571801566,0.8408099339970914,1.0,0.0003,1.0,15080.248314857483
depth4_bal_AAAMAMMM,4,AAAMAMMM,48675,584100,0.7142219791809717,0.6800302863121033,0.6789333394595555,0.7366187989556136,0.7728459530026109,0.7678711265242197,1.0,0.0003,1.0,15088.232492923737
depth4_bal_AAAMAMMM,4,AAAMAMMM,48700,584400,0.8161865671475729,0.9388561447461446,0.9388876710619245,0.6569843342036553,0.597911227154047,0.5883208412574114,1.0,0.0003,1.0,15096.393201112747
depth4_bal_AAAMAMMM,4,AAAMAMMM,48725,584700,0.6215112432837486,0.5699214537938436,0.5750681587627956,0.7630548302872062,0.8198433420365535,0.8051236156169594,1.0,0.0003,1.0,15104.703483343124
depth4_bal_AAAMAMMM,4,AAAMAMMM,48750,585000,0.5666674971580505,0.5949266155560812,0.5862009508269174,0.8348563968668408,0.8185378590078329,0.8220158854457993,1.0,0.0003,1.0,15112.84390950203
depth4_bal_AAAMAMMM,4,AAAMAMMM,48775,585300,0.8101100474596024,0.8754488627115885,0.8833423222814287,0.6537206266318538,0.6305483028720626,0.6309430585076631,1.0,0.0003,1.0,15121.117737293243
depth4_bal_AAAMAMMM,4,AAAMAMMM,48800,585600,0.9637281447649002,1.1073294083277385,1.1683172600609915,0.5851827676240209,0.5,0.4829399261662378,1.0,0.0003,1.0,15129.506293296814
depth4_bal_AAAMAMMM,4,AAAMAMMM,48825,585900,0.5411064500610033,0.5900132258733114,0.5953786730766296,0.8413838120104439,0.8080939947780679,0.7941604206287056,1.0,0.0003,1.0,15137.843502759933
depth4_bal_AAAMAMMM,4,AAAMAMMM,48850,586200,0.587803249557813,0.6500008503595988,0.6465797713824681,0.8998041775456919,0.839425587467363,0.8308535630383712,1.0,0.0003,1.0,15146.086827516556
depth4_bal_AAAMAMMM,4,AAAMAMMM,48875,586500,0.571544423699379,0.583296000957489,0.571311114515577,0.8521540469973891,0.8485639686684073,0.857254726479472,1.0,0.0003,1.0,15154.202646255493
depth4_bal_AAAMAMMM,4,AAAMAMMM,48900,586800,0.6558653861284256,0.7180748581886292,0.7247052720614842,0.7640339425587467,0.7101827676240209,0.711824588880188,1.0,0.0003,1.0,15162.098348855972
depth4_bal_AAAMAMMM,4,AAAMAMMM,48925,587100,0.524308497707049,0.5911721189816793,0.5892681871141706,0.8492167101827677,0.804177545691906,0.8005369728157512,1.0,0.0003,1.0,15170.130675315857
depth4_bal_AAAMAMMM,4,AAAMAMMM,48950,587400,0.5081601738929749,0.5326878428459167,0.5245305495602745,0.8550913838120104,0.8302872062663186,0.8424879740463139,1.0,0.0003,1.0,15178.489921808243
depth4_bal_AAAMAMMM,4,AAAMAMMM,48975,587700,0.6893632163604101,1.062521497408549,0.9893799151693071,0.7242167101827677,0.5339425587467362,0.5563262109855689,1.0,0.0003,1.0,15186.705199480057
depth4_bal_AAAMAMMM,4,AAAMAMMM,49000,588000,0.6156828155120214,0.644916812578837,0.6415496366364616,0.7790469973890339,0.758485639686684,0.7652981317820785,1.0,0.0003,1.0,15194.9154586792
depth4_bal_AAAMAMMM,4,AAAMAMMM,49025,588300,0.6184898614883423,0.6624912222226461,0.6329996909414018,0.7810052219321149,0.7532637075718016,0.7762613267703322,1.0,0.0003,1.0,15203.120185613632
depth4_bal_AAAMAMMM,4,AAAMAMMM,49050,588600,0.586585134267807,0.5946963230768839,0.585755659852709,0.8903394255874674,0.8955613577023499,0.9007718984226424,1.0,0.0003,1.0,15211.445291280746
depth4_bal_AAAMAMMM,4,AAAMAMMM,49075,588900,0.46391450117031735,0.471232533454895,0.4675897019250052,0.9445169712793734,0.9556135770234987,0.9535742253048439,1.0,0.0003,1.0,15219.925020694733
depth4_bal_AAAMAMMM,4,AAAMAMMM,49100,589200,0.6098377108573914,0.6731048822402954,0.6471532940864563,0.7659921671018277,0.7232375979112271,0.7393444456874371,1.0,0.0003,1.0,15228.326101779938
depth4_bal_AAAMAMMM,4,AAAMAMMM,49125,589500,0.48801011343797046,0.5475675264994303,0.5445172854832241,0.875,0.8224543080939948,0.8267143975836223,1.0,0.0003,1.0,15236.324806213379
depth4_bal_AAAMAMMM,4,AAAMAMMM,49150,589800,0.8285294572512308,0.9172319769859314,0.9485653928347997,0.6599216710182768,0.6331592689295039,0.6265801543796845,1.0,0.0003,1.0,15244.669077157974
depth4_bal_AAAMAMMM,4,AAAMAMMM,49175,590100,0.7137274146080017,0.6997279127438863,0.7009317176682609,0.7216057441253264,0.7310704960835509,0.7235708692247454,1.0,0.0003,1.0,15252.891683340073
depth4_bal_AAAMAMMM,4,AAAMAMMM,49200,590400,0.7753824889659882,0.7150655388832092,0.7040078776223319,0.6697127937336814,0.7193211488250653,0.7267032106499608,1.0,0.0003,1.0,15261.119271993637
depth4_bal_AAAMAMMM,4,AAAMAMMM,49225,590700,0.574014017979304,0.6465059916178385,0.6149074486323766,0.8162532637075718,0.762402088772846,0.7908043405302606,1.0,0.0003,1.0,15269.32796883583
depth4_bal_AAAMAMMM,4,AAAMAMMM,49250,591000,0.5560312618811926,0.5523895223935446,0.5495478936604091,0.8831592689295039,0.9086161879895561,0.9083790133124511,1.0,0.0003,1.0,15277.643189430237
depth4_bal_AAAMAMMM,4,AAAMAMMM,49275,591300,0.8271206418673197,0.9558832844098409,0.9032953807285854,0.6501305483028721,0.5548302872062664,0.5926837453853898,1.0,0.0003,1.0,15285.890175580978
depth4_bal_AAAMAMMM,4,AAAMAMMM,49300,591600,0.7367820044358572,0.9849605560302734,0.9407223088400705,0.6870104438642297,0.6201044386422977,0.608121713838237,1.0,0.0003,1.0,15294.15553188324
depth4_bal_AAAMAMMM,4,AAAMAMMM,49325,591900,0.9698957949876785,0.8377832372983297,0.8364683491843087,0.6028067885117493,0.639686684073107,0.6544356191967782,1.0,0.0003,1.0,15302.418511390686
depth4_bal_AAAMAMMM,4,AAAMAMMM,49350,592200,0.6104181657234827,0.8345978260040283,0.836365807056427,0.7682767624020888,0.6305483028720626,0.620203602192639,1.0,0.0003,1.0,15309.985103845596
depth4_bal_AAAMAMMM,4,AAAMAMMM,49375,592500,0.5768121307094892,0.5394611756006876,0.5376980423927307,0.8453002610966057,0.9046997389033943,0.9031211544915538,1.0,0.0003,1.0,15318.234004020691
depth4_bal_AAAMAMMM,4,AAAMAMMM,49400,592800,0.4950229873259862,0.5599979956944784,0.5534182105745588,0.8988250652741514,0.8472584856396866,0.840362456650632,1.0,0.0003,1.0,15326.627900123596
depth4_bal_AAAMAMMM,4,AAAMAMMM,49425,593100,0.5509355912605921,0.717187762260437,0.7026967661721366,0.825065274151436,0.6840731070496083,0.6980646604765633,1.0,0.0003,1.0,15334.897880792618
depth4_bal_AAAMAMMM,4,AAAMAMMM,49450,593400,0.8156411151091257,1.0371375878651936,0.9903207983289446,0.6595953002610966,0.5522193211488251,0.5601297684304732,1.0,0.0003,1.0,15343.098095655441
depth4_bal_AAAMAMMM,4,AAAMAMMM,49475,593700,0.7476056863864263,0.9728191296259562,0.9429109726633345,0.700065274151436,0.5339425587467362,0.5658351045978297,1.0,0.0003,1.0,15351.298726558685
depth4_bal_AAAMAMMM,4,AAAMAMMM,49500,594000,0.7234028031428655,0.8009686470031738,0.7915747897965567,0.7372715404699739,0.7114882506527415,0.6911287616064437,1.0,0.0003,1.0,15359.532277584076
depth4_bal_AAAMAMMM,4,AAAMAMMM,49525,594300,0.6313754667838415,0.8095088005065918,0.8056079540933881,0.7692558746736292,0.639686684073107,0.6357534399821009,1.0,0.0003,1.0,15367.677598237991
depth4_bal_AAAMAMMM,4,AAAMAMMM,49550,594600,0.8748222092787424,0.8282987078030905,0.7928248643875122,0.6295691906005222,0.6383812010443864,0.6603646940373643,1.0,0.0003,1.0,15375.574306964874
depth4_bal_AAAMAMMM,4,AAAMAMMM,49575,594900,0.7614084333181381,1.0564772288004558,0.9779339381626674,0.6935378590078329,0.5718015665796344,0.5869784092180333,1.0,0.0003,1.0,15383.87732553482
depth4_bal_AAAMAMMM,4,AAAMAMMM,49600,595200,0.5515860294302305,0.5606335401535034,0.588687092917306,0.8090731070496083,0.8159268929503917,0.7934892046090166,1.0,0.0003,1.0,15392.345936775208
depth4_bal_AAAMAMMM,4,AAAMAMMM,49625,595500,0.818092460433642,0.8964093923568726,0.8366730741092137,0.6599216710182768,0.6096605744125326,0.6362009173285602,1.0,0.0003,1.0,15400.936044454575
depth4_bal_AAAMAMMM,4,AAAMAMMM,49650,595800,0.6767282038927078,0.7258946498235067,0.7196340084075927,0.7568537859007833,0.7336814621409922,0.7184248797404631,1.0,0.0003,1.0,15409.362285852432
depth4_bal_AAAMAMMM,4,AAAMAMMM,49675,596100,0.8710134973128637,1.0100455284118652,1.0322175094059536,0.6266318537859008,0.5195822454308094,0.5263452287727933,1.0,0.0003,1.0,15417.625632286072
depth4_bal_AAAMAMMM,4,AAAMAMMM,49700,596400,0.5418340613444647,0.5535070697466532,0.5719781977789743,0.8237597911227154,0.8328981723237598,0.8128425998433829,1.0,0.0003,1.0,15425.822562217712
depth4_bal_AAAMAMMM,4,AAAMAMMM,49725,596700,0.5997168173392614,0.6246737241744995,0.6203675644738333,0.868798955613577,0.8616187989556136,0.8513256516388857,1.0,0.0003,1.0,15434.155358552933
depth4_bal_AAAMAMMM,4,AAAMAMMM,49750,597000,0.8883178432782491,0.9288370807965597,0.9076246227536883,0.6106396866840731,0.5953002610966057,0.5978297348696722,1.0,0.0003,1.0,15442.407734155655
depth4_bal_AAAMAMMM,4,AAAMAMMM,49775,597300,0.5629322578509649,0.5702154040336609,0.5664935571806772,0.8459530026109661,0.839425587467363,0.8488645262333594,1.0,0.0003,1.0,15450.169655323029
depth4_bal_AAAMAMMM,4,AAAMAMMM,49800,597600,0.6603681196769079,0.7020005186398824,0.6825746859822954,0.7513054830287206,0.685378590078329,0.7051124286832979,1.0,0.0003,1.0,15458.387001514435
depth4_bal_AAAMAMMM,4,AAAMAMMM,49825,597900,0.9588803946971893,0.9343892534573873,0.9594851749283927,0.5773498694516971,0.5822454308093995,0.5727710034679494,1.0,0.0003,1.0,15466.723144054413
depth4_bal_AAAMAMMM,4,AAAMAMMM,49850,598200,0.7778334220250448,0.7163099050521851,0.7148496985435486,0.6814621409921671,0.7349869451697127,0.7199910504530708,1.0,0.0003,1.0,15474.98033118248
depth4_bal_AAAMAMMM,4,AAAMAMMM,49875,598500,0.6126257628202438,0.7664428949356079,0.7473306945392064,0.7679503916449086,0.6566579634464752,0.663944512809039,1.0,0.0003,1.0,15483.352200508118
depth4_bal_AAAMAMMM,4,AAAMAMMM,49900,598800,1.3192347536484401,1.1203680435816448,1.1496438707624164,0.4804177545691906,0.47780678851174935,0.4924488197784987,1.0,0.0003,1.0,15491.657123088837
depth4_bal_AAAMAMMM,4,AAAMAMMM,49925,599100,0.5416185955206553,0.5466581980387369,0.5313868769577571,0.8433420365535248,0.8577023498694517,0.8649737107058955,1.0,0.0003,1.0,15500.037386417389
depth4_bal_AAAMAMMM,4,AAAMAMMM,49950,599400,0.9181500474611918,0.8943571845690409,0.8980088710784913,0.6086814621409922,0.5913838120104439,0.5903344893164784,1.0,0.0003,1.0,15508.355162143707
depth4_bal_AAAMAMMM,4,AAAMAMMM,49975,599700,0.6232100253303846,0.706469734509786,0.7173685942377362,0.766644908616188,0.7023498694516971,0.7077972927620539,1.0,0.0003,1.0,15516.750228404999
depth4_bal_AAAMAMMM,4,AAAMAMMM,50000,600000,0.7590511292219162,0.76841272910436,0.7766788295337133,0.7052872062663186,0.7049608355091384,0.691576238952903,1.0,0.0003,1.0,15525.178894996643
